timestamp,ignition,speed,rpm,throttle,brake,fuel_level,fuel_cons,distance,range,oil_temp,esp,rear_gear
14558,1,0,0,0,166,0,168140.44,149786,2236,0,0,0
14741,1,0,0,0,203,0,168140.44,149786,2236,15,0,0
14791,1,0,0,0,202,0,168140.44,149786,2236,15,0,0
14983,1,0,128,0,204,0,168140.44,149786,2236,15,0,0
15091,1,0,160,0,204,0,168140.44,149786,2236,15,0,0
15203,1,0,224,0,204,0,168140.44,149786,2236,15,0,0
15258,1,0,228,0,204,0,168140.44,149786,2236,15,0,0
15413,1,0,228,0,206,0,168140.44,149786,2236,15,0,0
15558,1,0,1072,0,208,0,168140.44,149786,2236,15,0,0
15683,1,0,1410,0,210,37,168140.44,149786,2236,15,0,0
15791,1,0,1545,0,234,37,168140.44,149786,2236,15,0,0
15926,1,0,1545,0,234,37,168140.44,149786,2236,15,0,0
16041,1,0,1484,0,288,37,168140.44,149786,2236,15,0,0
16158,1,0,1442,0,310,37,168140.44,149786,2236,15,0,0
16258,1,0,1397,0,326,37,168140.44,149786,2236,15,0,0
16283,1,0,1397,0,332,37,168140.44,149786,2236,15,0,0
16492,1,0,1403,0,342,37,168141.47,149786,188,15,0,0
16591,1,0,1357,0,360,37,168141.47,149786,188,15,0,0
16741,1,0,1353,0,384,37,168141.47,149786,188,15,0,0
16758,1,0,1353,0,384,37,168141.47,149786,188,15,0,0
16958,1,0,1380,0,408,37,168141.47,149786,188,15,0,0
17091,1,0,1329,0,500,37,168141.47,149786,188,15,0,0
17203,1,0,1352,0,550,37,168141.47,149786,188,15,0,0
17291,1,0,1359,0,578,37,168141.47,149786,188,15,0,0
17441,1,0,1348,0,578,37,168141.47,149786,188,15,0,0
17558,1,0,1356,0,578,37,168141.47,149786,188,15,0,0
17658,1,0,1368,0,588,37,168142.52,149786,188,15,0,0
17783,1,0,1315,0,592,37,168142.52,149786,188,15,0,0
17783,1,0,1315,0,592,37,168142.52,149786,188,15,0,0
17991,1,0,1364,0,578,37,168142.52,149786,188,15,0,0
18142,1,0,1359,0,576,37,168142.52,149786,188,15,0,0
18241,1,0,1355,0,572,37,168142.52,149786,188,15,0,0
18259,1,0,1355,0,572,37,168142.52,149786,188,15,0,0
18483,1,0,1347,0,558,37,168142.52,149786,188,15,0,0
18591,1,0,1347,0,540,37,168142.52,149786,188,15,0,0
18703,1,0,1375,0,480,37,168143.55,149786,188,15,0,0
18791,1,0,1372,0,428,37,168143.55,149786,188,15,0,0
18791,1,0,1372,0,428,37,168143.55,149786,188,15,0,0
19058,1,0,1359,0,388,37,168143.55,149786,188,15,0,0
19158,1,0,1359,0,382,37,168143.55,149786,188,15,0,0
19283,1,0,1356,0,370,37,168143.55,149786,188,15,0,0
19283,1,0,1356,0,370,37,168143.55,149786,188,15,0,0
19533,1,0,1354,0,306,37,168143.55,149786,188,15,0,0
19641,1,0,1316,0,238,37,168143.55,149786,188,15,0,0
19758,1,0,1375,0,160,37,168144.59,149786,188,15,0,0
19791,1,0,1343,0,96,37,168144.59,149786,188,15,0,0
19958,1,0,1341,0,96,37,168144.59,149786,188,15,0,0
20091,1,0,1347,0,0,37,168144.59,149786,188,15,0,0
20203,1,0,1318,0,0,37,168144.59,149786,188,15,0,0
20291,1,0,1348,0,0,37,168144.59,149786,188,15,0,0
20441,1,0,1341,0,0,37,168144.59,149786,188,15,0,0
20558,1,0,1337,0,0,37,168144.59,149786,188,15,0,0
20683,1,0,1334,0,0,37,168144.59,149786,188,15,0,0
20791,1,0,1270,0,0,37,168144.59,149786,188,15,0,0
20923,1,0,1237,0,0,37,168145.62,149786,188,15,0,0
21041,1,0,1144,0,0,37,168145.62,149786,188,15,0,0
21141,1,0,1108,0,0,37,168145.62,149786,188,15,0,0
21258,1,0,1126,0,0,37,168145.62,149786,188,15,0,0
21326,1,0,1126,0,0,37,168145.62,149786,188,15,0,0
21491,1,0,1182,0,0,37,168145.62,149786,188,15,0,0
21591,1,2,1193,0,0,37,168145.62,149786,188,15,0,0
21703,1,3,1187,0,0,37,168145.62,149786,188,15,0,0
21791,1,3,1157,0,0,37,168146.64,149786,188,15,0,0
21958,1,4,1152,0,0,37,168146.64,149786,188,15,0,0
22073,1,5,1134,0,0,37,168146.64,149786,188,15,0,0
22191,1,5,1174,0,0,37,168146.64,149786,188,15,0,0
22291,1,5,1235,0,0,37,168146.64,149786,188,15,0,0
22291,1,5,1235,0,0,37,168146.64,149786,188,15,0,0
22541,1,5,1271,0,0,37,168146.64,149786,188,15,0,0
22657,1,6,1194,0,0,37,168146.64,149786,188,15,0,0
22783,1,6,1199,0,0,37,168146.64,149786,188,15,0,0
22834,1,6,1263,0,0,37,168146.64,149786,188,15,0,0
22998,1,6,1252,0,0,37,168146.64,149786,188,15,0,0
23091,1,6,1262,0,0,37,168147.67,149786,188,15,0,0
23241,1,6,1230,0,0,37,168147.67,149786,188,15,0,0
23291,1,6,1230,0,0,37,168147.67,149786,188,15,0,0
23444,1,6,1235,0,0,37,168147.67,149786,188,15,0,0
23583,1,5,1562,147,0,37,168147.67,149786,188,15,0,0
23703,1,5,2206,202,0,37,168147.67,149786,188,15,0,0
23791,1,5,2836,182,0,37,168147.67,149786,188,15,0,0
23946,1,5,3110,92,0,37,168148.77,149786,188,15,0,0
24057,1,5,3346,0,0,37,168148.77,149786,188,15,0,0
24158,1,4,3124,0,0,37,168148.77,149786,188,15,0,0
24291,1,4,2786,0,0,37,168148.77,149786,188,15,0,0
24291,1,4,2786,0,0,37,168148.77,149786,188,15,0,0
24541,1,4,2366,0,0,37,168149.78,149786,188,15,0,0
24644,1,4,2147,0,0,37,168149.78,149786,188,15,0,0
24757,1,4,1950,0,0,37,168149.78,149786,188,15,0,0
24791,1,4,1854,0,0,37,168149.78,149786,188,15,0,0
24997,1,4,1689,0,0,37,168149.78,149786,188,15,0,0
25091,1,4,1555,0,0,37,168149.78,149786,188,15,0,0
25203,1,4,1460,0,0,37,168149.78,149786,188,15,0,0
25291,1,4,1397,0,0,37,168149.78,149786,188,15,0,0
25444,1,4,1412,0,0,37,168149.78,149786,188,15,0,0
25572,1,4,1421,0,0,37,168149.78,149786,188,15,0,0
25691,1,4,1426,0,0,37,168149.78,149786,188,15,0,0
25791,1,3,1367,0,0,37,168149.78,149786,188,15,0,0
25791,1,3,1367,0,0,37,168149.78,149786,188,15,0,0
26041,1,3,1279,0,0,37,168149.78,149786,188,15,0,0
26157,1,3,1236,0,0,37,168149.78,149786,188,15,0,0
26282,1,2,1229,0,0,37,168149.78,149786,188,15,0,0
26299,1,2,1261,0,0,37,168149.78,149786,188,15,0,0
26491,1,0,1206,0,0,37,168149.78,149786,188,15,0,0
26591,1,0,1131,0,0,37,168150.78,149786,188,15,0,0
26741,1,0,1114,0,0,37,168150.78,149786,188,15,0,0
26791,1,0,1114,0,0,37,168150.78,149786,188,15,0,0
26970,1,0,998,10,0,37,168150.78,149786,188,15,0,0
27082,1,0,1039,19,0,37,168150.78,149786,188,15,0,0
27191,1,0,1065,34,0,37,168150.78,149786,188,15,0,0
27291,1,3,1076,40,0,37,168150.78,149786,188,15,0,0
27432,1,3,1006,41,0,37,168150.78,149786,188,15,0,0
27582,1,6,857,41,0,37,168151.84,149786,188,16,0,0
27691,1,6,825,59,0,37,168151.84,149786,188,16,0,0
27791,1,6,913,62,0,37,168151.84,149786,188,16,0,0
27944,1,6,977,62,0,37,168151.84,149786,188,16,0,0
28057,1,7,1022,62,0,37,168151.84,149786,188,16,0,0
28157,1,7,1120,62,0,37,168151.84,149786,188,16,0,0
28291,1,8,1071,62,0,37,168151.84,149786,188,16,0,0
28291,1,8,1071,62,0,37,168151.84,149786,188,16,0,0
28532,1,8,1166,61,0,37,168152.89,149786,188,16,0,0
28644,1,8,1209,61,0,37,168152.89,149786,188,16,0,0
28757,1,9,1245,60,0,37,168152.89,149786,188,16,0,0
28791,1,9,1277,60,0,37,168152.89,149786,188,16,0,0
28994,1,8,1260,60,0,37,168152.89,149786,188,16,0,0
29091,1,9,1189,58,0,37,168152.89,149786,188,16,0,0
29203,1,9,1257,56,0,37,168152.89,149786,188,16,0,0
29304,1,9,1272,56,0,37,168153.95,149786,188,16,0,0
29455,1,9,1263,56,0,37,168153.95,149786,188,16,0,0
29572,1,9,1329,50,0,37,168153.95,149786,188,16,0,0
29682,1,9,1289,40,0,37,168153.95,149786,188,16,0,0
29791,1,9,1307,40,0,37,168153.95,149786,188,16,0,0
29917,1,9,1307,40,0,37,168153.95,149786,188,16,0,0
30042,1,9,1328,40,0,37,168153.95,149786,188,17,0,0
30141,1,9,1327,40,0,37,168153.95,149786,188,17,0,0
30241,1,9,1326,40,0,37,168153.95,149786,188,17,0,0
30291,1,9,1326,40,0,37,168153.95,149786,188,17,0,0
30491,1,9,1307,40,0,37,168155.00,149786,188,17,0,0
30591,1,9,1257,37,0,37,168155.00,149786,188,17,0,0
30702,1,9,1223,36,0,37,168155.00,149786,188,17,0,0
30834,1,9,1252,38,0,37,168155.00,149786,188,17,0,0
30957,1,9,1251,38,0,37,168155.00,149786,188,17,0,0
31072,1,9,1284,38,0,37,168155.00,149786,188,17,0,0
31191,1,9,1249,36,0,37,168155.00,149786,188,17,0,0
31292,1,8,1279,33,0,37,168155.00,149786,188,17,0,0
31432,1,8,1279,1,0,37,168155.00,149786,188,17,0,0
31541,1,9,1252,0,0,37,168156.02,149786,188,17,0,0
31657,1,9,1190,0,0,37,168156.02,149786,188,17,0,0
31782,1,8,1179,0,40,37,168156.02,149786,188,17,0,0
31791,1,8,1179,0,40,37,168156.02,149786,188,17,0,0
31992,1,8,1126,0,78,37,168156.02,149786,188,17,0,0
32091,1,7,1172,0,128,37,168156.02,149786,188,17,0,0
32241,1,6,1177,0,120,37,168156.02,149786,188,17,0,0
32302,1,6,1177,0,66,37,168156.02,149786,188,17,0,0
32467,1,5,1180,0,66,37,168156.02,149786,188,18,0,0
32591,1,4,1122,0,46,37,168156.02,149786,188,18,0,0
32702,1,4,1124,0,48,37,168156.02,149786,188,18,0,0
32791,1,3,1127,0,86,37,168156.02,149786,188,18,0,0
32941,1,3,1126,0,86,37,168156.02,149786,188,18,0,0
33041,1,0,1128,0,124,37,168156.02,149786,188,18,0,0
33157,1,0,1162,0,156,37,168156.02,149786,188,18,0,0
33282,1,0,1200,0,410,37,168156.02,149786,188,18,0,0
33303,1,0,1200,0,410,37,168156.02,149786,188,18,0,0
33467,1,0,1233,0,410,37,168156.02,149786,188,18,0,0
33591,1,0,1279,0,452,37,168157.02,149786,188,18,0,0
33741,1,0,1296,0,452,37,168157.02,149786,188,18,0,0
33827,1,0,1296,0,452,37,168157.02,149786,188,18,0,0
33952,1,0,1306,0,452,37,168157.02,149786,188,18,0,0
34082,1,0,1310,0,456,37,168157.02,149786,188,18,0,0
34202,1,0,1311,0,456,37,168157.02,149786,188,18,0,0
34292,1,0,1284,0,456,37,168157.02,149786,188,18,0,0
34432,1,0,1284,0,456,37,168157.02,149786,188,18,0,0
34558,1,0,1320,0,450,37,168157.02,149786,188,18,0,0
34657,1,0,1321,0,448,37,168157.02,149786,188,18,0,0
34782,1,0,1321,0,442,37,168157.02,149786,188,18,0,0
34791,1,0,1289,0,442,37,168157.02,149786,188,18,0,0
34991,1,0,1326,0,440,37,168158.05,149786,188,18,0,0
35091,1,0,1330,0,436,37,168158.05,149786,188,18,0,0
35241,1,0,1361,0,392,37,168158.05,149786,188,18,0,0
35335,1,0,1329,0,352,37,168158.05,149786,188,18,0,0
35467,1,0,1361,0,352,37,168158.05,149786,188,18,0,0
35591,1,0,1361,0,322,37,168158.05,149786,188,18,0,0
35702,1,0,1363,0,320,37,168158.05,149786,188,18,0,0
35791,1,0,1362,0,318,37,168158.05,149786,188,18,0,0
35941,1,0,1367,0,318,37,168158.05,149786,188,18,0,0
36059,1,0,1369,0,312,37,168158.05,149786,188,18,0,0
36157,1,0,1371,0,310,37,168159.08,149786,188,18,0,0
36257,1,0,1370,0,306,37,168159.08,149786,188,18,0,0
36344,1,0,1339,0,300,37,168159.08,149786,188,18,0,0
36467,1,0,1339,0,300,37,168159.08,149786,188,18,0,0
36591,1,0,1369,0,282,37,168159.08,149786,188,19,0,0
36742,1,0,1400,0,274,37,168159.08,149786,188,19,0,0
36822,1,0,1368,0,270,37,168159.08,149786,188,19,0,0
36964,1,0,1366,0,270,37,168159.08,149786,188,19,0,0
37091,1,0,1359,0,250,37,168159.08,149786,188,19,0,0
37202,1,0,1358,0,244,37,168159.08,149786,188,19,0,0
37291,1,0,1355,0,240,37,168159.08,149786,188,19,0,0
37458,1,0,1359,0,240,37,168160.12,149786,188,19,0,0
37572,1,0,1362,0,240,37,168160.12,149786,188,19,0,0
37682,1,0,1363,0,232,37,168160.12,149786,188,19,0,0
37791,1,0,1365,0,230,37,168160.12,149786,188,19,0,0
37791,1,0,1365,0,230,37,168160.12,149786,188,19,0,0
38042,1,0,1398,0,230,37,168160.12,149786,188,19,0,0
38157,1,0,1360,0,232,37,168160.12,149786,188,19,0,0
38282,1,0,1389,0,232,37,168160.12,149786,188,19,0,0
38291,1,0,1357,0,232,37,168160.12,149786,188,19,0,0
38494,1,0,1386,0,232,37,168160.12,149786,188,19,0,0
38591,1,0,1353,0,232,37,168160.12,149786,188,19,0,0
38732,1,0,1354,0,232,37,168160.12,149786,188,20,0,0
38791,1,0,1354,0,232,37,168161.14,149786,188,20,0,0
38953,1,0,1361,0,232,37,168161.14,149786,188,20,0,0
39082,1,0,1361,0,236,37,168161.14,149786,188,20,0,0
39202,1,0,1362,0,244,37,168161.14,149786,188,20,0,0
39291,1,0,1362,0,278,37,168161.14,149786,188,20,0,0
39449,1,0,1359,0,278,37,168161.14,149786,188,20,0,0
39559,1,0,1352,0,278,37,168161.14,149786,188,20,0,0
39682,1,0,1348,0,308,37,168161.14,149786,188,20,0,0
39791,1,0,1347,0,308,37,168161.14,149786,188,20,0,0
39822,1,0,1347,0,308,37,168161.14,149786,188,20,0,0
40013,1,0,1314,0,298,37,168161.14,149786,188,20,0,0
40141,1,0,1312,0,286,37,168162.17,149786,188,20,0,0
40257,1,0,1343,0,274,37,168162.17,149786,188,20,0,0
40291,1,0,1375,0,262,37,168162.17,149786,188,20,0,0
40458,1,0,1313,0,262,37,168162.17,149786,188,20,0,0
40591,1,0,1350,0,236,37,168162.17,149786,188,20,0,0
40702,1,0,1350,0,230,37,168162.17,149786,188,20,0,0
40834,1,0,1352,0,224,37,168162.17,149786,188,21,0,0
40961,1,0,1350,0,224,37,168162.17,149786,188,21,0,0
41072,1,0,1351,0,202,37,168162.17,149786,188,21,0,0
41192,1,0,1348,0,192,37,168162.17,149786,188,21,0,0
41291,1,0,1348,0,188,37,168162.17,149786,188,21,0,0
41291,1,0,1348,0,188,37,168162.17,149786,188,21,0,0
41541,1,0,1353,0,188,37,168163.19,149786,188,21,0,0
41657,1,0,1352,0,186,37,168163.19,149786,188,21,0,0
41757,1,0,1349,0,186,37,168163.19,149786,188,21,0,0
41822,1,0,1349,0,186,37,168163.19,149786,188,21,0,0
41961,1,0,1349,0,186,37,168163.19,149786,188,21,0,0
42091,1,0,1344,0,188,37,168163.19,149786,188,21,0,0
42232,1,0,1374,0,188,37,168163.19,149786,188,21,0,0
42291,1,0,1373,0,188,37,168163.19,149786,188,21,0,0
42458,1,0,1372,0,188,37,168163.19,149786,188,21,0,0
42582,1,0,1369,0,188,37,168163.19,149786,188,21,0,0
42691,1,0,1369,0,188,37,168163.19,149786,188,21,0,0
42792,1,0,1368,0,188,37,168163.19,149786,188,21,0,0
42822,1,0,1368,0,188,37,168163.19,149786,188,21,0,0
43042,1,0,1374,0,188,37,168164.22,149786,188,21,0,0
43157,1,0,1374,0,186,37,168164.22,149786,188,21,0,0
43257,1,0,1374,0,188,37,168164.22,149786,188,21,0,0
43291,1,0,1374,0,188,37,168164.22,149786,188,21,0,0
43491,1,0,1370,0,188,37,168164.22,149786,188,21,0,0
43591,1,0,1366,0,190,37,168164.22,149786,188,21,0,0
43702,1,0,1365,0,190,37,168164.22,149786,188,21,0,0
43822,1,0,1364,0,192,37,168164.22,149786,188,21,0,0
43959,1,0,1363,0,192,37,168164.22,149786,188,21,0,0
44072,1,0,1329,0,192,37,168164.22,149786,188,21,0,0
44191,1,0,1368,0,192,37,168164.22,149786,188,21,0,0
44294,1,0,1368,0,192,37,168164.22,149786,188,21,0,0
44294,1,0,1368,0,192,37,168164.22,149786,188,21,0,0
44541,1,0,1366,0,192,37,168165.25,149786,179,21,0,0
44657,1,0,1366,0,194,37,168165.25,149786,179,21,0,0
44782,1,0,1364,0,196,37,168165.25,149786,179,21,0,0
44822,1,0,1364,0,196,37,168165.25,149786,179,21,0,0
45010,1,0,1359,0,198,37,168165.25,149786,179,21,0,0
45091,1,0,1359,0,198,37,168165.25,149786,179,21,0,0
45232,1,0,1357,0,198,37,168165.25,149786,179,21,0,0
45342,1,0,1361,0,198,37,168165.25,149786,179,22,0,0
45471,1,0,1361,0,196,37,168165.25,149786,179,22,0,0
45591,1,0,1364,0,182,37,168165.25,149786,179,22,0,0
45702,1,0,1363,0,174,37,168165.25,149786,179,22,0,0
45822,1,0,1365,0,170,37,168166.25,149786,179,22,0,0
45832,1,0,1365,0,170,37,168166.25,149786,179,22,0,0
46058,1,0,1362,0,170,37,168166.25,149786,179,22,0,0
46182,1,0,1329,0,158,37,168166.25,149786,179,22,0,0
46291,1,0,1327,0,156,37,168166.25,149786,179,22,0,0
46332,1,0,1327,0,156,37,168166.25,149786,179,22,0,0
46513,1,0,1364,0,152,37,168166.25,149786,179,22,0,0
46644,1,0,1364,0,152,37,168166.25,149786,179,22,0,0
46757,1,0,1366,0,152,37,168166.25,149786,179,22,0,0
46842,1,0,1366,0,152,37,168166.25,149786,179,22,0,0
46992,1,0,1365,0,152,37,168166.25,149786,179,22,0,0
47092,1,0,1364,0,152,37,168166.25,149786,179,22,0,0
47203,1,0,1360,0,152,37,168167.27,149786,179,22,0,0
47322,1,0,1357,0,152,37,168167.27,149786,179,22,0,0
47322,1,0,1357,0,152,37,168167.27,149786,179,22,0,0
47572,1,0,1323,0,152,37,168167.27,149786,179,23,0,0
47692,1,0,1353,0,152,37,168167.27,149786,179,23,0,0
47794,1,0,1357,0,152,37,168167.27,149786,179,23,0,0
47826,1,0,1357,0,152,37,168167.27,149786,179,23,0,0
48032,1,0,1359,0,152,37,168167.27,149786,179,23,0,0
48142,1,0,1357,0,152,37,168167.27,149786,179,23,0,0
48257,1,0,1353,0,152,37,168167.27,149786,179,23,0,0
48359,1,0,1321,0,152,37,168167.27,149786,179,23,0,0
48482,1,0,1353,0,152,37,168167.27,149786,179,23,0,0
48594,1,0,1327,0,150,37,168167.27,149786,179,23,0,0
48702,1,0,1359,0,150,37,168168.28,149786,179,23,0,0
48794,1,0,1361,0,150,37,168168.28,149786,179,23,0,0
48957,1,0,1363,0,150,37,168168.28,149786,179,23,0,0
49072,1,0,1362,0,150,37,168168.28,149786,179,23,0,0
49192,1,0,1362,0,154,37,168168.28,149786,179,23,0,0
49294,1,0,1362,0,164,37,168168.28,149786,179,23,0,0
49330,1,0,1362,0,164,37,168168.28,149786,179,23,0,0
49532,1,0,1357,0,176,37,168168.28,149786,179,23,0,0
49648,1,0,1323,0,178,37,168168.28,149786,179,24,0,0
49757,1,0,1354,0,178,37,168168.28,149786,179,24,0,0
49844,1,0,1355,0,178,37,168168.28,149786,179,24,0,0
49992,1,0,1359,0,178,37,168168.28,149786,179,24,0,0
50094,1,0,1360,0,178,37,168168.28,149786,179,24,0,0
50232,1,0,1361,0,178,37,168169.31,149786,179,24,0,0
50332,1,0,1361,0,178,37,168169.31,149786,179,24,0,0
50332,1,0,1361,0,178,37,168169.31,149786,179,24,0,0
50572,1,0,1362,0,176,37,168169.31,149786,179,24,0,0
50692,1,0,1362,0,172,37,168169.31,149786,179,24,0,0
50792,1,0,1359,0,172,37,168169.31,149786,179,24,0,0
50849,1,0,1353,0,172,37,168169.31,149786,179,24,0,0
51032,1,0,1351,0,170,37,168169.31,149786,179,24,0,0
51142,1,0,1350,0,168,37,168169.31,149786,179,24,0,0
51257,1,0,1348,0,168,37,168169.31,149786,179,24,0,0
51358,1,0,1352,0,168,37,168169.31,149786,179,24,0,0
51482,1,0,1352,0,168,37,168169.31,149786,179,24,0,0
51594,1,0,1354,0,168,37,168170.33,149786,179,24,0,0
51702,1,0,1352,0,168,37,168170.33,149786,179,24,0,0
51832,1,0,1353,0,168,37,168170.33,149786,179,24,0,0
51832,1,0,1353,0,168,37,168170.33,149786,179,24,0,0
52082,1,0,1347,0,168,37,168170.33,149786,179,24,0,0
52202,1,0,1345,0,168,37,168170.33,149786,179,24,0,0
52292,1,0,1313,0,166,37,168170.33,149786,179,24,0,0
52334,1,0,1313,0,166,37,168170.33,149786,179,24,0,0
52544,1,0,1349,0,168,37,168170.33,149786,179,24,0,0
52657,1,0,1349,0,166,37,168170.33,149786,179,24,0,0
52757,1,0,1349,0,166,37,168170.33,149786,179,24,0,0
52843,1,0,1349,0,166,37,168170.33,149786,179,24,0,0
53005,1,0,1350,0,166,37,168170.33,149786,179,24,0,0
53092,1,0,1350,0,166,37,168170.33,149786,179,24,0,0
53232,1,0,1348,0,166,37,168171.33,149786,179,24,0,0
53344,1,0,1313,0,166,37,168171.33,149786,179,24,0,0
53344,1,0,1313,0,166,37,168171.33,149786,179,24,0,0
53592,1,0,1314,0,164,37,168171.33,149786,179,24,0,0
53702,1,0,1350,0,164,37,168171.33,149786,179,24,0,0
53822,1,0,1351,0,162,37,168171.33,149786,179,24,0,0
53953,1,0,1352,0,160,37,168171.33,149786,179,24,0,0
54058,1,0,1352,0,160,37,168171.33,149786,179,25,0,0
54182,1,0,1350,0,160,37,168171.33,149786,179,25,0,0
54282,1,0,1347,0,160,37,168171.33,149786,179,25,0,0
54338,1,0,1347,0,160,37,168171.33,149786,179,25,0,0
54508,1,0,1375,0,160,37,168171.33,149786,179,25,0,0
54594,1,0,1343,0,160,37,168171.33,149786,179,25,0,0
54758,1,0,1375,0,160,37,168172.36,149786,179,25,0,0
54822,1,0,1375,0,160,37,168172.36,149786,179,25,0,0
54957,1,0,1347,0,160,37,168172.36,149786,179,25,0,0
55094,1,0,1348,0,160,37,168172.36,149786,179,25,0,0
55202,1,0,1348,0,160,37,168172.36,149786,179,25,0,0
55332,1,0,1348,0,162,37,168172.36,149786,179,25,0,0
55468,1,0,1347,0,162,37,168172.36,149786,179,25,0,0
55582,1,0,1373,0,162,37,168172.36,149786,179,25,0,0
55702,1,0,1340,0,162,37,168172.36,149786,179,25,0,0
55794,1,0,1370,0,162,37,168172.36,149786,179,25,0,0
55844,1,0,1369,0,162,37,168172.36,149786,179,25,0,0
56044,1,0,1372,0,162,37,168172.36,149786,179,26,0,0
56157,1,0,1373,0,162,37,168172.36,149786,179,26,0,0
56256,1,0,1344,0,160,37,168172.36,149786,179,26,0,0
56331,1,0,1344,0,156,37,168173.38,149786,179,26,0,0
56508,1,0,1346,0,148,37,168173.38,149786,179,26,0,0
56594,1,0,1347,0,146,37,168173.38,149786,179,26,0,0
56731,1,0,1347,0,144,37,168173.38,149786,179,26,0,0
56821,1,0,1348,0,144,37,168173.38,149786,179,26,0,0
56957,1,0,1347,0,144,37,168173.38,149786,179,26,0,0
57081,1,0,1340,0,144,37,168173.38,149786,179,26,0,0
57202,1,0,1339,0,146,37,168173.38,149786,179,26,0,0
57310,1,0,1372,0,144,37,168173.38,149786,179,26,0,0
57324,1,0,1372,0,144,37,168173.38,149786,179,26,0,0
57557,1,0,1343,0,146,37,168173.38,149786,179,26,0,0
57656,1,0,1345,0,146,37,168173.38,149786,179,26,0,0
57781,1,0,1346,0,144,37,168173.38,149786,179,26,0,0
57821,1,0,1346,0,144,37,168173.38,149786,179,26,0,0
57981,1,0,1349,0,144,37,168173.38,149786,179,26,0,0
58137,1,0,1348,0,144,37,168174.39,149786,179,26,0,0
58244,1,0,1312,0,146,37,168174.39,149786,179,27,0,0
58344,1,0,1344,0,146,37,168174.39,149786,179,27,0,0
58344,1,0,1344,0,146,37,168174.39,149786,179,27,0,0
58594,1,0,1373,0,146,37,168174.39,149786,179,27,0,0
58701,1,0,1344,0,146,37,168174.39,149786,179,27,0,0
58831,1,0,1314,0,146,37,168174.39,149786,179,27,0,0
58831,1,0,1314,0,146,37,168174.39,149786,179,27,0,0
59071,1,0,1347,0,148,37,168174.39,149786,179,27,0,0
59181,1,0,1346,0,154,37,168174.39,149786,179,27,0,0
59295,1,0,1344,0,156,37,168174.39,149786,179,27,0,0
59331,1,0,1344,0,156,37,168174.39,149786,179,27,0,0
59531,1,0,1339,0,156,37,168174.39,149786,179,27,0,0
59644,1,0,1369,0,156,37,168175.41,149786,179,27,0,0
59756,1,0,1338,0,156,37,168175.41,149786,179,27,0,0
59831,1,0,1338,0,156,37,168175.41,149786,179,27,0,0
59981,1,0,1368,0,156,37,168175.41,149786,179,27,0,0
60094,1,0,1371,0,156,37,168175.41,149786,179,27,0,0
60201,1,0,1371,0,156,37,168175.41,149786,179,27,0,0
60336,1,0,1375,0,154,37,168175.41,149786,179,27,0,0
60344,1,0,1344,0,154,37,168175.41,149786,179,27,0,0
60581,1,0,1346,0,154,37,168175.41,149786,179,27,0,0
60701,1,0,1347,0,154,37,168175.41,149786,179,27,0,0
60794,1,0,1347,0,154,37,168175.41,149786,179,27,0,0
60832,1,0,1347,0,154,37,168175.41,149786,179,27,0,0
61044,1,0,1372,0,154,37,168175.41,149786,179,27,0,0
61156,1,0,1339,0,154,37,168176.41,149786,179,27,0,0
61256,1,0,1370,0,152,37,168176.41,149786,179,27,0,0
61356,1,0,1337,0,152,37,168176.41,149786,179,27,0,0
61494,1,0,1367,0,152,37,168176.41,149786,179,27,0,0
61594,1,0,1336,0,152,37,168176.41,149786,179,27,0,0
61744,1,0,1340,0,152,37,168176.41,149786,179,27,0,0
61821,1,0,1340,0,152,37,168176.41,149786,179,27,0,0
61956,1,0,1341,0,152,37,168176.41,149786,179,27,0,0
62093,1,0,1345,0,152,37,168176.41,149786,179,27,0,0
62201,1,0,1347,0,152,37,168176.41,149786,179,27,0,0
62294,1,0,1348,0,152,37,168176.41,149786,179,27,0,0
62344,1,0,1349,0,152,37,168176.41,149786,179,27,0,0
62544,1,0,1350,0,152,37,168176.41,149786,179,27,0,0
62665,1,0,1348,0,152,37,168177.41,149786,179,27,0,0
62781,1,0,1313,0,228,37,168177.41,149786,179,27,0,0
62821,1,0,1345,0,228,37,168177.41,149786,179,27,0,0
62999,1,0,1372,0,248,37,168177.41,149786,179,28,0,0
63094,1,0,1340,0,250,37,168177.41,149786,179,28,0,0
63231,1,0,1340,0,248,37,168177.41,149786,179,28,0,0
63353,1,0,1344,0,248,37,168177.41,149786,179,28,0,0
63468,1,0,1344,0,248,37,168177.41,149786,179,28,0,0
63581,1,0,1315,0,248,37,168177.41,149786,179,28,0,0
63701,1,0,1345,0,248,37,168177.41,149786,179,28,0,0
63821,1,0,1312,0,246,37,168177.41,149786,179,28,0,0
63821,1,0,1312,0,246,37,168177.41,149786,179,28,0,0
64071,1,0,1340,0,80,37,168177.41,149786,179,28,0,0
64181,1,0,1372,0,2,37,168177.41,149786,179,28,0,0
64294,1,0,1313,0,0,37,168178.42,149786,179,28,0,0
64356,1,0,1316,0,0,37,168178.42,149786,179,28,0,0
64493,1,0,1350,0,4,37,168178.42,149786,179,28,0,0
64637,1,0,1351,0,0,37,168178.42,149786,179,28,0,0
64756,1,0,1349,0,0,37,168178.42,149786,179,28,0,0
64831,1,0,1349,0,0,37,168178.42,149786,179,28,0,0
64981,1,0,1349,0,0,37,168178.42,149786,179,28,0,0
65094,1,0,1343,0,0,37,168178.42,149786,179,29,0,0
65201,1,0,1307,0,0,37,168178.42,149786,179,29,0,0
65331,1,0,1275,0,0,37,168178.42,149786,179,29,0,0
65356,1,0,1274,0,0,37,168178.42,149786,179,29,0,0
65556,1,0,1217,0,0,37,168178.42,149786,179,29,0,0
65681,1,0,1222,0,0,37,168178.42,149786,179,29,0,0
65793,1,0,1225,0,0,37,168179.45,149786,179,29,0,0
65856,1,0,1226,0,0,37,168179.45,149786,179,29,0,0
66022,1,0,1227,0,0,37,168179.45,149786,179,29,0,0
66137,1,0,1228,0,0,37,168179.45,149786,179,29,0,0
66256,1,0,1231,0,0,37,168179.45,149786,179,29,0,0
66343,1,0,1232,0,0,37,168179.45,149786,179,29,0,0
66484,1,2,1232,0,0,37,168179.45,149786,179,29,0,0
66593,1,3,1242,0,0,37,168179.45,149786,179,29,0,0
66701,1,3,1247,0,0,37,168179.45,149786,179,29,0,0
66831,1,4,1217,0,0,37,168179.45,149786,179,29,0,0
66971,1,4,1220,0,0,37,168179.45,149786,179,29,0,0
67081,1,5,1195,0,0,37,168179.45,149786,179,29,0,0
67201,1,6,1166,0,0,37,168180.48,149786,179,29,0,0
67293,1,6,1070,0,0,37,168180.48,149786,179,29,0,0
67356,1,7,1034,0,0,37,168180.48,149786,179,29,0,0
67543,1,7,1109,0,0,37,168180.48,149786,179,29,0,0
67662,1,8,1167,0,0,37,168180.48,149786,179,30,0,0
67756,1,8,1193,0,0,37,168180.48,149786,179,30,0,0
67859,1,9,1188,0,0,37,168180.48,149786,179,30,0,0
67981,1,9,1220,0,0,37,168180.48,149786,179,30,0,0
68093,1,9,1248,0,0,37,168180.48,149786,179,30,0,0
68231,1,9,1250,0,0,37,168181.50,149786,179,30,0,0
68356,1,9,1263,2,0,37,168181.50,149786,179,30,0,0
68392,1,9,1263,2,0,37,168181.50,149786,179,30,0,0
68593,1,9,1267,9,0,37,168181.50,149786,179,30,0,0
68701,1,9,1254,9,0,37,168181.50,149786,179,30,0,0
68821,1,9,1297,14,0,37,168181.50,149786,179,30,0,0
68844,1,9,1274,22,0,37,168181.50,149786,179,30,0,0
69056,1,9,1248,22,0,37,168181.50,149786,179,30,0,0
69156,1,9,1259,22,0,37,168181.50,149786,179,30,0,0
69281,1,9,1298,22,0,37,168181.50,149786,179,30,0,0
69372,1,9,1343,22,0,37,168182.50,149786,179,30,0,0
69493,1,9,1319,20,0,37,168182.50,149786,179,30,0,0
69593,1,9,1355,19,0,37,168182.50,149786,179,30,0,0
69743,1,9,1384,19,0,37,168182.50,149786,179,30,0,0
69843,1,10,1376,24,0,37,168182.50,149786,179,30,0,0
69843,1,10,1376,24,0,37,168182.50,149786,179,30,0,0
70156,1,10,1467,33,0,37,168182.50,149786,179,30,0,0
70281,1,10,1453,33,0,37,168182.50,149786,179,30,0,0
70356,1,10,1492,33,0,37,168183.52,149786,179,30,0,0
70493,1,10,1530,33,0,37,168183.52,149786,179,30,0,0
70593,1,10,1534,33,0,37,168183.52,149786,179,30,0,0
70743,1,10,1505,34,0,37,168183.52,149786,179,30,0,0
70856,1,11,1540,34,0,37,168183.52,149786,179,30,0,0
70994,1,11,1540,34,0,37,168183.52,149786,179,30,0,0
71093,1,11,1565,34,0,37,168183.52,149786,179,30,0,0
71201,1,11,1592,34,0,37,168184.56,149786,179,30,0,0
71331,1,11,1622,25,0,37,168184.56,149786,179,30,0,0
71343,1,11,1622,25,0,37,168184.56,149786,179,30,0,0
71581,1,11,1586,0,0,37,168184.56,149786,179,30,0,0
71693,1,11,1578,0,0,37,168184.56,149786,179,30,0,0
71793,1,11,1568,0,0,37,168184.56,149786,179,30,0,0
71856,1,11,1551,0,0,37,168184.56,149786,179,30,0,0
71993,1,11,1551,0,0,37,168184.56,149786,179,30,0,0
72156,1,11,1535,0,0,37,168184.56,149786,179,30,0,0
72256,1,10,1510,0,0,37,168184.56,149786,179,30,0,0
72331,1,10,1510,0,0,37,168184.56,149786,179,30,0,0
72493,1,11,1494,0,0,37,168184.56,149786,179,30,0,0
72593,1,10,1466,0,0,37,168184.56,149786,179,30,0,0
72743,1,10,1387,0,0,37,168185.59,149786,179,30,0,0
72843,1,10,1412,0,0,37,168185.59,149786,179,31,0,0
72967,1,10,1412,0,0,37,168185.59,149786,179,31,0,0
73093,1,9,1367,0,0,37,168185.59,149786,179,31,0,0
73201,1,9,1331,0,0,37,168185.59,149786,179,31,0,0
73331,1,9,1312,0,0,37,168185.59,149786,179,31,0,0
73331,1,9,1312,0,0,37,168185.59,149786,179,31,0,0
73556,1,9,1260,0,0,37,168185.59,149786,179,31,0,0
73681,1,9,1288,0,0,37,168185.59,149786,179,31,0,0
73793,1,9,1267,0,0,37,168185.59,149786,179,31,0,0
73856,1,9,1261,0,0,37,168185.59,149786,179,31,0,0
73993,1,9,1259,0,60,37,168185.59,149786,179,31,0,0
74143,1,8,1217,0,46,37,168185.59,149786,179,31,0,0
74256,1,8,1225,0,74,37,168185.59,149786,179,31,0,0
74343,1,8,1227,0,86,37,168185.59,149786,179,31,0,0
74493,1,7,1226,0,86,37,168185.59,149786,179,31,0,0
74593,1,6,1224,0,78,37,168186.61,149786,179,31,0,0
74731,1,6,1191,0,42,37,168186.61,149786,179,31,0,0
74843,1,5,1188,0,16,37,168186.61,149786,179,31,0,0
74855,1,5,1188,0,16,37,168186.61,149786,179,31,0,0
75093,1,5,1215,0,20,37,168186.61,149786,179,31,0,0
75201,1,5,1181,0,20,37,168186.61,149786,179,31,0,0
75331,1,5,1181,0,14,37,168186.61,149786,179,31,0,0
75331,1,5,1181,0,14,37,168186.61,149786,179,31,0,0
75571,1,5,1178,0,14,37,168186.61,149786,179,32,0,0
75693,1,5,1147,0,0,37,168186.61,149786,179,32,0,0
75793,1,4,1149,0,0,37,168186.61,149786,179,32,0,0
75856,1,4,1148,0,0,37,168186.61,149786,179,32,0,0
76043,1,4,1180,0,0,37,168186.61,149786,179,32,0,0
76156,1,4,1183,0,0,37,168186.61,149786,179,32,0,0
76256,1,4,1154,0,0,37,168186.61,149786,179,32,0,0
76343,1,4,1186,0,0,37,168186.61,149786,179,32,0,0
76493,1,4,1187,0,0,37,168187.64,149786,179,32,0,0
76593,1,4,1220,0,0,37,168187.64,149786,179,32,0,0
76731,1,4,1222,0,0,37,168187.64,149786,179,32,0,0
76856,1,4,1219,0,0,37,168187.64,149786,179,32,0,0
76993,1,4,1251,0,0,37,168187.64,149786,179,32,0,0
77093,1,4,1287,0,0,37,168187.64,149786,179,32,0,0
77201,1,4,1291,0,0,37,168187.64,149786,179,32,0,0
77343,1,4,1330,0,0,37,168187.64,149786,179,32,0,0
77477,1,4,1330,0,0,37,168187.64,149786,179,32,0,0
77593,1,4,1335,0,0,37,168187.64,149786,179,32,0,0
77701,1,4,1337,0,0,37,168187.64,149786,179,32,0,0
77821,1,4,1337,0,0,37,168187.64,149786,179,32,0,0
77856,1,3,1369,0,0,37,168187.64,149786,179,32,0,0
78056,1,3,1333,0,0,37,168187.64,149786,179,33,0,0
78156,1,3,1334,0,0,37,168188.66,149786,179,33,0,0
78293,1,3,1335,0,0,37,168188.66,149786,179,33,0,0
78343,1,3,1337,0,0,37,168188.66,149786,179,33,0,0
78519,1,3,1371,0,0,37,168188.66,149786,179,33,0,0
78636,1,3,1373,0,0,37,168188.66,149786,179,33,0,0
78756,1,3,1344,0,0,37,168188.66,149786,179,33,0,0
78856,1,3,1344,0,0,37,168188.66,149786,179,33,0,0
78993,1,3,1344,0,0,37,168188.66,149786,179,33,0,0
79093,1,3,1373,0,0,37,168188.66,149786,179,33,0,0
79231,1,3,1370,0,0,37,168188.66,149786,179,33,0,0
79331,1,3,1337,0,8,37,168188.66,149786,179,33,0,0
79356,1,3,1337,0,8,37,168188.66,149786,179,33,0,0
79581,1,3,1368,0,20,37,168188.66,149786,179,33,0,0
79693,1,3,1372,0,24,37,168189.69,149786,179,33,0,0
79793,1,3,1375,0,36,37,168189.69,149786,179,33,0,0
79831,1,3,1375,0,36,37,168189.69,149786,179,33,0,0
80043,1,2,1346,0,70,37,168189.69,149786,179,33,0,0
80156,1,0,1347,0,70,37,168189.69,149786,179,33,0,0
80256,1,0,1346,0,68,37,168189.69,149786,179,33,0,0
80366,1,0,1344,0,24,37,168189.69,149786,179,33,0,0
80481,1,0,1344,0,2,37,168189.69,149786,179,33,0,0
80593,1,0,1339,0,0,37,168189.69,149786,179,33,0,0
80731,1,0,1371,0,0,37,168189.69,149786,179,33,0,0
80843,1,0,1367,0,0,37,168189.69,149786,179,33,0,0
80871,1,0,1367,0,0,37,168189.69,149786,179,33,0,0
81093,1,0,1371,0,0,37,168189.69,149786,179,33,0,0
81201,1,0,1339,0,0,37,168189.69,149786,179,33,0,0
81321,1,0,1339,0,0,37,168190.72,149786,179,33,0,0
81347,1,0,1339,0,0,37,168190.72,149786,179,33,0,0
81556,1,0,1339,0,0,37,168190.72,149786,179,33,0,0
81656,1,0,1337,0,0,37,168190.72,149786,179,33,0,0
81783,1,0,1336,0,0,37,168190.72,149786,179,33,0,0
81831,1,0,1336,0,0,37,168190.72,149786,179,33,0,0
82012,1,0,1372,0,0,37,168190.72,149786,179,33,0,0
82136,1,0,1344,0,0,37,168190.72,149786,179,33,0,0
82243,1,0,1375,0,32,37,168190.72,149786,179,33,0,0
82356,1,0,1344,0,16,37,168190.72,149786,179,33,0,0
82397,1,0,1344,0,28,37,168190.72,149786,179,33,0,0
82593,1,0,1345,0,36,37,168190.72,149786,179,33,0,0
82701,1,0,1375,0,34,37,168190.72,149786,179,33,0,0
82843,1,0,1339,0,24,37,168191.72,149786,179,33,0,0
82961,1,0,1371,0,4,37,168191.72,149786,179,33,0,0
83081,1,0,1344,0,8,37,168191.72,149786,179,33,0,0
83201,1,0,1345,0,8,37,168191.72,149786,179,34,0,0
83321,1,0,1345,0,0,37,168191.72,149786,179,34,0,0
83331,1,0,1345,0,0,37,168191.72,149786,179,34,0,0
83543,1,0,1344,0,0,37,168191.72,149786,179,34,0,0
83656,1,0,1375,0,0,37,168191.72,149786,179,34,0,0
83756,1,0,1339,0,0,37,168191.72,149786,179,34,0,0
83843,1,0,1305,0,0,37,168191.72,149786,179,34,0,0
83993,1,0,1303,0,0,37,168191.72,149786,179,34,0,0
84093,1,0,1336,13,0,37,168191.72,149786,179,34,0,0
84243,1,0,1315,23,0,37,168192.75,149786,179,34,0,0
84357,1,0,1255,24,0,37,168192.75,149786,179,34,0,0
84357,1,0,1255,24,0,37,168192.75,149786,179,34,0,0
84593,1,3,1115,25,0,37,168192.75,149786,179,34,0,0
84701,1,3,1149,25,0,37,168192.75,149786,179,34,0,0
84830,1,4,1170,32,0,37,168192.75,149786,179,34,0,0
84856,1,5,1167,32,0,37,168192.75,149786,179,34,0,0
85011,1,5,1167,32,0,37,168192.75,149786,179,34,0,0
85156,1,8,1170,33,0,37,168193.83,149786,179,34,0,0
85281,1,8,1134,33,0,37,168193.83,149786,179,34,0,0
85343,1,8,1231,33,0,37,168193.83,149786,179,34,0,0
85497,1,8,1263,33,0,37,168193.83,149786,179,34,0,0
85636,1,9,1380,36,0,37,168193.83,149786,179,34,0,0
85743,1,10,1448,44,0,37,168193.83,149786,179,34,0,0
85843,1,10,1535,50,0,37,168193.83,149786,179,34,0,0
85984,1,10,1535,50,0,37,168193.83,149786,179,34,0,0
86093,1,11,1626,51,0,37,168194.88,149786,179,35,0,0
86201,1,11,1654,51,0,37,168194.88,149786,179,35,0,0
86331,1,12,1694,56,0,37,168194.88,149786,179,35,0,0
86331,1,12,1694,56,0,37,168194.88,149786,179,35,0,0
86555,1,12,1779,57,0,37,168194.88,149786,179,35,0,0
86680,1,12,1797,57,0,37,168194.88,149786,179,35,0,0
86793,1,13,1841,57,0,37,168195.89,149786,179,35,0,0
86856,1,13,1880,56,0,37,168195.89,149786,179,35,0,0
86993,1,13,1914,56,0,37,168195.89,149786,179,35,0,0
87143,1,13,1983,51,0,37,168195.89,149786,179,35,0,0
87256,1,14,1985,39,0,37,168195.89,149786,179,35,0,0
87330,1,14,1985,28,0,37,168196.89,149786,179,35,0,0
87481,1,14,2043,28,0,37,168196.89,149786,179,35,0,0
87593,1,14,1769,0,0,37,168196.89,149786,179,35,0,0
87701,1,14,1751,0,0,37,168196.89,149786,179,35,0,0
87830,1,14,1719,0,0,37,168196.89,149786,179,35,0,0
87868,1,14,1720,0,0,37,168196.89,149786,179,35,0,0
88080,1,14,1673,0,0,37,168196.89,149786,179,35,0,0
88200,1,13,1618,0,0,37,168196.89,149786,179,35,0,0
88320,1,13,1588,0,0,37,168196.89,149786,179,35,0,0
88355,1,13,1592,0,0,37,168196.89,149786,179,35,0,0
88543,1,13,1528,0,0,37,168196.89,149786,179,35,0,0
88655,1,13,1525,0,0,37,168196.89,149786,179,35,0,0
88755,1,13,1492,0,0,37,168196.89,149786,179,35,0,0
88855,1,13,1458,0,0,37,168196.89,149786,179,35,0,0
88993,1,13,1425,0,0,37,168196.89,149786,179,36,0,0
89143,1,13,1394,0,0,37,168196.89,149786,179,36,0,0
89255,1,13,1362,0,0,37,168197.92,149786,179,36,0,0
89355,1,13,1361,0,0,37,168197.92,149786,179,36,0,0
89495,1,13,1361,0,0,37,168197.92,149786,179,36,0,0
89593,1,13,1329,0,0,37,168197.92,149786,179,36,0,0
89743,1,13,1301,0,0,37,168197.92,149786,179,36,0,0
89855,1,13,1311,0,0,37,168197.92,149786,179,36,0,0
89855,1,13,1311,0,0,37,168197.92,149786,179,36,0,0
90093,1,13,1248,0,0,37,168197.92,149786,179,36,0,0
90243,1,12,1279,0,0,37,168197.92,149786,179,36,0,0
90355,1,13,1246,0,0,37,168197.92,149786,179,36,0,0
90494,1,13,1246,0,0,37,168197.92,149786,179,36,0,0
90593,1,12,1247,0,0,37,168197.92,149786,179,36,0,0
90742,1,12,1217,0,0,37,168197.92,149786,179,36,0,0
90855,1,12,1186,0,0,37,168197.92,149786,179,36,0,0
90992,1,12,1185,0,0,37,168197.92,149786,179,36,0,0
91093,1,12,1187,0,0,37,168197.92,149786,179,36,0,0
91230,1,12,1123,0,0,37,168198.92,149786,179,36,0,0
91345,1,12,1094,0,0,37,168198.92,149786,179,36,0,0
91494,1,12,1094,0,0,37,168198.92,149786,179,36,0,0
91593,1,12,1029,0,0,37,168198.92,149786,179,36,0,0
91730,1,12,1010,0,0,37,168198.92,149786,179,36,0,0
91845,1,12,957,0,0,37,168198.92,149786,179,36,0,0
91981,1,13,957,0,0,37,168198.92,149786,179,36,0,0
92093,1,13,1039,0,0,37,168198.92,149786,179,36,0,0
92200,1,13,1014,0,0,37,168198.92,149786,179,36,0,0
92339,1,13,1071,0,0,37,168198.92,149786,179,36,0,0
92361,1,14,1062,0,0,37,168198.92,149786,179,36,0,0
92570,1,14,1070,0,0,37,168199.94,149786,179,36,0,0
92693,1,14,1104,0,0,37,168199.94,149786,179,36,0,0
92793,1,14,1100,0,0,37,168199.94,149786,179,36,0,0
92855,1,14,1096,0,0,37,168199.94,149786,179,36,0,0
93006,1,14,1096,0,0,37,168199.94,149786,179,36,0,0
93155,1,15,1131,0,0,37,168199.94,149786,179,36,0,0
93280,1,15,1136,0,0,37,168199.94,149786,179,36,0,0
93355,1,15,1138,0,0,37,168199.94,149786,179,36,0,0
93493,1,15,1142,0,0,37,168199.94,149786,179,36,0,0
93643,1,15,1150,0,0,37,168199.94,149786,179,36,0,0
93755,1,15,1148,0,0,37,168199.94,149786,179,36,0,0
93855,1,15,1179,0,0,37,168200.94,149786,179,36,0,0
93993,1,15,1178,0,0,37,168200.94,149786,179,36,0,0
94093,1,15,1146,0,0,37,168200.94,149786,179,36,0,0
94243,1,15,1171,0,0,37,168200.94,149786,179,36,0,0
94355,1,15,1167,0,0,37,168200.94,149786,179,36,0,0
94492,1,15,1162,0,0,37,168200.94,149786,179,36,0,0
94592,1,15,1163,0,0,37,168200.94,149786,179,36,0,0
94730,1,15,1163,0,0,37,168200.94,149786,179,36,0,0
94855,1,15,1156,0,0,37,168200.94,149786,179,36,0,0
94855,1,15,1156,0,0,37,168200.94,149786,179,36,0,0
95093,1,15,1157,0,0,37,168200.94,149786,179,37,0,0
95230,1,15,1157,0,0,37,168200.94,149786,179,37,0,0
95343,1,15,1156,0,0,37,168201.95,149786,179,37,0,0
95493,1,15,1156,0,0,37,168201.95,149786,179,37,0,0
95593,1,15,1181,0,0,37,168201.95,149786,179,37,0,0
95730,1,15,1179,0,0,37,168201.95,149786,179,37,0,0
95843,1,15,1179,0,0,37,168201.95,149786,179,37,0,0
95855,1,15,1179,0,0,37,168201.95,149786,179,37,0,0
96080,1,15,1146,0,0,37,168201.95,149786,179,37,0,0
96200,1,15,1180,0,0,37,168201.95,149786,179,37,0,0
96320,1,15,1180,0,0,37,168201.95,149786,179,37,0,0
96343,1,15,1181,0,0,37,168201.95,149786,179,37,0,0
96555,1,15,1143,0,0,37,168201.95,149786,179,37,0,0
96655,1,15,1143,0,0,37,168201.95,149786,179,37,0,0
96780,1,15,1141,0,0,37,168201.95,149786,179,37,0,0
96855,1,14,1111,0,0,37,168202.98,149786,179,37,0,0
97003,1,14,1111,0,0,37,168202.98,149786,179,37,0,0
97143,1,14,1143,0,0,37,168202.98,149786,179,37,0,0
97255,1,14,1143,0,0,37,168202.98,149786,179,37,0,0
97388,1,14,1113,0,0,37,168202.98,149786,179,37,0,0
97515,1,14,1113,0,0,37,168202.98,149786,179,37,0,0
97636,1,14,1142,0,0,37,168202.98,149786,179,37,0,0
97755,1,15,1142,0,0,37,168202.98,149786,179,37,0,0
97875,1,14,1141,0,0,37,168202.98,149786,179,38,0,0
97993,1,14,1138,0,0,37,168202.98,149786,179,38,0,0
98093,1,15,1169,0,0,37,168202.98,149786,179,38,0,0
98230,1,15,1136,0,0,37,168202.98,149786,179,38,0,0
98343,1,14,1127,0,0,37,168202.98,149786,179,38,0,0
98489,1,15,1127,0,0,37,168202.98,149786,179,38,0,0
98593,1,15,1127,0,0,37,168203.98,149786,179,38,0,0
98730,1,14,1102,0,0,37,168203.98,149786,179,38,0,0
98843,1,14,1100,0,0,37,168203.98,149786,179,38,0,0
98855,1,15,1100,0,0,37,168203.98,149786,179,38,0,0
99080,1,14,1101,0,0,37,168203.98,149786,179,38,0,0
99200,1,14,1070,0,0,37,168203.98,149786,179,38,0,0
99293,1,14,1069,0,0,37,168203.98,149786,179,38,0,0
99403,1,14,1100,0,0,37,168203.98,149786,179,38,0,0
99557,1,14,1075,0,0,37,168203.98,149786,179,38,0,0
99655,1,14,1106,0,0,37,168203.98,149786,179,38,0,0
99793,1,14,1072,0,0,37,168203.98,149786,179,38,0,0
99872,1,14,1067,0,0,37,168203.98,149786,179,38,0,0
100030,1,14,1067,0,0,37,168203.98,149786,179,38,0,0
100143,1,14,1038,0,0,37,168203.98,149786,179,38,0,0
100255,1,13,1081,0,0,37,168205.00,149786,179,38,0,0
100362,1,13,1083,0,0,37,168205.00,149786,179,38,0,0
100514,1,13,1051,0,0,37,168205.00,149786,179,38,0,0
100593,1,13,1025,0,0,37,168205.00,149786,179,39,0,0
100743,1,13,1072,0,0,37,168205.00,149786,179,39,0,0
100855,1,13,1062,0,0,37,168205.00,149786,179,39,0,0
101001,1,13,1062,0,0,37,168205.00,149786,179,39,0,0
101093,1,14,1049,0,0,37,168205.00,149786,179,39,0,0
101243,1,14,1044,0,0,37,168205.00,149786,179,39,0,0
101359,1,13,1076,0,0,37,168205.00,149786,179,39,0,0
101402,1,13,1044,0,0,37,168205.00,149786,179,39,0,0
101593,1,13,1068,0,0,37,168205.00,149786,179,39,0,0
101700,1,14,1109,0,0,37,168205.00,149786,179,39,0,0
101830,1,14,1075,0,0,37,168206.03,149786,179,39,0,0
101888,1,14,1100,0,0,37,168206.03,149786,179,39,0,0
102055,1,14,1096,0,0,37,168206.03,149786,179,39,0,0
102180,1,15,1126,0,0,37,168206.03,149786,179,39,0,0
102293,1,15,1126,0,0,37,168206.03,149786,179,39,0,0
102404,1,15,1128,0,0,37,168206.03,149786,179,39,0,0
102512,1,15,1128,0,0,37,168206.03,149786,179,39,0,0
102655,1,15,1128,0,0,37,168206.03,149786,179,39,0,0
102780,1,15,1156,0,0,37,168206.03,149786,179,39,0,0
102855,1,15,1152,0,0,37,168206.03,149786,179,39,0,0
102999,1,15,1152,0,0,37,168206.03,149786,179,39,0,0
103136,1,15,1176,0,0,37,168206.03,149786,179,39,0,0
103255,1,15,1145,0,0,37,168206.03,149786,179,39,0,0
103355,1,15,1177,0,0,37,168206.03,149786,179,39,0,0
103512,1,15,1177,0,0,37,168207.06,149786,179,39,0,0
103636,1,15,1140,0,0,37,168207.06,149786,179,39,0,0
103755,1,15,1170,0,0,37,168207.06,149786,179,39,0,0
103855,1,14,1139,0,0,37,168207.06,149786,179,39,0,0
103999,1,14,1170,0,0,37,168207.06,149786,179,39,0,0
104093,1,15,1133,0,0,37,168207.06,149786,179,39,0,0
104243,1,15,1142,0,0,37,168207.06,149786,179,39,0,0
104357,1,14,1144,0,0,37,168207.06,149786,179,39,0,0
104406,1,14,1144,0,0,37,168207.06,149786,179,39,0,0
104593,1,14,1143,0,0,37,168207.06,149786,179,39,0,0
104743,1,14,1136,0,0,37,168207.06,149786,179,39,0,0
104855,1,14,1128,0,0,37,168207.06,149786,179,39,0,0
104855,1,14,1128,0,0,37,168207.06,149786,179,39,0,0
105093,1,14,1100,0,0,37,168207.06,149786,179,39,0,0
105230,1,14,1131,0,0,37,168208.09,149786,179,39,0,0
105355,1,14,1138,0,0,37,168208.09,149786,179,39,0,0
105355,1,14,1138,0,0,37,168208.09,149786,179,39,0,0
105580,1,15,1103,0,0,37,168208.09,149786,179,39,0,0
105700,1,14,1102,0,0,37,168208.09,149786,179,39,0,0
105820,1,14,1102,0,0,37,168208.09,149786,179,39,0,0
105883,1,14,1102,0,0,37,168208.09,149786,179,39,0,0
106030,1,14,1102,0,0,37,168208.09,149786,179,39,0,0
106180,1,15,1102,0,0,37,168208.09,149786,179,39,0,0
106293,1,14,1091,0,0,37,168208.09,149786,179,39,0,0
106355,1,14,1090,0,0,37,168208.09,149786,179,39,0,0
106510,1,14,1090,0,0,37,168208.09,149786,179,39,0,0
106655,1,14,1102,0,0,37,168208.09,149786,179,40,0,0
106755,1,14,1103,0,0,37,168208.09,149786,179,40,0,0
106855,1,14,1104,0,0,37,168208.09,149786,179,40,0,0
106997,1,14,1104,0,0,37,168208.09,149786,179,40,0,0
107135,1,14,1076,0,0,37,168209.09,149786,179,40,0,0
107255,1,14,1072,0,0,37,168209.09,149786,179,40,0,0
107355,1,14,1079,0,0,37,168209.09,149786,179,40,0,0
107509,1,14,1079,0,0,37,168209.09,149786,179,40,0,0
107593,1,14,1076,0,0,37,168209.09,149786,179,40,0,0
107743,1,14,1075,0,0,37,168209.09,149786,179,40,0,0
107855,1,14,1080,0,0,37,168209.09,149786,179,40,0,0
107996,1,14,1080,0,0,37,168209.09,149786,179,40,0,0
108093,1,14,1076,0,0,37,168209.09,149786,179,40,0,0
108230,1,14,1076,13,0,37,168209.09,149786,179,40,0,0
108355,1,14,1088,13,0,37,168209.09,149786,179,40,0,0
108355,1,14,1088,13,0,37,168209.09,149786,179,40,0,0
108593,1,14,1097,14,0,37,168209.09,149786,179,40,0,0
108700,1,14,1110,16,0,37,168210.11,149786,179,40,0,0
108820,1,14,1096,18,0,37,168210.11,149786,179,40,0,0
108883,1,14,1100,19,0,37,168210.11,149786,179,40,0,0
109030,1,14,1100,19,0,37,168210.11,149786,179,40,0,0
109180,1,15,1149,18,0,37,168210.11,149786,179,40,0,0
109293,1,15,1182,13,0,37,168210.11,149786,179,40,0,0
109355,1,15,1153,10,0,37,168210.11,149786,179,40,0,0
109508,1,15,1185,10,0,37,168210.11,149786,179,40,0,0
109655,1,15,1202,0,0,37,168210.11,149786,179,41,0,0
109755,1,15,1159,0,0,37,168210.11,149786,179,41,0,0
109855,1,16,1195,0,0,37,168210.11,149786,179,41,0,0
109995,1,16,1195,0,0,37,168210.11,149786,179,41,0,0
110093,1,15,1171,0,0,37,168211.12,149786,179,41,0,0
110243,1,15,1192,0,0,37,168211.12,149786,179,41,0,0
110355,1,15,1166,0,0,37,168211.12,149786,179,41,0,0
110507,1,15,1166,0,0,37,168211.12,149786,179,41,0,0
110593,1,15,1198,0,0,37,168211.12,149786,179,41,0,0
110743,1,15,1161,0,0,37,168211.12,149786,179,41,0,0
110855,1,15,1181,0,0,37,168211.12,149786,179,41,0,0
110893,1,15,1181,0,0,37,168211.12,149786,179,41,0,0
111093,1,15,1181,0,0,37,168211.12,149786,179,41,0,0
111230,1,15,1152,0,0,37,168211.12,149786,179,41,0,0
111343,1,15,1179,0,0,37,168211.12,149786,179,41,0,0
111355,1,15,1179,0,0,37,168211.12,149786,179,41,0,0
111580,1,15,1175,0,0,37,168211.12,149786,179,41,0,0
111700,1,15,1138,0,0,37,168211.12,149786,179,41,0,0
111820,1,15,1135,0,0,37,168211.12,149786,179,41,0,0
111883,1,15,1141,0,0,37,168211.12,149786,179,41,0,0
112030,1,15,1173,0,0,37,168211.12,149786,179,41,0,0
112180,1,14,1144,0,0,37,168212.16,149786,179,41,0,0
112293,1,14,1107,2,0,37,168212.16,149786,179,41,0,0
112355,1,14,1106,4,0,37,168212.16,149786,179,41,0,0
112506,1,14,1106,4,0,37,168212.16,149786,179,41,0,0
112655,1,14,1142,6,0,37,168212.16,149786,179,41,0,0
112756,1,14,1111,7,0,37,168212.16,149786,179,41,0,0
112908,1,14,1079,8,0,37,168212.16,149786,179,41,0,0
113030,1,14,1082,8,0,37,168212.16,149786,179,41,0,0
113155,1,14,1060,8,0,37,168212.16,149786,179,42,0,0
113280,1,14,1031,8,0,37,168212.16,149786,179,42,0,0
113393,1,14,1032,8,0,37,168212.16,149786,179,42,0,0
113531,1,14,1032,8,0,37,168212.16,149786,179,42,0,0
113655,1,14,1035,9,0,37,168212.16,149786,179,42,0,0
113755,1,14,1087,9,0,37,168212.16,149786,179,42,0,0
113855,1,14,1060,9,0,37,168212.16,149786,179,42,0,0
113993,1,14,1092,9,0,37,168212.16,149786,179,42,0,0
114135,1,14,1088,9,0,37,168213.17,149786,179,42,0,0
114255,1,14,1081,9,0,37,168213.17,149786,179,42,0,0
114355,1,14,1116,9,0,37,168213.17,149786,179,42,0,0
114505,1,14,1116,9,0,37,168213.17,149786,179,42,0,0
114635,1,14,1097,9,0,37,168213.17,149786,179,42,0,0
114755,1,14,1117,9,0,37,168213.17,149786,179,42,0,0
114855,1,15,1118,11,0,37,168213.17,149786,179,42,0,0
114890,1,15,1118,11,0,37,168213.17,149786,179,42,0,0
115093,1,15,1144,13,0,37,168213.17,149786,179,42,0,0
115244,1,15,1142,12,0,37,168213.17,149786,179,42,0,0
115355,1,15,1143,12,0,37,168213.17,149786,179,42,0,0
115504,1,15,1175,12,0,37,168213.17,149786,179,42,0,0
115594,1,15,1142,12,0,37,168213.17,149786,179,42,0,0
115743,1,15,1140,11,0,37,168213.17,149786,179,42,0,0
115856,1,15,1138,11,0,37,168213.17,149786,179,42,0,0
115882,1,15,1138,11,0,37,168213.17,149786,179,42,0,0
116093,1,15,1165,11,0,37,168213.17,149786,179,42,0,0
116200,1,15,1133,11,0,37,168214.17,149786,179,42,0,0
116329,1,15,1133,10,0,37,168214.17,149786,179,42,0,0
116393,1,15,1133,10,0,37,168214.17,149786,179,42,0,0
116572,1,15,1158,10,0,37,168214.17,149786,179,42,0,0
116693,1,15,1157,10,0,37,168214.17,149786,179,42,0,0
116793,1,15,1157,10,0,37,168214.17,149786,179,42,0,0
116901,1,15,1157,10,0,37,168214.17,149786,179,42,0,0
117029,1,15,1158,10,0,37,168214.17,149786,179,42,0,0
117155,1,15,1180,10,0,37,168214.17,149786,179,42,0,0
117279,1,15,1178,10,0,37,168214.17,149786,179,42,0,0
117393,1,15,1180,10,0,37,168214.17,149786,179,42,0,0
117529,1,15,1180,10,0,37,168214.17,149786,179,42,0,0
117643,1,15,1179,10,0,37,168214.17,149786,179,42,0,0
117755,1,15,1171,10,0,37,168214.17,149786,179,42,0,0
117882,1,15,1206,10,0,37,168214.17,149786,179,42,0,0
118016,1,15,1174,10,0,37,168214.17,149786,179,42,0,0
118143,1,15,1141,10,0,37,168214.17,149786,179,42,0,0
118254,1,15,1141,10,0,37,168214.17,149786,179,42,0,0
118382,1,15,1146,9,0,37,168214.17,149786,179,42,0,0
118382,1,15,1146,9,0,37,168214.17,149786,179,42,0,0
118593,1,15,1145,9,0,37,168214.17,149786,179,42,0,0
118743,1,15,1144,9,0,37,168214.17,149786,179,42,0,0
118855,1,14,1116,9,0,37,168215.17,149786,179,42,0,0
118893,1,14,1116,9,0,37,168215.17,149786,179,42,0,0
119093,1,15,1110,9,0,37,168215.17,149786,179,42,0,0
119199,1,14,1109,9,0,37,168215.17,149786,179,42,0,0
119344,1,14,1108,9,0,37,168215.17,149786,179,42,0,0
119357,1,14,1108,9,0,37,168215.17,149786,179,42,0,0
119579,1,14,1105,9,0,37,168215.17,149786,179,42,0,0
119693,1,14,1107,9,0,37,168215.17,149786,179,42,0,0
119793,1,14,1074,9,0,37,168215.17,149786,179,42,0,0
119893,1,14,1072,8,0,37,168215.17,149786,179,42,0,0
120043,1,14,1072,6,0,37,168215.17,149786,179,42,0,0
120154,1,14,1069,5,0,37,168215.17,149786,179,42,0,0
120293,1,14,1068,5,0,37,168215.17,149786,179,42,0,0
120393,1,14,1067,4,0,37,168215.17,149786,179,42,0,0
120529,1,14,1067,0,0,37,168215.17,149786,179,42,0,0
120655,1,14,1060,0,0,37,168215.17,149786,179,42,0,0
120779,1,13,1061,0,0,37,168215.17,149786,179,43,0,0
120893,1,13,1062,0,0,37,168215.17,149786,179,43,0,0
120893,1,13,1062,0,0,37,168215.17,149786,179,43,0,0
121143,1,14,1028,0,0,37,168215.17,149786,179,43,0,0
121254,1,14,1027,0,0,37,168215.17,149786,179,43,0,0
121354,1,14,1058,0,0,37,168215.17,149786,179,43,0,0
121526,1,14,1058,0,0,37,168215.17,149786,179,43,0,0
121647,1,14,1086,0,0,37,168215.17,149786,179,43,0,0
121754,1,13,1084,0,0,37,168215.17,149786,179,43,0,0
121882,1,14,1082,0,0,37,168215.17,149786,179,43,0,0
121892,1,14,1082,0,0,37,168215.17,149786,179,43,0,0
122135,1,14,1082,0,0,37,168216.19,149786,179,43,0,0
122254,1,14,1078,0,0,37,168216.19,149786,179,43,0,0
122355,1,14,1076,0,0,37,168216.19,149786,179,43,0,0
122412,1,14,1044,0,0,37,168216.19,149786,179,43,0,0
122593,1,14,1042,0,0,37,168216.19,149786,179,43,0,0
122743,1,14,1072,0,0,37,168216.19,149786,179,43,0,0
122855,1,13,1039,0,0,37,168216.19,149786,179,43,0,0
122888,1,13,1039,0,0,37,168216.19,149786,179,43,0,0
123093,1,13,1006,0,0,37,168216.19,149786,179,43,0,0
123199,1,13,1007,0,0,37,168216.19,149786,179,43,0,0
123329,1,13,1006,0,0,37,168216.19,149786,179,43,0,0
123394,1,13,1008,0,0,37,168216.19,149786,179,43,0,0
123569,1,13,1007,5,0,37,168216.19,149786,179,43,0,0
123679,1,13,1006,22,0,37,168216.19,149786,179,43,0,0
123793,1,13,1012,22,0,37,168216.19,149786,179,43,0,0
123894,1,13,1020,22,0,37,168216.19,149786,179,43,0,0
124044,1,13,999,22,0,37,168216.19,149786,179,43,0,0
124156,1,13,971,22,0,37,168216.19,149786,179,43,0,0
124279,1,13,1006,22,0,37,168216.19,149786,179,43,0,0
124393,1,13,984,19,0,37,168216.19,149786,179,43,0,0
124393,1,13,984,19,0,37,168216.19,149786,179,43,0,0
124655,1,13,974,10,0,37,168216.19,149786,179,43,0,0
124754,1,13,969,9,0,37,168216.19,149786,179,43,0,0
124894,1,13,966,6,0,37,168216.19,149786,179,43,0,0
124894,1,13,966,6,0,37,168216.19,149786,179,43,0,0
125143,1,13,984,0,0,37,168216.19,149786,179,43,0,0
125258,1,12,981,0,0,37,168216.19,149786,179,43,0,0
125354,1,12,979,0,0,37,168216.19,149786,179,43,0,0
125524,1,12,979,0,0,37,168216.19,149786,179,43,0,0
125644,1,12,949,1,0,37,168216.19,149786,179,43,0,0
125754,1,12,950,1,0,37,168216.19,149786,179,43,0,0
125856,1,12,952,2,0,37,168216.19,149786,179,43,0,0
125895,1,12,952,2,0,37,168216.19,149786,179,43,0,0
126097,1,12,953,3,0,37,168216.19,149786,179,43,0,0
126229,1,12,985,6,0,37,168216.19,149786,179,43,0,0
126347,1,13,988,11,0,37,168217.20,149786,179,43,0,0
126397,1,12,988,11,0,37,168217.20,149786,179,43,0,0
126555,1,12,988,13,0,37,168217.20,149786,179,43,0,0
126699,1,12,940,21,0,37,168217.20,149786,179,44,0,0
126819,1,12,979,21,0,37,168217.20,149786,179,44,0,0
126894,1,13,988,22,0,37,168217.20,149786,179,44,0,0
127047,1,13,1017,27,0,37,168217.20,149786,179,44,0,0
127179,1,13,989,30,0,37,168217.20,149786,179,44,0,0
127293,1,13,960,29,0,37,168217.20,149786,179,44,0,0
127393,1,13,1023,29,0,37,168217.20,149786,179,44,0,0
127529,1,13,1023,29,0,37,168217.20,149786,179,44,0,0
127656,1,13,1010,28,0,37,168217.20,149786,179,44,0,0
127779,1,13,1007,25,0,37,168217.20,149786,179,44,0,0
127893,1,13,1003,19,0,37,168217.20,149786,179,44,0,0
128035,1,13,1038,2,0,37,168217.20,149786,179,44,0,0
128154,1,13,1002,0,0,37,168217.20,149786,179,44,0,0
128258,1,13,1023,0,0,37,168217.20,149786,179,44,0,0
128382,1,13,1023,0,0,37,168217.20,149786,179,44,0,0
128522,1,13,1023,7,0,37,168217.20,149786,179,44,0,0
128644,1,13,1014,10,0,37,168217.20,149786,179,44,0,0
128757,1,13,1021,10,0,37,168217.20,149786,179,44,0,0
128882,1,13,994,10,0,37,168217.20,149786,179,44,0,0
129009,1,13,964,10,0,37,168217.20,149786,179,44,0,0
129147,1,13,968,10,0,37,168218.20,149786,179,44,0,0
129256,1,13,972,10,0,37,168218.20,149786,179,44,0,0
129382,1,13,972,9,0,37,168218.20,149786,179,44,0,0
129521,1,13,972,7,0,37,168218.20,149786,179,44,0,0
129644,1,13,970,2,0,37,168218.20,149786,179,44,0,0
129756,1,13,965,2,0,37,168218.20,149786,179,44,0,0
129856,1,13,991,2,0,37,168218.20,149786,179,44,0,0
129897,1,13,991,2,0,37,168218.20,149786,179,44,0,0
130097,1,12,987,0,0,37,168218.20,149786,179,44,0,0
130229,1,12,951,0,0,37,168218.20,149786,179,44,0,0
130347,1,12,980,0,0,37,168218.20,149786,179,44,0,0
130382,1,12,980,0,0,37,168218.20,149786,179,44,0,0
130579,1,12,948,0,0,37,168218.20,149786,179,44,0,0
130703,1,12,916,0,0,37,168218.20,149786,179,44,0,0
130829,1,12,948,0,0,37,168218.20,149786,179,44,0,0
130893,1,12,949,0,0,37,168218.20,149786,179,44,0,0
131044,1,12,923,0,0,37,168218.20,149786,179,44,0,0
131179,1,12,920,0,0,37,168218.20,149786,179,44,0,0
131297,1,12,954,27,0,37,168218.20,149786,179,44,0,0
131394,1,12,929,30,0,37,168218.20,149786,179,44,0,0
131545,1,12,929,30,0,37,168218.20,149786,179,44,0,0
131656,1,12,896,34,0,37,168218.20,149786,179,44,0,0
131779,1,12,991,34,0,37,168218.20,149786,179,44,0,0
131893,1,12,937,31,0,37,168218.20,149786,179,44,0,0
132033,1,12,940,31,0,37,168218.20,149786,179,44,0,0
132154,1,12,1022,30,0,37,168218.20,149786,179,44,0,0
132279,1,13,990,30,0,37,168219.20,149786,179,44,0,0
132397,1,13,960,28,0,37,168219.20,149786,179,44,0,0
132440,1,13,960,26,0,37,168219.20,149786,179,44,0,0
132655,1,13,1021,26,0,37,168219.20,149786,179,44,0,0
132755,1,13,988,26,0,37,168219.20,149786,179,44,0,0
132882,1,12,989,26,0,37,168219.20,149786,179,44,0,0
133006,1,12,953,25,0,37,168219.20,149786,179,44,0,0
133143,1,12,990,24,0,37,168219.20,149786,179,44,0,0
133258,1,13,1022,24,0,37,168219.20,149786,179,44,0,0
133382,1,13,1019,24,0,37,168219.20,149786,179,44,0,0
133382,1,13,1019,24,0,37,168219.20,149786,179,44,0,0
133635,1,12,1049,23,0,37,168219.20,149786,179,44,0,0
133747,1,13,1047,22,0,37,168219.20,149786,179,44,0,0
133855,1,13,1036,22,0,37,168219.20,149786,179,44,0,0
133893,1,13,1036,22,0,37,168219.20,149786,179,44,0,0
134094,1,14,1027,22,0,37,168219.20,149786,179,44,0,0
134200,1,14,1060,22,0,37,168219.20,149786,179,44,0,0
134344,1,14,1063,25,0,37,168220.22,149786,179,44,0,0
134397,1,14,1063,25,0,37,168220.22,149786,179,44,0,0
134556,1,14,1063,25,0,37,168220.22,149786,179,44,0,0
134700,1,14,1069,25,0,37,168220.22,149786,179,44,0,0
134819,1,14,1070,25,0,37,168220.22,149786,179,44,0,0
134882,1,14,1069,29,0,37,168220.22,149786,179,44,0,0
135056,1,14,1072,29,0,37,168220.22,149786,179,44,0,0
135155,1,14,1076,29,0,37,168220.22,149786,179,44,0,0
135279,1,14,1078,29,0,37,168220.22,149786,179,44,0,0
135393,1,14,1075,29,0,37,168220.22,149786,179,44,0,0
135544,1,14,1073,29,0,37,168220.22,149786,179,44,0,0
135656,1,14,1105,29,0,37,168220.22,149786,179,44,0,0
135779,1,14,1104,29,0,37,168220.22,149786,179,44,0,0
135897,1,14,1103,29,0,37,168220.22,149786,179,44,0,0
136030,1,14,1105,29,0,37,168220.22,149786,179,44,0,0
136144,1,14,1137,29,0,37,168220.22,149786,179,44,0,0
136258,1,15,1138,29,0,37,168220.22,149786,179,44,0,0
136382,1,15,1139,29,0,37,168220.22,149786,179,45,0,0
136517,1,15,1139,29,0,37,168220.22,149786,179,45,0,0
136655,1,15,1135,22,0,37,168220.22,149786,179,45,0,0
136758,1,15,1162,21,0,37,168221.23,149786,179,45,0,0
136882,1,15,1150,15,0,37,168221.23,149786,179,45,0,0
136882,1,15,1150,15,0,37,168221.23,149786,179,45,0,0
137135,1,15,1164,7,0,37,168221.23,149786,179,45,0,0
137258,1,15,1131,5,0,37,168221.23,149786,179,45,0,0
137355,1,15,1131,5,0,37,168221.23,149786,179,45,0,0
137399,1,15,1131,5,0,37,168221.23,149786,179,45,0,0
137594,1,15,1089,5,0,37,168221.23,149786,179,45,0,0
137729,1,15,1117,5,0,37,168221.23,149786,179,45,0,0
137847,1,14,1145,5,0,37,168221.23,149786,179,45,0,0
137894,1,14,1145,5,0,37,168221.23,149786,179,45,0,0
138069,1,14,1146,5,0,37,168221.23,149786,179,45,0,0
138203,1,14,1113,5,0,37,168221.23,149786,179,45,0,0
138319,1,14,1112,5,0,37,168221.23,149786,179,45,0,0
138397,1,14,1113,5,0,37,168221.23,149786,179,45,0,0
138556,1,14,1113,5,0,37,168221.23,149786,179,45,0,0
138679,1,14,1113,9,0,37,168221.23,149786,179,45,0,0
138797,1,14,1081,9,0,37,168221.23,149786,179,45,0,0
138897,1,14,1081,9,0,37,168221.23,149786,179,45,0,0
139055,1,14,1081,9,0,37,168221.23,149786,179,45,0,0
139179,1,14,1084,9,0,37,168221.23,149786,179,45,0,0
139297,1,13,1085,9,0,37,168221.23,149786,179,45,0,0
139397,1,13,1086,9,0,37,168221.23,149786,179,45,0,0
139547,1,13,1024,9,0,37,168221.23,149786,179,45,0,0
139655,1,13,1025,11,0,37,168221.23,149786,179,45,0,0
139779,1,14,1025,11,0,37,168221.23,149786,179,45,0,0
139897,1,13,1027,11,0,37,168221.23,149786,179,45,0,0
139897,1,13,1027,11,0,37,168221.23,149786,179,45,0,0
140155,1,13,1035,24,0,37,168221.23,149786,179,45,0,0
140279,1,13,1037,27,0,37,168221.23,149786,179,45,0,0
140382,1,13,1015,27,0,37,168221.23,149786,179,45,0,0
140382,1,13,1015,27,0,37,168221.23,149786,179,45,0,0
140655,1,13,1043,29,0,37,168222.25,149786,179,45,0,0
140758,1,14,1039,34,0,37,168222.25,149786,179,45,0,0
140882,1,14,1075,35,0,37,168222.25,149786,179,45,0,0
140896,1,14,1075,35,0,37,168222.25,149786,179,45,0,0
141104,1,14,1086,37,0,37,168222.25,149786,179,45,0,0
141229,1,14,1082,24,0,37,168222.25,149786,179,45,0,0
141355,1,14,1066,8,0,37,168222.25,149786,179,45,0,0
141384,1,14,1066,8,0,37,168222.25,149786,179,45,0,0
141597,1,14,1085,8,0,37,168222.25,149786,179,45,0,0
141703,1,13,1077,8,0,37,168222.25,149786,179,45,0,0
141829,1,14,1074,0,0,37,168222.25,149786,179,45,0,0
141898,1,13,1070,0,0,37,168222.25,149786,179,45,0,0
142055,1,14,1065,0,0,37,168222.25,149786,179,45,0,0
142197,1,13,1017,0,0,37,168222.25,149786,179,45,0,0
142297,1,14,1049,0,0,37,168222.25,149786,179,45,0,0
142397,1,13,1020,0,0,37,168222.25,149786,179,45,0,0
142555,1,13,1007,0,0,37,168222.25,149786,179,45,0,0
142679,1,13,1010,0,0,37,168222.25,149786,179,45,0,0
142797,1,13,980,0,0,37,168222.25,149786,179,45,0,0
142897,1,13,981,0,0,37,168222.25,149786,179,45,0,0
143051,1,12,980,0,0,37,168222.25,149786,179,45,0,0
143156,1,12,949,0,0,37,168222.25,149786,179,45,0,0
143279,1,12,950,0,0,37,168222.25,149786,179,45,0,0
143397,1,12,921,0,0,37,168222.25,149786,179,45,0,0
143397,1,12,921,0,0,37,168222.25,149786,179,45,0,0
143655,1,12,899,0,0,37,168222.25,149786,179,45,0,0
143779,1,12,935,0,0,37,168222.25,149786,179,45,0,0
143897,1,11,904,0,0,37,168223.27,149786,179,45,0,0
143937,1,11,904,0,0,37,168223.27,149786,179,45,0,0
144155,1,11,905,0,0,37,168223.27,149786,179,45,0,0
144259,1,11,912,0,0,37,168223.27,149786,179,45,0,0
144382,1,11,901,0,0,37,168223.27,149786,179,45,0,0
144396,1,11,869,0,0,37,168223.27,149786,179,45,0,0
144597,1,11,894,0,0,37,168223.27,149786,179,45,0,0
144729,1,12,914,0,0,37,168223.27,149786,179,45,0,0
144855,1,11,894,0,0,37,168223.27,149786,179,45,0,0
144896,1,11,926,0,0,37,168223.27,149786,179,45,0,0
145097,1,12,914,0,0,37,168223.27,149786,179,45,0,0
145202,1,12,907,0,0,37,168223.27,149786,179,45,0,0
145329,1,12,911,0,0,37,168223.27,149786,179,45,0,0
145397,1,12,909,0,0,37,168223.27,149786,179,45,0,0
145547,1,12,902,0,0,37,168223.27,149786,179,45,0,0
145678,1,12,899,0,0,37,168223.27,149786,179,45,0,0
145797,1,12,904,0,0,37,168223.27,149786,179,45,0,0
145897,1,12,902,0,0,37,168223.27,149786,179,45,0,0
146056,1,12,902,0,0,37,168223.27,149786,179,45,0,0
146179,1,12,924,0,0,37,168223.27,149786,179,45,0,0
146297,1,12,896,0,0,37,168223.27,149786,179,45,0,0
146396,1,12,906,0,0,37,168224.28,149786,179,45,0,0
146547,1,12,922,0,0,37,168224.28,149786,179,45,0,0
146655,1,12,923,0,0,37,168224.28,149786,179,45,0,0
146779,1,12,922,0,0,37,168224.28,149786,179,45,0,0
146897,1,11,919,0,0,37,168224.28,149786,179,45,0,0
146945,1,11,919,0,0,37,168224.28,149786,179,45,0,0
147155,1,12,913,0,0,37,168224.28,149786,179,45,0,0
147279,1,12,947,0,0,37,168224.28,149786,179,45,0,0
147396,1,12,943,0,0,37,168224.28,149786,179,45,0,0
147396,1,12,943,0,0,37,168224.28,149786,179,45,0,0
147634,1,12,930,0,0,37,168224.28,149786,179,45,0,0
147758,1,13,973,0,0,37,168224.28,149786,179,45,0,0
147855,1,12,971,0,0,37,168224.28,149786,179,45,0,0
147896,1,12,939,0,0,37,168224.28,149786,179,45,0,0
148096,1,12,969,0,0,37,168224.28,149786,179,45,0,0
148228,1,13,1003,0,0,37,168224.28,149786,179,45,0,0
148346,1,12,971,0,0,37,168224.28,149786,179,45,0,0
148429,1,13,1003,0,0,37,168224.28,149786,179,45,0,0
148586,1,13,997,0,0,37,168224.28,149786,179,45,0,0
148702,1,13,997,0,0,37,168225.28,149786,179,45,0,0
148818,1,13,1022,0,0,37,168225.28,149786,179,45,0,0
148896,1,13,1021,0,0,37,168225.28,149786,179,45,0,0
149055,1,13,1017,0,0,37,168225.28,149786,179,45,0,0
149178,1,13,1042,0,0,37,168225.28,149786,179,45,0,0
149296,1,14,1036,0,0,37,168225.28,149786,179,45,0,0
149396,1,14,1068,0,0,37,168225.28,149786,179,45,0,0
149560,1,14,1065,0,0,37,168225.28,149786,179,45,0,0
149678,1,14,1087,0,0,37,168225.28,149786,179,45,0,0
149796,1,14,1057,0,0,37,168225.28,149786,179,45,0,0
149896,1,13,1059,0,0,37,168225.28,149786,179,45,0,0
150055,1,14,1059,0,0,37,168225.28,149786,179,45,0,0
150178,1,14,1087,1,0,37,168225.28,149786,179,45,0,0
150296,1,14,1086,6,0,37,168225.28,149786,179,45,0,0
150396,1,13,1087,10,0,37,168225.28,149786,179,45,0,0
150396,1,13,1087,10,0,37,168225.28,149786,179,45,0,0
150655,1,14,1068,17,0,37,168225.28,149786,179,45,0,0
150778,1,14,1076,25,0,37,168225.28,149786,179,45,0,0
150896,1,14,1057,25,0,37,168225.28,149786,179,45,0,0
150896,1,14,1057,25,0,37,168225.28,149786,179,45,0,0
151155,1,14,1063,26,0,37,168225.28,149786,179,45,0,0
151257,1,14,1067,26,0,37,168225.28,149786,179,45,0,0
151381,1,14,1063,26,0,37,168225.28,149786,179,45,0,0
151431,1,14,1063,26,0,37,168225.28,149786,179,45,0,0
151610,1,14,1049,26,0,37,168225.28,149786,179,45,0,0
151728,1,14,1081,26,0,37,168226.28,149786,179,45,0,0
151855,1,14,1083,20,0,37,168226.28,149786,179,45,0,0
151896,1,14,1083,20,0,37,168226.28,149786,179,45,0,0
152096,1,14,1068,14,0,37,168226.28,149786,179,45,0,0
152202,1,14,1117,11,0,37,168226.28,149786,179,45,0,0
152328,1,14,1117,9,0,37,168226.28,149786,179,45,0,0
152396,1,14,1113,9,0,37,168226.28,149786,179,45,0,0
152546,1,14,1099,6,0,37,168226.28,149786,179,45,0,0
152678,1,14,1099,1,0,37,168226.28,149786,179,45,0,0
152796,1,14,1099,0,0,37,168226.28,149786,179,45,0,0
152896,1,14,1066,0,0,37,168226.28,149786,179,45,0,0
153055,1,14,1087,0,0,37,168226.28,149786,179,45,0,0
153178,1,14,1056,0,0,37,168226.28,149786,179,45,0,0
153296,1,14,1060,0,0,37,168226.28,149786,179,45,0,0
153396,1,14,1061,0,0,37,168226.28,149786,179,45,0,0
153532,1,14,1061,0,0,37,168226.28,149786,179,45,0,0
153655,1,13,1055,0,0,37,168226.28,149786,179,45,0,0
153778,1,13,1026,0,0,37,168226.28,149786,179,45,0,0
153896,1,13,997,0,0,37,168226.28,149786,179,45,0,0
153940,1,13,997,0,0,37,168226.28,149786,179,45,0,0
154155,1,13,965,0,0,37,168226.28,149786,179,45,0,0
154278,1,13,996,0,0,37,168226.28,149786,179,45,0,0
154396,1,13,997,0,0,37,168226.28,149786,179,45,0,0
154428,1,13,997,0,0,37,168226.28,149786,179,45,0,0
154634,1,13,997,0,0,37,168226.28,149786,179,45,0,0
154746,1,13,996,0,0,37,168227.30,149786,179,45,0,0
154855,1,13,996,0,0,37,168227.30,149786,179,45,0,0
154959,1,13,996,0,0,37,168227.30,149786,179,45,0,0
155078,1,13,996,0,0,37,168227.30,149786,179,45,0,0
155228,1,13,963,0,0,37,168227.30,149786,179,45,0,0
155346,1,13,961,0,0,37,168227.30,149786,179,45,0,0
155396,1,13,961,0,0,37,168227.30,149786,179,45,0,0
155568,1,13,961,0,0,37,168227.30,149786,179,45,0,0
155702,1,12,963,0,0,37,168227.30,149786,179,45,0,0
155818,1,12,930,0,0,37,168227.30,149786,179,45,0,0
155928,1,12,932,0,0,37,168227.30,149786,179,45,0,0
156078,1,12,933,0,0,37,168227.30,149786,179,45,0,0
156202,1,12,938,0,0,37,168227.30,149786,179,45,0,0
156318,1,12,940,3,0,37,168227.30,149786,179,45,0,0
156428,1,12,940,5,0,37,168227.30,149786,179,45,0,0
156454,1,12,940,5,0,37,168227.30,149786,179,45,0,0
156678,1,12,972,11,0,37,168227.30,149786,160,45,0,0
156796,1,12,944,11,0,37,168227.30,149786,160,45,0,0
156896,1,12,981,11,0,37,168227.30,149786,160,45,0,0
157111,1,12,935,11,0,37,168227.30,149786,160,45,0,0
157228,1,12,969,13,0,37,168227.30,149786,160,45,0,0
157328,1,13,969,14,0,37,168227.30,149786,160,45,0,0
157446,1,12,969,14,0,37,168227.30,149786,160,45,0,0
157581,1,12,969,14,0,37,168227.30,149786,160,45,0,0
157702,1,12,1009,14,0,37,168227.30,149786,160,45,0,0
157818,1,13,1011,14,0,37,168227.30,149786,160,45,0,0
157896,1,13,1011,14,0,37,168228.33,149786,160,45,0,0
158068,1,13,1007,12,0,37,168228.33,149786,160,45,0,0
158178,1,13,997,11,0,37,168228.33,149786,160,45,0,0
158296,1,13,1029,14,0,37,168228.33,149786,160,45,0,0
158396,1,13,1030,16,0,37,168228.33,149786,160,45,0,0
158554,1,13,1030,16,0,37,168228.33,149786,160,45,0,0
158678,1,13,1031,9,0,37,168228.33,149786,160,45,0,0
158796,1,13,1029,9,0,37,168228.33,149786,160,45,0,0
158896,1,13,1046,15,0,37,168228.33,149786,160,45,0,0
158961,1,13,1042,16,0,37,168228.33,149786,160,45,0,0
159178,1,13,1032,9,0,37,168228.33,149786,160,45,0,0
159296,1,14,1042,9,0,37,168228.33,149786,160,45,0,0
159396,1,13,1028,9,0,37,168228.33,149786,160,45,0,0
159446,1,13,1047,9,0,37,168228.33,149786,160,45,0,0
159646,1,13,1015,9,0,37,168228.33,149786,160,45,0,0
159757,1,13,1051,9,0,37,168228.33,149786,160,45,0,0
159881,1,13,1026,9,0,37,168228.33,149786,160,45,0,0
159928,1,13,1026,9,0,37,168228.33,149786,160,45,0,0
160109,1,13,1017,9,0,37,168228.33,149786,160,45,0,0
160228,1,13,1045,8,0,37,168228.33,149786,160,45,0,0
160355,1,13,1015,8,0,37,168228.33,149786,160,45,0,0
160446,1,13,1047,8,0,37,168228.33,149786,160,45,0,0
160579,1,13,1047,8,0,37,168228.33,149786,160,45,0,0
160728,1,13,1048,8,0,37,168229.33,149786,160,45,0,0
160846,1,13,1046,8,0,37,168229.33,149786,160,45,0,0
160896,1,13,1014,8,0,37,168229.33,149786,160,45,0,0
161078,1,13,1045,8,0,37,168229.33,149786,160,45,0,0
161202,1,13,1012,8,0,37,168229.33,149786,160,45,0,0
161328,1,13,1045,9,0,37,168229.33,149786,160,45,0,0
161396,1,13,1014,9,0,37,168229.33,149786,160,45,0,0
161554,1,13,1014,23,0,37,168229.33,149786,160,45,0,0
161678,1,13,1047,27,0,37,168229.33,149786,160,45,0,0
161796,1,13,1036,27,0,37,168229.33,149786,160,45,0,0
161928,1,13,1032,50,0,37,168229.33,149786,160,45,0,0
162068,1,14,1069,50,0,37,168229.33,149786,160,46,0,0
162178,1,14,1064,53,0,37,168229.33,149786,160,46,0,0
162296,1,14,1073,39,0,37,168229.33,149786,160,46,0,0
162396,1,14,1100,39,0,37,168229.33,149786,160,46,0,0
162429,1,14,1100,39,0,37,168229.33,149786,160,46,0,0
162678,1,14,1087,40,0,37,168229.33,149786,160,46,0,0
162796,1,14,1114,40,0,37,168230.36,149786,160,46,0,0
162896,1,14,1122,40,0,37,168230.36,149786,160,46,0,0
162927,1,14,1122,33,0,37,168230.36,149786,160,46,0,0
163155,1,15,1123,23,0,37,168230.36,149786,160,46,0,0
163278,1,15,1135,20,0,37,168230.36,149786,160,46,0,0
163396,1,15,1161,15,0,37,168230.36,149786,160,46,0,0
163396,1,15,1161,15,0,37,168230.36,149786,160,46,0,0
163646,1,15,1121,10,0,37,168230.36,149786,160,46,0,0
163757,1,15,1153,10,0,37,168230.36,149786,160,46,0,0
163881,1,15,1126,10,0,37,168230.36,149786,160,46,0,0
163896,1,15,1126,10,0,37,168230.36,149786,160,46,0,0
164107,1,15,1129,10,0,37,168230.36,149786,160,46,0,0
164228,1,15,1163,13,0,37,168230.36,149786,160,46,0,0
164355,1,15,1134,27,0,37,168230.36,149786,160,46,0,0
164449,1,15,1169,31,0,37,168230.36,149786,160,46,0,0
164578,1,15,1169,31,0,37,168230.36,149786,157,46,0,0
164701,1,15,1142,23,0,37,168230.36,149786,157,46,0,0
164828,1,15,1145,17,0,37,168230.36,149786,157,46,0,0
164928,1,15,1138,17,0,37,168230.36,149786,157,46,0,0
165078,1,15,1120,17,0,37,168230.36,149786,157,46,0,0
165202,1,15,1144,18,0,37,168230.36,149786,157,46,0,0
165346,1,15,1152,18,0,37,168230.36,149786,157,46,0,0
165446,1,15,1157,24,0,37,168230.36,149786,157,46,0,0
165578,1,15,1157,24,0,37,168230.36,149786,157,46,0,0
165702,1,15,1125,35,0,37,168231.38,149786,157,46,0,0
165828,1,14,1149,31,0,37,168231.38,149786,157,46,0,0
165928,1,15,1135,31,0,37,168231.38,149786,157,46,0,0
166078,1,15,1122,31,0,37,168231.38,149786,157,46,0,0
166202,1,15,1139,36,0,37,168231.38,149786,157,46,0,0
166318,1,15,1174,35,0,37,168231.38,149786,157,46,0,0
166428,1,15,1182,33,0,37,168231.38,149786,157,46,0,0
166575,1,15,1183,33,0,37,168231.38,149786,157,46,0,0
166696,1,15,1211,28,0,37,168231.38,149786,157,46,0,0
166796,1,15,1209,21,0,37,168231.38,149786,157,46,0,0
166896,1,15,1206,20,0,37,168231.38,149786,157,46,0,0
166951,1,15,1190,19,0,37,168231.38,149786,157,46,0,0
167154,1,16,1211,19,0,37,168231.38,149786,157,46,0,0
167278,1,16,1209,19,0,37,168231.38,149786,157,46,0,0
167396,1,16,1212,18,0,37,168231.38,149786,157,46,0,0
167396,1,16,1212,18,0,37,168231.38,149786,157,46,0,0
167633,1,16,1184,24,0,37,168231.38,149786,157,46,0,0
167757,1,16,1192,17,0,37,168231.38,149786,157,46,0,0
167854,1,16,1195,17,0,37,168232.39,149786,157,46,0,0
167928,1,16,1227,17,0,37,168232.39,149786,157,46,0,0
168096,1,16,1213,17,0,37,168232.39,149786,157,46,0,0
168228,1,16,1213,3,0,37,168232.39,149786,157,46,0,0
168354,1,16,1197,3,0,37,168232.39,149786,157,46,0,0
168446,1,16,1191,3,0,37,168232.39,149786,157,46,0,0
168578,1,16,1191,3,0,37,168232.39,149786,157,46,0,0
168701,1,15,1156,6,0,37,168232.39,149786,157,46,0,0
168828,1,15,1183,6,0,37,168232.39,149786,157,46,0,0
168928,1,15,1180,6,0,37,168232.39,149786,157,46,0,0
169068,1,15,1181,6,0,37,168232.39,149786,157,46,0,0
169196,1,15,1180,10,0,37,168232.39,149786,157,46,0,0
169296,1,15,1183,10,0,37,168232.39,149786,157,46,0,0
169428,1,14,1154,10,0,37,168232.39,149786,157,46,0,0
169428,1,14,1154,10,0,37,168232.39,149786,157,46,0,0
169678,1,15,1158,18,0,37,168232.39,149786,157,46,0,0
169796,1,14,1161,18,0,37,168232.39,149786,157,46,0,0
169896,1,15,1134,12,0,37,168232.39,149786,157,46,0,0
169946,1,15,1138,11,0,37,168232.39,149786,157,46,0,0
170154,1,14,1137,12,0,37,168232.39,149786,157,46,0,0
170257,1,14,1136,12,0,37,168232.39,149786,157,46,0,0
170395,1,15,1137,12,0,37,168232.39,149786,157,46,0,0
170446,1,15,1136,12,0,37,168232.39,149786,157,46,0,0
170624,1,14,1139,12,0,37,168232.39,149786,157,46,0,0
170746,1,15,1141,12,0,37,168232.39,149786,157,46,0,0
170854,1,15,1140,12,0,37,168232.39,149786,157,46,0,0
170957,1,15,1141,12,0,37,168232.39,149786,157,46,0,0
171096,1,15,1138,12,0,37,168232.39,149786,157,46,0,0
171228,1,15,1138,17,0,37,168233.41,149786,157,46,0,0
171346,1,14,1138,20,0,37,168233.41,149786,157,46,0,0
171457,1,14,1111,20,0,37,168233.41,149786,157,46,0,0
171481,1,14,1111,20,0,37,168233.41,149786,157,46,0,0
171701,1,14,1094,20,0,37,168233.41,149786,157,46,0,0
171828,1,14,1090,21,0,37,168233.41,149786,157,46,0,0
171946,1,14,1124,21,0,37,168233.41,149786,157,46,0,0
172084,1,14,1124,21,0,37,168233.41,149786,157,46,0,0
172201,1,15,1126,21,0,37,168233.41,149786,157,46,0,0
172328,1,15,1126,21,0,37,168233.41,149786,157,46,0,0
172428,1,15,1128,21,0,37,168233.41,149786,157,46,0,0
172578,1,14,1128,21,0,37,168233.41,149786,157,46,0,0
172701,1,14,1130,21,0,37,168233.41,149786,157,46,0,0
172818,1,15,1131,21,0,37,168233.41,149786,157,47,0,0
172930,1,15,1128,21,0,37,168233.41,149786,157,47,0,0
172947,1,15,1158,21,0,37,168233.41,149786,157,47,0,0
173178,1,15,1157,20,0,37,168233.41,149786,157,47,0,0
173295,1,15,1155,18,0,37,168233.41,149786,157,47,0,0
173396,1,15,1156,18,0,37,168233.41,149786,157,47,0,0
173448,1,15,1156,18,0,37,168233.41,149786,157,47,0,0
173654,1,15,1156,16,0,37,168233.41,149787,157,47,0,0
173778,1,15,1181,16,0,37,168233.41,149787,157,47,0,0
173896,1,15,1182,16,0,37,168234.42,149787,157,47,0,0
173957,1,15,1149,16,0,37,168234.42,149787,157,47,0,0
174109,1,15,1181,16,0,37,168234.42,149787,157,47,0,0
174257,1,15,1172,10,0,37,168234.42,149787,157,47,0,0
174354,1,15,1134,10,0,37,168234.42,149787,157,47,0,0
174454,1,14,1131,10,0,37,168234.42,149787,157,47,0,0
174596,1,14,1131,10,0,37,168234.42,149787,157,47,0,0
174746,1,15,1136,16,0,37,168234.42,149787,157,47,0,0
174854,1,15,1139,16,0,37,168234.42,149787,157,47,0,0
174945,1,15,1138,16,0,37,168234.42,149787,157,47,0,0
175095,1,15,1141,16,0,37,168234.42,149787,157,47,0,0
175228,1,14,1112,16,0,37,168234.42,149787,157,47,0,0
175345,1,14,1114,16,0,37,168234.42,149787,157,47,0,0
175463,1,14,1117,16,0,37,168234.42,149787,157,47,0,0
175595,1,14,1117,16,0,37,168234.42,149787,157,47,0,0
175701,1,14,1120,16,0,37,168234.42,149787,157,47,0,0
175827,1,15,1121,16,0,37,168234.42,149787,157,47,0,0
175927,1,14,1090,16,0,37,168234.42,149787,157,47,0,0
176082,1,14,1121,16,0,37,168234.42,149787,157,47,0,0
176201,1,14,1090,16,0,37,168234.42,149787,157,47,0,0
176317,1,14,1092,16,0,37,168234.42,149787,157,47,0,0
176427,1,14,1089,16,0,37,168234.42,149787,157,47,0,0
176577,1,14,1088,16,0,37,168234.42,149787,157,47,0,0
176695,1,15,1150,16,0,37,168234.42,149787,157,47,0,0
176795,1,15,1116,16,0,37,168234.42,149787,157,47,0,0
176927,1,14,1148,17,0,37,168234.42,149787,157,47,0,0
176973,1,15,1146,17,0,37,168235.44,149787,157,47,0,0
177154,1,14,1149,18,0,37,168235.44,149787,157,47,0,0
177278,1,15,1149,19,0,37,168235.44,149787,157,47,0,0
177395,1,15,1120,20,0,37,168235.44,149787,157,47,0,0
177427,1,15,1120,23,0,37,168235.44,149787,157,47,0,0
177633,1,15,1122,27,0,37,168235.44,149787,157,47,0,0
177756,1,15,1162,27,0,37,168235.44,149787,157,47,0,0
177880,1,15,1164,27,0,37,168235.44,149787,157,47,0,0
177972,1,15,1162,27,0,37,168235.44,149787,157,47,0,0
178095,1,15,1158,27,0,37,168235.44,149787,157,47,0,0
178228,1,15,1158,27,0,37,168235.44,149787,157,47,0,0
178354,1,15,1190,27,0,37,168235.44,149787,157,47,0,0
178446,1,15,1161,27,0,37,168235.44,149787,157,47,0,0
178578,1,15,1161,27,0,37,168235.44,149787,157,47,0,0
178702,1,15,1164,27,0,37,168235.44,149787,157,47,0,0
178827,1,16,1230,27,0,37,168235.44,149787,157,47,0,0
178957,1,16,1200,27,0,37,168235.44,149787,157,47,0,0
178957,1,16,1200,27,0,37,168235.44,149787,157,47,0,0
179201,1,16,1231,27,0,37,168235.44,149787,157,47,0,0
179327,1,16,1233,27,0,37,168235.44,149787,157,47,0,0
179445,1,16,1229,27,0,37,168236.45,149787,157,47,0,0
179478,1,16,1229,27,0,37,168236.45,149787,157,47,0,0
179677,1,16,1229,27,0,37,168236.45,149787,157,47,0,0
179795,1,16,1229,27,0,37,168236.45,149787,157,47,0,0
179895,1,16,1231,27,0,37,168236.45,149787,157,47,0,0
179978,1,16,1232,27,0,37,168236.45,149787,157,47,0,0
180145,1,16,1266,27,0,37,168236.45,149787,157,47,0,0
180277,1,16,1265,27,0,37,168236.45,149787,157,47,0,0
180395,1,16,1267,27,0,37,168236.45,149787,157,47,0,0
180478,1,16,1266,27,0,37,168236.45,149787,157,47,0,0
180595,1,16,1265,27,0,37,168236.45,149787,157,47,0,0
180745,1,16,1262,25,0,37,168236.45,149787,157,47,0,0
180854,1,16,1261,25,0,37,168236.45,149787,157,47,0,0
180977,1,16,1259,25,0,37,168236.45,149787,157,47,0,0
181104,1,16,1259,25,0,37,168236.45,149787,157,47,0,0
181227,1,16,1259,25,0,37,168236.45,149787,157,47,0,0
181354,1,17,1263,25,0,37,168236.45,149787,157,47,0,0
181462,1,16,1262,25,0,37,168236.45,149787,157,47,0,0
181462,1,16,1262,25,0,37,168236.45,149787,157,47,0,0
181727,1,16,1294,25,0,37,168237.45,149787,157,47,0,0
181845,1,17,1262,25,0,37,168237.45,149787,157,47,0,0
181957,1,17,1291,25,0,37,168237.45,149787,157,47,0,0
182104,1,17,1259,25,0,37,168237.45,149787,157,47,0,0
182201,1,17,1291,23,0,37,168237.45,149787,157,47,0,0
182327,1,17,1291,21,0,37,168237.45,149787,157,47,0,0
182457,1,17,1259,21,0,37,168237.45,149787,157,47,0,0
182595,1,17,1287,21,0,37,168237.45,149787,157,47,0,0
182701,1,16,1256,19,0,37,168237.45,149787,157,47,0,0
182827,1,16,1258,23,0,37,168237.45,149787,157,47,0,0
182957,1,16,1285,30,0,37,168237.45,149787,157,48,0,0
182957,1,16,1285,30,0,37,168237.45,149787,157,48,0,0
183201,1,16,1261,22,0,37,168237.45,149787,157,48,0,0
183327,1,16,1263,21,0,37,168237.45,149787,157,48,0,0
183445,1,16,1253,22,0,37,168237.45,149787,157,48,0,0
183470,1,16,1253,22,0,37,168237.45,149787,157,48,0,0
183677,1,16,1221,22,0,37,168237.45,149787,157,48,0,0
183795,1,16,1195,21,0,37,168237.45,149787,157,48,0,0
183895,1,16,1231,21,0,37,168237.45,149787,157,48,0,0
184001,1,16,1230,21,0,37,168238.47,149787,157,48,0,0
184133,1,16,1232,20,0,37,168238.47,149787,157,48,0,0
184277,1,16,1197,19,0,37,168238.47,149787,157,48,0,0
184395,1,16,1229,19,0,37,168238.47,149787,157,48,0,0
184488,1,16,1226,23,0,37,168238.47,149787,157,48,0,0
184615,1,16,1194,23,0,37,168238.47,149787,157,48,0,0
184756,1,15,1191,23,0,37,168238.47,149787,157,48,0,0
184880,1,16,1192,23,0,37,168238.47,149787,157,48,0,0
184956,1,16,1224,24,0,37,168238.47,149787,157,48,0,0
185102,1,16,1224,24,0,37,168238.47,149787,157,48,0,0
185248,1,16,1222,24,0,37,168238.47,149787,157,48,0,0
185354,1,16,1195,24,0,37,168238.47,149787,157,48,0,0
185487,1,16,1227,24,0,37,168238.47,149787,157,48,0,0
185487,1,16,1227,24,0,37,168238.47,149787,157,48,0,0
185727,1,16,1228,24,0,37,168238.47,149787,157,48,0,0
185827,1,16,1230,24,0,37,168238.47,149787,157,48,0,0
185957,1,16,1231,24,0,37,168238.47,149787,157,48,0,0
186101,1,16,1231,24,0,37,168238.47,149787,157,48,0,0
186201,1,16,1229,24,0,37,168238.47,149787,157,48,0,0
186327,1,16,1227,24,0,37,168238.47,149787,157,48,0,0
186453,1,16,1226,24,0,37,168239.48,149787,157,48,0,0
186478,1,16,1226,24,0,37,168239.48,149787,157,48,0,0
186677,1,16,1194,24,0,37,168239.48,149787,157,48,0,0
186798,1,16,1226,24,0,37,168239.48,149787,157,48,0,0
186927,1,16,1228,24,0,37,168239.48,149787,157,48,0,0
186956,1,16,1230,24,0,37,168239.48,149787,157,48,0,0
187154,1,16,1231,24,0,37,168239.48,149787,157,48,0,0
187277,1,16,1231,24,0,37,168239.48,149787,157,48,0,0
187395,1,16,1232,24,0,37,168239.48,149787,157,48,0,0
187478,1,16,1233,24,0,37,168239.48,149787,157,48,0,0
187613,1,16,1233,24,0,37,168239.48,149787,157,48,0,0
187756,1,16,1261,24,0,37,168239.48,149787,157,48,0,0
187880,1,16,1228,21,0,37,168239.48,149787,157,48,0,0
187977,1,16,1227,20,0,37,168239.48,149787,157,48,0,0
188125,1,16,1259,20,0,37,168239.48,149787,157,48,0,0
188227,1,17,1283,20,0,37,168239.48,149787,157,48,0,0
188354,1,16,1248,20,0,37,168239.48,149787,157,48,0,0
188462,1,17,1278,20,0,37,168239.48,149787,157,48,0,0
188613,1,17,1278,20,0,37,168239.48,149787,157,48,0,0
188727,1,17,1251,20,0,37,168239.48,149787,157,48,0,0
188853,1,17,1284,20,0,37,168239.48,149787,157,48,0,0
188956,1,16,1253,24,0,37,168240.48,149787,157,48,0,0
189099,1,16,1253,24,0,37,168240.48,149787,157,48,0,0
189201,1,17,1254,25,0,37,168240.48,149787,157,48,0,0
189327,1,17,1289,25,0,37,168240.48,149787,157,48,0,0
189456,1,16,1259,25,0,37,168240.48,149787,157,48,0,0
189595,1,16,1256,25,0,37,168240.48,149787,157,48,0,0
189701,1,17,1256,25,0,37,168240.48,149787,157,48,0,0
189827,1,16,1257,25,0,37,168240.48,149787,157,48,0,0
189956,1,17,1261,25,0,37,168240.48,149787,157,48,0,0
190099,1,17,1293,27,0,37,168240.48,149787,157,48,0,0
190201,1,17,1295,27,0,37,168240.48,149787,157,48,0,0
190327,1,17,1295,27,0,37,168240.48,149787,157,48,0,0
190456,1,17,1298,27,0,37,168240.48,149787,157,48,0,0
190478,1,17,1298,27,0,37,168240.48,149787,157,48,0,0
190677,1,17,1298,27,0,37,168240.48,149787,157,48,0,0
190795,1,16,1295,27,0,37,168240.48,149787,157,48,0,0
190927,1,17,1296,27,0,37,168240.48,149787,157,48,0,0
190977,1,17,1295,27,0,37,168240.48,149787,157,48,0,0
191133,1,17,1295,27,0,37,168240.48,149787,157,48,0,0
191277,1,17,1261,25,0,37,168240.48,149787,157,48,0,0
191395,1,17,1295,24,0,37,168241.50,149787,157,48,0,0
191462,1,17,1296,24,0,37,168241.50,149787,157,48,0,0
191611,1,17,1296,24,0,37,168241.50,149787,157,48,0,0
191756,1,17,1295,28,0,37,168241.50,149787,157,48,0,0
191880,1,17,1297,28,0,37,168241.50,149787,157,48,0,0
191995,1,17,1331,28,0,37,168241.50,149787,157,48,0,0
192133,1,17,1331,29,0,37,168241.50,149787,157,48,0,0
192256,1,17,1327,29,0,37,168241.50,149787,157,48,0,0
192353,1,17,1297,29,0,37,168241.50,149787,157,48,0,0
192478,1,17,1293,29,0,37,168241.50,149787,157,48,0,0
192610,1,17,1327,29,0,37,168241.50,149787,157,48,0,0
192748,1,17,1329,32,0,37,168241.50,149787,157,48,0,0
192853,1,17,1333,32,0,37,168241.50,149787,157,48,0,0
192956,1,17,1362,33,0,37,168241.50,149787,157,48,0,0
193007,1,17,1362,33,0,37,168241.50,149787,157,48,0,0
193201,1,17,1337,43,0,37,168241.50,149787,157,48,0,0
193327,1,17,1354,44,0,37,168241.50,149787,157,48,0,0
193456,1,17,1361,44,0,37,168241.50,149787,157,48,0,0
193482,1,17,1361,44,0,37,168241.50,149787,157,48,0,0
193695,1,17,1386,53,0,37,168241.50,149787,157,48,0,0
193817,1,18,1407,53,0,37,168242.53,149787,157,48,0,0
193927,1,18,1418,53,0,37,168242.53,149787,157,48,0,0
193995,1,18,1410,53,0,37,168242.53,149787,157,48,0,0
194165,1,19,1436,53,0,37,168242.53,149787,157,48,0,0
194277,1,19,1468,53,0,37,168242.53,149787,157,48,0,0
194395,1,19,1409,53,0,37,168242.53,149787,157,48,0,0
194462,1,19,1409,53,0,37,168242.53,149787,154,48,0,0
194609,1,19,1409,53,0,37,168242.53,149787,154,48,0,0
194756,1,19,1446,47,0,37,168242.53,149787,154,48,0,0
194880,1,19,1477,39,0,37,168242.53,149787,154,48,0,0
194977,1,19,1496,30,0,37,168242.53,149787,154,48,0,0
195121,1,19,1462,21,0,37,168242.53,149787,154,48,0,0
195248,1,19,1484,15,0,37,168242.53,149787,154,48,0,0
195353,1,19,1515,15,0,37,168242.53,149787,154,48,0,0
195478,1,19,1485,15,0,37,168242.53,149787,154,48,0,0
195608,1,19,1488,15,0,37,168242.53,149787,154,48,0,0
195727,1,19,1491,15,0,37,168243.55,149787,154,48,0,0
195853,1,19,1460,15,0,37,168243.55,149787,154,48,0,0
195956,1,19,1492,15,0,37,168243.55,149787,154,48,0,0
196003,1,19,1492,15,0,37,168243.55,149787,154,48,0,0
196201,1,19,1460,15,0,37,168243.55,149787,154,48,0,0
196327,1,19,1490,25,0,37,168243.55,149787,154,48,0,0
196448,1,19,1475,26,0,37,168243.55,149787,154,48,0,0
196495,1,19,1475,26,0,37,168243.55,149787,154,48,0,0
196684,1,19,1477,28,0,37,168243.55,149787,154,48,0,0
196798,1,19,1478,30,0,37,168243.55,149787,154,48,0,0
196896,1,19,1485,34,0,37,168243.55,149787,154,48,0,0
196956,1,19,1488,34,0,37,168243.55,149787,154,48,0,0
197132,1,19,1488,33,0,37,168243.55,149787,154,48,0,0
197277,1,19,1498,33,0,37,168243.55,149787,154,48,0,0
197395,1,19,1499,34,0,37,168243.55,149787,154,48,0,0
197495,1,19,1498,34,0,37,168243.55,149787,154,48,0,0
197633,1,19,1499,34,0,37,168243.55,149787,154,48,0,0
197756,1,19,1503,34,0,37,168243.55,149787,154,48,0,0
197880,1,20,1533,34,0,37,168243.55,149787,154,48,0,0
197977,1,20,1530,34,0,37,168244.55,149787,154,48,0,0
198119,1,20,1530,34,0,37,168244.55,149787,154,48,0,0
198227,1,20,1529,34,0,37,168244.55,149787,154,48,0,0
198353,1,20,1533,34,0,37,168244.55,149787,154,48,0,0
198462,1,20,1536,39,0,37,168244.55,149787,154,48,0,0
198496,1,20,1536,39,0,37,168244.55,149787,154,48,0,0
198701,1,20,1545,39,0,37,168244.55,149787,154,48,0,0
198827,1,20,1550,41,0,37,168244.55,149787,154,48,0,0
198927,1,20,1547,42,0,37,168244.55,149787,154,48,0,0
198956,1,21,1576,42,0,37,168244.55,149787,154,48,0,0
199177,1,21,1588,37,0,37,168244.55,149787,154,48,0,0
199298,1,20,1612,43,0,37,168244.55,149787,154,48,0,0
199395,1,20,1536,43,0,37,168244.55,149787,154,48,0,0
199495,1,20,1575,43,0,37,168244.55,149787,154,48,0,0
199647,1,20,1587,43,0,37,168244.55,149787,154,48,0,0
199777,1,21,1588,49,0,37,168245.56,149787,154,48,0,0
199895,1,21,1622,49,0,37,168245.56,149787,154,48,0,0
199995,1,21,1600,49,0,37,168245.56,149787,154,48,0,0
200153,1,21,1608,48,0,37,168245.56,149787,154,48,0,0
200277,1,21,1603,50,0,37,168245.56,149787,154,48,0,0
200395,1,21,1603,51,0,37,168245.56,149787,154,48,0,0
200477,1,21,1634,51,0,37,168245.56,149787,154,48,0,0
200632,1,21,1634,60,0,37,168245.56,149787,154,48,0,0
200756,1,22,1673,61,0,37,168245.56,149787,154,49,0,0
200880,1,22,1674,61,0,37,168245.56,149787,154,49,0,0
200977,1,22,1674,61,0,37,168245.56,149787,154,49,0,0
201117,1,22,1674,61,0,37,168245.56,149787,154,49,0,0
201247,1,22,1710,62,0,37,168246.58,149787,154,49,0,0
201353,1,22,1744,62,0,37,168246.58,149787,154,49,0,0
201477,1,23,1745,63,0,37,168246.58,149787,154,49,0,0
201477,1,23,1745,63,0,37,168246.58,149787,154,49,0,0
201727,1,23,1742,67,0,37,168246.58,149787,154,49,0,0
201853,1,23,1819,70,0,37,168246.58,149787,154,49,0,0
201977,1,23,1798,74,0,37,168246.58,149787,154,49,0,0
202117,1,23,1798,75,0,37,168246.58,149787,154,49,0,0
202227,1,24,1852,71,0,37,168246.58,149787,154,49,0,0
202353,1,24,1872,68,0,37,168247.62,149787,154,49,0,0
202461,1,25,1869,60,0,37,168247.62,149787,154,49,0,0
202495,1,25,1869,60,0,37,168247.62,149787,154,49,0,0
202701,1,25,1907,60,0,37,168247.62,149787,154,49,0,0
202827,1,25,1903,57,0,37,168247.62,149787,154,49,0,0
202947,1,25,1903,55,0,37,168247.62,149787,154,49,0,0
202995,1,25,1903,55,0,37,168247.62,149787,154,49,0,0
203153,1,26,1892,51,0,37,168247.62,149787,154,49,0,0
203297,1,25,1937,48,0,37,168247.62,149787,154,49,0,0
203395,1,25,1924,48,0,37,168247.62,149787,154,49,0,0
203495,1,26,1958,47,0,37,168248.64,149787,154,49,0,0
203632,1,26,1959,47,0,37,168248.64,149787,154,49,0,0
203777,1,26,1963,46,0,37,168248.64,149787,154,49,0,0
203895,1,26,1963,43,0,37,168248.64,149787,154,49,0,0
203995,1,25,1963,41,0,37,168248.64,149787,154,49,0,0
204153,1,26,1980,41,0,37,168248.64,149787,154,49,0,0
204277,1,26,1981,39,0,37,168248.64,149787,154,49,0,0
204380,1,26,1980,38,0,37,168248.64,149787,154,49,0,0
204495,1,26,1976,34,0,37,168248.64,149787,154,49,0,0
204535,1,26,1976,32,0,37,168248.64,149787,154,49,0,0
204755,1,25,1956,30,0,37,168248.64,149787,154,49,0,0
204879,1,26,1952,30,0,37,168248.64,149787,154,49,0,0
204995,1,26,1952,30,0,37,168249.66,149787,154,49,0,0
205140,1,26,1920,31,0,37,168249.66,149787,154,49,0,0
205255,1,25,1956,31,0,37,168249.66,149787,154,49,0,0
205379,1,26,1960,32,0,37,168249.66,149787,154,49,0,0
205478,1,25,1960,34,0,37,168249.66,149787,154,49,0,0
205628,1,25,1963,34,0,37,168249.66,149787,154,49,0,0
205747,1,26,1972,34,0,37,168249.66,149787,154,49,0,0
205853,1,26,1971,34,0,37,168249.66,149787,154,49,0,0
205976,1,26,1966,35,0,37,168249.66,149787,154,49,0,0
206114,1,26,1966,35,0,37,168249.66,149787,154,49,0,0
206247,1,26,1973,35,0,37,168249.66,149787,154,49,0,0
206353,1,25,2008,35,0,37,168249.66,149787,154,49,0,0
206477,1,26,2008,35,0,37,168249.66,149787,154,49,0,0
206601,1,26,2008,35,0,37,168249.66,149787,154,49,0,0
206726,1,26,1979,35,0,37,168249.66,149787,154,49,0,0
206853,1,26,1977,35,0,37,168250.67,149787,154,49,0,0
206960,1,26,1973,35,0,37,168250.67,149787,154,49,0,0
206995,1,26,1973,35,0,37,168250.67,149787,154,49,0,0
207201,1,26,2003,35,0,37,168250.67,149787,154,49,0,0
207327,1,26,2007,36,0,37,168250.67,149787,154,49,0,0
207447,1,26,1978,36,0,37,168250.67,149787,154,49,0,0
207495,1,26,1978,36,0,37,168250.67,149787,154,49,0,0
207677,1,26,1949,36,0,37,168250.67,149787,154,49,0,0
207797,1,26,1980,36,0,37,168250.67,149787,154,49,0,0
207896,1,26,1976,35,0,37,168250.67,149787,154,49,0,0
207995,1,26,1975,35,0,37,168250.67,149787,154,49,0,0
208153,1,25,1935,35,0,37,168250.67,149787,154,49,0,0
208276,1,26,1938,35,0,37,168250.67,149787,154,49,0,0
208397,1,25,1940,38,0,37,168251.70,149787,154,49,0,0
208496,1,26,1975,38,0,37,168251.70,149787,154,49,0,0
208653,1,26,1975,38,0,37,168251.70,149787,154,49,0,0
208776,1,25,1951,31,0,37,168251.70,149787,154,49,0,0
208879,1,25,1949,31,0,37,168251.70,149787,154,49,0,0
208996,1,25,1931,31,0,37,168251.70,149787,154,49,0,0
209138,1,25,1951,31,0,37,168251.70,149787,154,49,0,0
209255,1,25,1926,32,0,37,168251.70,149787,154,49,0,0
209353,1,25,1931,32,0,37,168251.70,149787,154,49,0,0
209495,1,25,1934,32,0,37,168251.70,149787,154,49,0,0
209495,1,25,1934,32,0,37,168251.70,149787,154,49,0,0
209747,1,25,1938,34,0,37,168251.70,149787,154,49,0,0
209853,1,25,1969,38,0,37,168251.70,149787,154,49,0,0
209976,1,26,1971,40,0,37,168251.70,149787,154,49,0,0
209976,1,26,1971,40,0,37,168251.70,149787,154,49,0,0
210226,1,26,1983,40,0,37,168252.73,149787,154,49,0,0
210353,1,26,1928,40,0,37,168252.73,149787,154,50,0,0
210464,1,26,1963,40,0,37,168252.73,149787,154,50,0,0
210496,1,26,1963,40,0,37,168252.73,149787,154,50,0,0
210701,1,25,1927,26,0,37,168252.73,149787,154,50,0,0
210826,1,26,1931,33,0,37,168252.73,149787,154,50,0,0
210947,1,25,1983,33,0,37,168252.73,149787,154,50,0,0
210996,1,25,1983,33,0,37,168252.73,149787,154,50,0,0
211180,1,25,1974,33,0,37,168252.73,149787,154,50,0,0
211297,1,25,1940,33,0,37,168252.73,149787,154,50,0,0
211396,1,25,1904,33,0,37,168252.73,149787,154,50,0,0
211495,1,25,1933,33,0,37,168252.73,149787,154,50,0,0
211653,1,25,1930,33,0,37,168252.73,149787,154,50,0,0
211776,1,26,1931,31,0,37,168252.73,149787,154,50,0,0
211896,1,25,1932,20,0,37,168253.75,149787,154,50,0,0
211976,1,25,1900,8,0,37,168253.75,149787,154,50,0,0
212147,1,25,1916,0,0,37,168253.75,149787,154,50,0,0
212255,1,25,1908,0,0,37,168253.75,149787,154,50,0,0
212379,1,25,1905,0,0,37,168253.75,149787,154,50,0,0
212477,1,25,1906,4,0,37,168253.75,149787,154,50,0,0
212632,1,25,1906,9,0,37,168253.75,149787,154,50,0,0
212755,1,25,1902,12,0,37,168253.75,149787,154,50,0,0
212853,1,25,1872,22,0,37,168253.75,149787,154,50,0,0
212982,1,25,1881,28,0,37,168253.75,149787,154,50,0,0
212997,1,25,1913,28,0,37,168253.75,149787,154,50,0,0
213226,1,24,1919,29,0,37,168253.75,149787,154,50,0,0
213353,1,25,1891,29,0,37,168253.75,149787,154,50,0,0
213477,1,24,1860,30,0,37,168253.75,149787,154,50,0,0
213502,1,24,1860,30,0,37,168253.75,149787,154,50,0,0
213702,1,24,1874,47,0,37,168253.75,149787,154,50,0,0
213826,1,25,1906,50,0,37,168253.75,149787,154,50,0,0
213953,1,25,1892,51,0,37,168254.75,149787,154,50,0,0
213996,1,25,1892,51,0,37,168254.75,149787,154,50,0,0
214176,1,25,1914,52,0,37,168254.75,149787,154,50,0,0
214316,1,25,1925,51,0,37,168254.75,149787,154,50,0,0
214426,1,25,1930,48,0,37,168254.75,149787,154,50,0,0
214496,1,25,1930,48,0,37,168254.75,149787,154,50,0,0
214653,1,25,1898,32,0,37,168254.75,149787,154,50,0,0
214797,1,25,1915,0,0,37,168254.75,149787,154,50,0,0
214896,1,25,1899,0,0,37,168254.75,149787,154,50,0,0
214996,1,24,1895,0,0,37,168254.75,149787,154,50,0,0
215147,1,24,1880,0,0,37,168254.75,149787,154,50,0,0
215276,1,24,1849,0,62,37,168254.75,149787,154,50,0,0
215396,1,24,1847,0,82,37,168254.75,149787,154,50,0,0
215477,1,23,1768,0,88,37,168254.75,149787,154,50,0,0
215632,1,23,1768,0,88,37,168254.75,149787,154,50,0,0
215755,1,22,1672,0,56,37,168254.75,149787,154,50,0,0
215879,1,21,1600,0,36,37,168254.75,149787,154,50,0,0
215976,1,20,1570,0,0,37,168255.75,149787,154,50,0,0
216134,1,20,1538,0,0,37,168255.75,149787,154,50,0,0
216255,1,20,1522,0,0,37,168255.75,149787,154,51,0,0
216353,1,20,1520,0,0,37,168255.75,149787,154,51,0,0
216477,1,19,1485,0,0,37,168255.75,149787,154,51,0,0
216496,1,19,1453,0,0,37,168255.75,149787,154,51,0,0
216726,1,19,1548,52,0,37,168255.75,149787,154,51,0,0
216847,1,19,1517,52,0,37,168255.75,149787,154,51,0,0
216958,1,19,1501,52,0,37,168255.75,149787,154,51,0,0
217050,1,19,1437,52,0,37,168255.75,149787,154,51,0,0
217202,1,19,1409,52,0,37,168255.75,149787,154,51,0,0
217298,1,19,1457,70,0,37,168255.75,149787,154,51,0,0
217426,1,19,1462,71,0,37,168255.75,149787,154,51,0,0
217496,1,19,1479,71,0,37,168255.75,149787,154,51,0,0
217653,1,20,1503,72,0,37,168255.75,149787,154,51,0,0
217797,1,20,1522,73,0,37,168256.77,149787,154,51,0,0
217898,1,20,1527,73,0,37,168256.77,149787,154,51,0,0
217998,1,20,1533,73,0,37,168256.77,149787,154,51,0,0
218147,1,20,1545,73,0,37,168256.77,149787,154,51,0,0
218276,1,20,1546,72,0,37,168256.77,149787,154,51,0,0
218396,1,21,1612,72,0,37,168256.77,149787,154,51,0,0
218496,1,21,1582,72,0,37,168256.77,149787,154,51,0,0
218632,1,21,1617,70,0,37,168256.77,149787,154,51,0,0
218757,1,21,1621,70,0,37,168257.78,149787,154,51,0,0
218855,1,21,1652,69,0,37,168257.78,149787,154,51,0,0
218978,1,22,1680,65,0,37,168257.78,149787,154,51,0,0
219132,1,22,1673,60,0,37,168257.78,149787,154,51,0,0
219256,1,22,1664,52,0,37,168257.78,149787,154,51,0,0
219355,1,22,1673,52,0,37,168257.78,149787,154,51,0,0
219477,1,22,1725,52,0,37,168257.78,149787,154,51,0,0
219496,1,22,1725,52,0,37,168257.78,149787,154,51,0,0
219726,1,22,1697,21,0,37,168257.78,149787,154,51,0,0
219826,1,22,1725,21,0,37,168257.78,149787,154,51,0,0
219955,1,22,1725,21,0,37,168257.78,149787,154,51,0,0
220026,1,22,1693,21,0,37,168257.78,149787,154,51,0,0
220200,1,22,1670,21,0,37,168258.78,149787,154,51,0,0
220298,1,22,1674,21,0,37,168258.78,149787,154,51,0,0
220426,1,21,1645,17,0,37,168258.78,149787,154,51,0,0
220532,1,21,1643,16,0,37,168258.78,149787,154,51,0,0
220654,1,21,1661,16,0,37,168258.78,149787,154,51,0,0
220776,1,21,1629,16,0,37,168258.78,149787,154,51,0,0
220896,1,21,1629,18,0,37,168258.78,149787,154,51,0,0
221026,1,21,1628,28,0,37,168258.78,149787,154,51,0,0
221156,1,21,1597,28,0,37,168258.78,149787,154,51,0,0
221276,1,21,1619,43,0,37,168258.78,149787,154,51,0,0
221396,1,20,1544,46,0,37,168258.78,149787,154,51,0,0
221496,1,20,1624,52,0,37,168258.78,149787,154,51,0,0
221496,1,20,1624,52,0,37,168258.78,149787,154,51,0,0
221776,1,21,1568,32,0,37,168258.78,149787,154,51,0,0
221898,1,20,1561,31,0,37,168258.78,149787,154,51,0,0
221998,1,20,1541,31,0,37,168258.78,149787,154,51,0,0
222155,1,20,1536,31,0,37,168258.78,149787,154,51,0,0
222276,1,20,1517,34,0,37,168258.78,149787,154,51,0,0
222396,1,20,1521,40,0,37,168259.81,149787,154,51,0,0
222496,1,20,1530,41,0,37,168259.81,149787,154,51,0,0
222496,1,20,1530,41,0,37,168259.81,149787,154,51,0,0
222756,1,19,1478,45,0,37,168259.81,149787,154,51,0,0
222855,1,19,1515,50,0,37,168259.81,149787,154,51,0,0
222996,1,19,1455,50,0,37,168259.81,149787,154,51,0,0
222996,1,19,1455,50,0,37,168259.81,149787,154,51,0,0
223226,1,19,1513,77,0,37,168259.81,149787,154,51,0,0
223350,1,20,1475,77,0,37,168259.81,149787,154,51,0,0
223464,1,20,1529,77,0,37,168259.81,149787,154,51,0,0
223526,1,20,1529,77,0,37,168259.81,149787,154,51,0,0
223676,1,20,1525,77,0,37,168259.81,149787,154,51,0,0
223826,1,20,1552,77,0,37,168260.84,149787,154,51,0,0
223947,1,20,1554,77,0,37,168260.84,149787,154,51,0,0
223998,1,21,1583,77,0,37,168260.84,149787,154,51,0,0
224154,1,21,1611,77,0,37,168260.84,149787,154,51,0,0
224298,1,21,1640,77,0,37,168260.84,149787,154,51,0,0
224398,1,21,1638,77,0,37,168260.84,149787,154,51,0,0
224496,1,22,1638,77,0,37,168260.84,149787,155,51,0,0
224654,1,22,1700,77,0,37,168260.84,149787,155,51,0,0
224776,1,22,1704,77,0,37,168260.84,149787,155,51,0,0
224898,1,23,1736,77,0,37,168261.88,149787,155,51,0,0
225000,1,23,1738,77,0,37,168261.88,149787,155,51,0,0
225154,1,23,1747,77,0,37,168261.88,149787,155,51,0,0
225276,1,23,1788,60,0,37,168261.88,149787,155,51,0,0
225379,1,24,1791,53,0,37,168261.88,149787,155,51,0,0
225498,1,24,1801,30,0,37,168261.88,149787,155,51,0,0
225498,1,24,1801,30,0,37,168261.88,149787,155,51,0,0
225756,1,23,1792,15,0,37,168261.88,149787,155,52,0,0
225879,1,23,1787,5,0,37,168261.88,149787,155,52,0,0
225998,1,23,1785,5,0,37,168261.88,149787,155,52,0,0
226041,1,23,1785,5,0,37,168261.88,149787,155,52,0,0
226256,1,23,1742,5,0,37,168261.88,149787,155,52,0,0
226379,1,23,1772,5,0,37,168261.88,149787,155,52,0,0
226498,1,23,1774,4,0,37,168261.88,149787,155,52,0,0
226498,1,23,1774,4,0,37,168261.88,149787,155,52,0,0
226726,1,23,1741,15,0,37,168262.89,149787,155,52,0,0
226854,1,23,1780,20,0,37,168262.89,149787,155,52,0,0
226955,1,23,1790,35,0,37,168262.89,149787,155,52,0,0
227051,1,23,1765,46,0,37,168262.89,149787,155,52,0,0
227178,1,23,1765,46,0,37,168262.89,149787,155,52,0,0
227326,1,24,1763,43,0,37,168262.89,149787,155,52,0,0
227450,1,23,1761,40,0,37,168262.89,149787,155,52,0,0
227538,1,23,1793,40,0,37,168262.89,149787,155,52,0,0
227676,1,23,1808,40,0,37,168262.89,149787,155,52,0,0
227816,1,23,1795,36,0,37,168262.89,149787,155,52,0,0
227926,1,23,1768,36,0,37,168262.89,149787,155,52,0,0
227998,1,23,1768,36,0,37,168262.89,149787,155,52,0,0
228154,1,23,1795,38,0,37,168262.89,149787,155,52,0,0
228298,1,23,1844,40,0,37,168262.89,149787,155,52,0,0
228398,1,24,1818,40,0,37,168262.89,149787,155,52,0,0
228498,1,24,1850,34,0,37,168263.91,149787,155,52,0,0
228664,1,24,1814,21,0,37,168263.91,149787,155,52,0,0
228776,1,23,1762,11,0,37,168263.91,149787,155,52,0,0
228898,1,24,1773,8,0,37,168263.91,149787,155,52,0,0
228998,1,24,1774,5,0,37,168263.91,149787,155,52,0,0
229154,1,23,1773,4,0,37,168263.91,149787,155,52,0,0
229256,1,23,1769,4,0,37,168263.91,149787,155,52,0,0
229379,1,23,1736,4,0,37,168263.91,149787,155,52,0,0
229498,1,22,1673,4,0,37,168263.91,149787,155,52,0,0
229648,1,22,1672,4,0,37,168263.91,149787,155,52,0,0
229756,1,22,1671,10,0,37,168263.91,149787,155,52,0,0
229878,1,22,1702,22,0,37,168263.91,149787,155,52,0,0
229998,1,22,1672,30,0,37,168263.91,149787,155,52,0,0
230027,1,22,1672,40,0,37,168263.91,149787,155,52,0,0
230248,1,22,1667,42,0,37,168263.91,149787,155,52,0,0
230357,1,22,1664,42,0,37,168263.91,149787,155,52,0,0
230477,1,22,1716,46,0,37,168263.91,149787,155,52,0,0
230497,1,22,1684,46,0,37,168263.91,149787,155,52,0,0
230700,1,21,1677,46,0,37,168263.91,149787,155,52,0,0
230826,1,22,1685,41,0,37,168263.91,149787,155,52,0,0
230953,1,23,1706,45,0,37,168264.91,149787,155,53,0,0
230998,1,22,1674,45,0,37,168264.91,149787,155,53,0,0
231193,1,22,1667,45,0,37,168264.91,149787,155,53,0,0
231298,1,22,1689,42,0,37,168264.91,149787,155,53,0,0
231426,1,22,1688,39,0,37,168264.91,149787,155,53,0,0
231535,1,22,1683,34,0,37,168264.91,149787,155,53,0,0
231663,1,22,1680,34,0,37,168264.91,149787,155,53,0,0
231776,1,21,1634,33,0,37,168264.91,149787,155,53,0,0
231898,1,22,1691,33,0,37,168264.91,149787,155,53,0,0
231998,1,22,1689,33,0,37,168264.91,149787,155,53,0,0
232149,1,22,1658,33,0,37,168264.91,149787,155,53,0,0
232256,1,22,1688,21,0,37,168264.91,149787,155,53,0,0
232378,1,22,1642,16,0,37,168264.91,149787,155,53,0,0
232498,1,22,1662,14,0,37,168264.91,149787,155,53,0,0
232525,1,22,1662,9,0,37,168264.91,149787,155,53,0,0
232726,1,21,1617,7,0,37,168264.91,149787,155,53,0,0
232855,1,21,1576,0,0,37,168264.91,149787,155,53,0,0
232976,1,21,1604,0,0,37,168264.91,149787,155,53,0,0
233066,1,21,1603,0,0,37,168264.91,149787,155,53,0,0
233217,1,21,1538,0,0,37,168265.91,149787,155,53,0,0
233326,1,20,1505,0,0,37,168265.91,149787,155,53,0,0
233455,1,20,1504,0,0,37,168265.91,149787,155,53,0,0
233526,1,20,1504,0,0,37,168265.91,149787,155,53,0,0
233676,1,20,1566,0,0,37,168265.91,149787,155,53,0,0
233816,1,19,1468,0,0,37,168265.91,149787,155,53,0,0
233926,1,19,1436,0,0,37,168265.91,149787,155,53,0,0
234026,1,19,1435,0,0,37,168265.91,149787,155,53,0,0
234175,1,18,1435,0,0,37,168265.91,149787,155,53,0,0
234275,1,19,1432,0,0,37,168265.91,149787,155,53,0,0
234398,1,19,1464,0,0,37,168265.91,149787,155,53,0,0
234525,1,19,1461,0,0,37,168265.91,149787,155,53,0,0
234661,1,19,1429,0,0,37,168265.91,149787,155,53,0,0
234776,1,19,1460,0,0,37,168265.91,149787,155,53,0,0
234898,1,18,1459,0,0,37,168265.91,149787,155,53,0,0
235025,1,19,1428,0,0,37,168265.91,149787,155,53,0,0
235066,1,19,1427,0,0,37,168265.91,149787,155,53,0,0
235276,1,19,1427,0,0,37,168265.91,149787,155,53,0,0
235398,1,19,1427,0,0,37,168265.91,149787,155,53,0,0
235498,1,19,1489,0,0,37,168265.91,149787,155,53,0,0
235531,1,19,1489,0,0,37,168265.91,149787,155,53,0,0
235756,1,19,1492,0,0,37,168265.91,149787,155,53,0,0
235855,1,19,1461,0,0,37,168265.91,149787,155,53,0,0
235975,1,19,1461,0,0,37,168265.91,149787,155,53,0,0
236025,1,19,1429,0,0,37,168265.91,149787,155,53,0,0
236225,1,19,1493,0,0,37,168265.91,149787,155,53,0,0
236326,1,19,1461,0,0,37,168265.91,149787,155,53,0,0
236463,1,19,1460,0,0,37,168265.91,149787,155,53,0,0
236526,1,19,1460,0,0,37,168265.91,149787,155,53,0,0
236698,1,19,1428,0,0,37,168265.91,149787,155,53,0,0
236825,1,19,1428,3,0,37,168265.91,149787,155,54,0,0
236947,1,19,1459,4,0,37,168265.91,149787,155,54,0,0
237025,1,19,1460,0,0,37,168265.91,149787,155,54,0,0
237175,1,19,1460,0,0,37,168265.91,149787,155,54,0,0
237298,1,19,1459,0,0,37,168265.91,149787,155,54,0,0
237425,1,19,1427,0,0,37,168265.91,149787,155,54,0,0
237498,1,19,1426,0,0,37,168265.91,149787,155,54,0,0
237659,1,19,1426,0,0,37,168265.91,149787,155,54,0,0
237775,1,19,1457,0,0,37,168266.91,149787,155,54,0,0
237898,1,19,1425,0,0,37,168266.91,149787,155,54,0,0
238025,1,18,1425,0,0,37,168266.91,149787,155,54,0,0
238067,1,19,1423,0,0,37,168266.91,149787,155,54,0,0
238275,1,18,1423,7,0,37,168266.91,149787,155,54,0,0
238398,1,18,1391,11,0,37,168266.91,149787,155,54,0,0
238498,1,18,1363,15,0,37,168266.91,149787,155,54,0,0
238550,1,18,1435,18,0,37,168266.91,149787,155,54,0,0
238756,1,18,1385,20,0,37,168266.91,149787,155,54,0,0
238878,1,18,1385,20,0,37,168266.91,149787,155,54,0,0
238975,1,18,1387,20,0,37,168266.91,149787,155,54,0,0
239025,1,18,1387,18,0,37,168266.91,149787,155,54,0,0
239225,1,18,1358,0,0,37,168266.91,149787,155,54,0,0
239325,1,18,1321,0,0,37,168266.91,149787,155,54,0,0
239462,1,18,1365,0,0,37,168266.91,149787,155,54,0,0
239550,1,18,1363,0,0,37,168266.91,149787,155,54,0,0
239698,1,18,1364,0,0,37,168266.91,149787,155,54,0,0
239825,1,17,1329,0,30,37,168266.91,149787,155,54,0,0
239925,1,17,1329,0,22,37,168266.91,149787,155,54,0,0
240025,1,17,1296,0,22,37,168266.91,149787,155,54,0,0
240175,1,17,1297,0,22,37,168266.91,149787,155,54,0,0
240315,1,16,1231,0,24,37,168266.91,149787,155,54,0,0
240425,1,16,1231,0,32,37,168266.91,149787,155,54,0,0
240555,1,15,1199,0,30,37,168266.91,149787,155,54,0,0
240683,1,15,1167,0,0,37,168266.91,149787,155,54,0,0
240798,1,15,1132,0,0,37,168266.91,149787,155,54,0,0
240925,1,15,1133,0,0,37,168266.91,149787,155,54,0,0
241025,1,14,1134,0,0,37,168266.91,149787,155,54,0,0
241169,1,14,1102,0,0,37,168266.91,149787,155,54,0,0
241275,1,14,1101,18,0,37,168266.91,149787,155,54,0,0
241398,1,14,1103,31,0,37,168266.91,149787,155,54,0,0
241525,1,14,1115,34,0,37,168266.91,149787,155,54,0,0
241656,1,14,1151,34,0,37,168266.91,149787,155,54,0,0
241775,1,14,1079,34,0,37,168266.91,149787,155,54,0,0
241878,1,14,1064,47,0,37,168266.91,149787,155,54,0,0
241997,1,14,1041,52,0,37,168267.92,149787,155,54,0,0
242033,1,14,1041,68,0,37,168267.92,149787,155,54,0,0
242225,1,13,1047,68,0,37,168267.92,149787,155,54,0,0
242355,1,14,1074,73,0,37,168267.92,149787,155,54,0,0
242476,1,14,1071,78,0,37,168267.92,149787,155,54,0,0
242525,1,14,1071,78,0,37,168267.92,149787,155,54,0,0
242695,1,14,1071,78,0,37,168267.92,149787,155,54,0,0
242825,1,14,1081,78,0,37,168267.92,149787,155,54,0,0
242956,1,14,1115,78,0,37,168267.92,149787,155,54,0,0
243056,1,14,1116,77,0,37,168267.92,149787,155,54,0,0
243195,1,14,1116,77,0,37,168267.92,149787,155,54,0,0
243315,1,15,1145,69,0,37,168267.92,149787,155,54,0,0
243425,1,15,1144,58,0,37,168268.92,149787,155,54,0,0
243525,1,15,1108,57,0,37,168268.92,149787,155,54,0,0
243681,1,15,1094,57,0,37,168268.92,149787,155,54,0,0
243797,1,15,1176,32,0,37,168268.92,149787,155,54,0,0
243975,1,15,1159,6,0,37,168268.92,149787,155,54,0,0
244025,1,15,1191,0,0,37,168268.92,149787,155,54,0,0
244210,1,15,1173,0,0,37,168268.92,149787,155,54,0,0
244325,1,15,1158,0,0,37,168268.92,149787,155,54,0,0
244456,1,15,1161,0,0,37,168268.92,149787,155,54,0,0
244553,1,15,1182,0,0,37,168268.92,149787,155,54,0,0
244695,1,15,1182,0,0,37,168268.92,149787,155,54,0,0
244825,1,15,1139,0,0,37,168268.92,149787,155,54,0,0
244947,1,15,1138,0,0,37,168268.92,149787,155,54,0,0
245025,1,15,1139,0,0,37,168268.92,149787,155,54,0,0
245175,1,15,1139,0,0,37,168268.92,149787,155,54,0,0
245297,1,14,1105,11,0,37,168268.92,149787,155,54,0,0
245425,1,15,1140,34,0,37,168268.92,149787,155,54,0,0
245525,1,14,1123,34,0,37,168268.92,149787,155,54,0,0
245679,1,14,1165,34,0,37,168268.92,149787,155,54,0,0
245798,1,14,1144,47,0,37,168268.92,149787,155,54,0,0
245897,1,15,1174,48,0,37,168268.92,149787,155,54,0,0
245997,1,15,1179,48,0,37,168268.92,149787,155,54,0,0
246062,1,15,1171,48,0,37,168268.92,149787,155,54,0,0
246275,1,15,1160,46,0,37,168269.92,149787,155,54,0,0
246378,1,15,1153,48,0,37,168269.92,149787,155,54,0,0
246498,1,15,1214,50,0,37,168269.92,149787,155,54,0,0
246534,1,15,1214,50,0,37,168269.92,149787,155,54,0,0
246748,1,15,1230,50,0,37,168269.92,149787,155,54,0,0
246855,1,16,1230,51,0,37,168269.92,149787,155,54,0,0
246975,1,16,1232,66,0,37,168269.92,149787,155,54,0,0
247083,1,16,1267,73,0,37,168269.92,149787,155,54,0,0
247198,1,16,1302,73,0,37,168269.92,149787,155,54,0,0
247325,1,17,1336,75,0,37,168269.92,149787,155,54,0,0
247461,1,17,1365,75,0,37,168269.92,149787,155,54,0,0
247565,1,17,1363,77,0,37,168269.92,149787,155,54,0,0
247704,1,17,1363,77,0,37,168270.95,149787,155,54,0,0
247825,1,18,1398,77,0,37,168270.95,149787,155,54,0,0
247925,1,18,1437,77,0,37,168270.95,149787,155,54,0,0
248055,1,19,1435,77,0,37,168270.95,149787,155,54,0,0
248198,1,19,1465,77,0,37,168270.95,149787,155,54,0,0
248315,1,19,1497,77,0,37,168270.95,149787,155,54,0,0
248425,1,19,1496,74,0,37,168270.95,149787,155,54,0,0
248555,1,19,1503,74,0,37,168270.95,149787,155,54,0,0
248576,1,19,1503,74,0,37,168270.95,149787,155,54,0,0
248797,1,20,1506,74,0,37,168271.97,149787,155,54,0,0
248925,1,20,1540,74,0,37,168271.97,149787,155,54,0,0
249025,1,20,1540,74,0,37,168271.97,149787,155,54,0,0
249025,1,20,1540,74,0,37,168271.97,149787,155,54,0,0
249297,1,21,1631,74,0,37,168271.97,149787,155,54,0,0
249425,1,21,1569,74,0,37,168271.97,149787,155,54,0,0
249525,1,21,1610,74,0,37,168271.97,149787,155,54,0,0
249677,1,21,1611,74,0,37,168271.97,149787,155,54,0,0
249797,1,22,1652,74,0,37,168271.97,149787,155,54,0,0
249897,1,22,1686,74,0,37,168272.98,149787,155,54,0,0
249997,1,22,1716,74,0,37,168272.98,149787,155,54,0,0
250037,1,22,1716,73,0,37,168272.98,149787,155,54,0,0
250255,1,22,1716,69,0,37,168272.98,149787,155,54,0,0
250378,1,22,1721,63,0,37,168272.98,149787,155,54,0,0
250497,1,22,1714,60,0,37,168272.98,149787,155,54,0,0
250524,1,22,1714,57,0,37,168272.98,149787,155,54,0,0
250727,1,22,1732,33,0,37,168272.98,149787,155,54,0,0
250855,1,22,1704,31,0,37,168272.98,149787,155,54,0,0
250975,1,23,1714,31,0,37,168272.98,149787,155,54,0,0
251049,1,23,1708,31,0,37,168272.98,149787,155,54,0,0
251198,1,22,1687,31,0,37,168272.98,149787,155,54,0,0
251325,1,22,1727,31,0,37,168274.00,149787,155,54,0,0
251449,1,22,1670,31,0,37,168274.00,149787,155,54,0,0
251565,1,22,1702,32,0,37,168274.00,149787,155,54,0,0
251701,1,22,1670,32,0,37,168274.00,149787,155,54,0,0
251825,1,22,1668,33,0,37,168274.00,149787,155,54,0,0
251949,1,22,1671,34,0,37,168274.00,149787,155,54,0,0
252055,1,21,1641,34,0,37,168274.00,149787,155,54,0,0
252188,1,21,1641,34,0,37,168274.00,149787,155,54,0,0
252297,1,21,1639,34,0,37,168274.00,149787,155,54,0,0
252425,1,21,1639,38,0,37,168274.00,149787,155,54,0,0
252525,1,21,1606,38,0,37,168274.00,149787,155,54,0,0
252564,1,21,1607,38,0,37,168274.00,149787,155,54,0,0
252775,1,21,1642,41,0,37,168274.00,149787,155,54,0,0
252897,1,21,1610,41,0,37,168274.00,149787,155,54,0,0
252997,1,21,1615,41,0,37,168274.00,149787,155,54,0,0
253025,1,21,1615,41,0,37,168274.00,149787,155,54,0,0
253256,1,21,1611,41,0,37,168275.03,149787,155,54,0,0
253355,1,21,1610,41,0,37,168275.03,149787,155,54,0,0
253476,1,21,1608,41,0,37,168275.03,149787,155,54,0,0
253565,1,21,1606,46,0,37,168275.03,149787,155,54,0,0
253700,1,21,1606,46,0,37,168275.03,149787,155,54,0,0
253849,1,21,1592,49,0,37,168275.03,149787,155,55,0,0
253955,1,21,1588,49,0,37,168275.03,149787,155,55,0,0
254055,1,20,1561,49,0,37,168275.03,149787,155,55,0,0
254198,1,20,1561,49,0,37,168275.03,149787,155,55,0,0
254325,1,20,1528,57,0,37,168275.03,149787,155,55,0,0
254447,1,20,1560,58,0,37,168275.03,149787,155,55,0,0
254555,1,20,1556,59,0,37,168275.03,149787,158,55,0,0
254699,1,20,1588,59,0,37,168275.03,149787,158,55,0,0
254825,1,21,1586,68,0,37,168276.03,149787,158,55,0,0
254946,1,21,1590,68,0,37,168276.03,149787,158,55,0,0
255025,1,20,1595,68,0,37,168276.03,149787,158,55,0,0
255186,1,20,1582,68,0,37,168276.03,149787,158,55,0,0
255297,1,20,1574,63,0,37,168276.03,149787,158,55,0,0
255425,1,21,1622,63,0,37,168276.03,149787,158,55,0,0
255525,1,21,1616,62,0,37,168276.03,149787,158,55,0,0
255571,1,21,1618,62,0,37,168276.03,149787,158,55,0,0
255798,1,21,1620,57,0,37,168276.03,149787,158,55,0,0
255897,1,21,1589,61,0,37,168276.03,149787,158,55,0,0
256025,1,21,1619,61,0,37,168276.03,149787,158,55,0,0
256053,1,21,1615,61,0,37,168276.03,149787,158,55,0,0
256256,1,22,1658,61,0,37,168277.06,149787,158,55,0,0
256380,1,22,1629,62,0,37,168277.06,149787,158,55,0,0
256498,1,22,1662,49,0,37,168277.06,149787,158,55,0,0
256555,1,22,1632,40,0,37,168277.06,149787,158,55,0,0
256698,1,22,1600,40,0,37,168277.06,149787,158,55,0,0
256855,1,21,1642,17,0,37,168277.06,149787,158,55,0,0
256975,1,21,1630,29,0,37,168277.06,149787,158,55,0,0
257055,1,21,1600,37,0,37,168277.06,149787,158,55,0,0
257198,1,21,1613,37,0,37,168277.06,149787,158,55,0,0
257325,1,21,1636,57,0,37,168277.06,149787,158,55,0,0
257449,1,21,1660,59,0,37,168277.06,149787,158,55,0,0
257564,1,22,1637,61,0,37,168277.06,149787,158,55,0,0
257675,1,22,1669,61,0,37,168277.06,149787,158,55,0,0
257815,1,22,1677,61,0,37,168278.08,149787,158,55,0,0
257925,1,22,1701,65,0,37,168278.08,149787,158,55,0,0
258049,1,22,1699,66,0,37,168278.08,149787,158,55,0,0
258184,1,22,1731,66,0,37,168278.08,149787,158,55,0,0
258298,1,23,1753,58,0,37,168278.08,149787,158,55,0,0
258425,1,23,1723,49,0,37,168278.08,149787,158,55,0,0
258525,1,23,1730,34,0,37,168278.08,149787,158,55,0,0
258589,1,23,1744,34,0,37,168278.08,149787,158,55,0,0
258775,1,23,1764,23,0,37,168278.08,149787,158,55,0,0
258897,1,23,1722,23,0,37,168278.08,149787,158,55,0,0
258998,1,22,1747,23,0,37,168278.08,149787,158,55,0,0
259100,1,23,1711,23,0,37,168279.08,149787,158,55,0,0
259256,1,23,1743,23,0,37,168279.08,149787,158,55,0,0
259355,1,23,1715,23,0,37,168279.08,149787,158,55,0,0
259476,1,22,1714,23,0,37,168279.08,149787,158,55,0,0
259583,1,23,1713,32,0,37,168279.08,149787,158,55,0,0
259698,1,23,1715,32,0,37,168279.08,149787,158,55,0,0
259849,1,22,1707,37,0,37,168279.08,149787,158,55,0,0
259955,1,22,1710,38,0,37,168279.08,149787,158,55,0,0
260065,1,23,1705,43,0,37,168279.08,149787,158,55,0,0
260209,1,23,1705,43,0,37,168279.08,149787,158,55,0,0
260325,1,22,1746,46,0,37,168279.08,149787,158,55,0,0
260446,1,22,1791,46,0,37,168279.08,149787,158,55,0,0
260565,1,23,1729,46,0,37,168279.08,149787,158,55,0,0
260574,1,23,1729,46,0,37,168279.08,149787,158,55,0,0
260797,1,23,1788,41,0,37,168279.08,149787,158,56,0,0
260897,1,23,1776,40,0,37,168279.08,149787,158,56,0,0
261025,1,23,1774,38,0,37,168280.11,149787,158,56,0,0
261081,1,24,1774,38,0,37,168280.11,149787,158,56,0,0
261256,1,23,1739,38,0,37,168280.11,149787,158,56,0,0
261379,1,23,1769,38,0,37,168280.11,149787,158,56,0,0
261498,1,23,1768,38,0,37,168280.11,149787,158,56,0,0
261589,1,23,1768,38,0,37,168280.11,149787,158,56,0,0
261698,1,23,1767,38,0,37,168280.11,149787,158,56,0,0
261855,1,23,1802,38,0,37,168280.11,149787,158,56,0,0
261975,1,24,1771,38,0,37,168280.11,149787,158,56,0,0
262098,1,23,1806,38,0,37,168280.11,149787,158,56,0,0
262207,1,23,1806,38,0,37,168280.11,149787,158,56,0,0
262325,1,24,1776,38,0,37,168280.11,149787,158,56,0,0
262455,1,23,1776,38,0,37,168280.11,149787,158,56,0,0
262564,1,24,1810,38,0,37,168280.11,149787,158,56,0,0
262698,1,24,1777,38,0,37,168280.11,149787,158,56,0,0
262825,1,23,1806,38,0,37,168281.14,149787,158,56,0,0
262925,1,23,1803,38,0,37,168281.14,149787,158,56,0,0
263055,1,24,1802,38,0,37,168281.14,149787,158,56,0,0
263100,1,24,1802,38,0,37,168281.14,149787,158,56,0,0
263297,1,24,1807,38,0,37,168281.14,149787,158,56,0,0
263397,1,24,1808,36,0,37,168281.14,149787,158,56,0,0
263525,1,24,1811,33,0,37,168281.14,149787,158,56,0,0
263583,1,24,1843,33,0,37,168281.14,149787,158,56,0,0
263756,1,24,1799,25,0,37,168281.14,149787,158,56,0,0
263878,1,23,1827,21,0,37,168281.14,149787,158,56,0,0
263998,1,24,1780,19,0,37,168281.14,149787,158,56,0,0
264098,1,23,1801,14,0,37,168281.14,149787,158,56,0,0
264206,1,23,1801,7,0,37,168281.14,149787,158,56,0,0
264355,1,23,1748,0,0,37,168281.14,149787,158,56,0,0
264476,1,22,1714,0,0,37,168281.14,149787,158,56,0,0
264575,1,23,1676,1,0,37,168281.14,149787,158,56,0,0
264719,1,23,1644,4,0,37,168281.14,149787,158,56,0,0
264825,1,22,1673,18,0,37,168282.16,149787,158,56,0,0
264955,1,21,1644,18,0,37,168282.16,149787,158,56,0,0
265055,1,22,1624,18,0,37,168282.16,149787,158,56,0,0
265205,1,22,1624,18,0,37,168282.16,149787,158,56,0,0
265325,1,21,1568,1,0,37,168282.16,149787,158,56,0,0
265427,1,21,1586,0,0,37,168282.16,149787,158,56,0,0
265555,1,20,1543,0,0,37,168282.16,149787,158,56,0,0
265566,1,20,1543,0,0,37,168282.16,149787,158,56,0,0
265797,1,20,1477,0,0,37,168282.16,149787,158,56,0,0
265927,1,20,1506,4,0,37,168282.16,149787,158,56,0,0
266025,1,19,1472,6,0,37,168282.16,149787,158,56,0,0
266069,1,20,1503,6,0,37,168282.16,149787,158,56,0,0
266275,1,19,1472,20,0,37,168282.16,149787,158,56,0,0
266397,1,19,1485,20,0,37,168282.16,149787,158,56,0,0
266497,1,19,1493,21,0,37,168282.16,149787,158,56,0,0
266575,1,19,1500,25,0,37,168282.16,149787,158,56,0,0
266725,1,19,1436,37,0,37,168282.16,149787,158,56,0,0
266878,1,19,1500,33,0,37,168282.16,149787,158,56,0,0
266997,1,19,1447,30,0,37,168282.16,149787,158,56,0,0
267055,1,19,1466,29,0,37,168282.16,149787,158,56,0,0
267204,1,19,1498,29,0,37,168282.16,149787,158,56,0,0
267355,1,19,1461,40,0,37,168282.16,149787,158,56,0,0
267475,1,19,1447,40,0,37,168282.16,149787,158,56,0,0
267565,1,19,1479,41,0,37,168283.19,149787,158,56,0,0
267697,1,19,1441,41,0,37,168283.19,149787,158,56,0,0
267825,1,19,1446,48,0,37,168283.19,149787,158,56,0,0
267949,1,19,1465,49,0,37,168283.19,149787,158,57,0,0
268055,1,19,1465,53,0,37,168283.19,149787,158,57,0,0
268204,1,19,1465,53,0,37,168283.19,149787,158,57,0,0
268324,1,19,1487,61,0,37,168283.19,149787,158,57,0,0
268425,1,19,1503,61,0,37,168283.19,149787,158,57,0,0
268555,1,19,1528,62,0,37,168283.19,149787,158,57,0,0
268575,1,19,1528,62,0,37,168283.19,149787,158,57,0,0
268774,1,20,1529,63,0,37,168283.19,149787,158,57,0,0
268898,1,20,1565,63,0,37,168283.19,149787,158,57,0,0
269025,1,21,1537,60,0,37,168283.19,149787,158,57,0,0
269097,1,21,1572,60,0,37,168284.23,149787,158,57,0,0
269229,1,21,1603,59,0,37,168284.23,149787,158,57,0,0
269377,1,21,1602,61,0,37,168284.23,149787,158,57,0,0
269498,1,21,1602,61,0,37,168284.23,149787,158,57,0,0
269574,1,21,1635,61,0,37,168284.23,149787,158,57,0,0
269724,1,21,1635,67,0,37,168284.23,149787,158,57,0,0
269855,1,21,1683,67,0,37,168284.23,149787,158,57,0,0
269974,1,22,1666,67,0,37,168284.23,149787,158,57,0,0
270074,1,22,1700,67,0,37,168284.23,149787,158,57,0,0
270074,1,22,1700,67,0,37,168284.23,149787,158,57,0,0
270325,1,23,1738,67,0,37,168285.25,149787,158,57,0,0
270449,1,22,1766,67,0,37,168285.25,149787,158,57,0,0
270574,1,23,1766,67,0,37,168285.25,149787,158,57,0,0
270698,1,23,1806,67,0,37,168285.25,149787,158,57,0,0
270824,1,24,1840,65,0,37,168285.25,149787,158,57,0,0
270924,1,24,1842,59,0,37,168285.25,149787,158,57,0,0
271055,1,25,1846,54,0,37,168285.25,149787,158,57,0,0
271202,1,25,1878,54,0,37,168285.25,149787,158,57,0,0
271314,1,25,1890,54,0,37,168285.25,149787,158,57,0,0
271424,1,25,1892,52,0,37,168286.27,149787,158,57,0,0
271555,1,25,1906,52,0,37,168286.27,149787,158,57,0,0
271689,1,25,1938,52,0,37,168286.27,149787,158,57,0,0
271814,1,25,1909,52,0,37,168286.27,149787,158,57,0,0
271924,1,26,1939,51,0,37,168286.27,149787,158,57,0,0
272049,1,25,1931,48,0,37,168286.27,149787,158,57,0,0
272071,1,26,1931,48,0,37,168286.27,149787,158,57,0,0
272274,1,26,1957,44,0,37,168286.27,149787,158,57,0,0
272398,1,26,1980,40,0,37,168286.27,149787,158,57,0,0
272498,1,26,1970,33,0,37,168286.27,149787,158,57,0,0
272564,1,26,1955,26,0,37,168287.30,149787,158,57,0,0
272756,1,26,1923,14,0,37,168287.30,149787,158,57,0,0
272855,1,26,1979,12,0,37,168287.30,149787,158,57,0,0
272974,1,25,1967,7,0,37,168287.30,149787,158,57,0,0
273074,1,25,1958,4,0,37,168287.30,149787,158,57,0,0
273226,1,25,1926,4,0,37,168287.30,149787,158,57,0,0
273349,1,25,1914,0,0,37,168287.30,149787,158,57,0,0
273460,1,26,1913,0,0,37,168287.30,149787,158,57,0,0
273574,1,25,1909,0,0,37,168287.30,149787,158,57,0,0
273713,1,25,1909,0,0,37,168287.30,149787,158,57,0,0
273824,1,25,1905,4,0,37,168287.30,149787,158,57,0,0
273955,1,26,1874,5,0,37,168287.30,149787,158,57,0,0
274075,1,24,1875,13,0,37,168287.30,149787,158,57,0,0
274075,1,24,1875,13,0,37,168287.30,149787,158,57,0,0
274324,1,24,1892,35,0,37,168287.30,149787,158,57,0,0
274446,1,24,1904,41,0,37,168287.30,149787,158,57,0,0
274564,1,24,1867,41,0,37,168287.30,149787,158,57,0,0
274585,1,24,1867,41,0,37,168287.30,149787,158,57,0,0
274798,1,24,1873,44,0,37,168287.30,149787,158,57,0,0
274898,1,24,1869,44,0,37,168288.33,149787,158,57,0,0
275024,1,25,1873,47,0,37,168288.33,149787,158,57,0,0
275098,1,24,1936,47,0,37,168288.33,149787,158,57,0,0
275268,1,25,1881,45,0,37,168288.33,149787,158,57,0,0
275377,1,25,1873,33,0,37,168288.33,149787,158,57,0,0
275498,1,24,1870,24,0,37,168288.33,149787,158,57,0,0
275575,1,25,1864,24,0,37,168288.33,149787,158,57,0,0
275724,1,25,1864,16,0,37,168288.33,149787,158,57,0,0
275855,1,24,1883,9,0,37,168288.33,149787,158,57,0,0
275974,1,24,1839,3,0,37,168288.33,149787,158,57,0,0
276075,1,24,1828,3,0,37,168288.33,149787,158,57,0,0
276224,1,24,1821,3,0,37,168288.33,149787,158,57,0,0
276355,1,23,1783,4,0,37,168288.33,149787,158,57,0,0
276476,1,24,1813,9,0,37,168288.33,149787,158,57,0,0
276575,1,24,1815,15,0,37,168288.33,149787,158,57,0,0
276598,1,24,1815,15,0,37,168288.33,149787,158,57,0,0
276849,1,24,1760,39,0,37,168289.34,149787,158,57,0,0
276955,1,23,1766,39,0,37,168289.34,149787,158,57,0,0
277075,1,23,1785,39,0,37,168289.34,149787,158,57,0,0
277224,1,23,1785,39,0,37,168289.34,149787,158,57,0,0
277324,1,24,1760,39,0,37,168289.34,149787,158,57,0,0
277460,1,23,1816,39,0,37,168289.34,149787,158,57,0,0
277575,1,23,1818,39,0,37,168289.34,149787,158,57,0,0
277711,1,23,1850,39,0,37,168289.34,149787,158,57,0,0
277824,1,23,1855,36,0,37,168289.34,149787,158,57,0,0
277955,1,24,1820,36,0,37,168289.34,149787,158,57,0,0
278075,1,24,1817,36,0,37,168289.34,149787,158,57,0,0
278116,1,24,1817,36,0,37,168289.34,149787,158,57,0,0
278298,1,23,1779,23,0,37,168289.34,149787,158,57,0,0
278424,1,23,1795,27,0,37,168290.36,149787,158,57,0,0
278549,1,23,1781,27,0,37,168290.36,149787,158,57,0,0
278575,1,24,1781,27,0,37,168290.36,149787,158,57,0,0
278774,1,24,1729,27,0,37,168290.36,149787,158,57,0,0
278898,1,23,1764,27,0,37,168290.36,149787,158,57,0,0
278998,1,23,1732,27,0,37,168290.36,149787,158,57,0,0
279114,1,23,1732,27,0,37,168290.36,149787,158,57,0,0
279224,1,23,1731,34,0,37,168290.36,149787,158,57,0,0
279377,1,23,1740,35,0,37,168290.36,149787,158,57,0,0
279476,1,23,1783,35,0,37,168290.36,149787,158,57,0,0
279598,1,23,1778,35,0,37,168290.36,149787,158,57,0,0
279735,1,23,1778,35,0,37,168290.36,149787,158,57,0,0
279855,1,22,1741,38,0,37,168290.36,149787,158,57,0,0
279974,1,22,1742,38,0,37,168290.36,149787,158,57,0,0
280075,1,23,1750,38,0,37,168290.36,149787,158,57,0,0
280224,1,23,1782,40,0,37,168290.36,149787,158,57,0,0
280324,1,23,1780,40,0,37,168291.39,149787,158,57,0,0
280460,1,23,1785,43,0,37,168291.39,149787,158,57,0,0
280575,1,23,1759,43,0,37,168291.39,149787,158,57,0,0
280599,1,23,1759,43,0,37,168291.39,149787,158,57,0,0
280814,1,23,1761,43,0,37,168291.39,149787,158,57,0,0
280924,1,23,1732,28,0,37,168291.39,149787,158,57,0,0
281055,1,23,1741,25,0,37,168291.39,149787,158,57,0,0
281074,1,23,1741,25,0,37,168291.39,149787,158,57,0,0
281274,1,22,1747,21,0,37,168291.39,149787,158,58,0,0
281398,1,23,1749,17,0,37,168291.39,149787,158,58,0,0
281524,1,23,1711,16,0,37,168291.39,149787,158,58,0,0
281598,1,23,1700,16,0,37,168291.39,149787,158,58,0,0
281748,1,23,1705,14,0,37,168291.39,149787,158,58,0,0
281877,1,22,1700,11,0,37,168291.39,149787,158,58,0,0
281998,1,22,1693,11,0,37,168291.39,149787,158,58,0,0
282074,1,22,1687,11,0,37,168291.39,149787,158,58,0,0
282224,1,22,1687,10,0,37,168291.39,149787,158,58,0,0
282355,1,22,1685,9,0,37,168292.41,149787,158,58,0,0
282475,1,21,1652,9,0,37,168292.41,149787,158,58,0,0
282574,1,21,1648,9,0,37,168292.41,149787,158,58,0,0
282708,1,21,1616,9,0,37,168292.41,149787,158,58,0,0
282824,1,21,1612,9,0,37,168292.41,149787,158,58,0,0
282955,1,21,1610,9,0,37,168292.41,149787,158,58,0,0
283074,1,20,1609,18,0,37,168292.41,149787,158,58,0,0
283103,1,20,1609,18,0,37,168292.41,149787,158,58,0,0
283314,1,22,1655,25,0,37,168292.41,149787,158,58,0,0
283424,1,22,1671,27,0,37,168292.41,149787,158,58,0,0
283549,1,22,1589,27,0,37,168292.41,149787,158,58,0,0
283598,1,21,1589,27,0,37,168292.41,149787,158,58,0,0
283774,1,21,1589,16,0,37,168292.41,149787,158,58,0,0
283898,1,21,1569,15,0,37,168292.41,149787,158,58,0,0
284023,1,21,1590,20,0,37,168292.41,149787,158,58,0,0
284111,1,21,1623,20,0,37,168292.41,149787,158,58,0,0
284224,1,21,1623,20,0,37,168292.41,149787,158,58,0,0
284377,1,21,1568,20,0,37,168292.41,149787,158,58,0,0
284498,1,21,1600,20,0,37,168292.41,149787,161,58,0,0
284598,1,20,1571,23,0,37,168292.41,149787,161,58,0,0
284732,1,20,1571,23,0,37,168292.41,149787,161,58,0,0
284854,1,21,1576,40,0,37,168292.41,149787,161,58,0,0
284974,1,20,1615,40,0,37,168293.42,149787,161,58,0,0
285074,1,21,1580,40,0,37,168293.42,149787,161,58,0,0
285224,1,21,1587,40,0,37,168293.42,149787,161,58,0,0
285354,1,20,1609,45,0,37,168293.42,149787,161,58,0,0
285460,1,22,1578,45,0,37,168293.42,149787,161,58,0,0
285574,1,21,1611,47,0,37,168293.42,149787,161,58,0,0
285598,1,21,1611,47,0,37,168293.42,149787,161,58,0,0
285849,1,21,1619,47,0,37,168293.42,149787,161,58,0,0
285955,1,21,1622,47,0,37,168293.42,149787,161,58,0,0
286074,1,20,1623,49,0,37,168293.42,149787,161,58,0,0
286074,1,20,1623,49,0,37,168293.42,149787,161,58,0,0
286324,1,21,1611,70,0,37,168293.42,149787,161,58,0,0
286449,1,21,1659,71,0,37,168293.42,149787,161,58,0,0
286564,1,22,1681,71,0,37,168294.44,149787,161,58,0,0
286574,1,22,1681,71,0,37,168294.44,149787,161,58,0,0
286798,1,22,1680,71,0,37,168294.44,149787,161,58,0,0
286924,1,22,1679,71,0,37,168294.44,149787,161,58,0,0
287024,1,22,1706,69,0,37,168294.44,149787,161,58,0,0
287098,1,22,1735,69,0,37,168294.44,149787,161,58,0,0
287314,1,23,1745,68,0,37,168294.44,149787,161,58,0,0
287424,1,23,1769,67,0,37,168294.44,149787,161,58,0,0
287549,1,23,1770,62,0,37,168295.48,149787,161,59,0,0
287602,1,24,1802,62,0,37,168295.48,149787,161,59,0,0
287757,1,24,1802,54,0,37,168295.48,149787,161,59,0,0
287899,1,24,1793,54,0,37,168295.48,149787,161,59,0,0
288024,1,24,1853,52,0,37,168295.48,149787,161,59,0,0
288131,1,24,1855,52,0,37,168295.48,149787,161,59,0,0
288256,1,24,1829,52,0,37,168295.48,149787,161,59,0,0
288377,1,23,1800,46,0,37,168295.48,149787,161,59,0,0
288498,1,25,1877,46,0,37,168295.48,149787,161,59,0,0
288601,1,25,1844,46,0,37,168295.48,149787,161,59,0,0
288755,1,25,1844,46,0,37,168295.48,149787,161,59,0,0
288877,1,24,1812,39,0,37,168295.48,149787,161,59,0,0
288998,1,24,1804,39,0,37,168296.52,149787,161,59,0,0
289098,1,23,1792,40,0,37,168296.52,149787,161,59,0,0
289257,1,24,1853,40,0,37,168296.52,149787,161,59,0,0
289377,1,23,1824,40,0,37,168296.52,149787,161,59,0,0
289475,1,24,1855,40,0,37,168296.52,149787,161,59,0,0
289600,1,24,1823,40,0,37,168296.52,149787,161,59,0,0
289754,1,24,1824,41,0,37,168296.52,149787,161,59,0,0
289854,1,24,1835,43,0,37,168296.52,149787,161,59,0,0
289974,1,24,1837,43,0,37,168296.52,149787,161,59,0,0
290098,1,24,1842,43,0,37,168296.52,149787,161,59,0,0
290241,1,24,1842,43,0,37,168296.52,149787,161,59,0,0
290354,1,25,1901,43,0,37,168296.52,149787,161,59,0,0
290475,1,25,1899,42,0,37,168297.53,149787,161,59,0,0
290600,1,24,1868,42,0,37,168297.53,149787,161,59,0,0
290600,1,24,1868,42,0,37,168297.53,149787,161,59,0,0
290854,1,25,1875,26,0,37,168297.53,149787,161,59,0,0
290952,1,25,1863,26,0,37,168297.53,149787,161,59,0,0
291074,1,25,1887,26,0,37,168297.53,149787,161,59,0,0
291129,1,25,1887,26,0,37,168297.53,149787,161,59,0,0
291324,1,24,1887,17,0,37,168297.53,149787,161,59,0,0
291424,1,25,1891,17,0,37,168297.53,149787,161,59,0,0
291554,1,24,1871,17,0,37,168297.53,149787,161,59,0,0
291629,1,24,1871,16,0,37,168297.53,149787,161,59,0,0
291779,1,24,1872,16,0,37,168297.53,149787,161,59,0,0
291898,1,24,1874,16,0,37,168297.53,149787,161,59,0,0
292024,1,24,1871,16,0,37,168297.53,149787,161,59,0,0
292098,1,24,1837,16,0,37,168297.53,149787,161,59,0,0
292274,1,24,1837,22,0,37,168297.53,149787,161,59,0,0
292398,1,25,1842,25,0,37,168297.53,149787,161,59,0,0
292524,1,24,1845,19,0,37,168298.53,149787,161,59,0,0
292599,1,24,1849,19,0,37,168298.53,149787,161,59,0,0
292757,1,25,1849,8,0,37,168298.53,149787,161,59,0,0
292876,1,24,1822,7,0,37,168298.53,149787,161,59,0,0
292999,1,24,1817,6,0,37,168298.53,149787,161,59,0,0
293099,1,24,1811,0,0,37,168298.53,149787,161,59,0,0
293145,1,24,1811,0,0,37,168298.53,149787,161,59,0,0
293376,1,23,1740,0,0,37,168298.53,149787,161,59,0,0
293475,1,23,1739,0,0,37,168298.53,149787,161,59,0,0
293601,1,24,1706,0,0,37,168298.53,149787,161,59,0,0
293752,1,24,1707,0,0,37,168298.53,149787,161,59,0,0
293854,1,22,1681,0,0,37,168298.53,149787,161,59,0,0
293973,1,22,1690,0,0,37,168298.53,149787,161,59,0,0
294098,1,22,1648,0,0,37,168298.53,149787,161,59,0,0
294137,1,22,1648,0,0,37,168298.53,149787,161,59,0,0
294354,1,21,1623,0,0,37,168298.53,149787,161,60,0,0
294475,1,21,1613,0,0,37,168298.53,149787,161,60,0,0
294573,1,21,1613,0,0,37,168298.53,149787,161,60,0,0
294598,1,21,1613,0,0,37,168298.53,149787,161,60,0,0
294823,1,20,1581,0,0,37,168298.53,149787,161,60,0,0
294949,1,20,1538,0,0,37,168298.53,149787,161,60,0,0
295064,1,20,1544,0,0,37,168298.53,149787,161,60,0,0
295098,1,20,1544,0,0,37,168298.53,149787,161,60,0,0
295274,1,19,1544,0,0,37,168298.53,149787,161,60,0,0
295398,1,20,1513,0,0,37,168298.53,149787,161,60,0,0
295523,1,20,1512,0,0,37,168298.53,149787,161,60,0,0
295598,1,20,1480,0,0,37,168298.53,149787,161,60,0,0
295754,1,20,1447,0,0,37,168298.53,149787,161,60,0,0
295898,1,19,1448,6,0,37,168298.53,149787,161,60,0,0
295998,1,19,1446,6,0,37,168298.53,149787,161,60,0,0
296129,1,20,1477,7,0,37,168298.53,149787,161,60,0,0
296263,1,20,1445,7,0,37,168298.53,149787,161,60,0,0
296376,1,19,1415,13,0,37,168298.53,149787,161,60,0,0
296498,1,19,1454,13,0,37,168298.53,149787,161,60,0,0
296599,1,19,1464,13,0,37,168298.53,149787,161,60,0,0
296599,1,19,1464,13,0,37,168298.53,149787,161,60,0,0
296851,1,18,1400,0,0,37,168299.55,149787,161,60,0,0
296955,1,18,1390,0,0,37,168299.55,149787,161,60,0,0
297073,1,19,1392,0,0,37,168299.55,149787,161,60,0,0
297129,1,19,1392,0,0,37,168299.55,149787,161,60,0,0
297323,1,18,1387,0,0,37,168299.55,149787,161,60,0,0
297423,1,18,1349,0,0,37,168299.55,149787,161,60,0,0
297563,1,18,1344,0,0,37,168299.55,149787,161,60,0,0
297629,1,18,1344,0,0,37,168299.55,149787,161,60,0,0
297775,1,18,1344,0,0,37,168299.55,149787,161,60,0,0
297898,1,17,1311,0,0,37,168299.55,149787,161,60,0,0
298023,1,17,1343,0,0,37,168299.55,149787,161,60,0,0
298098,1,17,1309,0,0,37,168299.55,149787,161,60,0,0
298273,1,17,1310,0,0,37,168299.55,149787,161,60,0,0
298399,1,17,1311,0,0,37,168299.55,149787,161,60,0,0
298501,1,17,1310,0,0,37,168299.55,149787,161,60,0,0
298598,1,17,1245,0,0,37,168299.55,149787,161,60,0,0
298757,1,16,1245,0,0,37,168299.55,149787,161,60,0,0
298876,1,15,1209,0,56,37,168299.55,149787,161,60,0,0
298998,1,16,1209,0,52,37,168299.55,149787,161,60,0,0
299101,1,15,1177,0,80,37,168299.55,149787,161,60,0,0
299129,1,15,1177,0,80,37,168299.55,149787,161,60,0,0
299376,1,13,1160,0,102,37,168299.55,149787,161,60,0,0
299475,1,13,1161,0,98,37,168299.55,149787,161,60,0,0
299598,1,12,1129,0,98,37,168299.55,149787,161,60,0,0
299748,1,11,1128,0,98,37,168299.55,149787,161,60,0,0
299852,1,10,1128,0,96,37,168299.55,149787,161,60,0,0
299973,1,9,1128,0,88,37,168299.55,149787,161,60,0,0
300098,1,9,1096,0,0,37,168299.55,149787,161,60,0,0
300235,1,8,1096,0,0,37,168299.55,149787,161,60,0,0
300354,1,8,1094,0,0,37,168299.55,149787,161,60,0,0
300475,1,8,1095,0,0,37,168299.55,149787,161,60,0,0
300573,1,8,1094,0,0,37,168300.55,149787,161,60,0,0
300601,1,8,1126,0,0,37,168300.55,149787,161,60,0,0
300823,1,7,1124,14,0,37,168300.55,149787,161,60,0,0
300949,1,7,1150,42,0,37,168300.55,149787,161,60,0,0
301063,1,7,1048,45,0,37,168300.55,149787,161,60,0,0
301133,1,7,1016,44,0,37,168300.55,149787,161,60,0,0
301273,1,7,1007,44,0,37,168300.55,149787,161,60,0,0
301401,1,7,1096,43,0,37,168300.55,149787,161,60,0,0
301523,1,7,1098,56,0,37,168300.55,149787,161,60,0,0
301601,1,8,1128,56,0,37,168300.55,149787,161,60,0,0
301754,1,8,1152,64,0,37,168300.55,149787,161,60,0,0
301901,1,8,1224,66,0,37,168300.55,149787,161,60,0,0
302001,1,8,1263,66,0,37,168300.55,149787,161,60,0,0
302129,1,8,1265,66,0,37,168300.55,149787,161,60,0,0
302273,1,8,1231,66,0,37,168300.55,149787,161,60,0,0
302376,1,9,1189,65,0,37,168300.55,149787,161,60,0,0
302501,1,9,1355,65,0,37,168301.58,149787,161,60,0,0
302601,1,9,1397,66,0,37,168301.58,149787,161,60,0,0
302754,1,9,1329,66,0,37,168301.58,149787,161,60,0,0
302876,1,9,1394,82,0,37,168301.58,149787,161,60,0,0
302973,1,10,1442,89,0,37,168301.58,149787,161,60,0,0
303101,1,10,1515,96,0,37,168301.58,149787,161,60,0,0
303128,1,10,1515,99,0,37,168301.58,149787,161,60,0,0
303351,1,11,1644,100,0,37,168301.58,149787,161,60,0,0
303473,1,12,1725,101,0,37,168301.58,149787,161,60,0,0
303573,1,12,1773,101,0,37,168302.61,149787,161,60,0,0
303629,1,12,1837,101,0,37,168302.61,149787,161,60,0,0
303823,1,13,1983,101,0,37,168302.61,149787,161,60,0,0
303952,1,15,2103,100,0,37,168302.61,149787,161,60,0,0
304073,1,15,2189,97,0,37,168302.61,149787,161,60,0,0
304151,1,16,2269,90,0,37,168302.61,149787,161,60,0,0
304284,1,16,2301,90,0,37,168303.61,149787,161,60,0,0
304423,1,17,2413,90,0,37,168303.61,149787,161,60,0,0
304552,1,18,2506,90,0,37,168303.61,149787,161,60,0,0
304629,1,18,2538,90,0,37,168303.61,149787,161,60,0,0
304773,1,18,2537,90,0,37,168303.61,149787,161,60,0,0
304902,1,19,2702,90,0,37,168304.69,149787,161,60,0,0
305023,1,19,2754,90,0,37,168304.69,149787,161,60,0,0
305129,1,20,2836,88,0,37,168304.69,149787,161,60,0,0
305129,1,20,2836,88,0,37,168304.69,149787,161,60,0,0
305376,1,21,2957,83,0,37,168304.69,149787,161,60,0,0
305501,1,21,2949,77,0,37,168305.73,149787,161,60,0,0
305629,1,21,3004,65,0,37,168305.73,149787,161,60,0,0
305773,1,21,3029,65,0,37,168305.73,149787,161,60,0,0
305876,1,21,2962,40,0,37,168305.73,149787,161,60,0,0
306001,1,21,2956,31,0,37,168305.73,149787,161,60,0,0
306101,1,21,2952,23,0,37,168305.73,149787,161,60,0,0
306154,1,21,2915,12,0,37,168305.73,149787,161,60,0,0
306352,1,20,2827,0,0,37,168305.73,149787,161,60,0,0
306473,1,20,2828,0,0,37,168306.73,149787,161,60,0,0
306573,1,20,2767,0,0,37,168306.73,149787,161,60,0,0
306629,1,20,2767,0,0,37,168306.73,149787,161,60,0,0
306823,1,19,2663,0,0,37,168306.73,149787,161,60,0,0
306952,1,18,2563,0,0,37,168306.73,149787,161,60,0,0
307063,1,18,2497,0,0,37,168306.73,149787,161,60,0,0
307148,1,18,2465,0,0,37,168306.73,149787,161,60,0,0
307282,1,18,2460,0,48,37,168306.73,149787,161,60,0,0
307423,1,17,2343,0,42,37,168306.73,149787,161,60,0,0
307549,1,15,2237,0,44,37,168306.73,149787,161,60,0,0
307629,1,15,2172,0,46,37,168306.73,149787,161,60,0,0
307773,1,15,2127,0,48,37,168306.73,149787,161,60,0,0
307901,1,14,1902,0,46,37,168306.73,149787,161,60,0,0
308023,1,13,1801,0,34,37,168306.73,149787,161,60,0,0
308129,1,13,1761,0,18,37,168306.73,149787,161,60,0,0
308281,1,12,1742,0,10,37,168306.73,149787,161,60,0,0
308401,1,11,1632,0,0,37,168306.73,149787,161,60,0,0
308523,1,11,1595,0,0,37,168306.73,149787,161,60,0,0
308629,1,11,1561,0,0,37,168306.73,149787,161,60,0,0
308768,1,11,1527,0,0,37,168306.73,149787,161,60,0,0
308876,1,10,1463,0,0,37,168306.73,149787,161,60,0,0
309001,1,10,1431,21,0,37,168306.73,149787,161,60,0,0
309101,1,10,1406,32,0,37,168306.73,149787,161,60,0,0
309153,1,9,1387,40,0,37,168306.73,149787,161,60,0,0
309376,1,9,1350,61,0,37,168307.77,149787,161,60,0,0
309473,1,9,1351,67,0,37,168307.77,149787,161,60,0,0
309601,1,9,1349,71,0,37,168307.77,149787,161,60,0,0
309634,1,9,1349,79,0,37,168307.77,149787,161,60,0,0
309849,1,10,1427,97,0,37,168307.77,149787,161,60,0,0
309952,1,10,1491,98,0,37,168307.77,149787,161,60,0,0
310073,1,11,1540,101,0,37,168307.77,149787,161,60,0,0
310129,1,11,1572,101,0,37,168307.77,149787,161,60,0,0
310280,1,11,1574,101,0,37,168307.77,149787,161,60,0,0
310423,1,12,1754,101,0,37,168308.80,149787,161,60,0,0
310552,1,13,1870,101,0,37,168308.80,149787,161,60,0,0
310629,1,13,1902,101,0,37,168308.80,149787,161,60,0,0
310773,1,14,1944,101,0,37,168308.80,149787,161,61,0,0
310901,1,15,2128,101,0,37,168308.80,149787,161,61,0,0
311023,1,15,2212,101,0,37,168308.80,149787,161,61,0,0
311129,1,16,2323,101,0,37,168309.86,149787,161,61,0,0
311279,1,17,2338,101,0,37,168309.86,149787,161,61,0,0
311401,1,18,2594,103,0,37,168309.86,149787,161,61,0,0
311523,1,18,2712,108,0,37,168309.86,149787,161,61,0,0
311640,1,19,2777,109,0,37,168309.86,149787,161,61,0,0
311651,1,20,2787,109,0,37,168310.91,149787,161,61,0,0
311876,1,21,2977,109,0,37,168310.91,149787,161,61,0,0
312001,1,22,3163,109,0,37,168310.91,149787,161,61,0,0
312129,1,22,3219,73,0,37,168311.98,149787,161,61,0,0
312253,1,23,3235,73,0,37,168311.98,149787,161,61,0,0
312376,1,23,3144,17,0,37,168311.98,149787,161,61,0,0
312501,1,23,3027,0,0,37,168311.98,149787,161,61,0,0
312629,1,23,2870,0,0,37,168311.98,149787,161,61,0,0
312773,1,23,2718,0,0,37,168311.98,149787,161,61,0,0
312876,1,23,2514,0,0,37,168311.98,149787,161,61,0,0
313001,1,23,2355,0,0,37,168311.98,149787,161,61,0,0
313129,1,23,2239,11,0,37,168311.98,149787,161,61,0,0
313148,1,23,2239,11,0,37,168311.98,149787,161,61,0,0
313351,1,23,1685,23,0,37,168311.98,149787,161,61,0,0
313473,1,23,1752,35,0,37,168312.98,149787,161,61,0,0
313601,1,23,1767,48,0,37,168312.98,149787,161,61,0,0
313629,1,23,1767,59,0,37,168312.98,149787,161,61,0,0
313823,1,23,1808,77,0,37,168312.98,149787,161,61,0,0
313951,1,23,1765,79,0,37,168312.98,149787,161,61,0,0
314073,1,24,1809,85,0,37,168312.98,149787,161,61,0,0
314129,1,24,1841,96,0,37,168312.98,149787,161,61,0,0
314278,1,24,1832,96,0,37,168312.98,149787,161,61,0,0
314423,1,25,1901,90,0,37,168312.98,149787,161,61,0,0
314551,1,25,1925,77,0,37,168314.05,149787,162,61,0,0
314648,1,26,1925,63,0,37,168314.05,149787,162,61,0,0
314801,1,26,1941,63,0,37,168314.05,149787,162,61,0,0
314923,1,26,1980,45,0,37,168314.05,149787,162,61,0,0
315051,1,26,1961,41,0,37,168314.05,149787,162,61,0,0
315129,1,26,1961,35,0,37,168314.05,149787,162,61,0,0
315277,1,26,1961,35,0,37,168314.05,149787,162,61,0,0
315400,1,26,1979,26,0,37,168314.05,149787,162,61,0,0
315528,1,26,1975,0,0,37,168314.05,149787,162,61,0,0
315651,1,25,1933,0,0,37,168315.06,149787,162,61,0,0
315789,1,25,1933,0,0,37,168315.06,149787,162,61,0,0
315923,1,25,1916,0,0,37,168315.06,149787,162,61,0,0
316023,1,25,1946,0,0,37,168315.06,149787,162,61,0,0
316149,1,25,1916,0,0,37,168315.06,149787,162,61,0,0
316276,1,25,1883,0,0,37,168315.06,149787,162,61,0,0
316401,1,24,1881,0,0,37,168315.06,149787,162,61,0,0
316523,1,24,1798,0,0,37,168315.06,149787,162,61,0,0
316629,1,24,1834,0,0,37,168315.06,149787,162,61,0,0
316682,1,24,1802,0,0,37,168315.06,149787,162,61,0,0
316876,1,23,1787,0,0,37,168315.06,149787,162,61,0,0
316973,1,23,1743,0,0,37,168315.06,149787,162,61,0,0
317101,1,23,1754,0,0,37,168315.06,149787,162,61,0,0
317151,1,22,1708,0,0,37,168315.06,149787,162,62,0,0
317313,1,22,1708,0,0,37,168315.06,149787,162,62,0,0
317460,1,22,1678,0,0,37,168315.06,149787,162,62,0,0
317573,1,21,1656,0,0,37,168315.06,149787,162,62,0,0
317628,1,21,1656,0,0,37,168315.06,149787,162,62,0,0
317800,1,21,1591,0,0,37,168315.06,149787,162,62,0,0
317923,1,21,1568,0,0,37,168315.06,149787,162,62,0,0
318054,1,20,1536,0,0,37,168315.06,149787,162,62,0,0
318166,1,20,1504,0,0,37,168315.06,149787,162,62,0,0
318275,1,20,1504,0,0,37,168315.06,149787,162,62,0,0
318423,1,19,1472,0,0,37,168315.06,149787,162,62,0,0
318523,1,19,1440,2,0,37,168315.06,149787,162,62,0,0
318653,1,19,1440,18,0,37,168315.06,149787,162,62,0,0
318787,1,19,1472,29,0,37,168315.06,149787,162,62,0,0
318901,1,19,1459,31,0,37,168315.06,149787,162,62,0,0
319023,1,19,1466,40,0,37,168315.06,149787,162,62,0,0
319128,1,19,1503,45,0,37,168315.06,149787,162,62,0,0
319275,1,19,1489,45,0,37,168315.06,149787,162,62,0,0
319400,1,19,1469,56,0,37,168315.06,149787,162,62,0,0
319523,1,19,1488,64,0,37,168315.06,149787,162,62,0,0
319628,1,19,1478,69,0,37,168315.06,149787,162,62,0,0
319680,1,19,1487,69,0,37,168316.11,149787,162,62,0,0
319876,1,20,1548,73,0,37,168316.11,149787,162,62,0,0
320000,1,20,1556,76,0,37,168316.11,149787,162,62,0,0
320128,1,20,1594,102,0,37,168316.11,149787,162,62,0,0
320152,1,21,1611,102,0,37,168316.11,149787,162,62,0,0
320351,1,22,1654,108,0,37,168316.11,149787,162,62,0,0
320473,1,22,1694,118,0,37,168316.11,149787,162,62,0,0
320600,1,22,1729,126,0,37,168317.11,149787,162,62,0,0
320628,1,22,1729,129,0,37,168317.11,149787,162,62,0,0
320829,1,23,1834,134,0,37,168317.11,149787,162,62,0,0
320951,1,25,1911,138,0,37,168317.11,149787,162,62,0,0
321073,1,25,1947,138,0,37,168317.11,149787,162,62,0,0
321151,1,26,1962,138,0,37,168318.16,149787,162,63,0,0
321313,1,26,2068,138,0,37,168318.16,149787,162,63,0,0
321423,1,27,2118,138,0,37,168318.16,149787,162,63,0,0
321553,1,29,2196,128,0,37,168318.16,149787,162,63,0,0
321653,1,29,2217,122,0,37,168319.28,149787,162,63,0,0
321785,1,29,2217,122,0,37,168319.28,149787,162,63,0,0
321900,1,30,2318,118,0,37,168319.28,149787,162,63,0,0
322023,1,31,2375,112,0,37,168319.28,149787,162,63,0,0
322128,1,31,2403,110,0,37,168320.34,149787,162,63,0,0
322273,1,32,2434,110,0,37,168320.34,149787,162,63,0,0
322400,1,33,2553,104,0,37,168320.34,149787,162,63,0,0
322523,1,34,2574,91,0,37,168321.38,149787,162,63,0,0
322628,1,34,2607,90,0,37,168321.38,149787,162,63,0,0
322785,1,34,2646,90,0,37,168321.38,149787,162,63,0,0
322900,1,35,2663,90,0,37,168321.38,149787,162,63,0,0
323023,1,35,2701,89,0,37,168322.48,149787,162,63,0,0
323128,1,36,2703,89,0,37,168322.48,149787,162,63,0,0
323150,1,36,2733,89,0,37,168322.48,149787,162,63,0,0
323375,1,36,2772,88,0,37,168322.48,149787,162,63,0,0
323500,1,36,2806,88,0,37,168323.50,149787,162,63,0,0
323628,1,37,2803,88,0,37,168323.50,149787,162,63,0,0
323650,1,37,2803,88,0,37,168323.50,149787,162,63,0,0
323851,1,37,2819,87,0,37,168323.50,149787,162,63,0,0
323951,1,37,2850,86,0,37,168323.50,149787,162,63,0,0
324100,1,38,2857,85,0,37,168324.50,149787,162,63,0,0
324150,1,38,2861,85,0,37,168324.50,149787,162,63,0,0
324313,1,38,2889,85,0,37,168324.50,149787,162,63,0,0
324451,1,38,2889,85,0,37,168324.50,149787,162,63,0,0
324572,1,38,2925,84,0,37,168324.50,149787,162,63,0,0
324656,1,39,2927,81,0,37,168325.50,149787,162,63,0,0
324800,1,39,2927,81,0,37,168325.50,149787,162,63,0,0
324922,1,39,2919,69,0,37,168325.50,149787,162,63,0,0
325053,1,39,2940,67,0,37,168325.50,149787,162,63,0,0
325150,1,39,2913,67,0,37,168326.53,149787,162,63,0,0
325300,1,39,2944,67,0,37,168326.53,149787,162,63,0,0
325422,1,39,2947,67,0,37,168326.53,149787,162,63,0,0
325550,1,39,2960,67,0,37,168326.53,149787,162,63,0,0
325650,1,39,2960,67,0,37,168326.53,149787,162,63,0,0
325783,1,39,2965,67,0,37,168326.53,149787,162,63,0,0
325900,1,39,2967,67,0,37,168327.59,149787,162,63,0,0
326022,1,39,2959,67,0,37,168327.59,149787,162,63,0,0
326150,1,39,2918,67,0,37,168327.59,149787,162,63,0,0
326150,1,39,2918,67,0,37,168327.59,149787,162,63,0,0
326400,1,39,2947,65,0,37,168327.59,149787,162,63,0,0
326522,1,39,2921,63,0,37,168327.59,149787,162,63,0,0
326628,1,39,2916,61,0,37,168328.66,149787,162,63,0,0
326649,1,39,2916,61,0,37,168328.66,149787,162,63,0,0
326875,1,39,2920,61,0,37,168328.66,149787,162,63,0,0
327000,1,39,2940,61,0,37,168328.66,149787,162,63,0,0
327100,1,39,2931,61,0,37,168328.66,149787,162,63,0,0
327150,1,39,2927,61,0,37,168328.66,149787,162,63,0,0
327351,1,38,2935,61,0,37,168329.67,149787,162,63,0,0
327474,1,38,2939,61,0,37,168329.67,149787,162,63,0,0
327600,1,38,2909,61,0,37,168329.67,149787,162,63,0,0
327628,1,38,2909,61,0,37,168329.67,149787,162,63,0,0
327825,1,38,2941,68,0,37,168329.67,149787,162,63,0,0
327951,1,38,2913,69,0,37,168329.67,149787,162,63,0,0
328072,1,38,2913,70,0,37,168329.67,149787,162,63,0,0
328150,1,38,2925,77,0,37,168330.69,149787,162,63,0,0
328300,1,38,2941,77,0,37,168330.69,149787,162,63,0,0
328422,1,39,2918,84,0,37,168330.69,149787,162,63,0,0
328556,1,39,2956,85,0,37,168330.69,149787,162,63,0,0
328650,1,39,2956,85,0,37,168330.69,149787,162,63,0,0
328781,1,39,2971,85,0,37,168331.72,149787,162,63,0,0
328922,1,39,2979,85,0,37,168331.72,149787,162,63,0,0
329022,1,39,2977,85,0,37,168331.72,149787,162,63,0,0
329147,1,40,3037,85,0,37,168331.72,149787,162,63,0,0
329272,1,40,3024,85,0,37,168331.72,149787,162,63,0,0
329400,1,40,3035,85,0,37,168332.77,149787,162,63,0,0
329522,1,40,3040,85,0,37,168332.77,149787,162,63,0,0
329600,1,40,3045,85,0,37,168332.77,149787,162,63,0,0
329653,1,40,3045,84,0,37,168332.77,149787,162,63,0,0
329875,1,41,3081,83,0,37,168332.77,149787,162,63,0,0
330000,1,41,3079,78,0,37,168333.83,149787,162,63,0,0
330100,1,41,3097,67,0,37,168333.83,149787,162,63,0,0
330150,1,41,3099,55,0,37,168333.83,149787,162,63,0,0
330351,1,40,3030,18,0,37,168333.83,149787,162,63,0,0
330474,1,40,2957,0,0,37,168333.83,149787,162,63,0,0
330572,1,40,2869,0,0,37,168333.83,149787,162,64,0,0
330700,1,40,2606,0,0,37,168334.84,149787,162,64,0,0
330875,1,39,2381,0,0,37,168334.84,149787,162,64,0,0
331000,1,39,2235,0,0,37,168334.84,149787,162,64,0,0
331100,1,39,2138,0,0,37,168334.84,149787,162,64,0,0
331172,1,39,2099,0,0,37,168334.84,149787,162,64,0,0
331322,1,39,2035,16,0,37,168334.84,149787,162,64,0,0
331473,1,38,2099,27,0,37,168334.84,149787,162,64,0,0
331572,1,38,2022,34,0,37,168334.84,149787,162,64,0,0
331672,1,38,2048,53,0,37,168334.84,149787,162,64,0,0
331812,1,38,2016,60,0,37,168334.84,149787,162,64,0,0
331951,1,38,2043,69,0,37,168334.84,149787,162,64,0,0
332072,1,38,2047,76,0,37,168334.84,149787,162,64,0,0
332172,1,38,2031,85,0,37,168334.84,149787,162,64,0,0
332318,1,38,2031,97,0,37,168334.84,149787,162,64,0,0
332423,1,39,2049,104,0,37,168335.89,149787,162,64,0,0
332550,1,39,2085,109,0,37,168335.89,149787,162,64,0,0
332672,1,39,2104,111,0,37,168335.89,149787,162,64,0,0
332700,1,39,2104,111,0,37,168335.89,149787,162,64,0,0
332900,1,39,2118,113,0,37,168335.89,149787,162,64,0,0
333022,1,40,2134,109,0,37,168336.92,149787,162,64,0,0
333128,1,40,2146,99,0,37,168336.92,149787,162,64,0,0
333200,1,41,2145,99,0,37,168336.92,149787,162,64,0,0
333351,1,41,2184,95,0,37,168336.92,149787,162,64,0,0
333500,1,41,2190,91,0,37,168336.92,149787,162,64,0,0
333600,1,42,2177,84,0,37,168337.95,149787,162,64,0,0
333672,1,42,2227,72,0,37,168337.95,149787,162,64,0,0
333829,1,42,2227,67,0,37,168337.95,149787,162,64,0,0
333972,1,42,2234,48,0,37,168337.95,149787,162,65,0,0
334100,1,42,2184,35,0,37,168337.95,149787,162,65,0,0
334200,1,42,2176,20,0,37,168337.95,149787,162,65,0,0
334342,1,42,2176,13,0,37,168337.95,149787,162,65,0,0
334459,1,41,2154,0,0,37,168337.95,149787,162,65,0,0
334572,1,41,2146,0,0,37,168337.95,149787,162,65,0,0
334692,1,41,2180,0,0,37,168337.95,149787,162,65,0,0
334829,1,41,2180,0,0,37,168337.95,149787,162,65,0,0
334951,1,40,2154,0,0,37,168338.97,149787,162,65,0,0
335072,1,40,2155,0,0,37,168338.97,149787,162,65,0,0
335172,1,40,2125,0,0,37,168338.97,149787,162,65,0,0
335322,1,40,2125,0,0,37,168338.97,149787,162,65,0,0
335442,1,40,2088,0,0,37,168338.97,149787,162,65,0,0
335562,1,39,2107,0,0,37,168338.97,149788,162,65,0,0
335674,1,39,2107,0,0,37,168338.97,149788,162,65,0,0
335701,1,39,2075,0,0,37,168338.97,149788,162,65,0,0
335900,1,39,2076,0,0,37,168338.97,149788,162,65,0,0
336022,1,39,2075,0,0,37,168338.97,149788,162,65,0,0
336150,1,38,2031,0,0,37,168338.97,149788,162,65,0,0
336192,1,38,2031,0,0,37,168338.97,149788,162,65,0,0
336392,1,38,2043,0,0,37,168338.97,149788,162,65,0,0
336500,1,38,1997,0,0,37,168338.97,149788,162,65,0,0
336600,1,37,1984,0,0,37,168338.97,149788,162,65,0,0
336692,1,37,1984,0,0,37,168338.97,149788,162,65,0,0
336827,1,37,1984,0,0,37,168338.97,149788,162,65,0,0
336972,1,37,1952,1,0,37,168338.97,149788,162,66,0,0
337100,1,37,1952,6,0,37,168338.97,149788,162,66,0,0
337200,1,37,1959,11,0,37,168338.97,149788,162,66,0,0
337340,1,37,1959,12,0,37,168338.97,149788,162,66,0,0
337459,1,36,1983,13,0,37,168338.97,149788,162,66,0,0
337572,1,36,1979,13,0,37,168338.97,149788,162,66,0,0
337692,1,37,1977,13,0,37,168338.97,149788,162,66,0,0
337827,1,37,1945,13,0,37,168338.97,149788,162,66,0,0
337951,1,36,1981,28,0,37,168338.97,149788,162,66,0,0
338072,1,36,1934,35,0,37,168338.97,149788,162,66,0,0
338200,1,37,1955,38,0,37,168338.97,149788,162,66,0,0
338339,1,37,1955,39,0,37,168338.97,149788,162,66,0,0
338459,1,37,1977,44,0,37,168338.97,149788,162,66,0,0
338572,1,37,1952,45,0,37,168339.98,149788,162,66,0,0
338672,1,37,1962,47,0,37,168339.98,149788,162,66,0,0
338672,1,37,1962,47,0,37,168339.98,149788,162,66,0,0
338942,1,37,2005,53,0,37,168339.98,149788,162,66,0,0
339062,1,37,1990,53,0,37,168339.98,149788,162,66,0,0
339172,1,38,1995,53,0,37,168339.98,149788,162,66,0,0
339322,1,38,1995,60,0,37,168339.98,149788,162,66,0,0
339442,1,38,2018,67,0,37,168339.98,149788,162,66,0,0
339562,1,38,2070,74,0,37,168339.98,149788,162,66,0,0
339672,1,39,2072,75,0,37,168339.98,149788,162,66,0,0
339719,1,39,2072,75,0,37,168341.05,149788,162,66,0,0
339922,1,39,2077,51,0,37,168341.05,149788,162,66,0,0
340053,1,39,2082,43,0,37,168341.05,149788,162,66,0,0
340150,1,39,2089,31,0,37,168341.05,149788,162,66,0,0
340173,1,39,2089,31,0,37,168341.05,149788,162,66,0,0
340400,1,40,2092,25,0,37,168341.05,149788,162,66,0,0
340522,1,40,2082,2,0,37,168341.05,149788,162,66,0,0
340628,1,40,2098,0,0,37,168341.05,149788,162,66,0,0
340700,1,40,2118,0,0,37,168341.05,149788,162,66,0,0
340875,1,40,2116,0,0,37,168341.05,149788,162,66,0,0
340972,1,40,2117,0,0,37,168341.05,149788,162,66,0,0
341100,1,40,2116,0,0,37,168341.05,149788,162,66,0,0
341200,1,40,2117,0,0,37,168341.05,149788,162,66,0,0
341350,1,40,2117,0,0,37,168341.05,149788,162,66,0,0
341474,1,40,2132,0,0,37,168342.05,149788,162,66,0,0
341572,1,40,2122,0,0,37,168342.05,149788,162,66,0,0
341692,1,40,2105,0,0,37,168342.05,149788,162,66,0,0
341824,1,40,2105,0,0,37,168342.05,149788,162,66,0,0
341951,1,39,2094,0,0,37,168342.05,149788,162,66,0,0
342072,1,39,2108,0,0,37,168342.05,149788,162,66,0,0
342172,1,39,2108,0,0,37,168342.05,149788,162,66,0,0
342322,1,39,2108,0,0,37,168342.05,149788,162,66,0,0
342451,1,39,2108,0,0,37,168342.05,149788,162,66,0,0
342562,1,39,2108,0,0,37,168342.05,149788,162,66,0,0
342672,1,39,2080,0,0,37,168342.05,149788,162,66,0,0
342824,1,39,2080,0,0,37,168342.05,149788,162,66,0,0
342942,1,39,2080,0,0,37,168342.05,149788,162,66,0,0
343062,1,39,2080,0,0,37,168342.05,149788,162,66,0,0
343172,1,39,2080,0,0,37,168342.05,149788,162,66,0,0
343227,1,39,2080,0,0,37,168342.05,149788,162,66,0,0
343400,1,39,2080,0,8,37,168342.05,149788,162,66,0,0
343522,1,39,2080,0,10,37,168342.05,149788,162,66,0,0
343650,1,39,2048,0,14,37,168342.05,149788,162,66,0,0
343692,1,39,2048,0,26,37,168342.05,149788,162,66,0,0
343875,1,39,2048,0,32,37,168342.05,149788,162,66,0,0
344000,1,39,2048,0,34,37,168342.05,149788,162,66,0,0
344100,1,39,2048,0,38,37,168342.05,149788,162,66,0,0
344200,1,38,2016,0,40,37,168342.05,149788,162,66,0,0
344351,1,38,2016,0,40,37,168342.05,149788,162,66,0,0
344472,1,38,2016,0,42,37,168342.05,149788,165,66,0,0
344600,1,38,1984,0,44,37,168342.05,149788,165,66,0,0
344692,1,37,1984,0,46,37,168342.05,149788,165,66,0,0
344822,1,37,1984,0,46,37,168342.05,149788,165,66,0,0
344950,1,37,1952,0,48,37,168342.05,149788,165,67,0,0
345072,1,36,1952,0,52,37,168342.05,149788,165,67,0,0
345172,1,36,1920,0,68,37,168342.05,149788,165,67,0,0
345172,1,36,1920,0,68,37,168342.05,149788,165,67,0,0
345450,1,35,1856,0,74,37,168342.05,149788,165,67,0,0
345562,1,35,1856,0,74,37,168342.05,149788,165,67,0,0
345672,1,35,1824,0,78,37,168342.05,149788,165,67,0,0
345822,1,35,1824,0,78,37,168342.05,149788,165,67,0,0
345942,1,34,1792,0,86,37,168342.05,149788,165,67,0,0
346062,1,33,1728,0,100,37,168342.05,149788,165,67,0,0
346172,1,32,1728,0,104,37,168342.05,149788,165,67,0,0
346201,1,32,1696,0,104,37,168342.05,149788,165,67,0,0
346422,1,31,1632,0,108,37,168342.05,149788,165,67,0,0
346522,1,30,1600,0,112,37,168342.05,149788,165,67,0,0
346653,1,29,1568,0,114,37,168342.05,149788,165,67,0,0
346737,1,29,1536,0,114,37,168342.05,149788,165,67,0,0
346890,1,29,1472,0,120,37,168342.05,149788,165,67,0,0
347000,1,27,1440,0,120,37,168342.05,149788,165,67,0,0
347127,1,27,1408,0,118,37,168342.05,149788,165,67,0,0
347200,1,26,1376,0,118,37,168342.05,149788,165,67,0,0
347350,1,24,1284,0,118,37,168342.05,149788,165,67,0,0
347473,1,24,1255,0,118,37,168342.05,149788,165,67,0,0
347600,1,23,1230,0,122,37,168342.05,149788,165,67,0,0
347672,1,22,1192,0,120,37,168342.05,149788,165,67,0,0
347822,1,22,1160,0,120,37,168342.05,149788,165,67,0,0
347950,1,20,1092,0,100,37,168342.05,149788,165,67,0,0
348072,1,20,1069,0,90,37,168342.05,149788,165,67,0,0
348172,1,19,1043,0,90,37,168342.05,149788,165,67,0,0
348172,1,19,1043,0,90,37,168342.05,149788,165,67,0,0
348442,1,18,977,0,0,37,168342.05,149788,165,67,0,0
348562,1,18,1019,0,0,37,168342.05,149788,165,67,0,0
348672,1,18,963,0,0,37,168342.05,149788,165,67,0,0
348703,1,18,995,0,0,37,168342.05,149788,165,67,0,0
348900,1,18,947,0,0,37,168342.05,149788,165,67,0,0
349025,1,18,988,33,0,37,168342.05,149788,165,67,0,0
349150,1,18,983,35,0,37,168342.05,149788,165,67,0,0
349228,1,18,983,23,0,37,168342.05,149788,165,67,0,0
349384,1,18,1049,23,0,37,168342.05,149788,165,67,0,0
349500,1,18,1089,0,0,37,168342.05,149788,165,67,0,0
349600,1,18,1099,0,0,37,168342.05,149788,165,67,0,0
349736,1,18,1101,0,0,37,168342.05,149788,165,67,0,0
349850,1,17,1099,0,0,37,168342.05,149788,165,67,0,0
349972,1,17,1101,0,0,37,168342.05,149788,165,67,0,0
350100,1,17,1102,0,0,37,168343.06,149788,165,67,0,0
350200,1,17,1264,8,0,37,168343.06,149788,165,67,0,0
350358,1,17,1363,23,0,37,168343.06,149788,165,67,0,0
350473,1,17,1305,30,0,37,168343.06,149788,165,67,0,0
350572,1,17,1347,40,0,37,168343.06,149788,165,67,0,0
350700,1,17,1351,58,0,37,168343.06,149788,165,67,0,0
350850,1,18,1395,64,0,37,168343.06,149788,165,67,0,0
350972,1,18,1411,80,0,37,168343.06,149788,165,67,0,0
351072,1,19,1432,95,0,37,168343.06,149788,165,67,0,0
351200,1,19,1479,100,0,37,168343.06,149788,165,67,0,0
351347,1,20,1505,104,0,37,168343.06,149788,165,67,0,0
351459,1,20,1569,114,0,37,168344.14,149788,165,67,0,0
351572,1,21,1619,115,0,37,168344.14,149788,165,67,0,0
351700,1,21,1666,115,0,37,168344.14,149788,165,67,0,0
351844,1,21,1666,115,0,37,168344.14,149788,165,67,0,0
351950,1,23,1772,116,0,37,168344.14,149788,165,67,0,0
352072,1,24,1816,116,0,37,168344.14,149788,165,67,0,0
352194,1,24,1856,116,0,37,168345.23,149788,165,67,0,0
352331,1,24,1856,116,0,37,168345.23,149788,165,67,0,0
352459,1,26,2004,116,0,37,168345.23,149788,165,67,0,0
352572,1,27,2046,116,0,37,168345.23,149788,165,67,0,0
352694,1,27,2057,116,0,37,168345.23,149788,165,67,0,0
352736,1,27,2089,116,0,37,168345.23,149788,165,67,0,0
352950,1,29,2215,117,0,37,168346.31,149788,165,67,0,0
353062,1,30,2258,117,0,37,168346.31,149788,165,67,0,0
353172,1,30,2304,119,0,37,168346.31,149788,165,67,0,0
353192,1,30,2304,119,0,37,168346.31,149788,165,67,0,0
353422,1,30,2406,119,0,37,168347.41,149788,165,67,0,0
353522,1,32,2482,119,0,37,168347.41,149788,165,67,0,0
353652,1,33,2538,119,0,37,168347.41,149788,165,67,0,0
353722,1,33,2538,115,0,37,168347.41,149788,165,67,0,0
353875,1,34,2582,115,0,37,168347.41,149788,165,67,0,0
354022,1,35,2705,108,0,37,168348.55,149788,165,67,0,0
354128,1,36,2771,107,0,37,168348.55,149788,165,67,0,0
354227,1,37,2801,104,0,37,168348.55,149788,165,67,0,0
354355,1,37,2827,104,0,37,168349.61,149788,165,67,0,0
354500,1,38,2943,104,0,37,168349.61,149788,165,68,0,0
354600,1,39,2950,103,0,37,168349.61,149788,165,68,0,0
354692,1,39,2982,101,0,37,168349.61,149788,165,68,0,0
354851,1,40,3041,98,0,37,168350.66,149788,165,68,0,0
354972,1,41,3085,89,0,37,168350.66,149788,165,68,0,0
355100,1,41,3121,86,0,37,168350.66,149788,165,68,0,0
355221,1,41,3139,82,0,37,168351.77,149788,165,68,0,0
355221,1,41,3139,82,0,37,168351.77,149788,165,68,0,0
355473,1,42,3231,78,0,37,168351.77,149788,165,68,0,0
355572,1,43,3204,70,0,37,168351.77,149788,165,68,0,0
355700,1,43,3155,44,0,37,168351.77,149788,165,68,0,0
355841,1,43,3155,0,0,37,168351.77,149788,165,68,0,0
355950,1,43,2854,0,0,37,168351.77,149788,165,68,0,0
356071,1,43,2698,0,0,37,168351.77,149788,165,68,0,0
356200,1,43,2496,0,0,37,168351.77,149788,165,68,0,0
356328,1,43,2496,0,0,37,168351.77,149788,165,68,0,0
356447,1,43,2275,8,0,37,168352.77,149788,165,68,0,0
356562,1,43,2293,13,0,37,168352.77,149788,165,68,0,0
356671,1,43,2272,19,0,37,168352.77,149788,165,68,0,0
356721,1,43,2272,28,0,37,168352.77,149788,165,68,0,0
356921,1,43,2329,51,0,37,168352.77,149788,165,68,0,0
357021,1,43,2254,61,0,37,168352.77,149788,165,68,0,0
357150,1,43,2284,71,0,37,168352.77,149788,165,68,0,0
357222,1,43,2284,76,0,37,168352.77,149788,165,68,0,0
357353,1,43,2301,76,0,37,168352.77,149788,165,68,0,0
357500,1,44,2343,84,0,37,168352.77,149788,165,68,0,0
357627,1,44,2363,97,0,37,168353.84,149788,165,68,0,0
357721,1,44,2383,97,0,37,168353.84,149788,165,68,0,0
357874,1,45,2393,97,0,37,168353.84,149788,165,68,0,0
358001,1,45,2405,93,0,37,168353.84,149788,165,68,0,0
358100,1,45,2406,89,0,37,168354.86,149788,165,68,0,0
358221,1,46,2456,83,0,37,168354.86,149788,165,68,0,0
358353,1,46,2434,83,0,37,168354.86,149788,165,68,0,0
358472,1,46,2441,66,0,37,168354.86,149788,165,68,0,0
358601,1,47,2470,65,0,37,168354.86,149788,165,68,0,0
358721,1,47,2493,64,0,37,168354.86,149788,165,68,0,0
358721,1,47,2493,64,0,37,168354.86,149788,165,68,0,0
358971,1,47,2519,64,0,37,168355.86,149788,165,68,0,0
359071,1,47,2498,64,0,37,168355.86,149788,165,68,0,0
359200,1,47,2504,63,0,37,168355.86,149788,165,68,0,0
359221,1,47,2504,61,0,37,168355.86,149788,165,68,0,0
359451,1,48,2531,61,0,37,168355.86,149788,165,68,0,0
359562,1,48,2528,61,0,37,168355.86,149788,165,68,0,0
359671,1,48,2559,60,0,37,168356.88,149788,165,68,0,0
359721,1,48,2559,58,0,37,168356.88,149788,165,68,0,0
359921,1,48,2583,54,0,37,168356.88,149788,165,68,0,0
360021,1,48,2577,54,0,37,168356.88,149788,165,68,0,0
360151,1,48,2578,54,0,37,168356.88,149788,165,68,0,0
360221,1,48,2578,54,0,37,168356.88,149788,165,68,0,0
360377,1,48,2573,54,0,37,168356.88,149788,165,68,0,0
360521,1,49,2601,54,0,37,168356.88,149788,165,68,0,0
360646,1,49,2601,54,0,37,168357.94,149788,165,68,0,0
360721,1,49,2601,54,0,37,168357.94,149788,165,68,0,0
360874,1,49,2611,54,0,37,168357.94,149788,165,68,0,0
361000,1,49,2616,53,0,37,168357.94,149788,165,68,0,0
361127,1,49,2640,48,0,37,168357.94,149788,165,68,0,0
361200,1,49,2603,48,0,37,168357.94,149788,165,68,0,0
361351,1,49,2603,42,0,37,168357.94,149788,165,68,0,0
361500,1,49,2610,20,0,37,168357.94,149788,165,68,0,0
361601,1,49,2619,3,0,37,168357.94,149788,165,68,0,0
361721,1,49,2590,0,0,37,168358.95,149788,165,68,0,0
361874,1,49,2613,0,0,37,168358.95,149788,165,68,0,0
361971,1,49,2617,0,0,37,168358.95,149788,165,68,0,0
362100,1,49,2618,0,0,37,168358.95,149788,165,68,0,0
362221,1,49,2588,0,0,37,168358.95,149788,165,68,0,0
362351,1,49,2577,0,0,37,168358.95,149788,165,68,0,0
362473,1,49,2604,0,0,37,168358.95,149788,165,68,0,0
362600,1,49,2563,0,0,37,168358.95,149788,165,68,0,0
362700,1,48,2586,0,0,37,168358.95,149788,165,68,0,0
362749,1,48,2586,0,0,37,168358.95,149788,165,68,0,0
362951,1,48,2558,0,0,37,168358.95,149788,165,68,0,0
363071,1,48,2555,0,0,37,168358.95,149788,165,68,0,0
363191,1,48,2558,0,0,37,168358.95,149788,165,68,0,0
363271,1,48,2523,0,0,37,168358.95,149788,165,68,0,0
363401,1,48,2555,5,0,37,168358.95,149788,165,68,0,0
363552,1,47,2541,14,0,37,168358.95,149788,165,68,0,0
363671,1,47,2504,18,0,37,168358.95,149788,165,68,0,0
363760,1,47,2540,22,0,37,168358.95,149788,165,68,0,0
363900,1,47,2557,22,0,37,168358.95,149788,165,69,0,0
364021,1,47,2511,30,0,37,168358.95,149788,165,69,0,0
364151,1,47,2504,31,0,37,168358.95,149788,165,69,0,0
364252,1,48,2542,31,0,37,168359.98,149788,165,69,0,0
364252,1,48,2542,31,0,37,168359.98,149788,165,69,0,0
364500,1,48,2511,31,0,37,168359.98,149788,165,69,0,0
364627,1,48,2510,33,0,37,168359.98,149788,165,69,0,0
364749,1,48,2542,33,0,37,168359.98,149788,165,69,0,0
364887,1,48,2543,33,0,37,168359.98,149788,165,69,0,0
365001,1,48,2550,34,0,37,168359.98,149788,165,69,0,0
365101,1,48,2550,34,0,37,168359.98,149788,165,69,0,0
365221,1,48,2551,34,0,37,168359.98,149788,165,69,0,0
365252,1,48,2551,34,0,37,168359.98,149788,165,69,0,0
365473,1,48,2552,34,0,37,168359.98,149788,165,69,0,0
365571,1,48,2553,34,0,37,168361.02,149788,165,69,0,0
365701,1,48,2585,34,0,37,168361.02,149788,165,69,0,0
365722,1,48,2585,34,0,37,168361.02,149788,165,69,0,0
365951,1,48,2585,34,0,37,168361.02,149788,165,69,0,0
366071,1,48,2585,34,0,37,168361.02,149788,165,69,0,0
366191,1,48,2585,30,0,37,168361.02,149788,165,69,0,0
366253,1,48,2585,30,0,37,168361.02,149788,165,69,0,0
366401,1,48,2576,30,0,37,168361.02,149788,165,69,0,0
366552,1,48,2586,35,0,37,168361.02,149788,165,69,0,0
366671,1,48,2562,36,0,37,168361.02,149788,165,69,0,0
366721,1,48,2562,37,0,37,168362.05,149788,165,69,0,0
366901,1,49,2578,37,0,37,168362.05,149788,165,69,0,0
367021,1,49,2610,37,0,37,168362.05,149788,165,69,0,0
367150,1,49,2577,37,0,37,168362.05,149788,165,69,0,0
367221,1,49,2577,37,0,37,168362.05,149788,165,69,0,0
367374,1,49,2607,37,0,37,168362.05,149788,165,69,0,0
367501,1,49,2601,37,0,37,168362.05,149788,165,69,0,0
367627,1,49,2597,37,0,37,168362.05,149788,165,69,0,0
367752,1,49,2604,37,0,37,168362.05,149788,165,69,0,0
367885,1,49,2604,37,0,37,168362.05,149788,165,69,0,0
368021,1,49,2609,41,0,37,168363.05,149788,165,69,0,0
368127,1,49,2607,43,0,37,168363.05,149788,165,69,0,0
368252,1,49,2646,45,0,37,168363.05,149788,165,69,0,0
368400,1,49,2627,47,0,37,168363.05,149788,165,69,0,0
368501,1,49,2641,48,0,37,168363.05,149788,165,69,0,0
368627,1,50,2646,55,0,37,168363.05,149788,165,69,0,0
368721,1,49,2653,56,0,37,168363.05,149788,165,69,0,0
368775,1,50,2636,56,0,37,168363.05,149788,165,69,0,0
368971,1,50,2636,57,0,37,168363.05,149788,165,69,0,0
369101,1,50,2631,58,0,37,168364.11,149788,165,69,0,0
369221,1,50,2665,60,0,37,168364.11,149788,165,69,0,0
369271,1,50,2637,60,0,37,168364.11,149788,165,69,0,0
369423,1,50,2669,61,0,37,168364.11,149788,165,69,0,0
369571,1,50,2683,63,0,37,168364.11,149788,165,69,0,0
369700,1,50,2657,63,0,37,168364.11,149788,165,69,0,0
369751,1,50,2662,63,0,37,168364.11,149788,165,69,0,0
369921,1,50,2694,64,0,37,168364.11,149788,165,69,0,0
370061,1,51,2718,64,0,37,168364.11,149788,165,69,0,0
370171,1,51,2716,64,0,37,168365.19,149788,165,69,0,0
370271,1,51,2694,60,0,37,168365.19,149788,165,69,0,0
370422,1,51,2694,57,0,37,168365.19,149788,165,69,0,0
370521,1,51,2718,57,0,37,168365.19,149788,165,69,0,0
370654,1,51,2713,57,0,37,168365.19,149788,165,69,0,0
370771,1,51,2710,57,0,37,168365.19,149788,165,69,0,0
370921,1,51,2710,57,0,37,168365.19,149788,165,69,0,0
371046,1,51,2719,57,0,37,168365.19,149788,165,69,0,0
371153,1,51,2718,58,0,37,168366.20,149788,165,69,0,0
371271,1,51,2746,59,0,37,168366.20,149788,165,69,0,0
371271,1,51,2746,59,0,37,168366.20,149788,165,69,0,0
371521,1,51,2735,59,0,37,168366.20,149788,165,69,0,0
371652,1,51,2737,59,0,37,168366.20,149788,165,69,0,0
371771,1,51,2730,59,0,37,168366.20,149788,165,69,0,0
371908,1,51,2730,59,0,37,168366.20,149788,165,69,0,0
372021,1,52,2734,56,0,37,168366.20,149788,165,69,0,0
372146,1,51,2737,55,0,37,168367.22,149788,165,69,0,0
372253,1,52,2745,55,0,37,168367.22,149788,165,69,0,0
372270,1,52,2745,55,0,37,168367.22,149788,165,69,0,0
372503,1,52,2725,57,0,37,168367.22,149788,165,69,0,0
372603,1,52,2744,67,0,37,168367.22,149788,165,69,0,0
372721,1,52,2750,70,0,37,168367.22,149788,165,69,0,0
372753,1,52,2722,70,0,37,168367.22,149788,165,69,0,0
372971,1,52,2773,70,0,37,168368.27,149788,165,69,0,0
373071,1,52,2775,70,0,37,168368.27,149788,165,69,0,0
373201,1,52,2764,70,0,37,168368.27,149788,165,69,0,0
373271,1,52,2755,70,0,37,168368.27,149788,165,69,0,0
373422,1,52,2755,70,0,37,168368.27,149788,165,69,0,0
373571,1,52,2763,70,0,37,168368.27,149788,165,69,0,0
373691,1,52,2764,70,0,37,168368.27,149788,165,69,0,0
373771,1,52,2797,70,0,37,168369.33,149788,165,69,0,0
373921,1,52,2797,70,0,37,168369.33,149788,165,69,0,0
374053,1,53,2795,71,0,37,168369.33,149788,165,70,0,0
374171,1,53,2799,73,0,37,168369.33,149788,165,70,0,0
374308,1,53,2832,73,0,37,168369.33,149788,165,70,0,0
374421,1,53,2832,74,0,37,168369.33,149788,165,70,0,0
374571,1,53,2820,75,0,37,168369.33,149788,165,70,0,0
374691,1,53,2829,75,0,37,168370.41,149788,165,70,0,0
374753,1,54,2834,75,0,37,168370.41,149788,165,70,0,0
374921,1,54,2866,75,0,37,168370.41,149788,165,70,0,0
375053,1,54,2877,75,0,37,168370.41,149788,165,70,0,0
375171,1,54,2874,75,0,37,168370.41,149788,165,70,0,0
375271,1,54,2864,75,0,37,168371.50,149788,165,70,0,0
375421,1,54,2896,75,0,37,168371.50,149788,165,70,0,0
375553,1,55,2898,75,0,37,168371.50,149788,165,70,0,0
375671,1,55,2934,75,0,37,168371.50,149788,165,70,0,0
375779,1,55,2906,75,0,37,168371.50,149788,165,70,0,0
375931,1,55,2939,73,0,37,168371.50,149788,165,70,0,0
376046,1,55,2941,69,0,37,168372.59,149788,165,70,0,0
376153,1,55,2973,69,0,37,168372.59,149788,165,70,0,0
376271,1,56,2953,69,0,37,168372.59,149788,165,70,0,0
376271,1,56,2953,69,0,37,168372.59,149788,165,70,0,0
376521,1,56,2953,85,0,37,168372.59,149788,165,70,0,0
376646,1,56,2995,88,0,37,168372.59,149788,165,70,0,0
376753,1,57,3026,93,0,37,168373.67,149788,165,70,0,0
376753,1,57,3026,93,0,37,168373.67,149788,165,70,0,0
377003,1,57,3050,100,0,37,168373.67,149788,165,70,0,0
377126,1,57,3067,104,0,37,168373.67,149788,165,70,0,0
377249,1,58,3056,106,0,37,168374.75,149788,165,70,0,0
377271,1,58,3079,106,0,37,168374.75,149788,165,70,0,0
377472,1,59,3111,108,0,37,168374.75,149788,165,70,0,0
377603,1,59,3167,108,0,37,168374.75,149788,165,70,0,0
377721,1,60,3178,108,0,37,168375.88,149788,165,71,0,0
377753,1,60,3189,108,0,37,168375.88,149788,165,71,0,0
377954,1,60,3201,98,0,37,168375.88,149788,165,71,0,0
378071,1,61,3254,89,0,37,168375.88,149788,165,71,0,0
378191,1,61,3236,83,0,37,168376.89,149788,165,71,0,0
378253,1,61,3240,78,0,37,168376.89,149788,165,71,0,0
378422,1,61,3240,0,0,37,168376.89,149788,165,71,0,0
378561,1,61,3062,0,0,37,168376.89,149788,165,71,0,0
378671,1,61,2882,0,0,37,168376.89,149788,165,71,0,0
378775,1,61,2729,0,0,37,168376.89,149788,165,71,0,0
378941,1,61,2665,0,0,37,168376.89,149788,165,71,0,0
379061,1,61,2402,2,0,37,168376.89,149788,165,71,0,0
379171,1,61,2422,18,0,37,168376.89,149788,165,71,0,0
379271,1,61,2461,25,0,37,168376.89,149788,165,71,0,0
379421,1,61,2461,52,0,37,168376.89,149788,165,71,0,0
379546,1,60,2426,72,0,37,168376.89,149788,165,71,0,0
379653,1,60,2425,86,0,37,168377.91,149788,165,71,0,0
379775,1,60,2421,87,0,37,168377.91,149788,165,71,0,0
379775,1,60,2421,87,0,37,168377.91,149788,165,71,0,0
380021,1,61,2425,91,0,37,168377.91,149788,165,71,0,0
380153,1,61,2450,90,0,37,168378.92,149788,165,71,0,0
380271,1,61,2446,90,0,37,168378.92,149788,165,71,0,0
380271,1,61,2446,90,0,37,168378.92,149788,165,71,0,0
380503,1,61,2453,90,0,37,168378.92,149788,168,71,0,0
380605,1,61,2438,90,0,37,168378.92,149788,168,71,0,0
380721,1,62,2438,79,0,37,168378.92,149788,168,71,0,0
380771,1,61,2438,79,0,37,168380.02,149788,168,71,0,0
380971,1,62,2432,79,0,37,168380.02,149788,168,71,0,0
381071,1,62,2453,75,0,37,168380.02,149788,168,72,0,0
381203,1,62,2449,71,0,37,168380.02,149788,168,72,0,0
381327,1,62,2464,71,0,37,168380.02,149788,168,72,0,0
381453,1,62,2487,71,0,37,168380.02,149788,168,72,0,0
381571,1,62,2491,71,0,37,168381.09,149788,168,72,0,0
381691,1,62,2494,71,0,37,168381.09,149788,168,72,0,0
381771,1,62,2466,70,0,37,168381.09,149788,168,72,0,0
381927,1,62,2466,69,0,37,168381.09,149788,168,72,0,0
382061,1,62,2464,69,0,37,168381.09,149788,168,72,0,0
382171,1,62,2492,69,0,37,168381.09,149788,168,72,0,0
382271,1,62,2491,69,0,37,168382.12,149788,168,72,0,0
382312,1,62,2491,69,0,37,168382.12,149788,168,72,0,0
382553,1,63,2521,69,0,37,168382.12,149788,168,72,0,0
382671,1,63,2511,69,0,37,168382.12,149788,168,72,0,0
382771,1,63,2508,69,0,37,168382.12,149788,168,72,0,0
382927,1,63,2508,69,0,37,168382.12,149788,168,72,0,0
383046,1,63,2512,69,0,37,168382.12,149788,168,72,0,0
383153,1,63,2524,69,0,37,168383.20,149788,168,72,0,0
383271,1,63,2558,69,0,37,168383.20,149788,168,72,0,0
383329,1,63,2558,69,0,37,168383.20,149788,168,72,0,0
383503,1,64,2559,69,0,37,168383.20,149788,168,72,0,0
383626,1,64,2559,69,0,37,168383.20,149788,168,72,0,0
383753,1,64,2528,69,0,37,168384.23,149788,168,72,0,0
383770,1,64,2528,69,0,37,168384.23,149788,168,72,0,0
383970,1,64,2562,73,0,37,168384.23,149788,168,72,0,0
384103,1,65,2601,95,0,37,168384.23,149788,168,72,0,0
384220,1,65,2613,106,0,37,168384.23,149788,168,72,0,0
384303,1,65,2601,106,0,37,168385.25,149788,168,72,0,0
384453,1,66,2625,113,0,37,168385.25,149788,168,72,0,0
384571,1,66,2624,127,0,37,168385.25,149788,168,72,0,0
384703,1,66,2655,132,0,37,168385.25,149788,168,72,0,0
384770,1,67,2685,137,0,37,168386.31,149788,168,72,0,0
384940,1,67,2685,140,0,37,168386.31,149788,168,72,0,0
385070,1,68,2690,143,0,37,168386.31,149788,168,72,0,0
385190,1,68,2723,143,0,37,168387.38,149788,168,72,0,0
385270,1,69,2757,143,0,37,168387.38,149788,168,72,0,0
385420,1,69,2757,143,0,37,168387.38,149788,168,72,0,0
385553,1,70,2809,143,0,37,168388.48,149788,168,72,0,0
385670,1,71,2797,143,0,37,168388.48,149788,168,72,0,0
385770,1,71,2823,143,0,37,168388.48,149788,168,72,0,0
385925,1,71,2823,143,0,37,168389.64,149788,168,72,0,0
386053,1,72,2905,143,0,37,168389.64,149788,168,72,0,0
386170,1,73,2889,141,0,37,168390.80,149788,168,72,0,0
386270,1,73,2901,137,0,37,168390.80,149788,168,72,0,0
386311,1,73,2933,137,0,37,168390.80,149788,168,72,0,0
386520,1,74,2947,126,0,37,168392.00,149788,168,73,0,0
386653,1,75,2958,123,0,37,168392.00,149788,168,73,0,0
386770,1,75,2987,122,0,37,168393.19,149788,168,73,0,0
386770,1,75,2987,122,0,37,168393.19,149788,168,73,0,0
387003,1,75,3029,120,0,37,168393.19,149788,168,73,0,0
387129,1,76,3034,116,0,37,168394.20,149788,168,73,0,0
387248,1,76,3032,112,0,37,168394.20,149788,168,73,0,0
387309,1,76,3036,112,0,37,168394.20,149788,168,73,0,0
387453,1,77,3041,107,0,37,168394.20,149788,168,73,0,0
387603,1,77,3063,105,0,37,168395.38,149788,168,73,0,0
387720,1,77,3043,105,0,37,168395.38,149788,168,73,0,0
387770,1,77,3053,105,0,37,168395.38,149788,168,73,0,0
387940,1,77,3085,105,0,37,168396.50,149788,168,73,0,0
388070,1,78,3081,105,0,37,168396.50,149788,168,73,0,0
388190,1,78,3110,105,0,37,168396.50,149788,168,73,0,0
388303,1,78,3112,105,0,37,168397.55,149788,168,73,0,0
388446,1,79,3112,105,0,37,168397.55,149788,168,73,0,0
388570,1,79,3126,105,0,37,168397.55,149788,168,73,0,0
388690,1,79,3153,105,0,37,168398.58,149788,168,73,0,0
388770,1,79,3157,105,0,37,168398.58,149788,168,73,0,0
388923,1,79,3157,104,0,37,168398.58,149788,168,73,0,0
389053,1,80,3169,102,0,37,168399.59,149788,168,73,0,0
389170,1,80,3166,89,0,37,168399.59,149788,168,74,0,0
389270,1,80,3145,64,0,37,168399.59,149788,168,74,0,0
389446,1,80,3145,44,0,37,168400.61,149788,168,74,0,0
389570,1,79,3083,0,0,37,168400.61,149788,168,74,0,0
389690,1,79,2959,0,0,37,168400.61,149788,168,74,0,0
389803,1,79,2690,0,0,37,168400.61,149788,168,74,0,0
389803,1,79,2690,0,0,37,168400.61,149788,168,74,0,0
390053,1,79,2336,0,0,37,168400.61,149788,168,74,0,0
390170,1,79,2244,0,0,37,168400.61,149788,168,74,0,0
390270,1,78,2147,0,0,37,168400.61,149788,168,74,0,0
390420,1,78,2115,0,0,37,168400.61,149788,168,74,0,0
390546,1,78,1995,2,0,37,168400.61,149788,168,74,0,0
390653,1,78,2156,9,0,37,168400.61,149788,168,74,0,0
390770,1,77,2411,12,0,37,168400.61,149788,168,74,0,0
390922,1,77,2507,13,0,37,168400.61,149788,168,74,0,0
391020,1,77,2455,18,0,37,168400.61,149788,168,74,0,0
391153,1,77,2470,41,0,37,168400.61,149788,168,74,0,0
391270,1,77,2491,63,0,37,168400.61,149788,168,74,0,0
391270,1,77,2491,63,0,37,168400.61,149788,168,74,0,0
391503,1,77,2455,73,0,37,168400.61,149788,168,75,0,0
391626,1,77,2490,91,0,37,168401.67,149788,168,75,0,0
391753,1,77,2490,94,0,37,168401.67,149788,168,75,0,0
391820,1,77,2490,94,0,37,168401.67,149788,168,75,0,0
391990,1,77,2474,94,0,37,168401.67,149788,168,75,0,0
392070,1,77,2470,94,0,37,168402.72,149788,168,75,0,0
392220,1,77,2476,94,0,37,168402.72,149788,168,75,0,0
392303,1,77,2465,94,0,37,168402.72,149788,168,75,0,0
392446,1,77,2465,94,0,37,168402.72,149788,168,75,0,0
392570,1,78,2473,94,0,37,168402.72,149788,168,75,0,0
392703,1,78,2476,94,0,37,168403.77,149788,168,75,0,0
392770,1,78,2478,94,0,37,168403.77,149788,168,75,0,0
392920,1,78,2478,94,0,37,168403.77,149788,168,75,0,0
393061,1,78,2480,94,0,37,168403.77,149788,168,75,0,0
393170,1,78,2512,94,0,37,168404.78,149788,168,75,0,0
393270,1,78,2513,89,0,37,168404.78,149788,168,75,0,0
393433,1,78,2513,83,0,37,168404.78,149788,168,75,0,0
393552,1,78,2511,77,0,37,168404.78,149788,168,75,0,0
393670,1,78,2519,71,0,37,168404.78,149788,168,75,0,0
393770,1,78,2512,68,0,37,168404.78,149788,168,75,0,0
393809,1,78,2512,68,0,37,168405.78,149788,168,75,0,0
394020,1,78,2497,66,0,37,168405.78,149788,168,75,0,0
394146,1,78,2497,66,0,37,168405.78,149788,168,75,0,0
394253,1,78,2498,63,0,37,168405.78,149788,168,75,0,0
394322,1,78,2498,63,0,37,168405.78,149788,168,75,0,0
394484,1,78,2498,63,0,37,168405.78,149788,168,75,0,0
394603,1,78,2526,63,0,37,168405.78,149788,168,75,0,0
394720,1,78,2491,62,0,37,168406.80,149788,168,75,0,0
394835,1,78,2521,61,0,37,168406.80,149788,168,75,0,0
394952,1,78,2519,61,0,37,168406.80,149788,168,75,0,0
395070,1,78,2510,60,0,37,168406.80,149788,168,75,0,0
395203,1,78,2474,60,0,37,168406.80,149788,168,75,0,0
395322,1,78,2469,60,0,37,168406.80,149788,168,75,0,0
395458,1,78,2493,60,0,37,168406.80,149788,168,75,0,0
395570,1,78,2488,60,0,37,168407.83,149788,168,75,0,0
395702,1,78,2486,60,0,37,168407.83,149788,168,75,0,0
395820,1,78,2493,60,0,37,168407.83,149788,168,75,0,0
395820,1,78,2493,60,0,37,168407.83,149788,168,75,0,0
396070,1,78,2466,61,0,37,168407.83,149788,168,76,0,0
396190,1,78,2468,61,0,37,168407.83,149788,168,76,0,0
396310,1,78,2471,61,0,37,168407.83,149788,168,76,0,0
396322,1,78,2471,61,0,37,168407.83,149788,168,76,0,0
396570,1,78,2472,61,0,37,168408.89,149788,168,76,0,0
396690,1,78,2472,61,0,37,168408.89,149788,168,76,0,0
396770,1,77,2473,61,0,37,168408.89,149788,168,76,0,0
396944,1,77,2473,61,0,37,168408.89,149788,168,76,0,0
397061,1,77,2494,61,0,37,168408.89,149788,168,76,0,0
397170,1,77,2492,61,0,37,168408.89,149788,168,76,0,0
397270,1,77,2489,61,0,37,168408.89,149788,168,76,0,0
397321,1,77,2489,61,0,37,168408.89,149788,168,76,0,0
397520,1,77,2495,61,0,37,168408.89,149788,168,76,0,0
397653,1,77,2466,61,0,37,168409.95,149788,168,76,0,0
397770,1,77,2465,61,0,37,168409.95,149788,168,76,0,0
397810,1,77,2465,61,0,37,168409.95,149788,168,76,0,0
398002,1,77,2495,61,0,37,168409.95,149788,168,76,0,0
398103,1,77,2487,61,0,37,168409.95,149788,168,76,0,0
398220,1,77,2484,61,0,37,168409.95,149788,168,76,0,0
398317,1,77,2488,61,0,37,168409.95,149788,168,76,0,0
398446,1,77,2488,61,0,37,168409.95,149788,168,76,0,0
398570,1,77,2464,61,0,37,168411.00,149788,168,77,0,0
398703,1,77,2454,61,0,37,168411.00,149788,168,77,0,0
398810,1,77,2483,62,0,37,168411.00,149788,168,77,0,0
398952,1,77,2457,62,0,37,168411.00,149788,168,77,0,0
399070,1,77,2492,62,0,37,168411.00,149788,168,77,0,0
399190,1,77,2463,62,0,37,168411.00,149788,168,77,0,0
399310,1,77,2461,62,0,37,168412.03,149788,168,77,0,0
399455,1,77,2454,62,0,37,168412.03,149788,168,77,0,0
399570,1,77,2459,63,0,37,168412.03,149788,168,77,0,0
399690,1,77,2461,65,0,37,168412.03,149788,168,77,0,0
399803,1,77,2494,66,0,37,168412.03,149788,168,77,0,0
399946,1,77,2461,66,0,37,168412.03,149788,168,77,0,0
400061,1,77,2447,66,0,37,168412.03,149788,168,77,0,0
400170,1,77,2450,66,0,37,168412.03,149788,168,77,0,0
400270,1,77,2451,66,0,37,168413.11,149788,168,77,0,0
400429,1,77,2451,66,0,37,168413.11,149788,168,77,0,0
400553,1,77,2441,62,0,37,168413.11,149788,168,77,0,0
400670,1,77,2443,60,0,37,168413.11,149788,168,77,0,0
400787,1,76,2434,55,0,37,168413.11,149788,168,77,0,0
400834,1,76,2434,43,0,37,168413.11,149788,168,77,0,0
401020,1,76,2435,0,0,37,168413.11,149788,168,77,0,0
401146,1,76,2441,0,0,37,168413.11,149788,168,77,0,0
401253,1,76,2408,0,0,37,168414.12,149788,168,77,0,0
401303,1,76,2408,0,0,37,168414.12,149788,168,77,0,0
401503,1,76,2453,0,0,37,168414.12,149788,168,78,0,0
401603,1,76,2421,0,0,37,168414.12,149788,168,78,0,0
401720,1,75,2387,0,0,37,168414.12,149788,168,78,0,0
401820,1,75,2418,0,0,37,168414.12,149788,168,78,0,0
401970,1,75,2418,0,0,37,168414.12,149788,168,78,0,0
402103,1,75,2420,0,0,37,168414.12,149788,168,78,0,0
402220,1,75,2373,0,0,37,168414.12,149788,168,78,0,0
402326,1,74,2392,0,0,37,168414.12,149788,168,78,0,0
402459,1,74,2378,0,0,37,168414.12,149789,168,78,0,0
402570,1,74,2396,0,0,37,168414.12,149789,168,78,0,0
402703,1,74,2364,0,0,37,168414.12,149789,168,78,0,0
402810,1,74,2364,0,0,37,168414.12,149789,168,78,0,0
402945,1,73,2364,0,0,37,168414.12,149789,168,78,0,0
403061,1,73,2364,0,0,37,168414.12,149789,168,78,0,0
403170,1,73,2317,0,0,37,168414.12,149789,168,78,0,0
403270,1,73,2304,0,0,37,168414.12,149789,168,78,0,0
403302,1,73,2304,0,0,37,168414.12,149789,168,78,0,0
403546,1,72,2304,0,0,37,168414.12,149789,168,78,0,0
403653,1,72,2272,0,0,37,168414.12,149789,168,78,0,0
403770,1,72,2272,0,0,37,168414.12,149789,168,78,0,0
403807,1,72,2304,0,0,37,168414.12,149789,168,78,0,0
404020,1,72,2304,0,0,37,168414.12,149789,168,78,0,0
404126,1,72,2272,0,0,37,168414.12,149789,168,78,0,0
404253,1,71,2272,0,0,37,168414.12,149789,168,78,0,0
404320,1,71,2240,0,0,37,168414.12,149789,168,78,0,0
404458,1,72,2272,0,0,37,168414.12,149789,171,78,0,0
404603,1,71,2272,0,0,37,168414.12,149789,171,78,0,0
404720,1,71,2272,0,0,37,168414.12,149789,171,78,0,0
404820,1,71,2272,0,0,37,168414.12,149789,171,78,0,0
404970,1,71,2272,0,0,37,168414.12,149789,171,78,0,0
405103,1,71,2240,0,0,37,168414.12,149789,171,78,0,0
405220,1,71,2240,0,0,37,168414.12,149789,171,78,0,0
405320,1,71,2240,0,0,37,168414.12,149789,171,78,0,0
405458,1,71,2240,0,0,37,168414.12,149789,171,78,0,0
405570,1,71,2240,0,0,37,168414.12,149789,171,78,0,0
405690,1,71,2240,0,0,37,168414.12,149789,171,78,0,0
405820,1,70,2240,0,0,37,168414.12,149789,171,78,0,0
405820,1,70,2240,0,0,37,168414.12,149789,171,78,0,0
406061,1,70,2240,0,0,37,168414.12,149789,171,78,0,0
406170,1,70,2240,0,0,37,168414.12,149789,171,78,0,0
406304,1,70,2240,0,0,37,168414.12,149789,171,78,0,0
406440,1,70,2240,0,0,37,168414.12,149789,171,78,0,0
406561,1,70,2208,0,0,37,168414.12,149789,171,78,0,0
406670,1,70,2240,0,0,37,168414.12,149789,171,78,0,0
406784,1,70,2240,0,0,37,168414.12,149789,171,78,0,0
406937,1,70,2240,0,0,37,168414.12,149789,171,78,0,0
407053,1,70,2240,0,0,37,168414.12,149789,171,78,0,0
407170,1,70,2208,0,0,37,168414.12,149789,171,78,0,0
407270,1,70,2208,0,0,37,168414.12,149789,171,78,0,0
407320,1,70,2208,0,0,37,168414.12,149789,171,78,0,0
407520,1,69,2208,0,0,37,168414.12,149789,171,78,0,0
407646,1,69,2208,0,0,37,168414.12,149789,171,78,0,0
407753,1,69,2208,0,0,37,168414.12,149789,171,78,0,0
407853,1,69,2208,0,0,37,168414.12,149789,171,78,0,0
407970,1,69,2176,0,0,37,168414.12,149789,171,78,0,0
408103,1,69,2208,0,0,37,168414.12,149789,171,78,0,0
408220,1,69,2176,0,0,37,168414.12,149789,171,78,0,0
408270,1,69,2176,0,0,37,168414.12,149789,171,78,0,0
408475,1,68,2176,0,0,37,168414.12,149789,171,78,0,0
408570,1,68,2176,0,0,37,168414.12,149789,171,78,0,0
408702,1,68,2176,0,0,37,168414.12,149789,171,78,0,0
408820,1,68,2144,0,0,37,168414.12,149789,171,78,0,0
408962,1,68,2144,0,0,37,168414.12,149789,171,78,0,0
409070,1,67,2144,0,0,37,168414.12,149789,171,78,0,0
409190,1,67,2144,0,0,37,168414.12,149789,171,78,0,0
409320,1,67,2112,0,0,37,168414.12,149789,171,78,0,0
409458,1,67,2112,0,0,37,168414.12,149789,171,78,0,0
409570,1,66,2112,0,0,37,168414.12,149789,171,78,0,0
409690,1,66,2112,0,0,37,168414.12,149789,171,78,0,0
409810,1,66,2080,0,0,37,168414.12,149789,171,78,0,0
409854,1,66,2080,0,0,37,168414.12,149789,171,78,0,0
410070,1,65,2080,0,0,37,168414.12,149789,171,78,0,0
410190,1,65,2048,0,0,37,168414.12,149789,171,78,0,0
410303,1,65,2048,0,0,37,168414.12,149789,171,78,0,0
410319,1,65,2048,0,0,37,168414.12,149789,171,78,0,0
410546,1,64,2048,7,0,37,168414.12,149789,171,78,0,0
410653,1,64,2101,12,0,37,168414.12,149789,171,78,0,0
410770,1,64,2055,14,0,37,168414.12,149789,171,78,0,0
410820,1,64,2023,18,0,37,168414.12,149789,171,78,0,0
411019,1,64,2055,27,0,37,168414.12,149789,171,78,0,0
411125,1,64,2025,28,0,37,168414.12,149789,171,78,0,0
411253,1,63,2040,29,0,37,168414.12,149789,171,78,0,0
411320,1,63,2040,30,0,37,168414.12,149789,171,78,0,0
411473,1,63,2045,30,0,37,168414.12,149789,171,78,0,0
411603,1,63,2020,32,0,37,168415.16,149789,171,78,0,0
411720,1,63,2021,41,0,37,168415.16,149789,171,78,0,0
411820,1,63,2025,42,0,37,168415.16,149789,171,78,0,0
411970,1,63,2044,42,0,37,168415.16,149789,171,78,0,0
412102,1,63,2022,42,0,37,168415.16,149789,171,78,0,0
412220,1,63,2021,43,0,37,168415.16,149789,171,78,0,0
412310,1,63,2021,43,0,37,168415.16,149789,171,78,0,0
412458,1,63,2021,43,0,37,168415.16,149789,171,78,0,0
412570,1,63,2023,43,0,37,168415.16,149789,171,78,0,0
412703,1,63,2023,43,0,37,168415.16,149789,171,78,0,0
412820,1,63,2025,43,0,37,168415.16,149789,171,78,0,0
412959,1,63,2026,43,0,37,168416.19,149789,171,78,0,0
413070,1,63,2027,45,0,37,168416.19,149789,171,78,0,0
413190,1,63,2026,50,0,37,168416.19,149789,171,78,0,0
413310,1,63,2092,56,0,37,168416.19,149789,171,78,0,0
413453,1,64,2052,63,0,37,168416.19,149789,171,78,0,0
413570,1,64,2057,87,0,37,168416.19,149789,171,78,0,0
413690,1,64,2049,92,0,37,168416.19,149789,171,78,0,0
413810,1,64,2053,96,0,37,168417.22,149789,171,78,0,0
413820,1,64,2053,98,0,37,168417.22,149789,171,78,0,0
414053,1,65,2074,102,0,37,168417.22,149789,171,78,0,0
414170,1,65,2055,103,0,37,168417.22,149789,171,78,0,0
414269,1,65,2108,104,0,37,168417.22,149789,171,78,0,0
414320,1,65,2108,104,0,37,168417.22,149789,171,78,0,0
414520,1,65,2110,104,0,37,168418.30,149789,171,78,0,0
414625,1,66,2082,101,0,37,168418.30,149789,171,78,0,0
414753,1,66,2109,96,0,37,168418.30,149789,171,78,0,0
414850,1,66,2141,90,0,37,168418.30,149789,171,78,0,0
414969,1,66,2131,90,0,37,168418.30,149789,171,78,0,0
415103,1,66,2128,82,0,37,168419.38,149789,171,78,0,0
415219,1,67,2133,74,0,37,168419.38,149789,171,78,0,0
415319,1,67,2127,67,0,37,168419.38,149789,171,78,0,0
415471,1,67,2134,67,0,37,168419.38,149789,171,78,0,0
415569,1,67,2147,51,0,37,168419.38,149789,171,78,0,0
415703,1,67,2122,42,0,37,168419.38,149789,171,78,0,0
415811,1,67,2147,34,0,37,168419.38,149789,171,78,0,0
415957,1,67,2147,30,0,37,168419.38,149789,171,78,0,0
416069,1,67,2163,25,0,37,168420.38,149789,171,78,0,0
416190,1,67,2126,24,0,37,168420.38,149789,171,78,0,0
416319,1,67,2155,21,0,37,168420.38,149789,171,78,0,0
416319,1,67,2155,21,0,37,168420.38,149789,171,78,0,0
416553,1,67,2116,17,0,37,168420.38,149789,171,78,0,0
416670,1,67,2112,17,0,37,168420.38,149789,171,78,0,0
416769,1,67,2141,17,0,37,168420.38,149789,171,78,0,0
416873,1,67,2139,16,0,37,168420.38,149789,171,78,0,0
417025,1,67,2139,16,0,37,168420.38,149789,171,78,0,0
417145,1,67,2137,16,0,37,168420.38,149789,171,78,0,0
417253,1,67,2133,16,0,37,168420.38,149789,171,78,0,0
417319,1,67,2133,16,0,37,168420.38,149789,171,78,0,0
417503,1,67,2133,16,0,37,168420.38,149789,171,78,0,0
417603,1,67,2135,16,0,37,168420.38,149789,171,78,0,0
417769,1,67,2138,36,0,37,168420.38,149789,171,78,0,0
417845,1,67,2138,43,0,37,168420.38,149789,171,78,0,0
418025,1,67,2130,47,0,37,168421.38,149789,171,78,0,0
418153,1,67,2124,48,0,37,168421.38,149789,171,78,0,0
418269,1,67,2125,48,0,37,168421.38,149789,171,78,0,0
418319,1,67,2125,48,0,37,168421.38,149789,171,78,0,0
418470,1,67,2154,48,0,37,168421.38,149789,171,77,0,0
418625,1,67,2120,48,0,37,168421.38,149789,171,77,0,0
418719,1,67,2119,48,0,37,168421.38,149789,171,77,0,0
418845,1,67,2149,48,0,37,168421.38,149789,171,77,0,0
418981,1,67,2116,48,0,37,168421.38,149789,171,77,0,0
419103,1,67,2116,47,0,37,168421.38,149789,171,77,0,0
419219,1,67,2148,47,0,37,168421.38,149789,171,77,0,0
419319,1,67,2149,47,0,37,168422.41,149789,171,77,0,0
419458,1,67,2154,47,0,37,168422.41,149789,171,77,0,0
419569,1,67,2124,47,0,37,168422.41,149789,171,77,0,0
419690,1,67,2157,47,0,37,168422.41,149789,171,77,0,0
419819,1,67,2153,47,0,37,168422.41,149789,171,77,0,0
419955,1,67,2152,47,0,37,168422.41,149789,171,77,0,0
420069,1,67,2152,50,0,37,168422.41,149789,171,77,0,0
420189,1,67,2153,51,0,37,168422.41,149789,171,77,0,0
420319,1,67,2162,57,0,37,168422.41,149789,171,77,0,0
420319,1,67,2162,57,0,37,168422.41,149789,171,77,0,0
420569,1,68,2167,61,0,37,168423.41,149789,171,77,0,0
420669,1,68,2145,62,0,37,168423.41,149789,171,77,0,0
420803,1,68,2155,62,0,37,168423.41,149789,171,77,0,0
420853,1,68,2157,63,0,37,168423.41,149789,171,77,0,0
421023,1,68,2153,63,0,37,168423.41,149789,171,77,0,0
421152,1,68,2192,63,0,37,168423.41,149789,171,77,0,0
421269,1,68,2198,63,0,37,168423.41,149789,171,77,0,0
421319,1,68,2198,63,0,37,168423.41,149789,171,77,0,0
421503,1,68,2189,63,0,37,168424.45,149789,171,77,0,0
421625,1,68,2185,63,0,37,168424.45,149789,171,77,0,0
421748,1,68,2186,63,0,37,168424.45,149789,171,77,0,0
421811,1,68,2192,63,0,37,168424.45,149789,171,77,0,0
421969,1,68,2192,63,0,37,168424.45,149789,171,77,0,0
422103,1,69,2183,62,0,37,168424.45,149789,171,77,0,0
422219,1,69,2179,53,0,37,168424.45,149789,171,77,0,0
422319,1,69,2185,48,0,37,168424.45,149789,171,77,0,0
422470,1,69,2239,48,0,37,168425.48,149789,171,77,0,0
422569,1,69,2182,39,0,37,168425.48,149789,171,77,0,0
422703,1,69,2195,38,0,37,168425.48,149789,171,77,0,0
422819,1,69,2185,34,0,37,168425.48,149789,171,77,0,0
422953,1,69,2182,34,0,37,168425.48,149789,171,77,0,0
423069,1,69,2181,32,0,37,168425.48,149789,171,77,0,0
423189,1,69,2176,31,0,37,168425.48,149789,171,77,0,0
423311,1,69,2201,31,0,37,168425.48,149789,171,77,0,0
423453,1,68,2200,30,0,37,168425.48,149789,171,77,0,0
423569,1,68,2199,30,0,37,168425.48,149789,171,77,0,0
423689,1,68,2203,30,0,37,168425.48,149789,171,77,0,0
423811,1,68,2203,30,0,37,168425.48,149789,171,77,0,0
423819,1,68,2203,30,0,37,168425.48,149789,171,77,0,0
424069,1,68,2198,30,0,37,168426.50,149789,171,77,0,0
424169,1,68,2196,30,0,37,168426.50,149789,171,77,0,0
424303,1,68,2167,29,0,37,168426.50,149789,171,77,0,0
424324,1,68,2167,29,0,37,168426.50,149789,171,77,0,0
424519,1,68,2167,28,0,37,168426.50,149789,171,77,0,0
424653,1,68,2167,28,0,37,168426.50,149789,171,77,0,0
424769,1,68,2163,27,0,37,168426.50,149789,171,77,0,0
424869,1,68,2162,27,0,37,168426.50,149789,171,77,0,0
424977,1,68,2162,27,0,37,168426.50,149789,171,77,0,0
425125,1,67,2157,26,0,37,168426.50,149789,171,77,0,0
425253,1,67,2161,26,0,37,168426.50,149789,171,77,0,0
425319,1,67,2161,25,0,37,168426.50,149789,171,77,0,0
425471,1,67,2130,25,0,37,168426.50,149789,171,77,0,0
425603,1,67,2154,21,0,37,168427.50,149789,171,77,0,0
425719,1,67,2148,20,0,37,168427.50,149789,171,77,0,0
425853,1,67,2172,20,0,37,168427.50,149789,171,77,0,0
425977,1,67,2140,20,0,37,168427.50,149789,171,77,0,0
426103,1,67,2112,20,0,37,168427.50,149789,171,77,0,0
426219,1,67,2112,20,0,37,168427.50,149789,171,77,0,0
426311,1,67,2113,20,0,37,168427.50,149789,171,77,0,0
426453,1,66,2113,20,0,37,168427.50,149789,171,77,0,0
426569,1,66,2141,20,0,37,168427.50,149789,171,77,0,0
426703,1,66,2140,20,0,37,168427.50,149789,171,77,0,0
426824,1,66,2139,20,0,37,168427.50,149789,171,77,0,0
426858,1,66,2142,20,0,37,168427.50,149789,171,77,0,0
427069,1,66,2111,21,0,37,168427.50,149789,171,77,0,0
427203,1,66,2080,23,0,37,168427.50,149789,171,77,0,0
427319,1,66,2082,23,0,37,168427.50,149789,171,77,0,0
427470,1,66,2084,23,0,37,168427.50,149789,171,77,0,0
427569,1,66,2084,24,0,37,168428.53,149789,171,76,0,0
427703,1,65,2084,24,0,37,168428.53,149789,171,76,0,0
427819,1,65,2084,24,0,37,168428.53,149789,171,76,0,0
427953,1,65,2088,24,0,37,168428.53,149789,171,76,0,0
428069,1,65,2090,30,0,37,168428.53,149789,171,76,0,0
428189,1,65,2091,38,0,37,168428.53,149789,171,76,0,0
428319,1,65,2069,45,0,37,168428.53,149789,171,76,0,0
428319,1,65,2069,45,0,37,168428.53,149789,171,76,0,0
428553,1,65,2106,57,0,37,168428.53,149789,171,76,0,0
428669,1,65,2064,59,0,37,168428.53,149789,171,76,0,0
428769,1,65,2065,60,0,37,168428.53,149789,171,76,0,0
428865,1,65,2071,61,0,37,168428.53,149789,171,76,0,0
429019,1,65,2074,61,0,37,168429.58,149789,171,76,0,0
429145,1,65,2077,61,0,37,168429.58,149789,171,76,0,0
429253,1,65,2073,61,0,37,168429.58,149789,171,76,0,0
429319,1,65,2073,57,0,37,168429.58,149789,171,76,0,0
429470,1,65,2070,57,0,37,168429.58,149789,171,76,0,0
429603,1,64,2070,41,0,37,168429.58,149789,171,76,0,0
429719,1,64,2048,36,0,37,168429.58,149789,171,76,0,0
429845,1,64,2057,36,0,37,168429.58,149789,171,76,0,0
429974,1,64,2044,36,0,37,168429.58,149789,171,76,0,0
430103,1,64,2045,40,0,37,168429.58,149789,171,76,0,0
430219,1,64,2048,48,0,37,168430.58,149789,171,76,0,0
430319,1,64,2065,50,0,37,168430.58,149789,171,76,0,0
430319,1,64,2065,50,0,37,168430.58,149789,171,76,0,0
430569,1,64,2066,53,0,37,168430.58,149789,171,76,0,0
430703,1,64,2067,56,0,37,168430.58,149789,171,76,0,0
430819,1,64,2043,58,0,37,168430.58,149789,171,76,0,0
430974,1,64,2016,58,0,37,168430.58,149789,171,76,0,0
431069,1,64,2062,64,0,37,168430.58,149789,171,76,0,0
431202,1,64,2065,69,0,37,168430.58,149789,171,76,0,0
431319,1,64,2027,76,0,37,168431.59,149789,171,76,0,0
431461,1,64,2052,76,0,37,168431.59,149789,171,76,0,0
431569,1,64,2079,77,0,37,168431.59,149789,171,76,0,0
431703,1,64,2049,77,0,37,168431.59,149789,171,76,0,0
431821,1,64,2051,72,0,37,168431.59,149789,171,76,0,0
431867,1,64,2078,72,0,37,168431.59,149789,171,76,0,0
432069,1,64,2078,63,0,37,168431.59,149789,171,76,0,0
432189,1,64,2058,56,0,37,168432.64,149789,171,76,0,0
432312,1,64,2056,51,0,37,168432.64,149789,171,76,0,0
432322,1,64,2056,49,0,37,168432.64,149789,171,76,0,0
432553,1,64,2048,49,0,37,168432.64,149789,171,76,0,0
432669,1,64,2077,49,0,37,168432.64,149789,171,76,0,0
432769,1,64,2078,50,0,37,168432.64,149789,171,76,0,0
432853,1,64,2056,53,0,37,168432.64,149789,171,76,0,0
433019,1,64,2065,59,0,37,168432.64,149789,171,76,0,0
433145,1,64,2048,60,0,37,168432.64,149789,171,76,0,0
433253,1,64,2073,60,0,37,168432.64,149789,171,76,0,0
433321,1,64,2073,61,0,37,168433.69,149789,171,76,0,0
433485,1,64,2073,61,0,37,168433.69,149789,171,76,0,0
433625,1,64,2064,64,0,37,168433.69,149789,171,76,0,0
433747,1,64,2065,65,0,37,168433.69,149789,171,76,0,0
433821,1,64,2074,66,0,37,168433.69,149789,171,76,0,0
433972,1,64,2050,66,0,37,168433.69,149789,171,76,0,0
434103,1,64,2059,66,0,37,168433.69,149789,171,76,0,0
434219,1,64,2064,66,0,37,168433.69,149789,171,76,0,0
434345,1,65,2060,64,0,37,168433.69,149789,171,76,0,0
434345,1,65,2060,64,0,37,168433.69,149789,171,76,0,0
434570,1,65,2051,59,0,37,168434.75,149789,171,76,0,0
434703,1,65,2076,57,0,37,168434.75,149789,171,76,0,0
434820,1,65,2065,53,0,37,168434.75,149789,171,76,0,0
434971,1,64,2051,53,0,37,168434.75,149789,171,76,0,0
435070,1,65,2059,49,0,37,168434.75,149789,171,76,0,0
435203,1,65,2058,47,0,37,168434.75,149789,171,76,0,0
435319,1,65,2049,42,0,37,168434.75,149789,171,76,0,0
435458,1,65,2048,42,0,37,168434.75,149789,183,76,0,0
435569,1,64,2066,33,0,37,168434.75,149789,183,76,0,0
435689,1,65,2053,33,0,37,168435.75,149789,183,76,0,0
435809,1,64,2073,33,0,37,168435.75,149789,183,76,0,0
435853,1,64,2069,31,0,37,168435.75,149789,183,76,0,0
436044,1,64,2073,27,0,37,168435.75,149789,183,76,0,0
436145,1,64,2073,24,0,37,168435.75,149789,183,76,0,0
436269,1,64,2026,24,0,37,168435.75,149789,183,76,0,0
436319,1,64,2058,23,0,37,168435.75,149789,183,76,0,0
436519,1,64,2019,23,0,37,168435.75,149789,183,76,0,0
436624,1,64,2047,26,0,37,168435.75,149789,183,76,0,0
436753,1,64,2016,30,0,37,168435.75,149789,183,76,0,0
436861,1,64,2020,33,0,37,168435.75,149789,183,76,0,0
436970,1,64,2020,35,0,37,168435.75,149789,183,76,0,0
437103,1,64,2041,35,0,37,168435.75,149789,183,76,0,0
437219,1,64,2047,35,0,37,168435.75,149789,183,76,0,0
437319,1,64,2017,35,0,37,168435.75,149789,183,76,0,0
437319,1,64,2017,35,0,37,168435.75,149789,183,76,0,0
437569,1,63,2045,35,0,37,168436.78,149789,183,76,0,0
437703,1,63,2045,35,0,37,168436.78,149789,183,76,0,0
437819,1,63,2040,35,0,37,168436.78,149789,183,76,0,0
437969,1,63,2041,35,0,37,168436.78,149789,183,76,0,0
438069,1,63,2043,35,0,37,168436.78,149789,183,76,0,0
438203,1,63,2045,35,0,37,168436.78,149789,183,76,0,0
438319,1,63,2047,35,0,37,168436.78,149789,183,76,0,0
438346,1,63,2047,35,0,37,168436.78,149789,183,76,0,0
438569,1,63,1984,33,0,37,168436.78,149789,183,76,0,0
438669,1,63,2012,33,0,37,168436.78,149789,183,76,0,0
438803,1,63,2040,33,0,37,168436.78,149789,183,76,0,0
438818,1,63,2040,33,0,37,168436.78,149789,183,76,0,0
439019,1,63,2008,33,0,37,168436.78,149789,183,76,0,0
439153,1,63,2006,33,0,37,168437.81,149789,183,76,0,0
439269,1,63,2009,33,0,37,168437.81,149789,183,76,0,0
439345,1,63,2009,34,0,37,168437.81,149789,183,76,0,0
439481,1,63,2011,34,0,37,168437.81,149789,183,76,0,0
439624,1,62,2012,37,0,37,168437.81,149789,183,76,0,0
439753,1,62,1985,40,0,37,168437.81,149789,183,76,0,0
439853,1,62,1988,45,0,37,168437.81,149789,183,76,0,0
439994,1,62,1988,45,0,37,168437.81,149789,183,76,0,0
440103,1,62,2006,57,0,37,168437.81,149789,183,76,0,0
440219,1,62,2001,62,0,37,168437.81,149789,183,76,0,0
440319,1,62,1995,63,0,37,168437.81,149789,183,76,0,0
440481,1,62,2004,63,0,37,168437.81,149789,183,76,0,0
440603,1,62,2011,63,0,37,168438.86,149789,183,76,0,0
440719,1,62,2012,63,0,37,168438.86,149789,183,76,0,0
440845,1,62,2012,54,0,37,168438.86,149789,183,76,0,0
440888,1,62,2014,54,0,37,168438.86,149789,183,76,0,0
441103,1,62,2002,50,0,37,168438.86,149789,183,76,0,0
441219,1,62,1990,42,0,37,168438.86,149789,183,76,0,0
441319,1,62,2013,40,0,37,168438.86,149789,183,76,0,0
441372,1,62,2004,40,0,37,168438.86,149789,183,76,0,0
441569,1,62,1994,40,0,37,168438.86,149789,183,76,0,0
441689,1,62,1995,42,0,37,168439.88,149789,183,76,0,0
441809,1,62,1996,44,0,37,168439.88,149789,183,76,0,0
441871,1,62,1970,44,0,37,168439.88,149789,183,76,0,0
442019,1,62,2002,45,0,37,168439.88,149789,183,76,0,0
442169,1,62,1978,46,0,37,168439.88,149789,183,76,0,0
442269,1,62,1974,47,0,37,168439.88,149789,183,76,0,0
442353,1,62,2008,48,0,37,168439.88,149789,183,76,0,0
442518,1,62,1976,48,0,37,168439.88,149789,183,76,0,0
442654,1,62,1956,48,0,37,168439.88,149789,183,76,0,0
442769,1,62,1957,48,0,37,168439.88,149789,183,76,0,0
442864,1,61,1956,48,0,37,168439.88,149789,183,76,0,0
443003,1,61,1956,48,0,37,168440.92,149789,183,76,0,0
443124,1,61,1956,50,0,37,168440.92,149789,183,76,0,0
443254,1,61,1956,52,0,37,168440.92,149789,183,76,0,0
443377,1,61,1953,60,0,37,168440.92,149789,183,76,0,0
443377,1,61,1953,60,0,37,168440.92,149789,183,76,0,0
443603,1,62,1967,65,0,37,168440.92,149789,183,76,0,0
443719,1,61,1974,71,0,37,168440.92,149789,183,76,0,0
443853,1,61,1982,72,0,37,168440.92,149789,183,76,0,0
443991,1,61,1982,72,0,37,168440.92,149789,183,76,0,0
444103,1,62,1983,72,0,37,168441.95,149789,183,76,0,0
444218,1,61,1983,75,0,37,168441.95,149789,183,76,0,0
444353,1,62,1982,75,0,37,168441.95,149789,183,76,0,0
444478,1,62,1982,75,0,37,168441.95,149789,183,76,0,0
444603,1,62,1957,75,0,37,168441.95,149789,183,76,0,0
444718,1,62,1960,75,0,37,168441.95,149789,183,76,0,0
444818,1,62,1961,76,0,37,168441.95,149789,183,76,0,0
444872,1,62,1962,76,0,37,168443.02,149789,183,76,0,0
445068,1,62,1962,76,0,37,168443.02,149789,183,76,0,0
445203,1,62,1959,77,0,37,168443.02,149789,183,76,0,0
445319,1,62,1984,78,0,37,168443.02,149789,183,76,0,0
445354,1,62,1986,78,0,37,168443.02,149789,183,76,0,0
445561,1,62,2003,78,0,37,168443.02,149789,183,76,0,0
445668,1,62,2009,78,0,37,168443.02,149789,183,76,0,0
445769,1,62,2011,78,0,37,168444.05,149789,183,76,0,0
445818,1,62,2011,77,0,38,168444.05,149789,183,76,0,0
446034,1,62,2010,74,0,38,168444.05,149789,183,76,0,0
446146,1,62,2009,74,0,38,168444.05,149789,183,76,0,0
446268,1,62,1989,74,0,38,168444.05,149789,183,76,0,0
446353,1,62,1984,73,0,38,168444.05,149789,183,76,0,0
446504,1,62,2013,72,0,38,168444.05,149789,183,76,0,0
446624,1,63,1986,68,0,38,168445.08,149789,183,76,0,0
446753,1,63,2010,66,0,38,168445.08,149789,183,76,0,0
446853,1,63,2001,65,0,38,168445.08,149789,183,76,0,0
446989,1,63,2001,62,0,38,168445.08,149789,183,76,0,0
447103,1,63,2007,59,0,38,168445.08,149789,183,76,0,0
447218,1,63,1998,51,0,38,168445.08,149789,183,76,0,0
447346,1,63,2014,49,0,38,168445.08,149789,183,76,0,0
447375,1,63,1998,49,0,38,168445.08,149789,183,76,0,0
447603,1,62,2006,44,0,38,168446.09,149789,183,76,0,0
447718,1,62,2006,44,0,38,168446.09,149789,183,76,0,0
447846,1,62,2004,42,0,38,168446.09,149789,183,76,0,0
447871,1,62,2000,42,0,38,168446.09,149789,183,76,0,0
448069,1,62,1997,40,0,38,168446.09,149789,183,76,0,0
448189,1,62,1996,37,0,38,168446.09,149789,183,76,0,0
448318,1,62,1991,35,0,38,168446.09,149789,183,76,0,0
448353,1,62,1988,35,0,38,168446.09,149789,183,76,0,0
448553,1,62,2009,34,0,38,168446.09,149789,183,76,0,0
448668,1,62,2007,34,0,38,168446.09,149789,183,76,0,0
448768,1,62,2004,34,0,38,168446.09,149789,183,76,0,0
448856,1,62,2002,34,0,38,168446.09,149789,183,76,0,0
449031,1,62,2005,50,0,38,168447.09,149789,183,76,0,0
449124,1,62,2008,52,0,38,168447.09,149789,183,76,0,0
449253,1,62,1992,52,0,38,168447.09,149789,183,76,0,0
449356,1,62,2002,55,0,38,168447.09,149789,183,76,0,0
449501,1,62,2002,59,0,38,168447.09,149789,183,76,0,0
449624,1,62,2002,63,0,38,168447.09,149789,183,76,0,0
449747,1,62,2012,65,0,38,168447.09,149789,183,76,0,0
449859,1,62,2008,70,0,38,168447.09,149789,183,76,0,0
449906,1,62,2008,70,0,38,168447.09,149789,183,76,0,0
450124,1,62,2010,78,0,38,168447.09,149789,183,76,0,0
450218,1,63,1992,80,0,38,168448.16,149789,183,76,0,0
450356,1,63,2013,81,0,38,168448.16,149789,183,76,0,0
450371,1,63,2013,81,0,38,168448.16,149789,183,76,0,0
450577,1,63,1989,81,0,38,168448.16,149789,183,76,0,0
450706,1,63,2017,82,0,38,168448.16,149789,183,76,0,0
450818,1,63,2047,82,0,38,168448.16,149789,183,76,0,0
450871,1,63,2022,82,0,38,168448.16,149789,183,76,0,0
451069,1,63,2023,83,0,38,168449.17,149789,183,76,0,0
451168,1,63,2024,83,0,38,168449.17,149789,183,76,0,0
451306,1,64,2024,83,0,38,168449.17,149789,183,76,0,0
451371,1,64,2020,82,0,38,168449.17,149789,183,76,0,0
451525,1,64,2020,78,0,38,168449.17,149789,183,76,0,0
451668,1,64,2032,66,0,38,168449.17,149789,183,76,0,0
451768,1,64,2065,66,0,38,168450.19,149789,183,76,0,0
451871,1,64,2079,66,0,38,168450.19,149789,183,76,0,0
452018,1,64,2079,65,0,38,168450.19,149789,183,76,0,0
452146,1,64,2075,62,0,38,168450.19,149789,183,76,0,0
452268,1,64,2055,58,0,38,168450.19,149789,183,76,0,0
452353,1,64,2053,57,0,38,168450.19,149789,183,76,0,0
452506,1,64,2060,57,0,38,168450.19,149789,183,76,0,0
452624,1,64,2052,57,0,38,168450.19,149789,183,76,0,0
452748,1,64,2077,57,0,38,168450.19,149789,183,76,0,0
452871,1,64,2078,57,0,38,168451.22,149789,183,76,0,0
452871,1,64,2078,57,0,38,168451.22,149789,183,76,0,0
453124,1,64,2056,57,0,38,168451.22,149789,183,76,0,0
453218,1,64,2058,57,0,38,168451.22,149789,183,76,0,0
453356,1,64,2054,57,0,38,168451.22,149789,183,76,0,0
453371,1,64,2054,57,0,38,168451.22,149789,183,76,0,0
453606,1,64,2050,57,0,38,168451.22,149789,183,76,0,0
453718,1,64,2050,57,0,38,168451.22,149789,183,76,0,0
453818,1,64,2055,57,0,38,168451.22,149789,183,76,0,0
453871,1,64,2057,57,0,38,168452.23,149789,183,76,0,0
454068,1,65,2058,56,0,38,168452.23,149789,183,76,0,0
454188,1,65,2050,55,0,38,168452.23,149789,183,76,0,0
454313,1,65,2075,53,0,38,168452.23,149789,183,76,0,0
454371,1,64,2071,53,0,38,168452.23,149789,183,76,0,0
454523,1,64,2071,51,0,38,168452.23,149789,183,76,0,0
454668,1,65,2065,47,0,38,168452.23,149789,183,76,0,0
454768,1,65,2063,45,0,38,168452.23,149789,183,76,0,0
454856,1,65,2052,45,0,38,168452.23,149789,183,76,0,0
455018,1,65,2052,45,0,38,168452.23,149789,183,76,0,0
455156,1,65,2068,44,0,38,168453.27,149789,183,76,0,0
455268,1,65,2076,41,0,38,168453.27,149789,183,76,0,0
455371,1,65,2111,40,0,38,168453.27,149789,183,76,0,0
455523,1,65,2079,39,0,38,168453.27,149789,183,76,0,0
455646,1,65,2069,31,0,38,168453.27,149789,183,76,0,0
455768,1,65,2051,21,0,38,168453.27,149789,183,76,0,0
455871,1,65,2066,16,0,38,168453.27,149789,183,76,0,0
456009,1,65,2066,15,0,38,168453.27,149789,183,76,0,0
456124,1,65,2098,15,0,38,168453.27,149789,183,76,0,0
456248,1,65,2065,15,0,38,168453.27,149789,183,76,0,0
456356,1,65,2067,15,0,38,168453.27,149789,183,76,0,0
456506,1,65,2070,15,0,38,168453.27,149789,183,76,0,0
456624,1,65,2071,15,0,38,168453.27,149789,183,76,0,0
456748,1,65,2071,15,0,38,168453.27,149789,183,76,0,0
456856,1,65,2070,15,0,38,168454.28,149789,183,76,0,0
456871,1,65,2070,15,0,38,168454.28,149789,183,76,0,0
457124,1,65,2099,15,0,38,168454.28,149789,183,76,0,0
457248,1,65,2098,15,0,38,168454.28,149789,183,76,0,0
457356,1,65,2069,15,0,38,168454.28,149789,183,76,0,0
457370,1,65,2069,15,0,38,168454.28,149789,183,76,0,0
457606,1,65,2102,15,0,38,168454.28,149789,183,76,0,0
457718,1,65,2073,15,0,38,168454.28,149789,183,76,0,0
457846,1,65,2104,15,0,38,168454.28,149789,183,76,0,0
457882,1,65,2071,15,0,38,168454.28,149789,183,76,0,0
458077,1,65,2067,15,0,38,168454.28,149789,183,77,0,0
458188,1,65,2098,15,0,38,168454.28,149789,183,77,0,0
458318,1,65,2066,15,0,38,168454.28,149789,183,77,0,0
458407,1,65,2065,15,0,38,168454.28,149789,183,77,0,0
458521,1,65,2065,15,0,38,168454.28,149789,183,77,0,0
458668,1,65,2069,15,0,38,168454.28,149789,183,77,0,0
458768,1,65,2069,15,0,38,168454.28,149789,183,77,0,0
458906,1,65,2070,15,0,38,168454.28,149789,183,77,0,0
459033,1,65,2070,15,0,38,168454.28,149789,183,77,0,0
459156,1,65,2070,15,0,38,168455.31,149789,183,77,0,0
459268,1,64,2067,15,0,38,168455.31,149789,183,77,0,0
459371,1,64,2067,11,0,38,168455.31,149789,183,77,0,0
459520,1,64,2067,0,0,38,168455.31,149789,183,77,0,0
459656,1,64,2020,0,0,38,168455.31,149789,183,77,0,0
459768,1,64,2017,0,0,38,168455.31,149789,183,77,0,0
459871,1,64,2018,0,0,38,168455.31,149789,183,77,0,0
460018,1,64,2050,0,0,38,168455.31,149789,183,77,0,0
460145,1,64,2017,0,0,38,168455.31,149789,183,77,0,0
460268,1,64,2016,0,0,38,168455.31,149789,183,77,0,0
460371,1,63,2030,0,0,38,168455.31,149789,183,77,0,0
460519,1,63,2030,0,0,38,168455.31,149789,183,77,0,0
460624,1,63,2005,0,0,38,168455.31,149789,183,77,0,0
460755,1,63,1839,0,0,38,168455.31,149789,183,77,0,0
460878,1,63,1696,0,0,38,168455.31,149789,183,77,0,0
460914,1,63,1632,0,0,38,168455.31,149789,183,77,0,0
461124,1,63,1595,0,0,38,168455.31,149789,183,77,0,0
461268,1,62,1525,0,0,38,168455.31,149789,183,77,0,0
461371,1,62,1489,0,0,38,168455.31,149789,183,77,0,0
461371,1,62,1489,0,0,38,168455.31,149789,183,77,0,0
461645,1,62,1387,0,0,38,168455.31,149789,183,77,0,0
461768,1,62,1355,0,0,38,168455.31,149789,183,77,0,0
461871,1,62,1321,0,0,38,168455.31,149789,183,77,0,0
462031,1,62,1321,0,0,38,168455.31,149789,183,77,0,0
462145,1,61,1610,0,0,38,168455.31,149789,183,77,0,0
462256,1,60,2021,0,0,38,168456.33,149789,183,77,0,0
462371,1,60,2281,0,0,38,168456.33,149789,183,77,0,0
462405,1,60,2441,0,0,38,168456.33,149789,183,77,0,0
462606,1,60,2913,0,0,38,168456.33,149789,183,77,0,0
462718,1,58,3117,0,0,38,168456.33,149789,183,77,0,0
462856,1,57,3360,0,0,38,168456.33,149789,183,77,0,0
462873,1,57,3360,0,0,38,168456.33,149789,183,77,0,0
463073,1,57,3648,0,0,38,168456.33,149789,183,77,0,0
463206,1,56,3904,0,0,38,168456.33,149789,183,77,0,0
463318,1,56,4096,0,0,38,168456.33,149789,183,77,0,0
463406,1,55,4224,0,0,38,168456.33,149789,183,77,0,0
463556,1,55,4096,0,0,38,168456.33,149789,183,77,0,0
463688,1,54,4128,0,0,38,168456.33,149789,183,77,0,0
463811,1,54,4064,0,0,38,168456.33,149789,183,77,0,0
463871,1,54,4064,0,0,38,168456.33,149789,183,77,0,0
464045,1,53,4064,0,0,38,168456.33,149789,183,77,0,0
464168,1,53,4000,0,0,38,168456.33,149789,183,77,0,0
464268,1,53,3968,0,0,38,168456.33,149789,183,77,0,0
464371,1,53,3968,0,0,38,168456.33,149789,183,77,0,0
464518,1,53,3936,0,0,38,168456.33,149789,183,77,0,0
464656,1,52,3904,0,0,38,168456.33,149789,183,77,0,0
464768,1,51,3872,0,0,38,168456.33,149789,183,77,0,0
464871,1,51,3872,0,0,38,168456.33,149789,183,77,0,0
465029,1,51,3840,0,0,38,168456.33,149789,183,77,0,0
465156,1,50,3776,0,0,38,168456.33,149789,183,77,0,0
465268,1,50,3744,0,0,38,168456.33,149789,183,77,0,0
465371,1,49,3744,0,0,38,168456.33,149789,183,77,0,0
465518,1,49,3712,0,0,38,168456.33,149789,183,77,0,0
465645,1,49,3680,0,0,38,168456.33,149789,183,77,0,0
465768,1,48,3648,0,0,38,168456.33,149789,183,77,0,0
465871,1,48,3616,0,0,38,168456.33,149789,183,77,0,0
465924,1,48,3616,0,0,38,168456.33,149789,183,77,0,0
466123,1,47,3552,0,0,38,168456.33,149789,183,77,0,0
466256,1,47,3520,0,0,38,168456.33,149789,183,77,0,0
466371,1,47,3520,0,0,38,168456.33,149789,183,77,0,0
466406,1,47,3520,0,0,38,168456.33,149789,183,77,0,0
466606,1,46,3456,0,0,38,168456.33,149789,183,77,0,0
466718,1,46,3456,0,0,38,168456.33,149789,183,77,0,0
466845,1,45,3424,0,0,38,168456.33,149789,183,77,0,0
466871,1,45,3392,0,0,38,168456.33,149789,183,77,0,0
467071,1,45,3360,0,0,38,168456.33,149789,183,77,0,0
467188,1,44,3360,0,0,38,168456.33,149789,183,77,0,0
467318,1,44,3328,0,0,38,168456.33,149789,183,77,0,0
467405,1,44,3296,0,0,38,168456.33,149789,183,77,0,0
467556,1,43,3264,0,0,38,168456.33,149789,183,77,0,0
467668,1,43,3264,0,0,38,168456.33,149789,183,77,0,0
467768,1,43,3232,0,0,38,168456.33,149789,183,77,0,0
467871,1,43,3200,0,0,38,168456.33,149789,183,77,0,0
468027,1,43,3200,0,0,38,168456.33,149789,183,77,0,0
468155,1,42,3136,0,0,38,168456.33,149789,183,77,0,0
468268,1,42,3136,0,0,38,168456.33,149789,183,77,0,0
468371,1,41,3104,0,0,38,168456.33,149789,183,77,0,0
468405,1,41,3104,0,0,38,168456.33,149789,183,77,0,0
468645,1,40,3072,0,0,38,168456.33,149789,183,77,0,0
468768,1,40,3040,0,0,38,168456.33,149789,183,77,0,0
468871,1,40,3008,0,0,38,168456.33,149789,183,77,0,0
468871,1,40,3008,0,0,38,168456.33,149789,183,77,0,0
469123,1,39,2976,0,0,38,168456.33,149789,183,77,0,0
469246,1,39,2944,0,0,38,168456.33,149789,183,77,0,0
469370,1,39,2912,0,0,38,168456.33,149789,183,76,0,0
469405,1,39,2912,0,0,38,168456.33,149789,183,76,0,0
469605,1,38,2880,0,0,38,168456.33,149789,183,76,0,0
469718,1,38,2848,0,0,38,168456.33,149789,183,76,0,0
469818,1,38,2848,0,0,38,168456.33,149789,183,76,0,0
469870,1,37,2816,0,0,38,168456.33,149789,183,76,0,0
470070,1,37,2784,0,0,38,168456.33,149789,183,76,0,0
470168,1,37,2752,0,0,38,168456.33,149789,183,76,0,0
470311,1,36,2752,0,0,38,168456.33,149789,183,76,0,0
470370,1,36,2752,0,0,38,168456.33,149789,183,76,0,0
470544,1,36,2720,0,0,38,168456.33,149789,183,76,0,0
470668,1,35,2688,0,0,38,168456.33,149789,183,76,0,0
470767,1,35,2656,0,0,38,168456.33,149789,183,76,0,0
470870,1,35,2624,0,0,38,168456.33,149789,183,76,0,0
471025,1,35,2624,0,0,38,168456.33,149789,183,76,0,0
471144,1,34,2592,0,0,38,168456.33,149789,183,76,0,0
471255,1,34,2560,0,0,38,168456.33,149789,183,76,0,0
471371,1,34,2560,0,0,38,168456.33,149789,183,76,0,0
471405,1,34,2528,0,0,38,168456.33,149789,183,76,0,0
471623,1,33,2496,0,0,38,168456.33,149789,183,76,0,0
471718,1,33,2496,0,0,38,168456.33,149789,183,76,0,0
471855,1,32,2464,0,0,38,168456.33,149789,183,76,0,0
471905,1,32,2432,0,0,38,168456.33,149789,183,76,0,0
472093,1,32,2432,0,0,38,168456.33,149789,183,76,0,0
472205,1,32,2400,0,0,38,168456.33,149789,183,76,0,0
472318,1,31,2368,0,0,38,168456.33,149789,183,76,0,0
472405,1,31,2368,0,0,38,168456.33,149789,183,76,0,0
472544,1,31,2368,0,0,38,168456.33,149789,183,76,0,0
472688,1,30,2304,0,0,38,168456.33,149789,183,76,0,0
472805,1,30,2272,0,0,38,168456.33,149789,183,76,0,0
472870,1,30,2272,0,0,38,168456.33,149789,183,76,0,0
473024,1,30,2272,0,0,38,168456.33,149789,183,76,0,0
473167,1,29,2208,0,0,38,168456.33,149789,183,75,0,0
473267,1,29,2176,0,0,38,168456.33,149789,183,75,0,0
473405,1,29,2176,0,0,38,168456.33,149789,183,75,0,0
473537,1,29,2176,0,0,38,168456.33,149789,183,75,0,0
473656,1,28,2112,0,0,38,168456.33,149789,183,75,0,0
473767,1,28,2112,0,0,38,168456.33,149789,183,75,0,0
473870,1,27,2080,0,0,38,168456.33,149789,183,75,0,0
474024,1,27,2080,0,0,38,168456.33,149789,183,75,0,0
474144,1,27,2048,0,0,38,168456.33,149789,183,75,0,0
474255,1,26,2016,0,0,38,168456.33,149789,183,75,0,0
474370,1,26,1984,0,12,38,168456.33,149789,183,75,0,0
474405,1,26,1984,0,12,38,168456.33,149789,183,75,0,0
474623,1,26,1920,0,24,38,168456.33,149789,183,75,0,0
474717,1,25,1888,0,36,38,168456.33,149789,183,75,0,0
474855,1,24,1856,0,52,38,168456.33,149789,183,75,0,0
474940,1,24,1824,0,76,38,168456.33,149789,183,75,0,0
475092,1,24,1760,0,90,38,168456.33,149789,183,75,0,0
475187,1,22,1696,0,92,38,168456.33,149789,183,75,0,0
475317,1,22,1632,0,98,38,168456.33,149789,183,75,0,0
475408,1,21,1600,0,104,38,168456.33,149789,183,75,0,0
475545,1,20,1600,0,104,38,168456.33,149789,183,75,0,0
475687,1,19,1442,0,120,38,168456.33,149789,183,75,0,0
475805,1,18,1403,0,124,38,168456.33,149789,183,75,0,0
475920,1,18,1319,0,124,38,168456.33,149789,183,75,0,0
475937,1,18,1319,0,124,38,168456.33,149789,183,75,0,0
476167,1,16,1248,0,16,38,168456.33,149789,183,75,0,0
476267,1,16,1215,0,0,38,168456.33,149789,183,75,0,0
476417,1,16,1213,0,0,38,168456.33,149789,183,75,0,0
476438,1,16,1213,0,0,38,168456.33,149789,183,75,0,0
476655,1,15,1178,38,0,38,168456.33,149790,200,75,0,0
476767,1,15,1154,61,0,38,168456.33,149790,200,75,0,0
476870,1,15,1196,79,0,38,168456.33,149790,200,75,0,0
476937,1,15,1196,92,0,38,168456.33,149790,200,75,0,0
477123,1,15,1164,115,0,38,168456.33,149790,200,75,0,0
477217,1,15,1152,122,0,38,168456.33,149790,200,75,0,0
477355,1,15,1202,134,0,38,168456.33,149790,200,75,0,0
477417,1,15,1202,137,0,38,168456.33,149790,200,75,0,0
477567,1,16,1202,137,0,38,168456.33,149790,200,75,0,0
477717,1,16,1300,137,0,38,168456.33,149790,200,75,0,0
477817,1,17,1290,137,0,38,168457.41,149790,200,75,0,0
477947,1,18,1362,137,0,38,168457.41,149790,200,75,0,0
477957,1,18,1373,137,0,38,168457.41,149790,200,75,0,0
478187,1,18,1411,137,0,38,168457.41,149790,200,75,0,0
478317,1,19,1456,137,0,38,168457.41,149790,200,75,0,0
478437,1,19,1509,137,0,38,168457.41,149790,200,75,0,0
478461,1,20,1564,137,0,38,168458.45,149790,200,75,0,0
478667,1,21,1609,138,0,38,168458.45,149790,200,75,0,0
478767,1,22,1667,138,0,38,168458.45,149790,200,75,0,0
478905,1,22,1743,138,0,38,168458.45,149790,200,75,0,0
478944,1,23,1743,138,0,38,168458.45,149790,200,75,0,0
479144,1,24,1829,138,0,38,168458.45,149790,200,75,0,0
479255,1,25,1916,138,0,38,168459.47,149790,200,75,0,0
479370,1,25,1929,139,0,38,168459.47,149790,200,75,0,0
479468,1,26,2001,139,0,38,168459.47,149790,200,75,0,0
479610,1,26,2033,139,0,38,168459.47,149790,200,75,0,0
479717,1,27,2129,139,0,38,168460.48,149790,200,75,0,0
479856,1,29,2232,139,0,38,168460.48,149790,200,75,0,0
479955,1,30,2259,139,0,38,168460.48,149790,200,75,0,0
480097,1,30,2291,137,0,38,168461.55,149790,200,75,0,0
480217,1,31,2417,135,0,38,168461.55,149790,200,75,0,0
480317,1,32,2434,134,0,38,168461.55,149790,200,75,0,0
480452,1,33,2516,130,0,38,168462.56,149790,200,75,0,0
480467,1,33,2535,130,0,38,168462.56,149790,200,75,0,0
480687,1,35,2631,118,0,38,168462.56,149790,200,75,0,0
480805,1,35,2719,112,0,38,168463.67,149790,200,75,0,0
480917,1,36,2720,96,0,38,168463.67,149790,200,75,0,0
480955,1,36,2754,96,0,38,168463.67,149790,200,75,0,0
481155,1,37,2818,88,0,38,168464.69,149790,200,75,0,0
481267,1,38,2878,88,0,38,168464.69,149790,200,75,0,0
481370,1,38,2894,88,0,38,168464.69,149790,200,75,0,0
481467,1,38,2895,88,0,38,168464.69,149790,200,75,0,0
481623,1,38,2927,90,0,38,168464.69,149790,200,75,0,0
481755,1,39,2997,90,0,38,168465.73,149790,200,75,0,0
481870,1,40,3008,90,0,38,168465.73,149790,200,75,0,0
481955,1,40,3022,90,0,38,168465.73,149790,200,75,0,0
482106,1,40,3095,90,0,38,168465.73,149790,200,75,0,0
482217,1,40,3105,90,0,38,168466.80,149790,200,75,0,0
482355,1,41,3145,90,0,38,168466.80,149790,200,75,0,0
482468,1,42,3147,90,0,38,168466.80,149790,200,75,0,0
482468,1,42,3147,90,0,38,168466.80,149790,200,75,0,0
482717,1,42,3218,90,0,38,168467.81,149790,200,75,0,0
482845,1,43,3252,90,0,38,168467.81,149790,200,75,0,0
482955,1,43,3288,90,0,38,168467.81,149790,200,75,0,0
482955,1,43,3288,90,0,38,168467.81,149790,200,75,0,0
483217,1,44,3341,95,0,38,168468.86,149790,200,75,0,0
483317,1,44,3340,97,0,38,168468.86,149790,200,75,0,0
483455,1,45,3423,99,0,38,168468.86,149790,200,75,0,0
483468,1,45,3423,99,0,38,168468.86,149790,200,75,0,0
483705,1,45,3484,99,0,38,168468.86,149790,200,75,0,0
483817,1,46,3504,99,0,38,168469.95,149790,200,75,0,0
483937,1,46,3545,89,0,38,168469.95,149790,200,75,0,0
483966,1,47,3521,89,0,38,168469.95,149790,200,75,0,0
484167,1,47,3499,54,0,38,168469.95,149790,200,75,0,0
484267,1,47,3544,43,0,38,168471.00,149790,200,75,0,0
484405,1,47,3472,11,0,38,168471.00,149790,200,75,0,0
484467,1,47,3455,0,0,38,168471.00,149790,200,75,0,0
484623,1,47,3455,0,0,38,168471.00,149790,200,75,0,0
484767,1,46,2944,0,0,38,168471.00,149790,200,75,0,0
484870,1,46,2784,0,0,38,168471.00,149790,200,75,0,0
484945,1,46,2720,0,0,38,168471.00,149790,200,75,0,0
485105,1,46,2489,0,0,38,168471.00,149790,200,75,0,0
485217,1,46,2405,21,0,38,168471.00,149790,200,75,0,0
485355,1,46,2486,26,0,38,168471.00,149790,200,75,0,0
485467,1,46,2476,33,0,38,168471.00,149790,200,75,0,0
485606,1,46,2412,50,0,38,168471.00,149790,200,75,0,0
485717,1,46,2447,73,0,38,168471.00,149790,200,75,0,0
485855,1,46,2459,88,0,38,168472.03,149790,200,75,0,0
485955,1,46,2481,95,0,38,168472.03,149790,200,75,0,0
486093,1,46,2481,96,0,38,168472.03,149790,200,75,0,0
486217,1,46,2520,97,0,38,168472.03,149790,200,75,0,0
486317,1,47,2497,97,0,38,168472.03,149790,200,75,0,0
486452,1,48,2556,97,0,38,168473.12,149790,200,75,0,0
486580,1,48,2509,97,0,38,168473.12,149790,200,75,0,0
486687,1,48,2578,97,0,38,168473.12,149790,200,75,0,0
486817,1,48,2572,97,0,38,168473.12,149790,200,75,0,0
486917,1,48,2598,97,0,38,168474.23,149790,200,75,0,0
486959,1,49,2604,97,0,38,168474.23,149790,200,75,0,0
487167,1,49,2646,93,0,38,168474.23,149790,200,75,0,0
487272,1,50,2646,86,0,38,168474.23,149790,200,75,0,0
487405,1,50,2634,78,0,38,168475.33,149790,200,75,0,0
487469,1,50,2637,71,0,38,168475.33,149790,200,75,0,0
487605,1,50,2669,67,0,38,168475.33,149790,200,75,0,0
487755,1,50,2678,63,0,38,168475.33,149790,200,75,0,0
487870,1,50,2682,53,0,38,168475.33,149790,200,75,0,0
487967,1,50,2681,41,0,38,168475.33,149790,200,75,0,0
488117,1,50,2681,34,0,38,168475.33,149790,200,75,0,0
488217,1,50,2682,7,0,38,168475.33,149790,200,75,0,0
488355,1,50,2676,5,0,38,168475.33,149790,200,75,0,0
488467,1,50,2664,0,0,38,168476.36,149790,200,75,0,0
488604,1,50,2655,0,0,38,168476.36,149790,200,75,0,0
488717,1,50,2653,0,0,38,168476.36,149790,200,75,0,0
488855,1,50,2558,0,0,38,168476.36,149790,200,75,0,0
488967,1,50,2382,0,0,38,168476.36,149790,200,75,0,0
488967,1,50,2382,0,0,38,168476.36,149790,200,75,0,0
489217,1,49,2048,0,0,38,168476.36,149790,200,75,0,0
489345,1,49,1956,0,0,38,168476.36,149790,200,75,0,0
489467,1,49,1871,0,0,38,168476.36,149790,200,75,0,0
489467,1,49,1871,0,0,38,168476.36,149790,200,75,0,0
489687,1,49,1936,0,0,38,168476.36,149790,200,75,0,0
489817,1,49,1964,25,0,38,168476.36,149790,200,75,0,0
489937,1,49,1962,44,0,38,168476.36,149790,200,75,0,0
489967,1,49,1927,44,0,38,168476.36,149790,200,75,0,0
490167,1,49,1976,77,0,38,168476.36,149790,200,75,0,0
490267,1,49,1932,84,0,38,168476.36,149790,200,75,0,0
490405,1,49,1935,89,0,38,168476.36,149790,200,75,0,0
490467,1,49,1926,91,0,38,168476.36,149790,200,75,0,0
490645,1,49,1958,95,0,38,168477.41,149790,200,75,0,0
490767,1,49,1954,104,0,38,168477.41,149790,200,75,0,0
490870,1,49,1970,105,0,38,168477.41,149790,200,75,0,0
490967,1,49,2015,105,0,38,168477.41,149790,200,75,0,0
491123,1,49,1983,101,0,38,168477.41,149790,200,75,0,0
491255,1,50,1988,99,0,38,168478.48,149790,200,75,0,0
491370,1,50,2042,99,0,38,168478.48,149790,200,75,0,0
491457,1,51,2031,99,0,38,168478.48,149790,200,75,0,0
491605,1,51,2021,99,0,38,168478.48,149790,200,75,0,0
491742,1,51,2048,99,0,38,168478.48,149790,200,75,0,0
491855,1,51,2049,99,0,38,168478.48,149790,200,75,0,0
491967,1,52,2052,99,0,38,168479.55,149790,200,75,0,0
492122,1,52,2052,99,0,38,168479.55,149790,200,75,0,0
492242,1,52,2048,99,0,38,168479.55,149790,200,75,0,0
492370,1,52,2048,88,0,38,168479.55,149790,200,75,0,0
492468,1,52,2109,84,0,38,168479.55,149790,200,75,0,0
492468,1,52,2109,84,0,38,168479.55,149790,200,75,0,0
492742,1,53,2091,75,0,38,168480.56,149790,200,75,0,0
492855,1,53,2097,50,0,38,168480.56,149790,200,76,0,0
492967,1,53,2055,35,0,38,168480.56,149790,200,76,0,0
493114,1,53,2087,35,0,38,168480.56,149790,200,76,0,0
493217,1,53,2090,0,0,38,168480.56,149790,200,76,0,0
493355,1,52,2106,0,0,38,168480.56,149790,200,76,0,0
493457,1,52,2059,0,0,38,168480.56,149790,200,76,0,0
493604,1,52,2053,0,0,38,168480.56,149790,200,76,0,0
493717,1,52,2053,7,0,38,168480.56,149790,200,76,0,0
493842,1,52,2051,21,0,38,168480.56,149790,200,76,0,0
493967,1,52,2087,31,0,38,168480.56,149790,200,76,0,0
493967,1,52,2087,31,0,38,168480.56,149790,200,76,0,0
494217,1,51,2040,46,0,38,168481.59,149790,200,76,0,0
494317,1,51,2054,48,0,38,168481.59,149790,200,76,0,0
494452,1,51,2019,50,0,38,168481.59,149790,212,76,0,0
494476,1,51,2042,50,0,38,168481.59,149790,212,76,0,0
494687,1,51,2067,57,0,38,168481.59,149790,212,76,0,0
494810,1,51,2052,62,0,38,168481.59,149790,212,76,0,0
494917,1,51,2024,68,0,38,168481.59,149790,212,76,0,0
494987,1,51,2058,68,0,38,168481.59,149790,212,76,0,0
495155,1,51,2028,70,0,38,168481.59,149790,212,76,0,0
495267,1,51,2070,77,0,38,168481.59,149790,212,76,0,0
495405,1,51,2059,78,0,38,168482.66,149790,212,76,0,0
495469,1,51,2077,79,0,38,168482.66,149790,212,76,0,0
495605,1,51,2079,79,0,38,168482.66,149790,212,76,0,0
495767,1,52,2058,80,0,38,168482.66,149790,212,77,0,0
495870,1,52,2059,80,0,38,168482.66,149790,212,77,0,0
495967,1,52,2060,81,0,38,168482.66,149790,212,77,0,0
496122,1,52,2060,81,0,38,168482.66,149790,212,77,0,0
496242,1,52,2090,81,0,38,168483.69,149790,212,77,0,0
496355,1,52,2089,82,0,38,168483.69,149790,212,77,0,0
496468,1,52,2087,83,0,38,168483.69,149790,212,77,0,0
496468,1,52,2087,83,0,38,168483.69,149790,212,77,0,0
496717,1,53,2088,85,0,38,168483.69,149790,212,77,0,0
496856,1,53,2093,85,0,38,168483.69,149790,212,77,0,0
496967,1,53,2098,85,0,38,168484.73,149790,212,77,0,0
497112,1,53,2130,85,0,38,168484.73,149790,212,77,0,0
497217,1,53,2143,85,0,38,168484.73,149790,212,77,0,0
497342,1,53,2112,85,0,38,168484.73,149790,212,77,0,0
497468,1,53,2169,85,0,38,168484.73,149790,212,77,0,0
497468,1,53,2169,85,0,38,168484.73,149790,212,77,0,0
497705,1,54,2163,85,0,38,168485.75,149790,212,77,0,0
497817,1,54,2171,86,0,38,168485.75,149790,212,77,0,0
497937,1,54,2173,86,0,38,168485.75,149790,212,77,0,0
497967,1,54,2175,86,0,38,168485.75,149790,212,77,0,0
498167,1,54,2172,86,0,38,168485.75,149790,212,77,0,0
498267,1,54,2168,86,0,38,168485.75,149790,212,77,0,0
498405,1,54,2177,86,0,38,168486.77,149790,212,77,0,0
498468,1,55,2182,86,0,38,168486.77,149790,212,77,0,0
498624,1,55,2182,86,0,38,168486.77,149790,212,77,0,0
498767,1,55,2185,87,0,38,168486.77,149790,212,77,0,0
498870,1,55,2213,87,0,38,168486.77,149790,212,77,0,0
498967,1,55,2179,82,0,38,168486.77,149790,212,77,0,0
499122,1,55,2211,71,0,38,168486.77,149790,212,77,0,0
499255,1,55,2206,65,0,38,168487.81,149790,212,77,0,0
499370,1,55,2227,65,0,38,168487.81,149790,212,77,0,0
499468,1,56,2231,65,0,38,168487.81,149790,212,77,0,0
499623,1,56,2231,65,0,38,168487.81,149790,212,77,0,0
499742,1,56,2221,65,0,38,168487.81,149790,212,78,0,0
499855,1,56,2233,65,0,38,168487.81,149790,212,78,0,0
499955,1,56,2237,65,0,38,168487.81,149790,212,78,0,0
499982,1,56,2237,65,0,38,168487.81,149790,212,78,0,0
500205,1,56,2209,65,0,38,168488.84,149790,212,78,0,0
500317,1,56,2232,61,0,38,168488.84,149790,212,78,0,0
500442,1,56,2228,58,0,38,168488.84,149790,212,78,0,0
500521,1,56,2236,58,0,38,168488.84,149790,212,78,0,0
500655,1,56,2237,58,0,38,168488.84,149790,212,78,0,0
500805,1,56,2230,61,0,38,168488.84,149790,212,78,0,0
500917,1,56,2224,70,0,38,168488.84,149790,212,78,0,0
501005,1,56,2217,70,0,38,168488.84,149790,212,78,0,0
501141,1,56,2217,71,0,38,168488.84,149790,212,78,0,0
501267,1,56,2211,72,0,38,168489.89,149790,212,78,0,0
501369,1,56,2245,72,0,38,168489.89,149790,212,78,0,0
501520,1,56,2271,72,0,38,168489.89,149790,212,78,0,0
501648,1,56,2271,72,0,38,168489.89,149790,212,78,0,0
501767,1,57,2270,71,0,38,168489.89,149790,212,78,0,0
501869,1,57,2241,65,0,38,168489.89,149790,212,78,0,0
501967,1,57,2270,64,0,38,168490.91,149790,212,78,0,0
502142,1,57,2270,64,0,38,168490.91,149790,212,78,0,0
502266,1,57,2266,64,0,38,168490.91,149790,212,78,0,0
502369,1,57,2260,62,0,38,168490.91,149790,212,78,0,0
502468,1,57,2265,62,0,38,168490.91,149790,212,78,0,0
502468,1,57,2265,62,0,38,168490.91,149790,212,78,0,0
502755,1,57,2266,62,0,38,168490.91,149790,212,78,0,0
502869,1,57,2261,62,0,38,168491.95,149790,212,78,0,0
502967,1,57,2256,62,0,38,168491.95,149790,212,78,0,0
502967,1,57,2256,62,0,38,168491.95,149790,212,78,0,0
503241,1,57,2260,60,0,38,168491.95,149790,212,78,0,0
503355,1,57,2293,60,0,38,168491.95,149790,212,78,0,0
503468,1,57,2260,60,0,38,168491.95,149790,212,78,0,0
503622,1,57,2292,60,0,38,168491.95,149790,212,78,0,0
503741,1,57,2280,60,0,38,168491.95,149790,212,78,0,0
503855,1,57,2285,60,0,38,168493.02,149790,212,78,0,0
503966,1,57,2256,60,0,38,168493.02,149790,212,78,0,0
503966,1,57,2256,60,0,38,168493.02,149790,212,78,0,0
504216,1,57,2291,60,0,38,168493.02,149790,212,78,0,0
504316,1,57,2286,60,0,38,168493.02,149790,212,78,0,0
504451,1,57,2282,60,0,38,168493.02,149790,212,78,0,0
504508,1,57,2287,60,0,38,168493.02,149790,212,78,0,0
504741,1,57,2292,58,0,38,168493.02,149790,212,78,0,0
504869,1,57,2284,58,0,38,168493.02,149790,212,78,0,0
504967,1,57,2279,58,0,38,168494.08,149790,212,78,0,0
505016,1,57,2279,58,0,38,168494.08,149790,212,78,0,0
505216,1,57,2275,55,0,38,168494.08,149790,212,78,0,0
505341,1,57,2276,55,0,38,168494.08,149790,212,78,0,0
505457,1,57,2296,55,0,38,168494.08,149790,212,78,0,0
505516,1,57,2296,55,0,38,168494.08,149790,212,78,0,0
505686,1,57,2289,55,0,38,168494.08,149790,212,78,0,0
505816,1,57,2296,54,0,38,168494.08,149790,212,78,0,0
505936,1,57,2299,53,0,38,168494.08,149790,212,78,0,0
506016,1,57,2268,53,0,38,168495.12,149790,212,78,0,0
506166,1,57,2267,53,0,38,168495.12,149790,212,78,0,0
506266,1,57,2283,53,0,38,168495.12,149790,212,78,0,0
506416,1,57,2248,53,0,38,168495.12,149790,212,78,0,0
506505,1,57,2247,53,0,38,168495.12,149790,212,78,0,0
506656,1,57,2288,53,0,38,168495.12,149790,212,78,0,0
506766,1,57,2260,53,0,38,168495.12,149790,212,78,0,0
506869,1,57,2262,53,0,38,168495.12,149790,212,78,0,0
507016,1,57,2262,53,0,38,168496.12,149790,212,78,0,0
507157,1,57,2259,53,0,38,168496.12,149790,212,78,0,0
507266,1,57,2250,53,0,38,168496.12,149790,212,78,0,0
507369,1,57,2252,53,0,38,168496.12,149790,212,78,0,0
507516,1,57,2256,53,0,38,168496.12,149790,212,78,0,0
507542,1,57,2256,53,0,38,168496.12,149790,212,78,0,0
507756,1,57,2255,53,0,38,168496.12,149790,212,78,0,0
507869,1,57,2249,53,0,38,168496.12,149790,212,78,0,0
507966,1,57,2248,53,0,38,168496.12,149790,212,78,0,0
508017,1,57,2248,52,0,38,168496.12,149790,212,78,0,0
508216,1,57,2255,36,0,38,168496.12,149790,212,78,0,0
508341,1,56,2219,36,0,38,168497.17,149790,212,78,0,0
508457,1,56,2249,36,0,38,168497.17,149790,212,78,0,0
508516,1,56,2249,36,0,38,168497.17,149790,212,78,0,0
508669,1,56,2217,36,0,38,168497.17,149790,212,78,0,0
508816,1,56,2224,36,0,38,168497.17,149790,212,78,0,0
508941,1,56,2224,36,0,38,168497.17,149790,212,78,0,0
509005,1,56,2223,36,0,38,168497.17,149790,212,78,0,0
509166,1,56,2223,36,0,38,168497.17,149790,212,78,0,0
509266,1,56,2218,36,0,38,168497.17,149790,212,78,0,0
509416,1,56,2221,36,0,38,168497.17,149790,212,78,0,0
509505,1,56,2224,36,0,38,168497.17,149790,212,78,0,0
509656,1,56,2227,36,0,38,168497.17,149790,212,78,0,0
509766,1,56,2224,40,0,38,168497.17,149790,212,78,0,0
509869,1,56,2220,41,0,38,168498.22,149790,212,78,0,0
510016,1,55,2225,44,0,38,168498.22,149790,212,78,0,0
510155,1,55,2213,44,0,38,168498.22,149790,212,78,0,0
510266,1,55,2225,64,0,38,168498.22,149790,212,78,0,0
510369,1,55,2208,70,0,38,168498.22,149790,212,78,0,0
510505,1,55,2223,74,0,38,168498.22,149790,212,78,0,0
510518,1,55,2223,78,0,38,168498.22,149790,212,78,0,0
510741,1,56,2214,84,0,38,168498.22,149790,212,78,0,0
510856,1,56,2235,85,0,38,168499.23,149790,212,78,0,0
510966,1,56,2224,85,0,38,168499.23,149790,212,78,0,0
511019,1,56,2224,85,0,38,168499.23,149790,212,78,0,0
511216,1,56,2241,85,0,38,168499.23,149790,212,78,0,0
511316,1,56,2241,85,0,38,168499.23,149790,212,78,0,0
511451,1,56,2269,84,0,38,168500.23,149790,212,78,0,0
511539,1,56,2260,78,0,38,168500.23,149790,212,78,0,0
511692,1,57,2242,78,0,38,168500.23,149790,212,78,0,0
511811,1,57,2242,67,0,38,168500.23,149790,212,78,0,0
511916,1,57,2265,60,0,38,168500.23,149790,212,78,0,0
512005,1,57,2260,60,0,38,168500.23,149790,212,78,0,0
512166,1,57,2265,57,0,38,168500.23,149790,212,78,0,0
512268,1,57,2258,53,0,38,168501.28,149790,212,78,0,0
512406,1,57,2255,49,0,38,168501.28,149790,212,78,0,0
512518,1,57,2254,47,0,38,168501.28,149790,212,78,0,0
512666,1,57,2269,47,0,38,168501.28,149790,212,78,0,0
512768,1,57,2257,39,0,38,168501.28,149790,212,78,0,0
512906,1,57,2254,31,0,38,168501.28,149790,212,78,0,0
512966,1,57,2265,31,0,38,168501.28,149790,212,78,0,0
513041,1,57,2265,32,0,38,168501.28,149790,212,78,0,0
513256,1,56,2247,40,0,38,168501.28,149790,212,78,0,0
513369,1,57,2262,42,0,38,168501.28,149790,212,78,0,0
513467,1,56,2245,47,0,38,168501.28,149790,212,79,0,0
513519,1,56,2245,53,0,38,168502.31,149790,212,79,0,0
513717,1,56,2243,65,0,38,168502.31,149790,212,79,0,0
513843,1,57,2248,66,0,38,168502.31,149790,212,79,0,0
513966,1,57,2256,68,0,38,168502.31,149790,212,79,0,0
514017,1,57,2256,68,0,38,168502.31,149790,212,79,0,0
514205,1,57,2254,68,0,38,168502.31,149790,212,79,0,0
514316,1,57,2255,68,0,38,168502.31,149790,212,79,0,0
514444,1,57,2263,67,0,38,168502.31,149790,212,79,0,0
514516,1,57,2297,63,0,38,168503.36,149790,212,79,0,0
514666,1,57,2297,63,0,38,168503.36,149790,212,79,0,0
514805,1,57,2295,56,0,38,168503.36,149790,212,79,0,0
514916,1,57,2298,55,0,38,168503.36,149790,212,79,0,0
515024,1,57,2282,51,0,38,168503.36,149790,212,79,0,0
515166,1,57,2290,51,0,38,168503.36,149790,212,79,0,0
515269,1,57,2283,48,0,38,168503.36,149790,212,79,0,0
515405,1,57,2303,48,0,38,168503.36,149790,212,79,0,0
515508,1,57,2297,48,0,38,168504.39,149790,212,79,0,0
515641,1,57,2294,48,0,38,168504.39,149790,212,79,0,0
515766,1,57,2294,48,0,38,168504.39,149790,212,79,0,0
515869,1,57,2301,48,0,38,168504.39,149790,212,79,0,0
516008,1,57,2303,48,0,38,168504.39,149790,212,79,0,0
516151,1,57,2303,48,0,38,168504.39,149790,212,79,0,0
516269,1,57,2299,48,0,38,168504.39,149790,212,79,0,0
516369,1,57,2265,48,0,38,168504.39,149790,212,79,0,0
516505,1,57,2295,48,0,38,168504.39,149790,212,79,0,0
516516,1,57,2295,48,0,38,168504.39,149790,212,79,0,0
516741,1,57,2301,47,0,38,168505.41,149790,212,79,0,0
516869,1,57,2271,38,0,38,168505.41,149790,212,79,0,0
516966,1,57,2261,33,0,38,168505.41,149790,212,79,0,0
517016,1,57,2261,33,0,38,168505.41,149790,212,79,0,0
517216,1,57,2240,34,0,38,168505.41,149790,212,79,0,0
517316,1,57,2241,34,0,38,168505.41,149790,212,79,0,0
517456,1,57,2252,34,0,38,168505.41,149790,212,79,0,0
517516,1,57,2252,34,0,38,168505.41,149790,212,79,0,0
517666,1,57,2256,34,0,38,168505.41,149790,212,79,0,0
517816,1,57,2259,34,0,38,168505.41,149790,212,79,0,0
517941,1,56,2257,34,0,38,168505.41,149790,212,79,0,0
518024,1,56,2252,34,0,38,168506.44,149790,212,79,0,0
518175,1,56,2251,34,0,38,168506.44,149790,212,79,0,0
518306,1,56,2256,28,0,38,168506.44,149790,212,79,0,0
518416,1,56,2214,27,0,38,168506.44,149790,212,79,0,0
518516,1,56,2239,27,0,38,168506.44,149790,212,79,0,0
518666,1,56,2236,27,0,38,168506.44,149790,212,79,0,0
518766,1,56,2230,34,0,38,168506.44,149790,212,79,0,0
518906,1,56,2232,35,0,38,168506.44,149790,212,79,0,0
519023,1,56,2215,38,0,38,168506.44,149790,212,79,0,0
519023,1,56,2215,38,0,38,168506.44,149790,212,79,0,0
519266,1,56,2234,38,0,38,168506.44,149790,212,79,0,0
519369,1,56,2234,39,0,38,168506.44,149790,212,79,0,0
519508,1,56,2234,39,0,38,168506.44,149790,212,79,0,0
519557,1,56,2228,39,0,38,168507.47,149790,212,79,0,0
519741,1,56,2226,40,0,38,168507.47,149790,212,79,0,0
519869,1,56,2232,40,0,38,168507.47,149790,212,79,0,0
519966,1,56,2235,40,0,38,168507.47,149790,212,79,0,0
520065,1,56,2238,40,0,38,168507.47,149790,212,79,0,0
520217,1,56,2208,40,0,38,168507.47,149790,212,79,0,0
520341,1,56,2209,39,0,38,168507.47,149790,212,79,0,0
520458,1,56,2234,39,0,38,168507.47,149790,212,79,0,0
520508,1,56,2234,39,0,38,168507.47,149790,212,79,0,0
520687,1,55,2224,38,0,38,168507.47,149790,212,79,0,0
520816,1,55,2224,38,0,38,168507.47,149790,212,79,0,0
520936,1,55,2228,38,0,38,168508.50,149790,212,79,0,0
521022,1,56,2229,38,0,38,168508.50,149790,212,79,0,0
521174,1,55,2229,38,0,38,168508.50,149790,212,79,0,0
521268,1,55,2230,38,0,38,168508.50,149790,212,79,0,0
521416,1,55,2194,38,0,38,168508.50,149790,212,79,0,0
521516,1,55,2195,38,0,38,168508.50,149790,212,79,0,0
521661,1,55,2195,38,0,38,168508.50,149790,212,79,0,0
521768,1,55,2200,38,0,38,168508.50,149790,212,79,0,0
521869,1,55,2200,38,0,38,168508.50,149790,212,79,0,0
522019,1,55,2194,38,0,38,168508.50,149790,212,79,0,0
522064,1,55,2192,38,0,38,168508.50,149790,212,79,0,0
522241,1,55,2191,38,0,38,168508.50,149790,212,79,0,0
522369,1,55,2196,38,0,38,168508.50,149790,212,79,0,0
522466,1,55,2198,38,0,38,168509.52,149790,212,79,0,0
522516,1,55,2198,38,0,38,168509.52,149790,212,79,0,0
522716,1,55,2193,38,0,38,168509.52,149790,212,79,0,0
522841,1,55,2191,38,0,38,168509.52,149790,212,79,0,0
522966,1,55,2194,38,0,38,168509.52,149790,212,79,0,0
523063,1,55,2196,38,0,38,168509.52,149790,212,79,0,0
523186,1,55,2196,38,0,38,168509.52,149790,212,79,0,0
523316,1,55,2199,51,0,38,168509.52,149790,212,79,0,0
523443,1,55,2198,62,0,38,168509.52,149790,212,79,0,0
523516,1,55,2202,66,0,38,168509.52,149790,212,79,0,0
523666,1,55,2202,66,0,38,168509.52,149790,212,79,0,0
523809,1,55,2183,71,0,38,168510.56,149790,212,79,0,0
523916,1,55,2190,77,0,38,168510.56,149790,212,79,0,0
524041,1,55,2198,79,0,38,168510.56,149790,212,79,0,0
524172,1,55,2179,79,0,38,168510.56,149790,212,79,0,0
524306,1,55,2223,82,0,38,168510.56,149790,212,79,0,0
524416,1,55,2236,83,0,38,168510.56,149790,212,79,0,0
524516,1,55,2217,83,0,38,168511.61,149790,223,79,0,0
524666,1,55,2217,83,0,38,168511.61,149790,223,79,0,0
524767,1,56,2229,83,0,38,168511.61,149790,223,79,0,0
524916,1,56,2257,83,0,38,168511.61,149790,223,79,0,0
525017,1,56,2247,84,0,38,168511.61,149790,223,79,0,0
525171,1,56,2240,84,0,38,168511.61,149790,223,79,0,0
525266,1,56,2241,84,0,38,168511.61,149790,223,79,0,0
525416,1,57,2246,84,0,38,168512.67,149790,223,79,0,0
525516,1,57,2251,84,0,38,168512.67,149790,223,79,0,0
525666,1,57,2251,84,0,38,168512.67,149790,223,79,0,0
525766,1,57,2291,84,0,38,168512.67,149790,223,79,0,0
525916,1,57,2292,83,0,38,168512.67,149790,223,79,0,0
526009,1,57,2292,83,0,38,168512.67,149790,223,79,0,0
526057,1,57,2292,80,0,38,168512.67,149790,223,79,0,0
526266,1,58,2311,71,0,38,168513.75,149790,223,79,0,0
526375,1,58,2318,71,0,38,168513.75,149790,223,79,0,0
526508,1,58,2327,71,0,38,168513.75,149790,223,79,0,0
526541,1,58,2327,71,0,38,168513.75,149790,223,79,0,0
526741,1,58,2327,66,0,38,168513.75,149790,223,79,0,0
526858,1,58,2304,61,0,38,168513.75,149790,223,79,0,0
526966,1,58,2322,56,0,38,168514.80,149790,223,79,0,0
527066,1,58,2330,51,0,38,168514.80,149790,223,79,0,0
527208,1,58,2319,46,0,38,168514.80,149790,223,79,0,0
527341,1,58,2298,27,0,38,168514.80,149790,223,79,0,0
527466,1,58,2305,23,0,38,168514.80,149791,223,79,0,0
527566,1,58,2329,23,0,38,168514.80,149791,223,79,0,0
527708,1,58,2329,23,0,38,168514.80,149791,223,79,0,0
527816,1,58,2290,23,0,38,168514.80,149791,223,79,0,0
527941,1,58,2288,22,0,38,168514.80,149791,223,79,0,0
528066,1,58,2291,9,0,38,168514.80,149791,223,79,0,0
528208,1,58,2290,0,0,38,168515.83,149791,223,79,0,0
528316,1,57,2301,0,0,38,168515.83,149791,223,79,0,0
528451,1,57,2258,0,0,38,168515.83,149791,223,79,0,0
528566,1,57,2256,0,0,38,168515.83,149791,223,79,0,0
528708,1,57,2288,0,0,38,168515.83,149791,223,79,0,0
528816,1,57,2255,0,0,38,168515.83,149791,223,79,0,0
528941,1,57,2254,0,0,38,168515.83,149791,223,79,0,0
529058,1,56,2256,0,0,38,168515.83,149791,223,79,0,0
529194,1,56,2256,0,0,38,168515.83,149791,223,79,0,0
529316,1,56,2228,0,0,38,168515.83,149791,223,79,0,0
529443,1,56,2222,0,0,38,168515.83,149791,223,79,0,0
529558,1,56,2238,0,0,38,168515.83,149791,223,79,0,0
529686,1,56,2238,0,0,38,168515.83,149791,223,79,0,0
529816,1,55,2203,0,0,38,168515.83,149791,223,79,0,0
529936,1,55,2206,0,0,38,168515.83,149791,223,79,0,0
530056,1,55,2202,0,0,38,168515.83,149791,223,79,0,0
530194,1,55,2206,0,0,38,168515.83,149791,223,79,0,0
530309,1,55,2144,3,0,38,168515.83,149791,223,79,0,0
530416,1,54,2202,10,0,38,168515.83,149791,223,79,0,0
530541,1,54,2204,12,0,38,168515.83,149791,223,79,0,0
530686,1,54,2137,12,0,38,168515.83,149791,223,79,0,0
530808,1,54,2169,17,0,38,168515.83,149791,223,79,0,0
530916,1,54,2146,20,0,38,168515.83,149791,223,79,0,0
531041,1,54,2121,21,0,38,168515.83,149791,223,79,0,0
531086,1,54,2162,21,0,38,168515.83,149791,223,79,0,0
531268,1,54,2165,22,0,38,168516.86,149791,223,79,0,0
531416,1,54,2133,23,0,38,168516.86,149791,223,79,0,0
531516,1,54,2132,24,0,38,168516.86,149791,223,79,0,0
531560,1,53,2164,24,0,38,168516.86,149791,223,79,0,0
531766,1,54,2135,29,0,38,168516.86,149791,223,79,0,0
531868,1,53,2136,29,0,38,168516.86,149791,223,79,0,0
532008,1,53,2143,30,0,38,168516.86,149791,223,79,0,0
532066,1,53,2115,30,0,38,168516.86,149791,223,79,0,0
532218,1,53,2115,31,0,38,168516.86,149791,223,79,0,0
532368,1,53,2113,36,0,38,168516.86,149791,223,79,0,0
532467,1,53,2115,36,0,38,168516.86,149791,223,79,0,0
532541,1,53,2083,37,0,38,168516.86,149791,223,79,0,0
532715,1,53,2127,37,0,38,168516.86,149791,223,79,0,0
532840,1,53,2128,39,0,38,168517.91,149791,223,79,0,0
532966,1,53,2128,40,0,38,168517.91,149791,223,79,0,0
533058,1,53,2130,41,0,38,168517.91,149791,223,79,0,0
533208,1,53,2134,41,0,38,168517.91,149791,223,79,0,0
533315,1,53,2136,49,0,38,168517.91,149791,223,79,0,0
533450,1,53,2141,52,0,38,168517.91,149791,223,79,0,0
533566,1,53,2130,56,0,38,168517.91,149791,223,79,0,0
533708,1,53,2118,56,0,38,168517.91,149791,223,79,0,0
533815,1,53,2113,63,0,38,168517.91,149791,223,79,0,0
533940,1,53,2121,64,0,38,168517.91,149791,223,79,0,0
534058,1,54,2116,65,0,38,168518.97,149791,223,79,0,0
534191,1,54,2116,65,0,38,168518.97,149791,223,79,0,0
534315,1,54,2152,67,0,38,168518.97,149791,223,79,0,0
534443,1,54,2158,68,0,38,168518.97,149791,223,79,0,0
534566,1,54,2136,68,0,38,168518.97,149791,223,79,0,0
534704,1,54,2168,68,0,38,168518.97,149791,223,79,0,0
534816,1,54,2144,68,0,38,168518.97,149791,223,79,0,0
534940,1,54,2145,68,0,38,168519.97,149791,223,79,0,0
535040,1,54,2145,68,0,38,168519.97,149791,223,79,0,0
535190,1,54,2177,68,0,38,168519.97,149791,223,79,0,0
535315,1,55,2175,68,0,38,168519.97,149791,223,79,0,0
535436,1,55,2207,68,0,38,168519.97,149791,223,79,0,0
535555,1,55,2206,68,0,38,168519.97,149791,223,79,0,0
535686,1,55,2207,68,0,38,168519.97,149791,223,79,0,0
535815,1,55,2202,65,0,38,168521.02,149791,223,79,0,0
535915,1,55,2197,60,0,38,168521.02,149791,223,79,0,0
536041,1,55,2198,55,0,38,168521.02,149791,223,79,0,0
536073,1,55,2197,55,0,38,168521.02,149791,223,79,0,0
536268,1,55,2216,55,0,38,168521.02,149791,223,79,0,0
536369,1,55,2237,55,0,38,168521.02,149791,223,79,0,0
536515,1,55,2177,55,0,38,168521.02,149791,223,79,0,0
536566,1,55,2220,55,0,38,168521.02,149791,223,79,0,0
536765,1,55,2228,55,0,38,168522.06,149791,223,79,0,0
536868,1,56,2230,55,0,38,168522.06,149791,223,79,0,0
536965,1,55,2230,55,0,38,168522.06,149791,223,79,0,0
537066,1,56,2229,54,0,38,168522.06,149791,223,79,0,0
537215,1,56,2229,54,0,38,168522.06,149791,223,79,0,0
537368,1,56,2223,54,0,38,168522.06,149791,223,79,0,0
537467,1,56,2223,54,0,38,168522.06,149791,223,79,0,0
537566,1,56,2222,54,0,38,168522.06,149791,223,79,0,0
537715,1,56,2223,50,0,38,168522.06,149791,223,79,0,0
537840,1,56,2224,49,0,38,168523.06,149791,223,79,0,0
537965,1,56,2210,46,0,38,168523.06,149791,223,79,0,0
538066,1,56,2238,45,0,38,168523.06,149791,223,79,0,0
538215,1,56,2238,44,0,38,168523.06,149791,223,79,0,0
538340,1,56,2216,44,0,38,168523.06,149791,223,79,0,0
538466,1,56,2215,44,0,38,168523.06,149791,223,79,0,0
538566,1,56,2218,44,0,38,168523.06,149791,223,79,0,0
538566,1,56,2218,44,0,38,168523.06,149791,223,79,0,0
538840,1,56,2219,44,0,38,168523.06,149791,223,79,0,0
538958,1,56,2219,44,0,38,168524.09,149791,223,79,0,0
539066,1,56,2221,44,0,38,168524.09,149791,223,79,0,0
539215,1,56,2221,44,0,38,168524.09,149791,223,79,0,0
539315,1,56,2224,44,0,38,168524.09,149791,223,79,0,0
539450,1,56,2225,44,0,38,168524.09,149791,223,79,0,0
539558,1,56,2224,44,0,38,168524.09,149791,223,79,0,0
539708,1,56,2223,44,0,38,168524.09,149791,223,79,0,0
539816,1,56,2222,44,0,38,168524.09,149791,223,79,0,0
539940,1,56,2222,44,0,38,168524.09,149791,223,79,0,0
540066,1,56,2216,44,0,38,168524.09,149791,223,79,0,0
540066,1,56,2216,44,0,38,168524.09,149791,223,79,0,0
540315,1,56,2212,44,0,38,168525.09,149791,223,79,0,0
540443,1,56,2248,44,0,38,168525.09,149791,223,79,0,0
540558,1,56,2221,44,0,38,168525.09,149791,223,79,0,0
540580,1,56,2221,44,0,38,168525.09,149791,223,79,0,0
540777,1,56,2221,44,0,38,168525.09,149791,223,79,0,0
540908,1,56,2222,44,0,38,168525.09,149791,223,79,0,0
541015,1,56,2222,42,0,38,168525.09,149791,223,79,0,0
541066,1,56,2223,42,0,38,168525.09,149791,223,79,0,0
541240,1,56,2255,42,0,38,168525.09,149791,223,79,0,0
541368,1,56,2219,42,0,38,168525.09,149791,223,79,0,0
541466,1,56,2219,42,0,38,168526.14,149791,223,79,0,0
541566,1,56,2219,42,0,38,168526.14,149791,223,79,0,0
541715,1,56,2218,42,0,38,168526.14,149791,223,79,0,0
541858,1,56,2248,42,0,38,168526.14,149791,223,79,0,0
541965,1,56,2212,42,0,38,168526.14,149791,223,79,0,0
542066,1,56,2210,42,0,38,168526.14,149791,223,79,0,0
542215,1,56,2242,42,0,38,168526.14,149791,223,79,0,0
542340,1,56,2249,42,0,38,168526.14,149791,223,79,0,0
542458,1,56,2219,42,0,38,168526.14,149791,223,79,0,0
542567,1,56,2219,42,0,38,168526.14,149791,223,79,0,0
542567,1,56,2219,42,0,38,168526.14,149791,223,79,0,0
542815,1,56,2220,42,0,38,168527.17,149791,223,79,0,0
542940,1,56,2219,42,0,38,168527.17,149791,223,79,0,0
543066,1,56,2251,42,0,38,168527.17,149791,223,79,0,0
543066,1,56,2251,42,0,38,168527.17,149791,223,79,0,0
543308,1,56,2251,42,0,38,168527.17,149791,223,79,0,0
543416,1,56,2219,44,0,38,168527.17,149791,223,79,0,0
543540,1,56,2219,44,0,38,168527.17,149791,223,79,0,0
543609,1,56,2219,44,0,38,168527.17,149791,223,79,0,0
543775,1,56,2217,44,0,38,168527.17,149791,223,79,0,0
543868,1,56,2214,44,0,38,168527.17,149791,223,79,0,0
544015,1,56,2215,44,0,38,168528.20,149791,223,79,0,0
544109,1,56,2219,44,0,38,168528.20,149791,223,79,0,0
544240,1,56,2219,44,0,38,168528.20,149791,223,79,0,0
544368,1,56,2225,44,0,38,168528.20,149791,223,79,0,0
544466,1,56,2222,44,0,38,168528.20,149791,223,79,0,0
544566,1,56,2217,44,0,38,168528.20,149791,223,79,0,0
544723,1,56,2217,44,0,38,168528.20,149791,223,79,0,0
544858,1,56,2219,44,0,38,168528.20,149791,223,79,0,0
544965,1,56,2220,44,0,38,168528.20,149791,223,79,0,0
545066,1,56,2221,44,0,38,168528.20,149791,223,79,0,0
545215,1,56,2221,44,0,38,168528.20,149791,223,79,0,0
545315,1,56,2214,44,0,38,168528.20,149791,223,79,0,0
545450,1,56,2212,44,0,38,168529.25,149791,223,79,0,0
545566,1,56,2250,44,0,38,168529.25,149791,223,79,0,0
545707,1,56,2219,44,0,38,168529.25,149791,223,79,0,0
545815,1,56,2252,44,0,38,168529.25,149791,223,79,0,0
545940,1,56,2250,44,0,38,168529.25,149791,223,79,0,0
546066,1,56,2248,44,0,38,168529.25,149791,223,79,0,0
546209,1,56,2216,44,0,38,168529.25,149791,223,79,0,0
546315,1,56,2222,44,0,38,168529.25,149791,223,79,0,0
546443,1,56,2255,44,0,38,168529.25,149791,223,79,0,0
546558,1,56,2219,44,0,38,168530.30,149791,223,79,0,0
546565,1,56,2219,44,0,38,168530.30,149791,223,79,0,0
546773,1,56,2214,44,0,38,168530.30,149791,223,79,0,0
546915,1,56,2218,44,0,38,168530.30,149791,223,79,0,0
547015,1,56,2252,44,0,38,168530.30,149791,223,79,0,0
547124,1,56,2254,44,0,38,168530.30,149791,223,79,0,0
547240,1,56,2254,44,0,38,168530.30,149791,223,79,0,0
547368,1,56,2216,44,0,38,168530.30,149791,223,79,0,0
547507,1,56,2249,44,0,38,168530.30,149791,223,79,0,0
547565,1,56,2222,44,0,38,168530.30,149791,223,79,0,0
547721,1,56,2222,44,0,38,168530.30,149791,223,79,0,0
547868,1,56,2254,44,0,38,168531.34,149791,223,79,0,0
548015,1,56,2248,44,0,38,168531.34,149791,223,79,0,0
548065,1,56,2247,44,0,38,168531.34,149791,223,79,0,0
548240,1,56,2247,44,0,38,168531.34,149791,223,79,0,0
548368,1,56,2254,44,0,38,168531.34,149791,223,79,0,0
548465,1,56,2223,44,0,38,168531.34,149791,223,79,0,0
548607,1,56,2255,44,0,38,168531.34,149791,223,79,0,0
548746,1,56,2251,44,0,38,168531.34,149791,223,79,0,0
548868,1,56,2216,44,0,38,168531.34,149791,223,79,0,0
548965,1,56,2218,44,0,38,168531.34,149791,223,79,0,0
549065,1,56,2252,44,0,38,168532.39,149791,223,79,0,0
549065,1,56,2252,44,0,38,168532.39,149791,223,79,0,0
549340,1,56,2256,44,0,38,168532.39,149791,223,79,0,0
549459,1,56,2248,44,0,38,168532.39,149791,223,79,0,0
549565,1,56,2248,41,0,38,168532.39,149791,223,79,0,0
549607,1,56,2248,41,0,38,168532.39,149791,223,79,0,0
549815,1,56,2250,39,0,38,168532.39,149791,223,79,0,0
549935,1,56,2247,39,0,38,168532.39,149791,223,79,0,0
550040,1,56,2240,39,0,38,168532.39,149791,223,79,0,0
550107,1,56,2266,39,0,38,168532.39,149791,223,79,0,0
550268,1,56,2264,39,0,38,168532.39,149791,223,79,0,0
550407,1,56,2269,39,0,38,168533.41,149791,223,79,0,0
550515,1,56,2240,40,0,38,168533.41,149791,223,79,0,0
550565,1,56,2242,40,0,38,168533.41,149791,223,79,0,0
550757,1,56,2217,41,0,38,168533.41,149791,223,79,0,0
550865,1,56,2244,41,0,38,168533.41,149791,223,79,0,0
551007,1,56,2242,41,0,38,168533.41,149791,223,79,0,0
551065,1,56,2245,42,0,38,168533.41,149791,223,79,0,0
551241,1,56,2245,42,0,38,168533.41,149791,223,79,0,0
551368,1,56,2251,44,0,38,168533.41,149791,223,79,0,0
551467,1,56,2253,44,0,38,168533.41,149791,223,79,0,0
551565,1,56,2251,44,0,38,168533.41,149791,223,79,0,0
551719,1,56,2251,44,0,38,168534.42,149791,223,79,0,0
551857,1,56,2257,44,0,38,168534.42,149791,223,79,0,0
551965,1,56,2259,44,0,38,168534.42,149791,223,79,0,0
552065,1,56,2262,44,0,38,168534.42,149791,223,79,0,0
552231,1,56,2259,44,0,38,168534.42,149791,223,79,0,0
552340,1,56,2255,44,0,38,168534.42,149791,223,79,0,0
552466,1,56,2258,44,0,38,168534.42,149791,223,79,0,0
552565,1,56,2259,44,0,38,168534.42,149791,223,79,0,0
552607,1,56,2259,44,0,38,168534.42,149791,223,79,0,0
552815,1,57,2256,44,0,38,168534.42,149791,223,79,0,0
552935,1,57,2253,44,0,38,168535.44,149791,223,79,0,0
553058,1,56,2256,44,0,38,168535.44,149791,223,79,0,0
553065,1,56,2256,44,0,38,168535.44,149791,223,79,0,0
553273,1,56,2259,44,0,38,168535.44,149791,223,79,0,0
553407,1,56,2258,44,0,38,168535.44,149791,223,79,0,0
553515,1,57,2254,44,0,38,168535.44,149791,223,79,0,0
553607,1,57,2252,44,0,38,168535.44,149791,223,79,0,0
553759,1,57,2255,44,0,38,168535.44,149791,223,79,0,0
553868,1,57,2257,44,0,38,168535.44,149791,223,79,0,0
554007,1,57,2258,44,0,38,168535.44,149791,223,79,0,0
554065,1,57,2259,44,0,38,168536.45,149791,223,79,0,0
554240,1,57,2259,44,0,38,168536.45,149791,223,79,0,0
554368,1,57,2253,44,0,38,168536.45,149791,223,79,0,0
554466,1,57,2257,44,0,38,168536.45,149791,234,79,0,0
554614,1,57,2259,45,0,38,168536.45,149791,234,79,0,0
554717,1,57,2259,45,0,38,168536.45,149791,234,79,0,0
554859,1,57,2259,45,0,38,168536.45,149791,234,79,0,0
554965,1,57,2258,45,0,38,168536.45,149791,234,79,0,0
555075,1,57,2261,45,0,38,168536.45,149791,234,79,0,0
555229,1,57,2294,45,0,38,168536.45,149791,234,79,0,0
555357,1,57,2261,45,0,38,168537.48,149791,234,79,0,0
555466,1,57,2288,45,0,38,168537.48,149791,234,79,0,0
555565,1,57,2286,45,0,38,168537.48,149791,234,79,0,0
555607,1,57,2286,45,0,38,168537.48,149791,234,79,0,0
555815,1,57,2261,45,0,38,168537.48,149791,234,79,0,0
555940,1,57,2295,45,0,38,168537.48,149791,234,79,0,0
556058,1,57,2289,45,0,38,168537.48,149791,234,79,0,0
556143,1,57,2289,45,0,38,168537.48,149791,234,79,0,0
556265,1,57,2259,45,0,38,168537.48,149791,234,79,0,0
556415,1,57,2295,45,0,38,168537.48,149791,234,79,0,0
556515,1,57,2297,45,0,38,168538.52,149791,234,79,0,0
556565,1,57,2297,45,0,38,168538.52,149791,234,79,0,0
556767,1,57,2288,45,0,38,168538.52,149791,234,79,0,0
556868,1,57,2286,45,0,38,168538.52,149791,234,79,0,0
557007,1,57,2288,45,0,38,168538.52,149791,234,79,0,0
557107,1,57,2293,45,0,38,168538.52,149791,234,79,0,0
557254,1,57,2294,45,0,38,168538.52,149791,234,79,0,0
557368,1,57,2291,45,0,38,168538.52,149791,234,79,0,0
557465,1,57,2289,45,0,38,168538.52,149791,234,79,0,0
557565,1,57,2289,41,0,38,168538.52,149791,234,79,0,0
557741,1,57,2289,41,0,38,168538.52,149791,234,79,0,0
557868,1,57,2283,41,0,38,168539.55,149791,234,79,0,0
557965,1,57,2280,41,0,38,168539.55,149791,234,79,0,0
558065,1,57,2276,41,0,38,168539.55,149791,234,79,0,0
558145,1,57,2276,41,0,38,168539.55,149791,234,79,0,0
558340,1,57,2281,41,0,38,168539.55,149791,234,79,0,0
558459,1,57,2286,41,0,38,168539.55,149791,234,79,0,0
558565,1,57,2286,41,0,38,168539.55,149791,234,79,0,0
558565,1,57,2286,41,0,38,168539.55,149791,234,79,0,0
558815,1,57,2277,41,0,38,168539.55,149791,234,79,0,0
558935,1,57,2275,41,0,38,168539.55,149791,234,79,0,0
559055,1,57,2280,41,0,38,168540.58,149791,234,79,0,0
559144,1,57,2282,41,0,38,168540.58,149791,234,79,0,0
559265,1,57,2283,41,0,38,168540.58,149791,234,79,0,0
559407,1,58,2278,41,0,38,168540.58,149791,234,79,0,0
559515,1,57,2276,42,0,38,168540.58,149791,234,79,0,0
559620,1,58,2281,42,0,38,168540.58,149791,234,79,0,0
559765,1,58,2284,42,0,38,168540.58,149791,234,79,0,0
559865,1,57,2290,42,0,38,168540.58,149791,234,79,0,0
560008,1,57,2291,42,0,38,168540.58,149791,234,79,0,0
560124,1,57,2288,42,0,38,168540.58,149791,234,79,0,0
560252,1,57,2284,42,0,38,168541.62,149791,234,79,0,0
560368,1,58,2286,42,0,38,168541.62,149791,234,79,0,0
560465,1,57,2287,42,0,38,168541.62,149791,234,79,0,0
560565,1,57,2289,42,0,38,168541.62,149791,234,79,0,0
560739,1,57,2289,42,0,38,168541.62,149791,234,79,0,0
560867,1,58,2281,42,0,38,168541.62,149791,234,79,0,0
560965,1,58,2280,42,0,38,168541.62,149791,234,79,0,0
561065,1,58,2282,42,0,38,168541.62,149791,234,79,0,0
561144,1,58,2282,42,0,38,168541.62,149791,234,79,0,0
561359,1,58,2289,42,0,38,168542.62,149791,234,79,0,0
561466,1,58,2286,42,0,38,168542.62,149791,234,79,0,0
561565,1,58,2282,42,0,38,168542.62,149791,234,79,0,0
561607,1,58,2282,42,0,38,168542.62,149791,234,79,0,0
561815,1,58,2289,42,0,38,168542.62,149791,234,79,0,0
561939,1,58,2290,42,0,38,168542.62,149791,234,79,0,0
562065,1,58,2323,42,0,38,168542.62,149791,234,79,0,0
562120,1,58,2291,42,0,38,168542.62,149791,234,79,0,0
562307,1,58,2315,42,0,38,168542.62,149791,234,79,0,0
562414,1,58,2314,42,0,38,168542.62,149791,234,79,0,0
562539,1,58,2319,42,0,38,168542.62,149791,234,79,0,0
562620,1,58,2321,42,0,38,168543.64,149791,234,79,0,0
562764,1,58,2322,42,0,38,168543.64,149791,234,79,0,0
562907,1,58,2319,42,0,38,168543.64,149791,234,79,0,0
563014,1,58,2315,42,0,38,168543.64,149791,234,79,0,0
563108,1,58,2317,42,0,38,168543.64,149791,234,79,0,0
563264,1,58,2323,42,0,38,168543.64,149791,234,79,0,0
563367,1,58,2325,48,0,38,168543.64,149791,234,79,0,0
563466,1,58,2305,50,0,38,168543.64,149791,234,79,0,0
563565,1,58,2316,51,0,38,168543.64,149791,234,79,0,0
563739,1,58,2316,54,0,38,168543.64,149791,234,79,0,0
563859,1,58,2329,56,0,38,168544.70,149791,234,79,0,0
563965,1,58,2311,57,0,38,168544.70,149791,234,79,0,0
564065,1,58,2316,59,0,38,168544.70,149791,234,79,0,0
564142,1,58,2316,60,0,38,168544.70,149791,234,79,0,0
564315,1,58,2329,62,0,38,168544.70,149791,234,79,0,0
564449,1,58,2332,63,0,38,168544.70,149791,234,79,0,0
564565,1,58,2361,63,0,38,168544.70,149791,234,79,0,0
564625,1,58,2361,63,0,38,168544.70,149791,234,79,0,0
564807,1,59,2340,63,0,38,168545.77,149791,234,79,0,0
564914,1,59,2341,63,0,38,168545.77,149791,234,79,0,0
565039,1,59,2341,63,0,38,168545.77,149791,234,79,0,0
565141,1,59,2365,63,0,38,168545.77,149791,234,79,0,0
565264,1,59,2358,63,0,38,168545.77,149791,234,79,0,0
565367,1,59,2366,63,0,38,168545.77,149791,234,79,0,0
565514,1,59,2336,63,0,38,168545.77,149791,234,79,0,0
565608,1,59,2337,63,0,38,168546.81,149791,234,79,0,0
565608,1,59,2337,63,0,38,168546.81,149791,234,79,0,0
565867,1,59,2390,63,0,38,168546.81,149791,234,79,0,0
565964,1,59,2393,63,0,38,168546.81,149791,234,79,0,0
566107,1,59,2399,63,0,38,168546.81,149791,234,79,0,0
566248,1,60,2370,63,0,38,168546.81,149791,234,79,0,0
566367,1,60,2372,63,0,38,168546.81,149791,234,79,0,0
566465,1,60,2397,63,0,38,168546.81,149791,234,79,0,0
566565,1,60,2393,63,0,38,168547.86,149791,234,79,0,0
566735,1,60,2393,63,0,38,168547.86,149791,234,79,0,0
566839,1,60,2404,57,0,38,168547.86,149791,234,79,0,0
566964,1,60,2369,53,0,38,168547.86,149791,234,79,0,0
567065,1,60,2401,50,0,38,168547.86,149791,234,79,0,0
567114,1,60,2369,50,0,38,168547.86,149791,234,79,0,0
567314,1,60,2391,46,0,38,168547.86,149791,234,79,0,0
567439,1,60,2391,45,0,38,168547.86,149791,234,79,0,0
567565,1,60,2394,45,0,38,168548.86,149791,234,79,0,0
567620,1,60,2394,45,0,38,168548.86,149791,234,79,0,0
567764,1,60,2394,45,0,38,168548.86,149791,234,79,0,0
567914,1,60,2387,42,0,38,168548.86,149791,234,79,0,0
568014,1,60,2386,42,0,38,168548.86,149791,234,79,0,0
568108,1,60,2384,42,0,38,168548.86,149791,234,79,0,0
568259,1,60,2390,42,0,38,168548.86,149791,234,79,0,0
568364,1,60,2389,42,0,38,168548.86,149791,234,79,0,0
568514,1,60,2385,42,0,38,168548.86,149791,234,79,0,0
568620,1,60,2381,42,0,38,168548.86,149791,234,79,0,0
568764,1,60,2379,42,0,38,168548.86,149791,234,79,0,0
568865,1,60,2389,42,0,38,168549.89,149791,234,79,0,0
568964,1,60,2391,42,0,38,168549.89,149791,234,79,0,0
569120,1,60,2392,42,0,38,168549.89,149791,234,79,0,0
569144,1,60,2392,42,0,38,168549.89,149791,234,79,0,0
569364,1,60,2382,42,0,38,168549.89,149791,234,79,0,0
569466,1,60,2383,42,0,38,168549.89,149791,234,79,0,0
569608,1,60,2386,42,0,38,168549.89,149791,234,79,0,0
569739,1,60,2389,42,0,38,168549.89,149791,234,79,0,0
569864,1,60,2382,42,0,38,168549.89,149791,234,79,0,0
569964,1,59,2380,42,0,38,168550.92,149791,234,79,0,0
570065,1,59,2383,42,0,38,168550.92,149791,234,79,0,0
570245,1,60,2387,42,0,38,168550.92,149791,234,79,0,0
570364,1,60,2386,42,0,38,168550.92,149791,234,79,0,0
570466,1,60,2380,42,0,38,168550.92,149791,234,79,0,0
570565,1,59,2378,42,0,38,168550.92,149791,234,79,0,0
570607,1,59,2378,42,0,38,168550.92,149791,234,79,0,0
570839,1,59,2354,42,0,38,168550.92,149791,234,79,0,0
570939,1,59,2387,42,0,38,168550.92,149791,234,79,0,0
571064,1,59,2348,42,0,38,168550.92,149791,234,79,0,0
571108,1,59,2380,42,0,38,168551.94,149791,234,79,0,0
571307,1,59,2346,42,0,38,168551.94,149791,234,79,0,0
571414,1,59,2351,42,0,38,168551.94,149791,234,79,0,0
571539,1,59,2353,42,0,38,168551.94,149791,234,79,0,0
571620,1,59,2354,42,0,38,168551.94,149791,234,79,0,0
571764,1,59,2348,42,0,38,168551.94,149791,234,79,0,0
571908,1,59,2346,42,0,38,168551.94,149791,234,79,0,0
572014,1,59,2382,42,0,38,168551.94,149791,234,79,0,0
572108,1,59,2354,42,0,38,168551.94,149791,234,79,0,0
572259,1,59,2357,42,0,38,168551.94,149791,234,79,0,0
572364,1,59,2352,42,0,38,168551.94,149791,234,79,0,0
572466,1,59,2348,42,0,38,168552.95,149791,234,79,0,0
572620,1,59,2346,42,0,38,168552.95,149791,234,79,0,0
572759,1,59,2353,42,0,38,168552.95,149791,234,79,0,0
572864,1,59,2354,42,0,38,168552.95,149791,234,79,0,0
572964,1,59,2354,42,0,38,168552.95,149791,234,79,0,0
573064,1,59,2347,42,0,38,168552.95,149791,234,79,0,0
573132,1,59,2347,42,0,38,168552.95,149791,234,79,0,0
573339,1,59,2347,42,0,38,168552.95,149791,234,79,0,0
573466,1,59,2354,42,0,38,168552.95,149791,234,79,0,0
573564,1,59,2387,42,0,38,168553.97,149791,234,79,0,0
573608,1,59,2355,42,0,38,168553.97,149791,234,79,0,0
573814,1,59,2379,42,0,38,168553.97,149791,234,79,0,0
573939,1,59,2378,42,0,38,168553.97,149791,234,79,0,0
574054,1,59,2383,42,0,38,168553.97,149791,234,79,0,0
574120,1,59,2353,42,0,38,168553.97,149791,234,79,0,0
574269,1,59,2355,42,0,38,168553.97,149791,234,79,0,0
574414,1,59,2383,42,0,38,168553.97,149791,234,79,0,0
574514,1,59,2379,42,0,38,168553.97,149791,234,79,0,0
574620,1,60,2380,42,0,38,168553.97,149791,234,79,0,0
574620,1,60,2380,42,0,38,168553.97,149791,234,79,0,0
574864,1,60,2387,42,0,38,168554.98,149791,234,79,0,0
575008,1,60,2385,42,0,38,168554.98,149791,234,79,0,0
575120,1,59,2380,42,0,38,168554.98,149791,234,79,0,0
575268,1,60,2379,42,0,38,168554.98,149791,234,79,0,0
575364,1,60,2389,42,0,38,168554.98,149791,234,79,0,0
575465,1,60,2391,42,0,38,168554.98,149791,234,79,0,0
575620,1,60,2392,42,0,38,168554.98,149791,234,79,0,0
575640,1,60,2392,42,0,38,168554.98,149791,234,79,0,0
575859,1,60,2383,42,0,38,168554.98,149791,234,79,0,0
575964,1,60,2387,42,0,38,168554.98,149791,234,79,0,0
576064,1,60,2390,42,0,38,168556.02,149791,234,79,0,0
576121,1,60,2390,42,0,38,168556.02,149791,234,79,0,0
576314,1,60,2390,42,0,38,168556.02,149791,234,79,0,0
576449,1,60,2384,42,0,38,168556.02,149791,234,79,0,0
576564,1,60,2386,42,0,38,168556.02,149791,234,79,0,0
576639,1,60,2386,42,0,38,168556.02,149791,234,79,0,0
576780,1,60,2390,42,0,38,168556.02,149791,234,79,0,0
576914,1,60,2391,36,0,38,168556.02,149791,234,79,0,0
577039,1,60,2376,33,0,38,168556.02,149791,234,79,0,0
577139,1,60,2396,31,0,38,168556.02,149791,234,79,0,0
577267,1,60,2392,31,0,38,168556.02,149791,234,79,0,0
577408,1,60,2373,24,0,38,168557.05,149791,234,79,0,0
577514,1,60,2344,10,0,38,168557.05,149791,234,79,0,0
577639,1,60,2388,10,0,38,168557.05,149791,234,79,0,0
577779,1,60,2396,11,0,38,168557.05,149791,234,79,0,0
577908,1,60,2387,16,0,38,168557.05,149791,234,79,0,0
578014,1,59,2393,20,0,38,168557.05,149791,234,79,0,0
578120,1,59,2336,22,0,38,168557.05,149791,234,79,0,0
578266,1,60,2381,22,0,38,168557.05,149791,234,79,0,0
578364,1,59,2391,24,0,38,168557.05,149791,234,79,0,0
578508,1,59,2396,28,0,38,168557.05,149791,234,79,0,0
578620,1,59,2368,29,0,38,168557.05,149791,234,79,0,0
578620,1,59,2368,29,0,38,168557.05,149791,234,79,0,0
578867,1,59,2340,30,0,38,168557.05,149791,234,79,0,0
578964,1,59,2342,30,0,38,168557.05,149791,234,79,0,0
579108,1,59,2346,30,0,38,168558.05,149791,234,79,0,0
579184,1,59,2349,30,0,38,168558.05,149791,234,79,0,0
579339,1,59,2352,30,0,38,168558.05,149791,234,79,0,0
579460,1,59,2353,30,0,38,168558.05,149791,234,79,0,0
579564,1,59,2345,30,0,38,168558.05,149791,234,79,0,0
579651,1,59,2345,30,0,38,168558.05,149791,234,79,0,0
579778,1,59,2344,30,0,38,168558.05,149791,234,79,0,0
579939,1,59,2344,30,0,38,168558.05,149791,234,79,0,0
580064,1,59,2349,30,0,38,168558.05,149791,234,79,0,0
580139,1,59,2349,30,0,38,168558.05,149791,234,79,0,0
580304,1,59,2351,30,0,38,168558.05,149791,234,79,0,0
580434,1,59,2351,30,0,38,168558.05,149791,234,79,0,0
580539,1,59,2347,30,0,38,168559.06,149791,234,79,0,0
580667,1,59,2344,30,0,38,168559.06,149791,234,79,0,0
580778,1,59,2344,30,0,38,168559.06,149791,234,79,0,0
580914,1,59,2348,30,0,38,168559.06,149791,234,79,0,0
581039,1,59,2351,30,0,38,168559.06,149791,234,79,0,0
581139,1,59,2352,30,0,38,168559.06,149791,234,79,0,0
581139,1,59,2352,30,0,38,168559.06,149791,234,79,0,0
581367,1,59,2346,30,0,38,168559.06,149791,234,79,0,0
581514,1,59,2345,21,0,38,168559.06,149791,234,79,0,0
581620,1,59,2341,20,0,38,168559.06,149791,234,79,0,0
581640,1,59,2341,20,0,38,168559.06,149791,234,79,0,0
581867,1,59,2318,10,0,38,168559.06,149791,234,79,0,0
582008,1,59,2308,0,0,38,168560.06,149791,234,79,0,0
582108,1,59,2325,0,0,38,168560.06,149791,234,79,0,0
582148,1,59,2325,0,0,38,168560.06,149791,234,79,0,0
582358,1,58,2319,0,0,38,168560.06,149791,234,79,0,0
582469,1,58,2323,0,0,38,168560.06,149791,234,79,0,0
582564,1,58,2291,0,0,38,168560.06,149791,234,79,0,0
582639,1,58,2323,0,0,38,168560.06,149791,234,79,0,0
582839,1,58,2309,0,0,38,168560.06,149791,234,79,0,0
582958,1,58,2309,0,0,38,168560.06,149791,234,79,0,0
583064,1,58,2295,0,0,38,168560.06,149791,234,79,0,0
583139,1,58,2295,0,0,38,168560.06,149791,234,79,0,0
583304,1,58,2303,0,0,38,168560.06,149791,234,79,0,0
583434,1,57,2299,0,0,38,168560.06,149791,234,79,0,0
583554,1,57,2272,0,0,38,168560.06,149791,234,79,0,0
583664,1,57,2267,0,0,38,168560.06,149791,234,79,0,0
583804,1,57,2267,0,0,38,168560.06,149791,234,79,0,0
583914,1,57,2267,1,0,38,168560.06,149791,234,79,0,0
584039,1,56,2255,2,0,38,168560.06,149791,234,79,0,0
584139,1,56,2253,3,0,38,168560.06,149791,234,79,0,0
584288,1,56,2255,3,0,38,168560.06,149791,234,79,0,0
584408,1,56,2233,4,0,38,168560.06,149791,234,79,0,0
584514,1,56,2234,5,0,38,168560.06,149791,246,79,0,0
584639,1,56,2233,5,0,38,168560.06,149791,246,79,0,0
584639,1,56,2233,5,0,38,168560.06,149791,246,79,0,0
584867,1,56,2232,5,0,38,168560.06,149791,246,79,0,0
585014,1,56,2232,5,0,38,168560.06,149791,246,79,0,0
585120,1,56,2232,5,0,38,168560.06,149791,246,79,0,0
585142,1,56,2232,5,0,38,168560.06,149791,246,79,0,0
585367,1,55,2229,5,0,38,168561.08,149791,246,79,0,0
585467,1,55,2227,5,0,38,168561.08,149791,246,79,0,0
585617,1,55,2227,5,0,38,168561.08,149791,246,79,0,0
585647,1,55,2227,5,0,38,168561.08,149791,246,79,0,0
585859,1,55,2193,6,0,38,168561.08,149791,246,79,0,0
585964,1,55,2193,7,0,38,168561.08,149791,246,79,0,0
586064,1,55,2193,9,0,38,168561.08,149791,246,79,0,0
586139,1,55,2193,14,0,38,168561.08,149791,246,79,0,0
586330,1,55,2194,38,0,38,168561.08,149791,246,79,0,0
586449,1,55,2205,38,0,38,168561.08,149791,246,79,0,0
586564,1,55,2178,43,0,38,168561.08,149791,246,79,0,0
586664,1,55,2179,52,0,38,168561.08,149791,246,79,0,0
586808,1,55,2195,60,0,38,168561.08,149791,246,79,0,0
586914,1,55,2203,70,0,38,168561.08,149791,246,79,0,0
587039,1,55,2192,71,0,38,168562.12,149791,246,79,0,0
587119,1,55,2238,76,0,38,168562.12,149791,246,79,0,0
587286,1,55,2218,76,0,38,168562.12,149791,246,79,0,0
587408,1,55,2218,81,0,38,168562.12,149791,246,79,0,0
587517,1,55,2236,88,0,38,168562.12,149791,246,79,0,0
587639,1,56,2223,90,0,38,168562.12,149791,246,79,0,0
587664,1,56,2239,90,0,38,168562.12,149791,246,79,0,0
587864,1,56,2257,95,0,38,168563.17,149791,246,79,0,0
587964,1,56,2263,96,0,38,168563.17,149791,246,79,0,0
588117,1,57,2270,98,0,38,168563.17,149791,246,79,0,0
588141,1,57,2270,98,0,38,168563.17,149791,246,79,0,0
588339,1,57,2273,83,0,38,168563.17,149791,246,79,0,0
588465,1,57,2293,72,0,38,168564.27,149791,246,79,0,0
588564,1,58,2295,72,0,38,168564.27,149791,246,79,0,0
588664,1,58,2316,72,0,38,168564.27,149791,246,79,0,0
588809,1,58,2335,72,0,38,168564.27,149791,246,79,0,0
588939,1,58,2308,70,0,38,168564.27,149791,246,79,0,0
589064,1,58,2322,70,0,38,168564.27,149791,246,79,0,0
589183,1,58,2327,69,0,38,168565.28,149791,246,79,0,0
589285,1,58,2327,69,0,38,168565.28,149791,246,79,0,0
589434,1,58,2333,68,0,38,168565.28,149791,246,79,0,0
589539,1,59,2366,68,0,38,168565.28,149792,246,79,0,0
589664,1,59,2363,68,0,38,168565.28,149792,246,79,0,0
589798,1,59,2363,68,0,38,168565.28,149792,246,79,0,0
589914,1,59,2362,67,0,38,168566.28,149792,246,79,0,0
590017,1,59,2362,67,0,38,168566.28,149792,246,79,0,0
590139,1,59,2362,67,0,38,168566.28,149792,246,79,0,0
590284,1,59,2361,67,0,38,168566.28,149792,246,79,0,0
590364,1,59,2360,67,0,38,168566.28,149792,246,79,0,0
590517,1,59,2390,58,0,38,168566.28,149792,246,79,0,0
590639,1,60,2381,54,0,38,168566.28,149792,246,79,0,0
590771,1,60,2370,54,0,38,168567.34,149792,246,79,0,0
590864,1,60,2376,54,0,38,168567.34,149792,246,79,0,0
591008,1,60,2372,0,0,38,168567.34,149792,246,79,0,0
591117,1,60,2375,0,0,38,168567.34,149792,246,79,0,0
591150,1,60,2375,0,0,38,168567.34,149792,246,79,0,0
591364,1,60,2385,0,0,38,168567.34,149792,246,79,0,0
591465,1,59,2386,0,0,38,168567.34,149792,246,79,0,0
591564,1,59,2354,0,0,38,168567.34,149792,246,79,0,0
591716,1,59,2353,0,0,38,168567.34,149792,246,79,0,0
591908,1,59,2355,0,0,38,168567.34,149792,246,79,0,0
592017,1,59,2354,0,0,38,168567.34,149792,246,79,0,0
592138,1,59,2359,0,0,38,168567.34,149792,246,79,0,0
592184,1,59,2336,0,0,38,168567.34,149792,246,79,0,0
592377,1,59,2332,0,0,38,168567.34,149792,246,79,0,0
592465,1,59,2346,12,0,38,168567.34,149792,246,79,0,0
592617,1,59,2349,25,0,38,168567.34,149792,246,79,0,0
592709,1,59,2344,25,0,38,168567.34,149792,246,79,0,0
592858,1,58,2347,26,0,38,168567.34,149792,246,79,0,0
592964,1,59,2354,28,0,38,168567.34,149792,246,79,0,0
593109,1,59,2328,30,0,38,168568.39,149792,246,79,0,0
593217,1,59,2362,38,0,38,168568.39,149792,246,79,0,0
593364,1,59,2332,38,0,38,168568.39,149792,246,79,0,0
593465,1,58,2327,39,0,38,168568.39,149792,246,79,0,0
593564,1,58,2360,39,0,38,168568.39,149792,246,79,0,0
593717,1,59,2323,39,0,38,168568.39,149792,246,79,0,0
593858,1,59,2353,39,0,38,168568.39,149792,246,79,0,0
593964,1,59,2354,39,0,38,168568.39,149792,246,79,0,0
594064,1,59,2355,39,0,38,168568.39,149792,246,79,0,0
594220,1,59,2321,39,0,38,168569.39,149792,246,79,0,0
594359,1,59,2315,39,0,38,168569.39,149792,246,79,0,0
594466,1,59,2346,39,0,38,168569.39,149792,246,79,0,0
594565,1,59,2343,39,0,38,168569.39,149792,246,79,0,0
594711,1,59,2338,39,0,38,168569.39,149792,246,79,0,0
594738,1,59,2338,39,0,38,168569.39,149792,246,79,0,0
594938,1,59,2367,40,0,38,168569.39,149792,246,79,0,0
595064,1,59,2334,40,0,38,168569.39,149792,246,79,0,0
595183,1,59,2306,40,0,38,168569.39,149792,246,79,0,0
595212,1,59,2306,40,0,38,168569.39,149792,246,79,0,0
595417,1,58,2315,42,0,38,168569.39,149792,246,79,0,0
595538,1,59,2349,42,0,38,168569.39,149792,246,79,0,0
595661,1,59,2345,42,0,38,168570.41,149792,246,79,0,0
595738,1,59,2345,42,0,38,168570.41,149792,246,79,0,0
595871,1,59,2345,42,0,38,168570.41,149792,246,79,0,0
596020,1,59,2322,42,0,38,168570.41,149792,246,79,0,0
596138,1,59,2323,42,0,38,168570.41,149792,246,79,0,0
596218,1,59,2323,42,0,38,168570.41,149792,246,79,0,0
596364,1,58,2322,42,0,38,168570.41,149792,246,79,0,0
596465,1,59,2354,42,0,38,168570.41,149792,246,79,0,0
596619,1,59,2353,42,0,38,168570.41,149792,246,79,0,0
596683,1,58,2353,42,0,38,168570.41,149792,246,79,0,0
596844,1,58,2353,43,0,38,168570.41,149792,246,79,0,0
596964,1,59,2353,43,0,38,168571.42,149792,246,79,0,0
597064,1,59,2321,43,0,38,168571.42,149792,246,79,0,0
597218,1,59,2354,43,0,38,168571.42,149792,246,79,0,0
597364,1,59,2351,43,0,38,168571.42,149792,246,79,0,0
597464,1,59,2351,44,0,38,168571.42,149792,246,79,0,0
597611,1,59,2358,45,0,38,168571.42,149792,246,79,0,0
597717,1,59,2360,45,0,38,168571.42,149792,246,79,0,0
597761,1,59,2339,45,0,38,168571.42,149792,246,79,0,0
597966,1,59,2337,45,0,38,168572.47,149792,246,79,0,0
598064,1,59,2366,45,0,38,168572.47,149792,246,79,0,0
598217,1,59,2364,45,0,38,168572.47,149792,246,79,0,0
598356,1,59,2364,45,0,38,168572.47,149792,246,79,0,0
598465,1,59,2364,45,0,38,168572.47,149792,246,79,0,0
598564,1,59,2363,45,0,38,168572.47,149792,246,79,0,0
598709,1,59,2364,45,0,38,168572.47,149792,246,79,0,0
598717,1,59,2364,45,0,38,168572.47,149792,246,79,0,0
598938,1,59,2364,45,0,38,168572.47,149792,246,79,0,0
599064,1,59,2363,45,0,38,168573.50,149792,246,79,0,0
599183,1,59,2358,45,0,38,168573.50,149792,246,79,0,0
599220,1,59,2358,45,0,38,168573.50,149792,246,79,0,0
599420,1,59,2357,45,0,38,168573.50,149792,246,79,0,0
599538,1,59,2361,45,0,38,168573.50,149792,246,79,0,0
599638,1,59,2363,45,0,38,168573.50,149792,246,79,0,0
599711,1,59,2364,45,0,38,168573.50,149792,246,79,0,0
599843,1,59,2364,45,0,38,168573.50,149792,246,79,0,0
600008,1,59,2339,45,0,38,168573.50,149792,246,79,0,0
600120,1,59,2340,45,0,38,168573.50,149792,246,79,0,0
600246,1,59,2340,43,0,38,168574.53,149792,246,79,0,0
600364,1,59,2340,43,0,38,168574.53,149792,246,79,0,0
600465,1,59,2367,40,0,38,168574.53,149792,246,79,0,0
600564,1,59,2357,38,0,38,168574.53,149792,246,79,0,0
600720,1,59,2349,32,0,38,168574.53,149792,246,79,0,0
600868,1,59,2342,32,0,38,168574.53,149792,246,79,0,0
600964,1,59,2355,32,0,38,168574.53,149792,246,79,0,0
601064,1,59,2353,32,0,38,168574.53,149792,246,79,0,0
601219,1,59,2356,32,0,38,168574.53,149792,246,79,0,0
601361,1,59,2361,32,0,38,168574.53,149792,246,79,0,0
601465,1,59,2362,32,0,38,168575.55,149792,246,79,0,0
601564,1,59,2362,31,0,38,168575.55,149792,246,79,0,0
601719,1,59,2362,28,0,38,168575.55,149792,246,79,0,0
601841,1,59,2362,28,0,38,168575.55,149792,246,79,0,0
601964,1,59,2348,28,0,38,168575.55,149792,246,79,0,0
602064,1,59,2344,28,0,38,168575.55,149792,246,79,0,0
602211,1,59,2364,26,0,38,168575.55,149792,246,79,0,0
602354,1,59,2364,26,0,38,168575.55,149792,246,79,0,0
602465,1,59,2341,25,0,38,168575.55,149792,246,79,0,0
602564,1,59,2344,25,0,38,168575.55,149792,246,79,0,0
602683,1,59,2347,25,0,38,168575.55,149792,246,79,0,0
602720,1,59,2347,25,0,38,168575.55,149792,246,79,0,0
602938,1,59,2348,25,0,38,168575.55,149792,246,79,0,0
603061,1,59,2345,25,0,38,168576.55,149792,246,79,0,0
603183,1,59,2344,25,0,38,168576.55,149792,246,79,0,0
603239,1,59,2344,25,0,38,168576.55,149792,246,79,0,0
603379,1,59,2342,25,0,38,168576.55,149792,246,79,0,0
603538,1,59,2344,25,0,38,168576.55,149792,246,79,0,0
603638,1,59,2344,25,0,38,168576.55,149792,246,79,0,0
603711,1,59,2344,25,0,38,168576.55,149792,246,79,0,0
603891,1,59,2342,23,0,38,168576.55,149792,246,79,0,0
604011,1,59,2338,23,0,38,168576.55,149792,246,79,0,0
604119,1,59,2336,23,0,38,168576.55,149792,246,79,0,0
604243,1,59,2367,23,0,38,168576.55,149792,246,79,0,0
604364,1,59,2367,23,0,38,168576.55,149792,246,79,0,0
604465,1,59,2367,23,0,38,168577.55,149792,246,79,0,0
604611,1,59,2336,22,0,38,168577.55,149792,246,79,0,0
604720,1,59,2336,22,0,38,168577.55,149792,246,79,0,0
604865,1,59,2337,22,0,38,168577.55,149792,246,79,0,0
604964,1,59,2336,14,0,38,168577.55,149792,246,79,0,0
605064,1,59,2363,3,0,38,168577.55,149792,246,79,0,0
605220,1,59,2340,0,0,38,168577.55,149792,246,79,0,0
605352,1,59,2361,0,0,38,168577.55,149792,246,79,0,0
605464,1,59,2327,0,0,38,168577.55,149792,246,79,0,0
605564,1,59,2328,0,0,38,168577.55,149792,246,79,0,0
605712,1,59,2327,0,0,38,168577.55,149792,246,79,0,0
605720,1,59,2327,0,0,38,168577.55,149792,246,79,0,0
605938,1,59,2326,0,0,38,168577.55,149792,246,79,0,0
606064,1,58,2324,0,0,38,168577.55,149792,246,79,0,0
606183,1,58,2328,0,0,38,168577.55,149792,246,79,0,0
606268,1,58,2305,0,0,38,168577.55,149792,246,79,0,0
606421,1,58,2332,0,0,38,168577.55,149792,246,79,0,0
606538,1,58,2332,0,0,38,168577.55,149792,246,79,0,0
606638,1,58,2272,0,0,38,168578.55,149792,246,79,0,0
606738,1,58,2300,1,0,38,168578.55,149792,246,79,0,0
606890,1,58,2300,1,0,38,168578.55,149792,246,79,0,0
607011,1,58,2273,2,0,38,168578.55,149792,246,79,0,0
607119,1,57,2292,7,0,38,168578.55,149792,246,79,0,0
607219,1,57,2278,9,0,38,168578.55,149792,246,79,0,0
607376,1,57,2278,9,0,38,168578.55,149792,246,79,0,0
607464,1,57,2299,11,0,38,168578.55,149792,246,79,0,0
607611,1,57,2271,11,0,38,168578.55,149792,246,79,0,0
607719,1,57,2242,11,0,38,168578.55,149792,246,79,0,0
607864,1,57,2242,11,0,38,168578.55,149792,246,79,0,0
607964,1,57,2242,11,0,38,168578.55,149792,246,79,0,0
608111,1,57,2242,11,0,38,168578.55,149792,246,79,0,0
608222,1,57,2241,12,0,38,168578.55,149792,246,79,0,0
608268,1,57,2240,12,0,38,168578.55,149792,246,79,0,0
608464,1,56,2240,12,0,38,168578.55,149792,246,79,0,0
608564,1,56,2240,12,0,38,168578.55,149792,246,79,0,0
608683,1,56,2240,12,0,38,168578.55,149792,246,79,0,0
608738,1,56,2240,12,0,38,168578.55,149792,246,79,0,0
608888,1,56,2240,12,0,38,168578.55,149792,246,79,0,0
609053,1,56,2271,12,0,38,168579.55,149792,246,79,0,0
609164,1,56,2236,12,0,38,168579.55,149792,246,79,0,0
609261,1,56,2234,12,0,38,168579.55,149792,246,79,0,0
609411,1,56,2234,12,0,38,168579.55,149792,246,79,0,0
609538,1,56,2234,14,0,38,168579.55,149792,246,79,0,0
609661,1,56,2234,16,0,38,168579.55,149792,246,79,0,0
609738,1,56,2234,19,0,38,168579.55,149792,246,79,0,0
609888,1,56,2234,19,0,38,168579.55,149792,246,79,0,0
610019,1,56,2214,23,0,38,168579.55,149792,246,79,0,0
610138,1,56,2221,24,0,38,168579.55,149792,246,79,0,0
610261,1,56,2222,28,0,38,168579.55,149792,246,79,0,0
610261,1,56,2222,28,0,38,168579.55,149792,246,79,0,0
610464,1,56,2239,34,0,38,168579.55,149792,246,79,0,0
610620,1,55,2219,45,0,38,168579.55,149792,246,79,0,0
610738,1,56,2226,49,0,38,168580.59,149792,246,79,0,0
610778,1,56,2213,49,0,38,168580.59,149792,246,79,0,0
610964,1,56,2217,56,0,38,168580.59,149792,246,79,0,0
611111,1,56,2224,58,0,38,168580.59,149792,246,79,0,0
611219,1,56,2230,60,0,38,168580.59,149792,246,79,0,0
611219,1,56,2230,60,0,38,168580.59,149792,246,79,0,0
611464,1,56,2223,62,0,38,168580.59,149792,246,79,0,0
611564,1,56,2228,62,0,38,168580.59,149792,246,79,0,0
611719,1,56,2261,62,0,38,168580.59,149792,246,79,0,0
611864,1,56,2262,62,0,38,168581.62,149792,246,79,0,0
611964,1,56,2262,62,0,38,168581.62,149792,246,79,0,0
612064,1,56,2260,62,0,38,168581.62,149792,246,79,0,0
612219,1,56,2259,62,0,38,168581.62,149792,246,79,0,0
612242,1,57,2259,62,0,38,168581.62,149792,246,79,0,0
612449,1,57,2259,58,0,38,168581.62,149792,246,79,0,0
612564,1,57,2251,52,0,38,168581.62,149792,246,79,0,0
612683,1,57,2266,51,0,38,168581.62,149792,246,79,0,0
612738,1,57,2266,51,0,38,168581.62,149792,246,79,0,0
612886,1,57,2241,51,0,38,168582.67,149792,246,79,0,0
613038,1,57,2295,47,0,38,168582.67,149792,246,79,0,0
613164,1,57,2269,47,0,38,168582.67,149792,246,79,0,0
613238,1,57,2269,47,0,38,168582.67,149792,246,79,0,0
613372,1,57,2267,47,0,38,168582.67,149792,246,79,0,0
613519,1,57,2294,46,0,38,168582.67,149792,246,79,0,0
613638,1,57,2265,46,0,38,168582.67,149792,246,79,0,0
613719,1,57,2267,46,0,38,168582.67,149792,246,79,0,0
613864,1,57,2300,46,0,38,168582.67,149792,246,79,0,0
614019,1,57,2298,46,0,38,168583.69,149792,246,79,0,0
614138,1,57,2297,46,0,38,168583.69,149792,246,79,0,0
614238,1,57,2297,46,0,38,168583.69,149792,246,79,0,0
614372,1,57,2298,46,0,38,168583.69,149792,246,79,0,0
614465,1,57,2299,46,0,38,168583.69,149792,259,79,0,0
614619,1,57,2297,45,0,38,168583.69,149792,259,79,0,0
614738,1,57,2293,44,0,38,168583.69,149792,259,79,0,0
614884,1,57,2290,44,0,38,168583.69,149792,259,79,0,0
614964,1,57,2289,35,0,38,168583.69,149792,259,79,0,0
615119,1,57,2278,30,0,38,168584.73,149792,259,79,0,0
615219,1,57,2293,30,0,38,168584.73,149792,259,79,0,0
615371,1,57,2278,30,0,38,168584.73,149792,259,79,0,0
615465,1,57,2277,30,0,38,168584.73,149792,259,79,0,0
615611,1,57,2281,27,0,38,168584.73,149792,259,79,0,0
615719,1,57,2281,27,0,38,168584.73,149792,259,79,0,0
615738,1,57,2281,27,0,38,168584.73,149792,259,79,0,0
615964,1,57,2275,27,0,38,168584.73,149792,259,79,0,0
616063,1,57,2275,27,0,38,168584.73,149792,259,79,0,0
616183,1,57,2276,27,0,38,168584.73,149792,259,79,0,0
616219,1,57,2276,27,0,38,168584.73,149792,259,79,0,0
616433,1,57,2303,27,0,38,168584.73,149792,259,79,0,0
616553,1,57,2301,27,0,38,168584.73,149792,259,79,0,0
616664,1,57,2299,27,0,38,168584.73,149792,259,79,0,0
616738,1,57,2267,27,0,38,168585.73,149792,259,79,0,0
616883,1,57,2265,27,0,38,168585.73,149792,259,79,0,0
617019,1,57,2295,27,0,38,168585.73,149792,259,79,0,0
617138,1,57,2265,27,0,38,168585.73,149792,259,79,0,0
617260,1,57,2269,27,0,38,168585.73,149792,259,79,0,0
617395,1,57,2269,27,0,38,168585.73,149792,259,79,0,0
617511,1,57,2240,27,0,38,168585.73,149792,259,79,0,0
617619,1,57,2241,27,0,38,168585.73,149792,259,79,0,0
617719,1,57,2240,27,0,38,168585.73,149792,259,79,0,0
617864,1,57,2267,27,0,38,168585.73,149792,259,79,0,0
617964,1,57,2266,26,0,38,168585.73,149792,259,79,0,0
618111,1,57,2264,25,0,38,168585.73,149792,259,79,0,0
618219,1,57,2261,6,0,38,168585.73,149792,259,79,0,0
618219,1,57,2261,6,0,38,168585.73,149792,259,79,0,0
618465,1,56,2260,0,0,38,168586.77,149792,259,79,0,0
618563,1,57,2257,0,0,38,168586.77,149792,259,79,0,0
618711,1,56,2224,0,0,38,168586.77,149792,259,79,0,0
618738,1,56,2224,0,0,38,168586.77,149792,259,79,0,0
618938,1,56,2220,0,0,38,168586.77,149792,259,79,0,0
619063,1,56,2222,0,0,38,168586.77,149792,259,79,0,0
619183,1,56,2209,0,0,38,168586.77,149792,259,79,0,0
619267,1,56,2221,4,0,38,168586.77,149792,259,79,0,0
619410,1,56,2225,4,0,38,168586.77,149792,259,79,0,0
619538,1,56,2258,30,0,38,168586.77,149792,259,79,0,0
619664,1,56,2227,33,0,38,168586.77,149792,259,79,0,0
619738,1,56,2227,43,0,38,168586.77,149792,259,79,0,0
619881,1,56,2224,43,0,38,168586.77,149792,259,79,0,0
620020,1,56,2217,78,0,38,168586.77,149792,259,79,0,0
620138,1,56,2219,80,0,38,168587.77,149792,259,79,0,0
620240,1,56,2209,82,0,38,168587.77,149792,259,79,0,0
620394,1,56,2228,82,0,38,168587.77,149792,259,79,0,0
620510,1,56,2255,88,0,38,168587.77,149792,259,79,0,0
620620,1,56,2271,88,0,38,168587.77,149792,259,79,0,0
620737,1,57,2301,88,0,38,168587.77,149792,259,79,0,0
620881,1,57,2263,88,0,38,168588.83,149792,259,79,0,0
620963,1,57,2278,89,0,38,168588.83,149792,259,79,0,0
621119,1,57,2272,89,0,38,168588.83,149792,259,79,0,0
621239,1,58,2333,88,0,38,168588.83,149792,259,79,0,0
621264,1,58,2329,88,0,38,168588.83,149792,259,79,0,0
621465,1,58,2304,74,0,38,168589.86,149792,259,79,0,0
621563,1,58,2313,70,0,38,168589.86,149792,259,79,0,0
621711,1,58,2317,65,0,38,168589.86,149792,259,79,0,0
621738,1,58,2317,62,0,38,168589.86,149792,259,79,0,0
621937,1,59,2309,52,0,38,168589.86,149792,259,79,0,0
622064,1,59,2306,43,0,38,168589.86,149792,259,79,0,0
622183,1,59,2320,31,0,38,168589.86,149792,259,79,0,0
622263,1,59,2306,18,0,38,168589.86,149792,259,79,0,0
622392,1,59,2306,18,0,38,168589.86,149792,259,79,0,0
622538,1,58,2326,15,0,38,168590.88,149792,259,79,0,0
622663,1,58,2334,15,0,38,168590.88,149792,259,79,0,0
622737,1,58,2334,16,0,38,168590.88,149792,259,79,0,0
622879,1,58,2304,16,0,38,168590.88,149792,259,79,0,0
623019,1,58,2311,28,0,38,168590.88,149792,259,79,0,0
623137,1,58,2323,28,0,38,168590.88,149792,259,79,0,0
623264,1,58,2307,28,0,38,168590.88,149792,259,79,0,0
623392,1,58,2307,28,0,38,168590.88,149792,259,79,0,0
623519,1,58,2305,29,0,38,168590.88,149792,259,79,0,0
623637,1,58,2304,29,0,38,168590.88,149792,259,79,0,0
623763,1,58,2335,29,0,38,168590.88,149792,259,79,0,0
623879,1,58,2335,29,0,38,168590.88,149792,259,79,0,0
624010,1,58,2304,28,0,38,168590.88,149792,259,79,0,0
624119,1,58,2305,28,0,38,168591.89,149792,259,79,0,0
624237,1,58,2335,28,0,38,168591.89,149792,259,79,0,0
624391,1,58,2332,28,0,38,168591.89,149792,259,79,0,0
624511,1,58,2305,28,0,38,168591.89,149792,259,79,0,0
624619,1,58,2307,29,0,38,168591.89,149792,259,79,0,0
624737,1,58,2308,29,0,38,168591.89,149792,259,79,0,0
624737,1,58,2308,29,0,38,168591.89,149792,259,79,0,0
624964,1,58,2275,29,0,38,168591.89,149792,259,79,0,0
625111,1,58,2309,30,0,38,168591.89,149792,259,79,0,0
625219,1,58,2311,33,0,38,168591.89,149792,259,79,0,0
625237,1,58,2311,33,0,38,168591.89,149792,259,79,0,0
625465,1,58,2332,33,0,38,168591.89,149792,259,79,0,0
625564,1,58,2297,33,0,38,168592.91,149792,259,79,0,0
625682,1,58,2290,33,0,38,168592.91,149792,259,79,0,0
625764,1,58,2320,30,0,38,168592.91,149792,259,79,0,0
625919,1,58,2316,30,0,38,168592.91,149792,259,79,0,0
626064,1,58,2315,30,0,38,168592.91,149792,259,79,0,0
626163,1,58,2283,30,0,38,168592.91,149792,259,79,0,0
626237,1,58,2283,30,0,38,168592.91,149792,259,79,0,0
626390,1,58,2279,30,0,38,168592.91,149792,259,79,0,0
626537,1,58,2277,28,0,38,168592.91,149792,259,79,0,0
626661,1,58,2276,28,0,38,168592.91,149792,259,79,0,0
626764,1,58,2276,29,0,38,168592.91,149792,259,79,0,0
626910,1,58,2274,29,0,38,168592.91,149792,259,79,0,0
627037,1,58,2275,34,0,38,168593.94,149792,259,79,0,0
627137,1,58,2283,35,0,38,168593.94,149792,259,79,0,0
627262,1,58,2327,35,0,38,168593.94,149792,259,79,0,0
627389,1,58,2295,35,0,38,168593.94,149792,259,79,0,0
627510,1,58,2272,35,0,38,168593.94,149792,259,79,0,0
627619,1,58,2299,35,0,38,168593.94,149792,259,79,0,0
627737,1,58,2296,35,0,38,168593.94,149792,259,79,0,0
627765,1,58,2293,35,0,38,168593.94,149792,259,79,0,0
627964,1,58,2289,35,0,38,168593.94,149792,259,79,0,0
628110,1,58,2290,35,0,38,168593.94,149792,259,79,0,0
628219,1,58,2293,37,0,38,168593.94,149792,259,79,0,0
628264,1,58,2326,37,0,38,168594.95,149792,259,79,0,0
628465,1,58,2334,37,0,38,168594.95,149792,259,79,0,0
628564,1,58,2272,37,0,38,168594.95,149792,259,79,0,0
628682,1,58,2272,37,0,38,168594.95,149792,259,79,0,0
628760,1,58,2298,37,0,38,168594.95,149792,259,79,0,0
628938,1,58,2329,37,0,38,168594.95,149792,259,79,0,0
629052,1,58,2329,37,0,38,168594.95,149792,259,79,0,0
629164,1,58,2302,37,0,38,168594.95,149792,259,79,0,0
629237,1,58,2302,37,0,38,168594.95,149792,259,79,0,0
629388,1,58,2272,37,0,38,168594.95,149792,259,79,0,0
629537,1,58,2328,37,0,38,168594.95,149792,259,79,0,0
629637,1,58,2295,38,0,38,168595.97,149792,259,79,0,0
629764,1,58,2299,40,0,38,168595.97,149792,259,79,0,0
629910,1,58,2272,40,0,38,168595.97,149792,259,79,0,0
630037,1,58,2282,47,0,38,168595.97,149792,259,79,0,0
630137,1,58,2329,50,0,38,168595.97,149792,259,79,0,0
630264,1,58,2319,52,0,38,168595.97,149792,259,79,0,0
630413,1,58,2319,53,0,38,168595.97,149792,259,79,0,0
630519,1,58,2307,55,0,38,168595.97,149792,259,79,0,0
630637,1,58,2316,55,0,38,168595.97,149792,259,79,0,0
630737,1,58,2319,55,0,38,168597.02,149792,259,79,0,0
630874,1,58,2318,55,0,38,168597.02,149792,259,79,0,0
631011,1,58,2316,55,0,38,168597.02,149792,259,79,0,0
631119,1,58,2345,56,0,38,168597.02,149792,259,79,0,0
631237,1,58,2313,56,0,38,168597.02,149792,259,79,0,0
631387,1,58,2315,56,0,38,168597.02,149792,259,79,0,0
631511,1,58,2349,56,0,38,168597.02,149792,259,79,0,0
631619,1,59,2349,53,0,38,168598.06,149792,259,79,0,0
631737,1,59,2350,49,0,38,168598.06,149792,259,79,0,0
631764,1,59,2349,49,0,38,168598.06,149792,259,79,0,0
631964,1,59,2350,49,0,38,168598.06,149792,259,79,0,0
632064,1,59,2346,49,0,38,168598.06,149792,259,79,0,0
632219,1,59,2346,49,0,38,168598.06,149792,259,79,0,0
632263,1,59,2348,49,0,38,168598.06,149792,259,79,0,0
632455,1,59,2348,49,0,38,168598.06,149792,259,79,0,0
632564,1,59,2346,49,0,38,168598.06,149792,259,79,0,0
632685,1,59,2357,47,0,38,168599.08,149792,259,79,0,0
632764,1,59,2350,45,0,38,168599.08,149792,259,79,0,0
632911,1,59,2347,45,0,38,168599.08,149792,259,79,0,0
633052,1,59,2337,40,0,38,168599.08,149792,259,79,0,0
633164,1,59,2351,40,0,38,168599.08,149792,259,79,0,0
633264,1,59,2345,39,0,38,168599.08,149792,259,79,0,0
633419,1,59,2345,29,0,38,168599.08,149792,259,79,0,0
633537,1,59,2346,24,0,38,168599.08,149792,259,79,0,0
633664,1,59,2344,22,0,38,168599.08,149792,259,79,0,0
633764,1,59,2359,22,0,38,168600.09,149792,259,79,0,0
633764,1,59,2359,22,0,38,168600.09,149792,259,79,0,0
634037,1,59,2356,22,0,38,168600.09,149792,259,79,0,0
634161,1,59,2358,22,0,38,168600.09,149792,259,79,0,0
634264,1,59,2359,22,0,38,168600.09,149792,259,79,0,0
634419,1,59,2357,22,0,38,168600.09,149792,259,79,0,0
634537,1,58,2324,22,0,38,168600.09,149792,259,79,0,0
634661,1,59,2354,22,0,38,168600.09,149792,259,79,0,0
634764,1,59,2320,25,0,38,168600.09,149792,259,79,0,0
634911,1,59,2352,25,0,38,168600.09,149792,259,79,0,0
635052,1,59,2361,55,0,38,168600.09,149792,259,79,0,0
635164,1,59,2359,57,0,38,168600.09,149792,259,79,0,0
635264,1,59,2344,58,0,38,168601.11,149792,259,79,0,0
635419,1,59,2351,58,0,38,168601.11,149792,259,79,0,0
635537,1,59,2351,58,0,38,168601.11,149792,259,79,0,0
635663,1,59,2351,58,0,38,168601.11,149792,259,79,0,0
635764,1,59,2350,58,0,38,168601.11,149792,259,79,0,0
635764,1,59,2350,58,0,38,168601.11,149792,259,79,0,0
636019,1,59,2353,56,0,38,168601.11,149792,259,79,0,0
636137,1,59,2354,56,0,38,168601.11,149792,259,79,0,0
636264,1,59,2368,56,0,38,168602.17,149792,259,79,0,0
636409,1,59,2336,56,0,38,168602.17,149792,259,79,0,0
636519,1,59,2396,56,0,38,168602.17,149792,259,79,0,0
636637,1,59,2397,56,0,38,168602.17,149792,259,79,0,0
636763,1,59,2375,56,0,38,168602.17,149792,259,79,0,0
636896,1,59,2375,56,0,38,168602.17,149792,259,79,0,0
637011,1,59,2399,56,0,38,168602.17,149792,259,79,0,0
637119,1,60,2369,56,0,38,168603.17,149792,259,79,0,0
637237,1,60,2376,56,0,38,168603.17,149792,259,79,0,0
637274,1,60,2378,56,0,38,168603.17,149792,259,79,0,0
637464,1,60,2371,53,0,38,168603.17,149792,259,79,0,0
637564,1,60,2373,53,0,38,168603.17,149792,259,79,0,0
637719,1,60,2370,45,0,38,168603.17,149792,259,79,0,0
637764,1,60,2392,45,0,38,168603.17,149792,259,79,0,0
637937,1,60,2392,45,0,38,168603.17,149792,259,79,0,0
638064,1,60,2379,45,0,38,168604.20,149792,259,79,0,0
638182,1,60,2391,45,0,38,168604.20,149792,259,79,0,0
638261,1,60,2399,45,0,38,168604.20,149792,259,79,0,0
638419,1,60,2370,45,0,38,168604.20,149792,259,79,0,0
638552,1,60,2372,45,0,38,168604.20,149792,259,79,0,0
638664,1,60,2395,45,0,38,168604.20,149792,259,79,0,0
638764,1,60,2397,45,0,38,168604.20,149792,259,79,0,0
638764,1,60,2397,45,0,38,168604.20,149792,259,79,0,0
639019,1,60,2404,45,0,38,168604.20,149792,259,79,0,0
639137,1,60,2431,45,0,38,168604.20,149792,259,79,0,0
639261,1,60,2429,45,0,38,168605.23,149792,259,79,0,0
639407,1,60,2429,45,0,38,168605.23,149792,259,79,0,0
639519,1,60,2406,45,0,38,168605.23,149792,259,79,0,0
639637,1,60,2404,45,0,38,168605.23,149792,259,79,0,0
639737,1,61,2430,45,0,38,168605.23,149792,259,79,0,0
639763,1,61,2428,45,0,38,168605.23,149792,259,79,0,0
639971,1,61,2403,45,0,38,168605.23,149792,259,79,0,0
640111,1,61,2404,45,0,38,168605.23,149792,259,79,0,0
640219,1,61,2431,45,0,38,168605.23,149792,259,79,0,0
640260,1,61,2428,45,0,38,168606.28,149792,259,79,0,0
640464,1,61,2401,45,0,38,168606.28,149792,259,79,0,0
640564,1,61,2404,45,0,38,168606.28,149792,259,79,0,0
640682,1,61,2406,41,0,38,168606.28,149792,259,79,0,0
640764,1,61,2431,36,0,38,168606.28,149792,259,79,0,0
640932,1,61,2431,33,0,38,168606.28,149792,259,79,0,0
641064,1,61,2413,32,0,38,168606.28,149792,259,79,0,0
641163,1,61,2409,31,0,38,168606.28,149792,259,79,0,0
641261,1,61,2416,31,0,38,168606.28,149792,259,79,0,0
641418,1,61,2418,31,0,38,168606.28,149792,259,79,0,0
641537,1,61,2420,31,0,38,168607.31,149792,259,79,0,0
641661,1,61,2423,31,0,38,168607.31,149792,259,79,0,0
641764,1,61,2420,31,0,38,168607.31,149792,259,79,0,0
641919,1,61,2420,31,0,38,168607.31,149792,259,79,0,0
642037,1,61,2416,26,0,38,168607.31,149792,259,79,0,0
642137,1,61,2413,25,0,38,168607.31,149792,259,79,0,0
642237,1,61,2417,24,0,38,168607.31,149792,259,79,0,0
642405,1,61,2405,24,0,38,168607.31,149792,259,79,0,0
642519,1,61,2424,17,0,38,168607.31,149792,259,79,0,0
642637,1,60,2406,20,0,38,168607.31,149792,259,79,0,0
642761,1,60,2406,21,0,38,168607.31,149792,259,79,0,0
642764,1,60,2406,21,0,38,168607.31,149792,259,79,0,0
642969,1,60,2419,22,0,38,168607.31,149792,259,79,0,0
643111,1,60,2424,22,0,38,168608.33,149792,259,79,0,0
643219,1,60,2425,22,0,38,168608.33,149792,259,79,0,0
643264,1,60,2427,22,0,38,168608.33,149792,259,79,0,0
643466,1,60,2422,22,0,38,168608.33,149792,259,79,0,0
643563,1,60,2388,22,0,38,168608.33,149792,259,79,0,0
643682,1,60,2424,22,0,38,168608.33,149792,259,79,0,0
643763,1,60,2425,22,0,38,168608.33,149792,259,79,0,0
643932,1,60,2425,22,0,38,168608.33,149792,259,79,0,0
644063,1,60,2392,22,0,38,168608.33,149792,259,79,0,0
644182,1,60,2388,22,0,38,168608.33,149792,259,79,0,0
644264,1,60,2387,22,0,38,168608.33,149792,259,79,0,0
644419,1,60,2391,22,0,38,168608.33,149792,259,79,0,0
644537,1,60,2392,22,0,38,168608.33,149792,259,79,0,0
644664,1,60,2395,22,0,38,168609.33,149792,259,79,0,0
644763,1,60,2396,22,0,38,168609.33,149792,259,79,0,0
644891,1,60,2396,22,0,38,168609.33,149792,259,79,0,0
645019,1,60,2394,22,0,38,168609.33,149792,259,79,0,0
645137,1,59,2391,22,0,38,168609.33,149792,259,79,0,0
645263,1,59,2388,22,0,38,168609.33,149792,259,79,0,0
645404,1,59,2388,22,0,38,168609.33,149792,259,79,0,0
645519,1,59,2394,22,0,38,168609.33,149792,259,79,0,0
645637,1,60,2395,22,0,38,168609.33,149792,259,79,0,0
645737,1,60,2395,22,0,38,168609.33,149792,259,79,0,0
645764,1,60,2395,22,0,38,168609.33,149792,259,79,0,0
645967,1,59,2389,22,0,38,168609.33,149792,259,79,0,0
646111,1,59,2389,22,0,38,168609.33,149792,259,79,0,0
646219,1,60,2393,22,0,38,168610.34,149792,259,79,0,0
646320,1,60,2394,22,0,38,168610.34,149792,259,79,0,0
646472,1,59,2395,22,0,38,168610.34,149792,271,79,0,0
646563,1,59,2364,22,0,38,168610.34,149792,271,79,0,0
646682,1,59,2360,22,0,38,168610.34,149792,271,79,0,0
646763,1,59,2359,22,0,38,168610.34,149792,271,79,0,0
646932,1,59,2359,22,0,38,168610.34,149792,271,79,0,0
647063,1,59,2360,22,0,38,168610.34,149792,271,79,0,0
647182,1,59,2361,22,0,38,168610.34,149792,271,79,0,0
647263,1,59,2363,22,0,38,168610.34,149792,271,79,0,0
647411,1,59,2364,22,0,38,168610.34,149792,271,79,0,0
647537,1,59,2364,22,0,38,168610.34,149792,271,79,0,0
647663,1,60,2358,23,0,38,168610.34,149792,271,79,0,0
647763,1,59,2356,23,0,38,168610.34,149792,271,79,0,0
647889,1,59,2356,23,0,38,168611.36,149792,271,79,0,0
648019,1,59,2362,23,0,38,168611.36,149792,271,79,0,0
648137,1,59,2364,23,0,38,168611.36,149792,271,79,0,0
648237,1,59,2365,23,0,38,168611.36,149792,271,79,0,0
648402,1,59,2367,23,0,38,168611.36,149792,271,79,0,0
648519,1,59,2336,23,0,38,168611.36,149792,271,79,0,0
648637,1,59,2367,23,0,38,168611.36,149792,271,79,0,0
648737,1,59,2362,23,0,38,168611.36,149792,271,79,0,0
648889,1,59,2361,23,0,38,168611.36,149792,271,79,0,0
649019,1,59,2361,23,0,38,168611.36,149792,271,79,0,0
649137,1,59,2364,23,0,38,168611.36,149792,271,79,0,0
649237,1,59,2365,23,0,38,168611.36,149792,271,79,0,0
649264,1,59,2367,23,0,38,168611.36,149792,271,79,0,0
649511,1,59,2338,23,0,38,168612.39,149793,271,79,0,0
649619,1,59,2339,23,0,38,168612.39,149793,271,79,0,0
649737,1,59,2339,23,0,38,168612.39,149793,271,79,0,0
649773,1,59,2339,23,0,38,168612.39,149793,271,79,0,0
649965,1,59,2342,23,0,38,168612.39,149793,271,79,0,0
650064,1,59,2342,27,0,38,168612.39,149793,271,79,0,0
650219,1,59,2343,34,0,38,168612.39,149793,271,79,0,0
650263,1,59,2351,34,0,38,168612.39,149793,271,79,0,0
650437,1,59,2351,34,0,38,168612.39,149793,271,79,0,0
650563,1,59,2358,44,0,38,168612.39,149793,271,79,0,0
650682,1,59,2338,46,0,38,168612.39,149793,271,79,0,0
650763,1,59,2351,47,0,38,168612.39,149793,271,79,0,0
650919,1,59,2351,47,0,38,168612.39,149793,271,79,0,0
651063,1,59,2360,47,0,38,168613.44,149793,271,79,0,0
651182,1,59,2359,47,0,38,168613.44,149793,271,79,0,0
651272,1,59,2390,48,0,38,168613.44,149793,271,79,0,0
651425,1,59,2390,48,0,38,168613.44,149793,271,79,0,0
651536,1,59,2387,48,0,38,168613.44,149793,271,79,0,0
651664,1,60,2390,48,0,38,168613.44,149793,271,79,0,0
651763,1,60,2391,48,0,38,168613.44,149793,271,79,0,0
651763,1,60,2391,48,0,38,168613.44,149793,271,79,0,0
652019,1,60,2369,48,0,38,168613.44,149793,271,79,0,0
652137,1,60,2376,46,0,38,168614.45,149793,271,79,0,0
652264,1,60,2383,44,0,38,168614.45,149793,271,79,0,0
652264,1,60,2383,44,0,38,168614.45,149793,271,79,0,0
652468,1,60,2383,38,0,38,168614.45,149793,271,79,0,0
652619,1,60,2404,35,0,38,168614.45,149793,271,79,0,0
652736,1,60,2399,34,0,38,168614.45,149793,271,79,0,0
652802,1,60,2369,34,0,38,168614.45,149793,271,79,0,0
652938,1,60,2401,34,0,38,168614.45,149793,271,79,0,0
653063,1,60,2375,34,0,38,168614.45,149793,271,79,0,0
653219,1,60,2375,31,0,38,168614.45,149793,271,79,0,0
653264,1,60,2373,31,0,38,168614.45,149793,271,79,0,0
653436,1,60,2373,31,0,38,168615.47,149793,271,79,0,0
653563,1,60,2387,29,0,38,168615.47,149793,271,79,0,0
653682,1,60,2418,29,0,38,168615.47,149793,271,79,0,0
653809,1,60,2386,29,0,38,168615.47,149793,271,79,0,0
653919,1,60,2386,28,0,38,168615.47,149793,271,79,0,0
654060,1,60,2392,28,0,38,168615.47,149793,271,79,0,0
654163,1,60,2391,27,0,38,168615.47,149793,271,79,0,0
654270,1,60,2389,27,0,38,168615.47,149793,271,79,0,0
654424,1,60,2421,27,0,38,168615.47,149793,271,79,0,0
654536,1,60,2383,27,0,38,168615.47,149793,271,79,0,0
654664,1,60,2381,27,0,38,168615.47,149793,271,79,0,0
654764,1,60,2381,27,0,38,168615.47,149793,271,79,0,0
654919,1,60,2381,27,0,38,168615.47,149793,271,79,0,0
655036,1,60,2379,27,0,38,168616.47,149793,271,79,0,0
655163,1,59,2376,26,0,38,168616.47,149793,271,79,0,0
655269,1,60,2375,26,0,38,168616.47,149793,271,79,0,0
655423,1,60,2375,26,0,38,168616.47,149793,271,79,0,0
655536,1,60,2371,26,0,38,168616.47,149793,271,79,0,0
655636,1,60,2368,26,0,38,168616.47,149793,271,79,0,0
655763,1,60,2397,25,0,38,168616.47,149793,271,79,0,0
655814,1,60,2397,25,0,38,168616.47,149793,271,79,0,0
656019,1,60,2371,25,0,38,168616.47,149793,271,79,0,0
656136,1,59,2368,25,0,38,168616.47,149793,271,79,0,0
656263,1,59,2395,25,0,38,168616.47,149793,271,79,0,0
656263,1,59,2395,25,0,38,168616.47,149793,271,79,0,0
656466,1,59,2395,25,0,38,168616.47,149793,271,79,0,0
656563,1,59,2337,24,0,38,168616.47,149793,271,79,0,0
656736,1,59,2339,24,0,38,168617.50,149793,271,79,0,0
656763,1,59,2337,24,0,38,168617.50,149793,271,79,0,0
656964,1,59,2363,24,0,38,168617.50,149793,271,79,0,0
657064,1,59,2361,24,0,38,168617.50,149793,271,79,0,0
657211,1,59,2360,25,0,38,168617.50,149793,271,79,0,0
657268,1,59,2360,25,0,38,168617.50,149793,271,79,0,0
657436,1,59,2360,25,0,38,168617.50,149793,271,79,0,0
657563,1,59,2363,26,0,38,168617.50,149793,271,79,0,0
657681,1,59,2364,26,0,38,168617.50,149793,271,79,0,0
657802,1,59,2364,26,0,38,168617.50,149793,271,79,0,0
657936,1,59,2364,26,0,38,168617.50,149793,271,79,0,0
658063,1,59,2363,26,0,38,168617.50,149793,271,79,0,0
658181,1,59,2363,26,0,38,168617.50,149793,271,79,0,0
658264,1,59,2365,26,0,38,168617.50,149793,271,79,0,0
658433,1,59,2365,26,0,38,168618.53,149793,271,79,0,0
658551,1,59,2364,26,0,38,168618.53,149793,271,79,0,0
658664,1,59,2337,26,0,38,168618.53,149793,271,79,0,0
658764,1,59,2338,27,0,38,168618.53,149793,271,79,0,0
658802,1,59,2338,27,0,38,168618.53,149793,271,79,0,0
659036,1,59,2342,35,0,38,168618.53,149793,271,79,0,0
659163,1,59,2363,35,0,38,168618.53,149793,271,79,0,0
659264,1,59,2367,35,0,38,168618.53,149793,271,79,0,0
659423,1,59,2367,40,0,38,168618.53,149793,271,79,0,0
659536,1,59,2361,42,0,38,168618.53,149793,271,79,0,0
659636,1,59,2362,44,0,38,168618.53,149793,271,79,0,0
659763,1,59,2361,44,0,38,168618.53,149793,271,79,0,0
659763,1,59,2361,44,0,38,168618.53,149793,271,79,0,0
660019,1,59,2342,47,0,38,168619.55,149793,271,79,0,0
660136,1,59,2347,47,0,38,168619.55,149793,271,79,0,0
660264,1,59,2343,47,0,38,168619.55,149793,271,79,0,0
660310,1,59,2343,47,0,38,168619.55,149793,271,79,0,0
660488,1,59,2346,47,0,38,168619.55,149793,271,79,0,0
660611,1,59,2346,47,0,38,168619.55,149793,271,79,0,0
660736,1,59,2342,47,0,38,168619.55,149793,271,79,0,0
660764,1,59,2339,47,0,38,168619.55,149793,271,79,0,0
660963,1,59,2346,47,0,38,168619.55,149793,271,79,0,0
661064,1,59,2348,47,0,38,168620.56,149793,271,79,0,0
661211,1,59,2342,47,0,38,168620.56,149793,271,79,0,0
661310,1,59,2371,47,0,38,168620.56,149793,271,79,0,0
661434,1,59,2371,47,0,38,168620.56,149793,271,79,0,0
661563,1,60,2379,47,0,38,168620.56,149793,271,79,0,0
661681,1,59,2374,47,0,38,168620.56,149793,271,79,0,0
661801,1,59,2372,47,0,38,168620.56,149793,271,79,0,0
661936,1,60,2372,47,0,38,168620.56,149793,271,79,0,0
662064,1,60,2384,47,0,38,168620.56,149793,271,79,0,0
662181,1,60,2385,47,0,38,168621.59,149793,271,79,0,0
662264,1,60,2378,47,0,38,168621.59,149793,271,79,0,0
662433,1,60,2378,47,0,38,168621.59,149793,271,79,0,0
662551,1,60,2415,47,0,38,168621.59,149793,271,79,0,0
662666,1,60,2387,47,0,38,168621.59,149793,271,79,0,0
662764,1,60,2386,47,0,38,168621.59,149793,271,79,0,0
662931,1,60,2418,47,0,38,168621.59,149793,271,79,0,0
663051,1,60,2411,47,0,38,168621.59,149793,271,79,0,0
663166,1,60,2418,47,0,38,168621.59,149793,271,79,0,0
663264,1,60,2419,47,0,38,168621.59,149793,271,79,0,0
663313,1,60,2419,47,0,38,168622.66,149793,271,79,0,0
663519,1,60,2412,47,0,38,168622.66,149793,271,79,0,0
663636,1,61,2412,47,0,38,168622.66,149793,271,79,0,0
663764,1,61,2421,47,0,38,168622.66,149793,271,79,0,0
663764,1,61,2421,47,0,38,168622.66,149793,271,79,0,0
663982,1,61,2423,47,0,38,168622.66,149793,271,79,0,0
664120,1,61,2417,46,0,38,168622.66,149793,271,79,0,0
664236,1,61,2414,46,0,38,168622.66,149793,271,79,0,0
664335,1,61,2450,43,0,38,168622.66,149793,271,79,0,0
664446,1,61,2421,43,0,38,168623.66,149793,271,79,0,0
664564,1,61,2409,39,0,38,168623.66,149793,271,79,0,0
664719,1,61,2425,35,0,38,168623.66,149793,271,79,0,0
664764,1,61,2409,35,0,38,168623.66,149793,271,79,0,0
664936,1,61,2441,32,0,38,168623.66,149793,271,79,0,0
665064,1,61,2458,23,0,38,168623.66,149793,271,79,0,0
665181,1,61,2404,14,0,38,168623.66,149793,271,79,0,0
665264,1,61,2459,10,0,38,168623.66,149793,271,79,0,0
665431,1,61,2459,9,0,38,168623.66,149793,271,79,0,0
665561,1,61,2460,9,0,38,168623.66,149793,271,79,0,0
665681,1,61,2461,14,0,38,168623.66,149793,271,79,0,0
665764,1,61,2434,16,0,38,168623.66,149793,271,79,0,0
665931,1,61,2434,16,0,38,168623.66,149793,271,79,0,0
666051,1,61,2450,17,0,38,168624.69,149793,271,79,0,0
666164,1,61,2424,19,0,38,168624.69,149793,271,79,0,0
666264,1,61,2422,19,0,38,168624.69,149793,271,79,0,0
666302,1,61,2422,19,0,38,168624.69,149793,271,79,0,0
666536,1,61,2424,20,0,38,168624.69,149793,271,79,0,0
666661,1,61,2423,20,0,38,168624.69,149793,271,79,0,0
666764,1,61,2427,20,0,38,168624.69,149793,271,79,0,0
666811,1,61,2427,20,0,38,168624.69,149793,271,79,0,0
667011,1,61,2431,20,0,38,168624.69,149793,271,79,0,0
667120,1,61,2400,20,0,38,168624.69,149793,271,79,0,0
667236,1,61,2400,20,0,38,168624.69,149793,271,79,0,0
667311,1,61,2400,20,0,38,168624.69,149793,271,79,0,0
667485,1,61,2400,20,0,38,168624.69,149793,271,79,0,0
667564,1,60,2428,20,0,38,168624.69,149793,271,79,0,0
667717,1,60,2427,20,0,38,168625.70,149793,271,79,0,0
667817,1,60,2394,20,0,38,168625.70,149793,271,79,0,0
667964,1,60,2399,20,0,38,168625.70,149793,271,79,0,0
668064,1,60,2399,20,0,38,168625.70,149793,271,79,0,0
668181,1,60,2400,21,0,38,168625.70,149793,271,79,0,0
668301,1,60,2368,25,0,38,168625.70,149793,271,79,0,0
668446,1,60,2368,25,0,38,168625.70,149793,271,79,0,0
668564,1,60,2381,25,0,38,168625.70,149793,271,79,0,0
668681,1,60,2383,25,0,38,168625.70,149793,271,79,0,0
668811,1,60,2413,25,0,38,168625.70,149793,271,79,0,0
668953,1,60,2381,25,0,38,168625.70,149793,271,79,0,0
669064,1,60,2381,25,0,38,168625.70,149793,271,79,0,0
669181,1,60,2378,25,0,38,168626.72,149793,271,79,0,0
669264,1,60,2376,25,0,38,168626.72,149793,271,79,0,0
669264,1,60,2376,25,0,38,168626.72,149793,271,79,0,0
669551,1,60,2379,25,0,38,168626.72,149793,271,79,0,0
669664,1,60,2383,25,0,38,168626.72,149793,271,79,0,0
669764,1,60,2384,25,0,38,168626.72,149793,271,79,0,0
669931,1,60,2384,25,0,38,168626.72,149793,271,79,0,0
670051,1,60,2410,25,0,38,168626.72,149793,271,79,0,0
670164,1,60,2376,25,0,38,168626.72,149793,271,79,0,0
670264,1,60,2380,25,0,38,168626.72,149793,271,79,0,0
670328,1,60,2380,25,0,38,168626.72,149793,271,79,0,0
670516,1,60,2415,25,0,38,168626.72,149793,271,79,0,0
670636,1,60,2415,25,0,38,168627.72,149793,271,79,0,0
670764,1,60,2378,25,0,38,168627.72,149793,271,79,0,0
670764,1,60,2378,25,0,38,168627.72,149793,271,79,0,0
670977,1,60,2376,25,0,38,168627.72,149793,271,79,0,0
671116,1,60,2374,25,0,38,168627.72,149793,271,79,0,0
671236,1,60,2411,25,0,38,168627.72,149793,271,79,0,0
671330,1,60,2380,25,0,38,168627.72,149793,271,79,0,0
671446,1,60,2380,25,0,38,168627.72,149793,271,79,0,0
671564,1,60,2383,25,0,38,168627.72,149793,271,79,0,0
671711,1,60,2411,25,0,38,168627.72,149793,271,79,0,0
671827,1,60,2409,25,0,38,168627.72,149793,271,79,0,0
671951,1,60,2409,25,0,38,168627.72,149793,271,79,0,0
672064,1,60,2381,25,0,38,168627.72,149793,271,79,0,0
672181,1,60,2415,25,0,38,168628.72,149793,271,79,0,0
672264,1,60,2416,25,0,38,168628.72,149793,271,79,0,0
672438,1,60,2416,25,0,38,168628.72,149793,271,79,0,0
672561,1,61,2411,25,0,38,168628.72,149793,271,79,0,0
672664,1,60,2408,8,0,38,168628.72,149793,271,79,0,0
672764,1,60,2405,0,0,38,168628.72,149793,271,79,0,0
672819,1,60,2405,0,0,38,168628.72,149793,271,79,0,0
673019,1,60,2412,0,0,38,168628.72,149793,271,79,0,0
673136,1,60,2401,0,0,38,168628.72,149793,271,79,0,0
673264,1,61,2427,0,0,38,168628.72,149793,271,79,0,0
673264,1,61,2427,0,0,38,168628.72,149793,271,79,0,0
673481,1,61,2427,0,0,38,168628.72,149793,271,79,0,0
673622,1,60,2427,0,0,38,168628.72,149793,271,79,0,0
673736,1,60,2392,0,0,38,168628.72,149793,271,79,0,0
673822,1,60,2421,0,0,38,168628.72,149793,271,79,0,0
673963,1,60,2379,0,0,38,168628.72,149793,271,79,0,0
674064,1,60,2396,0,0,38,168628.72,149793,271,79,0,0
674217,1,60,2396,0,0,38,168629.72,149793,271,79,0,0
674264,1,60,2396,0,0,38,168629.72,149793,271,79,0,0
674446,1,60,2396,0,0,38,168629.72,149793,284,79,0,0
674564,1,60,2396,0,0,38,168629.72,149793,284,79,0,0
674681,1,60,2396,0,0,38,168629.72,149793,284,79,0,0
674816,1,59,2351,0,0,38,168629.72,149793,284,79,0,0
674961,1,59,2336,0,0,38,168629.72,149793,284,79,0,0
675064,1,59,2336,0,0,38,168629.72,149793,284,79,0,0
675181,1,59,2336,0,0,38,168629.72,149793,284,79,0,0
675301,1,59,2336,0,0,38,168629.72,149793,284,79,0,0
675436,1,59,2336,0,0,38,168629.72,149793,284,79,0,0
675564,1,59,2336,0,0,38,168629.72,149793,284,79,0,0
675681,1,59,2336,0,0,38,168629.72,149793,284,79,0,0
675801,1,58,2336,0,0,38,168629.72,149793,284,79,0,0
675822,1,58,2304,0,0,38,168629.72,149793,284,79,0,0
676051,1,58,2304,0,0,38,168629.72,149793,284,79,0,0
676164,1,58,2304,0,0,38,168629.72,149793,284,79,0,0
676264,1,58,2304,0,0,38,168629.72,149793,284,79,0,0
676264,1,58,2304,0,0,38,168629.72,149793,284,79,0,0
676516,1,58,2304,0,0,38,168629.72,149793,284,79,0,0
676636,1,58,2272,0,0,38,168629.72,149793,284,79,0,0
676761,1,58,2272,0,0,38,168629.72,149793,284,79,0,0
676821,1,58,2272,0,0,38,168629.72,149793,284,79,0,0
676964,1,58,2272,0,0,38,168629.72,149793,284,79,0,0
677116,1,57,2272,0,0,38,168629.72,149793,284,79,0,0
677236,1,57,2272,0,0,38,168629.72,149793,284,79,0,0
677301,1,57,2272,0,0,38,168629.72,149793,284,79,0,0
677464,1,57,2272,0,0,38,168629.72,149793,284,79,0,0
677564,1,57,2240,0,0,38,168629.72,149793,284,79,0,0
677716,1,57,2240,0,0,38,168629.72,149793,284,79,0,0
677836,1,56,2240,0,0,38,168629.72,149793,284,79,0,0
677964,1,56,2240,0,0,38,168629.72,149793,284,79,0,0
678063,1,56,2240,0,0,38,168629.72,149793,284,79,0,0
678181,1,56,2208,0,0,38,168629.72,149793,284,79,0,0
678301,1,56,2240,0,0,38,168629.72,149793,284,79,0,0
678446,1,56,2240,0,0,38,168629.72,149793,284,79,0,0
678639,1,56,2208,0,0,38,168629.72,149793,284,79,0,0
678763,1,56,2208,0,0,38,168629.72,149793,284,79,0,0
678801,1,56,2208,0,0,38,168629.72,149793,284,79,0,0
678972,1,56,2208,0,0,38,168629.72,149793,284,79,0,0
679116,1,55,2176,0,0,38,168629.72,149793,284,79,0,0
679236,1,55,2208,0,0,38,168629.72,149793,284,79,0,0
679325,1,55,2208,0,0,38,168629.72,149793,284,79,0,0
679477,1,55,2208,0,0,38,168629.72,149793,284,79,0,0
679563,1,55,2176,0,0,38,168629.72,149793,284,79,0,0
679711,1,55,2176,0,0,38,168629.72,149793,284,79,0,0
679816,1,55,2176,0,0,38,168629.72,149793,284,79,0,0
679946,1,55,2176,0,0,38,168629.72,149793,284,79,0,0
680063,1,55,2176,0,0,38,168629.72,149793,284,79,0,0
680181,1,55,2176,0,0,38,168629.72,149793,284,79,0,0
680316,1,55,2176,0,0,38,168629.72,149793,284,79,0,0
680446,1,55,2176,0,0,38,168629.72,149793,284,79,0,0
680563,1,55,2144,0,0,38,168629.72,149793,284,79,0,0
680681,1,54,2176,0,0,38,168629.72,149793,284,79,0,0
680801,1,54,2144,0,0,38,168629.72,149793,284,79,0,0
680946,1,54,2144,0,0,38,168629.72,149793,284,79,0,0
681063,1,54,2144,0,0,38,168629.72,149793,284,79,0,0
681181,1,54,2144,0,0,38,168629.72,149793,284,79,0,0
681301,1,54,2144,0,0,38,168629.72,149793,284,79,0,0
681432,1,54,2144,0,0,38,168629.72,149793,284,79,0,0
681551,1,54,2144,0,0,38,168629.72,149793,284,79,0,0
681663,1,54,2144,0,0,38,168629.72,149793,284,79,0,0
681763,1,54,2112,0,0,38,168629.72,149793,284,79,0,0
681801,1,54,2112,0,0,38,168629.72,149793,284,79,0,0
682035,1,54,2112,0,0,38,168629.72,149793,284,79,0,0
682135,1,53,2112,0,0,38,168629.72,149793,284,79,0,0
682263,1,53,2112,0,0,38,168629.72,149793,284,79,0,0
682316,1,53,2112,0,0,38,168629.72,149793,284,79,0,0
682511,1,53,2112,0,0,38,168629.72,149793,284,79,0,0
682622,1,53,2112,0,0,38,168629.72,149793,284,79,0,0
682735,1,53,2080,0,0,38,168629.72,149793,284,79,0,0
682801,1,53,2112,0,0,38,168629.72,149793,284,79,0,0
682970,1,53,2080,0,0,38,168629.72,149793,284,79,0,0
683063,1,53,2080,0,0,38,168629.72,149793,284,79,0,0
683216,1,53,2080,4,0,38,168629.72,149793,284,79,0,0
683323,1,52,2080,10,0,38,168629.72,149793,284,79,0,0
683445,1,52,2080,10,0,38,168629.72,149793,284,79,0,0
683563,1,52,2124,30,0,38,168629.72,149793,284,78,0,0
683681,1,53,2080,34,0,38,168629.72,149793,284,78,0,0
683810,1,52,2100,44,0,38,168629.72,149793,284,78,0,0
683944,1,53,2100,44,0,38,168629.72,149793,284,78,0,0
684063,1,53,2127,46,0,38,168629.72,149793,284,78,0,0
684181,1,53,2131,51,0,38,168629.72,149793,284,78,0,0
684300,1,53,2137,52,0,38,168629.72,149793,284,78,0,0
684438,1,53,2137,53,0,38,168629.72,149793,284,78,0,0
684563,1,53,2133,56,0,38,168629.72,149793,284,78,0,0
684663,1,54,2166,57,0,38,168629.72,149793,284,78,0,0
684763,1,54,2136,58,0,38,168630.75,149793,284,78,0,0
684810,1,54,2136,59,0,38,168630.75,149793,284,78,0,0
685016,1,54,2147,66,0,38,168630.75,149793,284,78,0,0
685135,1,54,2183,67,0,38,168630.75,149793,284,78,0,0
685263,1,54,2174,61,0,38,168630.75,149793,284,78,0,0
685316,1,54,2174,43,0,38,168630.75,149793,284,78,0,0
685465,1,54,2198,43,0,38,168630.75,149793,284,78,0,0
685622,1,55,2191,43,0,38,168630.75,149793,284,78,0,0
685735,1,55,2189,46,0,38,168630.75,149793,284,78,0,0
685800,1,55,2197,46,0,39,168630.75,149793,284,78,0,0
685968,1,55,2202,51,0,39,168631.77,149793,284,78,0,0
686063,1,55,2191,55,0,39,168631.77,149793,284,78,0,0
686216,1,55,2235,62,0,39,168631.77,149793,284,78,0,0
686321,1,55,2208,63,0,39,168631.77,149793,284,78,0,0
686445,1,56,2208,63,0,39,168631.77,149793,284,78,0,0
686563,1,56,2235,63,0,39,168631.77,149793,284,78,0,0
686680,1,56,2265,63,0,39,168631.77,149793,284,78,0,0
686810,1,56,2264,66,0,39,168631.77,149793,284,78,0,0
686942,1,56,2264,66,0,39,168631.77,149793,284,78,0,0
687063,1,56,2269,45,0,39,168632.78,149793,284,78,0,0
687180,1,57,2249,40,0,39,168632.78,149793,284,78,0,0
687310,1,57,2269,43,0,39,168632.78,149793,284,78,0,0
687454,1,57,2288,43,0,39,168632.78,149793,284,78,0,0
687563,1,57,2294,53,0,39,168632.78,149793,284,78,0,0
687680,1,57,2298,55,0,39,168632.78,149793,284,78,0,0
687810,1,57,2275,55,0,39,168632.78,149793,284,78,0,0
687941,1,57,2275,55,0,39,168632.78,149793,284,78,0,0
688063,1,57,2272,55,0,39,168633.83,149793,284,78,0,0
688180,1,57,2297,53,0,39,168633.83,149793,284,78,0,0
688302,1,57,2292,49,0,39,168633.83,149793,284,78,0,0
688316,1,57,2292,48,0,39,168633.83,149793,284,78,0,0
688535,1,58,2275,46,0,39,168633.83,149793,284,78,0,0
688663,1,58,2327,46,0,39,168633.83,149793,284,78,0,0
688763,1,58,2295,46,0,39,168633.83,149793,284,78,0,0
688816,1,58,2295,46,0,39,168633.83,149793,284,78,0,0
689017,1,58,2330,46,0,39,168633.83,149793,284,78,0,0
689135,1,58,2333,46,0,39,168633.83,149793,284,78,0,0
689263,1,58,2335,46,0,39,168634.84,149793,284,78,0,0
689316,1,58,2303,46,0,39,168634.84,149793,284,78,0,0
689465,1,58,2272,46,0,39,168634.84,149793,284,78,0,0
689622,1,58,2304,46,0,39,168634.84,149793,284,78,0,0
689735,1,58,2304,46,0,39,168634.84,149793,284,78,0,0
689800,1,58,2304,46,0,39,168634.84,149793,284,78,0,0
689940,1,58,2304,46,0,39,168634.84,149793,284,78,0,0
690063,1,58,2327,50,0,39,168634.84,149793,284,78,0,0
690216,1,58,2334,50,0,39,168634.84,149793,284,78,0,0
690263,1,58,2312,50,0,39,168634.84,149793,284,78,0,0
690435,1,58,2312,50,0,39,168635.88,149793,284,78,0,0
690563,1,58,2325,52,0,39,168635.88,149793,284,78,0,0
690680,1,58,2326,53,0,39,168635.88,149793,284,78,0,0
690800,1,58,2327,55,0,39,168635.88,149793,284,78,0,0
690939,1,58,2327,55,0,39,168635.88,149793,284,78,0,0
691063,1,59,2342,55,0,39,168635.88,149793,284,78,0,0
691180,1,59,2343,55,0,39,168635.88,149793,284,78,0,0
691300,1,59,2342,53,0,39,168635.88,149793,284,78,0,0
691345,1,59,2342,52,0,39,168635.88,149793,284,78,0,0
691563,1,59,2356,49,0,39,168636.94,149793,284,78,0,0
691680,1,59,2342,49,0,39,168636.94,149793,284,78,0,0
691800,1,59,2367,49,0,39,168636.94,149793,284,78,0,0
691939,1,59,2367,49,0,39,168636.94,149793,284,78,0,0
692060,1,59,2337,49,0,39,168636.94,149793,284,78,0,0
692180,1,59,2348,50,0,39,168636.94,149793,284,78,0,0
692300,1,59,2350,51,0,39,168636.94,149793,284,78,0,0
692343,1,59,2350,52,0,39,168636.94,149793,284,78,0,0
692535,1,59,2363,57,0,39,168637.98,149793,284,78,0,0
692635,1,59,2367,61,0,39,168637.98,149793,284,78,0,0
692763,1,59,2355,61,0,39,168637.98,149793,284,78,0,0
692763,1,59,2355,61,0,39,168637.98,149793,284,78,0,0
692989,1,59,2376,61,0,39,168637.98,149793,284,78,0,0
693121,1,59,2377,63,0,39,168637.98,149793,284,78,0,0
693235,1,60,2376,65,0,39,168637.98,149793,284,78,0,0
693310,1,60,2374,65,0,39,168637.98,149793,284,78,0,0
693464,1,60,2373,65,0,39,168639.02,149793,284,78,0,0
693563,1,60,2380,66,0,39,168639.02,149793,284,78,0,0
693716,1,60,2390,66,0,39,168639.02,149793,284,78,0,0
693800,1,60,2394,66,0,39,168639.02,149793,284,78,0,0
693938,1,60,2394,66,0,39,168639.02,149793,284,78,0,0
694063,1,60,2430,66,0,39,168639.02,149793,284,78,0,0
694180,1,60,2430,67,0,39,168639.02,149793,284,78,0,0
694310,1,60,2429,67,0,39,168640.08,149793,284,78,0,0
694310,1,60,2429,67,0,39,168640.08,149793,284,78,0,0
694563,1,60,2400,67,0,39,168640.08,149793,284,78,0,0
694680,1,61,2401,68,0,39,168640.08,149793,284,78,0,0
694763,1,61,2403,68,0,39,168640.08,149793,284,78,0,0
694800,1,61,2403,68,0,39,168640.08,149793,284,78,0,0
695050,1,61,2463,68,0,39,168640.08,149793,284,78,0,0
695163,1,61,2437,68,0,39,168641.09,149793,284,78,0,0
695263,1,61,2440,68,0,39,168641.09,149793,284,78,0,0
695310,1,61,2440,68,0,39,168641.09,149793,284,78,0,0
695516,1,61,2443,68,0,39,168641.09,149793,284,78,0,0
695635,1,62,2443,68,0,39,168641.09,149793,284,78,0,0
695735,1,62,2443,68,0,39,168641.09,149793,284,78,0,0
695800,1,62,2475,68,0,39,168641.09,149793,284,78,0,0
695987,1,62,2443,68,0,39,168642.14,149793,284,78,0,0
696063,1,62,2475,68,0,39,168642.14,149793,284,78,0,0
696216,1,62,2476,68,0,39,168642.14,149793,284,78,0,0
696310,1,62,2477,68,0,39,168642.14,149793,284,78,0,0
696464,1,62,2469,68,0,39,168642.14,149793,284,78,0,0
696563,1,62,2466,68,0,39,168642.14,149793,284,78,0,0
696680,1,62,2471,67,0,39,168642.14,149793,284,78,0,0
696816,1,62,2478,65,0,39,168643.19,149793,284,78,0,0
696963,1,62,2509,65,0,39,168643.19,149793,284,78,0,0
697063,1,63,2501,65,0,39,168643.19,149793,284,78,0,0
697180,1,63,2499,65,0,39,168643.19,149793,284,78,0,0
697300,1,63,2498,65,0,39,168643.19,149793,284,78,0,0
697300,1,63,2498,65,0,39,168643.19,149793,284,78,0,0
697563,1,63,2518,65,0,39,168644.22,149793,284,78,0,0
697680,1,63,2515,62,0,39,168644.22,149793,284,78,0,0
697800,1,63,2520,62,0,39,168644.22,149793,284,78,0,0
697815,1,63,2520,62,0,39,168644.22,149793,284,78,0,0
698035,1,63,2549,62,0,39,168644.22,149793,284,78,0,0
698138,1,63,2547,62,0,39,168644.22,149793,284,78,0,0
698263,1,64,2534,62,0,39,168644.22,149793,284,78,0,0
698300,1,64,2534,62,0,39,168644.22,149793,284,78,0,0
698510,1,64,2536,55,0,39,168645.27,149793,284,78,0,0
698621,1,64,2532,55,0,39,168645.27,149793,284,78,0,0
698735,1,64,2551,55,0,39,168645.27,149793,284,78,0,0
698852,1,64,2543,55,0,39,168645.27,149793,284,78,0,0
698963,1,64,2529,55,0,39,168645.27,149793,284,78,0,0
699063,1,64,2535,53,0,39,168645.27,149793,284,78,0,0
699216,1,64,2539,52,0,39,168646.27,149793,284,78,0,0
699316,1,64,2537,52,0,39,168646.27,149793,284,78,0,0
699316,1,64,2537,52,0,39,168646.27,149793,284,78,0,0
699563,1,64,2551,50,0,39,168646.27,149793,284,78,0,0
699680,1,65,2587,49,0,39,168646.27,149793,284,78,0,0
699810,1,64,2586,49,0,39,168646.27,149793,284,78,0,0
699959,1,64,2554,49,0,39,168646.27,149793,284,78,0,0
700063,1,64,2570,49,0,39,168646.27,149793,284,78,0,0
700180,1,64,2571,49,0,39,168646.27,149793,284,78,0,0
700316,1,64,2578,49,0,39,168647.28,149793,284,78,0,0
700446,1,64,2580,49,0,39,168647.28,149793,284,78,0,0
700563,1,64,2574,49,0,39,168647.28,149793,284,78,0,0
700680,1,65,2575,49,0,39,168647.28,149793,284,78,0,0
700810,1,65,2582,48,0,39,168647.28,149793,284,78,0,0
700852,1,65,2582,48,0,39,168647.28,149793,284,78,0,0
701035,1,65,2584,43,0,39,168647.28,149793,284,78,0,0
701160,1,65,2570,39,0,39,168647.28,149793,284,78,0,0
701262,1,65,2585,39,0,39,168647.28,149793,284,78,0,0
701335,1,65,2585,38,0,39,168648.33,149793,284,78,0,0
701471,1,65,2576,38,0,39,168648.33,149793,284,78,0,0
701635,1,65,2566,38,0,39,168648.33,149793,284,78,0,0
701735,1,65,2560,38,0,39,168648.33,149793,284,78,0,0
701810,1,65,2562,38,0,39,168648.33,149793,284,78,0,0
701963,1,65,2570,38,0,39,168648.33,149793,284,78,0,0
702063,1,65,2572,38,0,39,168648.33,149793,284,78,0,0
702216,1,65,2574,38,0,39,168648.33,149793,284,78,0,0
702343,1,65,2568,38,0,39,168648.33,149793,284,78,0,0
702471,1,65,2565,38,0,39,168648.33,149793,284,78,0,0
702563,1,65,2568,38,0,39,168648.33,149793,284,78,0,0
702710,1,65,2570,38,0,39,168649.36,149793,284,78,0,0
702810,1,65,2571,38,0,39,168649.36,149793,284,78,0,0
702810,1,65,2571,38,0,39,168649.36,149793,284,78,0,0
703063,1,65,2565,38,0,39,168649.36,149793,284,78,0,0
703180,1,65,2566,38,0,39,168649.36,149793,284,78,0,0
703310,1,65,2571,38,0,39,168649.36,149793,284,78,0,0
703335,1,65,2571,38,0,39,168649.36,149793,284,78,0,0
703535,1,64,2574,39,0,39,168649.36,149793,284,78,0,0
703666,1,65,2568,39,0,39,168649.36,149793,284,78,0,0
703763,1,65,2570,39,0,39,168649.36,149793,284,78,0,0
703816,1,65,2570,40,0,39,168649.36,149793,284,78,0,0
704016,1,65,2579,40,0,39,168650.41,149793,284,78,0,0
704135,1,64,2582,40,0,39,168650.41,149793,284,78,0,0
704260,1,65,2583,40,0,39,168650.41,149793,284,78,0,0
704300,1,65,2583,40,0,39,168650.41,149793,284,78,0,0
704495,1,65,2578,40,0,39,168650.41,149793,298,78,0,0
704616,1,65,2583,40,0,39,168650.41,149793,298,78,0,0
704716,1,65,2584,29,0,39,168650.41,149793,298,78,0,0
704835,1,65,2585,11,0,39,168650.41,149793,298,78,0,0
704982,1,65,2571,11,0,39,168650.41,149793,298,78,0,0
705063,1,64,2457,0,0,39,168650.41,149793,298,78,0,0
705216,1,64,2291,0,0,39,168650.41,149793,298,78,0,0
705310,1,64,2208,0,0,39,168650.41,149793,298,78,0,0
705445,1,64,2144,0,0,39,168650.41,149793,298,78,0,0
705563,1,64,1913,0,0,39,168650.41,149793,298,78,0,0
705680,1,64,1882,0,0,39,168650.41,149793,298,78,0,0
705815,1,64,1782,0,0,39,168651.42,149793,298,78,0,0
705963,1,64,1671,0,0,39,168651.42,149793,298,78,0,0
706063,1,64,1621,0,0,39,168651.42,149793,298,78,0,0
706210,1,63,1569,0,0,39,168651.42,149793,298,78,0,0
706300,1,63,1549,0,0,39,168651.42,149793,298,78,0,0
706445,1,63,1581,0,0,39,168651.42,149793,298,78,0,0
706563,1,64,2066,0,0,39,168651.42,149793,298,78,0,0
706680,1,63,2003,0,0,39,168651.42,149793,298,78,0,0
706810,1,63,2016,0,0,39,168651.42,149793,298,78,0,0
706848,1,62,1984,0,0,39,168651.42,149793,298,78,0,0
707063,1,63,1993,0,0,39,168651.42,149793,298,78,0,0
707180,1,62,2025,18,0,39,168651.42,149793,298,78,0,0
707300,1,62,1995,24,0,39,168651.42,149793,298,78,0,0
707335,1,62,1963,32,0,39,168651.42,149793,298,78,0,0
707535,1,62,2013,44,0,39,168651.42,149793,298,78,0,0
707635,1,62,2001,50,0,39,168651.42,149793,298,78,0,0
707763,1,62,2000,50,0,39,168651.42,149793,298,78,0,0
707815,1,62,2032,50,0,39,168651.42,149793,298,78,0,0
708015,1,62,2013,50,0,39,168651.42,149793,298,78,0,0
708121,1,62,2010,50,0,39,168652.47,149793,298,78,0,0
708235,1,62,2009,50,0,39,168652.47,149793,298,78,0,0
708315,1,62,2007,50,0,39,168652.47,149793,298,78,0,0
708467,1,62,2007,50,0,39,168652.47,149793,298,78,0,0
708615,1,62,1993,50,0,39,168652.47,149793,298,78,0,0
708735,1,62,1994,50,0,39,168652.47,149793,298,78,0,0
708815,1,62,1994,50,0,39,168652.47,149793,298,78,0,0
708963,1,62,2001,50,0,39,168652.47,149793,298,78,0,0
709063,1,62,2001,50,0,39,168652.47,149793,298,78,0,0
709215,1,63,2001,50,0,39,168652.47,149793,298,78,0,0
709335,1,62,1997,50,0,39,168653.48,149793,298,78,0,0
709466,1,62,1994,50,0,39,168653.48,149793,298,78,0,0
709563,1,63,1992,49,0,39,168653.48,149793,298,78,0,0
709680,1,63,1991,47,0,39,168653.48,149793,298,78,0,0
709815,1,63,1995,46,0,39,168653.48,149793,298,78,0,0
709963,1,63,1987,46,0,39,168653.48,149793,298,78,0,0
710063,1,63,1986,46,0,39,168653.48,149793,298,78,0,0
710184,1,63,1986,46,0,39,168653.48,149793,298,78,0,0
710315,1,63,1987,46,0,39,168653.48,149793,298,78,0,0
710339,1,63,1987,46,0,39,168653.48,149793,298,78,0,0
710563,1,63,1988,46,0,39,168653.48,149793,298,78,0,0
710680,1,63,1988,46,0,39,168654.50,149793,298,78,0,0
710815,1,63,1989,46,0,39,168654.50,149793,298,78,0,0
710952,1,63,1989,46,0,39,168654.50,149793,298,78,0,0
711063,1,63,1989,46,0,39,168654.50,149793,298,78,0,0
711180,1,63,1989,46,0,39,168654.50,149793,298,78,0,0
711300,1,63,1986,46,0,39,168654.50,149793,298,78,0,0
711315,1,63,1986,46,0,39,168654.50,149793,298,78,0,0
711535,1,63,2013,45,0,39,168654.50,149793,298,78,0,0
711660,1,63,2014,43,0,39,168654.50,149793,298,78,0,0
711763,1,63,1984,43,0,39,168654.50,149793,298,78,0,0
711815,1,63,1984,43,0,39,168654.50,149793,298,78,0,0
712015,1,63,2010,40,0,39,168654.50,149793,298,78,0,0
712121,1,63,2009,40,0,39,168655.55,149793,298,79,0,0
712235,1,63,2004,40,0,39,168655.55,149793,298,79,0,0
712315,1,63,2001,40,0,39,168655.55,149793,298,79,0,0
712464,1,63,2001,40,0,39,168655.55,149793,298,79,0,0
712563,1,63,2000,40,0,39,168655.55,149793,298,79,0,0
712715,1,63,2001,40,0,39,168655.55,149793,298,79,0,0
712815,1,63,2001,40,0,39,168655.55,149793,298,79,0,0
712963,1,63,2002,40,0,39,168655.55,149793,298,79,0,0
713063,1,63,2002,40,0,39,168655.55,149793,298,79,0,0
713215,1,63,1997,40,0,39,168655.55,149793,298,79,0,0
713315,1,63,1996,40,0,39,168655.55,149793,298,79,0,0
713465,1,63,1997,40,0,39,168655.55,149793,298,79,0,0
713563,1,63,2000,38,0,39,168655.55,149793,298,79,0,0
713680,1,63,2002,35,0,39,168656.58,149793,298,79,0,0
713815,1,63,2001,34,0,39,168656.58,149793,298,79,0,0
713963,1,63,1988,34,0,39,168656.58,149793,298,79,0,0
714063,1,63,1987,34,0,39,168656.58,149793,298,79,0,0
714180,1,62,1987,34,0,39,168656.58,149793,298,79,0,0
714315,1,63,1988,33,0,39,168656.58,149793,298,79,0,0
714315,1,63,1988,33,0,39,168656.58,149793,298,79,0,0
714563,1,63,1988,33,0,39,168656.58,149793,298,79,0,0
714680,1,63,1987,32,0,39,168656.58,149793,298,79,0,0
714800,1,63,1986,32,0,39,168656.58,149793,298,79,0,0
714832,1,63,1986,32,0,39,168656.58,149793,298,79,0,0
715035,1,62,2012,32,0,39,168656.58,149793,298,79,0,0
715165,1,62,1976,32,0,39,168656.58,149793,298,79,0,0
715263,1,62,2007,32,0,39,168656.58,149793,298,79,0,0
715315,1,62,2007,31,0,39,168657.61,149793,298,79,0,0
715515,1,62,2010,31,0,39,168657.61,149794,298,79,0,0
715635,1,62,2010,34,0,39,168657.61,149794,298,79,0,0
715759,1,62,2010,37,0,39,168657.61,149794,298,79,0,0
715841,1,62,2011,37,0,39,168657.61,149794,298,79,0,0
715963,1,62,1991,37,0,39,168657.61,149794,298,79,0,0
716115,1,62,1993,30,0,39,168657.61,149794,298,79,0,0
716215,1,62,1958,8,0,39,168657.61,149794,298,79,0,0
716315,1,62,1964,0,0,39,168657.61,149794,298,79,0,0
716464,1,62,1957,0,0,39,168657.61,149794,298,79,0,0
716563,1,62,1955,0,0,39,168657.61,149794,298,79,0,0
716715,1,62,1954,0,0,39,168657.61,149794,298,79,0,0
716815,1,62,1955,0,0,39,168657.61,149794,298,79,0,0
716959,1,62,1955,0,0,39,168657.61,149794,298,79,0,0
717063,1,62,1954,0,0,39,168657.61,149794,298,79,0,0
717180,1,61,1921,0,0,39,168657.61,149794,298,79,0,0
717315,1,61,1982,0,0,39,168658.62,149794,298,79,0,0
717336,1,61,1982,0,0,39,168658.62,149794,298,79,0,0
717550,1,61,1934,0,0,39,168658.62,149794,298,79,0,0
717665,1,61,1950,0,0,39,168658.62,149794,298,79,0,0
717763,1,60,1946,0,0,39,168658.62,149794,298,79,0,0
717834,1,60,1946,0,0,39,168658.62,149794,298,79,0,0
718017,1,60,1933,0,0,39,168658.62,149794,298,79,0,0
718134,1,60,1950,8,0,39,168658.62,149794,298,79,0,0
718263,1,60,1950,26,0,39,168658.62,149794,298,79,0,0
718334,1,60,1982,39,0,39,168658.62,149794,298,79,0,0
718464,1,60,1917,39,0,39,168658.62,149794,298,79,0,0
718621,1,60,1890,39,0,39,168658.62,149794,298,79,0,0
718735,1,60,1892,31,0,39,168658.62,149794,298,79,0,0
718834,1,60,1917,24,0,39,168658.62,149794,298,79,0,0
718973,1,60,1899,17,0,39,168658.62,149794,298,79,0,0
719063,1,60,1899,11,0,39,168658.62,149794,298,79,0,0
719215,1,60,1919,5,0,39,168658.62,149794,298,79,0,0
719315,1,60,1906,4,0,39,168658.62,149794,298,79,0,0
719465,1,59,1893,4,0,39,168658.62,149794,298,79,0,0
719563,1,59,1891,3,0,39,168658.62,149794,298,79,0,0
719679,1,59,1890,3,0,39,168658.62,149794,298,79,0,0
719815,1,59,1890,14,0,39,168659.64,149794,298,79,0,0
719835,1,59,1890,14,0,39,168659.64,149794,298,79,0,0
720049,1,59,1894,16,0,39,168659.64,149794,298,79,0,0
720165,1,59,1888,16,0,39,168659.64,149794,298,79,0,0
720264,1,59,1890,16,0,39,168659.64,149794,298,79,0,0
720334,1,59,1890,16,0,39,168659.64,149794,298,79,0,0
720485,1,59,1890,16,0,39,168659.64,149794,298,79,0,0
720634,1,59,1887,14,0,39,168659.64,149794,298,79,0,0
720763,1,59,1864,14,0,39,168659.64,149794,298,79,0,0
720815,1,59,1864,13,0,39,168659.64,149794,298,79,0,0
720972,1,59,1864,13,0,39,168659.64,149794,298,79,0,0
721120,1,59,1866,13,0,39,168659.64,149794,298,79,0,0
721234,1,59,1866,13,0,39,168659.64,149794,298,79,0,0
721315,1,59,1868,13,0,39,168659.64,149794,298,79,0,0
721515,1,58,1869,13,0,39,168659.64,149794,298,79,0,0
721634,1,58,1869,13,0,39,168659.64,149794,298,79,0,0
721735,1,58,1869,13,0,39,168659.64,149794,298,79,0,0
721835,1,58,1870,13,0,39,168659.64,149794,298,79,0,0
721971,1,58,1871,13,0,39,168659.64,149794,298,79,0,0
722115,1,58,1871,13,0,39,168660.66,149794,298,79,0,0
722215,1,58,1869,28,0,39,168660.66,149794,298,79,0,0
722334,1,58,1874,28,0,39,168660.66,149794,298,79,0,0
722465,1,58,1867,28,0,39,168660.66,149794,298,79,0,0
722563,1,58,1836,28,0,39,168660.66,149794,298,79,0,0
722715,1,58,1866,28,0,39,168660.66,149794,298,80,0,0
722815,1,58,1834,28,0,39,168660.66,149794,298,80,0,0
722854,1,58,1834,28,0,39,168660.66,149794,298,80,0,0
723064,1,58,1869,28,0,39,168660.66,149794,298,80,0,0
723180,1,58,1870,28,0,39,168660.66,149794,298,80,0,0
723299,1,58,1870,28,0,39,168660.66,149794,298,80,0,0
723348,1,58,1838,28,0,39,168660.66,149794,298,80,0,0
723534,1,58,1839,35,0,39,168660.66,149794,298,80,0,0
723634,1,58,1871,44,0,39,168660.66,149794,298,80,0,0
723763,1,58,1862,52,0,39,168660.66,149794,298,80,0,0
723816,1,58,1862,65,0,39,168661.67,149794,298,80,0,0
723970,1,58,1862,65,0,39,168661.67,149794,298,80,0,0
724120,1,58,1869,68,0,39,168661.67,149794,298,80,0,0
724234,1,58,1875,68,0,39,168661.67,149794,298,80,0,0
724334,1,58,1874,69,0,39,168661.67,149794,298,80,0,0
724483,1,58,1872,69,0,39,168661.67,149794,298,80,0,0
724564,1,58,1864,69,0,39,168661.67,149794,298,80,0,0
724715,1,58,1870,69,0,39,168661.67,149794,298,80,0,0
724834,1,59,1872,69,0,39,168661.67,149794,298,80,0,0
724834,1,59,1872,69,0,39,168661.67,149794,298,80,0,0
725064,1,59,1872,69,0,39,168662.72,149794,298,80,0,0
725179,1,59,1872,67,0,39,168662.72,149794,298,80,0,0
725315,1,59,1872,52,0,39,168662.72,149794,298,80,0,0
725460,1,59,1863,52,0,39,168662.72,149794,298,80,0,0
725563,1,59,1897,44,0,39,168662.72,149794,298,80,0,0
725679,1,59,1911,43,0,39,168662.72,149794,298,80,0,0
725764,1,59,1901,43,0,39,168662.72,149794,298,80,0,0
725836,1,59,1869,43,0,39,168662.72,149794,298,80,0,0
726050,1,59,1903,57,0,39,168662.72,149794,298,80,0,0
726165,1,59,1914,61,0,39,168663.75,149794,298,80,0,0
726264,1,59,1892,67,0,39,168663.75,149794,298,80,0,0
726334,1,59,1892,70,0,39,168663.75,149794,298,80,0,0
726481,1,59,1907,70,0,39,168663.75,149794,298,80,0,0
726634,1,59,1901,71,0,39,168663.75,149794,298,80,0,0
726763,1,59,1913,69,0,39,168663.75,149794,298,80,0,0
726815,1,59,1913,66,0,39,168663.75,149794,298,80,0,0
726968,1,60,1913,66,0,39,168663.75,149794,298,80,0,0
727120,1,60,1889,58,0,39,168663.75,149794,298,80,0,0
727234,1,60,1900,58,0,39,168664.80,149794,298,80,0,0
727334,1,60,1919,58,0,39,168664.80,149794,298,80,0,0
727481,1,60,1913,58,0,39,168664.80,149794,298,80,0,0
727563,1,60,1951,58,0,39,168664.80,149794,298,80,0,0
727715,1,60,1921,61,0,39,168664.80,149794,298,80,0,0
727815,1,60,1924,63,0,39,168664.80,149794,298,80,0,0
727967,1,60,1924,63,0,39,168664.80,149794,298,80,0,0
728064,1,60,1940,65,0,39,168664.80,149794,298,80,0,0
728209,1,60,1946,69,0,39,168664.80,149794,298,80,0,0
728315,1,60,1920,71,0,39,168665.81,149794,298,80,0,0
728334,1,61,1920,71,0,39,168665.81,149794,298,80,0,0
728564,1,60,1944,71,0,39,168665.81,149794,298,80,0,0
728679,1,61,1947,71,0,39,168665.81,149794,298,80,0,0
728799,1,61,1981,71,0,39,168665.81,149794,298,80,0,0
728814,1,61,1949,72,0,39,168665.81,149794,298,80,0,0
729034,1,61,1978,72,0,39,168665.81,149794,298,80,0,0
729134,1,61,1973,72,0,39,168665.81,149794,298,80,0,0
729263,1,61,1973,72,0,39,168666.83,149794,298,80,0,0
729334,1,61,1973,71,0,39,168666.83,149794,298,80,0,0
729479,1,61,1977,71,0,39,168666.83,149794,298,80,0,0
729634,1,61,1972,66,0,39,168666.83,149794,298,80,0,0
729734,1,61,1957,66,0,39,168666.83,149794,298,80,0,0
729815,1,61,1954,66,0,39,168666.83,149794,298,80,0,0
729966,1,62,1954,66,0,39,168666.83,149794,298,80,0,0
730115,1,61,1952,66,0,39,168666.83,149794,298,80,0,0
730234,1,62,1987,66,0,39,168666.83,149794,298,80,0,0
730334,1,62,1991,66,0,39,168667.86,149794,298,80,0,0
730479,1,62,1992,66,0,39,168667.86,149794,298,80,0,0
730615,1,62,1993,66,0,39,168667.86,149794,298,80,0,0
730734,1,62,1993,66,0,39,168667.86,149794,298,80,0,0
730837,1,62,1987,66,0,39,168667.86,149794,298,80,0,0
730991,1,62,1984,66,0,39,168667.86,149794,298,80,0,0
731064,1,62,2011,66,0,39,168667.86,149794,298,80,0,0
731215,1,63,2009,66,0,39,168667.86,149794,298,80,0,0
731334,1,63,2007,65,0,39,168668.86,149794,298,80,0,0
731334,1,63,2007,65,0,39,168668.86,149794,298,80,0,0
731563,1,63,2015,61,0,39,168668.86,149794,298,80,0,0
731715,1,63,2012,44,0,39,168668.86,149794,298,80,0,0
731834,1,63,2025,39,0,39,168668.86,149794,298,80,0,0
731834,1,63,2025,39,0,39,168668.86,149794,298,80,0,0
732064,1,63,2007,38,0,39,168668.86,149794,298,80,0,0
732179,1,63,2007,36,0,39,168668.86,149794,298,80,0,0
732309,1,63,2009,35,0,39,168668.86,149794,298,80,0,0
732365,1,63,2009,35,0,39,168668.86,149794,298,80,0,0
732515,1,63,2013,35,0,39,168668.86,149794,298,80,0,0
732665,1,63,2013,35,0,39,168669.86,149794,298,80,0,0
732763,1,63,2009,35,0,39,168669.86,149794,298,80,0,0
732834,1,63,2009,35,0,39,168669.86,149794,298,80,0,0
732990,1,63,2040,35,0,39,168669.86,149794,298,80,0,0
733134,1,63,2007,35,0,39,168669.86,149794,298,80,0,0
733259,1,63,2039,35,0,39,168669.86,149794,298,80,0,0
733334,1,63,2011,35,0,39,168669.86,149794,298,80,0,0
733477,1,63,2012,35,0,39,168669.86,149794,298,80,0,0
733620,1,63,2008,35,0,39,168669.86,149794,298,80,0,0
733734,1,63,2007,35,0,39,168669.86,149794,298,80,0,0
733835,1,63,2005,34,0,39,168669.86,149794,298,80,0,0
733989,1,63,2009,34,0,39,168669.86,149794,298,80,0,0
734123,1,63,2012,34,0,39,168669.86,149794,298,80,0,0
734234,1,63,2011,34,0,39,168670.88,149794,298,80,0,0
734334,1,63,2008,34,0,39,168670.88,149794,298,80,0,0
734476,1,63,2007,34,0,39,168670.88,149794,298,80,0,0
734564,1,63,2004,34,0,39,168670.88,149794,298,80,0,0
734715,1,62,2008,34,0,39,168670.88,149794,298,80,0,0
734835,1,62,2010,34,0,39,168670.88,149794,298,80,0,0
734989,1,62,2011,34,0,39,168670.88,149794,298,80,0,0
735067,1,62,2007,34,0,39,168670.88,149794,298,80,0,0
735218,1,62,2006,34,0,39,168670.88,149794,298,80,0,0
735334,1,62,2011,34,0,39,168670.88,149794,298,80,0,0
735369,1,62,2011,34,0,39,168670.88,149794,298,80,0,0
735564,1,62,2013,34,0,39,168670.88,149794,298,80,0,0
735679,1,62,2013,34,0,39,168671.89,149794,298,80,0,0
735817,1,62,2011,34,0,39,168671.89,149794,298,80,0,0
735867,1,62,2013,34,0,39,168671.89,149794,298,80,0,0
736059,1,62,1984,34,0,39,168671.89,149794,298,80,0,0
736165,1,62,1984,34,0,39,168671.89,149794,298,80,0,0
736267,1,62,2011,34,0,39,168671.89,149794,298,80,0,0
736367,1,62,2010,34,0,39,168671.89,149794,298,80,0,0
736514,1,62,2010,34,0,39,168671.89,149794,298,80,0,0
736634,1,62,2015,34,0,39,168671.89,149794,298,80,0,0
736764,1,62,1984,34,0,39,168671.89,149794,298,80,0,0
736834,1,62,1984,34,0,39,168671.89,149794,298,80,0,0
736987,1,62,1985,34,0,39,168671.89,149794,298,80,0,0
737134,1,62,2011,34,0,39,168671.89,149794,298,80,0,0
737234,1,62,2012,34,0,39,168672.89,149794,298,80,0,0
737361,1,62,1984,34,0,39,168672.89,149794,298,80,0,0
737500,1,62,1985,34,0,39,168672.89,149794,298,80,0,0
737621,1,62,1986,34,0,39,168672.89,149794,298,80,0,0
737734,1,62,2015,35,0,39,168672.89,149794,298,80,0,0
737834,1,62,2013,35,0,39,168672.89,149794,298,80,0,0
737987,1,62,2015,35,0,39,168672.89,149794,298,80,0,0
738115,1,62,1988,35,0,39,168672.89,149794,298,80,0,0
738234,1,62,1958,35,0,39,168672.89,149794,298,80,0,0
738334,1,62,1992,35,0,39,168672.89,149794,298,80,0,0
738372,1,62,1961,35,0,39,168672.89,149794,298,80,0,0
738564,1,62,1987,35,0,39,168672.89,149794,298,80,0,0
738709,1,62,1954,35,0,39,168673.92,149794,298,80,0,0
738817,1,62,1986,35,0,39,168673.92,149794,298,80,0,0
738867,1,62,1989,35,0,39,168673.92,149794,298,80,0,0
739059,1,62,1991,35,0,39,168673.92,149794,298,80,0,0
739179,1,62,1961,35,0,39,168673.92,149794,298,80,0,0
739299,1,62,1956,35,0,39,168673.92,149794,298,80,0,0
739334,1,62,1956,35,0,39,168673.92,149794,298,80,0,0
739515,1,62,1987,35,0,39,168673.92,149794,298,80,0,0
739634,1,62,1959,35,0,39,168673.92,149794,298,80,0,0
739766,1,62,1960,35,0,39,168673.92,149794,298,80,0,0
739867,1,62,1961,35,0,39,168673.92,149794,298,80,0,0
740014,1,62,1992,35,0,39,168673.92,149794,298,80,0,0
740134,1,62,1956,35,0,39,168674.94,149794,298,80,0,0
740267,1,62,1992,35,0,39,168674.94,149794,298,80,0,0
740334,1,62,1960,35,0,39,168674.94,149794,298,80,0,0
740498,1,62,1960,35,0,39,168674.94,149794,298,80,0,0
740617,1,62,1955,35,0,39,168674.94,149794,298,80,0,0
740734,1,62,1985,35,0,39,168674.94,149794,298,80,0,0
740834,1,62,1952,35,0,39,168674.94,149794,298,80,0,0
740985,1,62,1987,35,0,39,168674.94,149794,298,80,0,0
741117,1,62,1991,35,0,39,168674.94,149794,298,80,0,0
741234,1,62,1992,35,0,39,168674.94,149794,298,80,0,0
741362,1,62,1993,35,0,39,168674.94,149794,298,80,0,0
741498,1,62,2002,35,0,39,168674.94,149794,298,80,0,0
741617,1,62,1965,35,0,39,168675.97,149794,298,80,0,0
741734,1,62,1993,35,0,39,168675.97,149794,298,80,0,0
741834,1,62,1956,35,0,39,168675.97,149794,298,80,0,0
741984,1,62,1987,35,0,39,168675.97,149794,298,80,0,0
742067,1,62,1953,35,0,39,168675.97,149794,298,80,0,0
742217,1,62,1953,35,0,39,168675.97,149794,298,80,0,0
742334,1,62,1984,35,0,39,168675.97,149794,298,80,0,0
742471,1,62,1957,35,0,39,168675.97,149794,298,80,0,0
742566,1,62,1996,35,0,39,168675.97,149794,298,80,0,0
742717,1,62,1972,35,0,39,168675.97,149794,298,80,0,0
742833,1,62,1967,35,0,39,168675.97,149794,298,80,0,0
742833,1,62,1967,35,0,39,168675.97,149794,298,80,0,0
743066,1,62,1957,35,0,39,168675.97,149794,298,80,0,0
743209,1,62,1987,35,0,39,168676.98,149794,298,80,0,0
743316,1,62,1986,35,0,39,168676.98,149794,298,80,0,0
743334,1,62,1986,35,0,39,168676.98,149794,298,80,0,0
743559,1,62,1984,35,0,39,168676.98,149794,298,80,0,0
743679,1,62,1958,35,0,39,168676.98,149794,298,80,0,0
743799,1,62,1991,35,0,39,168676.98,149794,298,80,0,0
743867,1,62,1993,35,0,39,168676.98,149794,298,80,0,0
744016,1,62,1993,35,0,39,168676.98,149794,298,80,0,0
744159,1,62,1988,35,0,39,168676.98,149794,298,80,0,0
744266,1,62,1954,35,0,39,168676.98,149794,298,80,0,0
744366,1,62,1956,35,0,39,168676.98,149794,298,80,0,0
744366,1,62,1956,35,0,39,168676.98,149794,298,80,0,0
744633,1,62,1992,35,0,39,168676.98,149794,298,80,0,0
744733,1,62,1993,35,0,39,168677.98,149794,298,80,0,0
744867,1,62,1995,35,0,39,168677.98,149794,298,80,0,0
745008,1,62,1995,35,0,39,168677.98,149794,298,80,0,0
745117,1,62,1957,35,0,39,168677.98,149794,298,80,0,0
745233,1,62,1956,35,0,39,168677.98,149794,298,80,0,0
745362,1,62,1957,35,0,39,168677.98,149794,298,80,0,0
745495,1,62,1960,35,0,39,168677.98,149794,298,80,0,0
745617,1,62,1962,35,0,39,168677.98,149794,298,80,0,0
745733,1,62,1961,35,0,39,168677.98,149794,298,80,0,0
745861,1,62,1956,35,0,39,168677.98,149794,298,80,0,0
745866,1,62,1955,35,0,39,168677.98,149794,298,80,0,0
746066,1,62,1956,35,0,39,168679.00,149794,298,80,0,0
746217,1,62,1958,35,0,39,168679.00,149794,298,80,0,0
746333,1,62,1960,35,0,39,168679.00,149794,298,80,0,0
746367,1,62,1961,35,0,39,168679.00,149794,298,80,0,0
746566,1,62,1958,35,0,39,168679.00,149794,298,80,0,0
746678,1,62,1956,35,0,39,168679.00,149794,298,80,0,0
746816,1,62,1955,31,0,39,168679.00,149794,298,80,0,0
746866,1,62,1958,31,0,39,168679.00,149794,298,80,0,0
747051,1,62,1957,29,0,39,168679.00,149794,298,80,0,0
747158,1,62,1980,29,0,39,168679.00,149794,298,80,0,0
747266,1,62,1976,29,0,39,168679.00,149794,298,80,0,0
747366,1,62,1972,28,0,39,168679.00,149794,298,80,0,0
747519,1,62,1972,26,0,39,168679.00,149794,298,80,0,0
747633,1,62,1971,21,0,39,168680.03,149794,298,80,0,0
747766,1,61,1963,20,0,39,168680.03,149794,298,80,0,0
747833,1,61,1963,20,0,39,168680.03,149794,298,80,0,0
748008,1,61,1958,20,0,39,168680.03,149794,298,80,0,0
748133,1,61,1954,20,0,39,168680.03,149794,298,80,0,0
748233,1,61,1952,20,0,39,168680.03,149794,298,80,0,0
748366,1,61,1981,20,0,39,168680.03,149794,298,80,0,0
748493,1,61,1981,20,0,39,168680.03,149794,298,80,0,0
748617,1,61,1954,20,0,39,168680.03,149794,298,80,0,0
748733,1,61,1955,20,0,39,168680.03,149794,298,80,0,0
748833,1,61,1955,20,0,39,168680.03,149794,298,80,0,0
748866,1,61,1955,20,0,39,168680.03,149794,298,80,0,0
749114,1,61,1952,20,0,39,168680.03,149794,298,80,0,0
749233,1,61,1983,20,0,39,168680.03,149794,298,80,0,0
749333,1,61,1950,20,0,39,168680.03,149794,298,80,0,0
749372,1,61,1982,20,0,39,168680.03,149794,298,80,0,0
749569,1,61,1982,20,0,39,168681.05,149794,298,80,0,0
749678,1,61,1954,20,0,39,168681.05,149794,298,80,0,0
749816,1,61,1922,20,0,39,168681.05,149794,298,80,0,0
749866,1,61,1922,20,0,39,168681.05,149794,298,80,0,0
750058,1,61,1923,20,0,39,168681.05,149794,298,80,0,0
750166,1,61,1923,20,0,39,168681.05,149794,298,80,0,0
750266,1,61,1920,20,0,39,168681.05,149794,298,80,0,0
750366,1,61,1951,20,0,39,168681.05,149794,298,80,0,0
750533,1,61,1951,20,0,39,168681.05,149794,298,80,0,0
750658,1,61,1948,20,0,39,168681.05,149794,298,80,0,0
750766,1,60,1951,20,0,39,168681.05,149794,298,80,0,0
750866,1,60,1951,20,0,39,168681.05,149794,298,80,0,0
750866,1,60,1951,20,0,39,168681.05,149794,298,80,0,0
751133,1,60,1920,20,0,39,168681.05,149794,298,80,0,0
751233,1,60,1920,20,0,39,168681.05,149794,298,80,0,0
751366,1,60,1950,20,0,39,168681.05,149794,298,80,0,0
751366,1,60,1950,20,0,39,168681.05,149794,298,80,0,0
751633,1,60,1948,20,0,39,168682.05,149794,298,80,0,0
751733,1,60,1947,20,0,39,168682.05,149794,298,80,0,0
751866,1,60,1950,20,0,39,168682.05,149794,298,80,0,0
752004,1,60,1918,20,0,39,168682.05,149794,298,80,0,0
752117,1,60,1951,20,0,39,168682.05,149794,298,80,0,0
752233,1,60,1920,20,0,39,168682.05,149794,298,80,0,0
752361,1,60,1920,20,0,39,168682.05,149794,298,80,0,0
752366,1,60,1920,20,0,39,168682.05,149794,298,80,0,0
752567,1,60,1888,20,0,39,168682.05,149794,298,80,0,0
752717,1,60,1914,20,0,39,168682.05,149794,298,80,0,0
752833,1,60,1913,20,0,39,168682.05,149794,298,80,0,0
752867,1,60,1945,20,0,39,168682.05,149794,298,80,0,0
753066,1,60,1917,20,0,39,168682.05,149794,298,80,0,0
753182,1,60,1918,20,0,39,168682.05,149794,298,80,0,0
753298,1,60,1919,20,0,39,168682.05,149794,298,80,0,0
753368,1,60,1919,18,0,39,168682.05,149794,298,80,0,0
753541,1,60,1919,14,0,39,168682.05,149794,298,80,0,0
753658,1,59,1917,12,0,39,168683.06,149794,298,80,0,0
753766,1,59,1903,12,0,39,168683.06,149794,298,80,0,0
753866,1,59,1898,9,0,39,168683.06,149794,298,80,0,0
754017,1,59,1895,0,0,39,168683.06,149794,298,80,0,0
754133,1,59,1886,0,0,39,168683.06,149794,298,80,0,0
754258,1,59,1882,0,0,39,168683.06,149794,298,80,0,0
754366,1,59,1909,0,0,39,168683.06,149794,298,80,0,0
754515,1,59,1909,0,0,39,168683.06,149794,298,80,0,0
754633,1,59,1909,0,0,39,168683.06,149794,298,80,0,0
754733,1,59,1878,0,0,39,168683.06,149794,298,80,0,0
754833,1,59,1880,0,0,39,168683.06,149794,298,80,0,0
754891,1,59,1864,0,0,39,168683.06,149794,298,80,0,0
755070,1,58,1871,0,0,39,168683.06,149794,298,80,0,0
755217,1,58,1866,0,0,39,168683.06,149794,298,80,0,0
755333,1,58,1866,0,0,39,168683.06,149794,298,80,0,0
755364,1,58,1866,0,0,39,168683.06,149794,298,80,0,0
755566,1,58,1852,0,0,39,168683.06,149794,298,80,0,0
755678,1,58,1837,0,0,39,168683.06,149794,298,80,0,0
755808,1,58,1851,0,0,39,168683.06,149794,298,80,0,0
755866,1,57,1837,0,0,39,168683.06,149794,298,80,0,0
756033,1,57,1837,0,0,39,168683.06,149794,298,80,0,0
756178,1,57,1847,0,0,39,168683.06,149794,298,80,0,0
756298,1,57,1837,0,0,39,168683.06,149794,298,80,0,0
756366,1,57,1792,0,0,39,168683.06,149794,298,80,0,0
756516,1,57,1792,0,0,39,168683.06,149794,298,80,0,0
756666,1,56,1792,0,0,39,168683.06,149794,298,80,0,0
756766,1,56,1792,0,0,39,168683.06,149794,298,80,0,0
756866,1,56,1664,0,0,39,168683.06,149794,298,80,0,0
757016,1,56,1504,0,0,39,168683.06,149794,298,80,0,0
757133,1,56,1523,0,0,39,168683.06,149794,298,80,0,0
757266,1,56,1481,0,0,39,168683.06,149794,298,80,0,0
757366,1,56,1456,0,0,39,168683.06,149794,298,80,0,0
757513,1,56,1424,0,0,39,168683.06,149794,298,80,0,0
757617,1,56,1352,0,0,39,168683.06,149794,298,80,0,0
757733,1,56,1320,0,0,39,168683.06,149794,298,80,0,0
757833,1,56,1385,0,0,39,168683.06,149794,298,80,0,0
757873,1,56,1416,0,0,39,168683.06,149794,298,80,0,0
758068,1,55,1956,0,0,39,168684.08,149794,298,80,0,0
758217,1,55,2440,0,0,39,168684.08,149794,298,80,0,0
758333,1,54,2802,0,0,39,168684.08,149794,298,80,0,0
758366,1,54,2916,0,0,39,168684.08,149794,298,80,0,0
758548,1,54,2916,0,0,39,168684.08,149794,298,80,0,0
758678,1,54,2822,0,0,39,168684.08,149794,298,80,0,0
758816,1,53,2812,0,0,39,168684.08,149794,298,80,0,0
758908,1,54,2829,0,0,39,168684.08,149794,298,80,0,0
759033,1,53,2829,0,0,39,168684.08,149794,298,80,0,0
759178,1,53,2784,0,0,39,168684.08,149794,298,80,0,0
759298,1,53,2784,0,0,39,168684.08,149794,298,80,0,0
759408,1,53,2784,0,0,39,168684.08,149794,298,80,0,0
759538,1,53,2752,0,0,39,168684.08,149794,298,80,0,0
759658,1,52,2752,0,0,39,168684.08,149794,298,80,0,0
759766,1,52,2720,0,0,39,168684.08,149794,298,80,0,0
759866,1,52,2720,0,0,39,168684.08,149794,298,80,0,0
760033,1,52,2720,0,0,39,168684.08,149794,298,80,0,0
760133,1,51,2720,0,0,39,168684.08,149794,298,80,0,0
760266,1,51,2688,0,0,39,168684.08,149794,298,80,0,0
760366,1,51,2688,0,0,39,168684.08,149794,298,80,0,0
760516,1,51,2688,0,0,39,168684.08,149794,298,80,0,0
760633,1,51,2688,0,0,39,168684.08,149794,298,80,0,0
760758,1,50,2656,0,0,39,168684.08,149794,298,80,0,0
760866,1,50,2656,0,0,39,168684.08,149794,298,80,0,0
761024,1,50,2656,0,0,39,168684.08,149794,298,80,0,0
761133,1,50,2624,0,0,39,168684.08,149794,298,80,0,0
761258,1,50,2624,0,0,39,168684.08,149794,298,80,0,0
761366,1,50,2592,0,0,39,168684.08,149794,298,80,0,0
761409,1,50,2592,0,0,39,168684.08,149794,298,80,0,0
761616,1,50,2592,0,0,39,168684.08,149794,298,80,0,0
761733,1,49,2592,0,0,39,168684.08,149794,298,80,0,0
761833,1,49,2560,0,0,39,168684.08,149794,298,80,0,0
761908,1,49,2560,0,14,39,168684.08,149794,298,80,0,0
762092,1,49,2560,0,24,39,168684.08,149794,298,80,0,0
762208,1,48,2528,0,16,39,168684.08,149794,298,80,0,0
762316,1,48,2496,0,34,39,168684.08,149794,298,80,0,0
762408,1,48,2496,0,38,39,168684.08,149794,298,80,0,0
762548,1,48,2496,0,38,39,168684.08,149794,298,80,0,0
762678,1,47,2464,0,72,39,168684.08,149794,298,79,0,0
762808,1,46,2432,0,86,39,168684.08,149794,298,79,0,0
762866,1,46,2400,0,92,39,168684.08,149794,298,79,0,0
763033,1,45,2368,0,92,39,168684.08,149794,298,79,0,0
763166,1,44,2304,0,110,39,168684.08,149794,298,79,0,0
763308,1,44,2272,0,118,39,168684.08,149794,298,79,0,0
763366,1,43,2208,0,126,39,168684.08,149794,298,79,0,0
763516,1,43,2176,0,126,39,168684.08,149794,298,79,0,0
763666,1,41,2080,0,152,39,168684.08,149794,298,79,0,0
763766,1,40,2048,0,172,39,168684.08,149794,298,79,0,0
763868,1,39,1984,0,192,39,168684.08,149794,298,79,0,0
764033,1,37,1952,0,192,39,168684.08,149794,298,79,0,0
764158,1,35,1824,0,242,39,168684.08,149794,298,79,0,0
764266,1,34,1696,0,250,39,168684.08,149794,298,79,0,0
764366,1,33,1632,0,250,39,168684.08,149794,298,79,0,0
764534,1,33,1568,0,250,39,168684.08,149794,298,79,0,0
764633,1,28,1542,0,252,39,168684.08,149794,298,79,0,0
764766,1,27,1496,0,250,39,168684.08,149794,298,79,0,0
764866,1,26,1453,0,242,39,168684.08,149794,298,79,0,0
765021,1,26,1421,0,242,39,168684.08,149794,298,79,0,0
765208,1,22,1357,0,168,39,168684.08,149794,298,79,0,0
765316,1,21,1326,0,140,39,168684.08,149794,298,79,0,0
765366,1,20,1326,0,122,39,168684.08,149794,298,79,0,0
765548,1,20,1294,0,122,39,168684.08,149794,298,79,0,0
765678,1,18,1261,0,114,39,168684.08,149794,298,79,0,0
765798,1,18,1261,0,118,39,168684.08,149794,298,79,0,0
765866,1,17,1229,0,120,39,168684.08,149794,298,79,0,0
766033,1,16,1229,0,120,39,168684.08,149794,298,79,0,0
766158,1,15,1196,0,48,39,168684.08,149794,298,79,0,0
766266,1,15,1197,0,4,39,168684.08,149794,298,79,0,0
766366,1,14,1198,0,0,39,168684.08,149794,298,79,0,0
766533,1,14,1198,0,0,39,168684.08,149794,298,79,0,0
766633,1,14,1166,0,0,39,168684.08,149794,298,78,0,0
766765,1,14,1166,0,0,39,168685.09,149794,298,78,0,0
766866,1,14,1134,0,0,39,168685.09,149794,298,78,0,0
766911,1,14,1134,0,0,39,168685.09,149794,298,78,0,0
767133,1,14,1070,0,0,39,168685.09,149794,298,78,0,0
767233,1,14,1074,4,0,39,168685.09,149794,298,78,0,0
767366,1,14,1114,8,0,39,168685.09,149794,298,78,0,0
767366,1,14,1114,8,0,39,168685.09,149794,298,78,0,0
767584,1,14,1086,10,0,39,168685.09,149794,298,78,0,0
767716,1,14,1097,19,0,39,168685.09,149794,298,78,0,0
767833,1,14,1109,23,0,39,168685.09,149794,298,78,0,0
767936,1,14,1118,24,0,39,168685.09,149794,298,78,0,0
768058,1,14,1091,24,0,39,168685.09,149794,298,78,0,0
768178,1,14,1131,27,0,39,168685.09,149794,298,78,0,0
768316,1,14,1130,29,0,39,168685.09,149794,298,78,0,0
768408,1,15,1129,33,0,39,168685.09,149794,298,78,0,0
768408,1,15,1129,33,0,39,168685.09,149794,298,78,0,0
768666,1,15,1149,33,0,39,168685.09,149794,298,78,0,0
768766,1,15,1182,33,0,39,168685.09,149794,298,78,0,0
768866,1,15,1153,33,0,39,168685.09,149794,298,78,0,0
769044,1,15,1153,34,0,39,168686.12,149794,298,78,0,0
769166,1,15,1191,41,0,39,168686.12,149794,298,78,0,0
769265,1,15,1192,48,0,39,168686.12,149794,298,78,0,0
769366,1,16,1228,54,0,39,168686.12,149794,298,78,0,0
769533,1,16,1228,66,0,39,168686.12,149794,298,78,0,0
769658,1,16,1288,81,0,39,168686.12,149794,298,78,0,0
769766,1,17,1296,84,0,39,168686.12,149794,298,78,0,0
769865,1,17,1313,88,0,39,168686.12,149794,298,78,0,0
769865,1,17,1313,88,0,39,168686.12,149794,298,78,0,0
770133,1,18,1396,102,0,39,168686.12,149794,298,78,0,0
770265,1,18,1457,104,0,39,168686.12,149794,298,78,0,0
770366,1,19,1498,104,0,39,168687.16,149794,298,78,0,0
770408,1,19,1498,104,0,39,168687.16,149794,298,78,0,0
770616,1,19,1583,104,0,39,168687.16,149794,298,78,0,0
770733,1,21,1621,104,0,39,168687.16,149794,298,78,0,0
770835,1,21,1657,104,0,39,168687.16,149794,298,78,0,0
770933,1,22,1665,104,0,39,168687.16,149794,298,78,0,0
771069,1,22,1701,104,0,39,168687.16,149794,298,78,0,0
771217,1,23,1817,103,0,39,168688.23,149794,298,78,0,0
771335,1,24,1824,103,0,39,168688.23,149794,298,78,0,0
771416,1,24,1863,102,0,39,168688.23,149794,298,78,0,0
771566,1,24,1939,102,0,39,168688.23,149794,298,78,0,0
771678,1,25,1975,101,0,39,168688.23,149794,298,78,0,0
771815,1,26,2042,98,0,39,168688.23,149794,298,78,0,0
771928,1,26,2078,95,0,39,168689.31,149794,298,78,0,0
772058,1,26,2052,95,0,39,168689.31,149794,298,78,0,0
772178,1,27,2141,91,0,39,168689.31,149794,298,78,0,0
772298,1,28,2202,91,0,39,168689.31,149794,298,78,0,0
772416,1,28,2199,91,0,39,168689.31,149794,298,78,0,0
772555,1,29,2199,91,0,39,168689.31,149794,331,78,0,0
772666,1,30,2294,91,0,39,168690.33,149794,331,78,0,0
772765,1,30,2329,91,0,39,168690.33,149794,331,78,0,0
772907,1,30,2364,90,0,39,168690.33,149794,331,78,0,0
773042,1,31,2396,90,0,39,168690.33,149794,331,78,0,0
773158,1,32,2400,90,0,39,168690.33,149794,331,78,0,0
773266,1,32,2482,90,0,39,168691.36,149794,331,78,0,0
773366,1,32,2518,90,0,39,168691.36,149794,331,78,0,0
773532,1,33,2518,91,0,39,168691.36,149794,331,78,0,0
773658,1,33,2532,91,0,39,168691.36,149794,331,78,0,0
773765,1,34,2618,91,0,39,168691.36,149794,331,78,0,0
773865,1,34,2654,91,0,39,168692.39,149794,331,78,0,0
773936,1,34,2654,92,0,39,168692.39,149794,331,78,0,0
774132,1,35,2697,92,0,39,168692.39,149794,331,78,0,0
774232,1,36,2737,92,0,39,168692.39,149794,331,78,0,0
774365,1,36,2784,92,0,39,168693.41,149794,331,78,0,0
774447,1,36,2784,92,0,39,168693.41,149795,331,78,0,0
774565,1,36,2826,92,0,39,168693.41,149795,331,78,0,0
774718,1,37,2860,79,0,39,168693.41,149795,331,78,0,0
774833,1,38,2903,77,0,39,168693.41,149795,331,78,0,0
774916,1,38,2921,71,0,39,168694.44,149795,331,78,0,0
775066,1,38,2921,71,0,39,168694.44,149795,331,78,0,0
775178,1,39,2927,53,0,39,168694.44,149795,331,78,0,0
775315,1,39,2933,5,0,39,168694.44,149795,331,78,0,0
775426,1,39,2887,0,0,39,168694.44,149795,331,78,0,0
775558,1,39,2887,0,0,39,168694.44,149795,331,78,0,0
775678,1,39,2539,0,0,39,168694.44,149795,331,78,0,0
775798,1,39,2413,0,0,39,168694.44,149795,331,78,0,0
775912,1,39,2303,0,0,39,168694.44,149795,331,78,0,0
776040,1,39,2239,0,0,39,168694.44,149795,331,78,0,0
776165,1,39,2002,1,0,39,168694.44,149795,331,78,0,0
776265,1,38,2102,9,0,39,168694.44,149795,331,78,0,0
776365,1,39,2099,20,0,39,168694.44,149795,331,78,0,0
776418,1,39,2067,27,0,39,168694.44,149795,331,78,0,0
776632,1,38,2067,56,0,39,168694.44,149795,331,78,0,0
776732,1,38,2053,67,0,39,168694.44,149795,331,78,0,0
776866,1,39,2056,72,0,39,168695.45,149795,331,78,0,0
776866,1,39,2056,72,0,39,168695.45,149795,331,78,0,0
777083,1,39,2057,73,0,39,168695.45,149795,331,78,0,0
777219,1,39,2134,89,0,39,168695.45,149795,331,78,0,0
777333,1,39,2127,91,0,39,168695.45,149795,331,78,0,0
777444,1,40,2112,91,0,39,168695.45,149795,331,78,0,0
777566,1,40,2150,91,0,39,168695.45,149795,331,78,0,0
777677,1,40,2157,91,0,39,168696.48,149795,331,78,0,0
777816,1,41,2194,91,0,39,168696.48,149795,331,78,0,0
777907,1,41,2192,91,0,39,168696.48,149795,331,78,0,0
778047,1,41,2224,91,0,39,168696.48,149795,331,78,0,0
778177,1,42,2241,91,0,39,168696.48,149795,331,78,0,0
778297,1,42,2271,91,0,39,168697.55,149795,331,78,0,0
778416,1,42,2301,89,0,39,168697.55,149795,331,78,0,0
778557,1,43,2301,89,0,39,168697.55,149795,331,78,0,0
778677,1,43,2308,83,0,39,168697.55,149795,331,78,0,0
778766,1,43,2335,79,0,39,168697.55,149795,331,78,0,0
778910,1,44,2355,78,0,39,168697.55,149795,331,78,0,0
778929,1,44,2355,78,0,39,168698.58,149795,331,78,0,0
779132,1,44,2358,76,0,39,168698.58,149795,331,78,0,0
779265,1,44,2371,72,0,39,168698.58,149795,331,78,0,0
779365,1,45,2369,67,0,39,168698.58,149795,331,78,0,0
779407,1,45,2369,66,0,39,168698.58,149795,331,78,0,0
779616,1,45,2428,66,0,39,168698.58,149795,331,78,0,0
779732,1,45,2421,66,0,39,168699.66,149795,331,78,0,0
779832,1,45,2422,66,0,39,168699.66,149795,331,78,0,0
779932,1,46,2426,65,0,39,168699.66,149795,331,78,0,0
780066,1,46,2437,62,0,39,168699.66,149795,331,78,0,0
780218,1,46,2437,53,0,39,168699.66,149795,331,78,0,0
780332,1,46,2454,50,0,39,168699.66,149795,331,78,0,0
780416,1,46,2456,49,0,39,168699.66,149795,331,78,0,0
780566,1,46,2468,49,0,39,168700.70,149795,331,78,0,0
780677,1,46,2495,49,0,39,168700.70,149795,331,78,0,0
780816,1,46,2472,49,0,39,168700.70,149795,331,78,0,0
780936,1,47,2482,48,0,39,168700.70,149795,331,78,0,0
780936,1,47,2482,48,0,39,168700.70,149795,331,78,0,0
781177,1,47,2486,46,0,39,168700.70,149795,331,78,0,0
781307,1,47,2508,46,0,39,168700.70,149795,331,78,0,0
781427,1,47,2499,46,0,39,168700.70,149795,331,78,0,0
781557,1,47,2499,46,0,39,168700.70,149795,331,78,0,0
781677,1,47,2506,46,0,39,168701.73,149795,331,78,0,0
781797,1,47,2510,46,0,39,168701.73,149795,331,78,0,0
781916,1,47,2511,45,0,39,168701.73,149795,331,78,0,0
782066,1,47,2512,45,0,39,168701.73,149795,331,78,0,0
782177,1,47,2510,45,0,39,168701.73,149795,331,78,0,0
782297,1,47,2542,45,0,39,168701.73,149795,331,78,0,0
782419,1,47,2540,45,0,39,168701.73,149795,331,78,0,0
782557,1,48,2540,45,0,39,168701.73,149795,331,78,0,0
782677,1,48,2540,47,0,39,168701.73,149795,331,78,0,0
782797,1,48,2543,48,0,39,168702.78,149795,331,78,0,0
782907,1,48,2548,48,0,39,168702.78,149795,331,78,0,0
782933,1,48,2548,48,0,39,168702.78,149795,331,78,0,0
783132,1,48,2547,49,0,39,168702.78,149795,331,78,0,0
783266,1,48,2544,49,0,39,168702.78,149795,331,78,0,0
783366,1,48,2551,49,0,39,168702.78,149795,331,78,0,0
783419,1,48,2551,49,0,39,168702.78,149795,331,78,0,0
783616,1,48,2580,49,0,39,168702.78,149795,331,78,0,0
783732,1,48,2574,43,0,39,168703.78,149795,331,78,0,0
783832,1,49,2571,30,0,39,168703.78,149795,331,78,0,0
783932,1,49,2574,8,0,39,168703.78,149795,331,78,0,0
784086,1,49,2532,8,0,39,168703.78,149795,331,78,0,0
784216,1,49,2357,0,0,39,168703.78,149795,331,78,0,0
784332,1,49,2234,0,0,39,168703.78,149795,331,78,0,0
784442,1,48,2048,0,0,39,168703.78,149795,331,78,0,0
784573,1,48,2048,0,0,39,168703.78,149795,331,78,0,0
784707,1,48,1940,9,0,39,168703.78,149795,331,78,0,0
784815,1,48,1938,11,0,39,168703.78,149795,331,78,0,0
784932,1,48,1941,21,0,39,168703.78,149795,331,78,0,0
784979,1,48,1930,21,0,39,168703.78,149795,331,78,0,0
785177,1,48,1915,40,0,39,168703.78,149795,331,78,0,0
785316,1,48,1935,60,0,39,168703.78,149795,331,78,0,0
785432,1,48,1907,71,0,39,168703.78,149795,331,78,0,0
785442,1,48,1907,71,0,39,168703.78,149795,331,78,0,0
785666,1,48,1929,78,0,39,168703.78,149795,331,78,0,0
785766,1,48,1930,84,0,39,168704.83,149795,331,78,0,0
785907,1,48,1925,96,0,39,168704.83,149795,331,78,0,0
785966,1,48,1979,96,0,39,168704.83,149795,331,78,0,0
786132,1,49,1972,103,0,39,168704.83,149795,331,78,0,0
786257,1,49,1952,104,0,39,168704.83,149795,331,78,0,0
786366,1,49,1977,108,0,39,168705.88,149795,331,78,0,0
786432,1,49,1977,109,0,39,168705.88,149795,331,78,0,0
786572,1,49,1977,109,0,39,168705.88,149795,331,78,0,0
786732,1,50,2035,109,0,39,168705.88,149795,331,78,0,0
786832,1,51,2039,109,0,39,168705.88,149795,331,78,0,0
786957,1,51,2047,109,0,39,168705.88,149795,331,78,0,0
787084,1,51,2020,109,0,39,168706.95,149795,331,78,0,0
787218,1,51,2057,81,0,39,168706.95,149795,331,78,0,0
787332,1,52,2053,57,0,39,168706.95,149795,331,78,0,0
787442,1,52,2050,34,0,39,168706.95,149795,331,78,0,0
787466,1,52,2064,34,0,39,168706.95,149795,331,78,0,0
787707,1,52,2068,0,0,39,168706.95,149795,331,78,0,0
787832,1,52,2075,0,0,39,168707.97,149795,331,79,0,0
787932,1,52,2056,0,0,39,168707.97,149795,331,79,0,0
788084,1,52,2050,0,0,39,168707.97,149795,331,79,0,0
788177,1,52,2049,0,0,39,168707.97,149795,331,79,0,0
788316,1,52,2017,0,0,39,168707.97,149795,331,79,0,0
788432,1,52,2050,0,0,39,168707.97,149795,331,79,0,0
788571,1,52,2050,0,0,39,168707.97,149795,331,79,0,0
788677,1,52,2079,0,0,39,168707.97,149795,331,79,0,0
788816,1,52,2032,0,0,39,168707.97,149795,331,79,0,0
788932,1,51,2023,0,0,39,168707.97,149795,331,79,0,0
788975,1,51,2037,0,0,39,168707.97,149795,331,79,0,0
789166,1,51,2043,0,0,39,168707.97,149795,331,79,0,0
789266,1,51,2031,0,0,39,168707.97,149795,331,79,0,0
789407,1,51,2011,0,0,39,168707.97,149795,331,79,0,0
789432,1,51,2011,0,0,39,168707.97,149795,331,79,0,0
789632,1,50,1999,0,0,39,168707.97,149795,331,79,0,0
789757,1,50,2011,0,0,39,168707.97,149795,331,79,0,0
789866,1,50,1999,0,0,39,168707.97,149795,331,79,0,0
789974,1,50,1997,0,0,39,168707.97,149795,331,79,0,0
790082,1,50,1965,0,0,39,168707.97,149795,331,79,0,0
790232,1,49,1952,0,0,39,168707.97,149795,331,79,0,0
790332,1,49,1952,0,0,39,168707.97,149795,331,79,0,0
790466,1,49,1952,0,0,39,168707.97,149795,331,79,0,0
790595,1,49,1952,0,0,39,168707.97,149795,331,79,0,0
790716,1,49,1920,0,0,39,168707.97,149795,331,79,0,0
790832,1,49,1920,0,0,39,168707.97,149795,331,79,0,0
790932,1,49,1920,0,0,39,168707.97,149795,331,79,0,0
791082,1,49,1920,0,0,39,168707.97,149795,331,79,0,0
791207,1,48,1920,1,0,39,168707.97,149795,331,79,0,0
791316,1,48,1921,1,0,39,168707.97,149795,331,79,0,0
791442,1,48,1897,2,0,39,168707.97,149795,331,79,0,0
791458,1,48,1897,2,0,39,168707.97,149795,331,79,0,0
791677,1,48,1927,5,0,39,168707.97,149795,331,79,0,0
791816,1,48,1889,5,0,39,168707.97,149795,331,79,0,0
791932,1,48,1889,5,0,39,168707.97,149795,331,79,0,0
791979,1,48,1889,5,0,39,168707.97,149795,331,79,0,0
792166,1,48,1889,5,0,39,168707.97,149795,331,79,0,0
792266,1,48,1889,5,0,39,168707.97,149795,331,79,0,0
792407,1,48,1890,6,0,39,168707.97,149795,331,79,0,0
792466,1,48,1889,6,0,39,168707.97,149795,331,79,0,0
792645,1,47,1857,6,0,39,168708.98,149795,331,79,0,0
792766,1,47,1857,6,0,39,168708.98,149795,331,80,0,0
792867,1,47,1856,6,0,39,168708.98,149795,331,80,0,0
792932,1,47,1856,6,0,39,168708.98,149795,331,80,0,0
793080,1,47,1886,6,0,39,168708.98,149795,331,80,0,0
793232,1,47,1886,5,0,39,168708.98,149795,331,80,0,0
793332,1,47,1885,5,0,39,168708.98,149795,331,80,0,0
793466,1,47,1885,5,0,39,168708.98,149795,331,80,0,0
793593,1,47,1885,5,0,39,168708.98,149795,331,80,0,0
793732,1,47,1884,5,0,39,168708.98,149795,331,80,0,0
793832,1,47,1884,5,0,39,168708.98,149795,331,80,0,0
793932,1,47,1884,5,0,39,168708.98,149795,331,80,0,0
794080,1,47,1884,5,0,39,168708.98,149795,331,80,0,0
794207,1,46,1852,5,0,39,168708.98,149795,331,80,0,0
794318,1,46,1851,5,0,39,168708.98,149795,331,80,0,0
794443,1,46,1879,7,0,39,168708.98,149795,340,80,0,0
794459,1,46,1879,7,0,39,168708.98,149795,340,80,0,0
794677,1,46,1847,11,0,39,168708.98,149795,340,80,0,0
794797,1,46,1850,12,0,39,168708.98,149795,340,80,0,0
794916,1,46,1858,13,0,39,168708.98,149795,340,80,0,0
794931,1,46,1858,13,0,39,168708.98,149795,340,80,0,0
795157,1,46,1834,28,0,39,168708.98,149795,340,80,0,0
795266,1,46,1841,35,0,39,168710.00,149795,340,80,0,0
795366,1,46,1836,38,0,39,168710.00,149795,340,80,0,0
795458,1,46,1836,39,0,39,168710.00,149795,340,80,0,0
795592,1,46,1824,39,0,39,168710.00,149795,340,80,0,0
795732,1,46,1828,40,0,39,168710.00,149795,340,80,0,0
795866,1,46,1829,40,0,39,168710.00,149795,340,80,0,0
795932,1,46,1829,41,0,39,168710.00,149795,340,80,0,0
796079,1,46,1828,41,0,39,168710.00,149795,340,80,0,0
796232,1,46,1828,43,0,39,168710.00,149795,340,80,0,0
796332,1,46,1839,43,0,39,168710.00,149795,340,80,0,0
796458,1,46,1844,43,0,39,168710.00,149795,340,80,0,0
796591,1,46,1846,43,0,39,168710.00,149795,340,80,0,0
796707,1,46,1846,44,0,39,168710.00,149795,340,80,0,0
796832,1,46,1878,44,0,39,168711.02,149795,340,80,0,0
796950,1,46,1878,44,0,39,168711.02,149795,340,80,0,0
796950,1,46,1878,44,0,39,168711.02,149795,340,80,0,0
797177,1,47,1880,44,0,39,168711.02,149795,340,80,0,0
797297,1,47,1880,42,0,39,168711.02,149795,340,80,0,0
797418,1,47,1880,38,0,39,168711.02,149795,340,80,0,0
797466,1,47,1876,38,0,39,168711.02,149795,340,80,0,0
797632,1,47,1876,38,0,39,168711.02,149795,340,80,0,0
797766,1,47,1859,24,0,39,168711.02,149795,340,80,0,0
797866,1,47,1872,23,0,39,168711.02,149795,340,80,0,0
797957,1,47,1872,23,0,39,168711.02,149795,340,80,0,0
798117,1,47,1883,0,0,39,168711.02,149795,340,80,0,0
798232,1,47,1879,0,0,39,168711.02,149795,340,80,0,0
798366,1,47,1885,0,0,39,168711.02,149795,340,80,0,0
798467,1,47,1849,0,0,39,168712.02,149795,340,80,0,0
798590,1,47,1849,0,0,39,168712.02,149795,340,80,0,0
798732,1,47,1880,0,0,39,168712.02,149795,340,80,0,0
798832,1,47,1848,0,0,39,168712.02,149795,340,80,0,0
798932,1,46,1847,0,0,39,168712.02,149795,340,80,0,0
798987,1,46,1849,0,0,39,168712.02,149795,340,80,0,0
799177,1,46,1851,0,0,39,168712.02,149795,340,80,0,0
799317,1,46,1847,0,0,39,168712.02,149795,340,80,0,0
799432,1,46,1832,0,0,39,168712.02,149795,340,80,0,0
799461,1,46,1832,0,0,39,168712.02,149795,340,80,0,0
799666,1,46,1805,0,0,39,168712.02,149795,340,80,0,0
799766,1,45,1819,0,0,39,168712.02,149795,340,80,0,0
799907,1,45,1805,2,0,39,168712.02,149795,340,80,0,0
799966,1,45,1819,2,0,39,168712.02,149795,340,80,0,0
800145,1,45,1847,9,0,39,168712.02,149795,340,80,0,0
800257,1,45,1820,9,0,39,168712.02,149795,340,80,0,0
800366,1,45,1789,9,0,39,168712.02,149795,340,80,0,0
800443,1,45,1821,10,0,39,168712.02,149795,340,80,0,0
800589,1,45,1821,10,0,39,168712.02,149795,340,80,0,0
800732,1,45,1769,5,0,39,168712.02,149795,340,80,0,0
800860,1,45,1801,0,0,39,168712.02,149795,340,80,0,0
800966,1,45,1760,0,0,39,168712.02,149795,340,80,0,0
801112,1,45,1760,0,0,39,168712.02,149795,340,80,0,0
801232,1,45,1786,0,0,39,168712.02,149795,340,80,0,0
801332,1,45,1785,0,0,39,168712.02,149795,340,80,0,0
801459,1,45,1785,0,0,39,168712.02,149795,340,80,0,0
801588,1,44,1785,0,0,39,168712.02,149795,340,80,0,0
801717,1,44,1765,0,0,39,168712.02,149795,340,80,0,0
801832,1,44,1779,0,0,39,168712.02,149795,340,80,0,0
801932,1,44,1779,0,0,39,168713.02,149795,340,80,0,0
801983,1,44,1774,0,0,39,168713.02,149795,340,80,0,0
802177,1,44,1734,0,0,39,168713.02,149795,340,80,0,0
802307,1,44,1740,0,0,39,168713.02,149795,340,80,0,0
802432,1,43,1754,0,0,39,168713.02,149795,340,80,0,0
802484,1,43,1740,0,0,39,168713.02,149795,340,81,0,0
802669,1,44,1722,0,0,39,168713.02,149795,340,81,0,0
802767,1,43,1740,0,0,39,168713.02,149795,340,81,0,0
802867,1,43,1721,0,0,39,168713.02,149795,340,81,0,0
802957,1,43,1721,0,0,39,168713.02,149795,340,81,0,0
803143,1,43,1720,0,0,39,168713.02,149795,340,81,0,0
803256,1,42,1707,0,0,39,168713.02,149795,340,81,0,0
803367,1,42,1664,0,0,39,168713.02,149795,340,81,0,0
803467,1,42,1664,0,0,39,168713.02,149795,340,81,0,0
803613,1,42,1664,0,0,39,168713.02,149795,340,81,0,0
803732,1,42,1664,0,0,39,168713.02,149795,340,81,0,0
803831,1,42,1664,0,0,39,168713.02,149795,340,81,0,0
803932,1,42,1664,0,0,39,168713.02,149795,340,81,0,0
804099,1,42,1664,0,0,39,168713.02,149795,340,81,0,0
804216,1,42,1664,0,0,39,168713.02,149795,340,81,0,0
804331,1,41,1632,0,0,39,168713.02,149795,340,81,0,0
804443,1,41,1632,0,0,39,168713.02,149795,340,81,0,0
804466,1,41,1632,0,0,39,168713.02,149795,340,81,0,0
804677,1,41,1632,0,0,39,168713.02,149795,340,81,0,0
804807,1,41,1632,0,0,39,168713.02,149795,340,81,0,0
804927,1,41,1600,0,0,39,168713.02,149795,340,81,0,0
804932,1,41,1600,0,0,39,168713.02,149795,340,81,0,0
805167,1,40,1600,0,0,39,168713.02,149795,340,81,0,0
805269,1,40,1600,0,0,39,168713.02,149795,340,81,0,0
805367,1,40,1600,0,0,39,168713.02,149795,340,81,0,0
805467,1,40,1568,0,0,39,168713.02,149795,340,81,0,0
805616,1,40,1568,0,0,39,168713.02,149795,340,81,0,0
805767,1,40,1568,0,0,39,168713.02,149795,340,81,0,0
805866,1,40,1568,0,0,39,168713.02,149795,340,81,0,0
805972,1,39,1568,0,0,39,168713.02,149795,340,81,0,0
806124,1,39,1568,0,0,39,168713.02,149795,340,81,0,0
806231,1,39,1536,0,0,39,168713.02,149795,340,81,0,0
806359,1,39,1536,0,0,39,168713.02,149795,340,81,0,0
806469,1,39,1536,0,0,39,168713.02,149795,340,81,0,0
806612,1,39,1536,0,0,39,168713.02,149795,340,81,0,0
806731,1,38,1504,0,0,39,168713.02,149795,340,81,0,0
806831,1,38,1504,0,0,39,168713.02,149795,340,81,0,0
806969,1,38,1504,0,0,39,168713.02,149795,340,81,0,0
807014,1,38,1504,0,0,39,168713.02,149795,340,81,0,0
807206,1,38,1504,0,0,39,168713.02,149795,340,81,0,0
807316,1,38,1504,0,0,39,168713.02,149795,340,81,0,0
807442,1,38,1472,0,0,39,168713.02,149795,340,81,0,0
807467,1,38,1472,0,0,39,168713.02,149795,340,81,0,0
807677,1,37,1472,0,0,39,168713.02,149795,340,81,0,0
807796,1,37,1472,0,0,39,168713.02,149795,340,81,0,0
807916,1,37,1472,0,0,39,168713.02,149795,340,81,0,0
808015,1,37,1472,0,0,39,168713.02,149795,340,81,0,0
808206,1,37,1440,0,0,39,168713.02,149795,340,81,0,0
808316,1,36,1440,0,0,39,168713.02,149795,340,81,0,0
808442,1,36,1440,0,0,39,168713.02,149795,340,81,0,0
808469,1,36,1440,0,0,39,168713.02,149795,340,81,0,0
808635,1,36,1440,0,0,39,168713.02,149795,340,81,0,0
808796,1,36,1408,0,0,39,168713.02,149795,340,81,0,0
808919,1,36,1408,0,0,39,168713.02,149795,340,81,0,0
808966,1,36,1408,0,0,39,168713.02,149795,340,81,0,0
809131,1,35,1408,0,0,39,168713.02,149795,340,81,0,0
809269,1,35,1408,0,0,39,168713.02,149795,340,81,0,0
809366,1,35,1376,0,0,39,168713.02,149795,340,81,0,0
809469,1,35,1376,0,0,39,168713.02,149795,340,81,0,0
809619,1,35,1376,0,0,39,168713.02,149795,340,81,0,0
809756,1,35,1376,0,0,39,168713.02,149795,340,81,0,0
809869,1,35,1376,0,0,39,168713.02,149795,340,81,0,0
809967,1,34,1376,0,0,39,168713.02,149795,340,81,0,0
810131,1,34,1376,0,0,39,168713.02,149795,340,81,0,0
810256,1,34,1344,0,0,39,168713.02,149795,340,81,0,0
810366,1,34,1344,0,0,39,168713.02,149795,340,81,0,0
810469,1,34,1344,0,0,39,168713.02,149795,340,81,0,0
810469,1,34,1344,0,0,39,168713.02,149795,340,81,0,0
810731,1,33,1312,0,0,39,168713.02,149795,340,81,0,0
810859,1,33,1312,0,0,39,168713.02,149795,340,81,0,0
810969,1,33,1312,0,0,39,168713.02,149795,340,81,0,0
811120,1,33,1312,0,0,39,168713.02,149795,340,81,0,0
811231,1,33,1312,0,0,39,168713.02,149795,340,81,0,0
811359,1,33,1280,0,0,39,168713.02,149795,340,81,0,0
811469,1,32,1280,0,0,39,168713.02,149795,340,81,0,0
811469,1,32,1280,0,0,39,168713.02,149795,340,81,0,0
811732,1,32,1305,0,0,39,168713.02,149795,340,81,0,0
811831,1,32,1293,0,0,39,168713.02,149795,340,81,0,0
811969,1,32,1254,0,0,39,168713.02,149795,340,81,0,0
811969,1,32,1254,0,0,39,168713.02,149795,340,81,0,0
812219,1,32,1252,0,0,39,168713.02,149795,340,80,0,0
812331,1,32,1252,0,0,39,168713.02,149795,340,80,0,0
812457,1,31,1271,0,0,39,168713.02,149795,340,80,0,0
812468,1,31,1272,0,0,39,168713.02,149795,340,80,0,0
812684,1,31,1271,0,0,39,168713.02,149795,340,80,0,0
812806,1,31,1271,0,0,39,168713.02,149795,340,80,0,0
812931,1,31,1240,0,0,39,168713.02,149795,340,80,0,0
812969,1,31,1241,0,0,39,168713.02,149795,340,80,0,0
813169,1,31,1246,0,0,39,168713.02,149795,340,80,0,0
813269,1,31,1216,0,0,39,168713.02,149795,340,80,0,0
813369,1,31,1218,0,0,39,168713.02,149795,340,80,0,0
813469,1,31,1218,0,0,39,168713.02,149795,340,80,0,0
813632,1,31,1218,0,0,39,168713.02,149795,340,80,0,0
813769,1,31,1220,0,0,39,168713.02,149795,340,80,0,0
813869,1,31,1220,0,6,39,168713.02,149795,340,80,0,0
813969,1,31,1219,0,10,39,168713.02,149795,340,80,0,0
814131,1,30,1219,0,10,39,168713.02,149795,340,80,0,0
814231,1,30,1187,0,12,39,168713.02,149795,340,80,0,0
814369,1,30,1214,0,38,39,168713.02,149795,340,80,0,0
814469,1,30,1209,0,42,39,168713.02,149795,340,80,0,0
814469,1,30,1209,0,42,39,168713.02,149795,340,80,0,0
814731,1,29,1142,0,80,39,168713.02,149795,340,80,0,0
814859,1,29,1109,0,90,39,168713.02,149795,340,80,0,0
814969,1,28,1117,0,92,39,168713.02,149795,340,80,0,0
815119,1,28,1119,0,92,39,168713.02,149795,340,80,0,0
815231,1,27,1088,0,86,39,168713.02,149795,340,80,0,0
815331,1,26,1089,0,90,39,168713.02,149795,340,80,0,0
815469,1,25,1089,0,86,39,168714.03,149795,340,80,0,0
815469,1,25,1089,0,86,39,168714.03,149795,340,80,0,0
815706,1,25,1089,0,86,39,168714.03,149795,340,80,0,0
815819,1,24,1090,0,84,39,168714.03,149795,340,80,0,0
815931,1,23,1091,0,84,39,168714.03,149795,340,80,0,0
815969,1,23,1092,0,84,39,168714.03,149795,340,80,0,0
816176,1,22,1093,0,84,39,168714.03,149795,340,80,0,0
816297,1,21,1093,0,84,39,168714.03,149795,340,80,0,0
816406,1,21,1093,0,80,39,168714.03,149795,340,80,0,0
816469,1,20,1093,0,82,39,168714.03,149795,340,80,0,0
816631,1,19,1093,0,82,39,168714.03,149795,340,80,0,0
816769,1,19,1096,0,80,39,168714.03,149795,340,80,0,0
816869,1,18,1097,0,80,39,168714.03,149795,340,80,0,0
816969,1,18,1091,0,80,39,168714.03,149795,340,80,0,0
817131,1,17,1092,0,80,39,168714.03,149795,340,80,0,0
817256,1,17,1092,0,80,39,168714.03,149795,340,80,0,0
817369,1,16,1092,0,80,39,168714.03,149795,340,80,0,0
817469,1,16,1092,0,76,39,168714.03,149795,340,80,0,0
817631,1,15,1092,0,76,39,168714.03,149795,340,80,0,0
817734,1,14,1092,0,80,39,168714.03,149795,340,80,0,0
817869,1,14,1092,0,80,39,168714.03,149795,340,80,0,0
817969,1,13,1092,0,76,39,168714.03,149795,340,80,0,0
818006,1,13,1092,0,76,39,168714.03,149795,340,80,0,0
818218,1,13,1092,0,80,39,168714.03,149795,340,80,0,0
818331,1,11,1092,0,80,39,168714.03,149795,340,80,0,0
818456,1,11,1092,0,74,39,168714.03,149795,340,80,0,0
818469,1,11,1092,0,74,39,168714.03,149795,340,80,0,0
818680,1,10,1092,0,64,39,168714.03,149795,340,80,0,0
818806,1,10,1092,0,58,39,168714.03,149795,340,80,0,0
818931,1,9,1089,0,50,39,168714.03,149795,340,80,0,0
819033,1,9,1089,0,42,39,168714.03,149795,340,80,0,0
819156,1,9,1089,0,32,39,168714.03,149795,340,80,0,0
819296,1,8,1088,0,30,39,168715.03,149795,340,80,0,0
819406,1,8,1119,0,28,39,168715.03,149795,340,80,0,0
819469,1,8,1119,0,28,39,168715.03,149795,340,80,0,0
819631,1,8,1119,0,28,39,168715.03,149795,340,80,0,0
819769,1,7,1118,0,30,39,168715.03,149795,340,80,0,0
819868,1,7,1117,0,26,39,168715.03,149795,340,80,0,0
819969,1,7,1117,0,26,39,168715.03,149795,340,80,0,0
820131,1,7,1085,0,26,39,168715.03,149795,340,80,0,0
820256,1,7,1085,0,12,39,168715.03,149795,340,80,0,0
820369,1,6,1085,0,8,39,168715.03,149795,340,80,0,0
820469,1,6,1086,0,6,39,168715.03,149795,340,80,0,0
820628,1,6,1086,0,6,39,168715.03,149795,340,80,0,0
820731,1,6,1087,0,4,39,168715.03,149795,340,80,0,0
820869,1,6,1087,0,4,39,168715.03,149795,340,80,0,0
820969,1,6,1086,0,2,39,168715.03,149795,340,80,0,0
821118,1,6,1087,0,2,39,168715.03,149795,340,80,0,0
821231,1,6,1086,0,4,39,168715.03,149795,340,80,0,0
821359,1,6,1086,0,4,39,168715.03,149795,340,80,0,0
821468,1,6,1069,0,4,39,168715.03,149795,340,80,0,0
821521,1,6,1069,0,4,39,168715.03,149795,340,80,0,0
821731,1,6,1082,0,4,39,168715.03,149795,340,80,0,0
821831,1,6,1084,0,4,39,168715.03,149795,340,80,0,0
821968,1,6,1084,0,4,39,168715.03,149795,340,80,0,0
822030,1,6,1084,0,4,39,168715.03,149795,340,80,0,0
822206,1,6,1083,0,4,39,168715.03,149795,340,80,0,0
822319,1,5,1082,0,4,39,168715.03,149795,340,80,0,0
822441,1,5,1050,0,4,39,168715.03,149795,340,80,0,0
822469,1,5,1082,0,6,39,168715.03,149795,340,80,0,0
822677,1,5,1050,0,6,39,168716.05,149795,340,80,0,0
822797,1,5,1082,0,8,39,168716.05,149795,340,80,0,0
822906,1,5,1081,0,18,39,168716.05,149795,340,80,0,0
822985,1,5,1050,0,16,39,168716.05,149795,340,80,0,0
823139,1,5,1082,0,16,39,168716.05,149795,340,80,0,0
823268,1,5,1043,0,20,39,168716.05,149795,340,80,0,0
823369,1,5,1037,0,20,39,168716.05,149795,340,80,0,0
823506,1,5,1033,0,20,39,168716.05,149795,340,80,0,0
823651,1,5,1033,0,20,39,168716.05,149795,340,80,0,0
823769,1,4,1053,0,18,39,168716.05,149795,340,80,0,0
823868,1,4,1054,0,18,39,168716.05,149795,340,80,0,0
823968,1,4,1053,0,18,39,168716.05,149795,340,80,0,0
824138,1,4,1053,0,18,39,168716.05,149795,340,80,0,0
824256,1,4,1020,0,14,39,168716.05,149795,340,80,0,0
824368,1,4,1019,0,14,39,168716.05,149795,340,80,0,0
824469,1,4,1020,0,14,39,168716.05,149795,351,80,0,0
824506,1,4,1020,0,14,39,168716.05,149795,351,80,0,0
824731,1,3,988,0,12,39,168716.05,149795,351,80,0,0
824831,1,3,988,0,12,39,168716.05,149795,351,80,0,0
824968,1,3,955,0,10,39,168716.05,149795,351,80,0,0
824968,1,3,955,0,10,39,168716.05,149795,351,80,0,0
825180,1,3,955,0,12,39,168716.05,149795,351,80,0,0
825319,1,3,923,0,12,39,168716.05,149795,351,80,0,0
825431,1,3,922,0,12,39,168716.05,149795,351,80,0,0
825506,1,3,921,0,12,39,168716.05,149795,351,80,0,0
825656,1,3,921,0,12,39,168716.05,149795,351,80,0,0
825796,1,3,888,0,12,39,168716.05,149795,351,80,0,0
825918,1,3,888,0,12,39,168716.05,149795,351,80,0,0
826006,1,3,888,0,12,39,168716.05,149795,351,80,0,0
826137,1,3,856,0,12,39,168716.05,149795,351,80,0,0
826268,1,2,852,0,12,39,168716.05,149795,351,80,0,0
826368,1,2,852,0,12,39,168716.05,149795,351,80,0,0
826522,1,2,853,0,12,39,168716.05,149795,351,80,0,0
826656,1,2,853,0,6,39,168716.05,149795,351,80,0,0
826768,1,0,853,0,4,39,168717.06,149795,351,80,0,0
826868,1,0,856,0,6,39,168717.06,149795,351,80,0,0
826969,1,0,833,0,6,39,168717.06,149795,351,80,0,0
827136,1,0,833,0,6,39,168717.06,149795,351,80,0,0
827231,1,0,878,0,2,39,168717.06,149795,351,80,0,0
827368,1,0,881,0,0,39,168717.06,149795,351,80,0,0
827468,1,0,881,0,0,39,168717.06,149795,351,80,0,0
827506,1,0,881,0,0,39,168717.06,149795,351,80,0,0
827718,1,0,914,0,0,39,168717.06,149795,351,80,0,0
827831,1,0,913,0,0,39,168717.06,149795,351,80,0,0
827956,1,0,978,0,0,39,168717.06,149795,351,80,0,0
827969,1,0,980,0,0,39,168717.06,149795,351,80,0,0
828178,1,0,1088,0,0,39,168717.06,149795,351,80,0,0
828306,1,0,1126,0,0,39,168717.06,149795,351,80,0,0
828427,1,0,1122,0,0,39,168717.06,149795,351,80,0,0
828468,1,0,1120,0,0,39,168717.06,149795,351,80,0,0
828631,1,0,1088,0,0,39,168717.06,149795,351,80,0,0
828768,1,0,1045,0,0,39,168717.06,149795,351,80,0,0
828868,1,0,1021,0,0,39,168717.06,149795,351,80,0,0
829006,1,0,1028,0,0,39,168717.06,149795,351,80,0,0
829135,1,2,1028,0,0,39,168717.06,149795,351,80,0,0
829256,1,3,1137,0,0,39,168717.06,149795,351,80,0,0
829368,1,4,1109,0,0,39,168718.09,149795,351,80,0,0
829468,1,4,1091,0,0,39,168718.09,149795,351,80,0,0
829539,1,4,1091,0,0,39,168718.09,149795,351,80,0,0
829731,1,5,1101,0,0,39,168718.09,149795,351,80,0,0
829831,1,5,1138,0,0,39,168718.09,149795,351,80,0,0
829968,1,6,1150,0,0,39,168718.09,149795,351,80,0,0
829968,1,6,1150,0,0,39,168718.09,149795,351,80,0,0
830178,1,6,1183,0,0,39,168718.09,149795,351,80,0,0
830318,1,7,1191,9,0,39,168718.09,149795,351,80,0,0
830431,1,8,1261,16,0,39,168718.09,149795,351,80,0,0
830520,1,8,1323,20,0,39,168718.09,149795,351,80,0,0
830656,1,9,1323,20,0,39,168718.09,149795,351,80,0,0
830768,1,10,1450,26,0,39,168719.12,149795,351,80,0,0
830906,1,10,1553,28,0,39,168719.12,149795,351,80,0,0
830968,1,11,1627,28,0,39,168719.12,149795,351,80,0,0
831134,1,11,1627,28,0,39,168719.12,149795,351,80,0,0
831268,1,12,1769,28,0,39,168719.12,149795,351,80,0,0
831368,1,12,1836,28,0,39,168719.12,149795,351,80,0,0
831506,1,13,1861,28,0,39,168719.12,149795,351,80,0,0
831506,1,13,1861,28,0,39,168719.12,149795,351,80,0,0
831756,1,13,1931,28,0,39,168719.12,149795,351,80,0,0
831868,1,14,1978,29,0,39,168720.17,149795,351,80,0,0
831968,1,14,2003,34,0,39,168720.17,149795,351,80,0,0
832018,1,14,2003,36,0,39,168720.17,149795,351,80,0,0
832218,1,14,2053,37,0,39,168720.17,149795,351,80,0,0
832331,1,14,2111,38,0,39,168720.17,149795,351,80,0,0
832458,1,15,2080,39,0,39,168720.17,149795,351,80,0,0
832538,1,15,2112,42,0,39,168720.17,149795,351,80,0,0
832656,1,15,2112,42,0,39,168720.17,149795,351,80,0,0
832806,1,15,2225,48,0,39,168720.17,149795,351,80,0,0
832926,1,15,2210,49,0,39,168720.17,149795,351,80,0,0
832968,1,16,2251,49,0,39,168721.17,149795,351,80,0,0
833158,1,16,2283,54,0,39,168721.17,149795,351,80,0,0
833268,1,16,2378,57,0,39,168721.17,149795,351,80,0,0
833368,1,17,2423,58,0,39,168721.17,149795,351,80,0,0
833468,1,17,2493,60,0,39,168721.17,149795,351,80,0,0
833631,1,18,2525,63,0,39,168721.17,149795,351,80,0,0
833756,1,18,2600,68,0,39,168721.17,149795,351,80,0,0
833868,1,18,2667,71,0,39,168721.17,149795,351,80,0,0
833978,1,19,2731,72,0,39,168722.23,149795,351,80,0,0
834132,1,19,2763,73,0,39,168722.23,149795,351,80,0,0
834231,1,20,2897,56,0,39,168722.23,149795,351,80,0,0
834368,1,20,2879,31,0,39,168722.23,149795,351,80,0,0
834468,1,21,2796,0,0,39,168722.23,149795,351,80,0,0
834505,1,21,2796,0,0,39,168722.23,149795,351,80,0,0
834718,1,21,2500,0,0,39,168722.23,149795,351,80,0,0
834831,1,21,2347,0,0,39,168722.23,149795,351,80,0,0
834956,1,20,2221,0,0,39,168722.23,149795,351,80,0,0
835048,1,21,2174,0,0,39,168722.23,149795,351,80,0,0
835168,1,21,1904,0,0,39,168722.23,149795,351,80,0,0
835306,1,21,1756,16,0,39,168722.23,149795,351,80,0,0
835431,1,21,1551,22,0,39,168722.23,149795,351,80,0,0
835506,1,21,1581,37,0,39,168723.27,149795,351,80,0,0
835656,1,21,1613,37,0,39,168723.27,149795,351,80,0,0
835768,1,21,1657,50,0,39,168723.27,149795,351,80,0,0
835906,1,21,1650,64,0,39,168723.27,149795,351,80,0,0
835968,1,21,1661,64,0,39,168723.27,149795,351,80,0,0
836130,1,21,1661,78,0,39,168723.27,149795,351,80,0,0
836268,1,22,1716,95,0,39,168723.27,149795,351,80,0,0
836368,1,22,1753,96,0,39,168723.27,149795,351,80,0,0
836505,1,23,1767,97,0,39,168723.27,149795,351,80,0,0
836643,1,23,1799,97,0,39,168723.27,149795,351,80,0,0
836768,1,24,1883,98,0,39,168724.27,149795,351,80,0,0
836868,1,24,1894,99,0,39,168724.27,149795,351,80,0,0
837005,1,25,1937,99,0,39,168724.27,149795,351,80,0,0
837019,1,25,1969,99,0,39,168724.27,149795,351,80,0,0
837255,1,26,2044,99,0,39,168724.27,149795,351,80,0,0
837368,1,27,2110,99,0,39,168725.34,149795,351,80,0,0
837468,1,27,2140,99,0,39,168725.34,149795,351,80,0,0
837519,1,27,2172,99,0,39,168725.34,149795,351,80,0,0
837730,1,29,2236,99,0,39,168725.34,149795,351,80,0,0
837830,1,29,2270,99,0,39,168725.34,149795,351,80,0,0
837968,1,30,2286,99,0,39,168725.34,149795,351,80,0,0
838005,1,30,2286,99,0,39,168725.34,149795,351,80,0,0
838205,1,30,2337,99,0,39,168726.39,149795,351,80,0,0
838318,1,31,2409,98,0,39,168726.39,149795,351,80,0,0
838457,1,32,2447,94,0,39,168726.39,149795,351,80,0,0
838505,1,32,2490,92,0,39,168726.39,149795,351,80,0,0
838693,1,32,2555,92,0,39,168726.39,149795,351,80,0,0
838818,1,33,2588,88,0,39,168727.45,149795,351,80,0,0
838930,1,34,2614,88,0,39,168727.45,149795,351,80,0,0
839047,1,34,2646,87,0,39,168727.45,149795,351,80,0,0
839168,1,34,2670,87,0,39,168727.45,149795,351,80,0,0
839305,1,35,2737,86,0,39,168727.45,149795,351,80,0,0
839418,1,36,2771,85,0,39,168728.52,149795,351,80,0,0
839530,1,36,2772,83,0,39,168728.52,149795,351,80,0,0
839675,1,36,2838,83,0,39,168728.52,149795,351,80,0,0
839805,1,37,2879,78,0,39,168728.52,149795,351,80,0,0
839918,1,37,2874,72,0,39,168729.56,149795,351,80,0,0
840005,1,38,2885,65,0,39,168729.56,149795,351,80,0,0
840155,1,38,2885,65,0,39,168729.56,149795,351,80,0,0
840268,1,38,2941,55,0,39,168729.56,149795,351,80,0,0
840368,1,39,2923,44,0,39,168729.56,149795,351,80,0,0
840505,1,39,2864,0,0,39,168729.56,149795,351,80,0,0
840641,1,39,2832,0,0,39,168729.56,149795,351,80,0,0
840768,1,39,2475,0,0,39,168729.56,149795,351,80,0,0
840868,1,39,2336,0,0,39,168729.56,149795,351,80,0,0
841005,1,39,2248,0,0,39,168729.56,149795,351,80,0,0
841155,1,38,2147,0,0,39,168729.56,149795,351,80,0,0
841268,1,38,2012,13,0,39,168729.56,149795,351,80,0,0
841368,1,38,2070,19,0,39,168729.56,149795,351,80,0,0
841505,1,38,2086,33,0,39,168730.58,149795,351,80,0,0
841519,1,38,2022,33,0,39,168730.58,149795,351,80,0,0
841730,1,38,2023,38,0,39,168730.58,149795,351,80,0,0
841858,1,38,2078,38,0,39,168730.58,149795,351,80,0,0
841968,1,38,2050,38,0,39,168730.58,149795,351,80,0,0
842025,1,38,2050,38,0,39,168730.58,149795,351,80,0,0
842218,1,39,2077,38,0,39,168730.58,149795,351,80,0,0
842330,1,39,2076,38,0,39,168730.58,149795,351,80,0,0
842441,1,39,2076,38,0,39,168730.58,149795,351,80,0,0
842533,1,39,2077,38,0,39,168730.58,149795,351,80,0,0
842675,1,39,2077,38,0,39,168730.58,149795,351,80,0,0
842805,1,39,2077,38,0,39,168730.58,149795,351,80,0,0
842930,1,39,2077,38,0,39,168731.61,149795,351,80,0,0
843005,1,39,2077,37,0,39,168731.61,149795,351,80,0,0
843168,1,39,2098,37,0,39,168731.61,149795,351,80,0,0
843295,1,39,2097,36,0,39,168731.61,149795,351,80,0,0
843418,1,39,2091,36,0,39,168731.61,149795,351,80,0,0
843532,1,39,2089,34,0,39,168731.61,149795,351,80,0,0
843675,1,39,2088,34,0,39,168731.61,149795,351,80,0,0
843795,1,39,2086,30,0,39,168731.61,149795,351,80,0,0
843918,1,39,2108,29,0,39,168731.61,149795,351,80,0,0
844018,1,39,2101,29,0,39,168731.61,149795,351,80,0,0
844155,1,39,2101,29,0,39,168731.61,149795,351,80,0,0
844268,1,39,2102,29,0,39,168731.61,149795,351,80,0,0
844405,1,39,2104,29,0,39,168731.61,149795,351,80,0,0
844505,1,39,2107,29,0,39,168732.62,149795,351,80,0,0
844638,1,39,2107,29,0,39,168732.62,149795,351,80,0,0
844768,1,40,2104,29,0,39,168732.62,149795,351,80,0,0
844868,1,40,2112,24,0,39,168732.62,149795,351,80,0,0
844968,1,40,2080,10,0,39,168732.62,149795,351,80,0,0
845045,1,40,2080,0,0,39,168732.62,149795,351,80,0,0
845230,1,39,2095,0,0,39,168732.62,149795,351,80,0,0
845358,1,39,2091,0,0,39,168732.62,149795,351,80,0,0
845468,1,39,2091,0,0,39,168732.62,149795,351,80,0,0
845530,1,39,2059,0,0,39,168732.62,149795,351,80,0,0
845718,1,39,2091,0,0,39,168732.62,149795,351,80,0,0
845830,1,39,2074,0,0,39,168732.62,149795,351,80,0,0
845955,1,39,2057,0,0,39,168732.62,149795,351,80,0,0
846030,1,39,2056,0,0,39,168732.62,149795,351,80,0,0
846175,1,39,2059,0,0,39,168732.62,149795,351,80,0,0
846318,1,39,2017,0,0,39,168732.62,149795,351,80,0,0
846441,1,38,2030,0,0,39,168732.62,149795,351,80,0,0
846506,1,38,2044,0,0,39,168732.62,149795,351,80,0,0
846637,1,38,2044,0,0,39,168732.62,149795,351,80,0,0
846795,1,38,2031,0,0,39,168732.62,149795,351,80,0,0
846918,1,38,2011,10,0,39,168732.62,149795,351,80,0,0
847018,1,38,2043,13,0,39,168732.62,149795,351,80,0,0
847155,1,38,2038,13,0,39,168732.62,149795,351,80,0,0
847268,1,38,2004,20,0,39,168732.62,149795,351,80,0,0
847368,1,38,1985,21,0,39,168733.64,149795,351,80,0,0
847518,1,38,1996,22,0,39,168733.64,149795,351,80,0,0
847636,1,38,1996,22,0,39,168733.64,149795,351,80,0,0
847768,1,38,2001,22,0,39,168733.64,149795,351,80,0,0
847868,1,38,2001,22,0,39,168733.64,149795,351,80,0,0
848006,1,38,2001,22,0,39,168733.64,149795,351,80,0,0
848155,1,38,2001,22,0,39,168733.64,149795,351,80,0,0
848268,1,38,2001,22,0,39,168733.64,149795,351,80,0,0
848368,1,38,2000,19,0,39,168733.64,149795,351,80,0,0
848506,1,38,1999,18,0,39,168733.64,149795,351,80,0,0
848518,1,38,2031,18,0,39,168733.64,149795,351,80,0,0
848755,1,38,1992,18,0,39,168733.64,149795,351,80,0,0
848868,1,38,1990,18,0,39,168733.64,149795,351,80,0,0
848968,1,38,1990,22,0,39,168733.64,149795,351,80,0,0
849065,1,38,1990,24,0,39,168733.64,149795,351,80,0,0
849230,1,38,2003,24,0,39,168734.67,149795,351,80,0,0
849353,1,38,2040,24,0,39,168734.67,149795,351,80,0,0
849469,1,38,2029,21,0,39,168734.67,149795,351,80,0,0
849518,1,38,1997,9,0,39,168734.67,149795,351,80,0,0
849675,1,38,1984,9,0,39,168734.67,149795,351,80,0,0
849818,1,38,1996,0,0,39,168734.67,149795,351,80,0,0
849930,1,38,1991,0,0,39,168734.67,149795,351,80,0,0
850045,1,38,1990,0,0,39,168734.67,149795,351,80,0,0
850175,1,38,1958,0,0,39,168734.67,149795,351,80,0,0
850305,1,38,1988,0,0,39,168734.67,149795,351,80,0,0
850430,1,37,2005,0,0,39,168734.67,149795,351,80,0,0
850532,1,37,1968,0,0,39,168734.67,149795,351,80,0,0
850668,1,37,1959,0,0,39,168734.67,149795,351,80,0,0
850795,1,37,1967,0,0,39,168734.67,149795,351,80,0,0
850905,1,37,1979,5,0,39,168734.67,149795,351,80,0,0
851030,1,37,1967,6,0,39,168734.67,149795,351,81,0,0
851030,1,37,1967,6,0,39,168734.67,149795,351,81,0,0
851269,1,36,1965,21,0,39,168734.67,149795,351,81,0,0
851368,1,36,1945,23,0,39,168734.67,149795,351,81,0,0
851519,1,37,1930,29,0,39,168734.67,149795,351,81,0,0
851675,1,37,1945,29,0,39,168734.67,149795,351,81,0,0
851818,1,37,1980,31,0,39,168735.69,149795,351,81,0,0
851930,1,37,1983,31,0,39,168735.69,149795,351,81,0,0
852045,1,37,1953,32,0,39,168735.69,149795,351,81,0,0
852175,1,37,1956,32,0,39,168735.69,149795,351,81,0,0
852305,1,37,1958,34,0,39,168735.69,149795,351,81,0,0
852418,1,37,1962,38,0,39,168735.69,149795,351,81,0,0
852531,1,37,1965,43,0,39,168735.69,149795,351,81,0,0
852668,1,37,1977,43,0,39,168735.69,149795,351,81,0,0
852768,1,37,1968,53,0,39,168735.69,149795,351,81,0,0
852905,1,37,1988,56,0,39,168735.69,149795,351,81,0,0
853020,1,37,2007,57,0,39,168735.69,149795,351,81,0,0
853064,1,37,2007,57,0,39,168735.69,149795,351,81,0,0
853269,1,38,1991,57,0,39,168736.73,149795,351,81,0,0
853368,1,38,2023,57,0,39,168736.73,149795,351,81,0,0
853505,1,38,2024,57,0,39,168736.73,149795,351,81,0,0
853535,1,38,2024,57,0,39,168736.73,149795,351,81,0,0
853769,1,38,2067,57,0,39,168736.73,149795,351,81,0,0
853868,1,38,2066,57,0,39,168736.73,149795,351,81,0,0
854005,1,39,2065,57,0,39,168736.73,149795,351,81,0,0
854005,1,39,2065,57,0,39,168736.73,149795,351,81,0,0
854230,1,39,2056,56,0,39,168736.73,149795,351,81,0,0
854358,1,39,2086,56,0,39,168737.78,149795,351,81,0,0
854468,1,39,2080,55,0,39,168737.78,149795,354,81,0,0
854518,1,39,2080,48,0,39,168737.78,149795,354,81,0,0
854709,1,39,2081,47,0,39,168737.78,149795,354,81,0,0
854819,1,39,2096,47,0,39,168737.78,149795,354,81,0,0
854930,1,40,2126,45,0,39,168737.78,149795,354,81,0,0
855062,1,40,2126,45,0,39,168737.78,149795,354,81,0,0
855175,1,40,2127,45,0,39,168737.78,149795,354,81,0,0
855305,1,40,2129,43,0,39,168737.78,149795,354,81,0,0
855419,1,40,2128,42,0,39,168737.78,149795,354,81,0,0
855530,1,40,2126,42,0,39,168738.83,149795,354,81,0,0
855530,1,40,2126,42,0,39,168738.83,149795,354,81,0,0
855769,1,40,2148,42,0,39,168738.83,149795,354,81,0,0
855905,1,40,2148,42,0,39,168738.83,149795,354,81,0,0
856019,1,40,2148,42,0,39,168738.83,149795,354,81,0,0
856019,1,40,2148,42,0,39,168738.83,149795,354,81,0,0
856269,1,41,2153,38,0,39,168738.83,149795,354,81,0,0
856369,1,41,2153,31,0,39,168738.83,149795,354,81,0,0
856505,1,41,2144,30,0,39,168738.83,149795,354,81,0,0
856525,1,41,2144,30,0,39,168738.83,149795,354,81,0,0
856755,1,41,2147,30,0,39,168738.83,149795,354,81,0,0
856869,1,41,2182,28,0,39,168738.83,149795,354,81,0,0
856969,1,41,2182,22,0,39,168739.83,149795,354,81,0,0
857062,1,41,2150,0,0,39,168739.83,149795,354,81,0,0
857230,1,41,2177,0,0,39,168739.83,149795,354,81,0,0
857330,1,41,2161,0,0,39,168739.83,149795,354,81,0,0
857468,1,41,2158,0,0,39,168739.83,149795,354,81,0,0
857530,1,41,2126,0,0,39,168739.83,149795,354,81,0,0
857681,1,41,2126,0,0,39,168739.83,149795,354,81,0,0
857830,1,41,2125,0,0,39,168739.83,149795,354,81,0,0
857930,1,40,2156,0,0,39,168739.83,149795,354,81,0,0
858021,1,40,2121,0,0,39,168739.83,149795,354,81,0,0
858175,1,40,2139,0,0,39,168739.83,149795,354,81,0,0
858305,1,40,2126,0,0,39,168739.83,149795,354,81,0,0
858430,1,40,2141,0,0,39,168739.83,149795,354,81,0,0
858530,1,40,2109,0,0,39,168739.83,149795,354,81,0,0
858530,1,40,2109,0,0,39,168739.83,149795,354,81,0,0
858771,1,40,2109,0,0,39,168739.83,149795,354,81,0,0
858905,1,39,2108,0,0,39,168739.83,149795,354,81,0,0
859020,1,39,2076,0,0,39,168739.83,149795,354,81,0,0
859167,1,39,2076,0,0,39,168739.83,149795,354,81,0,0
859270,1,39,2048,0,0,39,168739.83,149795,354,81,0,0
859405,1,38,2016,0,0,39,168739.83,149795,354,81,0,0
859520,1,38,2016,0,0,39,168739.83,149795,354,81,0,0
859530,1,38,2016,0,0,39,168739.83,149795,354,81,0,0
859755,1,38,1984,0,0,39,168739.83,149795,354,81,0,0
859869,1,38,1984,0,0,39,168739.83,149795,354,81,0,0
859969,1,38,1984,0,0,39,168739.83,149795,354,81,0,0
860020,1,38,1984,0,0,39,168739.83,149795,354,81,0,0
860230,1,37,1952,0,0,39,168739.83,149795,354,81,0,0
860330,1,37,1952,0,0,39,168739.83,149795,354,81,0,0
860456,1,37,1952,0,0,39,168739.83,149795,354,81,0,0
860545,1,37,1952,0,0,39,168739.83,149795,354,81,0,0
860679,1,37,1920,0,0,39,168739.83,149795,354,81,0,0
860830,1,36,1920,0,0,39,168739.83,149795,354,81,0,0
860930,1,36,1920,0,0,39,168739.83,149795,354,81,0,0
861030,1,36,1888,0,0,39,168739.83,149795,354,81,0,0
861175,1,36,1888,0,0,39,168739.83,149795,354,81,0,0
861305,1,36,1888,0,0,39,168739.83,149795,354,81,0,0
861427,1,36,1856,0,0,39,168739.83,149795,354,81,0,0
861545,1,35,1856,0,0,39,168739.83,149795,354,81,0,0
861679,1,35,1856,0,0,39,168739.83,149795,354,81,0,0
861805,1,35,1856,0,0,39,168739.83,149795,354,81,0,0
861918,1,35,1824,0,0,39,168739.83,149795,354,81,0,0
862019,1,35,1824,0,0,39,168739.83,149795,354,81,0,0
862019,1,35,1824,0,0,39,168739.83,149795,354,81,0,0
862269,1,34,1824,0,0,39,168739.83,149795,354,81,0,0
862368,1,34,1792,0,0,39,168739.83,149795,354,81,0,0
862505,1,34,1792,0,0,39,168739.83,149795,354,81,0,0
862653,1,34,1792,0,0,39,168739.83,149795,354,81,0,0
862768,1,34,1792,0,12,39,168739.83,149795,354,81,0,0
862869,1,34,1792,0,20,39,168739.83,149795,354,81,0,0
863005,1,34,1760,0,16,39,168739.83,149795,354,81,0,0
863031,1,33,1760,0,16,39,168739.83,149795,354,81,0,0
863230,1,33,1728,0,20,39,168739.83,149795,354,81,0,0
863355,1,33,1728,0,32,39,168739.83,149795,354,81,0,0
863469,1,33,1696,0,40,39,168739.83,149795,354,81,0,0
863545,1,32,1696,0,40,39,168739.83,149795,354,81,0,0
863678,1,32,1696,0,40,39,168739.83,149795,354,81,0,0
863830,1,31,1664,0,42,39,168739.83,149795,354,81,0,0
863955,1,31,1632,0,48,39,168739.83,149795,354,81,0,0
864030,1,31,1600,0,48,39,168739.83,149795,354,81,0,0
864175,1,31,1600,0,54,39,168739.83,149795,354,81,0,0
864305,1,30,1568,0,56,39,168739.83,149795,354,81,0,0
864430,1,29,1536,0,58,39,168739.83,149795,354,81,0,0
864529,1,29,1504,0,54,39,168739.83,149795,354,81,0,0
864655,1,29,1504,0,42,39,168739.83,149795,354,81,0,0
864769,1,28,1472,0,42,39,168739.83,149795,354,81,0,0
864905,1,28,1440,0,42,39,168739.83,149795,354,81,0,0
865019,1,27,1440,0,36,39,168739.83,149795,354,81,0,0
865164,1,27,1440,0,36,39,168739.83,149795,354,81,0,0
865269,1,27,1408,0,28,39,168739.83,149795,354,81,0,0
865369,1,26,1376,0,32,39,168739.83,149795,354,81,0,0
865519,1,26,1344,0,44,39,168739.83,149795,354,81,0,0
865545,1,26,1344,0,44,39,168739.83,149795,354,81,0,0
865755,1,25,1280,0,76,39,168739.83,149795,354,81,0,0
865869,1,24,1265,0,80,39,168739.83,149795,354,81,0,0
865969,1,24,1216,0,80,39,168739.83,149795,354,81,0,0
866081,1,23,1148,0,80,39,168739.83,149795,354,81,0,0
866204,1,23,1116,0,80,39,168739.83,149795,354,81,0,0
866330,1,22,1160,0,72,39,168739.83,149795,354,81,0,0
866456,1,22,1154,0,0,39,168739.83,149795,354,81,0,0
866545,1,21,1165,0,0,39,168739.83,149795,354,81,0,0
866676,1,21,1169,0,0,39,168739.83,149795,354,81,0,0
866819,1,21,1132,0,0,39,168739.83,149795,354,81,0,0
866929,1,21,1127,0,0,39,168739.83,149795,354,81,0,0
867045,1,21,1128,0,0,39,168739.83,149795,354,81,0,0
867175,1,21,1129,0,0,39,168739.83,149795,354,81,0,0
867304,1,20,1131,0,0,39,168739.83,149795,354,81,0,0
867427,1,20,1132,0,0,39,168740.83,149795,354,81,0,0
867544,1,20,1123,0,0,39,168740.83,149795,354,81,0,0
867675,1,20,1148,0,0,39,168740.83,149795,354,81,0,0
867804,1,20,1145,0,0,39,168740.83,149795,354,81,0,0
867919,1,19,1174,0,0,39,168740.83,149795,354,81,0,0
868036,1,19,1172,0,0,39,168740.83,149795,354,81,0,0
868044,1,19,1172,0,0,39,168740.83,149795,354,81,0,0
868269,1,19,1171,0,0,39,168740.83,149795,354,81,0,0
868404,1,18,1203,0,0,39,168740.83,149795,354,81,0,0
868519,1,18,1235,0,0,39,168740.83,149795,354,81,0,0
868530,1,18,1235,0,0,39,168740.83,149795,354,81,0,0
868755,1,18,1299,0,0,39,168740.83,149795,354,81,0,0
868869,1,17,1364,0,0,39,168740.83,149795,354,81,0,0
868969,1,17,1333,0,0,39,168740.83,149795,354,81,0,0
869044,1,17,1301,0,0,39,168740.83,149795,354,81,0,0
869230,1,17,1304,2,0,39,168740.83,149795,354,81,0,0
869355,1,17,1308,5,0,39,168740.83,149795,354,81,0,0
869469,1,17,1303,16,0,39,168740.83,149795,354,81,0,0
869529,1,17,1303,21,0,39,168740.83,149795,354,81,0,0
869675,1,17,1303,21,0,39,168740.83,149795,354,81,0,0
869829,1,17,1307,42,0,39,168740.83,149795,354,81,0,0
869929,1,17,1286,51,0,39,168740.83,149795,354,81,0,0
870029,1,17,1331,55,0,39,168740.83,149795,354,81,0,0
870175,1,17,1294,55,0,39,168740.83,149795,354,81,0,0
870304,1,17,1332,56,0,39,168740.83,149795,354,81,0,0
870425,1,17,1331,56,0,39,168740.83,149795,354,81,0,0
870546,1,17,1363,56,0,39,168740.83,149795,354,81,0,0
870673,1,17,1362,56,0,39,168740.83,149795,354,81,0,0
870794,1,18,1397,56,0,39,168741.84,149795,354,81,0,0
870904,1,18,1403,58,0,39,168741.84,149795,354,81,0,0
871004,1,18,1439,58,0,39,168741.84,149795,354,81,0,0
871048,1,18,1439,58,0,39,168741.84,149795,354,81,0,0
871255,1,19,1451,65,0,39,168741.84,149795,354,81,0,0
871369,1,19,1475,68,0,39,168741.84,149795,354,81,0,0
871469,1,19,1486,72,0,39,168741.84,149795,354,81,0,0
871532,1,19,1518,78,0,39,168741.84,149795,354,81,0,0
871729,1,20,1539,87,0,39,168741.84,149795,354,81,0,0
871829,1,20,1589,88,0,39,168741.84,149795,354,81,0,0
871969,1,21,1613,90,0,39,168741.84,149795,354,81,0,0
872077,1,21,1652,95,0,39,168742.89,149795,354,81,0,0
872185,1,21,1684,99,0,39,168742.89,149795,354,81,0,0
872329,1,22,1734,103,0,39,168742.89,149795,354,81,0,0
872441,1,23,1778,107,0,39,168742.89,149795,354,81,0,0
872555,1,23,1792,110,0,39,168742.89,149795,354,81,0,0
872704,1,23,1851,110,0,39,168742.89,149795,354,81,0,0
872829,1,25,1920,111,0,39,168742.89,149795,354,81,0,0
872929,1,25,1969,111,0,39,168743.94,149795,354,81,0,0
873055,1,26,2015,111,0,39,168743.94,149795,354,81,0,0
873087,1,26,2028,111,0,39,168743.94,149795,354,81,0,0
873319,1,27,2141,111,0,39,168743.94,149795,354,81,0,0
873434,1,28,2149,111,0,39,168745.00,149795,354,81,0,0
873555,1,29,2222,111,0,39,168745.00,149795,354,81,0,0
873555,1,29,2222,111,0,39,168745.00,149795,354,81,0,0
873804,1,30,2314,111,0,39,168745.00,149795,354,81,0,0
873929,1,31,2388,111,0,39,168745.00,149795,354,81,0,0
874029,1,31,2462,111,0,39,168746.06,149795,354,81,0,0
874029,1,31,2462,111,0,39,168746.06,149795,354,81,0,0
874294,1,33,2555,111,0,39,168746.06,149795,354,81,0,0
874404,1,33,2566,111,0,39,168746.06,149795,354,81,0,0
874529,1,34,2640,111,0,39,168747.12,149795,354,81,0,0
874582,1,34,2684,111,0,39,168747.12,149795,354,81,0,0
874769,1,35,2772,111,0,39,168747.12,149795,354,81,0,0
874872,1,36,2811,111,0,39,168747.12,149795,354,81,0,0
875004,1,37,2823,104,0,39,168748.14,149795,354,81,0,0
875044,1,37,2855,104,0,39,168748.14,149795,354,81,0,0
875229,1,38,2928,99,0,39,168748.14,149795,354,81,0,0
875355,1,39,2976,97,0,39,168748.14,149795,354,81,0,0
875472,1,39,3025,92,0,39,168749.19,149795,354,81,0,0
875529,1,40,3025,86,0,39,168749.19,149795,354,81,0,0
875678,1,40,3079,86,0,39,168749.19,149795,354,81,0,0
875830,1,41,3096,52,0,39,168749.19,149795,354,81,0,0
875931,1,41,3041,10,0,39,168749.19,149795,354,81,0,0
876055,1,41,3013,0,0,39,168750.22,149795,354,81,0,0
876182,1,41,2982,0,0,39,168750.22,149795,354,81,0,0
876319,1,41,2634,0,0,39,168750.22,149795,354,81,0,0
876431,1,41,2496,0,0,39,168750.22,149795,354,81,0,0
876545,1,41,2435,4,0,39,168750.22,149795,354,81,0,0
876545,1,41,2435,4,0,39,168750.22,149795,354,81,0,0
876804,1,41,2135,23,0,39,168750.22,149795,354,81,0,0
876928,1,41,2186,30,0,39,168750.22,149795,354,81,0,0
877029,1,41,2188,46,0,39,168750.22,149795,354,81,0,0
877029,1,41,2188,46,0,39,168750.22,149795,354,81,0,0
877294,1,41,2193,67,0,39,168750.22,149795,354,81,0,0
877404,1,41,2191,67,0,39,168750.22,149795,354,81,0,0
877529,1,41,2201,67,0,39,168750.22,149795,354,81,0,0
877672,1,41,2237,67,0,39,168750.22,149795,354,81,0,0
877794,1,41,2218,70,0,39,168751.27,149795,354,81,0,0
877904,1,42,2218,71,0,39,168751.27,149795,354,81,0,0
878029,1,42,2241,71,0,39,168751.27,149795,354,81,0,0
878075,1,42,2266,71,0,39,168751.27,149795,354,81,0,0
878272,1,42,2274,71,0,39,168751.27,149795,354,81,0,0
878372,1,43,2275,69,0,39,168751.27,149795,354,81,0,0
878506,1,43,2284,53,0,39,168752.30,149795,354,81,0,0
878545,1,43,2284,53,0,39,168752.30,149795,354,81,0,0
878729,1,43,2285,35,0,39,168752.30,149795,354,81,0,0
878855,1,43,2278,16,0,39,168752.30,149795,354,81,0,0
878969,1,43,2288,0,0,39,168752.30,149795,354,81,0,0
879029,1,43,2288,0,0,39,168752.30,149795,354,81,0,0
879180,1,43,2290,0,0,39,168752.30,149795,354,81,0,0
879330,1,43,2285,0,0,39,168752.30,149795,354,81,0,0
879455,1,43,2288,0,0,39,168752.30,149795,354,81,0,0
879565,1,43,2257,0,0,39,168752.30,149795,354,81,0,0
879693,1,43,2289,0,0,39,168752.30,149795,354,81,0,0
879804,1,43,2256,0,0,39,168752.30,149795,354,81,0,0
879930,1,42,2268,0,0,39,168752.30,149795,354,81,0,0
880052,1,42,2261,0,0,39,168753.31,149795,354,81,0,0
880180,1,42,2270,0,0,39,168753.31,149795,354,81,0,0
880304,1,42,2238,0,0,39,168753.31,149795,354,81,0,0
880419,1,42,2235,0,0,39,168753.31,149795,354,81,0,0
880529,1,42,2190,0,0,39,168753.31,149795,354,81,0,0
880556,1,42,2190,0,0,39,168753.31,149795,354,81,0,0
880772,1,41,2206,0,0,39,168753.31,149795,354,81,0,0
880872,1,41,2189,0,0,39,168753.31,149795,354,81,0,0
881004,1,41,2144,0,0,39,168753.31,149795,354,81,0,0
881045,1,41,2144,0,0,39,168753.31,149795,354,81,0,0
881229,1,40,2144,0,0,39,168753.31,149795,354,81,0,0
881355,1,40,2112,0,0,39,168753.31,149795,354,81,0,0
881472,1,40,2112,0,0,39,168753.31,149796,354,81,0,0
881555,1,40,2112,1,0,39,168753.31,149796,354,81,0,0
881704,1,40,2112,2,0,39,168753.31,149796,354,81,0,0
881830,1,40,2085,5,0,39,168753.31,149796,354,81,0,0
881955,1,40,2122,9,0,39,168753.31,149796,354,81,0,0
882044,1,40,2136,10,0,39,168753.31,149796,354,81,0,0
882179,1,40,2116,10,0,39,168753.31,149796,354,81,0,0
882330,1,40,2100,20,0,39,168753.31,149796,354,81,0,0
882441,1,39,2080,24,0,39,168753.31,149796,354,81,0,0
882555,1,39,2088,25,0,39,168753.31,149796,354,81,0,0
882691,1,39,2097,25,0,39,168753.31,149796,354,81,0,0
882804,1,39,2109,33,0,39,168753.31,149796,354,81,0,0
882930,1,39,2089,37,0,39,168753.31,149796,354,81,0,0
883055,1,39,2093,39,0,39,168753.31,149796,354,81,0,0
883055,1,39,2093,39,0,39,168753.31,149796,354,81,0,0
883304,1,39,2110,46,0,39,168753.31,149796,354,81,0,0
883422,1,39,2090,47,0,39,168754.34,149796,354,81,0,0
883544,1,39,2099,48,0,39,168754.34,149796,354,81,0,0
883677,1,39,2136,48,0,39,168754.34,149796,354,81,0,0
883804,1,40,2107,48,0,39,168754.34,149796,354,81,0,0
883904,1,40,2136,49,0,39,168754.34,149796,354,81,0,0
884029,1,40,2131,55,0,39,168754.34,149796,354,81,0,0
884177,1,40,2131,55,0,39,168754.34,149796,354,81,0,0
884294,1,40,2139,62,0,39,168754.34,149796,354,81,0,0
884404,1,40,2153,67,0,39,168754.34,149796,354,81,0,0
884529,1,41,2160,68,0,39,168755.36,149796,357,81,0,0
884544,1,41,2160,68,0,39,168755.36,149796,357,81,0,0
884755,1,41,2185,69,0,39,168755.36,149796,357,81,0,0
884872,1,41,2180,69,0,39,168755.36,149796,357,81,0,0
885004,1,41,2180,69,0,39,168755.36,149796,357,81,0,0
885072,1,41,2215,69,0,39,168755.36,149796,357,81,0,0
885246,1,42,2255,69,0,39,168755.36,149796,357,81,0,0
885355,1,42,2226,69,0,39,168755.36,149796,357,81,0,0
885472,1,42,2268,69,0,39,168756.38,149796,357,81,0,0
885555,1,42,2268,69,0,39,168756.38,149796,357,81,0,0
885721,1,42,2298,69,0,39,168756.38,149796,357,81,0,0
885830,1,43,2298,67,0,39,168756.38,149796,357,81,0,0
885955,1,43,2302,62,0,39,168756.38,149796,357,81,0,0
886055,1,43,2272,57,0,39,168756.38,149796,357,81,0,0
886204,1,43,2298,46,0,39,168756.38,149796,357,81,0,0
886330,1,43,2280,29,0,39,168757.44,149796,357,81,0,0
886441,1,44,2318,9,0,39,168757.44,149796,357,81,0,0
886555,1,44,2329,0,0,39,168757.44,149796,357,81,0,0
886689,1,44,2329,0,0,39,168757.44,149796,357,81,0,0
886804,1,43,2329,0,0,39,168757.44,149796,357,81,0,0
886930,1,43,2289,0,0,39,168757.44,149796,357,81,0,0
887055,1,44,2289,0,0,39,168757.44,149796,357,81,0,0
887072,1,44,2257,0,0,39,168757.44,149796,357,81,0,0
887304,1,43,2277,0,0,39,168757.44,149796,357,81,0,0
887422,1,43,2289,0,0,39,168757.44,149796,357,81,0,0
887544,1,43,2301,0,0,39,168757.44,149796,357,81,0,0
887567,1,43,2301,0,0,39,168757.44,149796,357,81,0,0
887771,1,43,2270,0,0,39,168757.44,149796,357,81,0,0
887872,1,43,2267,0,0,39,168757.44,149796,357,81,0,0
888004,1,42,2255,4,0,39,168757.44,149796,357,81,0,0
888072,1,42,2267,4,0,39,168757.44,149796,357,81,0,0
888229,1,42,2267,11,0,39,168757.44,149796,357,81,0,0
888372,1,42,2269,19,0,39,168757.44,149796,357,81,0,0
888472,1,42,2210,22,0,39,168757.44,149796,357,81,0,0
888577,1,42,2230,26,0,39,168758.47,149796,357,81,0,0
888704,1,42,2262,32,0,39,168758.47,149796,357,81,0,0
888830,1,42,2220,33,0,39,168758.47,149796,357,81,0,0
888971,1,42,2266,34,0,39,168758.47,149796,357,81,0,0
889072,1,42,2241,36,0,39,168758.47,149796,357,81,0,0
889204,1,42,2241,39,0,39,168758.47,149796,357,81,0,0
889330,1,42,2242,42,0,39,168758.47,149796,357,81,0,0
889455,1,42,2246,45,0,39,168758.47,149796,357,81,0,0
889555,1,42,2257,47,0,39,168758.47,149796,357,81,0,0
889555,1,42,2257,47,0,39,168758.47,149796,357,81,0,0
889821,1,42,2251,53,0,39,168758.47,149796,357,81,0,0
889930,1,43,2295,54,0,39,168759.53,149796,357,81,0,0
890055,1,43,2300,56,0,39,168759.53,149796,357,81,0,0
890199,1,43,2300,56,0,39,168759.53,149796,357,81,0,0
890322,1,43,2303,57,0,39,168759.53,149796,357,81,0,0
890439,1,43,2311,57,0,39,168759.53,149796,357,81,0,0
890555,1,43,2317,57,0,39,168759.53,149796,357,81,0,0
890571,1,43,2320,57,0,39,168759.53,149796,357,81,0,0
890794,1,44,2320,58,0,39,168760.55,149796,357,81,0,0
890904,1,44,2313,58,0,39,168760.55,149796,357,81,0,0
891029,1,44,2343,54,0,39,168760.55,149796,357,81,0,0
891055,1,44,2343,54,0,39,168760.55,149796,357,81,0,0
891255,1,44,2351,45,0,39,168760.55,149796,357,81,0,0
891371,1,44,2343,44,0,39,168760.55,149796,357,81,0,0
891504,1,44,2383,44,0,39,168760.55,149796,357,81,0,0
891572,1,44,2379,44,0,39,168760.55,149796,357,81,0,0
891722,1,44,2387,42,0,39,168760.55,149796,357,81,0,0
891855,1,45,2395,42,0,39,168761.55,149796,357,81,0,0
891972,1,45,2369,41,0,39,168761.55,149796,357,81,0,0
892044,1,45,2369,41,0,39,168761.55,149796,357,81,0,0
892204,1,45,2399,40,0,39,168761.55,149796,357,81,0,0
892330,1,45,2393,40,0,39,168761.55,149796,357,81,0,0
892455,1,45,2391,40,0,39,168761.55,149796,357,81,0,0
892554,1,45,2391,40,0,39,168761.55,149796,357,81,0,0
892554,1,45,2391,40,0,39,168761.55,149796,357,81,0,0
892822,1,45,2390,40,0,39,168761.55,149796,357,81,0,0
892930,1,45,2424,40,0,39,168762.56,149796,357,81,0,0
893044,1,45,2425,40,0,39,168762.56,149796,357,81,0,0
893197,1,45,2426,40,0,39,168762.56,149796,357,81,0,0
893304,1,45,2427,40,0,39,168762.56,149796,357,81,0,0
893430,1,45,2428,40,0,39,168762.56,149796,357,81,0,0
893554,1,46,2429,40,0,39,168762.56,149796,357,81,0,0
893571,1,46,2429,40,0,39,168762.56,149796,357,81,0,0
893771,1,46,2463,40,0,39,168762.56,149796,357,81,0,0
893904,1,46,2463,40,0,39,168762.56,149796,357,81,0,0
894022,1,46,2463,40,0,39,168763.59,149796,357,81,0,0
894045,1,46,2463,40,0,39,168763.59,149796,357,81,0,0
894254,1,46,2463,40,0,39,168763.59,149796,357,81,0,0
894371,1,46,2432,40,0,39,168763.59,149796,357,81,0,0
894472,1,46,2432,40,0,39,168763.59,149796,357,81,0,0
894573,1,46,2432,40,0,39,168763.59,149796,357,81,0,0
894786,1,46,2433,40,0,39,168763.59,149796,357,81,0,0
894904,1,46,2433,40,0,39,168763.59,149796,357,81,0,0
895021,1,46,2466,40,0,39,168763.59,149796,357,81,0,0
895072,1,46,2467,40,0,39,168763.59,149796,357,81,0,0
895229,1,46,2467,40,0,39,168763.59,149796,357,81,0,0
895371,1,46,2466,40,0,39,168764.64,149796,357,81,0,0
895472,1,46,2467,40,0,39,168764.64,149796,357,81,0,0
895572,1,46,2466,40,0,39,168764.64,149796,357,81,0,0
895722,1,46,2467,40,0,39,168764.64,149796,357,81,0,0
895854,1,47,2467,40,0,39,168764.64,149796,357,81,0,0
895971,1,47,2467,40,0,39,168764.64,149796,357,81,0,0
896071,1,47,2467,40,0,39,168764.64,149796,357,81,0,0
896229,1,47,2467,40,0,39,168764.64,149796,357,81,0,0
896354,1,47,2500,40,0,39,168764.64,149796,357,81,0,0
896455,1,47,2468,40,0,39,168765.70,149796,357,81,0,0
896571,1,47,2499,40,0,39,168765.70,149796,357,81,0,0
896721,1,47,2498,40,0,39,168765.70,149796,357,81,0,0
896830,1,47,2498,40,0,39,168765.70,149796,357,81,0,0
896954,1,47,2498,40,0,39,168765.70,149796,357,81,0,0
897071,1,47,2500,40,0,39,168765.70,149796,357,81,0,0
897071,1,47,2500,40,0,39,168765.70,149796,357,81,0,0
897303,1,47,2500,40,0,39,168765.70,149796,357,81,0,0
897430,1,47,2502,40,0,39,168765.70,149796,357,81,0,0
897554,1,47,2502,40,0,39,168766.70,149796,357,81,0,0
897572,1,47,2534,40,0,39,168766.70,149796,357,81,0,0
897784,1,47,2536,40,0,39,168766.70,149796,357,81,0,0
897904,1,48,2536,40,0,39,168766.70,149796,357,81,0,0
898021,1,48,2550,40,0,39,168766.70,149796,357,81,0,0
898109,1,48,2545,40,0,39,168766.70,149796,357,81,0,0
898254,1,48,2545,40,0,39,168766.70,149796,357,81,0,0
898371,1,48,2543,40,0,39,168766.70,149796,357,81,0,0
898504,1,48,2543,40,0,39,168766.70,149796,357,81,0,0
898620,1,48,2542,40,0,39,168766.70,149796,357,81,0,0
898733,1,48,2542,40,0,39,168766.70,149796,357,81,0,0
898871,1,48,2571,40,0,39,168767.70,149796,357,81,0,0
898971,1,48,2571,40,0,39,168767.70,149796,357,81,0,0
899071,1,48,2571,40,0,39,168767.70,149796,357,81,0,0
899221,1,48,2539,19,0,39,168767.70,149796,357,81,0,0
899330,1,48,2586,0,0,39,168767.70,149796,357,81,0,0
899455,1,48,2540,0,0,39,168767.70,149796,357,81,0,0
899571,1,48,2559,0,0,39,168767.70,149796,357,81,0,0
899571,1,48,2559,0,0,39,168767.70,149796,357,81,0,0
899830,1,48,2525,0,0,39,168767.70,149796,357,81,0,0
899954,1,48,2555,0,0,39,168767.70,149796,357,81,0,0
900071,1,48,2554,0,0,39,168767.70,149796,357,81,0,0
900109,1,48,2554,0,0,39,168767.70,149796,357,81,0,0
900304,1,48,2508,0,0,39,168767.70,149796,357,81,0,0
900421,1,47,2526,0,0,39,168767.70,149796,357,81,0,0
900544,1,47,2491,0,0,39,168767.70,149796,357,81,0,0
900571,1,47,2494,0,0,39,168767.70,149796,357,81,0,0
900771,1,47,2472,0,0,39,168767.70,149796,357,81,0,0
900871,1,47,2494,0,0,39,168767.70,149796,357,81,0,0
901004,1,46,2478,0,0,39,168768.70,149796,357,81,0,0
901110,1,46,2432,0,0,39,168768.70,149796,357,81,0,0
901228,1,46,2432,0,0,39,168768.70,149796,357,81,0,0
901371,1,46,2400,0,0,39,168768.70,149796,357,81,0,0
901471,1,46,2400,0,0,39,168768.70,149796,357,81,0,0
901571,1,46,2400,0,0,39,168768.70,149796,357,81,0,0
901731,1,45,2400,0,0,39,168768.70,149796,357,81,0,0
901854,1,45,2368,0,0,39,168768.70,149796,357,81,0,0
901971,1,45,2368,0,0,39,168768.70,149796,357,81,0,0
902071,1,45,2368,0,0,39,168768.70,149796,357,81,0,0
902135,1,45,2336,0,0,39,168768.70,149796,357,81,0,0
902321,1,45,2336,0,0,39,168768.70,149796,357,81,0,0
902439,1,44,2336,0,0,39,168768.70,149796,357,81,0,0
902554,1,44,2304,0,0,39,168768.70,149796,357,81,0,0
902617,1,44,2304,0,0,39,168768.70,149796,357,81,0,0
902803,1,44,2304,0,0,39,168768.70,149796,357,81,0,0
902921,1,43,2272,0,0,39,168768.70,149796,357,81,0,0
903028,1,43,2272,0,0,39,168768.70,149796,357,81,0,0
903134,1,43,2272,0,0,39,168768.70,149796,357,81,0,0
903254,1,43,2272,0,4,39,168768.70,149796,357,81,0,0
903371,1,43,2240,0,6,39,168768.70,149796,357,81,0,0
903503,1,42,2240,0,6,39,168768.70,149796,357,81,0,0
903571,1,42,2240,0,8,39,168768.70,149796,357,81,0,0
903729,1,42,2240,0,8,39,168768.70,149796,357,81,0,0
903871,1,42,2176,0,36,39,168768.70,149796,357,81,0,0
903971,1,41,2176,0,48,39,168768.70,149796,357,81,0,0
904109,1,41,2144,0,64,39,168768.70,149796,357,81,0,0
904254,1,41,2112,0,70,39,168768.70,149796,357,81,0,0
904371,1,40,2080,0,72,39,168768.70,149796,357,81,0,0
904471,1,39,2048,0,72,39,168768.70,149796,357,81,0,0
904609,1,39,2016,0,76,39,168768.70,149796,357,81,0,0
904609,1,39,2016,0,76,39,168768.70,149796,357,81,0,0
904854,1,37,1952,0,76,39,168768.70,149796,357,81,0,0
904971,1,36,1888,0,78,39,168768.70,149796,357,81,0,0
905071,1,36,1856,0,76,39,168768.70,149796,357,81,0,0
905241,1,35,1856,0,78,39,168768.70,149796,357,81,0,0
905354,1,34,1792,0,80,39,168768.70,149796,357,81,0,0
905471,1,34,1728,0,80,39,168768.70,149796,357,81,0,0
905571,1,33,1696,0,80,39,168768.70,149796,357,81,0,0
905728,1,32,1696,0,80,39,168768.70,149796,357,81,0,0
905854,1,31,1632,0,82,39,168768.70,149796,357,81,0,0
905971,1,31,1600,0,84,39,168768.70,149796,357,81,0,0
906071,1,30,1568,0,82,39,168768.70,149796,357,81,0,0
906128,1,29,1536,0,82,39,168768.70,149796,357,81,0,0
906330,1,28,1472,0,82,39,168768.70,149796,357,81,0,0
906456,1,28,1440,0,92,39,168768.70,149796,357,81,0,0
906571,1,27,1376,0,96,39,168768.70,149796,357,81,0,0
906571,1,27,1376,0,96,39,168768.70,149796,357,81,0,0
906804,1,27,1342,0,106,39,168768.70,149796,357,81,0,0
906921,1,25,1284,0,106,39,168768.70,149796,357,81,0,0
907044,1,24,1240,0,106,39,168768.70,149796,357,81,0,0
907071,1,24,1245,0,108,39,168768.70,149796,357,81,0,0
907240,1,24,1245,0,108,39,168768.70,149796,357,81,0,0
907371,1,21,1136,0,110,39,168768.70,149796,357,81,0,0
907503,1,21,1077,0,108,39,168768.70,149796,357,81,0,0
907609,1,20,1076,0,108,39,168768.70,149796,357,81,0,0
907754,1,19,1076,0,112,39,168768.70,149796,357,81,0,0
907871,1,18,1137,0,112,39,168768.70,149796,357,81,0,0
907971,1,17,1136,0,108,39,168768.70,149796,357,81,0,0
908071,1,17,1096,0,112,39,168768.70,149796,357,81,0,0
908239,1,17,1096,0,112,39,168768.70,149796,357,81,0,0
908354,1,15,1097,0,90,39,168768.70,149796,357,81,0,0
908471,1,14,1096,0,90,39,168768.70,149796,357,81,0,0
908571,1,14,1096,0,88,39,168768.70,149796,357,81,0,0
908728,1,12,1096,0,88,39,168768.70,149796,357,81,0,0
908854,1,12,1100,0,86,39,168768.70,149796,357,81,0,0
908971,1,11,1067,0,84,39,168768.70,149796,357,81,0,0
909071,1,11,1067,0,86,39,168768.70,149796,357,81,0,0
909239,1,10,1068,0,88,39,168768.70,149796,357,81,0,0
909354,1,9,1068,0,96,39,168768.70,149796,357,81,0,0
909471,1,9,1068,0,108,39,168768.70,149796,357,81,0,0
909571,1,8,1068,0,114,39,168768.70,149796,357,81,0,0
909571,1,8,1068,0,114,39,168768.70,149796,357,81,0,0
909854,1,6,1067,0,114,39,168768.70,149796,357,81,0,0
909971,1,5,1066,0,116,39,168768.70,149796,357,81,0,0
910071,1,4,1066,0,114,39,168768.70,149796,357,81,0,0
910071,1,4,1066,0,114,39,168768.70,149796,357,81,0,0
910329,1,2,1035,0,52,39,168768.70,149796,357,81,0,0
910456,1,2,1002,0,0,39,168768.70,149796,357,81,0,0
910571,1,0,966,0,0,39,168769.70,149796,357,81,0,0
910623,1,0,934,0,0,39,168769.70,149796,357,81,0,0
910803,1,0,898,0,0,39,168769.70,149796,357,81,0,0
910929,1,0,897,0,0,39,168769.70,149796,357,81,0,0
911044,1,0,935,0,0,39,168769.70,149796,357,81,0,0
911071,1,0,919,0,0,39,168769.70,149796,357,81,0,0
911281,1,0,885,0,12,39,168769.70,149796,357,81,0,0
911371,1,0,854,0,12,39,168769.70,149796,357,81,0,0
911503,1,0,853,0,32,39,168769.70,149796,357,81,0,0
911609,1,0,850,0,58,39,168769.70,149796,357,81,0,0
911754,1,0,850,0,74,39,168769.70,149796,357,81,0,0
911871,1,0,835,0,74,39,168769.70,149796,357,81,0,0
911971,1,0,863,0,102,39,168769.70,149796,357,81,0,0
912071,1,0,861,0,136,39,168769.70,149796,357,81,0,0
912237,1,0,861,0,136,39,168769.70,149796,357,81,0,0
912354,1,0,860,0,178,39,168769.70,149796,357,81,0,0
912471,1,0,856,0,244,39,168769.70,149796,357,81,0,0
912571,1,0,856,0,250,39,168769.70,149796,357,81,0,0
912622,1,0,856,0,250,39,168769.70,149796,357,81,0,0
912830,1,0,856,0,282,39,168769.70,149796,357,81,0,0
912954,1,0,856,0,190,39,168769.70,149796,357,81,0,0
913071,1,0,856,0,182,39,168769.70,149796,357,81,0,0
913121,1,0,856,0,182,39,168769.70,149796,357,81,0,0
913305,1,0,856,0,178,39,168769.70,149796,357,81,0,0
913441,1,0,856,0,174,39,168769.70,149796,357,81,0,0
913554,1,0,857,0,168,39,168769.70,149796,357,81,0,0
913636,1,0,857,0,168,39,168769.70,149796,357,81,0,0
913754,1,0,857,0,132,39,168769.70,149796,357,81,0,0
913903,1,0,855,0,102,39,168769.70,149796,357,81,0,0
914028,1,0,855,0,8,39,168769.70,149796,357,81,0,0
914128,1,0,856,0,0,39,168769.70,149796,357,81,0,0
914271,1,0,857,0,0,39,168769.70,149796,357,81,0,0
914371,1,0,856,0,0,39,168769.70,149796,357,81,0,0
914503,1,0,888,0,0,39,168769.70,149796,360,81,0,0
914621,1,0,991,0,0,39,168770.72,149796,360,81,0,0
914754,1,0,991,0,0,39,168770.72,149796,360,81,0,0
914871,1,0,1206,0,0,39,168770.72,149796,360,81,0,0
914971,1,0,1152,0,0,39,168770.72,149796,360,81,0,0
915109,1,0,1125,0,0,39,168770.72,149796,360,81,0,0
915235,1,0,1098,0,0,39,168770.72,149796,360,81,0,0
915372,1,0,1192,21,0,39,168770.72,149796,360,81,0,0
915471,1,0,1336,30,0,39,168770.72,149796,360,81,0,0
915571,1,0,1366,38,0,39,168770.72,149796,360,81,0,0
915621,1,0,1366,39,0,39,168770.72,149796,360,81,0,0
915854,1,5,1166,50,0,39,168770.72,149796,360,81,0,0
915971,1,7,1052,56,0,39,168771.72,149796,360,81,0,0
916072,1,8,1191,60,0,39,168771.72,149796,360,81,0,0
916234,1,8,1287,66,0,39,168771.72,149796,360,81,0,0
916354,1,10,1504,68,0,39,168771.72,149796,360,81,0,0
916471,1,11,1664,67,0,39,168771.72,149796,360,81,0,0
916571,1,12,1740,67,0,39,168771.72,149796,360,81,0,0
916621,1,12,1804,67,0,39,168771.72,149796,360,81,0,0
916821,1,12,2011,67,0,39,168772.77,149796,360,81,0,0
916930,1,14,2087,67,0,39,168772.77,149796,360,81,0,0
917054,1,15,2140,67,0,39,168772.77,149796,360,81,0,0
917128,1,15,2220,68,0,39,168772.77,149796,360,81,0,0
917271,1,15,2323,68,0,39,168772.77,149796,360,81,0,0
917403,1,16,2358,79,0,39,168772.77,149796,360,81,0,0
917528,1,17,2435,79,0,39,168773.77,149796,360,81,0,0
917635,1,17,2524,79,0,39,168773.77,149796,360,81,0,0
917754,1,17,2524,79,0,39,168773.77,149796,360,81,0,0
917872,1,18,2628,80,0,39,168773.77,149796,360,81,0,0
918003,1,19,2742,80,0,39,168773.77,149796,360,81,0,0
918121,1,19,2842,80,0,39,168774.86,149796,360,81,0,0
918259,1,19,2878,79,0,39,168774.86,149796,360,81,0,0
918371,1,20,2985,72,0,39,168774.86,149796,360,81,0,0
918471,1,21,3004,57,0,39,168774.86,149796,360,81,0,0
918608,1,21,2954,0,0,39,168774.86,149796,360,81,0,0
918746,1,22,2954,0,0,39,168774.86,149796,360,81,0,0
918871,1,22,2666,0,0,39,168774.86,149796,360,81,0,0
918971,1,22,2528,0,0,39,168774.86,149796,360,81,0,0
919071,1,22,2450,0,0,39,168774.86,149796,360,81,0,0
919130,1,22,2418,0,0,39,168774.86,149796,360,81,0,0
919330,1,22,2275,6,0,39,168774.86,149796,360,81,0,0
919456,1,22,2236,18,0,39,168775.88,149796,360,81,0,0
919571,1,22,1959,20,0,39,168775.88,149796,360,81,0,0
919628,1,22,1863,23,0,39,168775.88,149796,360,81,0,0
919771,1,22,1863,23,0,39,168775.88,149796,360,81,0,0
919927,1,22,1741,60,0,39,168775.88,149796,360,81,0,0
920044,1,22,1696,67,0,39,168775.88,149796,360,81,0,0
920154,1,23,1763,100,0,39,168775.88,149796,360,81,0,0
920293,1,23,1818,104,0,39,168775.88,149796,360,81,0,0
920403,1,23,1828,106,0,39,168775.88,149796,360,81,0,0
920528,1,24,1889,108,0,39,168775.88,149796,360,81,0,0
920628,1,25,1943,109,0,39,168776.94,149796,360,81,0,0
920771,1,25,1999,109,0,39,168776.94,149796,360,81,0,0
920872,1,26,2025,110,0,39,168776.94,149796,360,81,0,0
921003,1,26,2054,118,0,39,168776.94,149796,360,81,0,0
921128,1,28,2167,122,0,39,168777.95,149796,360,81,0,0
921171,1,28,2147,122,0,39,168777.95,149796,360,81,0,0
921354,1,29,2219,123,0,39,168777.95,149796,360,81,0,0
921456,1,29,2295,123,0,39,168777.95,149796,360,81,0,0
921571,1,30,2360,124,0,39,168777.95,149796,360,81,0,0
921628,1,31,2392,124,0,39,168779.02,149796,360,81,0,0
921803,1,31,2374,124,0,39,168779.02,149796,360,81,0,0
921954,1,33,2531,117,0,39,168779.02,149796,360,81,0,0
922054,1,33,2574,116,0,39,168779.02,149796,360,81,0,0
922128,1,34,2618,116,0,39,168780.06,149796,360,81,0,0
922293,1,34,2629,116,0,39,168780.06,149796,360,81,0,0
922430,1,36,2776,116,0,39,168780.06,149796,360,81,0,0
922544,1,37,2840,116,0,39,168781.19,149796,360,81,0,0
922628,1,37,2875,116,0,39,168781.19,149796,360,81,0,0
922771,1,37,2939,116,0,39,168781.19,149796,360,81,0,0
922903,1,38,2976,116,0,39,168781.19,149796,360,81,0,0
923028,1,40,3054,116,0,39,168782.33,149796,360,81,0,0
923128,1,40,3098,116,0,39,168782.33,149796,360,81,0,0
923281,1,40,3110,116,0,39,168782.33,149796,360,81,0,0
923403,1,41,3168,116,0,39,168783.36,149796,360,81,0,0
923522,1,42,3243,116,0,39,168783.36,149796,360,81,0,0
923628,1,43,3315,108,0,39,168783.36,149796,360,81,0,0
923675,1,43,3356,108,0,39,168784.45,149796,360,81,0,0
923872,1,44,3374,89,0,39,168784.45,149796,360,81,0,0
924003,1,45,3373,38,0,39,168784.45,149796,360,81,0,0
924121,1,45,3303,0,0,39,168785.52,149796,360,81,0,0
924130,1,45,3303,0,0,39,168785.52,149796,360,81,0,0
924354,1,45,3051,0,0,39,168785.52,149796,360,81,0,0
924474,1,45,2816,0,0,39,168785.52,149796,360,81,0,0
924571,1,45,2688,0,0,39,168785.52,149796,360,81,0,0
924628,1,45,2656,0,0,39,168785.52,149796,360,81,0,0
924803,1,45,2597,13,0,39,168785.52,149796,360,81,0,0
924930,1,45,2331,19,0,39,168785.52,149796,360,81,0,0
925054,1,44,2359,25,0,39,168785.52,149796,360,81,0,0
925128,1,44,2379,53,0,39,168785.52,149796,360,81,0,0
925293,1,44,2423,53,0,39,168785.52,149796,360,81,0,0
925427,1,45,2400,90,0,39,168785.52,149796,360,81,0,0
925543,1,45,2429,97,0,39,168785.52,149796,360,81,0,0
925628,1,45,2409,97,0,39,168785.52,149796,360,81,0,0
925628,1,45,2409,97,0,39,168785.52,149796,360,81,0,0
925872,1,46,2462,98,0,39,168786.62,149796,360,81,0,0
926003,1,46,2488,88,0,39,168786.62,149796,360,81,0,0
926128,1,47,2468,76,0,39,168786.62,149796,360,81,0,0
926128,1,47,2468,76,0,39,168786.62,149796,360,81,0,0
926372,1,47,2520,66,0,39,168787.66,149796,360,81,0,0
926503,1,47,2518,65,0,39,168787.66,149796,360,81,0,0
926628,1,48,2535,63,0,39,168787.66,149796,360,81,0,0
926628,1,48,2535,63,0,39,168787.66,149796,360,81,0,0
926854,1,48,2547,66,0,39,168787.66,149796,360,81,0,0
926972,1,48,2546,67,0,39,168787.66,149796,360,81,0,0
927072,1,48,2581,68,0,39,168788.67,149796,360,81,0,0
927196,1,48,2591,69,0,39,168788.67,149796,360,81,0,0
927304,1,48,2591,69,0,39,168788.67,149796,360,81,0,0
927456,1,49,2569,58,0,39,168788.67,149796,360,81,0,0
927572,1,49,2603,51,0,39,168788.67,149796,360,81,0,0
927654,1,49,2571,26,0,39,168788.67,149796,360,81,0,0
927803,1,49,2588,0,0,39,168788.67,149796,360,81,0,0
927930,1,49,2589,0,0,39,168789.67,149796,360,81,0,0
928054,1,49,2574,0,0,39,168789.67,149796,360,81,0,0
928154,1,49,2557,0,0,39,168789.67,149796,360,81,0,0
928304,1,49,2586,0,0,39,168789.67,149796,360,81,0,0
928422,1,49,2587,0,0,39,168789.67,149796,360,81,0,0
928543,1,48,2572,0,0,39,168789.67,149796,360,81,0,0
928627,1,48,2538,0,0,39,168789.67,149796,360,81,0,0
928793,1,48,2530,0,0,39,168789.67,149796,360,81,0,0
928903,1,48,2554,0,0,39,168789.67,149796,360,81,0,0
929027,1,47,2526,0,0,39,168789.67,149796,360,81,0,0
929154,1,47,2523,0,0,39,168789.67,149796,360,81,0,0
929195,1,47,2526,0,0,39,168789.67,149796,360,81,0,0
929372,1,47,2490,0,0,39,168789.67,149796,360,81,0,0
929503,1,47,2493,0,0,39,168789.67,149796,360,81,0,0
929627,1,47,2464,0,0,39,168789.67,149796,360,81,0,0
929654,1,47,2464,0,0,39,168789.67,149796,360,81,0,0
929854,1,46,2432,0,0,39,168789.67,149796,360,81,0,0
929972,1,46,2432,0,0,39,168789.67,149796,360,81,0,0
930072,1,46,2432,0,0,39,168789.67,149796,360,81,0,0
930194,1,46,2400,0,0,39,168789.67,149796,360,81,0,0
930302,1,46,2400,0,0,39,168789.67,149796,360,81,0,0
930454,1,45,2368,0,0,39,168789.67,149796,360,81,0,0
930571,1,45,2368,0,0,39,168789.67,149796,360,81,0,0
930627,1,45,2368,0,0,39,168789.67,149796,360,81,0,0
930802,1,45,2368,0,0,39,168789.67,149796,360,81,0,0
930930,1,44,2336,0,0,39,168789.67,149796,360,81,0,0
931054,1,44,2336,0,0,39,168789.67,149796,360,81,0,0
931171,1,44,2304,0,0,39,168789.67,149796,360,81,0,0
931302,1,44,2304,0,0,39,168789.67,149796,360,81,0,0
931430,1,44,2304,0,0,39,168789.67,149796,360,81,0,0
931554,1,44,2304,0,0,39,168789.67,149796,360,81,0,0
931627,1,43,2272,0,0,39,168789.67,149796,360,81,0,0
931793,1,43,2272,0,0,39,168789.67,149796,360,81,0,0
931902,1,43,2240,0,0,39,168789.67,149796,360,81,0,0
932027,1,43,2272,0,0,39,168789.67,149796,360,81,0,0
932154,1,43,2240,0,0,39,168789.67,149796,360,81,0,0
932192,1,43,2240,0,0,39,168789.67,149796,360,81,0,0
932371,1,42,2240,0,0,39,168789.67,149796,360,81,0,0
932502,1,42,2208,0,0,39,168789.67,149796,360,81,0,0
932628,1,42,2208,0,0,39,168789.67,149796,360,81,0,0
932654,1,42,2208,0,0,39,168789.67,149796,360,81,0,0
932854,1,41,2208,0,0,39,168789.67,149796,360,81,0,0
932971,1,41,2176,0,0,39,168789.67,149796,360,81,0,0
933072,1,41,2176,0,0,39,168789.67,149796,360,81,0,0
933192,1,41,2176,0,14,39,168789.67,149796,360,81,0,0
933343,1,41,2176,0,14,39,168789.67,149796,360,81,0,0
933455,1,41,2112,0,52,39,168789.67,149796,360,81,0,0
933572,1,40,2112,0,56,39,168789.67,149796,360,81,0,0
933678,1,40,2080,0,60,39,168789.67,149796,360,81,0,0
933822,1,40,2048,0,60,39,168789.67,149796,360,81,0,0
933930,1,39,2016,0,62,39,168789.67,149796,360,81,0,0
934054,1,38,1984,0,64,39,168789.67,149796,360,81,0,0
934154,1,38,1984,0,62,39,168789.67,149796,360,81,0,0
934302,1,38,1952,0,62,39,168789.67,149796,360,81,0,0
934422,1,37,1920,0,44,39,168789.67,149796,360,81,0,0
934527,1,36,1888,0,40,39,168789.67,149796,360,81,0,0
934654,1,36,1888,0,38,39,168789.67,149796,360,81,0,0
934678,1,36,1856,0,38,39,168789.67,149796,360,81,0,0
934872,1,35,1856,0,42,39,168789.67,149796,360,81,0,0
935002,1,35,1824,0,64,39,168789.67,149796,360,81,0,0
935127,1,34,1760,0,80,39,168789.67,149796,360,81,0,0
935154,1,34,1760,0,86,39,168789.67,149796,360,81,0,0
935354,1,33,1696,0,82,39,168789.67,149796,360,81,0,0
935472,1,32,1632,0,44,39,168789.67,149796,360,81,0,0
935572,1,32,1664,0,2,39,168789.67,149796,360,81,0,0
935672,1,31,1632,0,2,39,168789.67,149796,360,81,0,0
935822,1,31,1632,0,2,39,168789.67,149796,360,81,0,0
935954,1,31,1632,0,14,39,168789.67,149796,360,81,0,0
936072,1,31,1600,0,16,39,168789.67,149796,360,81,0,0
936175,1,30,1632,0,34,39,168789.67,149796,360,81,0,0
936175,1,30,1632,0,34,39,168789.67,149796,360,81,0,0
936438,1,30,1568,0,36,39,168789.67,149796,360,81,0,0
936554,1,30,1568,0,28,39,168789.67,149796,360,81,0,0
936675,1,29,1536,0,2,39,168789.67,149796,360,81,0,0
936811,1,29,1536,0,2,39,168789.67,149796,360,81,0,0
936931,1,29,1536,0,8,39,168789.67,149796,360,81,0,0
937043,1,29,1504,0,18,39,168789.67,149796,360,82,0,0
937154,1,28,1472,0,46,39,168789.67,149796,360,82,0,0
937302,1,28,1472,0,46,39,168789.67,149796,360,82,0,0
937422,1,28,1440,0,14,39,168789.67,149796,360,82,0,0
937528,1,27,1408,0,18,39,168789.67,149796,360,82,0,0
937654,1,27,1408,0,20,39,168789.67,149796,360,82,0,0
937854,1,26,1376,0,4,39,168789.67,149796,360,82,0,0
937972,1,26,1376,0,10,39,168789.67,149796,360,82,0,0
938072,1,26,1376,0,10,39,168789.67,149796,360,82,0,0
938185,1,26,1376,0,10,39,168789.67,149796,360,82,0,0
938302,1,26,1344,0,10,39,168789.67,149796,360,82,0,0
938453,1,25,1344,0,28,39,168789.67,149796,360,82,0,0
938554,1,25,1312,0,26,39,168789.67,149796,360,82,0,0
938654,1,25,1312,0,12,39,168789.67,149796,360,82,0,0
938793,1,25,1312,0,12,39,168789.67,149796,360,82,0,0
938930,1,24,1280,0,18,39,168789.67,149796,360,82,0,0
939043,1,24,1280,0,4,39,168789.67,149796,360,82,0,0
939154,1,24,1263,0,0,39,168789.67,149796,360,82,0,0
939297,1,24,1248,0,0,39,168789.67,149796,360,82,0,0
939402,1,24,1256,0,0,39,168789.67,149796,360,82,0,0
939528,1,23,1254,0,0,39,168789.67,149796,360,82,0,0
939630,1,23,1221,0,0,39,168789.67,149796,360,82,0,0
939672,1,23,1221,0,0,39,168789.67,149796,360,82,0,0
939874,1,23,1219,0,0,39,168789.67,149796,360,82,0,0
940002,1,23,1245,26,0,39,168789.67,149796,360,82,0,0
940122,1,23,1220,35,0,39,168789.67,149796,360,82,0,0
940154,1,23,1220,35,0,39,168789.67,149796,360,82,0,0
940354,1,22,1211,45,0,39,168789.67,149796,360,82,0,0
940474,1,23,1241,48,0,39,168789.67,149796,360,82,0,0
940572,1,23,1217,52,0,39,168789.67,149796,360,82,0,0
940655,1,23,1217,53,0,39,168789.67,149796,360,82,0,0
940822,1,23,1228,53,0,39,168789.67,149796,360,82,0,0
940954,1,23,1232,59,0,39,168789.67,149796,360,82,0,0
941074,1,23,1275,59,0,39,168790.70,149796,360,82,0,0
941175,1,23,1251,59,0,39,168790.70,149796,360,82,0,0
941325,1,23,1252,59,0,39,168790.70,149796,360,82,0,0
941437,1,24,1254,59,0,39,168790.70,149796,360,82,0,0
941554,1,24,1286,58,0,39,168790.70,149796,360,82,0,0
941654,1,24,1288,57,0,39,168790.70,149796,360,82,0,0
941808,1,24,1288,57,0,39,168790.70,149796,360,82,0,0
941925,1,24,1318,58,0,39,168790.70,149796,360,82,0,0
942043,1,25,1350,58,0,39,168790.70,149796,360,82,0,0
942154,1,25,1350,58,0,39,168790.70,149796,360,82,0,0
942175,1,25,1353,58,0,39,168790.70,149796,360,82,0,0
942374,1,26,1379,59,0,39,168790.70,149796,360,82,0,0
942502,1,26,1384,59,0,39,168791.70,149796,360,82,0,0
942630,1,26,1386,59,0,39,168791.70,149796,360,82,0,0
942654,1,26,1386,59,0,39,168791.70,149796,360,82,0,0
942854,1,26,1426,59,0,39,168791.70,149796,360,82,0,0
942974,1,27,1462,59,0,39,168791.70,149796,360,82,0,0
943074,1,27,1464,59,0,39,168791.70,149796,360,82,0,0
943175,1,27,1462,59,0,39,168791.70,149796,360,82,0,0
943331,1,27,1460,59,0,39,168791.70,149796,360,82,0,0
943455,1,27,1491,59,0,39,168791.70,149796,360,82,0,0
943574,1,28,1497,59,0,39,168791.70,149796,360,82,0,0
943675,1,28,1531,59,0,39,168791.70,149796,360,82,0,0
943807,1,28,1531,62,0,39,168791.70,149796,360,82,0,0
943931,1,29,1534,64,0,39,168792.72,149796,360,82,0,0
944052,1,29,1538,65,0,39,168792.72,149796,360,82,0,0
944175,1,29,1550,69,0,39,168792.72,149796,360,82,0,0
944319,1,29,1582,70,0,39,168792.72,149796,360,82,0,0
944437,1,30,1574,79,0,39,168792.72,149796,357,82,0,0
944552,1,30,1609,82,0,39,168792.72,149796,357,82,0,0
944654,1,30,1624,86,0,39,168792.72,149796,357,82,0,0
944806,1,30,1638,89,0,39,168792.72,149796,357,82,0,0
944931,1,31,1664,99,0,39,168793.78,149796,357,82,0,0
945052,1,31,1704,103,0,39,168793.78,149796,357,82,0,0
945152,1,32,1714,106,0,39,168793.78,149796,357,82,0,0
945174,1,32,1731,106,0,39,168793.78,149796,357,82,0,0
945425,1,33,1787,108,0,39,168793.78,149796,357,82,0,0
945543,1,33,1795,108,0,39,168793.78,149796,357,82,0,0
945652,1,34,1833,101,0,39,168794.83,149796,357,82,0,0
945694,1,34,1844,101,0,39,168794.83,149796,357,82,0,0
945902,1,35,1877,92,0,39,168794.83,149796,357,82,0,0
946030,1,36,1900,91,0,39,168794.83,149796,357,82,0,0
946152,1,36,1923,86,0,39,168794.83,149796,357,82,0,0
946174,1,36,1923,86,0,39,168794.83,149796,357,82,0,0
946374,1,37,1961,83,0,39,168795.89,149796,357,82,0,0
946502,1,37,2001,71,0,39,168795.89,149796,357,82,0,0
946624,1,38,2035,71,0,39,168795.89,149796,357,82,0,0
946675,1,38,2023,71,0,39,168795.89,149796,357,82,0,0
946830,1,38,2023,71,0,39,168795.89,149796,357,82,0,0
946974,1,38,2065,71,0,39,168795.89,149796,357,82,0,0
947074,1,39,2108,74,0,39,168795.89,149796,357,82,0,0
947175,1,39,2086,75,0,39,168795.89,149796,357,82,0,0
947330,1,40,2134,78,0,39,168796.92,149796,357,82,0,0
947453,1,40,2140,81,0,39,168796.92,149796,357,82,0,0
947574,1,40,2168,81,0,39,168796.92,149796,357,82,0,0
947675,1,40,2173,81,0,39,168796.92,149796,357,82,0,0
947830,1,40,2173,81,0,39,168796.92,149796,357,82,0,0
947954,1,41,2211,71,0,39,168796.92,149796,357,82,0,0
948074,1,42,2215,67,0,39,168798.00,149796,357,82,0,0
948175,1,42,2259,62,0,39,168798.00,149796,357,82,0,0
948175,1,42,2259,62,0,39,168798.00,149796,357,82,0,0
948430,1,42,2266,26,0,39,168798.00,149796,357,82,0,0
948542,1,42,2270,11,0,39,168798.00,149796,357,82,0,0
948652,1,42,2259,0,0,39,168798.00,149796,357,82,0,0
948688,1,42,2266,0,0,39,168798.00,149796,357,82,0,0
948902,1,43,2256,0,0,39,168798.00,149796,357,82,0,0
949009,1,43,2253,0,0,39,168798.00,149796,357,82,0,0
949130,1,43,2284,0,0,39,168798.00,149796,357,82,0,0
949205,1,43,2251,0,0,39,168798.00,149796,357,82,0,0
949374,1,42,2268,0,0,39,168798.00,149796,357,82,0,0
949474,1,42,2285,0,0,39,168798.00,149796,357,82,0,0
949608,1,42,2268,0,0,39,168798.00,149796,357,82,0,0
949672,1,42,2300,0,0,39,168798.00,149796,357,82,0,0
949846,1,42,2254,0,0,39,168799.02,149796,357,82,0,0
949953,1,42,2235,0,0,39,168799.02,149796,357,82,0,0
950074,1,42,2235,0,0,39,168799.02,149796,357,82,0,0
950175,1,42,2238,0,0,39,168799.02,149796,357,82,0,0
950316,1,42,2238,0,0,39,168799.02,149796,357,82,0,0
950437,1,42,2238,0,0,39,168799.02,149796,357,82,0,0
950552,1,42,2238,0,0,39,168799.02,149796,357,82,0,0
950652,1,42,2221,0,0,39,168799.02,149796,357,82,0,0
950802,1,42,2208,0,0,39,168799.02,149796,357,82,0,0
950930,1,42,2016,0,0,39,168799.02,149796,357,82,0,0
951052,1,41,1888,0,0,39,168799.02,149796,357,82,0,0
951175,1,41,1748,0,0,39,168799.02,149796,357,82,0,0
951175,1,41,1748,0,0,39,168799.02,149796,357,82,0,0
951425,1,41,1550,0,0,39,168799.02,149796,357,82,0,0
951543,1,41,1541,0,0,39,168799.02,149796,357,82,0,0
951652,1,41,1533,0,0,39,168799.02,149796,357,82,0,0
951683,1,41,1553,0,0,39,168799.02,149796,357,82,0,0
951874,1,41,2093,0,0,39,168799.02,149796,357,82,0,0
952007,1,40,2352,0,0,39,168799.02,149796,357,82,0,0
952130,1,40,2809,0,0,39,168799.02,149796,357,82,0,0
952172,1,40,2809,0,0,39,168799.02,149796,357,82,0,0
952374,1,40,3016,0,0,39,168799.02,149796,357,82,0,0
952474,1,39,2958,0,0,39,168799.02,149796,357,82,0,0
952607,1,39,2931,0,0,39,168799.02,149796,357,82,0,0
952718,1,39,3027,0,0,39,168799.02,149796,357,82,0,0
952830,1,39,2963,0,0,39,168799.02,149796,357,82,0,0
952952,1,39,2956,0,0,39,168799.02,149796,357,82,0,0
953074,1,39,2912,0,0,39,168799.02,149796,357,82,0,0
953175,1,39,2912,0,0,39,168799.02,149796,357,82,0,0
953330,1,38,2880,0,0,39,168799.02,149796,357,82,0,0
953453,1,38,2880,0,0,39,168799.02,149796,357,82,0,0
953574,1,38,2848,0,0,39,168799.02,149796,357,82,0,0
953652,1,38,2848,0,0,39,168799.02,149796,357,82,0,0
953802,1,38,2848,0,0,39,168799.02,149796,357,82,0,0
953930,1,38,2816,0,0,39,168799.02,149796,357,82,0,0
954052,1,37,2816,0,0,39,168799.02,149796,357,82,0,0
954152,1,37,2816,0,0,39,168799.02,149796,357,82,0,0
954152,1,37,2816,0,0,39,168799.02,149796,357,82,0,0
954425,1,37,2752,0,12,39,168799.02,149796,357,82,0,0
954542,1,37,2752,0,20,39,168799.02,149796,357,82,0,0
954652,1,36,2752,0,18,39,168799.02,149796,357,82,0,0
954684,1,36,2752,0,18,39,168799.02,149796,357,82,0,0
954874,1,36,2688,0,46,39,168799.02,149796,357,82,0,0
955005,1,36,2656,0,50,39,168799.02,149796,357,82,0,0
955130,1,35,2624,0,48,39,168799.02,149796,357,82,0,0
955175,1,35,2592,0,50,39,168799.02,149796,357,82,0,0
955364,1,34,2560,0,50,39,168799.02,149796,357,82,0,0
955474,1,34,2496,0,46,39,168799.02,149796,357,82,0,0
955607,1,33,2496,0,50,39,168799.02,149796,357,82,0,0
955715,1,33,2464,0,50,39,168799.02,149796,357,82,0,0
955830,1,32,2432,0,50,39,168799.02,149796,357,82,0,0
955974,1,32,2336,0,68,39,168799.02,149796,357,82,0,0
956074,1,31,2304,0,74,39,168799.02,149796,357,82,0,0
956175,1,31,2272,0,74,39,168799.02,149796,357,82,0,0
956175,1,31,2272,0,74,39,168799.02,149796,357,82,0,0
956452,1,29,2176,0,78,39,168799.02,149796,357,82,0,0
956552,1,28,2112,0,78,39,168799.02,149796,357,82,0,0
956675,1,28,2048,0,80,39,168799.02,149796,357,82,0,0
956824,1,27,2016,0,80,39,168799.02,149796,357,82,0,0
956930,1,26,1952,0,76,39,168799.02,149796,357,82,0,0
957051,1,26,1920,0,66,39,168799.02,149796,357,82,0,0
957175,1,25,1856,0,52,39,168799.02,149796,357,82,0,0
957311,1,25,1824,0,52,39,168799.02,149796,357,82,0,0
957437,1,24,1792,0,36,39,168799.02,149796,357,82,0,0
957551,1,23,1760,0,2,39,168799.02,149796,357,82,0,0
957675,1,23,1760,0,6,39,168799.02,149796,357,82,0,0
957675,1,23,1760,0,6,39,168799.02,149796,357,82,0,0
957930,1,23,1696,0,0,39,168799.02,149796,357,82,0,0
958051,1,22,1696,0,0,39,168799.02,149796,357,82,0,0
958152,1,22,1696,0,0,39,168799.02,149796,357,82,0,0
958172,1,22,1696,0,0,39,168799.02,149796,357,82,0,0
958401,1,22,1664,10,0,39,168799.02,149796,357,82,0,0
958501,1,22,1664,20,0,39,168799.02,149796,357,82,0,0
958630,1,22,1723,25,0,39,168799.02,149796,357,82,0,0
958701,1,22,1725,29,0,39,168799.02,149796,357,82,0,0
958854,1,22,1725,29,0,39,168799.02,149796,357,82,0,0
958974,1,22,1712,36,0,39,168799.02,149796,357,82,0,0
959107,1,22,1712,56,0,39,168799.02,149796,357,82,0,0
959176,1,22,1759,56,0,39,168800.03,149796,357,82,0,0
959336,1,22,1759,64,0,39,168800.03,149796,357,82,0,0
959474,1,23,1779,76,0,39,168800.03,149796,357,82,0,0
959574,1,23,1793,80,0,39,168800.03,149796,357,82,0,0
959675,1,23,1809,87,0,39,168800.03,149796,357,82,0,0
959830,1,24,1868,89,0,39,168800.03,149796,357,82,0,0
959952,1,24,1918,89,0,39,168800.03,149796,357,82,0,0
960074,1,25,1943,92,0,39,168801.08,149796,357,82,0,0
960175,1,25,1980,96,0,39,168801.08,149796,357,82,0,0
960335,1,26,2012,99,0,39,168801.08,149796,357,82,0,0
960452,1,27,2063,102,0,39,168801.08,149796,357,82,0,0
960551,1,27,2081,102,0,39,168801.08,149796,357,82,0,0
960675,1,28,2154,103,0,39,168801.08,149796,357,82,0,0
960822,1,28,2154,103,0,39,168801.08,149796,357,82,0,0
960930,1,29,2269,103,0,39,168802.11,149796,357,82,0,0
961051,1,30,2276,103,0,39,168802.11,149796,357,82,0,0
961175,1,30,2356,101,0,39,168802.11,149796,357,82,0,0
961201,1,30,2356,96,0,39,168802.11,149796,357,82,0,0
961401,1,31,2420,88,0,39,168803.11,149796,357,82,0,0
961529,1,32,2437,84,0,39,168803.11,149796,357,82,0,0
961629,1,32,2469,84,0,39,168803.11,149796,357,82,0,0
961675,1,32,2504,84,0,39,168803.11,149796,357,82,0,0
961874,1,33,2588,84,0,39,168803.11,149796,357,82,0,0
962001,1,34,2601,84,0,39,168804.12,149796,357,82,0,0
962107,1,34,2614,84,0,39,168804.12,149796,357,82,0,0
962201,1,34,2627,84,0,39,168804.12,149796,357,82,0,0
962334,1,34,2627,84,0,39,168804.12,149796,357,82,0,0
962474,1,35,2707,80,0,39,168804.12,149796,357,82,0,0
962574,1,36,2734,79,0,39,168805.16,149796,357,82,0,0
962675,1,36,2758,78,0,39,168805.16,149796,357,82,0,0
962830,1,37,2813,77,0,39,168805.16,149796,357,82,0,0
962951,1,37,2807,75,0,39,168805.16,149796,357,82,0,0
963074,1,37,2832,74,0,39,168805.16,149796,357,82,0,0
963175,1,37,2855,68,0,39,168806.16,149796,357,82,0,0
963175,1,37,2855,68,0,39,168806.16,149796,357,82,0,0
963437,1,38,2868,31,0,39,168806.16,149796,357,82,0,0
963551,1,38,2852,11,0,39,168806.16,149796,357,82,0,0
963671,1,38,2832,0,0,39,168806.16,149796,357,82,0,0
963704,1,38,2822,0,0,39,168806.16,149796,357,82,0,0
963901,1,38,2852,0,0,39,168806.16,149796,357,82,0,0
964029,1,37,2820,0,0,39,168806.16,149796,357,82,0,0
964151,1,37,2816,0,0,39,168806.16,149796,357,82,0,0
964201,1,37,2784,0,0,39,168806.16,149796,357,82,0,0
964384,1,37,2775,0,0,39,168806.16,149796,357,82,0,0
964501,1,37,2777,0,0,39,168806.16,149796,357,82,0,0
964624,1,37,2731,0,0,39,168806.16,149796,357,82,0,0
964736,1,36,2727,0,0,39,168807.16,149796,357,82,0,0
964854,1,36,2748,0,0,39,168807.16,149796,357,82,0,0
964973,1,36,2716,0,0,39,168807.16,149796,357,82,0,0
965107,1,35,2667,0,0,39,168807.16,149796,357,82,0,0
965175,1,35,2624,0,0,39,168807.16,149796,357,82,0,0
965332,1,35,2624,0,0,39,168807.16,149796,357,82,0,0
965474,1,34,2560,0,0,39,168807.16,149796,357,82,0,0
965574,1,34,2560,0,0,39,168807.16,149796,357,82,0,0
965675,1,34,2528,0,0,39,168807.16,149796,357,82,0,0
965830,1,33,2496,0,0,39,168807.16,149796,357,82,0,0
965951,1,33,2464,0,0,39,168807.16,149796,357,82,0,0
966073,1,33,2432,0,0,39,168807.16,149796,357,82,0,0
966175,1,32,2400,0,0,39,168807.16,149796,357,82,0,0
966202,1,32,2400,0,0,39,168807.16,149796,357,82,0,0
966436,1,31,2336,0,0,39,168807.16,149796,357,82,0,0
966551,1,31,2304,0,0,39,168807.16,149796,357,82,0,0
966675,1,30,2272,0,0,39,168807.16,149796,357,82,0,0
966818,1,30,2272,0,0,39,168807.16,149796,357,82,0,0
966930,1,29,2208,0,0,39,168807.16,149796,357,82,0,0
967051,1,29,2176,0,0,39,168807.16,149796,357,82,0,0
967175,1,29,2144,0,0,39,168807.16,149796,357,82,0,0
967305,1,29,2144,0,0,39,168807.16,149796,357,82,0,0
967437,1,28,2080,0,0,39,168807.16,149796,357,82,0,0
967551,1,27,2048,0,0,39,168807.16,149796,357,82,0,0
967675,1,27,2016,0,0,39,168807.16,149796,357,82,0,0
967675,1,27,2016,0,0,39,168807.16,149796,357,82,0,0
967924,1,26,1952,0,0,39,168807.16,149796,357,82,0,0
968042,1,26,1952,0,0,39,168807.16,149796,357,82,0,0
968151,1,25,1920,0,0,39,168807.16,149796,357,82,0,0
968201,1,25,1888,0,0,39,168807.16,149796,357,82,0,0
968401,1,25,1856,0,0,39,168807.16,149796,357,82,0,0
968501,1,25,1824,0,0,39,168807.16,149796,357,82,0,0
968629,1,24,1792,0,0,39,168807.16,149796,357,82,0,0
968735,1,24,1792,0,0,39,168807.16,149796,357,82,0,0
968854,1,24,1760,0,0,39,168807.16,149796,357,82,0,0
968973,1,23,1728,0,0,39,168807.16,149796,357,82,0,0
969107,1,23,1696,0,0,39,168807.16,149796,357,82,0,0
969174,1,22,1696,0,0,39,168807.16,149796,357,82,0,0
969330,1,22,1664,0,0,39,168807.16,149796,357,82,0,0
969473,1,22,1600,0,0,39,168807.16,149796,357,82,0,0
969574,1,21,1600,0,0,39,168807.16,149796,357,82,0,0
969701,1,21,1568,0,0,39,168807.16,149796,357,82,0,0
969842,1,21,1536,0,0,39,168807.16,149796,357,82,0,0
969974,1,20,1504,0,0,39,168807.16,149796,357,82,0,0
970074,1,20,1504,0,0,39,168807.16,149796,357,82,0,0
970174,1,20,1472,0,0,39,168807.16,149796,357,82,0,0
970330,1,19,1472,0,0,39,168807.16,149796,357,82,0,0
970451,1,19,1408,0,0,39,168807.16,149796,357,82,0,0
970574,1,19,1408,0,0,39,168807.16,149796,357,82,0,0
970674,1,18,1376,0,8,39,168807.16,149796,357,82,0,0
970733,1,18,1344,0,8,39,168807.16,149796,357,82,0,0
970930,1,17,1358,0,20,39,168807.16,149796,357,82,0,0
971042,1,17,1283,0,22,39,168807.16,149796,357,82,0,0
971151,1,17,1252,0,68,39,168807.16,149796,357,82,0,0
971201,1,17,1228,0,68,39,168807.16,149796,357,82,0,0
971401,1,16,1159,0,86,39,168807.16,149796,357,82,0,0
971501,1,15,1141,0,90,39,168807.16,149796,357,82,0,0
971629,1,14,1187,0,92,39,168807.16,149796,357,82,0,0
971701,1,14,1202,0,92,39,168807.16,149796,357,82,0,0
971854,1,14,1202,0,94,39,168807.16,149796,357,82,0,0
971973,1,11,1160,0,94,39,168807.16,149796,357,82,0,0
972107,1,11,1161,0,90,39,168807.16,149796,357,82,0,0
972201,1,10,1161,0,82,39,168807.16,149796,357,82,0,0
972330,1,9,1161,0,82,39,168807.16,149796,357,82,0,0
972473,1,8,1130,0,58,39,168807.16,149796,357,82,0,0
972574,1,8,1131,0,58,39,168807.16,149796,357,82,0,0
972712,1,7,1099,0,54,39,168807.16,149796,357,82,0,0
972723,1,7,1099,0,54,39,168807.16,149796,357,82,0,0
972951,1,6,1067,0,50,39,168807.16,149796,357,82,0,0
973073,1,5,1067,0,50,39,168807.16,149796,357,82,0,0
973174,1,5,1067,0,54,39,168807.16,149796,357,82,0,0
973251,1,4,1067,0,56,39,168807.16,149796,357,82,0,0
973429,1,3,1065,0,56,39,168807.16,149796,357,82,0,0
973542,1,3,1034,0,58,39,168807.16,149796,357,82,0,0
973652,1,3,1033,0,46,39,168807.16,149796,357,82,0,0
973763,1,0,1001,0,32,39,168807.16,149796,357,82,0,0
973901,1,0,1000,0,32,39,168807.16,149796,357,82,0,0
974029,1,0,898,0,0,39,168807.16,149796,357,82,0,0
974129,1,0,864,0,0,39,168807.16,149796,357,82,0,0
974223,1,0,864,0,0,39,168807.16,149796,357,82,0,0
974354,1,0,864,0,0,39,168807.16,149796,357,82,0,0
974501,1,0,1174,0,0,39,168808.16,149796,354,82,0,0
974624,1,0,1163,0,0,39,168808.16,149796,354,82,0,0
974723,1,0,1147,0,0,39,168808.16,149796,354,82,0,0
974864,1,0,1147,0,0,39,168808.16,149796,354,82,0,0
974974,1,0,1031,0,0,39,168808.16,149796,354,82,0,0
975074,1,0,1033,0,0,39,168808.16,149796,354,82,0,0
975201,1,0,1033,0,0,39,168808.16,149796,354,82,0,0
975233,1,0,1033,0,0,39,168808.16,149796,354,82,0,0
975452,1,0,1066,0,0,39,168808.16,149796,354,82,0,0
975551,1,0,1029,0,0,39,168808.16,149796,354,82,0,0
975674,1,0,1032,0,0,39,168808.16,149796,354,82,0,0
975737,1,0,1032,0,0,39,168808.16,149796,354,82,0,0
975924,1,0,1032,0,0,39,168808.16,149796,354,82,0,0
976029,1,0,1063,0,0,39,168808.16,149796,354,82,0,0
976151,1,0,1129,1,0,39,168808.16,149796,354,82,0,0
976232,1,0,1234,8,0,39,168808.16,149796,354,82,0,0
976376,1,0,1319,8,0,39,168808.16,149796,354,82,0,0
976501,1,0,1453,11,0,39,168808.16,149796,354,82,0,0
976629,1,0,1500,13,0,39,168808.16,149796,354,82,0,0
976751,1,0,1528,15,0,39,168809.16,149796,354,82,0,0
976751,1,0,1528,15,0,39,168809.16,149796,354,82,0,0
977001,1,0,1549,21,0,39,168809.16,149796,354,82,0,0
977107,1,0,1629,24,0,39,168809.16,149796,354,82,0,0
977232,1,0,1764,24,0,39,168809.16,149796,354,82,0,0
977232,1,0,1764,24,0,39,168809.16,149796,354,82,0,0
977474,1,0,1905,29,0,39,168809.16,149796,354,82,0,0
977574,1,0,1873,29,0,39,168809.16,149796,354,82,0,0
977701,1,0,1804,32,0,39,168809.16,149796,354,82,0,0
977732,1,0,1804,32,0,39,168809.16,149796,354,82,0,0
977951,1,3,1792,34,0,39,168810.16,149796,354,82,0,0
978074,1,4,1789,34,0,39,168810.16,149796,354,82,0,0
978201,1,4,1757,34,0,39,168810.16,149796,354,82,0,0
978232,1,5,1757,34,0,39,168810.16,149796,354,82,0,0
978438,1,6,1754,34,0,39,168810.16,149796,354,82,0,0
978551,1,6,1638,34,0,39,168810.16,149796,354,82,0,0
978671,1,7,1568,34,0,39,168810.16,149796,354,82,0,0
978732,1,8,1567,32,0,39,168811.19,149796,354,82,0,0
978905,1,8,1508,26,0,39,168811.19,149796,354,82,0,0
979024,1,9,1510,15,0,39,168811.19,149796,354,82,0,0
979129,1,11,1508,13,0,39,168811.19,149796,354,82,0,0
979242,1,11,1634,11,0,39,168811.19,149796,354,82,0,0
979354,1,11,1689,11,0,39,168811.19,149796,354,82,0,0
979474,1,12,1650,1,0,39,168811.19,149796,354,82,0,0
979607,1,12,1665,0,0,39,168811.19,149796,354,82,0,0
979732,1,12,1717,0,0,39,168812.20,149796,354,82,0,0
979861,1,12,1707,0,0,39,168812.20,149796,354,82,0,0
979974,1,12,1650,0,0,39,168812.20,149796,354,82,0,0
980107,1,12,1642,7,0,39,168812.20,149796,354,82,0,0
980224,1,12,1667,9,0,39,168812.20,149796,354,82,0,0
980233,1,12,1667,9,0,39,168812.20,149796,354,82,0,0
980474,1,11,1679,13,0,39,168812.20,149796,354,82,0,0
980574,1,12,1607,14,0,39,168812.20,149796,354,82,0,0
980701,1,12,1640,20,0,39,168812.20,149796,354,82,0,0
980701,1,12,1640,20,0,39,168812.20,149796,354,82,0,0
980951,1,11,1643,33,0,39,168812.20,149796,354,82,0,0
981130,1,11,1719,50,0,39,168812.20,149796,354,82,0,0
981224,1,11,1706,52,0,39,168812.20,149796,354,82,0,0
981354,1,12,1752,52,0,39,168812.20,149796,354,82,0,0
981474,1,12,1796,55,0,39,168812.20,149796,354,82,0,0
981606,1,12,1828,61,0,39,168813.23,149796,354,82,0,0
981724,1,13,1892,63,0,39,168813.23,149796,354,82,0,0
981860,1,13,1933,64,0,39,168813.23,149796,354,82,0,0
981974,1,14,2003,64,0,39,168813.23,149796,354,82,0,0
982106,1,14,2077,64,0,39,168813.23,149796,354,82,0,0
982201,1,14,2084,65,0,39,168813.23,149796,354,82,0,0
982224,1,14,2116,65,0,39,168813.23,149796,354,82,0,0
982452,1,15,2116,65,0,39,168813.23,149796,354,82,0,0
982574,1,16,2300,65,0,39,168813.23,149796,354,82,0,0
982701,1,16,2366,65,0,39,168814.25,149796,354,82,0,0
982777,1,16,2401,65,0,39,168814.25,149796,354,82,0,0
982929,1,17,2470,65,0,39,168814.25,149796,354,82,0,0
983051,1,17,2508,65,0,39,168814.25,149796,354,82,0,0
983174,1,18,2610,65,0,39,168814.25,149796,354,82,0,0
983224,1,18,2610,65,0,39,168814.25,149796,354,82,0,0
983374,1,18,2674,65,0,39,168814.25,149796,354,82,0,0
983529,1,19,2738,65,0,39,168814.25,149796,354,82,0,0
983630,1,19,2802,65,0,39,168815.28,149796,354,82,0,0
983751,1,20,2835,65,0,39,168815.28,149796,354,82,0,0
983884,1,20,2865,60,0,39,168815.28,149796,354,82,0,0
984001,1,20,2853,0,0,39,168815.28,149796,354,82,0,0
984129,1,20,2809,0,0,39,168815.28,149796,354,82,0,0
984232,1,20,2676,0,0,39,168815.28,149796,354,82,0,0
984371,1,20,2622,0,0,39,168815.28,149796,354,82,0,0
984474,1,20,2336,0,0,39,168815.28,149796,354,82,0,0
984607,1,20,2308,0,0,39,168815.28,149796,354,82,0,0
984701,1,20,2209,0,0,39,168815.28,149796,354,82,0,0
984746,1,20,2113,0,0,39,168815.28,149796,354,82,0,0
984951,1,20,1742,0,0,39,168815.28,149796,354,82,0,0
985074,1,20,1584,0,0,39,168815.28,149796,354,82,0,0
985201,1,20,1517,11,0,39,168815.28,149796,354,82,0,0
985201,1,20,1517,11,0,39,168815.28,149796,354,82,0,0
985432,1,20,1513,27,0,39,168815.28,149796,354,82,0,0
985551,1,20,1513,29,0,39,168816.28,149796,354,82,0,0
985671,1,20,1533,31,0,39,168816.28,149796,354,82,0,0
985724,1,20,1514,32,0,39,168816.28,149796,354,82,0,0
985901,1,20,1521,33,0,39,168816.28,149796,354,82,0,0
986030,1,20,1491,40,0,39,168816.28,149796,354,82,0,0
986130,1,20,1524,46,0,39,168816.28,149796,354,82,0,0
986233,1,20,1506,47,0,39,168816.28,149796,354,82,0,0
986374,1,20,1530,47,0,39,168816.28,149796,354,82,0,0
986501,1,20,1533,52,0,39,168816.28,149796,354,82,0,0
986624,1,20,1566,52,0,39,168816.28,149796,354,82,0,0
986732,1,20,1538,54,0,39,168816.28,149796,354,82,0,0
986857,1,20,1538,54,0,39,168816.28,149796,354,82,0,0
986974,1,20,1539,54,0,39,168817.30,149796,354,82,0,0
987106,1,20,1539,48,0,39,168817.30,149796,354,82,0,0
987232,1,20,1594,39,0,39,168817.30,149796,354,82,0,0
987232,1,20,1594,39,0,39,168817.30,149796,354,82,0,0
987474,1,20,1580,41,0,39,168817.30,149796,354,82,0,0
987574,1,21,1583,48,0,39,168817.30,149796,354,82,0,0
987701,1,21,1569,50,0,39,168817.30,149796,354,82,0,0
987742,1,21,1569,50,0,39,168817.30,149796,354,82,0,0
987951,1,21,1617,52,0,39,168817.30,149796,354,83,0,0
988074,1,21,1658,52,0,39,168817.30,149796,354,83,0,0
988176,1,21,1659,52,0,39,168817.30,149796,354,83,0,0
988224,1,21,1659,52,0,39,168817.30,149796,354,83,0,0
988437,1,22,1655,53,0,39,168818.31,149796,354,83,0,0
988551,1,22,1686,53,0,39,168818.31,149796,354,83,0,0
988676,1,22,1686,53,0,39,168818.31,149796,354,83,0,0
988748,1,22,1686,53,0,39,168818.31,149796,354,83,0,0
988926,1,22,1725,47,0,39,168818.31,149796,354,83,0,0
989041,1,22,1726,39,0,39,168818.31,149796,354,83,0,0
989150,1,22,1721,31,0,39,168818.31,149796,354,83,0,0
989240,1,22,1727,30,0,39,168818.31,149796,354,83,0,0
989400,1,22,1697,30,0,39,168818.31,149796,354,83,0,0
989530,1,22,1698,30,0,39,168818.31,149796,354,83,0,0
989630,1,22,1698,30,0,39,168818.31,149796,354,83,0,0
989701,1,22,1732,30,0,39,168819.33,149796,354,83,0,0
989855,1,23,1732,30,0,39,168819.33,149796,354,83,0,0
990001,1,23,1737,39,0,39,168819.33,149796,354,83,0,0
990130,1,23,1742,42,0,39,168819.33,149796,354,83,0,0
990233,1,23,1785,51,0,39,168819.33,149796,354,83,0,0
990368,1,23,1786,51,0,39,168819.33,149796,354,83,0,0
990474,1,23,1802,59,0,39,168819.33,149796,354,83,0,0
990606,1,23,1810,61,0,39,168819.33,149796,354,83,0,0
990728,1,24,1848,61,0,39,168819.33,149796,354,83,0,0
990750,1,24,1848,61,0,39,168819.33,149796,354,83,0,0
990950,1,24,1851,61,0,39,168819.33,149796,354,83,0,0
991075,1,24,1885,61,0,39,168820.34,149796,354,83,0,0
991200,1,24,1891,62,0,39,168820.34,149796,354,83,0,0
991227,1,24,1891,62,0,39,168820.34,149796,354,83,0,0
991436,1,25,1929,62,0,39,168820.34,149796,354,83,0,0
991550,1,25,1930,62,0,39,168820.34,149796,354,83,0,0
991675,1,25,1964,62,0,39,168820.34,149796,354,83,0,0
991750,1,26,1964,62,0,39,168820.34,149796,354,83,0,0
991922,1,26,1966,62,0,39,168820.34,149796,354,83,0,0
992030,1,26,1999,62,0,39,168820.34,149796,354,83,0,0
992150,1,26,2032,62,0,39,168820.34,149796,354,83,0,0
992250,1,26,2032,62,0,39,168821.38,149796,354,83,0,0
992400,1,26,2034,62,0,39,168821.38,149796,354,83,0,0
992500,1,26,2068,62,0,39,168821.38,149796,354,83,0,0
992630,1,27,2098,62,0,39,168821.38,149796,354,83,0,0
992732,1,28,2126,62,0,39,168821.38,149796,354,83,0,0
992879,1,28,2092,62,0,39,168821.38,149796,354,83,0,0
993000,1,28,2154,62,0,39,168821.38,149796,354,83,0,0
993130,1,28,2154,62,0,39,168821.38,149796,354,83,0,0
993250,1,28,2184,62,0,39,168821.38,149796,354,83,0,0
993391,1,28,2186,62,0,39,168821.38,149796,354,83,0,0
993500,1,28,2216,62,0,39,168822.42,149796,354,83,0,0
993630,1,29,2215,60,0,39,168822.42,149796,354,83,0,0
993732,1,29,2255,53,0,39,168822.42,149796,354,83,0,0
993878,1,29,2259,53,0,39,168822.42,149796,354,83,0,0
994000,1,30,2268,32,0,39,168822.42,149796,354,83,0,0
994106,1,30,2243,30,0,39,168822.42,149796,354,83,0,0
994233,1,30,2252,28,0,39,168822.42,149796,354,83,0,0
994233,1,30,2252,28,0,39,168822.42,149796,354,83,0,0
994475,1,30,2250,13,0,39,168822.42,149796,354,83,0,0
994606,1,30,2264,0,0,39,168822.42,149796,354,83,0,0
994724,1,30,2249,0,0,39,168822.42,149796,354,83,0,0
994762,1,30,2249,0,0,39,168822.42,149796,354,83,0,0
994974,1,30,2212,0,0,39,168823.44,149796,354,83,0,0
995075,1,30,2243,0,0,39,168823.44,149796,354,83,0,0
995200,1,29,2210,0,0,39,168823.44,149796,354,83,0,0
995225,1,29,2210,0,0,39,168823.44,149796,354,83,0,0
995453,1,29,2220,0,0,39,168823.44,149796,354,83,0,0
995574,1,29,2204,0,0,39,168823.44,149796,354,83,0,0
995674,1,29,2189,0,0,39,168823.44,149796,354,83,0,0
995724,1,29,2189,0,0,39,168823.44,149796,354,83,0,0
995930,1,29,2174,0,0,39,168823.44,149796,354,83,0,0
996041,1,28,2158,0,0,39,168823.44,149796,354,83,0,0
996150,1,28,2138,0,0,39,168823.44,149796,354,83,0,0
996250,1,28,2141,0,0,39,168823.44,149796,354,83,0,0
996400,1,28,2141,0,0,39,168823.44,149796,354,83,0,0
996530,1,28,2094,0,0,39,168823.44,149796,354,83,0,0
996652,1,27,2094,0,0,39,168823.44,149796,354,83,0,0
996733,1,27,2048,0,0,39,168823.44,149796,354,84,0,0
996876,1,27,2048,0,0,39,168823.44,149796,354,84,0,0
997000,1,27,2016,0,0,39,168823.44,149796,354,84,0,0
997130,1,26,1984,0,0,39,168823.44,149796,354,84,0,0
997225,1,26,1984,0,0,39,168823.44,149796,354,84,0,0
997374,1,26,1952,0,0,39,168823.44,149796,354,84,0,0
997500,1,26,1952,0,0,39,168823.44,149796,354,84,0,0
997606,1,26,1952,0,0,39,168823.44,149796,354,84,0,0
997732,1,25,1920,0,0,39,168823.44,149796,354,84,0,0
997875,1,25,1920,0,0,39,168823.44,149796,354,84,0,0
998000,1,25,1888,0,0,39,168823.44,149796,354,84,0,0
998124,1,25,1888,0,0,39,168823.44,149796,354,84,0,0
998233,1,25,1856,0,0,39,168823.44,149796,354,84,0,0
998363,1,25,1856,0,0,39,168823.44,149796,354,84,0,0
998475,1,24,1824,0,0,39,168823.44,149796,354,84,0,0
998606,1,24,1792,0,0,39,168823.44,149796,354,84,0,0
998725,1,24,1792,0,0,39,168823.44,149796,354,84,0,0
998769,1,24,1792,0,0,39,168823.44,149796,354,84,0,0
998975,1,23,1760,0,0,39,168823.44,149796,354,84,0,0
999106,1,23,1760,0,0,39,168823.44,149796,354,84,0,0
999224,1,23,1728,0,0,39,168823.44,149796,354,84,0,0
999232,1,23,1728,0,0,39,168823.44,149796,354,84,0,0
999452,1,23,1728,0,0,39,168823.44,149796,354,84,0,0
999575,1,22,1696,0,0,39,168823.44,149796,354,84,0,0
999700,1,22,1696,0,0,39,168823.44,149796,354,84,0,0
999750,1,22,1696,0,0,39,168823.44,149796,354,84,0,0
999943,1,22,1664,0,0,39,168823.44,149796,354,84,0,0
1000050,1,22,1632,0,0,39,168823.44,149796,354,84,0,0
1000175,1,22,1632,0,0,39,168823.44,149796,354,84,0,0
1000233,1,21,1600,0,0,39,168823.44,149796,354,84,0,0
1000420,1,21,1600,0,0,39,168823.44,149796,354,84,0,0
1000541,1,21,1568,0,0,39,168823.44,149796,354,84,0,0
1000652,1,21,1568,0,0,39,168823.44,149796,354,84,0,0
1000733,1,21,1568,0,0,39,168823.44,149796,354,84,0,0
1000875,1,21,1536,0,0,39,168823.44,149796,354,84,0,0
1001000,1,20,1536,0,0,39,168823.44,149796,354,84,0,0
1001131,1,20,1504,0,0,39,168823.44,149796,354,84,0,0
1001250,1,20,1504,0,0,39,168823.44,149796,354,84,0,0
1001386,1,20,1472,0,0,39,168823.44,149796,354,84,0,0
1001500,1,20,1440,0,0,39,168823.44,149796,354,84,0,0
1001630,1,19,1440,0,0,39,168823.44,149796,354,84,0,0
1001750,1,19,1408,0,0,39,168823.44,149796,354,84,0,0
1001750,1,19,1408,0,0,39,168823.44,149796,354,84,0,0
1001975,1,18,1376,0,0,39,168823.44,149796,354,84,0,0
1002106,1,18,1344,0,0,39,168823.44,149796,354,84,0,0
1002233,1,18,1312,0,0,39,168823.44,149796,354,84,0,0
1002282,1,18,1312,0,0,39,168823.44,149796,354,84,0,0
1002450,1,18,1312,0,0,39,168823.44,149796,354,84,0,0
1002575,1,17,1294,0,0,39,168823.44,149796,354,84,0,0
1002700,1,17,1256,0,0,39,168823.44,149796,354,84,0,0
1002733,1,17,1256,0,0,39,168823.44,149796,354,84,0,0
1002930,1,16,1267,0,0,39,168823.44,149796,354,84,0,0
1003050,1,16,1224,0,0,39,168823.44,149796,354,84,0,0
1003175,1,16,1236,0,0,39,168823.44,149796,354,84,0,0
1003233,1,16,1236,0,0,39,168823.44,149796,354,84,0,0
1003420,1,16,1206,0,0,39,168823.44,149796,354,84,0,0
1003531,1,15,1205,0,0,39,168823.44,149797,354,84,0,0
1003652,1,15,1206,0,0,39,168823.44,149797,354,84,0,0
1003763,1,15,1209,0,0,39,168823.44,149797,354,84,0,0
1003875,1,15,1183,0,0,39,168823.44,149797,354,84,0,0
1004000,1,15,1154,0,0,39,168823.44,149797,354,84,0,0
1004131,1,15,1156,0,0,39,168823.44,149797,354,84,0,0
1004233,1,15,1191,0,0,39,168823.44,149797,354,84,0,0
1004233,1,15,1191,0,0,39,168823.44,149797,354,84,0,0
1004500,1,15,1163,0,0,39,168823.44,149797,351,84,0,0
1004606,1,15,1163,5,0,39,168823.44,149797,351,84,0,0
1004733,1,15,1101,10,0,39,168823.44,149797,351,84,0,0
1004875,1,15,1156,10,0,39,168823.44,149797,351,84,0,0
1005000,1,15,1196,35,0,39,168823.44,149797,351,84,0,0
1005106,1,15,1202,37,0,39,168823.44,149797,351,84,0,0
1005233,1,15,1120,37,0,39,168824.45,149797,351,84,0,0
1005358,1,15,1173,37,0,39,168824.45,149797,351,84,0,0
1005500,1,15,1184,44,0,39,168824.45,149797,351,84,0,0
1005606,1,15,1187,44,0,39,168824.45,149797,351,84,0,0
1005725,1,15,1223,45,0,39,168824.45,149797,351,84,0,0
1005760,1,16,1223,45,0,39,168824.45,149797,351,84,0,0
1005975,1,16,1258,45,0,39,168824.45,149797,351,84,0,0
1006077,1,16,1259,47,0,39,168824.45,149797,351,84,0,0
1006200,1,16,1292,51,0,39,168824.45,149797,351,84,0,0
1006239,1,17,1292,51,0,39,168824.45,149797,351,84,0,0
1006451,1,17,1296,67,0,39,168824.45,149797,351,84,0,0
1006550,1,17,1348,71,0,39,168824.45,149797,351,84,0,0
1006675,1,17,1405,75,0,39,168824.45,149797,351,84,0,0
1006750,1,18,1405,76,0,39,168824.45,149797,351,84,0,0
1006905,1,18,1394,77,0,39,168824.45,149797,351,84,0,0
1007050,1,19,1465,80,0,39,168825.47,149797,351,84,0,0
1007170,1,19,1501,82,0,39,168825.47,149797,351,84,0,0
1007236,1,19,1505,82,0,39,168825.47,149797,351,84,0,0
1007383,1,19,1511,82,0,39,168825.47,149797,351,84,0,0
1007528,1,21,1626,92,0,39,168825.47,149797,351,84,0,0
1007652,1,21,1633,94,0,39,168825.47,149797,351,84,0,0
1007750,1,21,1682,95,0,39,168825.47,149797,351,84,0,0
1007900,1,21,1697,102,0,39,168825.47,149797,351,84,0,0
1008031,1,23,1787,105,0,39,168826.47,149797,351,84,0,0
1008150,1,23,1796,118,0,39,168826.47,149797,351,84,0,0
1008250,1,24,1875,125,0,39,168826.47,149797,351,84,0,0
1008408,1,24,1903,132,0,39,168826.47,149797,351,84,0,0
1008531,1,26,1996,140,0,39,168826.47,149797,351,84,0,0
1008631,1,26,2060,127,0,39,168827.58,149797,351,84,0,0
1008750,1,27,2101,116,0,39,168827.58,149797,351,84,0,0
1008900,1,27,2137,109,0,39,168827.58,149797,351,84,0,0
1009028,1,29,2246,105,0,39,168827.58,149797,351,84,0,0
1009150,1,30,2274,101,0,39,168828.62,149797,351,84,0,0
1009250,1,30,2362,100,0,39,168828.62,149797,351,84,0,0
1009250,1,30,2362,100,0,39,168828.62,149797,351,84,0,0
1009500,1,31,2408,82,0,39,168828.62,149797,351,84,0,0
1009628,1,32,2481,79,0,39,168828.62,149797,351,84,0,0
1009730,1,33,2497,78,0,39,168829.69,149797,351,84,0,0
1009894,1,33,2507,78,0,39,168829.69,149797,351,84,0,0
1010000,1,33,2575,72,0,39,168829.69,149797,351,84,0,0
1010128,1,34,2578,68,0,39,168829.69,149797,351,84,0,0
1010233,1,34,2614,64,0,39,168829.69,149797,351,84,0,0
1010381,1,34,2600,64,0,39,168829.69,149797,351,84,0,0
1010500,1,34,2642,44,0,39,168829.69,149797,351,84,0,0
1010628,1,35,2636,39,0,39,168830.72,149797,351,84,0,0
1010739,1,35,2654,36,0,39,168830.72,149797,351,84,0,0
1010786,1,35,2664,36,0,39,168830.72,149797,351,84,0,0
1011000,1,35,2647,11,0,39,168830.72,149797,351,84,0,0
1011125,1,35,2643,10,0,39,168830.72,149797,351,84,0,0
1011230,1,35,2627,10,0,39,168830.72,149797,351,84,0,0
1011250,1,35,2627,10,0,39,168830.72,149797,351,84,0,0
1011478,1,35,2626,9,0,39,168830.72,149797,351,84,0,0
1011578,1,35,2624,5,0,39,168830.72,149797,351,84,0,0
1011700,1,35,2624,0,0,39,168830.72,149797,351,84,0,0
1011750,1,35,2624,0,0,39,168830.72,149797,351,84,0,0
1011950,1,34,2592,0,0,39,168830.72,149797,351,84,0,0
1012050,1,34,2592,0,0,39,168830.72,149797,351,84,0,0
1012175,1,34,2592,0,0,39,168830.72,149797,351,84,0,0
1012250,1,34,2592,0,0,39,168830.72,149797,351,84,0,0
1012420,1,34,2592,0,0,39,168831.73,149797,351,84,0,0
1012550,1,34,2546,0,0,39,168831.73,149797,351,84,0,0
1012670,1,34,2554,0,0,39,168831.73,149797,351,84,0,0
1012733,1,33,2531,0,0,39,168831.73,149797,351,84,0,0
1012900,1,33,2549,0,0,39,168831.73,149797,351,84,0,0
1013028,1,33,2526,0,0,39,168831.73,149797,351,84,0,0
1013150,1,33,2523,0,0,39,168831.73,149797,351,84,0,0
1013230,1,33,2494,0,0,39,168831.73,149797,351,84,0,0
1013379,1,33,2491,0,0,39,168831.73,149797,351,84,0,0
1013500,1,33,2462,0,0,39,168831.73,149797,351,84,0,0
1013628,1,32,2400,0,0,39,168831.73,149797,351,84,0,0
1013750,1,32,2400,0,0,39,168831.73,149797,351,84,0,0
1013891,1,32,2400,0,0,39,168831.73,149797,351,84,0,0
1014000,1,32,2368,0,0,39,168831.73,149797,351,84,0,0
1014128,1,31,2336,0,0,39,168831.73,149797,351,84,0,0
1014250,1,31,2336,0,0,39,168831.73,149797,351,84,0,0
1014250,1,31,2336,0,0,39,168831.73,149797,351,84,0,0
1014500,1,31,2304,0,0,39,168831.73,149797,351,84,0,0
1014628,1,30,2304,0,0,39,168831.73,149797,351,84,0,0
1014750,1,30,2272,0,0,39,168831.73,149797,351,84,0,0
1014890,1,30,2272,0,0,39,168831.73,149797,351,84,0,0
1015000,1,30,2240,0,0,39,168831.73,149797,351,84,0,0
1015128,1,30,2240,0,0,39,168831.73,149797,351,84,0,0
1015250,1,29,2208,0,0,39,168831.73,149797,351,84,0,0
1015250,1,29,2208,0,0,39,168831.73,149797,351,84,0,0
1015478,1,29,2176,0,0,39,168831.73,149797,351,84,0,0
1015605,1,29,2176,0,0,39,168831.73,149797,351,84,0,0
1015730,1,29,2144,0,0,39,168831.73,149797,351,84,0,0
1015753,1,29,2144,0,0,39,168831.73,149797,351,84,0,0
1015950,1,28,2144,0,0,39,168831.73,149797,351,84,0,0
1016050,1,28,2112,0,0,39,168831.73,149797,351,84,0,0
1016200,1,28,2112,0,0,39,168831.73,149797,351,84,0,0
1016250,1,28,2080,0,0,39,168831.73,149797,351,84,0,0
1016403,1,28,2080,0,0,39,168831.73,149797,351,84,0,0
1016550,1,27,2048,0,0,39,168831.73,149797,351,84,0,0
1016678,1,27,2048,0,0,39,168831.73,149797,351,84,0,0
1016730,1,27,2048,0,0,39,168831.73,149797,351,84,0,0
1016900,1,27,2016,0,0,39,168831.73,149797,351,84,0,0
1017041,1,26,1984,0,0,39,168831.73,149797,351,84,0,0
1017152,1,26,1984,0,0,39,168831.73,149797,351,84,0,0
1017250,1,26,1984,0,0,39,168831.73,149797,351,84,0,0
1017402,1,26,1952,0,0,39,168831.73,149797,351,84,0,0
1017528,1,26,1920,0,0,39,168831.73,149797,351,84,0,0
1017652,1,25,1920,0,0,39,168831.73,149797,351,84,0,0
1017750,1,25,1920,0,0,39,168831.73,149797,351,84,0,0
1017902,1,25,1888,0,0,39,168831.73,149797,351,84,0,0
1018025,1,25,1888,0,0,39,168831.73,149797,351,84,0,0
1018128,1,25,1856,0,0,39,168831.73,149797,351,84,0,0
1018250,1,24,1856,0,0,39,168831.73,149797,351,84,0,0
1018250,1,24,1856,0,0,39,168831.73,149797,351,84,0,0
1018500,1,24,1824,0,0,39,168831.73,149797,351,84,0,0
1018628,1,24,1792,0,0,39,168831.73,149797,351,84,0,0
1018750,1,24,1792,0,0,39,168831.73,149797,351,84,0,0
1018888,1,24,1760,0,0,39,168831.73,149797,351,84,0,0
1019000,1,23,1760,0,0,39,168831.73,149797,351,84,0,0
1019128,1,23,1728,0,0,39,168831.73,149797,351,84,0,0
1019230,1,23,1728,0,0,39,168831.73,149797,351,84,0,0
1019252,1,23,1728,0,0,39,168831.73,149797,351,84,0,0
1019500,1,22,1696,0,0,39,168831.73,149797,351,84,0,0
1019605,1,22,1696,0,0,39,168831.73,149797,351,84,0,0
1019730,1,22,1664,0,0,39,168831.73,149797,351,84,0,0
1019778,1,22,1664,0,0,39,168831.73,149797,351,84,0,0
1019978,1,22,1665,5,0,39,168831.73,149797,351,84,0,0
1020078,1,22,1683,29,0,39,168831.73,149797,351,84,0,0
1020200,1,22,1687,30,0,39,168831.73,149797,351,84,0,0
1020249,1,21,1687,30,0,39,168831.73,149797,351,84,0,0
1020451,1,21,1648,30,0,39,168831.73,149797,351,84,0,0
1020550,1,21,1639,30,0,39,168831.73,149797,351,84,0,0
1020678,1,21,1668,26,0,39,168831.73,149797,351,84,0,0
1020804,1,22,1667,15,0,39,168831.73,149797,351,84,0,0
1020928,1,22,1690,15,0,39,168831.73,149797,351,84,0,0
1021050,1,22,1677,15,0,39,168831.73,149797,351,84,0,0
1021170,1,22,1643,15,0,39,168831.73,149797,351,84,0,0
1021249,1,22,1642,15,0,39,168831.73,149797,351,84,0,0
1021377,1,22,1677,15,0,39,168831.73,149797,351,84,0,0
1021528,1,22,1678,15,0,39,168832.73,149797,351,84,0,0
1021652,1,22,1679,15,0,39,168832.73,149797,351,84,0,0
1021750,1,22,1677,15,0,39,168832.73,149797,351,84,0,0
1021899,1,22,1677,15,0,39,168832.73,149797,351,84,0,0
1022024,1,22,1677,15,0,39,168832.73,149797,351,84,0,0
1022128,1,22,1677,15,0,39,168832.73,149797,351,84,0,0
1022249,1,22,1678,15,0,39,168832.73,149797,351,84,0,0
1022277,1,22,1679,15,0,39,168832.73,149797,351,84,0,0
1022499,1,22,1679,15,0,39,168832.73,149797,351,84,0,0
1022627,1,22,1679,16,0,39,168832.73,149797,351,84,0,0
1022730,1,22,1679,16,0,39,168832.73,149797,351,84,0,0
1022772,1,22,1679,16,0,39,168832.73,149797,351,84,0,0
1022978,1,22,1675,18,0,39,168832.73,149797,351,84,0,0
1023105,1,22,1675,20,0,39,168832.73,149797,351,84,0,0
1023224,1,22,1675,20,0,39,168832.73,149797,351,84,0,0
1023249,1,22,1675,20,0,39,168832.73,149797,351,84,0,0
1023451,1,22,1678,20,0,39,168832.73,149797,351,84,0,0
1023577,1,22,1678,20,0,39,168832.73,149797,351,84,0,0
1023699,1,22,1678,21,0,39,168832.73,149797,351,84,0,0
1023757,1,22,1678,21,0,39,168832.73,149797,351,84,0,0
1023924,1,22,1679,21,0,39,168833.75,149797,351,84,0,0
1024049,1,22,1709,21,0,39,168833.75,149797,351,84,0,0
1024177,1,22,1709,21,0,39,168833.75,149797,351,84,0,0
1024289,1,22,1711,21,0,39,168833.75,149797,351,84,0,0
1024399,1,22,1711,21,0,39,168833.75,149797,351,84,0,0
1024605,1,22,1682,21,0,39,168833.75,149797,351,84,0,0
1024730,1,22,1715,21,0,39,168833.75,149797,351,84,0,0
1024778,1,22,1715,21,0,39,168833.75,149797,351,84,0,0
1024953,1,22,1717,21,0,39,168833.75,149797,351,84,0,0
1025077,1,22,1717,21,0,39,168833.75,149797,351,84,0,0
1025199,1,22,1718,26,0,39,168833.75,149797,351,84,0,0
1025249,1,22,1718,26,0,39,168833.75,149797,351,84,0,0
1025436,1,22,1749,28,0,39,168833.75,149797,351,84,0,0
1025549,1,22,1722,32,0,39,168833.75,149797,351,84,0,0
1025677,1,23,1734,33,0,39,168833.75,149797,351,84,0,0
1025782,1,23,1735,34,0,39,168833.75,149797,351,84,0,0
1025924,1,23,1735,34,0,38,168833.75,149797,351,84,0,0
1026049,1,23,1737,34,0,38,168833.75,149797,351,84,0,0
1026169,1,23,1769,34,0,38,168834.78,149797,351,84,0,0
1026290,1,23,1772,34,0,38,168834.78,149797,351,84,0,0
1026430,1,23,1774,28,0,38,168834.78,149797,351,84,0,0
1026549,1,23,1772,9,0,38,168834.78,149797,351,84,0,0
1026669,1,23,1790,7,0,38,168834.78,149797,351,84,0,0
1026777,1,23,1783,7,0,38,168834.78,149797,351,84,0,0
1026924,1,23,1783,7,0,38,168834.78,149797,351,84,0,0
1027049,1,23,1781,6,0,38,168834.78,149797,351,84,0,0
1027149,1,23,1781,6,0,38,168834.78,149797,351,84,0,0
1027277,1,23,1781,6,0,38,168834.78,149797,351,84,0,0
1027424,1,23,1781,5,0,38,168834.78,149797,351,84,0,0
1027540,1,23,1781,0,0,38,168834.78,149797,351,84,0,0
1027649,1,23,1749,0,0,38,168834.78,149797,351,84,0,0
1027749,1,23,1749,0,0,38,168834.78,149797,351,84,0,0
1027908,1,23,1780,0,0,38,168834.78,149797,351,84,0,0
1028027,1,23,1744,0,0,38,168834.78,149797,351,84,0,0
1028149,1,23,1742,0,0,38,168834.78,149797,351,84,0,0
1028249,1,23,1741,0,0,38,168834.78,149797,351,84,0,0
1028399,1,23,1715,0,0,38,168834.78,149797,351,84,0,0
1028527,1,22,1715,0,0,38,168834.78,149797,351,84,0,0
1028649,1,22,1702,0,0,38,168834.78,149797,351,84,0,0
1028749,1,22,1670,0,0,38,168834.78,149797,351,84,0,0
1028791,1,22,1678,0,0,38,168835.78,149797,351,84,0,0
1028999,1,22,1657,0,0,38,168835.78,149797,351,84,0,0
1029124,1,22,1646,0,0,38,168835.78,149797,351,84,0,0
1029230,1,21,1656,0,0,38,168835.78,149797,351,84,0,0
1029277,1,21,1614,0,0,38,168835.78,149797,351,84,0,0
1029477,1,21,1628,0,0,38,168835.78,149797,351,84,0,0
1029577,1,21,1581,0,0,38,168835.78,149797,351,84,0,0
1029699,1,21,1579,0,0,38,168835.78,149797,351,84,0,0
1029777,1,21,1581,0,0,38,168835.78,149797,351,84,0,0
1029951,1,20,1536,0,0,38,168835.78,149797,351,84,0,0
1030049,1,20,1536,0,0,38,168835.78,149797,351,84,0,0
1030177,1,20,1504,0,0,38,168835.78,149797,351,84,0,0
1030285,1,20,1504,0,0,38,168835.78,149797,351,84,0,0
1030399,1,20,1504,0,0,38,168835.78,149797,351,84,0,0
1030549,1,19,1472,0,0,38,168835.78,149797,351,84,0,0
1030669,1,19,1472,0,0,38,168835.78,149797,351,84,0,0
1030777,1,19,1440,0,0,38,168835.78,149797,351,84,0,0
1030919,1,19,1440,0,0,38,168835.78,149797,351,84,0,0
1031040,1,19,1408,0,0,38,168835.78,149797,351,84,0,0
1031149,1,18,1408,0,0,38,168835.78,149797,351,84,0,0
1031249,1,18,1376,0,0,38,168835.78,149797,351,84,0,0
1031249,1,18,1376,0,0,38,168835.78,149797,351,84,0,0
1031527,1,18,1344,0,0,38,168835.78,149797,351,84,0,0
1031649,1,18,1344,0,0,38,168835.78,149797,351,84,0,0
1031749,1,17,1312,0,0,38,168835.78,149797,351,84,0,0
1031905,1,17,1312,0,0,38,168835.78,149797,351,84,0,0
1032027,1,17,1297,0,0,38,168835.78,149797,351,84,0,0
1032127,1,17,1282,0,0,38,168835.78,149797,351,84,0,0
1032249,1,17,1294,0,0,38,168835.78,149797,351,84,0,0
1032249,1,17,1294,0,0,38,168835.78,149797,351,84,0,0
1032499,1,16,1276,0,0,38,168835.78,149797,351,84,0,0
1032628,1,16,1220,0,0,38,168835.78,149797,351,84,0,0
1032749,1,16,1220,0,0,38,168835.78,149797,351,84,0,0
1032749,1,16,1220,0,0,38,168835.78,149797,351,84,0,0
1032977,1,16,1202,0,0,38,168835.78,149797,351,84,0,0
1033110,1,16,1206,0,0,38,168835.78,149797,351,84,0,0
1033229,1,16,1205,0,0,38,168835.78,149797,351,84,0,0
1033291,1,16,1205,0,0,38,168835.78,149797,351,84,0,0
1033469,1,15,1206,0,0,38,168835.78,149797,351,84,0,0
1033577,1,15,1179,0,0,38,168835.78,149797,351,84,0,0
1033699,1,15,1182,0,0,38,168835.78,149797,351,84,0,0
1033749,1,15,1182,0,0,38,168835.78,149797,351,84,0,0
1033947,1,15,1153,0,0,38,168835.78,149797,351,84,0,0
1034049,1,15,1155,0,0,38,168835.78,149797,351,84,0,0
1034177,1,15,1156,0,0,38,168835.78,149797,351,84,0,0
1034249,1,15,1124,0,0,38,168835.78,149797,351,84,0,0
1034424,1,15,1156,0,0,38,168835.78,149797,351,84,0,0
1034549,1,15,1124,0,0,38,168835.78,149797,348,84,0,0
1034669,1,15,1124,0,0,38,168835.78,149797,348,84,0,0
1034749,1,15,1124,0,0,38,168835.78,149797,348,84,0,0
1034904,1,15,1124,0,0,38,168835.78,149797,348,84,0,0
1035027,1,15,1122,0,0,38,168835.78,149797,348,84,0,0
1035149,1,14,1121,0,0,38,168835.78,149797,348,84,0,0
1035249,1,14,1090,0,0,38,168835.78,149797,348,84,0,0
1035299,1,14,1089,0,0,38,168835.78,149797,348,84,0,0
1035499,1,14,1089,0,0,38,168835.78,149797,348,84,0,0
1035627,1,14,1089,0,0,38,168835.78,149797,348,84,0,0
1035729,1,14,1057,0,0,38,168835.78,149797,348,84,0,0
1035799,1,14,1057,0,0,38,168835.78,149797,348,84,0,0
1035977,1,14,1057,0,0,38,168835.78,149797,348,84,0,0
1036077,1,14,1057,0,0,38,168836.78,149797,348,84,0,0
1036224,1,14,1087,0,0,38,168836.78,149797,348,84,0,0
1036288,1,14,1087,0,0,38,168836.78,149797,348,84,0,0
1036449,1,14,1087,0,0,38,168836.78,149797,348,84,0,0
1036577,1,14,1054,0,0,38,168836.78,149797,348,84,0,0
1036699,1,13,1054,0,0,38,168836.78,149797,348,84,0,0
1036749,1,13,1054,0,0,38,168836.78,149797,348,84,0,0
1036902,1,13,1055,0,0,38,168836.78,149797,348,84,0,0
1037049,1,13,1054,0,0,38,168836.78,149797,348,84,0,0
1037177,1,13,1055,0,0,38,168836.78,149797,348,84,0,0
1037277,1,13,1023,0,0,38,168836.78,149797,348,84,0,0
1037424,1,13,1023,0,0,38,168836.78,149797,348,84,0,0
1037549,1,13,992,0,0,38,168836.78,149797,348,84,0,0
1037669,1,13,992,0,0,38,168836.78,149797,348,84,0,0
1037777,1,13,992,0,0,38,168836.78,149797,348,84,0,0
1037927,1,13,992,0,0,38,168836.78,149797,348,84,0,0
1038049,1,13,993,0,0,38,168836.78,149797,348,84,0,0
1038149,1,13,994,0,0,38,168836.78,149797,348,84,0,0
1038277,1,13,989,0,0,38,168836.78,149797,348,84,0,0
1038414,1,13,989,0,0,38,168836.78,149797,348,84,0,0
1038527,1,12,991,0,0,38,168836.78,149797,348,84,0,0
1038649,1,12,960,3,0,38,168836.78,149797,348,84,0,0
1038749,1,12,930,3,0,38,168836.78,149797,348,84,0,0
1038790,1,12,959,3,0,38,168836.78,149797,348,84,0,0
1038999,1,12,959,24,0,38,168836.78,149797,348,84,0,0
1039127,1,12,901,28,0,38,168836.78,149797,348,84,0,0
1039249,1,11,916,30,0,38,168836.78,149797,348,84,0,0
1039277,1,11,911,30,0,38,168836.78,149797,348,84,0,0
1039477,1,11,907,32,0,38,168836.78,149797,348,84,0,0
1039605,1,11,920,38,0,38,168836.78,149797,348,84,0,0
1039699,1,11,921,39,0,38,168837.80,149797,348,84,0,0
1039749,1,12,921,39,0,38,168837.80,149797,348,84,0,0
1039949,1,12,897,39,0,38,168837.80,149797,348,84,0,0
1040077,1,12,929,39,0,38,168837.80,149797,348,84,0,0
1040199,1,12,928,39,0,38,168837.80,149797,348,84,0,0
1040277,1,12,954,39,0,38,168837.80,149797,348,84,0,0
1040424,1,12,954,39,0,38,168837.80,149797,348,84,0,0
1040549,1,12,978,39,0,38,168837.80,149797,348,84,0,0
1040677,1,13,1009,39,0,38,168837.80,149797,348,84,0,0
1040777,1,13,1041,39,0,38,168837.80,149797,348,84,0,0
1040927,1,13,1039,33,0,38,168837.80,149797,348,84,0,0
1041049,1,13,1068,27,0,38,168837.80,149797,348,84,0,0
1041149,1,14,1030,27,0,38,168837.80,149797,348,84,0,0
1041277,1,14,1117,27,0,38,168837.80,149797,348,84,0,0
1041299,1,14,1117,25,0,38,168837.80,149797,348,84,0,0
1041524,1,14,1109,3,0,38,168838.80,149797,348,84,0,0
1041627,1,14,1098,0,0,38,168838.80,149797,348,84,0,0
1041749,1,14,1114,0,0,38,168838.80,149797,348,84,0,0
1041799,1,14,1129,0,0,38,168838.80,149797,348,84,0,0
1041999,1,15,1120,0,0,38,168838.80,149797,348,84,0,0
1042105,1,15,1113,0,0,38,168838.80,149797,348,84,0,0
1042229,1,14,1108,0,0,38,168838.80,149797,348,84,0,0
1042249,1,14,1108,0,0,38,168838.80,149797,348,84,0,0
1042477,1,14,1137,0,0,38,168838.80,149797,348,84,0,0
1042577,1,14,1106,0,0,38,168838.80,149797,348,84,0,0
1042699,1,14,1104,0,0,38,168838.80,149797,348,84,0,0
1042814,1,14,1103,0,0,38,168838.80,149797,348,84,0,0
1042927,1,14,1103,0,0,38,168838.80,149797,348,84,0,0
1043049,1,14,1103,0,0,38,168838.80,149797,348,84,0,0
1043177,1,14,1069,0,0,38,168838.80,149797,348,84,0,0
1043277,1,14,1068,0,0,38,168838.80,149797,348,84,0,0
1043424,1,14,1068,0,0,38,168838.80,149797,348,84,0,0
1043549,1,14,1036,0,0,38,168838.80,149797,348,84,0,0
1043677,1,13,1035,0,0,38,168838.80,149797,348,84,0,0
1043777,1,13,1034,0,0,38,168838.80,149797,348,84,0,0
1043927,1,13,1035,0,0,38,168838.80,149797,348,84,0,0
1044040,1,13,1002,0,0,38,168838.80,149797,348,84,0,0
1044149,1,13,1002,0,0,38,168838.80,149797,348,84,0,0
1044249,1,13,1002,0,0,38,168838.80,149797,348,84,0,0
1044419,1,13,1002,0,0,38,168838.80,149797,348,84,0,0
1044540,1,13,1000,0,0,38,168838.80,149797,348,84,0,0
1044649,1,13,968,0,0,38,168838.80,149797,348,84,0,0
1044777,1,13,967,0,0,38,168838.80,149797,348,84,0,0
1044923,1,13,967,0,0,38,168838.80,149797,348,84,0,0
1045040,1,12,967,0,0,38,168838.80,149797,348,84,0,0
1045149,1,12,935,0,0,38,168838.80,149797,348,84,0,0
1045277,1,12,939,0,0,38,168838.80,149797,348,84,0,0
1045326,1,12,939,0,0,38,168838.80,149797,348,84,0,0
1045499,1,12,945,0,0,38,168838.80,149797,348,84,0,0
1045627,1,12,945,0,0,38,168838.80,149797,348,84,0,0
1045749,1,12,945,0,2,38,168838.80,149797,348,84,0,0
1045778,1,12,946,0,2,38,168838.80,149797,348,84,0,0
1045977,1,12,949,0,22,38,168838.80,149797,348,84,0,0
1046105,1,12,917,0,26,38,168838.80,149797,348,84,0,0
1046229,1,12,916,0,30,38,168839.81,149797,348,84,0,0
1046299,1,12,884,0,54,38,168839.81,149797,348,84,0,0
1046450,1,11,884,0,66,38,168839.81,149797,348,84,0,0
1046577,1,11,827,0,70,38,168839.81,149797,348,84,0,0
1046699,1,10,798,0,66,38,168839.81,149797,348,84,0,0
1046749,1,10,830,0,66,38,168839.81,149797,348,84,0,0
1046927,1,9,1081,0,66,38,168839.81,149797,348,84,0,0
1047049,1,9,1024,0,68,38,168839.81,149797,348,84,0,0
1047177,1,8,1051,0,66,38,168839.81,149797,348,84,0,0
1047299,1,8,1053,0,66,38,168839.81,149797,348,84,0,0
1047435,1,7,1053,0,66,38,168839.81,149797,348,84,0,0
1047549,1,7,1054,0,20,38,168839.81,149797,348,84,0,0
1047677,1,6,1055,0,20,38,168839.81,149797,348,84,0,0
1047790,1,6,1024,0,20,38,168839.81,149797,348,84,0,0
1047927,1,6,1055,0,20,38,168839.81,149797,348,84,0,0
1048049,1,6,1025,0,22,38,168839.81,149797,348,84,0,0
1048177,1,6,1025,0,20,38,168839.81,149797,348,84,0,0
1048290,1,5,1025,0,22,38,168839.81,149797,348,84,0,0
1048435,1,5,1025,0,22,38,168839.81,149797,348,84,0,0
1048549,1,5,1024,0,32,38,168839.81,149797,348,84,0,0
1048669,1,5,1024,0,36,38,168839.81,149797,348,84,0,0
1048790,1,4,1025,0,36,38,168839.81,149797,348,84,0,0
1048927,1,4,993,0,36,38,168839.81,149797,348,84,0,0
1049049,1,3,993,0,32,38,168839.81,149797,348,84,0,0
1049177,1,3,961,0,24,38,168839.81,149797,348,84,0,0
1049290,1,3,960,0,26,38,168839.81,149797,348,84,0,0
1049435,1,3,960,0,26,38,168839.81,149797,348,84,0,0
1049549,1,2,957,0,40,38,168839.81,149797,348,84,0,0
1049669,1,0,925,0,36,38,168839.81,149797,348,84,0,0
1049748,1,0,891,0,12,38,168839.81,149797,348,84,0,0
1049920,1,0,889,0,12,38,168839.81,149797,348,84,0,0
1050040,1,0,862,0,12,38,168839.81,149797,348,84,0,0
1050149,1,0,840,0,16,38,168840.83,149797,348,84,0,0
1050249,1,0,841,0,20,38,168840.83,149797,348,84,0,0
1050407,1,0,845,0,20,38,168840.83,149797,348,84,0,0
1050527,1,0,836,0,20,38,168840.83,149797,348,84,0,0
1050629,1,0,863,0,22,38,168840.83,149797,348,84,0,0
1050765,1,0,859,0,22,38,168840.83,149797,348,84,0,0
1050787,1,0,858,0,22,38,168840.83,149797,348,84,0,0
1050999,1,0,857,0,28,38,168840.83,149797,348,84,0,0
1051104,1,0,856,0,36,38,168840.83,149797,348,84,0,0
1051229,1,0,856,0,52,38,168840.83,149797,348,84,0,0
1051299,1,0,857,0,96,38,168840.83,149797,348,84,0,0
1051435,1,0,857,0,96,38,168840.83,149797,348,84,0,0
1051577,1,0,856,0,160,38,168840.83,149797,348,84,0,0
1051699,1,0,856,0,162,38,168840.83,149797,348,84,0,0
1051799,1,0,856,0,162,38,168840.83,149797,348,84,0,0
1051949,1,0,856,0,160,38,168840.83,149797,348,84,0,0
