timestamp,ignition,speed,rpm,throttle,brake,fuel_level,fuel_cons,distance,range,oil_temp,esp,rear_gear
27974,1,0,0,0,104,0,21075.23,146577,2210,0,0,0
28097,1,0,0,0,294,0,21075.23,146577,2210,39,0,0
28215,1,0,0,0,292,0,21075.23,146577,2210,39,0,0
28295,1,0,0,0,288,0,21075.23,146577,2210,39,0,0
28425,1,0,160,0,284,0,21075.23,146577,2210,39,0,0
28545,1,0,160,0,282,0,21075.23,146577,2210,39,0,0
28651,1,0,256,0,282,0,21075.23,146577,2210,39,0,0
28745,1,0,334,0,280,0,21075.23,146577,2210,39,0,0
28877,1,0,1287,0,278,0,21075.23,146577,2210,39,0,0
28977,1,0,1546,0,278,0,21075.23,146577,2210,39,0,0
29096,1,0,1599,0,274,26,21075.23,146577,2210,39,0,0
29195,1,0,1555,0,274,26,21075.23,146577,2210,39,0,0
29277,1,0,1490,0,274,26,21075.23,146577,2210,39,0,0
29398,1,0,1477,0,272,26,21075.23,146577,2210,39,0,0
29525,1,0,1411,0,272,26,21075.23,146577,162,39,0,0
29627,1,0,1378,0,270,26,21075.23,146577,162,39,0,0
29746,1,0,1398,0,266,26,21075.23,146577,162,39,0,0
29845,1,0,1360,0,256,26,21075.23,146577,162,39,0,0
29965,1,0,1396,0,248,26,21075.23,146577,162,39,0,0
30077,1,0,1358,0,240,26,21076.25,146577,162,39,0,0
30177,1,0,1354,0,228,26,21076.25,146577,162,39,0,0
30277,1,0,1354,0,214,26,21076.25,146577,162,39,0,0
30398,1,0,1354,0,166,26,21076.25,146577,162,39,0,0
30497,1,0,1356,0,118,26,21076.25,146577,162,39,0,0
30595,1,0,1356,0,74,26,21076.25,146577,162,39,0,0
30727,1,0,1360,0,38,26,21076.25,146577,162,39,0,0
30837,1,0,1364,0,4,26,21076.25,146577,162,39,0,0
30945,1,0,1367,0,0,26,21076.25,146577,162,39,0,0
31045,1,0,1336,0,0,26,21076.25,146577,162,39,0,0
31151,1,0,1371,0,0,26,21076.25,146577,162,39,0,0
31270,1,0,1340,0,0,26,21076.25,146577,162,39,0,0
31377,1,0,1344,0,0,26,21077.26,146577,162,39,0,0
31483,1,0,1313,0,0,26,21077.26,146577,173,39,0,0
31577,1,0,1313,0,0,26,21077.26,146577,173,39,0,0
31695,1,0,1313,0,0,26,21077.26,146577,173,39,0,0
31777,1,0,1315,5,0,26,21077.26,146577,173,39,0,0
31898,1,0,1357,7,0,26,21077.26,146577,173,39,0,0
32027,1,0,1388,7,0,26,21077.26,146577,173,39,0,0
32127,1,0,1399,7,0,26,21077.26,146577,173,39,0,0
32245,1,0,1371,7,0,26,21077.26,146577,173,39,0,0
32345,1,0,1340,8,0,26,21077.26,146577,173,39,0,0
32445,1,0,1283,9,0,26,21078.28,146577,173,39,0,0
32570,1,0,1277,11,0,26,21078.28,146577,173,39,0,0
32678,1,0,1249,11,0,26,21078.28,146577,173,39,0,0
32777,1,0,1275,12,0,26,21078.28,146577,173,39,0,0
32877,1,0,1257,12,0,26,21078.28,146577,173,39,0,0
32995,1,0,1264,12,0,26,21078.28,146577,173,39,0,0
33095,1,0,1309,12,0,26,21079.32,146577,173,39,0,0
33215,1,0,1256,12,0,26,21079.32,146577,173,39,0,0
33327,1,0,1297,12,0,26,21079.32,146577,173,39,0,0
33427,1,0,1303,12,0,26,21079.32,146577,173,39,0,0
33546,1,0,1271,9,0,26,21079.32,146577,173,39,0,0
33651,1,0,1266,3,0,26,21079.32,146577,173,39,0,0
33745,1,0,1270,0,0,26,21079.32,146577,173,39,0,0
33870,1,3,1270,0,0,26,21080.33,146577,173,39,0,0
33977,1,3,1269,0,0,26,21080.33,146577,173,39,0,0
34086,1,3,1303,0,0,26,21080.33,146577,173,39,0,0
34196,1,3,1321,0,0,26,21080.33,146577,173,39,0,0
34277,1,3,1341,0,0,26,21080.33,146577,173,39,0,0
34398,1,3,1334,0,0,26,21080.33,146577,173,39,0,0
34496,1,3,1315,0,0,26,21080.33,146577,173,39,0,0
34627,1,3,1325,0,0,26,21080.33,146577,173,39,0,0
34727,1,3,1302,0,0,26,21080.33,146577,173,39,0,0
34845,1,3,1305,0,0,26,21080.33,146577,173,39,0,0
34945,1,3,1240,0,0,26,21080.33,146577,173,39,0,0
35045,1,3,1204,0,0,26,21080.33,146577,173,39,0,0
35177,1,4,1194,0,0,26,21080.33,146577,173,39,0,0
35270,1,4,1162,0,0,26,21081.34,146577,173,39,0,0
35377,1,4,1121,0,0,26,21081.34,146577,173,39,0,0
35495,1,4,1148,0,0,26,21081.34,146577,173,39,0,0
35595,1,4,1113,0,0,26,21081.34,146577,173,39,0,0
35715,1,4,1111,0,0,26,21081.34,146577,173,39,0,0
35795,1,4,1076,0,0,26,21081.34,146577,173,39,0,0
35927,1,4,1042,0,0,26,21081.34,146577,173,39,0,0
36046,1,4,1039,0,0,26,21081.34,146577,173,39,0,0
36151,1,4,1036,0,0,26,21081.34,146577,173,39,0,0
36245,1,4,1036,0,0,26,21081.34,146577,173,39,0,0
36371,1,4,1002,0,0,26,21081.34,146577,173,39,0,0
36477,1,5,1001,0,0,26,21081.34,146577,173,39,0,0
36587,1,5,968,0,0,26,21081.34,146577,173,39,0,0
36695,1,5,969,0,0,26,21082.34,146577,173,39,0,0
36795,1,5,970,0,0,26,21082.34,146577,173,39,0,0
36898,1,6,937,0,0,26,21082.34,146577,173,39,0,0
37027,1,6,938,0,0,26,21082.34,146577,173,39,0,0
37127,1,6,970,0,0,26,21082.34,146577,173,39,0,0
37227,1,6,970,0,0,26,21082.34,146577,173,39,0,0
37349,1,7,1003,0,0,26,21082.34,146577,173,39,0,0
37445,1,7,1035,0,0,26,21082.34,146577,173,39,0,0
37545,1,7,1034,0,0,26,21082.34,146577,173,39,0,0
37670,1,7,1031,0,0,26,21082.34,146577,173,39,0,0
37777,1,7,1063,5,0,26,21082.34,146577,173,39,0,0
37877,1,7,1099,10,0,26,21082.34,146577,173,39,0,0
37995,1,7,1085,11,0,26,21082.34,146577,173,39,0,0
38095,1,7,1093,13,0,26,21082.34,146577,173,39,0,0
38216,1,7,1145,18,0,26,21083.39,146577,173,39,0,0
38322,1,8,1146,18,0,26,21083.39,146577,173,39,0,0
38427,1,8,1161,19,0,26,21083.39,146577,173,39,0,0
38527,1,8,1150,19,0,26,21083.39,146577,173,39,0,0
38627,1,8,1169,20,0,26,21083.39,146577,173,39,0,0
38745,1,8,1170,20,0,26,21083.39,146577,173,39,0,0
38845,1,8,1176,20,0,26,21083.39,146577,173,39,0,0
38970,1,8,1210,20,0,26,21083.39,146577,173,39,0,0
39077,1,8,1181,20,0,26,21083.39,146577,173,39,0,0
39177,1,8,1210,20,0,26,21083.39,146577,173,39,0,0
39277,1,8,1210,20,0,26,21084.43,146577,173,39,0,0
39400,1,8,1211,20,0,26,21084.43,146577,173,39,0,0
39495,1,8,1208,20,0,26,21084.43,146577,173,39,0,0
39595,1,8,1206,24,0,26,21084.43,146577,173,39,0,0
39727,1,8,1203,27,0,26,21084.43,146577,173,39,0,0
39795,1,8,1202,28,0,26,21084.43,146577,173,39,0,0
39945,1,8,1202,29,0,26,21084.43,146577,173,39,0,0
40045,1,8,1210,29,0,26,21084.43,146577,173,39,0,0
40170,1,8,1215,29,0,26,21084.43,146577,173,39,0,0
40277,1,8,1259,20,0,26,21084.43,146577,173,39,0,0
40377,1,8,1198,20,0,26,21085.43,146577,173,39,0,0
40483,1,8,1204,0,0,26,21085.43,146577,173,39,0,0
40595,1,8,1211,0,0,26,21085.43,146577,173,39,0,0
40695,1,8,1169,0,0,26,21085.43,146577,173,39,0,0
40745,1,8,1169,0,0,26,21085.43,146577,173,39,0,0
40899,1,8,1110,0,0,26,21085.43,146577,173,39,0,0
41027,1,8,1110,0,0,26,21085.43,146577,173,39,0,0
41127,1,8,1072,0,0,26,21085.43,146577,173,39,0,0
41245,1,8,1074,0,0,26,21085.43,146577,173,39,0,0
41345,1,8,1081,0,0,26,21085.43,146577,173,39,0,0
41465,1,8,1085,0,0,26,21085.43,146577,173,39,0,0
41570,1,8,1026,7,0,26,21085.43,146577,173,39,0,0
41677,1,7,1003,8,0,26,21085.43,146577,173,38,0,0
41777,1,8,968,8,0,26,21085.43,146577,173,38,0,0
41898,1,8,870,8,0,26,21085.43,146577,173,38,0,0
41995,1,8,811,8,0,26,21085.43,146577,173,38,0,0
42095,1,8,782,7,0,26,21086.44,146577,173,38,0,0
42227,1,8,798,7,0,26,21086.44,146577,173,38,0,0
42335,1,9,795,5,0,26,21086.44,146577,173,38,0,0
42446,1,9,771,3,0,26,21086.44,146577,173,38,0,0
42545,1,9,769,1,0,26,21086.44,146577,173,38,0,0
42651,1,9,771,0,0,26,21086.44,146577,173,38,0,0
42770,1,10,822,0,0,26,21086.44,146577,173,38,0,0
42878,1,10,852,0,0,26,21086.44,146577,173,38,0,0
42977,1,11,834,0,0,26,21086.44,146577,173,38,0,0
43086,1,11,836,0,0,26,21087.46,146577,173,38,0,0
43195,1,11,865,0,0,26,21087.46,146577,173,38,0,0
43277,1,11,884,0,0,26,21087.46,146577,173,38,0,0
43398,1,11,883,0,0,26,21087.46,146577,173,38,0,0
43528,1,12,914,0,0,26,21087.46,146577,173,38,0,0
43627,1,12,926,0,0,26,21087.46,146577,173,38,0,0
43745,1,12,936,0,0,26,21087.46,146577,173,38,0,0
43845,1,12,950,0,0,26,21087.46,146577,173,38,0,0
43965,1,12,959,0,0,26,21087.46,146577,173,38,0,0
44070,1,12,966,0,0,26,21087.46,146577,173,38,0,0
44177,1,13,977,0,0,26,21087.46,146577,173,38,0,0
44277,1,13,979,0,0,26,21087.46,146577,173,38,0,0
44399,1,13,1015,0,0,26,21087.46,146577,173,38,0,0
44495,1,13,986,0,0,26,21087.46,146577,173,38,0,0
44595,1,13,1052,0,0,26,21087.46,146577,173,38,0,0
44727,1,13,1030,0,0,26,21088.49,146577,173,38,0,0
44835,1,13,997,0,0,26,21088.49,146577,173,38,0,0
44945,1,13,1032,0,0,26,21088.49,146577,173,38,0,0
45045,1,13,1065,0,0,26,21088.49,146577,173,38,0,0
45150,1,13,1068,0,0,26,21088.49,146577,173,38,0,0
45270,1,13,1097,0,0,26,21088.49,146577,173,38,0,0
45377,1,13,1074,0,0,26,21088.49,146577,173,38,0,0
45485,1,13,1078,0,0,26,21088.49,146577,173,38,0,0
45595,1,13,1083,0,0,26,21088.49,146577,173,38,0,0
45695,1,13,1057,0,0,26,21088.49,146577,173,38,0,0
45795,1,12,1028,0,0,26,21088.49,146577,173,38,0,0
45897,1,12,1030,0,0,26,21088.49,146577,173,38,0,0
46028,1,12,1031,0,0,26,21088.49,146577,173,38,0,0
46127,1,12,1062,0,0,26,21088.49,146577,173,38,0,0
46244,1,12,1028,0,0,26,21089.50,146577,173,38,0,0
46295,1,12,1028,0,0,26,21089.50,146577,173,38,0,0
46465,1,12,1026,0,0,26,21089.50,146577,173,38,0,0
46569,1,12,1024,0,0,26,21089.50,146577,173,38,0,0
46677,1,11,1052,0,0,26,21089.50,146577,173,38,0,0
46777,1,11,1051,0,0,26,21089.50,146577,173,38,0,0
46897,1,11,1050,0,0,26,21089.50,146577,173,38,0,0
46995,1,11,1051,0,0,26,21089.50,146577,173,38,0,0
47094,1,11,1051,0,0,26,21089.50,146577,173,38,0,0
47215,1,11,1050,0,0,26,21089.50,146577,173,38,0,0
47294,1,11,1016,0,0,26,21089.50,146577,173,38,0,0
47427,1,11,1046,0,0,26,21089.50,146577,173,38,0,0
47547,1,10,1045,0,0,26,21089.50,146577,173,38,0,0
47650,1,10,1045,0,6,26,21089.50,146577,173,38,0,0
47744,1,10,1043,0,6,26,21089.50,146577,173,38,0,0
47869,1,10,1042,0,6,26,21089.50,146577,173,38,0,0
47977,1,10,1008,0,6,26,21090.52,146577,173,38,0,0
48086,1,10,1008,0,6,26,21090.52,146577,173,38,0,0
48195,1,10,1009,0,4,26,21090.52,146577,173,38,0,0
48277,1,10,1009,0,4,26,21090.52,146577,173,38,0,0
48397,1,10,1008,0,2,26,21090.52,146577,173,38,0,0
48495,1,9,1006,0,2,26,21090.52,146577,173,38,0,0
48627,1,9,1003,0,2,26,21090.52,146577,173,38,0,0
48727,1,9,1001,0,2,26,21090.52,146577,173,38,0,0
48844,1,9,1001,0,4,26,21090.52,146577,173,38,0,0
48944,1,9,1001,0,4,26,21090.52,146577,173,38,0,0
49069,1,9,1001,0,6,26,21090.52,146577,173,38,0,0
49177,1,9,1001,0,6,26,21090.52,146577,173,38,0,0
49269,1,9,1001,0,8,26,21090.52,146577,173,38,0,0
49397,1,9,1002,0,10,26,21090.52,146577,173,38,0,0
49495,1,8,1003,0,10,26,21090.52,146577,173,38,0,0
49594,1,8,1003,0,14,26,21090.52,146577,173,38,0,0
49715,1,8,1002,0,12,26,21090.52,146577,173,38,0,0
49794,1,8,1001,0,10,26,21091.53,146577,173,38,0,0
49927,1,8,1001,0,10,26,21091.53,146577,173,38,0,0
50044,1,8,998,0,10,26,21091.53,146577,173,38,0,0
50150,1,8,998,0,10,26,21091.53,146577,173,38,0,0
50245,1,8,998,0,10,26,21091.53,146577,173,38,0,0
50369,1,7,997,0,10,26,21091.53,146577,173,38,0,0
50483,1,7,997,0,10,26,21091.53,146577,173,38,0,0
50585,1,7,997,0,10,26,21091.53,146577,173,39,0,0
50694,1,7,995,0,10,26,21091.53,146577,173,39,0,0
50794,1,7,996,0,10,26,21091.53,146577,173,39,0,0
50897,1,7,995,0,10,26,21091.53,146577,173,39,0,0
50994,1,7,994,0,8,26,21091.53,146577,173,39,0,0
51127,1,7,994,0,10,26,21091.53,146577,173,39,0,0
51244,1,7,994,0,8,26,21091.53,146577,173,39,0,0
51344,1,7,993,0,8,26,21091.53,146577,173,39,0,0
51465,1,7,993,0,8,26,21091.53,146577,173,39,0,0
51569,1,6,993,0,8,26,21091.53,146577,173,39,0,0
51677,1,6,992,0,8,26,21091.53,146577,173,39,0,0
51777,1,6,992,0,8,26,21091.53,146577,173,39,0,0
51898,1,6,992,0,8,26,21091.53,146577,173,39,0,0
51994,1,6,1022,0,8,26,21092.55,146577,173,39,0,0
52094,1,6,1022,0,8,26,21092.55,146577,173,39,0,0
52214,1,6,1022,0,8,26,21092.55,146577,173,39,0,0
52327,1,6,1022,0,8,26,21092.55,146577,173,39,0,0
52427,1,5,1022,0,8,26,21092.55,146577,173,39,0,0
52544,1,5,1022,0,8,26,21092.55,146577,173,39,0,0
52650,1,5,1022,0,8,26,21092.55,146577,173,39,0,0
52769,1,5,1022,0,8,26,21092.55,146577,173,39,0,0
52877,1,5,1021,0,8,26,21092.55,146577,173,39,0,0
52979,1,5,1021,0,8,26,21092.55,146577,173,39,0,0
53094,1,5,988,0,2,26,21092.55,146577,173,39,0,0
53194,1,5,1020,0,0,26,21092.55,146577,173,39,0,0
53269,1,5,1020,0,0,26,21092.55,146577,173,39,0,0
53397,1,5,988,0,0,26,21092.55,146577,173,39,0,0
53527,1,4,1021,0,0,26,21092.55,146577,173,39,0,0
53627,1,4,1021,0,0,26,21092.55,146577,173,39,0,0
53744,1,4,993,0,0,26,21092.55,146577,173,39,0,0
53851,1,4,1025,0,0,26,21092.55,146577,173,39,0,0
53944,1,4,1059,0,0,26,21092.55,146577,173,39,0,0
54069,1,4,1059,3,0,26,21092.55,146577,173,39,0,0
54177,1,4,1164,13,0,26,21093.57,146577,173,39,0,0
54277,1,4,1192,16,0,26,21093.57,146577,173,39,0,0
54377,1,4,1190,16,0,26,21093.57,146577,173,39,0,0
54494,1,4,1103,16,0,26,21093.57,146577,173,39,0,0
54594,1,5,1045,16,0,26,21093.57,146577,173,39,0,0
54714,1,5,979,15,0,26,21093.57,146577,173,39,0,0
54827,1,5,897,12,0,26,21093.57,146577,173,39,0,0
54927,1,6,901,11,0,26,21093.57,146577,173,39,0,0
55044,1,6,896,11,0,26,21093.57,146577,173,39,0,0
55151,1,6,904,9,0,26,21094.59,146577,173,39,0,0
55244,1,7,928,8,0,26,21094.59,146577,173,39,0,0
55369,1,8,959,5,0,26,21094.59,146577,173,39,0,0
55477,1,8,915,5,0,26,21094.59,146577,173,39,0,0
55585,1,8,875,4,0,26,21094.59,146577,173,39,0,0
55677,1,9,870,3,0,26,21094.59,146577,173,39,0,0
55777,1,9,861,3,0,26,21094.59,146577,173,39,0,0
55897,1,9,819,2,0,26,21094.59,146577,173,39,0,0
55994,1,10,812,2,0,26,21095.64,146577,173,39,0,0
56127,1,10,807,2,0,26,21095.64,146577,173,39,0,0
56227,1,10,836,2,0,26,21095.64,146577,173,39,0,0
56294,1,11,835,2,0,26,21095.64,146577,173,39,0,0
56444,1,11,904,0,0,26,21095.64,146577,173,39,0,0
56544,1,11,936,0,0,26,21095.64,146577,173,39,0,0
56669,1,12,948,0,0,26,21095.64,146577,173,39,0,0
56776,1,12,1062,0,0,26,21095.64,146577,173,39,0,0
56876,1,12,1117,0,0,26,21095.64,146577,173,39,0,0
56995,1,12,1057,0,0,26,21095.64,146577,173,39,0,0
57094,1,12,1089,0,0,26,21095.64,146577,173,39,0,0
57214,1,12,1099,0,0,26,21095.64,146577,173,39,0,0
57294,1,12,1121,0,0,26,21095.64,146577,173,39,0,0
57427,1,12,1131,0,0,26,21096.65,146577,173,39,0,0
57527,1,12,1141,0,0,26,21096.65,146577,173,39,0,0
57627,1,11,1151,0,0,26,21096.65,146577,173,39,0,0
57744,1,11,1088,0,0,26,21096.65,146577,173,39,0,0
57844,1,11,1088,0,0,26,21096.65,146577,173,39,0,0
57969,1,11,1117,0,0,26,21096.65,146577,173,40,0,0
58076,1,11,1083,0,0,26,21096.65,146577,173,40,0,0
58177,1,11,1080,0,0,26,21096.65,146577,173,40,0,0
58294,1,11,1079,0,0,26,21096.65,146577,173,40,0,0
58427,1,11,1078,0,0,26,21096.65,146577,173,40,0,0
58544,1,10,1045,0,0,26,21096.65,146577,173,40,0,0
58650,1,10,1041,0,0,26,21096.65,146577,173,40,0,0
58744,1,10,1041,0,0,26,21096.65,146577,173,40,0,0
58876,1,10,1039,0,0,26,21096.65,146577,173,40,0,0
58977,1,10,1039,0,0,26,21096.65,146577,173,40,0,0
59085,1,10,1037,0,0,26,21096.65,146577,173,40,0,0
59194,1,10,1035,0,0,26,21097.67,146577,173,40,0,0
59276,1,10,1033,0,0,26,21097.67,146577,173,40,0,0
59397,1,10,998,0,0,26,21097.67,146577,173,40,0,0
59527,1,9,998,0,0,26,21097.67,146577,173,40,0,0
59627,1,9,997,0,0,26,21097.67,146577,173,40,0,0
59744,1,9,997,0,0,26,21097.67,146577,173,40,0,0
59844,1,9,997,0,0,26,21097.67,146577,173,40,0,0
59944,1,9,997,0,0,26,21097.67,146577,173,40,0,0
60069,1,9,996,0,0,26,21097.67,146577,173,40,0,0
60176,1,9,993,0,0,26,21097.67,146577,173,40,0,0
60277,1,9,993,0,0,26,21097.67,146577,173,40,0,0
60377,1,9,992,0,0,26,21097.67,146577,173,40,0,0
60494,1,9,1022,0,0,26,21097.67,146577,173,40,0,0
60585,1,9,990,0,0,26,21097.67,146577,173,40,0,0
60714,1,8,1022,0,0,26,21097.67,146577,173,40,0,0
60777,1,8,1021,0,0,26,21097.67,146577,173,40,0,0
60926,1,8,1021,0,0,26,21097.67,146577,173,40,0,0
61044,1,8,1020,0,0,26,21097.67,146577,173,40,0,0
61151,1,8,1020,0,0,26,21097.67,146577,173,40,0,0
61244,1,8,988,0,0,26,21097.67,146577,173,40,0,0
61369,1,8,1021,0,0,26,21098.67,146577,173,40,0,0
61476,1,8,1022,0,0,26,21098.67,146577,173,41,0,0
61585,1,8,1022,0,6,26,21098.67,146577,173,41,0,0
61694,1,7,1021,0,6,26,21098.67,146577,173,41,0,0
61777,1,7,1021,0,6,26,21098.67,146577,173,41,0,0
61897,1,7,1021,0,6,26,21098.67,146577,173,41,0,0
61994,1,7,992,0,6,26,21098.67,146577,173,41,0,0
62128,1,7,992,0,6,26,21098.67,146577,173,41,0,0
62227,1,7,1022,0,6,26,21098.67,146577,173,41,0,0
62345,1,7,992,0,4,26,21098.67,146577,173,41,0,0
62444,1,7,992,0,6,26,21098.67,146577,173,41,0,0
62544,1,7,993,0,4,26,21098.67,146577,173,41,0,0
62669,1,6,993,0,6,26,21098.67,146577,173,41,0,0
62776,1,6,992,0,4,26,21098.67,146577,173,41,0,0
62877,1,6,992,0,4,26,21098.67,146577,173,41,0,0
62994,1,6,993,0,2,26,21098.67,146577,173,41,0,0
63094,1,6,1022,0,2,26,21098.67,146577,173,41,0,0
63214,1,6,1021,0,0,26,21098.67,146577,173,41,0,0
63294,1,6,1022,0,0,26,21098.67,146577,173,41,0,0
63426,1,6,992,0,0,26,21099.67,146577,173,41,0,0
63526,1,6,993,0,0,26,21099.67,146577,173,41,0,0
63649,1,6,994,0,0,26,21099.67,146577,173,41,0,0
63744,1,6,994,0,0,26,21099.67,146577,173,41,0,0
63844,1,6,993,0,0,26,21099.67,146577,173,41,0,0
63976,1,5,993,0,0,26,21099.67,146577,173,41,0,0
64084,1,5,992,0,0,26,21099.67,146577,173,41,0,0
64176,1,5,992,0,0,26,21099.67,146577,173,41,0,0
64294,1,5,1021,0,0,26,21099.67,146577,173,41,0,0
64397,1,5,1021,0,0,26,21099.67,146577,173,41,0,0
64495,1,5,988,0,0,26,21099.67,146577,170,41,0,0
64627,1,5,1019,0,0,26,21099.67,146577,170,41,0,0
64726,1,5,1019,0,0,26,21099.67,146577,170,41,0,0
64845,1,5,1019,0,0,26,21099.67,146577,170,41,0,0
64944,1,5,1020,0,0,26,21099.67,146577,170,42,0,0
65048,1,5,1022,0,0,26,21099.67,146577,170,42,0,0
65169,1,4,1022,0,0,26,21099.67,146577,170,42,0,0
65276,1,4,1020,0,0,26,21099.67,146577,170,42,0,0
65377,1,4,1021,0,0,26,21099.67,146577,170,42,0,0
65494,1,4,1051,0,0,26,21099.67,146577,170,42,0,0
65594,1,4,1083,0,0,26,21099.67,146577,170,42,0,0
65714,1,4,1085,0,0,26,21100.69,146577,170,42,0,0
65826,1,4,1150,0,0,26,21100.69,146577,170,42,0,0
65927,1,4,1152,0,0,26,21100.69,146577,170,42,0,0
66045,1,4,1214,0,0,26,21100.69,146577,170,42,0,0
66150,1,4,1217,0,0,26,21100.69,146577,170,42,0,0
66244,1,4,1221,0,0,26,21100.69,146577,170,42,0,0
66369,1,3,1225,0,0,26,21100.69,146577,170,42,0,0
66484,1,3,1264,0,0,26,21100.69,146577,170,42,0,0
66585,1,3,1299,0,0,26,21100.69,146577,170,42,0,0
66694,1,3,1273,0,0,26,21100.69,146577,170,42,0,0
66777,1,3,1307,0,0,26,21100.69,146577,170,42,0,0
66897,1,3,1248,0,0,26,21100.69,146577,170,42,0,0
67027,1,3,1283,0,0,26,21100.69,146577,170,42,0,0
67126,1,3,1287,0,0,26,21100.69,146577,170,42,0,0
67245,1,4,1256,0,0,26,21100.69,146577,170,42,0,0
67344,1,3,1258,0,0,26,21100.69,146577,170,42,0,0
67465,1,4,1227,0,0,26,21101.70,146577,170,42,0,0
67576,1,4,1196,0,0,26,21101.70,146577,170,42,0,0
67677,1,4,1164,0,0,26,21101.70,146577,170,42,0,0
67777,1,4,1163,0,0,26,21101.70,146577,170,42,0,0
67897,1,4,1129,0,0,26,21101.70,146577,170,42,0,0
67994,1,4,1124,0,0,26,21101.70,146577,170,42,0,0
68094,1,4,1120,0,0,26,21101.70,146577,170,42,0,0
68226,1,4,1119,0,0,26,21101.70,146577,170,42,0,0
68334,1,4,1117,0,0,26,21101.70,146577,170,42,0,0
68444,1,4,1115,0,0,26,21101.70,146577,170,42,0,0
68544,1,4,1115,0,0,26,21101.70,146577,170,42,0,0
68669,1,4,1109,0,0,26,21101.70,146577,170,42,0,0
68777,1,4,1069,0,0,26,21101.70,146577,170,42,0,0
68877,1,4,1069,0,0,26,21101.70,146577,170,42,0,0
68995,1,4,1035,0,0,26,21101.70,146577,170,42,0,0
69097,1,4,1069,0,0,26,21102.71,146577,170,42,0,0
69214,1,4,1071,0,0,26,21102.71,146577,170,42,0,0
69277,1,4,1039,0,0,26,21102.71,146577,170,42,0,0
69426,1,4,1039,0,0,26,21102.71,146577,170,42,0,0
69526,1,4,1037,0,0,26,21102.71,146577,170,42,0,0
69651,1,4,1036,0,0,26,21102.71,146577,170,42,0,0
69744,1,4,1033,0,0,26,21102.71,146577,170,42,0,0
69869,1,4,1031,0,4,26,21102.71,146577,170,42,0,0
69977,1,4,1028,0,2,26,21102.71,146577,170,42,0,0
70086,1,4,996,0,4,26,21102.71,146577,170,42,0,0
70195,1,4,995,0,4,26,21102.71,146577,170,42,0,0
70276,1,4,994,0,4,26,21102.71,146577,170,42,0,0
70397,1,4,993,0,6,26,21102.71,146577,170,42,0,0
70494,1,4,992,0,8,26,21102.71,146577,170,42,0,0
70626,1,4,994,0,10,26,21102.71,146577,170,42,0,0
70726,1,4,994,0,14,26,21102.71,146577,170,42,0,0
70844,1,4,994,0,14,26,21102.71,146577,170,42,0,0
70944,1,4,994,0,14,26,21102.71,146577,170,42,0,0
71044,1,4,995,0,14,26,21102.71,146577,170,42,0,0
71177,1,4,992,0,14,26,21103.71,146577,170,42,0,0
71277,1,4,993,0,14,26,21103.71,146577,170,43,0,0
71377,1,5,961,0,20,26,21103.71,146577,170,43,0,0
71495,1,4,993,0,22,26,21103.71,146577,170,43,0,0
71594,1,4,996,0,22,26,21103.71,146577,170,43,0,0
71714,1,4,997,0,28,26,21103.71,146577,170,43,0,0
71826,1,4,997,0,50,26,21103.71,146577,170,43,0,0
71943,1,4,997,0,56,26,21103.71,146577,170,43,0,0
72044,1,4,996,0,58,26,21103.71,146577,170,43,0,0
72149,1,3,996,0,58,26,21103.71,146577,170,43,0,0
72269,1,3,993,0,58,26,21103.71,146577,170,43,0,0
72371,1,3,992,0,58,26,21103.71,146577,170,43,0,0
72485,1,0,1022,0,50,26,21103.71,146577,170,43,0,0
72594,1,0,1021,0,10,26,21103.71,146577,170,43,0,0
72694,1,0,990,0,12,26,21103.71,146577,170,43,0,0
72794,1,0,993,0,14,26,21103.71,146577,170,43,0,0
72897,1,0,994,0,14,26,21103.71,146577,170,43,0,0
73026,1,0,995,0,14,26,21103.71,146577,170,43,0,0
73129,1,0,995,0,14,26,21103.71,146577,170,43,0,0
73244,1,0,994,0,14,26,21104.72,146577,170,43,0,0
73345,1,0,994,0,28,26,21104.72,146577,170,43,0,0
73465,1,0,992,0,22,26,21104.72,146577,170,43,0,0
73576,1,0,1022,0,4,26,21104.72,146577,170,43,0,0
73676,1,0,1022,0,8,26,21104.72,146577,170,43,0,0
73793,1,0,1022,0,16,26,21104.72,146577,170,43,0,0
73897,1,0,1022,0,38,26,21104.72,146577,170,43,0,0
73994,1,0,992,0,84,26,21104.72,146577,170,43,0,0
74094,1,0,993,0,102,26,21104.72,146577,170,43,0,0
74226,1,0,994,0,110,26,21104.72,146577,170,43,0,0
74334,1,0,995,0,124,26,21104.72,146577,170,43,0,0
74426,1,0,996,0,128,26,21104.72,146577,170,43,0,0
74544,1,0,996,0,130,26,21104.72,146577,170,43,0,0
74650,1,0,996,0,132,26,21104.72,146577,170,43,0,0
74776,1,0,993,0,134,26,21104.72,146577,170,44,0,0
74878,1,0,1022,0,136,26,21104.72,146577,170,44,0,0
74994,1,0,1021,0,138,26,21104.72,146577,170,44,0,0
75094,1,0,1020,0,140,26,21104.72,146577,170,44,0,0
75194,1,0,1020,0,142,26,21104.72,146577,170,44,0,0
75277,1,0,1018,0,142,26,21104.72,146577,170,44,0,0
75427,1,0,1019,0,142,26,21105.72,146577,170,44,0,0
75526,1,0,1018,0,142,26,21105.72,146577,170,44,0,0
75627,1,0,1018,0,142,26,21105.72,146577,170,44,0,0
75744,1,0,1018,0,140,26,21105.72,146577,170,44,0,0
75844,1,0,1018,0,140,26,21105.72,146577,170,44,0,0
75969,1,0,1019,0,140,26,21105.72,146577,170,44,0,0
76077,1,0,1020,0,142,26,21105.72,146577,170,44,0,0
76177,1,0,1021,0,142,26,21105.72,146577,170,44,0,0
76277,1,0,1021,0,142,26,21105.72,146577,170,44,0,0
76397,1,0,1021,0,140,26,21105.72,146577,170,44,0,0
76495,1,0,1018,0,122,26,21105.72,146577,170,44,0,0
76628,1,0,985,0,82,26,21105.72,146577,170,44,0,0
76727,1,0,1017,0,48,26,21105.72,146577,170,44,0,0
76845,1,0,1017,0,44,26,21105.72,146577,170,44,0,0
76944,1,0,1019,0,46,26,21105.72,146577,170,44,0,0
77044,1,0,1021,0,48,26,21105.72,146577,170,44,0,0
77169,1,0,1022,0,48,26,21105.72,146577,170,44,0,0
77277,1,0,1022,0,2,26,21105.72,146577,170,44,0,0
77377,1,0,1022,0,0,26,21105.72,146577,170,44,0,0
77495,1,0,993,0,0,26,21105.72,146577,170,44,0,0
77594,1,0,993,0,0,26,21105.72,146577,170,44,0,0
77714,1,0,960,6,0,26,21106.74,146577,170,44,0,0
77777,1,0,989,28,0,26,21106.74,146577,170,44,0,0
77927,1,0,1155,34,0,26,21106.74,146577,170,44,0,0
78044,1,0,1271,38,0,26,21106.74,146577,170,44,0,0
78150,1,0,1322,38,0,26,21106.74,146577,170,44,0,0
78244,1,0,1353,38,0,26,21106.74,146577,170,44,0,0
78377,1,0,1292,38,0,26,21106.74,146577,170,45,0,0
78480,1,0,1187,24,0,26,21106.74,146577,170,45,0,0
78593,1,0,1105,12,0,26,21106.74,146577,170,45,0,0
78694,1,0,970,5,0,26,21107.78,146577,170,45,0,0
78794,1,3,946,0,0,26,21107.78,146577,170,45,0,0
78897,1,3,943,0,0,26,21107.78,146577,170,45,0,0
79027,1,3,972,0,0,26,21107.78,146577,170,45,0,0
79127,1,3,954,0,0,26,21107.78,146577,170,45,0,0
79244,1,3,985,0,0,26,21107.78,146577,170,45,0,0
79344,1,3,961,0,0,26,21107.78,146577,170,45,0,0
79464,1,3,968,0,0,26,21107.78,146577,170,45,0,0
79577,1,3,985,0,0,26,21107.78,146577,170,45,0,0
79677,1,3,961,0,0,26,21107.78,146577,170,45,0,0
79777,1,4,928,0,0,26,21107.78,146577,170,45,0,0
79896,1,4,926,0,0,26,21107.78,146577,170,45,0,0
79994,1,4,832,2,0,26,21107.78,146577,170,45,0,0
80093,1,4,810,6,0,26,21107.78,146577,170,45,0,0
80227,1,5,948,10,0,26,21107.78,146577,170,45,0,0
80343,1,5,972,12,0,26,21107.78,146577,170,45,0,0
80443,1,6,944,12,0,26,21108.81,146577,170,45,0,0
80544,1,6,934,14,0,26,21108.81,146577,170,45,0,0
80668,1,6,978,15,0,26,21108.81,146577,170,45,0,0
80777,1,7,1084,15,0,26,21108.81,146577,170,45,0,0
80879,1,7,1092,15,0,26,21108.81,146577,170,45,0,0
80994,1,7,1112,19,0,26,21108.81,146577,170,45,0,0
81093,1,7,1107,20,0,26,21108.81,146577,170,45,0,0
81213,1,8,1177,29,0,26,21108.81,146577,170,45,0,0
81320,1,8,1187,30,0,26,21108.81,146577,170,45,0,0
81427,1,8,1202,30,0,26,21108.81,146577,170,45,0,0
81528,1,8,1247,31,0,26,21108.81,146577,170,45,0,0
81649,1,8,1217,39,0,26,21109.82,146577,170,45,0,0
81756,1,8,1257,45,0,26,21109.82,146577,170,45,0,0
81868,1,9,1270,47,0,26,21109.82,146577,170,45,0,0
81977,1,9,1290,48,0,26,21109.82,146577,170,45,0,0
82086,1,9,1328,48,0,26,21109.82,146577,170,45,0,0
82195,1,9,1368,48,0,26,21109.82,146577,170,45,0,0
82243,1,9,1400,48,0,26,21109.82,146577,170,45,0,0
82396,1,9,1383,48,0,26,21109.82,146577,170,45,0,0
82495,1,10,1453,48,0,26,21109.82,146577,170,45,0,0
82627,1,10,1489,48,0,26,21110.87,146577,170,45,0,0
82727,1,10,1527,48,0,26,21110.87,146577,170,45,0,0
82793,1,10,1563,48,0,26,21110.87,146577,170,45,0,0
82943,1,11,1599,48,0,26,21110.87,146577,170,45,0,0
83068,1,11,1630,48,0,26,21110.87,146577,170,45,0,0
83168,1,11,1658,47,0,26,21110.87,146577,170,45,0,0
83268,1,12,1693,45,0,26,21110.87,146577,170,45,0,0
83396,1,12,1700,43,0,26,21111.90,146577,170,45,0,0
83495,1,12,1700,37,0,26,21111.90,146577,170,45,0,0
83593,1,12,1730,23,0,26,21111.90,146577,170,45,0,0
83726,1,12,1665,2,0,26,21111.90,146577,170,45,0,0
83833,1,12,1586,0,0,26,21111.90,146577,170,45,0,0
83943,1,12,1553,0,0,26,21111.90,146577,170,45,0,0
84043,1,12,1535,0,0,26,21111.90,146577,170,45,0,0
84149,1,12,1499,0,0,26,21111.90,146577,170,45,0,0
84268,1,12,1456,0,0,26,21111.90,146577,170,45,0,0
84377,1,12,1419,0,0,26,21111.90,146577,170,45,0,0
84485,1,12,1383,0,0,26,21111.90,146577,170,45,0,0
84593,1,12,1350,0,0,26,21112.91,146577,170,45,0,0
84693,1,12,1317,0,0,26,21112.91,146577,170,45,0,0
84793,1,12,1316,0,0,26,21112.91,146577,170,45,0,0
84927,1,12,1282,0,0,26,21112.91,146577,170,45,0,0
85027,1,12,1249,0,0,26,21112.91,146577,170,45,0,0
85127,1,12,1248,0,0,26,21112.91,146577,170,46,0,0
85243,1,12,1246,0,0,26,21112.91,146577,170,46,0,0
85343,1,11,1212,0,0,26,21112.91,146577,170,46,0,0
85470,1,11,1211,0,0,26,21112.91,146577,170,46,0,0
85577,1,11,1178,0,0,26,21112.91,146577,170,46,0,0
85677,1,11,1178,0,0,26,21112.91,146577,170,46,0,0
85793,1,11,1146,0,0,26,21112.91,146577,170,46,0,0
85896,1,11,1146,0,0,26,21112.91,146577,170,46,0,0
85993,1,11,1148,0,0,26,21112.91,146577,170,46,0,0
86127,1,11,1118,0,0,26,21112.91,146577,170,46,0,0
86227,1,11,1088,0,0,26,21112.91,146577,170,46,0,0
86343,1,11,1089,0,0,26,21112.91,146577,170,46,0,0
86443,1,11,1090,0,0,26,21112.91,146577,170,46,0,0
86548,1,11,1093,0,0,26,21112.91,146577,170,46,0,0
86668,1,11,1061,0,0,26,21112.91,146577,170,46,0,0
86778,1,11,1061,0,0,26,21113.92,146577,170,46,0,0
86877,1,11,1062,0,0,26,21113.92,146577,170,46,0,0
86993,1,11,1061,0,0,26,21113.92,146577,170,46,0,0
87093,1,11,1060,0,0,26,21113.92,146577,170,46,0,0
87213,1,11,1027,0,0,26,21113.92,146577,170,46,0,0
87328,1,11,1024,0,0,26,21113.92,146577,170,46,0,0
87427,1,11,1052,0,0,26,21113.92,146577,170,46,0,0
87543,1,10,1052,0,0,26,21113.92,146577,170,46,0,0
87649,1,10,1051,0,0,26,21113.92,146577,170,46,0,0
87743,1,10,1020,0,0,26,21113.92,146577,170,46,0,0
87870,1,10,1051,0,0,26,21113.92,146577,170,46,0,0
87977,1,10,1019,0,0,26,21113.92,146577,170,46,0,0
88093,1,10,1052,0,0,26,21113.92,146577,170,46,0,0
88193,1,10,1053,0,0,26,21113.92,146577,170,46,0,0
88293,1,10,1021,0,0,26,21113.92,146577,170,46,0,0
88396,1,10,1021,0,0,26,21113.92,146577,170,46,0,0
88527,1,10,1052,0,0,26,21113.92,146577,170,46,0,0
88627,1,10,1020,0,0,26,21113.92,146577,170,46,0,0
88743,1,10,1018,0,0,26,21113.92,146577,170,46,0,0
88793,1,10,1049,0,0,26,21113.92,146577,170,46,0,0
88943,1,10,1017,0,0,26,21114.93,146577,170,46,0,0
89069,1,10,1015,0,0,26,21114.93,146577,170,47,0,0
89178,1,10,1012,0,0,26,21114.93,146577,170,47,0,0
89277,1,9,1011,0,0,26,21114.93,146577,170,47,0,0
89396,1,9,1011,0,0,26,21114.93,146577,170,47,0,0
89493,1,9,1013,0,0,26,21114.93,146577,170,47,0,0
89593,1,9,1013,0,0,26,21114.93,146577,170,47,0,0
89713,1,9,1014,0,0,26,21114.93,146577,170,47,0,0
89829,1,9,1014,0,0,26,21114.93,146577,170,47,0,0
89943,1,9,1015,0,0,26,21114.93,146577,170,47,0,0
90043,1,9,1015,0,0,26,21114.93,146577,170,47,0,0
90149,1,9,1016,0,0,26,21114.93,146577,170,47,0,0
90268,1,9,1015,0,0,26,21114.93,146577,170,47,0,0
90378,1,9,1017,0,0,26,21114.93,146577,170,47,0,0
90480,1,9,1016,0,0,26,21114.93,146577,170,47,0,0
90593,1,9,1016,0,0,26,21114.93,146577,170,47,0,0
90693,1,9,1014,0,0,26,21114.93,146577,170,47,0,0
90793,1,9,1015,0,0,26,21114.93,146577,170,47,0,0
90896,1,9,1015,0,0,26,21114.93,146577,170,47,0,0
91027,1,9,1018,0,0,26,21114.93,146577,170,47,0,0
91127,1,9,1019,0,0,26,21114.93,146577,170,47,0,0
91243,1,9,1020,0,0,26,21115.94,146577,170,47,0,0
91343,1,8,1020,0,0,26,21115.94,146577,170,47,0,0
91469,1,8,1021,0,0,26,21115.94,146577,170,47,0,0
91577,1,8,1020,0,0,26,21115.94,146577,170,47,0,0
91677,1,8,1020,0,0,26,21115.94,146577,170,47,0,0
91793,1,8,1019,0,0,26,21115.94,146577,170,47,0,0
91896,1,8,1018,0,0,26,21115.94,146577,170,47,0,0
91993,1,8,1017,0,0,26,21115.94,146577,170,47,0,0
92126,1,8,1016,0,0,26,21115.94,146577,170,47,0,0
92227,1,8,1016,0,0,26,21115.94,146577,170,47,0,0
92343,1,8,1016,0,0,26,21115.94,146577,170,47,0,0
92443,1,8,1017,0,0,26,21115.94,146577,170,47,0,0
92544,1,8,1018,0,0,26,21115.94,146577,170,48,0,0
92668,1,8,986,0,0,26,21115.94,146577,170,48,0,0
92778,1,8,1020,0,0,26,21115.94,146577,170,48,0,0
92877,1,8,1019,0,0,26,21115.94,146577,170,48,0,0
92993,1,8,1019,0,0,26,21115.94,146577,170,48,0,0
93093,1,8,1018,0,0,26,21115.94,146577,170,48,0,0
93214,1,8,1018,0,0,26,21115.94,146577,170,48,0,0
93293,1,8,1018,0,0,26,21115.94,146577,170,48,0,0
93427,1,7,1017,0,0,26,21115.94,146577,170,48,0,0
93544,1,7,1015,0,0,26,21116.95,146577,170,48,0,0
93649,1,7,1015,0,0,26,21116.95,146577,170,48,0,0
93743,1,7,984,0,0,26,21116.95,146577,170,48,0,0
93870,1,7,1017,0,0,26,21116.95,146577,170,48,0,0
93978,1,7,1020,0,0,26,21116.95,146577,170,48,0,0
94086,1,7,989,0,0,26,21116.95,146577,170,48,0,0
94193,1,7,1021,0,0,26,21116.95,146577,170,48,0,0
94293,1,7,1020,0,0,26,21116.95,146577,170,48,0,0
94396,1,7,1018,0,0,26,21116.95,146577,170,48,0,0
94528,1,7,1018,0,0,26,21116.95,146577,167,48,0,0
94627,1,7,1018,0,0,26,21116.95,146577,167,48,0,0
94743,1,7,985,0,0,26,21116.95,146577,167,48,0,0
94851,1,7,1015,0,0,26,21116.95,146577,167,48,0,0
94963,1,7,1015,0,0,26,21116.95,146577,167,48,0,0
95069,1,7,984,0,0,26,21116.95,146577,167,48,0,0
95178,1,7,1019,0,0,26,21116.95,146577,167,48,0,0
95277,1,7,988,0,0,26,21116.95,146577,167,48,0,0
95396,1,7,1021,0,0,26,21116.95,146577,167,48,0,0
95493,1,7,1018,0,0,26,21116.95,146577,167,48,0,0
95593,1,6,1017,0,0,26,21116.95,146577,167,48,0,0
95727,1,6,1015,0,0,26,21116.95,146577,167,48,0,0
95834,1,6,1017,0,0,26,21117.97,146577,167,48,0,0
95943,1,6,1017,0,0,26,21117.97,146577,167,48,0,0
96043,1,6,1015,0,0,26,21117.97,146577,167,48,0,0
96149,1,6,1015,0,0,26,21117.97,146577,167,48,0,0
96268,1,6,983,0,0,26,21117.97,146577,167,48,0,0
96377,1,6,985,0,0,26,21117.97,146577,167,48,0,0
96479,1,6,1017,0,0,26,21117.97,146577,167,48,0,0
96593,1,6,1020,0,0,26,21117.97,146577,167,48,0,0
96693,1,6,1020,0,0,26,21117.97,146577,167,48,0,0
96777,1,6,1018,0,0,26,21117.97,146577,167,48,0,0
96927,1,6,1018,0,0,26,21117.97,146577,167,48,0,0
97028,1,6,1018,0,0,26,21117.97,146577,167,48,0,0
97127,1,6,1018,0,0,26,21117.97,146577,167,48,0,0
97243,1,6,1017,0,0,26,21117.97,146577,167,48,0,0
97343,1,6,984,0,0,26,21117.97,146577,167,48,0,0
97469,1,6,985,0,0,26,21117.97,146577,167,48,0,0
97578,1,6,1019,0,0,26,21117.97,146577,167,48,0,0
97677,1,5,988,0,0,26,21117.97,146577,167,48,0,0
97778,1,5,1021,0,0,26,21117.97,146577,167,48,0,0
97896,1,5,1021,0,0,26,21117.97,146577,167,48,0,0
97993,1,5,1021,0,0,26,21117.97,146577,167,48,0,0
98127,1,5,1020,0,0,26,21118.98,146577,167,48,0,0
98227,1,5,1020,0,0,26,21118.98,146577,167,48,0,0
98396,1,5,1022,0,0,26,21118.98,146577,167,48,0,0
98493,1,5,1019,0,0,26,21118.98,146577,167,48,0,0
98627,1,5,989,0,0,26,21118.98,146577,167,48,0,0
98727,1,5,1020,0,0,26,21118.98,146577,167,48,0,0
98793,1,5,1019,0,0,26,21118.98,146577,167,48,0,0
98943,1,5,1021,0,0,26,21118.98,146577,167,48,0,0
99043,1,5,1022,0,0,26,21118.98,146577,167,48,0,0
99169,1,5,992,0,0,26,21118.98,146577,167,48,0,0
99277,1,5,1022,0,0,26,21118.98,146577,167,49,0,0
99377,1,5,1022,0,0,26,21118.98,146577,167,49,0,0
99494,1,5,1020,0,0,26,21118.98,146577,167,49,0,0
99593,1,5,1018,0,0,26,21118.98,146577,167,49,0,0
99713,1,4,1018,0,0,26,21118.98,146577,167,49,0,0
99793,1,4,986,0,0,26,21118.98,146577,167,49,0,0
99927,1,4,1017,0,0,26,21118.98,146577,167,49,0,0
100042,1,4,1049,0,0,26,21118.98,146577,167,49,0,0
100149,1,4,1081,0,0,26,21118.98,146577,167,49,0,0
100268,1,4,1113,0,0,26,21118.98,146577,167,49,0,0
100378,1,4,1121,0,0,26,21120.00,146577,167,49,0,0
100493,1,4,1157,0,0,26,21120.00,146577,167,49,0,0
100593,1,4,1193,0,0,26,21120.00,146577,167,49,0,0
100713,1,4,1231,0,0,26,21120.00,146577,167,49,0,0
100793,1,4,1266,0,0,26,21120.00,146577,167,49,0,0
100943,1,4,1301,0,0,26,21120.00,146577,167,49,0,0
101043,1,4,1305,0,0,26,21120.00,146577,167,49,0,0
101169,1,4,1339,0,0,26,21120.00,146577,167,49,0,0
101277,1,4,1312,0,0,26,21120.00,146577,167,49,0,0
101396,1,4,1313,0,0,26,21120.00,146577,167,49,0,0
101494,1,3,1343,0,0,26,21120.00,146577,167,49,0,0
101593,1,3,1312,0,0,26,21120.00,146577,167,49,0,0
101727,1,3,1312,0,0,26,21120.00,146577,167,49,0,0
101793,1,3,1312,0,0,26,21120.00,146577,167,49,0,0
101943,1,3,1316,0,0,26,21120.00,146577,167,49,0,0
102043,1,3,1351,0,0,26,21120.00,146577,167,49,0,0
102168,1,3,1352,0,0,26,21121.01,146577,167,49,0,0
102277,1,3,1354,0,8,26,21121.01,146577,167,49,0,0
102395,1,3,1348,0,6,26,21121.01,146577,167,49,0,0
102494,1,3,1348,0,12,26,21121.01,146577,167,49,0,0
102593,1,3,1348,0,12,26,21121.01,146577,167,49,0,0
102727,1,3,1316,0,14,26,21121.01,146577,167,49,0,0
102793,1,3,1315,0,12,26,21121.01,146577,167,49,0,0
102943,1,3,1352,0,16,26,21121.01,146577,167,49,0,0
103043,1,3,1354,0,18,26,21121.01,146577,167,49,0,0
103177,1,2,1354,0,20,26,21121.01,146577,167,49,0,0
103277,1,2,1352,0,18,26,21121.01,146577,167,49,0,0
103396,1,2,1348,0,24,26,21121.01,146577,167,49,0,0
103494,1,0,1315,0,30,26,21121.01,146577,167,49,0,0
103593,1,0,1347,0,32,26,21121.01,146577,167,49,0,0
103727,1,0,1346,0,48,26,21122.03,146577,167,49,0,0
103793,1,0,1350,0,52,26,21122.03,146577,167,49,0,0
103943,1,0,1351,0,66,26,21122.03,146577,167,50,0,0
104067,1,0,1353,0,70,26,21122.03,146577,167,50,0,0
104168,1,0,1355,0,72,26,21122.03,146577,167,50,0,0
104278,1,0,1323,0,72,26,21122.03,146577,167,50,0,0
104396,1,0,1351,0,80,26,21122.03,146577,167,50,0,0
104494,1,0,1316,0,80,26,21122.03,146577,167,50,0,0
104593,1,0,1347,0,80,26,21122.03,146577,167,50,0,0
104727,1,0,1347,0,82,26,21122.03,146577,167,50,0,0
104845,1,0,1347,0,84,26,21122.03,146577,167,50,0,0
104943,1,0,1351,0,84,26,21122.03,146577,167,50,0,0
105067,1,0,1352,0,84,26,21122.03,146577,167,50,0,0
105168,1,0,1354,0,86,26,21122.03,146577,167,50,0,0
105281,1,0,1354,0,86,26,21123.05,146577,167,50,0,0
105395,1,0,1353,0,88,26,21123.05,146577,167,50,0,0
105494,1,0,1318,0,90,26,21123.05,146577,167,50,0,0
105593,1,0,1316,0,90,26,21123.05,146577,167,50,0,0
105728,1,0,1315,0,90,26,21123.05,146577,167,50,0,0
105793,1,0,1351,0,90,26,21123.05,146577,167,50,0,0
105943,1,0,1352,0,92,26,21123.05,146577,167,50,0,0
106043,1,0,1354,0,92,26,21123.05,146577,167,50,0,0
106168,1,0,1354,0,94,26,21123.05,146577,167,50,0,0
106281,1,0,1318,0,94,26,21123.05,146577,167,50,0,0
106395,1,0,1315,0,96,26,21123.05,146577,167,50,0,0
106493,1,0,1315,0,96,26,21123.05,146577,167,50,0,0
106593,1,0,1315,0,96,26,21123.05,146577,167,50,0,0
106727,1,0,1351,0,96,26,21124.07,146577,167,50,0,0
106793,1,0,1352,0,96,26,21124.07,146577,167,50,0,0
106943,1,0,1354,0,98,26,21124.07,146577,167,50,0,0
107043,1,0,1354,0,98,26,21124.07,146577,167,50,0,0
107169,1,0,1353,0,100,26,21124.07,146577,167,50,0,0
107268,1,0,1351,0,100,26,21124.07,146577,167,50,0,0
107378,1,0,1318,0,100,26,21124.07,146577,167,50,0,0
107494,1,0,1348,0,102,26,21124.07,146577,167,50,0,0
107593,1,0,1353,0,102,26,21124.07,146577,167,50,0,0
107727,1,0,1354,0,102,26,21124.07,146577,167,50,0,0
107793,1,0,1354,0,102,26,21124.07,146577,167,50,0,0
107943,1,0,1354,0,102,26,21124.07,146577,167,50,0,0
108043,1,0,1351,0,102,26,21124.07,146577,167,50,0,0
108168,1,0,1348,0,102,26,21124.07,146577,167,50,0,0
108281,1,0,1347,0,104,26,21124.07,146577,167,50,0,0
108395,1,0,1348,0,104,26,21125.10,146577,167,50,0,0
108494,1,0,1352,0,104,26,21125.10,146577,167,50,0,0
108594,1,0,1354,0,104,26,21125.10,146577,167,50,0,0
108727,1,0,1355,0,104,26,21125.10,146577,167,50,0,0
108793,1,0,1354,0,104,26,21125.10,146577,167,50,0,0
108943,1,0,1354,0,104,26,21125.10,146577,167,50,0,0
109043,1,0,1348,0,104,26,21125.10,146577,167,50,0,0
109168,1,0,1315,0,104,26,21125.10,146577,167,50,0,0
109279,1,0,1347,0,104,26,21125.10,146577,167,50,0,0
109395,1,0,1318,0,106,26,21125.10,146577,167,50,0,0
109494,1,0,1351,0,104,26,21125.10,146577,167,50,0,0
109594,1,0,1352,0,106,26,21125.10,146577,167,51,0,0
109713,1,0,1354,0,106,26,21125.10,146577,167,51,0,0
109792,1,0,1354,0,106,26,21125.10,146577,167,51,0,0
109943,1,0,1353,0,106,26,21126.13,146577,167,51,0,0
110043,1,0,1354,0,106,26,21126.13,146577,167,51,0,0
110167,1,0,1348,0,106,26,21126.13,146577,167,51,0,0
110277,1,0,1314,0,106,26,21126.13,146577,167,51,0,0
110395,1,0,1314,0,106,26,21126.13,146577,167,51,0,0
110494,1,0,1350,0,106,26,21126.13,146577,167,51,0,0
110594,1,0,1351,0,106,26,21126.13,146577,167,51,0,0
110713,1,0,1354,0,106,26,21126.13,146577,167,51,0,0
110792,1,0,1352,0,106,26,21126.13,146577,167,51,0,0
110942,1,0,1354,0,106,26,21126.13,146577,167,51,0,0
111042,1,0,1320,0,106,26,21126.13,146577,167,51,0,0
111167,1,0,1350,0,106,26,21126.13,146577,167,51,0,0
111277,1,0,1346,0,106,26,21126.13,146577,167,51,0,0
111381,1,0,1348,0,106,26,21126.13,146577,167,51,0,0
111492,1,0,1350,0,106,26,21127.14,146577,167,51,0,0
111610,1,0,1350,0,106,26,21127.14,146577,167,51,0,0
111713,1,0,1352,0,106,26,21127.14,146577,167,51,0,0
111792,1,0,1352,0,106,26,21127.14,146577,167,51,0,0
111942,1,0,1352,0,106,26,21127.14,146577,167,51,0,0
112043,1,0,1319,0,106,26,21127.14,146577,167,51,0,0
112167,1,0,1319,0,106,26,21127.14,146577,167,51,0,0
112280,1,0,1352,0,106,26,21127.14,146577,167,51,0,0
112380,1,0,1352,0,106,26,21127.14,146577,167,51,0,0
112494,1,0,1352,0,106,26,21127.14,146577,167,51,0,0
112594,1,0,1353,0,106,26,21127.14,146577,167,51,0,0
112712,1,0,1353,0,106,26,21127.14,146577,167,51,0,0
112792,1,0,1350,0,106,26,21127.14,146577,167,51,0,0
112942,1,0,1319,0,106,26,21127.14,146577,167,51,0,0
113042,1,0,1319,0,106,26,21128.17,146577,167,51,0,0
113167,1,0,1351,0,106,26,21128.17,146577,167,51,0,0
113267,1,0,1354,0,106,26,21128.17,146577,167,51,0,0
113380,1,0,1354,0,106,26,21128.17,146577,167,51,0,0
113494,1,0,1354,0,106,26,21128.17,146577,167,51,0,0
113594,1,0,1319,0,108,26,21128.17,146577,167,51,0,0
113712,1,0,1348,0,106,26,21128.17,146577,167,51,0,0
113792,1,0,1348,0,108,26,21128.17,146577,167,51,0,0
113942,1,0,1316,0,106,26,21128.17,146577,167,51,0,0
114042,1,0,1347,0,106,26,21128.17,146577,167,51,0,0
114167,1,0,1351,0,108,26,21128.17,146577,167,51,0,0
114280,1,0,1354,0,106,26,21128.17,146577,167,51,0,0
114381,1,0,1354,0,106,26,21128.17,146577,167,51,0,0
114494,1,0,1355,0,108,26,21128.17,146577,167,51,0,0
114593,1,0,1320,0,108,26,21129.20,146577,167,51,0,0
114712,1,0,1318,0,108,26,21129.20,146577,167,51,0,0
114792,1,0,1350,0,108,26,21129.20,146577,167,51,0,0
114942,1,0,1351,0,108,26,21129.20,146577,167,51,0,0
115043,1,0,1354,0,106,26,21129.20,146577,167,51,0,0
115167,1,0,1352,0,108,26,21129.20,146577,167,51,0,0
115280,1,0,1355,0,108,26,21129.20,146577,167,51,0,0
115380,1,0,1352,0,108,26,21129.20,146577,167,51,0,0
115494,1,0,1350,0,108,26,21129.20,146577,167,51,0,0
115594,1,0,1351,0,108,26,21129.20,146577,167,51,0,0
115712,1,0,1318,0,108,26,21129.20,146577,167,51,0,0
115792,1,0,1353,0,108,26,21129.20,146577,167,51,0,0
115942,1,0,1354,0,108,26,21129.20,146577,167,51,0,0
116042,1,0,1355,0,108,26,21129.20,146577,167,51,0,0
116167,1,0,1355,0,108,26,21130.24,146577,167,51,0,0
116267,1,0,1356,0,108,26,21130.24,146577,167,51,0,0
116380,1,0,1351,0,108,26,21130.24,146577,167,51,0,0
116495,1,0,1348,0,108,26,21130.24,146577,167,51,0,0
116593,1,0,1350,0,108,26,21130.24,146577,167,51,0,0
116712,1,0,1351,0,108,26,21130.24,146577,167,51,0,0
116792,1,0,1352,0,108,26,21130.24,146577,167,51,0,0
116942,1,0,1352,0,108,26,21130.24,146577,167,51,0,0
117042,1,0,1352,0,108,26,21130.24,146577,167,51,0,0
117148,1,0,1350,0,108,26,21130.24,146577,167,51,0,0
117267,1,0,1350,0,108,26,21130.24,146577,167,51,0,0
117380,1,0,1316,0,108,26,21130.24,146577,167,52,0,0
117495,1,0,1352,0,108,26,21130.24,146577,167,52,0,0
117593,1,0,1352,0,108,26,21130.24,146577,167,52,0,0
117712,1,0,1354,0,108,26,21131.26,146577,167,52,0,0
117792,1,0,1355,0,108,26,21131.26,146577,167,52,0,0
117942,1,0,1355,0,108,26,21131.26,146577,167,52,0,0
118042,1,0,1355,0,108,26,21131.26,146577,167,52,0,0
118148,1,0,1320,0,108,26,21131.26,146577,167,52,0,0
118267,1,0,1319,0,108,26,21131.26,146577,167,52,0,0
118381,1,0,1318,0,108,26,21131.26,146577,167,52,0,0
118494,1,0,1353,0,108,26,21131.26,146577,167,52,0,0
118594,1,0,1352,0,108,26,21131.26,146577,167,52,0,0
118713,1,0,1353,0,108,26,21131.26,146577,167,52,0,0
118792,1,0,1353,0,108,26,21131.26,146577,167,52,0,0
118930,1,0,1353,0,110,26,21131.26,146577,167,52,0,0
119042,1,0,1350,0,110,26,21131.26,146577,167,52,0,0
119148,1,0,1350,0,108,26,21132.26,146577,167,52,0,0
119267,1,0,1316,0,110,26,21132.26,146577,167,52,0,0
119381,1,0,1351,0,110,26,21132.26,146577,167,52,0,0
119493,1,0,1352,0,110,26,21132.26,146577,167,52,0,0
119593,1,0,1352,0,110,26,21132.26,146577,167,52,0,0
119712,1,0,1353,0,110,26,21132.26,146577,167,52,0,0
119792,1,0,1354,0,110,26,21132.26,146577,167,52,0,0
119930,1,0,1351,0,110,26,21132.26,146577,167,52,0,0
120042,1,0,1318,0,110,26,21132.26,146577,167,52,0,0
120148,1,0,1350,0,110,26,21132.26,146577,167,52,0,0
120267,1,0,1347,0,110,26,21132.26,146577,167,52,0,0
120380,1,0,1351,0,110,26,21132.26,146577,167,52,0,0
120493,1,0,1353,0,110,26,21132.26,146577,167,52,0,0
120592,1,0,1352,0,110,26,21132.26,146577,167,52,0,0
120712,1,0,1353,0,110,26,21133.29,146577,167,52,0,0
120792,1,0,1320,0,110,26,21133.29,146577,167,52,0,0
120930,1,0,1350,0,110,26,21133.29,146577,167,52,0,0
121043,1,0,1348,0,110,26,21133.29,146577,167,53,0,0
121148,1,0,1316,0,112,26,21133.29,146577,167,53,0,0
121267,1,0,1316,0,110,26,21133.29,146577,167,53,0,0
121367,1,0,1347,0,112,26,21133.29,146577,167,53,0,0
121480,1,0,1351,0,110,26,21133.29,146577,167,53,0,0
121592,1,0,1352,0,112,26,21133.29,146577,167,53,0,0
121712,1,0,1352,0,112,26,21133.29,146577,167,53,0,0
121792,1,0,1353,0,112,26,21133.29,146577,167,53,0,0
121930,1,0,1318,0,112,26,21133.29,146577,167,53,0,0
122043,1,0,1316,0,112,26,21133.29,146577,167,53,0,0
122148,1,0,1315,0,112,26,21133.29,146577,167,53,0,0
122267,1,0,1314,0,112,26,21134.30,146577,167,53,0,0
122380,1,0,1348,0,112,26,21134.30,146577,167,53,0,0
122480,1,0,1351,0,112,26,21134.30,146577,167,53,0,0
122592,1,0,1352,0,112,26,21134.30,146577,167,53,0,0
122692,1,0,1352,0,112,26,21134.30,146577,167,53,0,0
122792,1,0,1352,0,112,26,21134.30,146577,167,53,0,0
122931,1,0,1318,0,112,26,21134.30,146577,167,53,0,0
123042,1,0,1348,0,112,26,21134.30,146577,167,53,0,0
123148,1,0,1347,0,112,26,21134.30,146577,167,53,0,0
123242,1,0,1347,0,112,26,21134.30,146577,167,53,0,0
123367,1,0,1350,0,112,26,21134.30,146577,167,53,0,0
123480,1,0,1352,0,112,26,21134.30,146577,167,53,0,0
123592,1,0,1352,0,112,26,21134.30,146577,167,53,0,0
123692,1,0,1350,0,112,26,21134.30,146577,167,53,0,0
123792,1,0,1348,0,112,26,21135.31,146577,167,53,0,0
123930,1,0,1347,0,112,26,21135.31,146577,167,53,0,0
124042,1,0,1314,0,112,26,21135.31,146577,167,53,0,0
124149,1,0,1314,0,112,26,21135.31,146577,167,53,0,0
124242,1,0,1347,0,112,26,21135.31,146577,167,53,0,0
124367,1,0,1350,0,112,26,21135.31,146577,167,53,0,0
124480,1,0,1352,0,112,26,21135.31,146577,164,53,0,0
124592,1,0,1352,0,112,26,21135.31,146577,164,53,0,0
124692,1,0,1348,0,112,26,21135.31,146577,164,54,0,0
124792,1,0,1316,0,112,26,21135.31,146577,164,54,0,0
124930,1,0,1347,0,112,26,21135.31,146577,164,54,0,0
125042,1,0,1346,0,112,26,21135.31,146577,164,54,0,0
125148,1,0,1346,0,112,26,21135.31,146577,164,54,0,0
125242,1,0,1348,0,112,26,21135.31,146577,164,54,0,0
125367,1,0,1350,0,112,26,21135.31,146577,164,54,0,0
125481,1,0,1350,0,114,26,21136.32,146577,164,54,0,0
125592,1,0,1348,0,114,26,21136.32,146577,164,54,0,0
125692,1,0,1346,0,114,26,21136.32,146577,164,54,0,0
125792,1,0,1345,0,114,26,21136.32,146577,164,54,0,0
125930,1,0,1345,0,114,26,21136.32,146577,164,54,0,0
126042,1,0,1345,0,114,26,21136.32,146577,164,54,0,0
126148,1,0,1348,0,114,26,21136.32,146577,164,54,0,0
126242,1,0,1350,0,114,26,21136.32,146577,164,54,0,0
126367,1,0,1351,0,106,26,21136.32,146577,164,54,0,0
126481,1,0,1347,0,38,26,21136.32,146577,164,54,0,0
126592,1,0,1315,0,0,26,21136.32,146577,164,54,0,0
126692,1,0,1314,0,0,26,21136.32,146577,164,54,0,0
126792,1,0,1347,0,0,26,21136.32,146577,164,54,0,0
126930,1,0,1350,0,0,26,21136.32,146577,164,54,0,0
127042,1,0,1479,48,0,26,21137.32,146577,164,54,0,0
127148,1,0,1771,53,0,26,21137.32,146577,164,54,0,0
127242,1,0,2139,53,0,26,21137.32,146577,164,54,0,0
127367,1,0,2395,53,0,26,21137.32,146577,164,54,0,0
127481,1,0,2726,53,0,26,21137.32,146577,164,54,0,0
127592,1,0,3003,53,0,26,21138.40,146577,164,54,0,0
127692,1,0,3149,53,0,26,21138.40,146577,164,54,0,0
127792,1,0,3230,52,0,26,21138.40,146577,164,54,0,0
127930,1,0,2954,45,0,26,21138.40,146577,164,54,0,0
128042,1,0,2689,41,0,26,21139.48,146577,164,54,0,0
128148,1,0,2382,40,0,26,21139.48,146577,164,54,0,0
128242,1,0,2067,38,0,26,21139.48,146577,164,54,0,0
128367,1,3,1829,35,0,26,21139.48,146577,164,54,0,0
128480,1,3,1537,35,0,26,21140.56,146577,164,54,0,0
128592,1,4,1387,35,0,26,21140.56,146577,164,54,0,0
128692,1,5,1301,35,0,26,21140.56,146577,164,54,0,0
128792,1,5,1199,34,0,26,21140.56,146577,164,54,0,0
128929,1,5,1147,31,0,26,21140.56,146577,164,54,0,0
129042,1,7,1111,30,0,26,21140.56,146577,164,54,0,0
129149,1,7,1092,29,0,26,21141.61,146577,164,54,0,0
129242,1,8,1211,29,0,26,21141.61,146577,164,54,0,0
129367,1,8,1272,29,0,26,21141.61,146577,164,54,0,0
129481,1,9,1274,29,0,26,21141.61,146577,164,54,0,0
129592,1,9,1299,29,0,26,21141.61,146577,164,54,0,0
129692,1,9,1369,29,0,26,21141.61,146577,164,54,0,0
129792,1,9,1348,29,0,26,21141.61,146577,164,54,0,0
129895,1,9,1394,33,0,26,21141.61,146577,164,54,0,0
130030,1,10,1441,39,0,26,21141.61,146577,164,54,0,0
130147,1,10,1443,43,0,26,21141.61,146577,164,54,0,0
130242,1,10,1500,44,0,26,21141.61,146577,164,54,0,0
130367,1,10,1544,45,0,26,21142.66,146577,164,54,0,0
130480,1,11,1585,45,0,26,21142.66,146577,164,54,0,0
130593,1,11,1616,45,0,26,21142.66,146577,164,54,0,0
130692,1,11,1651,45,0,26,21142.66,146577,164,54,0,0
130792,1,11,1684,45,0,26,21142.66,146577,164,54,0,0
130929,1,11,1718,44,0,26,21142.66,146577,164,54,0,0
131029,1,12,1752,38,0,26,21143.66,146577,164,54,0,0
131130,1,12,1785,18,0,26,21143.66,146577,164,54,0,0
131242,1,12,1740,0,0,26,21143.66,146577,164,54,0,0
131367,1,12,1749,0,0,26,21143.66,146577,164,54,0,0
131481,1,12,1725,0,0,26,21143.66,146577,164,54,0,0
131592,1,12,1677,0,0,26,21143.66,146577,164,54,0,0
131692,1,12,1673,0,0,26,21143.66,146577,164,54,0,0
131792,1,12,1640,0,0,26,21143.66,146577,164,54,0,0
131929,1,12,1573,0,0,26,21143.66,146577,164,54,0,0
132030,1,12,1506,0,0,26,21143.66,146577,164,54,0,0
132148,1,12,1473,0,0,26,21143.66,146577,164,54,0,0
132242,1,12,1438,0,0,26,21143.66,146577,164,54,0,0
132367,1,12,1372,0,0,26,21143.66,146577,164,54,0,0
132481,1,12,1207,0,0,26,21143.66,146577,164,54,0,0
132592,1,12,983,0,0,26,21144.68,146577,164,54,0,0
132692,1,12,924,0,0,26,21144.68,146577,164,54,0,0
132792,1,12,1055,0,0,26,21144.68,146577,164,54,0,0
132898,1,12,940,0,0,26,21144.68,146577,164,54,0,0
133029,1,12,975,0,0,26,21144.68,146577,164,54,0,0
133147,1,13,1019,0,0,26,21144.68,146577,164,54,0,0
133242,1,13,972,0,0,26,21144.68,146577,164,54,0,0
133367,1,13,1015,0,0,26,21144.68,146577,164,54,0,0
133479,1,13,994,0,0,26,21144.68,146577,164,54,0,0
133592,1,13,1024,0,0,26,21144.68,146577,164,54,0,0
133698,1,13,1051,0,0,26,21144.68,146577,164,54,0,0
133792,1,13,1048,0,0,26,21144.68,146577,164,54,0,0
133929,1,13,1081,0,0,26,21144.68,146577,164,54,0,0
134031,1,14,1048,0,0,26,21144.68,146577,164,54,0,0
134148,1,14,1106,0,0,26,21144.68,146577,164,54,0,0
134242,1,14,1069,0,0,26,21145.71,146577,164,54,0,0
134367,1,14,1070,0,0,26,21145.71,146577,164,54,0,0
134481,1,14,1073,0,0,26,21145.71,146577,164,54,0,0
134592,1,14,1069,0,0,26,21145.71,146577,164,54,0,0
134692,1,14,1105,0,0,26,21145.71,146577,164,54,0,0
134792,1,14,1081,0,0,26,21145.71,146577,164,54,0,0
134896,1,14,1088,0,0,26,21145.71,146577,164,55,0,0
135029,1,14,1119,0,0,26,21145.71,146577,164,55,0,0
135147,1,14,1117,0,0,26,21145.71,146577,164,55,0,0
135242,1,14,1117,0,0,26,21145.71,146577,164,55,0,0
135367,1,14,1084,0,0,26,21145.71,146577,164,55,0,0
135479,1,14,1113,0,0,26,21145.71,146577,164,55,0,0
135567,1,14,1113,0,0,26,21145.71,146577,164,55,0,0
135692,1,14,1114,0,0,26,21145.71,146577,164,55,0,0
135780,1,14,1108,0,0,26,21145.71,146577,164,55,0,0
135895,1,14,1109,0,0,26,21146.73,146577,164,55,0,0
136030,1,14,1102,0,0,26,21146.73,146577,164,55,0,0
136147,1,14,1101,0,0,26,21146.73,146577,164,55,0,0
136242,1,14,1134,0,0,26,21146.73,146577,164,55,0,0
136367,1,14,1136,0,0,26,21146.73,146577,164,55,0,0
136479,1,14,1092,0,0,26,21146.73,146577,164,55,0,0
136593,1,15,1090,0,0,26,21146.73,146577,164,55,0,0
136692,1,15,1092,0,0,26,21146.73,146577,164,55,0,0
136792,1,15,1124,0,0,26,21146.73,146577,164,55,0,0
136929,1,14,1124,0,0,26,21146.73,146577,164,55,0,0
137041,1,15,1125,0,0,26,21146.73,146577,164,55,0,0
137147,1,15,1120,0,0,26,21146.73,146577,164,55,0,0
137242,1,15,1143,0,0,26,21146.73,146577,164,55,0,0
137367,1,15,1139,0,0,26,21146.73,146577,164,55,0,0
137481,1,15,1141,0,0,26,21146.73,146577,164,55,0,0
137593,1,14,1137,0,0,26,21146.73,146577,164,55,0,0
137692,1,15,1136,0,0,26,21146.73,146577,164,55,0,0
137792,1,14,1102,0,0,26,21146.73,146577,164,55,0,0
137929,1,14,1099,0,0,26,21146.73,146577,164,55,0,0
138042,1,14,1098,0,0,26,21146.73,146577,164,55,0,0
138181,1,14,1094,0,0,26,21147.74,146577,164,55,0,0
138292,1,14,1091,0,0,26,21147.74,146577,164,56,0,0
138394,1,14,1089,0,0,26,21147.74,146577,164,56,0,0
138494,1,14,1085,0,0,26,21147.74,146577,164,56,0,0
138629,1,14,1085,0,0,26,21147.74,146577,164,56,0,0
138741,1,14,1085,0,0,26,21147.74,146577,164,56,0,0
138849,1,14,1083,0,0,26,21147.74,146577,164,56,0,0
138961,1,14,1080,0,0,26,21147.74,146577,164,56,0,0
139066,1,14,1049,0,0,26,21147.74,146577,164,56,0,0
139179,1,14,1048,0,0,26,21147.74,146577,164,56,0,0
139291,1,13,1045,0,0,26,21147.74,146577,164,56,0,0
139394,1,13,1044,0,0,26,21147.74,146577,164,56,0,0
139493,1,13,1045,0,0,26,21147.74,146577,164,56,0,0
139629,1,13,1044,0,0,26,21147.74,146577,164,56,0,0
139741,1,13,1011,0,0,26,21147.74,146577,164,56,0,0
139849,1,13,1008,0,0,26,21147.74,146577,164,56,0,0
139962,1,13,1008,0,0,26,21147.74,146577,164,56,0,0
140066,1,13,1007,0,0,26,21147.74,146577,164,56,0,0
140179,1,13,1006,0,0,26,21147.74,146577,164,56,0,0
140291,1,13,974,0,0,26,21147.74,146577,164,56,0,0
140394,1,13,973,0,0,26,21147.74,146577,164,56,0,0
140493,1,13,973,0,0,26,21147.74,146577,164,56,0,0
140592,1,13,973,0,0,26,21147.74,146577,164,56,0,0
140741,1,13,974,0,0,26,21147.74,146577,164,56,0,0
140791,1,12,975,0,0,26,21147.74,146577,164,56,0,0
140961,1,12,974,0,0,26,21147.74,146577,164,56,0,0
141066,1,12,975,0,0,26,21147.74,146577,164,56,0,0
141179,1,12,975,0,0,26,21147.74,146577,164,56,0,0
141292,1,12,977,0,0,26,21147.74,146577,164,56,0,0
141394,1,12,945,0,0,26,21147.74,146577,164,56,0,0
141493,1,12,979,0,0,26,21147.74,146577,164,56,0,0
141629,1,12,983,0,0,26,21147.74,146577,164,57,0,0
141741,1,12,985,0,0,26,21147.74,146577,164,57,0,0
141847,1,12,989,0,0,26,21147.74,146577,164,57,0,0
141966,1,12,955,0,0,26,21148.74,146577,164,57,0,0
142066,1,12,924,0,0,26,21148.74,146577,164,57,0,0
142179,1,12,959,0,0,26,21148.74,146577,164,57,0,0
142291,1,12,965,0,0,26,21148.74,146577,164,57,0,0
142394,1,12,956,0,0,26,21148.74,146577,164,57,0,0
142493,1,12,929,0,0,26,21148.74,146577,164,57,0,0
142630,1,12,932,0,0,26,21148.74,146577,164,57,0,0
142741,1,12,965,0,0,26,21148.74,146577,164,57,0,0
142846,1,12,933,2,0,26,21148.74,146577,164,57,0,0
142966,1,12,932,4,0,26,21148.74,146577,164,57,0,0
143066,1,12,928,6,0,26,21148.74,146577,164,57,0,0
143179,1,12,933,13,0,26,21148.74,146577,164,57,0,0
143280,1,12,940,16,0,26,21148.74,146577,164,57,0,0
143394,1,12,949,16,0,26,21148.74,146577,164,57,0,0
143493,1,12,957,26,0,26,21148.74,146577,164,57,0,0
143629,1,12,938,30,0,26,21148.74,146577,164,57,0,0
143741,1,12,964,38,0,26,21148.74,146577,164,57,0,0
143845,1,12,986,39,0,26,21148.74,146577,164,57,0,0
143966,1,13,960,40,0,26,21148.74,146577,164,57,0,0
144079,1,13,994,40,0,26,21148.74,146577,164,57,0,0
144191,1,13,1023,40,0,26,21149.76,146577,164,57,0,0
144291,1,13,1053,40,0,26,21149.76,146577,164,57,0,0
144394,1,13,1085,40,0,26,21149.76,146577,164,57,0,0
144493,1,14,1056,40,0,26,21149.76,146577,164,57,0,0
144629,1,14,1119,40,0,26,21149.76,146577,164,57,0,0
144741,1,14,1113,40,0,26,21149.76,146577,164,57,0,0
144845,1,14,1107,40,0,26,21149.76,146577,164,57,0,0
144966,1,15,1138,41,0,26,21149.76,146577,164,57,0,0
145080,1,15,1140,41,0,26,21149.76,146577,164,57,0,0
145191,1,15,1173,41,0,26,21149.76,146577,164,57,0,0
145291,1,15,1176,41,0,26,21149.76,146577,164,57,0,0
145392,1,15,1176,41,0,26,21149.76,146577,164,57,0,0
145529,1,15,1210,41,0,26,21149.76,146577,164,57,0,0
145640,1,16,1244,41,0,26,21150.77,146577,164,57,0,0
145741,1,16,1245,41,0,26,21150.77,146577,164,57,0,0
145791,1,16,1219,41,0,26,21150.77,146577,164,57,0,0
145966,1,16,1254,41,0,26,21150.77,146577,164,57,0,0
146080,1,16,1288,41,0,26,21150.77,146577,164,57,0,0
146191,1,16,1289,41,0,26,21150.77,146577,164,57,0,0
146291,1,17,1289,41,0,26,21150.77,146577,164,57,0,0
146392,1,17,1321,41,0,26,21150.77,146577,164,57,0,0
146529,1,17,1321,41,0,26,21150.77,146577,164,57,0,0
146630,1,17,1318,42,0,26,21150.77,146577,164,57,0,0
146741,1,17,1348,45,0,26,21150.77,146577,164,57,0,0
146791,1,17,1348,45,0,26,21150.77,146577,164,57,0,0
146966,1,18,1381,45,0,26,21151.78,146577,164,57,0,0
147087,1,18,1382,45,0,26,21151.78,146577,164,57,0,0
147191,1,18,1384,45,0,26,21151.78,146577,164,57,0,0
147291,1,18,1416,45,0,26,21151.78,146577,164,57,0,0
147392,1,18,1417,45,0,26,21151.78,146577,164,57,0,0
147530,1,19,1449,45,0,26,21151.78,146577,164,57,0,0
147629,1,19,1446,45,0,26,21151.78,146577,164,57,0,0
147741,1,19,1445,46,0,26,21151.78,146577,164,57,0,0
147791,1,19,1478,46,0,26,21151.78,146577,164,57,0,0
147966,1,19,1481,49,0,26,21151.78,146577,164,57,0,0
148089,1,19,1528,53,0,26,21152.81,146577,164,57,0,0
148191,1,20,1533,57,0,26,21152.81,146577,164,57,0,0
148291,1,20,1518,59,0,26,21152.81,146577,164,57,0,0
148392,1,20,1550,60,0,26,21152.81,146577,164,57,0,0
148535,1,20,1578,60,0,26,21152.81,146577,164,57,0,0
148630,1,20,1589,60,0,26,21152.81,146577,164,57,0,0
148741,1,21,1617,60,0,26,21152.81,146577,164,57,0,0
148842,1,21,1617,60,0,26,21152.81,146577,164,57,0,0
148966,1,21,1648,60,0,26,21152.81,146577,164,57,0,0
149091,1,22,1671,60,0,26,21153.86,146577,164,57,0,0
149191,1,22,1670,62,0,26,21153.86,146577,164,57,0,0
149291,1,22,1699,63,0,26,21153.86,146577,164,57,0,0
149392,1,22,1699,64,0,26,21153.86,146577,164,57,0,0
149535,1,22,1734,64,0,26,21153.86,146577,164,57,0,0
149647,1,23,1774,64,0,26,21153.86,146577,164,57,0,0
149741,1,23,1775,67,0,26,21153.86,146577,164,57,0,0
149868,1,23,1784,73,0,26,21153.86,146577,164,57,0,0
149980,1,23,1832,76,0,26,21153.86,146577,164,57,0,0
150091,1,24,1824,78,0,26,21154.92,146577,164,57,0,0
150191,1,24,1873,78,0,26,21154.92,146577,164,57,0,0
150291,1,24,1884,82,0,26,21154.92,146577,164,57,0,0
150392,1,24,1916,83,0,26,21154.92,146577,164,57,0,0
150533,1,25,1933,84,0,26,21154.92,146577,164,57,0,0
150648,1,25,2006,85,0,26,21154.92,146577,164,57,0,0
150741,1,26,2007,85,0,26,21155.94,146577,164,57,0,0
150866,1,26,2045,85,0,26,21155.94,146577,164,57,0,0
150981,1,27,2063,85,0,26,21155.94,146577,164,57,0,0
151092,1,27,2096,85,0,26,21155.94,146577,164,57,0,0
151191,1,27,2097,85,0,26,21155.94,146577,164,57,0,0
151291,1,28,2153,85,0,26,21155.94,146577,164,57,0,0
151430,1,28,2151,85,0,26,21157.00,146577,164,57,0,0
151541,1,28,2181,82,0,26,21157.00,146577,164,57,0,0
151647,1,29,2208,82,0,26,21157.00,146577,164,57,0,0
151741,1,29,2233,82,0,26,21157.00,146577,164,57,0,0
151866,1,29,2260,82,0,26,21157.00,146577,164,57,0,0
151980,1,30,2288,82,0,26,21158.02,146577,164,57,0,0
152092,1,30,2324,82,0,26,21158.02,146577,164,57,0,0
152191,1,30,2335,82,0,26,21158.02,146577,164,57,0,0
152291,1,31,2343,82,0,26,21158.02,146577,164,57,0,0
152430,1,31,2383,81,0,26,21158.02,146577,164,57,0,0
152541,1,31,2423,75,0,26,21159.06,146577,164,57,0,0
152647,1,31,2430,72,0,26,21159.06,146577,164,57,0,0
152767,1,32,2461,69,0,26,21159.06,146577,164,57,0,0
152880,1,32,2491,62,0,26,21159.06,146577,164,57,0,0
152991,1,32,2487,49,0,26,21159.06,146577,164,57,0,0
153092,1,32,2440,38,0,26,21159.06,146577,164,57,0,0
153211,1,33,2475,19,0,26,21160.06,146577,164,57,0,0
153291,1,33,2391,0,0,26,21160.06,146577,164,57,0,0
153430,1,33,2285,0,0,26,21160.06,146577,164,57,0,0
153541,1,33,2121,0,0,26,21160.06,146577,164,57,0,0
153647,1,32,1954,0,0,26,21160.06,146577,164,57,0,0
153768,1,32,1792,0,0,26,21160.06,146577,164,57,0,0
153881,1,32,1693,0,0,26,21160.06,146577,164,57,0,0
153992,1,32,1632,0,0,26,21160.06,146577,164,57,0,0
154092,1,32,1597,0,0,26,21160.06,146577,164,57,0,0
154211,1,32,1525,0,0,26,21160.06,146577,164,57,0,0
154291,1,32,1488,0,0,26,21160.06,146577,164,57,0,0
154441,1,32,1420,0,0,26,21160.06,146577,164,57,0,0
154541,1,32,1385,0,0,26,21160.06,146577,161,57,0,0
154647,1,31,1352,0,0,26,21160.06,146577,161,57,0,0
154767,1,31,1320,0,0,26,21160.06,146577,161,57,0,0
154880,1,31,1287,0,0,26,21160.06,146577,161,57,0,0
154991,1,31,1255,0,0,26,21160.06,146577,161,57,0,0
155092,1,31,1253,0,0,26,21160.06,146577,161,57,0,0
155211,1,31,1221,0,0,26,21160.06,146577,161,57,0,0
155291,1,31,1220,0,0,26,21160.06,146577,161,57,0,0
155441,1,31,1189,0,0,26,21160.06,146577,161,57,0,0
155541,1,31,1188,0,0,26,21160.06,146577,161,57,0,0
155647,1,31,1156,0,0,26,21160.06,146577,161,57,0,0
155767,1,31,1156,0,0,26,21160.06,146577,161,57,0,0
155883,1,31,1120,0,0,26,21161.08,146577,161,57,0,0
155991,1,30,1150,0,0,26,21161.08,146577,161,57,0,0
156094,1,30,1150,0,0,26,21161.08,146577,161,57,0,0
156211,1,30,1118,0,0,26,21161.08,146577,161,57,0,0
156291,1,30,1119,0,0,26,21161.08,146577,161,57,0,0
156442,1,30,1119,0,0,26,21161.08,146577,161,57,0,0
156541,1,30,1119,0,0,26,21161.08,146577,161,57,0,0
156666,1,30,1119,0,0,26,21161.08,146577,161,57,0,0
156780,1,30,1087,0,0,26,21161.08,146577,161,57,0,0
156891,1,30,1087,0,0,26,21161.08,146577,161,57,0,0
156991,1,30,1087,0,0,26,21161.08,146577,161,57,0,0
157094,1,30,1056,0,0,26,21161.08,146577,161,57,0,0
157211,1,30,1056,0,0,26,21161.08,146577,161,57,0,0
157291,1,29,1057,0,0,26,21161.08,146577,161,57,0,0
157441,1,29,1056,0,0,26,21161.08,146577,161,57,0,0
157541,1,29,1087,0,0,26,21161.08,146577,161,57,0,0
157666,1,29,1087,0,0,26,21161.08,146577,161,57,0,0
157780,1,29,1056,0,0,26,21161.08,146577,161,57,0,0
157892,1,29,1056,0,0,26,21161.08,146577,161,57,0,0
157991,1,29,1056,0,0,26,21161.08,146577,161,57,0,0
158093,1,29,1056,0,0,26,21161.08,146577,161,57,0,0
158211,1,29,1056,0,0,26,21161.08,146577,161,57,0,0
158291,1,29,1057,0,0,26,21161.08,146577,161,57,0,0
158441,1,29,1057,0,0,26,21161.08,146577,161,57,0,0
158541,1,28,1059,0,0,26,21161.08,146577,161,57,0,0
158666,1,28,1059,0,0,26,21161.08,146577,161,57,0,0
158781,1,28,1059,0,0,26,21161.08,146577,161,57,0,0
158892,1,28,1058,0,0,26,21161.08,146577,161,57,0,0
158991,1,28,1058,0,0,26,21161.08,146577,161,57,0,0
159092,1,28,1059,0,0,26,21162.09,146577,161,57,0,0
159230,1,28,1059,0,0,26,21162.09,146577,161,57,0,0
159291,1,28,1059,0,0,26,21162.09,146577,161,57,0,0
159441,1,28,1059,0,0,26,21162.09,146577,161,57,0,0
159541,1,28,1059,0,0,26,21162.09,146577,161,57,0,0
159666,1,28,1060,0,0,26,21162.09,146577,161,57,0,0
159780,1,27,1060,0,0,26,21162.09,146577,161,57,0,0
159893,1,27,1062,0,0,26,21162.09,146577,161,57,0,0
159991,1,27,1062,0,0,26,21162.09,146577,161,57,0,0
160092,1,27,1064,0,0,26,21162.09,146577,161,57,0,0
160230,1,27,1064,0,0,26,21162.09,146577,161,57,0,0
160291,1,27,1064,0,0,26,21162.09,146577,161,57,0,0
160441,1,27,1063,0,0,26,21162.09,146577,161,57,0,0
160541,1,27,1064,0,0,26,21162.09,146577,161,57,0,0
160666,1,27,1064,0,0,26,21162.09,146577,161,57,0,0
160780,1,27,1061,0,0,26,21162.09,146577,161,57,0,0
160892,1,26,1061,0,0,26,21162.09,146577,161,57,0,0
160991,1,26,1060,0,0,26,21162.09,146577,161,57,0,0
161092,1,26,1060,0,0,26,21162.09,146577,161,57,0,0
161230,1,26,1028,0,0,26,21162.09,146577,161,57,0,0
161291,1,26,1028,0,0,26,21162.09,146577,161,57,0,0
161441,1,26,1060,0,0,26,21162.09,146577,161,57,0,0
161565,1,26,1061,0,0,26,21162.09,146577,161,57,0,0
161666,1,26,1061,0,0,26,21162.09,146577,161,57,0,0
161780,1,26,1062,0,0,26,21162.09,146577,161,57,0,0
161892,1,26,1062,0,0,26,21162.09,146577,161,57,0,0
161991,1,26,1063,0,0,26,21162.09,146577,161,57,0,0
162092,1,26,1063,0,0,26,21163.09,146577,161,57,0,0
162230,1,25,1064,0,0,26,21163.09,146577,161,57,0,0
162291,1,25,1064,0,0,26,21163.09,146577,161,57,0,0
162441,1,25,1032,0,0,26,21163.09,146577,161,57,0,0
162565,1,25,1062,0,0,26,21163.09,146577,161,57,0,0
162666,1,25,1061,0,0,26,21163.09,146577,161,57,0,0
162780,1,25,1029,0,0,26,21163.09,146577,161,57,0,0
162892,1,25,1029,0,0,26,21163.09,146577,161,57,0,0
162991,1,25,1061,0,0,26,21163.09,146577,161,57,0,0
163092,1,25,1029,0,0,26,21163.09,146577,161,57,0,0
163230,1,25,1063,0,0,26,21163.09,146577,161,57,0,0
163291,1,25,1062,0,0,26,21163.09,146577,161,57,0,0
163441,1,25,1064,0,0,26,21163.09,146577,161,57,0,0
163565,1,24,1064,0,0,26,21163.09,146577,161,57,0,0
163666,1,24,1064,0,0,26,21163.09,146577,161,57,0,0
163780,1,24,1062,0,0,26,21163.09,146577,161,57,0,0
163891,1,24,1061,0,0,26,21163.09,146577,161,57,0,0
163991,1,24,1061,0,0,26,21163.09,146577,161,57,0,0
164091,1,24,1061,0,0,26,21163.09,146577,161,57,0,0
164230,1,24,1061,0,0,26,21163.09,146577,161,57,0,0
164291,1,24,1061,0,0,26,21163.09,146577,161,57,0,0
164441,1,24,1029,0,0,26,21163.09,146577,161,58,0,0
164565,1,24,1060,0,0,26,21163.09,146577,161,58,0,0
164666,1,24,1060,0,0,26,21163.09,146577,161,58,0,0
164780,1,24,1060,0,0,26,21163.09,146577,161,58,0,0
164892,1,24,1060,0,0,26,21163.09,146577,161,58,0,0
164991,1,23,1060,0,0,26,21163.09,146577,161,58,0,0
165091,1,23,1060,0,0,26,21164.10,146577,161,58,0,0
165230,1,23,1059,0,0,26,21164.10,146577,161,58,0,0
165345,1,23,1059,0,0,26,21164.10,146577,161,58,0,0
165441,1,23,1059,0,0,26,21164.10,146577,161,58,0,0
165566,1,23,1059,0,0,26,21164.10,146577,161,58,0,0
165666,1,23,1059,0,0,26,21164.10,146577,161,58,0,0
165780,1,23,1060,0,0,26,21164.10,146577,161,58,0,0
165891,1,23,1059,0,0,26,21164.10,146577,161,58,0,0
165991,1,23,1057,0,0,26,21164.10,146577,161,58,0,0
166091,1,23,1057,0,0,26,21164.10,146577,161,58,0,0
166231,1,23,1057,0,0,26,21164.10,146577,161,58,0,0
166345,1,23,1057,0,0,26,21164.10,146577,161,58,0,0
166441,1,22,1057,0,0,26,21164.10,146577,161,58,0,0
166565,1,22,1056,0,0,26,21164.10,146577,161,58,0,0
166666,1,22,1025,0,0,26,21164.10,146577,161,58,0,0
166780,1,22,1057,0,0,26,21164.10,146577,161,58,0,0
166892,1,22,1056,0,0,26,21164.10,146577,161,58,0,0
166991,1,22,1057,0,0,26,21164.10,146577,161,58,0,0
167091,1,22,1025,0,0,26,21164.10,146577,161,58,0,0
167230,1,22,1057,0,0,26,21164.10,146577,161,58,0,0
167344,1,22,1056,0,0,26,21164.10,146577,161,58,0,0
167446,1,22,1056,0,0,26,21164.10,146577,161,58,0,0
167565,1,22,1056,0,0,26,21164.10,146577,161,58,0,0
167665,1,22,1024,0,0,26,21164.10,146577,161,58,0,0
167780,1,22,1057,0,0,26,21164.10,146577,161,58,0,0
167891,1,22,1057,0,0,26,21164.10,146577,161,58,0,0
167991,1,22,1058,0,0,26,21164.10,146577,161,58,0,0
168091,1,21,1026,0,0,26,21164.10,146577,161,58,0,0
168230,1,21,1058,0,0,26,21165.12,146577,161,58,0,0
168344,1,21,1026,0,0,26,21165.12,146577,161,58,0,0
168441,1,21,1059,0,0,26,21165.12,146577,161,58,0,0
168565,1,21,1059,0,0,26,21165.12,146577,161,58,0,0
168680,1,21,1060,0,0,26,21165.12,146577,161,58,0,0
168780,1,21,1061,0,0,26,21165.12,146577,161,58,0,0
168891,1,21,1060,0,0,26,21165.12,146577,161,58,0,0
168991,1,21,1061,0,0,26,21165.12,146577,161,58,0,0
169091,1,21,1061,0,0,26,21165.12,146577,161,58,0,0
169230,1,21,1061,0,0,26,21165.12,146577,161,58,0,0
169342,1,20,1060,0,0,26,21165.12,146577,161,58,0,0
169460,1,20,1028,0,0,26,21165.12,146577,161,58,0,0
169565,1,20,1060,0,0,26,21165.12,146577,161,58,0,0
169680,1,20,1028,0,0,26,21165.12,146577,161,58,0,0
169791,1,20,1060,0,0,26,21165.12,146577,161,58,0,0
169891,1,20,1060,0,0,26,21165.12,146577,161,58,0,0
169991,1,20,1062,0,0,26,21165.12,146577,161,58,0,0
170091,1,20,1061,0,0,26,21165.12,146577,161,58,0,0
170240,1,20,1062,11,0,26,21165.12,146577,161,58,0,0
170341,1,20,1061,18,0,26,21165.12,146577,161,58,0,0
170461,1,19,1064,19,0,26,21165.12,146577,161,58,0,0
170565,1,19,1024,23,0,26,21165.12,146577,161,58,0,0
170680,1,20,1053,33,0,26,21165.12,146577,161,58,0,0
170790,1,20,1064,46,0,26,21165.12,146577,161,58,0,0
170891,1,20,1064,66,0,26,21165.12,146577,161,58,0,0
170991,1,20,1062,75,0,26,21166.13,146577,161,58,0,0
171130,1,20,1056,83,0,26,21166.13,146577,161,58,0,0
171240,1,20,1068,103,0,26,21166.13,146577,161,58,0,0
171291,1,20,1078,103,0,26,21166.13,146577,161,58,0,0
171474,1,20,1089,112,0,26,21166.13,146577,161,58,0,0
171583,1,21,1107,117,0,26,21166.13,146577,161,58,0,0
171690,1,20,1142,129,0,26,21166.13,146577,161,58,0,0
171790,1,21,1098,136,0,26,21166.13,146577,161,58,0,0
171891,1,21,1132,136,0,26,21167.17,146577,161,58,0,0
172030,1,21,1134,137,0,26,21167.17,146577,161,58,0,0
172146,1,21,1135,138,0,26,21167.17,146577,161,58,0,0
172240,1,21,1171,138,0,26,21167.17,146577,161,58,0,0
172366,1,21,1140,138,0,26,21167.17,146577,161,58,0,0
172481,1,21,1182,138,0,26,21167.17,146577,161,58,0,0
172591,1,22,1154,138,0,26,21167.17,146577,161,58,0,0
172690,1,22,1193,138,0,26,21168.19,146577,161,58,0,0
172790,1,22,1201,138,0,26,21168.19,146577,161,58,0,0
172930,1,22,1238,138,0,26,21168.19,146577,161,58,0,0
173040,1,23,1245,133,0,26,21168.19,146577,161,58,0,0
173146,1,23,1252,124,0,26,21168.19,146577,161,58,0,0
173240,1,23,1294,110,0,26,21168.19,146577,161,58,0,0
173365,1,24,1303,107,0,26,21169.19,146577,161,58,0,0
173482,1,24,1341,103,0,26,21169.19,146577,161,58,0,0
173592,1,25,1322,100,0,26,21169.19,146577,161,58,0,0
173690,1,25,1345,99,0,26,21169.19,146577,161,58,0,0
173790,1,25,1366,98,0,26,21169.19,146577,161,58,0,0
173891,1,25,1390,97,0,26,21169.19,146577,161,58,0,0
174030,1,26,1380,96,0,26,21170.24,146577,161,58,0,0
174133,1,26,1404,95,0,26,21170.24,146577,161,59,0,0
174240,1,26,1429,95,0,26,21170.24,146577,161,59,0,0
174365,1,26,1420,95,0,26,21170.24,146577,161,59,0,0
174481,1,27,1417,95,0,26,21170.24,146577,161,59,0,0
174591,1,27,1448,95,0,26,21170.24,146577,161,59,0,0
174690,1,27,1443,95,0,26,21171.24,146577,161,59,0,0
174790,1,27,1440,95,0,26,21171.24,146577,161,59,0,0
174930,1,27,1443,93,0,26,21171.24,146577,161,59,0,0
175040,1,27,1446,95,0,26,21171.24,146577,161,59,0,0
175147,1,27,1513,95,0,26,21171.24,146577,161,59,0,0
175240,1,28,1515,95,0,26,21171.24,146577,161,59,0,0
175365,1,28,1523,95,0,26,21171.24,146577,161,59,0,0
175480,1,28,1532,95,0,26,21172.28,146577,161,59,0,0
175591,1,28,1558,95,0,26,21172.28,146577,161,59,0,0
175690,1,29,1561,95,0,26,21172.28,146577,161,59,0,0
175790,1,29,1562,95,0,26,21172.28,146577,161,59,0,0
175930,1,29,1594,90,0,26,21172.28,146577,161,59,0,0
176040,1,29,1570,88,0,26,21172.28,146577,161,59,0,0
176148,1,29,1575,87,0,26,21172.28,146577,161,59,0,0
176265,1,30,1575,85,0,26,21173.33,146577,161,59,0,0
176365,1,30,1573,84,0,26,21173.33,146577,161,59,0,0
176481,1,30,1624,83,0,26,21173.33,146577,161,59,0,0
176591,1,30,1619,81,0,26,21173.33,146577,161,59,0,0
176711,1,30,1616,81,0,26,21173.33,146577,161,59,0,0
176790,1,30,1607,78,0,26,21173.33,146577,161,59,0,0
176930,1,30,1636,75,0,26,21173.33,146577,161,59,0,0
177040,1,31,1663,73,0,26,21174.33,146577,161,59,0,0
177146,1,31,1655,70,0,26,21174.33,146577,161,59,0,0
177265,1,31,1656,69,0,26,21174.33,146577,161,59,0,0
177365,1,31,1655,68,0,26,21174.33,146577,161,59,0,0
177491,1,31,1673,66,0,26,21174.33,146577,161,59,0,0
177591,1,31,1694,63,0,26,21174.33,146577,161,59,0,0
177710,1,31,1689,57,0,26,21174.33,146577,161,59,0,0
177790,1,31,1674,54,0,26,21174.33,146577,161,59,0,0
177930,1,31,1681,52,0,26,21175.34,146577,161,59,0,0
178040,1,31,1675,50,0,26,21175.34,146577,161,59,0,0
178146,1,31,1681,50,0,26,21175.34,146577,161,59,0,0
178266,1,31,1682,48,0,26,21175.34,146577,161,59,0,0
178365,1,31,1684,47,0,26,21175.34,146577,161,59,0,0
178491,1,31,1680,47,0,26,21175.34,146577,161,59,0,0
178592,1,31,1667,46,0,26,21175.34,146577,161,59,0,0
178765,1,31,1668,44,0,26,21175.34,146577,161,59,0,0
178881,1,31,1667,44,0,26,21175.34,146577,161,59,0,0
178990,1,31,1695,44,0,26,21175.34,146577,161,59,0,0
179092,1,31,1663,44,0,26,21175.34,146577,161,59,0,0
179210,1,31,1693,44,0,26,21176.38,146577,161,59,0,0
179290,1,31,1659,44,0,26,21176.38,146577,161,59,0,0
179440,1,31,1691,44,0,26,21176.38,146577,161,59,0,0
179541,1,31,1659,44,0,26,21176.38,146577,161,59,0,0
179646,1,31,1659,44,0,26,21176.38,146577,161,59,0,0
179765,1,31,1663,44,0,26,21176.38,146577,161,59,0,0
179880,1,31,1634,44,0,26,21176.38,146577,161,59,0,0
179990,1,31,1634,44,0,26,21176.38,146577,161,59,0,0
180092,1,31,1663,45,0,26,21176.38,146577,161,59,0,0
180211,1,31,1661,46,0,26,21176.38,146577,161,59,0,0
180290,1,31,1660,47,0,26,21176.38,146577,161,59,0,0
180430,1,31,1661,50,0,26,21176.38,146577,161,59,0,0
180540,1,31,1639,55,0,26,21177.39,146578,161,59,0,0
180646,1,31,1647,56,0,26,21177.39,146578,161,59,0,0
180765,1,31,1639,56,0,26,21177.39,146578,161,59,0,0
180873,1,31,1644,56,0,26,21177.39,146578,161,59,0,0
180990,1,31,1638,56,0,26,21177.39,146578,161,59,0,0
181091,1,31,1668,56,0,26,21177.39,146578,161,59,0,0
181211,1,31,1635,56,0,26,21177.39,146578,161,59,0,0
181290,1,31,1632,56,0,26,21177.39,146578,161,59,0,0
181430,1,31,1694,56,0,26,21177.39,146578,161,59,0,0
181540,1,31,1661,53,0,26,21177.39,146578,161,59,0,0
181646,1,31,1690,52,0,26,21178.42,146578,161,59,0,0
181740,1,31,1688,52,0,26,21178.42,146578,161,59,0,0
181873,1,31,1685,51,0,26,21178.42,146578,161,59,0,0
181980,1,31,1680,50,0,26,21178.42,146578,161,59,0,0
182091,1,31,1680,49,0,26,21178.42,146578,161,59,0,0
182210,1,31,1649,47,0,26,21178.42,146578,161,59,0,0
182290,1,31,1672,45,0,26,21178.42,146578,161,59,0,0
182431,1,31,1639,44,0,26,21178.42,146578,161,59,0,0
182540,1,31,1663,41,0,26,21178.42,146578,161,59,0,0
182646,1,31,1651,38,0,26,21178.42,146578,161,59,0,0
182765,1,31,1650,37,0,26,21178.42,146578,161,59,0,0
182866,1,31,1651,37,0,26,21178.42,146578,161,59,0,0
182984,1,31,1616,33,0,26,21179.44,146578,161,59,0,0
183091,1,31,1644,27,0,26,21179.44,146578,161,59,0,0
183190,1,31,1602,27,0,26,21179.44,146578,161,59,0,0
183290,1,30,1650,27,0,26,21179.44,146578,161,59,0,0
183430,1,30,1618,27,0,26,21179.44,146578,161,59,0,0
183540,1,31,1620,26,0,26,21179.44,146578,161,59,0,0
183646,1,30,1621,25,0,26,21179.44,146578,161,59,0,0
183765,1,30,1626,25,0,26,21179.44,146578,161,59,0,0
183866,1,30,1626,24,0,26,21179.44,146578,161,59,0,0
183983,1,30,1586,24,0,26,21179.44,146578,161,59,0,0
184091,1,30,1584,24,0,26,21179.44,146578,161,59,0,0
184210,1,30,1580,24,0,26,21179.44,146578,161,59,0,0
184290,1,30,1581,23,0,26,21179.44,146578,161,59,0,0
184430,1,30,1581,23,0,26,21179.44,146578,161,59,0,0
184540,1,29,1581,23,0,26,21179.44,146578,158,59,0,0
184646,1,29,1545,23,0,26,21179.44,146578,158,59,0,0
184765,1,29,1548,23,0,26,21180.46,146578,158,59,0,0
184865,1,29,1548,23,0,26,21180.46,146578,158,59,0,0
184990,1,29,1548,23,0,26,21180.46,146578,158,59,0,0
185091,1,29,1547,23,0,26,21180.46,146578,158,59,0,0
185210,1,29,1512,23,0,26,21180.46,146578,158,59,0,0
185290,1,29,1511,23,0,26,21180.46,146578,158,59,0,0
185432,1,29,1511,23,0,26,21180.46,146578,158,59,0,0
185540,1,28,1510,25,0,26,21180.46,146578,158,59,0,0
185646,1,28,1512,25,0,26,21180.46,146578,158,59,0,0
185765,1,28,1483,25,0,26,21180.46,146578,158,59,0,0
185870,1,28,1487,25,0,26,21180.46,146578,158,59,0,0
185983,1,28,1486,25,0,26,21180.46,146578,158,59,0,0
186091,1,28,1485,25,0,26,21180.46,146578,158,59,0,0
186210,1,28,1482,25,0,26,21180.46,146578,158,59,0,0
186290,1,28,1480,25,0,26,21180.46,146578,158,59,0,0
186430,1,28,1446,25,0,26,21180.46,146578,158,59,0,0
186540,1,27,1446,25,0,26,21180.46,146578,158,59,0,0
186646,1,27,1446,25,0,26,21181.47,146578,158,59,0,0
186765,1,27,1446,25,0,26,21181.47,146578,158,59,0,0
186865,1,27,1450,25,0,26,21181.47,146578,158,59,0,0
186983,1,27,1419,25,0,26,21181.47,146578,158,59,0,0
187091,1,27,1419,25,0,26,21181.47,146578,158,59,0,0
187190,1,27,1419,25,0,26,21181.47,146578,158,59,0,0
187290,1,27,1419,25,0,26,21181.47,146578,158,59,0,0
187432,1,27,1416,25,0,26,21181.47,146578,158,59,0,0
187540,1,27,1415,25,0,26,21181.47,146578,158,59,0,0
187646,1,27,1414,25,0,26,21181.47,146578,158,59,0,0
187765,1,26,1381,25,0,26,21181.47,146578,158,59,0,0
187865,1,26,1381,24,0,26,21181.47,146578,158,59,0,0
187984,1,26,1382,24,0,26,21181.47,146578,158,59,0,0
188091,1,26,1382,24,0,26,21181.47,146578,158,59,0,0
188190,1,26,1381,23,0,26,21181.47,146578,158,59,0,0
188290,1,26,1381,20,0,26,21181.47,146578,158,59,0,0
188432,1,26,1349,19,0,26,21181.47,146578,158,59,0,0
188540,1,26,1348,18,0,26,21181.47,146578,158,59,0,0
188646,1,26,1372,18,0,26,21182.47,146578,158,59,0,0
188764,1,25,1370,18,0,26,21182.47,146578,158,59,0,0
188865,1,25,1370,18,0,26,21182.47,146578,158,59,0,0
188983,1,25,1367,18,0,26,21182.47,146578,158,59,0,0
189091,1,25,1367,18,0,26,21182.47,146578,158,59,0,0
189190,1,25,1369,18,0,26,21182.47,146578,158,59,0,0
189290,1,25,1338,18,0,26,21182.47,146578,158,59,0,0
189432,1,25,1338,18,0,26,21182.47,146578,158,59,0,0
189540,1,25,1338,16,0,26,21182.47,146578,158,59,0,0
189646,1,25,1338,15,0,26,21182.47,146578,158,59,0,0
189740,1,25,1339,15,0,26,21182.47,146578,158,59,0,0
189868,1,25,1339,15,0,26,21182.47,146578,158,59,0,0
189983,1,25,1333,14,0,26,21182.47,146578,158,59,0,0
190091,1,25,1332,13,0,26,21182.47,146578,158,59,0,0
190190,1,25,1298,12,0,26,21182.47,146578,158,59,0,0
190290,1,24,1297,11,0,26,21182.47,146578,158,59,0,0
190432,1,24,1294,11,0,26,21182.47,146578,158,59,0,0
190540,1,24,1292,9,0,26,21182.47,146578,158,59,0,0
190645,1,24,1289,9,0,26,21182.47,146578,158,59,0,0
190740,1,24,1289,8,0,26,21182.47,146578,158,59,0,0
190867,1,24,1289,8,0,26,21182.47,146578,158,59,0,0
190984,1,24,1253,8,0,26,21182.47,146578,158,59,0,0
191091,1,24,1253,8,0,26,21183.48,146578,158,59,0,0
191190,1,24,1251,8,0,26,21183.48,146578,158,59,0,0
191290,1,24,1251,7,0,26,21183.48,146578,158,59,0,0
191432,1,24,1249,7,0,26,21183.48,146578,158,59,0,0
191540,1,24,1248,5,0,26,21183.48,146578,158,59,0,0
191646,1,23,1247,5,0,26,21183.48,146578,158,59,0,0
191740,1,23,1244,5,0,26,21183.48,146578,158,59,0,0
191865,1,23,1241,2,0,26,21183.48,146578,158,59,0,0
191982,1,23,1240,1,0,26,21183.48,146578,158,59,0,0
192091,1,23,1235,0,0,26,21183.48,146578,158,59,0,0
192190,1,23,1233,0,0,26,21183.48,146578,158,59,0,0
192290,1,23,1200,0,0,26,21183.48,146578,158,59,0,0
192432,1,23,1200,0,0,26,21183.48,146578,158,59,0,0
192541,1,22,1203,0,0,26,21183.48,146578,158,59,0,0
192646,1,22,1207,0,0,26,21183.48,146578,158,59,0,0
192740,1,22,1173,0,0,26,21183.48,146578,158,59,0,0
192866,1,22,1174,0,0,26,21183.48,146578,158,59,0,0
192982,1,22,1173,0,0,26,21183.48,146578,158,59,0,0
193091,1,22,1173,0,0,26,21183.48,146578,158,59,0,0
193210,1,22,1141,0,0,26,21183.48,146578,158,60,0,0
193291,1,21,1172,0,0,26,21183.48,146578,158,60,0,0
193432,1,21,1141,0,0,26,21183.48,146578,158,60,0,0
193541,1,21,1141,0,0,26,21183.48,146578,158,60,0,0
193645,1,21,1141,0,0,26,21183.48,146578,158,60,0,0
193765,1,21,1141,0,0,26,21183.48,146578,158,60,0,0
193865,1,21,1142,0,0,26,21183.48,146578,158,60,0,0
193983,1,21,1142,0,0,26,21183.48,146578,158,60,0,0
194091,1,21,1111,0,0,26,21183.48,146578,158,60,0,0
194190,1,21,1111,0,0,26,21183.48,146578,158,60,0,0
194290,1,21,1110,0,0,26,21183.48,146578,158,60,0,0
194432,1,21,1110,0,0,26,21183.48,146578,158,60,0,0
194540,1,20,1110,0,0,26,21183.48,146578,158,60,0,0
194644,1,20,1110,0,0,26,21183.48,146578,158,60,0,0
194765,1,20,1110,0,0,26,21183.48,146578,158,60,0,0
194865,1,20,1111,0,0,26,21184.48,146578,158,60,0,0
194986,1,20,1079,0,0,26,21184.48,146578,158,60,0,0
195091,1,20,1079,0,0,26,21184.48,146578,158,60,0,0
195209,1,20,1078,0,0,26,21184.48,146578,158,60,0,0
195290,1,20,1080,0,0,26,21184.48,146578,158,60,0,0
195432,1,20,1052,0,0,26,21184.48,146578,158,60,0,0
195540,1,19,1053,0,0,26,21184.48,146578,158,60,0,0
195646,1,19,1052,0,0,26,21184.48,146578,158,60,0,0
195765,1,19,1052,0,0,26,21184.48,146578,158,60,0,0
195865,1,19,1024,0,0,26,21184.48,146578,158,60,0,0
195990,1,19,1032,0,0,26,21184.48,146578,158,60,0,0
196091,1,19,1003,0,0,26,21184.48,146578,158,60,0,0
196210,1,19,1000,0,0,26,21184.48,146578,158,60,0,0
196291,1,19,1008,0,0,26,21184.48,146578,158,60,0,0
196433,1,19,1008,0,0,26,21184.48,146578,158,60,0,0
196540,1,19,1008,0,0,26,21184.48,146578,158,60,0,0
196644,1,19,1009,0,0,26,21184.48,146578,158,60,0,0
196765,1,19,1009,0,0,26,21184.48,146578,158,60,0,0
196865,1,18,1009,0,0,26,21184.48,146578,158,60,0,0
196990,1,18,1012,0,0,26,21184.48,146578,158,60,0,0
197091,1,18,1015,0,0,26,21184.48,146578,158,60,0,0
197211,1,18,1017,0,0,26,21184.48,146578,158,60,0,0
197293,1,18,986,0,0,26,21184.48,146578,158,60,0,0
197432,1,18,988,0,0,26,21184.48,146578,158,60,0,0
197540,1,18,992,0,0,26,21184.48,146578,158,60,0,0
197643,1,18,961,0,0,26,21185.49,146578,158,60,0,0
197764,1,18,994,0,0,26,21185.49,146578,158,60,0,0
197864,1,18,964,0,0,26,21185.49,146578,158,60,0,0
197991,1,18,966,0,0,26,21185.49,146578,158,60,0,0
198093,1,18,966,0,0,26,21185.49,146578,158,60,0,0
198210,1,18,969,0,0,26,21185.49,146578,158,60,0,0
198291,1,18,970,0,0,26,21185.49,146578,158,60,0,0
198439,1,18,970,0,0,26,21185.49,146578,158,60,0,0
198539,1,18,971,0,0,26,21185.49,146578,158,60,0,0
198643,1,18,973,0,0,26,21185.49,146578,158,60,0,0
198764,1,18,973,0,0,26,21185.49,146578,158,60,0,0
198882,1,18,1007,0,0,26,21185.49,146578,158,60,0,0
198991,1,18,1008,0,0,26,21185.49,146578,158,60,0,0
199091,1,18,1003,0,0,26,21185.49,146578,158,60,0,0
199210,1,19,997,0,0,26,21185.49,146578,158,60,0,0
199290,1,19,996,0,0,26,21185.49,146578,158,60,0,0
199432,1,19,997,0,0,26,21185.49,146578,158,60,0,0
199540,1,19,993,7,0,26,21185.49,146578,158,60,0,0
199643,1,19,993,9,0,26,21186.51,146578,158,60,0,0
199764,1,19,1002,11,0,26,21186.51,146578,158,60,0,0
199865,1,19,992,14,0,26,21186.51,146578,158,60,0,0
199990,1,19,1034,20,0,26,21186.51,146578,158,60,0,0
200091,1,19,1044,20,0,26,21186.51,146578,158,60,0,0
200210,1,19,1048,22,0,26,21186.51,146578,158,60,0,0
200290,1,19,1076,22,0,26,21186.51,146578,158,60,0,0
200432,1,20,1039,26,0,26,21186.51,146578,158,60,0,0
200540,1,20,1036,27,0,26,21186.51,146578,158,60,0,0
200643,1,19,1033,27,0,26,21186.51,146578,158,60,0,0
200764,1,20,1062,27,0,26,21186.51,146578,158,60,0,0
200830,1,20,1062,27,0,26,21186.51,146578,158,60,0,0
200990,1,20,1064,28,0,26,21186.51,146578,158,60,0,0
201091,1,20,1068,28,0,26,21186.51,146578,158,60,0,0
201211,1,20,1068,28,0,26,21187.54,146578,158,60,0,0
201290,1,20,1069,28,0,26,21187.54,146578,158,60,0,0
201433,1,20,1098,28,0,26,21187.54,146578,158,60,0,0
201539,1,20,1091,28,0,26,21187.54,146578,158,60,0,0
201643,1,20,1092,26,0,26,21187.54,146578,158,60,0,0
201765,1,21,1090,22,0,26,21187.54,146578,158,60,0,0
201864,1,21,1117,20,0,26,21187.54,146578,158,60,0,0
201990,1,21,1129,19,0,26,21187.54,146578,158,60,0,0
202091,1,21,1099,18,0,26,21187.54,146578,158,60,0,0
202211,1,21,1129,16,0,26,21187.54,146578,158,60,0,0
202290,1,21,1130,15,0,26,21187.54,146578,158,60,0,0
202432,1,21,1126,15,0,26,21187.54,146578,158,60,0,0
202540,1,21,1121,15,0,26,21187.54,146578,158,60,0,0
202643,1,21,1122,15,0,26,21187.54,146578,158,60,0,0
202764,1,21,1121,14,0,26,21187.54,146578,158,60,0,0
202864,1,21,1124,14,0,26,21187.54,146578,158,60,0,0
202990,1,21,1150,14,0,26,21188.54,146578,158,60,0,0
203091,1,21,1088,13,0,26,21188.54,146578,158,60,0,0
203209,1,21,1150,13,0,26,21188.54,146578,158,60,0,0
203290,1,21,1121,13,0,26,21188.54,146578,158,60,0,0
203439,1,21,1148,13,0,26,21188.54,146578,158,60,0,0
203539,1,21,1149,7,0,26,21188.54,146578,158,60,0,0
203643,1,21,1144,7,0,26,21188.54,146578,158,60,0,0
203764,1,21,1141,7,0,26,21188.54,146578,158,60,0,0
203864,1,21,1093,7,0,26,21188.54,146578,158,60,0,0
203991,1,21,1123,7,0,26,21188.54,146578,158,60,0,0
204091,1,21,1093,7,0,26,21188.54,146578,158,60,0,0
204210,1,21,1095,7,0,26,21188.54,146578,158,60,0,0
204290,1,21,1094,7,0,26,21188.54,146578,158,60,0,0
204439,1,21,1096,7,0,26,21188.54,146578,158,60,0,0
204539,1,21,1096,7,0,26,21188.54,146578,158,60,0,0
204643,1,21,1096,7,0,26,21188.54,146578,158,60,0,0
204764,1,20,1096,7,0,26,21188.54,146578,158,60,0,0
204882,1,20,1097,7,0,26,21188.54,146578,158,60,0,0
204990,1,20,1099,7,0,26,21188.54,146578,158,60,0,0
205091,1,20,1099,7,0,26,21188.54,146578,158,60,0,0
205210,1,20,1099,6,0,26,21188.54,146578,158,60,0,0
205290,1,20,1098,6,0,26,21188.54,146578,158,60,0,0
205433,1,20,1066,6,0,26,21188.54,146578,158,60,0,0
205539,1,20,1065,6,0,26,21188.54,146578,158,60,0,0
205643,1,20,1097,6,0,26,21189.55,146578,158,60,0,0
205764,1,20,1066,6,0,26,21189.55,146578,158,60,0,0
205790,1,20,1099,6,0,26,21189.55,146578,158,60,0,0
205990,1,20,1099,6,0,26,21189.55,146578,158,60,0,0
206091,1,20,1067,6,0,26,21189.55,146578,158,60,0,0
206210,1,20,1067,6,0,26,21189.55,146578,158,60,0,0
206290,1,20,1067,6,0,26,21189.55,146578,158,60,0,0
206433,1,20,1067,5,0,26,21189.55,146578,158,60,0,0
206539,1,20,1066,5,0,26,21189.55,146578,158,60,0,0
206643,1,20,1067,5,0,26,21189.55,146578,158,60,0,0
206764,1,20,1079,4,0,26,21189.55,146578,158,60,0,0
206881,1,20,1100,4,0,26,21189.55,146578,158,60,0,0
206990,1,20,1059,4,0,26,21189.55,146578,158,60,0,0
207091,1,20,1057,4,0,26,21189.55,146578,158,60,0,0
207209,1,20,1058,2,0,26,21189.55,146578,158,60,0,0
207290,1,20,1087,0,0,26,21189.55,146578,158,60,0,0
207439,1,20,1052,0,0,26,21189.55,146578,158,60,0,0
207539,1,20,1051,0,0,26,21189.55,146578,158,60,0,0
207643,1,19,1053,0,0,26,21189.55,146578,158,60,0,0
207764,1,19,1055,0,0,26,21189.55,146578,158,60,0,0
207882,1,19,1037,0,0,26,21189.55,146578,158,60,0,0
207990,1,19,1062,0,0,26,21189.55,146578,158,60,0,0
208091,1,19,1029,0,0,26,21189.55,146578,158,60,0,0
208209,1,19,1026,0,0,26,21189.55,146578,158,60,0,0
208290,1,19,1055,0,0,26,21189.55,146578,158,60,0,0
208439,1,19,1055,0,0,26,21189.55,146578,158,60,0,0
208539,1,19,1024,0,0,26,21189.55,146578,158,60,0,0
208664,1,19,1024,0,0,26,21190.56,146578,158,60,0,0
208764,1,19,1055,0,0,26,21190.56,146578,158,60,0,0
208882,1,19,1053,0,0,26,21190.56,146578,158,60,0,0
208990,1,19,1052,0,0,26,21190.56,146578,158,60,0,0
209091,1,19,995,0,0,26,21190.56,146578,158,60,0,0
209209,1,19,1032,0,0,26,21190.56,146578,158,60,0,0
209290,1,19,1027,0,0,26,21190.56,146578,158,60,0,0
209439,1,19,1020,0,0,26,21190.56,146578,158,60,0,0
209539,1,19,1017,0,0,26,21190.56,146578,158,60,0,0
209665,1,19,1017,0,0,26,21190.56,146578,158,60,0,0
209764,1,19,1017,0,0,26,21190.56,146578,158,60,0,0
209890,1,19,1019,0,0,26,21190.56,146578,158,60,0,0
209990,1,19,1019,0,0,26,21190.56,146578,158,60,0,0
210091,1,19,1020,0,0,26,21190.56,146578,158,60,0,0
210214,1,19,1020,0,0,26,21190.56,146578,158,60,0,0
210290,1,19,1020,0,0,26,21190.56,146578,158,60,0,0
210439,1,19,996,0,0,26,21190.56,146578,158,60,0,0
210539,1,19,996,0,0,26,21190.56,146578,158,60,0,0
210664,1,19,1020,0,0,26,21190.56,146578,158,60,0,0
210764,1,18,1019,0,0,26,21190.56,146578,158,60,0,0
210890,1,18,1018,0,0,26,21190.56,146578,158,60,0,0
210990,1,18,1019,0,0,26,21190.56,146578,158,60,0,0
211091,1,19,1017,0,0,26,21190.56,146578,158,60,0,0
211209,1,18,1016,0,0,26,21190.56,146578,158,60,0,0
211290,1,18,1017,0,0,26,21190.56,146578,158,60,0,0
211439,1,18,984,0,0,26,21190.56,146578,158,60,0,0
211539,1,18,984,0,0,26,21190.56,146578,158,60,0,0
211664,1,18,984,0,0,26,21190.56,146578,158,60,0,0
211782,1,18,984,0,0,26,21190.56,146578,158,60,0,0
211890,1,18,985,0,0,26,21190.56,146578,158,60,0,0
211990,1,18,985,0,0,26,21190.56,146578,158,60,0,0
212091,1,18,987,0,0,26,21191.56,146578,158,60,0,0
212209,1,18,1021,0,0,26,21191.56,146578,158,60,0,0
212291,1,18,1054,0,0,26,21191.56,146578,158,60,0,0
212439,1,18,1055,0,0,26,21191.56,146578,158,60,0,0
212539,1,18,1025,0,0,26,21191.56,146578,158,60,0,0
212664,1,18,1055,0,0,26,21191.56,146578,158,60,0,0
212782,1,18,1055,0,0,26,21191.56,146578,158,60,0,0
212891,1,18,1055,0,0,26,21191.56,146578,158,60,0,0
212990,1,18,1055,0,0,26,21191.56,146578,158,60,0,0
213090,1,18,1053,0,0,26,21191.56,146578,158,60,0,0
213209,1,18,1052,0,0,26,21191.56,146578,158,60,0,0
213291,1,18,1052,0,0,26,21191.56,146578,158,60,0,0
213439,1,18,1052,0,0,26,21191.56,146578,158,60,0,0
213539,1,18,1052,0,0,26,21191.56,146578,158,60,0,0
213664,1,18,1052,0,0,26,21191.56,146578,158,60,0,0
213781,1,18,1051,0,0,26,21191.56,146578,158,60,0,0
213892,1,18,1051,0,0,26,21191.56,146578,158,60,0,0
213990,1,18,1051,0,0,26,21191.56,146578,158,60,0,0
214091,1,18,1051,0,8,26,21191.56,146578,158,60,0,0
214209,1,18,1084,0,8,26,21191.56,146578,158,60,0,0
214291,1,18,1085,0,10,26,21191.56,146578,158,60,0,0
214439,1,18,1085,0,14,26,21191.56,146578,158,60,0,0
214565,1,17,1054,0,12,26,21191.56,146578,157,60,0,0
214664,1,17,1087,0,12,26,21191.56,146578,157,60,0,0
214782,1,17,1087,0,12,26,21191.56,146578,157,60,0,0
214890,1,17,1087,0,14,26,21191.56,146578,157,60,0,0
214990,1,17,1087,0,12,26,21191.56,146578,157,60,0,0
215090,1,17,1087,0,12,26,21191.56,146578,157,60,0,0
215232,1,17,1087,0,16,26,21191.56,146578,157,60,0,0
215339,1,17,1087,0,14,26,21192.56,146578,157,60,0,0
215439,1,17,1087,0,16,26,21192.56,146578,157,60,0,0
215564,1,17,1086,0,24,26,21192.56,146578,157,60,0,0
215664,1,17,1085,0,28,26,21192.56,146578,157,60,0,0
215782,1,17,1085,0,28,26,21192.56,146578,157,61,0,0
215890,1,17,1085,0,54,26,21192.56,146578,157,61,0,0
215990,1,17,1085,0,56,26,21192.56,146578,157,61,0,0
216090,1,17,1053,0,66,26,21192.56,146578,157,61,0,0
216231,1,16,1085,0,66,26,21192.56,146578,157,61,0,0
216339,1,16,1087,0,62,26,21192.56,146578,157,61,0,0
216439,1,16,1056,0,64,26,21192.56,146578,157,61,0,0
216564,1,15,1087,0,66,26,21192.56,146578,157,61,0,0
216682,1,15,1056,0,66,26,21192.56,146578,157,61,0,0
216782,1,14,1056,0,62,26,21192.56,146578,157,61,0,0
216890,1,14,1056,0,66,26,21192.56,146578,157,61,0,0
216990,1,14,1056,0,70,26,21192.56,146578,157,61,0,0
217090,1,13,1024,0,70,26,21192.56,146578,157,61,0,0
217232,1,13,1087,0,66,26,21192.56,146578,157,61,0,0
217343,1,13,1087,0,66,26,21192.56,146578,157,61,0,0
217459,1,12,1056,0,68,26,21192.56,146578,157,61,0,0
217564,1,12,1087,0,68,26,21192.56,146578,157,61,0,0
217682,1,11,1057,0,68,26,21192.56,146578,157,61,0,0
217791,1,11,1057,0,22,26,21192.56,146578,157,61,0,0
217890,1,11,1059,0,2,26,21192.56,146578,157,61,0,0
217990,1,10,1059,0,0,26,21192.56,146578,157,61,0,0
218131,1,10,1059,0,0,26,21192.56,146578,157,61,0,0
218239,1,10,1060,0,0,26,21192.56,146578,157,61,0,0
218291,1,10,1060,0,0,26,21192.56,146578,157,61,0,0
218459,1,10,1060,0,0,26,21192.56,146578,157,61,0,0
218564,1,10,1060,0,0,26,21193.57,146578,157,61,0,0
218681,1,10,1059,0,0,26,21193.57,146578,157,61,0,0
218791,1,10,1058,0,0,26,21193.57,146578,157,61,0,0
218939,1,10,1057,0,0,26,21193.57,146578,157,61,0,0
219039,1,10,1057,0,0,26,21193.57,146578,157,61,0,0
219164,1,10,1056,0,0,26,21193.57,146578,157,61,0,0
219282,1,10,1087,30,0,26,21193.57,146578,157,61,0,0
219390,1,10,1087,85,0,26,21193.57,146578,157,61,0,0
219490,1,10,748,101,0,26,21193.57,146578,157,61,0,0
219590,1,10,767,111,0,26,21193.57,146578,157,61,0,0
219709,1,10,843,143,0,26,21193.57,146578,157,61,0,0
219792,1,11,870,145,0,26,21193.57,146578,157,61,0,0
219939,1,11,921,145,0,26,21193.57,146578,157,61,0,0
220064,1,12,946,146,0,26,21193.57,146578,157,61,0,0
220164,1,12,983,147,0,26,21193.57,146578,157,61,0,0
220281,1,13,994,151,0,26,21194.60,146578,157,61,0,0
220390,1,13,1065,153,0,26,21194.60,146578,157,61,0,0
220490,1,14,1110,154,0,26,21194.60,146578,157,61,0,0
220590,1,14,1122,158,0,26,21194.60,146578,157,61,0,0
220731,1,15,1167,162,0,26,21194.60,146578,157,61,0,0
220792,1,15,1210,164,0,26,21194.60,146578,157,61,0,0
220939,1,15,1254,172,0,26,21194.60,146578,157,61,0,0
221064,1,16,1301,173,0,26,21195.62,146578,157,61,0,0
221164,1,17,1316,173,0,26,21195.62,146578,157,61,0,0
221289,1,18,1381,173,0,26,21195.62,146578,157,61,0,0
221390,1,18,1429,173,0,26,21195.62,146578,157,61,0,0
221490,1,18,1445,173,0,26,21195.62,146578,157,61,0,0
221590,1,19,1526,173,0,26,21196.66,146578,157,61,0,0
221731,1,20,1580,173,0,26,21196.66,146578,157,61,0,0
221792,1,20,1604,173,0,26,21196.66,146578,157,61,0,0
221939,1,20,1693,173,0,26,21196.66,146578,157,61,0,0
222064,1,22,1721,173,0,26,21197.67,146578,157,61,0,0
222164,1,23,1775,172,0,26,21197.67,146578,157,61,0,0
222288,1,24,1856,172,0,26,21197.67,146578,157,60,0,0
222390,1,24,1947,171,0,26,21197.67,146578,157,60,0,0
222490,1,25,1953,169,0,26,21198.78,146578,157,60,0,0
222590,1,26,2019,166,0,26,21198.78,146578,157,60,0,0
222733,1,26,2081,164,0,26,21198.78,146578,157,60,0,0
222792,1,27,2143,162,0,26,21199.94,146578,157,60,0,0
222959,1,27,2232,158,0,26,21199.94,146578,157,60,0,0
223064,1,30,2285,157,0,26,21199.94,146578,157,60,0,0
223164,1,30,2340,156,0,26,21201.07,146578,157,60,0,0
223295,1,31,2440,156,0,26,21201.07,146578,157,60,0,0
223390,1,32,2473,155,0,26,21202.08,146578,157,60,0,0
223490,1,33,2564,152,0,26,21202.08,146578,157,60,0,0
223590,1,34,2627,149,0,26,21203.17,146578,157,60,0,0
223738,1,34,2695,144,0,26,21203.17,146578,157,60,0,0
223848,1,35,2786,142,0,26,21204.36,146578,157,60,0,0
223959,1,36,2837,136,0,26,21204.36,146578,157,60,0,0
224064,1,38,2911,127,0,26,21204.36,146578,157,60,0,0
224164,1,38,2961,110,0,26,21205.60,146578,157,60,0,0
224293,1,39,2987,92,0,26,21205.60,146578,157,60,0,0
224390,1,39,2987,76,0,26,21206.79,146578,157,60,0,0
224491,1,40,2959,49,0,26,21206.79,146578,157,60,0,0
224590,1,40,2889,5,0,26,21206.79,146578,157,60,0,0
224739,1,40,2907,0,0,26,21206.79,146578,157,60,0,0
224846,1,40,2729,0,0,26,21206.79,146578,157,60,0,0
224959,1,40,2564,0,0,26,21206.79,146578,157,60,0,0
225064,1,40,2432,0,0,26,21206.79,146578,157,60,0,0
225164,1,40,2318,0,0,26,21206.79,146578,157,60,0,0
225284,1,39,2203,0,0,26,21206.79,146578,157,60,0,0
225390,1,39,2105,0,0,26,21206.79,146578,157,60,0,0
225491,1,39,1989,0,0,26,21206.79,146578,157,60,0,0
225590,1,39,1923,0,0,26,21206.79,146578,157,60,0,0
225739,1,39,1811,0,0,26,21206.79,146578,157,60,0,0
225789,1,39,1789,0,0,26,21206.79,146578,157,60,0,0
225964,1,39,1694,0,0,26,21207.80,146578,157,60,0,0
226064,1,39,1625,0,0,26,21207.80,146578,157,60,0,0
226184,1,39,1556,0,0,26,21207.80,146578,157,60,0,0
226292,1,39,1486,0,0,26,21207.80,146578,157,60,0,0
226390,1,39,1452,0,0,26,21207.80,146578,157,60,0,0
226491,1,39,1416,0,0,26,21207.80,146578,157,60,0,0
226634,1,39,1350,0,0,26,21207.80,146578,157,60,0,0
226739,1,39,1317,0,0,26,21207.80,146578,157,60,0,0
226845,1,39,1317,0,0,26,21207.80,146578,157,60,0,0
226964,1,38,1284,0,0,26,21207.80,146578,157,60,0,0
227081,1,38,1219,0,0,26,21207.80,146578,157,60,0,0
227190,1,38,1219,0,0,26,21207.80,146578,157,60,0,0
227292,1,38,1186,0,0,26,21207.80,146578,157,60,0,0
227390,1,38,1186,0,0,26,21207.80,146578,157,60,0,0
227490,1,38,1186,0,0,26,21207.80,146578,157,60,0,0
227635,1,38,1153,0,0,26,21207.80,146578,157,60,0,0
227739,1,38,1153,0,0,26,21207.80,146578,157,60,0,0
227844,1,38,1152,0,0,26,21207.80,146578,157,60,0,0
227964,1,38,1151,0,0,26,21207.80,146578,157,60,0,0
228084,1,38,1151,0,0,26,21207.80,146578,157,60,0,0
228189,1,38,1088,0,0,26,21207.80,146578,157,60,0,0
228289,1,38,1088,0,0,26,21207.80,146578,157,60,0,0
228390,1,38,1088,0,0,26,21207.80,146578,157,60,0,0
228490,1,37,1088,0,0,26,21207.80,146578,157,60,0,0
228634,1,37,1088,0,0,26,21207.80,146578,157,60,0,0
228741,1,37,1089,0,0,26,21207.80,146578,157,60,0,0
228863,1,37,1087,0,0,26,21208.80,146578,157,60,0,0
228964,1,37,1084,0,0,26,21208.80,146578,157,60,0,0
229084,1,37,1081,0,0,26,21208.80,146578,157,60,0,0
229190,1,37,1082,0,0,26,21208.80,146578,157,60,0,0
229292,1,37,1083,0,0,26,21208.80,146578,157,60,0,0
229389,1,37,1083,0,0,26,21208.80,146578,157,60,0,0
229531,1,37,1083,0,0,26,21208.80,146578,157,60,0,0
229642,1,37,1083,0,0,26,21208.80,146578,157,60,0,0
229739,1,37,1083,0,0,26,21208.80,146578,157,60,0,0
229864,1,37,1083,0,0,26,21208.80,146578,157,60,0,0
229963,1,37,1084,0,0,26,21208.80,146578,157,60,0,0
230081,1,37,1084,0,0,26,21208.80,146578,157,60,0,0
230190,1,37,1084,0,0,26,21208.80,146578,157,60,0,0
230289,1,37,1084,0,0,26,21208.80,146578,157,60,0,0
230390,1,37,1084,0,0,26,21208.80,146578,157,60,0,0
230531,1,36,1085,0,0,26,21208.80,146578,157,60,0,0
230634,1,37,1084,0,0,26,21208.80,146578,157,60,0,0
230739,1,37,1083,0,0,26,21208.80,146578,157,60,0,0
230863,1,36,1082,0,0,26,21208.80,146578,157,60,0,0
230970,1,37,1082,0,0,26,21208.80,146578,157,60,0,0
231090,1,36,1081,0,0,26,21208.80,146578,157,60,0,0
231189,1,36,1081,0,0,26,21208.80,146578,157,60,0,0
231292,1,36,1081,0,0,26,21208.80,146578,157,60,0,0
231390,1,36,1081,0,0,26,21208.80,146578,157,60,0,0
231532,1,36,1081,0,0,26,21208.80,146578,157,60,0,0
231642,1,36,1080,0,0,26,21208.80,146578,157,60,0,0
231738,1,36,1080,0,0,26,21208.80,146578,157,60,0,0
231842,1,36,1080,0,0,26,21208.80,146578,157,60,0,0
231963,1,36,1080,0,0,26,21208.80,146578,157,60,0,0
232089,1,36,1080,0,0,26,21208.80,146578,157,60,0,0
232190,1,36,1080,0,0,26,21208.80,146578,157,60,0,0
232289,1,36,1080,0,0,26,21208.80,146578,157,60,0,0
232389,1,36,1080,0,0,26,21209.80,146578,157,60,0,0
232532,1,36,1080,0,0,26,21209.80,146578,157,61,0,0
232642,1,36,1081,0,0,26,21209.80,146578,157,61,0,0
232738,1,36,1080,0,0,26,21209.80,146578,157,61,0,0
232863,1,36,1080,0,0,26,21209.80,146578,157,61,0,0
232963,1,36,1080,0,0,26,21209.80,146578,157,61,0,0
233090,1,36,1078,0,0,26,21209.80,146578,157,61,0,0
233189,1,36,1046,0,0,26,21209.80,146578,157,61,0,0
233289,1,36,1078,0,0,26,21209.80,146578,157,61,0,0
233389,1,36,1078,0,0,26,21209.80,146578,157,61,0,0
233539,1,36,1078,0,0,26,21209.80,146578,157,61,0,0
233642,1,35,1078,0,0,26,21209.80,146578,157,61,0,0
233738,1,35,1079,0,0,26,21209.80,146578,157,61,0,0
233866,1,35,1048,0,0,26,21209.80,146578,157,61,0,0
233983,1,35,1080,0,0,26,21209.80,146578,157,61,0,0
234090,1,35,1081,0,0,26,21209.80,146578,157,61,0,0
234189,1,35,1081,0,0,26,21209.80,146578,157,61,0,0
234292,1,35,1081,0,0,26,21209.80,146578,157,61,0,0
234432,1,35,1081,0,0,26,21209.80,146578,157,61,0,0
234540,1,35,1081,0,0,26,21209.80,146578,157,61,0,0
234642,1,35,1080,0,0,26,21209.80,146578,157,61,0,0
234763,1,35,1079,0,0,26,21209.80,146578,157,61,0,0
234865,1,35,1078,0,0,26,21209.80,146578,157,61,0,0
234989,1,35,1046,0,0,26,21209.80,146578,157,61,0,0
235090,1,35,1077,0,0,26,21209.80,146578,157,61,0,0
235209,1,35,1045,0,0,26,21209.80,146578,157,61,0,0
235289,1,35,1077,0,0,26,21209.80,146578,157,61,0,0
235432,1,35,1078,0,0,26,21209.80,146578,157,61,0,0
235540,1,35,1078,0,0,26,21209.80,146578,157,61,0,0
235634,1,35,1077,0,0,26,21209.80,146578,157,61,0,0
235763,1,35,1078,0,0,26,21209.80,146578,157,61,0,0
235863,1,35,1080,0,0,26,21209.80,146578,157,61,0,0
235989,1,35,1080,0,0,26,21209.80,146578,157,61,0,0
236090,1,35,1080,0,0,26,21210.80,146578,157,61,0,0
236208,1,35,1080,0,0,26,21210.80,146578,157,61,0,0
236289,1,35,1081,0,0,26,21210.80,146578,157,61,0,0
236438,1,35,1081,0,0,26,21210.80,146578,157,61,0,0
236540,1,35,1081,0,0,26,21210.80,146578,157,61,0,0
236642,1,35,1081,0,0,26,21210.80,146578,157,61,0,0
236763,1,35,1081,0,0,26,21210.80,146578,157,61,0,0
236864,1,35,1081,0,0,26,21210.80,146578,157,61,0,0
236989,1,35,1079,0,0,26,21210.80,146578,157,61,0,0
237090,1,35,1079,0,0,26,21210.80,146578,157,61,0,0
237208,1,34,1079,0,0,26,21210.80,146578,157,61,0,0
237289,1,34,1078,0,0,26,21210.80,146578,157,61,0,0
237438,1,34,1078,0,0,26,21210.80,146578,157,61,0,0
237540,1,35,1078,0,0,26,21210.80,146578,157,61,0,0
237663,1,35,1079,0,0,26,21210.80,146578,157,62,0,0
237763,1,35,1079,0,0,26,21210.80,146578,157,62,0,0
237890,1,35,1077,0,0,26,21210.80,146578,157,62,0,0
237989,1,35,1077,0,0,26,21210.80,146578,157,62,0,0
238090,1,34,1079,0,0,26,21210.80,146578,157,62,0,0
238208,1,35,1080,0,0,26,21210.80,146578,157,62,0,0
238289,1,34,1080,0,0,26,21210.80,146578,157,62,0,0
238438,1,34,1080,0,0,26,21210.80,146578,157,62,0,0
238540,1,34,1080,0,0,26,21210.80,146578,157,62,0,0
238663,1,34,1080,0,0,26,21210.80,146578,157,62,0,0
238763,1,34,1079,0,0,26,21210.80,146578,157,62,0,0
238890,1,34,1077,0,0,26,21210.80,146578,157,62,0,0
238989,1,34,1237,0,0,26,21210.80,146578,157,62,0,0
239090,1,34,1846,0,0,26,21210.80,146578,157,62,0,0
239208,1,33,1941,0,0,26,21210.80,146578,157,62,0,0
239289,1,34,1720,0,0,26,21210.80,146578,157,62,0,0
239438,1,34,1821,0,0,26,21210.80,146578,157,62,0,0
239540,1,33,1769,0,0,26,21210.80,146578,157,62,0,0
239663,1,33,1770,0,0,26,21210.80,146578,157,62,0,0
239783,1,33,1789,0,0,26,21211.82,146578,157,62,0,0
239889,1,33,1789,0,0,26,21211.82,146578,157,62,0,0
239989,1,33,1777,0,0,26,21211.82,146578,157,62,0,0
240090,1,33,1764,0,0,26,21211.82,146578,157,62,0,0
240208,1,33,1732,0,0,26,21211.82,146578,157,62,0,0
240289,1,33,1751,0,0,26,21211.82,146578,157,62,0,0
240438,1,33,1739,0,0,26,21211.82,146578,157,62,0,0
240563,1,33,1752,0,0,26,21211.82,146578,157,62,0,0
240663,1,33,1742,0,0,26,21211.82,146578,157,62,0,0
240783,1,33,1752,0,0,26,21211.82,146578,157,62,0,0
240889,1,33,1720,0,0,26,21211.82,146578,157,62,0,0
240989,1,32,1752,0,0,26,21211.82,146578,157,62,0,0
241090,1,32,1707,0,0,26,21211.82,146578,157,62,0,0
241232,1,32,1725,0,0,26,21211.82,146578,157,62,0,0
241294,1,32,1696,0,0,26,21211.82,146578,157,62,0,0
241458,1,32,1696,0,0,26,21211.82,146578,157,62,0,0
241563,1,32,1696,0,0,26,21211.82,146578,157,62,0,0
241663,1,32,1696,0,0,26,21211.82,146578,157,62,0,0
241789,1,32,1696,0,0,26,21211.82,146578,157,62,0,0
241889,1,32,1664,0,0,26,21211.82,146578,157,62,0,0
241989,1,32,1664,0,0,26,21211.82,146578,157,62,0,0
242090,1,32,1664,0,0,26,21211.82,146578,157,62,0,0
242238,1,32,1664,0,0,26,21211.82,146578,157,62,0,0
242348,1,31,1664,0,0,26,21211.82,146578,157,62,0,0
242465,1,31,1664,0,0,26,21211.82,146578,157,62,0,0
242578,1,31,1664,0,0,26,21211.82,146578,157,62,0,0
242689,1,31,1664,0,0,26,21211.82,146578,157,62,0,0
242789,1,31,1632,0,0,26,21211.82,146578,157,62,0,0
242889,1,31,1632,0,0,26,21211.82,146578,157,62,0,0
242989,1,31,1632,0,0,26,21211.82,146578,157,62,0,0
243134,1,31,1632,0,0,26,21211.82,146578,157,62,0,0
243238,1,31,1632,0,0,26,21211.82,146578,157,62,0,0
243363,1,31,1632,0,0,26,21211.82,146578,157,62,0,0
243472,1,31,1632,0,0,26,21211.82,146578,157,62,0,0
243584,1,30,1600,0,0,26,21211.82,146578,157,62,0,0
243689,1,31,1600,0,0,26,21211.82,146578,157,62,0,0
243789,1,30,1600,0,0,26,21211.82,146578,157,62,0,0
243889,1,30,1600,0,0,26,21211.82,146578,157,62,0,0
243989,1,30,1600,0,0,26,21211.82,146578,157,62,0,0
244142,1,30,1600,0,0,26,21211.82,146578,157,62,0,0
244244,1,30,1600,0,0,26,21211.82,146578,157,62,0,0
244332,1,30,1600,0,0,26,21211.82,146578,157,62,0,0
244473,1,30,1568,0,0,26,21211.82,146578,160,62,0,0
244584,1,30,1568,0,0,26,21211.82,146578,160,62,0,0
244689,1,30,1568,0,0,26,21211.82,146578,160,62,0,0
244789,1,30,1568,0,0,26,21211.82,146578,160,62,0,0
244889,1,29,1568,0,0,26,21211.82,146578,160,62,0,0
244989,1,29,1568,0,0,26,21211.82,146578,160,62,0,0
245136,1,29,1568,0,0,26,21211.82,146578,160,62,0,0
245238,1,29,1568,0,0,26,21211.82,146578,160,62,0,0
245346,1,29,1536,0,0,26,21211.82,146578,160,62,0,0
245472,1,29,1536,0,0,26,21211.82,146578,160,62,0,0
245584,1,29,1536,0,0,26,21211.82,146578,160,62,0,0
245689,1,29,1536,0,0,26,21211.82,146578,160,62,0,0
245788,1,29,1536,0,0,26,21211.82,146578,160,62,0,0
245889,1,29,1536,0,0,26,21211.82,146578,160,62,0,0
245989,1,29,1536,0,0,26,21211.82,146578,160,62,0,0
246134,1,29,1536,0,0,26,21211.82,146578,160,62,0,0
246238,1,29,1504,0,0,26,21211.82,146578,160,62,0,0
246345,1,29,1504,0,0,26,21211.82,146578,160,61,0,0
246458,1,29,1504,0,0,26,21211.82,146578,160,61,0,0
246578,1,28,1504,0,0,26,21211.82,146578,160,61,0,0
246689,1,28,1504,0,0,26,21211.82,146578,160,61,0,0
246790,1,28,1504,0,0,26,21211.82,146578,160,61,0,0
246889,1,28,1504,0,0,26,21211.82,146578,160,61,0,0
246989,1,28,1472,0,0,26,21211.82,146578,160,61,0,0
247133,1,28,1472,0,0,26,21211.82,146578,160,61,0,0
247238,1,28,1472,0,0,26,21211.82,146578,160,61,0,0
247345,1,28,1472,0,0,26,21211.82,146578,160,61,0,0
247472,1,28,1472,0,0,26,21211.82,146578,160,61,0,0
247584,1,27,1440,0,0,26,21211.82,146578,160,61,0,0
247689,1,27,1440,0,0,26,21211.82,146578,160,61,0,0
247790,1,27,1440,0,0,26,21211.82,146578,160,61,0,0
247889,1,27,1440,0,0,26,21211.82,146578,160,61,0,0
247989,1,27,1408,0,0,26,21211.82,146578,160,61,0,0
248142,1,27,1408,0,0,26,21211.82,146578,160,61,0,0
248238,1,27,1408,0,0,26,21211.82,146578,160,61,0,0
248290,1,27,1408,0,0,26,21211.82,146578,160,61,0,0
248471,1,27,1408,0,0,26,21211.82,146578,160,61,0,0
248579,1,26,1408,0,0,26,21211.82,146578,160,61,0,0
248690,1,26,1376,0,0,26,21211.82,146578,160,61,0,0
248789,1,26,1376,0,0,26,21211.82,146578,160,61,0,0
248889,1,26,1376,0,0,26,21211.82,146578,160,61,0,0
248989,1,26,1408,0,0,26,21211.82,146578,160,61,0,0
249133,1,26,1408,0,0,26,21211.82,146578,160,61,0,0
249238,1,26,1408,0,0,26,21211.82,146578,160,61,0,0
249344,1,27,1408,0,0,26,21211.82,146578,160,61,0,0
249472,1,26,1408,0,0,26,21211.82,146578,160,61,0,0
249583,1,26,1376,0,0,26,21211.82,146578,160,61,0,0
249683,1,26,1376,0,0,26,21211.82,146578,160,61,0,0
249789,1,26,1376,0,0,26,21211.82,146578,160,61,0,0
249889,1,26,1376,0,0,26,21211.82,146578,160,61,0,0
249989,1,26,1376,0,0,26,21211.82,146578,160,61,0,0
250133,1,26,1376,0,0,26,21211.82,146578,160,61,0,0
250241,1,26,1344,0,0,26,21211.82,146578,160,61,0,0
250343,1,26,1376,0,0,26,21211.82,146578,160,61,0,0
250471,1,26,1344,0,0,26,21211.82,146578,160,61,0,0
250583,1,26,1325,0,0,26,21211.82,146578,160,61,0,0
250689,1,26,1216,0,0,26,21211.82,146578,160,61,0,0
250791,1,26,1122,0,0,26,21211.82,146578,160,61,0,0
250889,1,26,1125,0,0,26,21211.82,146578,160,61,0,0
250989,1,26,1213,0,0,26,21211.82,146578,160,61,0,0
251133,1,26,1206,0,0,26,21211.82,146578,160,61,0,0
251241,1,26,1196,0,0,26,21211.82,146578,160,61,0,0
251289,1,26,1178,0,0,26,21211.82,146578,160,61,0,0
251471,1,26,1165,0,0,26,21211.82,146578,160,60,0,0
251578,1,27,1161,0,0,26,21211.82,146578,160,60,0,0
251690,1,27,1129,0,0,26,21211.82,146578,160,60,0,0
251788,1,27,1129,0,0,26,21211.82,146578,160,60,0,0
251889,1,27,1129,0,0,26,21211.82,146578,160,60,0,0
251989,1,27,1130,0,0,26,21211.82,146578,160,60,0,0
252133,1,27,1098,0,0,26,21211.82,146578,160,60,0,0
252238,1,27,1098,0,0,26,21211.82,146578,160,60,0,0
252289,1,27,1098,0,0,26,21211.82,146578,160,60,0,0
252464,1,27,1099,0,0,26,21211.82,146578,160,60,0,0
252578,1,28,1067,0,0,26,21211.82,146578,160,60,0,0
252689,1,28,1067,0,0,26,21211.82,146578,160,60,0,0
252789,1,28,1068,0,0,26,21212.83,146578,160,60,0,0
252889,1,28,1068,0,0,26,21212.83,146578,160,60,0,0
252988,1,28,1069,0,0,26,21212.83,146578,160,60,0,0
253089,1,28,1069,0,0,26,21212.83,146578,160,60,0,0
253241,1,28,1069,0,0,26,21212.83,146578,160,60,0,0
253289,1,28,1069,0,0,26,21212.83,146578,160,60,0,0
253464,1,28,1069,0,0,26,21212.83,146578,160,60,0,0
253563,1,28,1069,0,0,26,21212.83,146578,160,60,0,0
253685,1,28,1069,0,0,26,21212.83,146578,160,60,0,0
253788,1,28,1069,0,0,26,21212.83,146578,160,60,0,0
253889,1,29,1069,0,0,26,21212.83,146578,160,60,0,0
253989,1,29,1032,0,0,26,21212.83,146578,160,60,0,0
254089,1,29,1063,0,0,26,21212.83,146578,160,60,0,0
254233,1,29,1062,0,0,26,21212.83,146578,160,60,0,0
254289,1,29,1063,0,0,26,21212.83,146578,160,60,0,0
254464,1,29,1063,0,0,26,21212.83,146578,160,60,0,0
254563,1,29,1064,0,0,26,21212.83,146578,160,60,0,0
254683,1,29,1064,0,0,26,21212.83,146578,160,60,0,0
254789,1,29,1065,0,0,26,21212.83,146578,160,60,0,0
254889,1,30,1065,0,0,26,21212.83,146578,160,60,0,0
254989,1,30,1065,0,0,26,21212.83,146578,160,60,0,0
255089,1,30,1065,0,0,26,21212.83,146578,160,60,0,0
255233,1,30,1065,0,0,26,21212.83,146578,160,60,0,0
255289,1,30,1065,0,0,26,21212.83,146578,160,60,0,0
255459,1,30,1065,0,0,26,21212.83,146578,160,60,0,0
255563,1,31,1065,0,0,26,21212.83,146578,160,60,0,0
255685,1,31,1063,0,0,26,21213.85,146578,160,60,0,0
255788,1,31,1063,0,0,26,21213.85,146578,160,60,0,0
255889,1,31,1063,0,0,26,21213.85,146578,160,60,0,0
255988,1,31,1061,0,0,26,21213.85,146578,160,60,0,0
256089,1,31,1061,0,0,26,21213.85,146578,160,60,0,0
256233,1,31,1061,0,0,26,21213.85,146578,160,60,0,0
256289,1,31,1061,0,0,26,21213.85,146578,160,60,0,0
256458,1,31,1061,0,0,26,21213.85,146578,160,60,0,0
256563,1,31,1061,0,0,26,21213.85,146578,160,60,0,0
256683,1,32,1060,0,0,26,21213.85,146578,160,60,0,0
256788,1,32,1059,0,0,26,21213.85,146578,160,60,0,0
256889,1,32,1057,0,0,26,21213.85,146578,160,60,0,0
256988,1,32,1057,0,0,26,21213.85,146578,160,60,0,0
257088,1,32,1057,0,0,26,21213.85,146578,160,60,0,0
257235,1,32,1056,0,0,26,21213.85,146578,160,60,0,0
257328,1,32,1056,0,0,26,21213.85,146578,160,60,0,0
257458,1,32,1056,0,0,26,21213.85,146578,160,60,0,0
257563,1,33,1056,0,0,26,21213.85,146578,160,60,0,0
257663,1,32,1087,0,0,26,21213.85,146578,160,60,0,0
257788,1,33,1087,0,0,26,21213.85,146578,160,60,0,0
257889,1,33,1087,0,0,26,21213.85,146578,160,60,0,0
257988,1,33,1085,0,0,26,21213.85,146578,160,60,0,0
258089,1,33,1086,0,0,26,21213.85,146578,160,60,0,0
258233,1,33,1085,0,0,26,21213.85,146578,160,60,0,0
258328,1,33,1053,0,0,26,21213.85,146578,160,60,0,0
258458,1,33,1084,0,0,26,21213.85,146578,160,60,0,0
258562,1,33,1052,0,0,26,21213.85,146578,160,60,0,0
258663,1,34,1052,0,0,26,21213.85,146578,160,60,0,0
258788,1,34,1084,0,0,26,21213.85,146578,160,60,0,0
258888,1,34,1085,0,0,26,21214.86,146578,160,60,0,0
259062,1,34,1085,0,0,26,21214.86,146578,160,60,0,0
259162,1,34,1085,0,0,26,21214.86,146578,160,60,0,0
259288,1,34,1085,0,0,26,21214.86,146578,160,60,0,0
259388,1,34,1085,0,0,26,21214.86,146578,160,60,0,0
259489,1,34,1085,0,0,26,21214.86,146578,160,60,0,0
259588,1,35,1085,0,0,26,21214.86,146578,160,60,0,0
259733,1,35,1084,0,0,26,21214.86,146578,160,60,0,0
259788,1,35,1084,0,0,26,21214.86,146578,160,60,0,0
259957,1,35,1083,0,0,26,21214.86,146578,160,60,0,0
260063,1,35,1083,0,0,26,21214.86,146578,160,60,0,0
260162,1,35,1083,0,0,26,21214.86,146578,160,60,0,0
260288,1,36,1083,0,0,26,21214.86,146578,160,60,0,0
260388,1,36,1083,0,0,26,21214.86,146578,160,60,0,0
260488,1,36,1082,0,0,26,21214.86,146578,160,60,0,0
260588,1,36,1082,0,0,26,21214.86,146578,160,60,0,0
260732,1,36,1083,0,0,26,21214.86,146578,160,60,0,0
260833,1,36,1084,0,0,26,21214.86,146578,160,60,0,0
260957,1,36,1084,0,0,26,21214.86,146578,160,60,0,0
261062,1,36,1084,0,0,26,21214.86,146578,160,60,0,0
261162,1,36,1084,0,0,26,21214.86,146578,160,60,0,0
261289,1,36,1084,0,0,26,21214.86,146578,160,60,0,0
261388,1,36,1084,0,0,26,21214.86,146578,160,60,0,0
261489,1,36,1084,0,0,26,21214.86,146578,160,60,0,0
261588,1,36,1084,0,0,26,21214.86,146578,160,60,0,0
261735,1,37,1084,0,0,26,21214.86,146578,160,60,0,0
261788,1,37,1084,0,0,26,21214.86,146578,160,60,0,0
261957,1,37,1083,0,0,26,21214.86,146578,160,60,0,0
262062,1,37,1083,0,0,26,21214.86,146578,160,60,0,0
262162,1,37,1083,0,0,26,21214.86,146578,160,60,0,0
262288,1,37,1755,0,0,26,21214.86,146578,160,60,0,0
262389,1,37,2107,0,0,26,21214.86,146578,160,60,0,0
262489,1,37,1914,0,0,26,21215.87,146578,160,60,0,0
262588,1,37,1920,0,0,26,21215.87,146578,160,60,0,0
262735,1,37,1971,0,0,26,21215.87,146578,160,60,0,0
262788,1,37,1977,0,0,26,21215.87,146578,160,60,0,0
262957,1,37,1977,0,0,26,21215.87,146578,160,60,0,0
263062,1,37,1964,0,0,26,21215.87,146578,160,60,0,0
263162,1,37,1959,0,0,26,21215.87,146578,160,60,0,0
263288,1,37,1963,0,0,26,21215.87,146578,160,60,0,0
263388,1,37,1995,0,0,26,21215.87,146578,160,60,0,0
263489,1,37,2009,0,0,26,21215.87,146578,160,60,0,0
263588,1,37,1982,0,0,26,21215.87,146578,160,60,0,0
263735,1,37,1965,0,0,26,21215.87,146578,160,60,0,0
263835,1,37,1983,0,0,26,21215.87,146578,160,60,0,0
263958,1,37,1979,0,0,26,21215.87,146578,160,60,0,0
264062,1,37,1967,0,0,26,21215.87,146578,160,60,0,0
264162,1,37,1979,0,0,26,21215.87,146578,160,60,0,0
264288,1,37,1998,0,0,26,21215.87,146578,160,60,0,0
264389,1,37,1965,0,0,26,21215.87,146578,160,60,0,0
264489,1,37,1952,0,0,26,21215.87,146578,160,60,0,0
264588,1,37,1984,0,0,26,21215.87,146578,160,60,0,0
264735,1,37,1952,0,0,26,21215.87,146578,160,60,0,0
264848,1,37,1984,0,0,26,21215.87,146578,160,60,0,0
264957,1,37,1952,0,0,26,21215.87,146578,160,60,0,0
265062,1,37,1952,0,0,26,21215.87,146578,160,60,0,0
265162,1,37,1984,0,0,26,21215.87,146578,160,60,0,0
265288,1,37,1952,0,0,26,21215.87,146578,160,60,0,0
265388,1,37,1952,0,0,26,21215.87,146578,160,60,0,0
265489,1,37,1952,0,0,26,21215.87,146578,160,60,0,0
265588,1,37,1952,0,0,26,21215.87,146578,160,60,0,0
265735,1,37,1952,0,0,26,21215.87,146578,160,60,0,0
265835,1,37,1952,0,0,26,21215.87,146578,160,60,0,0
265957,1,37,1952,0,0,26,21215.87,146578,160,60,0,0
266062,1,37,1952,0,0,26,21215.87,146578,160,60,0,0
266162,1,37,1952,0,0,26,21215.87,146578,160,60,0,0
266288,1,37,1952,0,0,26,21215.87,146578,160,60,0,0
266388,1,37,1952,0,0,26,21215.87,146578,160,60,0,0
266489,1,37,1952,0,0,26,21215.87,146578,160,60,0,0
266588,1,37,1952,0,0,26,21215.87,146578,160,60,0,0
266707,1,37,1952,0,0,26,21215.87,146578,160,60,0,0
266835,1,37,1952,0,0,26,21215.87,146578,160,60,0,0
266944,1,37,1952,0,0,26,21215.87,146578,160,60,0,0
267063,1,36,1920,0,0,26,21215.87,146578,160,60,0,0
267162,1,36,1920,0,0,26,21215.87,146578,160,60,0,0
267288,1,36,1920,0,0,26,21215.87,146578,160,60,0,0
267389,1,36,1920,0,0,26,21215.87,146578,160,60,0,0
267489,1,36,1920,0,0,26,21215.87,146578,160,60,0,0
267588,1,36,1920,0,0,26,21215.87,146578,160,60,0,0
267707,1,36,1920,0,0,26,21215.87,146578,160,60,0,0
267835,1,36,1920,0,0,26,21215.87,146578,160,60,0,0
267943,1,36,1920,0,0,26,21215.87,146578,160,60,0,0
268062,1,36,1920,0,0,26,21215.87,146578,160,60,0,0
268162,1,36,1920,0,0,26,21215.87,146578,160,60,0,0
268262,1,36,1888,0,0,26,21215.87,146578,160,60,0,0
268388,1,36,1920,0,0,26,21215.87,146578,160,60,0,0
268490,1,36,1920,0,0,26,21215.87,146578,160,60,0,0
268588,1,36,1920,0,0,26,21215.87,146578,160,60,0,0
268707,1,36,1920,0,0,26,21215.87,146578,160,60,0,0
268788,1,36,1920,0,0,26,21215.87,146578,160,60,0,0
268944,1,36,1920,0,0,26,21215.87,146578,160,60,0,0
269063,1,36,1888,0,0,26,21215.87,146578,160,60,0,0
269162,1,36,1888,0,0,26,21215.87,146578,160,60,0,0
269285,1,36,1888,0,0,26,21215.87,146578,160,60,0,0
269388,1,36,1888,0,0,26,21215.87,146578,160,60,0,0
269490,1,36,1888,0,0,26,21215.87,146578,160,60,0,0
269588,1,36,1888,0,0,26,21215.87,146578,160,60,0,0
269707,1,36,1888,0,0,26,21215.87,146578,160,60,0,0
269788,1,36,1888,0,0,26,21215.87,146578,160,60,0,0
269943,1,36,1888,0,0,26,21215.87,146578,160,60,0,0
270062,1,35,1856,0,0,26,21215.87,146578,160,60,0,0
270162,1,35,1856,0,0,26,21215.87,146578,160,60,0,0
270288,1,35,1888,0,0,26,21215.87,146578,160,60,0,0
270388,1,35,1888,0,0,26,21215.87,146578,160,60,0,0
270490,1,35,1856,0,0,26,21215.87,146578,160,60,0,0
270588,1,35,1856,0,0,26,21215.87,146578,160,60,0,0
270707,1,35,1856,0,0,26,21215.87,146578,160,60,0,0
270835,1,35,1856,0,0,26,21215.87,146578,160,60,0,0
270943,1,35,1856,0,0,26,21215.87,146578,160,60,0,0
271062,1,35,1856,0,0,26,21215.87,146578,160,60,0,0
271143,1,35,1856,0,0,26,21215.87,146578,160,60,0,0
271287,1,35,1856,0,0,26,21215.87,146578,160,60,0,0
271388,1,35,1888,0,0,26,21215.87,146578,160,60,0,0
271490,1,35,1856,0,0,26,21215.87,146578,160,60,0,0
271588,1,35,1856,0,0,26,21215.87,146578,160,60,0,0
271707,1,35,1888,0,0,26,21215.87,146578,160,60,0,0
271791,1,35,1856,0,0,26,21215.87,146578,160,60,0,0
271944,1,35,1856,0,0,26,21215.87,146578,160,60,0,0
272062,1,35,1888,0,0,26,21215.87,146578,160,60,0,0
272162,1,35,1856,0,0,26,21215.87,146578,160,60,0,0
272262,1,35,1856,0,0,26,21215.87,146578,160,60,0,0
272388,1,35,1856,0,0,26,21215.87,146578,160,60,0,0
272490,1,35,1856,0,0,26,21215.87,146578,160,60,0,0
272588,1,35,1856,0,0,26,21215.87,146578,160,60,0,0
272707,1,35,1824,0,0,26,21215.87,146578,160,60,0,0
272788,1,35,1824,0,0,26,21215.87,146578,160,60,0,0
272944,1,35,1824,0,0,26,21215.87,146578,160,60,0,0
273043,1,35,1856,0,0,26,21215.87,146578,160,60,0,0
273162,1,35,1824,0,0,26,21215.87,146578,160,60,0,0
273262,1,35,1856,0,0,26,21215.87,146578,160,60,0,0
273389,1,35,1824,0,0,26,21215.87,146578,160,60,0,0
273490,1,35,1824,0,0,26,21215.87,146578,160,60,0,0
273588,1,35,1824,0,0,26,21215.87,146578,160,60,0,0
273713,1,35,1824,0,0,26,21215.87,146578,160,60,0,0
273835,1,34,1824,0,0,26,21215.87,146578,160,60,0,0
273943,1,35,1824,0,0,26,21215.87,146578,160,60,0,0
274046,1,35,1824,0,0,26,21215.87,146578,160,60,0,0
274162,1,34,1824,0,0,26,21215.87,146578,160,60,0,0
274262,1,34,1824,0,0,26,21215.87,146578,160,60,0,0
274388,1,34,1824,0,0,26,21215.87,146578,160,60,0,0
274489,1,34,1824,0,0,26,21215.87,146578,174,60,0,0
274588,1,34,1792,0,0,26,21215.87,146578,174,60,0,0
274707,1,34,1824,0,0,26,21215.87,146578,174,60,0,0
274835,1,34,1792,0,0,26,21215.87,146578,174,60,0,0
274944,1,34,1792,0,0,26,21215.87,146578,174,60,0,0
275045,1,34,1792,0,0,26,21215.87,146578,174,59,0,0
275162,1,34,1792,0,0,26,21215.87,146578,174,59,0,0
275262,1,34,1792,0,0,26,21215.87,146578,174,59,0,0
275388,1,34,1792,0,0,26,21215.87,146578,174,59,0,0
275490,1,34,1792,0,0,26,21215.87,146578,174,59,0,0
275588,1,34,1792,0,0,26,21215.87,146578,174,59,0,0
275711,1,34,1792,0,0,26,21215.87,146578,174,59,0,0
275827,1,34,1792,0,0,26,21215.87,146578,174,59,0,0
275943,1,34,1760,0,0,26,21215.87,146578,174,59,0,0
276045,1,33,1792,0,0,26,21215.87,146578,174,59,0,0
276162,1,33,1760,0,0,26,21215.87,146578,174,59,0,0
276262,1,33,1792,0,0,26,21215.87,146578,174,59,0,0
276385,1,33,1760,0,0,26,21215.87,146578,174,59,0,0
276489,1,33,1760,0,0,26,21215.87,146578,174,59,0,0
276588,1,33,1760,0,0,26,21215.87,146578,174,59,0,0
276711,1,33,1760,0,0,26,21215.87,146578,174,59,0,0
276828,1,33,1760,0,0,26,21215.87,146578,174,59,0,0
276935,1,33,1760,0,0,26,21215.87,146578,174,59,0,0
277044,1,33,1728,0,0,26,21215.87,146578,174,59,0,0
277162,1,33,1760,0,0,26,21215.87,146578,174,59,0,0
277265,1,33,1760,0,0,26,21215.87,146578,174,59,0,0
277362,1,33,1760,0,0,26,21215.87,146578,174,59,0,0
277489,1,33,1760,0,0,26,21215.87,146578,174,59,0,0
277588,1,33,1728,0,0,26,21215.87,146578,174,59,0,0
277711,1,33,1728,0,0,26,21215.87,146578,174,59,0,0
277787,1,33,1728,0,0,26,21215.87,146578,174,59,0,0
277935,1,33,1728,0,0,26,21215.87,146578,174,59,0,0
278043,1,33,1728,0,0,26,21215.87,146578,174,59,0,0
278162,1,33,1728,0,0,26,21215.87,146578,174,59,0,0
278264,1,33,1728,0,0,26,21215.87,146578,174,59,0,0
278377,1,32,1728,0,0,26,21215.87,146578,174,59,0,0
278489,1,32,1728,0,0,26,21215.87,146578,174,59,0,0
278588,1,32,1696,0,0,26,21215.87,146578,174,59,0,0
278707,1,32,1696,0,0,26,21215.87,146578,174,59,0,0
278826,1,32,1696,0,22,26,21215.87,146578,174,59,0,0
278935,1,32,1696,0,22,26,21215.87,146578,174,59,0,0
279043,1,32,1696,0,22,26,21215.87,146578,174,59,0,0
279163,1,32,1696,0,22,26,21215.87,146578,174,59,0,0
279264,1,32,1696,0,40,26,21215.87,146578,174,59,0,0
279388,1,32,1664,0,52,26,21215.87,146578,174,59,0,0
279489,1,31,1632,0,56,26,21215.87,146578,174,59,0,0
279588,1,31,1632,0,60,26,21215.87,146578,174,59,0,0
279707,1,31,1600,0,58,26,21215.87,146578,174,59,0,0
279827,1,30,1600,0,62,26,21215.87,146578,174,59,0,0
279943,1,30,1568,0,60,26,21215.87,146578,174,59,0,0
280044,1,30,1568,0,60,26,21215.87,146578,174,59,0,0
280162,1,29,1536,0,62,26,21215.87,146578,174,59,0,0
280263,1,29,1536,0,60,26,21215.87,146578,174,59,0,0
280388,1,29,1504,0,60,26,21215.87,146578,174,59,0,0
280489,1,28,1472,0,62,26,21215.87,146578,174,59,0,0
280587,1,28,1472,0,62,26,21215.87,146578,174,59,0,0
280707,1,28,1472,0,60,26,21215.87,146578,174,59,0,0
280827,1,28,1440,0,66,26,21215.87,146578,174,59,0,0
280943,1,28,1408,0,66,26,21215.87,146578,174,59,0,0
281062,1,27,1408,0,64,26,21215.87,146578,174,59,0,0
281171,1,26,1376,0,64,26,21215.87,146578,174,59,0,0
281285,1,26,1376,0,62,26,21215.87,146578,174,59,0,0
281388,1,26,1344,0,64,26,21215.87,146578,174,59,0,0
281489,1,25,1344,0,64,26,21215.87,146578,174,59,0,0
281588,1,25,1312,0,66,26,21215.87,146578,174,59,0,0
281707,1,25,1280,0,64,26,21215.87,146578,174,59,0,0
281790,1,25,1297,0,66,26,21215.87,146578,174,59,0,0
281943,1,25,1274,0,66,26,21215.87,146578,174,59,0,0
282062,1,24,1278,0,64,26,21215.87,146578,174,59,0,0
282162,1,23,1226,0,68,26,21215.87,146578,174,59,0,0
282287,1,23,1222,0,74,26,21215.87,146578,174,58,0,0
282388,1,23,1154,0,82,26,21215.87,146578,174,58,0,0
282489,1,22,1185,0,90,26,21215.87,146578,174,58,0,0
282587,1,22,1121,0,88,26,21215.87,146578,174,58,0,0
282707,1,21,1148,0,92,26,21215.87,146578,174,58,0,0
282788,1,21,1103,0,92,26,21215.87,146578,174,58,0,0
282957,1,21,1073,0,92,26,21215.87,146578,174,58,0,0
283062,1,20,1072,0,92,26,21215.87,146578,174,58,0,0
283162,1,19,1039,0,96,26,21215.87,146578,174,58,0,0
283285,1,19,1011,0,92,26,21215.87,146578,174,58,0,0
283388,1,19,1013,0,76,26,21215.87,146578,174,58,0,0
283488,1,18,1020,0,2,26,21215.87,146578,174,58,0,0
283588,1,18,995,0,0,26,21215.87,146578,174,58,0,0
283735,1,18,968,0,0,26,21215.87,146578,174,58,0,0
283787,1,18,969,0,0,26,21215.87,146578,174,58,0,0
283957,1,18,974,0,0,26,21215.87,146578,174,58,0,0
284062,1,19,997,0,0,26,21215.87,146578,174,58,0,0
284162,1,19,1007,0,0,26,21216.87,146578,174,58,0,0
284262,1,19,1054,0,0,26,21216.87,146578,174,58,0,0
284388,1,19,1000,0,0,26,21216.87,146578,174,58,0,0
284489,1,19,1000,0,0,26,21216.87,146578,174,58,0,0
284587,1,19,1006,0,0,26,21216.87,146578,174,58,0,0
284734,1,19,1045,0,0,26,21216.87,146578,174,58,0,0
284787,1,19,1046,0,0,26,21216.87,146578,174,58,0,0
284962,1,19,1044,0,0,26,21216.87,146578,174,58,0,0
285062,1,19,1074,0,0,26,21216.87,146578,174,58,0,0
285184,1,19,1077,0,0,26,21216.87,146578,174,58,0,0
285287,1,19,1078,0,0,26,21216.87,146578,174,58,0,0
285398,1,19,1078,0,0,26,21216.87,146578,174,58,0,0
285489,1,19,1070,0,0,26,21216.87,146578,174,58,0,0
285587,1,19,1036,0,0,26,21216.87,146578,174,58,0,0
285735,1,19,1068,0,0,26,21216.87,146578,174,58,0,0
285787,1,19,1069,0,0,26,21216.87,146578,174,58,0,0
285962,1,19,1069,12,0,26,21216.87,146578,174,58,0,0
286062,1,19,1165,19,0,26,21216.87,146578,174,58,0,0
286187,1,18,1585,30,0,26,21216.87,146578,174,58,0,0
286287,1,18,1396,31,0,26,21216.87,146578,174,58,0,0
286397,1,19,1332,34,0,26,21216.87,146578,174,58,0,0
286489,1,19,1467,50,0,26,21216.87,146578,174,58,0,0
286587,1,19,1545,57,0,26,21217.88,146578,174,58,0,0
286734,1,19,1397,59,0,26,21217.88,146578,174,58,0,0
286787,1,19,1456,59,0,26,21217.88,146578,174,58,0,0
286962,1,19,1520,70,0,26,21217.88,146578,174,58,0,0
287077,1,20,1523,72,0,26,21217.88,146578,174,58,0,0
287187,1,20,1550,75,0,26,21217.88,146578,174,58,0,0
287287,1,20,1556,77,0,26,21217.88,146578,174,58,0,0
287397,1,20,1588,81,0,26,21217.88,146578,174,58,0,0
287488,1,21,1600,83,0,26,21217.88,146578,174,58,0,0
287634,1,21,1680,85,0,26,21218.94,146578,174,58,0,0
287743,1,21,1666,91,0,26,21218.94,146578,174,58,0,0
287861,1,22,1710,91,0,26,21218.94,146578,174,58,0,0
287962,1,23,1754,91,0,26,21218.94,146578,174,58,0,0
288077,1,23,1763,93,0,26,21218.94,146578,174,58,0,0
288187,1,23,1839,93,0,26,21218.94,146578,174,58,0,0
288287,1,24,1887,93,0,26,21220.02,146578,174,58,0,0
288396,1,24,1887,93,0,26,21220.02,146578,174,58,0,0
288489,1,25,1935,93,0,26,21220.02,146578,174,58,0,0
288634,1,25,1975,93,0,26,21220.02,146578,174,58,0,0
288743,1,26,1985,89,0,26,21220.02,146578,174,58,0,0
288861,1,26,2020,88,0,26,21220.02,146578,174,58,0,0
288962,1,27,2074,87,0,26,21221.02,146578,174,58,0,0
289084,1,27,2097,87,0,26,21221.02,146578,174,58,0,0
289187,1,28,2120,87,0,26,21221.02,146578,174,58,0,0
289287,1,28,2182,87,0,26,21221.02,146578,174,58,0,0
289390,1,28,2183,88,0,26,21221.02,146578,174,58,0,0
289491,1,29,2216,90,0,26,21222.09,146578,174,58,0,0
289634,1,29,2293,93,0,26,21222.09,146578,174,58,0,0
289744,1,30,2317,94,0,26,21222.09,146578,174,58,0,0
289787,1,30,2306,94,0,26,21222.09,146578,174,58,0,0
289962,1,31,2380,96,0,26,21222.09,146578,174,58,0,0
290087,1,31,2427,96,0,26,21223.18,146578,174,58,0,0
290187,1,32,2443,96,0,26,21223.18,146578,174,58,0,0
290287,1,32,2489,96,0,26,21223.18,146578,174,58,0,0
290389,1,32,2532,96,0,26,21223.18,146578,174,58,0,0
290488,1,33,2577,96,0,26,21224.21,146578,174,58,0,0
290642,1,34,2623,93,0,26,21224.21,146578,174,58,0,0
290743,1,34,2639,89,0,26,21224.21,146578,174,58,0,0
290861,1,35,2682,87,0,26,21224.21,146578,174,58,0,0
290961,1,35,2701,86,0,26,21225.23,146578,174,58,0,0
291061,1,36,2742,86,0,26,21225.23,146578,174,58,0,0
291187,1,36,2765,86,0,26,21225.23,146578,174,58,0,0
291287,1,37,2793,83,0,26,21225.23,146578,174,58,0,0
291394,1,37,2789,77,0,26,21226.29,146578,174,58,0,0
291489,1,37,2835,66,0,26,21226.29,146578,174,58,0,0
291643,1,37,2808,31,0,26,21226.29,146578,174,58,0,0
291743,1,38,2825,3,0,26,21226.29,146578,174,58,0,0
291861,1,37,2733,0,0,26,21226.29,146578,174,58,0,0
291961,1,37,2682,0,0,26,21226.29,146578,174,58,0,0
292087,1,37,2432,0,0,26,21226.29,146578,174,58,0,0
292187,1,37,2304,0,0,26,21226.29,146578,174,58,0,0
292287,1,37,2189,0,0,26,21226.29,146578,174,58,0,0
292393,1,37,2157,0,0,26,21226.29,146578,174,58,0,0
292534,1,37,1921,0,0,26,21226.29,146578,174,58,0,0
292643,1,37,1802,0,0,26,21227.29,146578,174,58,0,0
292743,1,37,1699,0,0,26,21227.29,146578,174,58,0,0
292827,1,37,1670,0,0,26,21227.29,146578,174,58,0,0
292961,1,37,1626,0,0,26,21227.29,146578,174,58,0,0
293087,1,37,1555,0,0,26,21227.29,146578,174,58,0,0
293187,1,37,1484,0,0,26,21227.29,146578,174,58,0,0
293287,1,37,1450,0,0,26,21227.29,146578,174,58,0,0
293387,1,37,1416,0,0,26,21227.29,146578,174,58,0,0
293534,1,37,1350,0,0,26,21227.29,146578,174,58,0,0
293643,1,37,1318,0,0,26,21227.29,146578,174,58,0,0
293761,1,37,1319,0,0,26,21227.29,146578,174,58,0,0
293861,1,36,1286,0,0,26,21227.29,146578,174,58,0,0
293984,1,36,1252,0,0,26,21227.29,146578,174,58,0,0
294087,1,36,1220,0,0,26,21227.29,146578,174,58,0,0
294206,1,36,1220,0,0,26,21227.29,146578,174,58,0,0
294287,1,36,1188,0,0,26,21227.29,146578,174,58,0,0
294388,1,36,1187,0,0,26,21227.29,146578,174,58,0,0
294542,1,36,1155,0,0,26,21227.29,146578,174,58,0,0
294642,1,36,1154,0,0,26,21227.29,146578,174,58,0,0
294762,1,36,1122,0,0,26,21227.29,146578,174,58,0,0
294861,1,36,1123,0,0,26,21227.29,146578,174,58,0,0
294987,1,36,1121,0,0,26,21227.29,146578,174,58,0,0
295087,1,36,1089,0,0,26,21227.29,146578,174,58,0,0
295207,1,36,1089,0,0,26,21227.29,146578,174,58,0,0
295287,1,36,1089,0,0,26,21227.29,146578,174,58,0,0
295434,1,36,1089,0,0,26,21227.29,146578,174,58,0,0
295543,1,35,1089,0,0,26,21228.29,146578,174,58,0,0
295643,1,35,1057,0,0,26,21228.29,146578,174,58,0,0
295761,1,35,1088,0,0,26,21228.29,146578,174,58,0,0
295861,1,35,1084,0,0,26,21228.29,146578,174,58,0,0
295988,1,35,1082,0,0,26,21228.29,146578,174,58,0,0
296087,1,35,1082,0,0,26,21228.29,146578,174,58,0,0
296206,1,35,1082,0,0,26,21228.29,146578,174,58,0,0
296287,1,35,1082,0,0,26,21228.29,146578,174,58,0,0
296434,1,35,1083,0,0,26,21228.29,146578,174,58,0,0
296544,1,35,1083,0,0,26,21228.29,146578,174,58,0,0
296642,1,35,1084,0,0,26,21228.29,146578,174,58,0,0
296761,1,34,1084,0,0,26,21228.29,146578,174,58,0,0
296861,1,34,1084,0,0,26,21228.29,146578,174,58,0,0
296987,1,34,1084,0,0,26,21228.29,146578,174,58,0,0
297087,1,34,1084,0,0,26,21228.29,146578,174,58,0,0
297206,1,34,1084,0,0,26,21228.29,146578,174,58,0,0
297327,1,34,1084,0,0,26,21228.29,146578,174,58,0,0
297434,1,34,1084,0,0,26,21228.29,146578,174,58,0,0
297543,1,34,1084,0,0,26,21228.29,146578,174,58,0,0
297643,1,34,1085,0,0,26,21228.29,146578,174,58,0,0
297761,1,34,1084,0,0,26,21228.29,146578,174,58,0,0
297884,1,33,1084,0,0,26,21228.29,146578,174,58,0,0
297987,1,33,1084,0,0,26,21228.29,146578,174,58,0,0
298087,1,33,1084,0,0,26,21228.29,146578,174,58,0,0
298206,1,33,1083,0,0,26,21228.29,146578,174,58,0,0
298326,1,33,1083,0,0,26,21228.29,146578,174,58,0,0
298442,1,33,1083,0,0,26,21228.29,146578,174,58,0,0
298542,1,33,1082,0,0,26,21228.29,146578,174,58,0,0
298661,1,33,1082,0,0,26,21228.29,146578,174,58,0,0
298761,1,33,1081,0,0,26,21228.29,146578,174,58,0,0
298885,1,32,1081,0,0,26,21228.29,146578,174,58,0,0
298987,1,32,1081,0,0,26,21228.29,146578,174,58,0,0
299087,1,32,1081,0,0,26,21229.30,146578,174,58,0,0
299261,1,32,1081,0,0,26,21229.30,146578,174,59,0,0
299363,1,32,1081,0,0,26,21229.30,146578,174,59,0,0
299489,1,32,1081,0,10,26,21229.30,146578,174,59,0,0
299587,1,32,1081,0,12,26,21229.30,146578,174,59,0,0
299706,1,32,1083,0,12,26,21229.30,146578,174,59,0,0
299787,1,32,1082,0,12,26,21229.30,146578,174,59,0,0
299935,1,32,1083,0,12,26,21229.30,146578,174,59,0,0
300043,1,31,1083,0,14,26,21229.30,146578,174,59,0,0
300161,1,31,1083,0,18,26,21229.30,146578,174,59,0,0
300261,1,31,1083,0,18,26,21229.30,146578,174,59,0,0
300385,1,31,1084,0,20,26,21229.30,146578,174,59,0,0
300488,1,31,1083,0,26,26,21229.30,146578,174,59,0,0
300587,1,31,1083,0,26,26,21229.30,146578,174,59,0,0
300706,1,30,1083,0,32,26,21229.30,146578,174,59,0,0
300826,1,30,1083,0,32,26,21229.30,146578,174,59,0,0
300934,1,30,1051,0,34,26,21229.30,146578,174,59,0,0
301043,1,30,1081,0,34,26,21229.30,146578,174,59,0,0
301161,1,29,1081,0,34,26,21229.30,146578,174,59,0,0
301261,1,29,1082,0,38,26,21229.30,146578,174,59,0,0
301326,1,29,1083,0,44,26,21229.30,146578,174,59,0,0
301487,1,28,1084,0,54,26,21229.30,146578,174,59,0,0
301587,1,28,1084,0,58,26,21229.30,146578,174,59,0,0
301706,1,28,1084,0,60,26,21229.30,146578,174,59,0,0
301790,1,27,1052,0,62,26,21229.30,146578,174,59,0,0
301942,1,27,1084,0,68,26,21229.30,146578,174,59,0,0
302043,1,26,1085,0,72,26,21229.30,146578,174,59,0,0
302161,1,25,1085,0,74,26,21229.30,146578,174,59,0,0
302261,1,25,1086,0,76,26,21229.30,146578,174,59,0,0
302388,1,25,1085,0,78,26,21229.30,146578,174,59,0,0
302489,1,24,1084,0,78,26,21229.30,146578,174,59,0,0
302587,1,23,1085,0,74,26,21230.30,146578,174,59,0,0
302706,1,23,1085,0,78,26,21230.30,146578,174,59,0,0
302826,1,22,1085,0,72,26,21230.30,146578,174,59,0,0
302943,1,22,1085,0,42,26,21230.30,146578,174,59,0,0
303043,1,22,1053,0,34,26,21230.30,146578,174,59,0,0
303161,1,21,1085,0,36,26,21230.30,146578,174,59,0,0
303261,1,21,1086,0,36,26,21230.30,146578,174,59,0,0
303388,1,21,1086,0,36,26,21230.30,146578,174,60,0,0
303488,1,20,1087,0,44,26,21230.30,146579,174,60,0,0
303587,1,20,1086,0,48,26,21230.30,146579,174,60,0,0
303706,1,20,1086,0,54,26,21230.30,146579,174,60,0,0
303787,1,19,1086,0,58,26,21230.30,146579,174,60,0,0
303943,1,19,1087,0,58,26,21230.30,146579,174,60,0,0
304043,1,18,1055,0,62,26,21230.30,146579,174,60,0,0
304161,1,18,1086,0,66,26,21230.30,146579,174,60,0,0
304261,1,17,1086,0,68,26,21230.30,146579,174,60,0,0
304387,1,17,1087,0,70,26,21230.30,146579,174,60,0,0
304489,1,16,1087,0,42,26,21230.30,146579,186,60,0,0
304587,1,16,1087,0,0,26,21230.30,146579,186,60,0,0
304706,1,16,1087,0,0,26,21230.30,146579,186,60,0,0
304835,1,15,1055,0,0,26,21230.30,146579,186,60,0,0
304943,1,15,1087,0,0,26,21230.30,146579,186,60,0,0
305061,1,15,1087,0,0,26,21230.30,146579,186,60,0,0
305161,1,15,1055,0,0,26,21230.30,146579,186,60,0,0
305284,1,15,1087,0,0,26,21230.30,146579,186,60,0,0
305388,1,15,1087,0,0,26,21230.30,146579,186,60,0,0
305489,1,15,1055,0,0,26,21230.30,146579,186,60,0,0
305588,1,14,1087,0,0,26,21230.30,146579,186,60,0,0
305706,1,14,1056,0,0,26,21230.30,146579,186,60,0,0
305834,1,14,1057,0,0,26,21230.30,146579,186,60,0,0
305943,1,14,1057,0,0,26,21231.30,146579,186,60,0,0
306062,1,15,1086,0,0,26,21231.30,146579,186,60,0,0
306161,1,14,1054,0,0,26,21231.30,146579,186,60,0,0
306287,1,14,1053,0,0,26,21231.30,146579,186,60,0,0
306387,1,13,1052,0,0,26,21231.30,146579,186,60,0,0
306488,1,14,1085,0,0,26,21231.30,146579,186,60,0,0
306587,1,13,1086,0,0,26,21231.30,146579,186,60,0,0
306706,1,13,1087,0,0,26,21231.30,146579,186,60,0,0
306834,1,13,1087,0,0,26,21231.30,146579,186,60,0,0
306943,1,13,1087,0,0,26,21231.30,146579,186,60,0,0
307061,1,12,1087,0,0,26,21231.30,146579,186,60,0,0
307161,1,12,1087,0,0,26,21231.30,146579,186,60,0,0
307285,1,12,1087,0,0,26,21231.30,146579,186,60,0,0
307388,1,11,1086,0,0,26,21231.30,146579,186,60,0,0
307488,1,11,1085,0,0,26,21231.30,146579,186,60,0,0
307588,1,11,1085,0,0,26,21231.30,146579,186,60,0,0
307706,1,11,1085,0,0,26,21231.30,146579,186,60,0,0
307834,1,11,1085,0,0,26,21231.30,146579,186,60,0,0
307956,1,11,1085,0,0,26,21231.30,146579,186,60,0,0
308061,1,10,1085,0,0,26,21231.30,146579,186,60,0,0
308161,1,11,1053,0,0,26,21231.30,146579,186,60,0,0
308287,1,10,1052,0,0,26,21231.30,146579,186,60,0,0
308390,1,10,1053,0,0,26,21231.30,146579,186,60,0,0
308488,1,10,1052,0,0,26,21231.30,146579,186,60,0,0
308587,1,10,1052,0,0,26,21231.30,146579,186,60,0,0
308706,1,10,1054,0,0,26,21231.30,146579,186,60,0,0
308834,1,10,1085,0,0,26,21231.30,146579,186,60,0,0
308956,1,10,1086,0,0,26,21231.30,146579,186,60,0,0
309061,1,10,1054,0,0,26,21231.30,146579,186,60,0,0
309161,1,9,1055,0,0,26,21231.30,146579,186,60,0,0
309287,1,9,1087,0,0,26,21231.30,146579,186,60,0,0
309387,1,9,1087,0,0,26,21232.31,146579,186,60,0,0
309488,1,9,1087,0,0,26,21232.31,146579,186,60,0,0
309587,1,9,1055,0,0,26,21232.31,146579,186,60,0,0
309734,1,9,1056,0,0,26,21232.31,146579,186,60,0,0
309788,1,9,1024,0,0,26,21232.31,146579,186,60,0,0
309960,1,9,1057,0,0,26,21232.31,146579,186,60,0,0
310061,1,8,1024,0,0,26,21232.31,146579,186,60,0,0
310185,1,8,1025,0,0,26,21232.31,146579,186,60,0,0
310288,1,9,1057,0,0,26,21232.31,146579,186,60,0,0
310388,1,9,1025,0,0,26,21232.31,146579,186,60,0,0
310488,1,9,1025,0,0,26,21232.31,146579,186,60,0,0
310587,1,8,1024,0,0,26,21232.31,146579,186,60,0,0
310734,1,8,1025,0,0,26,21232.31,146579,186,60,0,0
310826,1,8,1025,0,0,26,21232.31,146579,186,60,0,0
310961,1,8,1025,0,0,26,21232.31,146579,186,60,0,0
311061,1,8,1024,0,0,26,21232.31,146579,186,60,0,0
311161,1,8,1025,0,0,26,21232.31,146579,186,60,0,0
311288,1,8,1025,0,0,26,21232.31,146579,186,60,0,0
311388,1,8,1025,0,0,26,21232.31,146579,186,60,0,0
311488,1,8,1025,0,0,26,21232.31,146579,186,60,0,0
311588,1,8,1025,0,0,26,21232.31,146579,186,60,0,0
311734,1,8,1026,0,0,26,21232.31,146579,186,60,0,0
311835,1,8,1026,0,0,26,21232.31,146579,186,60,0,0
311961,1,8,1026,0,0,26,21232.31,146579,186,60,0,0
312076,1,8,1027,0,0,26,21232.31,146579,186,60,0,0
312187,1,8,1027,0,0,26,21232.31,146579,186,60,0,0
312287,1,8,1027,0,0,26,21232.31,146579,186,60,0,0
312388,1,8,1027,0,0,26,21232.31,146579,186,60,0,0
312488,1,8,1027,0,0,26,21232.31,146579,186,60,0,0
312634,1,8,1027,0,0,26,21233.31,146579,186,60,0,0
312743,1,8,1027,0,0,26,21233.31,146579,186,60,0,0
312834,1,8,1027,0,0,26,21233.31,146579,186,60,0,0
312961,1,8,1027,0,0,26,21233.31,146579,186,60,0,0
313077,1,8,1027,0,0,26,21233.31,146579,186,60,0,0
313188,1,8,1027,0,0,26,21233.31,146579,186,60,0,0
313287,1,8,1027,0,0,26,21233.31,146579,186,60,0,0
313388,1,8,1027,0,0,26,21233.31,146579,186,60,0,0
313488,1,7,1026,0,0,26,21233.31,146579,186,60,0,0
313634,1,7,1025,0,0,26,21233.31,146579,186,60,0,0
313743,1,7,1025,0,0,26,21233.31,146579,186,60,0,0
313826,1,7,1024,0,0,26,21233.31,146579,186,60,0,0
313961,1,7,1024,0,0,26,21233.31,146579,186,60,0,0
314087,1,7,1055,0,0,26,21233.31,146579,186,60,0,0
314188,1,7,1055,0,0,26,21233.31,146579,186,60,0,0
314288,1,7,1023,0,0,26,21233.31,146579,186,60,0,0
314388,1,7,1055,0,0,26,21233.31,146579,186,60,0,0
314534,1,7,1055,0,0,26,21233.31,146579,186,60,0,0
314635,1,7,1055,0,0,26,21233.31,146579,186,60,0,0
314761,1,7,1055,0,0,26,21233.31,146579,186,60,0,0
314835,1,7,1024,0,0,26,21233.31,146579,186,60,0,0
314961,1,7,1025,0,0,26,21233.31,146579,186,60,0,0
315087,1,7,1025,0,0,26,21233.31,146579,186,60,0,0
315188,1,7,1025,0,0,26,21233.31,146579,186,60,0,0
315288,1,7,1025,0,0,26,21233.31,146579,186,60,0,0
315388,1,7,1025,0,0,26,21233.31,146579,186,60,0,0
315534,1,7,1025,0,0,26,21233.31,146579,186,60,0,0
315643,1,6,1026,0,0,26,21233.31,146579,186,60,0,0
315743,1,7,1025,0,0,26,21233.31,146579,186,60,0,0
315867,1,6,1024,0,0,26,21234.32,146579,186,60,0,0
315961,1,6,1055,0,0,26,21234.32,146579,186,60,0,0
316088,1,6,1055,0,0,26,21234.32,146579,186,60,0,0
316189,1,6,1023,0,0,26,21234.32,146579,186,60,0,0
316288,1,6,1022,0,0,26,21234.32,146579,186,60,0,0
316388,1,6,1054,0,0,26,21234.32,146579,186,60,0,0
316535,1,6,1022,0,0,26,21234.32,146579,186,60,0,0
316643,1,6,1021,0,0,26,21234.32,146579,186,60,0,0
316743,1,6,1023,0,0,26,21234.32,146579,186,60,0,0
316866,1,6,1055,0,0,26,21234.32,146579,186,60,0,0
316961,1,6,1055,0,0,26,21234.32,146579,186,60,0,0
317088,1,6,1025,0,0,26,21234.32,146579,186,60,0,0
317188,1,6,992,0,0,26,21234.32,146579,186,60,0,0
317288,1,5,993,0,0,26,21234.32,146579,186,60,0,0
317388,1,5,1024,0,0,26,21234.32,146579,186,60,0,0
317535,1,5,993,0,0,26,21234.32,146579,186,60,0,0
317643,1,5,1023,0,0,26,21234.32,146579,186,60,0,0
317743,1,5,1023,0,0,26,21234.32,146579,186,60,0,0
317835,1,5,1054,0,0,26,21234.32,146579,186,60,0,0
317961,1,5,1022,0,0,26,21234.32,146579,186,60,0,0
318076,1,5,1022,0,0,26,21234.32,146579,186,60,0,0
318188,1,5,1021,0,10,26,21234.32,146579,186,60,0,0
318289,1,5,1021,0,14,26,21234.32,146579,186,60,0,0
318388,1,5,1023,0,24,26,21234.32,146579,186,60,0,0
318488,1,4,1022,0,18,26,21234.32,146579,186,60,0,0
318643,1,4,1022,0,26,26,21234.32,146579,186,60,0,0
318744,1,4,992,0,48,26,21234.32,146579,186,60,0,0
318826,1,4,993,0,52,26,21234.32,146579,186,60,0,0
318961,1,4,992,0,52,26,21234.32,146579,186,60,0,0
319085,1,3,991,0,70,26,21234.32,146579,186,60,0,0
319188,1,3,991,0,80,26,21235.33,146579,186,60,0,0
319288,1,3,990,0,84,26,21235.33,146579,186,60,0,0
319388,1,2,958,0,84,26,21235.33,146579,186,60,0,0
319490,1,0,924,0,86,26,21235.33,146579,186,60,0,0
319635,1,0,890,0,96,26,21235.33,146579,186,60,0,0
319743,1,0,857,0,104,26,21235.33,146579,186,60,0,0
319788,1,0,856,0,108,26,21235.33,146579,186,60,0,0
319961,1,0,856,0,110,26,21235.33,146579,186,60,0,0
320076,1,0,856,0,114,26,21235.33,146579,186,60,0,0
320188,1,0,856,0,116,26,21235.33,146579,186,60,0,0
320288,1,0,856,0,116,26,21235.33,146579,186,60,0,0
320388,1,0,856,0,116,26,21235.33,146579,186,60,0,0
320489,1,0,857,0,118,26,21235.33,146579,186,60,0,0
320588,1,0,857,0,118,26,21235.33,146579,186,60,0,0
320744,1,0,857,0,118,26,21235.33,146579,186,60,0,0
320819,1,0,857,0,120,26,21235.33,146579,186,60,0,0
320965,1,0,857,0,120,26,21235.33,146579,186,60,0,0
