timestamp,ignition,speed,rpm,throttle,brake,fuel_level,fuel_cons,distance,range,oil_temp,esp,rear_gear
19489,1,0,0,0,286,0,61138.46,147047,102,0,0,0
19615,1,0,0,0,12,0,61138.46,147047,102,48,0,0
19716,1,0,0,0,14,0,61138.46,147047,102,48,0,0
19843,1,0,0,0,14,0,61138.46,147047,102,48,0,0
19943,1,0,128,0,14,0,61138.46,147047,102,48,0,0
20065,1,0,192,0,14,0,61138.46,147047,102,48,0,0
20174,1,0,267,0,14,0,61138.46,147047,102,48,0,0
20276,1,0,320,0,14,0,61138.46,147047,102,48,0,0
20396,1,0,974,0,26,0,61138.46,147047,102,48,0,0
20515,1,0,1506,0,56,22,61138.46,147047,2150,48,0,0
20593,1,0,1589,0,106,22,61138.46,147047,2150,48,0,0
20743,1,0,1623,0,160,22,61138.46,147047,2150,48,0,0
20845,1,0,1627,0,216,22,61138.46,147047,2150,48,0,0
20966,1,0,1594,0,266,22,61138.46,147047,2150,48,0,0
21071,1,0,1554,0,310,22,61138.46,147047,2150,48,0,0
21193,1,0,1445,0,362,22,61138.46,147047,2150,48,0,0
21265,1,0,1354,0,362,22,61138.46,147047,2150,48,0,0
21415,1,0,1370,0,410,22,61138.46,147047,2150,48,0,0
21517,1,0,1339,0,416,22,61138.46,147047,102,48,0,0
21615,1,0,1315,0,406,22,61139.49,147047,102,48,0,0
21743,1,0,1313,0,386,22,61139.49,147047,102,48,0,0
21843,1,0,1341,0,376,22,61139.49,147047,102,48,0,0
21975,1,0,1337,0,362,22,61139.49,147047,102,48,0,0
22083,1,0,1335,0,352,22,61139.49,147047,102,48,0,0
22193,1,0,1337,0,350,22,61139.49,147047,102,48,0,0
22276,1,0,1307,0,350,22,61139.49,147047,102,48,0,0
22415,1,0,1340,0,356,22,61139.49,147047,102,48,0,0
22515,1,0,1309,0,360,22,61139.49,147047,102,48,0,0
22615,1,0,1309,0,362,22,61139.49,147047,102,48,0,0
22743,1,0,1280,0,364,22,61139.49,147047,102,48,0,0
22866,1,0,1282,0,364,22,61139.49,147047,102,48,0,0
22975,1,0,1283,0,364,22,61139.49,147047,102,48,0,0
23093,1,0,1284,0,362,22,61139.49,147047,102,48,0,0
23193,1,0,1318,0,362,22,61139.49,147047,102,48,0,0
23293,1,0,1288,0,356,22,61140.51,147047,102,48,0,0
23415,1,0,1291,0,352,22,61140.51,147047,102,48,0,0
23515,1,0,1292,0,344,22,61140.51,147047,102,48,0,0
23649,1,0,1294,0,338,22,61140.51,147047,102,48,0,0
23743,1,0,1296,0,332,22,61140.51,147047,102,48,0,0
23874,1,0,1331,0,324,22,61140.51,147047,102,48,0,0
23975,1,0,1302,0,312,22,61140.51,147047,102,48,0,0
24093,1,0,1303,0,270,22,61140.51,147047,102,48,0,0
24193,1,0,1335,0,258,22,61140.51,147047,102,48,0,0
24276,1,0,1335,0,258,22,61140.51,147047,102,48,0,0
24415,1,0,1336,0,246,22,61140.51,147047,102,48,0,0
24543,1,0,1335,0,244,22,61140.51,147047,102,48,0,0
24649,1,0,1335,0,242,22,61140.51,147047,102,48,0,0
24743,1,0,1337,0,240,22,61141.52,147047,102,48,0,0
24875,1,0,1338,0,240,22,61141.52,147047,102,48,0,0
24975,1,0,1339,0,240,22,61141.52,147047,102,48,0,0
25093,1,0,1307,0,240,22,61141.52,147047,102,48,0,0
25216,1,0,1339,0,240,22,61141.52,147047,102,48,0,0
25276,1,0,1339,0,240,22,61141.52,147047,102,48,0,0
25415,1,0,1308,0,240,22,61141.52,147047,102,48,0,0
25543,1,0,1340,0,240,22,61141.52,147047,102,48,0,0
25649,1,0,1339,0,240,22,61141.52,147047,102,48,0,0
25766,1,0,1339,0,240,22,61141.52,147047,102,48,0,0
25875,1,0,1338,0,240,22,61141.52,147047,102,48,0,0
25994,1,0,1337,0,240,22,61141.52,147047,102,48,0,0
26093,1,0,1336,0,240,22,61142.54,147047,102,48,0,0
26216,1,0,1336,0,240,22,61142.54,147047,102,48,0,0
26293,1,0,1335,0,240,22,61142.54,147047,102,48,0,0
26443,1,0,1335,0,242,22,61142.54,147047,102,49,0,0
26543,1,0,1333,0,266,22,61142.54,147047,102,49,0,0
26671,1,0,1330,0,294,22,61142.54,147047,102,49,0,0
26777,1,0,1329,0,314,22,61142.54,147047,102,49,0,0
26875,1,0,1328,0,334,22,61142.54,147047,102,49,0,0
26993,1,0,1327,0,390,22,61142.54,147047,102,49,0,0
27115,1,0,1326,0,418,22,61142.54,147047,102,49,0,0
27216,1,0,1324,0,436,22,61142.54,147047,102,49,0,0
27334,1,0,1326,0,474,22,61142.54,147047,102,49,0,0
27443,1,0,1325,0,532,22,61143.55,147047,102,49,0,0
27543,1,0,1324,0,566,22,61143.55,147047,102,49,0,0
27671,1,0,1323,0,572,22,61143.55,147047,102,49,0,0
27777,1,0,1323,0,574,22,61143.55,147047,102,49,0,0
27896,1,0,1322,0,578,22,61143.55,147047,102,49,0,0
27993,1,0,1322,0,582,22,61143.55,147047,102,49,0,0
28115,1,0,1321,0,588,22,61143.55,147047,102,49,0,0
28216,1,0,1320,0,598,22,61143.55,147047,102,49,0,0
28342,1,0,1320,0,600,22,61143.55,147047,102,49,0,0
28443,1,0,1319,0,600,22,61143.55,147047,102,49,0,0
28571,1,0,1319,0,600,22,61143.55,147047,102,49,0,0
28671,1,0,1318,0,600,22,61143.55,147047,102,49,0,0
28743,1,0,1318,0,598,22,61143.55,147047,102,49,0,0
28896,1,0,1318,0,578,22,61143.55,147047,102,49,0,0
29015,1,0,1318,0,492,22,61144.55,147047,102,49,0,0
29115,1,0,1284,0,442,22,61144.55,147047,102,49,0,0
29216,1,0,1319,0,438,22,61144.55,147047,102,49,0,0
29346,1,0,1320,0,434,22,61144.55,147047,102,49,0,0
29464,1,0,1321,0,428,22,61144.55,147047,102,49,0,0
29571,1,0,1319,0,426,22,61144.55,147047,102,49,0,0
29671,1,0,1319,0,424,22,61144.55,147047,102,49,0,0
29776,1,0,1319,0,424,22,61144.55,147047,102,49,0,0
29896,1,0,1318,0,426,22,61144.55,147047,102,49,0,0
30020,1,0,1318,0,428,22,61144.55,147047,102,49,0,0
30115,1,0,1283,0,428,22,61144.55,147047,102,49,0,0
30243,1,0,1283,0,428,22,61144.55,147047,102,49,0,0
30343,1,0,1314,0,428,22,61144.55,147047,102,49,0,0
30467,1,0,1314,0,428,22,61144.55,147047,102,49,0,0
30571,1,0,1313,0,428,22,61145.56,147047,102,49,0,0
30693,1,0,1314,0,428,22,61145.56,147047,102,49,0,0
30793,1,0,1281,0,428,22,61145.56,147047,102,49,0,0
30915,1,0,1281,0,428,22,61145.56,147047,102,49,0,0
31018,1,0,1314,0,428,22,61145.56,147047,102,49,0,0
31115,1,0,1282,0,426,22,61145.56,147047,102,49,0,0
31243,1,0,1314,0,426,22,61145.56,147047,102,49,0,0
31351,1,0,1282,0,422,22,61145.56,147047,102,49,0,0
31467,1,0,1282,0,412,22,61145.56,147047,102,49,0,0
31583,1,0,1314,0,398,22,61145.56,147047,102,49,0,0
31776,1,0,1283,0,376,22,61145.56,147047,102,49,0,0
31896,1,0,1283,0,366,22,61145.56,147047,102,49,0,0
32015,1,0,1315,0,366,22,61145.56,147047,102,49,0,0
32115,1,0,1315,0,366,22,61146.58,147047,102,48,0,0
32216,1,0,1316,0,366,22,61146.58,147047,102,48,0,0
32333,1,0,1316,0,366,22,61146.58,147047,102,48,0,0
32443,1,0,1316,0,366,22,61146.58,147047,102,48,0,0
32571,1,0,1316,0,366,22,61146.58,147047,102,48,0,0
32671,1,0,1316,0,368,22,61146.58,147047,102,48,0,0
32793,1,0,1284,0,368,22,61146.58,147047,102,48,0,0
32896,1,0,1284,0,368,22,61146.58,147047,102,48,0,0
33015,1,0,1318,0,368,22,61146.58,147047,102,48,0,0
33115,1,0,1318,0,368,22,61146.58,147047,102,48,0,0
33243,1,0,1319,0,368,22,61146.58,147047,102,48,0,0
33351,1,0,1319,0,368,22,61146.58,147047,102,48,0,0
33467,1,0,1319,0,368,22,61146.58,147047,102,48,0,0
33571,1,0,1319,0,368,22,61146.58,147047,102,48,0,1
33671,1,0,1287,0,368,22,61147.59,147047,102,48,0,1
33793,1,0,1319,0,368,22,61147.59,147047,102,48,0,1
33896,1,0,1288,0,368,22,61147.59,147047,102,48,0,1
34015,1,0,1322,0,368,22,61147.59,147047,102,48,0,1
34115,1,0,1291,0,368,22,61147.59,147047,102,48,0,1
34244,1,0,1323,0,368,22,61147.59,147047,102,48,0,1
34344,1,0,1323,0,368,22,61147.59,147047,102,48,0,1
34467,1,0,1323,0,322,22,61147.59,147047,102,48,0,1
34583,1,0,1323,0,190,22,61147.59,147047,102,48,0,1
34693,1,0,1324,0,2,22,61147.59,147047,102,48,0,1
34793,1,0,1294,0,0,22,61147.59,147047,102,48,0,1
34915,1,0,1328,0,0,22,61147.59,147047,102,48,0,1
35015,1,0,1330,0,0,22,61147.59,147047,102,48,0,1
35115,1,0,1330,0,0,22,61147.59,147047,102,48,0,1
35243,1,0,1298,0,0,22,61148.62,147047,102,48,0,1
35365,1,0,1326,0,0,22,61148.62,147047,102,48,0,1
35476,1,0,1326,0,0,22,61148.62,147047,102,48,0,1
35583,1,0,1324,0,0,22,61148.62,147047,102,48,0,1
35693,1,0,1324,0,0,22,61148.62,147047,102,48,0,1
35776,1,0,1323,0,0,22,61148.62,147047,102,48,0,1
35915,1,0,1291,0,0,22,61148.62,147047,102,48,0,1
36015,1,0,1322,0,0,22,61148.62,147047,102,48,0,1
36148,1,0,1321,0,0,22,61148.62,147047,102,48,0,1
36243,1,0,1322,0,0,22,61148.62,147047,102,48,0,1
36374,1,0,1322,0,0,22,61148.62,147047,102,48,0,1
36481,1,0,1322,0,0,22,61148.62,147047,102,48,0,1
36593,1,0,1291,0,0,22,61148.62,147047,102,48,0,1
36693,1,0,1290,0,0,22,61148.62,147047,102,48,0,1
36793,1,0,1290,0,0,22,61149.65,147047,102,48,0,1
36915,1,0,1290,0,0,22,61149.65,147047,102,48,0,1
37043,1,0,1323,0,0,22,61149.65,147047,102,48,0,1
37149,1,0,1292,0,0,22,61149.65,147047,102,48,0,1
37265,1,0,1326,0,0,22,61149.65,147047,102,48,0,1
37375,1,0,1325,0,0,22,61149.65,147047,102,48,0,1
37481,1,0,1326,0,0,22,61149.65,147047,102,48,0,1
37593,1,0,1326,0,0,22,61149.65,147047,102,48,0,1
37715,1,0,1326,0,0,22,61149.65,147047,102,48,0,1
37765,1,0,1326,0,0,22,61149.65,147047,102,48,0,1
37915,1,0,1326,0,0,22,61149.65,147047,102,48,0,1
38044,1,0,1326,0,0,22,61149.65,147047,102,48,0,1
38149,1,0,1326,0,0,22,61149.65,147047,102,48,0,1
38266,1,0,1326,0,0,22,61150.65,147047,102,48,0,1
38374,1,0,1326,0,0,22,61150.65,147047,102,48,0,1
38494,1,0,1326,0,0,22,61150.65,147047,102,48,0,1
38593,1,0,1326,0,0,22,61150.65,147047,102,48,0,1
38715,1,0,1326,0,0,22,61150.65,147047,102,48,0,1
38793,1,0,1327,0,0,22,61150.65,147047,102,48,0,1
38915,1,0,1326,0,0,22,61150.65,147047,102,48,0,1
39043,1,0,1326,0,0,22,61150.65,147047,102,48,0,1
39149,1,0,1325,0,0,22,61150.65,147047,102,48,0,1
39275,1,0,1324,0,0,22,61150.65,147047,102,48,0,1
39374,1,0,1324,0,72,22,61150.65,147047,102,48,0,1
39494,1,0,1326,0,68,22,61150.65,147047,102,48,0,1
39593,1,0,1327,0,48,22,61150.65,147047,102,48,0,1
39716,1,0,1328,0,20,22,61151.66,147047,102,48,0,1
39793,1,0,1329,0,4,22,61151.66,147047,102,48,0,1
39943,1,0,1328,0,8,22,61151.66,147047,102,48,0,1
40043,1,0,1326,0,0,22,61151.66,147047,102,48,0,1
40165,1,0,1323,0,0,22,61151.66,147047,102,48,0,1
40276,1,0,1322,0,0,22,61151.66,147047,102,48,0,1
40374,1,0,1321,0,0,22,61151.66,147047,102,48,0,1
40494,1,0,1319,0,0,22,61151.66,147047,102,48,0,1
40593,1,0,1318,0,0,22,61151.66,147047,102,48,0,1
40715,1,0,1316,0,0,22,61151.66,147047,102,48,0,1
40833,1,0,1315,0,0,22,61151.66,147047,102,48,0,1
40943,1,0,1283,0,0,22,61151.66,147047,102,48,0,1
41043,1,0,1281,0,0,22,61151.66,147047,102,48,0,1
41171,1,0,1310,0,0,22,61152.66,147047,102,48,0,1
41277,1,0,1343,0,0,22,61152.66,147047,102,48,0,1
41396,1,0,1343,0,0,22,61152.66,147047,102,48,0,1
41493,1,0,1343,0,0,22,61152.66,147047,102,48,0,1
41615,1,0,1314,0,0,22,61152.66,147047,102,48,0,1
41715,1,0,1316,0,0,22,61152.66,147047,102,48,0,1
41842,1,0,1316,0,0,22,61152.66,147047,102,48,0,1
41943,1,0,1318,0,0,22,61152.66,147047,102,48,0,1
42065,1,0,1321,0,0,22,61152.66,147047,102,48,0,1
42171,1,0,1322,0,0,22,61152.66,147047,102,48,0,1
42276,1,0,1322,0,0,22,61152.66,147047,102,48,0,1
42396,1,0,1320,0,0,22,61152.66,147047,102,48,0,1
42515,1,0,1316,0,0,22,61152.66,147047,102,48,0,1
42615,1,0,1284,0,0,22,61152.66,147047,102,48,0,1
42715,1,0,1251,0,0,22,61153.66,147047,102,48,0,1
42843,1,0,1282,0,0,22,61153.66,147047,102,48,0,1
42963,1,0,1254,0,0,22,61153.66,147047,102,48,0,1
43070,1,0,1257,0,0,22,61153.66,147047,102,48,0,1
43176,1,0,1258,0,0,22,61153.66,147047,102,48,0,1
43276,1,0,1259,0,0,22,61153.66,147047,102,48,0,1
43395,1,0,1263,0,0,22,61153.66,147047,102,48,0,1
43515,1,0,1266,0,0,22,61153.66,147047,102,48,0,1
43615,1,0,1299,0,0,22,61153.66,147047,102,48,0,1
43715,1,0,1332,0,0,22,61153.66,147047,102,48,0,1
43792,1,0,1330,0,0,22,61153.66,147047,102,48,0,1
43965,1,0,1362,0,0,22,61153.66,147047,102,48,0,1
44070,1,0,1362,0,0,22,61153.66,147047,102,48,0,1
44170,1,0,1327,0,0,22,61154.67,147047,102,48,0,1
44292,1,0,1326,0,0,22,61154.67,147047,102,49,0,1
44415,1,0,1360,0,86,22,61154.67,147047,102,49,0,1
44515,1,0,1363,0,44,22,61154.67,147047,102,49,0,1
44615,1,0,1332,0,40,22,61154.67,147047,102,49,0,1
44742,1,0,1367,0,42,22,61154.67,147047,102,49,0,1
44842,1,0,1335,0,4,22,61154.67,147047,102,49,0,1
44974,1,0,1334,0,0,22,61154.67,147047,102,49,0,1
45082,1,0,1366,0,0,22,61154.67,147047,102,49,0,1
45192,1,0,1364,0,0,22,61154.67,147047,102,49,0,1
45276,1,0,1330,0,0,22,61154.67,147047,102,49,0,1
45416,1,0,1295,0,0,22,61154.67,147047,102,49,0,1
45515,1,0,1258,0,0,22,61155.67,147047,102,49,0,1
45615,1,0,1224,0,0,22,61155.67,147047,102,49,0,1
45742,1,0,1255,0,0,22,61155.67,147047,102,49,0,1
45865,1,0,1254,0,0,22,61155.67,147047,102,49,0,1
45974,1,0,1257,0,0,22,61155.67,147047,102,49,0,1
46082,1,0,1293,0,0,22,61155.67,147047,102,49,0,1
46192,1,0,1360,0,0,22,61155.67,147047,102,49,0,1
46276,1,0,1364,0,0,22,61155.67,147047,102,49,0,1
46415,1,0,1364,0,0,22,61155.67,147047,102,49,0,1
46515,1,0,1363,0,0,22,61155.67,147047,102,49,0,1
46648,1,0,1364,0,0,22,61155.67,147047,102,49,0,1
46742,1,0,1332,0,0,22,61155.67,147047,102,49,0,1
46865,1,0,1326,0,0,22,61155.67,147047,102,49,0,1
46974,1,0,1294,0,0,22,61156.68,147047,102,49,0,1
47092,1,0,1295,0,0,22,61156.68,147047,102,49,0,1
47192,1,0,1263,0,0,22,61156.68,147047,102,49,0,1
47317,1,0,1265,0,0,22,61156.68,147047,102,49,0,1
47415,1,2,1271,0,0,22,61156.68,147047,102,49,0,1
47521,1,2,1275,0,0,22,61156.68,147047,102,49,0,1
47648,1,2,1275,0,0,22,61156.68,147047,102,49,0,1
47742,1,3,1303,0,0,22,61156.68,147047,102,49,0,1
47873,1,3,1307,0,0,22,61156.68,147047,102,49,0,1
47974,1,3,1280,0,0,22,61156.68,147047,102,49,0,1
48092,1,3,1369,0,0,22,61156.68,147047,102,49,0,1
48192,1,3,1352,0,0,22,61156.68,147047,102,49,0,1
48292,1,3,1394,0,0,22,61157.72,147047,102,49,0,1
48415,1,3,1368,0,0,22,61157.72,147047,102,49,0,1
48520,1,3,1327,0,0,22,61157.72,147047,102,49,0,1
48648,1,3,1290,0,0,22,61157.72,147047,102,49,0,1
48742,1,3,1267,0,0,22,61157.72,147047,102,49,0,1
48873,1,3,1181,0,0,22,61157.72,147047,102,49,0,1
48974,1,3,1150,0,0,22,61157.72,147047,102,49,0,1
49092,1,3,1097,0,0,22,61157.72,147047,102,49,0,1
49192,1,3,1104,0,0,22,61157.72,147047,102,49,0,1
49292,1,3,1072,0,0,22,61157.72,147047,102,49,0,1
49414,1,3,1032,0,0,22,61157.72,147047,102,50,0,1
49542,1,3,1055,0,0,22,61157.72,147047,99,50,0,1
49648,1,3,1013,0,0,22,61157.72,147047,99,50,0,1
49765,1,3,941,0,0,22,61157.72,147047,99,50,0,1
49874,1,3,978,0,0,22,61157.72,147047,99,50,0,1
49974,1,3,966,0,0,22,61158.73,147047,99,50,0,1
50092,1,3,930,0,0,22,61158.73,147047,99,50,0,1
50212,1,3,907,0,0,22,61158.73,147047,99,50,0,1
50292,1,3,868,6,0,22,61158.73,147047,99,50,0,1
50415,1,3,983,9,0,22,61158.73,147047,99,50,0,1
50542,1,3,1013,10,0,22,61158.73,147047,99,50,0,1
50648,1,3,1042,10,0,22,61158.73,147047,99,50,0,1
50765,1,3,1143,8,0,22,61158.73,147047,99,50,0,1
50874,1,3,1119,1,0,22,61158.73,147047,99,50,0,1
50992,1,3,1059,1,0,22,61158.73,147047,99,50,0,1
51092,1,3,993,1,0,22,61158.73,147047,99,50,0,1
51215,1,3,938,2,0,22,61158.73,147047,99,50,0,1
51265,1,3,989,4,0,22,61158.73,147047,99,50,0,1
51415,1,3,1022,6,0,22,61158.73,147047,99,50,0,1
51542,1,3,1034,9,0,22,61158.73,147047,99,50,0,1
51648,1,3,1050,9,0,22,61159.77,147047,99,50,0,1
51765,1,3,1065,5,0,22,61159.77,147047,99,50,0,1
51874,1,3,1085,0,0,22,61159.77,147047,99,50,0,1
51992,1,3,1041,0,0,22,61159.77,147047,99,50,0,1
52108,1,3,1034,0,0,22,61159.77,147047,99,50,0,1
52215,1,3,1011,0,0,22,61159.77,147047,99,50,0,1
52275,1,2,1009,0,0,22,61159.77,147047,99,50,0,1
52442,1,0,992,0,22,22,61159.77,147047,99,50,0,1
52542,1,0,998,0,42,22,61159.77,147047,99,50,0,1
52648,1,0,997,0,24,22,61159.77,147047,99,50,0,1
52776,1,0,966,0,12,22,61159.77,147047,99,50,0,1
52874,1,0,969,0,10,22,61159.77,147047,99,50,0,0
52992,1,0,966,0,2,22,61159.77,147047,99,50,0,0
53092,1,0,964,0,0,22,61159.77,147047,99,50,0,0
53215,1,0,963,0,0,22,61159.77,147047,99,50,0,0
53276,1,0,962,0,0,22,61159.77,147047,99,50,0,0
53442,1,0,961,0,28,22,61159.77,147047,99,50,0,0
53542,1,0,961,0,50,22,61159.77,147047,99,51,0,0
53670,1,0,961,0,74,22,61160.79,147047,99,51,0,0
53776,1,0,929,0,102,22,61160.79,147047,99,51,0,0
53874,1,0,965,0,116,22,61160.79,147047,99,51,0,0
53992,1,0,964,0,114,22,61160.79,147047,99,51,0,0
54115,1,0,964,0,114,22,61160.79,147047,99,51,0,0
54215,1,0,963,0,108,22,61160.79,147047,99,51,0,0
54338,1,0,963,0,4,22,61160.79,147047,99,51,0,0
54442,1,0,961,0,0,22,61160.79,147047,99,51,0,0
54542,1,0,962,0,0,22,61160.79,147047,99,51,0,0
54673,1,0,930,0,0,22,61160.79,147047,99,51,0,0
54775,1,0,897,0,0,22,61160.79,147047,99,51,0,0
54895,1,0,865,0,0,22,61160.79,147047,99,51,0,0
54992,1,0,862,0,0,22,61160.79,147047,99,51,0,0
55114,1,0,833,7,0,22,61160.79,147047,99,51,0,0
55215,1,0,907,23,0,22,61160.79,147047,99,51,0,0
55292,1,0,995,27,0,22,61160.79,147047,99,51,0,0
55442,1,0,1183,41,0,22,61160.79,147047,99,51,0,0
55564,1,3,1319,47,0,22,61161.85,147047,99,51,0,0
55673,1,4,1375,48,0,22,61161.85,147047,99,51,0,0
55776,1,5,1311,48,0,22,61161.85,147047,99,51,0,0
55896,1,5,1246,48,0,22,61161.85,147047,99,51,0,0
55992,1,6,1143,50,0,22,61161.85,147047,99,51,0,0
56114,1,7,1036,50,0,22,61161.85,147047,99,51,0,0
56215,1,7,1028,50,0,22,61161.85,147047,99,51,0,0
56343,1,8,1185,76,0,22,61162.88,147047,99,51,0,0
56442,1,8,1324,78,0,22,61162.88,147047,99,51,0,0
56570,1,9,1374,78,0,22,61162.88,147047,99,51,0,0
56673,1,10,1450,84,0,22,61162.88,147047,99,51,0,0
56776,1,11,1559,85,0,22,61162.88,147047,99,51,0,0
56895,1,11,1680,87,0,22,61162.88,147047,99,51,0,0
57015,1,12,1820,88,0,22,61163.89,147047,99,51,0,0
57114,1,13,1932,96,0,22,61163.89,147047,99,51,0,0
57242,1,14,2045,98,0,22,61163.89,147047,99,51,0,0
57342,1,14,2130,99,0,22,61163.89,147047,99,51,0,0
57468,1,15,2311,99,0,22,61163.89,147047,99,51,0,0
57582,1,17,2406,99,0,22,61165.00,147047,99,51,0,0
57692,1,18,2533,99,0,22,61165.00,147047,99,51,0,0
57776,1,19,2680,99,0,22,61165.00,147047,99,51,0,0
57915,1,20,2839,99,0,22,61165.00,147047,99,51,0,0
58015,1,20,2970,108,0,22,61166.05,147047,99,51,0,0
58130,1,21,3092,108,0,22,61166.05,147047,99,51,0,0
58242,1,22,3225,124,0,22,61166.05,147047,99,51,0,0
58368,1,23,3425,126,0,22,61167.19,147047,99,51,0,0
58481,1,25,3603,126,0,22,61167.19,147047,99,51,0,0
58592,1,26,3712,126,0,22,61168.25,147047,99,51,0,0
58692,1,27,3868,126,0,22,61168.25,147047,99,51,0,0
58792,1,29,4021,122,0,22,61169.25,147047,99,51,0,0
58915,1,30,4196,116,0,22,61169.25,147047,99,51,0,0
59015,1,30,4289,107,0,22,61170.40,147047,99,51,0,0
59148,1,31,4407,82,0,22,61170.40,147047,99,51,0,0
59265,1,32,4462,51,0,22,61171.54,147047,99,51,0,0
59374,1,32,4373,0,0,22,61171.54,147047,99,51,0,0
59481,1,32,4251,0,0,22,61172.70,147047,99,51,0,0
59592,1,32,4162,0,0,22,61172.70,147047,99,51,0,0
59712,1,32,4073,0,0,22,61172.70,147047,99,51,0,0
59822,1,32,3959,0,0,22,61172.70,147047,99,51,0,0
59915,1,32,3858,0,0,22,61172.70,147047,99,51,0,0
60042,1,33,3801,11,0,22,61172.70,147047,99,52,0,0
60148,1,33,3730,13,0,22,61172.70,147047,99,52,0,0
60266,1,32,3569,28,0,22,61173.73,147047,99,52,0,0
60373,1,33,3478,48,0,22,61173.73,147047,99,52,0,0
60492,1,33,3450,52,0,22,61173.73,147047,99,52,0,0
60592,1,33,3241,62,0,22,61173.73,147047,99,52,0,0
60715,1,34,2623,77,0,22,61174.82,147047,99,52,0,0
60820,1,34,2608,99,0,22,61174.82,147047,99,52,0,0
60915,1,35,2736,135,0,22,61174.82,147047,99,52,0,0
61042,1,35,2742,151,0,22,61176.00,147047,99,52,0,0
61165,1,37,2835,171,0,22,61176.00,147047,99,52,0,0
61276,1,38,2897,172,0,22,61177.12,147047,99,52,0,0
61378,1,39,2953,173,0,22,61177.12,147047,99,52,0,0
61494,1,40,3056,161,0,22,61178.28,147047,99,52,0,0
61615,1,41,3173,158,0,22,61178.28,147047,99,52,0,0
61715,1,43,3268,149,0,22,61179.44,147047,99,52,0,0
61792,1,43,3308,142,0,22,61179.44,147047,99,52,0,0
61942,1,44,3423,131,0,22,61180.75,147047,99,52,0,0
62065,1,45,3509,127,0,22,61182.01,147047,99,52,0,0
62173,1,47,3575,122,0,22,61182.01,147047,99,52,0,0
62276,1,47,3588,117,0,22,61183.19,147047,99,52,0,0
62395,1,48,3656,111,0,22,61183.19,147047,99,52,0,0
62494,1,49,3686,105,0,22,61184.31,147047,99,52,0,0
62615,1,49,3759,92,0,22,61184.31,147047,99,52,0,0
62715,1,50,3719,90,0,22,61185.32,147047,99,52,0,0
62845,1,50,3785,87,0,22,61185.32,147047,99,52,0,0
62942,1,50,3835,83,0,22,61185.32,147047,99,52,0,0
63065,1,51,3848,72,0,22,61186.43,147047,99,52,0,0
63179,1,51,3830,48,0,22,61186.43,147047,99,52,0,0
63276,1,51,3810,13,0,22,61186.43,147047,99,52,0,0
63395,1,51,3803,0,0,22,61186.43,147047,99,52,0,0
63515,1,51,3837,0,0,22,61187.46,147047,99,52,0,0
63615,1,50,3862,0,0,22,61187.46,147047,99,52,0,0
63742,1,50,3835,0,0,22,61187.46,147047,99,52,0,0
63844,1,50,3779,0,0,22,61187.46,147047,99,52,0,0
63966,1,50,3761,0,0,22,61187.46,147047,99,52,0,0
64082,1,50,3766,0,0,22,61187.46,147047,99,52,0,0
64192,1,50,3769,0,14,22,61187.46,147047,99,52,0,0
64276,1,50,3770,0,14,22,61187.46,147047,99,52,0,0
64415,1,49,3732,0,36,22,61187.46,147047,99,52,0,0
64515,1,49,3700,0,78,22,61187.46,147047,95,52,0,0
64615,1,48,3667,0,92,22,61187.46,147047,95,53,0,0
64742,1,48,3605,0,106,22,61188.48,147047,95,53,0,0
64866,1,47,3517,0,124,22,61188.48,147047,95,53,0,0
64974,1,45,3452,0,138,22,61188.48,147047,95,53,0,0
65092,1,44,3352,0,146,22,61188.48,147047,95,53,0,0
65192,1,43,3285,0,148,22,61188.48,147047,95,53,0,0
65276,1,42,3181,0,148,22,61188.48,147047,95,53,0,0
65415,1,41,3078,0,104,22,61188.48,147047,95,53,0,0
65542,1,41,3073,0,78,22,61188.48,147047,95,53,0,0
65648,1,41,3069,0,4,22,61188.48,147047,95,53,0,0
65764,1,40,3071,0,0,22,61188.48,147047,95,53,0,0
65874,1,40,3040,0,0,22,61188.48,147047,95,53,0,0
65973,1,40,3008,0,0,22,61189.49,147047,95,53,0,0
66093,1,39,2975,0,0,22,61189.49,147047,95,53,0,0
66192,1,39,2940,0,0,22,61189.49,147047,95,53,0,0
66292,1,39,2937,0,0,22,61189.49,147047,95,53,0,0
66415,1,39,2999,0,0,22,61189.49,147047,95,53,0,0
66542,1,39,2962,0,0,22,61189.49,147047,95,53,0,0
66647,1,39,2925,0,0,22,61189.49,147047,95,53,0,0
66765,1,38,2902,0,0,22,61189.49,147047,95,53,0,0
66874,1,38,2902,0,0,22,61189.49,147047,95,53,0,0
66993,1,38,2903,0,0,22,61189.49,147047,95,53,0,0
67092,1,38,2903,0,0,22,61189.49,147047,95,53,0,0
67215,1,38,2869,0,0,22,61189.49,147047,95,53,0,0
67332,1,38,2868,1,0,22,61189.49,147047,95,53,0,0
67442,1,38,2863,6,0,22,61190.52,147047,95,53,0,0
67542,1,38,2862,12,0,22,61190.52,147047,95,54,0,0
67665,1,37,2861,13,0,22,61190.52,147047,95,54,0,0
67776,1,37,2833,13,0,22,61190.52,147047,95,54,0,0
67874,1,37,2833,14,0,22,61190.52,147047,95,54,0,0
67992,1,37,2835,14,0,22,61190.52,147047,95,54,0,0
68115,1,37,2837,14,0,22,61190.52,147047,95,54,0,0
68215,1,37,2843,21,0,22,61190.52,147047,95,54,0,0
68332,1,38,2847,23,0,22,61190.52,147047,95,54,0,0
68442,1,38,2860,25,0,22,61190.52,147047,95,54,0,0
68565,1,37,2776,25,0,22,61190.52,147047,95,54,0,0
68674,1,37,2808,32,0,22,61190.52,147047,95,54,0,0
68776,1,37,2873,46,0,22,61191.52,147047,95,54,0,0
68895,1,37,2901,51,0,22,61191.52,147047,95,54,0,0
69014,1,37,2873,51,0,22,61191.52,147047,95,54,0,0
69115,1,38,2871,55,0,22,61191.52,147047,95,54,0,0
69215,1,38,2898,61,0,22,61191.52,147047,95,54,0,0
69344,1,38,2926,74,0,22,61191.52,147047,95,54,0,0
69442,1,38,2913,78,0,22,61191.52,147047,95,54,0,0
69565,1,39,2948,80,0,22,61192.61,147047,95,54,0,0
69674,1,39,3006,84,0,22,61192.61,147047,95,54,0,0
69792,1,40,2993,86,0,22,61192.61,147047,95,54,0,0
69895,1,40,3025,88,0,22,61192.61,147047,95,54,0,0
70015,1,40,3075,88,0,22,61193.67,147047,95,54,0,0
70115,1,41,3110,88,0,22,61193.67,147047,95,54,0,0
70242,1,41,3152,81,0,22,61193.67,147047,95,54,0,0
70342,1,42,3158,70,0,22,61193.67,147047,95,54,0,0
70466,1,42,3188,65,0,22,61194.70,147047,95,54,0,0
70575,1,42,3224,62,0,22,61194.70,147047,95,54,0,0
70692,1,43,3220,61,0,22,61194.70,147047,95,54,0,0
70776,1,42,3221,61,0,22,61194.70,147047,95,54,0,0
70915,1,43,3258,61,0,22,61195.74,147047,95,54,0,0
71015,1,43,3232,61,0,22,61195.74,147047,95,54,0,0
71115,1,43,3243,61,0,22,61195.74,147047,95,54,0,0
71242,1,43,3245,61,0,22,61195.74,147047,95,54,0,0
71365,1,43,3284,61,0,22,61195.74,147047,95,54,0,0
71475,1,43,3322,58,0,22,61195.74,147047,95,54,0,0
71615,1,44,3325,54,0,22,61196.81,147047,95,54,0,0
71741,1,44,3270,53,0,22,61196.81,147047,95,54,0,0
71865,1,44,3317,45,0,22,61196.81,147047,95,54,0,0
71974,1,44,3319,11,0,22,61196.81,147047,95,54,0,0
72091,1,44,3259,0,0,22,61196.81,147047,95,54,0,0
72192,1,43,3226,0,0,22,61196.81,147047,95,54,0,0
72277,1,43,3242,0,0,22,61196.81,147047,95,54,0,0
72415,1,43,3278,0,32,22,61197.81,147047,95,54,0,0
72515,1,43,3251,0,42,22,61197.81,147047,95,54,0,0
72647,1,43,3188,0,56,22,61197.81,147047,95,55,0,0
72741,1,42,3164,0,74,22,61197.81,147047,95,55,0,0
72874,1,40,3075,0,78,22,61197.81,147047,95,55,0,0
72973,1,40,3069,0,76,22,61197.81,147047,95,55,0,0
73092,1,39,3021,0,40,22,61197.81,147047,95,55,0,0
73211,1,39,2974,0,32,22,61197.81,147047,95,55,0,0
73276,1,39,2956,0,32,22,61197.81,147047,95,55,0,0
73415,1,38,2909,0,2,22,61197.81,147047,95,55,0,0
73541,1,38,2894,0,0,22,61197.81,147047,95,55,0,0
73647,1,38,2848,0,0,22,61197.81,147047,95,55,0,0
73765,1,38,2816,0,0,22,61197.81,147047,95,55,0,0
73874,1,37,2784,0,0,22,61197.81,147047,95,55,0,0
73992,1,37,2784,0,0,22,61197.81,147047,95,55,0,0
74091,1,37,2752,0,0,22,61197.81,147047,95,55,0,0
74215,1,36,2720,0,0,22,61197.81,147047,95,55,0,0
74331,1,36,2720,0,0,22,61197.81,147047,95,55,0,0
74441,1,36,2720,0,0,22,61197.81,147047,95,55,0,0
74541,1,36,2688,0,0,22,61197.81,147047,95,55,0,0
74665,1,35,2656,0,0,22,61197.81,147047,95,55,0,0
74776,1,35,2624,0,0,22,61197.81,147047,95,55,0,0
74874,1,35,2624,0,0,22,61197.81,147047,95,56,0,0
74991,1,34,2624,0,0,22,61197.81,147047,95,56,0,0
75092,1,34,2592,0,0,22,61197.81,147047,95,56,0,0
75215,1,34,2560,0,0,22,61197.81,147047,95,56,0,0
75331,1,33,2528,0,0,22,61197.81,147047,95,56,0,0
75441,1,33,2528,0,4,22,61197.81,147047,95,56,0,0
75542,1,33,2496,0,4,22,61197.81,147047,95,56,0,0
75673,1,33,2496,0,8,22,61197.81,147047,95,56,0,0
75776,1,32,2432,0,6,22,61197.81,147047,95,56,0,0
75894,1,32,2400,0,6,22,61197.81,147047,95,56,0,0
75991,1,32,2400,0,8,22,61197.81,147047,95,56,0,0
76115,1,31,2368,0,20,22,61197.81,147047,95,56,0,0
76215,1,31,2368,0,60,22,61197.81,147047,95,56,0,0
76344,1,31,2304,0,56,22,61197.81,147047,95,56,0,0
76441,1,30,2240,0,106,22,61197.81,147047,95,56,0,0
76565,1,29,2112,0,124,22,61197.81,147047,95,56,0,0
76674,1,27,2048,0,134,22,61197.81,147047,95,56,0,0
76791,1,26,1952,0,140,22,61197.81,147047,95,56,0,0
76894,1,25,1856,0,156,22,61197.81,147047,95,56,0,0
77015,1,23,1760,0,180,22,61197.81,147047,95,56,0,0
77115,1,22,1691,0,188,22,61197.81,147047,95,56,0,0
77241,1,21,1537,0,180,22,61197.81,147047,95,56,0,0
77348,1,20,1530,0,36,22,61197.81,147047,95,57,0,0
77466,1,20,1488,0,0,22,61197.81,147047,95,57,0,0
77581,1,19,1488,0,0,22,61197.81,147047,95,57,0,0
77691,1,19,1452,0,0,22,61197.81,147047,95,57,0,0
77791,1,18,1419,0,0,22,61197.81,147047,95,57,0,0
77915,1,18,1384,0,0,22,61197.81,147047,95,57,0,0
78016,1,17,1351,22,0,22,61197.81,147047,95,57,0,0
78115,1,17,1317,28,0,22,61197.81,147047,95,57,0,0
78241,1,17,1358,30,0,22,61197.81,147047,95,57,0,0
78365,1,18,1365,30,0,22,61197.81,147047,95,57,0,0
78474,1,17,1348,31,0,22,61197.81,147047,95,57,0,0
78581,1,17,1312,31,0,22,61198.82,147047,95,57,0,0
78691,1,17,1339,34,0,22,61198.82,147047,95,57,0,0
78791,1,17,1370,35,0,22,61198.82,147047,95,57,0,0
78915,1,18,1408,43,0,22,61198.82,147047,95,57,0,0
79015,1,18,1415,43,0,22,61198.82,147047,95,57,0,0
79147,1,19,1463,39,0,22,61198.82,147047,95,57,0,0
79241,1,18,1435,38,0,22,61198.82,147047,95,57,0,0
79373,1,18,1355,36,0,22,61198.82,147047,95,57,0,0
79480,1,18,1388,33,0,22,61198.82,147047,94,57,0,0
79591,1,18,1422,0,0,22,61198.82,147047,94,57,0,0
79691,1,18,1380,0,0,22,61198.82,147047,94,57,0,0
79791,1,18,1318,0,70,22,61198.82,147047,94,57,0,0
79915,1,18,1292,0,46,22,61198.82,147047,94,57,0,0
80041,1,17,1278,0,54,22,61198.82,147047,94,57,0,0
80147,1,17,1220,0,64,22,61198.82,147047,94,57,0,0
80265,1,17,1219,0,66,22,61198.82,147047,94,57,0,0
80374,1,16,1187,0,68,22,61199.83,147047,94,57,0,0
80491,1,15,1186,0,74,22,61199.83,147047,94,57,0,0
80591,1,15,1186,0,74,22,61199.83,147047,94,57,0,0
80715,1,14,1153,0,74,22,61199.83,147047,94,57,0,0
80791,1,14,1153,0,2,22,61199.83,147047,94,57,0,0
80941,1,13,1153,0,0,22,61199.83,147047,94,57,0,0
81041,1,13,1154,0,0,22,61199.83,147047,94,57,0,0
81165,1,13,1123,0,0,22,61199.83,147047,94,57,0,0
81276,1,13,1123,0,0,22,61199.83,147047,94,57,0,0
81374,1,13,1122,0,0,22,61199.83,147047,94,57,0,0
81493,1,13,1122,0,0,22,61199.83,147047,94,57,0,0
81591,1,13,1091,0,0,22,61199.83,147047,94,57,0,0
81715,1,13,1091,0,0,22,61199.83,147047,94,57,0,0
81791,1,12,1091,0,0,22,61199.83,147047,94,57,0,0
81941,1,12,1091,0,0,22,61199.83,147047,94,57,0,0
82041,1,12,1091,0,0,22,61199.83,147047,94,57,0,0
82165,1,12,1090,0,0,22,61199.83,147047,94,57,0,0
82277,1,12,1058,0,0,22,61199.83,147047,94,57,0,0
82394,1,12,1058,0,0,22,61199.83,147047,94,57,0,0
82491,1,12,1057,0,0,22,61199.83,147047,94,57,0,0
82615,1,12,1057,0,0,22,61199.83,147047,94,57,0,0
82715,1,12,1059,0,0,22,61199.83,147047,94,57,0,0
82841,1,12,1059,0,0,22,61199.83,147047,94,57,0,0
82941,1,12,1060,0,0,22,61199.83,147047,94,57,0,0
83065,1,11,1061,0,0,22,61199.83,147047,94,57,0,0
83174,1,11,1061,0,0,22,61199.83,147047,94,57,0,0
83276,1,11,1061,0,0,22,61199.83,147047,94,57,0,0
83394,1,11,1060,0,0,22,61199.83,147047,94,57,0,0
83515,1,11,1060,0,0,22,61200.85,147047,94,57,0,0
83615,1,11,1060,0,0,22,61200.85,147047,94,57,0,0
83741,1,11,1060,7,0,22,61200.85,147047,94,57,0,0
83841,1,11,1093,30,0,22,61200.85,147047,94,57,0,0
83965,1,11,1105,41,0,22,61200.85,147047,94,57,0,0
84075,1,11,1140,51,0,22,61200.85,147047,94,57,0,0
84191,1,11,1200,62,0,22,61200.85,147047,94,57,0,0
84279,1,12,1202,70,0,22,61200.85,147047,94,57,0,0
84415,1,12,1138,77,0,22,61200.85,147047,94,57,0,0
84515,1,12,1057,77,0,22,61200.85,147047,94,57,0,0
84615,1,13,1112,77,0,22,61200.85,147047,94,57,0,0
84741,1,13,1120,77,0,22,61200.85,147047,94,57,0,0
84841,1,14,1161,77,0,22,61200.85,147047,94,57,0,0
84974,1,15,1160,78,0,22,61201.89,147047,94,58,0,0
85081,1,15,1153,78,0,22,61201.89,147047,94,58,0,0
85191,1,15,1210,78,0,22,61201.89,147047,94,58,0,0
85291,1,16,1209,79,0,22,61201.89,147047,94,58,0,0
85415,1,16,1273,79,0,22,61201.89,147047,94,58,0,0
85515,1,17,1302,79,0,22,61201.89,147047,94,58,0,0
85647,1,17,1291,98,0,22,61201.89,147047,94,58,0,0
85741,1,17,1316,119,0,22,61201.89,147047,94,58,0,0
85873,1,18,1392,128,0,22,61201.89,147047,94,58,0,0
85974,1,18,1415,139,0,22,61202.90,147047,94,58,0,0
86091,1,19,1449,143,0,22,61202.90,147047,94,58,0,0
86191,1,19,1535,143,0,22,61202.90,147047,94,58,0,0
86318,1,20,1561,143,0,22,61202.90,147047,94,58,0,0
86415,1,21,1600,143,0,22,61202.90,147047,94,58,0,0
86541,1,22,1669,144,0,22,61203.99,147047,94,58,0,0
86647,1,22,1735,144,0,22,61203.99,147047,94,58,0,0
86765,1,23,1812,144,0,22,61203.99,147047,94,58,0,0
86874,1,25,1859,144,0,22,61203.99,147047,94,58,0,0
86991,1,25,1932,144,0,22,61205.00,147047,94,58,0,0
87091,1,26,2007,144,0,22,61205.00,147047,94,58,0,0
87211,1,27,2052,144,0,22,61205.00,147047,94,58,0,0
87293,1,28,2098,144,0,22,61205.00,147047,94,58,0,0
87441,1,29,2211,142,0,22,61206.12,147047,94,58,0,0
87541,1,29,2267,142,0,22,61206.12,147047,94,58,0,0
87647,1,30,2329,142,0,22,61206.12,147047,94,58,0,0
87776,1,32,2408,142,0,22,61207.25,147047,94,58,0,0
87874,1,33,2486,142,0,22,61207.25,147047,94,58,0,0
87990,1,33,2529,142,0,22,61207.25,147047,94,58,0,0
88091,1,34,2622,139,0,22,61208.31,147047,94,58,0,0
88217,1,35,2694,115,0,22,61208.31,147047,94,58,0,0
88291,1,36,2749,79,0,22,61208.31,147047,94,58,0,0
88441,1,36,2743,28,0,22,61209.50,147047,94,58,0,0
88541,1,36,2713,0,0,22,61209.50,147047,94,58,0,0
88674,1,36,2708,0,0,22,61209.50,147047,94,58,0,0
88776,1,36,2778,0,0,22,61209.50,147047,94,58,0,0
88895,1,36,2767,0,0,22,61209.50,147047,94,58,0,0
88991,1,36,2734,0,8,22,61209.50,147047,94,58,0,0
89115,1,36,2702,0,16,22,61209.50,147047,94,58,0,0
89215,1,36,2705,0,16,22,61209.50,147047,94,58,0,0
89291,1,35,2711,0,14,22,61209.50,147047,94,58,0,0
89441,1,35,2686,0,14,22,61209.50,147047,94,59,0,0
89565,1,35,2650,0,14,22,61209.50,147047,94,59,0,0
89675,1,34,2618,0,20,22,61209.50,147047,94,59,0,0
89777,1,34,2618,0,20,22,61209.50,147047,94,59,0,0
89894,1,34,2589,0,26,22,61209.50,147047,94,59,0,0
90015,1,33,2503,0,28,22,61210.50,147047,94,59,0,0
90115,1,33,2493,0,30,22,61210.50,147047,94,59,0,0
90241,1,32,2490,0,48,22,61210.50,147047,94,59,0,0
90341,1,32,2400,0,78,22,61210.50,147047,94,59,0,0
90466,1,31,2304,0,80,22,61210.50,147047,94,59,0,0
90575,1,30,2240,0,80,22,61210.50,147047,94,59,0,0
90691,1,29,2208,0,76,22,61210.50,147047,94,59,0,0
90777,1,28,2144,0,76,22,61210.50,147047,94,59,0,0
90915,1,28,2080,0,80,22,61210.50,147047,94,59,0,0
91015,1,27,2016,0,78,22,61210.50,147047,94,59,0,0
91115,1,26,1952,0,66,22,61210.50,147047,94,59,0,0
91241,1,26,1920,0,44,22,61210.50,147047,94,59,0,0
91366,1,25,1888,0,16,22,61210.50,147047,94,59,0,0
91474,1,25,1856,0,6,22,61210.50,147047,94,59,0,0
91581,1,24,1824,0,4,22,61210.50,147047,94,59,0,0
91693,1,24,1792,0,8,22,61210.50,147047,94,59,0,0
91777,1,24,1792,0,8,22,61210.50,147047,94,59,0,0
91916,1,24,1792,0,10,22,61210.50,147047,94,59,0,0
92015,1,23,1760,0,10,22,61210.50,147047,94,59,0,0
92147,1,23,1760,0,2,22,61210.50,147047,94,59,0,0
92241,1,23,1728,0,2,22,61210.50,147047,94,59,0,0
92374,1,22,1696,0,2,22,61210.50,147047,94,59,0,0
92481,1,22,1696,0,2,22,61210.50,147047,94,59,0,0
92592,1,22,1696,0,2,22,61210.50,147047,94,59,0,0
92691,1,22,1664,0,4,22,61210.50,147047,94,59,0,0
92776,1,22,1664,0,4,22,61210.50,147047,94,59,0,0
92915,1,22,1632,0,4,22,61210.50,147047,94,59,0,0
93016,1,21,1600,0,6,22,61210.50,147047,94,59,0,0
93147,1,21,1600,0,8,22,61210.50,147047,94,59,0,0
93271,1,21,1568,0,6,22,61210.50,147047,94,59,0,0
93394,1,21,1568,0,8,22,61210.50,147047,94,59,0,0
93491,1,20,1536,0,10,22,61210.50,147047,94,59,0,0
93615,1,20,1536,0,10,22,61210.50,147047,94,59,0,0
93741,1,20,1504,0,10,22,61210.50,147047,94,59,0,0
93841,1,20,1504,0,12,22,61210.50,147047,94,59,0,0
93969,1,20,1472,0,12,22,61210.50,147047,94,59,0,0
94081,1,19,1440,0,12,22,61210.50,147047,94,59,0,0
94191,1,19,1440,0,12,22,61210.50,147047,94,59,0,0
94291,1,19,1408,0,16,22,61210.50,147047,94,59,0,0
94416,1,18,1376,0,20,22,61210.50,147047,94,59,0,0
94542,1,18,1376,0,22,22,61210.50,147047,93,59,0,0
94647,1,18,1344,0,26,22,61210.50,147047,93,59,0,0
94765,1,18,1315,0,28,22,61210.50,147047,93,59,0,0
94874,1,17,1288,0,32,22,61210.50,147047,93,59,0,0
94991,1,17,1292,0,2,22,61210.50,147047,93,59,0,0
95115,1,16,1223,0,0,22,61210.50,147047,93,59,0,0
95216,1,16,1246,0,0,22,61210.50,147047,93,59,0,0
95341,1,16,1219,0,0,22,61210.50,147047,93,59,0,0
95441,1,16,1187,0,0,22,61210.50,147047,93,59,0,0
95565,1,16,1187,0,0,22,61210.50,147047,93,59,0,0
95669,1,15,1202,0,0,22,61210.50,147047,93,59,0,0
95766,1,15,1172,0,0,22,61210.50,147047,93,59,0,0
95915,1,14,1107,0,0,22,61210.50,147047,93,59,0,0
96016,1,14,1107,0,0,22,61210.50,147047,93,59,0,0
96116,1,14,1076,6,0,22,61210.50,147047,93,59,0,0
96241,1,14,1113,19,0,22,61210.50,147047,93,59,0,0
96369,1,13,1087,19,0,22,61210.50,147047,93,59,0,0
96480,1,14,1032,22,0,22,61210.50,147047,93,59,0,0
96591,1,14,1075,42,0,22,61210.50,147047,93,59,0,0
96691,1,14,1149,67,0,22,61210.50,147047,93,59,0,0
96791,1,14,1215,88,0,22,61210.50,147047,93,59,0,0
96941,1,14,1142,110,0,22,61210.50,147047,93,59,0,0
97041,1,15,1154,147,0,22,61210.50,147047,93,59,0,0
97166,1,15,1261,181,0,22,61210.50,147047,93,60,0,0
97271,1,16,1233,206,0,22,61211.50,147047,93,60,0,0
97394,1,17,1262,247,0,22,61211.50,147047,93,60,0,0
97491,1,17,1326,255,0,22,61211.50,147047,93,60,0,0
97619,1,18,1403,255,0,22,61211.50,147047,93,60,0,0
97716,1,18,1456,255,0,22,61211.50,147047,93,60,0,0
97849,1,19,1484,255,0,22,61212.52,147047,93,60,0,0
97969,1,20,1570,255,0,22,61212.52,147047,93,60,0,0
98081,1,20,1605,255,0,22,61212.52,147047,93,60,0,0
98191,1,21,1680,255,0,22,61212.52,147047,93,60,0,0
98291,1,22,1748,255,0,22,61213.58,147047,93,60,0,0
98416,1,23,1842,255,0,22,61213.58,147047,93,60,0,0
98541,1,24,1890,255,0,22,61213.58,147047,93,60,0,0
98646,1,25,1961,255,0,22,61214.62,147047,93,60,0,0
98766,1,25,2092,255,0,22,61214.62,147047,93,60,0,0
98869,1,27,2160,255,0,22,61214.62,147047,93,60,0,0
98991,1,28,2256,255,0,22,61215.73,147047,93,60,0,0
99091,1,30,2352,255,0,22,61215.73,147047,93,60,0,0
99216,1,31,2472,255,0,22,61216.86,147047,93,60,0,0
99336,1,32,2584,255,0,22,61216.86,147047,93,60,0,0
99441,1,33,2669,255,0,22,61217.88,147047,93,60,0,0
99565,1,36,2753,255,0,22,61217.88,147047,93,60,0,0
99668,1,37,2887,255,0,22,61219.01,147047,93,60,0,0
99777,1,39,2967,255,0,22,61220.23,147047,93,60,0,0
99894,1,39,3076,255,0,22,61220.23,147047,93,60,0,0
100017,1,40,3183,255,0,22,61221.48,147047,93,60,0,0
100119,1,41,3241,255,0,22,61221.48,147047,93,60,0,0
100241,1,42,3336,255,0,22,61222.78,147047,93,60,0,0
100365,1,45,3436,255,0,22,61223.79,147047,93,60,0,0
100480,1,46,3560,251,0,22,61224.83,147047,93,60,0,0
100593,1,47,3638,243,0,22,61224.83,147047,93,60,0,0
100691,1,48,3702,233,0,22,61225.90,147047,93,60,0,0
100791,1,49,3803,223,0,22,61227.00,147047,93,60,0,0
100918,1,49,3905,202,0,22,61227.00,147047,93,60,0,0
101041,1,51,4001,127,0,22,61228.15,147047,93,60,0,0
101146,1,52,4033,81,0,22,61229.34,147047,93,60,0,0
101272,1,54,4005,54,0,22,61230.49,147047,93,60,0,0
101393,1,54,3969,22,0,22,61230.49,147047,93,60,0,0
101491,1,54,3960,0,0,22,61230.49,147047,93,60,0,0
101619,1,53,4057,0,0,22,61230.49,147047,93,60,0,0
101718,1,54,4024,0,0,22,61230.49,147047,93,60,0,0
101791,1,53,4018,0,0,22,61231.54,147047,93,60,0,0
101961,1,53,4001,0,14,22,61231.54,147047,93,60,0,0
102070,1,53,3956,0,10,22,61231.54,147047,93,60,0,0
102190,1,52,3945,0,30,22,61231.54,147047,93,60,0,0
102271,1,52,3918,0,30,22,61231.54,147047,93,60,0,0
102416,1,52,3880,0,38,22,61231.54,147047,93,60,0,0
102518,1,51,3818,0,70,22,61231.54,147047,93,60,0,0
102646,1,51,3803,0,88,22,61231.54,147047,93,60,0,0
102741,1,50,3680,0,100,22,61231.54,147047,93,60,0,0
102869,1,48,3552,0,112,22,61231.54,147047,93,60,0,0
102968,1,47,3488,0,122,22,61231.54,147047,93,60,0,0
103092,1,46,3424,0,124,22,61231.54,147047,93,60,0,0
103211,1,45,3328,0,130,22,61231.54,147047,93,60,0,0
103271,1,44,3264,0,130,22,61231.54,147047,93,60,0,0
103440,1,43,3136,0,132,22,61231.54,147047,93,60,0,0
103541,1,42,3040,0,138,22,61231.54,147047,93,60,0,0
103670,1,40,2912,0,136,22,61231.54,147047,93,60,0,0
103771,1,39,2848,0,142,22,61231.54,147047,93,60,0,0
103893,1,38,2752,0,142,22,61231.54,147047,93,60,0,0
103990,1,37,2688,0,140,22,61231.54,147047,93,60,0,0
104118,1,35,2528,0,140,22,61231.54,147047,93,60,0,0
104240,1,34,2464,0,138,22,61231.54,147047,93,60,0,0
104341,1,33,2368,0,136,22,61231.54,147047,93,60,0,0
104471,1,31,2304,0,120,22,61231.54,147047,93,60,0,0
104580,1,30,2240,0,104,22,61231.54,147047,93,60,0,0
104690,1,29,2176,0,80,22,61231.54,147047,93,60,0,0
104771,1,29,2144,0,80,22,61231.54,147047,93,60,0,0
104919,1,28,2080,0,40,22,61231.54,147047,93,60,0,0
105040,1,28,2048,0,28,22,61231.54,147047,93,60,0,0
105146,1,27,2016,0,30,22,61231.54,147047,93,60,0,0
105265,1,26,1984,0,34,22,61231.54,147047,93,60,0,0
105368,1,26,1920,0,34,22,61231.54,147047,93,60,0,0
105491,1,26,1888,0,36,22,61231.54,147047,93,60,0,0
105590,1,25,1888,0,36,22,61231.54,147047,93,60,0,0
105719,1,25,1824,0,38,22,61231.54,147047,93,60,0,0
105790,1,25,1824,0,38,22,61231.54,147047,93,60,0,0
105940,1,25,1760,0,38,22,61231.54,147047,93,60,0,0
106065,1,23,1728,0,38,22,61231.54,147047,93,60,0,0
106168,1,23,1696,0,20,22,61231.54,147047,93,60,0,0
106271,1,22,1664,0,12,22,61231.54,147047,93,60,0,0
106393,1,22,1664,0,14,22,61231.54,147047,93,60,0,0
106519,1,22,1632,0,14,22,61231.54,147047,93,60,0,0
106618,1,22,1600,0,14,22,61231.54,147047,93,60,0,0
106740,1,21,1600,0,16,22,61231.54,147047,93,60,0,0
106865,1,21,1536,0,16,22,61231.54,147047,93,60,0,0
106968,1,20,1536,0,16,22,61231.54,147047,93,60,0,0
107090,1,20,1504,0,62,22,61231.54,147047,93,60,0,0
107210,1,19,1440,0,60,22,61231.54,147047,93,60,0,0
107290,1,19,1408,0,62,22,61231.54,147047,93,60,0,0
107418,1,18,1231,0,56,22,61231.54,147047,93,60,0,0
107540,1,18,1222,0,50,22,61231.54,147047,93,60,0,0
107665,1,17,1292,0,42,22,61231.54,147047,93,60,0,0
107771,1,17,1274,0,44,22,61231.54,147047,93,60,0,0
107869,1,16,1271,0,50,22,61231.54,147047,93,60,0,0
107996,1,16,1224,0,84,22,61231.54,147047,93,60,0,0
108118,1,16,1224,0,86,22,61231.54,147047,93,61,0,0
108219,1,15,1224,0,84,22,61231.54,147047,93,61,0,0
108290,1,14,1193,0,62,22,61231.54,147047,93,61,0,0
108462,1,14,1196,0,20,22,61231.54,147047,93,61,0,0
108569,1,13,1197,0,16,22,61231.54,147047,93,61,0,0
108668,1,13,1166,0,18,22,61231.54,147047,93,61,0,0
108790,1,13,1168,0,26,22,61231.54,147047,93,61,0,0
108918,1,12,1134,0,36,22,61232.54,147047,93,61,0,0
109018,1,12,1134,0,42,22,61232.54,147047,93,61,0,0
109118,1,12,1134,0,56,22,61232.54,147047,93,61,0,0
109251,1,12,1134,0,62,22,61232.54,147047,93,61,0,0
109370,1,11,1104,0,62,22,61232.54,147047,93,61,0,0
109479,1,10,1104,0,60,22,61232.54,147047,92,61,0,0
109590,1,10,1104,0,58,22,61232.54,147047,92,61,0,0
109711,1,9,1105,0,62,22,61232.54,147047,92,61,0,0
109790,1,9,1106,0,64,22,61232.54,147047,92,61,0,0
109940,1,8,1106,0,66,22,61232.54,147047,92,61,0,0
110040,1,8,1106,0,68,22,61232.54,147047,92,61,0,0
110168,1,7,1075,0,68,22,61232.54,147047,92,61,0,0
110271,1,6,1074,0,66,22,61232.54,147047,92,61,0,0
110393,1,6,1074,0,60,22,61232.54,147047,92,61,0,0
110518,1,5,1074,0,60,22,61232.54,147047,92,61,0,0
110619,1,5,1074,0,58,22,61232.54,147047,92,61,0,0
110740,1,4,1074,0,46,22,61232.54,147047,92,61,0,0
110790,1,4,1042,0,38,22,61232.54,147047,92,61,0,0
110968,1,3,1041,0,40,22,61232.54,147047,92,61,0,0
111081,1,3,1008,0,42,22,61232.54,147047,92,61,0,0
111190,1,2,976,0,82,22,61232.54,147047,92,61,0,0
111290,1,0,974,0,42,22,61232.54,147047,92,61,0,0
111418,1,0,909,0,0,22,61232.54,147047,92,61,0,0
111540,1,0,875,0,0,22,61233.55,147047,92,61,0,0
111646,1,0,873,0,0,22,61233.55,147047,92,61,0,0
111765,1,0,939,0,0,22,61233.55,147047,92,61,0,0
111868,1,0,946,0,0,22,61233.55,147047,92,61,0,0
111990,1,0,944,0,0,22,61233.55,147047,92,61,0,0
112090,1,0,898,0,0,22,61233.55,147047,92,61,0,0
112218,1,0,834,0,52,22,61233.55,147047,92,61,0,0
112418,1,0,832,0,82,22,61233.55,147047,92,61,0,0
112541,1,0,832,0,124,22,61233.55,147047,92,61,0,0
112646,1,0,859,0,132,22,61233.55,147047,92,61,0,0
112765,1,0,853,0,146,22,61233.55,147047,92,61,0,0
112868,1,0,842,0,156,22,61233.55,147047,92,61,0,0
112990,1,0,840,0,154,22,61233.55,147047,92,61,0,0
113090,1,0,837,0,154,22,61233.55,147047,92,62,0,0
113218,1,0,837,0,152,22,61233.55,147047,92,62,0,0
113340,1,0,837,0,122,22,61233.55,147047,92,62,0,0
113440,1,0,839,0,126,22,61233.55,147047,92,62,0,0
113568,1,0,840,0,122,22,61233.55,147047,92,62,0,0
113668,1,0,841,0,0,22,61233.55,147047,92,62,0,0
113790,1,0,842,0,0,22,61233.55,147047,92,62,0,0
113893,1,0,844,0,0,22,61233.55,147047,92,62,0,0
114018,1,0,1044,0,0,22,61234.56,147047,92,62,0,0
114146,1,0,1231,39,0,22,61234.56,147047,92,62,0,0
114240,1,0,1469,61,0,22,61234.56,147047,92,62,0,0
114368,1,0,1921,70,0,22,61234.56,147047,92,62,0,0
114479,1,0,2128,75,0,22,61234.56,147047,92,62,0,0
114590,1,0,2298,77,0,22,61234.56,147047,92,62,0,0
114710,1,0,2433,91,0,22,61234.56,147047,92,62,0,0
114790,1,0,2433,94,0,22,61235.64,147047,92,62,0,0
114940,1,3,2463,91,0,22,61235.64,147047,92,62,0,0
115040,1,4,2386,91,0,22,61235.64,147047,92,62,0,0
115168,1,7,2318,91,0,22,61236.69,147047,92,62,0,0
115271,1,8,2213,82,0,22,61236.69,147047,92,62,0,0
115393,1,9,2082,70,0,22,61236.69,147047,92,62,0,0
115518,1,10,1826,66,0,22,61237.76,147047,92,62,0,0
115618,1,11,1734,66,0,22,61237.76,147047,92,62,0,0
115740,1,12,1761,66,0,22,61237.76,147047,92,62,0,0
115840,1,13,1926,66,0,22,61237.76,147047,92,62,0,0
115968,1,14,2047,64,0,22,61238.79,147047,92,62,0,0
116081,1,14,2017,63,0,22,61238.79,147047,92,62,0,0
116190,1,15,2096,63,0,22,61238.79,147047,92,62,0,0
116271,1,15,2183,66,0,22,61238.79,147047,92,62,0,0
116418,1,15,2296,66,0,22,61238.79,147047,92,62,0,0
116540,1,16,2348,87,0,22,61239.86,147047,92,62,0,0
116646,1,16,2430,87,0,22,61239.86,147047,92,62,0,0
116765,1,17,2524,88,0,22,61239.86,147047,92,62,0,0
116868,1,18,2598,88,0,22,61239.86,147047,92,62,0,0
116990,1,18,2676,88,0,22,61239.86,147047,92,62,0,0
117090,1,19,2720,88,0,22,61240.95,147047,92,62,0,0
117218,1,19,2866,87,0,22,61240.95,147047,92,62,0,0
117290,1,20,2880,86,0,22,61240.95,147047,92,62,0,0
117440,1,20,2985,86,0,22,61240.95,147047,92,62,0,0
117568,1,21,3087,91,0,22,61242.00,147047,92,62,0,0
117668,1,22,3193,106,0,22,61242.00,147047,92,62,0,0
117790,1,22,3304,118,0,22,61242.00,147047,92,62,0,0
117893,1,23,3432,136,0,22,61243.00,147047,92,62,0,0
118018,1,24,3642,140,0,22,61243.00,147047,92,62,0,0
118118,1,25,3772,142,0,22,61244.06,147047,92,62,0,0
118240,1,26,3927,142,0,22,61244.06,147047,92,62,0,0
118368,1,28,4106,142,0,22,61245.08,147047,92,62,0,0
118476,1,29,4264,144,0,22,61246.18,147047,92,62,0,0
118590,1,30,4417,144,0,22,61246.18,147047,92,62,0,0
118710,1,31,4482,144,0,22,61247.34,147047,92,62,0,0
118771,1,32,4638,144,0,22,61247.34,147047,92,62,0,0
118940,1,33,4849,139,0,22,61248.55,147047,92,62,0,0
119040,1,34,4972,119,0,22,61248.55,147047,92,62,0,0
119168,1,36,5015,68,0,22,61249.81,147047,92,62,0,0
119271,1,36,4905,25,0,22,61250.97,147047,92,62,0,0
119393,1,36,4832,0,0,22,61250.97,147047,92,62,0,0
119490,1,35,4674,0,0,22,61250.97,147047,92,62,0,0
119618,1,36,4366,0,0,22,61250.97,147047,92,62,0,0
119718,1,35,4160,0,0,22,61250.97,147047,92,62,0,0
119840,1,36,3968,3,0,22,61250.97,147047,92,62,0,0
119968,1,36,3744,14,0,22,61250.97,147047,92,62,0,0
120068,1,36,3703,36,0,22,61250.97,147047,92,62,0,0
120190,1,36,3423,53,0,22,61250.97,147047,92,62,0,0
120271,1,36,3173,82,0,22,61250.97,147047,92,62,0,0
120418,1,37,3045,115,0,22,61252.05,147047,92,62,0,0
120518,1,37,2939,143,0,22,61252.05,147047,92,62,0,0
120646,1,38,2982,221,0,22,61252.05,147047,92,62,0,0
120740,1,39,3046,243,0,22,61253.24,147047,92,62,0,0
120868,1,40,3137,255,0,22,61253.24,147047,92,62,0,0
120990,1,41,3231,255,0,22,61254.31,147047,92,62,0,0
121090,1,42,3319,255,0,22,61254.31,147047,92,62,0,0
121218,1,44,3451,255,0,22,61255.63,147047,92,62,0,0
121290,1,45,3486,255,0,22,61256.79,147047,92,62,0,0
121440,1,45,3557,249,0,22,61256.79,147047,92,62,0,0
121540,1,47,3632,243,0,22,61257.94,147047,92,62,0,0
121668,1,49,3747,232,0,22,61259.08,147047,92,62,0,0
121789,1,50,3839,223,0,22,61260.27,147047,92,62,0,0
121893,1,50,3922,219,0,22,61260.27,147047,92,62,0,0
122018,1,51,4029,210,0,22,61261.51,147047,92,62,0,0
122118,1,52,4094,203,0,22,61262.80,147047,92,62,0,0
122240,1,53,4147,198,0,22,61264.12,147047,92,62,0,0
122346,1,54,4192,198,0,22,61264.12,147047,92,62,0,0
122479,1,56,4343,191,0,22,61265.46,147047,92,62,0,0
122590,1,57,4380,186,0,22,61266.82,147047,92,62,0,0
122690,1,58,4452,181,0,22,61268.18,147047,92,62,0,0
122790,1,59,4532,178,0,22,61268.18,147047,92,63,0,0
122918,1,60,4617,172,0,22,61269.55,147047,92,63,0,0
123040,1,61,4701,133,0,22,61270.94,147047,92,63,0,0
123145,1,62,4683,107,0,22,61272.35,147047,92,63,0,0
123265,1,62,4722,70,0,22,61272.35,147047,92,63,0,0
123368,1,63,4577,70,0,22,61273.64,147047,92,63,0,0
123490,1,62,4413,0,0,22,61273.64,147047,92,63,0,0
123618,1,63,4130,0,0,22,61274.66,147047,92,63,0,0
123718,1,62,3946,0,0,22,61274.66,147047,92,63,0,0
123841,1,62,3744,0,0,22,61274.66,147047,92,63,0,0
123960,1,62,3584,0,0,22,61274.66,147047,92,63,0,0
124068,1,62,3168,0,0,22,61274.66,147047,92,63,0,0
124168,1,62,3232,0,0,22,61274.66,147047,92,63,0,0
124290,1,61,3232,0,0,22,61274.66,147047,92,63,0,0
124418,1,61,3200,0,0,22,61274.66,147047,92,63,0,0
124524,1,61,3200,8,0,22,61274.66,147047,88,63,0,0
124646,1,61,3249,38,0,22,61274.66,147047,88,63,0,0
124740,1,61,3241,39,0,22,61274.66,147047,88,63,0,0
124869,1,61,3187,39,0,22,61274.66,147047,88,63,0,0
124968,1,61,3217,39,0,22,61274.66,147047,88,63,0,0
125090,1,60,3189,39,0,22,61274.66,147047,88,63,0,0
125210,1,60,3221,39,0,22,61274.66,147047,88,63,0,0
125290,1,60,3219,39,0,22,61274.66,147047,88,63,0,0
125441,1,60,3187,26,0,22,61274.66,147047,88,63,0,0
125540,1,60,3186,15,0,22,61275.72,147047,88,63,0,0
125668,1,60,3143,0,0,22,61275.72,147047,88,63,0,0
125772,1,60,3140,0,0,22,61275.72,147047,88,63,0,0
125893,1,60,3138,0,0,22,61275.72,147047,88,63,0,0
126018,1,60,3138,0,0,22,61275.72,147047,88,63,0,0
126118,1,60,3138,0,0,22,61275.72,147047,88,63,0,0
126241,1,59,3139,0,0,22,61275.72,147047,88,63,0,0
126343,1,60,3108,0,0,22,61275.72,147047,88,63,0,0
126470,1,59,3109,0,0,22,61275.72,147047,88,63,0,0
126589,1,59,3092,0,0,22,61275.72,147047,88,63,0,0
126690,1,58,3084,0,0,22,61275.72,147047,88,63,0,0
126790,1,58,3102,0,4,22,61275.72,147047,88,63,0,0
126918,1,58,3048,0,46,22,61275.72,147047,88,63,0,0
127040,1,58,3021,0,36,22,61275.72,147047,88,63,0,0
127146,1,57,2990,0,64,22,61275.72,147047,88,63,0,0
127265,1,56,2944,0,80,22,61275.72,147047,88,63,0,0
127368,1,56,2912,0,86,22,61275.72,147047,88,63,0,0
127490,1,55,2848,0,34,22,61275.72,147048,88,63,0,0
127590,1,54,2848,0,0,22,61275.72,147048,88,63,0,0
127718,1,54,2816,0,0,22,61275.72,147048,88,63,0,0
127840,1,54,2816,0,0,22,61275.72,147048,88,63,0,0
127960,1,53,2816,13,0,22,61275.72,147048,88,63,0,0
128068,1,53,2816,68,0,22,61275.72,147048,88,63,0,0
128168,1,53,2818,85,0,22,61276.77,147048,88,63,0,0
128290,1,53,2826,104,0,22,61276.77,147048,88,63,0,0
128393,1,53,2826,109,0,22,61276.77,147048,88,63,0,0
128518,1,53,2870,117,0,22,61276.77,147048,88,63,0,0
128618,1,53,2899,117,0,22,61277.80,147048,88,63,0,0
128740,1,54,2923,118,0,22,61277.80,147048,88,63,0,0
128868,1,55,2933,118,0,22,61278.97,147048,88,63,0,0
128968,1,55,2950,118,0,22,61278.97,147048,88,63,0,0
129090,1,56,2945,118,0,22,61278.97,147048,88,64,0,0
129210,1,56,2985,118,0,22,61280.10,147048,88,64,0,0
129290,1,56,3034,118,0,22,61280.10,147048,88,64,0,0
129440,1,56,3016,120,0,22,61280.10,147048,88,64,0,0
129540,1,57,3064,120,0,22,61281.23,147048,88,64,0,0
129668,1,58,3094,122,0,22,61281.23,147048,88,64,0,0
129772,1,58,3110,122,0,22,61282.42,147048,88,64,0,0
129893,1,59,3124,119,0,22,61282.42,147048,88,64,0,0
129990,1,59,3176,119,0,22,61282.42,147048,88,64,0,0
130118,1,60,3187,119,0,22,61283.47,147048,88,64,0,0
130239,1,60,3227,95,0,22,61283.47,147048,88,64,0,0
130290,1,60,3208,95,0,22,61284.55,147048,88,64,0,0
130467,1,61,3194,69,0,22,61284.55,147048,88,64,0,0
130580,1,61,3258,60,0,22,61284.55,147048,88,64,0,0
130690,1,61,3224,51,0,22,61285.62,147048,88,64,0,0
130772,1,61,3255,44,0,22,61285.62,147048,88,64,0,0
130917,1,61,3218,44,0,22,61285.62,147048,88,64,0,0
131040,1,61,3201,38,0,22,61285.62,147048,88,64,0,0
131145,1,61,3229,38,0,22,61285.62,147048,88,64,0,0
131265,1,61,3200,38,0,22,61285.62,147048,88,64,0,0
131368,1,61,3226,37,0,22,61285.62,147048,88,64,0,0
131490,1,61,3168,37,0,22,61285.62,147048,88,64,0,0
131591,1,61,3200,36,0,22,61286.67,147048,88,64,0,0
131717,1,61,3199,6,0,22,61286.67,147048,88,64,0,0
131772,1,60,3184,0,0,22,61286.67,147048,88,65,0,0
131940,1,60,3157,0,0,22,61286.67,147048,88,65,0,0
132068,1,60,3191,0,0,22,61286.67,147048,88,65,0,0
132168,1,60,3160,0,40,22,61286.67,147048,88,65,0,0
132272,1,59,3129,0,34,22,61286.67,147048,88,65,0,0
132393,1,59,3129,0,64,22,61286.67,147048,88,65,0,0
132518,1,59,3047,0,78,22,61286.67,147048,88,65,0,0
132645,1,59,3024,0,84,22,61286.67,147048,88,65,0,0
132740,1,57,2955,0,84,22,61286.67,147048,88,65,0,0
132868,1,56,2941,0,80,22,61286.67,147048,88,65,0,0
132968,1,56,2924,0,80,22,61286.67,147048,88,65,0,0
133090,1,55,2848,0,42,22,61287.68,147048,88,65,0,0
133209,1,54,2844,0,18,22,61287.68,147048,88,65,0,0
133290,1,54,2816,0,8,22,61287.68,147048,88,65,0,0
133440,1,54,2816,0,0,22,61287.68,147048,88,65,0,0
133540,1,53,2784,0,0,22,61287.68,147048,88,65,0,0
133667,1,53,2752,0,0,22,61287.68,147048,88,65,0,0
133791,1,52,2752,0,0,22,61287.68,147048,88,65,0,0
133892,1,52,2752,0,0,22,61287.68,147048,88,65,0,0
134017,1,52,2720,0,0,22,61287.68,147048,88,65,0,0
134117,1,52,2720,0,0,22,61287.68,147048,88,65,0,0
134240,1,51,2688,0,0,22,61287.68,147048,88,65,0,0
134364,1,51,2688,0,0,22,61287.68,147048,88,65,0,0
134467,1,51,2688,0,2,22,61287.68,147048,88,66,0,0
134590,1,50,2624,0,88,22,61287.68,147048,88,66,0,0
134689,1,50,2592,0,114,22,61287.68,147048,88,66,0,0
134772,1,49,2528,0,114,22,61287.68,147048,88,66,0,0
134918,1,48,2464,0,140,22,61287.68,147048,88,66,0,0
135039,1,47,2400,0,158,22,61287.68,147048,88,66,0,0
135164,1,45,2336,0,174,22,61287.68,147048,88,66,0,0
135274,1,43,2240,0,178,22,61287.68,147048,88,66,0,0
135392,1,42,2176,0,182,22,61287.68,147048,88,66,0,0
135491,1,41,2080,0,188,22,61287.68,147048,88,66,0,0
135618,1,39,1984,0,186,22,61287.68,147048,88,66,0,0
135718,1,38,1920,0,188,22,61287.68,147048,88,66,0,0
135839,1,37,1856,0,188,22,61287.68,147048,88,66,0,0
135964,1,34,1760,0,188,22,61287.68,147048,88,66,0,0
136068,1,33,1664,0,186,22,61287.68,147048,88,66,0,0
136189,1,32,1634,0,180,22,61287.68,147048,88,66,0,0
136289,1,30,1555,0,184,22,61287.68,147048,88,66,0,0
136418,1,29,1457,0,182,22,61287.68,147048,88,66,0,0
136518,1,28,1393,0,182,22,61287.68,147048,88,66,0,0
136645,1,26,1361,0,172,22,61287.68,147048,88,66,0,0
136765,1,24,1331,0,156,22,61287.68,147048,88,66,0,0
136870,1,23,1289,0,148,22,61287.68,147048,88,66,0,0
136989,1,22,1289,0,128,22,61287.68,147048,88,66,0,0
137089,1,21,1254,0,136,22,61287.68,147048,88,66,0,0
137218,1,20,1221,0,132,22,61287.68,147048,88,66,0,0
137337,1,19,1221,0,132,22,61287.68,147048,88,66,0,0
137439,1,18,1188,0,128,22,61287.68,147048,88,66,0,0
137564,1,16,1188,0,130,22,61287.68,147048,88,66,0,0
137668,1,15,1186,0,124,22,61287.68,147048,88,66,0,0
137772,1,14,1186,0,126,22,61287.68,147048,88,66,0,0
137892,1,14,1153,0,126,22,61287.68,147048,88,66,0,0
138018,1,13,1154,0,126,22,61287.68,147048,88,66,0,0
138118,1,12,1154,0,124,22,61287.68,147048,88,66,0,0
138239,1,11,1123,0,124,22,61287.68,147048,88,66,0,0
138367,1,9,1123,0,124,22,61287.68,147048,88,66,0,0
138478,1,8,1123,0,114,22,61287.68,147048,88,66,0,0
138589,1,7,1091,0,110,22,61287.68,147048,88,66,0,0
138709,1,7,1091,0,100,22,61287.68,147048,88,66,0,0
138772,1,6,1091,0,100,22,61287.68,147048,88,66,0,0
138939,1,5,1090,0,80,22,61287.68,147048,88,66,0,0
139039,1,4,1059,0,76,22,61287.68,147048,88,66,0,0
139167,1,3,1059,0,68,22,61287.68,147048,88,66,0,0
139272,1,3,1059,0,56,22,61287.68,147048,88,66,0,0
139392,1,0,1026,0,36,22,61288.68,147048,88,66,0,0
139490,1,0,961,0,26,22,61288.68,147048,87,66,0,0
139618,1,0,927,0,16,22,61288.68,147048,87,66,0,0
139718,1,0,895,0,12,22,61288.68,147048,87,66,0,0
139849,1,0,892,0,2,22,61288.68,147048,87,66,0,0
139964,1,0,859,0,2,22,61288.68,147048,87,66,0,0
140079,1,0,859,0,0,22,61288.68,147048,87,66,0,0
140189,1,0,859,0,0,22,61288.68,147048,87,66,0,0
140272,1,0,859,0,0,22,61288.68,147048,87,66,0,0
140418,1,0,860,0,0,22,61288.68,147048,87,66,0,0
140539,1,0,860,0,0,22,61288.68,147048,87,66,0,0
140645,1,0,859,0,0,22,61288.68,147048,87,66,0,0
140764,1,0,859,0,0,22,61288.68,147048,87,66,0,0
140868,1,0,859,0,0,22,61288.68,147048,87,66,0,0
140989,1,0,859,0,2,22,61288.68,147048,87,66,0,0
141089,1,0,859,0,2,22,61288.68,147048,87,66,0,0
141218,1,0,859,0,2,22,61288.68,147048,87,66,0,0
141334,1,0,859,0,2,22,61288.68,147048,87,66,0,0
141439,1,0,859,0,2,22,61288.68,147048,87,66,0,0
141564,1,0,859,0,6,22,61288.68,147048,87,66,0,0
141668,1,0,859,0,6,22,61288.68,147048,87,66,0,0
141770,1,0,859,0,8,22,61288.68,147048,87,66,0,0
141892,1,0,859,0,32,22,61288.68,147048,87,66,0,0
142018,1,0,859,0,48,22,61288.68,147048,87,66,0,0
142118,1,0,859,0,142,22,61288.68,147048,87,66,0,0
142239,1,0,859,0,212,22,61288.68,147048,87,66,0,0
142364,1,0,859,0,234,22,61288.68,147048,87,66,0,0
142478,1,0,855,0,236,22,61288.68,147048,87,67,0,0
142589,1,0,855,0,234,22,61288.68,147048,87,67,0,0
142689,1,0,856,0,230,22,61288.68,147048,87,67,0,0
142789,1,0,856,0,218,22,61288.68,147048,87,67,0,0
142939,1,0,855,0,202,22,61289.68,147048,87,67,0,0
143039,1,0,855,0,192,22,61289.68,147048,87,67,0,0
143167,1,0,855,0,190,22,61289.68,147048,87,67,0,0
143270,1,0,854,0,186,22,61289.68,147048,87,67,0,0
143392,1,0,855,0,182,22,61289.68,147048,87,67,0,0
143491,1,0,856,0,180,22,61289.68,147048,87,67,0,0
143617,1,0,856,0,180,22,61289.68,147048,87,67,0,0
143739,1,0,856,0,180,22,61289.68,147048,87,67,0,0
143845,1,0,856,0,180,22,61289.68,147048,87,67,0,0
143967,1,0,856,0,180,22,61289.68,147048,87,67,0,0
144079,1,0,856,0,180,22,61289.68,147048,87,67,0,0
144189,1,0,856,0,178,22,61289.68,147048,87,67,0,0
144270,1,0,855,0,178,22,61289.68,147048,87,67,0,0
144417,1,0,856,0,178,22,61289.68,147048,87,67,0,0
144539,1,0,855,0,176,22,61289.68,147048,87,67,0,0
144645,1,0,855,0,176,22,61289.68,147048,87,67,0,0
144769,1,0,855,0,174,22,61289.68,147048,87,67,0,0
144870,1,0,855,0,174,22,61289.68,147048,87,67,0,0
144989,1,0,855,0,172,22,61289.68,147048,87,67,0,0
145089,1,0,855,0,172,22,61289.68,147048,87,67,0,0
145218,1,0,854,0,172,22,61289.68,147048,87,67,0,0
145339,1,0,854,0,170,22,61289.68,147048,87,67,0,0
145439,1,0,854,0,170,22,61289.68,147048,87,67,0,0
145569,1,0,825,0,170,22,61289.68,147048,87,67,0,0
145668,1,0,860,0,170,22,61289.68,147048,87,67,0,0
145789,1,0,854,0,170,22,61289.68,147048,87,67,0,0
145892,1,0,822,0,170,22,61289.68,147048,87,67,0,0
146018,1,0,851,0,170,22,61289.68,147048,87,67,0,0
146144,1,0,852,0,170,22,61289.68,147048,87,67,0,0
146239,1,0,852,0,170,22,61289.68,147048,87,67,0,0
146367,1,0,852,0,170,22,61289.68,147048,87,67,0,0
146478,1,0,853,0,170,22,61289.68,147048,87,67,0,0
146589,1,0,853,0,168,22,61289.68,147048,87,67,0,0
146710,1,0,853,0,170,22,61290.69,147048,87,67,0,0
146789,1,0,856,0,170,22,61290.69,147048,87,67,0,0
146940,1,0,863,0,168,22,61290.69,147048,87,67,0,0
147039,1,0,856,0,168,22,61290.69,147048,87,67,0,0
147168,1,0,852,0,168,22,61290.69,147048,87,67,0,0
147289,1,0,852,0,168,22,61290.69,147048,87,67,0,0
147392,1,0,853,0,168,22,61290.69,147048,87,67,0,0
147517,1,0,853,0,168,22,61290.69,147048,87,67,0,0
147618,1,0,853,0,168,22,61290.69,147048,87,67,0,0
147739,1,0,853,0,168,22,61290.69,147048,87,67,0,0
147789,1,0,853,0,168,22,61290.69,147048,87,68,0,0
147968,1,0,821,0,168,22,61290.69,147048,87,68,0,0
148089,1,0,861,0,166,22,61290.69,147048,87,68,0,0
148189,1,0,856,0,166,22,61290.69,147048,87,68,0,0
148269,1,0,820,0,166,22,61290.69,147048,87,68,0,0
148418,1,0,851,0,166,22,61290.69,147048,87,68,0,0
148539,1,0,851,0,164,22,61290.69,147048,87,68,0,0
148645,1,0,851,0,166,22,61290.69,147048,87,68,0,0
148769,1,0,852,0,164,22,61290.69,147048,87,68,0,0
148892,1,0,852,0,164,22,61290.69,147048,87,68,0,0
148989,1,0,821,0,164,22,61290.69,147048,87,68,0,0
149117,1,0,853,0,164,22,61290.69,147048,87,68,0,0
149218,1,0,854,0,164,22,61290.69,147048,87,68,0,0
149339,1,0,859,0,162,22,61290.69,147048,87,68,0,0
149464,1,0,861,0,162,22,61290.69,147048,87,68,0,0
149567,1,0,856,0,162,22,61290.69,147048,87,68,0,0
149689,1,0,853,0,162,22,61290.69,147048,87,68,0,0
149789,1,0,854,0,160,22,61290.69,147048,87,68,0,0
149917,1,0,853,0,160,22,61290.69,147048,87,68,0,0
150039,1,0,853,0,160,22,61290.69,147048,87,68,0,0
150146,1,0,854,0,160,22,61290.69,147048,87,68,0,0
150264,1,0,853,0,160,22,61290.69,147048,87,68,0,0
150367,1,0,854,0,160,22,61290.69,147048,87,68,0,0
150489,1,0,854,0,160,22,61290.69,147048,87,68,0,0
150589,1,0,854,0,160,22,61291.70,147048,87,68,0,0
150718,1,0,855,0,160,22,61291.70,147048,87,68,0,0
150789,1,0,854,0,160,22,61291.70,147048,87,68,0,0
150939,1,0,854,0,160,22,61291.70,147048,87,68,0,0
151064,1,0,854,0,160,22,61291.70,147048,87,68,0,0
151167,1,0,854,0,160,22,61291.70,147048,87,68,0,0
151269,1,0,854,0,158,22,61291.70,147048,87,68,0,0
151392,1,0,853,0,160,22,61291.70,147048,87,68,0,0
151517,1,0,853,0,160,22,61291.70,147048,87,68,0,0
151617,1,0,852,0,158,22,61291.70,147048,87,68,0,0
151739,1,0,853,0,158,22,61291.70,147048,87,68,0,0
151867,1,0,853,0,160,22,61291.70,147048,87,68,0,0
151967,1,0,852,0,158,22,61291.70,147048,87,68,0,0
152090,1,0,852,0,158,22,61291.70,147048,87,68,0,0
152209,1,0,852,0,158,22,61291.70,147048,87,68,0,0
152289,1,0,852,0,158,22,61291.70,147048,87,68,0,0
152439,1,0,852,0,158,22,61291.70,147048,87,68,0,0
152539,1,0,852,0,158,22,61291.70,147048,87,68,0,0
152667,1,0,852,0,158,22,61291.70,147048,87,68,0,0
152769,1,0,852,0,158,22,61291.70,147048,87,68,0,0
152892,1,0,852,0,158,22,61291.70,147048,87,68,0,0
153067,1,0,852,0,158,22,61291.70,147048,87,68,0,0
153167,1,0,852,0,158,22,61291.70,147048,87,68,0,0
153290,1,0,851,0,158,22,61291.70,147048,87,68,0,0
153392,1,0,852,0,158,22,61291.70,147048,87,68,0,0
153517,1,0,851,0,158,22,61291.70,147048,87,68,0,0
153617,1,0,851,0,158,22,61291.70,147048,87,68,0,0
153739,1,0,851,0,158,22,61291.70,147048,87,68,0,0
153867,1,0,852,0,158,22,61291.70,147048,87,68,0,0
153967,1,0,853,0,158,22,61291.70,147048,87,68,0,0
154089,1,0,853,0,158,22,61291.70,147048,87,68,0,0
154209,1,0,853,0,158,22,61291.70,147048,87,68,0,0
154327,1,0,853,0,156,22,61291.70,147048,87,68,0,0
154439,1,0,853,0,156,22,61291.70,147048,87,68,0,0
154539,1,0,853,0,156,22,61292.71,147048,86,68,0,0
154667,1,0,853,0,156,22,61292.71,147048,86,68,0,0
154769,1,0,853,0,156,22,61292.71,147048,86,68,0,0
154893,1,0,853,0,156,22,61292.71,147048,86,68,0,0
154989,1,0,821,0,156,22,61292.71,147048,86,68,0,0
155121,1,0,853,0,156,22,61292.71,147048,86,68,0,0
155239,1,0,853,0,154,22,61292.71,147048,86,68,0,0
155339,1,0,853,0,156,22,61292.71,147048,86,68,0,0
155464,1,0,853,0,154,22,61292.71,147048,86,68,0,0
155579,1,0,853,0,154,22,61292.71,147048,86,68,0,0
155689,1,0,853,0,154,22,61292.71,147048,86,68,0,0
155789,1,0,854,0,154,22,61292.71,147048,86,68,0,0
155917,1,0,853,0,154,22,61292.71,147048,86,68,0,0
156039,1,0,853,0,154,22,61292.71,147048,86,68,0,0
156145,1,0,854,0,152,22,61292.71,147048,86,68,0,0
156269,1,0,854,0,148,22,61292.71,147048,86,68,0,0
156376,1,0,854,0,126,22,61292.71,147048,86,68,0,0
156489,1,0,855,0,0,22,61292.71,147048,86,68,0,0
156589,1,0,855,0,0,22,61292.71,147048,86,68,0,0
156717,1,0,925,0,0,22,61292.71,147048,86,68,0,0
156839,1,0,1003,0,0,22,61292.71,147048,86,68,0,0
156939,1,0,1139,0,0,22,61292.71,147048,86,68,0,0
157070,1,0,1399,9,0,22,61292.71,147048,86,68,0,0
157167,1,0,1506,29,0,22,61292.71,147048,86,68,0,0
157289,1,0,1586,29,0,22,61293.77,147048,86,68,0,0
157395,1,0,1618,34,0,22,61293.77,147048,86,68,0,0
157517,1,0,1687,38,0,22,61293.77,147048,86,69,0,0
157620,1,2,1694,40,0,22,61293.77,147048,86,69,0,0
157739,1,3,1672,41,0,22,61293.77,147048,86,69,0,0
157864,1,5,1648,41,0,22,61293.77,147048,86,69,0,0
157970,1,6,1655,42,0,22,61294.79,147048,86,69,0,0
158089,1,6,1658,42,0,22,61294.79,147048,86,69,0,0
158209,1,7,1649,42,0,22,61294.79,147048,86,69,0,0
158272,1,8,1603,42,0,22,61294.79,147048,86,69,0,0
158439,1,9,1623,42,0,22,61294.79,147048,86,69,0,0
158539,1,10,1614,42,0,22,61295.84,147048,86,69,0,0
158664,1,11,1614,44,0,22,61295.84,147048,86,69,0,0
158769,1,12,1766,49,0,22,61295.84,147048,86,69,0,0
158892,1,12,1867,53,0,22,61295.84,147048,86,69,0,0
158989,1,13,1886,56,0,22,61295.84,147048,86,69,0,0
159120,1,13,1966,64,0,22,61295.84,147048,86,69,0,0
159217,1,14,2064,73,0,22,61296.87,147048,86,69,0,0
159349,1,14,2134,76,0,22,61296.87,147048,86,69,0,0
159464,1,15,2207,77,0,22,61296.87,147048,86,69,0,0
159579,1,16,2335,85,0,22,61296.87,147048,86,69,0,0
159689,1,16,2431,98,0,22,61296.87,147048,86,69,0,0
159789,1,17,2511,104,0,22,61297.92,147048,86,69,0,0
159917,1,17,2671,110,0,22,61297.92,147048,86,69,0,0
160039,1,18,2790,112,0,22,61297.92,147048,86,69,0,0
160144,1,19,2903,109,0,22,61297.92,147048,86,69,0,0
160269,1,21,3098,105,0,22,61299.05,147048,86,69,0,0
160373,1,21,3162,98,0,22,61299.05,147048,86,69,0,0
160491,1,23,3325,86,0,22,61299.05,147048,86,69,0,0
160589,1,23,3359,74,0,22,61300.07,147048,86,69,0,0
160717,1,24,3326,21,0,22,61300.07,147048,86,69,0,0
160839,1,24,3168,0,0,22,61300.07,147048,86,69,0,0
160959,1,24,3033,0,0,22,61300.07,147048,86,69,0,0
161070,1,24,2784,0,0,22,61300.07,147048,86,69,0,0
161170,1,24,2656,0,0,22,61300.07,147048,86,69,0,0
161289,1,24,2587,0,0,22,61300.07,147048,86,69,0,0
161417,1,24,2483,5,0,22,61300.07,147048,86,69,0,0
161517,1,24,2381,19,0,22,61300.07,147048,86,69,0,0
161644,1,24,2269,19,0,22,61301.10,147048,86,69,0,0
161739,1,24,2068,20,0,22,61301.10,147048,86,69,0,0
161870,1,24,1815,21,0,22,61301.10,147048,86,69,0,0
161988,1,24,1843,27,0,22,61301.10,147048,86,69,0,0
162089,1,24,1874,41,0,22,61301.10,147048,86,69,0,0
162210,1,24,1825,57,0,22,61301.10,147048,86,69,0,0
162289,1,24,1867,68,0,22,61301.10,147048,86,69,0,0
162438,1,24,1873,70,0,22,61301.10,147048,86,69,0,0
162539,1,24,1895,70,0,22,61301.10,147048,86,69,0,0
162670,1,25,1945,70,0,22,61302.17,147048,86,69,0,0
162769,1,25,1980,70,0,22,61302.17,147048,86,68,0,0
162891,1,25,1983,70,0,22,61302.17,147048,86,68,0,0
162989,1,26,1984,70,0,22,61302.17,147048,86,68,0,0
163120,1,26,2017,71,0,22,61302.17,147048,86,68,0,0
163240,1,26,2048,96,0,22,61302.17,147048,86,68,0,0
163346,1,27,2086,107,0,22,61303.18,147048,86,68,0,0
163472,1,27,2165,116,0,22,61303.18,147048,86,68,0,0
163580,1,28,2189,119,0,22,61303.18,147048,86,68,0,0
163688,1,29,2208,125,0,22,61303.18,147048,86,68,0,0
163769,1,29,2291,128,0,22,61304.26,147048,86,68,0,0
163918,1,30,2361,132,0,22,61304.26,147048,86,68,0,0
164038,1,31,2420,138,0,22,61304.26,147048,86,68,0,0
164147,1,31,2468,144,0,22,61305.31,147048,86,68,0,0
164269,1,33,2574,153,0,22,61305.31,147048,86,68,0,0
164371,1,33,2574,162,0,22,61305.31,147048,86,68,0,0
164489,1,34,2695,166,0,22,61306.36,147048,86,68,0,0
164588,1,35,2795,168,0,22,61306.36,147048,86,68,0,0
164718,1,37,2920,169,0,22,61307.57,147048,86,68,0,0
164788,1,38,2970,169,0,22,61307.57,147048,86,68,0,0
164963,1,40,3131,170,0,22,61308.74,147048,86,68,0,0
165078,1,41,3228,170,0,22,61308.74,147048,86,68,0,0
165188,1,42,3298,176,0,22,61309.99,147048,86,68,0,0
165269,1,43,3416,177,0,22,61311.01,147048,86,68,0,0
165419,1,44,3494,177,0,22,61312.08,147048,86,68,0,0
165538,1,45,3537,177,0,22,61312.08,147048,86,68,0,0
165644,1,46,3631,177,0,22,61313.20,147048,86,68,0,0
165763,1,48,3692,177,0,22,61314.35,147048,86,68,0,0
165870,1,49,3795,177,0,22,61315.54,147048,86,68,0,0
165988,1,50,3901,176,0,22,61315.54,147048,86,68,0,0
166088,1,51,3942,176,0,22,61316.77,147048,86,68,0,0
166218,1,52,4067,172,0,22,61318.05,147048,86,68,0,0
166289,1,54,4102,171,0,22,61318.05,147048,86,68,0,0
166438,1,54,4212,160,0,22,61319.36,147048,86,68,0,0
166563,1,56,4319,157,0,22,61320.68,147048,86,68,0,0
166670,1,57,4393,152,0,22,61322.02,147048,86,68,0,0
166769,1,58,4507,147,0,22,61323.33,147048,86,68,0,0
166891,1,59,4523,131,0,22,61323.33,147048,86,68,0,0
167018,1,60,4551,112,0,22,61324.59,147048,86,68,0,0
167122,1,60,4495,70,0,22,61325.73,147048,86,68,0,0
167239,1,61,4366,0,0,22,61325.73,147048,86,68,0,0
167370,1,60,4115,0,0,22,61326.75,147048,86,68,0,0
167475,1,60,3944,0,0,22,61326.75,147048,86,68,0,0
167588,1,60,3744,0,0,22,61326.75,147048,86,68,0,0
167718,1,60,3488,0,0,22,61326.75,147048,86,68,0,0
167838,1,60,3232,47,0,22,61326.75,147048,86,68,0,0
167938,1,60,3213,68,0,22,61326.75,147048,86,68,0,0
168070,1,61,3223,85,0,22,61326.75,147048,86,68,0,0
168170,1,61,3274,121,0,22,61326.75,147048,86,68,0,0
168288,1,61,3282,124,0,22,61326.75,147048,86,68,0,0
168394,1,61,3327,130,0,22,61327.80,147048,86,68,0,0
168518,1,62,3344,135,0,22,61327.80,147048,86,68,0,0
168644,1,62,3345,141,0,22,61328.91,147048,86,68,0,0
168738,1,63,3382,141,0,22,61328.91,147048,86,68,0,0
168870,1,64,3455,141,0,22,61330.14,147048,86,68,0,0
168970,1,65,3443,142,0,22,61330.14,147048,86,68,0,0
169088,1,65,3456,142,0,22,61331.40,147048,86,68,0,0
169208,1,66,3523,142,0,22,61331.40,147048,86,68,0,0
169288,1,66,3534,142,0,22,61332.58,147048,86,68,0,0
169438,1,66,3600,141,0,22,61332.58,147048,86,68,0,0
169538,1,68,3626,140,0,22,61333.78,147048,83,68,0,0
169671,1,69,3708,130,0,22,61334.98,147048,83,68,0,0
169769,1,70,3692,125,0,22,61334.98,147048,83,68,0,0
169891,1,70,3722,106,0,22,61336.20,147048,83,68,0,0
169988,1,70,3694,59,0,22,61336.20,147048,83,68,0,0
170120,1,70,3523,0,0,22,61337.23,147048,83,68,0,0
170238,1,70,3384,0,0,22,61337.23,147048,83,68,0,0
170342,1,70,3227,0,0,22,61337.23,147048,83,68,0,0
170472,1,70,2848,2,0,22,61337.23,147048,83,68,0,0
170588,1,70,2688,13,0,22,61337.23,147048,83,68,0,0
170701,1,69,2844,33,0,22,61337.23,147048,83,68,0,0
170788,1,70,2790,34,0,22,61337.23,147048,83,68,0,0
170918,1,70,2788,42,0,22,61337.23,147048,83,68,0,0
171038,1,70,2764,45,0,22,61337.23,147048,83,68,0,0
171144,1,70,2774,0,0,22,61337.23,147048,83,68,0,0
171269,1,69,2738,0,0,22,61338.26,147048,83,68,0,0
171371,1,69,2743,0,0,22,61338.26,147048,83,68,0,0
171489,1,69,2764,0,0,22,61338.26,147048,83,68,0,0
171588,1,69,2766,0,0,22,61338.26,147048,83,68,0,0
171718,1,69,2736,0,0,22,61338.26,147048,83,68,0,0
171838,1,69,2737,0,0,22,61338.26,147048,83,68,0,0
171958,1,69,2675,0,0,22,61338.26,147048,83,68,0,0
172071,1,69,2445,0,0,22,61338.26,147048,83,68,0,0
172168,1,68,2272,0,0,22,61338.26,147048,83,68,0,0
172288,1,69,2144,0,0,22,61338.26,147048,83,68,0,0
172391,1,69,2054,0,0,22,61338.26,147048,83,68,0,0
172518,1,68,2011,0,0,22,61338.26,147048,83,68,0,0
172618,1,68,2212,0,0,22,61338.26,147048,83,68,0,0
172738,1,68,2456,0,0,22,61338.26,147048,83,68,0,0
172863,1,67,2797,0,0,22,61338.26,147048,83,68,0,0
172968,1,66,3392,0,0,22,61338.26,147048,83,69,0,0
173088,1,66,3502,0,0,22,61338.26,147048,83,69,0,0
173211,1,66,3483,0,0,22,61338.26,147048,83,69,0,0
173288,1,66,3456,0,0,22,61338.26,147048,83,69,0,0
173438,1,66,3456,0,0,22,61338.26,147048,83,69,0,0
173538,1,65,3424,0,0,22,61338.26,147048,83,69,0,0
173663,1,65,3424,0,0,22,61338.26,147048,83,69,0,0
173769,1,65,3424,0,0,22,61338.26,147048,83,69,0,0
173891,1,64,3392,0,0,22,61338.26,147048,83,69,0,0
173988,1,64,3392,0,0,22,61338.26,147048,83,69,0,0
174118,1,64,3360,0,0,22,61338.26,147048,83,69,0,0
174238,1,64,3360,0,0,22,61338.26,147048,83,69,0,0
174339,1,64,3360,0,0,22,61338.26,147048,83,69,0,0
174463,1,63,3328,0,0,22,61338.26,147048,83,69,0,0
174579,1,63,3328,0,0,22,61338.26,147048,83,69,0,0
174688,1,63,3296,0,0,22,61338.26,147048,83,69,0,0
174788,1,63,3296,0,0,22,61338.26,147048,83,69,0,0
174918,1,63,3264,0,0,22,61338.26,147048,83,69,0,0
175038,1,62,3264,0,0,22,61338.26,147048,83,69,0,0
175144,1,62,3264,0,0,22,61338.26,147048,83,69,0,0
175263,1,62,3232,0,0,22,61338.26,147048,83,69,0,0
175368,1,61,3232,19,0,22,61338.26,147048,83,69,0,0
175489,1,61,3282,31,0,22,61338.26,147048,83,69,0,0
175588,1,61,3236,98,0,22,61338.26,147048,83,69,0,0
175721,1,61,3285,120,0,22,61339.26,147048,83,69,0,0
175788,1,61,3293,125,0,22,61339.26,147048,83,69,0,0
175938,1,61,3304,127,0,22,61339.26,147048,83,69,0,0
176063,1,63,3305,127,0,22,61340.52,147048,83,69,0,0
176170,1,63,3381,124,0,22,61341.59,147048,83,69,0,0
176288,1,63,3378,111,0,22,61341.59,147048,83,69,0,0
176391,1,64,3404,96,0,22,61342.60,147048,83,69,0,0
176518,1,64,3359,62,0,22,61342.60,147048,83,69,0,0
176621,1,64,3307,15,0,22,61342.60,147048,83,69,0,0
176738,1,64,3399,0,0,22,61343.66,147048,83,69,0,0
176850,1,64,3410,0,0,22,61343.66,147048,83,69,0,0
176970,1,64,3371,0,0,22,61343.66,147048,83,69,0,0
177088,1,64,3351,0,0,22,61343.66,147048,83,69,0,0
177188,1,64,3384,0,0,22,61343.66,147048,83,69,0,0
177288,1,64,3352,0,0,22,61343.66,147048,83,69,0,0
177420,1,63,3335,0,0,22,61343.66,147048,83,69,0,0
177538,1,63,3366,26,0,22,61343.66,147048,83,69,0,0
177644,1,63,3373,27,0,22,61343.66,147048,83,69,0,0
177770,1,63,3329,28,0,22,61343.66,147048,83,69,0,0
177890,1,63,3329,30,0,22,61343.66,147048,83,69,0,0
177988,1,63,3347,33,0,22,61343.66,147048,83,69,0,0
178120,1,63,3356,38,0,22,61344.66,147048,83,69,0,0
178220,1,63,3346,42,0,22,61344.66,147048,83,69,0,0
178288,1,63,3343,43,0,22,61344.66,147048,83,69,0,0
178460,1,63,3332,48,0,22,61344.66,147048,83,69,0,0
178570,1,63,3356,48,0,22,61344.66,147048,83,69,0,0
178671,1,63,3328,48,0,22,61344.66,147048,83,69,0,0
178788,1,63,3359,51,0,22,61344.66,147048,83,69,0,0
178891,1,63,3332,53,0,22,61345.72,147048,83,69,0,0
179020,1,63,3336,56,0,22,61345.72,147048,83,69,0,0
179144,1,63,3380,62,0,22,61345.72,147048,83,69,0,0
179238,1,63,3346,62,0,22,61345.72,147048,83,69,0,0
179370,1,63,3360,68,0,22,61345.72,147048,83,69,0,0
179479,1,64,3378,68,0,22,61346.74,147048,83,70,0,0
179588,1,64,3392,68,0,22,61346.74,147048,83,70,0,0
179708,1,64,3396,68,0,22,61346.74,147048,83,70,0,0
179788,1,64,3404,69,0,22,61346.74,147048,83,70,0,0
179938,1,64,3394,74,0,22,61346.74,147048,83,70,0,0
180038,1,64,3451,81,0,22,61347.82,147048,83,70,0,0
180170,1,65,3441,83,0,22,61347.82,147048,83,70,0,0
180270,1,65,3471,85,0,22,61347.82,147048,83,70,0,0
180391,1,65,3468,85,0,22,61347.82,147048,83,70,0,0
180488,1,65,3470,85,0,22,61348.95,147048,83,70,0,0
180620,1,66,3465,85,0,22,61348.95,147048,83,70,0,0
180720,1,66,3488,85,0,22,61348.95,147048,83,70,0,0
180848,1,66,3516,85,0,22,61350.08,147048,83,70,0,0
180963,1,66,3549,46,0,22,61350.08,147048,83,70,0,0
181078,1,67,3484,41,0,22,61350.08,147048,83,70,0,0
181188,1,66,3505,33,0,22,61350.08,147048,83,70,0,0
181288,1,66,3491,0,0,22,61350.08,147048,83,70,0,0
181420,1,66,3512,0,0,22,61351.12,147048,83,70,0,0
181520,1,66,3513,0,0,22,61351.12,147048,83,70,0,0
181644,1,66,3516,0,12,22,61351.12,147048,83,70,0,0
181738,1,66,3457,0,10,22,61351.12,147048,83,70,0,0
181873,1,66,3465,0,24,22,61351.12,147048,83,70,0,0
181988,1,65,3443,0,56,22,61351.12,147048,83,70,0,0
182088,1,65,3405,0,78,22,61351.12,147048,83,70,0,0
182208,1,64,3371,0,88,22,61351.12,147048,83,70,0,0
182288,1,64,3336,0,96,22,61351.12,147048,83,70,0,0
182438,1,63,3294,0,116,22,61351.12,147048,83,70,0,0
182538,1,62,3181,0,126,22,61351.12,147048,83,70,0,0
182670,1,60,3104,0,146,22,61351.12,147048,83,70,0,0
182771,1,59,3040,0,170,22,61351.12,147048,83,70,0,0
182894,1,59,2976,0,190,22,61351.12,147048,83,70,0,0
182988,1,56,2912,0,198,22,61351.12,147048,83,70,0,0
183120,1,55,2816,0,192,22,61351.12,147048,83,70,0,0
183238,1,54,2720,0,198,22,61351.12,147048,83,70,0,0
183338,1,53,2688,0,196,22,61351.12,147048,83,70,0,0
183463,1,50,2592,0,198,22,61351.12,147048,83,70,0,0
183578,1,49,2496,0,190,22,61351.12,147048,83,70,0,0
183688,1,48,2464,0,200,22,61351.12,147048,83,71,0,0
183788,1,47,2400,0,192,22,61351.12,147048,83,71,0,0
183920,1,47,2272,0,196,22,61351.12,147048,83,71,0,0
184038,1,44,2208,0,198,22,61351.12,147048,83,71,0,0
184144,1,43,2176,0,194,22,61351.12,147048,83,71,0,0
184263,1,40,2080,0,198,22,61351.12,147048,83,71,0,0
184373,1,39,1984,0,190,22,61351.12,147048,83,71,0,0
184488,1,38,1952,0,190,22,61351.12,147048,83,71,0,0
184588,1,36,1856,0,188,22,61351.12,147048,83,71,0,0
184720,1,35,1760,0,188,22,61351.12,147048,83,71,0,0
184788,1,34,1728,0,186,22,61351.12,147048,83,71,0,0
184938,1,34,1632,0,184,22,61351.12,147048,83,71,0,0
185063,1,30,1600,0,186,22,61351.12,147048,83,71,0,0
185170,1,29,1518,0,180,22,61351.12,147048,83,71,0,0
185287,1,28,1408,0,188,22,61351.12,147048,83,71,0,0
185391,1,27,1434,0,184,22,61351.12,147048,83,71,0,0
185520,1,26,1265,0,188,22,61351.12,147048,83,71,0,0
185620,1,25,1252,0,186,22,61351.12,147048,83,71,0,0
185738,1,23,1216,0,186,22,61351.12,147048,83,71,0,0
185845,1,22,1152,0,188,22,61351.12,147048,83,71,0,0
185970,1,20,1189,0,188,22,61351.12,147048,83,71,0,0
186088,1,19,1205,0,188,22,61351.12,147048,83,71,0,0
186208,1,17,1201,0,182,22,61351.12,147048,83,71,0,0
186271,1,16,1160,0,182,22,61351.12,147048,83,71,0,0
186420,1,15,1158,0,166,22,61352.13,147048,83,71,0,0
186538,1,14,1157,0,160,22,61352.13,147048,83,71,0,0
186663,1,12,1156,0,154,22,61352.13,147048,83,71,0,0
186771,1,11,1125,0,148,22,61352.13,147048,83,71,0,0
186891,1,11,1125,0,140,22,61352.13,147048,83,71,0,0
186988,1,9,1125,0,136,22,61352.13,147048,83,71,0,0
187088,1,8,1126,0,138,22,61352.13,147048,83,71,0,0
187220,1,7,1094,0,136,22,61352.13,147048,83,71,0,0
187338,1,6,1094,0,134,22,61352.13,147048,83,71,0,0
187463,1,5,1095,0,128,22,61352.13,147048,83,71,0,0
187570,1,4,1063,0,124,22,61352.13,147048,83,71,0,0
187688,1,3,1063,0,94,22,61352.13,147048,83,71,0,0
187771,1,0,1063,0,94,22,61352.13,147048,83,71,0,0
187891,1,0,1030,0,2,22,61352.13,147048,83,71,0,0
188020,1,0,933,0,0,22,61352.13,147048,83,71,0,0
188143,1,0,897,0,0,22,61352.13,147048,83,71,0,0
188238,1,0,894,0,0,22,61352.13,147048,83,71,0,0
188373,1,0,862,0,0,22,61352.13,147048,83,71,0,0
188488,1,0,894,0,0,22,61352.13,147048,83,72,0,0
188588,1,0,933,7,0,22,61352.13,147048,83,72,0,0
188708,1,0,1124,21,0,22,61352.13,147048,83,72,0,0
188787,1,0,1399,33,0,22,61352.13,147048,83,72,0,0
188939,1,0,1880,47,0,22,61353.16,147048,83,72,0,0
189038,1,0,2076,52,0,22,61353.16,147048,83,72,0,0
189170,1,0,2173,52,0,22,61353.16,147048,83,72,0,0
189271,1,0,2166,52,0,22,61353.16,147048,83,72,0,0
189391,1,2,2133,53,0,22,61353.16,147048,83,72,0,0
189488,1,3,2071,54,0,22,61353.16,147048,83,72,0,0
189620,1,4,1890,57,0,22,61354.18,147048,83,72,0,0
189738,1,5,1796,61,0,22,61354.18,147048,83,72,0,0
189842,1,6,1760,63,0,22,61354.18,147048,83,72,0,0
189970,1,8,1749,66,0,22,61354.18,147048,83,72,0,0
190087,1,9,1790,68,0,22,61354.18,147048,83,72,0,0
190188,1,10,1804,70,0,22,61355.24,147048,83,72,0,0
190290,1,11,1807,71,0,22,61355.24,147048,83,72,0,0
190420,1,12,1841,71,0,22,61355.24,147048,83,72,0,0
190540,1,13,1905,78,0,22,61355.24,147048,83,72,0,0
190643,1,13,2066,88,0,22,61355.24,147048,83,72,0,0
190770,1,15,2236,92,0,22,61356.32,147048,83,72,0,0
190873,1,15,2335,93,0,22,61356.32,147048,83,72,0,0
190988,1,16,2386,94,0,22,61356.32,147048,83,72,0,0
191088,1,17,2512,94,0,22,61356.32,147048,83,72,0,0
191220,1,18,2702,94,0,22,61357.38,147048,83,72,0,0
191289,1,18,2729,94,0,22,61357.38,147048,83,72,0,0
191460,1,18,2879,94,0,22,61357.38,147048,83,72,0,0
191570,1,21,3061,94,0,22,61357.38,147048,83,72,0,0
191687,1,21,3142,94,0,22,61358.44,147048,83,72,0,0
191789,1,22,3258,83,0,22,61358.44,147048,83,72,0,0
191891,1,23,3254,50,0,22,61358.44,147048,83,72,0,0
192020,1,23,3147,0,0,22,61359.53,147048,83,72,0,0
192144,1,23,3009,0,0,22,61359.53,147048,83,72,0,0
192238,1,24,2910,0,0,22,61359.53,147048,83,72,0,0
192374,1,24,2656,0,0,22,61359.53,147048,83,72,0,0
192477,1,24,2566,0,0,22,61359.53,147048,83,72,0,0
192588,1,24,2501,0,0,22,61359.53,147048,83,72,0,0
192708,1,24,2418,6,0,22,61359.53,147048,83,72,0,0
192788,1,24,2347,19,0,22,61359.53,147048,83,72,0,0
192938,1,24,2192,34,0,22,61359.53,147048,83,72,0,0
193038,1,24,2103,40,0,22,61359.53,147048,83,72,0,0
193170,1,24,1863,47,0,22,61359.53,147048,83,72,0,0
193288,1,25,1902,52,0,22,61359.53,147048,83,72,0,0
193390,1,25,1924,63,0,22,61359.53,147048,83,72,0,0
193488,1,25,1948,65,0,22,61359.53,147048,83,72,0,0
193620,1,25,1960,73,0,22,61360.57,147048,83,72,0,0
193737,1,26,2045,95,0,22,61360.57,147048,83,72,0,0
193840,1,26,2056,109,0,22,61360.57,147048,83,72,0,0
193969,1,27,2127,127,0,22,61360.57,147048,83,72,0,0
194087,1,28,2147,148,0,22,61360.57,147048,83,72,0,0
194288,1,29,2244,141,0,22,61361.62,147048,83,72,0,0
194391,1,29,2276,119,0,22,61361.62,147048,83,72,0,0
194520,1,30,2393,117,0,22,61362.73,147048,83,72,0,0
194620,1,31,2440,117,0,22,61362.73,147048,83,72,0,0
194738,1,32,2522,117,0,22,61362.73,147048,83,72,0,0
194862,1,33,2588,117,0,22,61362.73,147048,83,72,0,0
194970,1,34,2648,117,0,22,61363.88,147048,83,72,0,0
195087,1,35,2697,115,0,22,61363.88,147048,83,72,0,0
195188,1,35,2743,114,0,22,61364.91,147048,83,72,0,0
195320,1,36,2816,114,0,22,61364.91,147048,83,72,0,0
195420,1,36,2854,112,0,22,61364.91,147048,83,72,0,0
195537,1,37,2920,111,0,22,61365.99,147048,83,72,0,0
195643,1,38,2951,110,0,22,61365.99,147048,83,72,0,0
195771,1,39,3015,110,0,22,61365.99,147048,83,72,0,0
195873,1,40,3078,110,0,22,61367.08,147048,83,72,0,0
195987,1,40,3117,108,0,22,61367.08,147048,83,72,0,0
196088,1,41,3156,108,0,22,61367.08,147048,83,72,0,0
196220,1,42,3231,107,0,22,61368.18,147048,83,72,0,0
196287,1,42,3234,107,0,22,61368.18,147048,83,72,0,0
196459,1,42,3301,105,0,22,61368.18,147048,83,72,0,0
196570,1,44,3367,104,0,22,61369.31,147048,83,72,0,0
196687,1,45,3430,103,0,22,61369.31,147048,83,72,0,0
196787,1,45,3461,98,0,22,61370.45,147048,83,72,0,0
196890,1,46,3423,32,0,22,61370.45,147048,83,72,0,0
197020,1,46,3364,0,0,22,61370.45,147048,83,72,0,0
197120,1,46,3449,0,0,22,61370.45,147048,83,72,0,0
197237,1,46,3454,0,28,22,61371.46,147048,83,72,0,0
197362,1,45,3425,0,52,22,61371.46,147048,83,72,0,0
197487,1,45,3380,0,98,22,61371.46,147048,83,72,0,0
197587,1,44,3352,0,110,22,61371.46,147048,83,72,0,0
197710,1,44,3234,0,128,22,61371.46,147048,83,72,0,0
197787,1,43,3121,0,144,22,61371.46,147048,83,72,0,0
197938,1,43,3085,0,154,22,61371.46,147048,83,72,0,0
198037,1,41,2971,0,164,22,61371.46,147048,83,72,0,0
198170,1,39,2844,0,166,22,61371.46,147048,83,72,0,0
198271,1,37,2735,0,170,22,61371.46,147048,83,72,0,0
198390,1,36,2656,0,184,22,61371.46,147048,83,72,0,0
198488,1,35,2560,0,188,22,61371.46,147048,83,72,0,0
198620,1,34,2400,0,188,22,61371.46,147048,83,72,0,0
198737,1,32,2304,0,188,22,61371.46,147048,83,72,0,0
198837,1,31,2208,0,190,22,61371.46,147048,83,72,0,0
198970,1,29,2080,0,194,22,61371.46,147048,83,72,0,0
199078,1,27,2005,0,218,22,61371.46,147048,83,72,0,0
199187,1,26,1886,0,254,22,61371.46,147048,83,72,0,0
199288,1,24,1758,0,258,22,61371.46,147048,83,72,0,0
199420,1,24,1599,0,258,22,61371.46,147048,83,72,0,0
199537,1,21,1481,0,252,22,61371.46,147048,83,72,0,0
199620,1,20,1378,0,258,22,61371.46,147048,83,72,0,0
199762,1,17,1268,0,256,22,61371.46,147048,83,72,0,0
199873,1,15,1365,0,258,22,61371.46,147048,83,72,0,0
199987,1,14,1316,0,172,22,61371.46,147048,83,72,0,0
200087,1,12,1331,0,140,22,61371.46,147048,83,72,0,0
200219,1,11,1298,0,144,22,61371.46,147048,83,72,0,0
200287,1,10,1256,0,146,22,61371.46,147048,83,73,0,0
200437,1,9,1257,0,146,22,61372.46,147048,83,73,0,0
200562,1,7,1257,0,146,22,61372.46,147048,83,73,0,0
200670,1,6,1225,0,156,22,61372.46,147048,83,73,0,0
200787,1,5,1193,0,162,22,61372.46,147048,83,73,0,0
200890,1,4,1193,0,162,22,61372.46,147048,83,73,0,0
201020,1,3,1193,0,158,22,61372.46,147048,83,73,0,0
201120,1,2,1160,0,136,22,61372.46,147048,83,73,0,0
201237,1,0,1096,0,116,22,61372.46,147048,83,73,0,0
201363,1,0,1030,0,106,22,61372.46,147048,83,73,0,0
201476,1,0,958,0,40,22,61372.46,147048,83,73,0,0
201587,1,0,921,0,132,22,61372.46,147048,83,73,0,0
201687,1,0,891,0,182,22,61372.46,147048,83,73,0,0
201787,1,0,860,0,206,22,61372.46,147048,83,73,0,0
201919,1,0,859,0,208,22,61372.46,147048,83,73,0,0
202037,1,0,859,0,206,22,61372.46,147048,83,73,0,0
202162,1,0,859,0,206,22,61372.46,147048,83,73,0,0
202270,1,0,858,0,204,22,61372.46,147048,83,73,0,0
202372,1,0,857,0,198,22,61372.46,147048,83,73,0,0
202489,1,0,857,0,182,22,61372.46,147048,83,73,0,0
202587,1,0,858,0,176,22,61372.46,147048,83,73,0,0
202720,1,0,857,0,172,22,61372.46,147048,83,73,0,0
202837,1,0,857,0,168,22,61372.46,147048,83,73,0,0
202957,1,0,857,0,166,22,61372.46,147048,83,73,0,0
203070,1,0,858,0,164,22,61372.46,147048,83,73,0,0
203187,1,0,859,0,162,22,61372.46,147048,83,73,0,0
203287,1,0,858,0,160,22,61372.46,147048,83,73,0,0
203392,1,0,858,0,160,22,61372.46,147048,83,73,0,0
203527,1,0,858,0,162,22,61372.46,147048,83,73,0,0
203620,1,0,858,0,166,22,61373.46,147048,83,73,0,0
203737,1,0,858,0,166,22,61373.46,147048,83,73,0,0
203863,1,0,858,0,166,22,61373.46,147048,83,73,0,0
203970,1,0,857,0,166,22,61373.46,147048,83,73,0,0
204087,1,0,857,0,166,22,61373.46,147048,83,73,0,0
204207,1,0,857,0,166,22,61373.46,147048,83,73,0,0
204287,1,0,857,0,170,22,61373.46,147048,83,73,0,0
204437,1,0,857,0,240,22,61373.46,147048,83,73,0,0
204537,1,0,857,0,310,22,61373.46,147048,83,73,0,0
204662,1,0,857,0,392,22,61373.46,147048,83,73,0,0
204770,1,0,857,0,484,22,61373.46,147048,83,73,0,0
204890,1,0,857,0,686,22,61373.46,147048,83,73,0,0
204987,1,0,857,0,742,22,61373.46,147048,83,73,0,0
205120,1,0,852,0,780,22,61373.46,147048,83,73,0,0
205219,1,0,853,0,826,22,61373.46,147048,83,73,0,0
205346,1,0,853,0,864,22,61373.46,147048,83,74,0,0
205462,1,0,852,0,914,22,61373.46,147048,83,74,0,0
205577,1,0,852,0,956,22,61373.46,147048,83,74,0,0
205688,1,0,852,0,1000,22,61373.46,147048,83,74,0,0
205787,1,0,851,0,996,22,61373.46,147048,83,74,0,0
205919,1,0,851,0,972,22,61373.46,147048,83,74,0,0
206037,1,0,851,0,882,22,61373.46,147048,83,74,0,0
206143,1,0,850,0,826,22,61373.46,147048,83,74,0,0
206262,1,0,849,0,726,22,61373.46,147048,83,74,0,0
206370,1,0,849,0,486,22,61373.46,147048,83,74,0,0
206489,1,0,817,0,116,22,61373.46,147048,83,74,0,0
206587,1,0,854,0,2,22,61373.46,147048,83,74,0,0
206720,1,0,863,0,0,22,61373.46,147048,83,74,0,0
206837,1,0,863,0,0,22,61373.46,147048,83,74,0,0
206937,1,0,862,0,0,22,61373.46,147048,83,74,0,0
207062,1,0,861,0,0,22,61373.46,147048,83,74,0,0
207170,1,0,857,0,0,22,61373.46,147048,83,74,0,0
207288,1,0,857,0,0,22,61374.47,147048,83,74,0,0
207390,1,0,857,0,0,22,61374.47,147048,83,74,0,0
207519,1,0,856,0,0,22,61374.47,147048,83,74,0,0
207626,1,0,856,0,0,22,61374.47,147048,83,74,0,0
207737,1,0,856,0,0,22,61374.47,147048,83,74,0,0
207862,1,0,853,0,0,22,61374.47,147048,83,74,0,0
207970,1,0,852,0,0,22,61374.47,147048,83,74,0,0
208088,1,0,851,0,0,22,61374.47,147048,83,74,0,0
208207,1,0,851,0,0,22,61374.47,147048,83,74,0,0
208287,1,0,849,0,0,22,61374.47,147048,83,74,0,0
208437,1,0,849,0,0,22,61374.47,147048,83,74,0,0
208537,1,0,848,0,0,22,61374.47,147048,83,74,0,0
208662,1,0,847,0,0,22,61374.47,147048,83,75,0,0
208770,1,0,846,0,0,22,61374.47,147048,83,75,0,0
208891,1,0,846,0,0,22,61374.47,147048,83,75,0,0
208987,1,0,846,0,0,22,61374.47,147048,83,75,0,0
209120,1,0,846,0,0,22,61374.47,147048,83,75,0,0
209237,1,0,845,0,0,22,61374.47,147048,83,75,0,0
209343,1,0,845,0,0,22,61374.47,147048,83,75,0,0
209463,1,0,845,0,0,22,61374.47,147048,83,75,0,0
209577,1,0,844,0,0,22,61374.47,147048,83,75,0,0
209687,1,0,844,0,0,22,61374.47,147048,83,75,0,0
209787,1,0,844,0,0,22,61374.47,147048,83,75,0,0
209919,1,0,844,0,0,22,61374.47,147048,83,75,0,0
210037,1,0,844,0,0,22,61374.47,147048,83,75,0,0
210143,1,0,845,0,0,22,61374.47,147048,83,75,0,0
210270,1,0,845,0,0,22,61374.47,147048,83,75,0,0
210370,1,0,845,0,0,22,61374.47,147048,83,75,0,0
210489,1,0,845,0,0,22,61374.47,147048,83,75,0,0
210587,1,0,845,0,0,22,61374.47,147048,83,75,0,0
210719,1,0,845,0,0,22,61374.47,147048,83,75,0,0
210787,1,0,845,0,0,22,61374.47,147048,83,75,0,0
210957,1,0,846,0,0,22,61374.47,147048,83,75,0,0
211070,1,0,847,0,0,22,61374.47,147048,83,75,0,0
211170,1,0,847,0,0,22,61374.47,147048,83,75,0,0
211287,1,0,847,0,0,22,61374.47,147048,83,75,0,0
211419,1,0,847,0,0,22,61374.47,147048,83,75,0,0
211519,1,0,847,0,0,22,61374.47,147048,83,75,0,0
211643,1,0,847,0,0,22,61375.48,147048,83,75,0,0
211762,1,0,847,0,0,22,61375.48,147048,83,75,0,0
211870,1,0,847,0,0,22,61375.48,147048,83,75,0,0
211986,1,0,847,0,0,22,61375.48,147048,83,75,0,0
212087,1,0,848,0,0,22,61375.48,147048,83,75,0,0
212207,1,0,849,0,0,22,61375.48,147048,83,75,0,0
212287,1,0,850,0,0,22,61375.48,147048,83,75,0,0
212437,1,0,849,0,0,22,61375.48,147048,83,75,0,0
212562,1,0,849,0,0,22,61375.48,147048,83,75,0,0
212670,1,0,850,0,0,22,61375.48,147048,83,75,0,0
212787,1,0,849,0,4,22,61375.48,147048,83,75,0,0
212890,1,0,849,0,4,22,61375.48,147048,83,75,0,0
213019,1,0,849,0,4,22,61375.48,147048,83,75,0,0
213120,1,0,849,0,6,22,61375.48,147048,83,75,0,0
213237,1,0,848,0,4,22,61375.48,147048,83,75,0,0
213340,1,0,848,0,4,22,61375.48,147048,83,75,0,0
213476,1,0,847,0,4,22,61375.48,147048,83,75,0,0
213587,1,0,848,0,4,22,61375.48,147048,83,75,0,0
213707,1,0,848,0,4,22,61375.48,147048,83,75,0,0
213787,1,0,847,0,4,22,61375.48,147048,83,75,0,0
213937,1,0,847,0,4,22,61375.48,147048,83,75,0,0
214037,1,0,847,0,4,22,61375.48,147048,83,75,0,0
214162,1,0,847,0,4,22,61375.48,147048,83,75,0,0
214270,1,0,849,0,4,22,61375.48,147048,83,75,0,0
214389,1,0,849,0,4,22,61375.48,147048,83,75,0,0
214487,1,0,850,0,4,22,61375.48,147048,83,75,0,0
214587,1,0,850,0,4,22,61375.48,147048,83,75,0,0
214720,1,0,851,0,4,22,61375.48,147048,83,75,0,0
214837,1,0,850,0,4,22,61375.48,147048,83,75,0,0
214962,1,0,850,0,4,22,61375.48,147048,83,75,0,0
215077,1,0,850,0,4,22,61375.48,147048,83,75,0,0
215187,1,0,849,0,4,22,61375.48,147048,83,75,0,0
215287,1,0,850,0,4,22,61375.48,147048,83,75,0,0
215420,1,0,850,0,4,22,61375.48,147048,83,75,0,0
215519,1,0,850,0,4,22,61375.48,147048,83,75,0,0
215643,1,0,851,0,4,22,61375.48,147048,83,75,0,0
215762,1,0,850,0,4,22,61375.48,147048,83,75,0,0
215878,1,0,851,0,4,22,61376.49,147048,83,75,0,0
215988,1,0,850,0,4,22,61376.49,147048,83,75,0,0
216087,1,0,850,0,4,22,61376.49,147048,83,75,0,0
216219,1,0,850,0,4,22,61376.49,147048,83,75,0,0
216287,1,0,850,0,4,22,61376.49,147048,83,75,0,0
216437,1,0,850,0,4,22,61376.49,147048,83,75,0,0
216562,1,0,849,0,4,22,61376.49,147048,83,75,0,0
216670,1,0,849,0,4,22,61376.49,147048,83,75,0,0
216787,1,0,849,0,4,22,61376.49,147048,83,75,0,0
216890,1,0,850,0,4,22,61376.49,147048,83,75,0,0
217019,1,0,849,0,4,22,61376.49,147048,83,75,0,0
217134,1,0,849,0,4,22,61376.49,147048,83,75,0,0
217237,1,0,850,0,4,22,61376.49,147048,83,75,0,0
217287,1,0,850,0,4,22,61376.49,147048,83,75,0,0
217476,1,0,848,0,4,22,61376.49,147048,83,75,0,0
217587,1,0,848,0,4,22,61376.49,147048,83,75,0,0
217687,1,0,848,0,4,22,61376.49,147048,83,75,0,0
217787,1,0,848,0,4,22,61376.49,147048,83,75,0,0
217937,1,0,848,0,4,22,61376.49,147048,83,75,0,0
218037,1,0,848,0,4,22,61376.49,147048,83,75,0,0
218162,1,0,847,0,4,22,61376.49,147048,83,75,0,0
218270,1,0,847,0,4,22,61376.49,147048,83,75,0,0
218390,1,0,847,0,4,22,61376.49,147048,83,75,0,0
218487,1,0,849,0,4,22,61376.49,147048,83,75,0,0
218587,1,0,849,0,6,22,61376.49,147048,83,75,0,0
218736,1,0,849,0,6,22,61376.49,147048,83,75,0,0
218850,1,0,849,0,6,22,61376.49,147048,83,75,0,0
218962,1,0,849,0,4,22,61376.49,147048,83,75,0,0
219077,1,0,849,0,4,22,61376.49,147048,83,75,0,0
219187,1,0,849,0,4,22,61376.49,147048,83,75,0,0
219287,1,0,849,0,4,22,61376.49,147048,83,75,0,0
219420,1,0,850,0,6,22,61376.49,147048,83,75,0,0
219536,1,0,850,0,6,22,61376.49,147048,83,75,0,0
219643,1,0,850,0,4,22,61376.49,147048,83,75,0,0
219762,1,0,850,0,6,22,61376.49,147048,83,75,0,0
219872,1,0,850,0,6,22,61376.49,147048,83,75,0,0
219987,1,0,850,0,6,22,61377.49,147048,83,75,0,0
220087,1,0,851,0,6,22,61377.49,147048,83,75,0,0
220221,1,0,851,0,6,22,61377.49,147048,83,75,0,0
220337,1,0,851,0,6,22,61377.49,147048,83,75,0,0
220437,1,0,851,0,6,22,61377.49,147048,83,75,0,0
220561,1,0,850,0,6,22,61377.49,147048,83,75,0,0
220670,1,0,849,0,6,22,61377.49,147048,83,75,0,0
220788,1,0,849,0,6,22,61377.49,147048,83,75,0,0
220890,1,0,849,0,6,22,61377.49,147048,83,75,0,0
221021,1,0,849,0,6,22,61377.49,147048,83,75,0,0
221122,1,0,849,0,6,22,61377.49,147048,83,75,0,0
221237,1,0,849,0,6,22,61377.49,147048,83,75,0,0
221362,1,0,849,0,6,22,61377.49,147048,83,75,0,0
221478,1,0,816,0,6,22,61377.49,147048,83,75,0,0
221587,1,0,848,0,6,22,61377.49,147048,83,75,0,0
221707,1,0,849,0,6,22,61377.49,147048,83,75,0,0
221787,1,0,849,0,6,22,61377.49,147048,83,75,0,0
221936,1,0,849,0,6,22,61377.49,147048,83,75,0,0
222037,1,0,849,0,6,22,61377.49,147048,83,75,0,0
222162,1,0,850,0,6,22,61377.49,147048,83,75,0,0
222273,1,0,851,0,6,22,61377.49,147048,83,75,0,0
222390,1,0,851,0,6,22,61377.49,147048,83,75,0,0
222487,1,0,851,0,6,22,61377.49,147048,83,75,0,0
222620,1,0,851,0,6,22,61377.49,147048,83,75,0,0
222736,1,0,851,0,6,22,61377.49,147048,83,75,0,0
222848,1,0,851,0,6,22,61377.49,147048,83,75,0,0
222961,1,0,852,0,6,22,61377.49,147048,83,75,0,0
223078,1,0,851,0,6,22,61377.49,147048,83,75,0,0
223187,1,0,852,0,6,22,61377.49,147048,83,75,0,0
223286,1,0,852,0,6,22,61377.49,147048,83,75,0,0
223420,1,0,851,0,6,22,61377.49,147048,83,75,0,0
223536,1,0,851,0,6,22,61377.49,147048,83,75,0,0
223642,1,0,851,0,6,22,61377.49,147048,83,75,0,0
223761,1,0,852,0,6,22,61377.49,147048,83,75,0,0
223872,1,0,851,0,6,22,61377.49,147048,83,75,0,0
223987,1,0,851,0,6,22,61377.49,147048,83,75,0,0
224086,1,0,851,0,6,22,61378.50,147048,83,75,0,0
224220,1,0,851,0,6,22,61378.50,147048,83,75,0,0
224286,1,0,851,0,6,22,61378.50,147048,83,75,0,0
224437,1,0,851,0,6,22,61378.50,147048,83,75,0,0
224561,1,0,851,0,6,22,61378.50,147048,83,75,0,0
224670,1,0,849,0,6,22,61378.50,147048,83,75,0,0
224788,1,0,849,0,6,22,61378.50,147048,83,75,0,0
224889,1,0,817,0,6,22,61378.50,147048,83,75,0,0
225020,1,0,849,0,6,22,61378.50,147048,83,75,0,0
225120,1,0,849,0,6,22,61378.50,147048,83,75,0,0
225237,1,0,849,0,6,22,61378.50,147048,83,75,0,0
225361,1,0,849,0,6,22,61378.50,147048,83,75,0,0
225475,1,0,817,0,6,22,61378.50,147048,83,75,0,0
225587,1,0,849,0,6,22,61378.50,147048,83,75,0,0
225706,1,0,849,0,6,22,61378.50,147048,83,75,0,0
225786,1,0,849,0,6,22,61378.50,147048,83,75,0,0
225936,1,0,851,0,6,22,61378.50,147048,83,75,0,0
226037,1,0,851,0,6,22,61378.50,147048,83,75,0,0
226161,1,0,851,0,6,22,61378.50,147048,83,75,0,0
226273,1,0,851,0,6,22,61378.50,147048,83,75,0,0
226389,1,0,851,0,6,22,61378.50,147048,83,75,0,0
226487,1,0,850,0,6,22,61378.50,147048,83,75,0,0
226586,1,0,850,0,6,22,61378.50,147048,83,75,0,0
226720,1,0,850,0,6,22,61378.50,147048,83,75,0,0
226786,1,0,850,0,6,22,61378.50,147048,83,75,0,0
226961,1,0,851,0,6,22,61378.50,147048,83,75,0,0
227076,1,0,850,0,6,22,61378.50,147048,83,75,0,0
227187,1,0,851,0,6,22,61378.50,147048,83,75,0,0
227286,1,0,851,0,6,22,61378.50,147048,83,75,0,0
227420,1,0,851,0,6,22,61378.50,147048,83,75,0,0
227520,1,0,851,0,6,22,61378.50,147048,83,75,0,0
227643,1,0,850,0,6,22,61378.50,147048,83,75,0,0
227761,1,0,849,0,6,22,61378.50,147048,83,75,0,0
227872,1,0,850,0,6,22,61378.50,147048,83,75,0,0
227986,1,0,850,0,6,22,61378.50,147048,83,75,0,0
228086,1,0,849,0,6,22,61378.50,147048,83,75,0,0
228206,1,0,848,0,6,22,61379.50,147048,83,75,0,0
228331,1,0,849,0,6,22,61379.50,147048,83,75,0,0
228436,1,0,847,0,6,22,61379.50,147048,83,75,0,0
228561,1,0,848,0,6,22,61379.50,147048,83,75,0,0
228671,1,0,847,0,6,22,61379.50,147048,83,75,0,0
228786,1,0,847,0,6,22,61379.50,147048,83,75,0,0
228889,1,0,847,0,6,22,61379.50,147048,83,75,0,0
229019,1,0,815,0,6,22,61379.50,147048,83,75,0,0
229125,1,0,847,0,6,22,61379.50,147048,83,75,0,0
229236,1,0,846,0,6,22,61379.50,147048,83,75,0,0
229361,1,0,847,0,6,22,61379.50,147048,83,75,0,0
229471,1,0,846,0,6,22,61379.50,147048,83,75,0,0
229586,1,0,846,0,6,22,61379.50,147048,83,75,0,0
229686,1,0,846,0,6,22,61379.50,147048,83,75,0,0
229786,1,0,846,0,6,22,61379.50,147048,83,75,0,0
229920,1,0,847,0,6,22,61379.50,147048,83,75,0,0
230049,1,0,846,0,6,22,61379.50,147048,83,75,0,0
230161,1,0,846,0,6,22,61379.50,147048,83,75,0,0
230272,1,0,846,0,6,22,61379.50,147048,83,75,0,0
230389,1,0,846,0,6,22,61379.50,147048,83,75,0,0
230487,1,0,846,0,6,22,61379.50,147048,83,75,0,0
230586,1,0,846,0,6,22,61379.50,147048,83,75,0,0
230720,1,0,846,0,6,22,61379.50,147048,83,75,0,0
230843,1,0,846,0,6,22,61379.50,147048,83,75,0,0
230961,1,0,846,0,6,22,61379.50,147048,83,75,0,0
231077,1,0,847,0,6,22,61379.50,147048,83,75,0,0
231186,1,0,847,0,6,22,61379.50,147048,83,75,0,0
231286,1,0,847,0,6,22,61379.50,147048,83,75,0,0
231419,1,0,847,0,6,22,61379.50,147048,83,75,0,0
231520,1,0,847,0,6,22,61379.50,147048,83,75,0,0
231642,1,0,848,0,6,22,61379.50,147048,83,75,0,0
231761,1,0,848,0,6,22,61379.50,147048,83,75,0,0
231871,1,0,849,0,6,22,61379.50,147048,83,75,0,0
231986,1,0,849,0,6,22,61379.50,147048,83,75,0,0
232086,1,0,849,0,6,22,61379.50,147048,83,75,0,0
232206,1,0,849,0,6,22,61379.50,147048,83,75,0,0
232286,1,0,849,0,6,22,61379.50,147048,83,75,0,0
232436,1,0,849,0,6,22,61379.50,147048,83,75,0,0
232561,1,0,849,0,6,22,61380.51,147048,83,75,0,0
232672,1,0,849,0,6,22,61380.51,147048,83,75,0,0
232772,1,0,849,0,6,22,61380.51,147048,83,75,0,0
232889,1,0,849,0,6,22,61380.51,147048,83,75,0,0
232986,1,0,849,0,6,22,61380.51,147048,83,75,0,0
233121,1,0,849,0,6,22,61380.51,147048,83,75,0,0
233236,1,0,849,0,6,22,61380.51,147048,83,75,0,0
233354,1,0,849,0,6,22,61380.51,147048,83,75,0,0
233471,1,0,849,0,6,22,61380.51,147048,83,75,0,0
233586,1,0,849,0,6,22,61380.51,147048,83,75,0,0
233686,1,0,849,0,6,22,61380.51,147048,83,75,0,0
233786,1,0,849,0,6,22,61380.51,147048,83,75,0,0
233920,1,0,850,0,6,22,61380.51,147048,83,75,0,0
234036,1,0,849,0,6,22,61380.51,147048,83,75,0,0
234142,1,0,847,0,6,22,61380.51,147048,83,75,0,0
234271,1,0,847,0,6,22,61380.51,147048,83,75,0,0
234373,1,0,847,0,6,22,61380.51,147048,83,75,0,0
234486,1,0,847,0,6,22,61380.51,147048,83,75,0,0
234586,1,0,848,0,6,22,61380.51,147048,83,75,0,0
234720,1,0,849,0,6,22,61380.51,147048,83,75,0,0
234841,1,0,847,0,6,22,61380.51,147048,83,75,0,0
235020,1,0,847,0,6,22,61380.51,147048,83,75,0,0
235122,1,0,847,0,6,22,61380.51,147048,83,75,0,0
235236,1,0,847,0,6,22,61380.51,147048,83,75,0,0
235361,1,0,847,0,6,22,61380.51,147048,83,75,0,0
235477,1,0,847,0,6,22,61380.51,147048,83,75,0,0
235586,1,0,847,0,6,22,61380.51,147048,83,75,0,0
235706,1,0,847,0,6,22,61380.51,147048,83,75,0,0
235786,1,0,847,0,6,22,61380.51,147048,83,75,0,0
235936,1,0,847,0,6,22,61380.51,147048,83,75,0,0
236036,1,0,847,0,8,22,61380.51,147048,83,75,0,0
236161,1,0,847,0,6,22,61380.51,147048,83,75,0,0
236271,1,0,847,0,6,22,61380.51,147048,83,75,0,0
236389,1,0,849,0,6,22,61380.51,147048,83,75,0,0
236486,1,0,849,0,6,22,61380.51,147048,83,75,0,0
236621,1,0,849,0,6,22,61380.51,147048,83,75,0,0
236720,1,0,849,0,6,22,61380.51,147048,83,75,0,0
236838,1,0,849,0,6,22,61381.52,147048,83,75,0,0
236961,1,0,849,0,6,22,61381.52,147048,83,75,0,0
237077,1,0,849,0,6,22,61381.52,147048,83,75,0,0
237186,1,0,849,0,6,22,61381.52,147048,83,75,0,0
237286,1,0,848,0,6,22,61381.52,147048,83,75,0,0
237420,1,0,848,0,6,22,61381.52,147048,83,75,0,0
237536,1,0,847,0,6,22,61381.52,147048,83,75,0,0
237642,1,0,848,0,8,22,61381.52,147048,83,75,0,0
237761,1,0,848,0,6,22,61381.52,147048,83,75,0,0
237871,1,0,848,0,6,22,61381.52,147048,83,75,0,0
237986,1,0,848,0,6,22,61381.52,147048,83,75,0,0
238086,1,0,848,0,6,22,61381.52,147048,83,75,0,0
238220,1,0,848,0,6,22,61381.52,147048,83,75,0,0
238286,1,0,848,0,6,22,61381.52,147048,83,75,0,0
238436,1,0,847,0,8,22,61381.52,147048,83,75,0,0
238561,1,0,846,0,8,22,61381.52,147048,83,75,0,0
238671,1,0,846,0,6,22,61381.52,147048,83,75,0,0
238786,1,0,845,0,6,22,61381.52,147048,83,75,0,0
238889,1,0,846,0,6,22,61381.52,147048,83,75,0,0
239020,1,0,845,0,6,22,61381.52,147048,83,75,0,0
239121,1,0,845,0,6,22,61381.52,147048,83,75,0,0
239236,1,0,845,0,8,22,61381.52,147048,83,75,0,0
239361,1,0,845,0,6,22,61381.52,147048,83,75,0,0
239486,1,0,846,0,8,22,61381.52,147048,83,75,0,0
239586,1,0,846,0,8,22,61381.52,147048,83,75,0,0
239709,1,0,845,0,6,22,61381.52,147048,83,75,0,0
239820,1,0,845,0,8,22,61381.52,147048,83,75,0,0
239936,1,0,846,0,6,22,61381.52,147048,83,75,0,0
240060,1,0,845,0,8,22,61381.52,147048,83,75,0,0
240171,1,0,845,0,8,22,61381.52,147048,83,75,0,0
240271,1,0,845,0,8,22,61381.52,147048,83,75,0,0
240389,1,0,845,0,6,22,61381.52,147048,83,75,0,0
240486,1,0,844,0,6,22,61381.52,147048,83,75,0,0
240586,1,0,845,0,8,22,61381.52,147048,83,75,0,0
240736,1,0,844,0,8,22,61381.52,147048,83,75,0,0
240786,1,0,844,0,8,22,61381.52,147048,83,75,0,0
240971,1,0,844,0,6,22,61381.52,147048,83,75,0,0
241086,1,0,844,0,8,22,61381.52,147048,83,75,0,0
241186,1,0,844,0,8,22,61381.52,147048,83,75,0,0
241286,1,0,844,0,6,22,61382.52,147048,83,75,0,0
241420,1,0,844,0,8,22,61382.52,147048,83,75,0,0
241536,1,0,843,0,8,22,61382.52,147048,83,75,0,0
241642,1,0,846,0,8,22,61382.52,147048,83,75,0,0
241771,1,0,845,0,8,22,61382.52,147048,83,75,0,0
241889,1,0,845,0,8,22,61382.52,147048,83,75,0,0
241986,1,0,845,0,6,22,61382.52,147048,83,75,0,0
242086,1,0,845,0,6,22,61382.52,147048,83,75,0,0
242221,1,0,845,0,8,22,61382.52,147048,83,75,0,0
242286,1,0,845,0,6,22,61382.52,147048,83,75,0,0
242457,1,0,846,0,6,22,61382.52,147048,83,75,0,0
242571,1,0,846,0,8,22,61382.52,147048,83,75,0,0
242686,1,0,846,0,8,22,61382.52,147048,83,75,0,0
242786,1,0,846,0,6,22,61382.52,147048,83,75,0,0
242889,1,0,846,0,6,22,61382.52,147048,83,75,0,0
243021,1,0,846,0,6,22,61382.52,147048,83,75,0,0
243142,1,0,846,0,6,22,61382.52,147048,83,75,0,0
243261,1,0,846,0,6,22,61382.52,147048,83,75,0,0
243371,1,0,846,0,6,22,61382.52,147048,83,75,0,0
243486,1,0,846,0,8,22,61382.52,147048,83,75,0,0
243586,1,0,846,0,8,22,61382.52,147048,83,75,0,0
243720,1,0,846,0,8,22,61382.52,147048,83,75,0,0
243786,1,0,846,0,6,22,61382.52,147048,83,75,0,0
243961,1,0,846,0,8,22,61382.52,147048,83,75,0,0
244077,1,0,846,0,6,22,61382.52,147048,83,75,0,0
244186,1,0,814,0,8,22,61382.52,147048,83,75,0,0
244286,1,0,846,0,8,22,61382.52,147048,83,75,0,0
244422,1,0,845,0,8,22,61382.52,147048,83,75,0,0
244536,1,0,845,0,8,22,61382.52,147048,83,75,0,0
244642,1,0,846,0,8,22,61382.52,147048,83,75,0,0
244761,1,0,846,0,8,22,61382.52,147048,83,75,0,0
244871,1,0,846,0,6,22,61382.52,147048,83,75,0,0
244986,1,0,846,0,6,22,61382.52,147048,83,75,0,0
245086,1,0,814,0,8,22,61382.52,147048,83,75,0,0
245220,1,0,814,0,8,22,61382.52,147048,83,75,0,0
245286,1,0,846,0,8,22,61382.52,147048,83,75,0,0
245436,1,0,846,0,8,22,61382.52,147048,83,75,0,0
245561,1,0,846,0,8,22,61382.52,147048,83,75,0,0
245671,1,0,846,0,6,22,61382.52,147048,83,75,0,0
245786,1,0,814,0,8,22,61383.53,147048,83,75,0,0
245889,1,0,846,0,8,22,61383.53,147048,83,75,0,0
246021,1,0,846,0,8,22,61383.53,147048,83,75,0,0
246121,1,0,846,0,8,22,61383.53,147048,83,75,0,0
246236,1,0,846,0,6,22,61383.53,147048,83,75,0,0
246361,1,0,846,0,6,22,61383.53,147048,83,75,0,0
246477,1,0,814,0,6,22,61383.53,147048,83,75,0,0
246586,1,0,847,0,8,22,61383.53,147048,83,75,0,0
246706,1,0,847,0,8,22,61383.53,147048,83,75,0,0
246786,1,0,847,0,8,22,61383.53,147048,83,75,0,0
246936,1,0,847,0,8,22,61383.53,147048,83,75,0,0
247036,1,0,847,0,8,22,61383.53,147048,83,75,0,0
247161,1,0,847,0,8,22,61383.53,147048,83,75,0,0
247271,1,0,847,0,6,22,61383.53,147048,83,75,0,0
247389,1,0,848,0,8,22,61383.53,147048,83,75,0,0
247487,1,0,847,0,8,22,61383.53,147048,83,75,0,0
247621,1,0,847,0,6,22,61383.53,147048,83,75,0,0
247724,1,0,847,0,6,22,61383.53,147048,83,75,0,0
247821,1,0,847,0,8,22,61383.53,147048,83,75,0,0
247961,1,0,848,0,6,22,61383.53,147048,83,74,0,0
248077,1,0,848,0,6,22,61383.53,147048,83,74,0,0
248186,1,0,848,0,8,22,61383.53,147048,83,74,0,0
248288,1,0,849,0,6,22,61383.53,147048,83,74,0,0
248420,1,0,848,0,6,22,61383.53,147048,83,74,0,0
248521,1,0,848,0,8,22,61383.53,147048,83,74,0,0
248642,1,0,847,0,8,22,61383.53,147048,83,74,0,0
248760,1,0,846,0,8,22,61383.53,147048,83,74,0,0
248870,1,0,844,0,6,22,61383.53,147048,83,74,0,0
248986,1,0,844,0,8,22,61383.53,147048,83,74,0,0
249087,1,0,844,0,6,22,61383.53,147048,83,74,0,0
249206,1,0,844,0,8,22,61383.53,147048,83,74,0,0
249288,1,0,844,0,8,22,61383.53,147048,83,74,0,0
249436,1,0,844,0,8,22,61383.53,147048,83,74,0,0
249561,1,0,844,0,8,22,61383.53,147048,83,74,0,0
249671,1,0,843,0,8,22,61383.53,147048,83,74,0,0
249771,1,0,844,0,8,22,61383.53,147048,83,74,0,0
249889,1,0,843,0,6,22,61383.53,147048,83,74,0,0
249986,1,0,844,0,8,22,61383.53,147048,83,74,0,0
250124,1,0,844,0,8,22,61383.53,147048,83,74,0,0
250236,1,0,845,0,8,22,61383.53,147048,83,74,0,0
250343,1,0,845,0,8,22,61384.54,147048,83,74,0,0
250471,1,0,845,0,8,22,61384.54,147048,83,74,0,0
250586,1,0,845,0,8,22,61384.54,147048,83,74,0,0
250686,1,0,844,0,6,22,61384.54,147048,83,74,0,0
250788,1,0,844,0,8,22,61384.54,147048,83,74,0,0
250924,1,0,844,0,8,22,61384.54,147048,83,74,0,0
251037,1,0,844,0,8,22,61384.54,147048,83,74,0,0
251142,1,0,844,0,8,22,61384.54,147048,83,74,0,0
251261,1,0,844,0,8,22,61384.54,147048,83,74,0,0
251374,1,0,844,0,8,22,61384.54,147048,83,74,0,0
251487,1,0,844,0,6,22,61384.54,147048,83,74,0,0
251586,1,0,844,0,8,22,61384.54,147048,83,74,0,0
251721,1,0,844,0,8,22,61384.54,147048,83,74,0,0
251821,1,0,844,0,8,22,61384.54,147048,83,74,0,0
251956,1,0,844,0,8,22,61384.54,147048,83,74,0,0
252061,1,0,844,0,8,22,61384.54,147048,83,74,0,0
252171,1,0,844,0,8,22,61384.54,147048,83,74,0,0
252288,1,0,843,0,6,22,61384.54,147048,83,74,0,0
252389,1,0,843,0,8,22,61384.54,147048,83,74,0,0
252521,1,0,842,0,8,22,61384.54,147048,83,74,0,0
252623,1,0,842,0,8,22,61384.54,147048,83,74,0,0
252736,1,0,842,0,8,22,61384.54,147048,83,74,0,0
252861,1,0,843,0,8,22,61384.54,147048,83,74,0,0
252973,1,0,842,0,8,22,61384.54,147048,83,74,0,0
253086,1,0,842,0,6,22,61384.54,147048,83,74,0,0
253206,1,0,842,0,8,22,61384.54,147048,83,74,0,0
253288,1,0,843,0,8,22,61384.54,147048,83,74,0,0
253436,1,0,842,0,8,22,61384.54,147048,83,74,0,0
253536,1,0,842,0,8,22,61384.54,147048,83,74,0,0
253661,1,0,842,0,8,22,61384.54,147048,83,74,0,0
253773,1,0,842,0,8,22,61384.54,147048,83,74,0,0
253888,1,0,842,0,8,22,61384.54,147048,83,74,0,0
253986,1,0,843,0,8,22,61384.54,147048,83,74,0,0
254123,1,0,843,0,8,22,61384.54,147048,83,74,0,0
254235,1,0,844,0,6,22,61384.54,147048,83,74,0,0
254323,1,0,843,0,8,22,61384.54,147048,83,74,0,0
254461,1,0,844,0,8,22,61384.54,147048,83,74,0,0
254579,1,0,844,0,8,22,61384.54,147048,83,74,0,0
254686,1,0,843,0,8,22,61384.54,147048,83,74,0,0
254785,1,0,844,0,8,22,61384.54,147048,83,74,0,0
254921,1,0,844,0,8,22,61384.54,147048,83,74,0,0
255036,1,0,844,0,6,22,61384.54,147048,83,74,0,0
255141,1,0,843,0,8,22,61384.54,147048,83,74,0,0
255260,1,0,844,0,8,22,61385.55,147048,83,74,0,0
255374,1,0,844,0,8,22,61385.55,147048,83,74,0,0
255486,1,0,844,0,6,22,61385.55,147048,83,74,0,0
255586,1,0,844,0,8,22,61385.55,147048,83,74,0,0
255723,1,0,844,0,8,22,61385.55,147048,83,74,0,0
255786,1,0,844,0,6,22,61385.55,147048,83,74,0,0
255955,1,0,844,0,8,22,61385.55,147048,83,74,0,0
256060,1,0,845,0,8,22,61385.55,147048,83,74,0,0
256173,1,0,844,0,8,22,61385.55,147048,83,74,0,0
256285,1,0,844,0,8,22,61385.55,147048,83,74,0,0
256388,1,0,844,0,8,22,61385.55,147048,83,74,0,0
256523,1,0,812,0,8,22,61385.55,147048,83,74,0,0
256623,1,0,812,0,6,22,61385.55,147048,83,74,0,0
256735,1,0,812,0,8,22,61385.55,147048,83,74,0,0
256860,1,0,811,0,8,22,61385.55,147048,83,74,0,0
256973,1,0,844,0,8,22,61385.55,147048,83,74,0,0
257085,1,0,844,0,8,22,61385.55,147048,83,74,0,0
257208,1,0,844,0,8,22,61385.55,147048,83,74,0,0
257285,1,0,843,0,8,22,61385.55,147048,83,74,0,0
257435,1,0,844,0,6,22,61385.55,147048,83,74,0,0
257535,1,0,845,0,8,22,61385.55,147048,83,74,0,0
257661,1,0,845,0,8,22,61385.55,147048,83,74,0,0
257773,1,0,846,0,8,22,61385.55,147048,83,74,0,0
257888,1,0,846,0,8,22,61385.55,147048,83,74,0,0
257985,1,0,847,0,8,22,61385.55,147048,83,74,0,0
258123,1,0,847,0,8,22,61385.55,147048,83,74,0,0
258236,1,0,847,0,8,22,61385.55,147048,83,74,0,0
258285,1,0,847,0,8,22,61385.55,147048,83,74,0,0
258461,1,0,847,0,8,22,61385.55,147048,83,74,0,0
258579,1,0,847,0,8,22,61385.55,147048,83,74,0,0
258685,1,0,847,0,8,22,61385.55,147048,83,74,0,0
258785,1,0,847,0,8,22,61385.55,147048,83,74,0,0
258923,1,0,847,0,8,22,61385.55,147048,83,74,0,0
259035,1,0,847,0,8,22,61385.55,147048,83,74,0,0
259141,1,0,847,0,8,22,61385.55,147048,83,74,0,0
259261,1,0,847,0,8,22,61385.55,147048,83,74,0,0
259375,1,0,847,0,8,22,61385.55,147048,83,74,0,0
259486,1,0,847,0,8,22,61385.55,147048,83,74,0,0
259585,1,0,847,0,8,22,61385.55,147048,83,74,0,0
259723,1,0,847,0,8,22,61386.55,147048,83,74,0,0
259785,1,0,846,0,6,22,61386.55,147048,83,74,0,0
259935,1,0,845,0,8,22,61386.55,147048,83,74,0,0
260060,1,0,845,0,8,22,61386.55,147048,83,74,0,0
260173,1,0,844,0,8,22,61386.55,147048,83,74,0,0
260286,1,0,844,0,8,22,61386.55,147048,83,74,0,0
260388,1,0,844,0,8,22,61386.55,147048,83,74,0,0
260523,1,0,843,0,8,22,61386.55,147048,83,74,0,0
260623,1,0,843,0,8,22,61386.55,147048,83,74,0,0
260735,1,0,843,0,8,22,61386.55,147048,83,74,0,0
260860,1,0,843,0,8,22,61386.55,147048,83,74,0,0
260973,1,0,843,0,8,22,61386.55,147048,83,74,0,0
261085,1,0,843,0,8,22,61386.55,147048,83,74,0,0
261208,1,0,843,0,8,22,61386.55,147048,83,74,0,0
261285,1,0,843,0,8,22,61386.55,147048,83,74,0,0
261435,1,0,842,0,8,22,61386.55,147048,83,74,0,0
261535,1,0,842,0,8,22,61386.55,147048,83,74,0,0
261660,1,0,842,0,8,22,61386.55,147048,83,74,0,0
261774,1,0,842,0,8,22,61386.55,147048,83,74,0,0
261888,1,0,842,0,8,22,61386.55,147048,83,74,0,0
261985,1,0,843,0,8,22,61386.55,147048,83,74,0,0
262085,1,0,843,0,8,22,61386.55,147048,83,74,0,0
262223,1,0,843,0,8,22,61386.55,147048,83,74,0,0
262335,1,0,843,0,8,22,61386.55,147048,83,74,0,0
262460,1,0,843,0,8,22,61386.55,147048,83,74,0,0
262573,1,0,843,0,8,22,61386.55,147048,83,74,0,0
262685,1,0,844,0,8,22,61386.55,147048,83,74,0,0
262785,1,0,843,0,8,22,61386.55,147048,83,74,0,0
262923,1,0,843,0,8,22,61386.55,147048,83,74,0,0
263035,1,0,843,0,8,22,61386.55,147048,83,74,0,0
263141,1,0,843,0,8,22,61386.55,147048,83,74,0,0
263260,1,0,843,0,8,22,61386.55,147048,83,73,0,0
263329,1,0,843,0,8,22,61386.55,147048,83,73,0,0
263486,1,0,843,0,8,22,61386.55,147048,83,73,0,0
263585,1,0,844,0,8,22,61386.55,147048,83,73,0,0
263705,1,0,843,0,8,22,61386.55,147048,83,73,0,0
263785,1,0,844,0,8,22,61386.55,147048,83,73,0,0
263935,1,0,843,0,8,22,61386.55,147048,83,73,0,0
264060,1,0,843,0,8,22,61386.55,147048,83,73,0,0
264173,1,0,843,0,8,22,61386.55,147048,83,73,0,0
264285,1,0,844,0,8,22,61386.55,147048,83,73,0,0
264388,1,0,843,0,8,22,61386.55,147048,83,73,0,0
264486,1,0,843,0,8,22,61386.55,147048,83,73,0,0
264624,1,0,843,0,8,22,61387.55,147048,83,73,0,0
264735,1,0,843,0,8,22,61387.55,147048,83,73,0,0
264847,1,0,843,0,8,22,61387.55,147048,83,73,0,0
264973,1,0,844,0,8,22,61387.55,147048,83,73,0,0
265085,1,0,843,0,8,22,61387.55,147048,83,73,0,0
265185,1,0,843,0,4,22,61387.55,147048,83,73,0,0
265285,1,0,843,0,0,22,61387.55,147048,83,73,0,0
265423,1,0,842,0,0,22,61387.55,147048,83,73,0,0
265535,1,0,842,0,0,22,61387.55,147048,83,73,0,0
265641,1,0,843,0,0,22,61387.55,147048,83,73,0,0
265760,1,0,875,0,0,22,61387.55,147048,83,73,0,0
265873,1,0,899,0,0,22,61387.55,147048,83,73,0,0
265985,1,0,930,0,0,22,61387.55,147048,83,73,0,0
266085,1,0,937,0,0,22,61387.55,147048,83,73,0,0
266223,1,0,1019,0,0,22,61387.55,147048,83,73,0,0
266285,1,0,1052,0,0,22,61387.55,147048,83,73,0,0
266435,1,0,1084,0,0,22,61387.55,147048,83,73,0,0
266560,1,0,1081,0,0,22,61387.55,147048,83,73,0,0
266673,1,0,1050,0,0,22,61387.55,147048,83,73,0,0
266785,1,0,1049,0,0,22,61387.55,147048,83,73,0,0
266891,1,0,1016,0,0,22,61387.55,147048,83,73,0,0
266985,1,0,1017,0,0,22,61387.55,147048,83,73,0,0
267123,1,0,1016,0,0,22,61387.55,147048,83,73,0,0
267235,1,0,1017,0,0,22,61387.55,147048,83,73,0,0
267360,1,0,1081,0,0,22,61387.55,147048,83,73,0,0
267474,1,0,1118,0,0,22,61388.56,147048,83,73,0,0
267585,1,0,1074,0,0,22,61388.56,147048,83,73,0,0
267685,1,0,1071,0,0,22,61388.56,147048,83,73,0,0
267785,1,0,1038,0,0,22,61388.56,147048,83,73,0,0
267923,1,0,1142,0,0,22,61388.56,147048,83,73,0,0
268035,1,0,1186,0,0,22,61388.56,147048,83,73,0,0
268160,1,0,1267,6,0,22,61388.56,147048,83,73,0,0
268273,1,0,1439,13,0,22,61388.56,147048,83,73,0,0
268383,1,0,1503,30,0,22,61388.56,147048,83,73,0,0
268486,1,2,1703,47,0,22,61388.56,147048,83,73,0,0
268585,1,3,1848,61,0,22,61388.56,147048,83,73,0,0
268723,1,4,1912,66,0,22,61389.60,147048,83,73,0,0
268785,1,5,1939,74,0,22,61389.60,147048,83,73,0,0
268935,1,5,1927,89,0,22,61389.60,147048,83,73,0,0
269073,1,8,1884,89,0,22,61389.60,147048,83,73,0,0
269185,1,9,1815,90,0,22,61390.64,147048,83,73,0,0
269285,1,11,1775,91,0,22,61390.64,147048,83,73,0,0
269388,1,12,1799,95,0,22,61390.64,147048,83,73,0,0
269524,1,13,2058,104,0,22,61390.64,147048,83,73,0,0
269641,1,14,2181,114,0,22,61390.64,147048,83,73,0,0
269735,1,15,2353,115,0,22,61391.71,147048,83,73,0,0
269864,1,17,2486,117,0,22,61391.71,147048,83,73,0,0
269985,1,18,2662,120,0,22,61391.71,147048,83,73,0,0
270085,1,19,2819,123,0,22,61392.80,147048,83,73,0,0
270206,1,20,2946,123,0,22,61392.80,147048,83,73,0,0
270323,1,21,3171,124,0,22,61392.80,147048,83,73,0,0
270435,1,22,3346,123,0,22,61392.80,147048,83,73,0,0
270535,1,23,3519,122,0,22,61393.96,147048,83,73,0,0
270660,1,25,3598,119,0,22,61393.96,147048,83,73,0,0
270785,1,26,3815,116,0,22,61395.17,147048,83,73,0,0
270895,1,27,3955,115,0,22,61395.17,147048,83,73,0,0
270985,1,28,4077,108,0,22,61395.17,147048,83,73,0,0
271123,1,29,4207,105,0,22,61396.24,147048,83,73,0,0
271236,1,30,4318,84,0,22,61396.24,147048,83,73,0,0
271356,1,30,4328,50,0,22,61397.41,147048,83,73,0,0
271460,1,31,4279,0,0,22,61397.41,147048,83,73,0,0
271578,1,31,4135,0,0,22,61397.41,147048,83,73,0,0
271685,1,31,3996,0,0,22,61397.41,147048,83,73,0,0
271785,1,31,3808,0,0,22,61397.41,147048,83,73,0,0
271923,1,31,3552,0,0,22,61397.41,147048,83,73,0,0
272036,1,31,3360,0,0,22,61397.41,147048,83,72,0,0
272141,1,31,3200,0,0,22,61397.41,147048,83,72,0,0
272260,1,31,3040,0,0,22,61397.41,147048,83,72,0,0
272376,1,31,2901,0,0,22,61397.41,147048,83,72,0,0
272486,1,31,2743,14,0,22,61397.41,147048,83,72,0,0
272585,1,32,2523,34,0,22,61397.41,147048,83,72,0,0
272722,1,32,2491,51,0,22,61397.41,147048,83,72,0,0
272785,1,32,2555,87,0,22,61397.41,147048,83,72,0,0
272935,1,32,2546,135,0,22,61398.46,147048,83,72,0,0
273060,1,34,2586,148,0,22,61398.46,147048,83,72,0,0
273173,1,34,2664,158,0,22,61398.46,147048,83,72,0,0
273285,1,35,2733,162,0,22,61399.56,147048,83,72,0,0
273388,1,36,2803,162,0,22,61399.56,147048,83,72,0,0
273486,1,37,2874,164,0,22,61400.62,147048,83,72,0,0
273622,1,38,2997,162,0,22,61400.62,147048,83,72,0,0
273735,1,39,3060,150,0,22,61401.85,147048,83,72,0,0
273862,1,41,3117,150,0,22,61401.85,147048,83,72,0,0
273972,1,42,3201,149,0,22,61403.01,147048,83,72,0,0
274085,1,43,3299,142,0,22,61403.01,147048,83,72,0,0
274185,1,43,3346,137,0,22,61404.20,147048,83,72,0,0
274285,1,44,3451,128,0,22,61404.20,147048,83,72,0,0
274435,1,45,3575,116,0,22,61405.41,147048,83,72,0,0
274535,1,46,3590,113,0,22,61405.41,147048,82,72,0,0
274660,1,48,3616,112,0,22,61406.60,147048,82,72,0,0
274773,1,48,3728,112,0,22,61407.63,147048,82,72,0,0
274887,1,49,3762,108,0,22,61407.63,147048,82,72,0,0
274987,1,50,3796,100,0,22,61407.63,147048,82,72,0,0
275086,1,50,3815,95,0,22,61408.66,147048,82,72,0,0
275222,1,51,3877,92,0,22,61408.66,147048,82,72,0,0
275285,1,51,3877,92,0,22,61408.66,147048,82,72,0,0
275460,1,52,3946,92,0,22,61409.70,147048,82,72,0,0
275573,1,52,3971,92,0,22,61409.70,147048,82,72,0,0
275685,1,53,4013,92,0,22,61410.77,147048,82,72,0,0
275785,1,53,4024,81,0,22,61410.77,147048,82,72,0,0
275891,1,53,4024,46,0,22,61410.77,147048,82,72,0,0
276085,1,53,3956,0,0,22,61410.77,147048,82,72,0,0
276223,1,52,4017,0,0,22,61410.77,147048,82,72,0,0
276285,1,53,3968,0,0,22,61411.80,147048,82,72,0,0
276460,1,53,3981,0,0,22,61411.80,147048,82,72,0,0
276573,1,52,3924,0,0,22,61411.80,147048,82,72,0,0
276685,1,52,3925,0,18,22,61411.80,147048,82,72,0,0
276785,1,52,3921,0,22,22,61411.80,147048,82,72,0,0
276888,1,52,3882,0,22,22,61411.80,147048,82,72,0,0
277023,1,52,3851,0,20,22,61411.80,147048,82,72,0,0
277140,1,51,3851,0,20,22,61411.80,147048,82,72,0,0
277236,1,51,3808,0,28,22,61411.80,147048,82,72,0,0
277362,1,50,3744,0,42,22,61411.80,147048,82,72,0,0
277487,1,50,3680,0,88,22,61411.80,147048,82,72,0,0
277585,1,49,3648,0,98,22,61411.80,147048,82,72,0,0
277711,1,48,3584,0,112,22,61411.80,147048,82,72,0,0
277824,1,47,3456,0,130,22,61411.80,147048,82,72,0,0
277935,1,47,3392,0,144,22,61411.80,147048,82,72,0,0
278035,1,45,3296,0,154,22,61411.80,147048,82,72,0,0
278172,1,43,3168,0,152,22,61411.80,147048,82,72,0,0
278285,1,42,3072,0,152,22,61411.80,147048,82,72,0,0
278388,1,42,3040,0,152,22,61411.80,147048,82,72,0,0
278486,1,40,2912,0,150,22,61411.80,147048,82,72,0,0
278622,1,38,2784,0,150,22,61411.80,147048,82,72,0,0
278735,1,38,2720,0,142,22,61411.80,147048,82,72,0,0
278828,1,37,2656,0,132,22,61411.80,147048,82,72,0,0
278960,1,35,2592,0,132,22,61411.80,147048,82,72,0,0
279084,1,34,2464,0,114,22,61411.80,147048,82,72,0,0
279185,1,33,2400,0,118,22,61411.80,147048,82,72,0,0
279285,1,32,2336,0,118,22,61411.80,147048,82,72,0,0
279422,1,31,2240,0,120,22,61411.80,147048,82,72,0,0
279535,1,30,2176,0,118,22,61411.80,147048,82,72,0,0
279640,1,29,2112,0,114,22,61411.80,147048,82,72,0,0
279760,1,28,2080,0,54,22,61411.80,147048,82,72,0,0
279873,1,28,2016,0,0,22,61411.80,147048,82,72,0,0
279985,1,27,2016,0,0,22,61411.80,147048,82,72,0,0
280085,1,26,2016,0,0,22,61411.80,147048,82,72,0,0
280222,1,26,2016,35,0,22,61411.80,147048,82,72,0,0
280285,1,26,2022,47,0,22,61411.80,147048,82,72,0,0
280435,1,26,2047,47,0,22,61411.80,147048,82,72,0,0
280560,1,26,1994,47,0,22,61411.80,147048,82,72,0,0
280672,1,26,2018,47,0,22,61411.80,147048,82,72,0,0
280785,1,27,2039,44,0,22,61412.82,147048,82,72,0,0
280888,1,27,2039,32,0,22,61412.82,147048,82,72,0,0
281022,1,26,2020,24,0,22,61412.82,147048,82,72,0,0
281122,1,27,2020,24,0,22,61412.82,147048,82,72,0,0
281235,1,27,2035,38,0,22,61412.82,147048,82,72,0,0
281362,1,27,2067,48,0,22,61412.82,147048,82,72,0,0
281478,1,27,2073,56,0,22,61412.82,147048,82,72,0,0
281585,1,27,2063,58,0,22,61412.82,147048,82,72,0,0
281706,1,27,2100,58,0,22,61412.82,147048,82,72,0,0
281785,1,27,2106,59,0,22,61412.82,147048,82,72,0,0
281934,1,27,2104,70,0,22,61413.84,147048,82,72,0,0
282035,1,27,2136,76,0,22,61413.84,147048,82,72,0,0
282160,1,28,2150,82,0,22,61413.84,147048,82,72,0,0
282272,1,28,2193,88,0,22,61413.84,147048,82,72,0,0
282388,1,28,2224,95,0,22,61413.84,147048,82,72,0,0
282486,1,29,2257,97,0,22,61414.91,147048,82,72,0,0
282622,1,29,2289,97,0,22,61414.91,147048,82,72,0,0
282734,1,30,2306,99,0,22,61414.91,147048,82,72,0,0
282828,1,30,2348,99,0,22,61414.91,147048,82,72,0,0
282960,1,31,2384,99,0,22,61414.91,147048,82,72,0,0
283084,1,32,2439,99,0,22,61415.96,147048,82,72,0,0
283185,1,32,2469,98,0,22,61415.96,147048,82,72,0,0
283285,1,33,2498,98,0,22,61415.96,147048,82,72,0,0
283422,1,33,2562,98,0,22,61415.96,147048,82,72,0,0
283536,1,33,2594,100,0,22,61417.03,147048,82,72,0,0
283640,1,34,2643,103,0,22,61417.03,147048,82,72,0,0
283759,1,35,2686,109,0,22,61417.03,147048,82,72,0,0
283873,1,35,2735,118,0,22,61418.03,147048,82,72,0,0
283985,1,36,2761,119,0,22,61418.03,147048,82,72,0,0
284085,1,36,2831,119,0,22,61418.03,147048,82,72,0,0
284222,1,37,2877,117,0,22,61419.12,147048,82,72,0,0
284285,1,38,2880,98,0,22,61419.12,147048,82,72,0,0
284456,1,38,2838,0,0,22,61419.12,147048,82,72,0,0
284560,1,38,2816,0,0,22,61419.12,147048,82,72,0,0
284685,1,38,2893,0,68,22,61420.16,147048,82,72,0,0
284784,1,38,2898,0,60,22,61420.16,147048,82,72,0,0
284887,1,38,2867,0,110,22,61420.16,147048,82,72,0,0
285022,1,37,2718,0,140,22,61420.16,147048,82,72,0,0
285140,1,37,2644,0,158,22,61420.16,147048,82,72,0,0
285235,1,35,2560,0,172,22,61420.16,147048,82,72,0,0
285359,1,33,2454,0,174,22,61420.16,147048,82,72,0,0
285484,1,32,2311,0,180,22,61420.16,147048,82,72,0,0
285585,1,31,2255,0,182,22,61420.16,147048,82,72,0,0
285706,1,29,2201,0,182,22,61420.16,147048,82,72,0,0
285785,1,28,2099,0,178,22,61420.16,147048,82,72,0,0
285935,1,28,1932,0,174,22,61420.16,147048,82,72,0,0
286035,1,26,1848,0,166,22,61420.16,147048,82,72,0,0
286160,1,24,1784,0,166,22,61420.16,147048,82,72,0,0
286284,1,23,1668,0,158,22,61420.16,147048,82,72,0,0
286387,1,22,1598,0,162,22,61420.16,147048,82,72,0,0
286486,1,21,1530,0,160,22,61420.16,147048,82,72,0,0
286622,1,20,1428,0,156,22,61420.16,147048,82,72,0,0
286735,1,19,1326,0,150,22,61420.16,147048,82,72,0,0
286784,1,18,1323,0,146,22,61420.16,147048,82,72,0,0
286972,1,16,1297,0,144,22,61420.16,147048,82,72,0,0
287084,1,15,1294,0,138,22,61420.16,147048,82,72,0,0
287185,1,14,1287,0,134,22,61421.16,147048,82,72,0,0
287284,1,13,1253,0,128,22,61421.16,147048,82,72,0,0
287422,1,13,1221,0,126,22,61421.16,147048,82,72,0,0
287534,1,11,1220,0,122,22,61421.16,147048,82,72,0,0
287640,1,10,1219,0,116,22,61421.16,147048,82,72,0,0
287772,1,9,1187,0,104,22,61421.16,147048,82,72,0,0
287873,1,8,1187,0,96,22,61421.16,147048,82,72,0,0
287984,1,7,1155,0,92,22,61421.16,147048,82,72,0,0
288085,1,6,1155,0,90,22,61421.16,147048,82,72,0,0
288222,1,6,1123,0,80,22,61421.16,147048,82,72,0,0
288284,1,5,1123,0,2,22,61421.16,147048,82,72,0,0
288459,1,5,1123,0,0,22,61421.16,147048,82,72,0,0
288572,1,4,1092,0,0,22,61421.16,147048,82,72,0,0
288684,1,4,1093,0,0,22,61421.16,147048,82,72,0,0
288784,1,4,1104,0,0,22,61421.16,147048,82,72,0,0
288887,1,4,1114,0,0,22,61421.16,147048,82,72,0,0
289023,1,4,1089,0,0,22,61421.16,147048,82,72,0,0
289140,1,4,1163,0,0,22,61421.16,147048,82,72,0,0
289259,1,4,1243,0,0,22,61421.16,147048,82,72,0,0
289372,1,4,1256,1,0,22,61421.16,147048,82,72,0,0
289486,1,5,1262,3,0,22,61421.16,147048,81,72,0,0
289584,1,5,1320,10,0,22,61422.17,147048,81,73,0,0
289704,1,5,1408,15,0,22,61422.17,147048,81,73,0,0
289784,1,5,1472,18,0,22,61422.17,147048,81,73,0,0
289934,1,5,1515,18,0,22,61422.17,147048,81,73,0,0
290059,1,6,1506,19,0,22,61422.17,147048,81,73,0,0
290172,1,6,1559,19,0,22,61422.17,147048,81,73,0,0
290284,1,6,1589,20,0,22,61422.17,147048,81,73,0,0
290396,1,6,1634,21,0,22,61422.17,147048,81,73,0,0
290486,1,7,1664,21,0,22,61422.17,147048,81,73,0,0
290624,1,7,1724,21,0,22,61423.18,147048,81,73,0,0
290734,1,8,1756,21,0,22,61423.18,147048,81,73,0,0
290856,1,8,1730,21,0,22,61423.18,147048,81,73,0,0
290972,1,9,1776,18,0,22,61423.18,147048,81,73,0,0
291084,1,9,1783,13,0,22,61423.18,147048,81,73,0,0
291184,1,10,1749,11,0,22,61423.18,147048,81,73,0,0
291284,1,10,1670,11,0,22,61423.18,147048,81,73,0,0
291423,1,10,1586,11,0,22,61423.18,147048,81,73,0,0
291535,1,11,1517,0,0,22,61423.18,147048,81,73,0,0
291640,1,11,1541,0,0,22,61424.19,147048,81,73,0,0
291759,1,11,1571,0,0,22,61424.19,147048,81,73,0,0
291875,1,11,1593,0,0,22,61424.19,147048,81,73,0,0
291984,1,11,1570,0,0,22,61424.19,147048,81,73,0,0
292084,1,11,1593,0,0,22,61424.19,147048,81,73,0,0
292222,1,11,1523,3,0,22,61424.19,147048,81,73,0,0
292291,1,11,1515,18,0,22,61424.19,147048,81,73,0,0
292456,1,11,1575,29,0,22,61424.19,147048,81,73,0,0
292559,1,11,1615,50,0,22,61424.19,147048,81,73,0,0
292685,1,10,1635,62,0,22,61424.19,147048,81,73,0,0
292784,1,11,1564,64,0,22,61424.19,147048,81,74,0,0
292887,1,11,1615,65,0,22,61424.19,147048,81,74,0,0
293022,1,11,1719,70,0,22,61425.23,147048,81,74,0,0
293140,1,12,1780,76,0,22,61425.23,147048,81,74,0,0
293234,1,12,1852,76,0,22,61425.23,147048,81,74,0,0
293334,1,12,1869,76,0,22,61425.23,147048,81,74,0,0
293478,1,13,2010,76,0,22,61425.23,147048,81,74,0,0
293584,1,14,2056,75,0,22,61425.23,147048,81,74,0,0
293705,1,14,2125,68,0,22,61425.23,147048,81,74,0,0
293784,1,15,2193,67,0,22,61425.23,147048,81,74,0,0
293934,1,15,2251,61,0,22,61426.25,147048,81,74,0,0
294034,1,16,2310,61,0,22,61426.25,147048,81,74,0,0
294172,1,16,2374,60,0,22,61426.25,147048,81,74,0,0
294284,1,17,2447,60,0,22,61426.25,147048,81,74,0,0
294387,1,17,2455,60,0,22,61426.25,147048,81,74,0,0
294486,1,17,2527,60,0,22,61426.25,147048,81,74,0,0
294622,1,18,2601,60,0,22,61427.29,147048,81,74,0,0
294734,1,18,2609,59,0,22,61427.29,147048,81,74,0,0
294784,1,18,2638,59,0,22,61427.29,147048,81,74,0,0
294959,1,19,2735,59,0,22,61427.29,147048,81,74,0,0
295078,1,19,2776,59,0,22,61427.29,147048,81,74,0,0
295184,1,19,2785,57,0,22,61427.29,147048,81,74,0,0
295284,1,20,2844,55,0,22,61428.34,147048,81,74,0,0
295423,1,20,2898,55,0,22,61428.34,147048,81,74,0,0
295534,1,20,2919,55,0,22,61428.34,147048,81,74,0,0
295640,1,21,2970,53,0,22,61428.34,147048,81,75,0,0
295759,1,21,3000,50,0,22,61428.34,147048,81,75,0,0
295879,1,21,3009,47,0,22,61428.34,147048,81,75,0,0
295984,1,21,3025,45,0,22,61428.34,147048,81,75,0,0
296084,1,21,3068,45,0,22,61429.40,147048,81,75,0,0
296223,1,22,3081,45,0,22,61429.40,147048,81,75,0,0
296333,1,22,3116,45,0,22,61429.40,147048,81,75,0,0
296434,1,22,3158,45,0,22,61429.40,147048,81,75,0,0
296559,1,22,3136,56,0,22,61429.40,147048,81,75,0,0
296673,1,22,3213,61,0,22,61429.40,147048,81,75,0,0
296784,1,22,3286,78,0,22,61429.40,147048,81,75,0,0
296887,1,22,3318,80,0,22,61429.40,147048,81,75,0,0
297023,1,23,3430,80,0,22,61430.46,147048,81,75,0,0
297122,1,24,3493,80,0,22,61430.46,147048,81,75,0,0
297236,1,24,3553,82,0,22,61430.46,147048,81,75,0,0
297365,1,25,3627,82,0,22,61431.51,147048,81,75,0,0
297478,1,26,3747,82,0,22,61431.51,147048,81,75,0,0
297584,1,26,3834,82,0,22,61431.51,147048,81,75,0,0
297704,1,27,3884,81,0,22,61431.51,147048,81,75,0,0
297784,1,27,3924,79,0,22,61432.54,147048,81,75,0,0
297935,1,28,3956,72,0,22,61432.54,147048,81,75,0,0
298034,1,28,3974,65,0,22,61432.54,147048,81,75,0,0
298159,1,29,4062,43,0,22,61433.61,147048,81,75,0,0
298273,1,29,4020,0,0,22,61433.61,147048,81,75,0,0
298391,1,29,3956,0,0,22,61433.61,147048,81,75,0,0
298485,1,28,3718,0,0,22,61433.61,147048,81,75,0,0
298622,1,29,3458,0,0,22,61433.61,147048,81,75,0,0
298735,1,29,3296,0,0,22,61433.61,147048,81,75,0,0
298822,1,29,3136,0,0,22,61433.61,147048,81,75,0,0
298972,1,29,2912,0,0,22,61433.61,147048,81,75,0,0
299084,1,29,2790,0,0,22,61433.61,147048,81,75,0,0
299184,1,28,2650,4,0,22,61433.61,147048,81,75,0,0
299284,1,28,2491,6,0,22,61433.61,147048,81,75,0,0
299423,1,29,2310,26,0,22,61433.61,147048,81,75,0,0
299534,1,29,2265,41,0,22,61433.61,147048,81,75,0,0
299659,1,29,2220,47,0,22,61433.61,147048,81,75,0,0
299772,1,29,2241,67,0,22,61434.63,147048,81,75,0,0
299887,1,29,2274,69,0,22,61434.63,147048,81,75,0,0
299984,1,30,2286,69,0,22,61434.63,147048,81,75,0,0
300084,1,30,2305,69,0,22,61434.63,147048,81,75,0,0
300223,1,30,2304,43,0,22,61434.63,147048,81,75,0,0
300284,1,30,2275,0,0,22,61434.63,147048,81,75,0,0
300459,1,30,2295,0,0,22,61434.63,147048,81,75,0,0
300572,1,30,2290,0,0,22,61435.63,147048,81,75,0,0
300684,1,30,2325,0,0,22,61435.63,147048,81,75,0,0
300784,1,30,2330,0,0,22,61435.63,147048,81,75,0,0
300887,1,30,2330,0,0,22,61435.63,147048,81,75,0,0
301022,1,31,2330,0,0,22,61435.63,147048,81,75,0,0
301140,1,30,2299,0,0,22,61435.63,147048,81,75,0,0
301259,1,30,2301,0,0,22,61435.63,147048,81,75,0,0
301362,1,30,2279,0,0,22,61435.63,147048,81,75,0,0
301484,1,30,2263,7,0,22,61435.63,147048,81,75,0,0
301584,1,30,2303,27,0,22,61435.63,147048,81,75,0,0
301704,1,30,2334,29,0,22,61435.63,147048,81,75,0,0
301784,1,30,2304,30,0,22,61435.63,147048,81,75,0,0
301934,1,30,2285,30,0,22,61435.63,147048,81,75,0,0
302059,1,30,2287,30,0,22,61435.63,147048,81,75,0,0
302172,1,30,2257,34,0,22,61435.63,147048,81,75,0,0
302284,1,30,2285,74,0,22,61436.65,147048,81,75,0,0
302387,1,30,2385,128,0,22,61436.65,147048,81,75,0,0
302485,1,30,2388,194,0,22,61436.65,147048,81,75,0,0
302584,1,31,2423,247,0,22,61436.65,147048,81,75,0,0
302734,1,31,2479,255,0,22,61436.65,147048,81,75,0,0
302784,1,32,2506,255,0,22,61437.71,147048,81,75,0,0
302972,1,34,2664,255,0,22,61437.71,147048,81,75,0,0
303084,1,35,2748,255,0,22,61437.71,147048,81,75,0,0
303184,1,36,2860,255,0,22,61438.89,147048,81,75,0,0
303284,1,37,2896,255,0,22,61438.89,147048,81,75,0,0
303433,1,37,3066,212,0,22,61440.00,147048,81,75,0,0
303534,1,39,3170,51,0,22,61441.30,147048,81,75,0,0
303659,1,42,3096,0,0,22,61441.30,147048,81,75,0,0
303773,1,41,3067,0,0,22,61442.60,147048,81,75,0,0
303823,1,41,3003,0,0,22,61442.60,147048,81,75,0,0
303984,1,40,3153,0,50,22,61442.60,147048,81,75,0,0
304084,1,41,3110,0,64,22,61442.60,147048,81,75,0,0
304224,1,41,3042,0,92,22,61442.60,147048,81,75,0,0
304284,1,40,3008,0,104,22,61442.60,147048,81,75,0,0
304459,1,39,2846,0,114,22,61442.60,147048,81,75,0,0
304559,1,38,2787,0,126,22,61442.60,147048,80,75,0,0
304684,1,36,2696,0,158,22,61442.60,147048,80,75,0,0
304784,1,35,2588,0,172,22,61442.60,147048,80,75,0,0
304887,1,34,2524,0,178,22,61442.60,147048,80,75,0,0
305023,1,33,2398,0,192,22,61442.60,147048,80,75,0,0
305140,1,32,2247,0,200,22,61442.60,147048,80,75,0,0
305259,1,29,2157,0,210,22,61442.60,147048,80,75,0,0
305373,1,27,2015,0,206,22,61442.60,147048,80,75,0,0
305485,1,26,1934,0,206,22,61442.60,147048,80,75,0,0
305584,1,25,1768,0,196,22,61442.60,147048,80,75,0,0
305704,1,23,1725,0,190,22,61442.60,147048,80,75,0,0
305823,1,22,1576,0,186,22,61442.60,147048,80,75,0,0
305934,1,21,1521,0,186,22,61442.60,147048,80,75,0,0
306059,1,19,1440,0,160,22,61442.60,147048,80,75,0,0
306139,1,19,1453,0,154,22,61442.60,147048,80,75,0,0
306284,1,17,1386,0,152,22,61442.60,147048,80,75,0,0
306387,1,16,1352,0,146,22,61443.61,147048,80,75,0,0
306522,1,15,1317,0,146,22,61443.61,147048,80,75,0,0
306623,1,14,1316,0,148,22,61443.61,147048,80,75,0,0
306734,1,13,1283,0,138,22,61443.61,147048,80,75,0,0
306795,1,12,1282,0,120,22,61443.61,147048,80,75,0,0
306973,1,10,1249,0,110,22,61443.61,147048,80,75,0,0
307086,1,9,1217,0,100,22,61443.61,147048,80,75,0,0
307204,1,8,1217,0,92,22,61443.61,147048,80,75,0,0
307284,1,8,1217,0,86,22,61443.61,147048,80,75,0,0
307433,1,7,1185,0,72,22,61443.61,147048,80,75,0,0
307534,1,6,1185,0,60,22,61443.61,147048,80,75,0,0
307659,1,6,1153,0,56,22,61443.61,147048,80,75,0,0
307773,1,5,1153,0,48,22,61443.61,147048,80,75,0,0
307834,1,5,1121,0,38,22,61443.61,147048,80,75,0,0
307984,1,5,1121,0,28,22,61443.61,147048,80,75,0,0
308084,1,4,1089,0,4,22,61443.61,147048,80,76,0,0
308234,1,4,1089,0,0,22,61443.61,147048,80,76,0,0
308284,1,4,1089,0,0,22,61443.61,147048,80,76,0,0
308459,1,4,1057,0,0,22,61443.61,147048,80,76,0,0
308578,1,4,1060,0,0,22,61443.61,147048,80,76,0,0
308684,1,4,1068,0,0,22,61443.61,147048,80,76,0,0
308784,1,4,1143,7,0,22,61443.61,147048,80,76,0,0
308890,1,4,1295,14,0,22,61443.61,147048,80,76,0,0
309034,1,4,1723,26,0,22,61443.61,147048,80,76,0,0
309139,1,4,1884,30,0,22,61444.68,147048,80,76,0,0
309259,1,4,1930,31,0,22,61444.68,147048,80,76,0,0
309284,1,4,1953,31,0,22,61444.68,147048,80,76,0,0
309484,1,5,1915,31,0,22,61444.68,147048,80,76,0,0
309584,1,5,1856,31,0,22,61444.68,147048,80,76,0,0
309704,1,6,1878,31,0,22,61444.68,147048,80,76,0,0
309784,1,6,1881,31,0,22,61444.68,147048,80,76,0,0
309934,1,6,1855,32,0,22,61445.70,147048,80,76,0,0
310060,1,7,1829,32,0,22,61445.70,147048,80,76,0,0
310174,1,8,1837,32,0,22,61445.70,147048,80,76,0,0
310284,1,8,1826,32,0,22,61445.70,147048,80,76,0,0
310387,1,9,1794,32,0,22,61445.70,147048,80,76,0,0
310522,1,9,1825,32,0,22,61445.70,147048,80,76,0,0
310623,1,10,1891,28,0,22,61445.70,147048,80,76,0,0
310734,1,10,1985,0,0,22,61445.70,147048,80,76,0,0
310829,1,10,1985,0,0,22,61446.71,147048,80,76,0,0
310974,1,10,1856,0,0,22,61446.71,147048,80,76,0,0
311084,1,10,1816,0,0,22,61446.71,147048,80,76,0,0
311204,1,10,1784,0,0,22,61446.71,147048,80,76,0,0
311284,1,10,1721,0,0,22,61446.71,147048,80,76,0,0
311434,1,10,1688,0,0,22,61446.71,147048,80,76,0,0
311535,1,10,1654,0,0,22,61446.71,147048,80,76,0,0
311659,1,10,1621,0,6,22,61446.71,147048,80,76,0,0
311773,1,10,1554,0,6,22,61446.71,147048,80,77,0,0
311895,1,10,1520,0,6,22,61446.71,147048,80,77,0,0
311984,1,10,1485,0,10,22,61446.71,147048,80,77,0,0
312123,1,10,1451,0,14,22,61446.71,147048,80,77,0,0
312233,1,10,1418,0,16,22,61446.71,147048,80,77,0,0
312284,1,10,1416,0,20,22,61446.71,147048,80,77,0,0
312459,1,10,1382,0,26,22,61446.71,147048,80,77,0,0
312579,1,10,1347,0,30,22,61446.71,147048,80,77,0,0
312684,1,9,1315,0,44,22,61446.71,147048,80,77,0,0
312791,1,9,1282,0,42,22,61446.71,147048,80,77,0,0
312923,1,9,1250,0,42,22,61446.71,147048,80,77,0,0
313033,1,9,1249,0,42,22,61446.71,147048,80,77,0,0
313139,1,8,1217,0,38,22,61446.71,147048,80,77,0,0
313259,1,8,1216,0,38,22,61446.71,147048,80,77,0,0
313376,1,7,1215,0,40,22,61447.72,147048,80,77,0,0
313484,1,7,1214,0,40,22,61447.72,147048,80,77,0,0
313584,1,7,1181,0,40,22,61447.72,147048,80,77,0,0
313723,1,6,1181,0,38,22,61447.72,147048,80,77,0,0
313823,1,6,1148,0,30,22,61447.72,147048,80,77,0,0
313954,1,6,1148,0,30,22,61447.72,147048,80,77,0,0
314034,1,6,1148,0,0,22,61447.72,147048,80,77,0,0
314183,1,6,1116,0,0,22,61447.72,147048,80,77,0,0
314283,1,6,1116,0,0,22,61447.72,147048,80,77,0,0
314386,1,5,1119,0,0,22,61447.72,147048,80,77,0,0
314523,1,5,1064,0,0,22,61447.72,147048,80,77,0,0
314639,1,5,1104,0,0,22,61447.72,147048,80,77,0,0
314738,1,5,1112,0,0,22,61447.72,147048,80,77,0,0
314867,1,5,1117,0,0,22,61447.72,147048,80,77,0,0
314973,1,5,1089,0,0,22,61447.72,147048,80,77,0,0
315084,1,5,1150,2,0,22,61447.72,147048,80,77,0,0
315204,1,6,1250,13,0,22,61447.72,147048,80,77,0,0
315283,1,6,1505,23,0,22,61447.72,147048,80,77,0,0
315435,1,6,1832,30,0,22,61447.72,147048,80,77,0,0
315533,1,6,1896,34,0,22,61448.73,147048,80,77,0,0
315658,1,7,1896,39,0,22,61448.73,147048,80,77,0,0
315773,1,7,1819,41,0,22,61448.73,147048,80,77,0,0
315886,1,7,1731,45,0,22,61448.73,147048,80,77,0,0
315983,1,8,1677,49,0,22,61448.73,147048,80,77,0,0
316123,1,9,1693,55,0,22,61448.73,147048,80,77,0,0
316234,1,10,1696,68,0,22,61449.74,147048,80,77,0,0
316283,1,11,1713,68,0,22,61449.74,147048,80,77,0,0
316469,1,12,1792,76,0,22,61449.74,147048,80,77,0,0
316583,1,13,1955,82,0,22,61449.74,147048,80,77,0,0
316759,1,14,2117,86,0,22,61449.74,147048,80,77,0,0
316873,1,14,2269,90,0,22,61450.82,147048,80,77,0,0
316983,1,16,2336,93,0,22,61450.82,147048,80,77,0,0
317084,1,17,2476,96,0,22,61450.82,147048,80,77,0,0
317203,1,17,2565,102,0,22,61450.82,147048,80,77,0,0
317283,1,18,2688,104,0,22,61450.82,147048,80,77,0,0
317433,1,18,2875,106,0,22,61451.93,147048,80,77,0,0
317558,1,20,2956,106,0,22,61451.93,147048,80,77,0,0
317675,1,21,3122,106,0,22,61451.93,147048,80,77,0,0
317783,1,22,3280,106,0,22,61452.96,147048,80,77,0,0
317890,1,23,3375,106,0,22,61452.96,147048,80,77,0,0
317983,1,24,3498,106,0,22,61452.96,147048,80,77,0,0
318127,1,25,3666,104,0,22,61453.98,147048,80,77,0,0
318233,1,26,3770,79,0,22,61453.98,147048,80,77,0,0
318333,1,26,3794,45,0,22,61453.98,147048,80,78,0,0
318484,1,27,3666,4,0,22,61455.02,147048,80,78,0,0
318584,1,27,3592,0,0,22,61455.02,147048,80,78,0,0
318704,1,27,3479,0,0,22,61455.02,147048,80,78,0,0
318783,1,27,3311,0,0,22,61455.02,147048,80,78,0,0
318933,1,27,3074,0,0,22,61455.02,147048,80,78,0,0
319058,1,27,2945,0,0,22,61455.02,147048,80,78,0,0
319176,1,27,2792,0,0,22,61455.02,147048,80,78,0,0
319283,1,27,2693,6,0,22,61455.02,147048,80,78,0,0
319386,1,27,2629,22,0,22,61455.02,147048,80,78,0,0
319523,1,27,2304,34,0,22,61455.02,147048,79,78,0,0
319623,1,27,2160,57,0,22,61455.02,147048,79,78,0,0
319734,1,28,2159,92,0,22,61455.02,147048,79,78,0,0
319865,1,28,2208,111,0,22,61456.05,147048,79,78,0,0
319973,1,29,2257,130,0,22,61456.05,147048,79,78,0,0
320085,1,29,2298,146,0,22,61456.05,147048,79,78,0,0
320203,1,30,2339,148,0,22,61456.05,147048,79,78,0,0
320283,1,31,2407,148,0,22,61457.11,147048,79,78,0,0
320434,1,31,2495,144,0,22,61457.11,147048,79,78,0,0
320533,1,32,2573,135,0,22,61457.11,147048,79,78,0,0
320658,1,34,2628,121,0,22,61458.17,147048,79,78,0,0
320773,1,35,2708,104,0,22,61458.17,147048,79,78,0,0
320888,1,35,2781,95,0,22,61459.17,147048,79,78,0,0
320983,1,36,2792,89,0,22,61459.17,147048,79,78,0,0
321084,1,37,2828,89,0,22,61459.17,147048,79,78,0,0
321224,1,37,2853,89,0,22,61460.24,147048,79,78,0,0
321283,1,38,2897,89,0,22,61460.24,147048,79,78,0,0
321458,1,38,2964,89,0,22,61460.24,147048,79,78,0,0
321558,1,39,2971,89,0,22,61460.24,147049,79,78,0,0
321683,1,39,3003,89,0,22,61461.35,147049,79,78,0,0
321783,1,40,3028,89,0,22,61461.35,147049,79,78,0,0
321888,1,40,3060,89,0,22,61461.35,147049,79,78,0,0
322023,1,40,3133,88,0,22,61461.35,147049,79,78,0,0
322139,1,41,3110,80,0,22,61462.46,147049,79,78,0,0
322258,1,41,3159,74,0,22,61462.46,147049,79,78,0,0
322283,1,41,3145,74,0,22,61462.46,147049,79,78,0,0
322484,1,42,3180,59,0,22,61462.46,147049,79,78,0,0
322583,1,42,3173,49,0,22,61462.46,147049,79,78,0,0
322705,1,42,3160,41,0,22,61463.52,147049,79,78,0,0
322783,1,42,3191,39,0,22,61463.52,147049,79,78,0,0
322933,1,42,3210,34,0,22,61463.52,147049,79,78,0,0
323033,1,42,3153,34,0,22,61463.52,147049,79,78,0,0
323158,1,42,3185,34,0,22,61463.52,147049,79,78,0,0
323283,1,42,3158,32,0,22,61463.52,147049,79,78,0,0
323383,1,42,3196,29,0,22,61463.52,147049,79,78,0,0
323484,1,42,3196,27,0,22,61463.52,147049,79,78,0,0
323625,1,42,3178,21,0,22,61464.53,147049,79,78,0,0
323733,1,42,3164,16,0,22,61464.53,147049,79,78,0,0
323826,1,41,3144,16,0,22,61464.53,147049,79,78,0,0
323958,1,41,3132,22,0,22,61464.53,147049,79,78,0,0
324083,1,42,3157,42,0,22,61464.53,147049,79,78,0,0
324186,1,42,3262,52,0,22,61464.53,147049,79,78,0,0
324283,1,41,3165,52,0,22,61464.53,147049,79,78,0,0
324425,1,41,3229,52,0,22,61464.53,147049,79,78,0,0
324533,1,42,3169,49,0,22,61465.55,147049,79,78,0,0
324639,1,42,3142,47,0,22,61465.55,147049,79,78,0,0
324758,1,42,3189,46,0,22,61465.55,147049,79,78,0,0
324877,1,42,3176,39,0,22,61465.55,147049,79,78,0,0
324983,1,42,3136,35,0,22,61465.55,147049,79,78,0,0
325083,1,42,3193,33,0,22,61465.55,147049,79,78,0,0
325226,1,42,3186,32,0,22,61465.55,147049,79,78,0,0
325283,1,42,3183,32,0,22,61465.55,147049,79,78,0,0
325454,1,42,3150,39,0,22,61466.55,147049,79,78,0,0
325558,1,42,3184,39,0,22,61466.55,147049,79,78,0,0
325683,1,42,3193,39,0,22,61466.55,147049,79,78,0,0
325783,1,43,3164,40,0,22,61466.55,147049,79,78,0,0
325886,1,43,3160,40,0,22,61466.55,147049,79,78,0,0
325983,1,42,3156,36,0,22,61466.55,147049,79,78,0,0
326125,1,42,3152,38,0,22,61466.55,147049,79,78,0,0
326233,1,41,3144,28,0,22,61467.59,147049,79,78,0,0
326283,1,41,3166,28,0,22,61467.59,147049,79,78,0,0
326476,1,42,3115,3,0,22,61467.59,147049,79,78,0,0
326583,1,42,3119,0,0,22,61467.59,147049,79,78,0,0
326703,1,41,3082,0,0,22,61467.59,147049,79,77,0,0
326783,1,41,3052,0,0,22,61467.59,147049,79,77,0,0
326933,1,40,3053,0,0,22,61467.59,147049,79,77,0,0
327033,1,41,3086,0,0,22,61467.59,147049,79,77,0,0
327158,1,41,3057,0,0,22,61467.59,147049,79,77,0,0
327275,1,40,3012,0,0,22,61467.59,147049,79,77,0,0
327386,1,40,3001,0,6,22,61467.59,147049,79,77,0,0
327484,1,40,2988,0,8,22,61467.59,147049,79,77,0,0
327583,1,39,3005,0,16,22,61467.59,147049,79,77,0,0
327733,1,39,2925,0,18,22,61467.59,147049,79,77,0,0
327783,1,38,2941,0,26,22,61467.59,147049,79,77,0,0
327958,1,38,2892,0,28,22,61467.59,147049,79,77,0,0
328076,1,38,2784,0,34,22,61467.59,147049,79,77,0,0
328186,1,37,2752,0,30,22,61467.59,147049,79,77,0,0
328283,1,37,2720,0,28,22,61467.59,147049,79,77,0,0
328383,1,36,2688,0,28,22,61467.59,147049,79,77,0,0
328525,1,36,2656,0,28,22,61467.59,147049,79,77,0,0
328626,1,35,2656,0,22,22,61467.59,147049,79,77,0,0
328758,1,34,2592,0,18,22,61467.59,147049,79,77,0,0
328826,1,34,2592,0,18,22,61467.59,147049,79,77,0,0
328983,1,34,2560,0,6,22,61467.59,147049,79,77,0,0
329083,1,34,2528,0,6,22,61467.59,147049,79,77,0,0
329203,1,33,2496,0,2,22,61467.59,147049,79,77,0,0
329326,1,32,2464,0,0,22,61467.59,147049,79,77,0,0
329433,1,32,2432,0,0,22,61467.59,147049,79,77,0,0
329558,1,32,2400,0,0,22,61467.59,147049,79,77,0,0
329658,1,32,2400,0,0,22,61467.59,147049,79,77,0,0
329784,1,32,2368,0,0,22,61467.59,147049,79,77,0,0
329886,1,32,2368,0,0,22,61467.59,147049,79,77,0,0
329983,1,31,2336,0,0,22,61467.59,147049,79,77,0,0
330125,1,31,2272,0,0,22,61467.59,147049,79,77,0,0
330233,1,30,2272,0,0,22,61467.59,147049,79,77,0,0
330333,1,30,2272,0,0,22,61467.59,147049,79,77,0,0
330469,1,30,2240,0,0,22,61467.59,147049,79,77,0,0
330583,1,29,2248,0,0,22,61467.59,147049,79,77,0,0
330683,1,29,2211,0,0,22,61468.59,147049,79,77,0,0
330783,1,29,2185,0,0,22,61468.59,147049,79,77,0,0
330925,1,29,2215,0,0,22,61468.59,147049,79,77,0,0
331033,1,29,2200,1,0,22,61468.59,147049,79,77,0,0
331139,1,29,2198,1,0,22,61468.59,147049,79,77,0,0
331258,1,28,2197,1,0,22,61468.59,147049,79,77,0,0
331386,1,28,2165,0,0,22,61468.59,147049,79,77,0,0
331484,1,28,2133,0,0,22,61468.59,147049,79,77,0,0
331583,1,28,2101,0,0,22,61468.59,147049,79,77,0,0
331725,1,28,2133,0,0,22,61468.59,147049,79,77,0,0
331783,1,28,2101,0,0,22,61468.59,147049,79,77,0,0
331957,1,27,2101,0,0,22,61468.59,147049,79,76,0,0
332073,1,27,2067,0,0,22,61468.59,147049,79,76,0,0
332186,1,27,2023,0,8,22,61468.59,147049,79,76,0,0
332283,1,27,2008,0,8,22,61468.59,147049,79,76,0,0
332383,1,26,1994,0,14,22,61468.59,147049,79,76,0,0
332525,1,26,1952,0,8,22,61468.59,147049,79,76,0,0
332639,1,26,1979,0,8,22,61468.59,147049,79,76,0,0
332733,1,26,1920,0,8,22,61468.59,147049,79,76,0,0
332858,1,25,1901,0,6,22,61468.59,147049,79,76,0,0
332983,1,25,1882,0,4,22,61468.59,147049,79,76,0,0
333083,1,25,1870,0,4,22,61468.59,147049,79,76,0,0
333203,1,24,1852,0,4,22,61468.59,147049,79,76,0,0
333323,1,24,1806,0,8,22,61468.59,147049,79,76,0,0
333433,1,24,1848,0,14,22,61469.59,147049,79,76,0,0
333557,1,23,1741,0,10,22,61469.59,147049,79,76,0,0
333658,1,23,1741,0,8,22,61469.59,147049,79,76,0,0
333783,1,23,1696,0,6,22,61469.59,147049,79,76,0,0
333886,1,23,1696,0,8,22,61469.59,147049,79,76,0,0
333983,1,21,1664,0,8,22,61469.59,147049,79,76,0,0
334125,1,22,1632,0,8,22,61469.59,147049,79,76,0,0
334233,1,22,1600,0,18,22,61469.59,147049,79,76,0,0
334323,1,21,1568,0,12,22,61469.59,147049,79,76,0,0
334469,1,21,1568,0,12,22,61469.59,147049,79,76,0,0
334583,1,21,1536,0,24,22,61469.59,147049,79,76,0,0
334683,1,20,1504,0,30,22,61469.59,147049,79,76,0,0
334783,1,20,1472,0,38,22,61469.59,147049,79,76,0,0
334925,1,19,1408,0,56,22,61469.59,147049,79,76,0,0
335034,1,19,1344,0,56,22,61469.59,147049,79,76,0,0
335138,1,18,1299,0,56,22,61469.59,147049,79,76,0,0
335258,1,17,1310,0,90,22,61469.59,147049,79,76,0,0
335375,1,17,1297,0,96,22,61469.59,147049,79,76,0,0
335483,1,16,1257,0,94,22,61469.59,147049,79,76,0,0
335583,1,15,1251,0,92,22,61469.59,147049,79,76,0,0
335725,1,14,1219,0,90,22,61469.59,147049,79,76,0,0
335783,1,13,1219,0,94,22,61469.59,147049,79,76,0,0
335953,1,12,1187,0,94,22,61469.59,147049,79,76,0,0
336058,1,11,1188,0,90,22,61469.59,147049,79,76,0,0
336183,1,10,1188,0,88,22,61469.59,147049,79,76,0,0
336283,1,9,1155,0,92,22,61469.59,147049,79,76,0,0
336386,1,9,1155,0,92,22,61469.59,147049,79,76,0,0
336525,1,8,1155,0,88,22,61469.59,147049,79,76,0,0
336638,1,7,1123,0,80,22,61469.59,147049,79,76,0,0
336733,1,6,1123,0,74,22,61469.59,147049,79,76,0,0
336858,1,5,1123,0,62,22,61469.59,147049,79,76,0,0
336983,1,4,1091,0,42,22,61469.59,147049,79,76,0,0
337083,1,4,1091,0,38,22,61469.59,147049,79,76,0,0
337203,1,3,1059,0,38,22,61469.59,147049,79,76,0,0
337283,1,3,1059,0,38,22,61469.59,147049,79,76,0,0
337433,1,3,994,0,36,22,61469.59,147049,79,76,0,0
337533,1,0,962,0,36,22,61469.59,147049,79,76,0,0
337658,1,0,929,0,34,22,61469.59,147049,79,76,0,0
337776,1,0,891,0,16,22,61469.59,147049,79,76,0,0
337886,1,0,891,0,10,22,61469.59,147049,79,76,0,0
337983,1,0,859,0,10,22,61469.59,147049,79,76,0,0
338083,1,0,858,0,8,22,61469.59,147049,79,76,0,0
338233,1,0,858,0,0,22,61470.59,147049,79,76,0,0
338326,1,0,857,0,0,22,61470.59,147049,79,76,0,0
338468,1,0,856,0,0,22,61470.59,147049,79,76,0,1
338575,1,0,856,0,0,22,61470.59,147049,79,76,0,1
338683,1,0,855,0,0,22,61470.59,147049,79,76,0,1
338783,1,0,860,0,0,22,61470.59,147049,79,76,0,1
338883,1,0,907,0,0,22,61470.59,147049,79,76,0,1
339033,1,0,1105,0,0,22,61470.59,147049,79,76,0,1
339139,1,0,1288,0,0,22,61470.59,147049,79,76,0,1
339259,1,0,1281,0,0,22,61470.59,147049,79,76,0,1
339375,1,0,1189,0,0,22,61470.59,147049,79,76,0,1
339483,1,0,1131,0,0,22,61470.59,147049,79,76,0,1
339583,1,0,1124,0,0,22,61470.59,147049,79,76,0,1
339703,1,0,1146,0,0,22,61470.59,147049,79,76,0,1
339783,1,0,1122,0,0,22,61470.59,147049,79,76,0,1
339933,1,0,1147,0,0,22,61471.61,147049,79,76,0,1
340059,1,3,1117,0,0,22,61471.61,147049,79,76,0,1
340175,1,3,1110,0,0,22,61471.61,147049,79,76,0,1
340283,1,4,1136,0,0,22,61471.61,147049,79,76,0,1
340386,1,4,1208,0,0,22,61471.61,147049,79,76,0,1
340483,1,4,1219,0,0,22,61471.61,147049,79,76,0,1
340583,1,4,1267,0,0,22,61471.61,147049,79,76,0,1
340733,1,4,1220,0,0,22,61471.61,147049,79,76,0,1
340783,1,4,1241,0,0,22,61471.61,147049,79,76,0,1
340958,1,4,1165,0,0,22,61471.61,147049,79,76,0,1
341083,1,4,1088,0,0,22,61471.61,147049,79,76,0,1
341184,1,4,1085,0,0,22,61471.61,147049,79,76,0,1
341283,1,4,1051,0,0,22,61471.61,147049,79,76,0,1
341425,1,4,984,0,14,22,61471.61,147049,79,76,0,1
341533,1,4,983,0,14,22,61471.61,147049,79,76,0,1
341657,1,4,985,0,22,22,61471.61,147049,79,76,0,1
341758,1,4,991,0,20,22,61471.61,147049,79,76,0,1
341883,1,4,961,0,18,22,61472.62,147049,79,76,0,1
341983,1,4,933,0,12,22,61472.62,147049,79,76,0,1
342083,1,4,932,0,8,22,61472.62,147049,79,76,0,1
342225,1,4,932,0,6,22,61472.62,147049,79,76,0,1
342325,1,4,932,0,8,22,61472.62,147049,79,76,0,1
342458,1,4,899,0,8,22,61472.62,147049,79,76,0,1
342558,1,3,897,0,8,22,61472.62,147049,79,76,0,1
342683,1,3,896,0,8,22,61472.62,147049,79,76,0,1
342783,1,3,903,0,10,22,61472.62,147049,79,76,0,1
342883,1,3,903,0,12,22,61472.62,147049,79,76,0,1
343025,1,3,919,0,12,22,61472.62,147049,79,76,0,1
343138,1,3,922,0,12,22,61472.62,147049,79,76,0,1
343233,1,3,890,0,10,22,61472.62,147049,79,76,0,1
343363,1,3,887,0,10,22,61472.62,147049,79,76,0,1
343476,1,3,875,0,10,22,61472.62,147049,79,76,0,1
343583,1,3,839,0,2,22,61472.62,147049,79,76,0,1
343703,1,3,867,0,2,22,61472.62,147049,79,76,0,1
343822,1,3,936,0,4,22,61472.62,147049,79,76,0,1
343933,1,3,1025,0,4,22,61472.62,147049,79,76,0,1
344033,1,3,1042,0,4,22,61472.62,147049,79,76,0,1
344157,1,3,1035,0,6,22,61472.62,147049,79,76,0,1
344275,1,3,1024,0,6,22,61472.62,147049,79,76,0,1
344388,1,3,1024,0,6,22,61472.62,147049,79,76,0,1
344483,1,3,1026,0,8,22,61473.63,147049,79,76,0,1
344583,1,2,992,0,10,22,61473.63,147049,79,76,0,1
344732,1,2,954,0,18,22,61473.63,147049,79,76,0,1
344833,1,2,905,0,24,22,61473.63,147049,79,76,0,1
344957,1,0,927,0,38,22,61473.63,147049,79,76,0,1
345079,1,0,833,0,42,22,61473.63,147049,79,76,0,1
345183,1,0,893,0,58,22,61473.63,147049,79,76,0,1
345283,1,0,859,0,56,22,61473.63,147049,79,76,0,0
345386,1,0,858,0,32,22,61473.63,147049,79,76,0,0
345532,1,0,859,0,26,22,61473.63,147049,79,76,0,0
345638,1,0,859,0,28,22,61473.63,147049,79,76,0,0
345757,1,0,857,0,28,22,61473.63,147049,79,76,0,0
345875,1,0,857,0,22,22,61473.63,147049,79,76,0,0
345983,1,0,859,0,22,22,61473.63,147049,79,76,0,0
346083,1,0,859,0,22,22,61473.63,147049,79,76,0,0
346202,1,0,859,0,0,22,61473.63,147049,79,76,0,0
346332,1,0,891,0,0,22,61473.63,147049,79,76,0,0
346432,1,0,901,0,0,22,61473.63,147049,79,76,0,0
346559,1,0,1029,0,0,22,61473.63,147049,79,76,0,0
346675,1,0,1307,0,0,22,61473.63,147049,79,76,0,0
346783,1,0,1296,0,0,22,61473.63,147049,79,76,0,0
346883,1,0,1289,1,0,22,61474.67,147049,79,76,0,0
346983,1,0,1292,3,0,22,61474.67,147049,79,76,0,0
347126,1,0,1417,3,0,22,61474.67,147049,79,76,0,0
347232,1,0,1449,3,0,22,61474.67,147049,79,76,0,0
347360,1,0,1421,3,0,22,61474.67,147049,79,76,0,0
347475,1,3,1355,3,0,22,61474.67,147049,79,76,0,0
347583,1,4,1336,3,0,22,61474.67,147049,79,76,0,0
347702,1,5,1325,2,0,22,61475.68,147049,79,76,0,0
347782,1,5,1224,0,0,22,61475.68,147049,79,76,0,0
347925,1,6,994,0,0,22,61475.68,147049,79,76,0,0
348032,1,7,1074,0,0,22,61475.68,147049,79,76,0,0
348138,1,7,1213,0,0,22,61475.68,147049,79,76,0,0
348257,1,8,1206,0,0,22,61475.68,147049,79,76,0,0
348382,1,8,1181,0,0,22,61475.68,147049,79,76,0,0
348483,1,8,1162,0,0,22,61475.68,147049,79,76,0,0
348583,1,8,1156,0,0,22,61475.68,147049,79,76,0,0
348725,1,8,1149,0,0,22,61475.68,147049,79,76,0,0
348825,1,8,1104,0,0,22,61475.68,147049,79,76,0,0
348952,1,8,1093,0,0,22,61475.68,147049,79,76,0,0
349057,1,8,1118,0,0,22,61476.70,147049,79,76,0,0
349183,1,7,1111,0,0,22,61476.70,147049,79,76,0,0
349282,1,8,1074,0,0,22,61476.70,147049,79,76,0,0
349383,1,8,1074,0,0,22,61476.70,147049,79,76,0,0
349483,1,7,1053,0,0,22,61476.70,147049,79,76,0,0
349625,1,7,1026,0,0,22,61476.70,147049,79,76,0,0
349732,1,7,1028,0,0,22,61476.70,147049,79,76,0,0
349783,1,7,995,0,0,22,61476.70,147049,79,76,0,0
349975,1,7,992,0,0,22,61476.70,147049,79,76,0,0
350083,1,7,964,0,0,22,61476.70,147049,79,76,0,0
350202,1,7,994,0,0,22,61476.70,147049,79,76,0,0
350282,1,7,994,0,0,22,61476.70,147049,79,76,0,0
350432,1,7,996,0,0,22,61476.70,147049,79,76,0,0
350532,1,7,1022,0,0,22,61476.70,147049,79,76,0,0
350657,1,7,1015,0,44,22,61476.70,147049,79,76,0,0
350775,1,7,1000,0,24,22,61476.70,147049,79,76,0,0
350885,1,7,996,0,36,22,61476.70,147049,79,76,0,0
350983,1,6,995,0,70,22,61476.70,147049,79,76,0,0
351083,1,6,995,0,72,22,61476.70,147049,79,76,0,0
351232,1,5,995,0,24,22,61476.70,147049,79,76,0,0
351283,1,5,994,0,12,22,61476.70,147049,79,76,0,0
351457,1,5,993,0,24,22,61477.71,147049,79,76,0,0
351575,1,4,990,0,42,22,61477.71,147049,79,76,0,0
351684,1,4,990,0,48,22,61477.71,147049,79,76,0,0
351783,1,4,989,0,52,22,61477.71,147049,79,76,0,0
351883,1,3,987,0,52,22,61477.71,147049,79,76,0,0
352025,1,3,953,0,48,22,61477.71,147049,79,76,0,0
352138,1,0,953,0,50,22,61477.71,147049,79,76,0,0
352258,1,0,920,0,48,22,61477.71,147049,79,76,0,0
352357,1,0,886,0,44,22,61477.71,147049,79,76,0,0
352483,1,0,851,0,42,22,61477.71,147049,79,76,0,0
352583,1,0,850,0,34,22,61477.71,147049,79,76,0,0
352702,1,0,851,0,32,22,61477.71,147049,79,76,0,0
352825,1,0,852,0,32,22,61477.71,147049,79,76,0,0
352932,1,0,820,0,32,22,61477.71,147049,79,76,0,0
353057,1,0,852,0,26,22,61477.71,147049,79,76,0,0
353157,1,0,852,0,36,22,61477.71,147049,79,76,0,0
353282,1,0,852,0,60,22,61477.71,147049,79,76,0,0
353383,1,0,852,0,70,22,61477.71,147049,79,76,0,0
353483,1,0,852,0,70,22,61477.71,147049,79,76,0,0
353625,1,0,852,0,70,22,61477.71,147049,79,76,0,0
353732,1,0,852,0,78,22,61477.71,147049,79,76,0,0
353825,1,0,852,0,104,22,61477.71,147049,79,76,0,0
353957,1,0,852,0,134,22,61477.71,147049,79,76,0,0
354082,1,0,853,0,198,22,61477.71,147049,79,76,0,0
354182,1,0,855,0,230,22,61477.71,147049,79,76,0,0
354283,1,0,854,0,248,22,61477.71,147049,79,76,0,0
354425,1,0,855,0,252,22,61477.71,147049,79,76,0,0
354533,1,0,855,0,252,22,61477.71,147049,79,76,0,0
354638,1,0,855,0,252,22,61477.71,147049,79,76,0,0
354757,1,0,855,0,252,22,61477.71,147049,79,76,0,0
354882,1,0,853,0,144,22,61477.71,147049,79,76,0,0
354982,1,0,852,0,82,22,61477.71,147049,79,76,0,0
355082,1,0,852,0,22,22,61477.71,147049,79,76,0,0
355202,1,0,853,0,10,22,61477.71,147049,79,76,0,0
355282,1,0,853,0,16,22,61477.71,147049,79,76,0,0
355454,1,0,853,0,16,22,61478.72,147049,79,76,0,0
355557,1,0,853,0,0,22,61478.72,147049,79,76,0,0
355682,1,0,852,0,0,22,61478.72,147049,79,76,0,0
355782,1,0,853,0,0,22,61478.72,147049,79,76,0,0
355892,1,0,853,0,0,22,61478.72,147049,79,76,0,0
356025,1,0,852,0,0,22,61478.72,147049,79,76,0,0
356138,1,0,852,0,0,22,61478.72,147049,79,76,0,0
356232,1,0,852,0,0,22,61478.72,147049,79,76,0,0
356357,1,0,851,0,0,22,61478.72,147049,79,76,0,0
356483,1,0,788,0,0,22,61478.72,147049,79,76,0,0
356582,1,0,817,0,0,22,61478.72,147049,79,77,0,0
356702,1,0,857,0,0,22,61478.72,147049,79,77,0,0
356825,1,0,857,0,0,22,61478.72,147049,79,77,0,0
356933,1,0,853,0,0,22,61478.72,147049,79,77,0,0
357057,1,0,852,0,0,22,61478.72,147049,79,77,0,0
357157,1,0,852,0,0,22,61478.72,147049,79,77,0,0
357282,1,0,850,0,0,22,61478.72,147049,79,77,0,0
357382,1,0,849,0,0,22,61478.72,147049,79,77,0,0
357483,1,0,849,0,0,22,61478.72,147049,79,77,0,0
357625,1,0,849,0,0,22,61478.72,147049,79,77,0,0
357822,1,0,817,0,0,22,61478.72,147049,79,77,0,0
357933,1,0,817,0,0,22,61478.72,147049,79,77,0,0
358057,1,0,817,0,0,22,61478.72,147049,79,77,0,0
358175,1,0,852,0,0,22,61478.72,147049,79,77,0,0
358282,1,0,853,0,0,22,61478.72,147049,79,77,0,0
358382,1,0,852,0,0,22,61478.72,147049,79,77,0,0
358483,1,0,851,0,0,22,61478.72,147049,79,77,0,0
358625,1,0,851,0,0,22,61478.72,147049,79,77,0,0
358732,1,0,851,0,0,22,61478.72,147049,79,77,0,0
358782,1,0,850,0,0,22,61478.72,147049,79,77,0,0
358975,1,0,849,0,0,22,61478.72,147049,79,77,0,0
359082,1,0,849,0,0,22,61478.72,147049,79,77,0,0
359202,1,0,849,0,0,22,61478.72,147049,79,77,0,0
359282,1,0,849,0,0,22,61478.72,147049,79,77,0,0
359433,1,0,849,0,0,22,61478.72,147049,79,77,0,0
359532,1,0,849,0,0,22,61479.73,147049,79,77,0,0
359657,1,0,848,0,0,22,61479.73,147049,79,77,0,0
359775,1,0,848,0,0,22,61479.73,147049,79,77,0,0
359885,1,0,848,0,0,22,61479.73,147049,79,77,0,0
359992,1,0,848,0,0,22,61479.73,147049,79,77,0,0
360082,1,0,848,0,0,22,61479.73,147049,79,77,0,0
360232,1,0,849,0,0,22,61479.73,147049,79,77,0,0
360282,1,0,848,0,0,22,61479.73,147049,79,77,0,0
360457,1,0,848,0,0,22,61479.73,147049,79,77,0,0
360575,1,0,848,0,0,22,61479.73,147049,79,77,0,0
360682,1,0,848,0,0,22,61479.73,147049,79,77,0,0
360782,1,0,849,0,0,22,61479.73,147049,79,77,0,0
360889,1,0,849,0,0,22,61479.73,147049,79,77,0,0
361032,1,0,850,0,0,22,61479.73,147049,79,77,0,0
361138,1,0,850,0,0,22,61479.73,147049,79,77,0,0
361257,1,0,850,0,0,22,61479.73,147049,79,77,0,0
361376,1,0,850,0,0,22,61479.73,147049,79,77,0,0
361482,1,0,850,0,0,22,61479.73,147049,79,77,0,0
361582,1,0,850,0,0,22,61479.73,147049,79,77,0,0
361702,1,0,851,0,0,22,61479.73,147049,79,77,0,0
361825,1,0,851,0,0,22,61479.73,147049,79,77,0,0
361933,1,0,851,0,0,22,61479.73,147049,79,77,0,0
362057,1,0,851,0,0,22,61479.73,147049,79,77,0,0
362175,1,0,851,0,0,22,61479.73,147049,79,77,0,0
362282,1,0,851,0,0,22,61479.73,147049,79,77,0,0
362382,1,0,851,0,0,22,61479.73,147049,79,77,0,0
362483,1,0,851,0,0,22,61479.73,147049,79,77,0,0
362625,1,0,851,0,0,22,61479.73,147049,79,77,0,0
362732,1,0,851,0,0,22,61479.73,147049,79,77,0,0
362862,1,0,851,0,0,22,61479.73,147049,79,77,0,0
362975,1,0,852,0,0,22,61479.73,147049,79,77,0,0
363082,1,0,851,0,0,22,61479.73,147049,79,77,0,0
363202,1,0,852,0,0,22,61479.73,147049,79,77,0,0
363282,1,0,852,0,0,22,61479.73,147049,79,77,0,0
363433,1,0,852,0,0,22,61479.73,147049,79,77,0,0
363532,1,0,852,0,0,22,61479.73,147049,79,77,0,0
363657,1,0,852,0,0,22,61479.73,147049,79,77,0,0
363775,1,0,852,0,0,22,61479.73,147049,79,77,0,0
363882,1,0,852,0,0,22,61480.74,147049,79,77,0,0
363982,1,0,852,0,0,22,61480.74,147049,79,77,0,0
364082,1,0,852,0,0,22,61480.74,147049,79,77,0,0
364232,1,0,852,0,0,22,61480.74,147049,79,77,0,0
364332,1,0,852,0,0,22,61480.74,147049,79,77,0,0
364457,1,0,852,0,0,22,61480.74,147049,79,77,0,0
364575,1,0,853,0,0,22,61480.74,147049,79,77,0,0
364682,1,0,852,0,0,22,61480.74,147049,79,77,0,0
364782,1,0,853,0,0,22,61480.74,147049,79,77,0,0
364882,1,0,853,0,0,22,61480.74,147049,79,77,0,0
365032,1,0,852,0,0,22,61480.74,147049,79,77,0,0
365138,1,0,852,0,0,22,61480.74,147049,79,77,0,0
365257,1,0,852,0,0,22,61480.74,147049,79,77,0,0
365332,1,0,851,0,0,22,61480.74,147049,79,77,0,0
365483,1,0,851,0,0,22,61480.74,147049,79,77,0,0
365582,1,0,852,0,0,22,61480.74,147049,79,77,0,0
365702,1,0,851,0,0,22,61480.74,147049,79,77,0,0
365825,1,0,851,0,0,22,61480.74,147049,79,77,0,0
365951,1,0,851,0,0,22,61480.74,147049,79,77,0,0
366057,1,0,852,0,0,22,61480.74,147049,79,77,0,0
366176,1,0,853,0,0,22,61480.74,147049,79,77,0,0
366275,1,0,853,0,0,22,61480.74,147049,79,77,0,0
366383,1,0,853,0,0,22,61480.74,147049,79,77,0,0
366482,1,0,853,0,0,22,61480.74,147049,79,77,0,0
366625,1,0,853,0,0,22,61480.74,147049,79,77,0,0
366732,1,0,853,0,0,22,61480.74,147049,79,77,0,0
366860,1,0,853,0,0,22,61480.74,147049,79,77,0,0
366975,1,0,853,0,0,22,61480.74,147049,79,77,0,0
367083,1,0,853,0,0,22,61480.74,147049,79,77,0,0
367202,1,0,853,0,0,22,61480.74,147049,79,77,0,0
367282,1,0,853,0,0,22,61480.74,147049,79,77,0,0
367432,1,0,853,0,0,22,61480.74,147049,79,77,0,0
367532,1,0,854,0,0,22,61480.74,147049,79,77,0,0
367657,1,0,854,0,0,22,61480.74,147049,79,77,0,0
367775,1,0,854,0,0,22,61481.75,147049,79,77,0,0
367885,1,0,855,0,0,22,61481.75,147049,79,77,0,0
367982,1,0,854,0,0,22,61481.75,147049,79,77,0,0
368083,1,0,854,0,0,22,61481.75,147049,79,77,0,0
368232,1,0,854,0,0,22,61481.75,147049,79,78,0,0
368325,1,0,856,0,0,22,61481.75,147049,79,78,0,0
368458,1,0,855,0,0,22,61481.75,147049,79,78,0,0
368575,1,0,856,0,0,22,61481.75,147049,79,78,0,0
368682,1,0,855,0,0,22,61481.75,147049,79,78,0,0
368782,1,0,856,0,0,22,61481.75,147049,79,78,0,0
368883,1,0,855,0,0,22,61481.75,147049,79,78,0,0
369032,1,0,856,0,0,22,61481.75,147049,79,78,0,0
369141,1,0,855,0,0,22,61481.75,147049,79,78,0,0
369257,1,0,855,0,0,22,61481.75,147049,79,78,0,0
369375,1,0,855,0,0,22,61481.75,147049,79,78,0,0
369482,1,0,855,0,0,22,61481.75,147049,79,78,0,0
369582,1,0,855,0,0,22,61481.75,147049,79,78,0,0
369702,1,0,856,0,0,22,61481.75,147049,79,78,0,0
369782,1,0,856,0,0,22,61481.75,147049,79,78,0,0
369932,1,0,856,0,0,22,61481.75,147049,79,78,0,0
370057,1,0,856,0,0,22,61481.75,147049,79,78,0,0
370175,1,0,856,0,0,22,61481.75,147049,79,78,0,0
370282,1,0,856,0,0,22,61481.75,147049,79,78,0,0
370383,1,0,856,0,0,22,61481.75,147049,79,78,0,0
370483,1,0,856,0,0,22,61481.75,147049,79,78,0,0
370625,1,0,856,0,0,22,61481.75,147049,79,78,0,0
370732,1,0,856,0,0,22,61481.75,147049,79,78,0,0
370858,1,0,857,0,0,22,61481.75,147049,79,77,0,0
370975,1,0,856,0,0,22,61481.75,147049,79,77,0,0
371083,1,0,856,0,0,22,61481.75,147049,79,77,0,0
371202,1,0,856,0,0,22,61481.75,147049,79,77,0,0
371283,1,0,856,0,0,22,61481.75,147049,79,77,0,0
371432,1,0,856,0,0,22,61482.75,147049,79,77,0,0
371532,1,0,856,0,0,22,61482.75,147049,79,77,0,0
371656,1,0,856,0,0,22,61482.75,147049,79,77,0,0
371775,1,0,856,0,0,22,61482.75,147049,79,77,0,0
371883,1,0,856,0,0,22,61482.75,147049,79,77,0,0
371982,1,0,857,0,0,22,61482.75,147049,79,77,0,0
372083,1,0,857,0,0,22,61482.75,147049,79,77,0,0
372232,1,0,857,0,0,22,61482.75,147049,79,77,0,0
372331,1,0,856,0,0,22,61482.75,147049,79,77,0,0
372457,1,0,857,0,0,22,61482.75,147049,79,77,0,0
372575,1,0,857,0,0,22,61482.75,147049,79,77,0,0
372682,1,0,857,0,0,22,61482.75,147049,79,77,0,0
372782,1,0,857,0,0,22,61482.75,147049,79,77,0,0
372883,1,0,857,0,0,22,61482.75,147049,79,77,0,0
373032,1,0,857,0,0,22,61482.75,147049,79,77,0,0
373137,1,0,857,0,0,22,61482.75,147049,79,77,0,0
373256,1,0,857,0,0,22,61482.75,147049,79,77,0,0
373375,1,0,857,0,0,22,61482.75,147049,79,77,0,0
373483,1,0,857,0,0,22,61482.75,147049,79,77,0,0
373583,1,0,858,0,0,22,61482.75,147049,79,77,0,0
373724,1,0,858,0,0,22,61482.75,147049,79,77,0,0
373782,1,0,857,0,0,22,61482.75,147049,79,77,0,0
373952,1,0,858,0,0,22,61482.75,147049,79,77,0,0
374056,1,0,857,0,0,22,61482.75,147049,79,77,0,0
374182,1,0,857,0,0,22,61482.75,147049,79,77,0,0
374283,1,0,857,0,0,22,61482.75,147049,79,77,0,0
374382,1,0,857,0,0,22,61482.75,147049,79,77,0,0
374525,1,0,856,0,0,22,61482.75,147049,79,77,0,0
374637,1,0,856,0,0,22,61482.75,147049,79,77,0,0
374731,1,0,856,0,0,22,61482.75,147049,79,77,0,0
374856,1,0,856,0,0,22,61482.75,147049,79,77,0,0
374982,1,0,857,0,0,22,61482.75,147049,79,77,0,0
375083,1,0,857,0,0,22,61483.76,147049,79,77,0,0
375202,1,0,858,0,0,22,61483.76,147049,79,77,0,0
375325,1,0,857,0,0,22,61483.76,147049,79,77,0,0
375431,1,0,857,0,0,22,61483.76,147049,79,77,0,0
375556,1,0,857,0,0,22,61483.76,147049,79,77,0,0
375656,1,0,857,0,0,22,61483.76,147049,79,77,0,0
375782,1,0,857,0,0,22,61483.76,147049,79,77,0,0
375883,1,0,857,0,0,22,61483.76,147049,79,77,0,0
375982,1,0,857,0,0,22,61483.76,147049,79,77,0,0
376125,1,0,857,0,0,22,61483.76,147049,79,77,0,0
376231,1,0,858,0,0,22,61483.76,147049,79,77,0,0
376325,1,0,858,0,0,22,61483.76,147049,79,77,0,0
376467,1,0,857,0,0,22,61483.76,147049,79,77,0,0
376583,1,0,857,0,0,22,61483.76,147049,79,77,0,0
376701,1,0,856,0,0,22,61483.76,147049,79,77,0,0
376783,1,0,856,0,0,22,61483.76,147049,79,77,0,0
376925,1,0,856,0,0,22,61483.76,147049,79,77,0,0
377031,1,0,855,0,0,22,61483.76,147049,79,77,0,0
377156,1,0,855,0,0,22,61483.76,147049,79,77,0,0
377256,1,0,855,0,0,22,61483.76,147049,79,77,0,0
377375,1,0,855,0,0,22,61483.76,147049,79,77,0,0
377484,1,0,855,0,0,22,61483.76,147049,79,77,0,0
377583,1,0,855,0,0,22,61483.76,147049,79,77,0,0
377725,1,0,856,0,0,22,61483.76,147049,79,77,0,0
377831,1,0,856,0,0,22,61483.76,147049,79,77,0,0
377956,1,0,857,0,0,22,61483.76,147049,79,77,0,0
378075,1,0,857,0,0,22,61483.76,147049,79,77,0,0
378184,1,0,858,0,0,22,61483.76,147049,79,77,0,0
378284,1,0,857,0,0,22,61483.76,147049,79,77,0,0
378385,1,0,857,0,0,22,61483.76,147049,79,77,0,0
378531,1,0,857,0,0,22,61483.76,147049,79,77,0,0
378583,1,0,857,0,0,22,61483.76,147049,79,77,0,0
378756,1,0,859,0,0,22,61484.76,147049,79,77,0,0
378783,1,0,858,0,0,22,61484.76,147049,79,77,0,0
378982,1,0,858,0,0,22,61484.76,147049,79,77,0,0
379083,1,0,859,0,0,22,61484.76,147049,79,77,0,0
379201,1,0,858,0,0,22,61484.76,147049,79,77,0,0
379325,1,0,858,0,0,22,61484.76,147049,79,77,0,0
379431,1,0,857,0,0,22,61484.76,147049,79,77,0,0
379557,1,0,857,0,0,22,61484.76,147049,79,77,0,0
379675,1,0,856,0,0,22,61484.76,147049,79,77,0,0
379783,1,0,856,0,0,22,61484.76,147049,79,77,0,0
379883,1,0,856,0,0,22,61484.76,147049,79,77,0,0
379983,1,0,856,0,0,22,61484.76,147049,79,77,0,0
380125,1,0,856,0,0,22,61484.76,147049,79,77,0,0
380231,1,0,856,0,0,22,61484.76,147049,79,77,0,0
380281,1,0,856,0,0,22,61484.76,147049,79,77,0,0
380476,1,0,856,0,0,22,61484.76,147049,79,77,0,0
380583,1,0,856,0,0,22,61484.76,147049,79,77,0,0
380701,1,0,856,0,0,22,61484.76,147049,79,77,0,0
380783,1,0,856,0,0,22,61484.76,147049,79,77,0,0
380931,1,0,856,0,0,22,61484.76,147049,79,77,0,0
381031,1,0,824,0,0,22,61484.76,147049,79,77,0,0
381159,1,0,856,0,0,22,61484.76,147049,79,77,0,0
381256,1,0,857,0,0,22,61484.76,147049,79,77,0,0
381383,1,0,856,0,0,22,61484.76,147049,79,77,0,0
381481,1,0,856,0,0,22,61484.76,147049,79,77,0,0
381583,1,0,856,0,0,22,61484.76,147049,79,77,0,0
381731,1,0,856,0,0,22,61484.76,147049,79,77,0,0
381831,1,0,857,0,0,22,61484.76,147049,79,77,0,0
381956,1,0,857,0,0,22,61484.76,147049,79,77,0,0
382076,1,0,859,0,0,22,61484.76,147049,79,77,0,0
382183,1,0,858,0,0,22,61484.76,147049,79,77,0,0
382281,1,0,859,0,0,22,61484.76,147049,79,77,0,0
382388,1,0,859,0,0,22,61484.76,147049,79,77,0,0
382531,1,0,827,0,0,22,61485.76,147049,79,77,0,0
382637,1,0,859,0,0,22,61485.76,147049,79,77,0,0
382756,1,0,859,0,0,22,61485.76,147049,79,77,0,0
382876,1,0,859,0,0,22,61485.76,147049,79,77,0,0
382983,1,0,861,0,0,22,61485.76,147049,79,77,0,0
383083,1,0,861,0,0,22,61485.76,147049,79,77,0,0
383201,1,0,861,0,0,22,61485.76,147049,79,77,0,0
383325,1,0,861,0,0,22,61485.76,147049,79,77,0,0
383431,1,0,861,0,0,22,61485.76,147049,79,77,0,0
383556,1,0,860,0,0,22,61485.76,147049,79,77,0,0
383675,1,0,859,0,0,22,61485.76,147049,79,77,0,0
383781,1,0,859,0,0,22,61485.76,147049,79,77,0,0
383883,1,0,859,0,0,22,61485.76,147049,79,77,0,0
383983,1,0,859,0,0,22,61485.76,147049,79,77,0,0
384125,1,0,859,0,0,22,61485.76,147049,79,77,0,0
384231,1,0,859,0,0,22,61485.76,147049,79,77,0,0
384331,1,0,859,0,0,22,61485.76,147049,79,77,0,0
384475,1,0,859,0,0,22,61485.76,147049,79,77,0,0
384593,1,0,859,0,0,22,61485.76,147049,79,77,0,0
384701,1,0,859,0,0,22,61485.76,147049,79,77,0,0
384821,1,0,859,0,0,22,61485.76,147049,79,77,0,0
384931,1,0,859,0,0,22,61485.76,147049,79,77,0,0
385031,1,0,859,0,0,22,61485.76,147049,79,77,0,0
385156,1,0,859,0,0,22,61485.76,147049,79,77,0,0
385276,1,0,860,0,0,22,61485.76,147049,79,77,0,0
385383,1,0,860,0,0,22,61485.76,147049,79,77,0,0
385481,1,0,860,0,0,22,61485.76,147049,79,77,0,0
385582,1,0,860,0,0,22,61485.76,147049,79,77,0,0
385731,1,0,860,0,0,22,61485.76,147049,79,77,0,0
385825,1,0,860,0,0,22,61485.76,147049,79,77,0,0
385956,1,0,860,0,0,22,61485.76,147049,79,77,0,0
386075,1,0,859,0,0,22,61486.77,147049,79,77,0,0
386183,1,0,860,0,0,22,61486.77,147049,79,77,0,0
386281,1,0,859,0,0,22,61486.77,147049,79,77,0,0
386386,1,0,859,0,0,22,61486.77,147049,79,77,0,0
386532,1,0,859,0,0,22,61486.77,147049,79,77,0,0
386634,1,0,859,0,0,22,61486.77,147049,79,77,0,0
386756,1,0,857,0,0,22,61486.77,147049,79,77,0,0
386876,1,0,857,0,0,22,61486.77,147049,79,77,0,0
386981,1,0,857,0,0,22,61486.77,147049,79,77,0,0
387081,1,0,857,0,0,22,61486.77,147049,79,77,0,0
387201,1,0,857,0,0,22,61486.77,147049,79,77,0,0
387321,1,0,856,0,0,22,61486.77,147049,79,77,0,0
387452,1,0,856,0,0,22,61486.77,147049,79,77,0,0
387556,1,0,857,0,0,22,61486.77,147049,79,77,0,0
387681,1,0,856,0,0,22,61486.77,147049,79,77,0,0
387782,1,0,856,0,0,22,61486.77,147049,79,77,0,0
387881,1,0,857,0,0,22,61486.77,147049,79,77,0,0
388026,1,0,857,0,0,22,61486.77,147049,79,77,0,0
388137,1,0,857,0,0,22,61486.77,147049,79,77,0,0
388234,1,0,857,0,0,22,61486.77,147049,79,77,0,0
388359,1,0,857,0,0,22,61486.77,147049,79,77,0,0
388482,1,0,857,0,0,22,61486.77,147049,79,76,0,0
388581,1,0,857,0,0,22,61486.77,147049,79,76,0,0
388701,1,0,857,0,0,22,61486.77,147049,79,76,0,0
388783,1,0,857,0,0,22,61486.77,147049,79,76,0,0
388931,1,0,857,0,0,22,61486.77,147049,79,76,0,0
389056,1,0,856,0,0,22,61486.77,147049,79,76,0,0
389156,1,0,856,0,0,22,61486.77,147049,79,76,0,0
389282,1,0,856,0,0,22,61486.77,147049,79,76,0,0
389381,1,0,854,0,0,22,61486.77,147049,79,76,0,0
389481,1,0,854,0,0,22,61486.77,147049,79,76,0,0
389625,1,0,855,0,0,22,61487.78,147049,79,76,0,0
389734,1,0,854,0,0,22,61487.78,147049,79,76,0,0
389826,1,0,853,0,0,22,61487.78,147049,79,76,0,0
389956,1,0,854,0,0,22,61487.78,147049,79,76,0,0
390083,1,0,853,0,0,22,61487.78,147049,79,76,0,0
390201,1,0,854,0,0,22,61487.78,147049,79,76,0,0
390282,1,0,853,0,0,22,61487.78,147049,79,76,0,0
390425,1,0,853,0,0,22,61487.78,147049,79,76,0,0
390534,1,0,853,0,0,22,61487.78,147049,79,76,0,0
390656,1,0,853,0,0,22,61487.78,147049,79,76,0,0
390756,1,0,853,0,0,22,61487.78,147049,79,76,0,0
390881,1,0,853,0,0,22,61487.78,147049,79,76,0,0
390982,1,0,853,0,0,22,61487.78,147049,79,76,0,0
391082,1,0,853,0,0,22,61487.78,147049,79,76,0,0
391230,1,0,853,0,0,22,61487.78,147049,79,76,0,0
391321,1,0,853,0,0,22,61487.78,147049,79,76,0,0
391456,1,0,853,0,0,22,61487.78,147049,79,76,0,0
391575,1,0,853,0,0,22,61487.78,147049,79,76,0,0
391683,1,0,853,0,0,22,61487.78,147049,79,76,0,0
391781,1,0,853,0,0,22,61487.78,147049,79,76,0,0
391895,1,0,853,0,0,22,61487.78,147049,79,76,0,0
392034,1,0,821,0,0,22,61487.78,147049,79,76,0,0
392134,1,0,821,0,0,22,61487.78,147049,79,76,0,0
392257,1,0,821,0,0,22,61487.78,147049,79,76,0,0
392377,1,0,822,0,0,22,61487.78,147049,79,76,0,0
392485,1,0,822,0,0,22,61487.78,147049,79,76,0,0
392583,1,0,822,0,0,22,61487.78,147049,79,76,0,0
392701,1,0,825,0,0,22,61487.78,147049,79,76,0,0
392834,1,0,825,0,0,22,61487.78,147049,79,76,0,0
392951,1,0,862,0,0,22,61487.78,147049,79,76,0,0
393056,1,0,860,0,0,22,61487.78,147049,79,76,0,0
393176,1,0,857,0,0,22,61487.78,147049,79,76,0,0
393282,1,0,859,0,0,22,61487.78,147049,79,76,0,0
393382,1,0,857,0,0,22,61487.78,147049,79,76,0,0
393484,1,0,858,0,0,22,61488.79,147049,79,76,0,0
393637,1,0,858,0,0,22,61488.79,147049,79,76,0,0
393740,1,0,858,0,0,22,61488.79,147049,79,76,0,0
393821,1,0,858,0,0,22,61488.79,147049,79,76,0,0
393981,1,0,859,0,0,22,61488.79,147049,79,76,0,0
394082,1,0,859,0,0,22,61488.79,147049,79,76,0,0
394201,1,0,859,0,0,22,61488.79,147049,79,76,0,0
394321,1,0,857,0,0,22,61488.79,147049,79,76,0,0
394434,1,0,858,0,0,22,61488.79,147049,79,76,0,0
394535,1,0,858,0,0,22,61488.79,147049,79,76,0,0
394664,1,0,858,0,0,22,61488.79,147049,79,76,0,0
394778,1,0,857,0,0,22,61488.79,147049,79,76,0,0
394834,1,0,857,0,0,22,61488.79,147049,79,76,0,0
394983,1,0,858,0,0,22,61488.79,147049,79,76,0,0
395127,1,0,857,0,0,22,61488.79,147049,79,76,0,0
395235,1,0,858,0,0,22,61488.79,147049,79,76,0,0
395335,1,0,858,0,0,22,61488.79,147049,79,76,0,0
395467,1,0,858,0,0,22,61488.79,147049,79,76,0,0
395581,1,0,860,0,0,22,61488.79,147049,79,76,0,0
395701,1,0,859,0,0,22,61488.79,147049,79,76,0,0
395821,1,0,860,0,0,22,61488.79,147049,79,76,0,0
395935,1,0,860,0,0,22,61488.79,147049,79,76,0,0
396055,1,0,860,0,0,22,61488.79,147049,79,76,0,0
396156,1,0,860,0,0,22,61488.79,147049,79,76,0,0
396282,1,0,861,0,0,22,61488.79,147049,79,76,0,0
396382,1,0,861,0,0,22,61488.79,147049,79,76,0,0
396484,1,0,861,0,0,22,61488.79,147049,79,76,0,0
396626,1,0,861,0,0,22,61488.79,147049,79,76,0,0
396737,1,0,861,0,0,22,61488.79,147049,79,76,0,0
396834,1,0,861,0,0,22,61488.79,147049,79,76,0,0
396956,1,0,861,0,0,22,61489.79,147049,79,76,0,0
397081,1,0,861,0,0,22,61489.79,147049,79,76,0,0
397182,1,0,860,0,0,22,61489.79,147049,79,76,0,0
397282,1,0,860,0,0,22,61489.79,147049,79,76,0,0
397426,1,0,860,0,0,22,61489.79,147049,79,76,0,0
397535,1,0,859,0,0,22,61489.79,147049,79,76,0,0
397634,1,0,857,0,0,22,61489.79,147049,79,76,0,0
397756,1,0,857,0,0,22,61489.79,147049,79,76,0,0
397881,1,0,857,0,0,22,61489.79,147049,79,76,0,0
397981,1,0,856,0,0,22,61489.79,147049,79,76,0,0
398081,1,0,857,0,0,22,61489.79,147049,79,76,0,0
398226,1,0,857,0,0,22,61489.79,147049,79,76,0,0
398381,1,0,857,0,0,22,61489.79,147049,79,76,0,0
398482,1,0,856,0,0,22,61489.79,147049,79,76,0,0
398581,1,0,857,0,0,22,61489.79,147049,79,76,0,0
398735,1,0,856,0,0,22,61489.79,147049,79,76,0,0
398821,1,0,856,0,0,22,61489.79,147049,79,76,0,0
398956,1,0,856,0,0,22,61489.79,147049,79,76,0,0
399081,1,0,856,0,0,22,61489.79,147049,79,76,0,0
399181,1,0,856,0,0,22,61489.79,147049,79,76,0,0
399281,1,0,856,0,0,22,61489.79,147049,79,76,0,0
399381,1,0,856,0,0,22,61489.79,147049,79,76,0,0
399537,1,0,856,0,0,22,61489.79,147049,79,76,0,0
399637,1,0,856,0,0,22,61489.79,147049,79,76,0,0
399756,1,0,856,0,0,22,61489.79,147049,79,76,0,0
399881,1,0,856,0,0,22,61489.79,147049,79,76,0,0
399981,1,0,856,0,0,22,61489.79,147049,79,76,0,0
400081,1,0,856,0,0,22,61489.79,147049,79,76,0,0
400201,1,0,856,0,0,22,61489.79,147049,79,76,0,0
400281,1,0,854,0,0,22,61489.79,147049,79,76,0,0
400452,1,0,854,0,0,22,61489.79,147049,79,76,0,0
400556,1,0,854,0,0,22,61489.79,147049,79,76,0,0
400679,1,0,854,0,0,22,61490.79,147049,79,76,0,0
400781,1,0,853,0,0,22,61490.79,147049,79,76,0,0
400884,1,0,853,0,0,22,61490.79,147049,79,76,0,0
400981,1,0,854,0,0,22,61490.79,147049,79,76,0,0
401129,1,0,853,0,0,22,61490.79,147049,79,76,0,0
401237,1,0,853,0,0,22,61490.79,147049,79,76,0,0
401337,1,0,853,0,0,22,61490.79,147049,79,76,0,0
401478,1,0,852,0,0,22,61490.79,147049,79,76,0,0
401581,1,0,852,0,0,22,61490.79,147049,79,76,0,0
401701,1,0,853,0,0,22,61490.79,147049,79,76,0,0
401820,1,0,852,0,0,22,61490.79,147049,79,76,0,0
401929,1,0,852,0,0,22,61490.79,147049,79,76,0,0
402037,1,0,852,0,0,22,61490.79,147049,79,76,0,0
402158,1,0,852,0,0,22,61490.79,147049,79,76,0,0
402256,1,0,820,0,0,22,61490.79,147049,79,76,0,0
402381,1,0,852,0,0,22,61490.79,147049,79,76,0,0
402484,1,0,852,0,0,22,61490.79,147049,79,76,0,0
402581,1,0,852,0,0,22,61490.79,147049,79,76,0,0
402729,1,0,852,0,0,22,61490.79,147049,79,76,0,0
402820,1,0,852,0,0,22,61490.79,147049,79,76,0,0
402956,1,0,852,0,0,22,61490.79,147049,79,76,0,0
403078,1,0,852,0,0,22,61490.79,147049,79,76,0,0
403181,1,0,852,0,0,22,61490.79,147049,79,76,0,0
403281,1,0,851,0,0,22,61490.79,147049,79,76,0,0
403381,1,0,852,0,0,22,61490.79,147049,79,76,0,0
403529,1,0,852,0,0,22,61490.79,147049,79,76,0,0
403637,1,0,852,0,0,22,61490.79,147049,79,76,0,0
403756,1,0,820,0,0,22,61490.79,147049,79,76,0,0
403862,1,0,820,0,0,22,61490.79,147049,79,76,0,0
403991,1,0,820,0,0,22,61490.79,147049,79,76,0,0
404081,1,0,820,0,0,22,61490.79,147049,79,76,0,0
404201,1,0,821,0,0,22,61490.79,147049,79,76,0,0
404281,1,0,821,0,0,22,61490.79,147049,79,76,0,0
404437,1,0,856,0,0,22,61490.79,147049,79,76,0,0
404556,1,0,856,0,0,22,61491.80,147049,79,76,0,0
404678,1,0,856,0,0,22,61491.80,147049,79,76,0,0
404781,1,0,857,0,0,22,61491.80,147049,79,76,0,0
404881,1,0,857,0,0,22,61491.80,147049,79,76,0,0
404981,1,0,857,0,0,22,61491.80,147049,79,76,0,0
405128,1,0,857,0,0,22,61491.80,147049,79,76,0,0
405237,1,0,857,0,0,22,61491.80,147049,79,76,0,0
405320,1,0,858,0,0,22,61491.80,147049,79,76,0,0
405467,1,0,858,0,0,22,61491.80,147049,79,76,0,0
405581,1,0,859,0,0,22,61491.80,147049,79,76,0,0
405700,1,0,859,0,0,22,61491.80,147049,79,76,0,0
405781,1,0,859,0,0,22,61491.80,147049,79,76,0,0
405929,1,0,857,0,0,22,61491.80,147049,79,76,0,0
406037,1,0,858,0,0,22,61491.80,147049,79,76,0,0
406156,1,0,859,0,0,22,61491.80,147049,79,76,0,0
406255,1,0,859,0,0,22,61491.80,147049,79,76,0,0
406381,1,0,859,0,0,22,61491.80,147049,79,76,0,0
406483,1,0,859,0,0,22,61491.80,147049,79,76,0,0
406581,1,0,859,0,0,22,61491.80,147049,79,76,0,0
406728,1,0,858,0,0,22,61491.80,147049,79,76,0,0
406820,1,0,859,0,0,22,61491.80,147049,79,76,0,0
406955,1,0,857,0,0,22,61491.80,147049,79,76,0,0
407070,1,0,857,0,0,22,61491.80,147049,79,76,0,0
407181,1,0,857,0,0,22,61491.80,147049,79,76,0,0
407281,1,0,857,0,0,22,61491.80,147049,79,76,0,0
407381,1,0,857,0,0,22,61491.80,147049,79,76,0,0
407528,1,0,856,0,0,22,61491.80,147049,79,76,0,0
407637,1,0,857,0,0,22,61491.80,147049,79,76,0,0
407755,1,0,858,0,0,22,61491.80,147049,79,76,0,0
407860,1,0,857,0,0,22,61491.80,147049,79,76,0,0
407981,1,0,857,0,0,22,61491.80,147049,79,76,0,0
408081,1,0,857,0,0,22,61492.80,147049,79,76,0,0
408200,1,0,857,0,0,22,61492.80,147049,79,76,0,0
408320,1,0,856,0,0,22,61492.80,147049,79,76,0,0
408437,1,0,856,0,0,22,61492.80,147049,79,76,0,0
408537,1,0,857,0,0,22,61492.80,147049,79,76,0,0
408655,1,0,856,0,0,22,61492.80,147049,79,76,0,0
408778,1,0,857,0,0,22,61492.80,147049,79,76,0,0
408881,1,0,856,0,0,22,61492.80,147049,79,76,0,0
408981,1,0,856,0,0,22,61492.80,147049,79,76,0,0
409081,1,0,856,0,0,22,61492.80,147049,79,76,0,0
409228,1,0,855,0,0,22,61492.80,147049,79,76,0,0
409338,1,0,853,0,0,22,61492.80,147049,79,76,0,0
409455,1,0,853,0,0,22,61492.80,147049,79,76,0,0
409570,1,0,853,0,0,22,61492.80,147049,79,76,0,0
409681,1,0,852,0,0,22,61492.80,147049,79,76,0,0
409781,1,0,852,0,0,22,61492.80,147049,79,76,0,0
409884,1,0,852,0,0,22,61492.80,147049,79,76,0,0
410028,1,0,852,0,0,22,61492.80,147049,79,76,0,0
410137,1,0,852,0,0,22,61492.80,147049,79,76,0,0
410255,1,0,852,0,0,22,61492.80,147049,79,76,0,0
410328,1,0,851,0,0,22,61492.80,147049,79,76,0,0
410483,1,0,851,0,0,22,61492.80,147049,79,76,0,0
410581,1,0,851,0,0,22,61492.80,147049,79,76,0,0
410700,1,0,851,0,0,22,61492.80,147049,79,76,0,0
410821,1,0,851,0,0,22,61492.80,147049,79,76,0,0
410937,1,0,851,0,0,22,61492.80,147049,79,76,0,0
411055,1,0,851,0,0,22,61492.80,147049,79,76,0,0
411155,1,0,851,0,0,22,61492.80,147049,79,76,0,0
411281,1,0,851,0,0,22,61492.80,147049,79,76,0,0
411397,1,0,851,0,0,22,61492.80,147049,79,76,0,0
411483,1,0,852,0,0,22,61492.80,147049,79,76,0,0
411581,1,0,852,0,0,22,61492.80,147049,79,76,0,0
411737,1,0,852,0,0,22,61492.80,147049,79,76,0,0
411837,1,0,852,0,0,22,61492.80,147049,79,76,0,0
411955,1,0,852,0,0,22,61493.81,147049,79,76,0,0
412081,1,0,852,0,0,22,61493.81,147049,79,76,0,0
412181,1,0,853,0,0,22,61493.81,147049,79,76,0,0
412281,1,0,853,0,0,22,61493.81,147049,79,76,0,0
412381,1,0,852,0,0,22,61493.81,147049,79,76,0,0
412537,1,0,821,0,0,22,61493.81,147049,79,76,0,0
412637,1,0,853,0,0,22,61493.81,147049,79,76,0,0
412755,1,0,853,0,0,22,61493.81,147049,79,76,0,0
412857,1,0,853,0,0,22,61493.81,147049,79,76,0,0
412981,1,0,852,0,0,22,61493.81,147049,79,76,0,0
413081,1,0,853,0,0,22,61493.81,147049,79,76,0,0
413200,1,0,853,0,0,22,61493.81,147049,79,76,0,0
413337,1,0,853,0,0,22,61493.81,147049,79,76,0,0
413437,1,0,852,0,0,22,61493.81,147049,79,76,0,0
413555,1,0,852,0,0,22,61493.81,147049,79,76,0,0
413678,1,0,852,0,0,22,61493.81,147049,79,76,0,0
413781,1,0,852,0,0,22,61493.81,147049,79,76,0,0
413882,1,0,852,0,0,22,61493.81,147049,79,76,0,0
413981,1,0,852,0,0,22,61493.81,147049,79,76,0,0
414128,1,0,852,0,0,22,61493.81,147049,79,76,0,0
414237,1,0,852,0,0,22,61493.81,147049,79,76,0,0
414337,1,0,852,0,0,22,61493.81,147049,79,76,0,0
414467,1,0,852,0,0,22,61493.81,147049,79,76,0,0
414581,1,0,853,0,0,22,61493.81,147049,79,76,0,0
414700,1,0,854,0,0,22,61493.81,147049,79,76,0,0
414781,1,0,854,0,0,22,61493.81,147049,79,76,0,0
414928,1,0,854,0,0,22,61493.81,147049,79,76,0,0
415037,1,0,854,0,0,22,61493.81,147049,79,76,0,0
415155,1,0,854,0,0,22,61493.81,147049,79,76,0,0
415255,1,0,854,0,0,22,61493.81,147049,79,76,0,0
415382,1,0,855,0,0,22,61493.81,147049,79,76,0,0
415483,1,0,855,0,0,22,61493.81,147049,79,76,0,0
415581,1,0,855,0,0,22,61493.81,147049,79,76,0,0
415728,1,0,855,0,0,22,61493.81,147049,79,76,0,0
415781,1,0,855,0,0,22,61493.81,147049,79,76,0,0
415956,1,0,856,0,0,22,61494.81,147049,79,76,0,0
416070,1,0,856,0,0,22,61494.81,147049,79,76,0,0
416181,1,0,856,0,0,22,61494.81,147049,79,76,0,0
416281,1,0,856,0,0,22,61494.81,147049,79,76,0,0
416381,1,0,856,0,0,22,61494.81,147049,79,76,0,0
416527,1,0,856,0,0,22,61494.81,147049,79,76,0,0
416637,1,0,856,0,0,22,61494.81,147049,79,76,0,0
416755,1,0,856,0,0,22,61494.81,147049,79,76,0,0
416855,1,0,856,0,0,22,61494.81,147049,79,76,0,0
416981,1,0,856,0,0,22,61494.81,147049,79,76,0,0
417081,1,0,853,0,0,22,61494.81,147049,79,76,0,0
417200,1,0,854,0,0,22,61494.81,147049,79,76,0,0
417320,1,0,854,0,0,22,61494.81,147049,79,76,0,0
417437,1,0,854,0,0,22,61494.81,147049,79,76,0,0
417555,1,0,854,0,0,22,61494.81,147049,79,76,0,0
417637,1,0,853,0,0,22,61494.81,147049,79,76,0,0
417781,1,0,853,0,0,22,61494.81,147049,79,76,0,0
417881,1,0,853,0,0,22,61494.81,147049,79,76,0,0
417981,1,0,853,0,0,22,61494.81,147049,79,76,0,0
418081,1,0,853,0,0,22,61494.81,147049,79,76,0,0
418237,1,0,853,0,0,22,61494.81,147049,79,76,0,0
418337,1,0,853,0,0,22,61494.81,147049,79,76,0,0
418467,1,0,853,0,0,22,61494.81,147049,79,76,0,0
418581,1,0,853,0,0,22,61494.81,147049,79,76,0,0
418681,1,0,853,0,0,22,61494.81,147049,79,76,0,0
418781,1,0,853,0,0,22,61494.81,147049,79,76,0,0
418881,1,0,853,0,0,22,61494.81,147049,79,76,0,0
419036,1,0,854,0,0,22,61494.81,147049,79,76,0,0
419137,1,0,854,0,0,22,61494.81,147049,79,76,0,0
419255,1,0,855,0,0,22,61494.81,147049,79,76,0,0
419381,1,0,855,0,0,22,61494.81,147049,79,76,0,0
419482,1,0,854,0,0,22,61494.81,147049,79,76,0,0
419581,1,0,855,0,0,22,61494.81,147049,79,76,0,0
419700,1,0,854,0,0,22,61495.82,147049,79,76,0,0
419837,1,0,854,0,0,22,61495.82,147049,79,76,0,0
419950,1,0,854,0,0,22,61495.82,147049,79,76,0,0
420055,1,0,854,0,0,22,61495.82,147049,79,76,0,0
420155,1,0,854,0,0,22,61495.82,147049,79,76,0,0
420281,1,0,853,0,0,22,61495.82,147049,79,76,0,0
420381,1,0,853,0,0,22,61495.82,147049,79,76,0,0
420493,1,0,853,0,0,22,61495.82,147049,79,76,0,0
420636,1,0,852,0,0,22,61495.82,147049,79,76,0,0
420737,1,0,851,0,0,22,61495.82,147049,79,76,0,0
420781,1,0,851,0,0,22,61495.82,147049,79,76,0,0
420955,1,0,851,0,0,22,61495.82,147049,79,76,0,0
421081,1,0,850,0,0,22,61495.82,147049,79,76,0,0
421200,1,0,850,0,0,22,61495.82,147049,79,76,0,0
421281,1,0,850,0,0,22,61495.82,147049,79,76,0,0
421428,1,0,850,0,0,22,61495.82,147049,79,76,0,0
421538,1,0,849,0,0,22,61495.82,147049,79,76,0,0
421655,1,0,849,0,0,22,61495.82,147049,79,76,0,0
421755,1,0,849,0,0,22,61495.82,147049,79,76,0,0
421881,1,0,849,0,0,22,61495.82,147049,79,76,0,0
421981,1,0,849,0,0,22,61495.82,147049,79,76,0,0
422081,1,0,849,0,0,22,61495.82,147049,79,76,0,0
422228,1,0,849,0,0,22,61495.82,147049,79,76,0,0
422328,1,0,849,0,0,22,61495.82,147049,79,76,0,0
422455,1,0,849,0,0,22,61495.82,147049,79,76,0,0
422570,1,0,849,0,0,22,61495.82,147049,79,76,0,0
422681,1,0,850,0,0,22,61495.82,147049,79,76,0,0
422781,1,0,850,0,0,22,61495.82,147049,79,76,0,0
422881,1,0,850,0,0,22,61495.82,147049,79,76,0,0
423030,1,0,851,0,0,22,61495.82,147049,79,76,0,0
423136,1,0,850,0,0,22,61495.82,147049,79,76,0,0
423255,1,0,851,0,0,22,61495.82,147049,79,76,0,0
423320,1,0,851,0,0,22,61495.82,147049,79,76,0,0
423483,1,0,851,0,0,22,61495.82,147049,79,76,0,0
423581,1,0,851,0,0,22,61495.82,147049,79,76,0,0
423700,1,0,851,0,0,22,61495.82,147049,79,76,0,0
423821,1,0,851,0,0,22,61496.83,147049,79,76,0,0
423937,1,0,851,0,0,22,61496.83,147049,79,76,0,0
424055,1,0,851,0,0,22,61496.83,147049,79,76,0,0
424155,1,0,851,0,0,22,61496.83,147049,79,76,0,0
424281,1,0,851,0,0,22,61496.83,147049,79,76,0,0
424382,1,0,851,0,0,22,61496.83,147049,79,76,0,0
424481,1,0,851,0,0,22,61496.83,147049,79,76,0,0
424593,1,0,851,0,0,22,61496.83,147049,79,76,0,0
424737,1,0,851,0,0,22,61496.83,147049,79,76,0,0
424781,1,0,851,0,0,22,61496.83,147049,79,76,0,0
424955,1,0,852,0,0,22,61496.83,147049,79,76,0,0
425080,1,0,850,0,0,22,61496.83,147049,79,76,0,0
425181,1,0,851,0,0,22,61496.83,147049,79,76,0,0
425281,1,0,851,0,0,22,61496.83,147049,79,76,0,0
425381,1,0,851,0,0,22,61496.83,147049,79,76,0,0
425536,1,0,851,0,0,22,61496.83,147049,79,76,0,0
425636,1,0,851,0,0,22,61496.83,147049,79,76,0,0
425755,1,0,851,0,0,22,61496.83,147049,79,76,0,0
425836,1,0,851,0,0,22,61496.83,147049,79,76,0,0
425981,1,0,850,0,0,22,61496.83,147049,79,76,0,0
426081,1,0,850,0,0,22,61496.83,147049,79,76,0,0
426200,1,0,851,0,0,22,61496.83,147049,79,76,0,0
426320,1,0,850,0,0,22,61496.83,147049,79,76,0,0
426451,1,0,851,0,0,22,61496.83,147049,79,76,0,0
426555,1,0,851,0,0,22,61496.83,147049,79,76,0,0
426680,1,0,851,0,0,22,61496.83,147049,79,76,0,0
426781,1,0,851,0,0,22,61496.83,147049,79,76,0,0
426881,1,0,851,0,0,22,61496.83,147049,79,76,0,0
426980,1,0,851,0,0,22,61496.83,147049,79,76,0,0
427128,1,0,851,0,0,22,61496.83,147049,79,76,0,0
427236,1,0,851,0,0,22,61496.83,147049,79,76,0,0
427320,1,0,851,0,0,22,61496.83,147049,79,76,0,0
427467,1,0,852,0,0,22,61496.83,147049,79,76,0,0
427581,1,0,852,0,0,22,61496.83,147049,79,76,0,0
427700,1,0,852,0,0,22,61496.83,147049,79,76,0,0
427780,1,0,852,0,0,22,61496.83,147049,79,76,0,0
427928,1,0,852,0,0,22,61497.83,147049,79,76,0,0
428036,1,0,852,0,0,22,61497.83,147049,79,76,0,0
428155,1,0,852,0,0,22,61497.83,147049,79,76,0,0
428255,1,0,852,0,0,22,61497.83,147049,79,76,0,0
428386,1,0,853,0,0,22,61497.83,147049,79,76,0,0
428482,1,0,853,0,0,22,61497.83,147049,79,76,0,0
428580,1,0,853,0,0,22,61497.83,147049,79,76,0,0
428727,1,0,853,0,0,22,61497.83,147049,79,76,0,0
428820,1,0,853,0,0,22,61497.83,147049,79,76,0,0
428955,1,0,853,0,0,22,61497.83,147049,79,76,0,0
429069,1,0,853,0,0,22,61497.83,147049,79,76,0,0
429180,1,0,853,0,0,22,61497.83,147049,79,76,0,0
429281,1,0,853,0,0,22,61497.83,147049,79,76,0,0
429385,1,0,853,0,0,22,61497.83,147049,79,76,0,0
429527,1,0,852,0,0,22,61497.83,147049,79,76,0,0
429636,1,0,852,0,0,22,61497.83,147049,79,76,0,0
429754,1,0,852,0,0,22,61497.83,147049,79,76,0,0
429836,1,0,851,0,0,22,61497.83,147049,79,76,0,0
429980,1,0,851,0,0,22,61497.83,147049,79,76,0,0
430080,1,0,852,0,0,22,61497.83,147049,79,76,0,0
430200,1,0,852,0,0,22,61497.83,147049,79,76,0,0
430320,1,0,852,0,0,22,61497.83,147049,79,76,0,0
430436,1,0,853,0,0,22,61497.83,147049,79,76,0,0
430536,1,0,853,0,0,22,61497.83,147049,79,76,0,0
430655,1,0,853,0,0,22,61497.83,147049,79,76,0,0
430777,1,0,853,0,0,22,61497.83,147049,79,76,0,0
430880,1,0,853,0,0,22,61497.83,147049,79,76,0,0
430980,1,0,853,0,0,22,61497.83,147049,79,76,0,0
431080,1,0,854,0,0,22,61497.83,147049,79,76,0,0
431228,1,0,853,0,0,22,61497.83,147049,79,76,0,0
431280,1,0,853,0,0,22,61497.83,147049,79,76,0,0
431455,1,0,854,0,0,22,61497.83,147049,79,76,0,0
431579,1,0,854,0,0,22,61497.83,147049,79,76,0,0
431680,1,0,854,0,0,22,61498.84,147049,79,76,0,0
431780,1,0,854,0,0,22,61498.84,147049,79,76,0,0
431880,1,0,855,0,0,22,61498.84,147049,79,76,0,0
432027,1,0,855,0,0,22,61498.84,147049,79,76,0,0
432136,1,0,855,0,0,22,61498.84,147049,79,76,0,0
432255,1,0,855,0,0,22,61498.84,147049,79,76,0,0
432357,1,0,855,0,0,22,61498.84,147049,79,76,0,0
432482,1,0,855,0,0,22,61498.84,147049,79,76,0,0
432580,1,0,855,0,0,22,61498.84,147049,79,76,0,0
432700,1,0,855,0,0,22,61498.84,147049,79,76,0,0
432819,1,0,855,0,0,22,61498.84,147049,79,76,0,0
432936,1,0,853,0,0,22,61498.84,147049,79,76,0,0
433054,1,0,853,0,0,22,61498.84,147049,79,76,0,0
433155,1,0,853,0,0,22,61498.84,147049,79,76,0,0
433283,1,0,853,0,0,22,61498.84,147049,79,76,0,0
433384,1,0,853,0,0,22,61498.84,147049,79,76,0,0
433482,1,0,853,0,0,22,61498.84,147049,79,76,0,0
433629,1,0,853,0,0,22,61498.84,147049,79,76,0,0
433736,1,0,853,0,0,22,61498.84,147049,79,76,0,0
433836,1,0,853,0,0,22,61498.84,147049,79,76,0,0
433955,1,0,852,0,0,22,61498.84,147049,79,76,0,0
434083,1,0,853,0,0,22,61498.84,147049,79,76,0,0
434199,1,0,853,0,0,22,61498.84,147049,79,76,0,0
434282,1,0,854,0,0,22,61498.84,147049,79,76,0,0
434427,1,0,853,0,0,22,61498.84,147049,79,76,0,0
434536,1,0,854,0,0,22,61498.84,147049,79,76,0,0
434654,1,0,854,0,0,22,61498.84,147049,79,76,0,0
434755,1,0,854,0,0,22,61498.84,147049,79,76,0,0
434883,1,0,854,0,0,22,61498.84,147049,79,76,0,0
434982,1,0,854,0,0,22,61498.84,147049,79,76,0,0
435082,1,0,855,0,0,22,61498.84,147049,79,76,0,0
435227,1,0,855,0,0,22,61498.84,147049,79,76,0,0
435336,1,0,855,0,0,22,61498.84,147049,79,76,0,0
435454,1,0,855,0,0,22,61498.84,147049,79,76,0,0
435571,1,0,855,0,0,22,61498.84,147049,79,76,0,0
435689,1,0,854,0,0,22,61499.84,147049,79,76,0,0
435782,1,0,854,0,0,22,61499.84,147049,79,76,0,0
435880,1,0,853,0,0,22,61499.84,147049,79,76,0,0
436027,1,0,854,0,0,22,61499.84,147049,79,76,0,0
436136,1,0,854,0,0,22,61499.84,147049,79,76,0,0
436254,1,0,854,0,0,22,61499.84,147049,79,76,0,0
436319,1,0,853,0,0,22,61499.84,147049,79,76,0,0
436482,1,0,853,0,0,22,61499.84,147049,79,76,0,0
436582,1,0,853,0,0,22,61499.84,147049,79,76,0,0
436699,1,0,853,0,0,22,61499.84,147049,79,76,0,0
436827,1,0,852,0,0,22,61499.84,147049,79,76,0,0
436949,1,0,852,0,0,22,61499.84,147049,79,76,0,0
437054,1,0,852,0,0,22,61499.84,147049,79,76,0,0
437154,1,0,851,0,0,22,61499.84,147049,79,76,0,0
437282,1,0,851,0,0,22,61499.84,147049,79,76,0,0
437382,1,0,851,0,0,22,61499.84,147049,79,76,0,0
437482,1,0,851,0,0,22,61499.84,147049,79,76,0,0
437627,1,0,851,0,0,22,61499.84,147049,79,76,0,0
437736,1,0,850,0,0,22,61499.84,147049,79,76,0,0
437827,1,0,850,0,0,22,61499.84,147049,79,76,0,0
437954,1,0,849,0,0,22,61499.84,147049,79,76,0,0
438082,1,0,849,0,0,22,61499.84,147049,79,76,0,0
438199,1,0,849,0,0,22,61499.84,147049,79,76,0,0
438319,1,0,849,0,0,22,61499.84,147049,79,76,0,0
438428,1,0,849,0,0,22,61499.84,147049,79,76,0,0
438536,1,0,849,0,0,22,61499.84,147049,79,76,0,0
438654,1,0,849,0,0,22,61499.84,147049,79,76,0,0
438754,1,0,850,0,0,22,61499.84,147049,79,76,0,0
438882,1,0,849,0,0,22,61499.84,147049,79,76,0,0
438982,1,0,849,0,0,22,61499.84,147049,79,76,0,0
439082,1,0,849,0,0,22,61499.84,147049,79,76,0,0
439228,1,0,849,0,0,22,61499.84,147049,79,76,0,0
439320,1,0,849,0,0,22,61499.84,147049,79,76,0,0
439454,1,0,850,0,0,22,61499.84,147049,79,76,0,0
439570,1,0,851,0,0,22,61499.84,147049,79,76,0,0
439782,1,0,851,0,0,22,61499.84,147049,79,76,0,0
439885,1,0,851,0,0,22,61500.85,147049,79,76,0,0
440027,1,0,852,0,0,22,61500.85,147049,79,76,0,0
440136,1,0,851,0,0,22,61500.85,147049,79,76,0,0
440254,1,0,852,0,0,22,61500.85,147049,79,76,0,0
440327,1,0,852,0,0,22,61500.85,147049,79,76,0,0
440484,1,0,851,0,0,22,61500.85,147049,79,76,0,0
440582,1,0,851,0,0,22,61500.85,147049,79,76,0,0
440699,1,0,851,0,0,22,61500.85,147049,79,76,0,0
440782,1,0,851,0,0,22,61500.85,147049,79,76,0,0
440936,1,0,852,0,0,22,61500.85,147049,79,76,0,0
441054,1,0,851,0,0,22,61500.85,147049,79,76,0,0
441154,1,0,852,0,0,22,61500.85,147049,79,76,0,0
441282,1,0,852,0,0,22,61500.85,147049,79,76,0,0
441404,1,0,852,0,0,22,61500.85,147049,79,76,0,0
441484,1,0,852,0,0,22,61500.85,147049,79,76,0,0
441627,1,0,852,0,0,22,61500.85,147049,79,76,0,0
441736,1,0,852,0,0,22,61500.85,147049,79,76,0,0
441836,1,0,852,0,0,22,61500.85,147049,79,76,0,0
441954,1,0,852,0,0,22,61500.85,147049,79,76,0,0
442083,1,0,850,0,0,22,61500.85,147049,79,76,0,0
442199,1,0,850,0,0,22,61500.85,147049,79,76,0,0
442300,1,0,850,0,0,22,61500.85,147049,79,76,0,0
442428,1,0,850,0,0,22,61500.85,147049,79,76,0,0
442536,1,0,849,0,0,22,61500.85,147049,79,76,0,0
442654,1,0,849,0,0,22,61500.85,147049,79,76,0,0
442754,1,0,849,0,0,22,61500.85,147049,79,76,0,0
442884,1,0,849,0,0,22,61500.85,147049,79,76,0,0
442982,1,0,849,0,0,22,61500.85,147049,79,76,0,0
443082,1,0,849,0,0,22,61500.85,147049,79,76,0,0
443228,1,0,849,0,0,22,61500.85,147049,79,76,0,0
443328,1,0,849,0,0,22,61500.85,147049,79,76,0,0
443455,1,0,849,0,0,22,61500.85,147049,79,76,0,0
443569,1,0,850,0,0,22,61500.85,147049,79,76,0,0
443683,1,0,851,0,0,22,61500.85,147049,79,76,0,0
443782,1,0,851,0,0,22,61500.85,147049,79,76,0,0
443888,1,0,851,0,0,22,61500.85,147049,79,76,0,0
444027,1,0,851,0,0,22,61501.86,147049,79,76,0,0
444136,1,0,852,0,0,22,61501.86,147049,79,76,0,0
444254,1,0,852,0,0,22,61501.86,147049,79,76,0,0
444328,1,0,852,0,0,22,61501.86,147049,79,76,0,0
444483,1,0,852,0,0,22,61501.86,147049,79,76,0,0
444582,1,0,852,0,0,22,61501.86,147049,79,76,0,0
444699,1,0,852,0,0,22,61501.86,147049,79,76,0,0
444819,1,0,852,0,0,22,61501.86,147049,79,76,0,0
444936,1,0,851,0,0,22,61501.86,147049,79,76,0,0
445054,1,0,852,0,0,22,61501.86,147049,79,76,0,0
445171,1,0,852,0,0,22,61501.86,147049,79,76,0,0
445282,1,0,851,0,0,22,61501.86,147049,79,76,0,0
445401,1,0,851,0,0,22,61501.86,147049,79,76,0,0
445481,1,0,852,0,0,22,61501.86,147049,79,76,0,0
445627,1,0,852,0,0,22,61501.86,147049,79,76,0,0
445736,1,0,852,0,0,22,61501.86,147049,79,76,0,0
445828,1,0,852,0,0,22,61501.86,147049,79,76,0,0
445978,1,0,852,0,0,22,61501.86,147049,79,76,0,0
446079,1,0,851,0,0,22,61501.86,147049,79,76,0,0
446199,1,0,851,0,0,22,61501.86,147049,79,76,0,0
446319,1,0,851,0,0,22,61501.86,147049,79,76,0,0
446436,1,0,850,0,0,22,61501.86,147049,79,76,0,0
446536,1,0,851,0,0,22,61501.86,147049,79,76,0,0
446654,1,0,851,0,0,22,61501.86,147049,79,76,0,0
446754,1,0,851,0,0,22,61501.86,147049,79,76,0,0
446881,1,0,850,0,0,22,61501.86,147049,79,76,0,0
446982,1,0,851,0,0,22,61501.86,147049,79,76,0,0
447081,1,0,851,0,0,22,61501.86,147049,79,76,0,0
447228,1,0,852,0,0,22,61501.86,147049,79,76,0,0
447337,1,0,852,0,0,22,61501.86,147049,79,76,0,0
447467,1,0,852,0,0,22,61501.86,147049,79,76,0,0
447581,1,0,852,0,0,22,61501.86,147049,79,76,0,0
447681,1,0,852,0,0,22,61501.86,147049,79,76,0,0
447781,1,0,852,0,0,22,61501.86,147049,79,76,0,0
447881,1,0,852,0,0,22,61501.86,147049,79,76,0,0
448036,1,0,852,0,0,22,61501.86,147049,79,76,0,0
448136,1,0,852,0,0,22,61501.86,147049,79,76,0,0
448254,1,0,852,0,0,22,61502.86,147049,79,76,0,0
448337,1,0,852,0,0,22,61502.86,147049,79,76,0,0
448482,1,0,853,0,0,22,61502.86,147049,79,76,0,0
448581,1,0,853,0,0,22,61502.86,147049,79,76,0,0
448699,1,0,853,0,0,22,61502.86,147049,79,76,0,0
448828,1,0,852,0,0,22,61502.86,147049,79,76,0,0
448949,1,0,852,0,0,22,61502.86,147049,79,76,0,0
449054,1,0,853,0,0,22,61502.86,147049,79,76,0,0
449178,1,0,853,0,0,22,61502.86,147049,79,76,0,0
449281,1,0,852,0,0,22,61502.86,147049,79,76,0,0
449381,1,0,853,0,0,22,61502.86,147049,79,76,0,0
449483,1,0,853,0,0,22,61502.86,147049,79,76,0,0
449628,1,0,852,0,0,22,61502.86,147049,79,76,0,0
449736,1,0,851,0,0,22,61502.86,147049,79,76,0,0
449860,1,0,851,0,0,22,61502.86,147049,79,76,0,0
449978,1,0,851,0,0,22,61502.86,147049,79,76,0,0
450081,1,0,851,0,0,22,61502.86,147049,79,76,0,0
450199,1,0,851,0,0,22,61502.86,147049,79,76,0,0
450319,1,0,851,0,0,22,61502.86,147049,79,76,0,0
450428,1,0,851,0,0,22,61502.86,147049,79,76,0,0
450536,1,0,851,0,0,22,61502.86,147049,79,76,0,0
450655,1,0,851,0,0,22,61502.86,147049,79,76,0,0
450754,1,0,851,0,0,22,61502.86,147049,79,76,0,0
450837,1,0,851,0,0,22,61502.86,147049,79,76,0,0
450981,1,0,851,0,0,22,61502.86,147049,79,76,0,0
451081,1,0,851,0,0,22,61502.86,147049,79,76,0,0
451228,1,0,850,0,0,22,61502.86,147049,79,76,0,0
451328,1,0,851,0,0,22,61502.86,147049,79,76,0,0
451454,1,0,850,0,0,22,61502.86,147049,79,76,0,0
451569,1,0,850,0,0,22,61502.86,147049,79,76,0,0
451681,1,0,851,0,0,22,61502.86,147049,79,76,0,0
451781,1,0,851,0,0,22,61502.86,147049,79,76,0,0
451882,1,0,851,0,0,22,61502.86,147049,79,76,0,0
452028,1,0,852,0,0,22,61502.86,147049,79,76,0,0
452137,1,0,852,0,0,22,61502.86,147049,79,77,0,0
452255,1,0,852,0,0,22,61502.86,147049,79,77,0,0
452337,1,0,852,0,0,22,61503.86,147049,79,77,0,0
452483,1,0,852,0,0,22,61503.86,147049,79,77,0,0
452581,1,0,852,0,0,22,61503.86,147049,79,77,0,0
452699,1,0,852,0,0,22,61503.86,147049,79,77,0,0
452829,1,0,852,0,0,22,61503.86,147049,79,77,0,0
452948,1,0,852,0,0,22,61503.86,147049,79,77,0,0
453054,1,0,852,0,0,22,61503.86,147049,79,77,0,0
453154,1,0,852,0,0,22,61503.86,147049,79,77,0,0
453281,1,0,853,0,0,22,61503.86,147049,79,77,0,0
453382,1,0,853,0,0,22,61503.86,147049,79,77,0,0
453482,1,0,853,0,0,22,61503.86,147049,79,77,0,0
453628,1,0,853,0,0,22,61503.86,147049,79,77,0,0
453737,1,0,853,0,0,22,61503.86,147049,79,77,0,0
453838,1,0,853,0,0,22,61503.86,147049,79,77,0,0
453978,1,0,853,0,0,22,61503.86,147049,79,77,0,0
454082,1,0,853,0,0,22,61503.86,147049,79,77,0,0
454199,1,0,853,0,0,22,61503.86,147049,79,77,0,0
454319,1,0,853,0,0,22,61503.86,147049,79,77,0,0
454429,1,0,853,0,0,22,61503.86,147049,79,77,0,0
454537,1,0,853,0,0,22,61503.86,147049,79,77,0,0
454654,1,0,857,0,0,22,61503.86,147049,79,77,0,0
454778,1,0,859,0,0,22,61503.86,147049,79,77,0,0
454882,1,0,859,0,0,22,61503.86,147049,79,77,0,0
454981,1,0,825,0,0,22,61503.86,147049,79,77,0,0
455081,1,0,824,0,0,22,61503.86,147049,79,77,0,0
455236,1,0,821,0,0,22,61503.86,147049,79,77,0,0
455328,1,0,789,0,0,22,61503.86,147049,79,77,0,0
455466,1,0,792,0,0,22,61503.86,147049,79,77,0,0
455581,1,0,811,0,0,22,61503.86,147049,79,77,0,0
455682,1,0,849,0,0,22,61503.86,147049,79,77,0,0
455781,1,0,844,0,0,22,61503.86,147049,79,77,0,0
455881,1,0,844,0,0,22,61503.86,147049,79,77,0,0
456037,1,0,834,0,0,22,61503.86,147049,79,77,0,0
456137,1,0,833,0,0,22,61504.87,147049,79,77,0,0
456254,1,0,832,0,0,22,61504.87,147049,79,77,0,0
456381,1,0,863,0,0,22,61504.87,147049,79,77,0,0
456484,1,0,863,0,0,22,61504.87,147049,79,77,0,0
456582,1,0,863,0,0,22,61504.87,147049,79,77,0,0
456699,1,0,863,0,0,22,61504.87,147049,79,77,0,0
456828,1,0,863,0,0,22,61504.87,147049,79,77,0,0
456954,1,0,863,0,0,22,61504.87,147049,79,77,0,0
457069,1,0,863,0,0,22,61504.87,147049,79,77,0,0
457154,1,0,862,0,0,22,61504.87,147049,79,77,0,0
457281,1,0,861,0,0,22,61504.87,147049,79,77,0,0
457381,1,0,860,0,0,22,61504.87,147049,79,77,0,0
457528,1,0,859,0,0,22,61504.87,147049,79,77,0,0
457637,1,0,859,0,0,22,61504.87,147049,79,77,0,0
457754,1,0,859,0,0,22,61504.87,147049,79,77,0,0
457819,1,0,859,0,0,22,61504.87,147049,79,77,0,0
457981,1,0,859,0,0,22,61504.87,147049,79,77,0,0
458082,1,0,858,0,0,22,61504.87,147049,79,77,0,0
458199,1,0,858,0,0,22,61504.87,147049,79,77,0,0
458318,1,0,858,0,0,22,61504.87,147049,79,77,0,0
458437,1,0,858,0,0,22,61504.87,147049,79,77,0,0
458554,1,0,858,0,0,22,61504.87,147049,79,77,0,0
458654,1,0,857,0,0,22,61504.87,147049,79,77,0,0
458781,1,0,857,0,0,22,61504.87,147049,79,77,0,0
458882,1,0,857,0,0,22,61504.87,147049,79,77,0,0
458981,1,0,857,0,0,22,61504.87,147049,79,77,0,0
459128,1,0,857,0,0,22,61504.87,147049,79,77,0,0
459237,1,0,857,0,0,22,61504.87,147049,79,77,0,0
459282,1,0,857,0,0,22,61504.87,147049,79,77,0,0
459464,1,0,857,0,0,22,61504.87,147049,79,77,0,0
459581,1,0,857,0,0,22,61504.87,147049,79,77,0,0
459699,1,0,857,0,0,22,61504.87,147049,79,77,0,0
459781,1,0,857,0,0,22,61505.88,147049,79,77,0,0
459881,1,0,857,0,0,22,61505.88,147049,79,77,0,0
460037,1,0,857,0,0,22,61505.88,147049,79,77,0,0
460153,1,0,857,0,0,22,61505.88,147049,79,77,0,0
460254,1,0,857,0,0,22,61505.88,147049,79,77,0,0
460381,1,0,858,0,0,22,61505.88,147049,79,77,0,0
460482,1,0,858,0,0,22,61505.88,147049,79,77,0,0
460581,1,0,858,0,0,22,61505.88,147049,79,77,0,0
460699,1,0,858,0,0,22,61505.88,147049,79,77,0,0
460837,1,0,858,0,0,22,61505.88,147049,79,77,0,0
460954,1,0,857,0,0,22,61505.88,147049,79,77,0,0
461069,1,0,858,0,0,22,61505.88,147049,79,77,0,0
461181,1,0,857,0,0,22,61505.88,147049,79,77,0,0
461281,1,0,857,0,0,22,61505.88,147049,79,77,0,0
461390,1,0,857,0,0,22,61505.88,147049,79,77,0,0
461483,1,0,854,0,0,22,61505.88,147049,79,77,0,0
461637,1,0,853,0,0,22,61505.88,147049,79,77,0,0
461754,1,0,853,0,0,22,61505.88,147049,79,77,0,0
461837,1,0,853,0,0,22,61505.88,147049,79,77,0,0
461981,1,0,852,0,0,22,61505.88,147049,79,77,0,0
462081,1,0,852,0,0,22,61505.88,147049,79,77,0,0
462199,1,0,852,0,0,22,61505.88,147049,79,77,0,0
462281,1,0,851,0,0,22,61505.88,147049,79,77,0,0
462434,1,0,851,0,0,22,61505.88,147049,79,77,0,0
462554,1,0,850,0,0,22,61505.88,147049,79,77,0,0
462654,1,0,852,0,0,22,61505.88,147049,79,77,0,0
462781,1,0,852,0,0,22,61505.88,147049,79,77,0,0
462837,1,0,852,0,0,22,61505.88,147049,79,77,0,0
462981,1,0,852,0,0,22,61505.88,147049,79,77,0,0
463081,1,0,852,0,0,22,61505.88,147049,79,77,0,0
463235,1,0,852,0,0,22,61505.88,147049,79,77,0,0
463337,1,0,852,0,0,22,61505.88,147049,79,77,0,0
463464,1,0,852,0,0,22,61505.88,147049,79,77,0,0
463581,1,0,852,0,0,22,61505.88,147049,79,77,0,0
463699,1,0,852,0,0,22,61506.89,147049,79,77,0,0
463781,1,0,852,0,0,22,61506.89,147049,79,77,0,0
463928,1,0,851,0,0,22,61506.89,147049,79,77,0,0
464034,1,0,852,0,0,22,61506.89,147049,79,77,0,0
464153,1,0,851,0,0,22,61506.89,147049,79,77,0,0
464254,1,0,851,0,0,22,61506.89,147049,79,77,0,0
464337,1,0,851,0,0,22,61506.89,147049,79,77,0,0
464483,1,0,851,0,0,22,61506.89,147049,79,77,0,0
464581,1,0,851,0,0,22,61506.89,147049,79,77,0,0
464728,1,0,851,0,0,22,61506.89,147049,79,77,0,0
464837,1,0,851,0,0,22,61506.89,147049,79,77,0,0
464953,1,0,851,0,0,22,61506.89,147049,79,77,0,0
465069,1,0,851,0,0,22,61506.89,147049,79,77,0,0
465181,1,0,851,0,0,22,61506.89,147049,79,77,0,0
465281,1,0,849,0,0,22,61506.89,147049,79,77,0,0
465390,1,0,849,0,0,22,61506.89,147049,79,77,0,0
465528,1,0,849,0,0,22,61506.89,147049,79,77,0,0
465640,1,0,849,0,0,22,61506.89,147049,79,77,0,0
465753,1,0,849,0,0,22,61506.89,147049,79,77,0,0
465834,1,0,849,0,0,22,61506.89,147049,79,77,0,0
465981,1,0,848,0,0,22,61506.89,147049,79,77,0,0
466081,1,0,847,0,0,22,61506.89,147049,79,77,0,0
466198,1,0,847,0,0,22,61506.89,147049,79,77,0,0
466328,1,0,847,0,0,22,61506.89,147049,79,77,0,0
466434,1,0,847,0,0,22,61506.89,147049,79,77,0,0
466553,1,0,847,0,0,22,61506.89,147049,79,77,0,0
466654,1,0,847,0,0,22,61506.89,147049,79,77,0,0
466781,1,0,847,0,0,22,61506.89,147049,79,77,0,0
466884,1,0,847,0,0,22,61506.89,147049,79,77,0,0
466981,1,0,846,0,0,22,61506.89,147049,79,77,0,0
467081,1,0,846,0,0,22,61506.89,147049,79,77,0,0
467234,1,0,847,0,0,22,61506.89,147049,79,77,0,0
467328,1,0,847,0,0,22,61506.89,147049,79,77,0,0
467464,1,0,847,0,0,22,61506.89,147049,79,77,0,0
467582,1,0,848,0,0,22,61506.89,147049,79,77,0,0
467698,1,0,848,0,0,22,61506.89,147049,79,77,0,0
467781,1,0,847,0,0,22,61506.89,147049,79,77,0,0
467928,1,0,847,0,0,22,61506.89,147049,79,77,0,0
468034,1,0,848,0,0,22,61506.89,147049,79,77,0,0
468153,1,0,847,0,0,22,61506.89,147049,79,77,0,0
468258,1,0,848,0,0,22,61507.89,147049,79,77,0,0
468386,1,0,848,0,0,22,61507.89,147049,79,77,0,0
468483,1,0,848,0,0,22,61507.89,147049,79,77,0,0
468581,1,0,849,0,0,22,61507.89,147049,79,77,0,0
468728,1,0,848,0,0,22,61507.89,147049,79,77,0,0
468834,1,0,849,0,0,22,61507.89,147049,79,77,0,0
468954,1,0,849,0,0,22,61507.89,147049,79,77,0,0
469069,1,0,849,0,0,22,61507.89,147049,79,77,0,0
469182,1,0,849,0,0,22,61507.89,147049,79,77,0,0
469281,1,0,849,0,0,22,61507.89,147049,79,77,0,0
469385,1,0,849,0,0,22,61507.89,147049,79,77,0,0
469528,1,0,849,0,0,22,61507.89,147049,79,77,0,0
469640,1,0,849,0,0,22,61507.89,147049,79,77,0,0
469753,1,0,849,0,0,22,61507.89,147049,79,77,0,0
469828,1,0,849,0,0,22,61507.89,147049,79,77,0,0
469981,1,0,847,0,0,22,61507.89,147049,79,77,0,0
470081,1,0,847,0,0,22,61507.89,147049,79,77,0,0
470198,1,0,847,0,0,22,61507.89,147049,79,77,0,0
470328,1,0,847,0,0,22,61507.89,147049,79,77,0,0
470437,1,0,847,0,0,22,61507.89,147049,79,77,0,0
470553,1,0,847,0,0,22,61507.89,147049,79,77,0,0
470654,1,0,847,0,0,22,61507.89,147049,79,77,0,0
470781,1,0,847,0,0,22,61507.89,147049,79,77,0,0
470884,1,0,847,0,0,22,61507.89,147049,79,77,0,0
470981,1,0,847,0,0,22,61507.89,147049,79,77,0,0
471081,1,0,847,0,0,22,61507.89,147049,79,77,0,0
471235,1,0,847,0,0,22,61507.89,147049,79,77,0,0
471334,1,0,847,0,0,22,61507.89,147049,79,77,0,0
471464,1,0,847,0,0,22,61507.89,147049,79,77,0,0
471581,1,0,847,0,0,22,61507.89,147049,79,77,0,0
471698,1,0,847,0,0,22,61507.89,147049,79,77,0,0
471781,1,0,847,0,0,22,61507.89,147049,79,77,0,0
471928,1,0,847,0,0,22,61507.89,147049,79,77,0,0
472034,1,0,849,0,78,22,61507.89,147049,79,77,0,0
472153,1,0,849,0,64,22,61507.89,147049,79,77,0,0
472253,1,0,853,0,142,22,61507.89,147049,79,77,0,0
472384,1,0,856,0,218,22,61507.89,147049,79,77,0,0
472493,1,0,856,0,226,22,61507.89,147049,79,77,0,0
472581,1,0,857,0,226,22,61508.90,147049,79,77,0,0
472698,1,0,857,0,226,22,61508.90,147049,79,77,0,0
472818,1,0,856,0,228,22,61508.90,147049,79,77,0,0
472953,1,0,856,0,228,22,61508.90,147049,79,77,0,0
473081,1,0,855,0,246,22,61508.90,147049,79,77,0,0
473181,1,0,856,0,246,22,61508.90,147049,79,77,0,0
473281,1,0,855,0,244,22,61508.90,147049,79,77,0,0
473384,1,0,855,0,244,22,61508.90,147049,79,77,0,0
473535,1,0,854,0,264,22,61508.90,147049,79,77,0,0
473654,1,0,855,0,276,22,61508.90,147049,79,77,0,0
473753,1,0,855,0,306,22,61508.90,147049,79,77,0,0
473884,1,0,855,0,406,22,61508.90,147049,79,77,0,0
473981,1,0,855,0,444,22,61508.90,147049,79,77,0,0
474081,1,0,855,0,486,22,61508.90,147049,79,77,0,0
474234,1,0,856,0,522,22,61508.90,147049,79,77,0,0
474318,1,0,856,0,528,22,61508.90,147049,79,77,0,0
474464,1,0,855,0,528,22,61508.90,147049,79,77,0,0
474569,1,0,853,0,514,22,61508.90,147049,79,77,0,0
474681,1,0,853,0,504,22,61508.90,147049,79,77,0,0
474781,1,0,853,0,492,22,61508.90,147049,79,77,0,0
474884,1,0,853,0,470,22,61508.90,147049,79,77,0,0
475028,1,0,853,0,452,22,61508.90,147049,79,77,0,0
475140,1,0,853,0,436,22,61508.90,147049,79,77,0,0
475253,1,0,853,0,424,22,61508.90,147049,79,77,0,0
475334,1,0,853,0,414,22,61508.90,147049,79,77,0,0
475483,1,0,855,0,404,22,61508.90,147049,79,77,0,0
475581,1,0,856,0,402,22,61508.90,147049,79,77,0,0
475698,1,0,856,0,402,22,61508.90,147049,79,77,0,0
475818,1,0,856,0,402,22,61508.90,147049,79,77,0,0
475935,1,0,856,0,402,22,61508.90,147049,79,77,0,0
476053,1,0,856,0,402,22,61508.90,147049,79,77,0,0
476153,1,0,856,0,400,22,61508.90,147049,79,77,0,0
476278,1,0,856,0,400,22,61508.90,147049,79,77,0,0
476384,1,0,855,0,400,22,61508.90,147049,79,77,0,0
476483,1,0,855,0,396,22,61509.91,147049,79,77,0,0
476581,1,0,856,0,392,22,61509.91,147049,79,77,0,0
476735,1,0,856,0,384,22,61509.91,147049,79,77,0,0
476781,1,0,855,0,380,22,61509.91,147049,79,77,0,0
476953,1,0,855,0,376,22,61509.91,147049,79,77,0,0
477081,1,0,855,0,374,22,61509.91,147049,79,77,0,0
477181,1,0,855,0,370,22,61509.91,147049,79,77,0,0
477281,1,0,855,0,368,22,61509.91,147049,79,77,0,0
477384,1,0,856,0,366,22,61509.91,147049,79,77,0,0
477535,1,0,856,0,362,22,61509.91,147049,79,77,0,0
477640,1,0,855,0,358,22,61509.91,147049,79,77,0,0
477753,1,0,855,0,352,22,61509.91,147049,79,77,0,0
477828,1,0,856,0,348,22,61509.91,147049,79,77,0,0
477981,1,0,856,0,346,22,61509.91,147049,79,77,0,0
478081,1,0,855,0,344,22,61509.91,147049,79,77,0,0
478198,1,0,853,0,344,22,61509.91,147049,79,77,0,0
478328,1,0,853,0,346,22,61509.91,147049,79,77,0,0
478434,1,0,853,0,346,22,61509.91,147049,79,77,0,0
478553,1,0,853,0,346,22,61509.91,147049,79,77,0,0
478654,1,0,853,0,346,22,61509.91,147049,79,77,0,0
478782,1,0,853,0,346,22,61509.91,147049,79,77,0,0
478892,1,0,853,0,346,22,61509.91,147049,79,77,0,0
478981,1,0,852,0,346,22,61509.91,147049,79,77,0,0
479081,1,0,852,0,344,22,61509.91,147049,79,77,0,0
479234,1,0,852,0,70,22,61509.91,147049,79,77,0,0
479334,1,0,852,0,0,22,61509.91,147049,79,77,0,0
479464,1,0,821,0,0,22,61509.91,147049,79,77,0,0
479581,1,0,868,0,0,22,61509.91,147049,79,77,0,0
479698,1,0,1008,0,0,22,61509.91,147049,79,77,0,0
479781,1,0,1241,10,0,22,61509.91,147049,79,77,0,0
479928,1,0,1369,23,0,22,61509.91,147049,79,77,0,0
480034,1,0,1618,25,0,22,61510.91,147049,79,77,0,0
480198,1,0,1706,30,0,22,61510.91,147049,79,77,0,0
480328,1,0,1776,33,0,22,61510.91,147049,79,77,0,0
480434,1,0,1770,34,0,22,61510.91,147049,79,77,0,0
480553,1,0,1783,34,0,22,61510.91,147049,79,77,0,0
480660,1,3,1721,34,0,22,61510.91,147049,79,77,0,0
480781,1,4,1690,34,0,22,61511.98,147049,79,77,0,0
480891,1,5,1690,34,0,22,61511.98,147049,79,77,0,0
480981,1,6,1601,34,0,22,61511.98,147049,79,77,0,0
481081,1,6,1567,37,0,22,61511.98,147049,79,77,0,0
481233,1,7,1530,41,0,22,61511.98,147049,79,77,0,0
481333,1,8,1526,41,0,22,61511.98,147049,79,77,0,0
481465,1,10,1523,43,0,22,61511.98,147049,79,77,0,0
481581,1,11,1631,48,0,22,61513.05,147049,79,77,0,0
481681,1,12,1741,54,0,22,61513.05,147049,79,77,0,0
481781,1,12,1810,63,0,22,61513.05,147049,79,77,0,0
481890,1,12,1874,72,0,22,61513.05,147049,79,77,0,0
482033,1,13,2039,79,0,22,61513.05,147049,79,77,0,0
482141,1,14,2096,79,0,22,61513.05,147049,79,77,0,0
482253,1,15,2169,79,0,22,61513.05,147049,79,77,0,0
482378,1,15,2251,79,0,22,61514.07,147049,79,77,0,0
482483,1,16,2402,79,0,22,61514.07,147049,79,77,0,0
482581,1,17,2475,79,0,22,61514.07,147049,79,77,0,0
482698,1,17,2546,79,0,22,61514.07,147049,79,77,0,0
482829,1,18,2641,68,0,22,61514.07,147049,79,77,0,0
482948,1,18,2745,61,0,22,61515.11,147049,79,77,0,0
483053,1,19,2761,58,0,22,61515.11,147049,79,77,0,0
483153,1,20,2822,57,0,22,61515.11,147049,79,77,0,0
483281,1,20,2899,57,0,22,61515.11,147049,79,77,0,0
483383,1,20,2934,57,0,22,61515.11,147049,79,77,0,0
483483,1,21,2984,57,0,22,61515.11,147049,79,77,0,0
483580,1,21,3034,55,0,22,61516.12,147049,79,77,0,0
483733,1,21,2917,0,0,22,61516.12,147049,79,77,0,0
483833,1,21,2834,0,0,22,61516.12,147049,79,77,0,0
483953,1,22,2676,0,0,22,61516.12,147049,79,77,0,0
484081,1,22,2467,0,0,22,61516.12,147049,79,77,0,0
484198,1,22,2388,0,0,22,61516.12,147049,79,77,0,0
484281,1,22,2320,0,0,22,61516.12,147049,79,77,0,0
484428,1,22,2258,13,0,22,61516.12,147049,79,77,0,0
484533,1,22,2270,18,0,22,61516.12,147049,79,77,0,0
484654,1,22,2189,21,0,22,61516.12,147049,79,77,0,0
484753,1,22,2086,38,0,22,61516.12,147049,79,77,0,0
484833,1,22,2002,46,0,22,61516.12,147049,79,77,0,0
484981,1,23,1886,54,0,22,61516.12,147049,79,77,0,0
485081,1,23,1786,57,0,22,61517.14,147049,79,77,0,0
485228,1,23,1789,62,0,22,61517.14,147049,79,77,0,0
485328,1,23,1816,69,0,22,61517.14,147049,79,77,0,0
485453,1,24,1843,78,0,22,61517.14,147049,79,77,0,0
485568,1,24,1911,89,0,22,61517.14,147049,79,77,0,0
485681,1,26,1921,94,0,22,61517.14,147049,79,77,0,0
485781,1,25,1965,94,0,22,61517.14,147049,79,77,0,0
485883,1,25,1957,94,0,22,61518.15,147049,79,77,0,0
486027,1,26,2038,94,0,22,61518.15,147049,79,77,0,0
486140,1,26,2080,94,0,22,61518.15,147049,79,77,0,0
486253,1,28,2119,90,0,22,61518.15,147049,79,77,0,0
486333,1,28,2190,88,0,22,61519.16,147049,79,77,0,0
486481,1,29,2209,95,0,22,61519.16,147049,79,77,0,0
486581,1,29,2271,109,0,22,61519.16,147049,79,77,0,0
486698,1,29,2318,115,0,22,61519.16,147049,79,77,0,0
486818,1,30,2360,145,0,22,61519.16,147049,79,77,0,0
486933,1,31,2452,145,0,22,61520.21,147049,79,76,0,0
487053,1,32,2479,140,0,22,61520.21,147049,79,76,0,0
487153,1,33,2556,125,0,22,61520.21,147049,79,76,0,0
487280,1,34,2661,125,0,22,61521.33,147049,79,76,0,0
487383,1,35,2716,126,0,22,61521.33,147049,79,76,0,0
487482,1,36,2773,125,0,22,61521.33,147049,79,76,0,0
487581,1,37,2816,121,0,22,61522.51,147049,79,76,0,0
487733,1,37,2882,120,0,22,61522.51,147049,79,76,0,0
487818,1,38,2934,120,0,22,61522.51,147049,79,76,0,0
487953,1,39,3011,113,0,22,61523.59,147049,79,76,0,0
488078,1,40,3059,114,0,22,61523.59,147049,79,76,0,0
488180,1,41,3144,115,0,22,61523.59,147049,79,76,0,0
488280,1,41,3194,115,0,22,61524.72,147049,79,76,0,0
488381,1,42,3240,115,0,22,61524.72,147049,79,76,0,0
488533,1,42,3313,115,0,22,61525.90,147049,79,76,0,0
488639,1,43,3385,115,0,22,61525.90,147049,79,76,0,0
488753,1,45,3452,117,0,22,61525.90,147049,79,76,0,0
488833,1,45,3457,116,0,22,61526.91,147049,79,76,0,0
488980,1,46,3500,116,0,22,61526.91,147049,79,76,0,0
489080,1,47,3566,111,0,22,61527.94,147049,79,76,0,0
489198,1,47,3615,102,0,22,61527.94,147049,79,76,0,0
489328,1,47,3633,76,0,22,61527.94,147049,79,76,0,0
489450,1,47,3541,0,0,22,61529.10,147049,79,76,0,0
489553,1,48,3539,0,0,22,61529.10,147049,79,76,0,0
489677,1,48,3601,0,0,22,61529.10,147049,79,76,0,0
489780,1,48,3595,0,0,22,61529.10,147049,79,76,0,0
489885,1,48,3595,0,0,22,61529.10,147049,79,76,0,0
489980,1,48,3610,0,0,22,61529.10,147049,79,76,0,0
490133,1,48,3520,0,0,22,61529.10,147049,79,76,0,0
490233,1,47,3539,0,0,22,61529.10,147049,79,76,0,0
490333,1,46,3519,0,0,22,61529.10,147049,79,76,0,0
490479,1,46,3494,0,0,22,61529.10,147049,79,76,0,0
490580,1,46,3496,0,0,22,61530.11,147049,79,76,0,0
490698,1,46,3496,0,0,22,61530.11,147049,79,76,0,0
490780,1,46,3456,0,0,22,61530.11,147049,79,76,0,0
490933,1,46,3424,0,0,22,61530.11,147049,79,76,0,0
491033,1,45,3392,0,48,22,61530.11,147049,79,76,0,0
491153,1,45,3360,0,48,22,61530.11,147049,79,76,0,0
491253,1,44,3296,0,58,22,61530.11,147049,79,76,0,0
491384,1,44,3232,0,104,22,61530.11,147049,79,76,0,0
491482,1,43,3200,0,106,22,61530.11,147049,79,76,0,0
491580,1,42,3104,0,104,22,61530.11,147049,79,76,0,0
491731,1,41,3072,0,56,22,61530.11,147049,79,76,0,0
491833,1,41,3008,0,10,22,61530.11,147049,79,76,0,0
491952,1,40,3008,0,10,22,61530.11,147049,79,76,0,0
492068,1,39,2976,0,0,22,61530.11,147049,79,76,0,0
492180,1,40,2976,0,0,22,61530.11,147049,79,76,0,0
492280,1,40,2944,0,0,22,61530.11,147049,79,76,0,0
492380,1,40,2912,0,0,22,61530.11,147049,79,76,0,0
492527,1,38,2880,11,0,22,61530.11,147049,79,76,0,0
492639,1,38,2912,17,0,22,61530.11,147049,79,76,0,0
492753,1,38,2917,44,0,22,61530.11,147049,79,76,0,0
492833,1,38,2954,63,0,22,61530.11,147049,79,76,0,0
492980,1,38,2918,65,0,22,61530.11,147049,79,76,0,0
493080,1,39,2885,53,0,22,61530.11,147049,79,76,0,0
493198,1,39,2929,52,0,22,61530.11,147049,79,76,0,0
493317,1,39,2970,42,0,22,61530.11,147049,79,76,0,0
493433,1,39,2899,0,0,22,61531.16,147049,79,76,0,0
493552,1,39,2893,0,0,22,61531.16,147049,79,76,0,0
493654,1,39,2954,0,0,22,61531.16,147049,79,76,0,0
493780,1,39,2921,0,24,22,61531.16,147049,79,76,0,0
493833,1,39,2921,0,24,22,61531.16,147049,79,76,0,0
493980,1,38,2891,0,20,22,61531.16,147049,79,76,0,0
494080,1,38,2876,0,24,22,61531.16,147049,79,76,0,0
494233,1,38,2841,0,42,22,61531.16,147049,79,76,0,0
494352,1,37,2788,0,52,22,61531.16,147049,79,76,0,0
494463,1,37,2814,0,54,22,61531.16,147049,79,76,0,0
494580,1,36,2718,0,60,22,61531.16,147049,79,76,0,0
494698,1,36,2686,0,64,22,61531.16,147049,79,76,0,0
494780,1,35,2636,0,68,22,61531.16,147049,79,76,0,0
494927,1,35,2604,0,68,22,61531.16,147049,79,76,0,0
495033,1,34,2496,0,84,22,61531.16,147049,79,76,0,0
495152,1,33,2432,0,88,22,61531.16,147049,79,76,0,0
495252,1,32,2368,0,86,22,61531.16,147049,79,76,0,0
495381,1,31,2304,0,60,22,61531.16,147049,79,77,0,0
495481,1,31,2272,0,38,22,61531.16,147049,79,77,0,0
495580,1,30,2240,0,38,22,61531.16,147049,79,77,0,0
495727,1,30,2208,0,36,22,61531.16,147049,79,77,0,0
495834,1,29,2176,0,40,22,61531.16,147049,79,77,0,0
495952,1,28,2112,0,40,22,61531.16,147049,79,77,0,0
496068,1,28,2112,0,50,22,61531.16,147049,79,77,0,0
496180,1,27,2016,0,62,22,61531.16,147049,79,77,0,0
496280,1,27,1984,0,72,22,61531.16,147049,79,77,0,0
496394,1,26,1920,0,82,22,61531.16,147049,79,77,0,0
496527,1,25,1856,0,94,22,61531.16,147049,79,77,0,0
496639,1,25,1760,0,90,22,61531.16,147049,79,77,0,0
496752,1,23,1728,0,86,22,61531.16,147049,79,77,0,0
496833,1,23,1714,0,12,22,61531.16,147049,79,77,0,0
496980,1,22,1679,0,0,22,61531.16,147049,79,77,0,0
497080,1,22,1668,0,0,22,61531.16,147049,79,77,0,0
497197,1,22,1600,0,0,22,61531.16,147049,79,77,0,0
497280,1,21,1659,0,0,22,61531.16,147049,79,77,0,0
497434,1,21,1617,9,0,22,61531.16,147049,79,77,0,0
497552,1,21,1618,26,0,22,61531.16,147049,79,77,0,0
497654,1,21,1585,42,0,22,61531.16,147049,79,77,0,0
497778,1,21,1660,53,0,22,61531.16,147049,79,77,0,0
497836,1,21,1617,63,0,22,61531.16,147049,79,77,0,0
497980,1,21,1622,63,0,22,61532.18,147049,79,77,0,0
498083,1,21,1594,73,0,22,61532.18,147049,79,77,0,0
498232,1,21,1655,77,0,22,61532.18,147049,79,77,0,0
498327,1,21,1636,80,0,22,61532.18,147049,79,77,0,0
498463,1,21,1643,90,0,22,61532.18,147049,79,77,0,0
498578,1,21,1677,98,0,22,61532.18,147049,79,77,0,0
498683,1,22,1699,114,0,22,61532.18,147049,79,77,0,0
498780,1,22,1730,130,0,22,61533.19,147049,79,77,0,0
498883,1,23,1797,139,0,22,61533.19,147049,79,77,0,0
499027,1,23,1838,155,0,22,61533.19,147049,79,77,0,0
499138,1,24,1950,164,0,22,61533.19,147049,79,77,0,0
499252,1,25,1993,169,0,22,61533.19,147049,79,77,0,0
499368,1,26,2054,171,0,22,61534.30,147049,79,77,0,0
499482,1,27,2116,171,0,22,61534.30,147049,79,77,0,0
499580,1,28,2233,173,0,22,61534.30,147049,79,77,0,0
499697,1,29,2268,173,0,22,61535.38,147049,79,77,0,0
499827,1,29,2314,177,0,22,61535.38,147049,79,77,0,0
499933,1,30,2412,178,0,22,61535.38,147049,79,77,0,0
500033,1,31,2430,178,0,22,61536.57,147049,79,77,0,0
500152,1,32,2485,178,0,22,61536.57,147049,79,77,0,0
500281,1,33,2535,178,0,22,61537.68,147049,79,77,0,0
500352,1,33,2567,178,0,22,61537.68,147049,79,77,0,0
500481,1,34,2656,174,0,22,61537.68,147049,79,77,0,0
500580,1,35,2740,166,0,21,61538.75,147049,79,77,0,0
500734,1,36,2862,165,0,21,61539.75,147049,79,77,0,0
500833,1,37,2943,165,0,21,61539.75,147049,79,77,0,0
500952,1,39,2982,163,0,21,61540.89,147049,79,77,0,0
501077,1,40,3058,162,0,21,61540.89,147049,79,77,0,0
501183,1,41,3166,159,0,21,61542.07,147049,79,77,0,0
501280,1,41,3207,155,0,21,61542.07,147049,79,77,0,0
501391,1,42,3271,153,0,21,61543.27,147049,79,77,0,0
501533,1,43,3397,150,0,21,61543.27,147049,79,77,0,0
501638,1,44,3460,145,0,21,61544.59,147049,79,77,0,0
501752,1,46,3497,144,0,21,61545.60,147049,79,77,0,0
501879,1,47,3564,141,0,21,61545.60,147049,79,77,0,0
501980,1,48,3689,137,0,21,61546.61,147049,79,77,0,0
502083,1,48,3713,116,0,21,61547.62,147049,79,77,0,0
502197,1,49,3771,114,0,21,61548.65,147049,79,77,0,0
502335,1,50,3844,106,0,21,61548.65,147049,79,77,0,0
502449,1,50,3823,86,0,21,61549.86,147049,79,77,0,0
502552,1,51,3850,81,0,21,61549.86,147049,79,77,0,0
502677,1,51,3876,79,0,21,61549.86,147049,79,77,0,0
502780,1,51,3883,68,0,21,61550.93,147049,79,77,0,0
502904,1,51,3883,44,0,21,61550.93,147049,79,77,0,0
502980,1,51,3779,3,0,21,61550.93,147049,79,77,0,0
503132,1,51,3848,0,0,21,61550.93,147049,79,77,0,0
503233,1,51,3862,0,0,21,61550.93,147049,79,77,0,0
503352,1,51,3817,0,0,21,61550.93,147049,79,77,0,0
503463,1,50,3814,0,0,21,61550.93,147049,79,77,0,0
503584,1,50,3797,0,0,21,61550.93,147049,79,77,0,0
503698,1,50,3765,0,0,21,61551.95,147049,79,77,0,0
503780,1,50,3757,0,0,21,61551.95,147049,79,77,0,0
503927,1,49,3691,0,0,21,61551.95,147049,79,77,0,0
504033,1,49,3702,0,0,21,61551.95,147049,79,77,0,0
504152,1,49,3692,0,0,21,61551.95,147049,79,77,0,0
504252,1,48,3675,0,0,21,61551.95,147049,79,77,0,0
504390,1,48,3616,0,0,21,61551.95,147049,79,77,0,0
504482,1,48,3584,0,0,21,61551.95,147049,79,77,0,0
504583,1,47,3552,0,0,21,61551.95,147049,79,77,0,0
504726,1,47,3552,0,0,21,61551.95,147049,79,77,0,0
504833,1,47,3520,0,0,21,61551.95,147049,79,77,0,0
504952,1,46,3488,0,0,21,61551.95,147049,79,77,0,0
505068,1,46,3456,0,0,21,61551.95,147049,79,77,0,0
505184,1,46,3424,0,0,21,61551.95,147049,79,77,0,0
505280,1,46,3424,0,0,21,61551.95,147049,79,77,0,0
505352,1,45,3392,0,0,21,61551.95,147049,79,77,0,0
505527,1,45,3392,0,0,21,61551.95,147049,79,77,0,0
505638,1,45,3328,0,0,21,61551.95,147049,79,77,0,0
505751,1,44,3328,0,0,21,61551.95,147049,79,77,0,0
505833,1,44,3296,0,0,21,61551.95,147049,79,77,0,0
505980,1,44,3264,0,0,21,61551.95,147049,79,77,0,0
506081,1,43,3232,0,0,21,61551.95,147049,79,77,0,0
506197,1,43,3232,0,10,21,61551.95,147049,79,77,0,0
506320,1,43,3200,0,12,21,61551.95,147049,79,77,0,0
506427,1,42,3200,0,12,21,61551.95,147049,79,77,0,0
506552,1,41,3104,0,8,21,61551.95,147049,79,77,0,0
506655,1,41,3136,0,16,21,61551.95,147049,79,77,0,0
506780,1,41,3072,0,24,21,61551.95,147049,79,77,0,0
506852,1,41,3040,0,24,21,61551.95,147049,79,77,0,0
506980,1,40,3040,0,20,21,61551.95,147049,79,77,0,0
507081,1,40,3008,0,20,21,61551.95,147049,79,78,0,0
507232,1,40,2944,0,20,21,61551.95,147049,79,78,0,0
507317,1,39,2944,0,44,21,61551.95,147049,79,78,0,0
507463,1,38,2880,0,44,21,61551.95,147049,79,78,0,0
507577,1,38,2816,0,102,21,61551.95,147049,79,78,0,0
507683,1,37,2720,0,120,21,61551.95,147049,79,78,0,0
507780,1,36,2656,0,124,21,61551.95,147049,79,78,0,0
507883,1,35,2560,0,126,21,61551.95,147049,79,78,0,0
508032,1,34,2432,0,132,21,61551.95,147049,79,78,0,0
508138,1,33,2368,0,130,21,61551.95,147049,79,78,0,0
508252,1,31,2272,0,136,21,61551.95,147049,79,78,0,0
508333,1,31,2208,0,134,21,61551.95,147049,79,78,0,0
508481,1,29,2112,0,128,21,61551.95,147049,79,78,0,0
508581,1,28,2016,0,120,21,61551.95,147049,79,78,0,0
508697,1,27,1952,0,118,21,61551.95,147049,79,78,0,0
508832,1,26,1877,0,114,21,61551.95,147049,79,78,0,0
508947,1,25,1812,0,114,21,61551.95,147049,79,78,0,0
509052,1,23,1747,0,112,21,61551.95,147049,79,78,0,0
509177,1,23,1678,0,108,21,61551.95,147049,79,78,0,0
509280,1,22,1603,0,104,21,61551.95,147049,79,78,0,0
509386,1,21,1571,0,104,21,61551.95,147049,79,78,0,0
509483,1,20,1498,0,98,21,61551.95,147049,79,78,0,0
509632,1,19,1452,0,100,21,61551.95,147049,79,78,0,0
509732,1,19,1389,0,92,21,61551.95,147049,79,78,0,0
509832,1,18,1387,0,76,21,61551.95,147049,79,78,0,0
509977,1,17,1351,0,34,21,61551.95,147049,79,78,0,0
510081,1,16,1315,0,12,21,61551.95,147049,79,78,0,0
510197,1,16,1282,0,16,21,61551.95,147049,79,78,0,0
510281,1,16,1283,0,18,21,61551.95,147049,79,78,0,0
510433,1,16,1251,0,18,21,61551.95,147049,79,78,0,0
510539,1,15,1251,0,20,21,61551.95,147049,79,78,0,0
510655,1,15,1218,0,20,21,61551.95,147049,79,78,0,0
510752,1,15,1219,0,20,21,61551.95,147049,79,78,0,0
510885,1,15,1187,0,30,21,61551.95,147049,79,78,0,0
510980,1,14,1186,0,32,21,61551.95,147049,79,78,0,0
511081,1,14,1185,0,34,21,61551.95,147049,79,78,0,0
511232,1,14,1153,0,34,21,61551.95,147049,79,78,0,0
511327,1,14,1152,0,34,21,61551.95,147049,79,78,0,0
511463,1,13,1183,0,34,21,61551.95,147049,79,78,0,0
511581,1,13,1120,0,32,21,61552.96,147049,79,78,0,0
511683,1,12,1121,0,26,21,61552.96,147049,79,78,0,0
511780,1,12,1121,0,26,21,61552.96,147049,79,78,0,0
511883,1,12,1121,0,26,21,61552.96,147049,79,78,0,0
512032,1,11,1089,0,26,21,61552.96,147049,79,78,0,0
512138,1,11,1089,0,32,21,61552.96,147049,79,78,0,0
512252,1,10,1089,0,32,21,61552.96,147049,79,78,0,0
512332,1,10,1089,0,32,21,61552.96,147049,79,78,0,0
512481,1,9,1088,0,46,21,61552.96,147049,79,78,0,0
512581,1,9,1056,0,46,21,61552.96,147049,79,78,0,0
512697,1,8,1087,0,46,21,61552.96,147049,79,78,0,0
512818,1,8,1087,0,42,21,61552.96,147049,79,78,0,0
512952,1,6,1087,0,18,21,61552.96,147049,79,78,0,0
513067,1,6,1087,0,4,21,61552.96,147049,79,78,0,0
513177,1,6,1087,0,8,21,61552.96,147049,79,78,0,0
513281,1,6,1085,0,16,21,61552.96,147049,79,78,0,0
513409,1,5,1085,0,16,21,61552.96,147049,79,78,0,0
513482,1,5,1053,0,14,21,61552.96,147049,79,78,0,0
513638,1,5,1053,0,2,21,61552.96,147049,79,78,0,0
513752,1,5,1052,0,0,21,61552.96,147049,79,78,0,0
513852,1,4,1052,0,0,21,61552.96,147049,79,78,0,0
513977,1,4,1051,0,0,21,61552.96,147049,79,78,0,0
514081,1,4,1052,0,0,21,61552.96,147049,79,78,0,0
514197,1,4,1020,0,0,21,61552.96,147049,79,78,0,0
514281,1,4,1019,0,0,21,61552.96,147049,79,78,0,0
514432,1,4,987,0,0,21,61552.96,147049,79,78,0,0
514551,1,3,986,0,0,21,61552.96,147049,79,78,0,0
514655,1,3,985,0,0,21,61552.96,147049,79,78,0,0
514781,1,3,951,0,0,21,61552.96,147049,79,78,0,0
514883,1,3,918,0,0,21,61552.96,147049,79,78,0,0
514980,1,3,917,0,0,21,61552.96,147049,79,78,0,0
515081,1,3,884,0,0,21,61553.97,147049,79,78,0,0
515232,1,3,883,0,0,21,61553.97,147049,79,78,0,0
515332,1,3,883,0,0,21,61553.97,147049,79,78,0,0
515463,1,3,851,0,0,21,61553.97,147049,79,78,0,0
515580,1,3,849,0,0,21,61553.97,147049,79,78,0,0
515683,1,3,848,0,0,21,61553.97,147049,79,78,0,0
515781,1,3,847,0,12,21,61553.97,147049,79,78,0,0
515926,1,2,847,0,6,21,61553.97,147049,79,78,0,0
516032,1,2,847,0,18,21,61553.97,147049,79,78,0,0
516151,1,2,847,0,12,21,61553.97,147049,79,78,0,0
516253,1,0,847,0,12,21,61553.97,147049,79,78,0,0
516382,1,0,847,0,8,21,61553.97,147049,79,78,0,0
516482,1,0,849,0,6,21,61553.97,147049,79,78,0,0
516580,1,0,849,0,6,21,61553.97,147049,79,78,0,0
516697,1,0,850,0,6,21,61553.97,147049,79,78,0,0
516827,1,0,849,0,12,21,61553.97,147049,79,78,0,0
516952,1,0,848,0,14,21,61553.97,147049,79,78,0,0
517067,1,0,847,0,14,21,61553.97,147049,79,78,0,0
517183,1,0,847,0,24,21,61553.97,147049,79,78,0,0
517281,1,0,847,0,26,21,61553.97,147049,79,78,0,0
517383,1,0,847,0,26,21,61553.97,147049,79,78,0,0
517483,1,0,847,0,26,21,61553.97,147049,79,78,0,0
517638,1,0,847,0,26,21,61553.97,147049,79,78,0,0
517752,1,0,846,0,8,21,61553.97,147049,79,78,0,0
517827,1,0,846,0,0,21,61553.97,147049,79,78,0,0
517981,1,0,847,0,0,21,61553.97,147049,79,78,0,0
518081,1,0,847,0,0,21,61553.97,147049,79,78,0,0
518197,1,0,884,0,0,21,61553.97,147049,79,78,0,0
518327,1,0,928,0,0,21,61553.97,147049,79,78,0,0
518432,1,0,1164,0,0,21,61553.97,147049,79,78,0,0
518552,1,0,1389,0,0,21,61553.97,147049,79,78,0,0
518652,1,0,1417,2,0,21,61553.97,147049,79,78,0,0
518781,1,0,1420,3,0,21,61554.97,147049,79,78,0,0
518883,1,0,1440,4,0,21,61554.97,147049,79,78,0,0
518981,1,0,1504,4,0,21,61554.97,147049,79,78,0,0
519081,1,0,1593,4,0,21,61554.97,147049,79,78,0,0
519233,1,3,1600,4,0,21,61554.97,147049,79,78,0,0
519332,1,3,1538,4,0,21,61554.97,147049,79,78,0,0
519462,1,5,1462,4,0,21,61554.97,147049,79,78,0,0
519581,1,5,1289,0,0,21,61556.01,147049,79,78,0,0
519683,1,6,1129,0,0,21,61556.01,147049,79,78,0,0
519781,1,7,1021,0,0,21,61556.01,147049,79,78,0,0
519892,1,7,1021,0,0,21,61556.01,147049,79,78,0,0
520032,1,7,1244,0,0,21,61556.01,147049,79,78,0,0
520151,1,8,1153,0,0,21,61556.01,147049,79,78,0,0
520252,1,9,1218,0,0,21,61556.01,147049,79,78,0,0
520379,1,9,1251,0,0,21,61556.01,147049,79,78,0,0
520482,1,9,1311,0,0,21,61556.01,147049,79,78,0,0
520582,1,9,1263,0,0,21,61556.01,147049,79,78,0,0
520697,1,9,1285,0,0,21,61556.01,147049,79,78,0,0
520826,1,9,1312,0,0,21,61556.01,147049,79,78,0,0
520951,1,9,1309,0,0,21,61556.01,147049,79,78,0,0
521068,1,9,1305,0,0,21,61556.01,147049,79,78,0,0
521182,1,9,1291,0,0,21,61557.02,147049,79,78,0,0
521281,1,9,1317,0,0,21,61557.02,147049,79,79,0,0
521482,1,9,1346,0,0,21,61557.02,147049,79,79,0,0
521581,1,9,1345,0,0,21,61557.02,147049,79,79,0,0
521732,1,9,1377,0,0,21,61557.02,147049,79,79,0,0
521832,1,10,1409,0,0,21,61557.02,147049,79,79,0,0
521977,1,10,1441,0,0,21,61557.02,147049,79,79,0,0
522081,1,10,1473,0,0,21,61557.02,147049,79,79,0,0
522197,1,10,1506,0,0,21,61557.02,147049,79,79,0,0
522316,1,10,1571,0,0,21,61557.02,147049,79,79,0,0
522432,1,11,1604,0,0,21,61557.02,147049,79,79,0,0
522532,1,11,1670,0,0,21,61557.02,147049,79,79,0,0
522651,1,12,1735,0,0,21,61557.02,147049,79,79,0,0
522754,1,12,1800,0,0,21,61557.02,147049,79,79,0,0
522851,1,13,1834,0,0,21,61557.02,147049,79,79,0,0
522981,1,13,1872,0,0,21,61557.02,147049,79,79,0,0
523081,1,13,1937,0,0,21,61557.02,147049,79,79,0,0
523232,1,14,2023,0,0,21,61557.02,147049,79,79,0,0
523316,1,14,2019,0,0,21,61557.02,147049,79,79,0,0
523462,1,14,2093,0,0,21,61557.02,147049,79,79,0,0
523577,1,15,2168,0,0,21,61557.02,147049,79,79,0,0
523683,1,15,2235,0,0,21,61557.02,147049,79,79,0,0
523781,1,16,2264,0,0,21,61557.02,147049,79,79,0,0
523890,1,16,2296,0,0,21,61557.02,147049,79,79,0,0
524032,1,16,2362,0,0,21,61557.02,147049,79,79,0,0
524138,1,16,2394,0,0,21,61557.02,147049,79,79,0,0
524251,1,17,2430,0,34,21,61557.02,147049,79,79,0,0
524377,1,17,2400,0,12,21,61557.02,147049,79,79,0,0
524482,1,17,2400,0,56,21,61557.02,147049,79,79,0,0
524584,1,17,2400,0,86,21,61557.02,147049,79,79,0,0
524696,1,17,2336,0,86,21,61557.02,147049,79,79,0,0
524826,1,16,2240,0,90,21,61557.02,147049,79,79,0,0
524932,1,16,2176,0,90,21,61557.02,147049,79,79,0,0
525051,1,15,2112,0,102,21,61557.02,147049,79,79,0,0
525151,1,14,1984,0,108,21,61557.02,147049,79,79,0,0
525281,1,14,1856,0,112,21,61557.02,147049,79,79,0,0
525384,1,13,1812,0,112,21,61557.02,147049,79,79,0,0
525482,1,13,1753,0,116,21,61557.02,147049,79,79,0,0
525632,1,12,1632,0,114,21,61557.02,147049,79,79,0,0
525735,1,12,1544,0,110,21,61557.02,147049,79,79,0,0
525816,1,11,1472,0,0,21,61557.02,147049,79,79,0,0
525951,1,11,1490,0,0,21,61557.02,147049,79,79,0,0
526081,1,11,1584,0,0,21,61557.02,147049,79,79,0,0
526197,1,10,1517,0,0,21,61558.03,147049,79,79,0,0
526316,1,10,1451,0,0,21,61558.03,147049,79,79,0,0
526426,1,10,1417,4,0,21,61558.03,147049,79,79,0,0
526532,1,10,1481,19,0,21,61558.03,147049,79,79,0,0
526651,1,10,1448,28,0,21,61558.03,147049,79,79,0,0
526751,1,10,1449,34,0,21,61558.03,147049,79,79,0,0
526832,1,10,1456,43,0,21,61558.03,147049,79,79,0,0
526981,1,10,1413,50,0,21,61558.03,147049,79,79,0,0
527081,1,10,1438,51,0,21,61558.03,147049,79,79,0,0
527231,1,10,1503,73,0,21,61558.03,147049,79,79,0,0
527326,1,10,1522,74,0,21,61558.03,147049,79,79,0,0
527462,1,11,1585,80,0,21,61558.03,147049,79,79,0,0
527567,1,11,1655,81,0,21,61558.03,147049,79,79,0,0
527684,1,12,1771,81,0,21,61558.03,147049,79,79,0,0
527784,1,12,1838,81,0,21,61559.07,147049,79,79,0,0
527887,1,13,1870,81,0,21,61559.07,147049,79,79,0,0
528026,1,13,1997,70,0,21,61559.07,147049,79,79,0,0
528138,1,14,2104,58,0,21,61559.07,147049,79,79,0,0
528251,1,15,2128,54,0,21,61559.07,147049,79,79,0,0
528377,1,15,2157,54,0,21,61559.07,147049,79,79,0,0
528484,1,15,2299,54,0,21,61560.09,147049,79,79,0,0
528581,1,16,2276,54,0,21,61560.09,147049,79,79,0,0
528696,1,16,2319,54,0,21,61560.09,147049,79,79,0,0
528816,1,16,2364,54,0,21,61560.09,147049,79,79,0,0
528946,1,16,2402,56,0,21,61560.09,147049,79,79,0,0
529051,1,17,2437,56,0,21,61560.09,147049,79,79,0,0
529177,1,17,2501,57,0,21,61560.09,147049,79,78,0,0
529281,1,18,2583,57,0,21,61560.09,147049,79,78,0,0
529384,1,18,2593,57,0,21,61561.15,147049,79,78,0,0
529484,1,18,2633,57,0,21,61561.15,147049,79,78,0,0
529632,1,19,2702,57,0,21,61561.15,147049,79,78,0,0
529732,1,19,2770,57,0,21,61561.15,147049,79,78,0,0
529832,1,19,2806,57,0,21,61561.15,147049,79,78,0,0
529977,1,20,2840,57,0,21,61561.15,147049,79,78,0,0
530084,1,20,2908,49,0,21,61561.15,147049,79,78,0,0
530196,1,20,2865,32,0,21,61562.20,147049,79,78,0,0
530316,1,20,2848,3,0,21,61562.20,147049,79,78,0,0
530432,1,20,2801,0,0,21,61562.20,147049,79,78,0,0
530532,1,20,2719,0,0,21,61562.20,147049,79,78,0,0
530651,1,20,2585,0,0,21,61562.20,147049,79,78,0,0
530776,1,20,2401,0,0,21,61562.20,147049,79,78,0,0
530886,1,20,2304,0,0,21,61562.20,147049,79,78,0,0
530981,1,20,2217,0,0,21,61562.20,147049,79,78,0,0
531084,1,20,2152,0,0,21,61562.20,147049,79,78,0,0
531232,1,20,2070,0,0,21,61562.20,147049,79,78,0,0
531332,1,20,2012,0,0,21,61562.20,147049,79,78,0,0
531462,1,20,1949,0,0,21,61562.20,147049,79,78,0,0
531578,1,20,1851,4,0,21,61562.20,147049,79,78,0,0
531684,1,20,1608,11,0,21,61562.20,147049,79,78,0,0
531781,1,20,1511,15,0,21,61562.20,147049,79,78,0,0
531885,1,20,1543,22,0,21,61562.20,147049,79,78,0,0
532034,1,20,1536,27,0,21,61562.20,147049,79,78,0,0
532138,1,20,1576,31,0,21,61562.20,147049,79,78,0,0
532251,1,21,1578,32,0,21,61563.20,147049,79,78,0,0
532377,1,21,1581,33,0,21,61563.20,147049,79,78,0,0
532484,1,21,1621,34,0,21,61563.20,147049,79,78,0,0
532584,1,21,1623,35,0,21,61563.20,147049,79,78,0,0
532696,1,21,1623,36,0,21,61563.20,147049,79,78,0,0
532834,1,21,1625,36,0,21,61563.20,147049,79,78,0,0
532951,1,21,1628,37,0,21,61563.20,147049,79,78,0,0
533051,1,21,1628,37,0,21,61563.20,147049,79,78,0,0
533151,1,21,1661,37,0,21,61563.20,147049,79,78,0,0
533284,1,22,1632,37,0,21,61563.20,147049,79,78,0,0
533384,1,22,1665,37,0,21,61563.20,147049,79,78,0,0
533499,1,22,1691,37,0,21,61563.20,147049,79,78,0,0
533637,1,22,1692,37,0,21,61564.22,147049,79,78,0,0
533751,1,22,1725,35,0,21,61564.22,147049,79,78,0,0
533834,1,22,1725,13,0,21,61564.22,147049,79,78,0,0
533981,1,22,1668,0,0,21,61564.22,147049,79,78,0,0
534084,1,22,1696,0,0,21,61564.22,147049,79,78,0,0
534196,1,22,1683,0,0,21,61564.22,147049,79,78,0,0
534316,1,22,1678,0,0,21,61564.22,147049,79,78,0,0
534432,1,22,1677,0,0,21,61564.22,147049,79,78,0,0
534534,1,22,1677,0,0,21,61564.22,147049,79,78,0,0
534651,1,22,1677,0,0,21,61564.22,147049,79,78,0,0
534777,1,22,1643,0,0,21,61564.22,147049,79,78,0,0
534884,1,22,1660,0,0,21,61564.22,147049,79,78,0,0
534981,1,21,1644,0,0,21,61564.22,147049,79,78,0,0
535084,1,21,1604,0,0,21,61564.22,147049,79,78,0,0
535232,1,21,1597,0,0,21,61564.22,147049,79,78,0,0
535334,1,21,1572,0,0,21,61564.22,147049,79,78,0,0
535462,1,21,1581,0,0,21,61564.22,147049,79,78,0,0
535577,1,20,1549,0,0,21,61564.22,147049,79,78,0,0
535677,1,20,1559,0,0,21,61564.22,147049,79,78,0,0
535784,1,20,1517,0,0,21,61564.22,147049,79,78,0,0
535926,1,20,1512,0,0,21,61564.22,147049,79,78,0,0
536034,1,20,1512,0,0,21,61564.22,147049,79,78,0,0
536151,1,19,1493,0,0,21,61564.22,147049,79,78,0,0
536251,1,19,1492,0,0,21,61564.22,147049,79,78,0,0
536351,1,19,1492,0,0,21,61564.22,147049,79,78,0,0
536486,1,19,1448,0,0,21,61564.22,147049,79,78,0,0
536584,1,19,1445,0,0,21,61564.22,147049,79,78,0,0
536696,1,19,1413,0,0,21,61564.22,147049,79,78,0,0
536834,1,19,1412,0,0,21,61564.22,147049,79,78,0,0
536951,1,18,1411,0,0,21,61565.22,147049,79,78,0,0
537067,1,18,1379,0,0,21,61565.22,147049,79,78,0,0
537184,1,18,1378,0,0,21,61565.22,147049,79,78,0,0
537284,1,18,1377,0,0,21,61565.22,147049,79,78,0,0
537394,1,18,1345,0,0,21,61565.22,147049,79,78,0,0
537526,1,18,1375,0,0,21,61565.22,147049,79,78,0,0
537636,1,18,1343,0,20,21,61565.22,147049,79,78,0,0
537751,1,17,1343,0,20,21,61565.22,147049,79,78,0,0
537834,1,17,1341,0,28,21,61565.22,147049,79,78,0,0
537984,1,17,1276,0,56,21,61565.22,147049,79,78,0,0
538084,1,16,1275,0,58,21,61565.22,147049,79,78,0,0
538196,1,16,1241,0,58,21,61565.22,147049,79,78,0,0
538326,1,16,1208,0,60,21,61565.22,147049,79,78,0,0
538436,1,15,1144,0,68,21,61565.22,147049,79,78,0,0
538553,1,14,1144,0,84,21,61565.22,147049,79,78,0,0
538651,1,14,1113,0,94,21,61565.22,147049,79,78,0,0
538777,1,13,1114,0,96,21,61565.22,147049,79,78,0,0
538834,1,13,1117,0,96,21,61565.22,147049,79,78,0,0
538984,1,11,1118,0,96,21,61565.22,147049,79,78,0,0
539084,1,11,1117,0,92,21,61565.22,147049,79,78,0,0
539235,1,10,1117,0,92,21,61565.22,147049,79,78,0,0
539326,1,9,1117,0,88,21,61565.22,147049,79,78,0,0
539462,1,8,1085,0,88,21,61565.22,147049,79,78,0,0
539584,1,7,1084,0,76,21,61565.22,147049,79,78,0,0
539696,1,6,1084,0,76,21,61565.22,147049,79,78,0,0
539803,1,6,1084,0,72,21,61565.22,147049,79,78,0,0
539926,1,5,1084,0,62,21,61565.22,147049,79,78,0,0
540034,1,4,1052,0,60,21,61565.22,147049,79,78,0,0
540151,1,3,1052,0,44,21,61565.22,147049,79,78,0,0
540251,1,3,1052,0,44,21,61565.22,147049,79,78,0,0
540334,1,3,1020,0,44,21,61565.22,147049,79,78,0,0
540484,1,0,985,0,44,21,61565.22,147049,79,78,0,0
540584,1,0,953,0,44,21,61566.23,147049,79,78,0,0
540726,1,0,887,0,42,21,61566.23,147049,79,78,0,0
540834,1,0,853,0,36,21,61566.23,147049,79,78,0,0
540951,1,0,853,0,36,21,61566.23,147049,79,78,0,0
541067,1,0,852,0,2,21,61566.23,147049,79,78,0,0
541184,1,0,853,0,0,21,61566.23,147049,79,78,0,0
541284,1,0,853,0,0,21,61566.23,147049,79,78,0,0
541392,1,0,821,0,0,21,61566.23,147049,79,78,0,0
541526,1,0,822,0,0,21,61566.23,147049,79,78,0,1
541635,1,0,822,0,0,21,61566.23,147049,79,78,0,1
541751,1,0,859,0,0,21,61566.23,147049,79,78,0,1
541834,1,0,942,0,0,21,61566.23,147049,79,78,0,1
541984,1,0,1344,0,0,21,61566.23,147049,79,78,0,1
542084,1,0,1535,0,0,21,61566.23,147049,79,78,0,1
542196,1,0,1603,0,0,21,61566.23,147049,79,78,0,1
542326,1,0,1618,0,0,21,61566.23,147049,79,78,0,1
542434,1,0,1520,0,0,21,61566.23,147049,79,78,0,1
542552,1,0,1382,0,0,21,61566.23,147049,79,78,0,1
542651,1,0,1244,0,0,21,61567.25,147049,79,78,0,1
542784,1,0,1060,0,0,21,61567.25,147049,79,78,0,1
542884,1,0,1099,0,0,21,61567.25,147049,79,78,0,1
542984,1,0,1142,0,0,21,61567.25,147049,79,78,0,1
543085,1,0,1121,0,0,21,61567.25,147049,79,78,0,1
543237,1,2,1100,0,0,21,61567.25,147049,79,78,0,1
543334,1,3,1116,0,0,21,61567.25,147049,79,78,0,1
543462,1,3,1152,0,0,21,61567.25,147049,79,78,0,1
543584,1,3,1300,0,0,21,61567.25,147049,79,78,0,1
543696,1,3,1314,0,0,21,61567.25,147049,79,78,0,1
543784,1,3,1333,0,0,21,61567.25,147049,79,78,0,1
543925,1,3,1286,0,0,21,61567.25,147049,79,78,0,1
544034,1,3,1274,0,0,21,61567.25,147049,79,78,0,1
544151,1,3,1232,0,0,21,61567.25,147049,79,78,0,1
544251,1,3,1159,0,0,21,61568.26,147049,79,78,0,1
544334,1,3,1088,0,0,21,61568.26,147049,79,78,0,1
544486,1,3,992,0,0,21,61568.26,147049,79,78,0,1
544584,1,3,1061,0,0,21,61568.26,147049,79,78,0,1
544726,1,2,1197,0,0,21,61568.26,147049,79,78,0,1
544835,1,2,1248,0,0,21,61568.26,147049,79,78,0,1
544952,1,3,1202,0,0,21,61568.26,147049,79,78,0,1
545067,1,3,1138,0,0,21,61568.26,147049,79,78,0,1
545184,1,3,1126,0,0,21,61568.26,147049,79,78,0,1
545284,1,3,1176,0,0,21,61568.26,147049,79,78,0,1
545389,1,3,1176,0,0,21,61568.26,147049,79,78,0,1
545526,1,3,1237,0,0,21,61568.26,147049,79,78,0,1
545634,1,4,1250,0,0,21,61568.26,147049,79,78,0,1
545751,1,4,1269,0,0,21,61568.26,147049,79,78,0,1
545826,1,4,1224,0,0,21,61568.26,147049,79,78,0,1
545983,1,3,1133,0,0,21,61568.26,147049,79,78,0,1
546084,1,3,1062,0,0,21,61569.26,147049,79,78,0,1
546196,1,3,1028,0,0,21,61569.26,147049,79,78,0,1
546325,1,3,1023,0,0,21,61569.26,147049,79,78,0,1
546434,1,3,958,0,0,21,61569.26,147049,79,78,0,1
546551,1,3,957,0,0,21,61569.26,147049,79,78,0,1
546670,1,3,923,0,0,21,61569.26,147049,79,78,0,1
546784,1,3,889,0,4,21,61569.26,147049,79,78,0,1
546884,1,3,889,0,4,21,61569.26,147049,79,78,0,1
546984,1,3,888,0,2,21,61569.26,147049,79,78,0,1
547084,1,2,888,0,0,21,61569.26,147049,79,78,0,1
547234,1,0,857,0,0,21,61569.26,147049,79,78,0,1
547351,1,0,859,0,0,21,61569.26,147049,79,78,0,0
547461,1,0,857,0,0,21,61569.26,147049,79,78,0,0
547584,1,0,856,0,0,21,61569.26,147049,79,78,0,0
547696,1,0,856,0,0,21,61569.26,147049,79,78,0,0
547816,1,0,855,0,0,21,61569.26,147049,79,78,0,0
547934,1,0,853,0,0,21,61569.26,147049,79,78,0,0
548051,1,0,853,0,0,21,61569.26,147049,79,78,0,0
548151,1,0,853,0,0,21,61569.26,147049,79,78,0,0
548277,1,0,853,0,0,21,61569.26,147049,79,78,0,0
548387,1,0,853,0,0,21,61569.26,147049,79,78,0,0
548486,1,0,853,0,0,21,61569.26,147049,79,78,0,0
548584,1,0,853,0,0,21,61569.26,147049,79,78,0,0
548734,1,0,852,0,0,21,61569.26,147049,79,78,0,0
548826,1,0,852,0,0,21,61569.26,147049,79,78,0,0
548977,1,0,849,0,0,21,61569.26,147049,79,78,0,0
549084,1,0,849,0,0,21,61569.26,147049,79,78,0,0
549196,1,0,849,0,0,21,61569.26,147049,79,78,0,0
549315,1,0,849,0,0,21,61569.26,147049,79,78,0,0
549427,1,0,849,0,0,21,61569.26,147049,79,78,0,0
549534,1,0,849,0,0,21,61569.26,147049,79,78,0,0
549651,1,0,849,0,0,21,61569.26,147049,79,78,0,0
549751,1,0,849,0,0,21,61569.26,147049,79,78,0,0
549851,1,0,817,0,0,21,61569.26,147049,79,78,0,0
549984,1,0,818,0,0,21,61569.26,147049,79,78,0,1
550083,1,0,819,0,0,21,61570.27,147049,79,78,0,1
550225,1,0,825,0,0,21,61570.27,147049,79,78,0,1
550334,1,0,906,0,0,21,61570.27,147049,79,78,0,1
550461,1,0,1233,0,0,21,61570.27,147049,79,78,0,1
550567,1,0,1481,0,0,21,61570.27,147049,79,78,0,1
550684,1,0,1648,0,0,21,61570.27,147049,79,78,0,1
550797,1,0,1597,0,0,21,61570.27,147049,79,78,0,1
550898,1,0,1501,0,0,21,61570.27,147049,79,78,0,1
551026,1,0,1218,0,0,21,61570.27,147049,79,78,0,1
551134,1,0,950,0,0,21,61570.27,147049,79,78,0,1
551250,1,0,919,0,0,21,61570.27,147049,79,78,0,1
551334,1,0,958,0,0,21,61570.27,147049,79,78,0,1
551485,1,0,953,0,0,21,61570.27,147049,79,78,0,1
551583,1,0,907,0,0,21,61570.27,147049,79,78,0,1
551696,1,0,886,0,0,21,61570.27,147049,79,78,0,1
551825,1,0,768,0,0,21,61570.27,147049,79,78,0,1
551934,1,0,766,0,0,21,61571.29,147049,79,78,0,1
552052,1,0,796,0,0,21,61571.29,147049,79,78,0,1
552151,1,0,806,0,0,21,61571.29,147049,79,78,0,1
552284,1,0,833,0,0,21,61571.29,147049,79,78,0,1
552385,1,0,833,0,0,21,61571.29,147049,79,78,0,1
552484,1,0,863,0,0,21,61571.29,147049,79,78,0,1
552631,1,0,825,0,0,21,61571.29,147049,79,78,0,1
552734,1,0,889,0,0,21,61571.29,147049,79,78,0,1
552825,1,0,875,0,0,21,61571.29,147049,79,78,0,1
552950,1,0,1037,0,0,21,61571.29,147049,79,78,0,1
553084,1,0,1113,0,0,21,61571.29,147049,79,78,0,1
553196,1,0,1065,0,0,21,61571.29,147049,79,78,0,1
553284,1,0,1041,0,0,21,61571.29,147049,79,78,0,1
553425,1,0,1009,0,0,21,61571.29,147049,79,78,0,1
553534,1,0,973,0,0,21,61571.29,147049,79,78,0,1
553651,1,0,963,0,0,21,61571.29,147049,79,78,0,1
553750,1,0,989,0,0,21,61571.29,147049,79,78,0,1
553850,1,0,982,0,0,21,61571.29,147049,79,78,0,1
553983,1,0,961,0,0,21,61572.29,147049,79,78,0,1
554083,1,0,954,0,0,21,61572.29,147049,79,78,0,1
554225,1,0,906,0,0,21,61572.29,147049,79,78,0,1
554334,1,0,864,0,0,21,61572.29,147049,79,78,0,1
554450,1,0,867,0,0,21,61572.29,147049,79,78,0,1
554566,1,0,856,0,0,21,61572.29,147049,79,78,0,1
554677,1,0,850,0,0,21,61572.29,147049,79,78,0,1
554784,1,0,838,0,0,21,61572.29,147049,79,78,0,1
554896,1,0,838,0,0,21,61572.29,147049,79,78,0,1
555025,1,0,831,0,0,21,61572.29,147049,79,78,0,0
555134,1,0,858,0,0,21,61572.29,147049,79,78,0,0
555250,1,0,856,0,0,21,61572.29,147049,79,78,0,0
555333,1,0,823,0,0,21,61572.29,147049,79,78,0,0
555483,1,0,824,0,0,21,61572.29,147049,79,78,0,0
555583,1,0,824,0,0,21,61572.29,147049,79,78,0,0
555695,1,0,857,0,0,21,61572.29,147049,79,78,0,0
555815,1,0,869,0,0,21,61572.29,147049,79,78,0,0
555934,1,0,1150,0,0,21,61572.29,147049,79,78,0,0
556050,1,0,1192,0,0,21,61572.29,147049,79,78,0,0
556150,1,0,1164,0,0,21,61572.29,147049,79,78,0,0
556277,1,0,1175,0,0,21,61572.29,147049,79,78,0,0
556350,1,0,1113,0,0,21,61573.31,147049,79,78,0,0
556484,1,0,1146,0,0,21,61573.31,147049,79,78,0,0
556584,1,0,1195,0,0,21,61573.31,147049,79,78,0,0
556734,1,0,1262,0,0,21,61573.31,147049,79,78,0,0
556833,1,0,1201,0,0,21,61573.31,147049,79,78,0,0
556950,1,0,1144,0,0,21,61573.31,147049,79,78,0,0
557077,1,0,1124,0,0,21,61573.31,147049,79,78,0,0
557184,1,2,1146,0,0,21,61573.31,147049,79,79,0,0
557283,1,3,1149,0,0,21,61573.31,147049,79,79,0,0
557383,1,3,1139,0,0,21,61573.31,147049,79,79,0,0
557533,1,4,1137,0,0,21,61573.31,147049,79,79,0,0
557634,1,4,1137,0,0,21,61574.32,147049,79,79,0,0
557750,1,5,1137,0,0,21,61574.32,147049,79,79,0,0
557833,1,5,1137,0,0,21,61574.32,147049,79,79,0,0
557983,1,6,1138,0,0,21,61574.32,147049,79,79,0,0
558083,1,6,1137,0,0,21,61574.32,147049,79,79,0,0
558195,1,6,1101,0,0,21,61574.32,147049,79,79,0,0
558325,1,7,1130,0,0,21,61574.32,147049,79,79,0,0
558434,1,7,1137,0,0,21,61574.32,147049,79,79,0,0
558550,1,8,1140,0,0,21,61574.32,147049,79,79,0,0
558650,1,8,1168,0,0,21,61574.32,147049,79,79,0,0
558783,1,8,1179,0,0,21,61574.32,147049,79,79,0,0
558893,1,8,1179,0,0,21,61574.32,147049,79,79,0,0
558983,1,8,1122,0,0,21,61575.34,147049,79,79,0,0
559083,1,8,1120,0,0,21,61575.34,147049,79,79,0,0
559234,1,8,1118,0,42,21,61575.34,147049,79,79,0,0
559333,1,8,1077,0,18,21,61575.34,147049,79,79,0,0
559461,1,8,1072,0,18,21,61575.34,147049,79,79,0,0
559583,1,7,1033,0,38,21,61575.34,147049,79,79,0,0
559696,1,7,1030,0,40,21,61575.34,147049,79,79,0,0
559815,1,7,1029,0,42,21,61575.34,147049,79,79,0,0
559925,1,6,1029,0,44,21,61575.34,147049,79,79,0,0
560033,1,6,1027,0,42,21,61575.34,147049,79,79,0,0
560150,1,5,1023,0,38,21,61575.34,147049,79,79,0,0
560250,1,5,993,0,32,21,61575.34,147049,79,79,0,0
560383,1,5,995,0,26,21,61575.34,147049,79,79,0,0
560485,1,4,995,0,24,21,61575.34,147049,79,79,0,0
560583,1,4,995,0,20,21,61575.34,147049,79,79,0,0
560725,1,4,995,0,18,21,61575.34,147049,79,79,0,0
560833,1,4,961,0,18,21,61575.34,147049,79,79,0,0
560950,1,3,961,0,20,21,61575.34,147049,79,79,0,0
561066,1,3,960,0,20,21,61575.34,147049,79,79,0,0
561177,1,3,959,0,20,21,61575.34,147049,79,79,0,0
561286,1,3,924,0,14,21,61575.34,147049,79,79,0,0
561383,1,3,923,0,14,21,61575.34,147049,79,79,0,0
561483,1,2,890,0,2,21,61575.34,147049,79,79,0,0
561634,1,2,891,0,2,21,61575.34,147049,79,79,0,0
561785,1,0,856,0,4,21,61575.34,147049,79,79,0,0
561918,1,0,856,0,4,21,61575.34,147049,79,79,0,0
562026,1,0,854,0,4,21,61575.34,147049,79,79,0,0
562134,1,0,854,0,4,21,61575.34,147049,79,79,0,0
562250,1,0,854,0,2,21,61576.36,147049,79,79,0,0
562350,1,0,853,0,0,21,61576.36,147049,79,79,0,0
562483,1,0,853,0,0,21,61576.36,147049,79,79,0,0
562583,1,0,853,0,0,21,61576.36,147049,79,79,0,0
562695,1,0,853,0,0,21,61576.36,147049,79,79,0,0
562825,1,0,853,0,0,21,61576.36,147049,79,79,0,0
562950,1,0,854,0,0,21,61576.36,147049,79,79,0,0
563050,1,0,853,0,0,21,61576.36,147049,79,79,0,0
563176,1,0,853,0,0,21,61576.36,147049,79,79,0,0
563284,1,0,854,0,0,21,61576.36,147049,79,79,0,0
563383,1,0,853,0,0,21,61576.36,147049,79,79,0,0
563484,1,0,853,0,0,21,61576.36,147049,79,79,0,0
563633,1,0,853,0,0,21,61576.36,147049,79,79,0,0
563734,1,0,853,0,0,21,61576.36,147049,79,79,0,0
563833,1,0,853,0,0,21,61576.36,147049,79,79,0,0
563976,1,0,853,0,0,21,61576.36,147049,79,79,0,0
564083,1,0,853,0,0,21,61576.36,147049,79,79,0,0
564195,1,0,853,0,0,21,61576.36,147049,79,79,0,0
564315,1,0,854,0,0,21,61576.36,147049,79,79,0,0
564425,1,0,855,0,0,21,61576.36,147049,79,79,0,0
564534,1,0,855,0,0,21,61576.36,147049,79,79,0,0
564650,1,0,855,0,0,21,61576.36,147049,79,79,0,0
564750,1,0,856,0,0,21,61576.36,147049,79,79,0,0
564850,1,0,856,0,0,21,61576.36,147049,79,79,0,0
564983,1,0,856,0,0,21,61576.36,147049,79,79,0,0
565083,1,0,856,0,0,21,61576.36,147049,79,79,0,0
565225,1,0,856,0,0,21,61576.36,147049,79,79,0,0
565333,1,0,856,0,0,21,61576.36,147049,79,79,0,0
565450,1,0,853,0,0,21,61576.36,147049,79,79,0,0
565566,1,0,853,0,0,21,61576.36,147049,79,79,0,0
565650,1,0,853,0,0,21,61576.36,147049,79,79,0,0
565783,1,0,821,0,0,21,61576.36,147049,79,79,0,0
565833,1,0,853,0,0,21,61576.36,147049,79,79,0,0
