timestamp,ignition,speed,rpm,throttle,brake,fuel_level,fuel_cons,distance,range,oil_temp,esp,rear_gear
3291,1,0,1086,0,0,41,163566.80,0,0,66,0,0
3544,1,0,1058,0,0,41,163566.80,149719,214,66,0,0
3664,1,0,1060,0,0,41,163566.80,149719,214,66,0,0
3764,1,0,1061,0,0,41,163566.80,149719,214,66,0,0
3907,1,0,1062,0,0,41,163566.80,149719,214,66,0,0
3991,1,0,1064,0,0,41,163566.80,149719,214,67,0,0
4144,1,0,1066,0,0,41,163566.80,149719,214,67,0,0
4247,1,0,1067,0,0,41,163566.80,149719,214,67,0,0
4263,1,0,1067,0,0,41,163566.80,149719,214,67,0,0
4493,1,0,1068,0,0,41,163566.80,149719,214,67,0,0
4591,1,0,1068,0,0,41,163566.80,149719,214,67,0,0
4709,1,0,1068,0,0,41,163566.80,149719,214,67,0,0
4791,1,0,1067,0,0,41,163566.80,149719,214,67,0,0
4947,1,0,1068,0,0,41,163566.80,149719,214,67,0,0
5044,1,0,1068,0,0,41,163566.80,149719,214,67,0,0
5191,1,0,1068,0,0,41,163566.80,149719,214,67,0,0
5291,1,0,1067,0,0,41,163566.80,149719,214,67,0,0
5394,1,0,1067,0,0,41,163566.80,149719,214,67,0,0
5491,1,0,1067,0,0,41,163566.80,149719,214,67,0,0
5644,1,0,1067,0,0,41,163567.80,149719,214,67,0,0
5744,1,0,1035,0,0,41,163567.80,149719,214,67,0,0
5863,1,0,1035,0,0,41,163567.80,149719,214,67,0,0
5989,1,0,1035,0,0,41,163567.80,149719,214,67,0,0
6091,1,0,1006,0,0,41,163567.80,149719,214,67,0,0
6209,1,0,1008,0,0,41,163567.80,149719,214,67,0,0
6328,1,0,1010,0,0,41,163567.80,149719,214,67,0,0
6394,1,0,1045,0,0,41,163567.80,149719,214,67,0,0
6544,1,0,1046,0,0,41,163567.80,149719,214,67,0,0
6663,1,0,1046,0,0,41,163567.80,149719,214,68,0,0
6763,1,0,1046,0,0,41,163567.80,149719,214,68,0,0
6894,1,0,1046,0,0,41,163567.80,149719,214,68,0,0
6991,1,2,1046,0,0,41,163567.80,149719,214,68,0,0
7091,1,3,1047,0,0,41,163567.80,149719,214,68,0,0
7209,1,3,1050,0,0,41,163567.80,149719,214,68,0,0
7344,1,3,1051,0,0,41,163567.80,149719,214,68,0,0
7458,1,3,1052,0,0,41,163568.81,149719,214,68,0,0
7563,1,4,1085,0,0,41,163568.81,149719,214,68,0,0
7688,1,4,1086,0,0,41,163568.81,149719,214,68,0,0
7791,1,4,1088,0,0,41,163568.81,149719,214,68,0,0
7894,1,4,1056,0,0,41,163568.81,149719,214,68,0,0
7991,1,4,1086,0,0,41,163568.81,149719,214,68,0,0
8144,1,4,1051,0,0,41,163568.81,149719,214,68,0,0
8244,1,4,1049,0,0,41,163568.81,149719,214,68,0,0
8363,1,4,1047,0,0,41,163568.81,149719,214,68,0,0
8467,1,4,1013,0,0,41,163568.81,149719,214,68,0,0
8591,1,4,1010,0,0,41,163568.81,149719,214,68,0,0
8708,1,4,977,0,0,41,163568.81,149719,214,68,0,0
8791,1,4,1009,0,0,41,163568.81,149719,214,68,0,0
8894,1,4,975,0,0,41,163568.81,149719,214,68,0,0
9044,1,4,973,0,0,41,163568.81,149719,214,68,0,0
9163,1,4,939,0,0,41,163568.81,149719,214,68,0,0
9263,1,4,906,0,0,41,163569.83,149719,214,68,0,0
9391,1,5,905,0,0,41,163569.83,149719,214,68,0,0
9491,1,5,873,0,0,41,163569.83,149719,214,68,0,0
9591,1,5,809,0,0,41,163569.83,149719,214,68,0,0
9708,1,5,809,0,0,41,163569.83,149719,214,68,0,0
9844,1,6,874,4,0,41,163569.83,149719,214,68,0,0
9944,1,6,907,5,0,41,163569.83,149719,214,68,0,0
10063,1,6,954,5,0,41,163569.83,149719,214,68,0,0
10163,1,6,987,6,0,41,163569.83,149719,214,68,0,0
10291,1,7,987,6,0,41,163569.83,149719,214,68,0,0
10394,1,7,1019,6,0,41,163569.83,149719,214,68,0,0
10491,1,7,1019,6,0,41,163569.83,149719,214,68,0,0
10591,1,7,1051,13,0,41,163569.83,149719,214,68,0,0
10744,1,7,1085,18,0,41,163569.83,149719,214,68,0,0
10844,1,7,1073,18,0,41,163569.83,149719,214,68,0,0
10963,1,7,1060,18,0,41,163570.84,149719,214,68,0,0
11091,1,7,1131,18,0,41,163570.84,149719,214,68,0,0
11191,1,8,1161,18,0,41,163570.84,149719,214,68,0,0
11291,1,8,1156,18,0,41,163570.84,149719,214,68,0,0
11394,1,8,1177,18,0,41,163570.84,149719,214,68,0,0
11538,1,8,1172,20,0,41,163570.84,149719,214,68,0,0
11650,1,8,1206,20,0,41,163570.84,149719,214,68,0,0
11763,1,8,1177,20,0,41,163570.84,149719,214,68,0,0
11863,1,8,1180,23,0,41,163570.84,149719,214,68,0,0
11991,1,8,1153,26,0,41,163570.84,149719,214,68,0,0
12091,1,8,1185,27,0,41,163570.84,149719,214,68,0,0
12208,1,8,1190,27,0,41,163570.84,149719,214,68,0,0
12338,1,8,1193,28,0,41,163571.86,149719,214,68,0,0
12445,1,8,1193,29,0,41,163571.86,149719,214,68,0,0
12563,1,8,1256,30,0,41,163571.86,149719,214,67,0,0
12663,1,8,1260,30,0,41,163571.86,149719,214,67,0,0
12791,1,8,1199,30,0,41,163571.86,149719,214,67,0,0
12894,1,8,1228,30,0,41,163571.86,149719,214,67,0,0
12991,1,8,1264,30,0,41,163571.86,149719,214,67,0,0
13091,1,8,1268,30,0,41,163571.86,149719,214,67,0,0
13244,1,8,1235,39,0,41,163571.86,149719,214,67,0,0
13363,1,8,1295,39,0,41,163571.86,149719,214,67,0,0
13467,1,9,1298,40,0,41,163572.88,149719,214,67,0,0
13591,1,9,1306,40,0,41,163572.88,149719,214,67,0,0
13708,1,9,1309,41,0,41,163572.88,149719,214,67,0,0
13791,1,9,1314,42,0,41,163572.88,149719,214,67,0,0
13938,1,9,1352,48,0,41,163572.88,149719,214,67,0,0
14044,1,9,1422,48,0,41,163572.88,149719,214,67,0,0
14163,1,10,1429,49,0,41,163572.88,149719,214,67,0,0
14263,1,10,1436,49,0,41,163572.88,149719,214,67,0,0
14394,1,10,1448,49,0,41,163572.88,149719,214,67,0,0
14491,1,10,1486,49,0,41,163573.88,149719,214,67,0,0
14591,1,10,1557,50,0,41,163573.88,149719,214,67,0,0
14738,1,11,1560,51,0,41,163573.88,149719,214,67,0,0
14844,1,11,1628,52,0,41,163573.88,149719,214,67,0,0
14963,1,11,1631,53,0,41,163573.88,149719,214,67,0,0
15078,1,11,1634,53,0,41,163573.88,149719,214,67,0,0
15191,1,12,1645,54,0,41,163573.88,149719,214,67,0,0
15291,1,12,1684,54,0,41,163574.94,149719,214,67,0,0
15394,1,12,1724,54,0,41,163574.94,149719,214,67,0,0
15544,1,12,1732,54,0,41,163574.94,149719,214,67,0,0
15649,1,12,1771,54,0,41,163574.94,149719,214,67,0,0
15763,1,12,1777,54,0,41,163574.94,149719,214,67,0,0
15863,1,12,1814,54,0,41,163574.94,149719,214,67,0,0
15991,1,13,1822,54,0,41,163575.97,149719,214,67,0,0
16091,1,13,1825,53,0,41,163575.97,149719,214,67,0,0
16208,1,13,1858,42,0,41,163575.97,149719,214,67,0,0
16344,1,13,1874,6,0,41,163575.97,149719,214,67,0,0
16463,1,13,1672,0,0,41,163575.97,149719,214,67,0,0
16578,1,12,1634,0,0,41,163575.97,149719,214,67,0,0
16691,1,13,1518,0,0,41,163575.97,149719,214,67,0,0
16791,1,13,1464,0,0,41,163575.97,149719,214,67,0,0
16894,1,13,1412,0,0,41,163575.97,149719,214,67,0,0
16991,1,13,1353,0,0,41,163575.97,149719,214,67,0,0
17144,1,13,1285,0,0,41,163576.98,149719,214,67,0,0
17263,1,13,1249,0,0,41,163576.98,149719,214,67,0,0
17363,1,13,1152,8,0,41,163576.98,149719,214,67,0,0
17491,1,12,985,11,0,41,163576.98,149719,214,67,0,0
17591,1,13,1006,13,0,41,163576.98,149719,214,67,0,0
17708,1,13,1027,33,0,41,163576.98,149719,214,67,0,0
17828,1,13,1087,40,0,41,163576.98,149719,214,67,0,0
17944,1,13,1000,45,0,41,163576.98,149719,214,67,0,0
18063,1,13,1032,57,0,41,163576.98,149719,214,67,0,0
18163,1,14,1060,65,0,41,163576.98,149719,214,67,0,0
18291,1,14,1098,69,0,41,163576.98,149719,214,67,0,0
18394,1,14,1069,78,0,41,163576.98,149719,214,67,0,0
18491,1,14,1133,84,0,41,163578.03,149719,214,67,0,0
18591,1,14,1144,84,0,41,163578.03,149719,214,67,0,0
18744,1,15,1180,78,0,41,163578.03,149719,214,67,0,0
18863,1,15,1152,72,0,41,163578.03,149719,214,67,0,0
18963,1,15,1156,56,0,41,163578.03,149719,214,67,0,0
19091,1,16,1218,49,0,41,163578.03,149719,214,67,0,0
19208,1,16,1233,34,0,41,163578.03,149719,214,67,0,0
19291,1,16,1226,32,0,41,163578.03,149719,214,67,0,0
19439,1,16,1262,14,0,41,163578.03,149719,214,67,0,0
19544,1,16,1255,6,0,41,163579.05,149719,214,67,0,0
19663,1,16,1276,0,0,41,163579.05,149719,214,67,0,0
19763,1,16,1265,0,0,41,163579.05,149719,214,67,0,0
19894,1,16,1244,0,0,41,163579.05,149719,214,67,0,0
19991,1,16,1239,0,0,41,163579.05,149719,214,67,0,0
20091,1,16,1178,0,0,41,163579.05,149719,214,67,0,0
20238,1,16,1111,0,24,41,163579.05,149719,214,67,0,0
20344,1,16,1069,0,18,41,163579.05,149719,214,67,0,0
20466,1,16,1064,0,34,41,163579.05,149719,214,67,0,0
20578,1,16,1036,0,32,41,163579.05,149719,214,67,0,0
20691,1,15,1041,0,58,41,163579.05,149719,214,67,0,0
20791,1,15,1041,0,70,41,163579.05,149719,214,67,0,0
20894,1,15,1009,0,78,41,163579.05,149719,214,67,0,0
21038,1,14,1009,0,78,41,163579.05,149719,214,67,0,0
21149,1,14,1009,0,78,41,163579.05,149719,214,67,0,0
21263,1,13,1009,0,80,41,163579.05,149719,214,67,0,0
21363,1,12,976,0,76,41,163579.05,149719,214,67,0,0
21491,1,12,978,0,74,41,163579.05,149719,214,67,0,0
21591,1,11,978,0,72,41,163579.05,149719,214,67,0,0
21844,1,10,978,0,68,41,163579.05,149719,214,67,0,0
21963,1,9,978,0,62,41,163580.06,149719,214,67,0,0
22088,1,9,947,0,28,41,163580.06,149719,214,67,0,0
22194,1,9,949,0,16,41,163580.06,149719,214,67,0,0
22291,1,9,949,0,10,41,163580.06,149719,214,67,0,0
22394,1,9,949,0,12,41,163580.06,149719,214,67,0,0
22544,1,8,950,0,6,41,163580.06,149719,214,67,0,0
22649,1,9,951,0,8,41,163580.06,149719,214,67,0,0
22763,1,9,919,0,8,41,163580.06,149719,214,67,0,0
22863,1,8,920,0,12,41,163580.06,149719,214,67,0,0
22991,1,9,924,0,18,41,163580.06,149719,214,67,0,0
23091,1,9,926,0,22,41,163580.06,149719,214,67,0,0
23208,1,9,896,0,30,41,163580.06,149719,214,67,0,0
23343,1,8,897,0,28,41,163580.06,149719,214,67,0,0
23458,1,9,897,0,34,41,163580.06,149719,214,67,0,0
23563,1,8,897,0,30,41,163580.06,149719,214,67,0,0
23691,1,8,897,0,34,41,163580.06,149719,214,67,0,0
23791,1,8,898,0,34,41,163580.06,149719,214,67,0,0
23894,1,8,900,0,26,41,163580.06,149719,214,67,0,0
23997,1,8,900,0,0,41,163580.06,149719,214,67,0,0
24144,1,8,900,0,0,41,163581.08,149719,214,67,0,0
24249,1,9,931,0,0,41,163581.08,149719,214,67,0,0
24363,1,9,901,0,0,41,163581.08,149719,214,67,0,0
24491,1,9,933,0,0,41,163581.08,149719,214,67,0,0
24591,1,9,932,0,0,41,163581.08,149719,214,67,0,0
24708,1,8,964,9,0,41,163581.08,149719,214,67,0,0
24828,1,8,1124,13,0,41,163581.08,149719,214,68,0,0
24943,1,8,1343,21,0,41,163581.08,149719,214,68,0,0
25043,1,9,1381,21,0,41,163581.08,149719,214,68,0,0
25163,1,8,1325,21,0,41,163581.08,149719,214,68,0,0
25288,1,9,1269,22,0,41,163581.08,149719,214,68,0,0
25394,1,9,1310,27,0,41,163581.08,149719,214,68,0,0
25492,1,9,1375,33,0,41,163581.08,149719,214,68,0,0
25591,1,9,1382,44,0,41,163581.08,149719,214,68,0,0
25743,1,9,1346,45,0,41,163582.11,149719,214,68,0,0
25863,1,10,1432,47,0,41,163582.11,149719,214,68,0,0
25963,1,10,1442,61,0,41,163582.11,149719,214,68,0,0
26091,1,10,1481,73,0,41,163582.11,149719,214,68,0,0
26208,1,10,1516,76,0,41,163582.11,149719,214,68,0,0
26291,1,11,1557,77,0,41,163582.11,149719,214,68,0,0
26394,1,11,1570,78,0,41,163582.11,149719,214,68,0,0
26543,1,11,1682,80,0,41,163583.14,149719,214,68,0,0
26663,1,12,1701,80,0,41,163583.14,149719,214,68,0,0
26763,1,12,1778,80,0,41,163583.14,149719,214,68,0,0
26893,1,12,1839,81,0,41,163583.14,149719,214,68,0,0
26991,1,13,1916,81,0,41,163583.14,149719,214,68,0,0
27091,1,13,1961,81,0,41,163584.16,149719,214,68,0,0
27210,1,14,2035,81,0,41,163584.16,149719,214,68,0,0
27343,1,14,2110,81,0,41,163584.16,149719,214,68,0,0
27463,1,15,2153,81,0,41,163584.16,149719,214,68,0,0
27578,1,15,2195,81,0,41,163585.17,149719,214,68,0,0
27690,1,16,2281,81,0,41,163585.17,149719,214,68,0,0
27790,1,16,2360,81,0,41,163585.17,149719,214,68,0,0
27893,1,16,2372,83,0,41,163585.17,149719,214,68,0,0
28038,1,17,2478,89,0,41,163586.20,149719,214,68,0,0
28149,1,17,2530,89,0,41,163586.20,149719,214,68,0,0
28263,1,18,2645,90,0,41,163586.20,149719,214,68,0,0
28379,1,19,2700,91,0,41,163586.20,149719,214,68,0,0
28491,1,19,2806,93,0,41,163587.25,149719,214,68,0,0
28590,1,20,2892,93,0,41,163587.25,149719,214,68,0,0
28708,1,20,2970,93,0,41,163587.25,149719,214,68,0,0
28843,1,21,3048,86,0,41,163588.30,149719,214,68,0,0
28943,1,21,3128,80,0,41,163588.30,149719,214,68,0,0
29063,1,22,3172,72,0,41,163588.30,149719,214,68,0,0
29163,1,23,3263,49,0,41,163589.44,149719,214,68,0,0
29291,1,23,3188,26,0,41,163589.44,149719,214,68,0,0
29394,1,23,3010,0,0,41,163589.44,149719,214,68,0,0
29491,1,23,2838,0,0,41,163590.48,149719,211,68,0,0
29591,1,23,2613,0,0,41,163590.48,149719,211,68,0,0
29743,1,23,2285,0,0,41,163590.48,149719,211,69,0,0
29863,1,23,2120,0,0,41,163590.48,149719,211,69,0,0
29963,1,23,1924,0,0,41,163590.48,149719,211,69,0,0
30091,1,23,1715,5,0,41,163590.48,149719,211,69,0,0
30208,1,23,1680,15,0,41,163590.48,149719,211,69,0,0
30328,1,22,1814,23,0,41,163590.48,149719,211,69,0,0
30438,1,22,1770,31,0,41,163590.48,149719,211,69,0,0
30543,1,22,1711,45,0,41,163590.48,149719,211,69,0,0
30663,1,23,1816,63,0,41,163590.48,149719,211,69,0,0
30763,1,23,1758,71,0,41,163590.48,149719,211,69,0,0
30893,1,23,1728,78,0,41,163591.53,149719,211,69,0,0
30990,1,23,1777,81,0,41,163591.53,149719,211,69,0,0
31090,1,23,1797,82,0,41,163591.53,149719,211,69,0,0
31243,1,23,1830,82,0,41,163591.53,149719,211,69,0,0
31343,1,24,1837,82,0,41,163591.53,149719,211,69,0,0
31466,1,24,1877,80,0,41,163592.56,149719,211,69,0,0
31588,1,25,1913,79,0,41,163592.56,149719,211,69,0,0
31690,1,25,1893,71,0,41,163592.56,149719,211,69,0,0
31790,1,25,1945,66,0,41,163592.56,149719,211,69,0,0
31893,1,25,1922,57,0,41,163592.56,149719,211,69,0,0
32043,1,25,1932,44,0,41,163593.66,149719,211,69,0,0
32149,1,26,1952,42,0,41,163593.66,149719,211,69,0,0
32263,1,26,1981,41,0,41,163593.66,149719,211,69,0,0
32391,1,26,1959,41,0,41,163593.66,149719,211,69,0,0
32491,1,26,2015,40,0,41,163593.66,149719,211,69,0,0
32590,1,26,1964,40,0,41,163593.66,149719,211,69,0,0
32708,1,26,2014,40,0,41,163593.66,149719,211,69,0,0
32790,1,26,1990,40,0,41,163594.69,149719,211,69,0,0
32943,1,26,1998,40,0,41,163594.69,149719,211,69,0,0
32977,1,26,1998,40,0,41,163594.69,149719,211,69,0,0
33171,1,26,2006,40,0,41,163594.69,149719,211,69,0,0
33299,1,26,2006,40,0,41,163594.69,149719,211,69,0,0
33438,1,26,2006,45,0,41,163594.69,149719,211,69,0,0
33563,1,26,1997,45,0,41,163594.69,149719,211,69,0,0
33693,1,26,2035,45,0,41,163594.69,149719,211,69,0,0
33790,1,27,1986,45,0,41,163594.69,149719,211,69,0,0
33943,1,26,2029,45,0,41,163595.75,149719,211,69,0,0
34078,1,27,2062,45,0,41,163595.75,149719,211,69,0,0
34193,1,27,2068,45,0,41,163595.75,149719,211,69,0,0
34290,1,27,2031,45,0,41,163595.75,149719,211,69,0,0
34438,1,27,2031,45,0,41,163595.75,149719,211,69,0,0
34562,1,27,2079,45,0,41,163595.75,149719,211,69,0,0
34663,1,27,2077,45,0,41,163596.80,149719,211,69,0,0
34791,1,27,2071,46,0,41,163596.80,149719,211,69,0,0
34791,1,27,2071,46,0,41,163596.80,149719,211,69,0,0
34990,1,27,2055,46,0,41,163596.80,149719,211,69,0,0
35090,1,27,2061,46,0,41,163596.80,149719,211,69,0,0
35243,1,27,2096,44,0,41,163596.80,149719,211,69,0,0
35290,1,27,2095,44,0,41,163596.80,149719,211,69,0,0
35488,1,27,2090,34,0,41,163597.83,149719,211,69,0,0
35590,1,27,2104,31,0,41,163597.83,149719,211,69,0,0
35708,1,27,2107,31,0,41,163597.83,149719,211,69,0,0
35828,1,27,2084,31,0,41,163597.83,149719,211,69,0,0
35943,1,27,2084,31,0,41,163597.83,149719,211,69,0,0
36077,1,27,2091,24,0,41,163597.83,149719,211,69,0,0
36190,1,27,2060,2,0,41,163597.83,149719,211,69,0,0
36290,1,27,2078,0,0,41,163598.83,149719,211,69,0,0
36438,1,27,2078,0,0,41,163598.83,149719,211,69,0,0
36562,1,27,2024,0,0,41,163598.83,149719,211,69,0,0
36663,1,27,1988,0,0,41,163598.83,149719,211,69,0,0
36762,1,26,1991,0,0,41,163598.83,149719,211,69,0,0
36810,1,26,2045,0,0,41,163598.83,149719,211,69,0,0
36990,1,26,1972,0,0,41,163598.83,149719,211,69,0,0
37143,1,26,1927,0,0,41,163598.83,149719,211,69,0,0
37246,1,26,1930,0,0,41,163598.83,149719,211,69,0,0
37328,1,25,1937,0,0,41,163598.83,149719,211,69,0,0
37466,1,25,1905,0,0,41,163598.83,149719,211,69,0,0
37590,1,24,1870,0,0,41,163598.83,149719,211,69,0,0
37708,1,24,1853,0,0,41,163598.83,149719,211,69,0,0
37827,1,24,1835,2,0,41,163598.83,149719,211,69,0,0
37943,1,24,1852,9,0,41,163598.83,149719,211,70,0,0
38078,1,23,1821,29,0,41,163598.83,149719,211,70,0,0
38193,1,23,1792,40,0,41,163598.83,149719,211,70,0,0
38291,1,23,1808,42,0,41,163598.83,149719,211,70,0,0
38438,1,23,1808,49,0,41,163598.83,149719,211,70,0,0
38562,1,23,1802,52,0,41,163598.83,149719,211,70,0,0
38662,1,23,1809,52,0,41,163599.86,149719,211,70,0,0
38790,1,24,1806,56,0,41,163599.86,149719,211,70,0,0
38828,1,24,1806,56,0,41,163599.86,149719,211,70,0,0
38992,1,24,1832,64,0,41,163599.86,149719,211,70,0,0
39143,1,24,1887,73,0,41,163599.86,149719,211,70,0,0
39262,1,24,1869,74,0,41,163599.86,149719,211,70,0,0
39366,1,25,1913,74,0,41,163599.86,149719,211,70,0,0
39462,1,25,1901,74,0,41,163599.86,149719,211,70,0,0
39590,1,25,1974,74,0,41,163600.91,149719,211,70,0,0
39708,1,26,1975,74,0,41,163600.91,149719,211,70,0,0
39827,1,26,1999,74,0,41,163600.91,149719,211,70,0,0
39948,1,26,1994,64,0,41,163600.91,149719,211,70,0,0
40087,1,26,2017,63,0,41,163600.91,149719,211,70,0,0
40193,1,27,2049,63,0,41,163600.91,149719,211,70,0,0
40290,1,27,2078,63,0,41,163601.97,149719,211,71,0,0
40438,1,27,2078,49,0,41,163601.97,149719,211,71,0,0
40577,1,27,2048,48,0,41,163601.97,149719,211,71,0,0
40687,1,27,2107,48,0,41,163601.97,149719,211,71,0,0
40791,1,27,2109,48,0,41,163601.97,149719,211,71,0,0
40791,1,27,2109,48,0,41,163601.97,149719,211,71,0,0
40991,1,28,2089,48,0,42,163601.97,149719,211,71,0,0
41149,1,28,2125,27,0,42,163601.97,149719,211,71,0,0
41262,1,28,2090,21,0,42,163601.97,149719,211,71,0,0
41346,1,28,2095,7,0,42,163601.97,149719,211,71,0,0
41499,1,28,2088,7,0,42,163602.97,149719,211,71,0,0
41593,1,27,2050,0,0,42,163602.97,149719,211,71,0,0
41708,1,27,2050,0,0,42,163602.97,149719,211,71,0,0
41843,1,27,2020,0,0,42,163602.97,149719,211,71,0,0
41962,1,27,2053,0,0,42,163602.97,149719,211,71,0,0
42090,1,27,2021,0,0,42,163602.97,149719,211,71,0,0
42207,1,27,2005,0,0,42,163602.97,149719,211,71,0,0
42291,1,26,1991,0,0,42,163602.97,149719,211,71,0,0
42363,1,26,1991,0,0,42,163602.97,149719,211,71,0,0
42543,1,26,1962,0,0,42,163602.97,149719,211,71,0,0
42662,1,26,1930,13,0,42,163602.97,149719,211,71,0,0
42762,1,25,1952,30,0,42,163602.97,149719,211,71,0,0
42806,1,25,1975,30,0,42,163602.97,149719,211,71,0,0
42991,1,25,1922,38,0,42,163602.97,149719,211,71,0,0
43091,1,25,1934,38,0,42,163602.97,149719,211,71,0,0
43243,1,25,1930,43,0,42,163602.97,149719,211,72,0,0
43345,1,25,1954,43,0,42,163602.97,149719,211,72,0,0
43462,1,26,1952,43,0,42,163602.97,149719,211,72,0,0
43591,1,26,1967,46,0,42,163604.00,149720,211,72,0,0
43707,1,26,1976,46,0,42,163604.00,149720,211,72,0,0
43827,1,26,1981,46,0,42,163604.00,149720,211,72,0,0
43943,1,26,2012,46,0,42,163604.00,149720,211,72,0,0
44077,1,26,2010,46,0,42,163604.00,149720,211,72,0,0
44193,1,26,2003,46,0,42,163604.00,149720,211,72,0,0
44291,1,26,1995,48,0,42,163604.00,149720,211,72,0,0
44421,1,26,2027,50,0,42,163604.00,149720,211,72,0,0
44562,1,27,2033,0,0,42,163604.00,149720,211,72,0,0
44687,1,27,2010,0,0,42,163605.05,149720,211,72,0,0
44791,1,27,2043,0,0,42,163605.05,149720,211,72,0,0
44837,1,27,2043,0,0,42,163605.05,149720,211,72,0,0
45037,1,26,1988,0,6,42,163605.05,149720,211,72,0,0
45149,1,26,1986,0,0,42,163605.05,149720,211,72,0,0
45262,1,26,1986,72,0,42,163605.05,149720,211,72,0,0
45338,1,26,1986,217,0,42,163605.05,149720,211,72,0,0
45492,1,26,2187,206,0,42,163605.05,149720,211,72,0,0
45591,1,27,1959,189,0,42,163605.05,149720,211,72,0,0
45707,1,27,2087,168,0,42,163605.05,149720,211,72,0,0
45837,1,27,2126,143,0,42,163606.08,149720,211,72,0,0
45943,1,28,2182,117,0,42,163606.08,149720,211,72,0,0
46087,1,29,2222,106,0,42,163606.08,149720,211,72,0,0
46193,1,29,2303,106,0,42,163606.08,149720,211,72,0,0
46291,1,30,2330,100,0,42,163607.22,149720,211,72,0,0
46419,1,31,2362,89,0,42,163607.22,149720,211,72,0,0
46562,1,32,2414,64,0,42,163607.22,149720,211,72,0,0
46687,1,32,2372,46,0,42,163607.22,149720,211,72,0,0
46791,1,32,2415,12,0,42,163608.30,149720,211,72,0,0
46837,1,32,2415,0,0,42,163608.30,149720,211,72,0,0
47001,1,32,2227,0,0,42,163608.30,149720,211,72,0,0
47143,1,32,2007,0,0,42,163608.30,149720,211,72,0,0
47262,1,32,1901,0,0,42,163608.30,149720,211,72,0,0
47337,1,32,1834,0,0,42,163608.30,149720,211,72,0,0
47495,1,32,1770,0,0,42,163608.30,149720,211,72,0,0
47591,1,32,1662,0,0,42,163608.30,149720,211,72,0,0
47707,1,32,1592,0,0,42,163608.30,149720,211,72,0,0
47827,1,31,1557,0,0,42,163608.30,149720,211,72,0,0
47943,1,31,1458,0,0,42,163608.30,149720,211,72,0,0
48077,1,31,1422,0,0,42,163608.30,149720,211,72,0,0
48193,1,31,1354,0,0,42,163608.30,149720,211,72,0,0
48291,1,31,1292,0,0,42,163608.30,149720,211,72,0,0
48418,1,31,1292,0,0,42,163608.30,149720,211,72,0,0
48543,1,31,1232,0,0,42,163608.30,149720,211,72,0,0
48662,1,31,1239,0,0,42,163608.30,149720,211,72,0,0
48762,1,31,1218,0,0,42,163608.30,149720,211,72,0,0
48802,1,31,1199,0,0,42,163608.30,149720,211,72,0,0
48991,1,30,1206,0,0,42,163608.30,149720,211,72,0,0
49091,1,30,1174,0,0,42,163608.30,149720,211,72,0,0
49243,1,30,1175,0,0,42,163608.30,149720,211,72,0,0
49291,1,30,1143,0,0,42,163608.30,149720,211,72,0,0
49457,1,30,1143,0,0,42,163608.30,149720,211,72,0,0
49591,1,30,1118,0,0,42,163608.30,149720,211,72,0,0
49707,1,29,1094,0,0,42,163609.33,149720,211,72,0,0
49791,1,29,1089,0,0,42,163609.33,149720,211,72,0,0
49943,1,29,1112,0,0,42,163609.33,149720,211,72,0,0
50077,1,29,1109,0,0,42,163609.33,149720,211,72,0,0
50187,1,29,1108,0,0,42,163609.33,149720,211,72,0,0
50291,1,29,1075,0,0,42,163609.33,149720,211,72,0,0
50291,1,29,1075,0,0,42,163609.33,149720,211,72,0,0
50494,1,29,1075,0,0,42,163609.33,149720,211,72,0,0
50648,1,29,1068,0,0,42,163609.33,149720,211,73,0,0
50762,1,28,1069,0,0,42,163609.33,149720,211,73,0,0
50850,1,28,1070,0,0,42,163609.33,149720,211,73,0,0
50991,1,28,1070,0,0,42,163609.33,149720,211,73,0,0
51091,1,28,1070,0,0,42,163609.33,149720,211,73,0,0
51207,1,28,1070,0,0,42,163609.33,149720,211,73,0,0
51343,1,28,1102,0,0,42,163609.33,149720,211,73,0,0
51457,1,28,1104,0,0,42,163609.33,149720,211,73,0,0
51591,1,28,1139,3,0,42,163609.33,149720,211,73,0,0
51707,1,28,1204,6,0,42,163609.33,149720,211,73,0,0
51791,1,28,1266,8,0,42,163609.33,149720,211,73,0,0
51943,1,28,1394,15,0,42,163609.33,149720,211,73,0,0
52062,1,28,1490,19,0,42,163609.33,149720,211,73,0,0
52187,1,28,1627,23,0,42,163609.33,149720,211,73,0,0
52291,1,28,1775,34,0,42,163609.33,149720,211,73,0,0
52359,1,28,1871,41,0,42,163609.33,149720,211,73,0,0
52537,1,27,2048,47,0,42,163610.33,149720,211,73,0,0
52648,1,28,2197,47,0,42,163610.33,149720,211,73,0,0
52762,1,28,2161,47,0,42,163610.33,149720,211,73,0,0
52862,1,28,2163,48,0,42,163610.33,149720,211,73,0,0
52997,1,28,2146,48,0,42,163610.33,149720,211,73,0,0
53091,1,28,2193,60,0,42,163610.33,149720,211,73,0,0
53207,1,28,2186,73,0,42,163610.33,149720,211,73,0,0
53337,1,29,2269,115,0,42,163610.33,149720,211,73,0,0
53457,1,29,2279,115,0,42,163611.36,149720,211,73,0,0
53587,1,30,2331,119,0,42,163611.36,149720,211,73,0,0
53693,1,31,2404,124,0,42,163611.36,149720,211,73,0,0
53791,1,31,2454,126,0,42,163611.36,149720,211,73,0,0
53942,1,32,2553,126,0,42,163612.39,149720,211,73,0,0
54062,1,34,2574,126,0,42,163612.39,149720,211,73,0,0
54187,1,34,2603,126,0,42,163613.44,149720,211,74,0,0
54291,1,35,2737,126,0,42,163613.44,149720,211,74,0,0
54359,1,35,2769,126,0,42,163613.44,149720,211,74,0,0
54492,1,37,2823,126,0,42,163614.52,149720,211,74,0,0
54648,1,37,2941,112,0,42,163614.52,149720,211,74,0,0
54762,1,39,2978,110,0,42,163615.55,149720,211,74,0,0
54846,1,39,3018,110,0,42,163615.55,149720,211,74,0,0
54991,1,40,3077,110,0,42,163616.66,149720,211,74,0,0
55091,1,41,3145,106,0,42,163616.66,149720,211,74,0,0
55207,1,41,3185,96,0,42,163616.66,149720,211,74,0,0
55337,1,42,3180,54,0,42,163617.70,149720,211,74,0,0
55443,1,42,3077,54,0,42,163617.70,149720,211,74,0,0
55591,1,43,2968,0,0,42,163617.70,149720,211,74,0,0
55707,1,43,2784,0,0,42,163617.70,149720,211,74,0,0
55798,1,43,2634,0,0,42,163617.70,149720,211,74,0,0
55937,1,42,2464,0,0,42,163617.70,149720,211,74,0,0
56077,1,43,2295,0,0,42,163617.70,149720,211,74,0,0
56187,1,43,2169,8,0,42,163617.70,149720,211,74,0,0
56291,1,43,2308,18,0,42,163617.70,149720,211,74,0,0
56337,1,43,2308,27,0,42,163617.70,149720,211,74,0,0
56537,1,43,2247,41,0,42,163617.70,149720,211,74,0,0
56648,1,43,2301,55,0,42,163617.70,149720,211,74,0,0
56762,1,43,2274,73,0,42,163617.70,149720,211,74,0,0
56843,1,43,2273,81,0,42,163618.77,149720,211,74,0,0
56992,1,43,2316,83,0,42,163618.77,149720,211,74,0,0
57091,1,43,2309,81,0,42,163618.77,149720,211,74,0,0
57207,1,44,2359,79,0,42,163618.77,149720,211,74,0,0
57336,1,44,2362,77,0,42,163618.77,149720,211,74,0,0
57466,1,44,2384,77,0,42,163619.78,149720,211,74,0,0
57577,1,45,2393,77,0,42,163619.78,149720,211,74,0,0
57693,1,45,2396,77,0,42,163619.78,149720,211,74,0,0
57792,1,45,2416,77,0,42,163619.78,149720,211,74,0,0
57829,1,45,2416,77,0,42,163619.78,149720,211,74,0,0
58037,1,46,2438,77,0,42,163619.78,149720,211,74,0,0
58148,1,46,2467,77,0,42,163620.80,149720,211,75,0,0
58262,1,46,2476,77,0,42,163620.80,149720,211,75,0,0
58292,1,46,2480,77,0,42,163620.80,149720,211,75,0,0
58492,1,47,2487,74,0,42,163620.80,149720,211,75,0,0
58592,1,47,2520,73,0,42,163620.80,149720,211,75,0,0
58707,1,47,2551,73,0,42,163620.80,149720,211,75,0,0
58843,1,48,2539,72,0,42,163621.88,149720,211,75,0,0
58968,1,48,2565,71,0,42,163621.88,149720,211,75,0,0
59077,1,48,2568,70,0,42,163621.88,149720,211,75,0,0
59193,1,49,2571,70,0,42,163621.88,149720,211,75,0,0
59291,1,49,2599,69,0,42,163621.88,149720,211,75,0,0
59443,1,49,2597,69,0,42,163622.94,149720,211,75,0,0
59562,1,49,2652,68,0,42,163622.94,149720,208,75,0,0
59662,1,50,2647,68,0,42,163622.94,149720,208,75,0,0
59795,1,50,2624,68,0,42,163622.94,149720,208,75,0,0
59842,1,50,2656,68,0,42,163622.94,149720,208,75,0,0
59991,1,50,2659,68,0,42,163622.94,149720,208,75,0,0
60091,1,50,2690,68,0,42,163623.97,149720,208,75,0,0
60242,1,51,2712,68,0,42,163623.97,149720,208,75,0,0
60352,1,51,2710,68,0,42,163623.97,149720,208,75,0,0
60488,1,51,2715,68,0,42,163623.97,149720,208,75,0,0
60591,1,51,2727,68,0,42,163623.97,149720,208,75,0,0
60707,1,51,2728,68,0,42,163625.00,149720,208,75,0,0
60827,1,52,2728,68,0,42,163625.00,149720,208,75,0,0
60962,1,52,2761,68,0,42,163625.00,149720,208,75,0,0
61091,1,52,2782,68,0,42,163625.00,149720,208,75,0,0
61207,1,52,2811,68,0,42,163625.00,149720,208,75,0,0
61327,1,52,2753,68,0,42,163625.00,149720,208,75,0,0
61443,1,52,2790,68,0,42,163626.03,149720,208,75,0,0
61577,1,53,2793,68,0,42,163626.03,149720,208,75,0,0
61693,1,53,2793,68,0,42,163626.03,149720,208,75,0,0
61792,1,53,2827,68,0,42,163626.03,149720,208,75,0,0
61835,1,53,2827,68,0,42,163626.03,149720,208,75,0,0
62042,1,53,2845,68,0,42,163626.03,149720,208,75,0,0
62162,1,53,2819,68,0,42,163627.08,149720,208,75,0,0
62262,1,53,2825,68,0,42,163627.08,149720,208,75,0,0
62327,1,53,2829,68,0,42,163627.08,149720,208,75,0,0
62662,1,54,2864,68,0,42,163627.08,149720,208,75,0,0
62762,1,54,2859,68,0,42,163627.08,149720,208,75,0,0
62842,1,54,2849,68,0,42,163627.08,149720,208,75,0,0
62992,1,54,2889,68,0,42,163628.14,149720,208,75,0,0
63092,1,54,2894,67,0,42,163628.14,149720,208,75,0,0
63242,1,54,2894,59,0,42,163628.14,149720,208,75,0,0
63342,1,54,2893,54,0,42,163628.14,149720,208,75,0,0
63487,1,54,2891,54,0,42,163628.14,149720,208,75,0,0
63592,1,54,2888,54,0,42,163628.14,149720,208,75,0,0
63707,1,54,2896,54,0,42,163629.20,149720,208,75,0,0
63837,1,54,2907,52,0,42,163629.20,149720,208,75,0,0
63962,1,55,2907,52,0,42,163629.20,149720,208,75,0,0
64092,1,55,2885,59,0,42,163629.20,149720,208,75,0,0
64207,1,55,2916,63,0,42,163629.20,149720,208,75,0,0
64294,1,55,2893,64,0,42,163629.20,149720,208,75,0,0
64443,1,55,2940,65,0,42,163629.20,149720,208,75,0,0
64707,1,55,2923,66,0,42,163630.23,149720,208,75,0,0
64792,1,55,2925,60,0,42,163630.23,149720,208,75,0,0
64862,1,55,2925,49,0,42,163630.23,149720,208,75,0,0
65044,1,55,2934,35,0,42,163630.23,149720,208,75,0,0
65162,1,55,2915,31,0,42,163630.23,149720,208,75,0,0
65262,1,55,2925,27,0,42,163630.23,149720,208,75,0,0
65337,1,55,2943,26,0,42,163630.23,149720,208,75,0,0
65465,1,55,2943,26,0,42,163630.23,149720,208,75,0,0
65592,1,55,2928,26,0,42,163630.23,149720,208,75,0,0
65742,1,55,2934,26,0,42,163631.25,149720,208,75,0,0
65863,1,55,2940,26,0,42,163631.25,149720,208,75,0,0
65957,1,55,2942,26,0,42,163631.25,149720,208,75,0,0
66092,1,55,2906,26,0,42,163631.25,149720,208,75,0,0
66207,1,55,2904,26,0,42,163631.25,149720,208,75,0,0
66327,1,55,2902,26,0,42,163631.25,149720,208,75,0,0
66562,1,55,2900,26,0,42,163631.25,149720,208,76,0,0
66662,1,55,2906,26,0,42,163631.25,149720,208,76,0,0
66794,1,54,2910,25,0,42,163631.25,149720,208,76,0,0
66845,1,54,2910,25,0,42,163631.25,149720,208,76,0,0
67013,1,54,2908,25,0,42,163632.25,149720,208,76,0,0
67142,1,54,2905,22,0,42,163632.25,149720,208,76,0,0
67242,1,54,2865,12,0,42,163632.25,149720,208,76,0,0
67344,1,54,2850,11,0,42,163632.25,149720,208,76,0,0
67465,1,54,2850,11,0,42,163632.25,149720,208,76,0,0
67595,1,54,2833,11,0,42,163632.25,149720,208,76,0,0
67707,1,54,2833,11,0,42,163632.25,149720,208,76,0,0
67844,1,54,2835,11,0,42,163632.25,149720,208,76,0,0
67863,1,54,2835,11,0,42,163632.25,149720,208,76,0,0
68077,1,54,2868,11,0,42,163632.25,149720,208,76,0,0
68194,1,54,2830,11,0,42,163632.25,149720,208,76,0,0
68362,1,53,2830,11,0,42,163632.25,149720,208,76,0,0
68544,1,53,2803,11,0,42,163632.25,149720,208,76,0,0
68661,1,53,2803,11,0,42,163632.25,149720,208,76,0,0
68787,1,53,2804,11,0,42,163633.27,149720,208,76,0,0
68861,1,53,2804,11,0,42,163633.27,149720,208,76,0,0
69012,1,53,2804,11,0,42,163633.27,149720,208,76,0,0
69094,1,53,2800,11,0,42,163633.27,149720,208,76,0,0
69245,1,52,2799,11,0,42,163633.27,149720,208,76,0,0
69344,1,52,2799,11,0,42,163633.27,149720,208,76,0,0
69468,1,52,2802,11,0,42,163633.27,149720,208,76,0,0
69594,1,52,2771,11,0,42,163633.27,149720,208,76,0,0
69707,1,52,2772,11,0,42,163633.27,149720,208,76,0,0
69836,1,52,2740,11,0,42,163633.27,149720,208,77,0,0
69861,1,52,2772,11,0,42,163633.27,149720,208,77,0,0
70061,1,52,2773,13,0,42,163633.27,149720,208,77,0,0
70294,1,52,2770,21,0,42,163633.27,149720,208,77,0,0
70361,1,51,2770,22,0,42,163633.27,149720,208,77,0,0
70544,1,51,2727,24,0,42,163634.27,149720,208,77,0,0
70661,1,51,2738,24,0,42,163634.27,149720,208,77,0,0
70761,1,51,2742,24,0,42,163634.27,149720,208,77,0,0
70844,1,51,2744,24,0,42,163634.27,149720,208,77,0,0
71011,1,51,2747,24,0,42,163634.27,149720,208,77,0,0
71094,1,51,2740,24,0,42,163634.27,149720,208,77,0,0
71242,1,51,2738,24,0,42,163634.27,149720,208,77,0,0
71344,1,51,2704,24,0,42,163634.27,149720,208,77,0,0
71467,1,51,2703,24,0,42,163634.27,149720,208,77,0,0
71594,1,51,2704,24,0,42,163634.27,149720,208,77,0,0
71707,1,51,2706,24,0,42,163634.27,149720,208,77,0,0
71836,1,51,2708,24,0,42,163635.27,149720,208,77,0,0
71861,1,51,2708,24,0,42,163635.27,149720,208,77,0,0
72061,1,51,2708,24,0,42,163635.27,149720,208,77,0,0
72294,1,51,2701,24,0,42,163635.27,149720,208,77,0,0
72380,1,51,2701,24,0,42,163635.27,149720,208,77,0,0
72661,1,51,2706,24,0,42,163635.27,149720,208,77,0,0
72861,1,51,2709,24,0,42,163635.27,149720,208,77,0,0
73044,1,51,2679,24,0,42,163635.27,149720,208,77,0,0
73194,1,50,2672,24,0,42,163636.27,149720,208,77,0,0
73294,1,50,2671,24,0,42,163636.27,149720,208,77,0,0
73375,1,50,2671,24,0,42,163636.27,149720,208,77,0,0
73544,1,50,2672,24,0,42,163636.27,149720,208,77,0,0
73661,1,50,2674,24,0,42,163636.27,149720,208,77,0,0
73761,1,50,2676,24,0,42,163636.27,149720,208,77,0,0
73861,1,50,2677,24,0,42,163636.27,149720,208,77,0,0
74009,1,50,2677,24,0,42,163636.27,149720,208,77,0,0
74094,1,50,2674,24,0,42,163636.27,149720,208,77,0,0
74245,1,50,2671,21,0,42,163636.27,149720,208,77,0,0
74361,1,50,2668,21,0,42,163636.27,149720,208,77,0,0
74494,1,50,2665,21,0,42,163637.30,149720,208,77,0,0
74594,1,50,2663,21,0,42,163637.30,149720,208,77,0,0
74736,1,50,2632,21,0,42,163637.30,149720,208,77,0,0
74846,1,50,2633,21,0,42,163637.30,149720,208,77,0,0
74965,1,50,2633,21,0,42,163637.30,149720,208,77,0,0
75094,1,50,2627,21,0,42,163637.30,149720,208,77,0,0
75206,1,50,2626,21,0,42,163637.30,149720,208,77,0,0
75336,1,50,2627,21,0,42,163637.30,149720,208,77,0,0
75361,1,50,2627,21,0,42,163637.30,149720,208,77,0,0
75561,1,50,2632,21,0,42,163637.30,149720,208,77,0,0
75687,1,50,2633,21,0,42,163637.30,149720,208,77,0,0
75794,1,50,2635,21,0,42,163637.30,149720,208,77,0,0
75861,1,50,2635,21,0,42,163638.33,149720,208,77,0,0
76008,1,50,2631,21,0,42,163638.33,149720,208,77,0,0
76145,1,49,2630,21,0,42,163638.33,149720,208,77,0,0
76261,1,49,2596,21,0,42,163638.33,149720,208,77,0,0
76346,1,49,2630,21,0,42,163638.33,149720,208,77,0,0
76465,1,49,2630,21,0,42,163638.33,149720,208,77,0,0
76594,1,49,2634,21,0,42,163638.33,149720,208,77,0,0
76706,1,49,2601,21,0,42,163638.33,149720,208,77,0,0
76836,1,49,2601,21,0,42,163638.33,149720,208,77,0,0
76861,1,49,2601,21,0,42,163638.33,149720,208,77,0,0
77061,1,49,2595,21,0,42,163638.33,149720,208,77,0,0
77186,1,49,2593,21,0,42,163638.33,149720,208,78,0,0
77294,1,49,2596,21,0,42,163638.33,149720,208,78,0,0
77344,1,49,2596,21,0,42,163639.34,149720,208,78,0,0
77536,1,49,2598,21,0,42,163639.34,149720,208,78,0,0
77645,1,49,2600,21,0,42,163639.34,149720,208,78,0,0
77761,1,49,2600,21,0,42,163639.34,149720,208,78,0,0
77861,1,49,2599,21,0,42,163639.34,149720,208,78,0,0
77964,1,49,2594,21,0,42,163639.34,149720,208,78,0,0
78094,1,49,2592,21,0,42,163639.34,149720,208,78,0,0
78206,1,49,2594,21,0,42,163639.34,149720,208,78,0,0
78344,1,49,2564,26,0,42,163639.34,149720,208,78,0,0
78476,1,49,2564,26,0,42,163639.34,149720,208,78,0,0
78594,1,49,2588,27,0,42,163639.34,149720,208,78,0,0
78706,1,49,2621,28,0,42,163639.34,149720,208,78,0,0
78844,1,49,2585,28,0,42,163640.34,149720,208,78,0,0
78875,1,49,2585,28,0,42,163640.34,149720,208,78,0,0
79086,1,49,2616,30,0,42,163640.34,149720,208,78,0,0
79206,1,49,2616,32,0,42,163640.34,149720,208,78,0,0
79294,1,49,2622,32,0,42,163640.34,149720,208,78,0,0
79361,1,49,2622,32,0,42,163640.34,149720,208,78,0,0
79561,1,49,2603,32,0,42,163640.34,149720,208,78,0,0
79661,1,49,2606,32,0,42,163640.34,149720,208,78,0,0
79794,1,49,2604,32,0,42,163640.34,149720,208,78,0,0
79862,1,49,2604,32,0,42,163640.34,149720,208,78,0,0
80036,1,49,2596,32,0,42,163640.34,149720,208,78,0,0
80142,1,49,2594,32,0,42,163641.39,149720,208,78,0,0
80261,1,49,2593,32,0,42,163641.39,149720,208,78,0,0
80344,1,49,2597,32,0,42,163641.39,149720,208,78,0,0
80486,1,49,2599,32,0,42,163641.39,149720,208,78,0,0
80594,1,49,2600,32,0,42,163641.39,149720,208,78,0,0
80746,1,49,2594,32,0,42,163641.39,149720,208,78,0,0
80861,1,49,2592,31,0,42,163641.39,149720,208,78,0,0
80894,1,49,2622,31,0,42,163641.39,149720,208,78,0,0
81094,1,49,2596,30,0,42,163641.39,149720,208,78,0,0
81206,1,49,2596,30,0,42,163642.39,149720,208,78,0,0
81326,1,49,2623,29,0,42,163642.39,149720,208,78,0,0
81361,1,49,2623,28,0,42,163642.39,149720,208,78,0,0
81561,1,49,2620,28,0,42,163642.39,149720,208,78,0,0
81686,1,49,2617,28,0,42,163642.39,149720,208,78,0,0
81794,1,49,2616,28,0,42,163642.39,149720,208,78,0,0
81861,1,49,2616,28,0,42,163642.39,149720,208,78,0,0
82036,1,49,2617,28,0,42,163642.39,149720,208,78,0,0
82145,1,49,2618,28,0,42,163642.39,149720,208,78,0,0
82261,1,49,2616,28,0,42,163642.39,149720,208,78,0,0
82361,1,49,2612,28,0,42,163642.39,149720,208,78,0,0
82487,1,49,2611,28,0,42,163642.39,149720,208,78,0,0
82594,1,49,2617,28,0,42,163643.44,149720,208,78,0,0
82746,1,49,2651,28,0,42,163643.44,149720,208,78,0,0
82844,1,49,2621,28,0,42,163643.44,149720,208,78,0,0
82961,1,49,2621,28,0,42,163643.44,149720,208,78,0,0
83094,1,49,2616,28,0,42,163643.44,149720,208,78,0,0
83208,1,49,2614,28,0,42,163643.44,149720,208,78,0,0
83345,1,49,2644,28,0,42,163643.44,149720,208,78,0,0
83361,1,49,2644,28,0,42,163643.44,149720,208,78,0,0
83576,1,49,2650,28,0,42,163643.44,149720,208,78,0,0
83694,1,49,2621,28,0,42,163643.44,149720,208,78,0,0
83794,1,49,2653,28,0,42,163644.48,149720,208,78,0,0
83877,1,49,2653,28,0,42,163644.48,149720,208,78,0,0
84044,1,49,2646,29,0,42,163644.48,149720,208,78,0,0
84165,1,49,2612,29,0,42,163644.48,149720,208,78,0,0
84286,1,49,2616,30,0,42,163644.48,149720,208,78,0,0
84361,1,49,2650,30,0,42,163644.48,149720,208,78,0,0
84524,1,49,2594,30,0,42,163644.48,149720,208,78,0,0
84644,1,49,2629,8,0,42,163644.48,149720,208,78,0,0
84761,1,49,2595,0,0,42,163644.48,149720,208,78,0,0
84876,1,49,2612,0,0,42,163644.48,149720,208,78,0,0
84961,1,49,2613,0,0,42,163644.48,149720,208,78,0,0
85094,1,49,2590,0,0,42,163645.50,149720,208,78,0,0
85236,1,49,2623,0,0,42,163645.50,149720,208,78,0,0
85344,1,49,2563,0,12,42,163645.50,149720,208,78,0,0
85472,1,49,2563,0,14,42,163645.50,149720,208,78,0,0
85594,1,48,2578,0,18,42,163645.50,149720,208,78,0,0
85706,1,48,2558,0,18,42,163645.50,149720,208,78,0,0
85826,1,48,2555,0,20,42,163645.50,149720,208,78,0,0
85861,1,48,2523,0,20,42,163645.50,149720,208,78,0,0
86061,1,47,2507,0,22,42,163645.50,149720,208,78,0,0
86164,1,47,2464,0,24,42,163645.50,149720,208,78,0,0
86294,1,46,2462,0,28,42,163645.50,149720,208,78,0,0
86389,1,46,2462,0,30,42,163645.50,149720,208,78,0,0
86536,1,46,2414,0,32,42,163645.50,149720,208,78,0,0
86645,1,45,2368,0,34,42,163645.50,149720,208,78,0,0
86761,1,45,2336,0,36,42,163645.50,149720,208,78,0,0
86861,1,44,2336,0,38,42,163645.50,149720,208,78,0,0
86994,1,44,2304,0,38,42,163645.50,149720,208,78,0,0
87094,1,43,2272,0,34,42,163645.50,149720,208,78,0,0
87246,1,43,2240,0,6,42,163645.50,149720,208,78,0,0
87344,1,42,2208,0,2,42,163645.50,149720,208,78,0,0
87486,1,42,2208,0,0,42,163645.50,149720,208,78,0,0
87594,1,42,2176,0,0,42,163645.50,149720,208,78,0,0
87706,1,41,2176,0,0,42,163645.50,149720,208,78,0,0
87844,1,41,2144,0,0,42,163645.50,149720,208,78,0,0
87961,1,40,2144,0,0,42,163645.50,149720,208,78,0,0
88094,1,40,2112,0,0,42,163645.50,149720,208,78,0,0
88206,1,40,2112,0,0,42,163645.50,149720,208,78,0,0
88336,1,40,2080,0,0,42,163645.50,149720,208,78,0,0
88361,1,39,2080,0,0,42,163645.50,149720,208,78,0,0
88561,1,39,2048,0,0,42,163645.50,149720,208,78,0,0
88686,1,38,2016,0,0,42,163645.50,149720,208,78,0,0
88794,1,38,2016,0,0,42,163645.50,149720,208,78,0,0
88874,1,38,2016,0,0,42,163645.50,149720,208,78,0,0
89044,1,38,1984,0,0,42,163645.50,149720,208,78,0,0
89161,1,37,1952,0,0,42,163645.50,149720,208,78,0,0
89261,1,37,1952,0,2,42,163645.50,149720,208,78,0,0
89361,1,37,1920,0,2,42,163645.50,149720,208,78,0,0
89469,1,37,1920,0,2,42,163645.50,149720,208,78,0,0
89594,1,36,1888,0,2,42,163645.50,149720,208,78,0,0
89746,1,36,1856,0,2,42,163645.50,149720,208,78,0,0
89844,1,35,1856,0,2,42,163645.50,149720,208,78,0,0
89961,1,35,1856,0,2,42,163645.50,149720,208,78,0,0
90093,1,35,1824,0,0,42,163645.50,149720,208,78,0,0
90206,1,34,1792,0,0,42,163645.50,149720,208,78,0,0
90344,1,34,1792,0,0,42,163645.50,149720,208,78,0,0
90364,1,34,1792,0,0,42,163645.50,149720,208,78,0,0
90576,1,33,1760,0,0,42,163645.50,149720,208,78,0,0
90694,1,33,1728,0,0,42,163645.50,149720,208,78,0,0
90794,1,32,1696,0,0,42,163645.50,149720,208,78,0,0
90843,1,32,1696,0,0,42,163645.50,149720,208,78,0,0
91044,1,32,1696,0,0,42,163645.50,149720,208,78,0,0
91161,1,31,1664,0,0,42,163645.50,149720,208,78,0,0
91261,1,31,1632,0,0,42,163645.50,149720,208,78,0,0
91361,1,31,1632,0,2,42,163645.50,149720,208,78,0,0
91494,1,31,1632,0,6,42,163645.50,149720,208,78,0,0
91594,1,30,1600,0,8,42,163645.50,149720,208,78,0,0
91744,1,30,1568,0,18,42,163645.50,149720,208,78,0,0
91861,1,29,1568,0,14,42,163645.50,149720,208,78,0,0
91994,1,29,1536,0,28,42,163645.50,149720,208,78,0,0
92094,1,29,1504,0,34,42,163645.50,149720,208,78,0,0
92245,1,28,1472,0,60,42,163645.50,149720,208,78,0,0
92344,1,28,1440,0,76,42,163645.50,149720,208,78,0,0
92468,1,27,1408,0,82,42,163645.50,149720,208,78,0,0
92594,1,26,1262,0,96,42,163645.50,149720,208,78,0,0
92706,1,25,1188,0,106,42,163645.50,149720,208,78,0,0
92836,1,25,1264,0,112,42,163645.50,149720,208,78,0,0
92870,1,24,1264,0,112,42,163645.50,149720,208,78,0,0
93076,1,22,1235,0,116,42,163645.50,149720,208,78,0,0
93194,1,21,1202,0,136,42,163645.50,149720,208,78,0,0
93293,1,21,1195,0,138,42,163645.50,149720,208,78,0,0
93406,1,20,1195,0,140,42,163645.50,149720,208,78,0,0
93544,1,20,1163,0,140,42,163645.50,149720,208,78,0,0
93661,1,17,1162,0,136,42,163645.50,149720,208,78,0,0
93793,1,16,1163,0,132,42,163645.50,149720,208,78,0,0
93896,1,15,1132,0,122,42,163645.50,149720,208,78,0,0
93994,1,15,1133,0,106,42,163645.50,149720,208,78,0,0
94144,1,14,1134,0,98,42,163645.50,149720,208,78,0,0
94261,1,12,1134,0,96,42,163646.52,149720,208,78,0,0
94361,1,12,1105,0,94,42,163646.52,149720,208,78,0,0
94466,1,12,1104,0,90,42,163646.52,149720,208,78,0,0
94593,1,10,1107,0,80,42,163646.52,149720,208,78,0,0
94736,1,10,1108,0,74,42,163646.52,149720,208,78,0,0
94850,1,9,1108,0,64,42,163646.52,149720,208,78,0,0
94986,1,9,1108,0,56,42,163646.52,149720,208,78,0,0
95094,1,8,1076,0,52,42,163646.52,149720,208,78,0,0
95206,1,8,1076,0,46,42,163646.52,149720,208,78,0,0
95343,1,7,1076,0,40,42,163646.52,149720,208,78,0,0
95367,1,7,1076,0,40,42,163646.52,149720,208,78,0,0
95576,1,6,1076,0,30,42,163646.52,149720,208,78,0,0
95693,1,6,1075,0,24,42,163646.52,149720,208,78,0,0
95793,1,6,1076,0,24,42,163646.52,149720,208,78,0,0
95861,1,6,1044,0,24,42,163646.52,149720,208,78,0,0
96044,1,6,1042,0,20,42,163646.52,149720,208,78,0,0
96161,1,5,1042,0,20,42,163646.52,149720,208,78,0,0
96286,1,5,1043,0,24,42,163646.52,149720,208,78,0,0
96389,1,5,1043,0,26,42,163646.52,149720,208,78,0,0
96494,1,5,1038,0,26,42,163646.52,149720,208,78,0,0
96644,1,4,1036,0,26,42,163646.52,149720,208,78,0,0
96761,1,4,1035,0,42,42,163646.52,149720,208,78,0,0
96861,1,4,1004,0,48,42,163646.52,149720,208,78,0,0
96993,1,4,1003,0,42,42,163646.52,149720,208,78,0,0
97094,1,3,971,0,22,42,163647.53,149720,208,78,0,0
97244,1,3,969,0,18,42,163647.53,149720,208,78,0,0
97361,1,2,936,0,12,42,163647.53,149720,208,78,0,0
97494,1,2,904,0,14,42,163647.53,149720,208,78,0,0
97594,1,0,902,0,14,42,163647.53,149720,208,78,0,0
97736,1,0,869,0,16,42,163647.53,149720,208,78,0,0
97844,1,0,837,0,16,42,163647.53,149720,208,78,0,0
97893,1,0,837,0,16,42,163647.53,149720,208,78,0,0
98086,1,0,837,0,16,42,163647.53,149720,208,78,0,0
98186,1,0,837,0,16,42,163647.53,149720,208,78,0,0
98294,1,0,836,0,16,42,163647.53,149720,208,78,0,0
98361,1,0,836,0,16,42,163647.53,149720,208,78,0,0
98543,1,0,836,0,12,42,163647.53,149720,208,78,0,0
98661,1,0,836,0,12,42,163647.53,149720,208,78,0,0
98786,1,0,835,0,12,42,163647.53,149720,208,78,0,0
98861,1,0,833,0,12,42,163647.53,149720,208,78,0,0
99019,1,0,832,0,14,42,163647.53,149720,208,78,0,0
99093,1,0,863,0,14,42,163647.53,149720,208,78,0,0
99244,1,0,863,0,14,42,163647.53,149720,208,78,0,0
99361,1,0,832,0,42,42,163647.53,149720,208,78,0,0
99493,1,0,863,0,120,42,163647.53,149720,208,78,0,0
99593,1,0,863,0,204,42,163647.53,149720,208,78,0,0
99736,1,0,863,0,202,42,163647.53,149720,208,78,0,0
99847,1,0,863,0,200,42,163647.53,149720,208,78,0,0
99986,1,0,863,0,184,42,163647.53,149720,208,78,0,0
100093,1,0,832,0,174,42,163647.53,149720,208,78,0,0
100206,1,0,832,0,166,42,163647.53,149720,208,78,0,0
100336,1,0,832,0,160,42,163647.53,149720,208,78,0,0
100361,1,0,832,0,160,42,163647.53,149720,208,78,0,0
100561,1,0,833,0,156,42,163647.53,149720,208,78,0,0
100686,1,0,833,0,148,42,163648.55,149720,208,78,0,0
100793,1,0,833,0,146,42,163648.55,149720,208,78,0,0
100892,1,0,833,0,146,42,163648.55,149720,208,78,0,0
101036,1,0,833,0,144,42,163648.55,149720,208,78,0,0
101144,1,0,833,0,144,42,163648.55,149720,208,78,0,0
101261,1,0,833,0,144,42,163648.55,149720,208,78,0,0
101343,1,0,833,0,142,42,163648.55,149720,208,78,0,0
101464,1,0,833,0,142,42,163648.55,149720,209,78,0,0
101593,1,0,863,0,140,42,163648.55,149720,209,78,0,0
101736,1,0,863,0,140,42,163648.55,149720,209,78,0,0
101843,1,0,863,0,140,42,163648.55,149720,209,78,0,0
101871,1,0,863,0,140,42,163648.55,149720,209,78,0,0
102085,1,0,800,0,138,42,163648.55,149720,209,78,0,0
102194,1,0,838,0,138,42,163648.55,149720,209,78,0,0
102293,1,0,803,0,138,42,163648.55,149720,209,78,0,0
102360,1,0,835,0,138,42,163648.55,149720,209,78,0,0
102543,1,0,832,0,138,42,163648.55,149720,209,78,0,0
102660,1,0,833,0,138,42,163648.55,149720,209,78,0,0
102785,1,0,833,0,136,42,163648.55,149720,209,78,0,0
102845,1,0,833,0,136,42,163648.55,149720,209,78,0,0
103017,1,0,832,0,136,42,163648.55,149720,209,78,0,0
103093,1,0,832,0,136,42,163648.55,149720,209,78,0,0
103244,1,0,863,0,136,42,163648.55,149720,209,78,0,0
103360,1,0,833,0,136,42,163648.55,149720,209,78,0,0
103410,1,0,837,0,136,42,163648.55,149720,209,78,0,0
103593,1,0,863,0,136,42,163648.55,149720,209,78,0,0
103705,1,0,832,0,136,42,163648.55,149720,209,78,0,0
103826,1,0,832,0,136,42,163648.55,149720,209,78,0,0
103890,1,0,832,0,136,42,163648.55,149720,209,78,0,0
104060,1,0,863,0,136,42,163648.55,149720,209,78,0,0
104160,1,0,863,0,136,42,163648.55,149720,209,78,0,0
104294,1,0,832,0,136,42,163649.55,149720,209,78,0,0
104360,1,0,832,0,136,42,163649.55,149720,209,78,0,0
104537,1,0,833,0,136,42,163649.55,149720,209,78,0,0
104644,1,0,835,0,136,42,163649.55,149720,209,78,0,0
104760,1,0,836,0,136,42,163649.55,149720,209,78,0,0
104872,1,0,863,0,136,42,163649.55,149720,209,78,0,0
104998,1,0,862,0,136,42,163649.55,149720,209,78,0,0
105093,1,0,863,0,136,42,163649.55,149720,209,78,0,0
105244,1,0,863,0,136,42,163649.55,149720,209,78,0,0
105360,1,0,863,0,136,42,163649.55,149720,209,78,0,0
105464,1,0,863,0,136,42,163649.55,149720,209,78,0,0
105593,1,0,832,0,136,42,163649.55,149720,209,78,0,0
105735,1,0,861,0,136,42,163649.55,149720,209,78,0,0
105843,1,0,836,0,136,42,163649.55,149720,209,78,0,0
105868,1,0,836,0,136,42,163649.55,149720,209,78,0,0
106085,1,0,833,0,136,42,163649.55,149720,209,78,0,0
106194,1,0,833,0,134,42,163649.55,149720,209,78,0,0
106294,1,0,833,0,134,42,163649.55,149720,209,78,0,0
106343,1,0,833,0,134,42,163649.55,149720,209,78,0,0
106544,1,0,801,0,136,42,163649.55,149720,209,78,0,0
106793,1,0,801,0,134,42,163649.55,149720,209,78,0,0
106860,1,0,801,0,134,42,163649.55,149720,209,78,0,0
107014,1,0,805,0,134,42,163649.55,149720,209,78,0,0
107141,1,0,843,0,134,42,163649.55,149720,209,78,0,0
107260,1,0,845,0,134,42,163649.55,149720,209,78,0,0
107360,1,0,844,0,134,42,163649.55,149720,209,78,0,0
107464,1,0,839,0,134,42,163649.55,149720,209,78,0,0
107593,1,0,837,0,134,42,163649.55,149720,209,78,0,0
107705,1,0,838,0,134,42,163649.55,149720,209,78,0,0
107843,1,0,838,0,134,42,163649.55,149720,209,78,0,0
107865,1,0,838,0,134,42,163649.55,149720,209,78,0,0
108075,1,0,840,0,134,42,163650.56,149720,209,78,0,0
108194,1,0,837,0,134,42,163650.56,149720,209,78,0,0
108293,1,0,837,0,132,42,163650.56,149720,209,78,0,0
108360,1,0,837,0,132,42,163650.56,149720,209,78,0,0
108543,1,0,837,0,132,42,163650.56,149720,209,78,0,0
108660,1,0,839,0,132,42,163650.56,149720,209,78,0,0
108760,1,0,840,0,132,42,163650.56,149720,209,78,0,0
108893,1,0,840,0,132,42,163650.56,149720,209,78,0,0
108995,1,0,840,0,132,42,163650.56,149720,209,78,0,0
109144,1,0,840,0,132,42,163650.56,149720,209,78,0,0
109260,1,0,840,0,132,42,163650.56,149720,209,78,0,0
109360,1,0,840,0,132,42,163650.56,149720,209,78,0,0
109493,1,0,840,0,132,42,163650.56,149720,209,78,0,0
109594,1,0,840,0,130,42,163650.56,149720,209,78,0,0
109744,1,0,840,0,132,42,163650.56,149720,209,78,0,0
109860,1,0,840,0,130,42,163650.56,149720,209,78,0,0
109985,1,0,840,0,130,42,163650.56,149720,209,78,0,0
110094,1,0,837,0,130,42,163650.56,149720,209,78,0,0
110205,1,0,837,0,130,42,163650.56,149720,209,78,0,0
110344,1,0,837,0,130,42,163650.56,149720,209,78,0,0
110370,1,0,837,0,130,42,163650.56,149720,209,78,0,0
110585,1,0,836,0,130,42,163650.56,149720,209,78,0,0
110694,1,0,836,0,130,42,163650.56,149720,209,78,0,0
110794,1,0,837,0,130,42,163650.56,149720,209,78,0,0
110868,1,0,837,0,130,42,163650.56,149720,209,78,0,0
111044,1,0,837,0,130,42,163650.56,149720,209,78,0,0
111160,1,0,837,0,130,42,163650.56,149720,209,78,0,0
111285,1,0,837,0,130,42,163650.56,149720,209,78,0,0
111344,1,0,837,0,130,42,163651.58,149720,209,78,0,0
111493,1,0,837,0,130,42,163651.58,149720,209,78,0,0
111641,1,0,837,0,130,42,163651.58,149720,209,78,0,0
111744,1,0,837,0,130,42,163651.58,149720,209,78,0,0
111860,1,0,837,0,128,42,163651.58,149720,209,78,0,0
111889,1,0,837,0,130,42,163651.58,149720,209,78,0,0
112094,1,0,836,0,128,42,163651.58,149720,209,78,0,0
112205,1,0,836,0,128,42,163651.58,149720,209,78,0,0
112335,1,0,835,0,128,42,163651.58,149720,209,78,0,0
112360,1,0,835,0,128,42,163651.58,149720,209,78,0,0
112560,1,0,835,0,128,42,163651.58,149720,209,78,0,0
112687,1,0,835,0,128,42,163651.58,149720,209,78,0,0
112794,1,0,836,0,128,42,163651.58,149720,209,78,0,0
112860,1,0,836,0,128,42,163651.58,149720,209,78,0,0
113035,1,0,836,0,128,42,163651.58,149720,209,78,0,0
113147,1,0,837,0,128,42,163651.58,149720,209,78,0,0
113260,1,0,837,0,128,42,163651.58,149720,209,78,0,0
113360,1,0,837,0,128,42,163651.58,149720,209,78,0,0
113493,1,0,837,0,128,42,163651.58,149720,209,78,0,0
113594,1,0,837,0,128,42,163651.58,149720,209,78,0,0
113735,1,0,837,0,128,42,163651.58,149720,209,78,0,0
113844,1,0,837,0,128,42,163651.58,149720,209,78,0,0
113865,1,0,837,0,128,42,163651.58,149720,209,78,0,0
114085,1,0,836,0,128,42,163651.58,149720,209,78,0,0
114205,1,0,835,0,128,42,163651.58,149720,209,78,0,0
114294,1,0,835,0,128,42,163651.58,149720,209,78,0,0
114394,1,0,835,0,128,42,163651.58,149720,209,78,0,0
114560,1,0,834,0,128,42,163651.58,149720,209,78,0,0
114660,1,0,834,0,128,42,163651.58,149720,209,78,0,0
114785,1,0,834,0,128,42,163652.58,149720,209,78,0,0
114860,1,0,834,0,128,42,163652.58,149720,209,78,0,0
114994,1,0,836,0,128,42,163652.58,149720,209,78,0,0
115144,1,0,836,0,128,42,163652.58,149720,209,78,0,0
115260,1,0,836,0,128,42,163652.58,149720,209,78,0,0
115360,1,0,836,0,128,42,163652.58,149720,209,78,0,0
115493,1,0,835,0,128,42,163652.58,149720,209,78,0,0
115594,1,0,835,0,128,42,163652.58,149720,209,78,0,0
115744,1,0,836,0,126,42,163652.58,149720,209,78,0,0
115860,1,0,835,0,128,42,163652.58,149720,209,78,0,0
115894,1,0,835,0,126,42,163652.58,149720,209,78,0,0
116085,1,0,835,0,126,42,163652.58,149720,209,78,0,0
116205,1,0,834,0,126,42,163652.58,149720,209,78,0,0
116325,1,0,833,0,126,42,163652.58,149720,209,78,0,0
116395,1,0,834,0,126,42,163652.58,149720,209,78,0,0
116560,1,0,834,0,124,42,163652.58,149720,209,78,0,0
116660,1,0,833,0,124,42,163652.58,149720,209,78,0,0
116794,1,0,833,0,124,42,163652.58,149720,209,78,0,0
116860,1,0,833,0,124,42,163652.58,149720,209,78,0,0
116994,1,0,834,0,122,42,163652.58,149720,209,78,0,0
117144,1,0,835,0,122,42,163652.58,149720,209,78,0,0
117260,1,0,835,0,124,42,163652.58,149720,209,78,0,0
117360,1,0,835,0,122,42,163652.58,149720,209,78,0,0
117503,1,0,835,0,122,42,163652.58,149720,209,78,0,0
117594,1,0,835,0,122,42,163652.58,149720,209,78,0,0
117744,1,0,836,0,122,42,163652.58,149720,209,78,0,0
117862,1,0,836,0,122,42,163652.58,149720,209,78,0,0
117862,1,0,836,0,122,42,163652.58,149720,209,78,0,0
118094,1,0,835,0,122,42,163652.58,149720,209,78,0,0
118205,1,0,833,0,122,42,163652.58,149720,209,78,0,0
118325,1,0,833,0,122,42,163653.59,149720,209,78,0,0
118388,1,0,833,0,122,42,163653.59,149720,209,78,0,0
118560,1,0,832,0,122,42,163653.59,149720,209,78,0,0
118660,1,0,832,0,122,42,163653.59,149720,209,78,0,0
118794,1,0,863,0,122,42,163653.59,149720,209,78,0,0
118905,1,0,863,0,122,42,163653.59,149720,209,78,0,0
119035,1,0,863,0,122,42,163653.59,149720,209,78,0,0
119144,1,0,833,0,122,42,163653.59,149720,209,78,0,0
119260,1,0,833,0,122,42,163653.59,149720,209,78,0,0
119360,1,0,834,0,122,42,163653.59,149720,209,78,0,0
119485,1,0,834,0,122,42,163653.59,149720,209,78,0,0
119594,1,0,835,0,122,42,163653.59,149720,209,78,0,0
119744,1,0,835,0,122,42,163653.59,149720,209,78,0,0
119860,1,0,835,0,122,42,163653.59,149720,209,78,0,0
119860,1,0,835,0,122,42,163653.59,149720,209,78,0,0
120094,1,0,835,0,122,42,163653.59,149720,209,78,0,0
120205,1,0,835,0,120,42,163653.59,149720,209,78,0,0
120325,1,0,835,0,120,42,163653.59,149720,209,78,0,0
120360,1,0,835,0,120,42,163653.59,149720,209,78,0,0
120560,1,0,833,0,120,42,163653.59,149720,209,78,0,0
120660,1,0,833,0,120,42,163653.59,149720,209,78,0,0
120794,1,0,833,0,120,42,163653.59,149720,209,78,0,0
120860,1,0,833,0,120,42,163653.59,149720,209,78,0,0
120994,1,0,833,0,120,42,163653.59,149720,209,78,0,0
121141,1,0,832,0,120,42,163653.59,149720,209,78,0,0
121261,1,0,832,0,120,42,163653.59,149720,209,78,0,0
121360,1,0,832,0,120,42,163653.59,149720,209,78,0,0
121395,1,0,832,0,120,42,163653.59,149720,209,78,0,0
121594,1,0,833,0,120,42,163653.59,149720,209,78,0,0
121705,1,0,834,0,120,42,163653.59,149720,209,78,0,0
121835,1,0,833,0,120,42,163653.59,149720,209,78,0,0
121861,1,0,833,0,120,42,163654.61,149720,209,78,0,0
122075,1,0,834,0,120,42,163654.61,149720,209,78,0,0
122194,1,0,834,0,120,42,163654.61,149720,209,78,0,0
122294,1,0,834,0,120,42,163654.61,149720,209,78,0,0
122394,1,0,834,0,120,42,163654.61,149720,209,78,0,0
122544,1,0,834,0,120,42,163654.61,149720,209,78,0,0
122660,1,0,834,0,120,42,163654.61,149720,209,78,0,0
122760,1,0,833,0,120,42,163654.61,149720,209,78,0,0
122888,1,0,833,0,120,42,163654.61,149720,209,78,0,0
122994,1,0,832,0,120,42,163654.61,149720,209,78,0,0
123094,1,0,832,0,120,42,163654.61,149720,209,78,0,0
123244,1,0,832,0,120,42,163654.61,149720,209,78,0,0
123360,1,0,832,0,120,42,163654.61,149720,209,78,0,0
123394,1,0,863,0,120,42,163654.61,149720,209,78,0,0
123594,1,0,833,0,120,42,163654.61,149720,209,78,0,0
123705,1,0,833,0,120,42,163654.61,149720,209,78,0,0
123835,1,0,833,0,120,42,163654.61,149720,209,78,0,0
123860,1,0,833,0,120,42,163654.61,149720,209,78,0,0
124060,1,0,834,0,120,42,163654.61,149720,209,78,0,0
124185,1,0,834,0,120,42,163654.61,149720,209,78,0,0
124294,1,0,834,0,120,42,163654.61,149720,209,78,0,0
124397,1,0,834,0,120,42,163654.61,149720,209,78,0,0
124499,1,0,834,0,120,42,163654.61,149720,209,78,0,0
124644,1,0,834,0,120,42,163654.61,149720,209,78,0,0
124760,1,0,834,0,120,42,163654.61,149720,209,78,0,0
124860,1,0,833,0,120,42,163654.61,149720,209,78,0,0
124994,1,0,832,0,120,42,163654.61,149720,209,78,0,0
125094,1,0,832,0,120,42,163654.61,149720,209,78,0,0
125245,1,0,832,0,120,42,163654.61,149720,209,78,0,0
125360,1,0,863,0,120,42,163654.61,149720,209,78,0,0
125394,1,0,832,0,120,42,163654.61,149720,209,78,0,0
125594,1,0,863,0,120,42,163655.62,149720,209,78,0,0
125705,1,0,833,0,120,42,163655.62,149720,209,78,0,0
125835,1,0,833,0,120,42,163655.62,149720,209,79,0,0
125894,1,0,833,0,120,42,163655.62,149720,209,79,0,0
126060,1,0,833,0,120,42,163655.62,149720,209,79,0,0
126185,1,0,833,0,120,42,163655.62,149720,209,79,0,0
126294,1,0,833,0,120,42,163655.62,149720,209,79,0,0
126388,1,0,833,0,120,42,163655.62,149720,209,79,0,0
126498,1,0,833,0,120,42,163655.62,149720,209,79,0,0
126660,1,0,832,0,120,42,163655.62,149720,209,79,0,0
126760,1,0,833,0,120,42,163655.62,149720,209,79,0,0
126860,1,0,833,0,120,42,163655.62,149720,209,79,0,0
126997,1,0,863,0,120,42,163655.62,149720,209,79,0,0
127094,1,0,863,0,120,42,163655.62,149720,209,79,0,0
127245,1,0,863,0,120,42,163655.62,149720,209,79,0,0
127360,1,0,863,0,120,42,163655.62,149720,209,79,0,0
127395,1,0,863,0,120,42,163655.62,149720,209,79,0,0
127594,1,0,863,0,120,42,163655.62,149720,209,79,0,0
127735,1,0,863,0,120,42,163655.62,149720,209,79,0,0
127855,1,0,832,0,120,42,163655.62,149720,209,79,0,0
127860,1,0,832,0,120,42,163655.62,149720,209,79,0,0
128085,1,0,833,0,120,42,163655.62,149720,209,79,0,0
128205,1,0,833,0,120,42,163655.62,149720,209,79,0,0
128294,1,0,833,0,120,42,163655.62,149720,209,79,0,0
128394,1,0,833,0,120,42,163655.62,149720,209,79,0,0
128547,1,0,833,0,120,42,163655.62,149720,209,79,0,0
128660,1,0,833,0,120,42,163655.62,149720,209,79,0,0
128785,1,0,833,0,120,42,163655.62,149720,209,79,0,0
128894,1,0,832,0,120,42,163655.62,149720,209,79,0,0
129009,1,0,832,0,120,42,163655.62,149720,209,79,0,0
129144,1,0,863,0,120,42,163655.62,149720,209,79,0,0
129260,1,0,862,0,120,42,163655.62,149720,209,79,0,0
129388,1,0,862,0,120,42,163656.64,149720,209,79,0,0
129496,1,0,863,0,120,42,163656.64,149720,209,79,0,0
129644,1,0,862,0,120,42,163656.64,149720,209,79,0,0
129760,1,0,862,0,120,42,163656.64,149720,209,79,0,0
129860,1,0,863,0,120,42,163656.64,149720,209,79,0,0
129896,1,0,863,0,120,42,163656.64,149720,209,79,0,0
130095,1,0,832,0,120,42,163656.64,149720,209,79,0,0
130205,1,0,832,0,120,42,163656.64,149720,209,79,0,0
130335,1,0,833,0,122,42,163656.64,149720,209,79,0,0
130360,1,0,833,0,122,42,163656.64,149720,209,79,0,0
130575,1,0,833,0,120,42,163656.64,149720,209,79,0,0
130685,1,0,833,0,120,42,163656.64,149720,209,79,0,0
130795,1,0,833,0,120,42,163656.64,149720,209,79,0,0
130898,1,0,832,0,120,42,163656.64,149720,209,79,0,0
131045,1,0,863,0,120,42,163656.64,149720,209,79,0,0
131160,1,0,862,0,122,42,163656.64,149720,209,79,0,0
131260,1,0,862,0,120,42,163656.64,149720,209,79,0,0
131360,1,0,861,0,120,42,163656.64,149720,209,79,0,0
131495,1,0,861,0,122,42,163656.64,149720,209,79,0,0
131597,1,0,861,0,120,42,163656.64,149720,209,79,0,0
131745,1,0,861,0,120,42,163656.64,149720,209,79,0,0
131860,1,0,861,0,120,42,163656.64,149720,209,79,0,0
131995,1,0,863,0,120,42,163656.64,149720,209,79,0,0
132095,1,0,863,0,120,42,163656.64,149720,209,79,0,0
132235,1,0,863,0,122,42,163656.64,149720,209,79,0,0
132345,1,0,863,0,122,42,163656.64,149720,209,79,0,0
132395,1,0,863,0,122,42,163656.64,149720,209,79,0,0
132595,1,0,832,0,120,42,163656.64,149720,209,79,0,0
132705,1,0,863,0,122,42,163656.64,149720,209,79,0,0
132825,1,0,832,0,122,42,163656.64,149720,209,79,0,0
132897,1,0,863,0,122,42,163656.64,149720,209,79,0,0
133060,1,0,832,0,122,42,163656.64,149720,209,79,0,0
133160,1,0,863,0,122,42,163657.66,149720,209,79,0,0
133295,1,0,862,0,122,42,163657.66,149720,209,79,0,0
133360,1,0,862,0,122,42,163657.66,149720,209,79,0,0
133495,1,0,861,0,122,42,163657.66,149720,209,79,0,0
133645,1,0,861,0,122,42,163657.66,149720,209,79,0,0
133760,1,0,861,0,122,42,163657.66,149720,209,79,0,0
133860,1,0,861,0,122,42,163657.66,149720,209,79,0,0
133895,1,0,861,0,122,42,163657.66,149720,209,79,0,0
134097,1,0,863,0,122,42,163657.66,149720,209,79,0,0
134235,1,0,863,0,122,42,163657.66,149720,209,79,0,0
134347,1,0,863,0,122,42,163657.66,149720,209,79,0,0
134387,1,0,863,0,122,42,163657.66,149720,209,79,0,0
134584,1,0,863,0,122,42,163657.66,149720,209,79,0,0
134697,1,0,863,0,122,42,163657.66,149720,209,79,0,0
134797,1,0,863,0,122,42,163657.66,149720,209,79,0,0
134894,1,0,863,0,122,42,163657.66,149720,209,79,0,0
135047,1,0,832,0,122,42,163657.66,149720,209,79,0,0
135159,1,0,832,0,122,42,163657.66,149720,209,79,0,0
135284,1,0,832,0,122,42,163657.66,149720,209,79,0,0
135387,1,0,863,0,122,42,163657.66,149720,209,79,0,0
135497,1,0,862,0,122,42,163657.66,149720,209,79,0,0
135640,1,0,861,0,122,42,163657.66,149720,209,79,0,0
135759,1,0,861,0,122,42,163657.66,149720,209,79,0,0
135859,1,0,861,0,122,42,163657.66,149720,209,79,0,0
135984,1,0,861,0,122,42,163657.66,149720,209,79,0,0
136097,1,0,861,0,122,42,163657.66,149720,209,79,0,0
136234,1,0,862,0,122,42,163657.66,149720,209,79,0,0
136347,1,0,863,0,122,42,163657.66,149720,209,79,0,0
136415,1,0,863,0,122,42,163657.66,149720,209,79,0,0
136584,1,0,831,0,122,42,163657.66,149720,209,79,0,0
136706,1,0,831,0,106,42,163657.66,149720,209,79,0,0
136824,1,0,801,0,38,42,163657.66,149720,209,79,0,0
136897,1,0,769,0,0,42,163658.67,149720,209,79,0,0
137059,1,0,804,0,0,42,163658.67,149720,209,79,0,0
137184,1,0,987,0,0,42,163658.67,149720,209,79,0,0
137297,1,0,1241,0,0,42,163658.67,149720,209,79,0,0
137409,1,0,1249,0,0,42,163658.67,149720,209,79,0,0
137497,1,0,1240,0,0,42,163658.67,149720,209,79,0,0
137647,1,0,1184,20,0,42,163658.67,149720,209,79,0,0
137759,1,0,1304,28,0,42,163658.67,149720,209,79,0,0
137859,1,0,1473,41,0,42,163658.67,149720,209,79,0,0
137984,1,0,1586,41,0,42,163658.67,149720,209,79,0,0
138097,1,0,1856,59,0,42,163658.67,149720,209,79,0,0
138247,1,0,1900,63,0,42,163659.75,149720,209,79,0,0
138361,1,0,1836,63,0,42,163659.75,149720,209,79,0,0
138397,1,0,1850,63,0,42,163659.75,149720,209,79,0,0
138597,1,4,1791,64,0,42,163659.75,149720,209,79,0,0
138705,1,5,1749,67,0,42,163659.75,149720,209,79,0,0
138824,1,5,1771,72,0,42,163660.81,149720,209,79,0,0
138887,1,6,1771,80,0,42,163660.81,149720,209,79,0,0
139059,1,8,1803,82,0,42,163660.81,149720,209,79,0,0
139184,1,9,1809,82,0,42,163660.81,149720,209,79,0,0
139297,1,10,1813,82,0,42,163660.81,149720,209,79,0,0
139388,1,11,1813,82,0,42,163660.81,149720,209,79,0,0
139540,1,11,1807,82,0,42,163661.88,149720,209,79,0,0
139647,1,13,1899,86,0,42,163661.88,149720,209,79,0,0
139759,1,14,1997,90,0,42,163661.88,149720,209,79,0,0
139887,1,14,2119,90,0,42,163661.88,149720,209,79,0,0
140002,1,14,2172,90,0,42,163661.88,149720,209,79,0,0
140097,1,16,2312,90,0,42,163662.97,149720,209,79,0,0
140234,1,16,2381,91,0,42,163662.97,149720,209,79,0,0
140347,1,17,2550,91,0,42,163662.97,149720,209,79,0,0
140387,1,17,2550,91,0,42,163662.97,149720,209,79,0,0
140584,1,19,2697,93,0,42,163662.97,149720,209,79,0,0
140705,1,19,2837,95,0,42,163664.08,149720,209,79,0,0
140824,1,20,2934,96,0,42,163664.08,149720,209,79,0,0
140897,1,21,2978,96,0,42,163664.08,149720,209,79,0,0
141059,1,22,3117,97,0,42,163664.08,149720,209,79,0,0
141159,1,22,3222,98,0,42,163665.20,149720,209,79,0,0
141284,1,23,3277,98,0,42,163665.20,149720,209,79,0,0
141387,1,23,3366,98,0,42,163665.20,149720,209,79,0,0
141514,1,23,3420,98,0,42,163665.20,149720,209,79,0,0
141647,1,25,3607,86,0,42,163666.34,149720,209,79,0,0
141759,1,26,3644,80,0,42,163666.34,149720,209,79,0,0
141887,1,26,3699,74,0,42,163666.34,149720,209,79,0,0
142000,1,26,3680,57,0,42,163666.34,149720,209,79,0,0
142147,1,27,3578,0,0,42,163667.42,149720,209,79,0,0
142259,1,26,3406,0,0,42,163667.42,149720,209,79,0,0
142360,1,26,3229,0,0,42,163667.42,149720,209,79,0,0
142497,1,26,2976,0,0,42,163667.42,149720,209,79,0,0
142597,1,26,2852,0,0,42,163667.42,149720,209,79,0,0
142747,1,26,2674,0,0,42,163667.42,149720,209,79,0,0
142859,1,26,2554,9,0,42,163667.42,149720,209,79,0,0
142897,1,26,2492,9,0,42,163667.42,149720,209,79,0,0
143097,1,26,2154,39,0,42,163667.42,149720,209,79,0,0
143205,1,26,2089,60,0,42,163667.42,149720,209,79,0,0
143334,1,26,2032,77,0,42,163667.42,149720,209,79,0,0
143397,1,26,2023,77,0,42,163667.42,149720,209,78,0,0
143564,1,27,2102,109,0,42,163667.42,149720,209,78,0,0
143684,1,27,2117,117,0,42,163668.48,149720,209,78,0,0
143797,1,28,2149,117,0,42,163668.48,149720,209,78,0,0
143897,1,28,2187,117,0,42,163668.48,149720,209,78,0,0
143999,1,28,2187,117,0,42,163668.48,149720,209,78,0,0
144147,1,29,2297,103,0,42,163669.62,149720,209,78,0,0
144259,1,30,2318,96,0,42,163669.62,149720,209,78,0,0
144387,1,31,2365,92,0,42,163669.62,149720,209,78,0,0
144396,1,31,2370,92,0,42,163669.62,149720,209,78,0,0
144597,1,32,2449,86,0,42,163669.62,149720,209,78,0,0
144734,1,32,2437,84,0,42,163670.73,149720,209,78,0,0
144847,1,32,2503,81,0,42,163670.73,149720,209,78,0,0
144897,1,33,2517,81,0,42,163670.73,149720,209,78,0,0
145084,1,33,2506,78,0,42,163670.73,149720,209,78,0,0
145205,1,33,2581,77,0,42,163671.73,149720,209,78,0,0
145324,1,34,2577,73,0,42,163671.73,149720,209,78,0,0
145360,1,34,2577,67,0,42,163671.73,149720,209,78,0,0
145559,1,34,2620,60,0,42,163671.73,149720,209,78,0,0
145684,1,34,2621,54,0,42,163671.73,149720,209,78,0,0
145797,1,34,2619,47,0,42,163671.73,149720,209,78,0,0
145887,1,34,2619,36,0,42,163671.73,149720,209,78,0,0
146046,1,34,2563,0,0,42,163672.77,149720,209,78,0,0
146147,1,34,2534,0,0,42,163672.77,149720,209,78,0,0
146284,1,34,2579,0,0,42,163672.77,149720,209,78,0,0
146396,1,34,2590,0,0,42,163672.77,149720,209,78,0,0
146511,1,34,2590,0,0,42,163672.77,149720,209,78,0,0
146662,1,33,2525,0,0,42,163672.77,149720,209,78,0,0
146759,1,33,2511,0,0,42,163672.77,149720,209,78,0,0
146887,1,33,2487,0,0,42,163672.77,149720,209,78,0,0
146997,1,33,2478,0,0,42,163672.77,149720,209,78,0,0
147146,1,32,2461,0,0,42,163672.77,149720,209,78,0,0
147259,1,32,2430,2,0,42,163672.77,149720,209,78,0,0
147360,1,32,2426,8,0,42,163672.77,149720,209,78,0,0
147497,1,32,2413,8,0,42,163672.77,149720,209,78,0,0
147640,1,31,2411,20,0,42,163672.77,149720,209,78,0,0
147759,1,31,2420,23,0,42,163672.77,149720,209,78,0,0
147869,1,31,2370,23,0,42,163672.77,149720,209,78,0,0
147997,1,31,2375,23,0,42,163672.77,149720,209,78,0,0
148147,1,31,2385,23,0,42,163673.80,149720,209,78,0,0
148259,1,31,2384,23,0,42,163673.80,149720,209,78,0,0
148387,1,31,2383,23,0,42,163673.80,149720,209,78,0,0
148509,1,31,2381,23,0,42,163673.80,149720,209,78,0,0
148640,1,31,2384,13,0,42,163673.80,149720,209,78,0,0
148759,1,31,2351,5,0,42,163673.80,149720,209,78,0,0
148859,1,31,2340,0,0,42,163673.80,149720,209,78,0,0
148997,1,31,2342,0,0,42,163673.80,149720,209,78,0,0
149097,1,31,2308,0,0,42,163673.80,149720,209,78,0,0
149246,1,31,2339,0,0,42,163673.80,149720,209,78,0,0
149360,1,31,2340,0,0,42,163673.80,149720,209,78,0,0
149393,1,31,2340,0,0,42,163673.80,149720,209,78,0,0
149597,1,31,2312,0,0,42,163673.80,149720,209,78,0,0
149705,1,30,2325,0,0,42,163673.80,149720,209,78,0,0
149834,1,30,2297,0,0,42,163674.80,149720,209,78,0,0
149867,1,30,2297,0,0,42,163674.80,149720,209,78,0,0
150074,1,30,2268,0,0,42,163674.80,149720,209,78,0,0
150197,1,30,2236,0,0,42,163674.80,149720,209,78,0,0
150297,1,29,2208,0,0,42,163674.80,149720,209,78,0,0
150387,1,29,2208,0,0,42,163674.80,149720,209,78,0,0
150508,1,29,2236,0,0,42,163674.80,149720,209,78,0,0
150661,1,29,2171,0,0,42,163674.80,149720,209,78,0,0
150784,1,28,2144,0,0,42,163674.80,149720,209,78,0,0
150896,1,28,2112,0,0,42,163674.80,149720,209,78,0,0
151020,1,28,2112,0,0,42,163674.80,149720,209,78,0,0
151159,1,28,2080,0,0,42,163674.80,149720,209,78,0,0
151259,1,27,2048,0,0,42,163674.80,149720,209,78,0,0
151387,1,27,2080,0,0,42,163674.80,149720,209,78,0,0
151401,1,27,2048,0,0,42,163674.80,149720,209,78,0,0
151597,1,27,2016,0,0,42,163674.80,149720,209,78,0,0
151734,1,27,2016,0,0,42,163674.80,149720,209,78,0,0
151859,1,26,1952,0,0,42,163674.80,149720,209,78,0,0
151897,1,26,1984,0,0,42,163674.80,149720,209,78,0,0
152096,1,26,1920,0,0,42,163674.80,149720,209,78,0,0
152205,1,25,1952,0,0,42,163674.80,149720,209,78,0,0
152334,1,25,1888,0,0,42,163674.80,149720,209,78,0,0
152396,1,25,1888,0,0,42,163674.80,149720,209,78,0,0
152546,1,25,1888,0,0,42,163674.80,149720,209,78,0,0
152687,1,25,1856,0,0,42,163674.80,149720,209,78,0,0
152797,1,24,1856,0,0,42,163674.80,149720,209,78,0,0
152896,1,24,1824,0,0,42,163674.80,149720,209,78,0,0
153034,1,24,1824,0,0,42,163674.80,149720,209,78,0,0
153159,1,24,1792,0,0,42,163674.80,149720,209,78,0,0
153284,1,24,1792,0,0,42,163674.80,149720,209,78,0,0
153396,1,23,1760,0,0,42,163674.80,149720,209,78,0,0
153396,1,23,1760,0,0,42,163674.80,149720,209,78,0,0
153661,1,23,1728,0,0,42,163674.80,149720,209,78,0,0
153784,1,23,1728,0,24,42,163674.80,149720,209,78,0,0
153897,1,23,1696,0,28,42,163674.80,149720,209,78,0,0
154034,1,23,1696,0,28,42,163674.80,149720,209,78,0,0
154159,1,22,1632,0,48,42,163674.80,149720,209,78,0,0
154284,1,21,1600,0,46,42,163674.80,149720,209,78,0,0
154397,1,21,1568,0,30,42,163674.80,149720,209,78,0,0
154444,1,21,1568,0,30,42,163674.80,149720,209,78,0,0
154640,1,20,1536,0,14,42,163674.80,149720,209,78,0,0
154759,1,20,1504,0,2,42,163674.80,149720,209,78,0,0
154859,1,19,1472,0,0,42,163674.80,149720,209,78,0,0
154896,1,19,1472,0,0,42,163674.80,149720,209,78,0,0
155096,1,19,1408,0,0,42,163674.80,149720,209,78,0,0
155205,1,19,1376,0,0,42,163674.80,149720,209,78,0,0
155346,1,18,1376,20,0,42,163674.80,149720,209,78,0,0
155396,1,18,1391,20,0,42,163674.80,149720,209,78,0,0
155584,1,18,1348,27,0,42,163674.80,149720,209,78,0,0
155696,1,18,1318,29,0,42,163674.80,149720,209,78,0,0
155796,1,17,1367,27,0,42,163674.80,149720,209,78,0,0
155935,1,17,1345,0,0,42,163674.80,149720,209,78,0,0
156017,1,17,1313,0,0,42,163674.80,149720,209,78,0,0
156159,1,17,1256,0,0,42,163674.80,149720,209,78,0,0
156284,1,17,1251,0,6,42,163674.80,149720,209,78,0,0
156397,1,17,1220,0,10,42,163674.80,149720,209,78,0,0
156534,1,17,1220,0,10,42,163674.80,149720,209,78,0,0
156661,1,16,1192,0,12,42,163674.80,149720,209,78,0,0
156759,1,16,1192,0,16,42,163674.80,149720,209,78,0,0
156887,1,16,1194,0,30,42,163674.80,149720,209,78,0,0
156934,1,16,1162,0,30,42,163674.80,149720,209,78,0,0
157097,1,16,1163,0,50,42,163674.80,149720,209,78,0,0
157247,1,15,1132,0,50,42,163674.80,149720,209,78,0,0
157359,1,15,1131,0,50,42,163674.80,149720,209,78,0,0
157397,1,15,1132,0,50,42,163674.80,149720,209,78,0,0
157597,1,14,1165,0,56,42,163674.80,149720,209,78,0,0
157705,1,13,1164,0,60,42,163674.80,149720,209,78,0,0
157834,1,13,1154,0,62,42,163674.80,149720,209,78,0,0
157896,1,12,1183,0,64,42,163674.80,149720,209,78,0,0
158074,1,12,1182,0,64,42,163674.80,149720,209,78,0,0
158184,1,10,1147,0,68,42,163675.81,149720,209,78,0,0
158297,1,10,1114,0,70,42,163675.81,149720,209,78,0,0
158397,1,9,1084,0,68,42,163675.81,149720,209,78,0,0
158534,1,9,1084,0,68,42,163675.81,149720,211,78,0,0
158684,1,8,1059,0,64,42,163675.81,149720,211,78,0,0
158796,1,8,1067,0,64,42,163675.81,149720,211,78,0,0
158896,1,7,1065,0,64,42,163675.81,149720,211,78,0,0
159015,1,7,1065,0,64,42,163675.81,149720,211,78,0,0
159159,1,6,1064,0,62,42,163675.81,149720,211,78,0,0
159284,1,6,1064,0,64,42,163675.81,149720,211,78,0,0
159396,1,5,1032,0,62,42,163675.81,149720,211,78,0,0
159445,1,5,1032,0,62,42,163675.81,149720,211,78,0,0
159596,1,5,1029,0,58,42,163675.81,149720,211,78,0,0
159746,1,4,1025,0,56,42,163675.81,149720,211,78,0,0
159859,1,4,1026,0,56,42,163675.81,149720,211,78,0,0
159896,1,4,1028,0,56,42,163675.81,149720,211,78,0,0
160096,1,3,996,0,54,42,163675.81,149720,211,78,0,0
160206,1,3,995,0,50,42,163675.81,149720,211,78,0,0
160334,1,3,963,0,48,42,163675.81,149720,211,78,0,0
160396,1,2,929,0,46,42,163675.81,149720,211,78,0,0
160574,1,0,927,0,46,42,163675.81,149720,211,78,0,0
160684,1,0,893,0,46,42,163675.81,149720,211,78,0,0
160797,1,0,861,0,46,42,163675.81,149720,211,78,0,0
160896,1,0,861,0,46,42,163675.81,149720,211,78,0,0
161014,1,0,861,0,46,42,163675.81,149720,211,78,0,0
161159,1,0,861,0,46,42,163675.81,149720,211,78,0,0
161285,1,0,862,0,44,42,163675.81,149720,211,78,0,0
161397,1,0,862,0,40,42,163675.81,149720,211,78,0,0
161435,1,0,862,0,40,42,163675.81,149720,211,78,0,0
161597,1,0,862,0,88,42,163675.81,149720,211,78,0,0
161746,1,0,861,0,170,42,163676.81,149720,211,78,0,0
161859,1,0,861,0,242,42,163676.81,149720,211,78,0,0
161897,1,0,861,0,256,42,163676.81,149720,211,78,0,0
162097,1,0,860,0,244,42,163676.81,149720,211,78,0,0
162205,1,0,860,0,220,42,163676.81,149720,211,78,0,0
162324,1,0,859,0,200,42,163676.81,149720,211,78,0,0
162439,1,0,859,0,228,42,163676.81,149720,211,78,0,0
162534,1,0,859,0,228,42,163676.81,149720,211,78,0,0
162661,1,0,858,0,256,42,163676.81,149720,211,78,0,0
162796,1,0,857,0,292,42,163676.81,149720,211,78,0,0
162896,1,0,857,0,296,42,163676.81,149720,211,78,0,0
163046,1,0,858,0,298,42,163676.81,149720,211,78,0,0
163159,1,0,857,0,298,42,163676.81,149720,211,78,0,0
163259,1,0,857,0,296,42,163676.81,149720,211,78,0,0
163387,1,0,857,0,290,42,163676.81,149720,211,78,0,0
163441,1,0,856,0,290,42,163676.81,149720,211,78,0,0
163597,1,0,858,0,220,42,163676.81,149720,211,78,0,0
163734,1,0,859,0,216,42,163676.81,149720,211,78,0,0
163859,1,0,859,0,212,42,163676.81,149720,211,78,0,0
163896,1,0,859,0,202,42,163676.81,149720,211,78,0,0
164096,1,0,860,0,176,42,163676.81,149720,211,78,0,0
164197,1,0,860,0,168,42,163676.81,149720,211,78,0,0
164324,1,0,860,0,164,42,163676.81,149720,211,78,0,0
164399,1,0,860,0,160,42,163676.81,149720,211,78,0,0
164534,1,0,860,0,160,42,163676.81,149720,211,78,0,0
164660,1,0,860,0,154,42,163676.81,149720,211,78,0,0
164797,1,0,860,0,146,42,163676.81,149720,211,78,0,0
164896,1,0,860,0,142,42,163676.81,149720,211,78,0,0
165012,1,0,860,0,142,42,163676.81,149720,211,78,0,0
165149,1,0,860,0,140,42,163676.81,149720,211,78,0,0
165259,1,0,860,0,138,42,163676.81,149720,211,78,0,0
165387,1,0,858,0,136,42,163676.81,149720,211,78,0,0
165408,1,0,859,0,136,42,163676.81,149720,211,78,0,0
165597,1,0,858,0,134,42,163676.81,149720,211,78,0,0
165734,1,0,858,0,132,42,163677.81,149720,211,78,0,0
165846,1,0,859,0,132,42,163677.81,149720,211,78,0,0
165911,1,0,859,0,130,42,163677.81,149720,211,78,0,0
166084,1,0,859,0,130,42,163677.81,149720,211,78,0,0
166206,1,0,827,0,128,42,163677.81,149720,211,78,0,0
166324,1,0,826,0,128,42,163677.81,149720,211,78,0,0
166398,1,0,825,0,128,42,163677.81,149720,211,78,0,0
166534,1,0,825,0,128,42,163677.81,149720,211,78,0,0
166659,1,0,795,0,126,42,163677.81,149720,211,78,0,0
166784,1,0,829,0,126,42,163677.81,149720,211,78,0,0
166908,1,0,842,0,124,42,163677.81,149720,211,78,0,0
166908,1,0,842,0,124,42,163677.81,149720,211,78,0,0
167139,1,0,836,0,124,42,163677.81,149720,211,78,0,0
167259,1,0,835,0,122,42,163677.81,149720,211,78,0,0
167359,1,0,834,0,122,42,163677.81,149720,211,78,0,0
167397,1,0,835,0,122,42,163677.81,149720,211,78,0,0
167597,1,0,835,0,122,42,163677.81,149720,211,78,0,0
167706,1,0,834,0,122,42,163677.81,149720,211,78,0,0
167834,1,0,835,0,120,42,163677.81,149720,211,78,0,0
167954,1,0,833,0,120,42,163677.81,149720,211,78,0,0
168046,1,0,833,0,120,42,163677.81,149720,211,78,0,0
168184,1,0,832,0,120,42,163677.81,149720,211,78,0,0
168297,1,0,832,0,120,42,163677.81,149720,211,78,0,0
168397,1,0,832,0,120,42,163677.81,149720,211,78,0,0
168534,1,0,832,0,120,42,163677.81,149720,211,78,0,0
168658,1,0,832,0,118,42,163677.81,149720,211,78,0,0
168783,1,0,832,0,118,42,163677.81,149720,211,78,0,0
168897,1,0,834,0,118,42,163677.81,149720,211,78,0,0
168947,1,0,834,0,118,42,163677.81,149720,211,78,0,0
169139,1,0,835,0,118,42,163677.81,149720,211,78,0,0
169247,1,0,835,0,118,42,163678.81,149720,211,78,0,0
169358,1,0,835,0,118,42,163678.81,149720,211,78,0,0
169397,1,0,835,0,118,42,163678.81,149720,211,78,0,0
169599,1,0,835,0,118,42,163678.81,149720,211,78,0,0
169706,1,0,836,0,118,42,163678.81,149720,211,78,0,0
169834,1,0,835,0,116,42,163678.81,149720,211,78,0,0
169949,1,0,835,0,116,42,163678.81,149720,211,78,0,0
170077,1,0,835,0,116,42,163678.81,149720,211,78,0,0
170184,1,0,835,0,116,42,163678.81,149720,211,78,0,0
170297,1,0,833,0,116,42,163678.81,149720,211,78,0,0
170397,1,0,833,0,116,42,163678.81,149720,211,78,0,0
170558,1,0,833,0,116,42,163678.81,149720,211,78,0,0
170659,1,0,832,0,116,42,163678.81,149720,211,78,0,0
170797,1,0,832,0,116,42,163678.81,149720,211,78,0,0
170897,1,0,832,0,116,42,163678.81,149720,211,78,0,0
171047,1,0,863,0,116,42,163678.81,149720,211,78,0,0
171158,1,0,832,0,116,42,163678.81,149720,211,78,0,0
171283,1,0,863,0,116,42,163678.81,149720,211,78,0,0
171397,1,0,835,0,116,42,163678.81,149720,211,78,0,0
171397,1,0,835,0,116,42,163678.81,149720,211,78,0,0
171597,1,0,835,0,116,42,163678.81,149720,211,78,0,0
171747,1,0,835,0,116,42,163678.81,149720,211,78,0,0
171858,1,0,835,0,116,42,163678.81,149720,211,78,0,0
171951,1,0,835,0,116,42,163678.81,149720,211,78,0,0
172097,1,0,835,0,116,42,163678.81,149720,211,78,0,0
172212,1,0,835,0,114,42,163678.81,149720,211,78,0,0
172333,1,0,835,0,114,42,163678.81,149720,211,78,0,0
172397,1,0,835,0,114,42,163678.81,149720,211,78,0,0
172533,1,0,835,0,114,42,163678.81,149720,211,78,0,0
172683,1,0,833,0,114,42,163678.81,149720,211,78,0,0
172797,1,0,833,0,114,42,163679.81,149720,211,78,0,0
172897,1,0,833,0,114,42,163679.81,149720,211,78,0,0
172934,1,0,833,0,114,42,163679.81,149720,211,78,0,0
173147,1,0,833,0,114,42,163679.81,149720,211,78,0,0
173258,1,0,833,0,114,42,163679.81,149720,211,78,0,0
173358,1,0,832,0,114,42,163679.81,149720,211,78,0,0
173397,1,0,833,0,114,42,163679.81,149720,211,78,0,0
173597,1,0,835,0,114,42,163679.81,149720,211,78,0,0
173706,1,0,835,0,114,42,163679.81,149720,211,78,0,0
173834,1,0,835,0,114,42,163679.81,149720,211,78,0,0
173897,1,0,835,0,114,42,163679.81,149720,211,78,0,0
174075,1,0,835,0,114,42,163679.81,149720,211,78,0,0
174183,1,0,835,0,114,42,163679.81,149720,211,79,0,0
174297,1,0,835,0,114,42,163679.81,149720,211,79,0,0
174397,1,0,836,0,114,42,163679.81,149720,211,79,0,0
174533,1,0,836,0,114,42,163679.81,149720,211,79,0,0
174659,1,0,835,0,114,42,163679.81,149720,211,79,0,0
174783,1,0,834,0,114,42,163679.81,149720,211,79,0,0
174897,1,0,833,0,114,42,163679.81,149720,211,79,0,0
174933,1,0,833,0,114,42,163679.81,149720,211,79,0,0
175100,1,0,833,0,114,42,163679.81,149720,211,79,0,0
175247,1,0,833,0,114,42,163679.81,149720,211,79,0,0
175358,1,0,833,0,114,42,163679.81,149720,211,79,0,0
175434,1,0,833,0,112,42,163679.81,149720,211,79,0,0
175597,1,0,833,0,112,42,163679.81,149720,211,79,0,0
175706,1,0,834,0,114,42,163679.81,149720,211,79,0,0
175833,1,0,835,0,112,42,163679.81,149720,211,79,0,0
175902,1,0,835,0,112,42,163679.81,149720,211,79,0,0
176073,1,0,835,0,112,42,163679.81,149720,211,79,0,0
176183,1,0,835,0,112,42,163679.81,149720,211,79,0,0
176297,1,0,835,0,112,42,163680.81,149720,211,79,0,0
176397,1,0,835,0,112,42,163680.81,149720,211,79,0,0
176547,1,0,835,0,112,42,163680.81,149720,211,79,0,0
176659,1,0,835,0,112,42,163680.81,149720,211,79,0,0
176783,1,0,835,0,112,42,163680.81,149720,211,79,0,0
176897,1,0,833,0,112,42,163680.81,149720,211,79,0,0
176897,1,0,833,0,112,42,163680.81,149720,211,79,0,0
177139,1,0,833,0,112,42,163680.81,149720,211,79,0,0
177247,1,0,833,0,26,42,163680.81,149720,211,79,0,0
177358,1,0,833,0,0,42,163680.81,149720,211,79,0,0
177453,1,0,835,0,0,42,163680.81,149720,211,79,0,0
177597,1,0,1010,0,0,42,163680.81,149720,211,79,0,0
177706,1,0,1134,0,0,42,163680.81,149720,211,79,0,0
177833,1,0,1160,9,0,42,163680.81,149720,211,79,0,0
177947,1,0,1363,13,0,42,163680.81,149720,211,79,0,0
178073,1,0,1527,20,0,42,163680.81,149720,211,79,0,0
178183,1,0,1609,25,0,42,163680.81,149720,211,79,0,0
178297,1,0,1759,26,0,42,163680.81,149720,211,79,0,0
178397,1,0,1798,26,0,42,163681.86,149720,211,79,0,0
178516,1,0,1798,27,0,42,163681.86,149720,211,79,0,0
178659,1,0,1789,30,0,42,163681.86,149720,211,79,0,0
178758,1,3,1754,33,0,42,163681.86,149720,211,79,0,0
178858,1,3,1665,36,0,42,163681.86,149720,211,79,0,0
178901,1,3,1640,36,0,42,163681.86,149720,211,79,0,0
179097,1,5,1582,45,0,42,163681.86,149720,211,79,0,0
179233,1,6,1599,52,0,42,163682.89,149720,211,79,0,0
179358,1,8,1548,57,0,42,163682.89,149720,211,79,0,0
179397,1,8,1556,57,0,42,163682.89,149720,211,79,0,0
179583,1,10,1566,61,0,42,163682.89,149720,211,79,0,0
179706,1,11,1648,65,0,42,163682.89,149720,211,79,0,0
179823,1,12,1730,78,0,42,163682.89,149720,211,79,0,0
179933,1,12,1869,88,0,42,163683.94,149720,211,79,0,0
180033,1,13,1901,88,0,42,163683.94,149720,211,79,0,0
180183,1,14,2084,92,0,42,163683.94,149720,211,79,0,0
180297,1,15,2243,95,0,42,163683.94,149720,211,79,0,0
180397,1,16,2367,96,0,42,163684.97,149720,211,79,0,0
180397,1,16,2367,96,0,42,163684.97,149720,211,79,0,0
180647,1,17,2609,98,0,42,163684.97,149720,211,79,0,0
180758,1,19,2717,98,0,42,163684.97,149720,211,79,0,0
180858,1,19,2798,95,0,43,163684.97,149720,211,79,0,0
180899,1,19,2862,95,0,43,163686.02,149720,211,79,0,0
181097,1,21,2989,82,0,43,163686.02,149720,211,79,0,0
181207,1,21,3025,65,0,43,163686.02,149720,211,79,0,0
181347,1,22,2959,9,0,43,163686.02,149720,211,79,0,0
181434,1,22,2929,0,0,43,163686.02,149720,211,79,0,0
181547,1,22,2733,0,0,43,163687.08,149720,211,79,0,0
181697,1,22,2475,0,0,43,163687.08,149720,211,79,0,0
181797,1,22,2366,0,0,43,163687.08,149720,211,79,0,0
181897,1,22,2239,0,0,43,163687.08,149720,211,79,0,0
181933,1,22,2239,0,0,43,163687.08,149720,211,79,0,0
182158,1,22,1966,35,0,43,163687.08,149720,211,79,0,0
182258,1,23,1860,47,0,43,163687.08,149720,211,79,0,0
182397,1,23,1767,67,0,43,163687.08,149720,211,79,0,0
182397,1,23,1767,67,0,43,163687.08,149720,211,79,0,0
182597,1,24,1826,81,0,43,163687.08,149720,211,79,0,0
182747,1,24,1904,117,0,43,163687.08,149720,211,79,0,0
182858,1,25,1943,118,0,43,163687.08,149720,211,79,0,0
182973,1,26,2012,118,0,43,163688.14,149720,211,79,0,0
183058,1,26,1995,118,0,43,163688.14,149720,211,79,0,0
183206,1,27,2140,118,0,43,163688.14,149720,211,79,0,0
183323,1,28,2144,118,0,43,163688.14,149720,211,79,0,0
183434,1,28,2222,118,0,43,163689.20,149720,211,79,0,0
183547,1,29,2329,118,0,43,163689.20,149720,212,79,0,0
183683,1,31,2337,118,0,43,163689.20,149720,212,79,0,0
183797,1,31,2441,118,0,43,163690.23,149720,212,80,0,0
183897,1,32,2494,118,0,43,163690.23,149720,212,80,0,0
184033,1,32,2526,118,0,43,163690.23,149720,212,80,0,0
184158,1,34,2627,118,0,43,163691.34,149720,212,80,0,0
184283,1,35,2678,118,0,43,163691.34,149720,212,80,0,0
184397,1,36,2765,118,0,43,163691.34,149720,212,80,0,0
184397,1,36,2765,118,0,43,163691.34,149720,212,80,0,0
184597,1,37,2907,118,0,43,163692.38,149720,212,80,0,0
184747,1,38,2963,101,0,43,163692.38,149720,212,80,0,0
184858,1,39,3004,99,0,43,163693.42,149720,212,80,0,0
184933,1,39,2997,85,0,43,163693.42,149720,212,80,0,0
185097,1,40,3048,85,0,43,163693.42,149720,212,80,0,0
185206,1,40,3098,64,0,43,163693.42,149720,212,80,0,0
185333,1,41,3095,43,0,43,163693.42,149720,212,80,0,0
185397,1,41,3115,43,0,43,163694.48,149720,212,80,0,0
185547,1,41,3118,31,0,43,163694.48,149720,212,80,0,0
185697,1,41,3135,17,0,43,163694.48,149720,212,80,0,0
185799,1,41,3094,16,0,43,163694.48,149720,212,80,0,0
185897,1,41,3091,16,0,43,163694.48,149720,212,80,0,0
186033,1,41,3123,18,0,43,163694.48,149720,212,80,0,0
186158,1,41,3120,23,0,43,163694.48,149720,212,80,0,0
186283,1,41,3120,26,0,43,163694.48,149720,212,80,0,0
186397,1,41,3148,31,0,43,163694.48,149720,212,80,0,0
186537,1,41,3148,35,0,43,163694.48,149720,212,80,0,0
186659,1,41,3134,46,0,43,163694.48,149720,212,80,0,0
186758,1,41,3166,46,0,43,163694.48,149720,212,80,0,0
186897,1,42,3186,46,0,43,163695.50,149720,212,80,0,0
186897,1,42,3186,46,0,43,163695.50,149720,212,80,0,0
187097,1,42,3221,49,0,43,163695.50,149720,212,80,0,0
187247,1,42,3244,72,0,43,163695.50,149720,212,80,0,0
187358,1,43,3282,75,0,43,163695.50,149720,212,80,0,0
187451,1,43,3280,75,0,43,163695.50,149720,212,80,0,0
187600,1,43,3319,75,0,43,163696.58,149720,212,80,0,0
187706,1,44,3334,76,0,43,163696.58,149720,212,80,0,0
187833,1,44,3384,77,0,43,163696.58,149720,212,80,0,0
187933,1,44,3376,68,0,43,163696.58,149720,212,80,0,0
188058,1,45,3408,68,0,43,163696.58,149720,212,80,0,0
188197,1,45,3300,9,0,43,163697.62,149720,212,80,0,0
188297,1,45,3209,0,0,43,163697.62,149720,212,80,0,0
188397,1,45,3044,0,0,43,163697.62,149720,212,80,0,0
188547,1,45,2795,0,0,43,163697.62,149720,212,80,0,0
188683,1,45,2656,0,0,43,163697.62,149720,212,80,0,0
188797,1,45,2504,0,0,43,163697.62,149720,212,80,0,0
188920,1,45,2476,13,0,43,163697.62,149720,212,80,0,0
189058,1,45,2412,27,0,43,163697.62,149720,212,80,0,0
189183,1,46,2450,57,0,43,163697.62,149720,212,80,0,0
189297,1,46,2493,72,0,43,163697.62,149720,212,80,0,0
189397,1,46,2477,79,0,43,163697.62,149720,212,80,0,0
189453,1,46,2477,81,0,43,163697.62,149720,212,80,0,0
189647,1,47,2535,78,0,43,163698.72,149720,212,80,0,0
189758,1,48,2541,78,0,43,163698.72,149720,212,80,0,0
189886,1,48,2544,78,0,43,163698.72,149720,212,80,0,0
189965,1,48,2584,78,0,43,163698.72,149720,212,80,0,0
190097,1,49,2574,78,0,43,163698.72,149720,212,80,0,0
190247,1,49,2589,43,0,43,163699.80,149720,212,80,0,0
190358,1,49,2563,0,0,43,163699.80,149720,212,80,0,0
190459,1,49,2603,0,0,43,163699.80,149720,212,80,0,0
190573,1,49,2603,0,0,43,163699.80,149720,212,80,0,0
190848,1,49,2587,0,0,42,163699.80,149720,212,80,0,0
190958,1,49,2623,3,0,42,163699.80,149720,212,80,0,0
191083,1,49,2624,3,0,42,163699.80,149720,212,80,0,0
191206,1,49,2627,21,0,42,163699.80,149720,212,80,0,0
191333,1,49,2603,26,0,42,163699.80,149720,212,80,0,0
191434,1,49,2655,27,0,42,163699.80,149720,212,80,0,0
191573,1,49,2655,27,0,42,163699.80,149720,212,80,0,0
191700,1,50,2627,45,0,42,163700.84,149720,212,80,0,0
191823,1,50,2674,47,0,42,163700.84,149720,212,80,0,0
191933,1,50,2654,50,0,42,163700.84,149720,212,80,0,0
192058,1,50,2680,50,0,42,163700.84,149720,212,80,0,0
192183,1,50,2676,50,0,42,163700.84,149720,212,80,0,0
192302,1,50,2673,52,0,42,163700.84,149720,212,80,0,0
192401,1,51,2701,53,0,42,163700.84,149720,212,80,0,0
192533,1,51,2701,57,0,42,163700.84,149720,212,80,0,0
192683,1,51,2742,60,0,42,163701.88,149720,212,80,0,0
192800,1,51,2741,65,0,42,163701.88,149720,212,80,0,0
192901,1,52,2736,67,0,42,163701.88,149720,212,80,0,0
192932,1,52,2736,68,0,42,163701.88,149720,212,80,0,0
193158,1,52,2772,68,0,42,163701.88,149720,212,80,0,0
193262,1,52,2801,68,0,42,163701.88,149720,212,80,0,0
193386,1,53,2797,68,0,42,163702.94,149720,212,80,0,0
193434,1,53,2789,68,0,42,163702.94,149720,212,80,0,0
193609,1,53,2825,68,0,42,163702.94,149720,212,80,0,0
193733,1,53,2827,68,0,42,163702.94,149720,212,80,0,0
193858,1,53,2857,68,0,42,163702.94,149720,212,80,0,0
193958,1,54,2857,68,0,42,163702.94,149720,212,80,0,0
194083,1,54,2854,68,0,42,163704.00,149720,212,80,0,0
194209,1,54,2851,67,0,42,163704.00,149720,212,80,0,0
194333,1,54,2889,67,0,42,163704.00,149720,212,80,0,0
194434,1,54,2893,65,0,42,163704.00,149720,212,80,0,0
194573,1,55,2893,65,0,42,163704.00,149720,212,80,0,0
194709,1,55,2943,61,0,42,163704.00,149720,212,80,0,0
194823,1,55,2920,60,0,42,163705.05,149720,212,80,0,0
194944,1,55,2936,49,0,42,163705.05,149720,212,80,0,0
194961,1,55,2936,49,0,42,163705.05,149720,212,80,0,0
195183,1,56,2951,39,0,42,163705.05,149720,212,80,0,0
195301,1,56,2966,36,0,42,163705.05,149720,212,80,0,0
195401,1,56,2961,28,0,42,163705.05,149720,212,80,0,0
195450,1,56,2961,18,0,42,163705.05,149720,212,80,0,0
195654,1,56,2931,14,0,42,163705.05,149720,212,80,0,0
195761,1,56,2921,11,0,42,163705.05,149720,212,80,0,0
195886,1,56,2923,8,0,42,163706.06,149720,212,80,0,0
195961,1,55,2924,7,0,42,163706.06,149720,212,80,0,0
196101,1,55,2928,7,0,42,163706.06,149720,212,80,0,0
196233,1,55,2928,0,0,42,163706.06,149720,212,80,0,0
196359,1,55,2896,0,0,42,163706.06,149720,212,80,0,0
196470,1,55,2750,0,0,42,163706.06,149720,212,80,0,0
196558,1,55,2750,0,0,42,163706.06,149720,212,80,0,0
196709,1,55,2368,0,0,42,163706.06,149720,212,80,0,0
196833,1,55,2261,0,0,42,163706.06,149720,212,80,0,0
196956,1,55,2183,0,0,42,163706.06,149720,212,80,0,0
197083,1,55,2236,0,0,42,163706.06,149720,212,80,0,0
197209,1,55,2238,21,0,42,163706.06,149720,212,80,0,0
197323,1,55,2224,43,0,42,163706.06,149720,212,80,0,0
197433,1,55,2176,72,0,42,163706.06,149720,212,80,0,0
197558,1,55,2176,72,0,42,163706.06,149720,212,80,0,0
197701,1,55,2213,87,0,42,163706.06,149720,212,80,0,0
197823,1,55,2209,89,0,42,163707.16,149720,212,80,0,0
197940,1,56,2261,101,0,42,163707.16,149720,212,80,0,0
197957,1,56,2261,101,0,42,163707.16,149720,212,80,0,0
198158,1,56,2253,102,0,42,163707.16,149720,212,80,0,0
198283,1,57,2262,101,0,42,163708.17,149720,212,80,0,0
198401,1,57,2300,96,0,42,163708.17,149720,212,80,0,0
198433,1,57,2300,85,0,42,163708.17,149720,212,80,0,0
198638,1,57,2277,75,0,42,163708.17,149720,212,80,0,0
198762,1,58,2304,75,0,42,163708.17,149720,212,80,0,0
198859,1,58,2305,75,0,42,163709.19,149720,212,80,0,0
198959,1,58,2325,75,0,42,163709.19,149720,212,80,0,0
199110,1,58,2313,75,0,42,163709.19,149720,212,80,0,0
199233,1,58,2322,60,0,42,163709.19,149720,212,80,0,0
199350,1,58,2365,56,0,42,163709.19,149720,212,80,0,0
199462,1,59,2336,52,0,42,163709.19,149721,212,80,0,0
199583,1,59,2344,52,0,42,163709.19,149721,212,80,0,0
199706,1,59,2331,50,0,42,163710.22,149721,212,80,0,0
199833,1,59,2367,48,0,42,163710.22,149721,212,80,0,0
199959,1,59,2342,45,0,42,163710.22,149721,212,80,0,0
200083,1,59,2344,45,0,42,163710.22,149721,212,80,0,0
200209,1,59,2367,45,0,42,163710.22,149721,212,80,0,0
200335,1,59,2361,45,0,42,163710.22,149721,212,80,0,0
200459,1,59,2389,45,0,42,163710.22,149721,212,80,0,0
200583,1,59,2390,45,0,42,163710.22,149721,212,80,0,0
200709,1,59,2390,51,0,42,163711.25,149721,212,80,0,0
200833,1,59,2399,61,0,42,163711.25,149721,212,80,0,0
200950,1,60,2390,62,0,42,163711.25,149721,212,80,0,0
201073,1,60,2375,62,0,42,163711.25,149721,212,80,0,0
201183,1,60,2389,70,0,42,163711.25,149721,212,80,0,0
201301,1,60,2378,72,0,42,163711.25,149721,212,80,0,0
201401,1,60,2424,73,0,42,163711.25,149721,212,80,0,0
201433,1,60,2424,81,0,42,163711.25,149721,212,80,0,0
201659,1,61,2460,99,0,42,163712.33,149721,212,80,0,0
201762,1,61,2436,99,0,42,163712.33,149721,212,80,0,0
201885,1,61,2445,100,0,42,163712.33,149721,212,80,0,0
201959,1,62,2435,106,0,42,163712.33,149721,212,80,0,0
202108,1,62,2484,106,0,42,163713.39,149721,212,80,0,0
202250,1,62,2491,49,0,42,163713.39,149721,212,80,0,0
202359,1,62,2414,21,0,42,163713.39,149721,212,80,0,0
202433,1,62,2451,18,0,42,163713.39,149721,212,80,0,0
202604,1,62,2490,18,0,42,163713.39,149721,212,80,0,0
202709,1,62,2521,18,0,42,163713.39,149721,212,80,0,0
202832,1,62,2435,18,0,42,163713.39,149721,212,80,0,0
202959,1,62,2473,18,0,42,163714.39,149721,212,80,0,0
203072,1,62,2475,18,0,42,163714.39,149721,212,80,0,0
203209,1,62,2450,18,0,42,163714.39,149721,212,80,0,0
203322,1,62,2451,18,0,42,163714.39,149721,212,80,0,0
203433,1,62,2453,20,0,42,163714.39,149721,212,80,0,0
203557,1,61,2453,20,0,42,163714.39,149721,212,80,0,0
203700,1,61,2433,25,0,42,163714.39,149721,212,80,0,0
203822,1,61,2438,28,0,42,163714.39,149721,212,80,0,0
203932,1,61,2443,30,0,42,163714.39,149721,212,80,0,0
203961,1,61,2443,30,0,42,163714.39,149721,212,80,0,0
204157,1,61,2462,33,0,42,163714.39,149721,212,80,0,0
204282,1,61,2463,33,0,42,163714.39,149721,212,80,0,0
204401,1,61,2435,34,0,42,163715.44,149721,212,80,0,0
204459,1,61,2435,34,0,42,163715.44,149721,212,80,0,0
204650,1,61,2411,34,0,42,163715.44,149721,212,80,0,0
204761,1,61,2407,34,0,42,163715.44,149721,212,80,0,0
204859,1,61,2406,28,0,42,163715.44,149721,212,80,0,0
204959,1,61,2404,26,0,42,163715.44,149721,212,80,0,0
205107,1,61,2404,26,0,42,163715.44,149721,212,81,0,0
205232,1,61,2411,33,0,42,163715.44,149721,212,81,0,0
205350,1,61,2400,37,0,42,163715.44,149721,212,81,0,0
205462,1,61,2402,40,0,42,163715.44,149721,212,81,0,0
205582,1,61,2400,40,0,42,163715.44,149721,212,81,0,0
205732,1,60,2429,41,0,42,163716.47,149721,212,81,0,0
205850,1,60,2401,42,0,42,163716.47,149721,212,81,0,0
205950,1,60,2427,45,0,42,163716.47,149721,212,81,0,0
206072,1,60,2395,45,0,42,163716.47,149721,212,81,0,0
206209,1,60,2414,49,0,42,163716.47,149721,212,81,0,0
206322,1,60,2420,49,0,42,163716.47,149721,212,81,0,0
206433,1,60,2424,51,0,42,163716.47,149721,212,81,0,0
206493,1,60,2424,51,0,42,163716.47,149721,212,81,0,0
206659,1,60,2403,51,0,42,163716.47,149721,212,81,0,0
206782,1,60,2430,52,0,42,163717.52,149721,212,81,0,0
206900,1,60,2425,55,0,42,163717.52,149721,212,81,0,0
206959,1,60,2425,55,0,42,163717.52,149721,212,81,0,0
207150,1,60,2408,57,0,42,163717.52,149721,212,81,0,0
207267,1,60,2412,61,0,42,163717.52,149721,212,81,0,0
207385,1,60,2405,61,0,42,163717.52,149721,212,81,0,0
207485,1,60,2423,61,0,42,163717.52,149721,212,81,0,0
207626,1,60,2415,61,0,42,163718.56,149721,212,81,0,0
207732,1,60,2413,63,0,42,163718.56,149721,212,81,0,0
207859,1,60,2404,63,0,42,163718.56,149721,212,81,0,0
207934,1,60,2402,63,0,42,163718.56,149721,212,81,0,0
208072,1,60,2402,63,0,42,163718.56,149721,212,81,0,0
208209,1,61,2422,64,0,42,163718.56,149721,212,81,0,0
208332,1,61,2421,64,0,42,163718.56,149721,212,81,0,0
208456,1,61,2414,64,0,42,163719.59,149721,212,81,0,0
208574,1,61,2414,64,0,42,163719.59,149721,212,81,0,0
208682,1,61,2422,61,0,42,163719.59,149721,212,81,0,0
208800,1,61,2426,59,0,42,163719.59,149721,212,81,0,0
208901,1,61,2437,59,0,42,163719.59,149721,212,81,0,0
208954,1,61,2405,58,0,42,163719.59,149721,212,81,0,0
209157,1,61,2419,50,0,42,163719.59,149721,212,81,0,0
209282,1,61,2416,50,0,42,163720.61,149721,212,81,0,0
209400,1,61,2407,50,0,42,163720.61,149721,212,81,0,0
209462,1,61,2407,50,0,42,163720.61,149721,215,81,0,0
209638,1,61,2414,45,0,42,163720.61,149721,215,81,0,0
209750,1,61,2419,45,0,42,163720.61,149721,215,81,0,0
209859,1,61,2416,45,0,42,163720.61,149721,215,81,0,0
209958,1,61,2404,45,0,42,163720.61,149721,215,81,0,0
210103,1,61,2423,45,0,42,163720.61,149721,215,81,0,0
210209,1,61,2422,45,0,42,163721.64,149721,215,81,0,0
210332,1,61,2425,45,0,42,163721.64,149721,215,81,0,0
210459,1,61,2400,53,0,42,163721.64,149721,215,81,0,0
210582,1,61,2400,53,0,42,163721.64,149721,215,81,0,0
210709,1,61,2425,61,0,42,163721.64,149721,215,81,0,0
210832,1,61,2407,63,0,42,163721.64,149721,215,81,0,0
210932,1,61,2421,63,0,42,163721.64,149721,215,81,0,0
211072,1,61,2421,63,0,42,163721.64,149721,215,81,0,0
211209,1,61,2447,63,0,42,163722.69,149721,215,81,0,0
211322,1,61,2451,63,0,42,163722.69,149721,215,81,0,0
211433,1,61,2453,63,0,42,163722.69,149721,215,81,0,0
211460,1,61,2453,63,0,42,163722.69,149721,215,81,0,0
211659,1,61,2443,64,0,42,163722.69,149721,215,81,0,0
211782,1,61,2408,64,0,42,163722.69,149721,215,81,0,0
211900,1,61,2451,64,0,42,163722.69,149721,215,81,0,0
211976,1,61,2451,64,0,42,163722.69,149721,215,81,0,0
212150,1,61,2445,65,0,42,163723.73,149721,215,81,0,0
212261,1,61,2446,65,0,42,163723.73,149721,215,81,0,0
212385,1,61,2455,65,0,42,163723.73,149721,215,81,0,0
212482,1,61,2462,66,0,42,163723.73,149721,215,81,0,0
212623,1,61,2454,66,0,42,163723.73,149721,215,81,0,0
212732,1,61,2453,66,0,42,163723.73,149721,215,81,0,0
212858,1,61,2462,66,0,42,163724.80,149721,215,81,0,0
212932,1,61,2435,66,0,42,163724.80,149721,215,81,0,0
213072,1,61,2435,66,0,42,163724.80,149721,215,81,0,0
213209,1,62,2458,66,0,42,163724.80,149721,215,81,0,0
213332,1,62,2458,66,0,42,163724.80,149721,215,81,0,0
213450,1,62,2435,66,0,42,163724.80,149721,215,81,0,0
213582,1,62,2438,66,0,42,163724.80,149721,215,81,0,0
213709,1,62,2465,64,0,42,163725.81,149721,215,81,0,0
213822,1,62,2455,62,0,42,163725.81,149721,215,81,0,0
213932,1,62,2477,62,0,42,163725.81,149721,215,81,0,0
213982,1,62,2445,62,0,42,163725.81,149721,215,81,0,0
214157,1,62,2442,61,0,42,163725.81,149721,215,81,0,0
214282,1,62,2438,61,0,42,163725.81,149721,215,81,0,0
214400,1,62,2434,61,0,42,163726.84,149721,215,81,0,0
214433,1,62,2434,60,0,42,163726.84,149721,215,81,0,0
214650,1,62,2473,60,0,42,163726.84,149721,215,81,0,0
214761,1,62,2439,60,0,42,163726.84,149721,215,81,0,0
214885,1,62,2460,60,0,42,163726.84,149721,215,81,0,0
214973,1,62,2456,60,0,42,163726.84,149721,215,81,0,0
215100,1,62,2434,60,0,42,163726.84,149721,215,81,0,0
215237,1,62,2437,60,0,42,163726.84,149721,215,81,0,0
215358,1,61,2433,60,0,42,163727.91,149721,215,81,0,0
215468,1,61,2458,60,0,42,163727.91,149721,215,81,0,0
215582,1,61,2457,60,0,42,163727.91,149721,215,81,0,0
215708,1,61,2434,60,0,42,163727.91,149721,215,81,0,0
215832,1,61,2434,60,0,42,163727.91,149721,215,81,0,0
215954,1,61,2428,60,0,42,163727.91,149721,215,81,0,0
216082,1,61,2424,60,0,42,163727.91,149721,215,81,0,0
216209,1,61,2401,60,0,42,163728.95,149721,215,81,0,0
216322,1,61,2402,60,0,42,163728.95,149721,215,81,0,0
216433,1,61,2401,60,0,42,163728.95,149721,215,81,0,0
216464,1,61,2401,60,0,42,163728.95,149721,215,81,0,0
216658,1,60,2421,60,0,42,163728.95,149721,215,81,0,0
216782,1,60,2425,60,0,42,163728.95,149721,215,81,0,0
216900,1,60,2399,60,0,42,163730.00,149721,215,81,0,0
217000,1,60,2398,60,0,42,163730.00,149721,215,81,0,0
217150,1,60,2391,58,0,42,163730.00,149721,215,81,0,0
217261,1,60,2386,38,0,42,163730.00,149721,215,81,0,0
217385,1,59,2356,29,0,42,163730.00,149721,215,81,0,0
217461,1,59,2365,29,0,42,163730.00,149721,215,81,0,0
217600,1,59,2357,29,0,42,163730.00,149721,215,81,0,0
217732,1,59,2339,29,0,42,163730.00,149721,215,81,0,0
217858,1,59,2308,29,0,42,163730.00,149721,215,81,0,0
217958,1,58,2309,29,0,42,163731.00,149721,215,81,0,0
218082,1,58,2308,29,0,42,163731.00,149721,215,81,0,0
218232,1,58,2307,20,0,42,163731.00,149721,215,81,0,0
218358,1,58,2274,2,0,42,163731.00,149721,215,81,0,0
218461,1,58,2295,0,0,42,163731.00,149721,215,81,0,0
218600,1,58,2257,0,0,42,163731.00,149721,215,81,0,0
218732,1,57,2251,0,0,42,163731.00,149721,215,81,0,0
218850,1,57,2287,0,0,42,163731.00,149721,215,81,0,0
218958,1,57,2257,0,0,42,163731.00,149721,215,81,0,0
219082,1,57,2259,0,0,42,163731.00,149721,215,81,0,0
219209,1,56,2226,2,0,42,163731.00,149721,215,81,0,0
219332,1,56,2223,3,0,42,163731.00,149721,215,81,0,0
219461,1,55,2223,8,0,42,163731.00,149721,215,81,0,0
219507,1,55,2222,8,0,42,163731.00,149721,215,81,0,0
219682,1,55,2225,31,0,42,163731.00,149721,215,81,0,0
219800,1,55,2205,33,0,42,163732.03,149721,215,81,0,0
219932,1,55,2192,46,0,42,163732.03,149721,215,81,0,0
219958,1,55,2192,46,0,42,163732.03,149721,215,81,0,0
220157,1,55,2193,58,0,42,163732.03,149721,215,81,0,0
220285,1,55,2146,64,0,42,163732.03,149721,215,81,0,0
220400,1,54,2157,69,0,42,163732.03,149721,215,81,0,0
220461,1,54,2157,77,0,42,163732.03,149721,215,81,0,0
220644,1,54,2181,87,0,42,163732.03,149721,215,81,0,0
220761,1,55,2183,91,0,42,163733.08,149721,215,81,0,0
220885,1,55,2204,96,0,42,163733.08,149721,215,81,0,0
220997,1,55,2195,101,0,42,163733.08,149721,215,81,0,0
221122,1,55,2206,101,0,42,163733.08,149721,215,81,0,0
221232,1,55,2219,105,0,42,163733.08,149721,215,81,0,0
221350,1,55,2215,106,0,42,163734.12,149721,215,81,0,0
221458,1,56,2212,107,0,42,163734.12,149721,215,81,0,0
221582,1,56,2212,107,0,42,163734.12,149721,215,81,0,0
221708,1,56,2231,107,0,42,163734.12,149721,215,81,0,0
221832,1,56,2240,107,0,42,163734.12,149721,215,81,0,0
221958,1,56,2248,107,0,42,163735.14,149721,215,81,0,0
222082,1,56,2255,107,0,42,163735.14,149721,215,81,0,0
222208,1,57,2286,107,0,42,163735.14,149721,215,81,0,0
222332,1,57,2284,107,0,42,163735.14,149721,215,81,0,0
222433,1,57,2294,107,0,42,163736.22,149721,215,81,0,0
222483,1,58,2326,107,0,42,163736.22,149721,215,81,0,0
222682,1,58,2335,107,0,42,163736.22,149721,215,81,0,0
222800,1,58,2334,107,0,42,163736.22,149721,215,81,0,0
222900,1,58,2326,107,0,42,163737.34,149721,215,81,0,0
222958,1,58,2358,107,0,42,163737.34,149721,215,81,0,0
223157,1,59,2339,105,0,42,163737.34,149721,215,81,0,0
223261,1,59,2375,105,0,42,163737.34,149721,215,81,0,0
223385,1,59,2377,104,0,42,163738.34,149721,215,81,0,0
223461,1,59,2378,100,0,42,163738.34,149721,215,81,0,0
223600,1,59,2393,100,0,42,163738.34,149721,215,81,0,0
223750,1,60,2412,97,0,42,163738.34,149721,215,82,0,0
223861,1,60,2402,96,0,42,163739.45,149721,215,82,0,0
223958,1,60,2401,94,0,42,163739.45,149721,215,82,0,0
224082,1,60,2428,94,0,42,163739.45,149721,215,82,0,0
224232,1,61,2437,92,0,42,163739.45,149721,215,82,0,0
224350,1,61,2458,92,0,42,163740.47,149721,215,82,0,0
224458,1,61,2444,92,0,42,163740.47,149721,215,82,0,0
224572,1,61,2444,92,0,42,163740.47,149721,215,82,0,0
224708,1,62,2481,91,0,42,163740.47,149721,215,82,0,0
224832,1,62,2485,90,0,42,163740.47,149721,215,82,0,0
224950,1,62,2490,89,0,42,163741.53,149721,215,82,0,0
225082,1,62,2488,89,0,42,163741.53,149721,215,82,0,0
225208,1,63,2505,84,0,42,163741.53,149721,215,82,0,0
225332,1,63,2523,78,0,42,163741.53,149721,215,82,0,0
225450,1,63,2519,78,0,42,163741.53,149721,215,82,0,0
225463,1,63,2519,78,0,42,163741.53,149721,215,82,0,0
225682,1,63,2530,76,0,42,163742.56,149721,215,82,0,0
225800,1,63,2525,73,0,42,163742.56,149721,215,82,0,0
225900,1,64,2544,68,0,42,163742.56,149721,215,82,0,0
225996,1,64,2544,64,0,42,163742.56,149721,215,82,0,0
226157,1,64,2558,57,0,42,163742.56,149721,215,82,0,0
226261,1,64,2541,53,0,42,163743.59,149721,215,82,0,0
226400,1,64,2543,48,0,42,163743.59,149721,215,82,0,0
226504,1,64,2542,40,0,42,163743.59,149721,215,82,0,0
226600,1,64,2553,30,0,42,163743.59,149721,215,82,0,0
226750,1,64,2489,0,0,42,163743.59,149721,215,82,0,0
226861,1,64,2375,0,0,42,163743.59,149721,215,82,0,0
226958,1,64,2266,0,0,42,163743.59,149721,215,82,0,0
227082,1,64,2193,0,0,42,163743.59,149721,215,82,0,0
227209,1,64,1937,0,0,42,163743.59,149721,215,82,0,0
227332,1,64,1879,0,0,42,163743.59,149721,215,82,0,0
227461,1,64,1722,0,0,42,163743.59,149721,215,82,0,0
227603,1,64,1573,0,0,42,163743.59,149721,215,82,0,0
227732,1,64,1546,0,0,42,163743.59,149721,215,82,0,0
227852,1,63,1559,1,0,42,163743.59,149721,215,82,0,0
227932,1,63,1618,9,0,42,163743.59,149721,215,82,0,0
227992,1,63,1682,9,0,42,163743.59,149721,215,82,0,0
228200,1,63,2058,17,0,42,163743.59,149721,215,82,0,0
228323,1,63,2012,21,0,42,163744.59,149721,215,82,0,0
228433,1,63,2020,30,0,42,163744.59,149721,215,82,0,0
228499,1,63,2036,30,0,42,163744.59,149721,215,82,0,0
228682,1,63,2022,42,0,42,163744.59,149721,215,82,0,0
228800,1,63,2036,45,0,42,163744.59,149721,215,82,0,0
228899,1,63,2034,60,0,42,163744.59,149721,215,82,0,0
228982,1,63,2034,67,0,42,163744.59,149721,215,82,0,0
229157,1,63,2020,77,0,42,163744.59,149721,215,82,0,0
229261,1,63,2040,78,0,42,163744.59,149721,215,82,0,0
229385,1,63,2022,81,0,42,163744.59,149721,215,82,0,0
229482,1,64,2079,85,0,42,163745.64,149721,215,82,0,0
229613,1,64,2056,85,0,42,163745.64,149721,215,82,0,0
229749,1,64,2049,88,0,42,163745.64,149721,215,82,0,0
229859,1,64,2054,88,0,42,163745.64,149721,215,82,0,0
229982,1,64,2055,88,0,42,163745.64,149721,215,82,0,0
230099,1,65,2051,88,0,42,163746.67,149721,215,82,0,0
230250,1,65,2110,88,0,42,163746.67,149721,215,82,0,0
230359,1,65,2107,88,0,42,163746.67,149721,215,82,0,0
230482,1,65,2111,88,0,42,163746.67,149721,215,82,0,0
230602,1,65,2083,88,0,42,163746.67,149721,215,82,0,0
230732,1,66,2083,88,0,42,163746.67,149721,215,82,0,0
230859,1,66,2114,88,0,42,163747.70,149721,215,82,0,0
230958,1,66,2115,88,0,42,163747.70,149721,215,82,0,0
231102,1,66,2116,88,0,42,163747.70,149721,215,82,0,0
231232,1,66,2140,82,0,42,163747.70,149721,215,82,0,0
231350,1,67,2137,81,0,42,163748.73,149721,215,82,0,0
231461,1,67,2170,81,0,42,163748.73,149721,215,82,0,0
231491,1,67,2170,81,0,42,163748.73,149721,215,82,0,0
231700,1,67,2158,81,0,42,163748.73,149721,215,82,0,0
231802,1,67,2159,81,0,42,163748.73,149721,215,82,0,0
231932,1,67,2161,81,0,42,163748.73,149721,215,82,0,0
231982,1,67,2161,81,0,42,163748.73,149721,215,82,0,0
232157,1,68,2165,80,0,42,163749.81,149721,215,82,0,0
232282,1,68,2166,80,0,42,163749.81,149721,215,82,0,0
232402,1,68,2199,80,0,42,163749.81,149721,215,82,0,0
232500,1,68,2199,80,0,42,163749.81,149721,215,82,0,0
232682,1,68,2199,79,0,42,163749.81,149721,215,82,0,0
232782,1,68,2199,79,0,42,163749.81,149721,215,82,0,0
232900,1,68,2185,79,0,42,163749.81,149721,215,82,0,0
232982,1,69,2185,79,0,42,163750.89,149721,215,82,0,0
233150,1,69,2192,79,0,42,163750.89,149721,215,82,0,0
233261,1,69,2197,79,0,42,163750.89,149721,215,82,0,0
233384,1,69,2233,79,0,42,163750.89,149721,215,82,0,0
233500,1,69,2238,79,0,42,163750.89,149721,215,82,0,0
233610,1,69,2238,79,0,42,163750.89,149721,215,82,0,0
233760,1,69,2208,78,0,42,163751.91,149721,215,82,0,0
233858,1,69,2209,76,0,42,163751.91,149721,215,82,0,0
234000,1,70,2208,74,0,42,163751.91,149721,215,82,0,0
234122,1,70,2240,72,0,42,163751.91,149721,215,82,0,0
234252,1,70,2217,72,0,42,163751.91,149721,215,82,0,0
234358,1,70,2267,72,0,42,163752.92,149721,215,82,0,0
234483,1,70,2263,72,0,42,163752.92,149721,215,82,0,0
234512,1,70,2257,72,0,42,163752.92,149721,215,82,0,0
234708,1,70,2271,71,0,42,163752.92,149721,215,82,0,0
234831,1,71,2243,70,0,42,163752.92,149721,215,82,0,0
234958,1,71,2245,70,0,42,163752.92,149721,215,82,0,0
235002,1,71,2245,70,0,42,163753.92,149721,215,82,0,0
235181,1,71,2243,70,0,42,163753.92,149721,215,82,0,0
235300,1,71,2272,70,0,42,163753.92,149721,215,82,0,0
235432,1,71,2295,70,0,42,163753.92,149721,215,82,0,0
235502,1,71,2291,70,0,42,163753.92,149721,215,82,0,0
235650,1,71,2297,68,0,42,163753.92,149721,215,82,0,0
235781,1,71,2302,64,0,42,163753.92,149721,215,82,0,0
235902,1,71,2298,62,0,42,163754.92,149721,215,82,0,0
236019,1,71,2273,62,0,42,163754.92,149721,215,82,0,0
236157,1,72,2303,67,0,42,163754.92,149721,215,82,0,0
236281,1,71,2302,70,0,42,163754.92,149721,215,82,0,0
236399,1,71,2301,70,0,42,163754.92,149721,215,82,0,0
236500,1,72,2278,70,0,42,163754.92,149721,215,82,0,0
236536,1,72,2278,70,0,42,163754.92,149721,215,82,0,0
236731,1,72,2283,70,0,42,163755.97,149721,215,82,0,0
236858,1,72,2315,70,0,42,163755.97,149721,215,82,0,0
236982,1,72,2316,70,0,42,163755.97,149721,215,82,0,0
237031,1,72,2306,70,0,42,163755.97,149721,215,82,0,0
237208,1,72,2330,70,0,42,163755.97,149721,215,82,0,0
237331,1,72,2329,71,0,42,163755.97,149721,215,82,0,0
237458,1,72,2305,64,0,42,163757.00,149721,215,82,0,0
237502,1,72,2310,64,0,42,163757.00,149721,215,82,0,0
237684,1,73,2335,62,0,42,163757.00,149721,215,82,0,0
237802,1,73,2333,62,0,42,163757.00,149721,215,82,0,0
237931,1,73,2326,61,0,42,163757.00,149721,215,82,0,0
238031,1,73,2328,59,0,42,163757.00,149721,215,82,0,0
238156,1,73,2331,59,0,42,163758.02,149721,215,82,0,0
238302,1,73,2323,47,0,42,163758.02,149721,215,82,0,0
238402,1,72,2322,32,0,42,163758.02,149721,215,83,0,0
238500,1,72,2315,24,0,42,163758.02,149721,215,83,0,0
238637,1,72,2315,24,0,42,163758.02,149721,215,83,0,0
238781,1,72,2312,24,0,42,163758.02,149721,215,83,0,0
238900,1,72,2322,28,0,42,163758.02,149721,215,83,0,0
239002,1,72,2333,33,0,42,163758.02,149721,215,83,0,0
239050,1,72,2333,39,0,42,163758.02,149721,215,83,0,0
239249,1,72,2331,43,0,42,163758.02,149721,215,83,0,0
239358,1,72,2287,43,0,42,163759.03,149721,215,83,0,0
239483,1,72,2297,45,0,42,163759.03,149721,218,83,0,0
239502,1,72,2325,45,0,42,163759.03,149721,218,83,0,0
239708,1,72,2323,48,0,42,163759.03,149721,218,83,0,0
239831,1,72,2307,48,0,42,163759.03,149721,218,83,0,0
239958,1,72,2283,48,0,42,163759.03,149721,218,83,0,0
240056,1,72,2286,48,0,42,163759.03,149721,218,83,0,0
240181,1,72,2280,48,0,42,163759.03,149721,218,83,0,0
240321,1,72,2304,50,0,42,163759.03,149721,218,83,0,0
240432,1,72,2310,50,0,42,163760.06,149721,218,83,0,0
240531,1,72,2283,50,0,42,163760.06,149721,218,83,0,0
240658,1,72,2283,50,0,42,163760.06,149721,218,83,0,0
240781,1,72,2284,51,0,42,163760.06,149721,218,83,0,0
240902,1,72,2279,51,0,42,163760.06,149721,218,83,0,0
241031,1,72,2286,52,0,42,163760.06,149721,218,83,0,0
241156,1,72,2288,52,0,42,163760.06,149721,218,83,0,0
241281,1,72,2292,52,0,42,163760.06,149721,218,83,0,0
241402,1,72,2287,52,0,42,163761.11,149721,218,83,0,0
241502,1,72,2287,52,0,42,163761.11,149721,218,83,0,0
241637,1,72,2287,52,0,42,163761.11,149721,218,83,0,0
241781,1,72,2295,52,0,42,163761.11,149721,218,83,0,0
241902,1,72,2286,52,0,42,163761.11,149721,218,83,0,0
242002,1,72,2282,52,0,42,163761.11,149721,218,83,0,0
242064,1,72,2282,52,0,42,163761.11,149721,218,83,0,0
242252,1,72,2289,52,0,42,163761.11,149721,218,83,0,0
242358,1,72,2292,52,0,42,163762.11,149721,218,83,0,0
242483,1,72,2292,49,0,42,163762.11,149721,218,83,0,0
242531,1,72,2286,46,0,42,163762.11,149721,218,83,0,0
242708,1,72,2295,46,0,42,163762.11,149721,218,83,0,0
242831,1,72,2285,43,0,42,163762.11,149721,218,83,0,0
242958,1,72,2288,42,0,42,163762.11,149721,218,83,0,0
243056,1,72,2289,41,0,42,163762.11,149721,218,83,0,0
243181,1,72,2289,41,0,42,163762.11,149721,218,83,0,0
243302,1,72,2272,40,0,42,163762.11,149721,218,83,0,0
243432,1,72,2302,40,0,42,163762.11,149721,218,83,0,0
243531,1,71,2301,40,0,42,163762.11,149721,218,83,0,0
243658,1,71,2301,40,0,42,163763.12,149721,218,83,0,0
243802,1,71,2277,39,0,42,163763.12,149721,218,83,0,0
243902,1,71,2278,39,0,42,163763.12,149721,218,83,0,0
244014,1,71,2272,38,0,42,163763.12,149721,218,83,0,0
244156,1,71,2301,38,0,42,163763.12,149721,218,83,0,0
244281,1,71,2298,38,0,42,163763.12,149721,218,83,0,0
244402,1,71,2302,38,0,42,163763.12,149721,218,83,0,0
244502,1,71,2302,38,0,42,163763.12,149721,218,83,0,0
244553,1,71,2302,38,0,42,163763.12,149721,218,83,0,0
244760,1,71,2298,38,0,42,163763.12,149721,218,83,0,0
244884,1,71,2303,38,0,42,163763.12,149721,218,83,0,0
245002,1,71,2242,38,0,42,163764.16,149721,218,83,0,0
245002,1,71,2242,38,0,42,163764.16,149721,218,83,0,0
245231,1,71,2240,38,0,42,163764.16,149721,218,83,0,0
245350,1,71,2267,38,0,42,163764.16,149721,218,83,0,0
245461,1,71,2265,38,0,42,163764.16,149721,218,83,0,0
245550,1,71,2266,38,0,42,163764.16,149721,218,83,0,0
245705,1,71,2271,38,0,42,163764.16,149721,218,83,0,0
245821,1,71,2240,38,0,42,163764.16,149721,218,83,0,0
245931,1,71,2241,39,0,42,163764.16,149721,218,83,0,0
246056,1,71,2266,39,0,42,163764.16,149721,218,83,0,0
246181,1,71,2266,39,0,42,163764.16,149721,218,83,0,0
246302,1,70,2242,40,0,42,163765.17,149721,218,83,0,0
246402,1,70,2245,40,0,42,163765.17,149721,218,83,0,0
246531,1,70,2249,40,0,42,163765.17,149721,218,83,0,0
246658,1,70,2249,40,0,42,163765.17,149721,218,83,0,0
246781,1,70,2252,40,0,42,163765.17,149721,218,83,0,0
246902,1,70,2243,40,0,42,163765.17,149721,218,83,0,0
247031,1,70,2241,40,0,42,163765.17,149721,218,83,0,0
247156,1,70,2271,40,0,42,163765.17,149721,218,83,0,0
247281,1,70,2243,40,0,42,163765.17,149721,218,83,0,0
247402,1,70,2248,40,0,42,163765.17,149721,218,83,0,0
247502,1,70,2248,40,0,42,163766.19,149721,218,83,0,0
247653,1,70,2216,40,0,42,163766.19,149721,218,83,0,0
247760,1,70,2241,40,0,42,163766.19,149721,218,83,0,0
247884,1,70,2239,40,0,42,163766.19,149721,218,83,0,0
248002,1,70,2210,40,0,42,163766.19,149721,218,82,0,0
248056,1,70,2242,40,0,42,163766.19,149721,218,82,0,0
248231,1,70,2213,40,0,42,163766.19,149721,218,82,0,0
248358,1,70,2213,40,0,42,163766.19,149721,218,82,0,0
248461,1,70,2208,40,0,42,163766.19,149721,218,82,0,0
248550,1,70,2238,40,0,42,163766.19,149721,218,82,0,0
248708,1,70,2211,40,0,42,163766.19,149721,218,82,0,0
248831,1,70,2212,40,0,42,163767.23,149721,218,82,0,0
248950,1,70,2213,40,0,42,163767.23,149721,218,82,0,0
249055,1,70,2214,40,0,42,163767.23,149721,218,82,0,0
249182,1,70,2208,40,0,42,163767.23,149721,218,82,0,0
249302,1,69,2239,40,0,42,163767.23,149721,218,82,0,0
249402,1,69,2211,40,0,42,163767.23,149721,218,82,0,0
249531,1,69,2212,40,0,42,163767.23,149721,218,82,0,0
249659,1,69,2213,40,0,42,163767.23,149721,218,82,0,0
249781,1,69,2211,40,0,42,163767.23,149721,218,82,0,0
249902,1,69,2237,40,0,42,163767.23,149721,218,82,0,0
250031,1,69,2235,45,0,42,163768.28,149721,218,82,0,0
250071,1,69,2235,45,0,42,163768.28,149721,218,82,0,0
250260,1,69,2222,46,0,42,163768.28,149721,218,82,0,0
250359,1,69,2231,47,0,42,163768.28,149721,218,82,0,0
250482,1,69,2237,47,0,42,163768.28,149721,218,82,0,0
250568,1,69,2239,47,0,42,163768.28,149721,218,82,0,0
250731,1,69,2235,48,0,42,163768.28,149721,218,82,0,0
250850,1,69,2233,49,0,42,163768.28,149721,218,82,0,0
250959,1,69,2231,51,0,42,163768.28,149721,218,82,0,0
251054,1,69,2235,53,0,42,163768.28,149721,218,82,0,0
251207,1,69,2228,53,0,42,163769.34,149721,218,82,0,0
251321,1,69,2237,58,0,42,163769.34,149721,218,82,0,0
251432,1,69,2209,61,0,42,163769.34,149721,218,82,0,0
251531,1,69,2215,62,0,42,163769.34,149721,218,82,0,0
251659,1,69,2215,62,0,42,163769.34,149721,218,82,0,0
251802,1,69,2230,64,0,42,163769.34,149721,218,82,0,0
251902,1,69,2235,66,0,42,163769.34,149721,218,82,0,0
252031,1,69,2212,66,0,42,163769.34,149721,218,82,0,0
252150,1,69,2218,66,0,42,163770.41,149721,218,82,0,0
252281,1,69,2213,67,0,42,163770.41,149721,218,82,0,0
252402,1,69,2214,68,0,42,163770.41,149721,218,82,0,0
252502,1,69,2222,71,0,42,163770.41,149721,218,82,0,0
252567,1,70,2222,73,0,42,163770.41,149721,218,82,0,0
252760,1,70,2231,76,0,42,163770.41,149721,218,82,0,0
252859,1,70,2238,78,0,42,163770.41,149721,218,82,0,0
252981,1,70,2209,79,0,42,163771.45,149721,218,82,0,0
253053,1,70,2226,79,0,42,163771.45,149721,218,82,0,0
253231,1,70,2243,81,0,42,163771.45,149721,218,82,0,0
253350,1,70,2240,84,0,42,163771.45,149721,218,82,0,0
253461,1,70,2270,88,0,42,163771.45,149722,218,82,0,0
253531,1,70,2270,94,0,42,163771.45,149722,218,82,0,0
253702,1,70,2249,94,0,42,163772.48,149722,218,82,0,0
253821,1,70,2271,101,0,42,163772.48,149722,218,82,0,0
253931,1,71,2258,105,0,42,163772.48,149722,218,82,0,0
254054,1,71,2274,105,0,42,163772.48,149722,218,82,0,0
254151,1,71,2283,105,0,42,163772.48,149722,218,82,0,0
254281,1,71,2293,105,0,42,163773.53,149722,218,82,0,0
254402,1,71,2276,105,0,42,163773.53,149722,218,82,0,0
254502,1,71,2282,105,0,42,163773.53,149722,218,82,0,0
254656,1,72,2285,104,0,42,163773.53,149722,218,82,0,0
254781,1,72,2309,102,0,42,163774.59,149722,218,82,0,0
254902,1,72,2322,102,0,42,163774.59,149722,218,82,0,0
255005,1,72,2322,102,0,42,163774.59,149722,218,82,0,0
255051,1,72,2322,102,0,42,163774.59,149722,218,82,0,0
255252,1,73,2341,102,0,42,163775.67,149722,218,82,0,0
255359,1,73,2337,102,0,42,163775.67,149722,218,82,0,0
255482,1,73,2338,102,0,42,163775.67,149722,218,82,0,0
255556,1,73,2346,102,0,42,163775.67,149722,218,82,0,0
255724,1,73,2350,102,0,42,163775.67,149722,218,82,0,0
255832,1,74,2350,101,0,42,163776.75,149722,218,82,0,0
255959,1,74,2382,100,0,42,163776.75,149722,218,82,0,0
256056,1,74,2373,100,0,42,163776.75,149722,218,82,0,0
256160,1,74,2398,100,0,42,163776.75,149722,218,82,0,0
256302,1,75,2375,100,0,42,163777.83,149722,218,82,0,0
256432,1,75,2374,99,0,42,163777.83,149722,218,82,0,0
256550,1,75,2408,97,0,42,163777.83,149722,218,82,0,0
256681,1,75,2408,97,0,42,163777.83,149722,218,82,0,0
256801,1,75,2420,97,0,42,163778.89,149722,218,82,0,0
256902,1,75,2416,97,0,42,163778.89,149722,218,82,0,0
257031,1,76,2422,97,0,42,163778.89,149722,218,82,0,0
257159,1,76,2421,97,0,42,163778.89,149722,218,82,0,0
257302,1,76,2453,97,0,42,163779.92,149722,218,82,0,0
257403,1,76,2453,97,0,42,163779.92,149722,218,82,0,0
257531,1,76,2449,97,0,42,163779.92,149722,218,82,0,0
257588,1,77,2449,97,0,42,163779.92,149722,218,82,0,0
257760,1,77,2487,97,0,42,163779.92,149722,218,82,0,0
257884,1,77,2492,97,0,42,163780.95,149722,218,82,0,0
258002,1,77,2468,97,0,42,163780.95,149722,218,82,0,0
258071,1,77,2468,97,0,42,163780.95,149722,218,82,0,0
258231,1,77,2471,97,0,42,163780.95,149722,218,82,0,0
258356,1,78,2505,97,0,42,163782.02,149722,218,82,0,0
258462,1,78,2503,97,0,42,163782.02,149722,218,82,0,0
258559,1,78,2497,97,0,42,163782.02,149722,218,82,0,0
258681,1,78,2497,97,0,42,163782.02,149722,218,82,0,0
258831,1,79,2518,97,0,42,163782.02,149722,218,82,0,0
258951,1,79,2551,97,0,42,163783.09,149722,218,82,0,0
259031,1,79,2553,97,0,42,163783.09,149722,218,82,0,0
259158,1,79,2553,97,0,42,163783.09,149722,218,82,0,0
259303,1,79,2553,97,0,42,163783.09,149722,218,82,0,0
259403,1,80,2545,97,0,42,163784.20,149722,218,82,0,0
259531,1,80,2548,97,0,42,163784.20,149722,218,82,0,0
259556,1,80,2548,97,0,42,163784.20,149722,218,82,0,0
259760,1,80,2589,97,0,42,163784.20,149722,218,82,0,0
259884,1,80,2590,97,0,42,163784.20,149722,218,82,0,0
260005,1,80,2560,96,0,42,163785.31,149722,218,82,0,0
260031,1,80,2560,94,0,42,163785.31,149722,218,82,0,0
260231,1,81,2583,91,0,42,163785.31,149722,218,82,0,0
260359,1,81,2600,89,0,42,163785.31,149722,218,82,0,0
260481,1,81,2613,89,0,42,163785.31,149722,218,82,0,0
260551,1,81,2599,88,0,42,163786.39,149722,218,82,0,0
260707,1,82,2596,88,0,42,163786.39,149722,218,82,0,0
260831,1,82,2623,83,0,42,163786.39,149722,218,82,0,0
260956,1,82,2606,83,0,42,163786.39,149722,218,82,0,0
261058,1,82,2650,83,0,42,163787.47,149722,218,82,0,0
261157,1,82,2650,83,0,42,163787.47,149722,218,82,0,0
261303,1,82,2626,83,0,42,163787.47,149722,218,82,0,0
261432,1,82,2631,83,0,42,163787.47,149722,218,82,0,0
261531,1,82,2635,83,0,42,163787.47,149722,218,82,0,0
261681,1,83,2635,83,0,42,163787.47,149722,218,82,0,0
261803,1,83,2629,83,0,42,163788.50,149722,218,82,0,0
261903,1,83,2639,83,0,42,163788.50,149722,218,82,0,0
262031,1,83,2674,83,0,42,163788.50,149722,218,82,0,0
262159,1,83,2674,83,0,42,163788.50,149722,218,82,0,0
262302,1,83,2667,83,0,42,163789.55,149722,218,82,0,0
262403,1,83,2661,83,0,42,163789.55,149722,218,82,0,0
262531,1,84,2671,83,0,42,163789.55,149722,218,82,0,0
262656,1,84,2675,83,0,42,163789.55,149722,218,82,0,0
262781,1,84,2676,83,0,42,163789.55,149722,218,82,0,0
262903,1,84,2707,83,0,42,163790.59,149722,218,82,0,0
263005,1,84,2698,83,0,42,163790.59,149722,218,82,0,0
263031,1,84,2698,83,0,42,163790.59,149722,218,82,0,0
263260,1,84,2707,83,0,42,163790.59,149722,218,82,0,0
263356,1,85,2710,83,0,42,163790.59,149722,218,82,0,0
263481,1,85,2711,83,0,42,163791.66,149722,218,82,0,0
263571,1,85,2712,83,0,42,163791.66,149722,218,82,0,0
263705,1,85,2731,83,0,42,163791.66,149722,218,82,0,0
263854,1,85,2742,83,0,42,163791.66,149722,218,82,0,0
263959,1,85,2746,83,0,42,163791.66,149722,218,82,0,0
264031,1,85,2748,83,0,42,163792.72,149722,218,82,0,0
264205,1,85,2737,83,0,42,163792.72,149722,218,82,0,0
264321,1,85,2734,79,0,42,163792.72,149722,218,82,0,0
264431,1,86,2734,73,0,42,163792.72,149722,218,82,0,0
264559,1,86,2750,73,0,42,163792.72,149722,218,82,0,0
264680,1,86,2724,73,0,42,163793.75,149722,218,82,0,0
264803,1,86,2732,73,0,42,163793.75,149722,218,82,0,0
264931,1,86,2772,73,0,42,163793.75,149722,218,82,0,0
265052,1,86,2746,73,0,42,163793.75,149722,218,82,0,0
265062,1,86,2778,73,0,42,163793.75,149722,218,82,0,0
265281,1,86,2753,73,0,42,163793.75,149722,218,82,0,0
265403,1,86,2776,74,0,42,163794.77,149722,218,82,0,0
265505,1,86,2776,74,0,42,163794.77,149722,218,82,0,0
265604,1,86,2752,74,0,42,163794.77,149722,218,82,0,0
265761,1,86,2757,74,0,42,163794.77,149722,218,82,0,0
265859,1,87,2762,74,0,42,163794.77,149722,218,82,0,0
265981,1,87,2761,74,0,42,163795.80,149722,218,82,0,0
266096,1,87,2753,74,0,42,163795.80,149722,218,82,0,0
266231,1,87,2764,79,0,42,163795.80,149722,218,82,0,0
266331,1,87,2765,81,0,42,163795.80,149722,218,82,0,0
266462,1,87,2777,81,0,42,163795.80,149722,218,82,0,0
266585,1,87,2801,82,0,42,163796.88,149722,218,82,0,0
266681,1,87,2767,82,0,42,163796.88,149722,218,82,0,0
266821,1,87,2810,88,0,42,163796.88,149722,218,82,0,0
266931,1,87,2804,89,0,42,163796.88,149722,218,82,0,0
267058,1,88,2794,89,0,42,163797.98,149722,218,82,0,0
267181,1,88,2804,89,0,42,163797.98,149722,218,82,0,0
267303,1,88,2828,93,0,42,163797.98,149722,218,82,0,0
267431,1,88,2829,99,0,42,163797.98,149722,218,82,0,0
267555,1,88,2843,101,0,42,163799.08,149722,218,82,0,0
267666,1,88,2840,101,0,42,163799.08,149722,218,82,0,0
267781,1,89,2833,104,0,42,163799.08,149722,218,82,0,0
267903,1,89,2824,104,0,42,163799.08,149722,218,82,0,0
268005,1,89,2872,104,0,42,163800.20,149722,218,82,0,0
268058,1,89,2840,104,0,42,163800.20,149722,218,82,0,0
268261,1,89,2853,104,0,42,163800.20,149722,218,82,0,0
268383,1,90,2855,104,0,42,163800.20,149722,218,82,0,0
268481,1,90,2852,103,0,42,163801.25,149722,218,82,0,0
268558,1,90,2908,99,0,42,163801.25,149722,218,82,0,0
268731,1,90,2884,93,0,42,163801.25,149722,218,82,0,0
268853,1,90,2905,91,0,42,163801.25,149722,218,82,0,0
268959,1,91,2881,91,0,42,163802.28,149722,218,82,0,0
269080,1,91,2886,89,0,42,163802.28,149722,218,82,0,0
269180,1,91,2890,89,0,42,163802.28,149722,218,82,0,0
269330,1,91,2889,86,0,42,163802.28,149722,218,82,0,0
269453,1,91,2880,85,0,42,163803.30,149722,218,82,0,0
269558,1,91,2910,83,0,42,163803.30,149722,221,82,0,0
269690,1,91,2940,83,0,42,163803.30,149722,221,82,0,0
269821,1,91,2914,79,0,42,163803.30,149722,221,82,0,0
269931,1,91,2929,75,0,42,163804.33,149722,221,82,0,0
270052,1,92,2922,70,0,42,163804.33,149722,221,82,0,0
270083,1,92,2922,70,0,42,163804.33,149722,221,82,0,0
270280,1,92,2921,69,0,42,163804.33,149722,221,82,0,0
270407,1,92,2924,69,0,42,163804.33,149722,221,82,0,0
270530,1,92,2928,69,0,42,163805.41,149722,221,82,0,0
270558,1,92,2928,69,0,42,163805.41,149722,221,82,0,0
270761,1,92,2942,69,0,42,163805.41,149722,221,82,0,0
270883,1,92,2944,69,0,42,163805.41,149722,221,82,0,0
270980,1,92,2945,69,0,42,163805.41,149722,221,82,0,0
271071,1,92,2973,65,0,42,163806.42,149722,221,82,0,0
271230,1,92,2931,55,0,42,163806.42,149722,221,82,0,0
271359,1,92,2920,55,0,42,163806.42,149722,221,82,0,0
271462,1,92,2923,55,0,42,163806.42,149722,221,82,0,0
271581,1,92,2934,55,0,42,163806.42,149722,221,82,0,0
271714,1,92,2941,55,0,42,163806.42,149722,221,82,0,0
271830,1,92,2918,55,0,42,163806.42,149722,221,83,0,0
271951,1,92,2926,55,0,42,163807.48,149722,221,83,0,0
272070,1,92,2931,55,0,42,163807.48,149722,221,83,0,0
272180,1,92,2965,55,0,42,163807.48,149722,221,83,0,0
272320,1,92,2921,55,0,42,163807.48,149722,221,83,0,0
272431,1,92,2918,55,0,42,163807.48,149722,221,83,0,0
272558,1,92,2922,55,0,42,163807.48,149722,221,83,0,0
272688,1,92,2926,55,0,42,163808.52,149722,221,83,0,0
272803,1,92,2926,55,0,42,163808.52,149722,221,83,0,0
272930,1,92,2917,55,0,42,163808.52,149722,221,83,0,0
273030,1,92,2914,55,0,42,163808.52,149722,221,83,0,0
273080,1,92,2914,55,0,42,163808.52,149722,221,83,0,0
273280,1,91,2925,56,0,42,163808.52,149722,221,83,0,0
273403,1,92,2927,63,0,42,163809.53,149722,221,83,0,0
273505,1,92,2943,66,0,42,163809.53,149722,221,83,0,0
273604,1,92,2927,66,0,42,163809.53,149722,221,83,0,0
273761,1,92,2971,67,0,42,163809.53,149722,221,83,0,0
273859,1,92,2971,67,0,42,163809.53,149722,221,83,0,0
273980,1,92,2967,68,0,42,163809.53,149722,221,83,0,0
274091,1,92,2965,68,0,42,163810.59,149722,221,83,0,0
274230,1,92,2952,74,0,42,163810.59,149722,221,83,0,0
274353,1,92,2964,75,0,42,163810.59,149722,221,83,0,0
274462,1,92,2951,76,0,42,163810.59,149722,221,83,0,0
274570,1,92,2973,77,0,42,163810.59,149722,221,83,0,0
274702,1,92,2949,77,0,42,163810.59,149722,221,83,0,0
274830,1,93,2963,82,0,42,163811.64,149722,221,83,0,0
274953,1,93,2967,83,0,42,163811.64,149722,221,83,0,0
275070,1,93,2955,86,0,42,163811.64,149722,221,83,0,0
275180,1,93,2971,86,0,42,163811.64,149722,221,83,0,0
275330,1,93,2959,97,0,42,163812.75,149722,221,83,0,0
275431,1,93,2971,98,0,42,163812.75,149722,221,83,0,0
275558,1,93,3003,99,0,42,163812.75,149722,221,83,0,0
275661,1,93,3001,99,0,42,163812.75,149722,221,83,0,0
275820,1,93,2998,101,0,42,163813.78,149722,221,83,0,0
275930,1,94,2977,101,0,42,163813.78,149722,221,83,0,0
276103,1,94,3011,101,0,42,163814.81,149722,221,83,0,0
276305,1,94,3018,101,0,42,163814.81,149722,221,83,0,0
276431,1,94,3020,96,0,42,163814.81,149722,221,83,0,0
276530,1,94,3021,93,0,42,163815.86,149722,221,83,0,0
276603,1,94,3014,93,0,42,163815.86,149722,221,83,0,0
276781,1,95,3024,92,0,42,163815.86,149722,221,83,0,0
276903,1,95,3036,90,0,42,163815.86,149722,221,83,0,0
277005,1,95,3029,89,0,42,163816.97,149722,221,83,0,0
277103,1,95,3026,88,0,42,163816.97,149722,221,83,0,0
277230,1,95,3058,87,0,42,163816.97,149722,221,83,0,0
277359,1,95,3040,86,0,42,163816.97,149722,221,83,0,0
277481,1,95,3034,85,0,42,163817.98,149722,221,83,0,0
277608,1,95,3059,84,0,42,163817.98,149722,221,83,0,0
277736,1,95,3059,83,0,42,163817.98,149722,221,83,0,0
277859,1,95,3036,81,0,42,163817.98,149722,221,83,0,0
277980,1,95,3060,81,0,42,163817.98,149722,221,83,0,0
278103,1,95,3070,80,0,42,163819.05,149722,221,83,0,0
278136,1,95,3070,80,0,42,163819.05,149722,221,83,0,0
278330,1,95,3044,80,0,42,163819.05,149722,221,83,0,0
278461,1,95,3047,80,0,42,163819.05,149722,221,83,0,0
278580,1,95,3050,80,0,42,163820.16,149722,221,83,0,0
278607,1,95,3051,80,0,42,163820.16,149722,221,83,0,0
278820,1,96,3054,80,0,42,163820.16,149722,221,83,0,0
278930,1,96,3050,80,0,42,163820.16,149722,221,83,0,0
279058,1,96,3042,80,0,42,163820.16,149722,221,83,0,0
279136,1,96,3051,80,0,42,163821.16,149722,221,83,0,0
279299,1,96,3055,80,0,42,163821.16,149722,221,83,0,0
279403,1,96,3056,80,0,42,163821.16,149722,221,83,0,0
279530,1,96,3056,80,0,42,163821.16,149722,221,83,0,0
279636,1,96,3057,81,0,42,163822.17,149722,221,83,0,0
279761,1,96,3057,81,0,42,163822.17,149722,221,83,0,0
279902,1,96,3055,87,0,42,163822.17,149722,221,83,0,0
280005,1,96,3045,88,0,42,163822.17,149722,221,83,0,0
280103,1,96,3049,88,0,42,163822.17,149722,221,83,0,0
280230,1,96,3049,89,0,42,163823.23,149722,221,83,0,0
280359,1,96,3096,89,0,42,163823.23,149722,221,83,0,0
280480,1,96,3098,90,0,42,163823.23,149722,221,83,0,0
280603,1,96,3071,90,0,42,163824.28,149722,221,83,0,0
280636,1,96,3071,89,0,42,163824.28,149722,221,83,0,0
280853,1,96,2996,7,0,42,163824.28,149722,221,83,0,0
280959,1,96,2922,0,0,42,163824.28,149722,221,83,0,0
281080,1,96,2801,0,0,42,163824.28,149722,221,83,0,0
281103,1,96,2697,0,0,42,163824.28,149722,221,83,0,0
281320,1,96,2531,0,0,42,163824.28,149722,221,83,0,0
281431,1,95,2646,28,0,42,163824.28,149722,221,83,0,0
281558,1,95,2610,34,0,42,163824.28,149722,221,83,0,0
281650,1,95,2594,51,0,42,163824.28,149722,221,83,0,0
281780,1,95,2613,51,0,42,163824.28,149722,221,83,0,0
281902,1,95,2619,72,0,42,163825.33,149722,221,83,0,0
282030,1,95,2604,91,0,42,163825.33,149722,221,83,0,0
282103,1,95,2620,91,0,42,163825.33,149722,221,83,0,0
282261,1,95,2618,101,0,42,163825.33,149722,221,83,0,0
282383,1,95,2611,103,0,42,163826.38,149722,221,83,0,0
282505,1,95,2619,103,0,42,163826.38,149722,221,83,0,0
282603,1,95,2618,103,0,42,163826.38,149722,221,83,0,0
282603,1,95,2618,103,0,42,163826.38,149722,221,83,0,0
282860,1,96,2615,103,0,42,163827.39,149722,221,83,0,0
282980,1,96,2644,103,0,42,163827.39,149722,221,83,0,0
283080,1,96,2640,103,0,42,163827.39,149722,221,83,0,0
283136,1,96,2616,103,0,42,163827.39,149722,221,83,0,0
283330,1,96,2624,101,0,42,163828.50,149722,221,83,0,0
283453,1,96,2654,100,0,42,163828.50,149722,221,83,0,0
283570,1,96,2651,96,0,42,163828.50,149722,221,83,0,0
283636,1,96,2645,91,0,42,163828.50,149722,221,83,0,0
283802,1,96,2641,91,0,42,163829.61,149722,221,83,0,0
283902,1,96,2652,86,0,42,163829.61,149722,221,83,0,0
284030,1,97,2625,80,0,42,163829.61,149722,221,83,0,0
284158,1,97,2646,78,0,42,163829.61,149722,221,83,0,0
284280,1,97,2643,78,0,42,163830.66,149722,221,83,0,0
284403,1,97,2652,77,0,42,163830.66,149722,221,83,0,0
284530,1,97,2625,71,0,42,163830.66,149722,221,83,0,0
284636,1,96,2626,67,0,42,163830.66,149722,221,83,0,0
284761,1,96,2643,67,0,42,163830.66,149722,221,83,0,0
284902,1,96,2650,63,0,42,163831.66,149722,221,83,0,0
285030,1,96,2639,61,0,42,163831.66,149722,221,83,0,0
285136,1,96,2630,61,0,42,163831.66,149722,221,83,0,0
285270,1,96,2630,61,0,42,163831.66,149722,221,83,0,0
285402,1,96,2638,61,0,42,163831.66,149722,221,83,0,0
285505,1,96,2608,61,0,42,163831.66,149722,221,83,0,0
285636,1,96,2634,61,0,42,163831.66,149722,221,83,0,0
285672,1,96,2634,61,0,42,163832.69,149722,221,83,0,0
285858,1,96,2607,61,0,42,163832.69,149722,221,83,0,0
285980,1,96,2613,61,0,42,163832.69,149722,221,83,0,0
286102,1,96,2611,61,0,42,163832.69,149722,221,83,0,0
286136,1,96,2611,61,0,42,163832.69,149722,221,83,0,0
286330,1,96,2617,61,0,42,163832.69,149722,221,83,0,0
286461,1,96,2617,61,0,42,163833.75,149722,221,83,0,0
286570,1,96,2607,61,0,42,163833.75,149722,221,83,0,0
286660,1,96,2608,61,0,42,163833.75,149722,221,83,0,0
286802,1,95,2618,61,0,42,163833.75,149722,221,83,0,0
286902,1,95,2615,61,0,42,163833.75,149722,221,83,0,0
287030,1,95,2609,61,0,42,163833.75,149722,221,83,0,0
287160,1,95,2615,61,0,42,163833.75,149722,221,83,0,0
287252,1,95,2618,61,0,42,163834.81,149722,221,83,0,0
287402,1,95,2608,61,0,42,163834.81,149722,221,83,0,0
287507,1,95,2617,61,0,42,163834.81,149722,221,83,0,0
287636,1,95,2619,61,0,42,163834.81,149722,221,83,0,0
287761,1,95,2618,61,0,42,163834.81,149722,221,83,0,0
287858,1,95,2610,61,0,42,163834.81,149722,221,83,0,0
287980,1,95,2607,61,0,42,163835.88,149722,221,83,0,0
288102,1,95,2585,61,0,42,163835.88,149722,221,83,0,0
288152,1,95,2617,61,0,42,163835.88,149722,221,83,0,0
288330,1,95,2577,54,0,42,163835.88,149722,221,83,0,0
288461,1,95,2569,53,0,42,163835.88,149722,221,83,0,0
288580,1,95,2560,53,0,42,163835.88,149722,221,83,0,0
288671,1,95,2579,52,0,42,163835.88,149722,221,83,0,0
288830,1,94,2563,48,0,42,163836.88,149722,221,83,0,0
288934,1,94,2584,48,0,42,163836.88,149722,221,83,0,0
289058,1,94,2575,48,0,42,163836.88,149722,221,83,0,0
289103,1,94,2577,48,0,42,163836.88,149722,221,83,0,0
289303,1,94,2584,48,0,42,163836.88,149722,221,83,0,0
289402,1,94,2582,48,0,42,163836.88,149722,221,83,0,0
289530,1,94,2584,48,0,42,163836.88,149722,221,83,0,0
289636,1,94,2590,48,0,42,163836.88,149722,221,83,0,0
289760,1,94,2590,48,0,42,163836.88,149722,221,83,0,0
289902,1,94,2551,49,0,42,163837.91,149722,221,83,0,0
290030,1,94,2549,49,0,42,163837.91,149722,221,83,0,0
290135,1,93,2554,49,0,42,163837.91,149722,221,83,0,0
290253,1,93,2529,49,0,42,163837.91,149722,221,83,0,0
290403,1,93,2531,49,0,42,163837.91,149722,221,83,0,0
290507,1,93,2557,49,0,42,163837.91,149722,221,83,0,0
290635,1,93,2554,49,0,42,163837.91,149722,221,83,0,0
290760,1,93,2554,49,0,42,163837.91,149722,221,83,0,0
290858,1,93,2559,49,0,42,163838.95,149722,221,83,0,0
290980,1,93,2528,46,0,42,163838.95,149722,221,83,0,0
291102,1,93,2546,46,0,42,163838.95,149722,221,83,0,0
291140,1,93,2546,46,0,42,163838.95,149722,221,83,0,0
291353,1,93,2531,46,0,42,163838.95,149722,221,83,0,0
291461,1,93,2538,46,0,42,163838.95,149722,221,83,0,0
291580,1,93,2543,46,0,42,163838.95,149722,221,83,0,0
291660,1,93,2546,46,0,42,163838.95,149722,221,83,0,0
291822,1,93,2547,46,0,42,163839.95,149722,221,83,0,0
291930,1,93,2540,46,0,42,163839.95,149722,221,83,0,0
292060,1,93,2540,46,0,42,163839.95,149722,221,84,0,0
292158,1,93,2545,46,0,42,163839.95,149722,221,84,0,0
292280,1,93,2548,46,0,42,163839.95,149722,221,84,0,0
292403,1,93,2542,46,0,42,163839.95,149722,221,84,0,0
292530,1,93,2538,47,0,42,163839.95,149722,221,84,0,0
292654,1,93,2506,48,0,42,163839.95,149722,221,83,0,0
292780,1,93,2512,48,0,42,163841.00,149722,221,83,0,0
292902,1,92,2528,48,0,42,163841.00,149722,221,83,0,0
293005,1,93,2528,48,0,42,163841.00,149722,221,83,0,0
293135,1,93,2522,52,0,42,163841.00,149722,221,83,0,0
293180,1,92,2522,52,0,42,163841.00,149722,221,83,0,0
293383,1,92,2550,63,0,42,163841.00,149722,221,83,0,0
293480,1,93,2529,66,0,42,163841.00,149723,221,83,0,0
293602,1,93,2542,77,0,42,163842.06,149723,221,83,0,0
293695,1,93,2542,92,0,42,163842.06,149723,221,83,0,0
293853,1,93,2548,101,0,42,163842.06,149723,221,83,0,0
293958,1,93,2549,102,0,42,163842.06,149723,221,83,0,0
294080,1,93,2555,102,0,42,163842.06,149723,221,83,0,0
294180,1,93,2534,102,0,42,163843.11,149723,221,83,0,0
294305,1,93,2545,102,0,42,163843.11,149723,221,83,0,0
294431,1,94,2544,96,0,42,163843.11,149723,221,83,0,0
294558,1,94,2568,92,0,42,163844.20,149723,221,83,0,0
294680,1,94,2582,91,0,42,163844.20,149723,221,83,0,0
294805,1,94,2581,91,0,42,163844.20,149723,221,83,0,0
294930,1,94,2560,88,0,42,163844.20,149723,221,83,0,0
295058,1,94,2583,87,0,42,163845.30,149723,221,83,0,0
295158,1,94,2568,84,0,42,163845.30,149723,221,83,0,0
295179,1,94,2568,84,0,42,163845.30,149723,221,83,0,0
295403,1,95,2589,82,0,42,163845.30,149723,221,83,0,0
295508,1,95,2584,82,0,42,163845.30,149723,221,83,0,0
295635,1,95,2618,82,0,42,163845.30,149723,221,83,0,0
295680,1,95,2618,82,0,42,163846.33,149723,221,83,0,0
295883,1,95,2576,81,0,42,163846.33,149723,221,83,0,0
295980,1,95,2617,81,0,42,163846.33,149723,221,83,0,0
296103,1,95,2618,81,0,42,163846.33,149723,221,83,0,0
296180,1,95,2618,80,0,42,163846.33,149723,221,83,0,0
296330,1,95,2611,80,0,42,163846.33,149723,221,83,0,0
296461,1,95,2614,80,0,42,163847.42,149723,221,83,0,0
296580,1,95,2616,80,0,42,163847.42,149723,221,83,0,0
296705,1,95,2603,80,0,42,163847.42,149723,221,83,0,0
296830,1,95,2603,80,0,42,163847.42,149723,221,83,0,0
296958,1,96,2613,80,0,42,163848.50,149723,221,83,0,0
297080,1,96,2617,80,0,42,163848.50,149723,221,83,0,0
297180,1,96,2618,80,0,42,163848.50,149723,221,83,0,0
297303,1,96,2639,80,0,42,163848.50,149723,221,83,0,0
297431,1,96,2645,80,0,42,163848.50,149723,221,83,0,0
297558,1,96,2618,79,0,42,163849.59,149723,221,83,0,0
297672,1,96,2654,79,0,42,163849.59,149723,221,83,0,0
297679,1,96,2654,79,0,42,163849.59,149723,221,83,0,0
297903,1,96,2638,79,0,42,163849.59,149723,221,83,0,0
298030,1,96,2643,79,0,42,163849.59,149723,221,83,0,0
298135,1,96,2647,79,0,42,163849.59,149723,221,83,0,0
298180,1,96,2647,79,0,42,163850.69,149723,221,83,0,0
298383,1,96,2647,79,0,42,163850.69,149723,221,83,0,0
298505,1,96,2633,78,0,42,163850.69,149723,221,83,0,0
298603,1,97,2639,78,0,42,163850.69,149723,221,83,0,0
298718,1,97,2645,78,0,42,163850.69,149723,221,83,0,0
298858,1,97,2649,77,0,42,163851.77,149723,221,83,0,0
298959,1,97,2649,76,0,42,163851.77,149723,221,83,0,0
299080,1,97,2647,74,0,42,163851.77,149723,221,83,0,0
299180,1,97,2630,74,0,42,163851.77,149723,221,83,0,0
299320,1,97,2652,74,0,42,163851.77,149723,221,83,0,0
299459,1,97,2654,74,0,42,163852.83,149723,221,83,0,0
299570,1,97,2624,74,0,42,163852.83,149723,229,83,0,0
299680,1,97,2687,74,0,42,163852.83,149723,229,83,0,0
299803,1,97,2650,74,0,42,163852.83,149723,229,83,0,0
299953,1,97,2625,74,0,42,163853.86,149723,229,83,0,0
300070,1,97,2662,74,0,42,163853.86,149723,229,83,0,0
300180,1,97,2662,74,0,42,163853.86,149723,229,83,0,0
300320,1,97,2658,74,0,42,163853.86,149723,229,83,0,0
300430,1,97,2686,74,0,42,163853.86,149723,229,83,0,0
300558,1,97,2660,74,0,42,163853.86,149723,229,83,0,0
300679,1,98,2661,74,0,42,163854.91,149723,229,83,0,0
300799,1,98,2661,74,0,42,163854.91,149723,229,83,0,0
300903,1,98,2684,74,0,42,163854.91,149723,229,83,0,0
301029,1,98,2658,74,0,42,163854.91,149723,229,83,0,0
301135,1,98,2663,74,0,42,163854.91,149723,229,83,0,0
301180,1,98,2663,74,0,42,163854.91,149723,229,83,0,0
301382,1,98,2656,74,0,42,163855.94,149723,229,83,0,0
301508,1,98,2685,74,0,42,163855.94,149723,229,83,0,0
301635,1,98,2661,74,0,42,163855.94,149723,229,83,0,0
301680,1,98,2661,74,0,42,163855.94,149723,229,83,0,0
301858,1,98,2663,74,0,42,163856.97,149723,229,83,0,0
301980,1,98,2656,74,0,42,163856.97,149723,229,83,0,0
302103,1,98,2717,74,0,42,163856.97,149723,229,83,0,0
302205,1,98,2660,74,0,42,163856.97,149723,229,83,0,0
302319,1,98,2692,74,0,42,163856.97,149723,229,83,0,0
302461,1,98,2696,74,0,42,163858.00,149723,229,83,0,0
302580,1,98,2684,74,0,42,163858.00,149723,229,83,0,0
302679,1,99,2713,74,0,42,163858.00,149723,229,83,0,0
302803,1,99,2694,74,0,42,163858.00,149723,229,83,0,0
302953,1,99,2696,71,0,42,163858.00,149723,229,83,0,0
303069,1,99,2719,70,0,42,163859.03,149723,229,83,0,0
303179,1,99,2707,70,0,42,163859.03,149723,229,83,0,0
303284,1,99,2699,70,0,42,163859.03,149723,229,83,0,0
303430,1,99,2700,70,0,42,163859.03,149723,229,83,0,0
303559,1,99,2699,70,0,42,163859.03,149723,229,83,0,0
303660,1,99,2688,70,0,42,163860.09,149723,229,83,0,0
303702,1,99,2688,70,0,42,163860.09,149723,229,83,0,0
303903,1,99,2701,70,0,42,163860.09,149723,229,83,0,0
304029,1,99,2702,70,0,42,163860.09,149723,229,83,0,0
304135,1,99,2696,70,0,42,163860.09,149723,229,83,0,0
304179,1,99,2696,70,0,42,163860.09,149723,229,83,0,0
304382,1,99,2718,70,0,42,163861.14,149723,229,83,0,0
304479,1,99,2695,70,0,42,163861.14,149723,229,83,0,0
304603,1,99,2700,70,0,42,163861.14,149723,229,83,0,0
304718,1,99,2690,70,0,42,163861.14,149723,229,83,0,0
304853,1,99,2751,70,0,42,163861.14,149723,229,83,0,0
304950,1,99,2723,70,0,42,163861.14,149723,229,83,0,0
305079,1,99,2729,70,0,42,163862.19,149723,229,83,0,0
305202,1,99,2699,70,0,42,163862.19,149723,229,83,0,0
305283,1,99,2721,70,0,42,163862.19,149723,229,83,0,0
305430,1,99,2727,68,0,42,163862.19,149723,229,83,0,0
305559,1,100,2732,68,0,42,163862.19,149723,229,83,0,0
305660,1,100,2733,67,0,42,163863.23,149723,229,83,0,0
305795,1,100,2719,67,0,42,163863.23,149723,229,83,0,0
305903,1,100,2725,56,0,42,163863.23,149723,229,83,0,0
306029,1,100,2733,56,0,42,163863.23,149723,229,83,0,0
306135,1,100,2697,56,0,42,163863.23,149723,229,83,0,0
306205,1,100,2740,56,0,42,163863.23,149723,229,83,0,0
306334,1,100,2708,56,0,42,163863.23,149723,229,83,0,0
306480,1,100,2719,56,0,42,163864.25,149723,229,83,0,0
306604,1,100,2744,56,0,42,163864.25,149723,229,83,0,0
306719,1,100,2741,56,0,42,163864.25,149723,229,83,0,0
306829,1,100,2741,56,0,42,163864.25,149723,229,83,0,0
306959,1,100,2720,56,0,42,163864.25,149723,229,83,0,0
307079,1,100,2746,56,0,42,163864.25,149723,229,83,0,0
307206,1,100,2712,56,0,42,163865.28,149723,229,83,0,0
307319,1,100,2712,56,0,42,163865.28,149723,229,83,0,0
307461,1,100,2750,56,0,42,163865.28,149723,229,83,0,0
307579,1,100,2712,56,0,42,163865.28,149723,229,83,0,0
307679,1,100,2739,56,0,42,163865.28,149723,229,83,0,0
307804,1,100,2746,56,0,42,163865.28,149723,229,83,0,0
307949,1,100,2720,56,0,42,163865.28,149723,229,83,0,0
308059,1,100,2722,58,0,42,163866.31,149723,229,83,0,0
308159,1,100,2716,58,0,42,163866.31,149723,229,83,0,0
308281,1,100,2744,58,0,42,163866.31,149723,229,83,0,0
308430,1,100,2751,58,0,42,163866.31,149723,229,83,0,0
308553,1,100,2722,58,0,42,163866.31,149723,229,83,0,0
308660,1,100,2690,58,0,42,163866.31,149723,229,83,0,0
308693,1,100,2690,58,0,42,163866.31,149723,229,83,0,0
308904,1,99,2694,60,0,42,163867.36,149723,229,83,0,0
309008,1,100,2730,60,0,42,163867.36,149723,229,83,0,0
309135,1,100,2702,60,0,42,163867.36,149723,229,83,0,0
309179,1,100,2734,60,0,42,163867.36,149723,229,83,0,0
309359,1,100,2730,60,0,42,163867.36,149723,229,83,0,0
309480,1,100,2730,60,0,42,163867.36,149723,229,83,0,0
309603,1,100,2741,60,0,42,163867.36,149723,229,83,0,0
309705,1,100,2741,61,0,42,163868.39,149723,229,83,0,0
309829,1,100,2741,66,0,42,163868.39,149723,229,83,0,0
309959,1,100,2729,66,0,42,163868.39,149723,229,83,0,0
310079,1,100,2725,67,0,42,163868.39,149723,229,83,0,0
310201,1,100,2740,67,0,42,163868.39,149723,229,83,0,0
310319,1,100,2746,67,0,42,163868.39,149723,229,83,0,0
310453,1,100,2720,67,0,42,163868.39,149723,229,83,0,0
310569,1,100,2748,67,0,42,163869.45,149723,229,83,0,0
310679,1,100,2738,67,0,42,163869.45,149723,229,83,0,0
310819,1,100,2736,67,0,42,163869.45,149723,229,83,0,0
310929,1,100,2740,67,0,42,163869.45,149723,229,83,0,0
311059,1,100,2741,64,0,42,163869.45,149723,229,83,0,0
311159,1,100,2738,64,0,42,163869.45,149723,229,83,0,0
311194,1,100,2738,64,0,42,163869.45,149723,229,83,0,0
311404,1,100,2725,64,0,42,163870.53,149723,229,83,0,0
311507,1,100,2726,64,0,42,163870.53,149723,229,83,0,0
311635,1,100,2751,64,0,42,163870.53,149723,229,83,0,0
311729,1,100,2745,64,0,42,163870.53,149723,229,83,0,0
311882,1,100,2723,64,0,42,163870.53,149723,229,83,0,0
311979,1,100,2728,64,0,42,163870.53,149723,229,83,0,0
312104,1,100,2731,64,0,42,163871.56,149723,229,83,0,0
312179,1,100,2731,64,0,42,163871.56,149723,229,83,0,0
312359,1,100,2749,65,0,42,163871.56,149723,229,83,0,0
312462,1,100,2723,65,0,42,163871.56,149723,229,83,0,0
312579,1,100,2727,65,0,42,163871.56,149723,229,83,0,0
312707,1,100,2723,65,0,42,163871.56,149723,229,83,0,0
312834,1,100,2723,65,0,42,163871.56,149723,229,83,0,0
312949,1,100,2733,65,0,42,163872.59,149723,229,83,0,0
313069,1,100,2737,65,0,42,163872.59,149723,229,83,0,0
313179,1,100,2738,65,0,42,163872.59,149723,229,83,0,0
313304,1,100,2728,65,0,42,163872.59,149723,229,83,0,0
313404,1,100,2726,65,0,42,163872.59,149723,229,83,0,0
313529,1,100,2731,65,0,42,163872.59,149723,229,83,0,0
313655,1,100,2735,65,0,42,163873.64,149723,229,83,0,0
313707,1,100,2730,65,0,42,163873.64,149723,229,83,0,0
313882,1,100,2722,65,0,42,163873.64,149723,229,83,0,0
314009,1,100,2699,65,0,42,163873.64,149723,229,83,0,0
314104,1,99,2734,65,0,42,163873.64,149723,229,83,0,0
314179,1,99,2702,65,0,42,163873.64,149723,229,83,0,0
314359,1,100,2689,65,0,42,163873.64,149723,229,83,0,0
314479,1,100,2728,65,0,42,163874.69,149723,229,83,0,0
314579,1,100,2700,65,0,42,163874.69,149723,229,83,0,0
314705,1,99,2693,65,0,42,163874.69,149723,229,83,0,0
314829,1,99,2693,65,0,42,163874.69,149723,229,83,0,0
314959,1,99,2698,65,0,42,163874.69,149723,229,83,0,0
315079,1,99,2702,65,0,42,163874.69,149723,229,83,0,0
315199,1,99,2702,65,0,42,163875.73,149723,229,83,0,0
315319,1,99,2689,65,0,42,163875.73,149723,229,83,0,0
315449,1,99,2698,64,0,42,163875.73,149723,229,83,0,0
315569,1,99,2702,64,0,42,163875.73,149723,229,83,0,0
315679,1,99,2702,64,0,42,163875.73,149723,229,83,0,0
315804,1,99,2715,64,0,42,163875.73,149723,229,83,0,0
315929,1,99,2688,64,0,42,163876.77,149723,229,83,0,0
316053,1,99,2691,64,0,42,163876.77,149723,229,83,0,0
316159,1,99,2693,64,0,42,163876.77,149723,229,83,0,0
316196,1,99,2693,64,0,42,163876.77,149723,229,83,0,0
316404,1,99,2691,64,0,42,163876.77,149723,229,83,0,0
316504,1,99,2694,64,0,42,163876.77,149723,229,83,0,0
316635,1,99,2695,64,0,42,163877.78,149723,229,83,0,0
316706,1,99,2718,64,0,42,163877.78,149723,229,83,0,0
316859,1,99,2713,64,0,42,163877.78,149723,229,83,0,0
316979,1,99,2691,64,0,42,163877.78,149723,229,83,0,0
317104,1,99,2696,64,0,42,163877.78,149723,229,83,0,0
317205,1,99,2719,64,0,42,163877.78,149723,229,83,0,0
317304,1,99,2683,64,0,42,163878.81,149723,229,83,0,0
317480,1,99,2693,64,0,42,163878.81,149723,229,83,0,0
317604,1,98,2696,64,0,42,163878.81,149723,229,83,0,0
317705,1,98,2686,64,0,42,163878.81,149723,229,83,0,0
317829,1,98,2686,64,0,42,163878.81,149723,229,83,0,0
317959,1,98,2661,66,0,42,163879.84,149723,229,83,0,0
318079,1,98,2662,69,0,42,163879.84,149723,229,83,0,0
318180,1,98,2662,70,0,42,163879.84,149723,229,83,0,0
318304,1,98,2685,70,0,42,163879.84,149723,229,83,0,0
318449,1,98,2664,73,0,42,163879.84,149723,229,83,0,0
318569,1,98,2673,76,0,42,163879.84,149723,229,83,0,0
318685,1,98,2684,78,0,42,163880.86,149723,229,83,0,0
318707,1,98,2657,78,0,42,163880.86,149723,229,83,0,0
318903,1,98,2705,80,0,42,163880.86,149723,229,83,0,0
319029,1,98,2681,80,0,42,163880.86,149723,229,83,0,0
319153,1,98,2661,80,0,42,163880.86,149723,229,83,0,0
319179,1,98,2661,80,0,42,163880.86,149723,229,83,0,0
319382,1,98,2681,80,0,42,163881.94,149723,229,83,0,0
319479,1,98,2680,80,0,42,163881.94,149723,229,83,0,0
319604,1,98,2687,80,0,42,163881.94,149723,229,83,0,0
319705,1,98,2688,80,0,42,163881.94,149723,229,83,0,0
319857,1,98,2714,80,0,42,163881.94,149723,229,83,0,0
319979,1,98,2707,80,0,42,163882.94,149723,229,83,0,0
320079,1,99,2717,80,0,42,163882.94,149723,229,83,0,0
320205,1,98,2694,79,0,42,163882.94,149723,229,83,0,0
320329,1,98,2694,79,0,42,163882.94,149723,229,83,0,0
320462,1,99,2688,79,0,42,163882.94,149723,229,83,0,0
320579,1,99,2711,79,0,42,163883.95,149723,229,83,0,0
320699,1,99,2717,79,0,42,163883.95,149723,229,83,0,0
320819,1,99,2719,78,0,42,163883.95,149723,229,83,0,0
320959,1,99,2719,78,0,42,163883.95,149723,229,83,0,0
321079,1,99,2715,78,0,42,163883.95,149723,229,83,0,0
321179,1,99,2706,78,0,42,163884.95,149723,229,83,0,0
321207,1,99,2707,78,0,42,163884.95,149723,229,83,0,0
321430,1,99,2718,78,0,42,163884.95,149723,229,83,0,0
321529,1,99,2718,78,0,42,163884.95,149723,229,83,0,0
321660,1,99,2717,78,0,42,163884.95,149723,229,83,0,0
321709,1,99,2710,78,0,42,163885.95,149723,229,83,0,0
321837,1,99,2710,78,0,42,163885.95,149723,229,83,0,0
321991,1,98,2704,78,0,42,163885.95,149723,229,83,0,0
322134,1,98,2717,78,0,42,163885.95,149723,229,83,0,0
322207,1,99,2718,78,0,42,163885.95,149723,229,83,0,0
322359,1,99,2717,78,0,42,163885.95,149723,229,83,0,0
322480,1,99,2706,78,0,42,163885.95,149723,229,83,0,0
322604,1,99,2713,78,0,42,163887.05,149723,229,83,0,0
322729,1,98,2685,78,0,42,163887.05,149723,229,83,0,0
322862,1,98,2717,78,0,42,163887.05,149723,229,83,0,0
322979,1,99,2718,78,0,42,163887.05,149723,229,83,0,0
323105,1,99,2704,78,0,42,163887.05,149723,229,83,0,0
323207,1,99,2713,78,0,42,163888.14,149723,229,83,0,0
323357,1,99,2717,76,0,42,163888.14,149723,229,83,0,0
323462,1,99,2717,74,0,42,163888.14,149723,229,83,0,0
323579,1,99,2675,74,0,42,163888.14,149723,229,83,0,0
323707,1,99,2682,74,0,42,163888.14,149723,229,83,0,0
323729,1,99,2682,74,0,42,163888.14,149723,229,83,0,0
323929,1,98,2661,74,0,42,163888.14,149723,229,83,0,0
324057,1,98,2697,74,0,42,163889.20,149723,229,83,0,0
324179,1,98,2696,74,0,42,163889.20,149723,229,83,0,0
324205,1,98,2688,74,0,42,163889.20,149723,229,83,0,0
324404,1,98,2698,74,0,42,163889.20,149723,229,83,0,0
324530,1,98,2669,74,0,42,163889.20,149723,229,83,0,0
324635,1,98,2701,74,0,42,163890.27,149723,229,83,0,0
324734,1,98,2663,74,0,42,163890.27,149723,229,83,0,0
324886,1,98,2663,74,0,42,163890.27,149723,229,83,0,0
324979,1,98,2656,74,0,42,163890.27,149723,229,83,0,0
325107,1,98,2697,74,0,42,163890.27,149723,229,83,0,0
325229,1,98,2665,74,0,42,163890.27,149723,229,83,0,0
325373,1,98,2718,74,0,42,163891.31,149723,229,83,0,0
325479,1,98,2714,74,0,42,163891.31,149723,229,83,0,0
325607,1,98,2662,74,0,42,163891.31,149723,229,83,0,0
325706,1,98,2697,74,0,42,163891.31,149723,229,83,0,0
325860,1,98,2665,74,0,42,163891.31,149723,229,83,0,0
325957,1,98,2688,73,0,42,163892.34,149723,229,83,0,0
326079,1,98,2683,72,0,42,163892.34,149723,229,83,0,0
326207,1,98,2657,71,0,42,163892.34,149723,229,83,0,0
326347,1,98,2657,71,0,42,163892.34,149723,229,83,0,0
326462,1,98,2677,71,0,42,163892.34,149723,229,83,0,0
326579,1,98,2697,71,0,42,163892.34,149723,229,83,0,0
326707,1,98,2703,71,0,42,163893.34,149723,229,83,0,0
326707,1,98,2703,71,0,42,163893.34,149723,229,83,0,0
326929,1,98,2676,71,0,42,163893.34,149723,229,83,0,0
327056,1,98,2669,71,0,42,163893.34,149723,229,83,0,0
327156,1,98,2662,71,0,42,163893.34,149723,229,83,0,0
327263,1,98,2667,71,0,42,163893.34,149723,229,83,0,0
327382,1,98,2667,71,0,42,163893.34,149723,229,83,0,0
327529,1,98,2668,71,0,42,163894.42,149723,229,83,0,0
327635,1,98,2661,71,0,42,163894.42,149723,229,83,0,0
327729,1,98,2667,71,0,42,163894.42,149723,229,83,0,0
327859,1,98,2667,71,0,42,163894.42,149723,229,83,0,0
327979,1,98,2675,71,0,42,163894.42,149723,229,83,0,0
328106,1,98,2660,71,0,42,163894.42,149723,229,83,0,0
328229,1,98,2667,71,0,42,163895.48,149723,229,83,0,0
328371,1,98,2667,71,0,42,163895.48,149723,229,83,0,0
328479,1,98,2675,70,0,42,163895.48,149723,229,83,0,0
328606,1,98,2660,70,0,42,163895.48,149723,229,83,0,0
328706,1,98,2661,70,0,42,163895.48,149723,229,83,0,0
328858,1,98,2661,70,0,42,163895.48,149723,229,83,0,0
328956,1,98,2665,70,0,42,163895.48,149723,229,83,0,0
329079,1,98,2686,70,0,42,163896.55,149723,229,83,0,0
329207,1,98,2663,70,0,42,163896.55,149723,229,83,0,0
329229,1,98,2663,70,0,42,163896.55,149723,229,83,0,0
329430,1,98,2670,70,0,42,163896.55,149723,229,83,0,0
329557,1,98,2670,70,0,42,163896.55,149724,239,83,0,0
329679,1,98,2661,70,0,42,163896.55,149724,239,83,0,0
329776,1,98,2658,70,0,42,163897.59,149724,239,83,0,0
329883,1,98,2663,70,0,42,163897.59,149724,239,83,0,0
330029,1,98,2669,69,0,42,163897.59,149724,239,83,0,0
330156,1,98,2665,69,0,42,163897.59,149724,239,83,0,0
330229,1,98,2683,69,0,42,163897.59,149724,239,83,0,0
330382,1,98,2683,69,0,42,163897.59,149724,239,83,0,0
330509,1,98,2659,69,0,42,163898.64,149724,239,83,0,0
330606,1,98,2664,69,0,42,163898.64,149724,239,83,0,0
330729,1,98,2664,69,0,42,163898.64,149724,239,83,0,0
330857,1,98,2664,69,0,42,163898.64,149724,239,83,0,0
330979,1,98,2683,69,0,42,163898.64,149724,239,83,0,0
331106,1,98,2661,69,0,42,163898.64,149724,239,83,0,0
331206,1,98,2664,69,0,42,163899.69,149724,239,83,0,0
331229,1,98,2664,69,0,42,163899.69,149724,239,83,0,0
331457,1,98,2683,69,0,42,163899.69,149724,239,83,0,0
331569,1,98,2684,69,0,42,163899.69,149724,239,83,0,0
331679,1,98,2690,69,0,42,163899.69,149724,239,83,0,0
331771,1,98,2662,69,0,42,163899.69,149724,239,83,0,0
331929,1,98,2687,69,0,42,163900.72,149724,239,83,0,0
332029,1,98,2682,69,0,42,163900.72,149724,239,83,0,0
332156,1,99,2719,69,0,42,163900.72,149724,239,83,0,0
332256,1,99,2693,69,0,42,163900.72,149724,239,83,0,0
332382,1,99,2661,69,0,42,163900.72,149724,239,83,0,0
332509,1,98,2718,69,0,42,163900.72,149724,239,83,0,0
332634,1,99,2715,69,0,42,163901.75,149724,239,83,0,0
332729,1,99,2691,69,0,42,163901.75,149724,239,83,0,0
332882,1,99,2694,69,0,42,163901.75,149724,239,83,0,0
333009,1,99,2691,69,0,42,163901.75,149724,239,83,0,0
333106,1,99,2715,69,0,42,163901.75,149724,239,83,0,0
333229,1,99,2718,69,0,42,163901.75,149724,239,83,0,0
333382,1,99,2718,69,0,42,163902.78,149724,239,83,0,0
333479,1,99,2695,69,0,42,163902.78,149724,239,83,0,0
333606,1,99,2716,69,0,42,163902.78,149724,239,83,0,0
333729,1,99,2717,68,0,42,163902.78,149724,239,83,0,0
333856,1,99,2693,68,0,42,163902.78,149724,239,83,0,0
333979,1,99,2697,68,0,42,163902.78,149724,239,83,0,0
334106,1,99,2692,68,0,42,163903.83,149724,239,83,0,0
334229,1,99,2713,68,0,42,163903.83,149724,239,83,0,0
334368,1,99,2713,68,0,42,163903.83,149724,239,83,0,0
334479,1,99,2719,68,0,42,163903.83,149724,239,83,0,0
334607,1,99,2719,68,0,42,163903.83,149724,239,83,0,0
334706,1,99,2710,68,0,42,163904.86,149724,239,83,0,0
334856,1,99,2710,68,0,42,163904.86,149724,239,83,0,0
334979,1,99,2719,68,0,42,163904.86,149724,239,83,0,0
335079,1,99,2690,67,0,42,163904.86,149724,239,83,0,0
335206,1,99,2719,67,0,42,163904.86,149724,239,83,0,0
335354,1,99,2719,67,0,42,163904.86,149724,239,83,0,0
335462,1,99,2746,53,0,42,163904.86,149724,239,83,0,0
335579,1,99,2691,39,0,42,163905.88,149724,239,83,0,0
335706,1,99,2694,36,0,42,163905.88,149724,239,83,0,0
335728,1,99,2694,36,0,42,163905.88,149724,239,83,0,0
335929,1,99,2690,36,0,42,163905.88,149724,239,83,0,0
336056,1,99,2707,36,0,42,163905.88,149724,239,83,0,0
336179,1,99,2709,36,0,42,163905.88,149724,239,83,0,0
336258,1,99,2706,32,0,42,163905.88,149724,239,83,0,0
336382,1,99,2706,32,0,42,163905.88,149724,239,83,0,0
336529,1,99,2699,0,0,42,163905.88,149724,239,83,0,0
336634,1,99,2672,0,0,42,163905.88,149724,239,83,0,0
336729,1,99,2688,0,0,42,163906.88,149724,239,83,0,0
336883,1,99,2688,0,0,42,163906.88,149724,239,83,0,0
337009,1,99,2689,0,0,42,163906.88,149724,239,83,0,0
337106,1,99,2690,0,0,42,163906.88,149724,239,83,0,0
337229,1,98,2660,0,0,42,163906.88,149724,239,83,0,0
337366,1,98,2692,0,0,42,163906.88,149724,239,83,0,0
337479,1,98,2657,0,0,42,163906.88,149724,239,83,0,0
337606,1,98,2680,0,0,42,163906.88,149724,239,83,0,0
337706,1,98,2684,0,0,42,163906.88,149724,239,83,0,0
337759,1,98,2684,0,0,42,163906.88,149724,239,83,0,0
337957,1,97,2656,0,0,42,163906.88,149724,239,83,0,0
338056,1,97,2652,0,0,42,163906.88,149724,239,83,0,0
338179,1,97,2684,0,0,42,163906.88,149724,239,83,0,0
338263,1,97,2652,0,0,42,163906.88,149724,239,83,0,0
338406,1,97,2624,0,0,42,163906.88,149724,239,83,0,0
338553,1,97,2624,0,0,42,163906.88,149724,239,83,0,0
338658,1,97,2624,0,0,42,163906.88,149724,239,83,0,0
338762,1,96,2624,0,0,42,163906.88,149724,239,83,0,0
338906,1,96,2624,0,0,42,163906.88,149724,239,83,0,0
339028,1,96,2624,0,0,42,163906.88,149724,239,83,0,0
339153,1,96,2592,0,0,42,163906.88,149724,239,83,0,0
339259,1,96,2592,0,0,42,163906.88,149724,239,83,0,0
339406,1,96,2592,0,0,42,163906.88,149724,239,83,0,0
339528,1,95,2592,0,0,42,163906.88,149724,239,83,0,0
339634,1,95,2592,0,0,42,163906.88,149724,239,83,0,0
339729,1,95,2592,0,0,42,163906.88,149724,239,83,0,0
339788,1,95,2560,0,0,42,163906.88,149724,239,83,0,0
339978,1,95,2560,0,0,42,163906.88,149724,239,83,0,0
340107,1,95,2560,0,0,42,163906.88,149724,239,83,0,0
340229,1,95,2560,0,0,42,163906.88,149724,239,83,0,0
340259,1,94,2560,0,0,42,163906.88,149724,239,83,0,0
340462,1,94,2560,0,0,42,163906.88,149724,239,83,0,0
340579,1,94,2560,0,0,42,163906.88,149724,239,83,0,0
340706,1,94,2560,0,0,42,163906.88,149724,239,83,0,0
340792,1,94,2528,0,0,42,163906.88,149724,239,83,0,0
340945,1,94,2560,0,0,42,163906.88,149724,239,83,0,0
341056,1,93,2528,0,0,42,163906.88,149724,239,83,0,0
341179,1,93,2528,0,0,42,163906.88,149724,239,83,0,0
341279,1,93,2528,0,0,42,163906.88,149724,239,83,0,0
341414,1,93,2528,0,0,42,163906.88,149724,239,83,0,0
341528,1,93,2528,0,0,42,163906.88,149724,239,83,0,0
341658,1,93,2528,0,0,42,163906.88,149724,239,83,0,0
341759,1,93,2528,0,0,42,163906.88,149724,239,83,0,0
341906,1,93,2496,0,0,42,163906.88,149724,239,83,0,0
342028,1,92,2496,0,0,42,163906.88,149724,239,83,0,0
342134,1,92,2496,0,0,42,163906.88,149724,239,83,0,0
342259,1,92,2496,0,0,42,163906.88,149724,239,83,0,0
342279,1,92,2496,0,0,42,163906.88,149724,239,83,0,0
342509,1,92,2496,0,0,42,163906.88,149724,239,83,0,0
342634,1,92,2496,0,0,42,163906.88,149724,239,83,0,0
342728,1,92,2496,0,0,42,163906.88,149724,239,83,0,0
342757,1,91,2496,0,0,42,163906.88,149724,239,83,0,0
342978,1,91,2464,0,0,42,163906.88,149724,239,83,0,0
343106,1,91,2464,0,0,42,163906.88,149724,239,82,0,0
343228,1,91,2464,0,0,42,163906.88,149724,239,82,0,0
343261,1,91,2464,0,0,42,163906.88,149724,239,82,0,0
343464,1,90,2464,0,0,42,163906.88,149724,239,82,0,0
343578,1,90,2464,0,0,42,163906.88,149724,239,82,0,0
343706,1,90,2432,0,0,42,163906.88,149724,239,82,0,0
343779,1,90,2432,0,0,42,163906.88,149724,239,82,0,0
343928,1,90,2432,0,0,42,163906.88,149724,239,82,0,0
344068,1,90,2432,0,0,42,163906.88,149724,239,82,0,0
344178,1,89,2432,0,0,42,163906.88,149724,239,82,0,0
344259,1,89,2432,0,0,42,163906.88,149724,239,82,0,0
344387,1,89,2432,0,0,42,163906.88,149724,239,82,0,0
344528,1,89,2400,0,0,42,163906.88,149724,239,82,0,0
344658,1,88,2400,0,0,42,163906.88,149724,239,82,0,0
344759,1,88,2400,8,0,42,163906.88,149724,239,82,0,0
344906,1,88,2450,8,0,42,163906.88,149724,239,82,0,0
345028,1,88,2463,37,0,42,163906.88,149724,239,82,0,0
345134,1,88,2412,53,0,42,163906.88,149724,239,82,0,0
345262,1,88,2408,61,0,42,163906.88,149724,239,82,0,0
345386,1,88,2417,61,0,42,163906.88,149724,239,82,0,0
345509,1,88,2403,61,0,42,163907.89,149724,239,82,0,0
345634,1,88,2411,67,0,42,163907.89,149724,239,82,0,0
345728,1,88,2418,69,0,42,163907.89,149724,239,82,0,0
345779,1,88,2418,69,0,42,163907.89,149724,239,82,0,0
345978,1,88,2424,75,0,42,163907.89,149724,239,82,0,0
346106,1,88,2416,76,0,42,163907.89,149724,239,82,0,0
346206,1,88,2401,76,0,42,163908.89,149724,239,82,0,0
346259,1,88,2401,76,0,42,163908.89,149724,239,82,0,0
346411,1,88,2405,76,0,42,163908.89,149724,239,82,0,0
346578,1,88,2406,76,0,42,163908.89,149724,239,82,0,0
346678,1,88,2402,76,0,42,163908.89,149724,239,82,0,0
346778,1,88,2400,76,0,42,163908.89,149724,239,82,0,0
346928,1,88,2421,75,0,42,163908.89,149724,239,82,0,0
347056,1,88,2404,75,0,42,163909.92,149724,239,82,0,0
347156,1,88,2405,75,0,42,163909.92,149724,239,82,0,0
347259,1,88,2411,75,0,42,163909.92,149724,239,82,0,0
347385,1,88,2412,75,0,42,163909.92,149724,239,82,0,0
347528,1,88,2411,75,0,42,163909.92,149724,239,82,0,0
347634,1,88,2411,75,0,42,163910.98,149724,239,82,0,0
347756,1,88,2408,75,0,42,163910.98,149724,239,82,0,0
347897,1,88,2400,75,0,42,163910.98,149724,239,82,0,0
348009,1,88,2407,75,0,42,163910.98,149724,239,82,0,0
348134,1,88,2411,75,0,42,163910.98,149724,239,82,0,0
348228,1,88,2413,75,0,42,163910.98,149724,239,82,0,0
348278,1,88,2413,75,0,42,163912.03,149724,239,82,0,0
348478,1,88,2413,75,0,42,163912.03,149724,239,82,0,0
348578,1,89,2415,75,0,42,163912.03,149724,239,82,0,0
348706,1,89,2414,75,0,42,163912.03,149724,239,81,0,0
348815,1,89,2414,75,0,42,163912.03,149724,239,81,0,0
348928,1,89,2414,75,0,42,163912.03,149724,239,81,0,0
349078,1,89,2413,75,0,42,163912.03,149724,239,81,0,0
349178,1,89,2412,75,0,42,163913.11,149724,239,81,0,0
349278,1,89,2408,75,0,42,163913.11,149724,239,81,0,0
349409,1,89,2400,75,0,42,163913.11,149724,239,81,0,0
349556,1,89,2437,75,0,42,163913.11,149724,239,81,0,0
349658,1,89,2440,75,0,42,163913.11,149724,239,81,0,0
349778,1,89,2412,75,0,42,163913.11,149724,239,81,0,0
349928,1,89,2445,75,0,42,163913.11,149724,239,81,0,0
350056,1,89,2447,75,0,42,163914.17,149724,239,81,0,0
350156,1,89,2448,74,0,42,163914.17,149724,239,81,0,0
350259,1,89,2416,74,0,42,163914.17,149724,239,81,0,0
350409,1,89,2415,74,0,42,163914.17,149724,239,81,0,0
350528,1,89,2408,74,0,42,163914.17,149724,239,81,0,0
350634,1,89,2408,74,0,42,163914.17,149724,239,81,0,0
350767,1,89,2407,74,0,42,163915.23,149724,239,81,0,0
350813,1,89,2430,74,0,42,163915.23,149724,239,81,0,0
350978,1,89,2427,74,0,42,163915.23,149724,239,81,0,0
351106,1,89,2437,74,0,42,163915.23,149724,239,81,0,0
351228,1,89,2439,74,0,42,163915.23,149724,239,81,0,0
351259,1,89,2439,74,0,42,163915.23,149724,239,81,0,0
351462,1,89,2463,74,0,42,163915.23,149724,239,81,0,0
351578,1,89,2433,74,0,42,163916.28,149724,239,81,0,0
351706,1,89,2437,74,0,42,163916.28,149724,239,81,0,0
351806,1,89,2463,74,0,42,163916.28,149724,239,81,0,0
351946,1,89,2463,74,0,42,163916.28,149724,239,81,0,0
352056,1,89,2440,78,0,42,163916.28,149724,239,81,0,0
352178,1,89,2438,81,0,42,163916.28,149724,239,81,0,0
352280,1,89,2435,86,0,42,163917.33,149724,239,81,0,0
352408,1,89,2458,86,0,42,163917.33,149724,239,81,0,0
352528,1,89,2455,114,0,42,163917.33,149724,239,81,0,0
352658,1,90,2438,118,0,42,163917.33,149724,239,81,0,0
352761,1,90,2459,119,0,42,163917.33,149724,239,81,0,0
352806,1,90,2463,119,0,42,163917.33,149724,239,81,0,0
353011,1,90,2492,119,0,42,163918.42,149724,239,81,0,0
353106,1,90,2495,119,0,42,163918.42,149724,239,81,0,0
353228,1,90,2468,119,0,42,163918.42,149724,239,81,0,0
353278,1,90,2468,119,0,42,163918.42,149724,239,81,0,0
353448,1,90,2471,119,0,42,163919.47,149724,239,81,0,0
353578,1,91,2475,119,0,42,163919.47,149724,239,81,0,0
353706,1,91,2483,119,0,42,163919.47,149724,239,81,0,0
353759,1,91,2483,119,0,42,163920.53,149724,239,81,0,0
353928,1,91,2506,119,0,42,163920.53,149724,239,81,0,0
354068,1,91,2500,119,0,42,163920.53,149724,239,81,0,0
354178,1,92,2501,119,0,42,163920.53,149724,239,81,0,0
354278,1,92,2510,120,0,42,163921.58,149724,239,81,0,0
354406,1,92,2509,120,0,42,163921.58,149724,239,81,0,0
354553,1,92,2507,156,0,42,163921.58,149724,239,81,0,0
354658,1,92,2543,157,0,42,163921.58,149724,239,81,0,0
354778,1,93,2528,156,0,42,163922.67,149724,239,81,0,0
354919,1,93,2548,156,0,42,163922.67,149724,239,81,0,0
355028,1,93,2546,152,0,42,163922.67,149724,239,81,0,0
355156,1,94,2586,152,0,42,163923.69,149724,239,81,0,0
355258,1,94,2577,152,0,42,163923.69,149724,239,81,0,0
355278,1,94,2577,152,0,42,163923.69,149724,239,81,0,0
355482,1,94,2574,152,0,42,163924.80,149724,239,81,0,0
355606,1,95,2580,194,0,42,163924.80,149724,239,81,0,0
355728,1,95,2598,200,0,42,163925.88,149724,239,81,0,0
355778,1,95,2598,200,0,42,163925.88,149724,239,81,0,0
355978,1,96,2600,200,0,42,163925.88,149724,239,81,0,0
356078,1,96,2632,203,0,42,163927.09,149724,239,81,0,0
356206,1,96,2631,203,0,42,163928.20,149724,239,81,0,0
356278,1,97,2631,205,0,42,163928.20,149724,239,81,0,0
356431,1,97,2648,206,0,42,163928.20,149724,239,81,0,0
356568,1,97,2669,206,0,42,163929.28,149724,239,81,0,0
356678,1,98,2672,206,0,42,163929.28,149724,239,81,0,0
356778,1,98,2698,204,0,42,163930.36,149724,239,81,0,0
356928,1,98,2719,202,0,42,163930.36,149724,239,81,0,0
357053,1,99,2696,201,0,42,163931.48,149724,239,81,0,0
357156,1,100,2749,201,0,42,163931.48,149724,239,81,0,0
357278,1,100,2708,200,0,42,163932.61,149724,239,81,0,0
357278,1,100,2708,200,0,42,163932.61,149724,239,81,0,0
357528,1,100,2728,194,0,42,163933.73,149724,239,81,0,0
357658,1,101,2771,192,0,42,163933.73,149724,239,81,0,0
357758,1,101,2769,190,0,42,163934.88,149724,239,81,0,0
357779,1,101,2769,190,0,42,163934.88,149724,239,81,0,0
358011,1,102,2798,181,0,42,163936.02,149724,239,81,0,0
358133,1,102,2785,177,0,42,163936.02,149724,239,81,0,0
358228,1,103,2796,174,0,42,163937.14,149724,239,81,0,0
358278,1,103,2828,174,0,42,163937.14,149724,239,81,0,0
358480,1,104,2825,174,0,42,163937.14,149724,239,81,0,0
358606,1,104,2833,168,0,42,163938.30,149724,239,81,0,0
358706,1,104,2862,167,0,42,163939.47,149724,239,81,0,0
358758,1,104,2862,153,0,42,163939.47,149724,239,81,0,0
358959,1,105,2865,130,0,42,163939.47,149724,239,81,0,0
359078,1,105,2856,129,0,42,163940.64,149724,239,81,0,0
359178,1,105,2860,124,0,42,163940.64,149724,239,81,0,0
359278,1,106,2887,117,0,42,163941.72,149724,239,81,0,0
359429,1,106,2896,117,0,42,163941.72,149724,239,81,0,0
359556,1,106,2888,101,0,42,163942.77,149724,249,81,0,0
359658,1,106,2900,96,0,42,163942.77,149724,249,81,0,0
359789,1,106,2883,90,0,42,163942.77,149724,249,81,0,0
359835,1,106,2929,88,0,42,163942.77,149724,249,81,0,0
360008,1,107,2909,88,0,42,163943.89,149724,249,81,0,0
360133,1,107,2882,71,0,42,163943.89,149724,249,81,0,0
360258,1,107,2901,65,0,42,163943.89,149724,249,81,0,0
360282,1,107,2901,65,0,42,163943.89,149724,249,81,0,0
360479,1,106,2901,57,0,42,163943.89,149724,249,81,0,0
360606,1,107,2910,56,0,42,163944.97,149724,249,81,0,0
360728,1,107,2897,56,0,42,163944.97,149724,249,81,0,0
360813,1,107,2892,56,0,42,163944.97,149724,249,81,0,0
361106,1,106,2884,41,0,42,163944.97,149724,249,81,0,0
361206,1,106,2882,41,0,42,163944.97,149724,249,81,0,0
361278,1,106,2882,41,0,42,163944.97,149724,249,81,0,0
361429,1,106,2889,41,0,42,163944.97,149724,249,81,0,0
361578,1,106,2883,41,0,42,163944.97,149724,249,81,0,0
361698,1,106,2889,41,0,42,163945.98,149724,249,81,0,0
361806,1,106,2888,41,0,42,163945.98,149724,249,81,0,0
361948,1,106,2888,41,0,42,163945.98,149724,249,81,0,0
362068,1,106,2880,41,0,42,163945.98,149724,249,81,0,0
362178,1,106,2911,41,0,42,163945.98,149724,249,81,0,0
362278,1,106,2881,41,0,42,163945.98,149724,249,81,0,0
362406,1,106,2855,41,0,42,163945.98,149724,249,81,0,0
362553,1,105,2881,41,0,42,163945.98,149724,249,81,0,0
362658,1,105,2878,42,0,42,163946.98,149724,249,81,0,0
362762,1,105,2910,42,0,42,163946.98,149724,249,82,0,0
362914,1,105,2877,42,0,42,163946.98,149724,249,82,0,0
363028,1,105,2850,42,0,42,163946.98,149724,249,82,0,0
363153,1,105,2855,42,0,42,163946.98,149724,249,82,0,0
363259,1,105,2859,42,0,42,163946.98,149724,249,82,0,0
363278,1,105,2859,42,0,42,163946.98,149724,249,82,0,0
363478,1,105,2860,42,0,42,163946.98,149724,249,82,0,0
363606,1,105,2851,42,0,42,163946.98,149724,249,82,0,0
363728,1,105,2879,42,0,42,163947.98,149724,249,82,0,0
363785,1,105,2879,42,0,42,163947.98,149724,249,82,0,0
363953,1,105,2851,43,0,42,163947.98,149724,249,82,0,0
364078,1,105,2862,43,0,42,163947.98,149724,249,82,0,0
364206,1,105,2860,45,0,42,163947.98,149724,249,82,0,0
364312,1,105,2868,45,0,42,163947.98,149724,249,82,0,0
364429,1,105,2868,46,0,42,163947.98,149724,249,82,0,0
364568,1,104,2872,46,0,42,163947.98,149724,249,82,0,0
364678,1,104,2876,46,0,42,163947.98,149724,249,82,0,0
364778,1,104,2853,46,0,42,163949.00,149724,249,82,0,0
364830,1,104,2856,46,0,42,163949.00,149724,249,82,0,0
365028,1,104,2840,46,0,42,163949.00,149724,249,82,0,0
365156,1,104,2842,46,0,42,163949.00,149724,249,82,0,0
365278,1,104,2847,46,0,42,163949.00,149724,249,82,0,0
365306,1,104,2847,46,0,42,163949.00,149724,249,82,0,0
365509,1,104,2838,46,0,42,163949.00,149724,249,82,0,0
365606,1,104,2871,46,0,42,163949.00,149724,249,82,0,0
365728,1,104,2847,46,0,42,163949.00,149724,249,82,0,0
365778,1,104,2847,46,0,42,163949.00,149724,249,82,0,0
365981,1,104,2816,46,0,42,163950.05,149724,249,82,0,0
366078,1,104,2839,46,0,42,163950.05,149724,249,82,0,0
366206,1,104,2840,46,0,42,163950.05,149724,249,82,0,0
366306,1,104,2844,46,0,42,163950.05,149724,249,82,0,0
366456,1,104,2846,44,0,42,163950.05,149724,249,82,0,0
366578,1,104,2846,44,0,42,163950.05,149725,249,82,0,0
366698,1,104,2830,44,0,42,163950.05,149725,249,82,0,0
366807,1,104,2831,44,0,42,163950.05,149725,249,82,0,0
366948,1,104,2831,44,0,42,163951.06,149725,249,82,0,0
367078,1,103,2840,44,0,42,163951.06,149725,249,82,0,0
367178,1,103,2841,44,0,42,163951.06,149725,249,82,0,0
367306,1,103,2831,43,0,42,163951.06,149725,249,82,0,0
367318,1,103,2831,43,0,42,163951.06,149725,249,82,0,0
367528,1,103,2836,43,0,42,163951.06,149725,249,82,0,0
367658,1,103,2803,43,0,42,163951.06,149725,249,82,0,0
367778,1,103,2798,43,0,42,163951.06,149725,249,82,0,0
367778,1,103,2798,43,0,42,163951.06,149725,249,82,0,0
368009,1,103,2796,42,0,42,163952.06,149725,249,82,0,0
368133,1,103,2800,42,0,42,163952.06,149725,249,82,0,0
368255,1,103,2801,41,0,42,163952.06,149725,249,82,0,0
368341,1,103,2800,41,0,42,163952.06,149725,249,82,0,0
368462,1,103,2791,41,0,42,163952.06,149725,249,82,0,0
368607,1,103,2813,41,0,42,163952.06,149725,249,82,0,0
368728,1,103,2788,40,0,42,163952.06,149725,249,82,0,0
368822,1,103,2791,40,0,42,163952.06,149725,249,82,0,0
368948,1,102,2791,40,0,42,163952.06,149725,249,82,0,0
369078,1,102,2787,39,0,42,163953.09,149725,249,82,0,0
369198,1,102,2813,38,0,42,163953.09,149725,249,82,0,0
369322,1,102,2811,38,0,42,163953.09,149725,249,82,0,0
369328,1,102,2811,38,0,42,163953.09,149725,249,82,0,0
369568,1,102,2778,38,0,42,163953.09,149725,249,82,0,0
369678,1,102,2809,38,0,42,163953.09,149725,249,82,0,0
369806,1,102,2803,38,0,42,163953.09,149725,249,82,0,0
369947,1,102,2771,38,0,42,163953.09,149725,249,82,0,0
370067,1,102,2779,38,0,42,163954.11,149725,249,82,0,0
370177,1,102,2782,38,0,42,163954.11,149725,249,82,0,0
370277,1,102,2814,38,0,42,163954.11,149725,249,82,0,0
370447,1,102,2776,38,0,42,163954.11,149725,249,82,0,0
370567,1,102,2781,38,0,42,163954.11,149725,249,82,0,0
370677,1,102,2783,38,0,42,163954.11,149725,249,82,0,0
370777,1,102,2752,38,0,42,163954.11,149725,249,82,0,0
370935,1,102,2782,38,0,42,163954.11,149725,249,82,0,0
371056,1,102,2773,38,0,42,163954.11,149725,249,82,0,0
371177,1,101,2777,38,0,42,163954.11,149725,249,82,0,0
371277,1,101,2780,38,0,42,163955.12,149725,249,82,0,0
371327,1,101,2781,38,0,42,163955.12,149725,249,82,0,0
371527,1,101,2774,38,0,42,163955.12,149725,249,82,0,0
371633,1,101,2771,38,0,42,163955.12,149725,249,82,0,0
371758,1,101,2775,38,0,42,163955.12,149725,249,82,0,0
371777,1,101,2775,38,0,42,163955.12,149725,249,82,0,0
371985,1,101,2781,38,0,42,163955.12,149725,249,82,0,0
372106,1,101,2774,38,0,42,163955.12,149725,249,82,0,0
372227,1,101,2773,38,0,42,163955.12,149725,249,82,0,0
372327,1,101,2778,38,0,42,163956.12,149725,249,82,0,0
372472,1,101,2778,38,0,42,163956.12,149725,249,82,0,0
372577,1,101,2781,32,0,42,163956.12,149725,249,83,0,0
372706,1,101,2767,28,0,42,163956.12,149725,249,83,0,0
372827,1,101,2776,28,0,42,163956.12,149725,249,83,0,0
372959,1,101,2776,28,0,42,163956.12,149725,249,83,0,0
373077,1,101,2769,26,0,42,163956.12,149725,249,83,0,0
373197,1,101,2774,18,0,42,163956.12,149725,249,83,0,0
373306,1,101,2732,7,0,42,163956.12,149725,249,83,0,0
373447,1,101,2732,7,0,42,163956.12,149725,249,83,0,0
373567,1,101,2724,7,0,42,163956.12,149725,249,83,0,0
373677,1,101,2759,7,0,42,163956.12,149725,249,83,0,0
373777,1,101,2762,9,0,42,163956.12,149725,249,83,0,0
373827,1,101,2733,10,0,42,163956.12,149725,249,83,0,0
374027,1,101,2733,13,0,42,163957.16,149725,249,83,0,0
374152,1,100,2738,13,0,42,163957.16,149725,249,83,0,0
374258,1,100,2738,13,0,42,163957.16,149725,249,83,0,0
374327,1,100,2738,13,0,42,163957.16,149725,249,83,0,0
374477,1,100,2738,13,0,42,163957.16,149725,249,83,0,0
374607,1,100,2732,18,0,42,163957.16,149725,249,83,0,0
374727,1,100,2736,22,0,42,163957.16,149725,249,83,0,0
374827,1,100,2748,25,0,42,163957.16,149725,249,83,0,0
374958,1,100,2748,25,0,42,163957.16,149725,249,83,0,0
375106,1,100,2742,28,0,42,163957.16,149725,249,83,0,0
375227,1,100,2743,29,0,42,163957.16,149725,249,83,0,0
375307,1,100,2744,29,0,42,163957.16,149725,249,83,0,0
375459,1,100,2746,30,0,42,163957.16,149725,249,83,0,0
375577,1,100,2747,31,0,42,163957.16,149725,249,83,0,0
375707,1,100,2748,32,0,42,163958.19,149725,249,83,0,0
375827,1,100,2692,32,0,42,163958.19,149725,249,83,0,0
375957,1,100,2724,32,0,42,163958.19,149725,249,83,0,0
376077,1,99,2730,33,0,42,163958.19,149725,249,83,0,0
376197,1,99,2696,33,0,42,163958.19,149725,249,83,0,0
376277,1,99,2690,33,0,42,163958.19,149725,249,83,0,0
376444,1,99,2689,33,0,42,163958.19,149725,249,83,0,0
376556,1,99,2698,33,0,42,163958.19,149725,249,83,0,0
376677,1,99,2699,33,0,42,163958.19,149725,249,83,0,0
376777,1,99,2699,33,0,42,163958.19,149725,249,83,0,0
376827,1,99,2692,33,0,42,163958.19,149725,249,83,0,0
377027,1,99,2690,33,0,42,163959.20,149725,249,83,0,0
377133,1,99,2695,23,0,42,163959.20,149725,249,83,0,0
377258,1,99,2696,20,0,42,163959.20,149725,249,83,0,0
377327,1,99,2706,20,0,42,163959.20,149725,249,83,0,0
377478,1,99,2706,20,0,42,163959.20,149725,249,83,0,0
377607,1,99,2711,20,0,42,163959.20,149725,249,83,0,0
377727,1,99,2716,20,0,42,163959.20,149725,249,83,0,0
377827,1,99,2719,20,0,42,163959.20,149725,249,83,0,0
377957,1,99,2688,20,0,42,163959.20,149725,249,83,0,0
378077,1,99,2689,28,0,42,163959.20,149725,249,83,0,0
378207,1,99,2699,32,0,42,163959.20,149725,249,83,0,0
378307,1,99,2693,33,0,42,163959.20,149725,249,83,0,0
378456,1,99,2693,35,0,42,163959.20,149725,249,83,0,0
378577,1,99,2699,37,0,42,163960.22,149725,249,83,0,0
378697,1,99,2699,39,0,42,163960.22,149725,249,83,0,0
378807,1,99,2690,40,0,42,163960.22,149725,249,83,0,0
378807,1,99,2690,40,0,42,163960.22,149725,249,83,0,0
379057,1,99,2697,42,0,42,163960.22,149725,249,82,0,0
379177,1,99,2690,42,0,42,163960.22,149725,249,82,0,0
379277,1,99,2690,42,0,42,163960.22,149725,249,82,0,0
379327,1,99,2692,42,0,42,163960.22,149725,249,82,0,0
379527,1,99,2698,43,0,42,163960.22,149725,249,82,0,0
379633,1,99,2696,46,0,42,163961.25,149725,249,82,0,0
379758,1,99,2689,47,0,42,163961.25,149725,249,82,0,0
379807,1,99,2695,47,0,42,163961.25,149725,249,82,0,0
379957,1,99,2709,49,0,42,163961.25,149725,249,82,0,0
380107,1,99,2703,56,0,42,163961.25,149725,249,82,0,0
380227,1,99,2689,56,0,42,163961.25,149725,249,82,0,0
380327,1,99,2693,57,0,42,163961.25,149725,249,82,0,0
380467,1,99,2697,57,0,42,163961.25,149725,249,82,0,0
380577,1,99,2702,57,0,42,163962.30,149725,249,82,0,0
380707,1,99,2696,57,0,42,163962.30,149725,249,82,0,0
380817,1,99,2689,57,0,42,163962.30,149725,249,82,0,0
380957,1,99,2718,57,0,42,163962.30,149725,249,82,0,0
381077,1,99,2689,57,0,42,163962.30,149725,249,82,0,0
381177,1,99,2692,57,0,42,163962.30,149725,249,82,0,0
381307,1,99,2713,57,0,42,163962.30,149725,249,82,0,0
381332,1,99,2713,57,0,42,163962.30,149725,249,82,0,0
381527,1,99,2688,58,0,42,163963.36,149725,249,82,0,0
381658,1,99,2688,58,0,42,163963.36,149725,249,82,0,0
381777,1,99,2712,60,0,42,163963.36,149725,249,82,0,0
381817,1,99,2710,60,0,42,163963.36,149725,249,82,0,0
382010,1,99,2710,62,0,42,163963.36,149725,249,82,0,0
382107,1,99,2717,63,0,42,163963.36,149725,249,82,0,0
382227,1,99,2696,65,0,42,163964.38,149725,249,82,0,0
382327,1,99,2696,67,0,42,163964.38,149725,249,82,0,0
382478,1,99,2696,67,0,42,163964.38,149725,249,82,0,0
382609,1,98,2689,70,0,42,163964.38,149725,249,82,0,0
382727,1,98,2707,81,0,42,163964.38,149725,249,82,0,0
382827,1,98,2718,84,0,42,163964.38,149725,249,82,0,0
382827,1,98,2718,84,0,42,163964.38,149725,249,82,0,0
383077,1,99,2710,84,0,42,163965.45,149725,249,82,0,0
383210,1,99,2715,84,0,42,163965.45,149725,249,82,0,0
383327,1,99,2712,84,0,42,163965.45,149725,249,82,0,0
383363,1,99,2712,84,0,42,163965.45,149725,249,82,0,0
383577,1,99,2715,84,0,42,163965.45,149725,249,82,0,0
383697,1,99,2711,84,0,42,163966.53,149725,249,82,0,0
383817,1,99,2705,83,0,42,163966.53,149725,249,82,0,0
383867,1,99,2705,83,0,42,163966.53,149725,249,82,0,0
384052,1,98,2679,83,0,42,163966.53,149725,249,82,0,0
384160,1,99,2678,74,0,42,163967.59,149725,249,82,0,0
384277,1,98,2665,71,0,42,163967.59,149725,249,82,0,0
384317,1,98,2717,71,0,42,163967.59,149725,249,82,0,0
384510,1,98,2693,70,0,42,163967.59,149725,249,82,0,0
384633,1,98,2657,68,0,42,163967.59,149725,249,82,0,0
384758,1,98,2659,68,0,42,163967.59,149725,249,82,0,0
384827,1,98,2659,68,0,42,163968.59,149725,249,82,0,0
384977,1,98,2659,68,0,42,163968.59,149725,249,82,0,0
385109,1,98,2676,68,0,42,163968.59,149725,249,82,0,0
385227,1,98,2682,67,0,42,163968.59,149725,249,82,0,0
385317,1,98,2656,67,0,42,163968.59,149725,249,82,0,0
385464,1,98,2656,67,0,42,163968.59,149725,249,82,0,0
385577,1,98,2656,67,0,42,163968.59,149725,249,82,0,0
385707,1,98,2673,67,0,42,163969.61,149725,249,82,0,0
385827,1,98,2670,67,0,42,163969.61,149725,249,82,0,0
385959,1,97,2679,67,0,42,163969.61,149725,249,82,0,0
386077,1,97,2683,67,0,42,163969.61,149725,249,82,0,0
386197,1,97,2651,65,0,42,163969.61,149725,249,82,0,0
386317,1,97,2672,63,0,42,163970.61,149725,249,82,0,0
386357,1,97,2672,62,0,42,163970.61,149725,249,82,0,0
386567,1,97,2675,62,0,42,163970.61,149725,249,82,0,0
386677,1,97,2643,62,0,42,163970.61,149725,249,82,0,0
386777,1,97,2647,62,0,42,163970.61,149725,249,82,0,0
386828,1,97,2649,62,0,42,163970.61,149725,249,82,0,0
387027,1,97,2643,62,0,42,163970.61,149725,249,82,0,0
387159,1,97,2650,63,0,42,163971.69,149725,249,82,0,0
387261,1,97,2653,64,0,42,163971.69,149725,249,82,0,0
387327,1,97,2654,67,0,42,163971.69,149725,249,82,0,0
387488,1,97,2654,67,0,42,163971.69,149725,249,82,0,0
387633,1,97,2644,75,0,42,163971.69,149725,249,82,0,0
387727,1,97,2654,82,0,42,163971.69,149725,249,82,0,0
387827,1,97,2626,91,0,42,163971.69,149725,249,82,0,0
387959,1,97,2625,91,0,42,163972.72,149725,249,82,0,0
388109,1,96,2645,99,0,42,163972.72,149725,249,82,0,0
388209,1,97,2628,99,0,42,163972.72,149725,249,82,0,0
388327,1,97,2634,104,0,42,163972.72,149725,249,82,0,0
388462,1,97,2634,104,0,42,163973.80,149725,249,82,0,0
388577,1,97,2625,109,0,42,163973.80,149725,249,82,0,0
388709,1,97,2629,109,0,42,163973.80,149725,249,82,0,0
388827,1,97,2637,113,0,42,163973.80,149725,249,82,0,0
388827,1,97,2637,113,0,42,163973.80,149725,249,82,0,0
389077,1,97,2644,115,0,42,163974.91,149725,249,82,0,0
389197,1,97,2645,117,0,42,163974.91,149725,249,82,0,0
389317,1,97,2641,118,0,42,163975.94,149725,249,82,0,0
389326,1,97,2641,118,0,42,163975.94,149725,249,82,0,0
389567,1,98,2660,122,0,42,163975.94,149725,249,82,0,0
389677,1,98,2669,126,0,42,163975.94,149725,249,82,0,0
389777,1,98,2676,128,0,42,163977.05,149725,249,82,0,0
389827,1,98,2687,128,0,42,163977.05,149725,249,82,0,0
390027,1,98,2683,129,0,42,163977.05,149725,249,82,0,0
390152,1,98,2690,129,0,42,163977.05,149725,249,82,0,0
390261,1,98,2703,131,0,42,163978.20,149725,249,82,0,0
390327,1,98,2689,131,0,42,163978.20,149725,249,82,0,0
390504,1,98,2689,131,0,42,163978.20,149725,249,82,0,0
390609,1,99,2714,131,0,42,163979.28,149725,249,82,0,0
390727,1,99,2705,132,0,42,163979.28,149725,249,82,0,0
390827,1,99,2715,132,0,42,163979.28,149725,249,82,0,0
390980,1,99,2715,132,0,42,163979.28,149725,249,82,0,0
391077,1,100,2748,132,0,42,163980.48,149725,249,82,0,0
391209,1,100,2743,132,0,42,163980.48,149725,249,82,0,0
391332,1,100,2747,132,0,42,163981.48,149725,249,82,0,0
391460,1,100,2747,132,0,42,163981.48,149725,249,82,0,0
391577,1,101,2748,132,0,42,163981.48,149725,249,82,0,0
391697,1,101,2782,132,0,42,163982.50,149725,249,82,0,0
391817,1,101,2782,132,0,42,163982.50,149725,249,82,0,0
391826,1,101,2782,132,0,42,163982.50,149725,249,82,0,0
392052,1,101,2783,132,0,42,163983.52,149725,249,82,0,0
392159,1,102,2778,132,0,42,163983.52,149725,249,82,0,0
392277,1,102,2809,132,0,42,163984.53,149725,249,82,0,0
392327,1,102,2815,132,0,42,163984.53,149725,249,82,0,0
392509,1,102,2791,132,0,42,163984.53,149725,249,82,0,0
392609,1,102,2795,132,0,42,163985.55,149725,249,82,0,0
392755,1,103,2799,129,0,42,163985.55,149725,249,82,0,0
392866,1,103,2827,129,0,42,163986.58,149725,249,82,0,0
392978,1,103,2788,129,0,42,163986.58,149725,249,82,0,0
393109,1,103,2835,128,0,42,163987.61,149725,249,82,0,0
393228,1,104,2836,125,0,42,163987.61,149725,249,82,0,0
393327,1,104,2834,123,0,42,163987.61,149725,249,82,0,0
393459,1,104,2834,123,0,42,163988.64,149725,249,82,0,0
393577,1,104,2857,122,0,42,163988.64,149725,249,82,0,0
393709,1,104,2870,122,0,42,163989.66,149725,249,82,0,0
393827,1,105,2857,118,0,42,163989.66,149725,249,82,0,0
393827,1,105,2857,118,0,42,163989.66,149725,249,82,0,0
394077,1,105,2848,117,0,42,163989.66,149725,249,82,0,0
394197,1,105,2864,113,0,42,163990.81,149725,249,82,0,0
394309,1,105,2880,109,0,42,163990.81,149725,249,82,0,0
394352,1,106,2880,107,0,42,163990.81,149725,249,82,0,0
394552,1,106,2900,107,0,42,163991.89,149725,249,82,0,0
394663,1,106,2886,92,0,42,163991.89,149725,249,82,0,0
394777,1,106,2892,90,0,42,163991.89,149725,249,82,0,0
394827,1,106,2901,88,0,42,163992.91,149725,249,82,0,0
395022,1,106,2906,88,0,42,163992.91,149725,249,82,0,0
395132,1,106,2903,82,0,42,163992.91,149725,249,82,0,0
395257,1,106,2907,81,0,42,163992.91,149725,249,82,0,0
395374,1,106,2908,81,0,42,163993.91,149725,249,82,0,0
395483,1,106,2933,81,0,42,163993.91,149725,249,82,0,0
395609,1,107,2902,81,0,42,163993.91,149725,249,82,0,0
395727,1,107,2907,81,0,42,163993.91,149725,249,82,0,0
395827,1,107,2942,81,0,42,163993.91,149725,249,82,0,0
395977,1,107,2942,81,0,42,163994.98,149725,249,82,0,0
396077,1,107,2943,81,0,42,163994.98,149725,249,82,0,0
396210,1,107,2933,81,0,42,163994.98,149725,249,82,0,0
396327,1,107,2932,81,0,42,163994.98,149725,249,82,0,0
396381,1,107,2932,81,0,42,163994.98,149725,249,82,0,0
396567,1,107,2912,80,0,42,163996.06,149725,249,82,0,0
396677,1,107,2914,80,0,42,163996.06,149725,249,82,0,0
396809,1,107,2942,80,0,42,163996.06,149725,249,82,0,0
396852,1,107,2942,80,0,42,163996.06,149725,249,82,0,0
397027,1,107,2926,80,0,42,163996.06,149725,249,82,0,0
397159,1,107,2934,80,0,42,163997.14,149725,249,82,0,0
397259,1,108,2939,80,0,42,163997.14,149725,249,82,0,0
397328,1,108,2942,80,0,42,163997.14,149725,249,82,0,0
397482,1,108,2974,80,0,42,163997.14,149725,249,82,0,0
397609,1,108,2975,80,0,42,163997.14,149725,249,82,0,0
397727,1,108,2971,80,0,42,163998.23,149725,249,82,0,0
397852,1,108,2963,80,0,42,163998.23,149725,249,82,0,0
397852,1,108,2963,80,0,42,163998.23,149725,249,82,0,0
398077,1,108,2946,80,0,42,163998.23,149725,249,82,0,0
398209,1,108,2947,80,0,42,163998.23,149725,249,82,0,0
398327,1,108,2949,80,0,42,163999.33,149725,249,82,0,0
398327,1,108,2949,80,0,42,163999.33,149725,249,82,0,0
398577,1,109,2972,78,0,42,163999.33,149725,249,82,0,0
398709,1,109,2968,78,0,42,163999.33,149725,249,82,0,0
398827,1,109,2968,76,0,42,163999.33,149725,249,82,0,0
398827,1,109,2968,76,0,42,163999.33,149725,249,82,0,0
399067,1,109,2993,69,0,42,164000.41,149725,249,82,0,0
399177,1,109,2949,62,0,42,164000.41,149725,249,82,0,0
399277,1,109,2995,61,0,42,164000.41,149725,249,82,0,0
399327,1,109,2966,60,0,42,164000.41,149725,249,82,0,0
399527,1,109,3002,54,0,42,164000.41,149725,249,82,0,0
399632,1,109,3002,53,0,42,164000.41,149725,249,82,0,0
399759,1,109,2953,47,0,42,164001.47,149725,249,82,0,0
399827,1,109,3006,31,0,42,164001.47,149725,249,82,0,0
399977,1,109,2942,31,0,42,164001.47,149725,249,82,0,0
400109,1,109,2984,32,0,42,164001.47,149725,249,82,0,0
400227,1,109,3002,38,0,42,164001.47,149725,249,82,0,0
400359,1,109,2951,39,0,42,164001.47,149725,249,82,0,0
400359,1,109,2951,39,0,42,164001.47,149725,249,82,0,0
400609,1,109,2955,40,0,42,164001.47,149725,249,82,0,0
400727,1,109,2955,40,0,42,164001.47,149725,249,82,0,0
400827,1,108,2956,41,0,42,164002.50,149725,249,82,0,0
400852,1,109,2956,41,0,42,164002.50,149725,249,82,0,0
401077,1,108,2952,41,0,42,164002.50,149725,249,82,0,0
401209,1,108,2963,41,0,42,164002.50,149725,249,82,0,0
401327,1,108,2966,58,0,42,164002.50,149725,249,82,0,0
401327,1,108,2966,58,0,42,164002.50,149725,249,82,0,0
401559,1,108,2955,61,0,42,164002.50,149725,249,82,0,0
401677,1,109,2975,61,0,42,164002.50,149725,249,82,0,0
401777,1,108,2947,62,0,42,164003.53,149725,249,82,0,0
401857,1,109,2970,62,0,42,164003.53,149725,249,82,0,0
402027,1,109,2961,63,0,42,164003.53,149725,249,82,0,0
402152,1,109,2967,63,0,42,164003.53,149725,249,82,0,0
402277,1,109,2971,63,0,42,164003.53,149725,249,82,0,0
402327,1,109,2973,63,0,42,164003.53,149725,249,82,0,0
402527,1,109,2968,63,0,42,164003.53,149725,249,82,0,0
402651,1,109,2959,63,0,42,164004.55,149725,249,82,0,0
402759,1,109,2966,63,0,42,164004.55,149725,249,82,0,0
402856,1,109,2968,63,0,42,164004.55,149725,249,82,0,0
402977,1,109,2968,63,0,42,164004.55,149725,249,82,0,0
403109,1,109,2960,63,0,42,164004.55,149725,249,82,0,0
403227,1,109,2992,63,0,42,164004.55,149725,249,82,0,0
403352,1,109,3001,63,0,42,164005.62,149725,249,82,0,0
403361,1,109,2969,63,0,42,164005.62,149725,249,82,0,0
403609,1,109,3003,63,0,42,164005.62,149725,249,82,0,0
403726,1,109,2992,63,0,42,164005.62,149725,249,82,0,0
403826,1,109,2992,63,0,42,164005.62,149725,249,82,0,0
403976,1,109,3000,63,0,42,164005.62,149725,249,82,0,0
404076,1,109,2970,63,0,42,164006.62,149725,249,82,0,0
404209,1,109,2999,63,0,42,164006.62,149725,249,82,0,0
404326,1,109,2990,63,0,42,164006.62,149725,249,82,0,0
404477,1,109,2990,63,0,42,164006.62,149725,249,82,0,0
404576,1,109,3000,63,0,42,164006.62,149725,249,82,0,0
404709,1,109,2970,63,0,42,164007.62,149725,249,82,0,0
404827,1,109,2966,63,0,42,164007.62,149725,249,82,0,0
404883,1,109,2998,63,0,42,164007.62,149725,249,82,0,0
405066,1,109,2993,63,0,42,164007.62,149725,249,82,0,0
405176,1,109,3001,63,0,42,164007.62,149725,249,82,0,0
405276,1,109,3005,63,0,42,164007.62,149725,249,82,0,0
405326,1,109,2974,63,0,42,164007.62,149725,249,82,0,0
405526,1,109,2964,63,0,42,164008.64,149725,249,82,0,0
405632,1,109,2958,63,0,42,164008.64,149725,249,82,0,0
405759,1,109,2965,63,0,42,164008.64,149725,249,82,0,0
405851,1,109,3002,63,0,42,164008.64,149725,249,82,0,0
405989,1,109,2970,63,0,42,164008.64,149725,249,82,0,0
406109,1,109,2998,63,0,42,164008.64,149725,249,82,0,0
406226,1,109,2958,63,0,42,164009.64,149725,249,82,0,0
406326,1,109,2997,63,0,42,164009.64,149725,249,82,0,0
406478,1,109,2965,63,0,42,164009.64,149725,249,82,0,0
406576,1,109,2971,63,0,42,164009.64,149725,249,82,0,0
406709,1,109,2964,63,0,42,164009.64,149725,249,82,0,0
406827,1,108,2959,63,0,42,164009.64,149725,249,82,0,0
406859,1,108,2959,63,0,42,164009.64,149725,249,82,0,0
407066,1,108,2971,63,0,42,164010.72,149725,249,82,0,0
407176,1,108,2970,63,0,42,164010.72,149725,249,82,0,0
407276,1,108,2970,63,0,42,164010.72,149725,249,82,0,0
407326,1,108,2959,63,0,42,164010.72,149725,249,82,0,0
407526,1,108,2967,63,0,42,164010.72,149725,249,82,0,0
407632,1,108,2971,63,0,42,164010.72,149725,249,83,0,0
407759,1,108,2940,63,0,42,164011.73,149725,249,83,0,0
407826,1,108,2934,63,0,42,164011.73,149725,249,83,0,0
407976,1,108,2934,63,0,42,164011.73,149725,249,83,0,0
408109,1,108,2932,63,0,42,164011.73,149725,249,83,0,0
408226,1,108,2935,63,0,42,164011.73,149725,249,83,0,0
408326,1,107,2936,63,0,42,164011.73,149725,249,83,0,0
408478,1,107,2934,63,0,42,164012.73,149725,249,83,0,0
408576,1,107,2923,63,0,42,164012.73,149725,249,83,0,0
408709,1,107,2934,63,0,42,164012.73,149725,249,83,0,0
408826,1,107,2904,63,0,42,164012.73,149725,249,83,0,0
408826,1,107,2904,63,0,42,164012.73,149725,249,83,0,0
409076,1,106,2902,63,0,42,164012.73,149725,249,83,0,0
409210,1,106,2896,63,0,42,164013.81,149725,249,83,0,0
409326,1,106,2902,63,0,42,164013.81,149725,249,83,0,0
409359,1,106,2902,63,0,42,164013.81,149725,249,83,0,0
409559,1,106,2902,63,0,42,164013.81,149725,249,83,0,0
409679,1,106,2895,63,0,42,164013.81,149725,249,83,0,0
409776,1,106,2856,63,0,42,164013.81,149725,249,83,0,0
409826,1,106,2891,63,0,42,164013.81,149725,249,83,0,0
410026,1,106,2871,63,0,42,164014.88,149725,249,83,0,0
410132,1,105,2871,63,0,42,164014.88,149725,249,83,0,0
410260,1,105,2864,63,0,42,164014.88,149725,249,83,0,0
410326,1,105,2858,63,0,42,164014.88,149725,249,83,0,0
410476,1,105,2858,63,0,42,164014.88,149725,249,83,0,0
410610,1,105,2867,63,0,42,164014.88,149725,249,83,0,0
410726,1,105,2866,63,0,42,164015.95,149725,249,83,0,0
410851,1,104,2856,63,0,42,164015.95,149725,249,83,0,0
410986,1,104,2856,63,0,42,164015.95,149725,249,83,0,0
411076,1,104,2831,63,0,42,164015.95,149725,249,83,0,0
411210,1,104,2835,63,0,42,164015.95,149725,249,83,0,0
411326,1,104,2832,63,0,42,164015.95,149725,249,83,0,0
411362,1,104,2832,63,0,42,164015.95,149725,249,83,0,0
411576,1,104,2822,63,0,42,164017.02,149725,249,83,0,0
411696,1,104,2830,63,0,42,164017.02,149725,249,83,0,0
411808,1,103,2832,63,0,42,164017.02,149725,249,83,0,0
411858,1,103,2832,63,0,42,164017.02,149725,249,83,0,0
412037,1,103,2821,63,0,42,164017.02,149725,249,83,0,0
412158,1,103,2797,63,0,42,164017.02,149725,249,83,0,0
412276,1,103,2831,63,0,42,164018.08,149725,249,83,0,0
412351,1,103,2799,63,0,42,164018.08,149725,249,83,0,0
412509,1,103,2786,63,0,42,164018.08,149725,249,83,0,0
412632,1,103,2787,63,0,42,164018.08,149725,249,83,0,0
412758,1,103,2793,63,0,42,164018.08,149725,249,83,0,0
412826,1,103,2797,63,0,42,164018.08,149725,249,83,0,0
412959,1,103,2797,63,0,42,164018.08,149725,249,83,0,0
413108,1,102,2786,63,0,42,164019.12,149725,249,83,0,0
413226,1,102,2787,63,0,42,164019.12,149725,249,83,0,0
413326,1,102,2793,63,0,42,164019.12,149725,249,83,0,0
413476,1,102,2797,63,0,42,164019.12,149725,249,83,0,0
413576,1,102,2797,63,0,42,164019.12,149725,249,83,0,0
413712,1,102,2785,63,0,42,164019.12,149725,249,83,0,0
413826,1,102,2760,63,0,42,164020.16,149725,249,83,0,0
413878,1,102,2792,63,0,42,164020.16,149725,249,83,0,0
414076,1,102,2766,63,0,42,164020.16,149725,249,83,0,0
414211,1,101,2755,63,0,42,164020.16,149725,249,83,0,0
414326,1,101,2757,63,0,42,164020.16,149725,249,83,0,0
414358,1,101,2757,63,0,42,164020.16,149725,249,83,0,0
414566,1,101,2767,63,0,42,164021.20,149725,249,83,0,0
414676,1,101,2767,63,0,42,164021.20,149725,249,83,0,0
414776,1,101,2762,63,0,42,164021.20,149725,249,83,0,0
414871,1,101,2754,63,0,42,164021.20,149725,249,83,0,0
415035,1,101,2762,63,0,42,164021.20,149725,249,83,0,0
415151,1,101,2764,63,0,42,164021.20,149725,249,83,0,0
415259,1,101,2733,63,0,42,164022.25,149725,249,83,0,0
415388,1,101,2758,63,0,42,164022.25,149725,249,83,0,0
415508,1,101,2758,63,0,42,164022.25,149725,249,83,0,0
415609,1,101,2730,63,0,42,164022.25,149725,249,83,0,0
415726,1,101,2733,63,0,42,164022.25,149725,249,83,0,0
415858,1,101,2732,63,0,42,164022.25,149725,249,83,0,0
415887,1,101,2732,63,0,42,164022.25,149725,249,83,0,0
416110,1,100,2723,63,0,42,164023.30,149725,249,83,0,0
416226,1,100,2727,63,0,42,164023.30,149725,249,83,0,0
416326,1,100,2728,63,0,42,164023.30,149725,249,83,0,0
416326,1,100,2728,63,0,42,164023.30,149725,249,83,0,0
416576,1,100,2749,64,0,42,164023.30,149725,249,83,0,0
416709,1,100,2727,65,0,42,164023.30,149725,249,83,0,0
416826,1,100,2733,68,0,42,164024.33,149725,249,83,0,0
416858,1,100,2733,68,0,42,164024.33,149725,249,83,0,0
417066,1,100,2723,69,0,42,164024.33,149725,249,83,0,0
417176,1,100,2732,74,0,42,164024.33,149725,249,83,0,0
417276,1,100,2728,76,0,42,164024.33,149725,249,83,0,0
417379,1,100,2732,86,0,42,164024.33,149725,249,83,0,0
417526,1,100,2738,95,0,42,164024.33,149725,249,83,0,0
417658,1,100,2751,99,0,42,164025.41,149725,249,83,0,0
417776,1,100,2740,100,0,42,164025.41,149725,249,83,0,0
417851,1,100,2722,100,0,42,164025.41,149725,249,83,0,0
417982,1,100,2722,100,0,42,164025.41,149725,249,83,0,0
418132,1,101,2731,101,0,42,164026.45,149725,249,83,0,0
418259,1,101,2736,101,0,42,164026.45,149725,249,83,0,0
418359,1,101,2780,101,0,42,164026.45,149725,249,83,0,0
418494,1,101,2752,101,0,42,164026.45,149725,249,83,0,0
418610,1,101,2752,99,0,42,164027.56,149725,249,83,0,0
418726,1,101,2772,98,0,42,164027.56,149725,249,83,0,0
418858,1,101,2761,98,0,42,164027.56,149725,249,83,0,0
418858,1,101,2761,98,0,42,164027.56,149725,249,83,0,0
419108,1,101,2756,98,0,42,164028.66,149725,249,83,0,0
419226,1,102,2755,96,0,42,164028.66,149725,249,83,0,0
419351,1,102,2786,96,0,42,164028.66,149725,249,83,0,0
419359,1,102,2786,96,0,42,164029.72,149725,249,83,0,0
419576,1,102,2774,96,0,42,164029.72,149725,249,83,0,0
419699,1,102,2802,96,0,42,164029.72,149725,249,83,0,0
419818,1,102,2795,96,0,42,164030.75,149725,249,83,0,0
419879,1,102,2795,95,0,42,164030.75,149725,249,83,0,0
420060,1,102,2802,95,0,42,164030.75,149725,249,83,0,0
420176,1,102,2800,95,0,42,164030.75,149725,249,83,0,0
420276,1,102,2799,95,0,42,164031.78,149725,249,83,0,0
420379,1,103,2798,95,0,42,164031.78,149725,249,83,0,0
420526,1,103,2795,95,0,42,164031.78,149725,249,83,0,0
420651,1,103,2815,95,0,42,164031.78,149725,249,83,0,0
420759,1,103,2794,95,0,42,164032.80,149725,249,83,0,0
420879,1,103,2797,95,0,42,164032.80,149725,249,83,0,0
421011,1,103,2829,95,0,42,164032.80,149725,249,83,0,0
421132,1,103,2829,95,0,42,164032.80,149725,249,83,0,0
421226,1,103,2797,95,0,42,164033.83,149725,249,83,0,0
421359,1,103,2820,95,0,42,164033.83,149725,249,83,0,0
421492,1,103,2820,95,0,42,164033.83,149725,249,83,0,0
421632,1,103,2834,95,0,42,164033.83,149725,249,83,0,0
421726,1,103,2836,95,0,42,164034.84,149725,249,83,0,0
421861,1,104,2836,95,0,42,164034.84,149725,249,83,0,0
422005,1,104,2835,95,0,42,164034.84,149725,249,83,0,0
422109,1,104,2836,95,0,42,164035.89,149725,249,83,0,0
422226,1,104,2823,95,0,42,164035.89,149725,249,83,0,0
422326,1,104,2826,95,0,42,164035.89,149725,249,83,0,0
422492,1,104,2826,95,0,42,164035.89,149725,249,83,0,0
422611,1,104,2837,95,0,42,164036.92,149725,249,83,0,0
422726,1,104,2838,95,0,42,164036.92,149725,249,83,0,0
422826,1,104,2870,95,0,42,164036.92,149725,249,83,0,0
422858,1,104,2838,95,0,42,164036.92,149725,249,83,0,0
423076,1,105,2870,95,0,42,164037.97,149725,249,83,0,0
423196,1,105,2862,95,0,42,164037.97,149725,249,83,0,0
423316,1,105,2867,95,0,42,164037.97,149725,249,83,0,0
423358,1,105,2867,95,0,42,164037.97,149725,249,83,0,0
423551,1,105,2872,95,0,42,164039.00,149725,249,83,0,0
423661,1,105,2873,95,0,42,164039.00,149725,249,83,0,0
423776,1,105,2873,95,0,42,164039.00,149725,249,83,0,0
423860,1,105,2874,95,0,42,164039.00,149725,249,83,0,0
424011,1,105,2874,95,0,42,164040.05,149725,249,83,0,0
424132,1,105,2897,95,0,42,164040.05,149725,249,83,0,0
424259,1,105,2863,95,0,42,164040.05,149725,249,83,0,0
424351,1,105,2904,95,0,42,164040.05,149725,249,83,0,0
424490,1,105,2904,95,0,42,164041.09,149725,249,83,0,0
424611,1,106,2908,95,0,42,164041.09,149725,249,83,0,0
424726,1,106,2909,95,0,42,164041.09,149725,249,83,0,0
424851,1,106,2909,95,0,42,164041.09,149725,249,83,0,0
424861,1,106,2909,95,0,42,164042.16,149725,249,83,0,0
425111,1,106,2895,90,0,42,164042.16,149725,249,83,0,0
425226,1,106,2890,90,0,42,164042.16,149725,249,83,0,0
425326,1,106,2886,90,0,42,164043.19,149725,249,83,0,0
425379,1,106,2886,90,0,42,164043.19,149725,249,83,0,0
425576,1,106,2910,90,0,42,164043.19,149725,249,83,0,0
425696,1,106,2910,90,0,42,164043.19,149725,249,83,0,0
425818,1,106,2911,90,0,42,164043.19,149725,249,83,0,0
425897,1,106,2911,90,0,42,164044.31,149725,249,83,0,0
426054,1,106,2905,90,0,42,164044.31,149725,249,83,0,0
426159,1,106,2894,89,0,42,164044.31,149725,249,83,0,0
426276,1,106,2903,89,0,42,164044.31,149725,249,83,0,0
426351,1,106,2908,89,0,42,164044.31,149725,249,83,0,0
426489,1,106,2908,89,0,42,164045.42,149725,249,83,0,0
426631,1,106,2903,82,0,42,164045.42,149725,249,83,0,0
426759,1,106,2890,80,0,42,164045.42,149725,249,83,0,0
426859,1,106,2896,74,0,42,164045.42,149725,249,83,0,0
427002,1,106,2880,74,0,42,164046.48,149725,249,83,0,0
427109,1,106,2880,73,0,42,164046.48,149725,249,83,0,0
427226,1,106,2886,71,0,42,164046.48,149725,249,83,0,0
427351,1,106,2889,71,0,42,164046.48,149725,249,83,0,0
427489,1,106,2889,71,0,42,164046.48,149725,249,83,0,0
427611,1,106,2887,71,0,42,164047.55,149725,249,83,0,0
427726,1,106,2886,71,0,42,164047.55,149725,249,83,0,0
427851,1,106,2885,71,0,42,164047.55,149725,249,83,0,0
427861,1,106,2885,71,0,42,164047.55,149725,249,83,0,0
428109,1,106,2886,71,0,42,164047.55,149725,249,83,0,0
428226,1,106,2890,71,0,42,164048.59,149725,249,83,0,0
428326,1,106,2890,71,0,42,164048.59,149725,249,83,0,0
428379,1,106,2890,71,0,42,164048.59,149725,249,83,0,0
428576,1,106,2891,71,0,42,164048.59,149725,249,83,0,0
428696,1,106,2924,71,0,42,164048.59,149725,249,83,0,0
428818,1,106,2881,71,0,42,164048.59,149725,249,83,0,0
428861,1,106,2881,71,0,42,164049.66,149725,249,83,0,0
429052,1,106,2889,71,0,42,164049.66,149725,249,83,0,0
429161,1,106,2892,71,0,42,164049.66,149725,249,83,0,0
429276,1,106,2892,71,0,42,164049.66,149725,249,83,0,0
429379,1,106,2924,71,0,42,164049.66,149725,249,83,0,0
429526,1,106,2892,71,0,42,164049.66,149725,249,83,0,0
429651,1,106,2910,71,0,42,164050.72,149725,249,83,0,0
429761,1,106,2882,71,0,42,164050.72,149725,249,83,0,0
429862,1,106,2920,71,0,42,164050.72,149725,249,83,0,0
430011,1,106,2890,71,0,42,164050.72,149725,249,83,0,0
430131,1,106,2922,71,0,42,164050.72,149725,249,83,0,0
430226,1,106,2891,71,0,42,164051.77,149725,249,83,0,0
430351,1,106,2880,71,0,42,164051.77,149725,249,83,0,0
430393,1,106,2880,71,0,42,164051.77,149725,249,83,0,0
430610,1,106,2888,71,0,42,164051.77,149725,249,83,0,0
430726,1,106,2889,71,0,42,164051.77,149725,249,83,0,0
430826,1,106,2921,71,0,42,164052.81,149725,249,83,0,0
430865,1,106,2889,71,0,42,164052.81,149725,249,83,0,0
431076,1,107,2913,71,0,42,164052.81,149725,249,83,0,0
431196,1,106,2940,71,0,42,164052.81,149725,249,83,0,0
431311,1,106,2888,71,0,42,164052.81,149725,249,83,0,0
431362,1,106,2888,71,0,42,164052.81,149725,249,83,0,0
431526,1,106,2921,71,0,42,164053.86,149725,249,83,0,0
431661,1,106,2890,71,0,42,164053.86,149725,249,83,0,0
431776,1,107,2920,71,0,42,164053.86,149725,249,83,0,0
431879,1,107,2942,71,0,42,164053.86,149725,249,83,0,0
431879,1,107,2942,71,0,42,164053.86,149725,249,83,0,0
432131,1,107,2921,71,0,42,164053.86,149725,249,83,0,0
432251,1,106,2921,71,0,42,164054.91,149725,249,83,0,0
432362,1,106,2890,71,0,42,164054.91,149725,249,83,0,0
432378,1,106,2890,71,0,42,164054.91,149725,249,83,0,0
432611,1,107,2909,71,0,42,164054.91,149725,249,83,0,0
432726,1,107,2917,71,0,42,164054.91,149725,249,83,0,0
432851,1,107,2920,71,0,42,164055.95,149725,249,83,0,0
432878,1,107,2888,71,0,42,164055.95,149725,249,83,0,0
433076,1,107,2921,71,0,42,164055.95,149725,249,83,0,0
433197,1,107,2920,71,0,42,164055.95,149725,249,83,0,0
433326,1,107,2908,71,0,42,164055.95,149725,249,83,0,0
433379,1,107,2908,71,0,42,164055.95,149725,249,83,0,0
433561,1,106,2888,71,0,42,164057.00,149725,249,83,0,0
433676,1,107,2888,71,0,42,164057.00,149725,249,83,0,0
433776,1,106,2921,71,0,42,164057.00,149725,249,83,0,0
433851,1,107,2888,71,0,42,164057.00,149725,249,83,0,0
434010,1,107,2908,71,0,42,164057.00,149725,249,83,0,0
434151,1,107,2916,71,0,42,164057.00,149725,249,83,0,0
434263,1,106,2887,71,0,42,164058.05,149725,249,83,0,0
434384,1,107,2889,71,0,42,164058.05,149725,249,83,0,0
434384,1,107,2889,71,0,42,164058.05,149725,249,83,0,0
434631,1,107,2887,71,0,42,164058.05,149725,249,83,0,0
434751,1,107,2942,71,0,42,164058.05,149725,249,83,0,0
434862,1,107,2910,71,0,42,164059.09,149725,249,83,0,0
434879,1,107,2910,71,0,42,164059.09,149725,249,83,0,0
435110,1,106,2889,71,0,42,164059.09,149725,249,83,0,0
435226,1,107,2889,71,0,42,164059.09,149725,249,83,0,0
435350,1,107,2890,71,0,42,164059.09,149725,249,83,0,0
435378,1,107,2922,71,0,42,164059.09,149725,249,83,0,0
435576,1,107,2908,71,0,42,164060.14,149725,249,83,0,0
435710,1,107,2920,71,0,42,164060.14,149725,249,83,0,0
435826,1,107,2889,71,0,42,164060.14,149725,249,83,0,0
435878,1,107,2921,71,0,42,164060.14,149725,249,83,0,0
436026,1,107,2921,71,0,42,164060.14,149725,249,83,0,0
436176,1,107,2913,71,0,42,164061.19,149725,249,83,0,0
436276,1,107,2908,71,0,42,164061.19,149725,249,83,0,0
436378,1,107,2914,71,0,42,164061.19,149725,249,83,0,0
436510,1,107,2933,71,0,42,164061.19,149725,249,83,0,0
436660,1,107,2933,71,0,42,164061.19,149725,249,83,0,0
436776,1,107,2934,71,0,42,164062.25,149725,249,83,0,0
436878,1,107,2934,71,0,42,164062.25,149725,249,83,0,0
437025,1,107,2934,71,0,42,164062.25,149725,249,83,0,0
437131,1,107,2933,71,0,42,164062.25,149725,249,83,0,0
437260,1,107,2933,71,0,42,164062.25,149725,249,83,0,0
437360,1,107,2933,71,0,42,164062.25,149725,249,83,0,0
437387,1,107,2933,71,0,42,164062.25,149725,249,83,0,0
437631,1,107,2933,71,0,42,164063.34,149725,249,83,0,0
437751,1,107,2933,71,0,42,164063.34,149725,249,83,0,0
437860,1,107,2933,71,0,42,164063.34,149725,249,83,0,0
437995,1,107,2933,71,0,42,164063.34,149725,249,83,0,0
438131,1,107,2930,71,0,42,164064.44,149725,249,83,0,0
438250,1,107,2931,71,0,42,164064.44,149725,249,83,0,0
438361,1,107,2933,71,0,42,164064.44,149725,249,83,0,0
438507,1,107,2934,71,0,42,164064.44,149725,249,83,0,0
438610,1,107,2932,71,0,42,164064.44,149725,249,83,0,0
438725,1,107,2930,71,0,42,164065.53,149725,249,83,0,0
438860,1,107,2928,71,0,42,164065.53,149725,249,83,0,0
438880,1,107,2928,71,0,42,164065.53,149725,249,83,0,0
439075,1,107,2928,71,0,42,164065.53,149725,249,83,0,0
439211,1,107,2928,71,0,42,164065.53,149725,249,83,0,0
439325,1,107,2929,71,0,42,164065.53,149725,249,83,0,0
439424,1,107,2928,71,0,42,164066.61,149725,249,83,0,0
439532,1,107,2928,71,0,42,164066.61,149725,249,83,0,0
439675,1,107,2927,71,0,42,164066.61,149725,249,83,0,0
439775,1,107,2926,71,0,42,164066.61,149725,249,83,0,0
439878,1,107,2926,71,0,42,164066.61,149725,249,83,0,0
440025,1,107,2926,71,0,42,164066.61,149725,249,83,0,0
440160,1,107,2925,71,0,42,164067.69,149725,249,83,0,0
440275,1,107,2925,71,0,42,164067.69,149725,249,83,0,0
440378,1,107,2938,71,0,42,164067.69,149725,249,83,0,0
440532,1,107,2918,71,0,42,164067.69,149725,249,83,0,0
440660,1,107,2920,71,0,42,164067.69,149725,249,83,0,0
440775,1,107,2923,71,0,42,164068.69,149725,249,83,0,0
440878,1,107,2924,71,0,42,164068.69,149725,249,83,0,0
440925,1,107,2924,71,0,42,164068.69,149725,249,83,0,0
441150,1,107,2924,71,0,42,164068.69,149725,249,83,0,0
441275,1,107,2925,71,0,42,164068.69,149725,249,83,0,0
441378,1,107,2925,71,0,42,164068.69,149725,249,83,0,0
441378,1,107,2925,71,0,42,164068.69,149725,249,83,0,0
441631,1,107,2924,71,0,42,164069.75,149725,249,83,0,0
441725,1,107,2923,71,0,42,164069.75,149725,249,83,0,0
441860,1,107,2924,71,0,42,164069.75,149725,249,83,0,0
441878,1,107,2924,71,0,42,164069.75,149725,249,83,0,0
442095,1,107,2924,71,0,42,164069.75,149725,249,83,0,0
442225,1,107,2924,71,0,42,164069.75,149725,249,83,0,0
442325,1,107,2892,71,0,42,164070.81,149725,249,83,0,0
442429,1,107,2924,71,0,42,164070.81,149725,249,83,0,0
442566,1,107,2924,71,0,42,164070.81,149725,249,83,0,0
442695,1,107,2925,71,0,42,164070.81,149725,249,83,0,0
442818,1,107,2928,71,0,42,164070.81,149725,249,83,0,0
442878,1,107,2928,71,0,42,164070.81,149725,249,83,0,0
443050,1,107,2942,71,0,42,164070.81,149725,249,83,0,0
443175,1,107,2942,71,0,42,164071.89,149725,249,83,0,0
443275,1,107,2942,71,0,42,164071.89,149725,249,83,0,0
443378,1,107,2916,71,0,42,164071.89,149725,249,83,0,0
443530,1,107,2917,71,0,42,164071.89,149725,249,83,0,0
443660,1,107,2916,71,0,42,164071.89,149725,249,83,0,0
443775,1,107,2917,71,0,42,164072.92,149725,249,83,0,0
443878,1,107,2916,71,0,42,164072.92,149725,249,83,0,0
444017,1,107,2916,71,0,42,164072.92,149725,249,83,0,0
444131,1,107,2917,71,0,42,164072.92,149725,249,83,0,0
444260,1,107,2917,71,0,42,164072.92,149725,249,83,0,0
444378,1,107,2912,71,0,42,164073.97,149725,249,83,0,0
444420,1,107,2936,71,0,42,164073.97,149725,249,83,0,0
444610,1,107,2943,71,0,42,164073.97,149725,249,83,0,0
444725,1,107,2913,71,0,42,164073.97,149725,249,83,0,0
444825,1,107,2914,71,0,42,164073.97,149725,249,83,0,0
444878,1,107,2914,71,0,42,164073.97,149725,249,83,0,0
445075,1,107,2914,70,0,42,164073.97,149725,249,83,0,0
445195,1,107,2914,70,0,42,164075.00,149725,249,83,0,0
445311,1,107,2912,70,0,42,164075.00,149725,249,83,0,0
445378,1,107,2912,70,0,42,164075.00,149725,249,83,0,0
445529,1,107,2940,70,0,42,164075.00,149725,249,83,0,0
445675,1,107,2937,70,0,42,164075.00,149725,249,83,0,0
445878,1,107,2924,70,0,42,164076.02,149725,249,83,0,0
446050,1,107,2933,70,0,42,164076.02,149725,249,83,0,0
446175,1,107,2941,70,0,42,164076.02,149725,249,83,0,0
446275,1,107,2941,69,0,42,164076.02,149725,249,83,0,0
446378,1,107,2940,67,0,42,164076.02,149725,249,83,0,0
446528,1,107,2939,67,0,42,164076.02,149725,249,83,0,0
446660,1,107,2921,67,0,42,164077.03,149725,249,83,0,0
446775,1,107,2919,67,0,42,164077.03,149725,249,83,0,0
446878,1,107,2919,67,0,42,164077.03,149725,249,83,0,0
446878,1,107,2919,67,0,42,164077.03,149725,249,83,0,0
447150,1,107,2943,67,0,42,164077.03,149725,249,83,0,0
447263,1,107,2942,67,0,42,164077.03,149725,249,83,0,0
447378,1,107,2919,67,0,42,164078.08,149725,249,83,0,0
447378,1,107,2919,67,0,42,164078.08,149725,249,83,0,0
447631,1,107,2920,67,0,42,164078.08,149725,249,83,0,0
447878,1,107,2919,67,0,42,164078.08,149725,249,83,0,0
447878,1,107,2919,67,0,42,164078.08,149725,249,83,0,0
448113,1,107,2929,66,0,42,164078.08,149725,249,83,0,0
448225,1,107,2924,61,0,42,164079.14,149725,249,83,0,0
448350,1,107,2943,60,0,42,164079.14,149725,249,83,0,0
448378,1,107,2943,60,0,42,164079.14,149725,249,83,0,0
448575,1,107,2915,60,0,42,164079.14,149725,249,83,0,0
448713,1,107,2942,60,0,42,164079.14,149725,249,83,0,0
448825,1,107,2915,60,0,42,164079.14,149725,249,83,0,0
448878,1,107,2883,60,0,42,164079.14,149725,249,83,0,0
449050,1,107,2918,60,0,42,164079.14,149725,249,83,0,0
449175,1,107,2918,60,0,42,164080.19,149725,249,83,0,0
449275,1,107,2918,59,0,42,164080.19,149725,249,83,0,0
449378,1,107,2917,59,0,42,164080.19,149725,249,83,0,0
449663,1,106,2880,60,0,42,164080.19,149725,249,83,0,0
449775,1,107,2880,64,0,42,164080.19,149725,249,83,0,0
449878,1,107,2918,68,0,42,164080.19,149725,249,83,0,0
449878,1,107,2918,68,0,42,164080.19,149725,249,83,0,0
450150,1,107,2922,70,0,42,164081.27,149725,249,83,0,0
450263,1,107,2891,70,0,42,164081.27,149725,249,83,0,0
450378,1,107,2891,71,0,42,164081.27,149725,249,83,0,0
450413,1,107,2924,71,0,42,164081.27,149725,249,83,0,0
450613,1,107,2893,71,0,42,164081.27,149725,249,83,0,0
450730,1,107,2893,71,0,42,164082.33,149725,249,83,0,0
450850,1,106,2925,71,0,42,164082.33,149725,249,83,0,0
450878,1,106,2893,71,0,42,164082.33,149725,249,83,0,0
451050,1,107,2925,71,0,42,164082.33,149725,249,83,0,0
451195,1,107,2925,72,0,42,164082.33,149725,249,83,0,0
451320,1,107,2886,73,0,42,164083.39,149725,249,83,0,0
451378,1,107,2918,74,0,42,164083.39,149725,249,83,0,0
451525,1,107,2893,74,0,42,164083.39,149725,249,83,0,0
451675,1,107,2930,76,0,42,164083.39,149725,249,83,0,0
451775,1,107,2899,76,0,42,164083.39,149725,249,83,0,0
451913,1,107,2936,76,0,42,164083.39,149725,249,83,0,0
452050,1,107,2936,76,0,42,164084.47,149725,249,83,0,0
452163,1,107,2943,76,0,42,164084.47,149725,249,83,0,0
452275,1,107,2943,76,0,42,164084.47,149725,249,83,0,0
452378,1,107,2942,76,0,42,164084.47,149725,249,83,0,0
452525,1,107,2942,76,0,42,164084.47,149725,249,83,0,0
452650,1,107,2936,76,0,42,164085.48,149725,249,83,0,0
452763,1,107,2927,76,0,42,164085.48,149725,249,83,0,0
452878,1,107,2937,76,0,42,164085.48,149725,249,83,0,0
453025,1,107,2929,76,0,42,164085.48,149725,249,83,0,0
453131,1,107,2927,76,0,42,164085.48,149725,249,83,0,0
453263,1,107,2939,76,0,42,164086.56,149725,249,83,0,0
453378,1,107,2912,76,0,42,164086.56,149725,249,83,0,0
453378,1,107,2912,76,0,42,164086.56,149725,249,83,0,0
453613,1,107,2941,76,0,42,164086.56,149725,249,83,0,0
453725,1,107,2912,76,0,42,164086.56,149725,249,83,0,0
453863,1,107,2937,76,0,42,164087.56,149725,249,83,0,0
453921,1,107,2942,76,0,42,164087.56,149725,249,83,0,0
454087,1,107,2927,76,0,42,164087.56,149725,249,83,0,0
454213,1,107,2926,76,0,42,164087.56,149725,249,83,0,0
454325,1,107,2925,76,0,42,164087.56,149725,249,83,0,0
454378,1,107,2925,76,0,42,164087.56,149725,249,83,0,0
454563,1,107,2924,76,0,42,164088.61,149725,249,83,0,0
454675,1,107,2924,76,0,42,164088.61,149725,249,83,0,0
454775,1,107,2924,76,0,42,164088.61,149725,249,83,0,0
454926,1,107,2924,76,0,42,164088.61,149725,249,83,0,0
455036,1,107,2924,76,0,42,164088.61,149725,249,83,0,0
455163,1,107,2924,78,0,42,164089.66,149725,249,83,0,0
455275,1,107,2925,84,0,42,164089.66,149725,249,83,0,0
455378,1,107,2928,84,0,42,164089.66,149725,249,83,0,0
455426,1,107,2932,84,0,42,164089.66,149725,249,83,0,0
455631,1,107,2915,84,0,42,164089.66,149727,283,83,0,0
455753,1,107,2941,84,0,42,164090.75,149727,283,83,0,0
455863,1,107,2930,84,0,42,164090.75,149727,283,83,0,0
455925,1,107,2921,84,0,42,164090.75,149727,283,83,0,0
456075,1,107,2917,84,0,42,164090.75,149727,283,83,0,0
456225,1,107,2916,84,0,42,164091.83,149727,283,83,0,0
456325,1,108,2916,84,0,42,164091.83,149727,283,83,0,0
456378,1,107,2916,84,0,42,164091.83,149727,283,83,0,0
456563,1,107,2916,84,0,42,164091.83,149727,283,83,0,0
456695,1,107,2916,84,0,42,164091.83,149727,283,83,0,0
456813,1,107,2916,84,0,42,164092.89,149727,283,83,0,0
456878,1,108,2916,84,0,42,164092.89,149727,283,83,0,0
457050,1,108,2913,84,0,42,164092.89,149727,283,83,0,0
457175,1,108,2941,87,0,42,164092.89,149727,283,83,0,0
457275,1,108,2940,88,0,42,164092.89,149727,283,83,0,0
457378,1,108,2942,90,0,42,164093.94,149727,283,83,0,0
457547,1,108,2919,90,0,42,164093.94,149727,283,83,0,0
457663,1,108,2974,91,0,42,164093.94,149727,283,83,0,0
457775,1,108,2944,91,0,42,164093.94,149727,283,83,0,0
457878,1,108,2945,91,0,42,164095.05,149727,283,83,0,0
457925,1,108,2949,91,0,42,164095.05,149727,283,83,0,0
458131,1,108,2954,91,0,42,164095.05,149727,283,83,0,0
458250,1,108,2950,91,0,42,164095.05,149727,283,83,0,0
458363,1,108,2950,91,0,42,164096.06,149727,283,83,0,0
458378,1,108,2950,91,0,42,164096.06,149727,283,83,0,0
458589,1,108,2944,91,0,42,164096.06,149727,283,83,0,0
458695,1,108,2954,91,0,42,164096.06,149727,283,83,0,0
458825,1,108,2975,91,0,42,164097.08,149727,283,83,0,0
458913,1,108,2954,91,0,42,164097.08,149727,283,83,0,0
459075,1,108,2957,91,0,42,164097.08,149727,283,83,0,0
459195,1,109,2950,91,0,42,164097.08,149727,283,83,0,0
459313,1,109,2954,91,0,42,164098.08,149727,283,83,0,0
459378,1,109,2954,91,0,42,164098.08,149727,283,83,0,0
459550,1,109,2957,91,0,42,164098.08,149727,283,83,0,0
459677,1,109,2946,91,0,42,164098.08,149727,283,83,0,0
459775,1,109,2982,91,0,42,164099.09,149727,283,83,0,0
459878,1,109,2989,91,0,42,164099.09,149727,283,83,0,0
460033,1,109,2960,91,0,42,164099.09,149727,283,83,0,0
460163,1,109,2986,91,0,42,164099.09,149727,283,83,0,0
460275,1,109,2978,93,0,42,164100.11,149727,283,83,0,0
460378,1,109,2988,99,0,42,164100.11,149727,283,83,0,0
460440,1,109,2995,100,0,42,164100.11,149727,283,83,0,0
460650,1,109,2976,100,0,42,164100.11,149727,283,83,0,0
460775,1,110,2985,100,0,42,164101.19,149727,283,83,0,0
460878,1,110,2994,98,0,42,164101.19,149727,283,83,0,0
460926,1,110,3002,94,0,42,164101.19,149727,283,83,0,0
461113,1,110,2994,94,0,42,164102.20,149727,283,83,0,0
461225,1,110,2984,87,0,42,164102.20,149727,283,83,0,0
461350,1,110,2986,87,0,42,164102.20,149727,283,83,0,0
461413,1,110,2993,87,0,42,164102.20,149727,283,83,0,0
461588,1,110,2982,87,0,42,164102.20,149727,283,83,0,0
461695,1,110,2987,88,0,42,164103.23,149727,283,83,0,0
461825,1,110,3006,88,0,42,164103.23,149727,283,83,0,0
461878,1,110,3006,88,0,42,164103.23,149727,283,83,0,0
462063,1,110,2977,88,0,42,164103.23,149727,283,83,0,0
462175,1,110,2978,86,0,42,164104.36,149727,283,83,0,0
462275,1,110,2977,86,0,42,164104.36,149727,283,83,0,0
462378,1,110,2989,86,0,42,164104.36,149727,283,83,0,0
462544,1,110,3014,86,0,42,164104.36,149727,283,83,0,0
462663,1,110,2992,86,0,42,164104.36,149727,283,83,0,0
462775,1,110,2994,86,0,42,164105.45,149727,283,83,0,0
462878,1,110,2994,86,0,42,164105.45,149727,283,83,0,0
462926,1,110,3026,86,0,42,164105.45,149727,283,83,0,0
463130,1,110,3022,86,0,42,164105.45,149727,283,83,0,0
463225,1,110,3013,86,0,42,164106.55,149727,283,83,0,0
463363,1,110,3021,85,0,42,164106.55,149727,283,83,0,0
463378,1,110,3021,85,0,42,164106.55,149727,283,83,0,0
463586,1,110,3028,85,0,42,164106.55,149727,283,83,0,0
463713,1,110,3036,82,0,42,164106.55,149727,283,83,0,0
463825,1,110,3029,82,0,42,164107.62,149727,283,83,0,0
463913,1,110,3024,82,0,42,164107.62,149727,283,83,0,0
464068,1,110,3015,82,0,42,164107.62,149727,283,83,0,0
464195,1,110,3018,82,0,42,164107.62,149727,283,83,0,0
464320,1,110,3031,82,0,42,164108.64,149727,283,83,0,0
464413,1,110,2999,82,0,42,164108.64,149727,283,83,0,0
464550,1,110,2999,82,0,42,164108.64,149727,283,83,0,0
464675,1,110,3032,82,0,42,164108.64,149727,283,83,0,0
464775,1,110,3032,82,0,42,164108.64,149727,283,83,0,0
464913,1,110,3024,82,0,42,164109.67,149727,283,83,0,0
465055,1,110,3024,82,0,42,164109.67,149727,283,83,0,0
465175,1,110,3034,82,0,42,164109.67,149727,283,83,0,0
465275,1,110,3035,82,0,42,164109.67,149727,283,83,0,0
465378,1,110,3034,82,0,42,164110.70,149727,283,83,0,0
465431,1,110,3003,82,0,42,164110.70,149727,283,83,0,0
465630,1,110,2990,82,0,42,164110.70,149727,283,83,0,0
465763,1,110,3029,82,0,42,164110.70,149727,283,83,0,0
465878,1,110,3034,82,0,42,164110.70,149727,283,83,0,0
465913,1,110,3033,82,0,42,164110.70,149727,283,83,0,0
466113,1,110,3033,82,0,42,164111.73,149727,283,83,0,0
466225,1,110,3032,82,0,42,164111.73,149727,283,83,0,0
466350,1,110,3023,82,0,42,164111.73,149727,283,83,0,0
466433,1,110,3023,82,0,42,164111.73,149727,283,83,0,0
466584,1,110,3031,82,0,42,164111.73,149727,283,83,0,0
466695,1,110,3034,82,0,42,164112.77,149727,283,83,0,0
466820,1,110,3035,82,0,42,164112.77,149727,283,83,0,0
466924,1,110,3031,82,0,42,164112.77,149727,283,83,0,0
467028,1,110,3031,82,0,42,164112.77,149727,283,83,0,0
467175,1,110,3021,82,0,42,164113.80,149727,283,83,0,0
467275,1,110,3029,82,0,42,164113.80,149727,283,83,0,0
467378,1,110,3001,82,0,42,164113.80,149727,283,83,0,0
467425,1,110,3032,82,0,42,164113.80,149727,283,83,0,0
467650,1,110,3032,82,0,42,164113.80,149727,283,83,0,0
467763,1,110,3024,82,0,42,164114.83,149727,283,83,0,0
467878,1,110,3021,82,0,42,164114.83,149727,283,83,0,0
467926,1,110,3029,82,0,42,164114.83,149727,283,83,0,0
468079,1,110,3029,82,0,42,164114.83,149727,283,83,0,0
468225,1,110,3031,82,0,42,164114.83,149727,283,83,0,0
468350,1,111,3032,82,0,42,164115.86,149727,283,83,0,0
468415,1,111,3031,82,0,42,164115.86,149727,283,83,0,0
468575,1,111,3031,82,0,42,164115.86,149727,283,83,0,0
468713,1,110,3030,82,0,42,164115.86,149727,283,83,0,0
468825,1,111,3031,82,0,42,164115.86,149727,283,83,0,0
468926,1,111,3032,82,0,42,164116.89,149727,283,83,0,0
469078,1,111,3032,82,0,42,164116.89,149727,283,83,0,0
469195,1,111,3032,82,0,42,164116.89,149727,283,83,0,0
469313,1,111,3020,82,0,42,164116.89,149727,283,83,0,0
469426,1,111,3023,82,0,42,164116.89,149727,283,83,0,0
469449,1,111,3023,82,0,42,164116.89,149727,283,83,0,0
469675,1,111,3032,82,0,42,164117.92,149728,283,83,0,0
469775,1,111,3032,82,0,42,164117.92,149728,283,83,0,0
469915,1,111,3033,82,0,42,164117.92,149728,283,83,0,0
469926,1,111,3033,82,0,42,164117.92,149728,283,83,0,0
470163,1,111,3021,82,0,42,164118.95,149728,283,83,0,0
470275,1,111,3025,82,0,42,164118.95,149728,283,83,0,0
470377,1,111,3031,82,0,42,164118.95,149728,283,83,0,0
470414,1,111,3032,82,0,42,164118.95,149728,283,83,0,0
470630,1,111,3035,82,0,42,164118.95,149728,283,83,0,0
470750,1,111,3035,82,0,42,164119.98,149728,283,83,0,0
470863,1,111,3024,82,0,42,164119.98,149728,283,83,0,0
470942,1,111,3025,82,0,42,164119.98,149728,283,83,0,0
471063,1,111,3032,82,0,42,164119.98,149728,283,83,0,0
471212,1,111,3036,82,0,42,164121.02,149728,283,83,0,0
471324,1,111,3036,82,0,42,164121.02,149728,283,83,0,0
471426,1,111,3036,82,0,42,164121.02,149728,283,83,0,0
471574,1,111,3036,82,0,42,164121.02,149728,283,83,0,0
471695,1,111,3029,82,0,42,164121.02,149728,283,83,0,0
471813,1,111,3028,82,0,42,164122.05,149728,283,83,0,0
471926,1,111,3063,82,0,42,164122.05,149728,283,83,0,0
471926,1,111,3063,82,0,42,164122.05,149728,283,83,0,0
472174,1,111,3032,82,0,42,164122.05,149728,283,83,0,0
472274,1,111,3064,82,0,42,164122.05,149728,283,83,0,0
472377,1,111,3063,82,0,42,164123.08,149728,283,83,0,0
472431,1,111,3053,82,0,42,164123.08,149728,283,83,0,0
472630,1,111,3063,82,0,42,164123.08,149728,283,83,0,0
472762,1,112,3064,82,0,42,164123.08,149728,283,83,0,0
472877,1,112,3064,82,0,42,164123.08,149728,283,83,0,0
472945,1,112,3064,82,0,42,164123.08,149728,283,83,0,0
473076,1,112,3064,82,0,42,164124.11,149728,283,83,0,0
473224,1,112,3053,79,0,42,164124.11,149728,283,83,0,0
473349,1,112,3059,79,0,42,164124.11,149728,283,83,0,0
473426,1,112,3053,79,0,42,164124.11,149728,283,83,0,0
473588,1,112,3053,79,0,42,164124.11,149728,283,83,0,0
473712,1,112,3042,79,0,42,164125.12,149728,283,83,0,0
473824,1,112,3066,79,0,42,164125.12,149728,283,83,0,0
473926,1,112,3069,79,0,42,164125.12,149728,283,83,0,0
474063,1,112,3046,79,0,42,164125.12,149728,283,83,0,0
474194,1,112,3051,78,0,42,164125.12,149728,283,83,0,0
474274,1,112,3052,77,0,42,164126.22,149728,283,83,0,0
474425,1,112,3047,72,0,42,164126.22,149728,283,83,0,0
474568,1,112,3047,72,0,42,164126.22,149728,283,83,0,0
474674,1,112,3067,71,0,42,164126.22,149728,283,83,0,0
474774,1,112,3054,71,0,42,164126.22,149728,283,83,0,0
474925,1,112,3058,71,0,42,164127.27,149728,283,83,0,0
474925,1,112,3058,71,0,42,164127.27,149728,283,83,0,0
475164,1,112,3061,71,0,42,164127.27,149728,283,83,0,0
475274,1,112,3054,71,0,42,164127.27,149728,283,83,0,0
475377,1,112,3050,71,0,42,164127.27,149728,283,83,0,0
475476,1,111,3059,71,0,42,164128.34,149728,283,83,0,0
475630,1,111,3063,71,0,42,164128.34,149728,283,83,0,0
475724,1,112,3062,72,0,42,164128.34,149728,283,83,0,0
475862,1,111,3030,72,0,42,164128.34,149728,283,83,0,0
475946,1,111,3056,72,0,42,164128.34,149728,283,83,0,0
476074,1,111,3056,72,0,42,164128.34,149728,283,83,0,0
476224,1,111,3037,72,0,42,164129.44,149728,283,83,0,0
476324,1,111,3038,72,0,42,164129.44,149728,283,83,0,0
476444,1,111,3038,72,0,42,164129.44,149728,283,83,0,0
476574,1,111,3069,72,0,42,164129.44,149728,283,83,0,0
476694,1,111,3058,72,0,42,164129.44,149728,283,83,0,0
476812,1,111,3033,72,0,42,164130.53,149728,283,83,0,0
476924,1,111,3036,72,0,42,164130.53,149728,283,83,0,0
476924,1,111,3036,72,0,42,164130.53,149728,283,83,0,0
477174,1,111,3035,72,0,42,164130.53,149728,283,83,0,0
477274,1,111,3030,72,0,42,164130.53,149728,283,83,0,0
477413,1,111,3061,72,0,42,164130.53,149728,283,83,0,0
477454,1,111,3061,72,0,42,164130.53,149728,283,83,0,0
477649,1,111,3034,72,0,42,164131.62,149728,283,83,0,0
477765,1,111,3068,72,0,42,164131.62,149728,283,83,0,0
477877,1,111,3035,72,0,42,164131.62,149728,283,83,0,0
477949,1,111,3025,72,0,42,164131.62,149728,283,83,0,0
478074,1,111,3057,72,0,42,164131.62,149728,283,83,0,0
478224,1,111,3033,72,0,42,164132.72,149728,283,83,0,0
478349,1,111,3034,72,0,42,164132.72,149728,283,83,0,0
478454,1,111,3034,72,0,42,164132.72,149728,283,83,0,0
478478,1,111,3066,72,0,42,164132.72,149728,283,83,0,0
478712,1,111,3021,72,0,42,164132.72,149728,283,83,0,0
478824,1,111,3029,71,0,42,164132.72,149728,283,83,0,0
478924,1,111,3030,71,0,42,164133.81,149728,283,83,0,0
479074,1,111,3030,71,0,42,164133.81,149728,283,83,0,0
479194,1,111,3028,71,0,42,164133.81,149728,283,83,0,0
479313,1,111,3013,71,0,42,164133.81,149728,283,83,0,0
479426,1,111,3016,71,0,42,164133.81,149728,283,83,0,0
479449,1,111,3016,71,0,42,164133.81,149728,283,83,0,0
479662,1,111,3024,71,0,42,164134.88,149728,292,83,0,0
479774,1,111,3024,71,0,42,164134.88,149728,292,83,0,0
479877,1,111,3025,71,0,42,164134.88,149728,292,83,0,0
479962,1,111,3014,71,0,42,164134.88,149728,292,83,0,0
480112,1,111,3021,71,0,42,164134.88,149728,292,83,0,0
480249,1,111,3024,71,0,42,164134.88,149728,292,83,0,0
480362,1,111,3025,71,0,42,164135.94,149728,292,83,0,0
480425,1,111,3024,71,0,42,164135.94,149728,292,83,0,0
480584,1,111,3024,71,0,42,164135.94,149728,292,83,0,0
480724,1,111,3021,71,0,42,164135.94,149728,292,83,0,0
480824,1,111,3025,71,0,42,164135.94,149728,292,83,0,0
480960,1,111,3026,71,0,42,164135.94,149728,292,83,0,0
481074,1,111,3026,71,0,42,164137.00,149728,292,83,0,0
481194,1,111,3026,71,0,42,164137.00,149728,292,83,0,0
481320,1,111,3016,71,0,42,164137.00,149728,292,83,0,0
481426,1,111,3023,71,0,42,164137.00,149728,292,83,0,0
481476,1,111,3023,71,0,42,164137.00,149728,292,83,0,0
481694,1,111,3026,71,0,42,164137.00,149728,292,83,0,0
481774,1,111,3026,71,0,42,164138.06,149728,292,83,0,0
481924,1,111,3013,71,0,42,164138.06,149728,292,83,0,0
481948,1,111,3013,71,0,42,164138.06,149728,292,83,0,0
482162,1,111,3022,71,0,42,164138.06,149728,292,83,0,0
482274,1,111,3026,71,0,42,164138.06,149728,292,83,0,0
482377,1,111,3026,71,0,42,164139.14,149728,292,83,0,0
482462,1,111,3026,71,0,42,164139.14,149728,292,83,0,0
482612,1,111,3014,71,0,42,164139.14,149728,292,83,0,0
482749,1,111,3017,71,0,42,164139.14,149728,292,83,0,0
482862,1,111,3024,71,0,42,164139.14,149728,292,83,0,0
482949,1,111,3026,71,0,42,164139.14,149728,292,83,0,0
483095,1,111,3026,71,0,42,164139.14,149728,292,83,0,0
483224,1,111,3016,71,0,42,164140.20,149728,292,83,0,0
483349,1,111,3014,71,0,42,164140.20,149728,292,83,0,0
483454,1,111,3022,71,0,42,164140.20,149728,292,83,0,0
483582,1,111,3022,71,0,42,164140.20,149728,292,83,0,0
483694,1,111,3026,71,0,42,164140.20,149728,292,83,0,0
483824,1,111,3022,71,0,42,164141.27,149728,292,83,0,0
483924,1,111,3014,71,0,42,164141.27,149728,292,83,0,0
483962,1,111,3014,71,0,42,164141.27,149728,292,83,0,0
484174,1,111,3022,71,0,42,164141.27,149728,292,83,0,0
484274,1,111,3025,71,0,42,164141.27,149728,292,83,0,0
484377,1,111,3026,71,0,42,164141.27,149728,292,83,0,0
484426,1,111,3026,71,0,42,164142.33,149728,292,83,0,0
484630,1,111,3013,71,0,42,164142.33,149728,292,83,0,0
484762,1,111,3021,71,0,42,164142.33,149728,292,83,0,0
484877,1,111,3025,71,0,42,164142.33,149728,292,83,0,0
484949,1,111,3024,71,0,42,164142.33,149728,292,83,0,0
485094,1,111,3024,71,0,42,164142.33,149728,292,83,0,0
485224,1,110,3013,71,0,42,164143.39,149728,292,83,0,0
485349,1,110,3013,71,0,42,164143.39,149728,292,83,0,0
485453,1,110,3021,71,0,42,164143.39,149728,292,83,0,0
485580,1,110,3021,71,0,42,164143.39,149728,292,83,0,0
485712,1,110,3025,71,0,42,164143.39,149728,292,83,0,0
485824,1,110,3024,71,0,42,164143.39,149728,292,83,0,0
485924,1,110,3013,71,0,42,164144.45,149728,292,83,0,0
486074,1,110,3012,71,0,42,164144.45,149728,292,83,0,0
486194,1,110,3021,71,0,42,164144.45,149728,292,83,0,0
486319,1,110,3024,71,0,42,164144.45,149728,292,83,0,0
486426,1,110,3024,71,0,42,164144.45,149728,292,83,0,0
486472,1,110,3024,71,0,42,164145.52,149728,292,83,0,0
486694,1,110,3013,71,0,42,164145.52,149728,292,83,0,0
486774,1,110,2981,71,0,42,164145.52,149728,292,83,0,0
486924,1,110,3023,71,0,42,164145.52,149728,292,83,0,0
486948,1,110,3023,71,0,42,164145.52,149728,292,83,0,0
487162,1,110,2991,71,0,42,164145.52,149728,292,83,0,0
487274,1,110,2986,71,0,42,164146.58,149728,292,83,0,0
487426,1,110,3016,71,0,42,164146.58,149728,292,83,0,0
487448,1,110,3016,71,0,42,164146.58,149728,292,83,0,0
487662,1,110,2992,71,0,42,164146.58,149728,292,83,0,0
487774,1,110,2992,71,0,42,164146.58,149728,292,83,0,0
487877,1,110,2992,70,0,42,164147.64,149728,292,83,0,0
487949,1,110,3022,70,0,42,164147.64,149728,292,83,0,0
488092,1,110,2990,70,0,42,164147.64,149728,292,83,0,0
488249,1,110,2984,70,0,42,164147.64,149728,292,83,0,0
488362,1,110,2985,70,0,42,164147.64,149728,292,83,0,0
488444,1,110,2982,70,0,42,164147.64,149728,292,83,0,0
488579,1,110,2982,70,0,42,164147.64,149728,292,83,0,0
488724,1,110,3004,70,0,42,164148.69,149728,292,83,0,0
488824,1,110,3004,70,0,42,164148.69,149728,292,83,0,0
488962,1,110,2980,70,0,42,164148.69,149728,292,83,0,0
489091,1,110,2980,70,0,42,164148.69,149728,292,83,0,0
489212,1,110,2985,70,0,42,164148.69,149728,292,83,0,0
489324,1,110,2985,70,0,42,164149.73,149728,292,83,0,0
489426,1,110,3006,70,0,42,164149.73,149728,292,83,0,0
489461,1,110,3006,70,0,42,164149.73,149728,292,83,0,0
489674,1,110,2982,70,0,42,164149.73,149728,292,83,0,0
489774,1,109,2985,70,0,42,164149.73,149728,292,83,0,0
489924,1,110,2986,70,0,42,164149.73,149728,292,83,0,0
489945,1,110,2986,70,0,42,164149.73,149728,292,83,0,0
490149,1,110,3006,70,0,42,164150.78,149728,292,83,0,0
490274,1,109,2976,70,0,42,164150.78,149728,292,83,0,0
490377,1,109,2981,70,0,42,164150.78,149728,292,83,0,0
490476,1,109,2982,70,0,42,164150.78,149728,292,83,0,0
490612,1,109,2982,70,0,42,164150.78,149728,292,83,0,0
490749,1,109,2976,70,0,42,164151.83,149728,292,83,0,0
490862,1,109,3002,70,0,42,164151.83,149728,292,83,0,0
490962,1,109,3006,70,0,42,164151.83,149728,292,83,0,0
491090,1,109,3006,70,0,42,164151.83,149728,292,83,0,0
491224,1,109,2986,70,0,42,164151.83,149728,292,83,0,0
491324,1,109,2986,70,0,42,164152.88,149728,292,83,0,0
491449,1,109,2984,70,0,42,164152.88,149728,292,83,0,0
491484,1,109,2984,70,0,42,164152.88,149728,292,83,0,0
491694,1,109,3002,70,0,42,164152.88,149728,292,83,0,0
491812,1,109,2950,70,0,42,164152.88,149728,292,83,0,0
491924,1,109,2950,70,0,42,164152.88,149728,292,83,0,0
491962,1,109,2982,70,0,42,164153.92,149728,292,83,0,0
492162,1,109,2981,70,0,42,164153.92,149728,292,83,0,0
492274,1,109,2972,70,0,42,164153.92,149728,292,83,0,0
492377,1,109,3005,70,0,42,164153.92,149728,292,83,0,0
492464,1,109,2949,70,0,42,164153.92,149728,292,83,0,0
492614,1,109,2950,70,0,42,164153.92,149728,292,83,0,0
492749,1,109,2950,70,0,42,164154.95,149728,292,83,0,0
492862,1,109,2946,70,0,42,164154.95,149728,292,83,0,0
492974,1,109,2970,70,0,42,164154.95,149728,292,83,0,0
492974,1,109,2970,70,0,42,164154.95,149728,292,83,0,0
493224,1,109,2948,70,0,42,164154.95,149728,292,83,0,0
493324,1,109,2948,70,0,42,164155.98,149728,292,83,0,0
493464,1,108,2948,70,0,42,164155.98,149728,292,83,0,0
493464,1,108,2948,70,0,42,164155.98,149728,292,83,0,0
493712,1,108,2973,70,0,42,164155.98,149728,292,83,0,0
493824,1,108,2946,70,0,42,164155.98,149728,292,83,0,0
493949,1,108,2948,70,0,42,164155.98,149728,292,83,0,0
493949,1,108,2948,70,0,42,164155.98,149728,292,83,0,0
494174,1,108,2948,70,0,42,164157.02,149728,292,83,0,0
494274,1,108,2971,70,0,42,164157.02,149728,292,83,0,0
494412,1,108,2946,70,0,42,164157.02,149728,292,83,0,0
494475,1,108,2946,70,0,42,164157.02,149728,292,83,0,0
494629,1,108,2949,70,0,42,164157.02,149728,292,83,0,0
494774,1,108,2949,70,0,42,164158.05,149728,292,83,0,0
494877,1,108,2948,70,0,42,164158.05,149728,292,83,0,0
494974,1,108,2970,70,0,42,164158.05,149728,292,83,0,0
495129,1,108,2936,70,0,42,164158.05,149728,292,83,0,0
495249,1,108,2916,70,0,42,164158.05,149728,292,83,0,0
495362,1,108,2916,70,0,42,164158.05,149728,292,83,0,0
495464,1,108,2916,70,0,42,164159.08,149728,292,83,0,0
495600,1,108,2916,70,0,42,164159.08,149728,292,83,0,0
495724,1,108,2944,70,0,42,164159.08,149728,292,83,0,0
495849,1,108,2946,70,0,42,164159.08,149728,292,83,0,0
495949,1,108,2914,70,0,42,164159.08,149728,292,83,0,0
496087,1,108,2916,70,0,42,164159.08,149728,292,83,0,0
496212,1,107,2936,70,0,42,164160.11,149728,292,83,0,0
496324,1,107,2937,70,0,42,164160.11,149728,292,83,0,0
496449,1,107,2912,70,0,42,164160.11,149728,292,83,0,0
496457,1,107,2912,70,0,42,164160.11,149728,292,83,0,0
496694,1,107,2916,70,0,42,164160.11,149728,292,83,0,0
496820,1,107,2914,70,0,42,164161.14,149728,292,83,0,0
496924,1,107,2936,70,0,42,164161.14,149728,292,83,0,0
496974,1,107,2936,70,0,42,164161.14,149728,292,83,0,0
497163,1,107,2943,70,0,42,164161.14,149728,292,83,0,0
497274,1,107,2914,70,0,42,164161.14,149728,292,83,0,0
497377,1,107,2914,70,0,42,164161.14,149728,292,83,0,0
497452,1,107,2913,70,0,42,164162.17,149728,292,83,0,0
497642,1,107,2936,70,0,42,164162.17,149728,292,83,0,0
497749,1,107,2899,70,0,42,164162.17,149728,292,83,0,0
497877,1,107,2940,70,0,42,164162.17,149728,292,83,0,0
497974,1,107,2943,70,0,42,164162.17,149728,292,83,0,0
498112,1,107,2881,70,0,42,164163.19,149728,292,83,0,0
498224,1,107,2881,70,0,42,164163.19,149728,292,83,0,0
498349,1,107,2905,70,0,42,164163.19,149728,292,83,0,0
498453,1,106,2901,70,0,42,164163.19,149728,292,83,0,0
498598,1,106,2901,70,0,42,164163.19,149728,292,83,0,0
498712,1,106,2880,70,0,42,164163.19,149728,292,83,0,0
498824,1,106,2881,69,0,42,164164.22,149728,292,83,0,0
498949,1,106,2908,69,0,42,164164.22,149728,292,83,0,0
498963,1,106,2908,69,0,42,164164.22,149728,292,83,0,0
499174,1,106,2897,69,0,42,164164.22,149728,292,83,0,0
499274,1,106,2901,69,0,42,164164.22,149728,292,83,0,0
499414,1,106,2903,69,0,42,164165.23,149728,292,83,0,0
499452,1,106,2903,69,0,42,164165.23,149729,292,83,0,0
499649,1,106,2895,69,0,42,164165.23,149729,292,83,0,0
499762,1,106,2867,69,0,42,164165.23,149729,292,83,0,0
499877,1,106,2872,69,0,42,164165.23,149729,292,83,0,0
499974,1,105,2908,69,0,42,164165.23,149729,292,83,0,0
500112,1,105,2874,69,0,42,164166.23,149729,292,83,0,0
500249,1,105,2869,70,0,42,164166.23,149729,292,83,0,0
500362,1,105,2863,70,0,42,164166.23,149729,292,83,0,0
500475,1,105,2867,70,0,42,164166.23,149729,292,83,0,0
500597,1,105,2874,70,0,42,164166.23,149729,292,83,0,0
500724,1,105,2848,70,0,42,164167.23,149729,292,83,0,0
500849,1,105,2848,70,0,42,164167.23,149729,292,83,0,0
500974,1,105,2879,70,0,42,164167.23,149729,292,83,0,0
501112,1,105,2864,70,0,42,164167.23,149729,292,83,0,0
501224,1,105,2872,70,0,42,164167.23,149729,292,83,0,0
501349,1,104,2876,70,0,42,164168.25,149729,292,83,0,0
501469,1,104,2844,70,0,42,164168.25,149729,292,83,0,0
501596,1,104,2844,70,0,42,164168.25,149729,292,83,0,0
501714,1,104,2831,70,0,42,164168.25,149729,292,83,0,0
501824,1,104,2836,70,0,42,164168.25,149729,292,83,0,0
501948,1,104,2842,70,0,42,164169.27,149729,292,83,0,0
501974,1,104,2842,70,0,42,164169.27,149729,292,83,0,0
502174,1,104,2844,70,0,42,164169.27,149729,292,83,0,0
502274,1,104,2844,70,0,42,164169.27,149729,292,83,0,0
502414,1,104,2832,70,0,42,164169.27,149729,292,83,0,0
502468,1,103,2832,70,0,42,164169.27,149729,292,83,0,0
502649,1,103,2840,70,0,42,164170.28,149729,292,83,0,0
502775,1,103,2841,70,0,42,164170.28,149729,292,83,0,0
502877,1,103,2840,70,0,42,164170.28,149729,292,83,0,0
502949,1,103,2833,70,0,42,164170.28,149729,292,83,0,0
503083,1,103,2801,70,0,42,164170.28,149729,292,83,0,0
503248,1,103,2808,70,0,42,164170.28,149729,292,83,0,0
503363,1,103,2809,70,0,42,164171.28,149729,292,83,0,0
503452,1,103,2809,70,0,42,164171.28,149729,292,83,0,0
503595,1,103,2809,70,0,42,164171.28,149729,292,83,0,0
503724,1,103,2800,70,0,42,164171.28,149729,292,83,0,0
503824,1,103,2807,70,0,42,164171.28,149729,292,83,0,0
503948,1,102,2810,72,0,42,164172.28,149729,292,83,0,0
503948,1,102,2810,72,0,42,164172.28,149729,292,83,0,0
504194,1,102,2810,76,0,42,164172.28,149729,292,83,0,0
504324,1,102,2757,76,0,42,164172.28,149729,292,83,0,0
504444,1,102,2802,76,0,42,164172.28,149729,292,83,0,0
504465,1,102,2770,76,0,42,164172.28,149729,292,83,0,0
504674,1,102,2775,76,0,42,164173.33,149729,292,83,0,0
504774,1,102,2775,77,0,42,164173.33,149729,292,83,0,0
504912,1,102,2764,77,0,42,164173.33,149729,292,83,0,0
504948,1,102,2764,77,0,42,164173.33,149729,292,83,0,0
505114,1,102,2771,77,0,42,164173.33,149729,292,83,0,0
505263,1,102,2776,77,0,42,164173.33,149729,292,83,0,0
505377,1,101,2778,77,0,42,164174.42,149729,292,83,0,0
505453,1,101,2778,77,0,42,164174.42,149729,292,83,0,0
505594,1,101,2778,77,0,42,164174.42,149729,292,83,0,0
505724,1,101,2769,77,0,42,164174.42,149729,292,83,0,0
505848,1,101,2777,77,0,42,164174.42,149729,292,83,0,0
505974,1,101,2779,77,0,42,164175.52,149729,292,83,0,0
506106,1,101,2780,77,0,42,164175.52,149729,292,83,0,0
506224,1,101,2781,77,0,42,164175.52,149729,292,83,0,0
506323,1,101,2773,77,0,42,164175.52,149729,292,83,0,0
506448,1,101,2767,77,0,42,164175.52,149729,292,83,0,0
506481,1,101,2767,77,0,42,164175.52,149729,292,83,0,0
506694,1,101,2775,77,0,42,164175.52,149729,292,83,0,0
506814,1,101,2778,77,0,42,164176.61,149729,292,83,0,0
506923,1,101,2746,77,0,42,164176.61,149729,292,83,0,0
506963,1,101,2746,77,0,42,164176.61,149729,292,83,0,0
507163,1,100,2733,77,0,42,164176.61,149729,292,83,0,0
507273,1,101,2738,77,0,42,164176.61,149729,292,83,0,0
507376,1,100,2743,77,0,42,164177.70,149729,292,83,0,0
507475,1,100,2745,77,0,42,164177.70,149729,292,83,0,0
507629,1,100,2745,77,0,42,164177.70,149729,292,83,0,0
507748,1,100,2731,77,0,42,164177.70,149729,292,83,0,0
507876,1,100,2727,77,0,42,164177.70,149729,292,83,0,0
507963,1,100,2736,77,0,42,164177.70,149729,292,83,0,0
508079,1,100,2736,77,0,42,164177.70,149729,292,83,0,0
508223,1,100,2742,77,0,42,164178.78,149729,292,83,0,0
508348,1,100,2739,77,0,42,164178.78,149729,292,83,0,0
508465,1,100,2730,77,0,42,164178.78,149729,292,83,0,0
508592,1,100,2730,77,0,42,164178.78,149729,292,83,0,0
508723,1,100,2742,77,0,42,164178.78,149729,292,83,0,0
508823,1,100,2742,77,0,42,164179.86,149729,292,83,0,0
508948,1,100,2742,77,0,42,164179.86,149729,292,83,0,0
508974,1,100,2742,77,0,42,164179.86,149729,292,83,0,0
509214,1,100,2731,77,0,42,164179.86,149729,292,83,0,0
509323,1,100,2739,77,0,42,164179.86,149729,292,83,0,0
509448,1,100,2709,77,0,42,164180.94,149729,292,83,0,0
509475,1,100,2709,77,0,42,164180.94,149729,301,83,0,0
509673,1,100,2710,80,0,42,164180.94,149729,301,83,0,0
509773,1,100,2734,81,0,42,164180.94,149729,301,83,0,0
509914,1,100,2750,82,0,42,164180.94,149729,301,83,0,0
509973,1,100,2718,86,0,42,164180.94,149729,301,83,0,0
510114,1,100,2732,86,0,42,164182.03,149729,301,83,0,0
510263,1,100,2720,105,0,42,164182.03,149729,301,83,0,0
510376,1,100,2751,109,0,42,164182.03,149729,301,83,0,0
510454,1,100,2744,109,0,42,164182.03,149729,301,83,0,0
510590,1,100,2744,109,0,42,164183.05,149729,301,83,0,0
510748,1,100,2725,110,0,42,164183.05,149729,301,83,0,0
510863,1,100,2732,110,0,42,164183.05,149729,301,83,0,0
510973,1,100,2737,110,0,42,164184.09,149729,301,83,0,0
511114,1,100,2743,110,0,42,164184.09,149729,301,83,0,0
511223,1,100,2744,101,0,42,164184.09,149729,301,83,0,0
511348,1,101,2732,98,0,42,164185.17,149729,301,83,0,0
511475,1,101,2781,94,0,42,164185.17,149729,301,83,0,0
511475,1,101,2781,94,0,42,164185.17,149729,301,83,0,0
511714,1,101,2773,90,0,42,164185.17,149729,301,83,0,0
511823,1,101,2757,90,0,42,164186.28,149729,301,83,0,0
511948,1,101,2747,89,0,42,164186.28,149729,301,83,0,0
511973,1,101,2779,89,0,42,164186.28,149729,301,83,0,0
512179,1,101,2776,88,0,42,164186.28,149729,301,83,0,0
512273,1,101,2762,88,0,42,164186.28,149729,301,83,0,0
512414,1,101,2759,88,0,42,164187.33,149729,301,83,0,0
512452,1,101,2759,88,0,42,164187.33,149729,301,83,0,0
512648,1,101,2765,88,0,42,164187.33,149729,301,83,0,0
512773,1,101,2765,88,0,42,164187.33,149729,301,83,0,0
512876,1,101,2760,88,0,42,164187.33,149729,301,83,0,0
512948,1,101,2756,88,0,42,164188.33,149729,301,83,0,0
513114,1,101,2771,88,0,42,164188.33,149729,301,83,0,0
513248,1,101,2772,88,0,42,164188.33,149729,301,83,0,0
513363,1,101,2773,88,0,42,164188.33,149729,301,83,0,0
513467,1,101,2774,88,0,42,164189.36,149729,301,83,0,0
513467,1,101,2774,88,0,42,164189.36,149729,301,83,0,0
513723,1,101,2768,88,0,42,164189.36,149729,301,83,0,0
513823,1,102,2775,88,0,42,164189.36,149729,301,83,0,0
513948,1,102,2778,88,0,42,164189.36,149729,301,83,0,0
513966,1,102,2778,88,0,42,164189.36,149729,301,83,0,0
514193,1,102,2810,88,0,42,164190.39,149729,301,83,0,0
514323,1,102,2800,88,0,42,164190.39,149729,301,83,0,0
514443,1,102,2771,88,0,42,164190.39,149729,301,83,0,0
514475,1,102,2803,88,0,42,164190.39,149729,301,83,0,0
514673,1,102,2812,89,0,42,164191.42,149729,301,83,0,0
514773,1,102,2813,90,0,42,164191.42,149729,301,83,0,0
514876,1,102,2814,92,0,42,164191.42,149729,301,83,0,0
514963,1,102,2784,93,0,42,164191.42,149729,301,83,0,0
515148,1,102,2807,95,0,42,164191.42,149729,301,83,0,0
515248,1,103,2798,95,0,42,164192.50,149729,301,83,0,0
515376,1,103,2806,96,0,42,164192.50,149729,301,83,0,0
515486,1,103,2809,101,0,42,164192.50,149729,301,83,0,0
515616,1,103,2792,101,0,42,164192.50,149729,301,83,0,0
515748,1,103,2840,106,0,42,164193.55,149729,301,83,0,0
515863,1,103,2821,107,0,42,164193.55,149729,301,83,0,0
515966,1,103,2838,107,0,42,164193.55,149729,301,83,0,0
516100,1,103,2838,107,0,42,164193.55,149729,301,83,0,0
516223,1,104,2832,108,0,42,164194.55,149729,301,83,0,0
516348,1,104,2835,109,0,42,164194.55,149729,301,83,0,0
516466,1,104,2871,109,0,42,164195.61,149729,301,83,0,0
516473,1,104,2871,109,0,42,164195.61,149729,301,83,0,0
516693,1,104,2879,109,0,42,164195.61,149729,301,83,0,0
516820,1,105,2875,109,0,42,164195.61,149729,301,83,0,0
516924,1,105,2850,109,0,42,164196.70,149729,301,83,0,0
517019,1,105,2859,109,0,42,164196.70,149729,301,83,0,0
517173,1,105,2863,110,0,42,164196.70,149729,301,83,0,0
517273,1,105,2898,110,0,42,164197.81,149729,301,83,0,0
517376,1,105,2867,110,0,42,164197.81,149729,301,83,0,0
517473,1,106,2901,110,0,42,164197.81,149729,301,83,0,0
517616,1,106,2905,110,0,42,164197.81,149729,301,83,0,0
517763,1,106,2903,110,0,42,164198.94,149729,301,83,0,0
517876,1,106,2895,110,0,42,164198.94,149729,301,83,0,0
517965,1,106,2899,110,0,42,164198.94,149729,301,83,0,0
518114,1,106,2910,110,0,42,164198.94,149729,301,83,0,0
518223,1,107,2912,110,0,42,164200.06,149729,301,83,0,0
518348,1,107,2912,110,0,42,164200.06,149729,301,83,0,0
518473,1,107,2913,109,0,42,164200.06,149729,301,83,0,0
518615,1,107,2915,109,0,42,164201.22,149729,301,83,0,0
518723,1,107,2968,99,0,42,164201.22,149729,301,83,0,0
518848,1,108,2954,98,0,42,164201.22,149729,301,83,0,0
518970,1,108,2913,98,0,42,164202.34,149729,301,83,0,0
518983,1,108,2913,98,0,42,164202.34,149729,301,83,0,0
519193,1,108,2952,93,0,42,164202.34,149729,301,83,0,0
519323,1,108,2955,91,0,42,164202.34,149729,301,83,0,0
519443,1,108,2960,90,0,42,164203.36,149729,301,83,0,0
519473,1,108,2960,90,0,42,164203.36,149729,301,83,0,0
519648,1,109,2967,90,0,42,164203.36,149729,301,83,0,0
519773,1,109,2970,80,0,42,164203.36,149729,301,83,0,0
519876,1,109,3003,80,0,42,164203.36,149729,301,83,0,0
519973,1,109,2995,80,0,42,164204.41,149729,301,83,0,0
520129,1,109,2963,81,0,42,164204.41,149729,301,83,0,0
520273,1,109,2946,81,0,42,164204.41,149729,301,83,0,0
520376,1,109,2986,81,0,42,164204.41,149729,301,83,0,0
520473,1,109,2989,81,0,42,164204.41,149729,301,83,0,0
520636,1,109,2989,81,0,42,164204.41,149729,301,83,0,0
520748,1,109,3006,82,0,42,164205.52,149729,301,83,0,0
520876,1,110,2983,82,0,42,164205.52,149729,301,83,0,0
520973,1,109,2989,82,0,42,164205.52,149729,301,83,0,0
521129,1,109,2993,82,0,42,164205.52,149729,301,83,0,0
521248,1,110,2997,82,0,42,164206.53,149729,301,83,0,0
521365,1,110,2998,82,0,42,164206.53,149729,301,83,0,0
521473,1,110,2993,82,0,42,164206.53,149729,301,83,0,0
521473,1,110,2993,82,0,42,164206.53,149729,301,83,0,0
521723,1,110,2995,81,0,42,164206.53,149729,301,83,0,0
521823,1,110,3025,81,0,42,164207.56,149729,301,83,0,0
521948,1,110,3024,81,0,42,164207.56,149729,301,83,0,0
521984,1,110,3024,81,0,42,164207.56,149729,301,83,0,0
522193,1,110,3024,81,0,42,164207.56,149729,301,83,0,0
522317,1,110,3017,81,0,42,164208.58,149729,301,83,0,0
522424,1,110,3013,81,0,42,164208.58,149729,301,83,0,0
522475,1,110,3013,81,0,42,164208.58,149729,301,83,0,0
522648,1,111,3021,81,0,42,164208.58,149729,301,83,0,0
522773,1,111,3027,81,0,42,164208.58,149729,301,83,0,0
522876,1,111,3027,81,0,42,164209.59,149729,301,83,0,0
522973,1,111,3028,81,0,42,164209.59,149729,301,83,0,0
523129,1,111,3028,81,0,42,164209.59,149729,301,83,0,0
523265,1,111,3021,81,0,42,164209.59,149729,301,83,0,0
523376,1,111,3048,81,0,42,164209.59,149729,301,83,0,0
523475,1,111,3053,82,0,42,164210.61,149729,301,83,0,0
523634,1,111,3059,82,0,42,164210.61,149729,301,83,0,0
523748,1,111,3069,82,0,42,164210.61,149729,301,83,0,0
523865,1,111,3008,82,0,42,164210.61,149729,301,83,0,0
523973,1,112,3009,82,0,42,164211.66,149729,301,83,0,0
524129,1,112,3042,82,0,42,164211.66,149729,301,83,0,0
524248,1,112,3061,82,0,42,164211.66,149729,301,83,0,0
524365,1,112,3063,82,0,42,164211.66,149729,301,83,0,0
524473,1,112,3069,82,0,42,164212.70,149729,301,83,0,0
524615,1,112,3042,82,0,42,164212.70,149729,301,83,0,0
524748,1,112,3041,82,0,42,164212.70,149729,301,83,0,0
524865,1,112,3042,82,0,42,164212.70,149729,301,83,0,0
524965,1,112,3043,82,0,42,164213.77,149729,301,83,0,0
525005,1,112,3043,82,0,42,164213.77,149729,301,83,0,0
525215,1,112,3092,82,0,42,164213.77,149729,301,83,0,0
525323,1,112,3069,82,0,42,164213.77,149729,301,83,0,0
525452,1,112,3042,82,0,42,164213.77,149729,301,83,0,0
525477,1,112,3074,82,0,42,164213.77,149729,301,83,0,0
525684,1,113,3074,82,0,42,164214.81,149729,301,83,0,0
525773,1,113,3074,82,0,42,164214.81,149729,301,83,0,0
525924,1,113,3074,82,0,42,164214.81,149729,301,83,0,0
525974,1,113,3074,82,0,42,164214.81,149729,301,83,0,0
526130,1,113,3101,82,0,42,164214.81,149729,301,83,0,0
526273,1,113,3100,82,0,42,164215.88,149729,301,83,0,0
526377,1,113,3073,82,0,42,164215.88,149729,301,83,0,0
526475,1,113,3075,82,0,42,164215.88,149729,301,83,0,0
526632,1,113,3076,82,0,42,164215.88,149729,301,83,0,0
526766,1,113,3076,82,0,42,164216.94,149729,301,83,0,0
526877,1,113,3076,82,0,42,164216.94,149729,301,83,0,0
526974,1,113,3076,82,0,42,164216.94,149729,301,83,0,0
527130,1,113,3096,82,0,42,164216.94,149729,301,83,0,0
527248,1,113,3072,81,0,42,164216.94,149729,301,83,0,0
527365,1,113,3076,75,0,42,164218.00,149729,301,83,0,0
527475,1,113,3073,71,0,42,164218.00,149729,301,83,0,0
527519,1,113,3102,71,0,42,164218.00,149729,301,83,0,0
527723,1,113,3098,61,0,42,164218.00,149729,301,83,0,0
527848,1,113,3097,61,0,42,164219.03,149729,301,83,0,0
527965,1,113,3075,61,0,42,164219.03,149729,301,83,0,0
527990,1,113,3075,61,0,42,164219.03,149729,301,83,0,0
528195,1,113,3100,61,0,42,164219.03,149729,301,83,0,0
528323,1,113,3075,61,0,42,164219.03,149729,301,83,0,0
528424,1,113,3102,61,0,42,164219.03,149729,301,83,0,0
528473,1,113,3102,61,0,42,164219.03,149729,301,83,0,0
528631,1,113,3091,61,0,42,164220.03,149729,301,83,0,0
528773,1,113,3092,61,0,42,164220.03,149729,301,83,0,0
528876,1,113,3096,61,0,42,164220.03,149729,301,83,0,0
528973,1,113,3097,61,0,42,164220.03,149729,301,83,0,0
529143,1,113,3099,61,0,42,164220.03,149729,301,83,0,0
529265,1,113,3055,61,0,42,164220.03,149729,301,83,0,0
529376,1,112,3056,61,0,42,164221.11,149729,301,83,0,0
529473,1,112,3064,61,0,42,164221.11,149729,301,83,0,0
529473,1,112,3064,61,0,42,164221.11,149729,301,83,0,0
529748,1,112,3065,65,0,42,164221.11,149729,301,83,0,0
529866,1,112,3062,68,0,42,164221.11,149729,301,83,0,0
529973,1,112,3051,69,0,42,164221.11,149729,301,83,0,0
530015,1,112,3062,69,0,42,164221.11,149729,301,83,0,0
530215,1,112,3049,71,0,42,164222.14,149729,301,83,0,0
530323,1,112,3058,72,0,42,164222.14,149729,301,83,0,0
530528,1,112,3059,73,0,42,164222.14,149729,301,83,0,0
530706,1,112,3056,73,0,42,164222.14,149729,301,83,0,0
530823,1,112,3071,73,0,42,164222.14,149729,301,83,0,0
530943,1,112,3043,73,0,42,164223.23,149729,301,83,0,0
530973,1,112,3043,73,0,42,164223.23,149729,301,83,0,0
531148,1,112,3043,73,0,42,164223.23,149729,301,83,0,0
531273,1,112,3041,73,0,42,164223.23,149729,301,83,0,0
531376,1,112,3063,73,0,42,164223.23,149729,301,83,0,0
531474,1,112,3056,73,0,42,164224.23,149729,301,83,0,0
531654,1,112,3063,73,0,42,164224.23,149729,301,83,0,0
531765,1,111,3070,73,0,42,164224.23,149729,301,83,0,0
531876,1,111,3070,73,0,42,164224.23,149729,301,83,0,0
531974,1,111,3071,73,0,42,164224.23,149729,301,83,0,0
532141,1,111,3039,73,0,42,164224.23,149729,301,83,0,0
532248,1,111,3026,72,0,42,164225.25,149729,301,83,0,0
532365,1,111,3034,72,0,42,164225.25,149729,301,83,0,0
532474,1,111,3035,72,0,42,164225.25,149729,301,83,0,0
532474,1,111,3035,72,0,42,164225.25,149729,301,83,0,0
532723,1,111,3029,67,0,42,164225.25,149729,301,83,0,0
532823,1,111,3027,65,0,42,164226.34,149729,301,83,0,0
532948,1,111,3009,65,0,42,164226.34,149729,301,83,0,0
532976,1,111,3009,65,0,42,164226.34,149729,301,83,0,0
533193,1,111,3036,64,0,42,164226.34,149729,301,83,0,0
533273,1,111,3009,64,0,42,164226.34,149729,301,83,0,0
533423,1,111,3013,64,0,42,164226.34,149729,301,83,0,0
533515,1,110,3012,64,0,42,164227.41,149730,301,83,0,0
533665,1,110,3037,64,0,42,164227.41,149730,301,83,0,0
533773,1,110,3031,64,0,42,164227.41,149730,301,83,0,0
533876,1,110,3009,64,0,42,164227.41,149730,301,83,0,0
533973,1,110,3012,64,0,42,164227.41,149730,301,83,0,0
534140,1,110,2981,64,0,42,164227.41,149730,301,83,0,0
534248,1,110,2979,64,0,42,164227.41,149730,301,83,0,0
534376,1,110,3003,64,0,42,164228.44,149730,301,83,0,0
534474,1,110,3000,64,0,42,164228.44,149730,301,83,0,0
534526,1,110,2976,64,0,42,164228.44,149730,301,83,0,0
534748,1,110,2980,64,0,42,164228.44,149730,301,83,0,0
534865,1,110,2980,64,0,42,164228.44,149730,301,83,0,0
534973,1,109,2976,64,0,42,164229.47,149730,301,83,0,0
535057,1,109,3000,64,0,42,164229.47,149730,301,83,0,0
535223,1,109,2977,64,0,42,164229.47,149730,301,83,0,0
535323,1,109,2980,64,0,42,164229.47,149730,301,83,0,0
535451,1,109,2979,64,0,42,164229.47,149730,301,83,0,0
535515,1,109,2979,64,0,42,164229.47,149730,301,83,0,0
535665,1,109,3003,64,0,42,164229.47,149730,301,83,0,0
535773,1,109,2968,64,0,42,164230.50,149730,301,83,0,0
535923,1,109,2980,64,0,42,164230.50,149730,301,83,0,0
535973,1,109,2948,64,0,42,164230.50,149730,301,83,0,0
536148,1,109,2952,67,0,42,164230.50,149730,301,83,0,0
536273,1,109,2991,99,0,42,164230.50,149730,301,83,0,0
536375,1,109,2985,102,0,42,164231.52,149730,301,83,0,0
536515,1,109,2993,102,0,42,164231.52,149730,301,83,0,0
536651,1,109,2993,103,0,42,164231.52,149730,301,83,0,0
536773,1,109,3007,107,0,42,164232.58,149730,301,83,0,0
536876,1,109,3006,126,0,42,164232.58,149730,301,83,0,0
536973,1,109,2991,133,0,42,164232.58,149730,301,83,0,0
537022,1,109,3005,138,0,42,164232.58,149730,301,83,0,0
537247,1,110,2984,138,0,42,164233.73,149730,301,83,0,0
537366,1,110,2994,138,0,42,164233.73,149730,301,83,0,0
537474,1,110,3008,139,0,42,164234.77,149730,301,83,0,0
537522,1,110,3022,139,0,42,164234.77,149730,301,83,0,0
537676,1,110,3022,139,0,42,164234.77,149730,301,83,0,0
537822,1,111,3034,139,0,42,164235.98,149730,301,83,0,0
537947,1,111,3022,139,0,42,164235.98,149730,301,83,0,0
538023,1,111,3048,137,0,42,164237.17,149730,301,83,0,0
538173,1,111,3056,137,0,42,164237.17,149730,301,83,0,0
538272,1,112,3042,129,0,42,164237.17,149730,301,83,0,0
538424,1,112,3048,129,0,42,164238.38,149730,301,83,0,0
538523,1,112,3060,129,0,42,164238.38,149730,301,83,0,0
538676,1,112,3060,129,0,42,164239.59,149730,301,83,0,0
538772,1,112,3088,124,0,42,164239.59,149730,301,83,0,0
538875,1,112,3075,120,0,42,164239.59,149730,301,83,0,0
539022,1,113,3085,119,0,42,164240.73,149730,301,83,0,0
539165,1,113,3096,119,0,42,164240.73,149730,301,83,0,0
539272,1,113,3090,119,0,42,164241.81,149730,301,83,0,0
539375,1,113,3090,119,0,42,164241.81,149730,301,83,0,0
539522,1,113,3093,119,0,42,164242.97,149730,307,83,0,0
539522,1,113,3093,119,0,42,164242.97,149730,307,83,0,0
539772,1,114,3078,119,0,42,164242.97,149730,307,83,0,0
539875,1,114,3085,116,0,42,164242.97,149730,307,83,0,0
540015,1,114,3122,115,0,42,164244.16,149730,307,83,0,0
540022,1,114,3122,112,0,42,164244.16,149730,307,83,0,0
540265,1,114,3118,110,0,42,164245.36,149730,307,83,0,0
540375,1,114,3110,110,0,42,164245.36,149730,307,83,0,0
540474,1,114,3105,108,0,42,164245.36,149730,307,83,0,0
540523,1,114,3129,106,0,42,164245.36,149730,307,83,0,0
540725,1,114,3108,106,0,42,164246.53,149730,307,83,0,0
540847,1,115,3120,104,0,42,164246.53,149730,307,83,0,0
540965,1,114,3135,103,0,42,164247.64,149730,307,83,0,0
541022,1,114,3115,100,0,42,164247.64,149730,307,83,0,0
541172,1,115,3126,100,0,42,164247.64,149730,307,83,0,0
541317,1,115,3161,99,0,42,164248.66,149730,307,83,0,0
541423,1,115,3119,91,0,42,164248.66,149730,307,83,0,0
541523,1,115,3131,88,0,42,164248.66,149730,307,83,0,0
541674,1,115,3163,88,0,42,164248.66,149730,307,83,0,0
541772,1,115,3114,88,0,42,164249.73,149730,307,83,0,0
541923,1,115,3082,49,0,42,164249.73,149730,307,83,0,0
542022,1,115,3118,32,0,42,164249.73,149730,307,83,0,0
542064,1,114,3118,32,0,42,164249.73,149730,307,83,0,0
542272,1,114,3111,0,0,42,164249.73,149730,307,83,0,0
542375,1,114,3124,0,0,42,164249.73,149730,307,83,0,0
542522,1,114,3089,0,0,42,164249.73,149730,307,83,0,0
542563,1,113,3089,0,0,42,164249.73,149730,307,83,0,0
542773,1,113,3085,0,0,42,164249.73,149730,307,83,0,0
542875,1,113,3085,0,0,42,164250.77,149730,307,83,0,0
542972,1,113,3052,0,0,42,164250.77,149730,307,83,0,0
542972,1,113,3052,0,0,42,164250.77,149730,307,83,0,0
543247,1,112,3052,0,0,42,164250.77,149730,307,83,0,0
543375,1,112,3045,5,0,42,164250.77,149730,307,83,0,0
543472,1,112,3050,18,0,42,164250.77,149730,307,83,0,0
543522,1,112,3066,40,0,42,164250.77,149730,307,83,0,0
543724,1,112,3067,40,0,42,164250.77,149730,307,83,0,0
543847,1,111,3045,81,0,42,164250.77,149730,307,83,0,0
543965,1,111,3066,91,0,42,164250.77,149730,307,83,0,0
544022,1,111,3064,107,0,42,164250.77,149730,307,83,0,0
544203,1,111,3057,107,0,42,164251.81,149730,307,83,0,0
544317,1,112,3070,163,0,42,164251.81,149730,307,83,0,0
544423,1,112,3063,214,0,42,164252.91,149730,307,83,0,0
544522,1,112,3047,214,0,42,164252.91,149730,307,83,0,0
544672,1,112,3047,214,0,42,164252.91,149730,307,83,0,0
544772,1,112,3102,214,0,42,164254.09,149730,307,83,0,0
544915,1,113,3091,205,0,42,164254.09,149730,307,83,0,0
545022,1,113,3073,195,0,42,164255.39,149730,307,83,0,0
545172,1,113,3126,195,0,42,164255.39,149730,307,83,0,0
545272,1,113,3094,192,0,42,164256.67,149730,307,83,0,0
545375,1,114,3127,191,0,42,164256.67,149730,307,83,0,0
545522,1,114,3124,187,0,42,164257.92,149730,307,83,0,0
545522,1,114,3124,187,0,42,164257.92,149730,307,83,0,0
545772,1,115,3157,187,0,42,164259.22,149730,307,83,0,0
545875,1,115,3159,180,0,42,164260.22,149730,307,83,0,0
545972,1,115,3151,180,0,42,164260.22,149730,307,83,0,0
546030,1,115,3148,180,0,42,164260.22,149730,307,83,0,0
546247,1,116,3185,179,0,42,164261.55,149730,307,83,0,0
546365,1,116,3181,179,0,42,164262.88,149730,307,83,0,0
546474,1,116,3174,179,0,42,164262.88,149730,307,83,0,0
546522,1,116,3169,179,0,42,164262.88,149730,307,83,0,0
546672,1,117,3169,179,0,42,164264.19,149730,307,83,0,0
546825,1,117,3184,178,0,42,164264.19,149730,307,83,0,0
546947,1,118,3189,171,0,42,164265.52,149730,307,83,0,0
547047,1,118,3223,169,0,42,164266.52,149730,307,83,0,0
547192,1,118,3228,169,0,42,164266.52,149730,307,83,0,0
547317,1,118,3254,169,0,42,164267.52,149730,307,83,0,0
547424,1,118,3232,168,0,42,164268.53,149730,307,83,0,0
547522,1,119,3233,167,0,42,164269.59,149730,307,83,0,0
547672,1,119,3233,167,0,42,164269.59,149730,307,83,0,0
547772,1,119,3262,162,0,42,164270.70,149730,307,83,0,0
547923,1,120,3289,159,0,42,164271.86,149730,307,83,0,0
548022,1,120,3290,156,0,42,164271.86,149730,307,83,0,0
548072,1,120,3290,156,0,42,164273.02,149730,307,83,0,0
548272,1,120,3295,150,0,42,164274.09,149730,307,83,0,0
548387,1,121,3277,149,0,42,164274.09,149730,307,83,0,0
548474,1,121,3300,147,0,42,164275.16,149730,307,83,0,0
548567,1,121,3296,146,0,42,164276.22,149730,307,83,0,0
548748,1,121,3326,140,0,42,164276.22,149730,307,83,0,0
548865,1,121,3296,136,0,42,164277.23,149730,307,83,0,0
548972,1,122,3298,132,0,42,164277.23,149730,307,83,0,0
549022,1,122,3325,132,0,42,164278.55,149730,307,83,0,0
549192,1,122,3357,132,0,42,164278.55,149730,307,83,0,0
549325,1,122,3342,117,0,42,164279.73,149730,307,83,0,0
549451,1,122,3334,104,0,42,164279.73,149730,307,83,0,0
549547,1,122,3353,89,0,42,164280.83,149730,307,83,0,0
549547,1,122,3353,89,0,42,164280.83,149730,307,83,0,0
549772,1,122,3358,71,0,42,164280.83,149730,307,83,0,0
549924,1,122,3310,45,0,42,164281.86,149730,307,83,0,0
550022,1,122,3305,24,0,42,164281.86,149730,307,83,0,0
550181,1,122,3305,24,0,42,164281.86,149730,307,83,0,0
550272,1,121,3288,0,0,42,164281.86,149730,307,83,0,0
550415,1,121,3311,0,0,42,164281.86,149730,307,83,0,0
550522,1,121,3317,0,0,42,164281.86,149730,307,83,0,0
550562,1,121,3317,0,0,42,164281.86,149730,307,83,0,0
550772,1,121,3314,0,0,42,164281.86,149730,307,83,0,0
550875,1,120,3282,0,0,42,164281.86,149730,307,83,0,0
550972,1,120,3282,0,0,42,164281.86,149730,307,83,0,0
551065,1,120,3242,0,0,42,164281.86,149730,307,83,0,0
551223,1,120,3244,0,0,42,164281.86,149730,307,83,0,0
551347,1,119,3242,0,0,42,164281.86,149730,307,83,0,0
551474,1,119,3242,0,0,42,164281.86,149730,307,83,0,0
551522,1,119,3242,0,0,42,164281.86,149730,307,83,0,0
551693,1,119,3242,0,0,42,164281.86,149730,307,83,0,0
551825,1,119,3295,23,0,42,164281.86,149730,307,83,0,0
551947,1,118,3247,24,0,42,164282.88,149730,307,83,0,0
552047,1,118,3228,24,0,42,164282.88,149730,307,83,0,0
552192,1,118,3228,24,0,42,164282.88,149730,307,83,0,0
552314,1,118,3215,0,0,42,164282.88,149730,307,83,0,0
552424,1,118,3210,0,0,42,164282.88,149730,307,83,0,0
552547,1,117,3176,0,0,42,164282.88,149730,307,83,0,0
552565,1,117,3208,0,0,42,164282.88,149730,307,83,0,0
552772,1,117,3174,0,0,42,164282.88,149730,307,83,0,0
552875,1,117,3174,0,0,42,164282.88,149730,307,83,0,0
553015,1,117,3190,0,0,42,164282.88,149730,307,83,0,0
553024,1,117,3190,0,0,42,164282.88,149730,307,83,0,0
553247,1,116,3148,0,0,42,164282.88,149730,307,83,0,0
553365,1,116,3163,0,0,42,164282.88,149730,307,83,0,0
553473,1,116,3151,0,0,42,164282.88,149730,307,83,0,0
553562,1,116,3147,0,0,42,164282.88,149730,307,83,0,0
553692,1,116,3147,0,0,42,164282.88,149730,307,83,0,0
553847,1,115,3136,0,0,42,164282.88,149730,307,83,0,0
553965,1,115,3136,0,0,42,164282.88,149730,307,83,0,0
554047,1,115,3104,0,0,42,164282.88,149730,307,83,0,0
554192,1,115,3104,0,0,42,164282.88,149730,307,83,0,0
554325,1,114,3104,0,0,42,164282.88,149730,307,83,0,0
554442,1,114,3104,0,0,42,164282.88,149730,307,83,0,0
554562,1,114,3104,0,0,42,164282.88,149730,307,83,0,0
554692,1,114,3104,0,0,42,164282.88,149730,307,83,0,0
554814,1,114,3072,0,0,42,164282.88,149730,307,83,0,0
554923,1,113,3072,0,0,42,164282.88,149730,307,83,0,0
555022,1,113,3072,0,0,42,164282.88,149730,307,83,0,0
555066,1,113,3072,0,0,42,164282.88,149730,307,83,0,0
555272,1,113,3072,0,0,42,164282.88,149730,307,83,0,0
555383,1,113,3072,0,0,42,164282.88,149730,307,83,0,0
555517,1,112,3072,0,0,42,164282.88,149730,307,83,0,0
555547,1,113,3072,0,0,42,164282.88,149730,307,83,0,0
555747,1,112,3040,0,0,42,164282.88,149730,307,83,0,0
555865,1,112,3040,0,0,42,164282.88,149730,307,83,0,0
555972,1,111,3040,0,0,42,164282.88,149730,307,83,0,0
556072,1,111,3040,0,0,42,164282.88,149730,307,83,0,0
556215,1,111,3040,0,0,42,164282.88,149730,307,83,0,0
556347,1,111,3008,0,0,42,164282.88,149730,307,83,0,0
556466,1,111,3008,0,0,42,164282.88,149730,307,83,0,0
556584,1,111,3008,0,0,42,164282.88,149730,307,83,0,0
556692,1,111,3008,0,0,42,164282.88,149730,307,83,0,0
556825,1,111,3008,0,0,42,164282.88,149730,307,83,0,0
556947,1,110,3008,0,0,42,164282.88,149730,307,83,0,0
557047,1,110,3008,0,0,42,164282.88,149730,307,83,0,0
557192,1,110,3008,0,0,42,164282.88,149730,307,83,0,0
557314,1,110,2976,0,0,42,164282.88,149730,307,83,0,0
557424,1,110,2976,0,0,42,164282.88,149730,307,83,0,0
557547,1,109,2976,0,0,42,164282.88,149730,307,83,0,0
557572,1,109,2976,0,0,42,164282.88,149730,307,83,0,0
557772,1,109,2944,0,0,42,164282.88,149730,307,83,0,0
557875,1,109,2976,0,0,42,164282.88,149730,307,83,0,0
558022,1,109,2976,0,0,42,164282.88,149730,307,83,0,0
558072,1,109,2944,0,0,42,164282.88,149730,307,83,0,0
558247,1,109,2944,0,0,42,164282.88,149730,307,83,0,0
558375,1,108,2944,0,52,42,164282.88,149730,307,83,0,0
558472,1,108,2912,0,64,42,164282.88,149730,307,83,0,0
558561,1,107,2912,0,64,42,164282.88,149730,307,83,0,0
558692,1,107,2912,0,78,42,164282.88,149730,307,83,0,0
558849,1,106,2880,0,92,42,164282.88,149730,307,83,0,0
558965,1,105,2848,0,92,42,164282.88,149730,307,83,0,0
559047,1,105,2848,0,100,42,164282.88,149730,307,83,0,0
559175,1,105,2816,0,100,42,164282.88,149730,307,83,0,0
559325,1,104,2464,0,88,42,164282.88,149730,307,83,0,0
559425,1,103,2336,0,64,42,164282.88,149730,307,83,0,0
559522,1,103,2176,0,62,42,164282.88,149730,307,83,0,0
559672,1,102,2066,0,62,42,164282.88,149730,307,83,0,0
559772,1,102,2012,0,58,42,164282.88,149730,307,83,0,0
559916,1,101,1993,0,54,42,164283.89,149730,307,83,0,0
560022,1,101,2350,0,48,42,164283.89,149730,307,83,0,0
560175,1,100,2542,0,48,42,164283.89,149730,307,83,0,0
560272,1,99,3366,0,48,42,164283.89,149730,307,83,0,0
560375,1,99,3865,0,48,42,164283.89,149730,307,83,0,0
560522,1,98,3903,0,50,42,164283.89,149730,307,83,0,0
560562,1,98,3903,0,50,42,164283.89,149730,307,83,0,0
560747,1,97,3872,0,50,42,164283.89,149730,307,83,0,0
560875,1,97,3840,0,26,42,164283.89,149730,307,83,0,0
560972,1,97,3840,0,0,42,164283.89,149730,307,83,0,0
561072,1,97,3808,0,0,42,164283.89,149730,307,83,0,0
561216,1,97,3808,0,0,42,164283.89,149730,307,83,0,0
561348,1,96,3808,0,0,42,164283.89,149730,307,83,0,0
561473,1,96,3808,0,0,42,164283.89,149730,307,82,0,0
561560,1,96,3808,0,0,42,164283.89,149730,307,82,0,0
561692,1,96,3808,0,0,42,164283.89,149730,307,82,0,0
561825,1,96,3776,0,0,42,164283.89,149730,307,82,0,0
561947,1,96,3776,0,0,42,164283.89,149730,307,82,0,0
562065,1,95,3776,0,0,42,164283.89,149730,307,82,0,0
562199,1,95,3776,0,0,42,164283.89,149730,307,82,0,0
562325,1,95,3744,0,0,42,164283.89,149730,307,82,0,0
562424,1,95,3744,0,0,42,164283.89,149730,307,82,0,0
562548,1,95,3744,0,0,42,164283.89,149730,307,82,0,0
562692,1,95,3744,0,0,42,164283.89,149730,307,82,0,0
562812,1,94,3744,0,0,42,164283.89,149730,307,82,0,0
562924,1,94,3744,0,0,42,164283.89,149730,307,82,0,0
563022,1,94,3712,0,0,42,164283.89,149730,307,82,0,0
563063,1,94,3712,0,0,42,164283.89,149730,307,82,0,0
563272,1,94,3712,0,0,42,164283.89,149730,307,82,0,0
563375,1,94,3712,0,0,42,164283.89,149730,307,82,0,0
563516,1,94,3680,0,0,42,164283.89,149730,307,82,0,0
563562,1,93,3680,0,0,42,164283.89,149730,307,82,0,0
563722,1,93,3680,0,0,42,164283.89,149730,307,82,0,0
563866,1,93,3680,0,0,42,164283.89,149730,307,82,0,0
563972,1,93,3680,0,0,42,164283.89,149730,307,82,0,0
564072,1,93,3680,0,0,42,164283.89,149730,307,82,0,0
564224,1,93,3680,0,0,42,164283.89,149730,307,82,0,0
564325,1,93,3648,0,0,42,164283.89,149730,307,82,0,0
564451,1,92,3648,0,0,42,164283.89,149731,307,82,0,0
564572,1,92,3648,0,0,42,164283.89,149731,307,82,0,0
564711,1,92,3648,0,0,42,164283.89,149731,307,82,0,0
564825,1,92,3616,0,0,42,164283.89,149731,307,82,0,0
564947,1,92,3616,0,0,42,164283.89,149731,307,82,0,0
565048,1,92,3616,0,0,42,164283.89,149731,307,82,0,0
565048,1,92,3616,0,0,42,164283.89,149731,307,82,0,0
565312,1,91,3616,0,0,42,164283.89,149731,307,81,0,0
565425,1,91,3616,0,0,42,164283.89,149731,307,81,0,0
565522,1,91,3584,0,0,42,164283.89,149731,307,81,0,0
565572,1,91,3584,0,0,42,164283.89,149731,307,81,0,0
565772,1,91,3584,0,0,42,164283.89,149731,307,81,0,0
565875,1,91,3584,0,0,42,164283.89,149731,307,81,0,0
566016,1,90,3584,0,0,42,164283.89,149731,307,81,0,0
566062,1,90,3584,0,0,42,164283.89,149731,307,81,0,0
566247,1,90,3552,0,0,42,164283.89,149731,307,81,0,0
566366,1,90,3552,0,0,42,164283.89,149731,307,81,0,0
566472,1,90,3552,0,0,42,164283.89,149731,307,81,0,0
566548,1,90,3552,0,0,42,164283.89,149731,307,81,0,0
566692,1,90,3552,0,0,42,164283.89,149731,307,81,0,0
566825,1,89,3520,0,0,42,164283.89,149731,307,81,0,0
566947,1,89,3520,0,0,42,164283.89,149731,307,81,0,0
567066,1,89,3520,0,0,42,164283.89,149731,307,81,0,0
567196,1,89,3520,0,0,42,164283.89,149731,307,81,0,0
567325,1,89,3520,0,0,42,164283.89,149731,307,81,0,0
567447,1,89,3520,0,0,42,164283.89,149731,307,81,0,0
567562,1,89,3520,0,0,42,164283.89,149731,307,81,0,0
567562,1,89,3520,0,0,42,164283.89,149731,307,81,0,0
567816,1,88,3488,0,0,42,164283.89,149731,307,81,0,0
567924,1,88,3488,0,0,42,164283.89,149731,307,81,0,0
568048,1,88,3488,0,0,42,164283.89,149731,307,81,0,0
568195,1,88,3488,0,0,42,164283.89,149731,307,81,0,0
568316,1,88,3456,0,0,42,164283.89,149731,307,81,0,0
568425,1,88,3456,0,0,42,164283.89,149731,307,81,0,0
568548,1,87,3456,0,0,42,164283.89,149731,307,81,0,0
568548,1,87,3456,0,0,42,164283.89,149731,307,81,0,0
568772,1,87,3424,0,0,42,164283.89,149731,307,81,0,0
568872,1,87,3456,0,0,42,164283.89,149731,307,81,0,0
569016,1,87,3424,0,0,42,164283.89,149731,307,81,0,0
569066,1,87,3424,0,0,42,164283.89,149731,307,81,0,0
569247,1,86,3424,0,0,42,164283.89,149731,307,81,0,0
569375,1,86,3392,0,0,42,164283.89,149731,307,81,0,0
569472,1,86,3392,0,0,42,164283.89,149731,314,81,0,0
569572,1,86,3392,0,0,42,164283.89,149731,314,81,0,0
569724,1,86,3392,0,0,42,164283.89,149731,314,81,0,0
569847,1,85,3360,0,0,42,164283.89,149731,314,81,0,0
569972,1,85,3360,0,0,42,164283.89,149731,314,81,0,0
570072,1,85,3360,0,0,42,164283.89,149731,314,81,0,0
570072,1,85,3360,0,0,42,164283.89,149731,314,81,0,0
570325,1,85,3328,0,0,42,164283.89,149731,314,80,0,0
570442,1,84,3328,0,0,42,164283.89,149731,314,80,0,0
570562,1,84,3328,0,0,42,164283.89,149731,314,80,0,0
570572,1,84,3328,0,0,42,164283.89,149731,314,80,0,0
570816,1,84,3296,0,0,42,164283.89,149731,314,80,0,0
570925,1,84,3168,0,0,42,164283.89,149731,314,80,0,0
571048,1,83,3008,0,0,42,164283.89,149731,314,80,0,0
571062,1,83,3008,0,0,42,164283.89,149731,314,80,0,0
571272,1,83,2624,0,0,42,164283.89,149731,314,80,0,0
571416,1,83,2400,0,0,42,164283.89,149731,314,80,0,0
571524,1,83,2321,0,0,42,164283.89,149731,314,80,0,0
571572,1,83,2289,0,0,42,164283.89,149731,314,80,0,0
571771,1,82,2496,0,0,42,164283.89,149731,314,80,0,0
571874,1,82,2681,0,0,42,164283.89,149731,314,80,0,0
572024,1,82,2649,0,0,42,164283.89,149731,314,80,0,0
572072,1,82,2617,0,0,42,164283.89,149731,314,80,0,0
572272,1,82,2593,0,0,42,164283.89,149731,314,80,0,0
572372,1,82,2627,34,0,42,164283.89,149731,314,80,0,0
572516,1,82,2594,56,0,42,164283.89,149731,314,80,0,0
572572,1,82,2594,64,0,42,164283.89,149731,314,80,0,0
572716,1,82,2647,64,0,42,164283.89,149731,314,80,0,0
572872,1,82,2622,99,0,42,164284.94,149731,314,80,0,0
572972,1,82,2646,99,0,42,164284.94,149731,314,80,0,0
573092,1,82,2653,100,0,42,164284.94,149731,314,80,0,0
573244,1,82,2642,102,0,42,164284.94,149731,314,80,0,0
573346,1,83,2642,106,0,42,164286.05,149731,314,80,0,0
573473,1,83,2676,106,0,42,164286.05,149731,314,80,0,0
573572,1,83,2681,106,0,42,164286.05,149731,314,80,0,0
573731,1,83,2665,106,0,42,164286.05,149731,314,80,0,0
573846,1,84,2680,104,0,42,164287.17,149731,314,80,0,0
573971,1,84,2685,103,0,42,164287.17,149731,314,80,0,0
574068,1,84,2718,99,0,42,164287.17,149731,314,80,0,0
574217,1,84,2718,99,0,42,164287.17,149731,314,80,0,0
574325,1,84,2715,96,0,42,164288.20,149731,314,80,0,0
574451,1,85,2696,95,0,42,164288.20,149731,314,80,0,0
574568,1,85,2715,93,0,42,164288.20,149731,314,80,0,0
574704,1,85,2715,93,0,42,164288.20,149731,314,80,0,0
574825,1,85,2720,90,0,42,164289.27,149731,314,80,0,0
574946,1,85,2724,90,0,42,164289.27,149731,314,80,0,0
575071,1,85,2742,90,0,42,164289.27,149731,314,80,0,0
575071,1,85,2742,90,0,42,164289.27,149731,314,80,0,0
575312,1,86,2728,91,0,42,164289.27,149731,314,80,0,0
575428,1,86,2729,97,0,42,164290.38,149731,314,80,0,0
575546,1,86,2743,97,0,42,164290.38,149731,314,80,0,0
575572,1,86,2775,97,0,42,164290.38,149731,314,80,0,0
575780,1,86,2767,97,0,42,164290.38,149731,314,80,0,0
575874,1,87,2774,98,0,42,164291.50,149731,314,80,0,0
576017,1,87,2773,100,0,42,164291.50,149731,314,80,0,0
576072,1,87,2773,100,0,42,164291.50,149731,314,80,0,0
576225,1,87,2757,101,0,42,164291.50,149731,314,80,0,0
576372,1,87,2810,101,0,42,164292.56,149731,314,80,0,0
576473,1,87,2785,101,0,42,164292.56,149731,314,80,0,0
576571,1,88,2790,101,0,42,164292.56,149731,314,80,0,0
576716,1,88,2793,101,0,42,164292.56,149731,314,80,0,0
576846,1,88,2828,101,0,42,164293.70,149731,314,80,0,0
576966,1,88,2828,102,0,42,164293.70,149731,314,80,0,0
577072,1,88,2830,102,0,42,164293.70,149731,314,80,0,0
577216,1,88,2834,102,0,42,164294.72,149731,314,80,0,0
577325,1,88,2825,107,0,42,164294.72,149731,314,80,0,0
577451,1,89,2825,111,0,42,164294.72,149731,314,80,0,0
577566,1,89,2842,123,0,42,164295.73,149731,314,80,0,0
577574,1,89,2842,123,0,42,164295.73,149731,314,80,0,0
577779,1,89,2873,123,0,42,164295.73,149731,314,80,0,0
577925,1,89,2874,129,0,42,164295.73,149731,314,80,0,0
578028,1,89,2862,129,0,42,164296.75,149731,314,80,0,0
578072,1,89,2862,129,0,42,164296.75,149731,314,80,0,0
578272,1,90,2865,129,0,42,164296.75,149731,314,80,0,0
578372,1,90,2877,129,0,42,164297.86,149731,314,80,0,0
578474,1,90,2861,129,0,42,164297.86,149731,314,80,0,0
578572,1,90,2848,129,0,42,164297.86,149731,314,80,0,0
578728,1,90,2861,129,0,42,164299.02,149731,314,80,0,0
578872,1,90,2882,129,0,42,164299.02,149731,314,80,0,0
578972,1,90,2886,129,0,42,164300.03,149731,314,80,0,0
579072,1,91,2896,126,0,42,164300.03,149731,314,80,0,0
579225,1,91,2911,121,0,42,164300.03,149731,314,80,0,0
579346,1,91,2886,120,0,42,164301.08,149731,314,80,0,0
579467,1,91,2890,118,0,42,164301.08,149731,314,80,0,0
579572,1,91,2895,117,0,42,164302.11,149731,314,80,0,0
579716,1,91,2904,115,0,42,164302.11,149731,314,80,0,0
579825,1,91,2891,108,0,42,164302.11,149731,314,80,0,0
579946,1,91,2883,107,0,42,164303.23,149731,314,80,0,0
580066,1,91,2907,106,0,42,164303.23,149731,314,80,0,0
580214,1,91,2907,106,0,42,164303.23,149731,314,80,0,0
580327,1,91,2887,104,0,42,164304.31,149731,314,80,0,0
580450,1,91,2906,104,0,42,164304.31,149731,314,80,0,0
580566,1,91,2892,100,0,42,164305.33,149731,314,80,0,0
580574,1,91,2892,100,0,42,164305.33,149731,314,80,0,0
580777,1,91,2886,100,0,42,164305.33,149731,314,80,0,0
580920,1,91,2888,94,0,42,164305.33,149731,314,80,0,0
581027,1,91,2901,90,0,42,164306.38,149731,314,80,0,0
581085,1,91,2901,90,0,42,164306.38,149731,314,80,0,0
581246,1,91,2883,88,0,42,164306.38,149731,314,80,0,0
581372,1,90,2871,59,0,42,164306.38,149731,314,80,0,0
581473,1,90,2889,41,0,42,164306.38,149731,314,80,0,0
581572,1,90,2849,20,0,42,164306.38,149731,314,80,0,0
581727,1,90,2872,0,0,42,164307.42,149731,314,80,0,0
581872,1,89,2843,0,0,42,164307.42,149731,314,80,0,0
581972,1,89,2847,0,0,42,164307.42,149731,314,80,0,0
582072,1,89,2786,0,0,42,164307.42,149731,314,80,0,0
582126,1,89,2787,0,0,42,164307.42,149731,314,80,0,0
582346,1,88,2815,0,0,42,164307.42,149731,314,80,0,0
582451,1,87,2815,0,0,42,164307.42,149731,314,80,0,0
582572,1,87,2756,0,0,42,164307.42,149731,314,80,0,0
582623,1,87,2769,0,0,42,164307.42,149731,314,80,0,0
582811,1,87,2757,0,0,42,164307.42,149731,314,80,0,0
582928,1,86,2748,0,0,42,164307.42,149731,314,80,0,0
583046,1,85,2732,0,0,42,164307.42,149731,314,80,0,0
583153,1,85,2717,0,0,42,164307.42,149731,314,80,0,0
583272,1,85,2716,0,0,42,164307.42,149731,314,80,0,0
583372,1,84,2684,0,0,42,164307.42,149731,314,80,0,0
583525,1,84,2656,0,0,42,164307.42,149731,314,80,0,0
583627,1,84,2656,0,0,42,164307.42,149731,314,80,0,0
583627,1,84,2656,0,0,42,164307.42,149731,314,80,0,0
583872,1,83,2624,0,0,42,164307.42,149731,314,80,0,0
583972,1,82,2624,0,0,42,164307.42,149731,314,80,0,0
584119,1,82,2592,0,0,42,164307.42,149731,314,80,0,0
584142,1,82,2592,0,0,42,164307.42,149731,314,80,0,0
584372,1,81,2592,13,0,42,164307.42,149731,314,80,0,0
584473,1,81,2610,30,0,42,164307.42,149731,314,80,0,0
584572,1,81,2572,43,0,42,164307.42,149731,314,80,0,0
584628,1,81,2572,50,0,42,164307.42,149731,314,80,0,0
584846,1,80,2567,66,0,42,164307.42,149731,314,80,0,0
584966,1,80,2579,69,0,42,164308.48,149731,314,80,0,0
585072,1,80,2566,71,0,42,164308.48,149731,314,80,0,0
585128,1,80,2579,72,0,42,164308.48,149731,314,80,0,0
585319,1,80,2538,72,0,42,164308.48,149731,314,80,0,0
585428,1,80,2543,77,0,42,164308.48,149731,314,80,0,0
585546,1,80,2549,77,0,42,164309.50,149731,314,80,0,0
585619,1,80,2551,77,0,42,164309.50,149731,314,80,0,0
585774,1,80,2551,72,0,42,164309.50,149731,314,80,0,0
585919,1,79,2547,69,0,42,164309.50,149731,314,80,0,0
586027,1,79,2542,82,0,42,164309.50,149731,314,80,0,0
586127,1,79,2554,85,0,42,164309.50,149731,314,80,0,0
586272,1,79,2559,85,0,42,164309.50,149731,314,80,0,0
586372,1,79,2556,102,0,42,164310.61,149731,314,80,0,0
586473,1,79,2551,109,0,42,164310.61,149731,314,81,0,0
586627,1,79,2545,114,0,42,164310.61,149731,314,81,0,0
586646,1,79,2545,114,0,42,164310.61,149731,314,81,0,0
586872,1,80,2584,119,0,42,164311.62,149731,314,81,0,0
586972,1,80,2563,120,0,42,164311.62,149731,314,81,0,0
587072,1,80,2538,120,0,42,164311.62,149731,314,81,0,0
587127,1,80,2546,120,0,42,164311.62,149731,314,81,0,0
587346,1,80,2590,120,0,42,164312.67,149731,314,81,0,0
587469,1,80,2565,120,0,42,164312.67,149731,314,81,0,0
587572,1,81,2568,120,0,42,164312.67,149731,314,81,0,0
587627,1,81,2575,120,0,42,164313.78,149731,314,81,0,0
587824,1,81,2598,120,0,42,164313.78,149731,314,81,0,0
587941,1,81,2594,120,0,42,164313.78,149731,314,81,0,0
588046,1,81,2623,116,0,42,164313.78,149731,314,81,0,0
588073,1,81,2623,116,0,42,164314.88,149731,314,81,0,0
588272,1,81,2604,110,0,42,164314.88,149731,314,81,0,0
588372,1,82,2602,110,0,42,164314.88,149731,314,81,0,0
588527,1,82,2654,110,0,42,164315.98,149731,314,81,0,0
588627,1,82,2616,110,0,42,164315.98,149731,314,81,0,0
588627,1,82,2616,110,0,42,164315.98,149731,314,81,0,0
588872,1,83,2637,110,0,42,164315.98,149731,314,81,0,0
588971,1,83,2635,110,0,42,164317.05,149731,314,81,0,0
589072,1,83,2634,110,0,42,164317.05,149731,314,81,0,0
589072,1,83,2634,110,0,42,164317.05,149731,314,81,0,0
589371,1,83,2685,105,0,42,164317.05,149731,314,81,0,0
589473,1,83,2657,102,0,42,164318.09,149731,314,81,0,0
589572,1,83,2686,100,0,42,164318.09,149731,314,81,0,0
589629,1,83,2677,96,0,42,164318.09,149731,314,81,0,0
589827,1,83,2658,89,0,42,164318.09,149731,314,81,0,0
589946,1,84,2682,87,0,42,164319.09,149731,314,81,0,0
590072,1,84,2659,81,0,42,164319.09,149731,314,81,0,0
590127,1,84,2666,68,0,42,164319.09,149731,314,81,0,0
590311,1,84,2650,68,0,42,164319.09,149731,314,81,0,0
590428,1,83,2673,39,0,42,164320.12,149731,314,81,0,0
590546,1,83,2673,34,0,42,164320.12,149731,314,81,0,0
590627,1,83,2674,19,0,42,164320.12,149731,314,81,0,0
590772,1,83,2642,19,0,42,164320.12,149731,314,81,0,0
590872,1,83,2639,0,0,42,164320.12,149731,314,81,0,0
591027,1,83,2648,0,0,42,164320.12,149731,314,81,0,0
591130,1,83,2649,0,0,42,164320.12,149731,314,81,0,0
591284,1,83,2649,0,0,42,164320.12,149731,314,81,0,0
591372,1,83,2655,0,0,42,164320.12,149731,314,81,0,0
591519,1,83,2626,0,0,42,164320.12,149731,314,81,0,0
591627,1,82,2627,0,0,42,164320.12,149731,314,81,0,0
591772,1,82,2627,0,0,42,164320.12,149731,314,81,0,0
591872,1,82,2624,0,0,42,164320.12,149731,314,81,0,0
591972,1,82,2608,0,0,42,164320.12,149731,314,81,0,0
592119,1,82,2619,0,0,42,164320.12,149731,314,81,0,0
592148,1,82,2619,0,0,42,164320.12,149731,314,81,0,0
592346,1,81,2623,0,0,42,164320.12,149731,314,81,0,0
592473,1,81,2620,2,0,42,164320.12,149731,314,81,0,0
592572,1,81,2616,8,0,42,164320.12,149731,314,81,0,0
592646,1,81,2594,8,0,42,164320.12,149731,314,81,0,0
592811,1,81,2594,8,0,42,164320.12,149731,314,81,0,0
592946,1,81,2570,8,0,42,164321.12,149731,314,81,0,0
593072,1,81,2570,8,0,42,164321.12,149731,314,81,0,0
593146,1,81,2602,8,0,42,164321.12,149731,314,81,0,0
593282,1,81,2570,8,0,42,164321.12,149731,314,81,0,0
593428,1,81,2604,8,0,42,164321.12,149731,314,81,0,0
593561,1,81,2573,6,0,42,164321.12,149731,314,81,0,0
593658,1,81,2573,6,0,42,164321.12,149731,314,81,0,0
593772,1,81,2573,6,0,42,164321.12,149731,314,81,0,0
593928,1,81,2576,6,0,42,164321.12,149731,314,81,0,0
594046,1,81,2576,6,0,42,164321.12,149731,314,81,0,0
594156,1,81,2576,6,0,42,164321.12,149731,314,81,0,0
594180,1,81,2576,6,0,42,164321.12,149731,314,81,0,0
594419,1,81,2576,6,0,42,164321.12,149731,314,81,0,0
594527,1,81,2577,9,0,42,164322.12,149731,314,81,0,0
594646,1,81,2608,13,0,42,164322.12,149731,314,81,0,0
594794,1,81,2608,13,0,42,164322.12,149731,314,81,0,0
594872,1,81,2578,13,0,42,164322.12,149731,314,81,0,0
595027,1,81,2583,13,0,42,164322.12,149731,314,81,0,0
595127,1,81,2584,13,0,42,164322.12,149731,314,81,0,0
595127,1,81,2584,13,0,42,164322.12,149731,314,81,0,0
595372,1,81,2583,0,0,42,164322.12,149731,314,81,0,0
595473,1,81,2580,0,0,42,164322.12,149731,314,81,0,0
595627,1,81,2564,0,0,42,164322.12,149731,314,81,0,0
595649,1,81,2564,0,0,42,164322.12,149731,314,81,0,0
595846,1,81,2564,0,0,42,164322.12,149731,314,81,0,0
595972,1,81,2598,0,0,42,164322.12,149731,314,81,0,0
596072,1,81,2567,0,0,42,164322.12,149731,314,81,0,0
596153,1,81,2600,0,0,42,164322.12,149731,314,81,0,0
596328,1,81,2560,0,0,42,164322.12,149731,314,81,0,0
596450,1,81,2583,0,0,42,164322.12,149731,314,81,0,0
596561,1,81,2623,0,0,42,164323.14,149731,314,81,0,0
596670,1,81,2588,0,0,42,164323.14,149731,314,81,0,0
596793,1,81,2588,0,0,42,164323.14,149731,314,81,0,0
596927,1,81,2603,0,0,42,164323.14,149731,314,81,0,0
597046,1,81,2560,0,0,42,164323.14,149731,314,81,0,0
597146,1,81,2620,0,0,42,164323.14,149731,314,81,0,0
597280,1,81,2588,0,0,42,164323.14,149731,314,81,0,0
597372,1,81,2592,0,0,42,164323.14,149731,314,81,0,0
597519,1,81,2592,0,0,42,164323.14,149731,314,81,0,0
597627,1,81,2560,0,0,42,164323.14,149731,314,81,0,0
597645,1,81,2560,0,0,42,164323.14,149731,314,81,0,0
597872,1,81,2592,0,0,42,164323.14,149731,314,81,0,0
597971,1,81,2592,0,0,42,164323.14,149731,314,81,0,0
598072,1,81,2592,0,0,42,164323.14,149731,314,81,0,0
598126,1,81,2592,0,0,42,164323.14,149731,314,81,0,0
598327,1,81,2560,0,0,42,164323.14,149731,314,81,0,0
598450,1,81,2592,0,0,42,164323.14,149731,314,81,0,0
598572,1,81,2560,0,0,42,164323.14,149731,314,81,0,0
598646,1,81,2560,0,0,42,164323.14,149731,314,81,0,0
598792,1,81,2592,0,0,42,164323.14,149731,314,81,0,0
598927,1,81,2592,0,0,42,164323.14,149731,314,81,0,0
599046,1,81,2592,0,0,42,164323.14,149731,314,81,0,0
599146,1,81,2592,0,0,42,164323.14,149731,314,81,0,0
599279,1,81,2592,0,0,42,164323.14,149731,314,81,0,0
599372,1,81,2592,0,0,42,164323.14,149731,314,81,0,0
599527,1,81,2592,0,0,42,164323.14,149731,321,81,0,0
599646,1,81,2592,0,0,42,164323.14,149731,321,81,0,0
599646,1,81,2592,0,0,42,164323.14,149731,321,81,0,0
599871,1,81,2592,0,0,42,164323.14,149731,321,81,0,0
599972,1,81,2592,0,0,42,164323.14,149731,321,81,0,0
600127,1,81,2592,0,0,42,164323.14,149731,321,81,0,0
600194,1,81,2592,0,0,42,164323.14,149731,321,81,0,0
600347,1,81,2592,0,0,42,164323.14,149731,321,81,0,0
600450,1,81,2592,0,0,42,164323.14,149731,321,81,0,0
600572,1,81,2592,0,0,42,164323.14,149731,321,81,0,0
600646,1,81,2592,0,0,42,164323.14,149731,321,81,0,0
600791,1,81,2592,0,0,42,164323.14,149731,321,81,0,0
600946,1,82,2592,5,0,42,164323.14,149731,321,81,0,0
601061,1,81,2620,8,0,42,164323.14,149731,321,81,0,0
601171,1,81,2651,11,0,42,164323.14,149731,321,81,0,0
601311,1,81,2621,11,0,42,164323.14,149731,321,81,0,0
601427,1,82,2631,27,0,42,164323.14,149731,321,81,0,0
601546,1,82,2612,31,0,42,164323.14,149731,321,81,0,0
601646,1,82,2641,38,0,42,164323.14,149731,321,81,0,0
601790,1,82,2634,38,0,42,164323.14,149731,321,81,0,0
601927,1,82,2634,51,0,42,164323.14,149731,321,81,0,0
602027,1,82,2637,58,0,42,164323.14,149731,321,81,0,0
602149,1,83,2675,61,0,42,164324.16,149731,321,81,0,0
602198,1,83,2675,61,0,42,164324.16,149731,321,81,0,0
602371,1,83,2670,64,0,42,164324.16,149731,321,81,0,0
602527,1,83,2685,66,0,42,164324.16,149731,321,81,0,0
602646,1,84,2693,66,0,42,164324.16,149731,321,81,0,0
602708,1,84,2693,66,0,42,164324.16,149731,321,81,0,0
602871,1,84,2691,70,0,42,164325.23,149731,321,81,0,0
602972,1,84,2691,72,0,42,164325.23,149731,321,81,0,0
603071,1,85,2691,72,0,42,164325.23,149731,321,81,0,0
603171,1,85,2724,73,0,42,164325.23,149731,321,81,0,0
603345,1,85,2751,76,0,42,164325.23,149731,321,81,0,0
603450,1,86,2727,77,0,42,164325.23,149731,321,81,0,0
603572,1,86,2766,77,0,42,164326.33,149731,321,81,0,0
603678,1,86,2745,78,0,42,164326.33,149731,321,81,0,0
603789,1,86,2752,78,0,42,164326.33,149731,321,81,0,0
603941,1,86,2771,78,0,42,164326.33,149731,321,81,0,0
604046,1,87,2781,78,0,42,164326.33,149731,321,81,0,0
604172,1,87,2753,78,0,42,164327.33,149731,321,81,0,0
604311,1,87,2785,78,0,42,164327.33,149731,321,81,0,0
604427,1,87,2787,78,0,42,164327.33,149731,321,81,0,0
604545,1,88,2787,78,0,42,164327.33,149731,321,81,0,0
604645,1,88,2788,78,0,42,164327.33,149731,321,81,0,0
604788,1,88,2789,78,0,42,164328.34,149731,321,81,0,0
604927,1,88,2823,78,0,42,164328.34,149731,321,81,0,0
605027,1,88,2823,78,0,42,164328.34,149731,321,81,0,0
605145,1,89,2821,78,0,42,164328.34,149731,321,81,0,0
605182,1,89,2821,78,0,42,164328.34,149731,321,81,0,0
605371,1,89,2843,78,0,42,164329.38,149731,321,81,0,0
605472,1,89,2820,78,0,42,164329.38,149731,321,81,0,0
605627,1,89,2857,78,0,42,164329.38,149731,321,81,0,0
605671,1,89,2857,78,0,42,164329.38,149731,321,81,0,0
605864,1,89,2855,78,0,42,164329.38,149731,321,81,0,0
605971,1,90,2857,78,0,42,164330.41,149731,321,81,0,0
606071,1,90,2857,78,0,42,164330.41,149731,321,81,0,0
606145,1,90,2858,78,0,42,164330.41,149731,321,81,0,0
606311,1,90,2858,78,0,42,164330.41,149731,321,81,0,0
606449,1,90,2861,78,0,42,164330.41,149732,321,81,0,0
606571,1,90,2885,78,0,42,164331.45,149732,321,81,0,0
606645,1,90,2879,80,0,42,164331.45,149732,321,81,0,0
606787,1,90,2911,80,0,42,164331.45,149732,321,81,0,0
606927,1,90,2902,95,0,42,164331.45,149732,321,81,0,0
607045,1,90,2890,96,0,42,164331.45,149732,321,81,0,0
607145,1,91,2901,99,0,42,164332.56,149732,321,81,0,0
607299,1,91,2908,99,0,42,164332.56,149732,321,81,0,0
607419,1,91,2905,99,0,42,164332.56,149732,321,81,0,0
607527,1,91,2913,101,0,42,164333.64,149732,321,81,0,0
607645,1,91,2918,101,0,42,164333.64,149732,321,81,0,0
607786,1,91,2918,101,0,42,164333.64,149732,321,81,0,0
607919,1,92,2934,101,0,42,164333.64,149732,321,81,0,0
608027,1,92,2938,102,0,42,164334.64,149732,321,81,0,0
608145,1,92,2941,102,0,42,164334.64,149732,321,81,0,0
608192,1,92,2941,102,0,42,164334.64,149732,321,81,0,0
608371,1,92,2944,102,0,42,164335.67,149732,321,81,0,0
608478,1,92,2946,102,0,42,164335.67,149732,321,81,0,0
608618,1,92,2949,102,0,42,164335.67,149732,321,81,0,0
608704,1,92,2949,103,0,42,164335.67,149732,321,81,0,0
608827,1,92,2951,104,0,42,164336.72,149732,321,81,0,0
608971,1,93,2954,105,0,42,164336.72,149732,321,81,0,0
609071,1,93,2989,105,0,42,164336.72,149732,321,81,0,0
609145,1,93,2962,105,0,42,164337.78,149732,321,81,0,0
609311,1,93,2994,105,0,42,164337.78,149732,321,81,0,0
609450,1,94,2979,105,0,42,164337.78,149732,321,81,0,0
609568,1,94,2982,105,0,42,164338.88,149732,321,81,0,0
609668,1,94,3016,104,0,42,164338.88,149732,321,81,0,0
609811,1,94,3016,104,0,42,164338.88,149732,321,81,0,0
609927,1,94,2984,94,0,42,164338.88,149732,321,81,0,0
610045,1,94,3029,92,0,42,164339.98,149732,321,81,0,0
610145,1,94,3033,87,0,42,164339.98,149732,321,81,0,0
610297,1,94,3033,87,0,42,164339.98,149732,321,81,0,0
610419,1,95,3033,85,0,42,164339.98,149732,321,81,0,0
610527,1,95,3038,83,0,42,164341.06,149732,321,81,0,0
610645,1,95,3021,83,0,42,164341.06,149732,321,81,0,0
610672,1,95,3021,83,0,42,164341.06,149732,321,81,0,0
610871,1,95,3019,83,0,42,164341.06,149732,321,81,0,0
610971,1,95,3020,83,0,42,164341.06,149732,321,81,0,0
611118,1,95,3023,83,0,42,164342.08,149732,321,81,0,0
611168,1,95,3023,83,0,42,164342.08,149732,321,81,0,0
611345,1,95,3014,83,0,42,164342.08,149732,321,81,0,0
611476,1,95,3023,87,0,42,164342.08,149732,321,81,0,0
611571,1,95,3028,88,0,42,164343.09,149732,321,81,0,0
611671,1,95,3008,88,0,42,164343.09,149732,321,81,0,0
611818,1,95,3028,88,0,42,164343.09,149732,321,81,0,0
611945,1,95,3040,90,0,42,164343.09,149732,321,81,0,0
612068,1,95,3042,90,0,42,164344.19,149732,321,81,0,0
612145,1,95,3040,90,0,42,164344.19,149732,321,81,0,0
612296,1,95,3040,90,0,42,164344.19,149732,321,81,0,0
612427,1,95,3069,88,0,42,164344.19,149732,321,81,0,0
612545,1,96,3043,88,0,42,164344.19,149732,321,81,0,0
612645,1,96,3044,88,0,42,164344.19,149732,321,81,0,0
612671,1,96,3044,88,0,42,164345.31,149732,321,81,0,0
612919,1,96,3058,88,0,42,164345.31,149732,321,81,0,0
613026,1,96,3065,85,0,42,164345.31,149732,321,81,0,0
613145,1,96,3069,74,0,42,164345.31,149732,321,81,0,0
613178,1,96,3069,74,0,42,164345.31,149732,321,81,0,0
613371,1,96,3069,57,0,42,164346.42,149732,321,81,0,0
613471,1,96,3049,53,0,42,164346.42,149732,321,81,0,0
613618,1,95,3064,53,0,42,164346.42,149732,321,81,0,0
613671,1,95,3064,53,0,42,164346.42,149732,321,81,0,0
613845,1,95,3066,53,0,42,164346.42,149732,321,81,0,0
613971,1,95,3019,53,0,42,164346.42,149732,321,81,0,0
614071,1,95,3054,53,0,42,164346.42,149732,321,81,0,0
614187,1,95,3016,53,0,42,164347.47,149732,321,81,0,0
614310,1,95,3013,53,0,42,164347.47,149732,321,81,0,0
614450,1,95,3038,53,0,42,164347.47,149732,321,81,0,0
614571,1,95,3034,53,0,42,164347.47,149732,321,81,0,0
614671,1,95,3030,53,0,42,164347.47,149732,321,81,0,0
614810,1,95,3030,53,0,42,164347.47,149732,321,81,0,0
614927,1,94,3008,63,0,42,164347.47,149732,321,81,0,0
615045,1,94,3019,63,0,42,164348.53,149732,321,81,0,0
615227,1,94,3037,63,0,42,164348.53,149732,321,81,0,0
615419,1,94,3030,63,0,42,164348.53,149732,321,81,0,0
615527,1,94,3015,66,0,42,164348.53,149732,321,81,0,0
615645,1,94,3011,69,0,42,164348.53,149732,321,81,0,0
615718,1,94,3022,69,0,42,164348.53,149732,321,81,0,0
615871,1,94,2987,71,0,42,164348.53,149732,321,81,0,0
615971,1,94,2983,71,0,42,164349.62,149732,321,81,0,0
616126,1,94,3010,72,0,42,164349.62,149732,321,81,0,0
616241,1,94,3014,80,0,42,164349.62,149732,321,81,0,0
616345,1,94,2982,80,0,42,164349.62,149732,321,81,0,0
616472,1,94,2982,83,0,42,164349.62,149732,321,81,0,0
616571,1,94,3006,83,0,42,164350.70,149732,321,81,0,0
616718,1,94,3032,83,0,42,164350.70,149732,321,81,0,0
616857,1,94,3032,83,0,42,164350.70,149732,321,81,0,0
616971,1,94,3025,96,0,42,164350.70,149732,321,81,0,0
617071,1,94,3010,101,0,42,164351.73,149732,321,81,0,0
617190,1,95,3023,110,0,42,164351.73,149732,321,81,0,0
617226,1,95,3014,116,0,42,164351.73,149732,321,81,0,0
617445,1,95,3017,118,0,42,164351.73,149732,321,81,0,0
617560,1,95,3037,120,0,42,164352.81,149732,321,81,0,0
617671,1,95,3055,120,0,42,164352.81,149732,321,81,0,0
617690,1,95,3055,120,0,42,164352.81,149732,321,81,0,0
617871,1,95,3055,120,0,42,164352.81,149732,321,81,0,0
618027,1,96,3051,116,0,42,164353.89,149732,321,81,0,0
618145,1,96,3048,115,0,42,164353.89,149732,321,81,0,0
618190,1,96,3048,115,0,42,164353.89,149732,321,81,0,0
618345,1,96,3080,114,0,42,164355.03,149732,321,81,0,0
618472,1,96,3074,107,0,42,164355.03,149732,321,81,0,0
618618,1,97,3076,107,0,42,164356.14,149732,321,81,0,0
618727,1,97,3094,101,0,42,164356.14,149732,321,81,0,0
618868,1,97,3098,101,0,42,164356.14,149732,321,81,0,0
618971,1,97,3072,93,0,42,164357.17,149732,321,81,0,0
619071,1,97,3103,91,0,42,164357.17,149732,321,81,0,0
619226,1,97,3097,84,0,42,164357.17,149732,321,81,0,0
619345,1,97,3097,84,0,42,164357.17,149732,321,81,0,0
619472,1,97,3079,83,0,42,164358.19,149732,321,81,0,0
619571,1,97,3080,83,0,42,164358.19,149732,321,81,0,0
619690,1,97,3076,83,0,42,164358.19,149732,321,81,0,0
619751,1,97,3084,83,0,42,164358.19,149732,321,81,0,0
619971,1,97,3132,83,0,42,164359.20,149732,321,81,0,0
620071,1,97,3101,83,0,42,164359.20,149732,321,81,0,0
620190,1,97,3072,83,0,42,164359.20,149732,321,81,0,0
620219,1,97,3092,83,0,42,164359.20,149732,321,81,0,0
620449,1,97,3099,83,0,42,164360.25,149732,321,81,0,0
620571,1,97,3072,85,0,42,164360.25,149732,321,81,0,0
620690,1,97,3102,85,0,42,164360.25,149732,321,81,0,0
620690,1,97,3102,85,0,42,164360.25,149732,321,81,0,0
620927,1,97,3101,85,0,42,164360.25,149732,321,81,0,0
621034,1,97,3080,80,0,42,164361.30,149732,321,81,0,0
621145,1,97,3121,78,0,42,164361.30,149732,321,81,0,0
621227,1,97,3072,77,0,42,164361.30,149732,321,81,0,0
621371,1,97,3072,77,0,42,164361.30,149732,321,81,0,0
621526,1,97,3098,63,0,42,164362.31,149732,321,81,0,0
621627,1,97,3086,63,0,42,164362.31,149732,321,81,0,0
621727,1,97,3088,57,0,42,164362.31,149732,321,81,0,0
621868,1,97,3058,57,0,42,164362.31,149732,321,81,0,0
621971,1,96,3058,0,0,42,164362.31,149732,321,81,0,0
622118,1,96,3057,0,104,42,164362.31,149732,321,81,0,0
622190,1,94,3025,0,142,42,164362.31,149732,321,81,0,0
622345,1,94,3018,0,142,42,164362.31,149732,321,81,0,0
622472,1,93,2966,0,160,42,164362.31,149732,321,81,0,0
622571,1,92,2901,0,166,42,164363.34,149732,321,82,0,0
622700,1,91,2865,0,178,42,164363.34,149732,321,82,0,0
622854,1,91,2829,0,178,42,164363.34,149732,321,82,0,0
622971,1,88,2809,0,198,42,164363.34,149732,321,82,0,0
623071,1,87,2733,0,198,42,164363.34,149732,321,82,0,0
623190,1,86,2696,0,198,42,164363.34,149732,321,82,0,0
623227,1,86,2716,0,198,42,164363.34,149732,321,82,0,0
623445,1,82,2620,0,188,42,164363.34,149732,321,82,0,0
623560,1,81,2620,0,188,42,164363.34,149732,321,82,0,0
623671,1,81,2588,0,160,42,164363.34,149732,321,82,0,0
623690,1,81,2588,0,160,42,164363.34,149732,321,82,0,0
623899,1,81,2523,0,74,42,164363.34,149732,321,82,0,0
624027,1,79,2496,0,0,42,164363.34,149732,321,82,0,0
624145,1,78,2496,0,0,42,164363.34,149732,321,82,0,0
624227,1,78,2464,0,0,42,164363.34,149732,321,82,0,0
624371,1,78,2464,0,0,42,164363.34,149732,321,82,0,0
624472,1,78,2464,0,0,42,164363.34,149732,321,82,0,0
624618,1,77,2464,1,0,42,164363.34,149732,321,82,0,0
624718,1,77,2471,8,0,42,164363.34,149732,321,82,0,0
624868,1,77,2475,15,0,42,164363.34,149732,321,82,0,0
624971,1,77,2433,20,0,42,164363.34,149732,321,82,0,0
625071,1,77,2460,21,0,42,164363.34,149732,321,82,0,0
625218,1,77,2435,21,0,42,164363.34,149732,321,82,0,0
625345,1,77,2435,21,0,42,164363.34,149732,321,82,0,0
625472,1,77,2436,21,0,42,164363.34,149732,321,82,0,0
625571,1,77,2435,21,0,42,164363.34,149732,321,82,0,0
625690,1,77,2434,21,0,42,164363.34,149732,321,82,0,0
625744,1,76,2435,22,0,42,164363.34,149732,321,82,0,0
625945,1,76,2438,22,0,42,164364.38,149732,321,82,0,0
626071,1,76,2440,22,0,42,164364.38,149732,321,82,0,0
626190,1,76,2441,21,0,42,164364.38,149732,321,82,0,0
626221,1,76,2410,21,0,42,164364.38,149732,321,82,0,0
626430,1,76,2409,28,0,42,164364.38,149732,321,82,0,0
626546,1,76,2408,30,0,42,164364.38,149732,321,82,0,0
626668,1,76,2417,31,0,42,164364.38,149732,321,82,0,0
626745,1,76,2404,31,0,42,164364.38,149732,321,82,0,0
626877,1,76,2404,31,0,42,164364.38,149732,321,82,0,0
627027,1,76,2426,29,0,42,164364.38,149732,321,82,0,0
627127,1,76,2417,29,0,42,164364.38,149732,321,82,0,0
627245,1,75,2413,28,0,42,164365.41,149732,321,82,0,0
627389,1,75,2413,28,0,42,164365.41,149732,321,82,0,0
627472,1,75,2412,28,0,42,164365.41,149732,321,82,0,0
627627,1,75,2406,27,0,42,164365.41,149732,321,82,0,0
627727,1,75,2404,32,0,42,164365.41,149732,321,82,0,0
627876,1,75,2404,32,0,42,164365.41,149732,321,82,0,0
627971,1,75,2407,40,0,42,164365.41,149732,321,82,0,0
628071,1,75,2430,47,0,42,164365.41,149732,321,82,0,0
628219,1,75,2415,50,0,42,164365.41,149732,321,82,0,0
628368,1,75,2400,54,0,42,164365.41,149732,321,82,0,0
628473,1,75,2425,57,0,42,164365.41,149732,321,82,0,0
628571,1,75,2401,57,0,42,164366.45,149732,321,82,0,0
628719,1,75,2422,64,0,42,164366.45,149732,321,82,0,0
628740,1,75,2422,70,0,42,164366.45,149732,321,82,0,0
628945,1,75,2424,70,0,42,164366.45,149732,321,82,0,0
629072,1,76,2430,70,0,42,164366.45,149732,321,82,0,0
629172,1,76,2401,75,0,42,164366.45,149732,321,82,0,0
629274,1,76,2434,85,0,42,164366.45,149732,321,82,0,0
629388,1,76,2434,85,0,42,164367.50,149732,321,82,0,0
629545,1,76,2458,100,0,42,164367.50,149732,324,82,0,0
629645,1,76,2456,103,0,42,164367.50,149732,324,82,0,0
629745,1,76,2444,104,0,42,164367.50,149732,324,82,0,0
629875,1,76,2444,104,0,42,164367.50,149732,324,82,0,0
630019,1,77,2476,107,0,42,164368.52,149732,324,82,0,0
630127,1,77,2487,107,0,42,164368.52,149732,324,82,0,0
630245,1,77,2464,108,0,42,164368.52,149732,324,82,0,0
630272,1,77,2464,108,0,42,164368.52,149732,324,82,0,0
630472,1,78,2480,108,0,42,164369.56,149732,324,82,0,0
630619,1,78,2525,117,0,42,164369.56,149732,324,82,0,0
630727,1,78,2506,119,0,42,164369.56,149732,324,82,0,0
630757,1,78,2506,119,0,42,164369.56,149732,324,82,0,0
630971,1,79,2497,126,0,42,164370.69,149732,324,82,0,0
631079,1,79,2541,132,0,42,164370.69,149732,324,82,0,0
631219,1,79,2537,134,0,42,164370.69,149732,324,82,0,0
631245,1,80,2537,135,0,42,164370.69,149732,324,82,0,0
631449,1,80,2587,135,0,42,164371.77,149732,324,82,0,0
631571,1,80,2585,135,0,42,164371.77,149732,324,82,0,0
631690,1,81,2590,135,0,42,164372.81,149732,324,82,0,0
631727,1,81,2606,135,0,42,164372.81,149732,324,82,0,0
631927,1,81,2610,135,0,42,164372.81,149732,324,82,0,0
632045,1,82,2611,135,0,42,164373.83,149732,324,82,0,0
632145,1,82,2640,135,0,42,164373.83,149732,324,82,0,0
632245,1,83,2640,135,0,42,164373.83,149732,324,83,0,0
632386,1,83,2640,135,0,42,164374.86,149732,324,83,0,0
632519,1,83,2677,135,0,42,164374.86,149732,324,83,0,0
632627,1,84,2679,135,0,42,164375.91,149732,324,83,0,0
632745,1,84,2717,133,0,42,164375.91,149732,324,83,0,0
632745,1,84,2717,133,0,42,164375.91,149732,324,83,0,0
632971,1,85,2743,126,0,42,164376.95,149732,324,83,0,0
633127,1,85,2751,122,0,42,164376.95,149732,324,83,0,0
633245,1,86,2732,116,0,42,164377.97,149732,324,83,0,0
633386,1,86,2732,116,0,42,164377.97,149732,324,83,0,0
633473,1,86,2696,116,0,42,164377.97,149732,324,83,0,0
633619,1,86,2623,0,0,42,164377.97,149732,324,83,0,0
633727,1,86,2489,0,0,42,164379.03,149732,324,83,0,0
633872,1,86,2393,0,0,42,164379.03,149732,324,83,0,0
633971,1,86,2112,0,0,42,164379.03,149732,324,83,0,0
634119,1,86,1958,0,0,42,164379.03,149732,324,83,0,0
634227,1,86,1901,0,0,42,164379.03,149732,324,83,0,0
634245,1,86,1901,0,0,42,164379.03,149732,324,83,0,0
634471,1,86,1673,0,0,42,164379.03,149732,324,83,0,0
634571,1,86,1622,0,0,42,164379.03,149732,324,83,0,0
634690,1,85,1588,0,0,42,164379.03,149732,324,83,0,0
634728,1,85,1559,0,0,42,164379.03,149732,324,83,0,0
634940,1,85,1709,11,0,42,164379.03,149732,324,83,0,0
635045,1,85,1902,13,0,42,164379.03,149732,324,83,0,0
635172,1,85,2330,19,0,42,164379.03,149732,324,83,0,0
635228,1,85,2340,22,0,42,164379.03,149732,324,83,0,0
635384,1,85,2340,22,0,42,164379.03,149732,324,83,0,0
635528,1,85,2329,38,0,42,164379.03,149732,324,83,0,0
635645,1,85,2320,61,0,42,164379.03,149732,324,83,0,0
635727,1,85,2317,92,0,42,164379.03,149732,324,83,0,0
635872,1,85,2413,92,0,42,164379.03,149732,324,83,0,0
635972,1,85,2360,119,0,42,164379.03,149732,324,83,0,0
636127,1,85,2331,129,0,42,164380.11,149732,324,83,0,0
636245,1,85,2336,130,0,42,164380.11,149732,324,83,0,0
636384,1,85,2336,130,0,42,164380.11,149732,324,83,0,0
636473,1,86,2336,130,0,42,164381.11,149732,324,83,0,0
636572,1,86,2352,130,0,42,164381.11,149732,324,83,0,0
636727,1,86,2374,130,0,42,164381.11,149732,324,83,0,0
636872,1,87,2374,130,0,42,164381.11,149732,324,83,0,0
636972,1,87,2389,132,0,42,164382.23,149732,324,83,0,0
637072,1,87,2382,132,0,42,164382.23,149732,324,83,0,0
637227,1,88,2431,132,0,42,164383.30,149732,324,83,0,0
637227,1,88,2431,132,0,42,164383.30,149732,324,83,0,0
637449,1,89,2405,132,0,42,164383.30,149732,324,83,0,0
637572,1,89,2439,132,0,42,164383.30,149732,324,83,0,0
637690,1,89,2448,132,0,42,164384.39,149732,324,83,0,0
637727,1,89,2457,132,0,42,164384.39,149732,324,83,0,0
637928,1,89,2457,132,0,42,164384.39,149732,324,83,0,0
638045,1,90,2493,132,0,42,164385.50,149732,324,83,0,0
638169,1,90,2464,132,0,42,164385.50,149732,324,83,0,0
638227,1,90,2464,132,0,42,164385.50,149732,324,83,0,0
638383,1,91,2464,132,0,42,164385.50,149732,324,83,0,0
638527,1,91,2526,132,0,42,164386.62,149732,324,83,0,0
638644,1,92,2501,132,0,42,164386.62,149732,324,83,0,0
638744,1,92,2509,132,0,42,164387.80,149732,324,83,0,0
638895,1,92,2546,132,0,42,164387.80,149732,324,83,0,0
639025,1,93,2546,132,0,42,164387.80,149732,324,83,0,0
639147,1,93,2546,132,0,42,164389.00,149732,324,83,0,0
639245,1,94,2549,132,0,42,164389.00,149732,324,83,0,0
639382,1,94,2581,132,0,42,164389.00,149732,324,83,0,0
639473,1,94,2580,132,0,42,164390.00,149732,324,83,0,0
639619,1,95,2561,130,0,42,164390.00,149732,324,83,0,0
639728,1,95,2604,130,0,42,164391.00,149732,324,84,0,0
639872,1,95,2607,130,0,42,164391.00,149732,324,84,0,0
639972,1,96,2640,130,0,42,164392.03,149732,324,84,0,0
640119,1,96,2636,130,0,42,164392.03,149732,324,84,0,0
640228,1,96,2635,130,0,42,164393.06,149732,324,84,0,0
640244,1,97,2635,130,0,42,164393.06,149732,324,84,0,0
640472,1,97,2664,129,0,42,164393.06,149732,324,84,0,0
640572,1,97,2664,128,0,42,164394.09,149732,324,84,0,0
640690,1,98,2680,128,0,42,164394.09,149732,324,84,0,0
640744,1,98,2656,128,0,42,164394.09,149732,324,84,0,0
640944,1,99,2717,128,0,42,164395.14,149732,324,84,0,0
641069,1,99,2710,128,0,42,164395.14,149732,324,84,0,0
641172,1,99,2708,128,0,42,164396.19,149732,324,84,0,0
641227,1,99,2741,128,0,42,164396.19,149732,324,84,0,0
641381,1,99,2709,128,0,42,164396.19,149732,324,84,0,0
641527,1,100,2749,128,0,42,164396.19,149732,324,84,0,0
641644,1,100,2739,128,0,42,164397.23,149732,324,84,0,0
641744,1,100,2745,128,0,42,164397.23,149732,324,84,0,0
641893,1,100,2757,128,0,42,164398.28,149732,324,84,0,0
642025,1,101,2774,128,0,42,164398.28,149732,324,84,0,0
642127,1,101,2778,128,0,42,164399.36,149732,324,84,0,0
642244,1,102,2813,128,0,42,164399.36,149732,324,84,0,0
642380,1,102,2781,128,0,42,164399.36,149732,324,84,0,0
642472,1,102,2808,128,0,42,164400.45,149732,324,84,0,0
642631,1,102,2808,127,0,42,164400.45,149732,324,84,0,0
642727,1,103,2802,127,0,42,164401.53,149732,324,84,0,0
642772,1,103,2802,127,0,42,164401.53,149732,324,84,0,0
642972,1,103,2818,127,0,42,164401.53,149732,324,84,0,0
643072,1,104,2823,127,0,42,164402.62,149732,324,84,0,0
643220,1,104,2854,127,0,42,164402.62,149732,324,84,0,0
643244,1,104,2854,127,0,42,164402.62,149732,324,84,0,0
643456,1,104,2858,127,0,42,164403.73,149732,324,84,0,0
643572,1,105,2862,127,0,42,164403.73,149732,324,84,0,0
643690,1,105,2863,127,0,42,164404.84,149732,324,84,0,0
643744,1,105,2867,127,0,42,164404.84,149732,324,84,0,0
643892,1,105,2867,127,0,42,164404.84,149732,324,84,0,0
644044,1,106,2906,127,0,42,164405.95,149732,324,84,0,0
644144,1,106,2908,127,0,42,164405.95,149732,324,84,0,0
644225,1,106,2909,127,0,42,164405.95,149732,324,84,0,0
644379,1,106,2909,127,0,42,164407.08,149732,324,84,0,0
644528,1,106,2912,127,0,42,164407.08,149732,324,84,0,0
644644,1,107,2912,127,0,42,164408.20,149732,324,84,0,0
644744,1,107,2915,127,0,42,164408.20,149732,324,84,0,0
644891,1,107,2916,127,0,42,164408.20,149732,324,84,0,0
645019,1,107,2938,127,0,42,164409.34,149732,324,84,0,0
645128,1,108,2918,127,0,42,164409.34,149732,324,84,0,0
645244,1,108,2922,127,0,42,164410.47,149732,324,84,0,0
645378,1,108,2954,127,0,42,164410.47,149732,324,84,0,0
645473,1,108,2956,127,0,42,164410.47,149733,324,84,0,0
645631,1,109,2953,127,0,42,164411.61,149733,324,84,0,0
645725,1,109,2983,127,0,42,164411.61,149733,324,84,0,0
645772,1,109,2951,127,0,42,164411.61,149733,324,84,0,0
645972,1,109,2985,127,0,42,164412.75,149733,324,84,0,0
646072,1,110,2976,127,0,42,164412.75,149733,324,84,0,0
646219,1,109,2983,127,0,42,164413.89,149733,324,84,0,0
646244,1,110,2995,127,0,42,164413.89,149733,324,84,0,0
646448,1,110,2995,127,0,42,164413.89,149733,324,84,0,0
646572,1,110,3031,127,0,42,164415.05,149733,324,84,0,0
646672,1,110,3030,127,0,42,164415.05,149733,324,84,0,0
646782,1,111,3031,127,0,42,164415.05,149733,324,84,0,0
646890,1,111,3031,127,0,42,164415.05,149733,324,84,0,0
647044,1,111,3037,127,0,42,164416.20,149733,324,84,0,0
647144,1,111,3031,127,0,42,164416.20,149733,324,84,0,0
647275,1,112,3053,127,0,42,164417.38,149733,324,84,0,0
647275,1,112,3053,127,0,42,164417.38,149733,324,84,0,0
647473,1,112,3068,127,0,42,164418.53,149733,324,84,0,0
647631,1,112,3040,128,0,42,164418.53,149733,324,84,0,0
647744,1,112,3073,128,0,42,164419.70,149733,324,84,0,0
647889,1,112,3041,128,0,42,164419.70,149733,324,84,0,0
647972,1,113,3081,128,0,42,164419.70,149733,324,84,0,0
648119,1,113,3093,128,0,42,164420.89,149733,324,84,0,0
648225,1,113,3091,128,0,42,164420.89,149733,324,84,0,0
648255,1,113,3091,128,0,42,164420.89,149733,324,84,0,0
648473,1,113,3101,128,0,42,164422.08,149733,324,84,0,0
648572,1,114,3135,128,0,42,164422.08,149733,324,84,0,0
648689,1,114,3117,128,0,42,164423.25,149733,324,84,0,0
648724,1,114,3119,128,0,42,164423.25,149733,324,84,0,0
648944,1,114,3121,116,0,42,164423.25,149733,324,84,0,0
649059,1,115,3121,116,0,42,164424.44,149733,324,84,0,0
649172,1,115,3126,116,0,42,164424.44,149733,324,84,0,0
649269,1,115,3108,114,0,42,164424.44,149733,324,84,0,0
649401,1,115,3140,114,0,42,164425.55,149733,324,84,0,0
649525,1,115,3143,112,0,42,164425.55,149733,324,84,0,0
649644,1,115,3144,114,0,42,164425.55,149733,324,84,0,0
649725,1,115,3150,115,0,42,164426.69,149733,324,84,0,0
649888,1,115,3150,115,0,42,164426.69,149733,324,84,0,0
650019,1,115,3137,116,0,42,164426.69,149733,324,84,0,0
650130,1,115,3143,116,0,42,164427.86,149733,324,84,0,0
650244,1,116,3180,116,0,42,164427.86,149733,324,84,0,0
650375,1,116,3148,118,0,42,164427.86,149733,324,84,0,0
650472,1,116,3188,118,0,42,164427.86,149733,324,84,0,0
650630,1,116,3193,119,0,42,164429.05,149733,324,84,0,0
650744,1,116,3194,119,0,42,164429.05,149733,324,84,0,0
650887,1,116,3194,119,0,42,164430.05,149733,324,84,0,0
650972,1,116,3182,119,0,42,164430.05,149733,324,84,0,0
651125,1,116,3171,119,0,42,164431.05,149733,324,84,0,0
651244,1,117,3174,119,0,42,164431.05,149733,324,84,0,0
651244,1,117,3174,119,0,42,164431.05,149733,324,84,0,0
651473,1,117,3178,119,0,42,164432.08,149733,324,84,0,0
651572,1,117,3179,119,0,42,164432.08,149733,324,84,0,0
651689,1,117,3179,119,0,42,164432.08,149733,324,84,0,0
651724,1,117,3181,119,0,42,164433.11,149733,324,84,0,0
651944,1,117,3211,119,0,42,164433.11,149733,324,84,0,0
652069,1,117,3202,119,0,42,164433.11,149733,324,84,0,0
652172,1,118,3215,119,0,42,164434.14,149733,324,84,0,0
652269,1,118,3219,117,0,42,164434.14,149733,324,84,0,0
652399,1,118,3219,117,0,42,164434.14,149733,324,84,0,0
652544,1,118,3223,28,0,42,164435.17,149733,324,84,0,0
652669,1,117,3167,2,0,42,164435.17,149733,324,84,0,0
652744,1,117,3199,0,0,42,164435.17,149733,324,84,0,0
652886,1,117,3199,0,0,42,164436.23,149733,324,84,0,0
653025,1,117,3171,2,0,42,164436.23,149733,324,84,0,0
653144,1,117,3182,9,0,42,164436.23,149733,324,84,0,0
653244,1,116,3184,21,0,42,164436.23,149733,324,84,0,0
653399,1,116,3184,21,0,42,164436.23,149733,324,84,0,0
653519,1,116,3159,32,0,42,164436.23,149733,324,84,0,0
653630,1,116,3136,33,0,42,164436.23,149733,324,84,0,0
653725,1,116,3146,33,0,42,164436.23,149733,324,84,0,0
653773,1,116,3146,33,0,42,164436.23,149733,324,84,0,0
653972,1,116,3161,33,0,42,164436.23,149733,324,84,0,0
654072,1,116,3162,33,0,42,164436.23,149733,324,84,0,0
654225,1,115,3154,33,0,42,164437.28,149733,324,84,0,0
654272,1,115,3154,33,0,42,164437.28,149733,324,84,0,0
654449,1,115,3117,39,0,42,164437.28,149733,324,84,0,0
654572,1,115,3117,51,0,42,164437.28,149733,324,84,0,0
654689,1,115,3104,64,0,42,164437.28,149733,324,84,0,0
654783,1,115,3127,67,0,42,164437.28,149733,324,84,0,0
654925,1,115,3130,73,0,42,164437.28,149733,324,84,0,0
655044,1,115,3134,75,0,42,164437.28,149733,324,84,0,0
655172,1,114,3124,75,0,42,164438.33,149733,324,84,0,0
655244,1,115,3130,75,0,42,164438.33,149733,324,84,0,0
655398,1,115,3130,75,0,42,164438.33,149733,324,84,0,0
655525,1,115,3108,75,0,42,164438.33,149733,324,84,0,0
655644,1,114,3106,75,0,42,164438.33,149733,324,84,0,0
655744,1,114,3135,75,0,42,164439.42,149733,324,84,0,0
655884,1,114,3135,75,0,42,164439.42,149733,324,84,0,0
655972,1,114,3133,75,0,42,164439.42,149733,324,84,0,0
656130,1,114,3133,73,0,42,164439.42,149733,324,84,0,0
656244,1,114,3132,71,0,42,164439.42,149733,324,84,0,0
656375,1,114,3116,71,0,42,164439.42,149733,324,84,0,0
656473,1,114,3134,71,0,42,164440.50,149733,324,84,0,0
656625,1,114,3133,71,0,42,164440.50,149733,324,84,0,0
656775,1,114,3133,71,0,42,164440.50,149733,324,84,0,0
656919,1,114,3133,71,0,42,164440.50,149733,324,84,0,0
657044,1,114,3135,71,0,42,164441.52,149733,324,84,0,0
657144,1,114,3134,71,0,42,164441.52,149733,324,84,0,0
657244,1,114,3127,71,0,42,164441.52,149733,324,84,0,0
657375,1,114,3125,71,0,42,164441.52,149733,324,84,0,0
657521,1,114,3133,71,0,42,164441.52,149733,324,84,0,0
657630,1,114,3107,71,0,42,164442.52,149733,324,84,0,0
657744,1,114,3106,71,0,42,164442.52,149733,324,84,0,0
657883,1,114,3106,71,0,42,164442.52,149733,324,84,0,0
657972,1,114,3135,70,0,42,164442.52,149733,324,84,0,0
658130,1,114,3128,69,0,42,164442.52,149733,324,84,0,0
658244,1,114,3111,67,0,42,164443.53,149733,324,84,0,0
658375,1,114,3110,67,0,42,164443.53,149733,324,84,0,0
658473,1,113,3078,67,0,42,164443.53,149733,324,84,0,0
658572,1,113,3073,67,0,42,164443.53,149733,324,84,0,0
658725,1,114,3072,64,0,42,164443.53,149733,324,84,0,0
658772,1,113,3072,64,0,42,164444.58,149733,324,84,0,0
658972,1,113,3089,64,0,42,164444.58,149733,324,84,0,0
659087,1,113,3080,64,0,42,164444.58,149733,324,84,0,0
659189,1,113,3075,64,0,42,164444.58,149733,324,84,0,0
659244,1,113,3084,64,0,42,164444.58,149733,324,84,0,0
659446,1,113,3088,51,0,42,164444.58,149733,324,84,0,0
659559,1,113,3080,44,0,42,164444.58,149733,325,84,0,0
659672,1,113,3091,42,0,42,164445.64,149733,325,84,0,0
659780,1,113,3097,42,0,42,164445.64,149733,325,84,0,0
659919,1,113,3097,42,0,42,164445.64,149733,325,84,0,0
660044,1,112,3090,42,0,42,164445.64,149733,325,84,0,0
660144,1,112,3098,42,0,42,164445.64,149733,325,84,0,0
660244,1,112,3068,43,0,42,164445.64,149733,325,84,0,0
660394,1,112,3068,43,0,42,164445.64,149733,325,84,0,0
660525,1,112,3042,47,0,42,164445.64,149733,325,84,0,0
660630,1,112,3060,47,0,42,164445.64,149733,325,84,0,0
660744,1,112,3057,48,0,42,164446.67,149733,325,84,0,0
660881,1,112,3057,48,0,42,164446.67,149733,325,84,0,0
660972,1,112,3057,49,0,42,164446.67,149733,325,84,0,0
661125,1,111,3064,49,0,42,164446.67,149733,325,84,0,0
661244,1,111,3061,49,0,42,164446.67,149733,325,84,0,0
661272,1,111,3029,49,0,42,164446.67,149733,325,84,0,0
661472,1,111,3034,49,0,42,164446.67,149733,325,84,0,0
661572,1,111,3036,49,0,42,164446.67,149733,325,84,0,0
661689,1,111,3010,49,0,42,164447.70,149733,325,84,0,0
661744,1,111,3017,50,0,42,164447.70,149733,325,84,0,0
661949,1,111,3014,50,0,42,164447.70,149733,325,84,0,0
662059,1,111,3039,50,0,42,164447.70,149733,325,84,0,0
662175,1,111,3037,50,0,42,164447.70,149733,325,84,0,0
662244,1,111,3033,51,0,42,164447.70,149733,325,84,0,0
662393,1,111,3033,51,0,42,164447.70,149733,325,84,0,0
662544,1,110,3025,49,0,42,164447.70,149733,325,84,0,0
662644,1,110,3029,49,0,42,164447.70,149733,325,84,0,0
662772,1,110,3032,49,0,42,164448.75,149733,325,84,0,0
662905,1,110,3032,49,0,42,164448.75,149733,325,84,0,0
663044,1,110,2996,49,0,42,164448.75,149733,325,84,0,0
663144,1,110,2992,49,0,42,164448.75,149733,325,84,0,0
663272,1,110,2985,49,0,42,164448.75,149733,325,84,0,0
663272,1,110,2985,49,0,42,164448.75,149733,325,84,0,0
663524,1,110,2996,49,0,42,164448.75,149733,325,84,0,0
663644,1,110,2998,49,0,42,164449.75,149733,325,84,0,0
663744,1,110,2998,49,0,42,164449.75,149733,325,84,0,0
663772,1,110,2998,49,0,42,164449.75,149733,325,84,0,0
663972,1,109,2986,49,0,42,164449.75,149733,325,84,0,0
664072,1,109,2983,50,0,42,164449.75,149733,325,84,0,0
664244,1,109,2993,54,0,42,164449.75,149733,325,84,0,0
664272,1,109,2993,54,0,42,164449.75,149733,325,84,0,0
664472,1,109,2995,55,0,42,164449.75,149733,325,84,0,0
664572,1,109,3000,55,0,42,164450.78,149733,325,84,0,0
664719,1,109,2963,55,0,42,164450.78,149733,325,84,0,0
664744,1,109,2991,55,0,42,164450.78,149733,325,84,0,0
664947,1,109,2978,55,0,42,164450.78,149733,325,84,0,0
665069,1,109,2985,55,0,42,164450.78,149733,325,84,0,0
665172,1,109,2955,55,0,42,164450.78,149733,325,84,0,0
665279,1,109,2957,55,0,42,164450.78,149733,325,84,0,0
665391,1,109,2957,55,0,42,164450.78,149733,325,84,0,0
665544,1,109,2944,57,0,42,164451.80,149733,325,84,0,0
665644,1,109,2946,57,0,42,164451.80,149733,325,84,0,0
665750,1,109,2953,57,0,42,164451.80,149733,325,84,0,0
665904,1,109,2953,57,0,42,164451.80,149733,325,84,0,0
666024,1,109,2965,57,0,42,164451.80,149733,325,84,0,0
666130,1,109,2963,57,0,42,164451.80,149733,325,84,0,0
666244,1,109,2955,57,0,42,164451.80,149733,325,84,0,0
666391,1,109,2955,57,0,42,164451.80,149733,325,84,0,0
666472,1,109,2961,63,0,42,164452.83,149733,325,84,0,0
666624,1,108,2949,65,0,42,164452.83,149733,325,84,0,0
666744,1,108,2953,65,0,42,164452.83,149733,325,84,0,0
666744,1,108,2953,65,0,42,164452.83,149733,325,84,0,0
666972,1,109,2963,66,0,42,164452.83,149733,325,84,0,0
667072,1,108,2964,67,0,42,164452.83,149733,325,84,0,0
667224,1,108,2964,67,0,42,164453.86,149733,325,84,0,0
667272,1,108,2964,67,0,42,164453.86,149733,325,84,0,0
667426,1,108,2964,67,0,42,164453.86,149733,325,84,0,0
667572,1,108,2956,67,0,42,164453.86,149733,325,84,0,0
667689,1,108,2951,67,0,42,164453.86,149733,325,84,0,0
667772,1,109,2955,67,0,42,164453.86,149733,325,84,0,0
667939,1,109,2955,67,0,42,164453.86,149733,325,84,0,0
668059,1,108,2966,67,0,42,164454.94,149733,325,83,0,0
668172,1,108,2966,67,0,42,164454.94,149733,325,83,0,0
668244,1,109,2966,67,0,42,164454.94,149733,325,83,0,0
668389,1,109,2966,67,0,42,164454.94,149733,325,83,0,0
668524,1,109,2964,67,0,42,164454.94,149733,325,83,0,0
668644,1,109,2955,67,0,42,164454.94,149733,325,83,0,0
668771,1,109,2950,67,0,42,164456.02,149733,325,83,0,0
668902,1,109,2950,67,0,42,164456.02,149733,325,83,0,0
669024,1,109,2961,67,0,42,164456.02,149733,325,83,0,0
669144,1,109,2963,67,0,42,164456.02,149733,325,83,0,0
669244,1,109,2965,67,0,42,164456.02,149733,325,83,0,0
669271,1,109,2965,67,0,42,164456.02,149733,325,83,0,0
669471,1,109,2997,67,0,42,164456.02,149733,325,83,0,0
669571,1,109,2992,67,0,42,164457.09,149733,325,83,0,0
669724,1,109,2950,67,0,42,164457.09,149733,325,83,0,0
669774,1,109,2982,67,0,42,164457.09,149733,325,83,0,0
669945,1,109,2961,67,0,42,164457.09,149733,325,83,0,0
670072,1,109,2996,67,0,42,164457.09,149733,325,83,0,0
670189,1,109,2995,67,0,42,164457.09,149733,325,83,0,0
670272,1,109,2995,67,0,42,164458.17,149733,325,83,0,0
670425,1,109,2988,67,0,42,164458.17,149733,325,83,0,0
670559,1,109,2983,67,0,42,164458.17,149733,325,83,0,0
670671,1,109,2957,66,0,42,164458.17,149733,325,83,0,0
670771,1,109,2995,66,0,42,164458.17,149733,325,83,0,0
670771,1,109,2995,66,0,42,164458.17,149733,325,83,0,0
671024,1,109,2991,65,0,42,164458.17,149733,325,83,0,0
671144,1,109,2988,65,0,42,164459.25,149733,325,83,0,0
671244,1,109,2985,65,0,42,164459.25,149733,325,83,0,0
671388,1,109,2985,65,0,42,164459.25,149733,325,83,0,0
671524,1,109,2999,65,0,42,164459.25,149733,325,83,0,0
671630,1,109,3007,65,0,42,164459.25,149733,325,83,0,0
671746,1,110,2978,65,0,42,164459.25,149733,325,83,0,0
671772,1,110,2978,65,0,42,164459.25,149733,325,83,0,0
671972,1,109,2983,65,0,42,164460.28,149733,325,83,0,0
672130,1,110,2983,65,0,42,164460.28,149733,325,83,0,0
672244,1,110,3006,65,0,42,164460.28,149733,325,83,0,0
672244,1,110,3006,65,0,42,164460.28,149733,325,83,0,0
672472,1,110,2977,65,0,42,164460.28,149733,325,83,0,0
672572,1,110,2981,65,0,42,164460.28,149733,325,83,0,0
672719,1,110,2985,65,0,42,164461.33,149733,325,83,0,0
672744,1,110,2987,65,0,42,164461.33,149733,325,83,0,0
672944,1,110,2987,65,0,42,164461.33,149733,325,83,0,0
673069,1,110,2981,65,0,42,164461.33,149733,325,83,0,0
673174,1,110,3039,65,0,42,164461.33,149733,325,83,0,0
673272,1,110,3011,65,0,42,164461.33,149733,325,83,0,0
673420,1,110,3011,64,0,42,164461.33,149733,325,83,0,0
673544,1,110,3019,64,0,42,164462.38,149733,325,83,0,0
673644,1,110,3019,64,0,42,164462.38,149733,325,83,0,0
673744,1,110,3017,64,0,42,164462.38,149733,325,83,0,0
673899,1,110,3017,64,0,42,164462.38,149733,325,83,0,0
674024,1,110,3031,64,0,42,164462.38,149733,325,83,0,0
674144,1,111,3037,64,0,42,164462.38,149733,325,83,0,0
674244,1,110,3039,64,0,42,164463.41,149733,325,83,0,0
674272,1,110,3039,64,0,42,164463.41,149733,325,83,0,0
674474,1,111,3035,64,0,42,164463.41,149733,325,83,0,0
674572,1,110,3027,64,0,42,164463.41,149733,325,83,0,0
674724,1,111,3008,64,0,42,164463.41,149733,325,83,0,0
674773,1,111,3008,64,0,42,164463.41,149733,325,83,0,0
674971,1,111,3011,63,0,42,164463.41,149733,325,83,0,0
675072,1,111,3011,63,0,42,164464.42,149733,325,83,0,0
675189,1,111,3035,63,0,42,164464.42,149733,325,83,0,0
675273,1,111,3021,62,0,42,164464.42,149733,325,83,0,0
675447,1,111,3021,62,0,42,164464.42,149733,325,83,0,0
675568,1,111,3032,62,0,42,164464.42,149733,325,83,0,0
675674,1,111,3032,62,0,42,164464.42,149733,325,83,0,0
675773,1,111,3032,62,0,42,164464.42,149733,325,83,0,0
675824,1,111,3026,62,0,42,164465.42,149733,325,83,0,0
676058,1,111,3028,62,0,42,164465.42,149733,325,83,0,0
676174,1,111,3031,62,0,42,164465.42,149733,325,83,0,0
676273,1,110,3035,62,0,42,164465.42,149733,325,83,0,0
676273,1,110,3035,62,0,42,164465.42,149733,325,83,0,0
676543,1,110,3030,62,0,42,164465.42,149733,325,82,0,0
676644,1,110,3022,62,0,42,164465.42,149733,325,82,0,0
676773,1,110,3024,62,0,42,164466.50,149733,325,82,0,0
676773,1,110,3024,62,0,42,164466.50,149733,325,82,0,0
677024,1,110,3035,62,0,42,164466.50,149733,325,82,0,0
677153,1,110,3002,62,0,42,164466.50,149733,325,82,0,0
677268,1,110,2991,62,0,42,164466.50,149733,325,82,0,0
677308,1,110,2991,62,0,42,164466.50,149733,325,82,0,0
677447,1,110,2986,62,0,42,164466.50,149734,325,82,0,0
677572,1,110,2997,62,0,42,164466.50,149734,325,82,0,0
677724,1,110,2999,62,0,42,164467.50,149734,325,82,0,0
677773,1,110,2999,62,0,42,164467.50,149734,325,82,0,0
677972,1,110,2986,62,0,42,164467.50,149734,325,82,0,0
678072,1,110,2984,62,0,42,164467.50,149734,325,82,0,0
678188,1,110,2992,62,0,42,164467.50,149734,325,82,0,0
678273,1,110,2996,62,0,42,164467.50,149734,325,82,0,0
678425,1,110,2999,62,0,42,164467.50,149734,325,82,0,0
678558,1,110,2997,62,0,42,164468.58,149734,325,82,0,0
678674,1,109,2987,62,0,42,164468.58,149734,325,82,0,0
678773,1,110,2986,62,0,42,164468.58,149734,325,82,0,0
678924,1,110,2999,62,0,42,164468.58,149734,325,82,0,0
679043,1,109,2999,62,0,42,164468.58,149734,325,82,0,0
679168,1,109,2999,62,0,42,164468.58,149734,325,82,0,0
679273,1,109,2991,62,0,42,164469.66,149734,325,82,0,0
679308,1,109,2991,62,0,42,164469.66,149734,325,82,0,0
679518,1,109,2997,62,0,42,164469.66,149734,325,82,0,0
679630,1,109,3000,62,0,42,164469.66,149734,325,82,0,0
679743,1,109,2969,62,0,42,164469.66,149734,325,82,0,0
679776,1,109,3001,62,0,42,164469.66,149734,325,82,0,0
679989,1,109,2988,62,0,42,164469.66,149734,325,82,0,0
680072,1,109,2986,62,0,42,164470.73,149734,325,82,0,0
680218,1,109,2963,62,0,42,164470.73,149734,325,82,0,0
680273,1,109,2966,62,0,42,164470.73,149734,325,82,0,0
680448,1,109,2966,62,0,42,164470.73,149734,325,82,0,0
680571,1,109,2964,62,0,42,164470.73,149734,325,82,0,0
680688,1,109,2955,62,0,42,164470.73,149734,325,82,0,0
680773,1,109,2958,62,0,42,164470.73,149734,325,82,0,0
680924,1,109,2963,62,0,42,164470.73,149734,325,82,0,0
681058,1,109,2962,62,0,42,164471.81,149734,325,82,0,0
681174,1,109,2955,62,0,42,164471.81,149734,325,82,0,0
681274,1,109,2950,62,0,42,164471.81,149734,325,82,0,0
681407,1,109,2950,62,0,42,164471.81,149734,325,82,0,0
681524,1,109,2961,62,0,42,164471.81,149734,325,82,0,0
681643,1,108,2961,62,0,42,164471.81,149734,325,82,0,0
681773,1,108,2961,62,0,42,164472.88,149734,325,82,0,0
681812,1,108,2961,62,0,42,164472.88,149734,325,82,0,0
682024,1,108,2957,62,0,42,164472.88,149734,325,82,0,0
682143,1,108,2960,62,0,42,164472.88,149734,325,82,0,0
682243,1,108,2962,62,0,42,164472.88,149734,325,82,0,0
682324,1,108,2963,62,0,42,164472.88,149734,325,82,0,0
682447,1,108,2963,62,0,42,164472.88,149734,325,82,0,0
682572,1,108,2951,62,0,42,164472.88,149734,325,82,0,0
682724,1,108,2930,62,0,42,164473.94,149734,325,82,0,0
682773,1,108,2962,62,0,42,164473.94,149734,325,82,0,0
682962,1,108,2933,62,0,42,164473.94,149734,325,82,0,0
683072,1,108,2932,62,0,42,164473.94,149734,325,82,0,0
683188,1,108,2921,62,0,42,164473.94,149734,325,82,0,0
683273,1,108,2919,60,0,42,164473.94,149734,325,82,0,0
683431,1,108,2927,58,0,42,164473.94,149734,325,82,0,0
683543,1,107,2943,58,0,42,164475.00,149734,325,82,0,0
683668,1,107,2941,58,0,42,164475.00,149734,325,82,0,0
683773,1,107,2927,58,0,42,164475.00,149734,325,82,0,0
683918,1,107,2927,58,0,42,164475.00,149734,325,82,0,0
684024,1,107,2933,58,0,42,164475.00,149734,325,82,0,0
684143,1,107,2938,58,0,42,164475.00,149734,325,82,0,0
684273,1,107,2940,58,0,42,164475.00,149734,325,82,0,0
684273,1,107,2940,58,0,42,164475.00,149734,325,82,0,0
684447,1,107,2940,58,0,42,164475.00,149734,325,82,0,0
684629,1,107,2935,58,0,42,164476.06,149734,325,82,0,0
684743,1,107,2907,58,0,42,164476.06,149734,325,82,0,0
684833,1,107,2942,58,0,42,164476.06,149734,325,82,0,0
684986,1,107,2942,58,0,42,164476.06,149734,325,82,0,0
685071,1,107,2935,61,0,42,164476.06,149734,325,82,0,0
685218,1,107,2933,62,0,42,164476.06,149734,325,82,0,0
685317,1,107,2917,62,0,42,164477.14,149734,325,82,0,0
685443,1,107,2892,63,0,42,164477.14,149734,325,82,0,0
685572,1,107,2902,65,0,42,164477.14,149734,325,82,0,0
685688,1,107,2888,65,0,42,164477.14,149734,325,82,0,0
685773,1,107,2889,66,0,42,164477.14,149734,325,82,0,0
685924,1,107,2908,79,0,42,164477.14,149734,325,82,0,0
686043,1,107,2888,82,0,42,164477.14,149734,325,82,0,0
686168,1,107,2932,88,0,42,164478.19,149734,325,82,0,0
686273,1,107,2929,120,0,42,164478.19,149734,325,82,0,0
686273,1,107,2929,120,0,42,164478.19,149734,325,82,0,0
686524,1,107,2940,189,0,42,164478.19,149734,325,82,0,0
686643,1,107,2919,212,0,42,164478.19,149734,325,82,0,0
686768,1,108,2924,219,0,42,164479.27,149734,325,82,0,0
686778,1,108,2956,219,0,42,164479.27,149734,325,82,0,0
687024,1,108,2972,222,0,42,164480.53,149734,325,82,0,0
687129,1,108,2973,220,0,42,164480.53,149734,325,82,0,0
687243,1,109,2976,218,0,42,164481.77,149734,325,82,0,0
687279,1,109,2976,218,0,42,164481.77,149734,325,82,0,0
687480,1,110,2976,214,0,42,164481.77,149734,325,82,0,0
687572,1,110,3033,210,0,42,164481.77,149734,325,82,0,0
687724,1,110,3012,210,0,42,164482.97,149734,325,82,0,0
687834,1,111,3035,210,0,42,164484.19,149734,325,82,0,0
687943,1,111,3067,210,0,42,164484.19,149734,325,82,0,0
688072,1,112,3069,206,0,42,164485.44,149734,325,82,0,0
688188,1,112,3094,205,0,42,164485.44,149734,325,82,0,0
688272,1,112,3092,205,0,42,164486.67,149734,325,82,0,0
688272,1,112,3092,205,0,42,164486.67,149734,325,82,0,0
688558,1,113,3118,205,0,42,164486.67,149734,325,82,0,0
688674,1,114,3110,205,0,42,164487.92,149734,325,82,0,0
688772,1,114,3107,205,0,42,164489.17,149734,325,82,0,0
688808,1,114,3107,205,0,42,164489.17,149734,325,82,0,0
689043,1,115,3151,201,0,42,164489.17,149734,325,82,0,0
689143,1,115,3153,200,0,42,164490.44,149734,325,82,0,0
689272,1,115,3156,200,0,42,164491.70,149734,325,82,0,0
689272,1,115,3156,200,0,42,164491.70,149734,325,82,0,0
689518,1,115,3171,199,0,42,164491.70,149734,325,82,0,0
689629,1,116,3181,199,0,42,164493.00,149734,325,82,0,0
689745,1,117,3181,199,0,42,164493.00,149734,325,82,0,0
689808,1,117,3181,199,0,42,164493.00,149734,325,82,0,0
689983,1,118,3221,199,0,42,164494.30,149734,325,82,0,0
690072,1,118,3250,198,0,42,164494.30,149734,325,82,0,0
690218,1,118,3236,198,0,42,164495.56,149734,325,82,0,0
690272,1,118,3243,198,0,42,164495.56,149734,325,82,0,0
690453,1,118,3250,198,0,42,164496.86,149734,325,82,0,0
690572,1,119,3271,197,0,42,164497.91,149734,325,82,0,0
690688,1,120,3273,197,0,42,164497.91,149734,325,82,0,0
690772,1,120,3269,197,0,42,164499.00,149734,325,82,0,0
690939,1,120,3269,197,0,42,164499.00,149734,325,82,0,0
691044,1,121,3320,197,0,42,164500.16,149734,325,82,0,0
691174,1,121,3300,197,0,42,164501.38,149734,325,82,0,0
691272,1,121,3302,196,0,42,164501.38,149734,325,82,0,0
691426,1,121,3302,195,0,42,164501.38,149734,325,82,0,0
691544,1,122,3355,193,0,42,164502.62,149734,328,82,0,0
691643,1,123,3328,191,0,42,164502.62,149734,328,82,0,0
691771,1,123,3374,189,0,42,164503.89,149734,328,82,0,0
691771,1,123,3374,189,0,42,164503.89,149734,328,82,0,0
692018,1,124,3362,185,0,42,164505.17,149734,328,82,0,0
692129,1,124,3413,185,0,42,164506.50,149734,328,82,0,0
692243,1,124,3397,185,0,42,164507.83,149734,328,82,0,0
692318,1,124,3397,185,0,42,164507.83,149734,328,82,0,0
692451,1,125,3414,185,0,42,164507.83,149734,328,82,0,0
692571,1,125,3416,185,0,42,164509.14,149734,328,82,0,0
692724,1,126,3428,189,0,42,164510.45,149734,328,82,0,0
692772,1,126,3428,189,0,42,164511.77,149734,328,82,0,0
692943,1,127,3428,195,0,42,164511.77,149734,328,82,0,0
693072,1,127,3483,198,0,42,164513.09,149734,328,82,0,0
693188,1,127,3457,198,0,42,164513.09,149734,328,82,0,0
693272,1,127,3462,197,0,42,164514.44,149734,328,82,0,0
693272,1,127,3462,197,0,42,164514.44,149734,328,82,0,0
693558,1,128,3514,197,0,42,164515.78,149734,328,82,0,0
693674,1,128,3492,197,0,42,164517.11,149734,328,82,0,0
693772,1,128,3496,197,0,42,164518.45,149734,328,82,0,0
693938,1,128,3496,197,0,42,164518.45,149734,328,82,0,0
694043,1,129,3521,197,0,42,164518.45,149734,328,82,0,0
694168,1,130,3528,195,0,42,164519.81,149734,328,82,0,0
694272,1,130,3568,193,0,42,164521.19,149734,328,82,0,0
694425,1,130,3570,193,0,42,164522.56,149734,328,82,0,0
694543,1,131,3563,193,0,42,164522.56,149734,328,82,0,0
694643,1,131,3563,197,0,42,164523.94,149734,328,82,0,0
694771,1,131,3597,230,0,42,164525.31,149734,328,82,0,0
694808,1,131,3597,230,0,42,164525.31,149734,328,82,0,0
694972,1,131,3607,255,0,42,164525.31,149734,328,82,0,0
695129,1,132,3632,255,0,42,164526.69,149734,328,82,0,0
695243,1,133,3629,255,0,42,164528.06,149734,328,82,0,0
695308,1,133,3629,255,0,42,164528.06,149734,328,82,0,0
695449,1,133,3634,255,0,42,164529.44,149734,328,82,0,0
695572,1,134,3676,255,0,42,164530.81,149734,328,82,0,0
695718,1,134,3649,255,0,42,164530.81,149734,328,82,0,0
695772,1,134,3652,255,0,42,164532.20,149734,328,82,0,0
695943,1,135,3652,255,0,42,164532.20,149734,328,82,0,0
696072,1,135,3697,255,0,42,164533.59,149734,328,82,0,0
696188,1,135,3699,255,0,42,164534.98,149734,328,82,0,0
696308,1,136,3708,255,0,42,164534.98,149734,328,82,0,0
696449,1,136,3687,255,0,42,164536.39,149734,328,82,0,0
696572,1,136,3724,255,0,42,164537.80,149734,328,82,0,0
696688,1,137,3720,255,0,42,164539.20,149734,328,82,0,0
696772,1,137,3752,255,0,42,164539.20,149734,328,82,0,0
696938,1,137,3752,255,0,42,164539.20,149734,328,82,0,0
697058,1,138,3751,251,0,42,164540.61,149734,328,82,0,0
697173,1,138,3758,230,0,42,164542.02,149734,328,82,0,0
697271,1,138,3760,228,0,42,164543.44,149734,328,82,0,0
697308,1,138,3760,228,0,42,164543.44,149734,328,82,0,0
697523,1,138,3805,159,0,42,164544.86,149734,328,82,0,0
697643,1,139,3807,114,0,42,164544.86,149734,328,82,0,0
697743,1,139,3805,91,0,42,164546.28,149734,328,82,0,0
697833,1,139,3796,71,0,42,164547.62,149734,328,82,0,0
697972,1,139,3756,71,0,42,164547.62,149734,328,82,0,0
698072,1,139,3791,52,0,42,164547.62,149734,328,82,0,0
698223,1,139,3793,51,0,42,164548.69,149734,328,82,0,0
698323,1,138,3772,51,0,42,164548.69,149734,328,82,0,0
698323,1,138,3772,51,0,42,164548.69,149734,328,82,0,0
698572,1,138,3749,10,0,42,164548.69,149734,328,82,0,0
698688,1,138,3696,9,0,42,164548.69,149734,328,82,0,0
698808,1,138,3745,11,0,42,164548.69,149734,328,82,0,0
698808,1,138,3745,11,0,42,164548.69,149734,328,82,0,0
699071,1,137,3753,20,0,42,164548.69,149734,328,83,0,0
699188,1,137,3760,20,0,42,164548.69,149734,328,83,0,0
699308,1,137,3730,32,0,42,164548.69,149734,328,83,0,0
699345,1,137,3730,34,0,42,164548.69,149734,328,83,0,0
699558,1,136,3730,35,0,42,164548.69,149734,328,83,0,0
699673,1,136,3727,35,0,42,164549.73,149734,328,83,0,0
699843,1,136,3728,31,0,42,164549.73,149734,328,83,0,0
700043,1,136,3688,0,0,42,164549.73,149734,328,83,0,0
700168,1,136,3660,0,0,42,164549.73,149734,328,83,0,0
700272,1,135,3680,0,0,42,164549.73,149734,328,83,0,0
700343,1,135,3680,0,0,42,164549.73,149734,328,83,0,0
700498,1,135,3680,0,0,42,164549.73,149734,328,83,0,0
700643,1,135,3687,16,0,42,164549.73,149734,328,83,0,0
700743,1,135,3684,23,0,42,164549.73,149734,328,83,0,0
700843,1,135,3684,27,0,42,164549.73,149734,328,83,0,0
700984,1,135,3684,27,0,42,164549.73,149734,328,83,0,0
701126,1,134,3659,29,0,42,164549.73,149734,328,83,0,0
701243,1,134,3658,35,0,42,164550.78,149734,328,83,0,0
701343,1,134,3657,39,0,42,164550.78,149734,328,83,0,0
701473,1,134,3675,39,0,42,164550.78,149734,328,83,0,0
701572,1,134,3659,44,0,42,164550.78,149734,328,83,0,0
701718,1,134,3640,60,0,42,164550.78,149734,328,83,0,0
701830,1,134,3632,70,0,42,164550.78,149734,328,83,0,0
701843,1,134,3632,70,0,42,164550.78,149734,328,83,0,0
702072,1,134,3636,81,0,42,164550.78,149734,328,83,0,0
702188,1,134,3661,92,0,42,164551.80,149734,328,83,0,0
702323,1,134,3677,105,0,42,164551.80,149734,328,83,0,0
702344,1,134,3677,105,0,42,164551.80,149734,328,83,0,0
702558,1,134,3672,114,0,42,164551.80,149734,328,83,0,0
702673,1,134,3668,117,0,42,164552.88,149734,328,83,0,0
702772,1,134,3677,122,0,42,164552.88,149734,328,83,0,0
702873,1,134,3672,122,0,42,164554.05,149734,328,83,0,0
703023,1,134,3671,122,0,42,164554.05,149734,328,83,0,0
703143,1,134,3678,122,0,42,164554.05,149734,328,83,0,0
703268,1,135,3677,122,0,42,164555.09,149734,328,83,0,0
703385,1,135,3704,122,0,42,164555.09,149734,328,83,0,0
703496,1,135,3704,120,0,42,164555.09,149734,328,83,0,0
703623,1,135,3685,117,0,42,164556.14,149734,328,84,0,0
703743,1,135,3652,117,0,42,164556.14,149734,328,84,0,0
703843,1,135,3678,122,0,42,164557.20,149734,328,84,0,0
703883,1,135,3678,122,0,42,164557.20,149734,328,84,0,0
704072,1,135,3706,124,0,42,164557.20,149734,328,84,0,0
704223,1,135,3681,122,0,42,164558.25,149734,328,84,0,0
704343,1,135,3709,121,0,42,164558.25,149734,328,84,0,0
704472,1,135,3687,121,0,42,164559.31,149734,328,84,0,0
704572,1,135,3694,121,0,42,164559.31,149734,328,84,0,0
704723,1,136,3694,119,0,42,164560.39,149734,328,84,0,0
704823,1,136,3725,117,0,42,164560.39,149734,328,84,0,0
704844,1,136,3725,117,0,42,164560.39,149734,328,84,0,0
705072,1,136,3683,109,0,42,164560.39,149734,328,84,0,0
705188,1,136,3698,110,0,42,164561.45,149734,328,84,0,0
705323,1,136,3723,121,0,42,164561.45,149734,328,84,0,0
705350,1,136,3723,121,0,42,164561.45,149734,328,84,0,0
705558,1,136,3736,141,0,42,164562.47,149734,328,84,0,0
705673,1,136,3714,142,0,42,164562.47,149734,328,84,0,0
705772,1,137,3717,142,0,42,164563.52,149734,328,84,0,0
705873,1,137,3719,142,0,42,164563.52,149734,328,84,0,0
706023,1,137,3742,142,0,42,164563.52,149734,328,84,0,0
706142,1,137,3730,142,0,42,164564.72,149734,328,84,0,0
706272,1,137,3757,142,0,42,164565.84,149734,328,84,0,0
706373,1,137,3767,142,0,42,164565.84,149734,328,84,0,0
706523,1,137,3764,137,0,42,164565.84,149734,328,84,0,0
706642,1,138,3766,136,0,42,164566.98,149734,328,84,0,0
706742,1,138,3763,137,0,42,164566.98,149734,328,84,0,0
706873,1,138,3748,141,0,42,164568.12,149734,328,84,0,0
707006,1,138,3748,143,0,42,164568.12,149734,328,84,0,0
707123,1,138,3784,143,0,42,164569.23,149734,328,84,0,0
707242,1,139,3803,143,0,42,164569.23,149734,328,84,0,0
707342,1,139,3802,145,0,42,164570.31,149734,328,84,0,0
707493,1,139,3802,145,0,42,164570.31,149734,328,84,0,0
707572,1,139,3778,147,0,42,164571.45,149734,328,84,0,0
707723,1,139,3827,147,0,42,164571.45,149734,328,84,0,0
707843,1,140,3813,147,0,42,164572.62,149734,328,84,0,0
707843,1,140,3813,147,0,42,164572.62,149734,328,84,0,0
708073,1,140,3808,146,0,42,164573.83,149734,328,84,0,0
708188,1,140,3820,145,0,42,164573.83,149734,328,84,0,0
708318,1,140,3821,139,0,42,164575.06,149734,328,84,0,0
708342,1,141,3820,139,0,42,164575.06,149734,328,84,0,0
708544,1,141,3812,129,0,42,164575.06,149734,328,84,0,0
708673,1,141,3864,127,0,42,164576.30,149734,328,84,0,0
708772,1,141,3865,126,0,42,164577.50,149734,328,84,0,0
708873,1,141,3855,123,0,42,164577.50,149734,328,84,0,0
709017,1,141,3855,116,0,42,164577.50,149734,328,84,0,0
709142,1,142,3866,113,0,42,164578.56,149734,328,84,0,0
709267,1,142,3846,112,0,42,164578.56,149734,328,84,0,0
709385,1,142,3881,112,0,42,164579.69,149734,328,84,0,0
709492,1,142,3881,112,0,42,164579.69,149734,328,84,0,0
709626,1,142,3881,112,0,42,164579.69,149734,328,84,0,0
709742,1,142,3846,112,0,42,164580.75,149734,328,84,0,0
709842,1,142,3873,108,0,42,164580.75,149734,328,84,0,0
710004,1,142,3873,108,0,42,164580.75,149734,328,84,0,0
710126,1,142,3876,105,0,42,164581.81,149734,328,84,0,0
710242,1,142,3896,104,0,42,164581.81,149734,328,84,0,0
710342,1,142,3880,104,0,42,164582.83,149734,328,84,0,0
710491,1,142,3880,104,0,42,164582.83,149734,328,84,0,0
710623,1,142,3887,104,0,42,164582.83,149734,328,84,0,0
710723,1,142,3858,104,0,42,164583.97,149734,328,84,0,0
710850,1,142,3892,104,0,42,164583.97,149734,328,84,0,0
710850,1,142,3892,104,0,42,164583.97,149734,328,84,0,0
711072,1,142,3894,104,0,42,164585.08,149734,328,84,0,0
711226,1,142,3858,102,0,42,164585.08,149734,328,84,0,0
711342,1,142,3889,100,0,42,164585.08,149734,328,84,0,0
711373,1,142,3857,100,0,42,164586.19,149734,328,84,0,0
711573,1,142,3900,98,0,42,164586.19,149734,328,84,0,0
711687,1,142,3890,98,0,42,164586.19,149734,328,84,0,0
711807,1,142,3875,98,0,42,164587.25,149734,328,84,0,0
711877,1,142,3902,98,0,42,164587.25,149734,328,84,0,0
712042,1,142,3902,98,0,42,164587.25,149734,328,84,0,0
712173,1,142,3878,95,0,42,164587.25,149734,328,84,0,0
712272,1,142,3873,95,0,42,164588.28,149734,328,84,0,0
712373,1,142,3899,97,0,42,164588.28,149734,328,84,0,0
712526,1,142,3892,97,0,42,164588.28,149734,328,84,0,0
712642,1,142,3891,97,0,42,164589.30,149734,328,84,0,0
712772,1,142,3890,98,0,42,164589.30,149734,328,84,0,0
712873,1,142,3861,98,0,42,164589.30,149734,328,84,0,0
713017,1,142,3861,98,0,42,164589.30,149734,328,84,0,0
713129,1,142,3871,98,0,42,164590.31,149734,328,84,0,0
713242,1,142,3876,98,0,42,164590.31,149734,328,84,0,0
713373,1,142,3845,98,0,42,164591.34,149734,328,84,0,0
713515,1,142,3845,98,0,42,164591.34,149734,328,84,0,0
713626,1,142,3877,98,0,42,164591.34,149734,328,84,0,0
713742,1,142,3875,98,0,42,164592.38,149734,328,84,0,0
713842,1,142,3842,98,0,42,164592.38,149734,328,84,0,0
713842,1,142,3842,98,0,42,164592.38,149734,328,84,0,0
714075,1,142,3874,98,0,42,164592.38,149734,328,84,0,0
714226,1,142,3859,98,0,42,164593.41,149734,328,84,0,0
714342,1,142,3902,94,0,42,164593.41,149734,328,84,0,0
714372,1,142,3902,94,0,42,164593.41,149734,328,84,0,0
714572,1,142,3896,78,0,42,164594.42,149734,328,84,0,0
714687,1,142,3863,74,0,42,164594.42,149734,328,84,0,0
714817,1,142,3864,77,0,42,164594.42,149734,328,84,0,0
714920,1,142,3856,79,0,42,164594.42,149734,328,84,0,0
715042,1,142,3849,79,0,42,164595.52,149734,328,84,0,0
715175,1,141,3859,78,0,42,164595.52,149734,328,84,0,0
715275,1,141,3848,78,0,42,164595.52,149734,328,84,0,0
715373,1,141,3871,78,0,42,164595.52,149734,328,84,0,0
715525,1,141,3864,78,0,42,164596.56,149734,328,84,0,0
715642,1,141,3864,78,0,42,164596.56,149734,328,84,0,0
715767,1,141,3864,63,0,42,164596.56,149734,328,84,0,0
715871,1,141,3826,47,0,42,164596.56,149734,328,84,0,0
716000,1,141,3794,47,0,42,164596.56,149734,328,84,0,0
716126,1,141,3808,49,0,42,164597.61,149734,328,84,0,0
716242,1,141,3812,50,0,42,164597.61,149734,328,84,0,0
716342,1,140,3839,52,0,42,164597.61,149734,328,84,0,0
716342,1,140,3839,52,0,42,164597.61,149734,328,84,0,0
716575,1,140,3813,53,0,42,164597.61,149734,328,84,0,0
716723,1,140,3837,55,0,42,164597.61,149734,328,84,0,0
716842,1,140,3837,55,0,42,164598.67,149734,328,84,0,0
716875,1,140,3805,55,0,42,164598.67,149734,328,84,0,0
717072,1,140,3836,55,0,42,164598.67,149734,328,84,0,0
717187,1,140,3806,57,0,42,164598.67,149734,328,84,0,0
717307,1,139,3839,60,0,42,164598.67,149734,328,84,0,0
717375,1,139,3781,63,0,42,164598.67,149734,328,84,0,0
717525,1,139,3802,66,0,42,164598.67,149734,328,84,0,0
717675,1,139,3792,69,0,42,164599.75,149734,328,84,0,0
717772,1,139,3800,74,0,42,164599.75,149734,328,84,0,0
717875,1,139,3780,76,0,42,164599.75,149734,328,84,0,0
718025,1,139,3786,78,0,42,164599.75,149734,328,84,0,0
718142,1,139,3796,80,0,42,164599.75,149734,328,84,0,0
718273,1,139,3801,80,0,42,164600.88,149734,328,84,0,0
718375,1,139,3777,80,0,42,164600.88,149734,328,84,0,0
718375,1,139,3777,80,0,42,164600.88,149734,328,84,0,0
718642,1,139,3802,81,0,42,164600.88,149734,328,84,0,0
718767,1,139,3796,81,0,42,164601.98,149734,328,84,0,0
718875,1,139,3791,82,0,42,164601.98,149734,328,84,0,0
719026,1,139,3787,87,0,42,164601.98,149734,328,84,0,0
719142,1,139,3796,89,0,42,164601.98,149734,328,84,0,0
719255,1,139,3795,90,0,42,164603.11,149734,328,84,0,0
719376,1,139,3776,90,0,42,164603.11,149734,328,84,0,0
719376,1,139,3776,90,0,42,164603.11,149734,328,84,0,0
719588,1,139,3780,94,0,42,164603.11,149734,328,84,0,0
719729,1,139,3778,95,0,42,164604.20,149734,328,84,0,0
719842,1,139,3790,95,0,42,164604.20,149734,328,84,0,0
719875,1,139,3790,95,0,42,164604.20,149734,328,84,0,0
720075,1,139,3797,95,0,42,164605.20,149734,328,84,0,0
720187,1,139,3790,95,0,42,164605.20,149734,328,84,0,0
720317,1,139,3780,95,0,42,164605.20,149734,328,84,0,0
720375,1,139,3805,95,0,42,164605.20,149734,328,84,0,0
720542,1,139,3805,95,0,42,164605.20,149734,328,84,0,0
720687,1,139,3786,95,0,42,164606.36,149734,328,84,0,0
720775,1,139,3793,90,0,42,164606.36,149734,328,84,0,0
720875,1,139,3795,89,0,42,164606.36,149734,328,84,0,0
721025,1,139,3789,88,0,42,164607.47,149734,328,84,0,0
721167,1,139,3807,86,0,42,164607.47,149734,328,84,0,0
721275,1,139,3798,86,0,42,164607.47,149734,328,84,0,0
721375,1,139,3784,86,0,42,164608.50,149734,328,84,0,0
721536,1,139,3781,86,0,42,164608.50,149734,328,84,0,0
721642,1,139,3782,86,0,42,164608.50,149734,328,84,0,0
721775,1,139,3784,86,0,42,164608.50,149734,328,84,0,0
721875,1,139,3785,86,0,42,164609.64,149734,328,84,0,0
722025,1,139,3754,86,0,42,164609.64,149734,328,84,0,0
722142,1,138,3778,86,0,42,164609.64,149734,328,84,0,0
722267,1,138,3748,86,0,42,164609.64,149734,328,84,0,0
722376,1,138,3756,86,0,42,164610.78,149734,328,84,0,0
722376,1,138,3756,86,0,42,164610.78,149734,328,84,0,0
722625,1,138,3761,86,0,42,164610.78,149734,328,84,0,0
722742,1,138,3761,86,0,42,164610.78,149734,328,84,0,0
722870,1,138,3761,86,0,42,164610.78,149734,328,84,0,0
722888,1,138,3761,86,0,42,164611.80,149734,328,84,0,0
723075,1,138,3746,86,0,42,164611.80,149734,328,84,0,0
723219,1,138,3749,86,0,42,164611.80,149734,328,84,0,0
723342,1,138,3759,86,0,42,164611.80,149734,328,84,0,0
723375,1,138,3759,86,0,42,164612.94,149734,328,84,0,0
723542,1,138,3759,85,0,42,164612.94,149734,328,84,0,0
723687,1,137,3756,85,0,42,164612.94,149734,328,84,0,0
723807,1,137,3753,84,0,42,164612.94,149734,328,84,0,0
723876,1,137,3750,84,0,42,164613.94,149734,328,84,0,0
724026,1,137,3772,84,0,42,164613.94,149734,328,84,0,0
724167,1,137,3725,84,0,42,164613.94,149734,328,84,0,0
724275,1,137,3725,84,0,42,164613.94,149734,328,84,0,0
724375,1,137,3735,83,0,42,164615.03,149734,328,84,0,0
724534,1,137,3738,82,0,42,164615.03,149734,328,84,0,0
724642,1,137,3724,81,0,42,164615.03,149734,328,84,0,0
724775,1,137,3714,80,0,42,164615.03,149734,328,83,0,0
724875,1,137,3742,80,0,42,164616.11,149734,328,83,0,0
724875,1,137,3742,80,0,42,164616.11,149734,328,83,0,0
725142,1,136,3734,80,0,42,164616.11,149734,328,83,0,0
725267,1,136,3722,80,0,42,164616.11,149734,328,83,0,0
725375,1,136,3721,80,0,42,164617.14,149734,328,83,0,0
725517,1,136,3721,78,0,42,164617.14,149734,328,83,0,0
725642,1,136,3702,76,0,42,164617.14,149734,328,83,0,0
725742,1,136,3699,69,0,42,164617.14,149734,328,83,0,0
725842,1,136,3709,58,0,42,164617.14,149734,328,83,0,0
725892,1,136,3709,58,0,42,164618.17,149734,328,83,0,0
726088,1,136,3700,55,0,42,164618.17,149734,328,83,0,0
726225,1,135,3651,55,0,42,164618.17,149734,328,83,0,0
726342,1,135,3670,55,0,42,164618.17,149734,328,83,0,0
726424,1,135,3670,57,0,42,164618.17,149734,328,83,0,0
726584,1,135,3656,57,0,42,164618.17,149734,328,83,0,0
726687,1,134,3660,59,0,42,164618.17,149734,328,83,0,0
726817,1,134,3667,61,0,42,164619.20,149734,328,83,0,0
726938,1,134,3669,63,0,42,164619.20,149734,328,83,0,0
727057,1,134,3669,63,0,42,164619.20,149734,328,83,0,0
727175,1,134,3644,65,0,42,164619.20,149734,328,83,0,0
727275,1,134,3647,66,0,42,164620.20,149734,328,83,0,0
727375,1,134,3620,66,0,42,164620.20,149734,328,83,0,0
727439,1,134,3619,67,0,42,164620.20,149734,328,83,0,0
727675,1,133,3636,67,0,42,164620.20,149735,325,83,0,0
727775,1,133,3635,67,0,42,164620.20,149735,325,83,0,0
727875,1,133,3633,67,0,42,164621.28,149735,325,83,0,0
728044,1,133,3629,67,0,42,164621.28,149735,325,83,0,0
728167,1,133,3623,67,0,42,164621.28,149735,325,83,0,0
728275,1,133,3632,67,0,42,164621.28,149735,325,83,0,0
728375,1,133,3633,67,0,42,164621.28,149735,325,83,0,0
728531,1,133,3633,67,0,42,164621.28,149735,325,83,0,0
728642,1,132,3631,67,0,42,164622.33,149735,325,83,0,0
728767,1,132,3599,67,0,42,164622.33,149735,325,83,0,0
728875,1,132,3593,67,0,42,164622.33,149735,325,83,0,0
728875,1,132,3593,67,0,42,164622.33,149735,325,83,0,0
729125,1,132,3593,67,0,42,164622.33,149735,325,83,0,0
729242,1,132,3597,67,0,42,164623.38,149735,325,83,0,0
729342,1,132,3597,67,0,42,164623.38,149735,325,83,0,0
729375,1,132,3597,67,0,42,164623.38,149735,325,83,0,0
729567,1,132,3597,67,0,42,164623.38,149735,325,83,0,0
729687,1,132,3597,67,0,42,164623.38,149735,325,83,0,0
729825,1,132,3585,67,0,42,164623.38,149735,325,83,0,0
729875,1,132,3585,67,0,42,164624.42,149735,325,83,0,0
730057,1,132,3613,67,0,42,164624.42,149735,325,83,0,0
730187,1,132,3595,67,0,42,164624.42,149735,325,83,0,0
730307,1,131,3597,67,0,42,164624.42,149735,325,83,0,0
730425,1,131,3566,67,0,42,164624.42,149735,325,83,0,0
730557,1,131,3566,67,0,42,164624.42,149735,325,83,0,0
730675,1,131,3563,67,0,42,164625.47,149735,325,83,0,0
730775,1,131,3552,67,0,42,164625.47,149735,325,83,0,0
730875,1,131,3581,67,0,42,164625.47,149735,325,83,0,0
731042,1,131,3558,67,0,42,164625.47,149735,325,83,0,0
731167,1,131,3561,67,0,42,164625.47,149735,325,83,0,0
731275,1,131,3561,67,0,42,164626.50,149735,325,83,0,0
731374,1,131,3559,67,0,42,164626.50,149735,325,83,0,0
731542,1,131,3559,67,0,42,164626.50,149735,325,83,0,0
731667,1,131,3553,83,0,42,164626.50,149735,325,83,0,0
731775,1,131,3576,89,0,42,164626.50,149735,325,83,0,0
731875,1,131,3560,96,0,42,164627.58,149735,325,83,0,0
732042,1,131,3559,101,0,42,164627.58,149735,325,83,0,0
732142,1,131,3580,117,0,42,164627.58,149735,325,83,0,0
732275,1,131,3586,119,0,42,164628.70,149735,325,83,0,0
732375,1,131,3585,119,0,42,164628.70,149735,325,83,0,0
732425,1,131,3608,120,0,42,164628.70,149735,325,83,0,0
732625,1,131,3596,121,0,42,164629.84,149735,325,83,0,0
732742,1,132,3601,121,0,42,164629.84,149735,325,83,0,0
732870,1,132,3610,121,0,42,164629.84,149735,325,83,0,0
732875,1,132,3610,121,0,42,164630.84,149735,325,83,0,0
733084,1,132,3629,122,0,42,164630.84,149735,325,83,0,0
733220,1,132,3600,124,0,42,164630.84,149735,325,83,0,0
733325,1,133,3644,124,0,42,164631.88,149735,325,83,0,0
733419,1,133,3644,124,0,42,164631.88,149735,325,83,0,0
733567,1,133,3619,124,0,42,164631.88,149735,325,83,0,0
733687,1,133,3625,125,0,42,164632.94,149735,325,83,0,0
733817,1,133,3629,125,0,42,164632.94,149735,325,83,0,0
733875,1,133,3632,125,0,42,164634.02,149735,325,83,0,0
734042,1,134,3623,125,0,42,164634.02,149735,325,83,0,0
734174,1,134,3652,125,0,42,164634.02,149735,325,83,0,0
734274,1,134,3659,125,0,42,164635.08,149735,325,83,0,0
734375,1,134,3672,125,0,42,164635.08,149735,325,83,0,0
734528,1,134,3672,125,0,42,164635.08,149735,325,83,0,0
734642,1,135,3651,125,0,42,164636.16,149735,325,83,0,0
734775,1,135,3652,126,0,42,164636.16,149735,325,83,0,0
734875,1,135,3652,126,0,42,164637.25,149735,325,83,0,0
734925,1,135,3686,126,0,42,164637.25,149735,325,83,0,0
735125,1,135,3690,126,0,42,164637.25,149735,325,83,0,0
735242,1,135,3710,123,0,42,164638.36,149735,325,83,0,0
735342,1,136,3689,118,0,42,164638.36,149735,325,83,0,0
735374,1,136,3689,118,0,42,164638.36,149735,325,83,0,0
735567,1,136,3691,115,0,42,164639.45,149735,325,83,0,0
735717,1,136,3743,99,0,42,164639.45,149735,325,83,0,0
735824,1,136,3714,95,0,42,164640.53,149735,325,82,0,0
735874,1,136,3714,95,0,42,164640.53,149735,325,82,0,0
736042,1,137,3714,89,0,42,164640.53,149735,325,82,0,0
736187,1,136,3714,88,0,42,164640.53,149735,325,82,0,0
736307,1,137,3721,88,0,42,164641.55,149735,325,82,0,0
736419,1,137,3743,88,0,42,164641.55,149735,325,82,0,0
736557,1,137,3713,88,0,42,164641.55,149735,325,82,0,0
736687,1,137,3724,87,0,42,164641.55,149735,325,82,0,0
736775,1,137,3729,87,0,42,164642.69,149735,325,82,0,0
736917,1,137,3726,87,0,42,164642.69,149735,325,82,0,0
736957,1,137,3729,87,0,42,164642.69,149735,325,82,0,0
737175,1,137,3726,87,0,42,164643.70,149735,325,82,0,0
737274,1,137,3726,87,0,42,164643.70,149735,325,82,0,0
737375,1,137,3729,87,0,42,164643.70,149735,325,82,0,0
737551,1,137,3730,87,0,42,164643.70,149736,325,82,0,0
737667,1,137,3730,87,0,42,164644.72,149736,325,82,0,0
737774,1,137,3730,87,0,42,164644.72,149736,325,82,0,0
737874,1,137,3730,87,0,42,164644.72,149736,325,82,0,0
737927,1,137,3730,87,0,42,164644.72,149736,325,82,0,0
738142,1,137,3718,87,0,42,164645.73,149736,325,82,0,0
738243,1,137,3721,87,0,42,164645.73,149736,325,82,0,0
738374,1,137,3761,87,0,42,164646.73,149736,325,82,0,0
738419,1,137,3761,87,0,42,164646.73,149736,325,82,0,0
738602,1,137,3764,87,0,42,164646.73,149736,325,82,0,0
738725,1,137,3764,87,0,42,164646.73,149736,325,82,0,0
738842,1,138,3765,87,0,42,164647.75,149736,325,82,0,0
738955,1,138,3764,87,0,42,164647.75,149736,325,82,0,0
739074,1,138,3765,87,0,42,164647.75,149736,325,82,0,0
739187,1,138,3762,87,0,42,164647.75,149736,325,82,0,0
739324,1,138,3756,87,0,42,164648.77,149736,325,82,0,0
739427,1,138,3763,87,0,42,164648.77,149736,325,82,0,0
739576,1,138,3763,87,0,42,164648.77,149736,325,82,0,0
739687,1,138,3766,73,0,42,164648.77,149736,325,82,0,0
739807,1,138,3750,57,0,42,164649.77,149736,325,82,0,0
739924,1,138,3720,19,0,42,164649.77,149736,325,82,0,0
740067,1,138,3720,19,0,42,164649.77,149736,325,82,0,0
740187,1,137,3750,19,0,42,164649.77,149736,325,82,0,0
740307,1,137,3752,20,0,42,164649.77,149736,325,82,0,0
740425,1,137,3773,22,0,42,164649.77,149736,325,82,0,0
740447,1,137,3773,22,0,42,164649.77,149736,325,82,0,0
740687,1,137,3755,22,0,42,164649.77,149736,325,82,0,0
740774,1,137,3726,22,0,42,164649.77,149736,325,82,0,0
740874,1,137,3730,22,0,42,164649.77,149736,325,82,0,0
740874,1,137,3730,22,0,42,164649.77,149736,325,82,0,0
741174,1,137,3734,0,0,42,164650.81,149736,325,82,0,0
741274,1,136,3742,0,0,42,164650.81,149736,325,82,0,0
741374,1,136,3704,0,0,42,164650.81,149736,325,82,0,0
741557,1,136,3705,0,0,42,164650.81,149736,325,82,0,0
741687,1,136,3708,0,0,42,164650.81,149736,325,82,0,0
741807,1,136,3738,0,0,42,164650.81,149736,325,82,0,0
741925,1,136,3684,0,0,42,164650.81,149736,325,82,0,0
742067,1,135,3684,0,0,42,164650.81,149736,325,82,0,0
742187,1,135,3688,0,0,42,164650.81,149736,325,82,0,0
742307,1,135,3660,0,0,42,164650.81,149736,325,82,0,0
742425,1,135,3680,0,0,42,164650.81,149736,325,82,0,0
742448,1,135,3680,0,0,42,164650.81,149736,325,82,0,0
742674,1,134,3648,0,0,42,164650.81,149736,325,82,0,0
742774,1,134,3648,0,0,42,164650.81,149736,325,82,0,0
742917,1,134,3648,0,0,42,164650.81,149736,325,82,0,0
742924,1,134,3648,0,0,42,164650.81,149736,325,82,0,0
743166,1,134,3616,0,0,42,164650.81,149736,325,82,0,0
743275,1,134,3616,0,0,42,164650.81,149736,325,82,0,0
743374,1,133,3616,0,0,42,164650.81,149736,325,82,0,0
743437,1,133,3616,0,0,42,164650.81,149736,325,82,0,0
743625,1,133,3616,0,0,42,164650.81,149736,325,82,0,0
743741,1,133,3616,0,0,42,164650.81,149736,325,82,0,0
743869,1,132,3616,0,0,42,164650.81,149736,325,82,0,0
743924,1,132,3584,0,0,42,164650.81,149736,325,82,0,0
744074,1,132,3584,0,0,42,164650.81,149736,325,82,0,0
744216,1,132,3584,9,0,42,164650.81,149736,325,82,0,0
744324,1,132,3588,12,0,42,164650.81,149736,325,82,0,0
744425,1,132,3594,19,0,42,164650.81,149736,325,82,0,0
744574,1,131,3605,19,0,42,164650.81,149736,325,82,0,0
744687,1,131,3644,30,0,42,164651.84,149736,325,82,0,0
744806,1,131,3607,34,0,42,164651.84,149736,325,82,0,0
744925,1,131,3582,50,0,42,164651.84,149736,325,82,0,0
745059,1,131,3614,50,0,42,164651.84,149736,325,82,0,0
745174,1,131,3574,55,0,42,164651.84,149736,325,82,0,0
745274,1,131,3582,56,0,42,164651.84,149736,325,82,0,0
745374,1,131,3579,59,0,42,164652.86,149736,325,82,0,0
745546,1,131,3567,62,0,42,164652.86,149736,325,82,0,0
745666,1,131,3569,69,0,42,164652.86,149736,325,82,0,0
745774,1,131,3564,74,0,42,164652.86,149736,325,82,0,0
745874,1,131,3578,75,0,42,164652.86,149736,325,82,0,0
745925,1,131,3556,77,0,42,164652.86,149736,325,82,0,0
746125,1,131,3581,81,0,42,164653.89,149736,325,82,0,0
746242,1,131,3558,81,0,42,164653.89,149736,325,82,0,0
746369,1,131,3578,81,0,42,164653.89,149736,325,82,0,0
746436,1,131,3563,81,0,42,164653.89,149736,325,82,0,0
746574,1,131,3565,81,0,42,164653.89,149736,325,82,0,0
746725,1,130,3553,81,0,42,164654.98,149736,325,82,0,0
746841,1,130,3552,81,0,42,164654.98,149736,325,82,0,0
746874,1,130,3552,81,0,42,164654.98,149736,325,82,0,0
747074,1,130,3520,81,0,42,164654.98,149736,325,82,0,0
747186,1,130,3583,81,0,42,164655.98,149736,325,82,0,0
747316,1,130,3551,81,0,42,164655.98,149736,325,82,0,0
747436,1,130,3554,81,0,42,164655.98,149736,325,82,0,0
747575,1,130,3521,81,0,42,164655.98,149736,325,82,0,0
747686,1,130,3554,84,0,42,164656.98,149736,325,82,0,0
747806,1,130,3559,84,0,42,164656.98,149736,325,82,0,0
747874,1,130,3578,86,0,42,164656.98,149736,325,82,0,0
748057,1,130,3555,87,0,42,164656.98,149736,325,82,0,0
748174,1,130,3579,88,0,42,164658.03,149736,325,82,0,0
748274,1,130,3521,88,0,42,164658.03,149736,325,82,0,0
748374,1,130,3530,88,0,42,164658.03,149736,325,82,0,0
748457,1,130,3534,88,0,42,164658.03,149736,325,82,0,0
748641,1,130,3540,89,0,42,164659.17,149736,325,82,0,0
748741,1,130,3541,90,0,42,164659.17,149736,325,82,0,0
748874,1,130,3574,93,0,42,164659.17,149736,325,82,0,0
748924,1,130,3577,95,0,42,164660.19,149736,325,82,0,0
749103,1,130,3558,95,0,42,164660.19,149736,325,82,0,0
749225,1,130,3562,98,0,42,164660.19,149736,325,82,0,0
749341,1,130,3577,99,0,42,164660.19,149736,325,82,0,0
749442,1,130,3553,99,0,42,164661.28,149736,325,82,0,0
749574,1,130,3550,99,0,42,164661.28,149736,322,82,0,0
749686,1,130,3582,99,0,42,164661.28,149736,322,82,0,0
749824,1,130,3559,99,0,42,164662.44,149736,322,82,0,0
749874,1,130,3559,99,0,42,164662.44,149736,322,82,0,0
750056,1,130,3560,99,0,42,164662.44,149736,322,82,0,0
750186,1,130,3557,99,0,42,164662.44,149736,322,82,0,0
750275,1,130,3559,99,0,42,164663.59,149736,322,81,0,0
750419,1,130,3558,99,0,42,164663.59,149736,322,81,0,0
750556,1,130,3558,99,0,42,164663.59,149736,322,81,0,0
750674,1,131,3575,99,0,42,164663.59,149736,322,81,0,0
750774,1,131,3569,99,0,42,164664.73,149736,322,81,0,0
750874,1,131,3577,99,0,42,164664.73,149736,322,81,0,0
750950,1,131,3578,99,0,42,164664.73,149736,322,81,0,0
751166,1,131,3578,99,0,42,164665.88,149736,322,81,0,0
751274,1,131,3578,99,0,42,164665.88,149736,322,81,0,0
751375,1,131,3579,99,0,42,164665.88,149736,322,81,0,0
751422,1,131,3579,99,0,42,164665.88,149736,322,81,0,0
751625,1,131,3579,99,0,42,164667.02,149736,322,81,0,0
751741,1,131,3575,99,0,42,164667.02,149736,322,81,0,0
751869,1,131,3564,99,0,42,164667.02,149736,322,81,0,0
751936,1,131,3572,99,0,42,164668.14,149736,322,81,0,0
752080,1,131,3572,99,0,42,164668.14,149736,322,81,0,0
752225,1,131,3614,99,0,42,164668.14,149736,322,81,0,0
752341,1,131,3615,99,0,42,164668.14,149736,322,81,0,0
752374,1,131,3583,99,0,42,164668.14,149736,322,81,0,0
752556,1,131,3615,99,0,42,164669.28,149736,322,81,0,0
752686,1,131,3583,99,0,42,164669.28,149736,322,81,0,0
752816,1,131,3583,99,0,42,164669.28,149736,322,81,0,0
752924,1,131,3613,99,0,42,164670.42,149736,322,81,0,0
753066,1,131,3613,99,0,42,164670.42,149736,322,81,0,0
753186,1,131,3608,98,0,42,164670.42,149736,322,81,0,0
753306,1,131,3612,98,0,42,164671.56,149736,322,81,0,0
753419,1,131,3613,98,0,42,164671.56,149736,322,81,0,0
753419,1,131,3613,98,0,42,164671.56,149736,322,81,0,0
753674,1,131,3606,98,0,42,164671.56,149736,322,81,0,0
753774,1,131,3606,98,0,42,164672.70,149736,322,81,0,0
753874,1,132,3606,98,0,42,164672.70,149736,322,81,0,0
753944,1,132,3606,98,0,42,164672.70,149736,322,81,0,0
754141,1,132,3596,98,0,42,164672.70,149736,322,81,0,0
754266,1,132,3590,98,0,42,164673.83,149736,322,81,0,0
754375,1,132,3599,98,0,42,164673.83,149736,322,81,0,0
754427,1,132,3603,97,0,42,164673.83,149736,322,81,0,0
754622,1,132,3604,96,0,42,164673.83,149736,322,81,0,0
754725,1,132,3600,96,0,42,164674.95,149736,322,81,0,0
754841,1,132,3595,96,0,42,164674.95,149736,322,81,0,0
754936,1,132,3589,96,0,42,164674.95,149736,322,81,0,0
755079,1,132,3589,96,0,42,164676.06,149736,322,81,0,0
755216,1,132,3585,96,0,42,164676.06,149736,322,81,0,0
755325,1,132,3612,96,0,42,164676.06,149736,322,81,0,0
755428,1,132,3602,96,0,42,164677.16,149736,322,81,0,0
755574,1,132,3608,96,0,42,164677.16,149736,322,81,0,0
755686,1,132,3615,96,0,42,164677.16,149736,322,81,0,0
755807,1,132,3585,96,0,42,164677.16,149736,322,81,0,0
755924,1,132,3586,96,0,42,164678.25,149736,322,81,0,0
755970,1,132,3586,96,0,42,164678.25,149736,322,81,0,0
756141,1,132,3587,96,0,42,164678.25,149736,322,81,0,0
756274,1,132,3589,96,0,42,164678.25,149736,322,81,0,0
756374,1,132,3589,96,0,42,164679.34,149736,322,81,0,0
756442,1,132,3590,96,0,42,164679.34,149736,322,81,0,0
756591,1,132,3590,96,0,42,164679.34,149736,322,81,0,0
756741,1,132,3614,96,0,42,164679.34,149736,322,81,0,0
756841,1,132,3587,96,0,42,164680.44,149736,322,81,0,0
756942,1,132,3588,96,0,42,164680.44,149736,322,81,0,0
757077,1,132,3588,96,0,42,164680.44,149736,322,81,0,0
757225,1,132,3588,96,0,42,164680.44,149736,322,81,0,0
757341,1,132,3588,95,0,42,164681.53,149736,322,81,0,0
757425,1,132,3587,94,0,42,164681.53,149736,322,81,0,0
757574,1,132,3584,94,0,42,164681.53,149736,322,81,0,0
757686,1,132,3611,94,0,42,164681.53,149736,322,81,0,0
757816,1,132,3601,93,0,42,164682.62,149736,322,81,0,0
757936,1,132,3592,92,0,42,164682.62,149736,322,81,0,0
758077,1,132,3592,92,0,42,164682.62,149736,322,81,0,0
758186,1,132,3594,90,0,42,164682.62,149736,322,81,0,0
758307,1,132,3583,90,0,42,164683.67,149736,322,81,0,0
758428,1,131,3603,89,0,42,164683.67,149736,322,81,0,0
758445,1,131,3603,89,0,42,164683.67,149737,322,81,0,0
758641,1,131,3599,89,0,42,164683.67,149737,322,81,0,0
758775,1,131,3599,89,0,42,164684.69,149737,322,81,0,0
758875,1,131,3598,89,0,42,164684.69,149737,322,81,0,0
758942,1,131,3567,89,0,42,164684.69,149737,322,81,0,0
759125,1,131,3566,89,0,42,164684.69,149737,322,81,0,0
759241,1,131,3567,89,0,42,164685.70,149737,322,81,0,0
759341,1,131,3568,89,0,42,164685.70,149737,322,81,0,0
759454,1,131,3567,89,0,42,164685.70,149737,322,81,0,0
759574,1,131,3599,89,0,42,164685.70,149737,322,81,0,0
759716,1,131,3588,89,0,42,164686.72,149737,322,81,0,0
759841,1,131,3567,89,0,42,164686.72,149737,322,81,0,0
759936,1,131,3572,89,0,42,164686.72,149737,322,81,0,0
760075,1,131,3572,89,0,42,164687.72,149737,322,81,0,0
760189,1,131,3573,89,0,42,164687.72,149737,322,81,0,0
760307,1,131,3572,89,0,42,164687.72,149737,322,81,0,0
760419,1,131,3573,89,0,42,164687.72,149737,322,81,0,0
760442,1,131,3573,89,0,42,164688.73,149737,322,81,0,0
760641,1,131,3572,89,0,42,164688.73,149737,322,81,0,0
760774,1,131,3573,89,0,42,164688.73,149737,322,81,0,0
760875,1,131,3570,89,0,42,164688.73,149737,322,81,0,0
760925,1,131,3557,89,0,42,164689.75,149737,322,81,0,0
761125,1,131,3569,89,0,42,164689.75,149737,322,81,0,0
761241,1,131,3570,89,0,42,164689.75,149737,322,81,0,0
761341,1,131,3570,89,0,42,164690.77,149737,322,81,0,0
761445,1,131,3572,89,0,42,164690.77,149737,322,81,0,0
761588,1,131,3572,89,0,42,164690.77,149737,322,81,0,0
761724,1,131,3572,89,0,42,164690.77,149737,322,81,0,0
761841,1,131,3572,89,0,42,164691.78,149737,322,81,0,0
761937,1,131,3572,89,0,42,164691.78,149737,322,81,0,0
762075,1,131,3570,89,0,42,164691.78,149737,322,81,0,0
762187,1,131,3558,89,0,42,164691.78,149737,322,81,0,0
762316,1,131,3560,89,0,42,164692.80,149737,322,81,0,0
762428,1,131,3572,89,0,42,164692.80,149737,322,81,0,0
762445,1,131,3572,89,0,42,164692.80,149737,322,81,0,0
762666,1,131,3572,89,0,42,164692.80,149737,322,81,0,0
762775,1,131,3572,89,0,42,164693.81,149737,322,81,0,0
762875,1,131,3571,89,0,42,164693.81,149737,322,81,0,0
762941,1,131,3571,89,0,42,164693.81,149737,322,81,0,0
763125,1,131,3571,89,0,42,164693.81,149737,322,81,0,0
763241,1,131,3571,89,0,42,164694.83,149737,322,81,0,0
763369,1,131,3567,89,0,42,164694.83,149737,322,81,0,0
763445,1,131,3556,89,0,42,164694.83,149737,322,81,0,0
763445,1,131,3556,89,0,42,164694.83,149737,322,81,0,0
763725,1,131,3569,89,0,42,164695.84,149737,322,81,0,0
763841,1,131,3568,89,0,42,164695.84,149737,322,81,0,0
763955,1,131,3569,89,0,42,164695.84,149737,322,81,0,0
764075,1,131,3569,89,0,42,164695.84,149737,322,81,0,0
764186,1,131,3569,89,0,42,164696.86,149737,322,81,0,0
764325,1,131,3569,89,0,42,164696.86,149737,322,81,0,0
764439,1,131,3569,89,0,42,164696.86,149737,322,81,0,0
764566,1,131,3569,89,0,42,164696.86,149737,322,81,0,0
764686,1,131,3553,89,0,42,164697.88,149737,322,81,0,0
764806,1,131,3558,89,0,42,164697.88,149737,322,81,0,0
764925,1,131,3569,89,0,42,164697.88,149737,322,81,0,0
764966,1,131,3569,89,0,42,164697.88,149737,322,81,0,0
765141,1,131,3568,86,0,42,164699.02,149737,322,81,0,0
765277,1,130,3568,85,0,42,164699.02,149737,322,81,0,0
765375,1,130,3561,82,0,42,164699.02,149737,322,81,0,0
765458,1,130,3574,81,0,42,164700.02,149737,322,81,0,0
765585,1,130,3574,81,0,42,164700.02,149737,322,81,0,0
765741,1,130,3550,76,0,42,164700.02,149737,322,81,0,0
765841,1,130,3540,68,0,42,164700.02,149737,322,81,0,0
765941,1,130,3536,67,0,42,164700.02,149737,322,81,0,0
766075,1,130,3549,67,0,42,164700.02,149737,322,81,0,0
766216,1,130,3537,65,0,42,164701.06,149737,322,81,0,0
766341,1,130,3521,65,0,42,164701.06,149737,322,81,0,0
766445,1,130,3526,64,0,42,164701.06,149737,322,81,0,0
766445,1,130,3526,64,0,42,164701.06,149737,322,81,0,0
766716,1,129,3546,60,0,42,164701.06,149737,322,81,0,0
766840,1,129,3512,59,0,42,164701.06,149737,322,81,0,0
766936,1,129,3501,59,0,42,164702.14,149737,322,81,0,0
767076,1,129,3500,59,0,42,164702.14,149737,322,81,0,0
767186,1,129,3499,59,0,42,164702.14,149737,322,82,0,0
767316,1,129,3500,59,0,42,164702.14,149737,322,82,0,0
767436,1,128,3509,59,0,42,164702.14,149737,322,82,0,0
767446,1,128,3509,59,0,42,164702.14,149737,322,82,0,0
767686,1,128,3511,44,0,42,164702.14,149737,322,82,0,0
767807,1,128,3516,41,0,42,164703.22,149737,322,82,0,0
767919,1,128,3490,36,0,42,164703.22,149737,322,82,0,0
767988,1,128,3470,36,0,42,164703.22,149737,322,82,0,0
768141,1,127,3474,36,0,42,164703.22,149737,322,82,0,0
768275,1,127,3472,36,0,42,164703.22,149737,322,82,0,0
768375,1,127,3474,36,0,42,164703.22,149737,322,82,0,0
768445,1,127,3477,36,0,42,164703.22,149737,322,82,0,0
768445,1,127,3477,36,0,42,164703.22,149737,322,82,0,0
768741,1,126,3452,19,0,42,164703.22,149737,322,82,0,0
768841,1,126,3451,10,0,42,164703.22,149737,322,82,0,0
768944,1,126,3409,0,0,42,164704.25,149737,322,82,0,0
769095,1,126,3409,0,0,42,164704.25,149737,322,82,0,0
769216,1,126,3428,0,0,42,164704.25,149737,322,82,0,0
769326,1,126,3433,0,0,42,164704.25,149737,322,82,0,0
769445,1,125,3439,0,0,42,164704.25,149737,322,82,0,0
769445,1,125,3439,0,0,42,164704.25,149737,322,82,0,0
769686,1,125,3410,0,0,42,164704.25,149737,322,82,0,0
769825,1,125,3381,0,0,42,164704.25,149737,322,82,0,0
769941,1,124,3417,0,0,42,164704.25,149737,322,82,0,0
769986,1,124,3417,0,0,42,164704.25,149737,322,82,0,0
770175,1,124,3372,0,0,42,164704.25,149737,322,82,0,0
770275,1,124,3372,0,0,42,164704.25,149737,322,82,0,0
770375,1,124,3389,0,0,42,164704.25,149737,322,82,0,0
770441,1,123,3360,0,0,42,164704.25,149737,322,82,0,0
770641,1,123,3360,0,0,42,164704.25,149737,322,82,0,0
770766,1,123,3328,0,10,42,164704.25,149737,322,82,0,0
770875,1,123,3296,0,16,42,164704.25,149737,322,82,0,0
770984,1,122,3328,0,20,42,164704.25,149737,322,82,0,0
771094,1,122,3328,0,20,42,164704.25,149737,322,82,0,0
771241,1,121,3296,0,22,42,164704.25,149737,322,82,0,0
771341,1,121,3296,0,28,42,164704.25,149737,322,82,0,0
771445,1,121,3296,0,36,42,164704.25,149737,322,82,0,0
771445,1,121,3296,0,36,42,164704.25,149737,322,82,0,0
771716,1,120,3232,0,70,42,164704.25,149737,322,82,0,0
771826,1,119,3232,0,72,42,164704.25,149737,322,82,0,0
771941,1,118,3200,0,80,42,164704.25,149737,322,82,0,0
771941,1,118,3200,0,80,42,164704.25,149737,322,82,0,0
772186,1,117,3168,0,92,42,164704.25,149737,322,82,0,0
772316,1,117,3168,0,92,42,164704.25,149737,322,82,0,0
772430,1,116,3136,0,92,42,164704.25,149737,322,82,0,0
772466,1,115,3136,0,92,42,164704.25,149737,322,82,0,0
772666,1,115,3104,0,90,42,164704.25,149737,322,82,0,0
772775,1,114,3072,0,90,42,164704.25,149737,322,82,0,0
772875,1,113,3072,0,94,42,164704.25,149737,322,82,0,0
772975,1,113,3040,0,92,42,164704.25,149737,322,82,0,0
773126,1,113,3040,0,92,42,164704.25,149737,322,82,0,0
773241,1,111,3008,0,92,42,164704.25,149737,322,82,0,0
773375,1,110,2976,0,94,42,164704.25,149737,322,82,0,0
773475,1,110,2976,0,94,42,164704.25,149737,322,82,0,0
773606,1,110,2976,0,94,42,164704.25,149737,322,82,0,0
773726,1,109,2944,0,52,42,164704.25,149737,322,82,0,0
773841,1,109,2944,0,14,42,164704.25,149737,322,82,0,0
773966,1,108,2944,0,2,42,164704.25,149737,322,82,0,0
773994,1,108,2944,0,2,42,164704.25,149737,322,82,0,0
774225,1,108,2944,0,0,42,164704.25,149737,322,82,0,0
774340,1,108,2912,0,0,42,164704.25,149737,322,82,0,0
774445,1,107,2912,0,0,42,164704.25,149737,322,82,0,0
774481,1,107,2912,0,0,42,164704.25,149737,322,82,0,0
774686,1,107,2912,0,0,42,164704.25,149737,322,82,0,0
774828,1,107,2912,0,0,42,164704.25,149737,322,82,0,0
774940,1,107,2912,0,0,42,164704.25,149737,322,82,0,0
774973,1,107,2912,0,0,42,164704.25,149737,322,82,0,0
775186,1,107,2880,0,0,42,164704.25,149737,322,82,0,0
775316,1,107,2880,0,0,42,164704.25,149737,322,82,0,0
775436,1,106,2880,0,0,42,164704.25,149737,322,82,0,0
775460,1,106,2880,0,0,42,164704.25,149737,322,82,0,0
775676,1,106,2880,0,0,42,164704.25,149737,322,82,0,0
775776,1,106,2880,0,0,42,164704.25,149737,322,82,0,0
775875,1,106,2880,0,0,42,164704.25,149737,322,82,0,0
775940,1,106,2880,0,0,42,164704.25,149737,322,82,0,0
776140,1,105,2848,0,0,42,164704.25,149737,322,82,0,0
776240,1,105,2848,0,0,42,164704.25,149737,322,82,0,0
776375,1,105,2848,0,0,42,164704.25,149737,322,82,0,0
776446,1,105,2848,0,0,42,164704.25,149737,322,82,0,0
776578,1,105,2848,0,0,42,164704.25,149737,322,82,0,0
776726,1,105,2848,0,0,42,164704.25,149737,322,82,0,0
776840,1,105,2848,0,0,42,164704.25,149737,322,82,0,0
776965,1,104,2848,0,0,42,164704.25,149737,322,82,0,0
776976,1,104,2848,0,0,42,164704.25,149737,322,82,0,0
777216,1,104,2816,0,0,42,164704.25,149737,322,82,0,0
777325,1,104,2816,0,0,42,164704.25,149737,322,82,0,0
777445,1,104,2816,0,0,42,164704.25,149737,322,82,0,0
777476,1,104,2816,0,0,42,164704.25,149737,322,82,0,0
777686,1,104,2816,0,0,42,164704.25,149737,322,82,0,0
777775,1,104,2816,0,0,42,164704.25,149737,322,82,0,0
777919,1,103,2816,0,0,42,164704.25,149737,322,82,0,0
777996,1,103,2816,0,0,42,164704.25,149737,322,82,0,0
778158,1,103,2784,0,0,42,164704.25,149737,322,81,0,0
778275,1,103,2784,0,0,42,164704.25,149737,322,81,0,0
778375,1,103,2784,0,0,42,164704.25,149737,322,81,0,0
778478,1,103,2784,0,0,42,164704.25,149737,322,81,0,0
778628,1,103,2784,0,0,42,164704.25,149737,322,81,0,0
778740,1,102,2784,0,0,42,164704.25,149737,322,81,0,0
778868,1,102,2784,0,0,42,164704.25,149737,322,81,0,0
778975,1,102,2784,0,0,42,164704.25,149737,322,81,0,0
779126,1,102,2784,0,0,42,164704.25,149737,322,81,0,0
779240,1,102,2752,0,0,42,164704.25,149737,322,81,0,0
779340,1,102,2752,0,0,42,164704.25,149737,322,81,0,0
779478,1,102,2752,0,0,42,164704.25,149737,325,81,0,0
779478,1,102,2752,0,0,42,164704.25,149737,325,81,0,0
779725,1,102,2752,0,0,42,164704.25,149737,325,81,0,0
779840,1,102,2752,0,0,42,164704.25,149737,325,81,0,0
779965,1,101,2752,0,0,42,164704.25,149737,325,81,0,0
779975,1,101,2752,0,0,42,164704.25,149737,325,81,0,0
780185,1,101,2752,0,0,42,164704.25,149737,325,81,0,0
780319,1,101,2752,0,0,42,164704.25,149737,325,81,0,0
780430,1,101,2752,0,0,42,164704.25,149737,325,81,0,0
780475,1,101,2752,0,0,42,164704.25,149737,325,81,0,0
780665,1,101,2720,0,0,42,164704.25,149737,325,81,0,0
780778,1,101,2752,0,0,42,164704.25,149737,325,81,0,0
780878,1,101,2752,0,0,42,164704.25,149737,325,81,0,0
780975,1,100,2720,0,0,42,164704.25,149737,325,81,0,0
781128,1,100,2720,0,0,42,164704.25,149737,325,81,0,0
781240,1,100,2720,0,0,42,164704.25,149737,325,81,0,0
781375,1,100,2720,0,0,42,164704.25,149737,325,81,0,0
781478,1,100,2720,0,0,42,164704.25,149737,325,81,0,0
781601,1,100,2720,0,0,42,164704.25,149737,325,81,0,0
781740,1,100,2720,20,0,42,164704.25,149737,325,81,0,0
781840,1,100,2781,40,0,42,164704.25,149737,325,81,0,0
781965,1,100,2721,46,0,42,164704.25,149737,325,81,0,0
782113,1,100,2751,56,0,42,164704.25,149737,325,81,0,0
782228,1,100,2731,79,0,42,164705.30,149737,325,81,0,0
782340,1,100,2772,85,0,42,164705.30,149737,325,81,0,0
782465,1,100,2748,86,0,42,164705.30,149737,325,81,0,0
782477,1,100,2780,86,0,42,164705.30,149737,325,81,0,0
782685,1,101,2759,91,0,42,164705.30,149737,325,81,0,0
782815,1,101,2770,100,0,42,164706.31,149737,325,81,0,0
782935,1,101,2782,100,0,42,164706.31,149737,325,81,0,0
782977,1,101,2782,100,0,42,164706.31,149737,325,81,0,0
783165,1,101,2757,100,0,42,164706.31,149737,325,81,0,0
783277,1,102,2757,100,0,42,164707.38,149737,325,81,0,0
783378,1,102,2759,100,0,42,164707.38,149737,325,81,0,0
783465,1,102,2803,100,0,42,164707.38,149737,325,81,0,0
783640,1,102,2811,100,0,42,164707.38,149737,325,81,0,0
783765,1,103,2811,93,0,42,164707.38,149737,325,81,0,0
783878,1,103,2794,93,0,42,164708.48,149737,325,81,0,0
783965,1,103,2842,93,0,42,164708.48,149737,325,81,0,0
784127,1,103,2821,88,0,42,164708.48,149737,325,81,0,0
784240,1,103,2834,88,0,42,164708.48,149737,325,81,0,0
784368,1,103,2827,88,0,42,164709.52,149737,325,81,0,0
784465,1,103,2824,88,0,42,164709.52,149737,325,81,0,0
784599,1,103,2824,88,0,42,164709.52,149737,325,81,0,0
784877,1,104,2836,88,0,42,164709.52,149737,325,81,0,0
784977,1,104,2832,88,0,42,164710.56,149737,325,81,0,0
785121,1,104,2832,88,0,42,164710.56,149737,325,81,0,0
785240,1,104,2852,88,0,42,164710.56,149737,325,81,0,0
785340,1,105,2856,88,0,42,164710.56,149737,325,81,0,0
785466,1,105,2856,88,0,42,164710.56,149737,325,81,0,0
785598,1,105,2856,88,0,42,164710.56,149737,325,81,0,0
785727,1,105,2858,88,0,42,164711.62,149737,325,81,0,0
785840,1,105,2858,86,0,42,164711.62,149737,325,81,0,0
785940,1,105,2890,85,0,42,164711.62,149737,325,81,0,0
785990,1,105,2890,85,0,42,164711.62,149737,325,81,0,0
786185,1,106,2907,85,0,42,164712.70,149737,325,81,0,0
786315,1,106,2886,87,0,42,164712.70,149737,325,81,0,0
786441,1,106,2893,87,0,42,164712.70,149737,325,81,0,0
786477,1,106,2893,87,0,42,164712.70,149737,325,81,0,0
786778,1,106,2893,87,0,42,164712.70,149737,325,81,0,0
786918,1,106,2897,85,0,42,164713.73,149737,325,81,0,0
786984,1,106,2897,85,0,42,164713.73,149737,325,81,0,0
787140,1,106,2897,48,0,42,164713.73,149737,325,81,0,0
787277,1,106,2908,0,0,42,164713.73,149737,325,81,0,0
787377,1,106,2875,0,0,42,164713.73,149737,325,81,0,0
787478,1,106,2888,0,0,42,164713.73,149737,325,81,0,0
787627,1,106,2888,0,0,42,164713.73,149737,325,81,0,0
787740,1,106,2892,0,0,42,164713.73,149737,325,81,0,0
787878,1,106,2893,0,0,42,164713.73,149737,325,81,0,0
787978,1,106,2863,0,0,42,164714.75,149737,325,81,0,0
787978,1,106,2863,0,0,42,164714.75,149737,325,81,0,0
788227,1,106,2861,0,0,42,164714.75,149737,325,81,0,0
788340,1,106,2861,0,0,42,164714.75,149737,325,81,0,0
788465,1,105,2861,0,0,42,164714.75,149737,325,81,0,0
788728,1,105,2878,0,0,42,164714.75,149737,325,81,0,0
788840,1,105,2856,0,0,42,164714.75,149737,325,81,0,0
788965,1,105,2875,0,0,42,164714.75,149737,325,81,0,0
789109,1,105,2862,0,0,42,164714.75,149737,325,81,0,0
789227,1,105,2848,0,0,42,164714.75,149737,325,81,0,0
789340,1,104,2816,0,0,42,164714.75,149737,325,81,0,0
789445,1,104,2848,0,0,42,164714.75,149738,325,81,0,0
789481,1,104,2816,0,0,42,164714.75,149738,325,81,0,0
789685,1,104,2816,0,0,42,164714.75,149738,325,81,0,0
789815,1,104,2816,0,0,42,164714.75,149738,325,81,0,0
789928,1,104,2816,0,0,42,164714.75,149738,325,81,0,0
789982,1,104,2816,0,0,42,164714.75,149738,325,81,0,0
790140,1,103,2816,0,0,42,164714.75,149738,325,81,0,0
790277,1,103,2816,0,0,42,164714.75,149738,325,81,0,0
790377,1,103,2784,0,0,42,164714.75,149738,325,81,0,0
790465,1,103,2816,0,0,42,164714.75,149738,325,81,0,0
790765,1,102,2784,0,0,42,164714.75,149738,325,81,0,0
790877,1,102,2784,0,0,42,164714.75,149738,325,81,0,0
790965,1,102,2752,0,0,42,164714.75,149738,325,81,0,0
791121,1,102,2784,0,0,42,164714.75,149738,325,81,0,0
791240,1,102,2752,0,0,42,164714.75,149738,325,81,0,0
791368,1,102,2752,0,0,42,164714.75,149738,325,81,0,0
791477,1,101,2752,0,0,42,164714.75,149738,325,81,0,0
791627,1,101,2752,0,0,42,164714.75,149738,325,81,0,0
791740,1,101,2752,0,0,42,164714.75,149738,325,81,0,0
791840,1,101,2752,0,6,42,164714.75,149738,325,81,0,0
791979,1,101,2720,0,12,42,164714.75,149738,325,81,0,0
791979,1,101,2720,0,12,42,164714.75,149738,325,81,0,0
792227,1,100,2720,0,20,42,164714.75,149738,325,81,0,0
792340,1,100,2720,0,20,42,164714.75,149738,325,81,0,0
792465,1,100,2688,0,22,42,164714.75,149738,325,81,0,0
792715,1,99,2688,0,28,42,164714.75,149738,325,81,0,0
792840,1,99,2688,0,32,42,164714.75,149738,325,81,0,0
792940,1,98,2688,0,30,42,164714.75,149738,325,81,0,0
792978,1,98,2688,0,30,42,164714.75,149738,325,81,0,0
793185,1,98,2656,0,30,42,164714.75,149738,325,81,0,0
793278,1,98,2656,0,32,42,164714.75,149738,325,81,0,0
793419,1,97,2656,0,30,42,164714.75,149738,325,81,0,0
793477,1,97,2624,0,30,42,164714.75,149738,325,81,0,0
793627,1,97,2624,0,30,42,164714.75,149738,325,81,0,0
793777,1,97,2624,0,12,42,164714.75,149738,325,81,0,0
793877,1,96,2624,0,12,42,164714.75,149738,325,81,0,0
793978,1,96,2592,0,14,42,164714.75,149738,325,81,0,0
794140,1,96,2592,0,16,42,164714.75,149738,325,81,0,0
794240,1,96,2592,0,20,42,164714.75,149738,325,81,0,0
794377,1,95,2592,0,20,42,164714.75,149738,325,81,0,0
794377,1,95,2592,0,20,42,164714.75,149738,325,81,0,0
794740,1,95,2560,0,20,42,164714.75,149738,325,81,0,0
794965,1,94,2560,0,0,42,164714.75,149738,325,81,0,0
795054,1,94,2560,0,0,42,164714.75,149738,325,81,0,0
795327,1,94,2560,0,0,42,164714.75,149738,325,81,0,0
795477,1,94,2560,0,0,42,164714.75,149738,325,81,0,0
795627,1,94,2528,0,0,42,164714.75,149738,325,81,0,0
795740,1,93,2528,0,0,42,164714.75,149738,325,81,0,0
795868,1,93,2528,0,0,42,164714.75,149738,325,81,0,0
795977,1,93,2528,0,0,42,164714.75,149738,325,81,0,0
796023,1,93,2528,0,0,42,164714.75,149738,325,81,0,0
796240,1,93,2528,0,0,42,164714.75,149738,325,81,0,0
796340,1,92,2528,7,0,42,164714.75,149738,325,81,0,0
796477,1,92,2534,10,0,42,164714.75,149738,325,81,0,0
796477,1,92,2534,10,0,42,164714.75,149738,325,81,0,0
796694,1,92,2525,11,0,42,164714.75,149738,325,81,0,0
796827,1,92,2502,19,0,42,164714.75,149738,325,81,0,0
796940,1,92,2503,25,0,42,164714.75,149738,325,81,0,0
796977,1,92,2535,25,0,42,164714.75,149738,325,81,0,0
797177,1,92,2513,36,0,42,164714.75,149738,325,81,0,0
797277,1,92,2499,48,0,42,164714.75,149738,325,81,0,0
797377,1,92,2502,48,0,42,164714.75,149738,325,81,0,0
797477,1,92,2509,48,0,42,164714.75,149738,325,81,0,0
797642,1,92,2508,48,0,42,164715.80,149738,325,81,0,0
797777,1,92,2501,50,0,42,164715.80,149738,325,81,0,0
797877,1,92,2497,50,0,42,164715.80,149738,325,81,0,0
797977,1,92,2497,49,0,42,164715.80,149738,325,81,0,0
798140,1,92,2497,49,0,42,164715.80,149738,325,81,0,0
798265,1,91,2527,44,0,42,164715.80,149738,325,81,0,0
798377,1,92,2522,43,0,42,164715.80,149738,325,81,0,0
798477,1,92,2502,42,0,42,164715.80,149738,325,81,0,0
798477,1,92,2502,42,0,42,164715.80,149738,325,81,0,0
798740,1,91,2523,48,0,42,164716.81,149738,325,81,0,0
798868,1,91,2488,48,0,42,164716.81,149738,325,81,0,0
798977,1,91,2496,50,0,42,164716.81,149738,325,81,0,0
799128,1,91,2500,50,0,42,164716.81,149738,325,81,0,0
799240,1,91,2471,50,0,42,164716.81,149738,325,81,0,0
799368,1,91,2466,52,0,42,164716.81,149738,325,81,0,0
799477,1,91,2464,57,0,42,164716.81,149738,325,81,0,0
799528,1,91,2524,60,0,42,164716.81,149738,325,81,0,0
799715,1,91,2506,64,0,42,164716.81,149738,325,81,0,0
799827,1,91,2465,64,0,42,164717.88,149738,325,81,0,0
799940,1,91,2478,65,0,42,164717.88,149738,325,81,0,0
800044,1,91,2480,68,0,42,164717.88,149738,325,81,0,0
800165,1,91,2480,68,0,42,164717.88,149738,325,81,0,0
800306,1,91,2521,71,0,42,164717.88,149738,325,81,0,0
800427,1,91,2516,71,0,42,164718.95,149738,325,81,0,0
800477,1,91,2516,71,0,42,164718.95,149738,325,81,0,0
800640,1,91,2517,71,0,42,164718.95,149738,325,81,0,0
800777,1,92,2515,71,0,42,164718.95,149738,325,81,0,0
800877,1,92,2512,71,0,42,164718.95,149738,325,81,0,0
801025,1,92,2501,72,0,42,164718.95,149738,325,81,0,0
801140,1,92,2526,72,0,42,164718.95,149738,325,81,0,0
801265,1,92,2503,76,0,42,164720.02,149738,325,81,0,0
801377,1,92,2510,78,0,42,164720.02,149738,325,81,0,0
801477,1,92,2520,78,0,42,164720.02,149738,325,81,0,0
801514,1,92,2520,80,0,42,164720.02,149738,325,81,0,0
801740,1,92,2525,88,0,42,164720.02,149738,325,81,0,0
801868,1,92,2510,96,0,42,164720.02,149738,325,81,0,0
801977,1,92,2533,100,0,42,164721.08,149738,325,81,0,0
801977,1,92,2533,100,0,42,164721.08,149738,325,81,0,0
802227,1,92,2518,103,0,42,164721.08,149738,325,81,0,0
802327,1,92,2534,103,0,42,164721.08,149738,325,81,0,0
802444,1,93,2539,104,0,42,164722.22,149738,325,81,0,0
802515,1,93,2539,105,0,42,164722.22,149738,325,81,0,0
802677,1,93,2547,105,0,42,164722.22,149738,325,81,0,0
802815,1,93,2549,105,0,42,164722.22,149738,325,81,0,0
802935,1,93,2554,105,0,42,164723.33,149738,325,81,0,0
803015,1,93,2554,105,0,42,164723.33,149738,325,81,0,0
803140,1,94,2589,105,0,42,164723.33,149738,325,81,0,0
803277,1,94,2560,104,0,42,164723.33,149738,325,81,0,0
803377,1,94,2591,103,0,42,164724.45,149738,325,81,0,0
803477,1,94,2578,103,0,42,164724.45,149738,325,81,0,0
803640,1,94,2578,103,0,42,164724.45,149738,325,81,0,0
803765,1,94,2581,102,0,42,164724.45,149738,325,81,0,0
803877,1,95,2584,102,0,42,164724.45,149738,325,81,0,0
803977,1,95,2585,100,0,42,164725.56,149738,325,81,0,0
804127,1,95,2578,100,0,42,164725.56,149738,325,81,0,0
804240,1,95,2607,99,0,42,164725.56,149738,325,81,0,0
804377,1,95,2601,99,0,42,164726.66,149738,325,81,0,0
804477,1,95,2596,99,0,42,164726.66,149738,325,81,0,0
804477,1,95,2596,99,0,42,164726.66,149738,325,81,0,0
804740,1,95,2623,105,0,42,164726.66,149738,325,81,0,0
804840,1,96,2616,119,0,42,164726.66,149738,325,81,0,0
804977,1,96,2626,135,0,42,164727.72,149738,325,81,0,0
804977,1,96,2626,135,0,42,164727.72,149738,325,81,0,0
805215,1,96,2623,139,0,42,164727.72,149738,325,81,0,0
805327,1,96,2649,139,0,42,164727.72,149738,325,81,0,0
805444,1,97,2633,141,0,42,164728.89,149738,325,81,0,0
805477,1,97,2633,141,0,42,164728.89,149738,325,81,0,0
805685,1,97,2676,141,0,42,164728.89,149738,325,81,0,0
805777,1,97,2681,141,0,42,164728.89,149738,325,81,0,0
805918,1,98,2681,142,0,42,164729.95,149738,325,81,0,0
806017,1,98,2681,142,0,42,164729.95,149738,325,81,0,0
806149,1,98,2675,142,0,42,164729.95,149738,325,81,0,0
806277,1,99,2702,142,0,42,164731.03,149738,325,81,0,0
806377,1,99,2697,142,0,42,164731.03,149738,325,81,0,0
806477,1,99,2693,142,0,42,164732.09,149738,325,81,0,0
806636,1,99,2693,142,0,42,164732.09,149738,325,81,0,0
806740,1,100,2745,142,0,42,164732.09,149738,325,81,0,0
806868,1,100,2748,142,0,42,164733.17,149738,325,81,0,0
806977,1,100,2749,142,0,42,164733.17,149738,325,81,0,0
807017,1,100,2749,142,0,42,164733.17,149738,325,81,0,0
807227,1,100,2752,141,0,42,164734.25,149738,325,81,0,0
807340,1,101,2758,139,0,42,164734.25,149738,325,81,0,0
807444,1,101,2766,134,0,42,164735.34,149738,325,81,0,0
807476,1,101,2766,134,0,42,164735.34,149738,325,81,0,0
807685,1,102,2795,128,0,42,164735.34,149738,325,81,0,0
807806,1,102,2811,118,0,42,164736.44,149738,325,81,0,0
807927,1,102,2807,118,0,42,164736.44,149738,325,81,0,0
807977,1,102,2807,118,0,42,164736.44,149738,325,81,0,0
808139,1,103,2810,118,0,42,164736.44,149738,325,81,0,0
808277,1,103,2788,119,0,42,164737.58,149738,325,81,0,0
808377,1,103,2842,120,0,42,164737.58,149738,325,81,0,0
808481,1,103,2821,123,0,42,164737.58,149738,325,81,0,0
808640,1,103,2834,124,0,42,164738.73,149738,325,81,0,0
808765,1,103,2816,125,0,42,164738.73,149738,325,81,0,0
808877,1,104,2825,125,0,42,164739.77,149738,325,81,0,0
808977,1,104,2838,125,0,42,164739.77,149738,325,81,0,0
808977,1,104,2838,125,0,42,164739.77,149738,325,81,0,0
809239,1,105,2849,125,0,42,164739.77,149738,325,81,0,0
809367,1,105,2866,125,0,42,164740.88,149738,325,81,0,0
809477,1,105,2873,125,0,42,164740.88,149738,328,81,0,0
809527,1,105,2875,125,0,42,164741.88,149738,328,81,0,0
809727,1,105,2907,116,0,42,164741.88,149738,328,81,0,0
809839,1,106,2908,110,0,42,164742.89,149738,328,81,0,0
809965,1,106,2890,104,0,42,164742.89,149738,328,81,0,0
809977,1,106,2890,104,0,42,164742.89,149738,328,81,0,0
810198,1,106,2892,98,0,42,164742.89,149738,328,81,0,0
810317,1,106,2889,74,0,42,164743.95,149738,328,81,0,0
810436,1,106,2892,74,0,42,164743.95,149738,328,81,0,0
810477,1,106,2892,74,0,42,164743.95,149738,328,81,0,0
810639,1,106,2893,74,0,42,164743.95,149738,328,81,0,0
810777,1,106,2901,73,0,42,164743.95,149738,328,81,0,0
810877,1,106,2902,73,0,42,164745.05,149738,328,81,0,0
810977,1,106,2903,73,0,42,164745.05,149738,328,81,0,0
811127,1,106,2898,74,0,42,164745.05,149738,328,81,0,0
811264,1,106,2892,77,0,42,164745.05,149738,328,81,0,0
811377,1,106,2892,77,0,42,164745.05,149738,328,81,0,0
811479,1,106,2901,77,0,42,164746.12,149738,328,81,0,0
811639,1,106,2883,74,0,42,164746.12,149738,328,81,0,0
811764,1,106,2883,74,0,42,164746.12,149738,328,81,0,0
811877,1,106,2909,74,0,42,164746.12,149738,328,81,0,0
811977,1,107,2938,74,0,42,164746.12,149738,328,81,0,0
812027,1,107,2904,74,0,42,164747.14,149738,328,81,0,0
812239,1,106,2934,76,0,42,164747.14,149738,328,82,0,0
812377,1,106,2902,76,0,42,164747.14,149738,328,82,0,0
812477,1,106,2926,76,0,42,164747.14,149738,328,82,0,0
812632,1,106,2905,76,0,42,164747.14,149738,328,82,0,0
812739,1,106,2886,76,0,42,164747.14,149738,328,82,0,0
812867,1,107,2889,76,0,42,164748.23,149738,328,82,0,0
812977,1,107,2910,76,0,42,164748.23,149738,328,82,0,0
812977,1,107,2910,76,0,42,164748.23,149738,328,82,0,0
813239,1,107,2887,76,0,42,164748.23,149738,328,82,0,0
813367,1,107,2891,76,0,42,164748.23,149738,328,82,0,0
813477,1,107,2889,76,0,42,164749.27,149738,328,82,0,0
813632,1,107,2889,76,0,42,164749.27,149738,328,82,0,0
813739,1,107,2884,76,0,42,164749.27,149738,328,82,0,0
813867,1,107,2887,76,0,42,164749.27,149738,328,82,0,0
813977,1,107,2921,76,0,42,164749.27,149738,328,82,0,0
814120,1,106,2921,76,0,42,164749.27,149738,328,82,0,0
814239,1,107,2937,76,0,42,164750.30,149738,328,82,0,0
814339,1,107,2914,76,0,42,164750.30,149738,328,82,0,0
814465,1,107,2886,76,0,42,164750.30,149738,328,82,0,0
814479,1,107,2886,76,0,42,164750.30,149738,328,82,0,0
814684,1,106,2886,76,0,42,164750.30,149738,328,82,0,0
814828,1,106,2938,74,0,42,164751.31,149738,328,82,0,0
814939,1,106,2909,71,0,42,164751.31,149738,328,82,0,0
815035,1,106,2881,69,0,42,164751.31,149738,328,82,0,0
815144,1,106,2881,69,0,42,164751.31,149738,328,82,0,0
815277,1,106,2880,60,0,42,164751.31,149738,328,82,0,0
815420,1,106,2903,53,0,42,164752.38,149738,328,82,0,0
815529,1,106,2904,52,0,42,164752.38,149738,328,82,0,0
815639,1,106,2904,52,0,42,164752.38,149738,328,82,0,0
815777,1,106,2888,52,0,42,164752.38,149738,328,82,0,0
815878,1,106,2898,52,0,42,164752.38,149738,328,82,0,0
815977,1,106,2909,51,0,42,164752.38,149738,328,82,0,0
815977,1,106,2909,51,0,42,164752.38,149738,328,82,0,0
816239,1,106,2896,51,0,42,164752.38,149738,328,82,0,0
816367,1,105,2857,51,0,42,164753.41,149738,328,82,0,0
816477,1,105,2861,51,0,42,164753.41,149738,328,82,0,0
816518,1,105,2861,51,0,42,164753.41,149738,328,82,0,0
816718,1,105,2870,76,0,42,164753.41,149738,328,82,0,0
816839,1,105,2850,88,0,42,164753.41,149738,328,82,0,0
816939,1,105,2884,95,0,42,164753.41,149738,328,82,0,0
817018,1,105,2852,99,0,42,164753.41,149738,328,82,0,0
817194,1,105,2903,99,0,42,164754.47,149738,328,82,0,0
817306,1,105,2893,103,0,42,164754.47,149738,328,82,0,0
817428,1,105,2890,103,0,42,164754.47,149738,328,82,0,0
817547,1,105,2886,103,0,42,164755.47,149738,328,82,0,0
817664,1,105,2854,103,0,42,164755.47,149738,328,82,0,0
817777,1,106,2895,104,0,42,164755.47,149738,328,82,0,0
817878,1,106,2897,104,0,42,164756.47,149738,328,83,0,0
818018,1,106,2900,104,0,42,164756.47,149738,328,83,0,0
818040,1,106,2900,104,0,42,164756.47,149738,328,83,0,0
818277,1,106,2902,104,0,42,164757.48,149738,328,83,0,0
818377,1,106,2906,104,0,42,164757.48,149738,328,83,0,0
818518,1,106,2907,104,0,42,164757.48,149738,328,83,0,0
818654,1,106,2907,104,0,42,164757.48,149738,328,83,0,0
818764,1,106,2880,101,0,42,164758.52,149738,328,83,0,0
818877,1,106,2881,94,0,42,164758.52,149738,328,83,0,0
818978,1,106,2900,91,0,42,164758.52,149738,328,83,0,0
819141,1,106,2884,83,0,42,164759.53,149738,328,83,0,0
819278,1,106,2910,68,0,42,164759.53,149738,328,83,0,0
819377,1,106,2900,60,0,42,164759.53,149738,328,83,0,0
819478,1,106,2887,55,0,42,164759.53,149738,328,83,0,0
819478,1,106,2887,55,0,42,164759.53,149738,328,83,0,0
819764,1,105,2855,48,0,42,164759.53,149738,328,83,0,0
819877,1,105,2878,46,0,42,164760.58,149738,328,83,0,0
819978,1,105,2868,45,0,42,164760.58,149738,328,83,0,0
820018,1,105,2868,44,0,42,164760.58,149738,328,83,0,0
820228,1,105,2864,41,0,42,164760.58,149738,328,83,0,0
820339,1,105,2867,39,0,42,164760.58,149738,328,83,0,0
820464,1,105,2863,39,0,42,164760.58,149738,328,83,0,0
820539,1,104,2851,39,0,42,164760.58,149738,328,83,0,0
820684,1,104,2819,39,0,42,164760.58,149738,328,83,0,0
820828,1,104,2852,39,0,42,164760.58,149738,328,83,0,0
820939,1,104,2824,39,0,42,164761.61,149738,328,83,0,0
821028,1,104,2825,39,0,42,164761.61,149738,328,83,0,0
821178,1,104,2825,39,0,42,164761.61,149738,328,83,0,0
821306,1,104,2826,37,0,42,164761.61,149738,328,83,0,0
821428,1,104,2842,37,0,42,164761.61,149738,328,83,0,0
821518,1,103,2842,37,0,42,164761.61,149738,328,83,0,0
821664,1,103,2842,37,0,42,164761.61,149738,328,83,0,0
821778,1,103,2816,37,0,42,164761.61,149738,328,83,0,0
821883,1,103,2785,37,0,42,164761.61,149738,328,83,0,0
822014,1,103,2787,36,0,42,164761.61,149738,328,83,0,0
822165,1,103,2790,36,0,42,164761.61,149738,328,83,0,0
822277,1,103,2790,36,0,42,164762.67,149738,328,83,0,0
822378,1,102,2788,36,0,42,164762.67,149738,328,83,0,0
822518,1,102,2787,36,0,42,164762.67,149738,328,83,0,0
822652,1,102,2787,36,0,42,164762.67,149738,328,83,0,0
822764,1,102,2785,36,0,42,164762.67,149738,328,83,0,0
822878,1,102,2783,36,0,42,164762.67,149738,328,83,0,0
822977,1,102,2814,36,0,42,164762.67,149738,328,83,0,0
823028,1,102,2785,36,0,42,164762.67,149738,328,83,0,0
823239,1,102,2755,35,0,42,164762.67,149738,328,83,0,0
823339,1,102,2754,35,0,42,164763.72,149738,328,83,0,0
823464,1,101,2754,35,0,42,164763.72,149738,328,83,0,0
823518,1,101,2754,35,0,42,164763.72,149738,328,83,0,0
823694,1,101,2779,35,0,42,164763.72,149738,328,83,0,0
823818,1,101,2774,33,0,42,164763.72,149738,328,83,0,0
823939,1,101,2774,33,0,42,164763.72,149738,328,83,0,0
824029,1,101,2774,33,0,42,164763.72,149738,328,83,0,0
824139,1,101,2774,33,0,42,164763.72,149738,328,83,0,0
824277,1,101,2742,32,0,42,164763.72,149738,328,83,0,0
824378,1,100,2742,26,0,42,164763.72,149738,328,83,0,0
824478,1,100,2737,26,0,42,164764.72,149739,328,83,0,0
824650,1,100,2745,26,0,42,164764.72,149739,328,83,0,0
824764,1,100,2738,26,0,42,164764.72,149739,328,83,0,0
824878,1,100,2746,26,0,42,164764.72,149739,328,83,0,0
824978,1,100,2750,25,0,42,164764.72,149739,328,83,0,0
825054,1,100,2720,23,0,42,164764.72,149739,328,83,0,0
825239,1,100,2741,19,0,42,164764.72,149739,328,83,0,0
825339,1,100,2704,0,0,42,164764.72,149739,328,83,0,0
825464,1,99,2697,0,0,42,164764.72,149739,328,83,0,0
825477,1,99,2697,0,0,42,164764.72,149739,328,83,0,0
825694,1,99,2698,0,48,42,164764.72,149739,328,83,0,0
825814,1,99,2697,0,54,42,164764.72,149739,328,83,0,0
825939,1,98,2670,0,58,42,164765.73,149739,328,83,0,0
826027,1,98,2638,0,60,42,164765.73,149739,328,83,0,0
826178,1,98,2668,0,64,42,164765.73,149739,328,83,0,0
826278,1,97,2630,0,66,42,164765.73,149739,328,83,0,0
826417,1,97,2599,0,66,42,164765.73,149739,328,83,0,0
826514,1,96,2599,0,68,42,164765.73,149739,328,83,0,0
826649,1,96,2623,0,68,42,164765.73,149739,328,83,0,0
826764,1,95,2571,0,68,42,164765.73,149739,328,83,0,0
826878,1,95,2560,0,66,42,164765.73,149739,328,83,0,0
826978,1,94,2555,0,64,42,164765.73,149739,328,83,0,0
827028,1,94,2555,0,64,42,164765.73,149739,328,83,0,0
827239,1,93,2528,0,54,42,164765.73,149739,328,83,0,0
827339,1,93,2528,0,22,42,164765.73,149739,328,83,0,0
827465,1,93,2528,0,0,42,164765.73,149739,328,83,0,0
827566,1,93,2528,0,0,42,164765.73,149739,328,84,0,0
827684,1,93,2496,0,0,42,164765.73,149739,328,84,0,0
827828,1,92,2496,0,0,42,164765.73,149739,328,84,0,0
827939,1,92,2496,0,0,42,164765.73,149739,328,84,0,0
828039,1,92,2496,0,0,42,164765.73,149739,328,84,0,0
828187,1,92,2496,0,0,42,164765.73,149739,328,84,0,0
828306,1,92,2496,0,0,42,164765.73,149739,328,84,0,0
828420,1,91,2464,0,0,42,164765.73,149739,328,84,0,0
828518,1,91,2464,0,0,42,164765.73,149739,328,84,0,0
828518,1,91,2464,0,0,42,164765.73,149739,328,84,0,0
828778,1,91,2464,0,0,42,164765.73,149739,328,84,0,0
828878,1,91,2464,0,0,42,164765.73,149739,328,84,0,0
829028,1,91,2464,0,0,42,164765.73,149739,328,84,0,0
829164,1,90,2464,0,0,42,164765.73,149739,328,84,0,0
829278,1,90,2432,0,0,42,164765.73,149739,328,84,0,0
829440,1,90,2432,0,0,42,164765.73,149739,328,84,0,0
829539,1,90,2432,0,0,42,164765.73,149739,328,84,0,0
829678,1,90,2432,0,0,42,164765.73,149739,328,84,0,0
829805,1,90,2432,0,0,42,164765.73,149739,328,84,0,0
829918,1,89,2432,5,0,42,164765.73,149739,328,84,0,0
830039,1,89,2437,8,0,42,164765.73,149739,328,84,0,0
830164,1,89,2437,8,0,42,164765.73,149739,328,84,0,0
830278,1,89,2459,12,0,42,164765.73,149739,328,84,0,0
830378,1,89,2443,14,0,42,164765.73,149739,328,84,0,0
830517,1,89,2436,15,0,42,164765.73,149739,328,84,0,0
830564,1,89,2410,15,0,42,164765.73,149739,328,84,0,0
830764,1,89,2416,23,0,42,164765.73,149739,328,84,0,0
830878,1,89,2452,26,0,42,164765.73,149739,328,84,0,0
830978,1,89,2437,30,0,42,164765.73,149739,328,84,0,0
831039,1,89,2453,35,0,42,164765.73,149739,328,84,0,0
831228,1,89,2447,45,0,42,164766.75,149739,328,84,0,0
831339,1,89,2414,47,0,42,164766.75,149739,328,84,0,0
831465,1,89,2429,47,0,42,164766.75,149739,328,84,0,0
831563,1,89,2463,49,0,42,164766.75,149739,328,84,0,0
831684,1,89,2463,49,0,42,164766.75,149739,328,84,0,0
831817,1,89,2463,62,0,42,164766.75,149739,328,84,0,0
831939,1,89,2402,65,0,42,164766.75,149739,328,84,0,0
832039,1,89,2457,66,0,42,164767.80,149739,328,84,0,0
832039,1,89,2457,66,0,42,164767.80,149739,328,84,0,0
832278,1,89,2433,71,0,42,164767.80,149739,328,84,0,0
832380,1,89,2438,73,0,42,164767.80,149739,328,84,0,0
832528,1,89,2434,79,0,42,164767.80,149739,328,84,0,0
832538,1,89,2434,79,0,42,164767.80,149739,328,84,0,0
832778,1,90,2434,88,0,42,164767.80,149739,328,84,0,0
832879,1,90,2459,93,0,42,164768.83,149739,328,84,0,0
833017,1,90,2490,103,0,42,164768.83,149739,328,84,0,0
833038,1,90,2487,103,0,42,164768.83,149739,328,84,0,0
833239,1,90,2487,106,0,42,164768.83,149739,328,84,0,0
833367,1,91,2490,107,0,42,164768.83,149739,328,84,0,0
833478,1,91,2477,108,0,42,164769.88,149739,328,84,0,0
833539,1,91,2489,109,0,42,164769.88,149739,328,84,0,0
833717,1,91,2500,109,0,42,164769.88,149739,328,84,0,0
833839,1,91,2515,110,0,42,164769.88,149739,328,84,0,0
833939,1,92,2521,110,0,42,164770.95,149739,328,84,0,0
834039,1,92,2524,111,0,42,164770.95,149739,328,84,0,0
834184,1,92,2524,111,0,42,164770.95,149739,328,84,0,0
834314,1,92,2499,112,0,42,164770.95,149739,328,84,0,0
834428,1,92,2539,112,0,42,164772.08,149739,328,84,0,0
834542,1,93,2541,113,0,42,164772.08,149739,328,84,0,0
834670,1,93,2541,113,0,42,164772.08,149739,328,84,0,0
834779,1,93,2541,114,0,42,164773.08,149739,328,84,0,0
834878,1,93,2539,114,0,42,164773.08,149739,328,84,0,0
835017,1,93,2538,114,0,42,164773.08,149739,328,84,0,0
835040,1,94,2570,114,0,42,164773.08,149739,328,84,0,0
835239,1,94,2570,106,0,42,164773.08,149739,328,84,0,0
835378,1,94,2587,105,0,42,164774.08,149739,328,84,0,0
835478,1,94,2585,105,0,42,164774.08,149739,328,84,0,0
835539,1,94,2578,105,0,42,164774.08,149739,328,84,0,0
835728,1,94,2598,92,0,42,164775.09,149739,328,84,0,0
835839,1,95,2607,82,0,42,164775.09,149739,328,84,0,0
835964,1,95,2586,65,0,42,164775.09,149739,328,84,0,0
836039,1,95,2589,58,0,42,164775.09,149739,328,84,0,0
836184,1,95,2621,58,0,42,164776.09,149739,328,84,0,0
836317,1,95,2608,51,0,42,164776.09,149739,328,84,0,0
836443,1,95,2598,51,0,42,164776.09,149739,328,84,0,0
836539,1,95,2598,49,0,42,164776.09,149739,328,84,0,0
836678,1,95,2612,49,0,42,164776.09,149739,328,84,0,0
836779,1,95,2621,49,0,42,164776.09,149739,328,84,0,0
836917,1,95,2591,49,0,42,164776.09,149739,328,84,0,0
837029,1,95,2623,49,0,42,164776.09,149739,328,84,0,0
837070,1,95,2623,49,0,42,164776.09,149739,328,84,0,0
837278,1,95,2619,50,0,42,164777.12,149739,328,84,0,0
837379,1,95,2620,50,0,42,164777.12,149739,328,84,0,0
837517,1,95,2620,47,0,42,164777.12,149739,328,84,0,0
837554,1,95,2619,47,0,42,164777.12,149739,328,84,0,0
837739,1,95,2616,23,0,42,164777.12,149739,328,84,0,0
837873,1,95,2570,12,0,42,164777.12,149739,328,84,0,0
837979,1,95,2614,12,0,42,164777.12,149739,328,84,0,0
838039,1,95,2567,17,0,42,164777.12,149739,328,84,0,0
838184,1,95,2567,17,0,42,164777.12,149739,328,84,0,0
838339,1,95,2619,41,0,42,164777.12,149739,328,84,0,0
838443,1,95,2619,52,0,42,164777.12,149739,328,84,0,0
838529,1,95,2602,63,0,42,164777.12,149739,328,84,0,0
838678,1,95,2606,63,0,42,164778.17,149739,328,84,0,0
838814,1,96,2620,69,0,42,164778.17,149739,328,84,0,0
838935,1,96,2595,75,0,42,164778.17,149739,328,84,0,0
839039,1,96,2636,79,0,42,164778.17,149739,328,84,0,0
839184,1,96,2636,79,0,42,164778.17,149739,328,84,0,0
839306,1,96,2631,60,0,42,164778.17,149739,328,84,0,0
839429,1,96,2629,60,0,42,164779.23,149739,328,84,0,0
839539,1,96,2644,58,0,42,164779.23,149739,331,84,0,0
839667,1,96,2644,58,0,42,164779.23,149739,331,84,0,0
839779,1,96,2650,46,0,42,164779.23,149739,331,84,0,0
839879,1,96,2640,44,0,42,164779.23,149739,331,84,0,0
840017,1,96,2625,41,0,42,164779.23,149739,331,84,0,0
840069,1,96,2624,41,0,42,164779.23,149739,331,84,0,0
840239,1,96,2624,41,0,42,164779.23,149739,331,84,0,0
840367,1,96,2628,41,0,42,164779.23,149739,331,84,0,0
840478,1,97,2631,41,0,42,164780.28,149739,331,84,0,0
840539,1,97,2630,45,0,42,164780.28,149739,331,84,0,0
840729,1,97,2640,55,0,42,164780.28,149739,331,84,0,0
840839,1,97,2646,59,0,42,164780.28,149739,331,84,0,0
840964,1,97,2642,62,0,42,164780.28,149739,331,84,0,0
841038,1,97,2626,63,0,42,164780.28,149739,331,84,0,0
841187,1,97,2639,63,0,42,164780.28,149739,331,84,0,0
841329,1,97,2679,69,0,42,164781.31,149739,331,84,0,0
841443,1,97,2649,71,0,42,164781.31,149739,331,84,0,0
841564,1,97,2633,75,0,42,164781.31,149739,331,84,0,0
841691,1,97,2665,76,0,42,164781.31,149739,331,84,0,0
841817,1,97,2668,79,0,42,164781.31,149739,331,84,0,0
841938,1,98,2682,83,0,42,164781.31,149739,331,84,0,0
842054,1,98,2683,86,0,42,164782.33,149739,331,84,0,0
842079,1,98,2683,86,0,42,164782.33,149739,331,84,0,0
842306,1,98,2696,86,0,42,164782.33,149739,331,84,0,0
842420,1,98,2677,79,0,42,164782.33,149739,331,84,0,0
842539,1,99,2704,69,0,42,164782.33,149739,331,84,0,0
842553,1,99,2704,69,0,42,164782.33,149739,331,84,0,0
842779,1,99,2662,52,0,42,164783.44,149739,331,84,0,0
842879,1,99,2706,51,0,42,164783.44,149739,331,84,0,0
843017,1,98,2700,51,0,42,164783.44,149739,331,84,0,0
843164,1,99,2704,51,0,42,164783.44,149739,331,84,0,0
843279,1,99,2695,68,0,42,164783.44,149739,331,84,0,0
843379,1,99,2710,71,0,42,164783.44,149739,331,84,0,0
843517,1,99,2694,74,0,42,164784.44,149739,331,84,0,0
843538,1,99,2700,74,0,42,164784.44,149739,331,84,0,0
843779,1,99,2700,77,0,42,164784.44,149739,331,84,0,0
843879,1,99,2698,77,0,42,164784.44,149739,331,84,0,0
843979,1,99,2701,78,0,42,164784.44,149739,331,84,0,0
844034,1,99,2711,79,0,42,164784.44,149739,331,84,0,0
844239,1,100,2727,80,0,42,164785.52,149739,331,84,0,0
844367,1,100,2699,80,0,42,164785.52,149739,331,84,0,0
844479,1,100,2731,75,0,42,164785.52,149739,331,84,0,0
844581,1,100,2723,65,0,42,164785.52,149739,331,84,0,0
844581,1,100,2723,65,0,42,164785.52,149739,331,84,0,0
844840,1,100,2725,59,0,42,164786.58,149739,331,84,0,0
844940,1,100,2750,59,0,42,164786.58,149739,331,84,0,0
845039,1,100,2722,59,0,42,164786.58,149739,331,84,0,0
845185,1,100,2729,59,0,42,164786.58,149739,331,84,0,0
845317,1,100,2735,48,0,42,164786.58,149739,331,84,0,0
845438,1,100,2737,43,0,42,164786.58,149739,331,84,0,0
845553,1,100,2743,41,0,42,164786.58,149739,331,84,0,0
845689,1,100,2743,43,0,42,164786.58,149739,331,84,0,0
845817,1,100,2698,45,0,42,164787.62,149739,331,84,0,0
845940,1,100,2743,45,0,42,164787.62,149739,331,84,0,0
846054,1,100,2746,47,0,42,164787.62,149739,331,84,0,0
846063,1,100,2746,47,0,42,164787.62,149739,331,84,0,0
846306,1,100,2742,53,0,42,164787.62,149739,331,84,0,0
846419,1,100,2734,53,0,42,164787.62,149739,331,84,0,0
846538,1,100,2744,53,0,42,164787.62,149739,331,84,0,0
846538,1,100,2744,53,0,42,164787.62,149739,331,84,0,0
846781,1,100,2749,51,0,42,164788.69,149739,331,84,0,0
846917,1,100,2717,43,0,42,164788.69,149739,331,84,0,0
847031,1,100,2744,41,0,42,164788.69,149739,331,84,0,0
847052,1,100,2744,41,0,42,164788.69,149739,331,84,0,0
847263,1,99,2733,35,0,42,164788.69,149739,331,84,0,0
847381,1,99,2735,34,0,42,164788.69,149739,331,84,0,0
847481,1,99,2702,33,0,42,164788.69,149739,331,84,0,0
847539,1,99,2698,33,0,42,164788.69,149739,331,84,0,0
847731,1,99,2694,30,0,42,164788.69,149739,331,84,0,0
847840,1,99,2697,29,0,42,164788.69,149739,331,84,0,0
847963,1,99,2698,27,0,42,164789.73,149739,331,84,0,0
848053,1,99,2693,25,0,42,164789.73,149739,331,84,0,0
848200,1,99,2693,25,0,42,164789.73,149739,331,84,0,0
848331,1,99,2693,18,0,42,164789.73,149739,331,84,0,0
848443,1,99,2717,18,0,42,164789.73,149739,331,84,0,0
848563,1,99,2712,18,0,42,164789.73,149739,331,84,0,0
848687,1,99,2712,18,0,42,164789.73,149739,331,84,0,0
848817,1,99,2717,18,0,42,164789.73,149739,331,84,0,0
848940,1,99,2689,17,0,42,164789.73,149739,331,84,0,0
849063,1,99,2691,17,0,42,164789.73,149739,331,84,0,0
849098,1,99,2691,17,0,42,164789.73,149739,331,84,0,0
849306,1,98,2681,17,0,42,164789.73,149739,331,84,0,0
849432,1,98,2711,16,0,42,164789.73,149739,331,84,0,0
849539,1,98,2682,16,0,42,164790.73,149739,331,84,0,0
849686,1,98,2682,16,0,42,164790.73,149739,331,84,0,0
849781,1,98,2684,16,0,42,164790.73,149739,331,84,0,0
849917,1,98,2684,16,0,42,164790.73,149739,331,84,0,0
850031,1,98,2679,16,0,42,164790.73,149739,331,84,0,0
850063,1,98,2679,16,0,42,164790.73,149739,331,84,0,0
850263,1,98,2676,16,0,42,164790.73,149739,331,84,0,0
850381,1,98,2680,16,0,42,164790.73,149739,331,84,0,0
850481,1,98,2681,16,0,42,164790.73,149739,331,84,0,0
850554,1,98,2684,16,0,42,164790.73,149739,331,84,0,0
850738,1,97,2685,16,0,42,164790.73,149739,331,84,0,0
850840,1,97,2652,16,0,42,164790.73,149739,331,84,0,0
850981,1,97,2681,16,0,42,164790.73,149739,331,84,0,0
851039,1,97,2648,16,0,42,164790.73,149739,331,84,0,0
851187,1,97,2678,16,0,42,164791.75,149739,331,84,0,0
851331,1,97,2649,16,0,42,164791.75,149739,331,84,0,0
851443,1,97,2650,16,0,42,164791.75,149739,331,84,0,0
851553,1,97,2651,16,0,42,164791.75,149739,331,84,0,0
851687,1,97,2651,16,0,42,164791.75,149739,331,84,0,0
851817,1,97,2648,16,0,42,164791.75,149739,331,84,0,0
851931,1,97,2646,16,0,42,164791.75,149739,331,84,0,0
852039,1,97,2647,23,0,42,164791.75,149739,331,84,0,0
852063,1,97,2647,23,0,42,164791.75,149739,331,84,0,0
852281,1,97,2629,28,0,42,164791.75,149739,331,84,0,0
852381,1,96,2650,29,0,42,164791.75,149739,331,84,0,0
852517,1,96,2625,31,0,42,164791.75,149739,331,84,0,0
852553,1,96,2624,31,0,42,164791.75,149739,331,84,0,0
852738,1,96,2655,32,0,42,164792.75,149739,331,84,0,0
852866,1,96,2625,32,0,42,164792.75,149739,331,84,0,0
852981,1,96,2633,32,0,42,164792.75,149739,331,84,0,0
853070,1,96,2637,26,0,42,164792.75,149739,331,84,0,0
853197,1,96,2605,26,0,42,164792.75,149739,331,84,0,0
853339,1,96,2596,19,0,42,164792.75,149739,331,84,0,0
853464,1,96,2651,19,0,42,164792.75,149739,331,84,0,0
853553,1,96,2618,19,0,42,164792.75,149739,331,84,0,0
853687,1,96,2618,19,0,42,164792.75,149739,331,84,0,0
853817,1,96,2593,19,0,42,164792.75,149739,331,84,0,0
853940,1,96,2596,19,0,42,164792.75,149739,331,84,0,0
854054,1,96,2595,19,0,42,164792.75,149739,331,84,0,0
854064,1,96,2595,19,0,42,164792.75,149739,331,84,0,0
854306,1,96,2592,19,0,42,164793.77,149739,331,84,0,0
854419,1,95,2620,19,0,42,164793.77,149739,331,84,0,0
854538,1,95,2619,19,0,42,164793.77,149739,331,84,0,0
854683,1,95,2619,19,0,42,164793.77,149739,331,84,0,0
854806,1,95,2592,19,0,42,164793.77,149739,331,84,0,0
854917,1,95,2593,19,0,42,164793.77,149739,331,84,0,0
855038,1,95,2593,19,0,42,164793.77,149739,331,84,0,0
855170,1,95,2593,19,0,42,164793.77,149739,331,84,0,0
855281,1,95,2619,19,0,42,164793.77,149739,331,84,0,0
855419,1,95,2619,26,0,42,164793.77,149739,331,84,0,0
855531,1,95,2561,28,0,42,164793.77,149739,331,84,0,0
855557,1,95,2561,28,0,42,164793.77,149739,331,84,0,0
855763,1,95,2620,40,0,42,164793.77,149739,331,84,0,0
855881,1,95,2568,45,0,42,164794.78,149739,331,84,0,0
855981,1,95,2620,58,0,42,164794.78,149739,331,84,0,0
856053,1,95,2619,69,0,42,164794.78,149739,331,84,0,0
856195,1,95,2619,69,0,42,164794.78,149739,331,84,0,0
856340,1,95,2605,116,0,42,164794.78,149739,331,84,0,0
856465,1,96,2603,138,0,42,164794.78,149739,331,84,0,0
856563,1,96,2593,152,0,42,164795.83,149739,331,84,0,0
856707,1,96,2625,152,0,42,164795.83,149739,331,84,0,0
856831,1,96,2644,186,0,42,164795.83,149739,331,84,0,0
856940,1,97,2678,195,0,42,164796.88,149739,331,84,0,0
857063,1,97,2646,204,0,42,164796.88,149739,331,84,0,0
857086,1,97,2678,204,0,42,164796.88,149739,331,84,0,0
857317,1,97,2658,206,0,42,164798.00,149739,331,84,0,0
857440,1,99,2694,206,0,42,164799.09,149739,331,84,0,0
857538,1,99,2711,202,0,42,164799.09,149739,331,84,0,0
857687,1,99,2711,202,0,42,164799.09,149739,331,84,0,0
857806,1,100,2741,196,0,42,164800.19,149739,331,84,0,0
857931,1,100,2743,191,0,42,164801.28,149739,331,84,0,0
858038,1,101,2720,189,0,42,164801.28,149739,331,84,0,0
858067,1,101,2720,189,0,42,164801.28,149739,331,84,0,0
858281,1,101,2755,186,0,42,164802.41,149739,331,84,0,0
858419,1,102,2795,175,0,42,164802.41,149739,331,84,0,0
858531,1,102,2808,173,0,42,164803.55,149739,331,84,0,0
858563,1,102,2808,173,0,42,164803.55,149739,331,84,0,0
858763,1,103,2796,171,0,42,164804.69,149739,331,84,0,0
858885,1,103,2819,171,0,42,164804.69,149739,331,84,0,0
858981,1,104,2848,170,0,42,164805.81,149739,331,84,0,0
859066,1,104,2849,168,0,42,164805.81,149739,331,84,0,0
859193,1,104,2849,168,0,42,164805.81,149739,331,84,0,0
859339,1,105,2848,165,0,42,164806.95,149739,331,84,0,0
859464,1,106,2911,164,0,42,164808.11,149739,331,84,0,0
859538,1,106,2910,164,0,42,164808.11,149739,331,84,0,0
859687,1,106,2898,164,0,42,164809.27,149739,331,84,0,0
859831,1,107,2919,164,0,42,164809.27,149739,331,84,0,0
859939,1,107,2923,167,0,42,164810.42,149739,331,84,0,0
860053,1,107,2929,173,0,42,164810.42,149739,331,84,0,0
860193,1,107,2961,173,0,42,164811.59,149739,331,84,0,0
860317,1,107,2970,173,0,42,164811.59,149739,331,84,0,0
860443,1,109,2969,173,0,42,164812.78,149739,331,84,0,0
860563,1,109,2999,172,0,42,164812.78,149739,331,84,0,0
860597,1,109,2999,172,0,42,164813.97,149739,331,84,0,0
860817,1,110,3005,168,0,42,164813.97,149739,331,84,0,0
860937,1,110,3014,167,0,42,164815.16,149739,331,84,0,0
861053,1,111,3017,167,0,42,164815.16,149739,331,84,0,0
861192,1,111,3017,167,0,42,164816.34,149739,331,84,0,0
861306,1,111,3060,166,0,42,164816.34,149739,331,84,0,0
861416,1,112,3041,150,0,42,164817.56,149739,331,84,0,0
861538,1,113,3101,144,0,42,164817.56,149740,331,84,0,0
861538,1,113,3101,144,0,42,164817.56,149740,331,84,0,0
861781,1,113,3092,132,0,42,164818.80,149740,331,84,0,0
861881,1,113,3086,126,0,42,164820.08,149740,331,84,0,0
862013,1,113,3131,123,0,42,164820.08,149740,331,84,0,0
862038,1,114,3100,123,0,42,164821.27,149740,331,84,0,0
862263,1,114,3107,113,0,42,164821.27,149740,331,84,0,0
862366,1,114,3135,107,0,42,164822.31,149740,331,84,0,0
862481,1,115,3126,101,0,42,164822.31,149740,331,84,0,0
862563,1,115,3129,98,0,42,164822.31,149740,331,84,0,0
862713,1,115,3129,95,0,42,164823.44,149740,331,84,0,0
862839,1,115,3146,95,0,42,164823.44,149740,331,84,0,0
862963,1,115,3129,95,0,42,164823.44,149740,331,84,0,0
863053,1,115,3156,95,0,42,164824.56,149740,331,84,0,0
863191,1,115,3156,95,0,42,164824.56,149740,331,84,0,0
863313,1,115,3147,93,0,42,164824.56,149740,331,84,0,0
863443,1,116,3163,87,0,42,164824.56,149740,331,84,0,0
863563,1,116,3148,85,0,42,164825.61,149740,331,84,0,0
863703,1,116,3148,82,0,42,164825.61,149740,331,84,0,0
863813,1,116,3154,76,0,42,164825.61,149740,331,84,0,0
863939,1,116,3156,78,0,42,164825.61,149740,331,84,0,0
864053,1,116,3146,79,0,42,164826.70,149740,331,84,0,0
864063,1,116,3146,79,0,42,164826.70,149740,331,84,0,0
864281,1,116,3138,79,0,42,164826.70,149740,331,84,0,0
864381,1,116,3137,90,0,42,164826.70,149740,331,84,0,0
864513,1,116,3179,100,0,42,164826.70,149740,331,84,0,0
864563,1,116,3161,100,0,42,164826.70,149740,331,84,0,0
864745,1,116,3180,121,0,42,164827.78,149740,331,84,0,0
864866,1,116,3170,136,0,42,164827.78,149740,331,84,0,0
864981,1,117,3170,144,0,42,164827.78,149740,331,84,0,0
865063,1,117,3192,151,0,42,164828.91,149740,331,84,0,0
865231,1,117,3211,151,0,42,164828.91,149740,331,84,0,0
865339,1,118,3228,156,0,42,164828.91,149740,331,84,0,0
865464,1,118,3231,158,0,42,164830.08,149740,331,84,0,0
865563,1,118,3207,160,0,42,164830.08,149740,331,84,0,0
865716,1,118,3207,160,0,42,164831.33,149740,331,84,0,0
865839,1,119,3237,160,0,42,164831.33,149740,331,84,0,0
865963,1,119,3244,160,0,42,164832.67,149740,331,84,0,0
866063,1,119,3274,158,0,42,164833.72,149740,331,84,0,0
866063,1,119,3274,158,0,42,164833.72,149740,331,84,0,0
866316,1,120,3292,147,0,42,164834.81,149740,331,84,0,0
866443,1,121,3290,142,0,42,164835.92,149740,331,84,0,0
866553,1,121,3316,135,0,42,164835.92,149740,331,84,0,0
866566,1,121,3316,135,0,42,164835.92,149740,331,84,0,0
866805,1,121,3306,127,0,42,164836.98,149740,331,84,0,0
866916,1,121,3307,114,0,42,164838.22,149740,331,84,0,0
867038,1,122,3333,109,0,42,164838.22,149740,331,84,0,0
867081,1,122,3301,109,0,42,164839.31,149740,331,84,0,0
867281,1,122,3331,103,0,42,164839.31,149740,331,84,0,0
867381,1,122,3358,95,0,42,164839.31,149740,331,84,0,0
867516,1,122,3328,90,0,42,164840.48,149740,331,84,0,0
867563,1,122,3338,90,0,42,164840.48,149740,331,84,0,0
867743,1,122,3351,84,0,42,164840.48,149740,331,84,0,0
867866,1,123,3349,79,0,42,164840.48,149740,331,84,0,0
867981,1,122,3349,64,0,42,164841.56,149740,331,84,0,0
868063,1,122,3336,62,0,42,164841.56,149740,331,84,0,0
868217,1,122,3336,62,0,42,164841.56,149740,331,84,0,0
868339,1,122,3337,60,0,42,164841.56,149740,331,84,0,0
868463,1,122,3342,59,0,42,164841.56,149740,331,84,0,0
868572,1,122,3343,57,0,42,164841.56,149740,331,84,0,0
868700,1,122,3343,57,0,42,164842.66,149740,331,84,0,0
868831,1,122,3299,22,0,42,164842.66,149740,331,84,0,0
868939,1,122,3305,22,0,42,164842.66,149740,331,84,0,0
869053,1,122,3351,22,0,42,164842.66,149740,331,84,0,0
869081,1,122,3351,22,0,42,164842.66,149740,331,84,0,0
869316,1,122,3302,24,0,42,164842.66,149740,331,84,0,0
869440,1,121,3305,25,0,42,164842.66,149740,331,84,0,0
869553,1,121,3313,25,0,42,164842.66,149740,334,84,0,0
869699,1,121,3313,25,0,42,164842.66,149740,334,84,0,0
869816,1,121,3326,28,0,42,164842.66,149740,334,84,0,0
869936,1,121,3287,31,0,42,164842.66,149740,334,84,0,0
870053,1,121,3320,32,0,42,164843.70,149740,334,84,0,0
870186,1,121,3288,34,0,42,164843.70,149740,334,84,0,0
870303,1,120,3275,37,0,42,164843.70,149740,334,84,0,0
870416,1,120,3290,48,0,42,164843.70,149740,334,84,0,0
870538,1,120,3271,48,0,42,164843.70,149740,334,84,0,0
870569,1,120,3271,48,0,42,164843.70,149740,334,84,0,0
870781,1,120,3268,53,0,42,164843.70,149740,334,84,0,0
870881,1,120,3264,55,0,42,164843.70,149740,334,84,0,0
871016,1,120,3277,73,0,42,164843.70,149740,334,84,0,0
871081,1,120,3266,73,0,42,164844.72,149740,334,84,0,0
871216,1,120,3266,82,0,42,164844.72,149740,334,84,0,0
871366,1,120,3282,83,0,42,164844.72,149740,334,84,0,0
871480,1,120,3290,87,0,42,164844.72,149740,334,84,0,0
871581,1,120,3323,96,0,42,164845.77,149740,334,84,0,0
871730,1,120,3281,100,0,42,164845.77,149740,334,84,0,0
871841,1,121,3285,104,0,42,164845.77,149740,334,84,0,0
871963,1,121,3309,110,0,42,164845.77,149740,334,84,0,0
872083,1,121,3321,114,0,42,164846.84,149740,334,84,0,0
872216,1,121,3321,124,0,42,164846.84,149740,334,84,0,0
872339,1,121,3312,128,0,42,164846.84,149740,334,84,0,0
872443,1,121,3312,137,0,42,164847.91,149740,334,84,0,0
872571,1,122,3307,152,0,42,164847.91,149740,334,84,0,0
872580,1,122,3339,152,0,42,164847.91,149740,334,84,0,0
872839,1,122,3359,163,0,42,164848.97,149740,334,84,0,0
872963,1,123,3334,164,0,42,164848.97,149740,334,84,0,0
873063,1,123,3388,165,0,42,164850.09,149740,334,84,0,0
873063,1,123,3388,165,0,42,164850.09,149740,334,84,0,0
873316,1,123,3386,166,0,42,164850.09,149740,334,84,0,0
873437,1,124,3366,166,0,42,164851.36,149740,334,84,0,0
873554,1,124,3380,166,0,42,164852.36,149740,334,84,0,0
873563,1,124,3380,166,0,42,164852.36,149740,334,84,0,0
873805,1,125,3413,161,0,42,164853.38,149740,334,84,0,0
873917,1,125,3413,152,0,42,164854.39,149740,334,84,0,0
874038,1,126,3426,152,0,42,164855.42,149740,334,84,0,0
874068,1,126,3426,152,0,42,164855.42,149740,334,84,0,0
874281,1,126,3478,150,0,42,164856.47,149740,334,84,0,0
874380,1,127,3451,150,0,42,164856.47,149740,334,84,0,0
874516,1,127,3486,139,0,42,164857.52,149740,334,84,0,0
874581,1,127,3486,139,0,42,164858.56,149740,334,84,0,0
874738,1,128,3459,115,0,42,164858.56,149740,334,84,0,0
874866,1,128,3468,76,0,42,164859.59,149740,334,84,0,0
874980,1,127,3465,61,0,42,164860.67,149740,334,84,0,0
875063,1,127,3473,44,0,42,164860.67,149740,334,84,0,0
875217,1,127,3473,0,0,42,164860.67,149740,334,84,0,0
875339,1,127,3424,0,0,42,164860.67,149740,334,84,0,0
875464,1,127,3477,0,0,42,164860.67,149740,334,84,0,0
875581,1,127,3481,0,0,42,164860.67,149740,334,84,0,0
875721,1,127,3483,0,0,42,164860.67,149740,334,84,0,0
875839,1,126,3452,0,0,42,164860.67,149740,334,84,0,0
875963,1,126,3452,0,0,42,164860.67,149740,334,84,0,0
876081,1,126,3452,0,0,42,164860.67,149740,334,84,0,0
876081,1,126,3452,0,0,42,164860.67,149740,334,84,0,0
876330,1,126,3398,0,0,42,164860.67,149740,334,84,0,0
876443,1,125,3398,0,0,42,164861.67,149740,334,84,0,0
876563,1,125,3399,0,0,42,164861.67,149740,334,84,0,0
876585,1,125,3399,0,0,42,164861.67,149740,334,84,0,0
876780,1,125,3404,0,0,42,164861.67,149740,334,84,0,0
876917,1,125,3400,0,0,42,164861.67,149740,334,84,0,0
877030,1,125,3392,0,0,42,164861.67,149740,334,84,0,0
877082,1,125,3360,0,0,42,164861.67,149740,334,84,0,0
877238,1,124,3360,0,0,42,164861.67,149740,334,84,0,0
877380,1,124,3360,0,0,42,164861.67,149740,334,84,0,0
877482,1,124,3360,10,0,42,164861.67,149740,334,84,0,0
877563,1,124,3373,19,0,42,164861.67,149740,334,84,0,0
877730,1,124,3399,19,0,42,164861.67,149740,334,84,0,0
877866,1,124,3335,32,0,42,164861.67,149740,334,84,0,0
877980,1,124,3374,32,0,42,164861.67,149740,334,84,0,0
878080,1,123,3384,32,0,42,164861.67,149740,334,84,0,0
878216,1,123,3384,24,0,42,164861.67,149740,334,84,0,0
878339,1,123,3339,13,0,42,164861.67,149740,334,84,0,0
878442,1,123,3349,0,0,42,164861.67,149740,334,84,0,0
878580,1,123,3345,0,0,42,164861.67,149740,334,84,0,0
878719,1,123,3345,0,0,42,164861.67,149740,334,84,0,0
878830,1,123,3359,0,0,42,164862.70,149740,334,84,0,0
878939,1,122,3329,0,0,42,164862.70,149740,334,84,0,0
879063,1,122,3299,0,0,42,164862.70,149740,334,84,0,0
879206,1,122,3299,0,0,42,164862.70,149740,334,84,0,0
879317,1,122,3329,0,0,42,164862.70,149740,334,84,0,0
879443,1,122,3348,0,0,42,164862.70,149740,334,84,0,0
879553,1,121,3303,0,0,42,164862.70,149740,334,84,0,0
879583,1,121,3303,0,0,42,164862.70,149740,334,84,0,0
879781,1,121,3308,0,0,42,164862.70,149740,334,84,0,0
879881,1,121,3308,0,0,42,164862.70,149740,334,84,0,0
880016,1,121,3278,0,0,42,164862.70,149740,334,84,0,0
880080,1,121,3296,0,0,42,164862.70,149740,334,84,0,0
880237,1,120,3296,0,0,42,164862.70,149740,334,84,0,0
880380,1,120,3264,0,0,42,164862.70,149740,334,84,0,0
880480,1,120,3264,0,0,42,164862.70,149740,334,84,0,0
880563,1,120,3264,0,0,42,164862.70,149740,334,84,0,0
880730,1,120,3264,0,0,42,164862.70,149740,334,84,0,0
880839,1,119,3232,0,0,41,164862.70,149740,334,84,0,0
880980,1,119,3232,0,0,41,164862.70,149740,334,84,0,0
881080,1,119,3232,1,0,41,164862.70,149740,334,84,0,0
881080,1,119,3232,1,0,41,164862.70,149740,334,84,0,0
881339,1,119,3243,6,0,41,164862.70,149740,334,84,0,0
881442,1,119,3261,9,0,41,164862.70,149740,334,84,0,0
881563,1,119,3238,16,0,41,164862.70,149740,334,84,0,0
881563,1,119,3238,16,0,41,164862.70,149740,334,84,0,0
881831,1,118,3213,29,0,41,164862.70,149740,334,84,0,0
881939,1,118,3229,29,0,41,164863.73,149740,334,84,0,0
882063,1,118,3202,29,0,41,164863.73,149740,334,84,0,0
882080,1,118,3202,29,0,41,164863.73,149740,334,84,0,0
882302,1,118,3229,29,0,41,164863.73,149740,334,84,0,0
882418,1,118,3223,10,0,41,164863.73,149740,334,84,0,0
882530,1,118,3196,7,0,41,164863.73,149740,334,84,0,0
882562,1,118,3196,7,0,41,164863.73,149740,334,84,0,0
882763,1,117,3227,7,0,41,164863.73,149740,334,84,0,0
882881,1,117,3228,0,0,41,164863.73,149740,334,84,0,0
882980,1,117,3196,0,2,41,164863.73,149740,334,84,0,0
883080,1,117,3195,0,58,41,164863.73,149740,334,84,0,0
883240,1,116,3161,0,58,41,164863.73,149740,334,84,0,0
883365,1,116,3161,0,94,41,164863.73,149740,334,84,0,0
883480,1,115,3128,0,94,41,164864.77,149740,334,84,0,0
883581,1,115,3132,0,98,41,164864.77,149740,334,84,0,0
883716,1,115,3132,0,98,41,164864.77,149740,334,84,0,0
883830,1,113,3102,0,96,41,164864.77,149740,334,84,0,0
883939,1,113,3086,0,50,41,164864.77,149740,334,84,0,0
884062,1,113,3099,0,0,41,164864.77,149740,334,84,0,0
884082,1,113,3067,0,0,41,164864.77,149740,334,84,0,0
884302,1,112,3054,0,0,41,164864.77,149740,334,84,0,0
884431,1,112,3040,0,0,41,164864.77,149740,334,84,0,0
884537,1,112,3040,0,0,41,164864.77,149740,334,84,0,0
884632,1,112,3040,0,0,41,164864.77,149740,334,84,0,0
884784,1,112,3008,0,0,41,164864.77,149740,334,84,0,0
884881,1,111,3008,0,0,41,164864.77,149740,334,84,0,0
885016,1,111,3008,0,0,41,164864.77,149740,334,84,0,0
885081,1,111,3008,0,0,41,164864.77,149740,334,84,0,0
885237,1,111,3008,0,0,41,164864.77,149740,334,84,0,0
885380,1,110,3008,0,0,41,164864.77,149740,334,84,0,0
885480,1,110,2976,0,0,41,164864.77,149740,334,84,0,0
885580,1,110,2976,0,0,41,164864.77,149740,334,84,0,0
885731,1,110,2976,0,0,41,164864.77,149740,334,84,0,0
885842,1,110,2976,0,0,41,164864.77,149740,334,84,0,0
885962,1,110,2976,0,14,41,164864.77,149740,334,84,0,0
886080,1,109,2976,0,16,41,164864.77,149740,334,84,0,0
886080,1,109,2976,0,16,41,164864.77,149740,334,84,0,0
886330,1,109,2944,0,20,41,164864.77,149740,334,84,0,0
886442,1,109,2944,0,26,41,164864.77,149740,334,84,0,0
886582,1,108,2944,0,42,41,164864.77,149740,334,84,0,0
886717,1,108,2944,0,42,41,164864.77,149740,334,84,0,0
886838,1,107,2912,0,58,41,164864.77,149740,334,84,0,0
886962,1,107,2880,0,64,41,164864.77,149740,334,84,0,0
887062,1,106,2880,0,64,41,164864.77,149740,334,84,0,0
887217,1,106,2880,0,64,41,164864.77,149740,334,84,0,0
887341,1,105,2848,0,76,41,164864.77,149740,334,84,0,0
887444,1,104,2816,0,80,41,164864.77,149740,334,84,0,0
887562,1,104,2816,0,86,41,164864.77,149740,334,84,0,0
887717,1,104,2816,0,86,41,164864.77,149740,334,84,0,0
887834,1,103,2784,0,86,41,164864.77,149740,334,84,0,0
887939,1,102,2752,0,86,41,164864.77,149740,334,84,0,0
888062,1,101,2752,0,56,41,164864.77,149740,334,84,0,0
888085,1,101,2752,0,56,41,164864.77,149740,334,84,0,0
888280,1,101,2752,0,22,41,164864.77,149740,334,84,0,0
888418,1,101,2720,0,10,41,164864.77,149740,334,84,0,0
888537,1,100,2720,0,2,41,164864.77,149740,334,84,0,0
888585,1,100,2720,0,0,41,164864.77,149740,334,84,0,0
888739,1,100,2720,0,0,41,164864.77,149740,334,84,0,0
888880,1,100,2720,0,0,41,164864.77,149740,334,83,0,0
888980,1,100,2720,0,0,41,164864.77,149740,334,83,0,0
889080,1,100,2688,0,0,41,164864.77,149740,334,83,0,0
889240,1,99,2688,0,0,41,164864.77,149740,334,83,0,0
889365,1,99,2688,0,0,41,164864.77,149740,334,83,0,0
889481,1,99,2688,0,0,41,164864.77,149740,334,83,0,0
889583,1,99,2688,0,0,41,164864.77,149740,334,83,0,0
889637,1,99,2688,0,0,41,164864.77,149740,334,83,0,0
889838,1,99,2688,0,0,41,164864.77,149740,334,83,0,0
889962,1,99,2688,0,0,41,164864.77,149740,334,83,0,0
890083,1,98,2656,0,0,41,164864.77,149740,334,83,0,0
890125,1,98,2656,0,0,41,164864.77,149740,334,83,0,0
890338,1,98,2656,0,0,41,164864.77,149740,334,83,0,0
890442,1,98,2656,0,0,41,164864.77,149740,334,83,0,0
890562,1,98,2656,0,0,41,164864.77,149740,334,83,0,0
890583,1,98,2656,0,0,41,164864.77,149740,334,83,0,0
890802,1,98,2656,0,0,41,164864.77,149740,334,83,0,0
890917,1,97,2624,11,0,41,164864.77,149740,334,83,0,0
891040,1,97,2628,18,0,41,164864.77,149740,334,83,0,0
891116,1,97,2660,23,0,41,164864.77,149740,334,83,0,0
891262,1,97,2661,23,0,41,164864.77,149740,334,83,0,0
891381,1,97,2633,31,0,41,164864.77,149740,334,83,0,0
891516,1,97,2626,34,0,41,164864.77,149741,334,83,0,0
891583,1,97,2637,34,0,41,164864.77,149741,334,83,0,0
891737,1,97,2637,35,0,41,164864.77,149741,334,83,0,0
891865,1,97,2653,39,0,41,164864.77,149741,334,83,0,0
891981,1,96,2644,0,0,41,164864.77,149741,334,83,0,0
892083,1,96,2646,0,0,41,164865.78,149741,334,83,0,0
892083,1,96,2646,0,0,41,164865.78,149741,334,83,0,0
892338,1,95,2568,0,176,41,164865.78,149741,334,83,0,0
892463,1,93,2536,0,258,41,164865.78,149741,334,82,0,0
892583,1,92,2473,0,268,41,164865.78,149741,334,82,0,0
892736,1,91,2472,0,268,41,164865.78,149741,334,82,0,0
892838,1,89,2432,0,240,41,164865.78,149741,334,82,0,0
892962,1,88,2393,0,152,41,164865.78,149741,334,82,0,0
893083,1,87,2364,0,152,41,164865.78,149741,334,82,0,0
893083,1,87,2364,0,152,41,164865.78,149741,334,82,0,0
893317,1,87,2333,0,128,41,164865.78,149741,334,82,0,0
893438,1,85,2333,0,110,41,164865.78,149741,334,82,0,0
893552,1,84,2305,0,74,41,164865.78,149741,334,82,0,0
893583,1,84,2305,0,12,41,164865.78,149741,334,82,0,0
893781,1,84,2300,0,0,41,164865.78,149741,334,82,0,0
893881,1,84,2287,0,0,41,164865.78,149741,334,82,0,0
894016,1,84,2300,0,0,41,164865.78,149741,334,82,0,0
894116,1,84,2285,0,0,41,164865.78,149741,334,82,0,0
894262,1,84,2272,0,0,41,164865.78,149741,334,82,0,0
894381,1,83,2240,0,0,41,164865.78,149741,334,82,0,0
894481,1,83,2240,4,0,41,164865.78,149741,334,82,0,0
894616,1,83,2272,24,0,41,164865.78,149741,334,82,0,0
894653,1,83,2295,24,0,41,164865.78,149741,334,82,0,0
894865,1,83,2264,32,0,41,164865.78,149741,334,82,0,0
894981,1,83,2261,41,0,41,164865.78,149741,334,82,0,0
895081,1,83,2270,42,0,41,164865.78,149741,334,82,0,0
895138,1,83,2270,43,0,41,164865.78,149741,334,82,0,0
895340,1,83,2243,44,0,41,164866.83,149741,334,82,0,0
895462,1,82,2242,44,0,41,164866.83,149741,334,82,0,0
895585,1,83,2240,47,0,41,164866.83,149741,334,82,0,0
895585,1,83,2240,47,0,41,164866.83,149741,334,82,0,0
895831,1,83,2269,60,0,41,164866.83,149741,334,82,0,0
895939,1,83,2240,65,0,41,164866.83,149741,334,82,0,0
896062,1,83,2269,66,0,41,164866.83,149741,334,82,0,0
896082,1,83,2269,66,0,41,164866.83,149741,334,82,0,0
896281,1,83,2271,68,0,41,164867.84,149741,334,82,0,0
896381,1,83,2273,77,0,41,164867.84,149741,334,82,0,0
896516,1,83,2278,85,0,41,164867.84,149741,334,82,0,0
896581,1,83,2242,85,0,41,164867.84,149741,334,82,0,0
896740,1,83,2242,89,0,41,164867.84,149741,334,82,0,0
896881,1,83,2298,101,0,41,164867.84,149741,334,82,0,0
896985,1,83,2286,107,0,41,164867.84,149741,334,82,0,0
897085,1,83,2282,112,0,41,164868.95,149741,334,82,0,0
897246,1,83,2300,114,0,41,164868.95,149741,334,81,0,0
897365,1,84,2301,116,0,41,164868.95,149741,334,81,0,0
897484,1,84,2278,116,0,41,164868.95,149741,334,81,0,0
897581,1,84,2286,116,0,41,164870.06,149741,334,81,0,0
897616,1,84,2286,117,0,41,164870.06,149741,334,81,0,0
897841,1,85,2335,117,0,41,164870.06,149741,334,81,0,0
897962,1,85,2307,117,0,41,164870.06,149741,334,81,0,0
898081,1,85,2310,116,0,41,164871.12,149741,334,81,0,0
898081,1,85,2310,116,0,41,164871.12,149741,334,81,0,0
898316,1,85,2313,111,0,41,164871.12,149741,334,81,0,0
898443,1,86,2348,111,0,41,164871.12,149741,334,81,0,0
898562,1,86,2346,111,0,41,164871.12,149741,334,81,0,0
898631,1,86,2346,111,0,41,164871.12,149741,334,81,0,0
898762,1,86,2341,111,0,41,164872.20,149741,334,81,0,0
898916,1,86,2365,106,0,41,164872.20,149741,334,81,0,0
899034,1,86,2342,106,0,41,164872.20,149741,334,81,0,0
899118,1,86,2374,106,0,41,164872.20,149741,334,81,0,0
899245,1,87,2374,106,0,41,164873.27,149741,334,81,0,0
899384,1,87,2399,106,0,41,164873.27,149741,334,81,0,0
899481,1,87,2397,106,0,41,164873.27,149741,337,81,0,0
899616,1,87,2396,106,0,41,164873.27,149741,337,81,0,0
899757,1,87,2394,106,0,41,164874.33,149741,337,81,0,0
899865,1,88,2391,105,0,41,164874.33,149741,337,81,0,0
899981,1,88,2391,100,0,41,164874.33,149741,337,81,0,0
900081,1,88,2420,96,0,41,164874.33,149741,337,81,0,0
900244,1,88,2431,92,0,41,164875.36,149741,337,81,0,0
900365,1,88,2420,83,0,41,164875.36,149741,337,81,0,0
900484,1,88,2416,81,0,41,164875.36,149741,337,81,0,0
900581,1,88,2428,80,0,41,164875.36,149741,337,81,0,0
900740,1,88,2428,78,0,41,164875.36,149741,337,81,0,0
900865,1,88,2408,69,0,41,164876.42,149741,337,81,0,0
900981,1,88,2429,69,0,41,164876.42,149741,337,81,0,0
901081,1,88,2423,69,0,41,164876.42,149741,337,81,0,0
901117,1,88,2423,69,0,41,164876.42,149741,337,81,0,0
901340,1,88,2402,67,0,41,164876.42,149741,337,81,0,0
901463,1,88,2408,67,0,41,164876.42,149741,337,81,0,0
901584,1,88,2410,67,0,41,164877.45,149741,337,81,0,0
901584,1,88,2410,67,0,41,164877.45,149741,337,81,0,0
901816,1,88,2406,78,0,41,164877.45,149741,337,81,0,0
901935,1,88,2423,79,0,41,164877.45,149741,337,81,0,0
902052,1,88,2420,80,0,41,164877.45,149741,337,81,0,0
902084,1,88,2420,80,0,41,164877.45,149741,337,81,0,0
902243,1,88,2420,81,0,41,164877.45,149741,337,81,0,0
902381,1,89,2417,86,0,41,164877.45,149741,337,81,0,0
902516,1,89,2425,95,0,41,164878.52,149741,337,81,0,0
902616,1,89,2410,99,0,41,164878.52,149741,337,81,0,0
902755,1,89,2416,99,0,41,164878.52,149741,337,81,0,0
902865,1,89,2454,106,0,41,164878.52,149741,337,81,0,0
902984,1,89,2439,116,0,41,164878.52,149741,337,81,0,0
903084,1,89,2441,123,0,41,164879.64,149741,337,81,0,0
903217,1,89,2441,130,0,41,164879.64,149741,337,81,0,0
903340,1,90,2474,147,0,41,164879.64,149741,337,81,0,0
903463,1,90,2477,149,0,41,164879.64,149741,337,81,0,0
903584,1,90,2464,151,0,41,164880.67,149741,337,81,0,0
903622,1,90,2464,151,0,41,164880.67,149741,337,81,0,0
903840,1,91,2487,151,0,41,164881.80,149741,337,81,0,0
903940,1,91,2504,151,0,41,164881.80,149741,337,81,0,0
904062,1,92,2510,151,0,41,164881.80,149741,337,81,0,0
904084,1,92,2510,151,0,41,164882.86,149741,337,81,0,0
904302,1,92,2518,145,0,41,164882.86,149741,337,81,0,0
904418,1,93,2525,128,0,41,164882.86,149741,337,81,0,0
904540,1,93,2530,128,0,41,164883.95,149741,337,81,0,0
904584,1,93,2530,128,0,41,164883.95,149741,337,81,0,0
904762,1,93,2530,126,0,41,164883.95,149741,337,81,0,0
904884,1,94,2567,124,0,41,164884.98,149741,337,81,0,0
905012,1,94,2584,124,0,41,164884.98,149741,337,81,0,0
905084,1,94,2569,124,0,41,164884.98,149741,337,81,0,0
905242,1,94,2569,124,0,41,164884.98,149741,337,81,0,0
905365,1,95,2567,123,0,41,164886.09,149741,337,81,0,0
905484,1,95,2599,120,0,41,164886.09,149741,337,81,0,0
905600,1,95,2600,120,0,41,164887.19,149741,337,81,0,0
905754,1,95,2618,120,0,41,164887.19,149741,337,81,0,0
905865,1,96,2614,111,0,41,164887.19,149741,337,81,0,0
905984,1,96,2603,107,0,41,164888.22,149741,337,81,0,0
906084,1,96,2607,105,0,41,164888.22,149741,337,81,0,0
906242,1,96,2607,105,0,41,164888.22,149741,337,81,0,0
906365,1,96,2630,101,0,41,164888.22,149741,337,81,0,0
906464,1,96,2651,101,0,41,164888.22,149741,337,81,0,0
906599,1,96,2651,101,0,41,164889.25,149741,337,81,0,0
906616,1,96,2651,101,0,41,164889.25,149741,337,81,0,0
906835,1,96,2645,101,0,41,164889.25,149741,337,81,0,0
906940,1,97,2647,101,0,41,164889.25,149741,337,81,0,0
907062,1,97,2647,101,0,41,164890.36,149741,337,81,0,0
907085,1,97,2647,101,0,41,164890.36,149741,337,81,0,0
907302,1,97,2646,101,0,41,164890.36,149741,337,81,0,0
907418,1,97,2675,87,0,41,164890.36,149741,337,81,0,0
907534,1,97,2684,84,0,41,164891.44,149741,337,81,0,0
907645,1,98,2677,84,0,41,164891.44,149741,337,81,0,0
907762,1,98,2677,84,0,41,164891.44,149741,337,81,0,0
907884,1,98,2663,100,0,41,164891.44,149741,337,81,0,0
907984,1,98,2663,111,0,41,164891.44,149741,337,81,0,0
908116,1,98,2676,120,0,41,164892.56,149741,337,81,0,0
908116,1,98,2676,120,0,41,164892.56,149741,337,81,0,0
908365,1,98,2674,120,0,41,164892.56,149741,337,81,0,0
908484,1,98,2691,132,0,41,164892.56,149741,337,81,0,0
908615,1,99,2693,139,0,41,164893.62,149741,337,82,0,0
908752,1,99,2698,139,0,41,164893.62,149741,337,82,0,0
908865,1,99,2712,140,0,41,164893.62,149741,337,82,0,0
908984,1,99,2700,140,0,41,164894.66,149741,337,82,0,0
909084,1,100,2724,140,0,41,164894.66,149741,337,82,0,0
909242,1,100,2736,140,0,41,164895.70,149741,337,82,0,0
909340,1,100,2751,140,0,41,164895.70,149741,337,82,0,0
909462,1,100,2748,140,0,41,164895.70,149741,337,82,0,0
909584,1,101,2757,138,0,41,164896.77,149741,337,82,0,0
909617,1,101,2757,134,0,41,164896.77,149741,337,82,0,0
909820,1,101,2776,133,0,41,164896.77,149741,337,82,0,0
909940,1,101,2757,133,0,41,164897.84,149741,337,82,0,0
910062,1,102,2773,133,0,41,164897.84,149741,337,82,0,0
910157,1,102,2757,133,0,41,164898.94,149741,337,82,0,0
910264,1,102,2789,133,0,41,164898.94,149741,337,82,0,0
910418,1,102,2807,133,0,41,164899.98,149741,337,82,0,0
910534,1,102,2811,133,0,41,164899.98,149741,337,82,0,0
910616,1,103,2811,133,0,41,164899.98,149741,337,82,0,0
910762,1,103,2845,133,0,41,164901.03,149741,337,82,0,0
910884,1,103,2835,133,0,41,164901.03,149741,337,82,0,0
910984,1,104,2845,133,0,41,164902.08,149741,337,82,0,0
911116,1,104,2819,123,0,41,164902.08,149741,337,82,0,0
911116,1,104,2819,123,0,41,164902.08,149741,337,82,0,0
911365,1,104,2856,119,0,41,164903.14,149741,337,82,0,0
911484,1,104,2858,119,0,41,164903.14,149741,337,82,0,0
911584,1,105,2873,119,0,41,164904.16,149741,337,82,0,0
911615,1,105,2873,119,0,41,164904.16,149741,337,82,0,0
911840,1,105,2877,106,0,41,164904.16,149741,337,82,0,0
911962,1,105,2873,92,0,41,164904.16,149741,337,82,0,0
912084,1,105,2861,83,0,41,164905.20,149741,337,82,0,0
912116,1,105,2861,77,0,41,164905.20,149741,337,82,0,0
912316,1,105,2873,68,0,41,164905.20,149741,337,82,0,0
912443,1,105,2877,64,0,41,164905.20,149741,337,82,0,0
912552,1,105,2872,62,0,41,164906.23,149741,337,82,0,0
912616,1,105,2872,62,0,41,164906.23,149741,337,82,0,0
912792,1,105,2858,62,0,41,164906.23,149741,337,82,0,0
912912,1,105,2856,62,0,41,164906.23,149741,337,82,0,0
913016,1,105,2855,62,0,41,164906.23,149741,337,82,0,0
913135,1,105,2849,62,0,41,164906.23,149741,337,82,0,0
913262,1,105,2849,62,0,41,164906.23,149741,337,82,0,0
913384,1,105,2877,62,0,41,164907.30,149741,337,82,0,0
913516,1,105,2879,62,0,41,164907.30,149741,337,82,0,0
913616,1,105,2854,62,0,41,164907.30,149741,337,82,0,0
913749,1,105,2858,62,0,41,164907.30,149741,337,82,0,0
913884,1,105,2857,62,0,41,164907.30,149741,337,82,0,0
913984,1,105,2857,60,0,41,164907.30,149741,337,82,0,0
914116,1,105,2857,48,0,41,164908.33,149741,337,82,0,0
914116,1,105,2857,48,0,41,164908.33,149741,337,82,0,0
914365,1,105,2854,35,0,41,164908.33,149741,337,82,0,0
914484,1,104,2841,12,0,41,164908.33,149741,337,82,0,0
914584,1,104,2838,3,0,41,164908.33,149741,337,82,0,0
914584,1,104,2838,3,0,41,164908.33,149741,337,82,0,0
914840,1,104,2856,4,0,41,164908.33,149741,337,82,0,0
914961,1,104,2859,6,0,41,164908.33,149741,337,82,0,0
915084,1,104,2830,7,0,41,164908.33,149741,337,82,0,0
915084,1,104,2830,7,0,41,164908.33,149741,337,82,0,0
915317,1,104,2833,7,0,41,164908.33,149741,337,82,0,0
915443,1,103,2834,8,0,41,164908.33,149741,337,82,0,0
915551,1,103,2835,8,0,41,164908.33,149741,337,82,0,0
915584,1,103,2835,8,0,41,164909.34,149741,337,82,0,0
915790,1,103,2804,8,0,41,164909.34,149741,337,82,0,0
915884,1,103,2804,8,0,41,164909.34,149741,337,82,0,0
916016,1,103,2806,8,0,41,164909.34,149741,337,82,0,0
916116,1,103,2807,8,0,41,164909.34,149741,337,82,0,0
916261,1,102,2806,8,0,41,164909.34,149741,337,82,0,0
916418,1,102,2801,8,0,41,164909.34,149741,337,82,0,0
916539,1,102,2804,8,0,41,164909.34,149741,337,83,0,0
916619,1,102,2772,8,0,41,164909.34,149741,337,83,0,0
916761,1,102,2774,8,0,41,164909.34,149741,337,83,0,0
916884,1,102,2775,11,0,41,164909.34,149741,337,83,0,0
916984,1,102,2774,13,0,41,164909.34,149741,337,83,0,0
917116,1,102,2773,13,0,41,164909.34,149741,337,83,0,0
917261,1,101,2770,13,0,41,164909.34,149741,337,83,0,0
917384,1,101,2771,14,0,41,164910.36,149741,337,83,0,0
917484,1,101,2773,14,0,41,164910.36,149741,337,83,0,0
917620,1,101,2775,14,0,41,164910.36,149741,337,83,0,0
917641,1,101,2776,14,0,41,164910.36,149741,337,83,0,0
917840,1,101,2744,14,0,41,164910.36,149741,337,83,0,0
917961,1,100,2777,14,0,41,164910.36,149741,337,83,0,0
918084,1,100,2745,14,0,41,164910.36,149741,337,83,0,0
918084,1,100,2745,14,0,41,164910.36,149741,337,83,0,0
918316,1,100,2741,11,0,41,164910.36,149741,337,83,0,0
918443,1,100,2742,11,0,41,164910.36,149741,337,83,0,0
918562,1,100,2743,11,0,41,164910.36,149741,337,83,0,0
918663,1,100,2743,11,0,41,164910.36,149741,337,83,0,0
918784,1,100,2712,11,0,41,164910.36,149741,337,83,0,0
918916,1,100,2744,11,0,41,164910.36,149741,337,83,0,0
919039,1,99,2745,11,0,41,164911.39,149741,337,83,0,0
919145,1,99,2713,11,0,41,164911.39,149741,337,83,0,0
919261,1,99,2713,11,0,41,164911.39,149741,337,83,0,0
919384,1,99,2708,11,0,41,164911.39,149741,337,83,0,0
919516,1,99,2708,0,0,41,164911.39,149741,337,83,0,0
919616,1,99,2711,0,0,41,164911.39,149741,337,83,0,0
919761,1,99,2675,0,0,41,164911.39,149741,337,83,0,0
919884,1,98,2704,0,0,41,164911.39,149741,337,83,0,0
919984,1,98,2675,0,0,41,164911.39,149741,337,83,0,0
920116,1,98,2709,0,0,41,164911.39,149741,337,83,0,0
920116,1,98,2709,0,0,41,164911.39,149741,337,83,0,0
920364,1,98,2657,0,0,41,164911.39,149741,337,83,0,0
920484,1,98,2680,0,0,41,164911.39,149741,337,83,0,0
920584,1,98,2687,0,0,41,164911.39,149741,337,83,0,0
920744,1,98,2683,0,0,41,164911.39,149741,337,83,0,0
920864,1,97,2635,0,0,41,164911.39,149741,337,83,0,0
920961,1,97,2652,0,0,41,164911.39,149741,337,83,0,0
921084,1,97,2652,0,0,41,164911.39,149741,337,83,0,0
921116,1,97,2652,0,0,41,164911.39,149741,337,83,0,0
921334,1,97,2624,29,0,41,164911.39,149741,337,83,0,0
921443,1,96,2706,50,0,41,164911.39,149741,337,83,0,0
921561,1,96,2606,50,0,41,164912.42,149741,337,83,0,0
921642,1,96,2635,51,0,41,164912.42,149741,337,83,0,0
921784,1,96,2626,51,0,41,164912.42,149741,337,83,0,0
921911,1,96,2631,56,0,41,164912.42,149741,337,83,0,0
922039,1,96,2632,58,0,41,164912.42,149741,337,83,0,0
922145,1,96,2639,66,0,41,164912.42,149741,337,83,0,0
922261,1,96,2639,66,0,41,164912.42,149741,337,83,0,0
922384,1,96,2648,71,0,41,164913.48,149741,337,83,0,0
922516,1,96,2632,77,0,41,164913.48,149741,337,83,0,0
922584,1,96,2640,77,0,41,164913.48,149741,337,83,0,0
922743,1,96,2641,88,0,41,164913.48,149741,337,83,0,0
922864,1,97,2644,91,0,41,164913.48,149741,337,83,0,0
922984,1,97,2640,91,0,41,164914.52,149741,337,83,0,0
923084,1,97,2645,91,0,41,164914.52,149741,337,83,0,0
923119,1,97,2645,86,0,41,164914.52,149741,337,83,0,0
923364,1,97,2650,70,0,41,164914.52,149741,337,83,0,0
923484,1,97,2646,62,0,41,164915.52,149741,337,83,0,0
923584,1,97,2649,56,0,41,164915.52,149741,337,83,0,0
923584,1,97,2649,56,0,41,164915.52,149741,337,83,0,0
923840,1,97,2646,48,0,41,164915.52,149741,337,83,0,0
923940,1,97,2627,48,0,41,164915.52,149741,337,83,0,0
924061,1,97,2630,48,0,41,164915.52,149741,337,83,0,0
924139,1,97,2639,48,0,41,164915.52,149741,337,83,0,0
924306,1,97,2640,48,0,41,164915.52,149741,337,83,0,0
924417,1,97,2642,48,0,41,164915.52,149741,337,83,0,0
924539,1,97,2653,45,0,41,164916.56,149741,337,83,0,0
924616,1,97,2653,43,0,41,164916.56,149741,337,83,0,0
924767,1,97,2655,43,0,41,164916.56,149741,337,83,0,0
924884,1,96,2627,7,0,41,164916.56,149741,337,83,0,0
925016,1,96,2627,0,0,41,164916.56,149741,337,83,0,0
925116,1,96,2594,0,0,41,164916.56,149741,337,83,0,0
925261,1,96,2652,0,0,41,164916.56,149741,337,83,0,0
925364,1,96,2624,0,0,41,164916.56,149741,337,83,0,0
925484,1,96,2623,0,0,41,164916.56,149741,337,83,0,0
925616,1,96,2592,0,0,41,164916.56,149741,337,83,0,0
925639,1,96,2626,0,0,41,164916.56,149741,337,83,0,0
925840,1,96,2614,0,0,41,164916.56,149741,337,83,0,0
925961,1,95,2620,0,0,41,164916.56,149741,337,83,0,0
926084,1,95,2610,0,0,41,164916.56,149741,337,83,0,0
926116,1,95,2610,0,0,41,164916.56,149741,337,83,0,0
926316,1,95,2600,0,0,41,164917.56,149741,337,83,0,0
926434,1,95,2587,0,0,41,164917.56,149741,337,83,0,0
926553,1,95,2591,0,0,41,164917.56,149741,337,83,0,0
926639,1,95,2587,0,0,41,164917.56,149741,337,83,0,0
926766,1,95,2587,0,0,41,164917.56,149741,337,83,0,0
926884,1,94,2591,0,0,41,164917.56,149741,337,83,0,0
927016,1,94,2560,0,0,41,164917.56,149741,337,83,0,0
927139,1,94,2560,0,0,41,164917.56,149741,337,83,0,0
927279,1,94,2560,0,0,41,164917.56,149741,337,83,0,0
927384,1,94,2560,0,0,41,164917.56,149741,337,83,0,0
927511,1,94,2528,0,0,41,164917.56,149741,337,83,0,0
927584,1,93,2528,0,0,41,164917.56,149741,337,83,0,0
927765,1,93,2528,0,0,41,164917.56,149741,337,83,0,0
927883,1,93,2528,0,0,41,164917.56,149741,337,83,0,0
927984,1,93,2528,0,0,41,164917.56,149741,337,83,0,0
928116,1,93,2528,0,0,41,164917.56,149741,337,83,0,0
928116,1,93,2528,0,0,41,164917.56,149741,337,83,0,0
928340,1,92,2496,0,0,41,164917.56,149741,337,83,0,0
928462,1,92,2496,0,0,41,164917.56,149742,337,83,0,0
928584,1,92,2496,0,0,41,164917.56,149742,337,83,0,0
928639,1,92,2496,0,0,41,164917.56,149742,337,83,0,0
928801,1,92,2496,0,0,41,164917.56,149742,337,83,0,0
928940,1,92,2496,0,0,41,164917.56,149742,337,83,0,0
929061,1,92,2496,0,0,41,164917.56,149742,337,83,0,0
929139,1,92,2496,0,0,41,164917.56,149742,337,83,0,0
929284,1,92,2496,0,0,41,164917.56,149742,337,83,0,0
929417,1,91,2496,0,0,41,164917.56,149742,337,83,0,0
929539,1,91,2464,0,0,41,164917.56,149742,340,83,0,0
929634,1,91,2464,0,0,41,164917.56,149742,340,83,0,0
929764,1,91,2464,0,0,41,164917.56,149742,340,83,0,0
929883,1,91,2464,0,0,41,164917.56,149742,340,83,0,0
930016,1,91,2464,0,0,41,164917.56,149742,340,83,0,0
930116,1,90,2464,0,0,41,164917.56,149742,340,83,0,0
930116,1,90,2464,0,0,41,164917.56,149742,340,83,0,0
930384,1,90,2464,0,0,41,164917.56,149742,340,83,0,0
930484,1,90,2432,1,0,41,164917.56,149742,340,83,0,0
930616,1,90,2482,7,0,41,164917.56,149742,340,83,0,0
930764,1,90,2476,7,0,41,164917.56,149742,340,83,0,0
930884,1,90,2488,18,0,41,164917.56,149742,340,82,0,0
930984,1,90,2472,21,0,41,164917.56,149742,340,82,0,0
931116,1,90,2448,22,0,41,164917.56,149742,340,82,0,0
931139,1,90,2495,22,0,41,164917.56,149742,340,82,0,0
931339,1,90,2440,22,0,41,164917.56,149742,340,82,0,0
931461,1,90,2444,24,0,41,164917.56,149742,340,82,0,0
931584,1,90,2445,24,0,41,164917.56,149742,340,82,0,0
931639,1,90,2447,24,0,41,164917.56,149742,340,82,0,0
931801,1,90,2447,24,0,41,164917.56,149742,340,82,0,0
931939,1,90,2451,24,0,41,164917.56,149742,340,82,0,0
932061,1,90,2450,24,0,41,164918.59,149742,340,82,0,0
932162,1,90,2450,24,0,41,164918.59,149742,340,82,0,0
932283,1,90,2449,24,0,41,164918.59,149742,340,82,0,0
932417,1,90,2449,24,0,41,164918.59,149742,340,82,0,0
932539,1,90,2449,24,0,41,164918.59,149742,340,82,0,0
932634,1,90,2450,24,0,41,164918.59,149742,340,82,0,0
932762,1,90,2450,24,0,41,164918.59,149742,340,82,0,0
932884,1,90,2450,24,0,41,164918.59,149742,340,82,0,0
933016,1,90,2442,24,0,41,164918.59,149742,340,82,0,0
933133,1,89,2438,24,0,41,164918.59,149742,340,82,0,0
933140,1,89,2438,24,0,41,164918.59,149742,340,82,0,0
933384,1,89,2436,24,0,41,164918.59,149742,340,82,0,0
933483,1,89,2435,24,0,41,164919.61,149742,340,82,0,0
933616,1,89,2433,24,0,41,164919.61,149742,340,82,0,0
933616,1,89,2433,24,0,41,164919.61,149742,340,82,0,0
933864,1,89,2439,24,0,41,164919.61,149742,340,82,0,0
933983,1,89,2441,24,0,41,164919.61,149742,340,82,0,0
934084,1,89,2442,27,0,41,164919.61,149742,340,82,0,0
934125,1,89,2442,30,0,41,164919.61,149742,340,82,0,0
934339,1,89,2463,36,0,41,164919.61,149742,340,82,0,0
934442,1,89,2444,38,0,41,164919.61,149742,340,82,0,0
934561,1,89,2447,41,0,41,164919.61,149742,340,82,0,0
934639,1,89,2447,42,0,41,164919.61,149742,340,82,0,0
934801,1,89,2447,42,0,41,164919.61,149742,340,82,0,0
934934,1,89,2449,47,0,41,164920.66,149742,340,82,0,0
935039,1,89,2460,48,0,41,164920.66,149742,340,82,0,0
935133,1,89,2433,50,0,41,164920.66,149742,340,82,0,0
935283,1,89,2433,50,0,41,164920.66,149742,340,82,0,0
935384,1,89,2433,54,0,41,164920.66,149742,340,82,0,0
935511,1,89,2438,55,0,41,164920.66,149742,340,82,0,0
935639,1,90,2452,55,0,41,164920.66,149742,340,82,0,0
935639,1,90,2452,55,0,41,164920.66,149742,340,82,0,0
935883,1,90,2456,55,0,41,164921.69,149742,340,82,0,0
936011,1,90,2457,42,0,41,164921.69,149742,340,82,0,0
936118,1,90,2452,34,0,41,164921.69,149742,340,82,0,0
936133,1,90,2460,34,0,41,164921.69,149742,340,82,0,0
936383,1,90,2447,28,0,41,164921.69,149742,340,82,0,0
936483,1,90,2461,28,0,41,164921.69,149742,340,82,0,0
936584,1,90,2435,28,0,41,164921.69,149742,340,82,0,0
936639,1,90,2445,28,0,41,164921.69,149742,340,82,0,0
936839,1,89,2450,28,0,41,164921.69,149742,340,82,0,0
936965,1,89,2450,27,0,41,164921.69,149742,340,82,0,0
937083,1,90,2452,25,0,41,164921.69,149742,340,82,0,0
937139,1,90,2452,25,0,41,164922.70,149742,340,82,0,0
937284,1,90,2450,25,0,41,164922.70,149742,340,82,0,0
937439,1,90,2447,25,0,41,164922.70,149742,340,82,0,0
937551,1,89,2448,25,0,41,164922.70,149742,340,82,0,0
937639,1,89,2449,25,0,41,164922.70,149742,340,82,0,0
937785,1,89,2449,30,0,41,164922.70,149742,340,82,0,0
937911,1,89,2451,47,0,41,164922.70,149742,340,82,0,0
938034,1,89,2434,59,0,41,164922.70,149742,340,82,0,0
938139,1,90,2451,69,0,41,164922.70,149742,340,82,0,0
938161,1,90,2451,69,0,41,164922.70,149742,340,82,0,0
938383,1,90,2472,88,0,41,164923.75,149742,340,82,0,0
938483,1,90,2492,102,0,41,164923.75,149742,340,82,0,0
938618,1,90,2476,110,0,41,164923.75,149742,340,82,0,0
938643,1,90,2494,110,0,41,164923.75,149742,340,82,0,0
938839,1,91,2488,113,0,41,164923.75,149742,340,82,0,0
938961,1,91,2491,113,0,41,164924.77,149742,340,82,0,0
939083,1,91,2518,114,0,41,164924.77,149742,340,82,0,0
939133,1,91,2512,114,0,41,164924.77,149742,340,82,0,0
939322,1,91,2505,114,0,41,164924.77,149742,340,82,0,0
939442,1,92,2511,114,0,41,164925.78,149742,340,82,0,0
939561,1,92,2514,114,0,41,164925.78,149742,340,82,0,0
939674,1,92,2516,114,0,41,164925.78,149742,340,82,0,0
939784,1,92,2548,114,0,41,164926.80,149742,340,82,0,0
939911,1,93,2552,117,0,41,164926.80,149742,340,82,0,0
940039,1,93,2555,120,0,41,164926.80,149742,340,82,0,0
940139,1,93,2558,128,0,41,164927.83,149742,340,82,0,0
940139,1,93,2558,128,0,41,164927.83,149742,340,82,0,0
940383,1,94,2575,134,0,41,164927.83,149742,340,82,0,0
940511,1,94,2578,149,0,41,164927.83,149742,340,82,0,0
940639,1,94,2582,153,0,41,164928.91,149742,340,82,0,0
940783,1,94,2582,156,0,41,164928.91,149742,340,82,0,0
940883,1,95,2600,157,0,41,164928.91,149742,340,82,0,0
941011,1,95,2592,181,0,41,164930.09,149742,340,82,0,0
941139,1,96,2651,183,0,41,164930.09,149742,340,82,0,0
941270,1,96,2651,183,0,41,164930.09,149742,340,82,0,0
941383,1,97,2680,161,0,41,164931.22,149742,340,82,0,0
941484,1,97,2630,154,0,41,164932.25,149742,340,82,0,0
941618,1,97,2661,107,0,41,164932.25,149742,340,82,0,0
941650,1,97,2662,107,0,41,164932.25,149742,340,82,0,0
941864,1,98,2661,85,0,41,164933.30,149742,340,82,0,0
941961,1,98,2662,80,0,41,164933.30,149742,340,82,0,0
942083,1,98,2686,74,0,41,164933.30,149742,340,82,0,0
942139,1,98,2657,63,0,41,164933.30,149742,340,82,0,0
942311,1,98,2657,32,0,41,164934.33,149742,340,82,0,0
942442,1,98,2676,23,0,41,164934.33,149742,340,82,0,0
942561,1,98,2677,19,0,41,164934.33,149742,340,82,0,0
942633,1,98,2675,16,0,41,164934.33,149742,340,82,0,0
942783,1,98,2671,16,0,41,164934.33,149742,340,82,0,0
942934,1,98,2662,8,0,41,164934.33,149742,340,82,0,0
943051,1,98,2663,8,0,41,164934.33,149742,340,82,0,0
943161,1,98,2664,8,0,41,164934.33,149742,340,82,0,0
943301,1,98,2664,8,0,41,164934.33,149742,340,82,0,0
943412,1,98,2667,10,0,41,164934.33,149742,340,82,0,0
943539,1,97,2636,10,0,41,164934.33,149742,340,82,0,0
943639,1,97,2635,10,0,41,164934.33,149742,340,82,0,0
943784,1,97,2632,10,0,41,164934.33,149742,340,82,0,0
943911,1,97,2630,11,0,41,164935.33,149742,340,82,0,0
944011,1,97,2662,11,0,41,164935.33,149742,340,82,0,0
944139,1,97,2630,11,0,41,164935.33,149742,340,82,0,0
944161,1,97,2630,11,0,41,164935.33,149742,340,82,0,0
944384,1,97,2636,11,0,41,164935.33,149742,340,82,0,0
944510,1,97,2638,11,0,41,164935.33,149742,340,82,0,0
944639,1,97,2635,11,0,41,164935.33,149742,340,82,0,0
944639,1,97,2635,11,0,41,164935.33,149742,340,82,0,0
944884,1,97,2631,9,0,41,164935.33,149742,340,82,0,0
944983,1,96,2631,7,0,41,164935.33,149742,340,82,0,0
945118,1,96,2630,2,0,41,164935.33,149742,340,82,0,0
945161,1,96,2630,2,0,41,164935.33,149742,340,82,0,0
945363,1,96,2628,0,0,41,164935.33,149742,340,82,0,0
945461,1,96,2594,0,0,41,164935.33,149742,340,82,0,0
945583,1,96,2621,0,0,41,164935.33,149742,340,82,0,0
945639,1,96,2651,0,0,41,164935.33,149742,340,82,0,0
945834,1,96,2624,3,0,41,164936.34,149742,340,82,0,0
945939,1,96,2594,5,0,41,164936.34,149742,340,82,0,0
946061,1,96,2594,5,0,41,164936.34,149742,340,82,0,0
946139,1,96,2593,8,0,41,164936.34,149742,340,82,0,0
946301,1,96,2625,8,0,41,164936.34,149742,340,82,0,0
946434,1,96,2592,9,0,41,164936.34,149742,340,82,0,0
946551,1,95,2623,9,0,41,164936.34,149742,340,82,0,0
946640,1,96,2622,9,0,41,164936.34,149742,340,82,0,0
946786,1,96,2621,9,0,41,164936.34,149742,340,82,0,0
946911,1,95,2620,9,0,41,164936.34,149742,340,82,0,0
947036,1,95,2620,14,0,41,164936.34,149742,340,82,0,0
947139,1,95,2620,21,0,41,164936.34,149742,340,82,0,0
947292,1,95,2620,32,0,41,164936.34,149742,340,82,0,0
947412,1,95,2613,57,0,41,164936.34,149742,340,82,0,0
947510,1,95,2599,60,0,41,164936.34,149742,340,82,0,0
947640,1,95,2592,61,0,41,164937.38,149742,340,82,0,0
947785,1,95,2597,61,0,41,164937.38,149742,340,82,0,0
947911,1,95,2594,63,0,41,164937.38,149742,340,82,0,0
948011,1,96,2621,66,0,41,164937.38,149742,340,82,0,0
948139,1,96,2595,67,0,41,164937.38,149742,340,82,0,0
948160,1,96,2595,67,0,41,164937.38,149742,340,82,0,0
948383,1,96,2650,67,0,41,164938.38,149742,340,82,0,0
948484,1,96,2652,67,0,41,164938.38,149742,340,82,0,0
948618,1,96,2612,68,0,41,164938.38,149742,340,82,0,0
948641,1,96,2621,68,0,41,164938.38,149742,340,82,0,0
948847,1,96,2652,70,0,41,164938.38,149742,340,82,0,0
948960,1,96,2654,81,0,41,164938.38,149742,340,82,0,0
949083,1,96,2626,82,0,41,164939.39,149742,340,82,0,0
949139,1,96,2653,82,0,41,164939.39,149742,340,82,0,0
949301,1,96,2653,82,0,41,164939.39,149742,340,82,0,0
949442,1,97,2650,65,0,41,164939.39,149742,340,82,0,0
949560,1,97,2628,63,0,41,164939.39,149742,340,82,0,0
949662,1,97,2653,59,0,41,164939.39,149742,340,82,0,0
949784,1,97,2632,59,0,41,164940.45,149742,340,82,0,0
949930,1,97,2624,52,0,41,164940.45,149742,340,82,0,0
950040,1,97,2655,55,0,41,164940.45,149742,340,82,0,0
950162,1,97,2654,59,0,41,164940.45,149742,340,82,0,0
950290,1,97,2654,59,0,41,164940.45,149742,340,82,0,0
950412,1,97,2638,71,0,41,164940.45,149742,340,82,0,0
950510,1,97,2668,74,0,41,164940.45,149742,340,82,0,0
950640,1,97,2636,75,0,41,164941.55,149742,340,82,0,0
950783,1,97,2681,75,0,41,164941.55,149742,340,82,0,0
950910,1,97,2659,82,0,41,164941.55,149742,340,82,0,0
951012,1,97,2656,70,0,41,164941.55,149742,340,82,0,0
951139,1,97,2675,58,0,41,164941.55,149742,340,82,0,0
951161,1,97,2675,58,0,41,164941.55,149742,340,82,0,0
951363,1,97,2631,41,0,41,164942.59,149742,340,82,0,0
951483,1,97,2650,36,0,41,164942.59,149742,340,82,0,0
951584,1,97,2666,32,0,41,164942.59,149742,340,82,0,0
951693,1,97,2660,28,0,41,164942.59,149742,340,82,0,0
951845,1,97,2673,31,0,41,164942.59,149742,340,82,0,0
951960,1,97,2640,36,0,41,164942.59,149742,340,82,0,0
952084,1,97,2656,38,0,41,164942.59,149742,340,82,0,0
952139,1,97,2677,39,0,41,164942.59,149742,340,82,0,0
952300,1,97,2645,39,0,41,164942.59,149742,340,82,0,0
952442,1,97,2634,39,0,41,164942.59,149742,340,82,0,0
952560,1,97,2634,39,0,41,164943.62,149742,340,82,0,0
952662,1,97,2663,39,0,41,164943.62,149742,340,82,0,0
952810,1,97,2631,39,0,41,164943.62,149742,340,82,0,0
952934,1,97,2655,39,0,41,164943.62,149742,340,82,0,0
953050,1,97,2628,45,0,41,164943.62,149742,340,82,0,0
953160,1,97,2634,50,0,41,164943.62,149742,340,82,0,0
953194,1,97,2634,50,0,41,164943.62,149742,340,82,0,0
953430,1,97,2653,60,0,41,164943.62,149742,340,82,0,0
953539,1,97,2657,66,0,41,164944.64,149742,340,82,0,0
953662,1,97,2664,78,0,41,164944.64,149742,340,82,0,0
953800,1,97,2664,86,0,41,164944.64,149742,340,82,0,0
953910,1,97,2670,90,0,41,164944.64,149742,340,82,0,0
954034,1,97,2677,91,0,41,164944.64,149742,340,82,0,0
954140,1,98,2656,91,0,41,164945.69,149742,340,82,0,0
954185,1,98,2656,91,0,41,164945.69,149742,340,82,0,0
954384,1,98,2672,91,0,41,164945.69,149742,340,82,0,0
954484,1,98,2658,91,0,41,164945.69,149742,340,82,0,0
954618,1,98,2713,91,0,41,164945.69,149742,340,82,0,0
954662,1,98,2711,91,0,41,164945.69,149742,340,82,0,0
954863,1,99,2689,91,0,41,164946.75,149742,340,82,0,0
954960,1,99,2690,91,0,41,164946.75,149742,340,82,0,0
955084,1,99,2690,88,0,41,164946.75,149742,340,82,0,0
955160,1,99,2689,87,0,41,164946.75,149742,340,82,0,0
955313,1,99,2689,87,0,41,164946.75,149742,340,82,0,0
955443,1,99,2694,72,0,41,164947.80,149742,340,82,0,0
955560,1,99,2718,70,0,41,164947.80,149742,340,82,0,0
955662,1,99,2710,70,0,41,164947.80,149742,340,82,0,0
955810,1,99,2710,52,0,41,164947.80,149742,340,82,0,0
955934,1,99,2666,35,0,41,164947.80,149742,340,82,0,0
956050,1,99,2715,27,0,41,164948.83,149742,340,82,0,0
956140,1,99,2703,26,0,41,164948.83,149742,340,82,0,0
956286,1,99,2703,26,0,41,164948.83,149742,340,82,0,0
956412,1,99,2691,26,0,41,164948.83,149742,340,82,0,0
956534,1,98,2669,26,0,41,164948.83,149742,340,82,0,0
956640,1,98,2704,26,0,41,164948.83,149742,340,82,0,0
956662,1,98,2704,26,0,41,164948.83,149742,340,82,0,0
956884,1,98,2675,26,0,41,164948.83,149742,340,82,0,0
956984,1,98,2680,26,0,41,164948.83,149742,340,82,0,0
957118,1,98,2684,26,0,41,164948.83,149742,340,82,0,0
957184,1,98,2685,26,0,41,164948.83,149742,340,82,0,0
957311,1,98,2656,26,0,41,164948.83,149742,340,82,0,0
957461,1,98,2656,27,0,41,164949.88,149742,340,82,0,0
957584,1,97,2682,34,0,41,164949.88,149742,340,82,0,0
957640,1,98,2685,39,0,41,164949.88,149742,340,82,0,0
957810,1,98,2685,58,0,41,164949.88,149742,340,82,0,0
957939,1,98,2662,63,0,41,164949.88,149742,340,82,0,0
958060,1,98,2678,63,0,41,164949.88,149742,340,82,0,0
958160,1,97,2687,65,0,41,164949.88,149742,340,82,0,0
958300,1,97,2687,66,0,41,164949.88,149742,340,82,0,0
958430,1,98,2680,75,0,41,164950.88,149742,340,82,0,0
958550,1,98,2671,80,0,41,164950.88,149742,340,82,0,0
958640,1,98,2669,85,0,41,164950.88,149742,340,82,0,0
958797,1,98,2669,85,0,41,164950.88,149742,340,82,0,0
958910,1,98,2668,89,0,41,164950.88,149742,340,82,0,0
959035,1,98,2660,89,0,41,164951.89,149742,340,82,0,0
959140,1,98,2657,95,0,41,164951.89,149742,340,82,0,0
959160,1,98,2657,95,0,41,164951.89,149742,340,82,0,0
959384,1,98,2695,102,0,41,164951.89,149742,340,82,0,0
959484,1,98,2694,109,0,41,164951.89,149742,343,82,0,0
959640,1,99,2691,110,0,41,164952.98,149742,343,82,0,0
959800,1,99,2691,110,0,41,164952.98,149742,343,82,0,0
959910,1,99,2718,102,0,41,164952.98,149742,343,82,0,0
960040,1,99,2696,89,0,41,164954.00,149742,343,82,0,0
960140,1,99,2708,78,0,41,164954.00,149742,343,82,0,0
960160,1,99,2708,78,0,41,164954.00,149742,343,82,0,0
960384,1,99,2691,70,0,41,164954.00,149742,343,82,0,0
960510,1,99,2692,58,0,41,164954.00,149742,343,82,0,0
960635,1,99,2697,56,0,41,164955.05,149742,343,82,0,0
960642,1,99,2697,56,0,41,164955.05,149742,343,82,0,0
960863,1,99,2704,56,0,41,164955.05,149742,343,82,0,0
960984,1,99,2700,56,0,41,164955.05,149742,343,82,0,0
961084,1,99,2701,56,0,41,164955.05,149742,343,82,0,0
961160,1,99,2707,56,0,41,164955.05,149742,343,82,0,0
961310,1,99,2707,56,0,41,164955.05,149742,343,82,0,0
961461,1,99,2695,56,0,41,164955.05,149742,343,82,0,0
961584,1,99,2693,56,0,41,164956.08,149742,343,82,0,0
961640,1,99,2718,57,0,41,164956.08,149742,343,82,0,0
961810,1,99,2718,58,0,41,164956.08,149742,343,82,0,0
961940,1,99,2708,60,0,41,164956.08,149742,343,82,0,0
962060,1,99,2714,63,0,41,164956.08,149742,343,82,0,0
962177,1,99,2701,72,0,41,164956.08,149742,343,82,0,0
962284,1,99,2689,82,0,41,164956.08,149742,343,82,0,0
962412,1,99,2705,83,0,41,164957.09,149742,343,82,0,0
962534,1,99,2692,84,0,41,164957.09,149742,343,82,0,0
962641,1,99,2688,84,0,41,164957.09,149742,343,82,0,0
962795,1,99,2688,83,0,41,164957.09,149742,343,82,0,0
962910,1,99,2702,63,0,41,164957.09,149742,343,82,0,0
963012,1,99,2697,59,0,41,164958.16,149742,343,82,0,0
963140,1,99,2702,53,0,41,164958.16,149742,343,82,0,0
963180,1,99,2702,53,0,41,164958.16,149742,343,82,0,0
963363,1,99,2708,35,0,41,164958.16,149742,343,82,0,0
963484,1,99,2705,30,0,41,164958.16,149742,343,82,0,0
963585,1,99,2714,29,0,41,164958.16,149742,343,82,0,0
963680,1,99,2703,29,0,41,164958.16,149742,343,82,0,0
963834,1,99,2708,29,0,41,164958.16,149742,343,82,0,0
963960,1,99,2714,29,0,41,164958.16,149742,343,82,0,0
964084,1,99,2717,29,0,41,164959.17,149742,343,82,0,0
964196,1,98,2686,29,0,41,164959.17,149742,343,82,0,0
964310,1,98,2686,29,0,41,164959.17,149742,343,82,0,0
964443,1,98,2659,29,0,41,164959.17,149742,343,82,0,0
964560,1,98,2661,29,0,41,164959.17,149742,343,82,0,0
964680,1,98,2660,29,0,41,164959.17,149742,343,82,0,0
964819,1,98,2658,29,0,41,164959.17,149742,343,82,0,0
964934,1,98,2656,29,0,41,164959.17,149742,343,82,0,0
965050,1,98,2656,32,0,41,164959.17,149742,343,82,0,0
965160,1,98,2657,53,0,41,164959.17,149742,343,82,0,0
965310,1,98,2657,66,0,41,164959.17,149742,343,82,0,0
965412,1,98,2678,73,0,41,164960.25,149742,343,82,0,0
965540,1,98,2680,92,0,41,164960.25,149743,343,82,0,0
965640,1,98,2707,109,0,41,164960.25,149743,343,82,0,0
965681,1,98,2707,109,0,41,164960.25,149743,343,82,0,0
965884,1,98,2700,121,0,41,164960.25,149743,343,82,0,0
965984,1,99,2699,141,0,41,164961.36,149743,343,82,0,0
966117,1,99,2706,143,0,41,164961.36,149743,343,82,0,0
966184,1,99,2709,143,0,41,164961.36,149743,343,82,0,0
966340,1,99,2720,143,0,41,164962.44,149743,343,82,0,0
966485,1,100,2734,125,0,41,164962.44,149743,343,82,0,0
966585,1,100,2729,120,0,41,164963.52,149743,343,82,0,0
966663,1,100,2725,120,0,41,164963.52,149743,343,82,0,0
966818,1,100,2725,120,0,41,164963.52,149743,343,82,0,0
966960,1,101,2764,120,0,41,164964.53,149743,343,82,0,0
967060,1,101,2758,120,0,41,164964.53,149743,343,82,0,0
967185,1,101,2762,120,0,41,164964.53,149743,343,82,0,0
967185,1,101,2762,120,0,41,164964.53,149743,343,82,0,0
967443,1,101,2752,120,0,41,164965.56,149743,343,82,0,0
967560,1,102,2760,120,0,41,164965.56,149743,343,82,0,0
967663,1,102,2767,120,0,41,164965.56,149743,343,82,0,0
967663,1,102,2767,120,0,41,164965.56,149743,343,82,0,0
967930,1,102,2806,120,0,41,164966.72,149743,343,82,0,0
968040,1,102,2809,120,0,41,164966.72,149743,343,82,0,0
968160,1,103,2811,120,0,41,164967.73,149743,343,82,0,0
968184,1,103,2811,120,0,41,164967.73,149743,343,82,0,0
968384,1,103,2813,120,0,41,164967.73,149743,343,82,0,0
968510,1,103,2818,120,0,41,164968.77,149743,343,82,0,0
968635,1,103,2823,120,0,41,164968.77,149743,343,82,0,0
968663,1,103,2823,120,0,41,164968.77,149743,343,82,0,0
968863,1,104,2827,120,0,41,164968.77,149743,343,82,0,0
968985,1,104,2829,120,0,41,164969.81,149743,343,82,0,0
969085,1,104,2819,120,0,41,164969.81,149743,343,82,0,0
969185,1,104,2850,116,0,41,164970.86,149743,343,82,0,0
969340,1,105,2863,108,0,41,164970.86,149743,343,82,0,0
969461,1,105,2855,101,0,41,164970.86,149743,343,82,0,0
969584,1,105,2874,97,0,41,164971.91,149743,343,82,0,0
969684,1,105,2849,92,0,41,164971.91,149743,343,82,0,0
969816,1,105,2849,91,0,41,164971.91,149743,343,82,0,0
969940,1,105,2895,84,0,41,164971.91,149743,343,82,0,0
970060,1,105,2911,84,0,41,164972.92,149743,343,82,0,0
970160,1,105,2877,86,0,41,164972.92,149743,343,82,0,0
970310,1,105,2877,91,0,41,164972.92,149743,343,82,0,0
970435,1,105,2884,91,0,41,164972.92,149743,343,82,0,0
970550,1,106,2909,91,0,41,164972.92,149743,343,82,0,0
970663,1,106,2893,91,0,41,164973.95,149743,343,82,0,0
970687,1,106,2893,91,0,41,164973.95,149743,343,82,0,0
970910,1,106,2910,98,0,41,164973.95,149743,343,82,0,0
971035,1,106,2909,98,0,41,164974.95,149743,343,82,0,0
971138,1,106,2892,98,0,41,164974.95,149743,343,82,0,0
971160,1,106,2892,98,0,41,164974.95,149743,343,82,0,0
971384,1,106,2898,98,0,41,164974.95,149743,343,82,0,0
971485,1,106,2895,84,0,41,164974.95,149743,343,82,0,0
971617,1,106,2895,77,0,41,164976.03,149743,343,82,0,0
971684,1,106,2907,77,0,41,164976.03,149743,343,82,0,0
971840,1,106,2907,67,0,41,164976.03,149743,343,82,0,0
971984,1,106,2898,58,0,41,164976.03,149743,343,82,0,0
972088,1,106,2899,58,0,41,164976.03,149743,343,82,0,0
972160,1,106,2888,57,0,41,164976.03,149743,343,82,0,0
972310,1,106,2888,56,0,41,164976.03,149743,343,82,0,0
972461,1,106,2894,56,0,41,164977.09,149743,343,82,0,0
972560,1,106,2889,55,0,41,164977.09,149743,343,82,0,0
972680,1,106,2895,53,0,41,164977.09,149743,343,82,0,0
972814,1,106,2891,53,0,41,164977.09,149743,343,82,0,0
972938,1,106,2904,53,0,41,164977.09,149743,343,82,0,0
973060,1,106,2898,53,0,41,164977.09,149743,343,82,0,0
973160,1,106,2905,53,0,41,164977.09,149743,343,82,0,0
973160,1,106,2905,53,0,41,164977.09,149743,343,82,0,0
973435,1,106,2888,53,0,41,164978.16,149743,343,82,0,0
973550,1,106,2853,56,0,41,164978.16,149743,343,82,0,0
973663,1,106,2909,56,0,41,164978.16,149743,343,82,0,0
973663,1,106,2909,56,0,41,164978.16,149743,343,82,0,0
973910,1,105,2866,56,0,41,164978.16,149743,343,82,0,0
974037,1,105,2874,55,0,41,164978.16,149743,343,82,0,0
974160,1,105,2875,53,0,41,164979.19,149743,343,82,0,0
974185,1,105,2907,53,0,41,164979.19,149743,343,82,0,0
974385,1,105,2878,53,0,41,164979.19,149743,343,82,0,0
974510,1,105,2898,53,0,41,164979.19,149743,343,82,0,0
974617,1,105,2873,52,0,41,164979.19,149743,343,82,0,0
974680,1,105,2877,52,0,41,164979.19,149743,343,82,0,0
974863,1,105,2853,50,0,41,164979.19,149743,343,82,0,0
974960,1,105,2873,50,0,41,164979.19,149743,343,82,0,0
975085,1,105,2860,50,0,41,164980.23,149743,343,82,0,0
975187,1,105,2853,50,0,41,164980.23,149743,343,82,0,0
975337,1,105,2862,50,0,41,164980.23,149743,343,82,0,0
975460,1,105,2867,50,0,41,164980.23,149743,343,82,0,0
975560,1,105,2872,50,0,41,164980.23,149743,343,82,0,0
975680,1,105,2872,50,0,41,164980.23,149743,343,82,0,0
975812,1,105,2872,50,0,41,164980.23,149743,343,82,0,0
975938,1,105,2861,50,0,41,164980.23,149743,343,82,0,0
976060,1,104,2866,50,0,41,164981.30,149743,343,82,0,0
976180,1,105,2868,50,0,41,164981.30,149743,343,82,0,0
976188,1,105,2868,50,0,41,164981.30,149743,343,82,0,0
976435,1,104,2865,50,0,41,164981.30,149743,343,82,0,0
976550,1,104,2861,50,0,41,164981.30,149743,343,82,0,0
976660,1,104,2835,50,0,41,164981.30,149743,343,82,0,0
976690,1,104,2867,50,0,41,164981.30,149743,343,82,0,0
976887,1,104,2838,50,0,41,164981.30,149743,343,82,0,0
977017,1,104,2835,61,0,41,164981.30,149743,343,83,0,0
977135,1,104,2878,62,0,41,164982.30,149743,343,83,0,0
977197,1,104,2838,62,0,41,164982.30,149743,343,83,0,0
977337,1,104,2824,62,0,41,164982.30,149743,343,83,0,0
977487,1,104,2852,51,0,41,164982.30,149743,343,83,0,0
977587,1,104,2837,47,0,41,164982.30,149743,343,83,0,0
977710,1,104,2838,36,0,41,164982.30,149743,343,83,0,0
977838,1,104,2833,36,0,41,164982.30,149743,343,83,0,0
977960,1,104,2827,33,0,41,164983.30,149743,343,83,0,0
978060,1,104,2823,32,0,41,164983.30,149743,343,83,0,0
978187,1,104,2824,36,0,41,164983.30,149743,343,83,0,0
978324,1,104,2824,39,0,41,164983.30,149743,343,83,0,0
978443,1,103,2828,43,0,41,164983.30,149743,343,83,0,0
978560,1,103,2834,45,0,41,164983.30,149743,343,83,0,0
978684,1,103,2844,46,0,41,164983.30,149743,343,83,0,0
978729,1,103,2844,46,0,41,164983.30,149743,343,83,0,0
978910,1,103,2830,46,0,41,164983.30,149743,343,83,0,0
979035,1,103,2794,46,0,41,164984.31,149743,343,83,0,0
979137,1,103,2815,46,0,41,164984.31,149743,343,83,0,0
979180,1,103,2815,46,0,41,164984.31,149743,343,83,0,0
979387,1,103,2808,46,0,41,164984.31,149743,343,83,0,0
979487,1,103,2843,46,0,41,164984.31,149743,343,83,0,0
979617,1,103,2785,44,0,41,164984.31,149743,343,83,0,0
979687,1,103,2787,44,0,41,164984.31,149743,343,83,0,0
979837,1,103,2804,38,0,41,164984.31,149743,343,83,0,0
979960,1,103,2805,22,0,41,164984.31,149743,343,83,0,0
980087,1,103,2793,19,0,41,164985.34,149743,343,83,0,0
980187,1,102,2813,13,0,41,164985.34,149743,343,83,0,0
980187,1,102,2813,13,0,41,164985.34,149743,343,83,0,0
980460,1,102,2798,16,0,41,164985.34,149743,343,83,0,0
980560,1,102,2798,26,0,41,164985.34,149743,343,83,0,0
980687,1,102,2811,34,0,41,164985.34,149743,343,83,0,0
980687,1,102,2811,34,0,41,164985.34,149743,343,83,0,0
980930,1,102,2775,43,0,41,164985.34,149743,343,83,0,0
981040,1,102,2781,44,0,41,164985.34,149743,343,83,0,0
981160,1,102,2753,44,0,41,164985.34,149743,343,83,0,0
981210,1,102,2785,45,0,41,164985.34,149743,343,83,0,0
981399,1,102,2778,45,0,41,164985.34,149743,343,83,0,0
981516,1,102,2780,58,0,41,164986.36,149743,343,83,0,0
981635,1,102,2752,59,0,41,164986.36,149743,343,83,0,0
981687,1,102,2767,59,0,41,164986.36,149743,343,83,0,0
981837,1,102,2775,59,0,41,164986.36,149743,343,83,0,0
981987,1,102,2773,60,0,41,164986.36,149743,343,83,0,0
982087,1,102,2769,68,0,41,164986.36,149743,343,83,0,0
982187,1,102,2770,73,0,41,164986.36,149743,343,83,0,0
982337,1,102,2756,74,0,41,164987.41,149743,343,83,0,0
982460,1,102,2770,77,0,41,164987.41,149743,343,83,0,0
982559,1,102,2780,82,0,41,164987.41,149743,343,83,0,0
982687,1,102,2756,84,0,41,164987.41,149743,343,83,0,0
982834,1,102,2756,86,0,41,164987.41,149743,343,83,0,0
982937,1,102,2791,87,0,41,164988.44,149743,343,83,0,0
983059,1,102,2806,87,0,41,164988.44,149743,343,83,0,0
983187,1,102,2811,88,0,41,164988.44,149743,343,83,0,0
983187,1,102,2811,88,0,41,164988.44,149743,343,83,0,0
983412,1,102,2814,91,0,41,164988.44,149743,343,83,0,0
983537,1,102,2790,93,0,41,164989.48,149743,343,83,0,0
983637,1,102,2798,96,0,41,164989.48,149743,343,83,0,0
983709,1,102,2798,98,0,41,164989.48,149743,343,83,0,0
983862,1,102,2798,98,0,41,164989.48,149743,343,83,0,0
983987,1,103,2831,102,0,41,164989.48,149743,343,83,0,0
984117,1,103,2787,106,0,41,164990.61,149743,343,83,0,0
984209,1,103,2841,110,0,41,164990.61,149743,343,83,0,0
984362,1,103,2841,110,0,41,164990.61,149743,343,83,0,0
984487,1,103,2823,111,0,41,164990.61,149743,343,83,0,0
984587,1,103,2835,111,0,41,164991.64,149743,343,83,0,0
984709,1,104,2844,112,0,41,164991.64,149743,343,83,0,0
984736,1,104,2844,112,0,41,164991.64,149743,343,83,0,0
984959,1,104,2825,115,0,41,164991.64,149743,343,83,0,0
985063,1,104,2832,117,0,41,164992.75,149743,343,83,0,0
985187,1,104,2839,121,0,41,164992.75,149743,343,83,0,0
985187,1,104,2839,121,0,41,164992.75,149743,343,83,0,0
985443,1,105,2879,140,0,41,164992.75,149743,343,83,0,0
985559,1,105,2854,141,0,41,164993.92,149743,343,83,0,0
985680,1,105,2893,142,0,41,164993.92,149743,343,83,0,0
985680,1,105,2893,142,0,41,164993.92,149743,343,83,0,0
985937,1,106,2891,142,0,41,164994.94,149743,343,83,0,0
986049,1,106,2891,142,0,41,164994.94,149743,343,83,0,0
986159,1,106,2881,142,0,41,164996.12,149743,343,83,0,0
986209,1,106,2881,142,0,41,164996.12,149743,343,83,0,0
986395,1,106,2939,142,0,41,164996.12,149743,343,83,0,0
986509,1,107,2914,142,0,41,164997.30,149743,343,83,0,0
986637,1,107,2924,142,0,41,164997.30,149743,343,83,0,0
986687,1,107,2924,142,0,41,164997.30,149743,343,83,0,0
986837,1,108,2963,142,0,41,164998.48,149743,343,83,0,0
986987,1,108,2968,142,0,41,164998.48,149743,343,83,0,0
987087,1,108,2974,142,0,41,164999.69,149743,343,83,0,0
987209,1,108,2949,142,0,41,164999.69,149743,343,83,0,0
987344,1,109,2958,142,0,41,164999.69,149743,343,83,0,0
987459,1,109,2994,142,0,41,165000.91,149743,343,83,0,0
987587,1,109,2997,135,0,41,165000.91,149743,343,83,0,0
987709,1,109,2998,128,0,41,165002.14,149743,343,83,0,0
987735,1,110,2998,128,0,41,165002.14,149743,343,83,0,0
987959,1,110,3036,122,0,41,165002.14,149743,343,83,0,0
988059,1,110,3034,119,0,41,165003.34,149743,343,83,0,0
988187,1,110,3006,116,0,41,165003.34,149743,343,83,0,0
988318,1,110,3006,115,0,41,165003.34,149743,343,83,0,0
988443,1,111,3030,111,0,41,165004.44,149743,343,83,0,0
988559,1,111,3029,107,0,41,165004.44,149743,343,83,0,0
988687,1,111,3028,107,0,41,165005.55,149743,343,83,0,0
988726,1,111,3028,107,0,41,165005.55,149743,343,83,0,0
988937,1,111,3032,109,0,41,165005.55,149743,343,83,0,0
989059,1,111,3034,99,0,41,165006.61,149743,343,83,0,0
989179,1,112,3058,97,0,41,165006.61,149743,343,83,0,0
989209,1,112,3058,97,0,41,165006.61,149743,343,83,0,0
989412,1,112,3064,96,0,41,165006.61,149743,343,83,0,0
989509,1,112,3048,85,0,41,165007.62,149743,346,83,0,0
989637,1,112,3066,81,0,41,165007.62,149743,346,83,0,0
989679,1,112,3066,81,0,41,165007.62,149743,346,83,0,0
989872,1,112,3048,81,0,41,165007.62,149743,346,83,0,0
989987,1,112,3054,81,0,41,165008.62,149743,346,83,0,0
990117,1,112,3040,81,0,41,165008.62,149743,346,83,0,0
990235,1,112,3040,81,0,41,165008.62,149743,346,83,0,0
990342,1,112,3051,81,0,41,165008.62,149743,346,83,0,0
990459,1,112,3057,81,0,41,165009.62,149743,346,83,0,0
990587,1,112,3057,81,0,41,165009.62,149743,346,83,0,0
990687,1,112,3057,81,0,41,165009.62,149743,346,83,0,0
990837,1,112,3057,81,0,41,165009.62,149743,346,83,0,0
990959,1,112,3056,81,0,41,165009.62,149743,346,83,0,0
991059,1,112,3056,81,0,41,165010.64,149743,346,83,0,0
991187,1,112,3056,81,0,41,165010.64,149743,346,83,0,0
991209,1,112,3056,81,0,41,165010.64,149743,346,83,0,0
991443,1,112,3046,81,0,41,165010.64,149743,346,83,0,0
991559,1,112,3052,86,0,41,165011.66,149743,346,83,0,0
991679,1,112,3059,94,0,41,165011.66,149743,346,83,0,0
991719,1,112,3059,98,0,41,165011.66,149743,346,83,0,0
991937,1,112,3065,103,0,41,165011.66,149743,346,83,0,0
992049,1,112,3081,103,0,41,165012.70,149743,346,83,0,0
992159,1,113,3053,104,0,41,165012.70,149743,346,83,0,0
992195,1,113,3085,104,0,41,165012.70,149743,346,83,0,0
992409,1,113,3098,114,0,41,165012.70,149743,346,83,0,0
992514,1,113,3087,117,0,41,165013.78,149743,346,83,0,0
992637,1,113,3098,120,0,41,165013.78,149743,346,83,0,0
992745,1,113,3086,123,0,41,165013.78,149743,346,83,0,0
992862,1,113,3086,123,0,41,165014.80,149743,346,83,0,0
992987,1,113,3124,134,0,41,165014.80,149743,346,83,0,0
993117,1,114,3079,153,0,41,165014.80,149743,346,83,0,0
993209,1,114,3111,153,0,41,165015.92,149743,346,83,0,0
993340,1,114,3131,153,0,41,165015.92,149743,346,83,0,0
993459,1,114,3130,136,0,41,165015.92,149743,346,83,0,0
993587,1,115,3133,119,0,41,165017.09,149743,346,83,0,0
993687,1,115,3123,106,0,41,165018.20,149743,346,83,0,0
993739,1,115,3117,99,0,41,165018.20,149743,346,83,0,0
993937,1,115,3126,70,0,41,165018.20,149743,346,83,0,0
994059,1,115,3149,70,0,41,165018.20,149743,346,83,0,0
994179,1,115,3167,66,0,41,165019.31,149743,346,83,0,0
994259,1,115,3118,61,0,41,165019.31,149743,346,83,0,0
994391,1,115,3118,61,0,41,165019.31,149743,346,83,0,0
994537,1,115,3122,62,0,41,165019.31,149743,346,83,0,0
994637,1,115,3127,62,0,41,165019.31,149743,346,83,0,0
994709,1,115,3127,62,0,41,165019.31,149743,346,83,0,0
994887,1,114,3128,62,0,41,165019.31,149743,346,83,0,0
995014,1,114,3127,62,0,41,165020.38,149743,346,83,0,0
995137,1,114,3125,62,0,41,165020.38,149743,346,83,0,0
995209,1,114,3125,62,0,41,165020.38,149743,346,83,0,0
995364,1,114,3122,62,0,41,165020.38,149743,346,83,0,0
995487,1,114,3112,62,0,41,165020.38,149743,346,83,0,0
995617,1,114,3115,62,0,41,165020.38,149743,346,83,0,0
995739,1,114,3124,62,0,41,165021.44,149743,346,83,0,0
995877,1,114,3124,62,0,41,165021.44,149743,346,83,0,0
995987,1,114,3127,60,0,41,165021.44,149743,346,83,0,0
996117,1,114,3095,45,0,41,165021.44,149743,346,83,0,0
996234,1,114,3134,45,0,41,165021.44,149743,346,83,0,0
996259,1,114,3080,45,0,41,165021.44,149743,346,83,0,0
996459,1,114,3112,45,0,41,165021.44,149743,346,83,0,0
996587,1,114,3098,45,0,41,165022.47,149743,346,83,0,0
996687,1,114,3103,45,0,41,165022.47,149743,346,83,0,0
996709,1,114,3103,45,0,41,165022.47,149743,346,83,0,0
996937,1,113,3077,45,0,41,165022.47,149743,346,83,0,0
997049,1,113,3080,45,0,41,165022.47,149743,346,83,0,0
997159,1,113,3085,45,0,41,165022.47,149743,346,83,0,0
997239,1,113,3088,45,0,41,165022.47,149743,346,83,0,0
997389,1,113,3088,45,0,41,165022.47,149743,346,83,0,0
997537,1,113,3083,45,0,41,165022.47,149743,346,83,0,0
997637,1,113,3080,45,0,41,165023.50,149743,346,83,0,0
997709,1,113,3080,45,0,41,165023.50,149743,346,83,0,0
997887,1,113,3076,45,0,41,165023.50,149743,346,83,0,0
998014,1,113,3076,45,0,41,165023.50,149743,346,83,0,0
998137,1,113,3076,45,0,41,165023.50,149743,346,83,0,0
998239,1,113,3078,45,0,41,165023.50,149743,346,83,0,0
998239,1,113,3078,45,0,41,165023.50,149743,346,83,0,0
998487,1,113,3079,45,0,41,165023.50,149744,346,83,0,0
998616,1,113,3075,45,0,41,165023.50,149744,346,83,0,0
998709,1,113,3073,45,0,41,165024.52,149744,346,83,0,0
998759,1,113,3074,45,0,41,165024.52,149744,346,83,0,0
998959,1,113,3087,39,0,41,165024.52,149744,346,83,0,0
999087,1,113,3084,22,0,41,165024.52,149744,346,83,0,0
999187,1,113,3050,0,0,41,165024.52,149744,346,83,0,0
999239,1,112,3060,0,0,41,165024.52,149744,346,83,0,0
999439,1,112,3060,0,0,41,165024.52,149744,346,83,0,0
999549,1,112,3086,0,0,41,165024.52,149744,346,83,0,0
999659,1,112,3059,0,0,41,165024.52,149744,346,83,0,0
999740,1,112,3063,0,0,41,165024.52,149744,346,83,0,0
999887,1,112,3066,0,0,41,165024.52,149744,346,83,0,0
1000014,1,112,3063,0,0,41,165024.52,149744,346,83,0,0
1000137,1,112,3010,0,0,41,165025.53,149744,346,83,0,0
1000260,1,111,3014,0,0,41,165025.53,149744,346,83,0,0
1000362,1,111,3046,0,0,41,165025.53,149744,346,83,0,0
1000487,1,111,3047,0,0,41,165025.53,149744,346,83,0,0
1000616,1,111,3036,0,0,41,165025.53,149744,346,83,0,0
1000734,1,111,3019,0,0,41,165025.53,149744,346,83,0,0
1000874,1,111,3036,0,0,41,165025.53,149744,346,83,0,0
1000987,1,111,3008,1,0,41,165025.53,149744,346,83,0,0
1001087,1,111,3026,5,0,41,165025.53,149744,346,83,0,0
1001209,1,110,3038,7,0,41,165025.53,149744,346,83,0,0
1001239,1,110,3015,7,0,41,165025.53,149744,346,83,0,0
1001460,1,110,3030,11,0,41,165025.53,149744,346,83,0,0
1001559,1,110,3036,12,0,41,165025.53,149744,346,83,0,0
1001687,1,110,3037,13,0,41,165025.53,149744,346,83,0,0
1001759,1,110,3008,18,0,41,165025.53,149744,346,83,0,0
1001910,1,110,3008,22,0,41,165025.53,149744,346,83,0,0
1002049,1,110,3028,23,0,41,165025.53,149744,346,83,0,0
1002159,1,110,3032,26,0,41,165025.53,149744,346,83,0,0
1002239,1,110,3036,27,0,41,165025.53,149744,346,83,0,0
1002387,1,110,2980,27,0,41,165026.53,149744,346,83,0,0
1002537,1,110,3000,36,0,41,165026.53,149744,346,83,0,0
1002637,1,110,3015,41,0,41,165026.53,149744,346,83,0,0
1002739,1,110,2984,41,0,41,165026.53,149744,346,83,0,0
1002910,1,110,2984,21,0,41,165026.53,149744,346,83,0,0
1003049,1,110,2990,0,0,41,165026.53,149744,346,83,0,0
1003159,1,110,2991,0,0,41,165026.53,149744,346,83,0,0
1003239,1,110,2995,0,0,41,165026.53,149744,346,83,0,0
1003362,1,110,2963,0,0,41,165026.53,149744,346,83,0,0
1003514,1,110,2988,0,0,41,165026.53,149744,346,83,0,0
1003638,1,110,2985,0,0,41,165026.53,149744,346,83,0,0
1003739,1,109,2984,0,0,41,165027.55,149744,346,83,0,0
1003872,1,109,2984,0,0,41,165027.55,149744,346,83,0,0
1003989,1,109,2974,0,0,41,165027.55,149744,346,83,0,0
1004116,1,109,2962,0,0,41,165027.55,149744,346,83,0,0
1004239,1,109,2986,0,0,41,165027.55,149744,346,83,0,0
1004239,1,109,2986,0,0,41,165027.55,149744,346,83,0,0
1004489,1,109,2987,0,0,41,165027.55,149744,346,83,0,0
1004587,1,109,2972,0,0,41,165027.55,149744,346,83,0,0
1004709,1,109,2955,0,0,41,165027.55,149744,346,83,0,0
1004739,1,109,2944,0,0,41,165027.55,149744,346,83,0,0
1004959,1,108,2944,0,0,41,165027.55,149744,346,83,0,0
1005059,1,108,2944,0,0,41,165027.55,149744,346,83,0,0
1005187,1,108,2944,0,0,41,165027.55,149744,346,83,0,0
1005239,1,108,2944,0,0,41,165027.55,149744,346,83,0,0
1005435,1,108,2944,0,0,41,165027.55,149744,346,83,0,0
1005549,1,108,2944,0,0,41,165027.55,149744,346,83,0,0
1005659,1,108,2944,0,0,41,165027.55,149744,346,83,0,0
1005768,1,108,2944,0,0,41,165027.55,149744,346,83,0,0
1005910,1,108,2944,0,0,41,165027.55,149744,346,83,0,0
1006037,1,108,2912,5,0,41,165027.55,149744,346,83,0,0
1006137,1,107,2916,16,0,41,165027.55,149744,346,83,0,0
1006242,1,108,2912,22,0,41,165027.55,149744,346,83,0,0
1006387,1,108,2968,22,0,41,165027.55,149744,346,83,0,0
1006509,1,108,2934,41,0,41,165027.55,149744,346,83,0,0
1006616,1,107,2943,47,0,41,165027.55,149744,346,83,0,0
1006744,1,108,2953,48,0,41,165027.55,149744,346,83,0,0
1006788,1,108,2921,48,0,41,165027.55,149744,346,83,0,0
1006959,1,108,2918,60,0,41,165027.55,149744,346,83,0,0
1007087,1,108,2947,63,0,41,165028.59,149744,346,83,0,0
1007209,1,108,2961,64,0,41,165028.59,149744,346,83,0,0
1007241,1,108,2964,64,0,41,165028.59,149744,346,83,0,0
1007443,1,108,2966,72,0,41,165028.59,149744,346,83,0,0
1007559,1,108,2959,82,0,41,165028.59,149744,346,83,0,0
1007679,1,109,3004,97,0,41,165029.69,149744,346,83,0,0
1007786,1,109,2993,103,0,41,165029.69,149744,346,83,0,0
1007909,1,109,2993,109,0,41,165029.69,149744,346,83,0,0
1008037,1,109,3005,109,0,41,165029.69,149744,346,82,0,0
1008159,1,110,2980,114,0,41,165030.84,149744,346,82,0,0
1008240,1,110,3016,116,0,41,165030.84,149744,346,82,0,0
1008387,1,110,3024,116,0,41,165030.84,149744,346,82,0,0
1008514,1,110,3039,118,0,41,165031.86,149744,346,82,0,0
1008637,1,111,3032,118,0,41,165031.86,149744,346,82,0,0
1008734,1,111,3032,118,0,41,165031.86,149744,346,82,0,0
1008869,1,111,3008,118,0,41,165032.92,149744,346,82,0,0
1008989,1,111,3053,118,0,41,165032.92,149744,346,82,0,0
1009116,1,112,3045,118,0,41,165032.92,149744,346,82,0,0
1009239,1,112,3062,118,0,41,165034.02,149744,346,82,0,0
1009239,1,112,3062,118,0,41,165034.02,149744,346,82,0,0
1009487,1,112,3099,110,0,41,165035.12,149744,346,82,0,0
1009587,1,113,3095,107,0,41,165035.12,149744,346,82,0,0
1009709,1,113,3093,102,0,41,165035.12,149744,346,82,0,0
1009740,1,113,3083,102,0,41,165035.12,149744,346,82,0,0
1009959,1,113,3101,107,0,41,165036.23,149744,346,82,0,0
1010073,1,114,3083,114,0,41,165036.23,149744,346,82,0,0
1010187,1,114,3109,117,0,41,165037.23,149744,346,82,0,0
1010239,1,114,3117,119,0,41,165037.23,149744,346,82,0,0
1010434,1,114,3108,120,0,41,165037.23,149744,346,82,0,0
1010549,1,114,3121,120,0,41,165038.28,149744,346,82,0,0
1010659,1,115,3105,121,0,41,165038.28,149744,346,82,0,0
1010759,1,115,3143,121,0,41,165038.28,149744,346,82,0,0
1010893,1,115,3111,121,0,41,165038.28,149744,346,82,0,0
1011013,1,115,3153,119,0,41,165039.41,149744,346,82,0,0
1011137,1,115,3158,117,0,41,165039.41,149744,346,82,0,0
1011259,1,116,3160,113,0,41,165040.56,149744,346,82,0,0
1011259,1,116,3160,113,0,41,165040.56,149744,346,82,0,0
1011487,1,116,3149,101,0,41,165040.56,149744,346,82,0,0
1011616,1,116,3145,82,0,41,165040.56,149744,346,82,0,0
1011739,1,116,3138,66,0,41,165041.67,149744,346,82,0,0
1011759,1,116,3138,66,0,41,165041.67,149744,346,82,0,0
1011988,1,116,3160,47,0,41,165041.67,149744,346,82,0,0
1012116,1,115,3137,44,0,41,165041.67,149744,346,82,0,0
1012234,1,115,3140,35,0,41,165041.67,149744,346,82,0,0
1012241,1,115,3136,35,0,41,165041.67,149744,346,82,0,0
1012460,1,115,3142,40,0,41,165042.70,149744,346,82,0,0
1012587,1,115,3147,40,0,41,165042.70,149744,346,82,0,0
1012687,1,115,3110,39,0,41,165042.70,149744,346,82,0,0
1012759,1,115,3151,36,0,41,165042.70,149744,346,82,0,0
1012937,1,115,3133,52,0,41,165042.70,149744,346,82,0,0
1013059,1,115,3128,68,0,41,165042.70,149744,346,82,0,0
1013159,1,115,3141,77,0,41,165042.70,149744,346,82,0,0
1013239,1,115,3155,89,0,41,165042.70,149744,346,82,0,0
1013387,1,115,3150,89,0,41,165043.72,149744,346,82,0,0
1013537,1,115,3109,58,0,41,165043.72,149744,346,82,0,0
1013637,1,115,3110,40,0,41,165043.72,149744,346,82,0,0
1013759,1,114,3116,20,0,41,165043.72,149744,346,82,0,0
1013891,1,114,3116,5,0,41,165044.77,149744,346,82,0,0
1014014,1,114,3115,5,0,41,165044.77,149744,346,81,0,0
1014137,1,114,3128,6,0,41,165044.77,149744,346,81,0,0
1014239,1,114,3130,6,0,41,165044.77,149744,346,81,0,0
1014387,1,114,3129,6,0,41,165044.77,149744,346,81,0,0
1014509,1,114,3131,37,0,41,165044.77,149744,346,81,0,0
1014634,1,114,3132,47,0,41,165044.77,149744,346,81,0,0
1014739,1,113,3100,54,0,41,165044.77,149744,346,81,0,0
1014758,1,113,3100,54,0,41,165044.77,149744,346,81,0,0
1014987,1,113,3096,69,0,41,165044.77,149744,346,81,0,0
1015116,1,113,3082,76,0,41,165045.84,149744,346,81,0,0
1015234,1,113,3091,79,0,41,165045.84,149744,346,81,0,0
1015258,1,113,3081,79,0,41,165045.84,149744,346,81,0,0
1015459,1,113,3132,97,0,41,165045.84,149744,346,81,0,0
1015587,1,114,3104,107,0,41,165045.84,149744,346,81,0,0
1015708,1,114,3125,109,0,41,165046.94,149744,346,81,0,0
1015739,1,114,3074,109,0,41,165046.94,149744,346,81,0,0
1015938,1,114,3108,101,0,41,165046.94,149744,346,81,0,0
1016058,1,114,3105,99,0,41,165046.94,149744,346,81,0,0
1016158,1,114,3129,98,0,41,165048.06,149744,346,81,0,0
1016259,1,114,3118,90,0,41,165048.06,149744,346,81,0,0
1016409,1,114,3118,81,0,41,165048.06,149744,346,81,0,0
1016537,1,114,3104,81,0,41,165049.09,149744,346,81,0,0
1016637,1,114,3131,81,0,41,165049.09,149744,346,81,0,0
1016739,1,114,3127,85,0,41,165049.09,149744,346,81,0,0
1016889,1,114,3127,85,0,41,165049.09,149744,346,81,0,0
1017014,1,114,3110,88,0,41,165049.09,149744,346,81,0,0
1017137,1,114,3132,88,0,41,165050.12,149744,346,81,0,0
1017239,1,114,3133,91,0,41,165050.12,149744,346,81,0,0
1017260,1,114,3133,91,0,41,165050.12,149744,346,81,0,0
1017487,1,114,3135,95,0,41,165050.12,149744,346,81,0,0
1017616,1,114,3122,105,0,41,165051.12,149744,346,81,0,0
1017739,1,114,3129,109,0,41,165051.12,149744,346,81,0,0
1017758,1,114,3129,109,0,41,165051.12,149744,346,81,0,0
1017987,1,114,3124,114,0,41,165051.12,149744,346,81,0,0
1018116,1,114,3110,113,0,41,165052.17,149744,346,81,0,0
1018233,1,114,3126,112,0,41,165052.17,149744,346,81,0,0
1018240,1,114,3106,112,0,41,165052.17,149744,346,81,0,0
1018458,1,114,3114,106,0,41,165053.20,149744,346,81,0,0
1018587,1,114,3113,102,0,41,165053.20,149744,346,81,0,0
1018687,1,114,3133,102,0,41,165053.20,149744,346,81,0,0
1018762,1,114,3116,102,0,41,165054.23,149744,346,81,0,0
1018929,1,114,3116,102,0,41,165054.23,149744,346,81,0,0
1019058,1,114,3123,102,0,41,165054.23,149744,346,81,0,0
1019178,1,114,3109,101,0,41,165054.23,149744,346,81,0,0
1019258,1,114,3103,101,0,41,165055.36,149744,346,81,0,0
1019409,1,114,3135,101,0,41,165055.36,149744,346,81,0,0
1019537,1,114,3112,101,0,41,165055.36,149744,346,81,0,0
1019658,1,114,3106,101,0,41,165056.42,149744,346,81,0,0
1019761,1,114,3115,101,0,41,165056.42,149744,346,81,0,0
1019913,1,114,3115,101,0,41,165056.42,149744,346,81,0,0
1020033,1,114,3121,101,0,41,165056.42,149744,346,81,0,0
1020137,1,114,3120,101,0,41,165057.48,149744,346,81,0,0
1020239,1,114,3119,101,0,41,165057.48,149744,346,81,0,0
1020387,1,114,3118,101,0,41,165057.48,149744,346,81,0,0
1020514,1,114,3118,101,0,41,165058.55,149744,349,81,0,0
1020616,1,114,3117,101,0,41,165058.55,149744,349,81,0,0
1020739,1,114,3117,101,0,41,165058.55,149744,349,81,0,0
1020887,1,114,3116,100,0,41,165059.61,149744,349,81,0,0
1020987,1,114,3115,99,0,41,165059.61,149744,349,81,0,0
1021116,1,114,3114,90,0,41,165059.61,149744,349,81,0,0
1021239,1,114,3085,82,0,41,165060.66,149744,349,81,0,0
1021260,1,114,3085,82,0,41,165060.66,149744,349,81,0,0
1021460,1,113,3085,78,0,41,165060.66,149744,349,81,0,0
1021587,1,113,3102,78,0,41,165060.66,149744,349,81,0,0
1021708,1,113,3077,82,0,41,165060.66,149744,349,81,0,0
1021758,1,113,3089,82,0,41,165060.66,149744,349,81,0,0
1021928,1,113,3089,84,0,41,165060.66,149744,349,81,0,0
1022058,1,113,3097,102,0,41,165061.77,149744,349,81,0,0
1022188,1,113,3074,106,0,41,165061.77,149744,349,81,0,0
1022258,1,113,3090,109,0,41,165061.77,149744,349,81,0,0
1022411,1,113,3090,114,0,41,165061.77,149744,349,81,0,0
1022548,1,113,3097,117,0,41,165062.94,149744,349,81,0,0
1022658,1,114,3108,118,0,41,165062.94,149744,349,81,0,0
1022758,1,113,3091,119,0,41,165062.94,149744,349,81,0,0
1022911,1,114,3123,119,0,41,165062.94,149744,349,81,0,0
1023048,1,114,3098,106,0,41,165063.98,149744,349,81,0,0
1023158,1,114,3123,104,0,41,165063.98,149744,349,81,0,0
1023258,1,114,3110,102,0,41,165065.09,149744,349,81,0,0
1023409,1,114,3110,101,0,41,165065.09,149744,349,81,0,0
1023533,1,114,3121,100,0,41,165065.09,149744,349,81,0,0
1023638,1,114,3114,87,0,41,165065.09,149744,349,81,0,0
1023758,1,114,3111,72,0,41,165066.23,149744,349,81,0,0
1023798,1,114,3079,72,0,41,165066.23,149744,349,81,0,0
1023987,1,114,3099,57,0,41,165066.23,149744,349,81,0,0
1024115,1,113,3075,19,0,41,165066.23,149744,349,81,0,0
1024239,1,113,3059,19,0,41,165066.23,149744,349,81,0,0
1024288,1,113,3059,19,0,41,165066.23,149744,349,81,0,0
1024474,1,113,3092,22,0,41,165066.23,149744,349,81,0,0
1024588,1,112,3100,31,0,41,165066.23,149744,349,81,0,0
1024714,1,112,3058,32,0,41,165066.23,149744,349,81,0,0
1024761,1,112,3049,32,0,41,165066.23,149744,349,81,0,0
1024914,1,112,3049,40,0,41,165066.23,149744,349,81,0,0
1025058,1,112,3067,48,0,41,165067.25,149744,349,81,0,0
1025179,1,111,3060,59,0,41,165067.25,149744,349,81,0,0
1025258,1,111,3068,62,0,41,165067.25,149744,349,81,0,0
1025423,1,111,3068,62,0,41,165067.25,149744,349,81,0,0
1025537,1,111,3038,71,0,41,165067.25,149744,349,81,0,0
1025658,1,111,3049,72,0,41,165067.25,149744,349,81,0,0
1025758,1,111,3023,78,0,41,165068.27,149744,349,81,0,0
1025909,1,111,3023,78,0,41,165068.27,149744,349,81,0,0
1026014,1,111,3028,91,0,41,165068.27,149744,349,81,0,0
1026138,1,111,3025,91,0,41,165068.27,149744,349,81,0,0
1026261,1,111,3032,91,0,41,165069.34,149744,349,81,0,0
1026396,1,111,3032,91,0,41,165069.34,149744,349,81,0,0
1026513,1,111,3032,91,0,41,165069.34,149744,349,81,0,0
1026638,1,111,3030,91,0,41,165069.34,149744,349,81,0,0
1026739,1,111,3030,97,0,41,165069.34,149744,349,81,0,0
1026788,1,111,3062,97,0,41,165070.39,149744,349,81,0,0
1026988,1,111,3041,104,0,41,165070.39,149744,349,81,0,0
1027088,1,111,3043,113,0,41,165070.39,149744,349,81,0,0
1027214,1,112,3043,125,0,41,165070.39,149744,349,81,0,0
1027312,1,112,3057,125,0,41,165071.45,149744,349,81,0,0
1027433,1,112,3059,132,0,41,165071.45,149744,349,81,0,0
1027558,1,112,3052,142,0,41,165071.45,149744,349,81,0,0
1027688,1,112,3084,151,0,41,165072.55,149744,349,81,0,0
1027798,1,112,3093,151,0,41,165072.55,149744,349,81,0,0
1027938,1,112,3093,151,0,41,165073.64,149744,349,81,0,0
1028058,1,113,3090,152,0,41,165073.64,149744,349,81,0,0
1028158,1,113,3085,152,0,41,165074.72,149744,349,81,0,0
1028259,1,113,3073,152,0,41,165074.72,149744,349,81,0,0
1028421,1,113,3073,152,0,41,165074.72,149744,349,81,0,0
1028548,1,114,3117,152,0,41,165075.78,149744,349,81,0,0
1028658,1,114,3131,152,0,41,165076.86,149744,349,81,0,0
1028759,1,115,3117,152,0,41,165076.86,149744,349,81,0,0
1028825,1,115,3149,152,0,41,165076.86,149744,349,81,0,0
1029013,1,115,3104,139,0,41,165077.97,149744,349,81,0,0
1029138,1,115,3153,139,0,41,165079.12,149744,349,81,0,0
1029238,1,116,3156,139,0,41,165079.12,149744,349,81,0,0
1029313,1,116,3156,139,0,41,165080.30,149744,349,81,0,0
1029459,1,116,3136,139,0,41,165080.30,149744,349,81,0,0
1029588,1,116,3188,135,0,41,165081.42,149744,349,81,0,0
1029713,1,116,3193,125,0,41,165081.42,149744,349,81,0,0
1029813,1,116,3177,124,0,41,165082.50,149744,349,81,0,0
1029958,1,117,3173,124,0,41,165082.50,149744,349,81,0,0
1030088,1,117,3184,124,0,41,165083.53,149744,349,81,0,0
1030208,1,117,3180,124,0,41,165083.53,149744,349,81,0,0
1030310,1,117,3203,124,0,41,165083.53,149744,349,81,0,0
1030433,1,118,3217,124,0,41,165084.72,149744,349,81,0,0
1030558,1,118,3210,135,0,41,165084.72,149745,349,81,0,0
1030678,1,118,3204,137,0,41,165085.83,149745,349,81,0,0
1030798,1,118,3250,138,0,41,165085.83,149745,349,81,0,0
1030938,1,119,3239,138,0,41,165086.97,149745,349,81,0,0
1031058,1,119,3242,139,0,41,165086.97,149745,349,81,0,0
1031178,1,119,3236,139,0,41,165087.98,149745,349,81,0,0
1031288,1,119,3251,139,0,41,165087.98,149745,349,81,0,0
1031428,1,119,3258,139,0,41,165089.03,149745,349,81,0,0
1031548,1,120,3266,160,0,41,165089.03,149745,349,81,0,0
1031658,1,120,3267,195,0,41,165090.09,149745,349,81,0,0
1031759,1,120,3291,213,0,41,165090.09,149745,349,81,0,0
1031797,1,120,3291,213,0,41,165091.16,149745,349,81,0,0
1032013,1,121,3301,234,0,41,165091.16,149745,349,81,0,0
1032138,1,121,3323,234,0,41,165092.41,149745,349,81,0,0
1032258,1,121,3313,234,0,41,165093.45,149745,349,81,0,0
1032308,1,121,3313,234,0,41,165093.45,149745,349,81,0,0
1032495,1,122,3350,234,0,41,165094.45,149745,349,81,0,0
1032615,1,122,3356,234,0,41,165094.45,149745,349,81,0,0
1032740,1,123,3376,232,0,41,165095.80,149745,349,81,0,0
1032808,1,123,3344,232,0,41,165096.86,149745,349,81,0,0
1032958,1,123,3338,232,0,41,165096.86,149745,349,81,0,0
1033088,1,124,3362,232,0,41,165097.94,149745,349,81,0,0
1033208,1,124,3395,230,0,41,165099.06,149745,349,81,0,0
1033290,1,124,3403,230,0,41,165099.06,149745,349,81,0,0
1033458,1,124,3403,227,0,41,165099.06,149745,349,81,0,0
1033558,1,125,3399,223,0,41,165100.25,149745,349,81,0,0
1033690,1,126,3434,220,0,41,165101.53,149745,349,81,0,0
1033758,1,126,3450,216,0,41,165101.53,149745,349,81,0,0
1033938,1,126,3461,215,0,41,165102.84,149745,349,82,0,0
1034058,1,127,3436,208,0,41,165102.84,149745,349,82,0,0
1034178,1,127,3486,205,0,41,165104.16,149745,349,82,0,0
1034298,1,127,3515,201,0,41,165105.50,149745,349,82,0,0
1034308,1,127,3515,198,0,41,165105.50,149745,349,82,0,0
1034533,1,128,3507,196,0,41,165105.50,149745,349,82,0,0
1034640,1,128,3493,195,0,41,165106.86,149745,349,82,0,0
1034758,1,129,3514,194,0,41,165108.22,149745,349,82,0,0
1034789,1,129,3546,194,0,41,165108.22,149745,349,82,0,0
1034990,1,129,3531,193,0,41,165109.58,149745,349,82,0,0
1035115,1,130,3542,191,0,41,165110.95,149745,349,82,0,0
1035233,1,130,3574,189,0,41,165110.95,149745,349,82,0,0
1035308,1,130,3552,188,0,41,165112.33,149745,349,82,0,0
1035458,1,131,3566,188,0,41,165112.33,149745,349,82,0,0
1035590,1,131,3552,188,0,41,165113.72,149745,349,82,0,0
1035708,1,131,3571,183,0,41,165115.09,149745,349,82,0,0
1035798,1,132,3603,183,0,41,165115.09,149745,349,82,0,0
1035940,1,132,3596,182,0,41,165116.47,149745,349,82,0,0
1036058,1,133,3635,179,0,41,165116.47,149745,349,82,0,0
1036188,1,133,3634,175,0,41,165117.86,149745,349,82,0,0
1036308,1,133,3629,172,0,41,165119.25,149745,349,82,0,0
1036441,1,133,3619,172,0,41,165119.25,149745,349,82,0,0
1036558,1,134,3657,172,0,41,165120.62,149745,349,82,0,0
1036678,1,134,3678,172,0,41,165120.62,149745,349,82,0,0
1036802,1,134,3656,171,0,41,165121.97,149745,349,82,0,0
1036808,1,134,3656,169,0,41,165121.97,149745,349,82,0,0
1037048,1,135,3685,168,0,41,165123.25,149745,349,82,0,0
1037158,1,135,3683,168,0,41,165124.50,149745,349,82,0,0
1037258,1,136,3682,168,0,41,165125.75,149745,349,82,0,0
1037314,1,136,3714,166,0,41,165125.75,149745,349,82,0,0
1037533,1,136,3685,165,0,41,165125.75,149745,349,82,0,0
1037640,1,136,3741,165,0,41,165126.98,149745,349,82,0,0
1037758,1,137,3712,165,0,41,165128.20,149745,349,82,0,0
1037845,1,137,3722,165,0,41,165129.39,149745,349,82,0,0
1037996,1,137,3770,165,0,41,165129.39,149745,349,82,0,0
1038115,1,137,3764,167,0,41,165130.56,149745,349,82,0,0
1038240,1,138,3749,167,0,41,165131.73,149745,349,82,0,0
1038298,1,138,3749,167,0,41,165131.73,149745,349,82,0,0
1038440,1,138,3749,167,0,41,165131.73,149745,349,82,0,0
1038590,1,138,3778,167,0,41,165132.92,149745,349,82,0,0
1038709,1,139,3806,167,0,41,165134.11,149745,349,82,0,0
1038808,1,139,3792,167,0,41,165134.11,149745,349,82,0,0
1038940,1,139,3786,167,0,41,165135.30,149745,349,82,0,0
1039058,1,139,3793,167,0,41,165136.48,149745,349,82,0,0
1039190,1,140,3828,167,0,41,165137.67,149745,349,82,0,0
1039312,1,140,3833,166,0,41,165137.67,149745,349,82,0,0
1039440,1,140,3838,166,0,41,165138.86,149745,349,83,0,0
1039558,1,140,3808,166,0,41,165138.86,149745,349,83,0,0
1039678,1,141,3845,160,0,41,165140.05,149745,349,83,0,0
1039800,1,141,3870,157,0,41,165141.25,149745,349,83,0,0
1039808,1,141,3870,157,0,41,165141.25,149745,349,83,0,0
1040033,1,141,3863,154,0,41,165142.44,149745,349,83,0,0
1040140,1,142,3901,151,0,41,165143.59,149745,349,83,0,0
1040258,1,142,3843,145,0,41,165143.59,149745,349,83,0,0
1040292,1,142,3843,145,0,41,165144.73,149745,349,83,0,0
1040490,1,142,3878,142,0,41,165144.73,149745,349,83,0,0
1040615,1,142,3894,110,0,41,165145.80,149745,349,83,0,0
1040740,1,142,3898,92,0,41,165145.80,149745,349,83,0,0
1040843,1,143,3883,95,0,41,165147.02,149745,349,83,0,0
1040958,1,143,3883,95,0,41,165147.02,149745,349,83,0,0
1041090,1,142,3891,96,0,41,165148.02,149745,349,83,0,0
1041208,1,142,3896,96,0,41,165148.02,149745,349,83,0,0
1041258,1,142,3891,96,0,41,165148.02,149745,349,83,0,0
1041428,1,142,3891,97,0,41,165148.02,149745,349,83,0,0
1041558,1,143,3898,98,0,41,165149.03,149745,349,83,0,0
1041678,1,143,3895,98,0,41,165149.03,149745,349,83,0,0
1041798,1,143,3887,98,0,41,165150.05,149745,349,83,0,0
1041933,1,143,3881,98,0,41,165150.05,149745,349,83,0,0
1042058,1,143,3893,98,0,41,165150.05,149745,349,83,0,0
1042178,1,142,3896,99,0,41,165151.06,149745,349,83,0,0
1042290,1,143,3896,99,0,41,165151.06,149745,349,83,0,0
1042299,1,143,3896,99,0,41,165151.06,149745,349,83,0,0
1042533,1,143,3897,103,0,41,165151.06,149745,349,83,0,0
1042640,1,143,3901,104,0,41,165152.08,149745,349,83,0,0
1042758,1,143,3882,104,0,41,165152.08,149745,349,83,0,0
1042790,1,143,3882,104,0,41,165152.08,149745,349,83,0,0
1042990,1,143,3878,104,0,41,165153.12,149745,349,83,0,0
1043090,1,143,3880,104,0,41,165153.12,149745,349,83,0,0
1043233,1,143,3884,104,0,41,165153.12,149745,349,83,0,0
1043290,1,143,3914,104,0,41,165154.22,149745,349,83,0,0
1043462,1,143,3915,104,0,41,165154.22,149745,349,83,0,0
1043558,1,143,3882,104,0,41,165154.22,149745,349,83,0,0
1043690,1,143,3913,104,0,41,165155.31,149745,349,83,0,0
1043808,1,143,3879,104,0,41,165155.31,149745,349,83,0,0
1043958,1,143,3931,104,0,41,165155.31,149745,349,83,0,0
1044058,1,143,3912,104,0,41,165156.39,149745,349,83,0,0
1044190,1,143,3913,104,0,41,165156.39,149745,349,83,0,0
1044258,1,143,3916,104,0,41,165156.39,149745,349,83,0,0
1044411,1,143,3916,104,0,41,165157.48,149745,349,83,0,0
1044558,1,143,3916,104,0,41,165157.48,149745,349,84,0,0
1044678,1,143,3919,104,0,41,165157.48,149745,349,84,0,0
1044790,1,143,3916,104,0,41,165158.58,149745,349,84,0,0
1044928,1,143,3919,104,0,41,165158.58,149745,349,84,0,0
1045048,1,143,3922,104,0,41,165159.67,149745,349,84,0,0
1045158,1,143,3922,104,0,41,165159.67,149745,349,84,0,0
1045258,1,144,3921,104,0,41,165159.67,149745,349,84,0,0
1045308,1,144,3921,104,0,41,165159.67,149745,349,84,0,0
1045513,1,144,3924,91,0,41,165160.78,149745,349,84,0,0
1045633,1,144,3920,83,0,41,165160.78,149745,349,84,0,0
1045740,1,143,3906,76,0,41,165161.84,149745,349,84,0,0
1045840,1,143,3888,67,0,41,165161.84,149745,349,84,0,0
1045990,1,143,3866,67,0,41,165161.84,149745,349,84,0,0
1046115,1,143,3851,0,0,41,165161.84,149745,349,84,0,0
1046240,1,143,3907,0,0,41,165161.84,149745,349,84,0,0
1046308,1,143,3875,0,0,41,165161.84,149745,349,84,0,0
1046461,1,142,3883,0,0,41,165161.84,149745,349,84,0,0
1046615,1,142,3860,0,0,41,165162.88,149745,349,84,0,0
1046708,1,142,3896,0,0,41,165162.88,149745,349,84,0,0
1046840,1,141,3869,0,0,41,165162.88,149745,349,84,0,0
1046973,1,141,3869,0,0,41,165162.88,149745,349,84,0,0
1047090,1,141,3848,0,0,41,165162.88,149745,349,84,0,0
1047208,1,141,3816,0,0,41,165162.88,149745,349,84,0,0
1047333,1,140,3818,0,0,41,165162.88,149745,349,84,0,0
1047460,1,140,3818,0,0,41,165162.88,149745,349,84,0,0
1047590,1,140,3808,0,0,41,165162.88,149745,349,84,0,0
1047708,1,140,3808,0,0,41,165162.88,149745,349,84,0,0
1047808,1,139,3776,0,0,41,165162.88,149745,349,84,0,0
1047860,1,139,3776,0,0,41,165162.88,149745,349,84,0,0
1048058,1,139,3776,0,0,41,165162.88,149745,349,84,0,0
1048178,1,138,3744,0,0,41,165162.88,149745,349,84,0,0
1048298,1,138,3744,0,0,41,165162.88,149745,349,84,0,0
1048333,1,138,3744,0,0,41,165162.88,149745,349,84,0,0
1048533,1,137,3744,0,0,41,165162.88,149745,349,84,0,0
1048640,1,137,3744,0,0,41,165162.88,149745,349,84,0,0
1048758,1,137,3712,0,0,41,165162.88,149745,349,84,0,0
1048833,1,137,3712,0,0,41,165162.88,149745,349,84,0,0
1048972,1,137,3712,0,0,41,165162.88,149745,349,84,0,0
1049115,1,136,3712,0,0,41,165162.88,149745,349,84,0,0
1049240,1,136,3680,0,0,41,165162.88,149745,349,84,0,0
1049353,1,135,3680,0,0,41,165162.88,149745,349,84,0,0
1049459,1,135,3680,0,0,41,165162.88,149745,349,84,0,0
1049590,1,135,3648,0,0,41,165162.88,149745,349,84,0,0
1049707,1,135,3648,0,0,41,165162.88,149745,349,84,0,0
1049832,1,134,3648,0,28,41,165162.88,149745,349,84,0,0
1049971,1,134,3648,0,22,41,165162.88,149745,349,84,0,0
1050090,1,134,3616,0,32,41,165162.88,149745,349,84,0,0
1050213,1,133,3616,0,42,41,165162.88,149745,349,84,0,0
1050313,1,133,3616,0,54,41,165162.88,149745,349,84,0,0
1050333,1,132,3616,0,54,41,165162.88,149745,349,84,0,0
1050557,1,132,3552,0,64,41,165162.88,149745,349,84,0,0
1050690,1,131,3552,0,66,41,165162.88,149745,349,84,0,0
1050813,1,130,3520,0,68,41,165162.88,149745,349,84,0,0
1050835,1,130,3520,0,68,41,165162.88,149745,349,84,0,0
1051047,1,129,3488,0,70,41,165162.88,149745,349,84,0,0
1051157,1,128,3456,0,80,41,165162.88,149745,349,84,0,0
1051258,1,128,3456,0,86,41,165162.88,149745,349,84,0,0
1051340,1,127,3456,0,86,41,165162.88,149745,349,84,0,0
1051490,1,127,3424,0,90,41,165162.88,149745,349,84,0,0
1051640,1,125,3392,0,92,41,165162.88,149745,349,84,0,0
1051740,1,125,3392,0,86,41,165162.88,149745,349,84,0,0
1051840,1,124,3360,0,72,41,165162.88,149745,349,84,0,0
1051970,1,124,3360,0,60,41,165162.88,149745,349,84,0,0
1052113,1,124,3328,0,12,41,165162.88,149745,349,84,0,0
1052232,1,123,3360,0,10,41,165162.88,149745,349,84,0,0
1052313,1,123,3328,0,2,41,165162.88,149745,349,84,0,0
1052459,1,123,3328,0,6,41,165162.88,149745,349,84,0,0
1052590,1,122,3328,0,6,41,165162.88,149745,349,84,0,0
1052690,1,122,3328,0,2,41,165162.88,149745,349,84,0,0
1052815,1,122,3296,0,0,41,165162.88,149745,349,83,0,0
1052861,1,122,3296,0,0,41,165162.88,149745,349,83,0,0
1053057,1,121,3296,0,0,41,165162.88,149745,349,83,0,0
1053190,1,121,3296,0,0,41,165162.88,149745,349,83,0,0
1053308,1,121,3296,0,0,41,165162.88,149745,349,83,0,0
1053335,1,121,3296,0,0,41,165162.88,149745,349,83,0,0
1053547,1,121,3264,0,0,41,165162.88,149745,349,83,0,0
1053657,1,120,3264,0,6,41,165162.88,149745,349,83,0,0
1053758,1,120,3264,0,6,41,165162.88,149745,349,83,0,0
1053841,1,120,3232,0,6,41,165162.88,149745,349,83,0,0
1054013,1,120,3232,0,6,41,165162.88,149745,349,83,0,0
1054133,1,119,3232,0,0,41,165162.88,149745,349,83,0,0
1054240,1,119,3232,0,0,41,165162.88,149745,349,83,0,0
1054340,1,119,3232,0,0,41,165162.88,149745,349,83,0,0
1054490,1,119,3200,0,0,41,165162.88,149745,349,83,0,0
1054611,1,118,3200,11,0,41,165162.88,149745,349,83,0,0
1054711,1,118,3200,34,0,41,165162.88,149745,349,83,0,0
1054813,1,118,3232,38,0,41,165162.88,149745,349,83,0,0
1054968,1,118,3246,38,0,41,165162.88,149745,349,83,0,0
1055057,1,118,3208,58,0,41,165162.88,149745,349,83,0,0
1055190,1,118,3222,63,0,41,165162.88,149745,349,83,0,0
1055313,1,118,3219,64,0,41,165163.88,149745,349,83,0,0
1055340,1,118,3203,64,0,41,165163.88,149745,349,83,0,0
1055557,1,118,3227,64,0,41,165163.88,149745,349,83,0,0
1055657,1,118,3209,72,0,41,165163.88,149745,349,83,0,0
1055758,1,117,3207,81,0,41,165163.88,149745,349,83,0,0
1055813,1,117,3207,88,0,41,165163.88,149745,349,83,0,0
1056011,1,117,3218,113,0,41,165164.88,149745,349,83,0,0
1056132,1,118,3204,133,0,41,165164.88,149745,349,83,0,0
1056240,1,118,3217,135,0,41,165164.88,149745,349,83,0,0
1056339,1,118,3218,136,0,41,165165.95,149745,349,83,0,0
1056490,1,118,3218,136,0,41,165165.95,149745,349,82,0,0
1056613,1,118,3222,143,0,41,165166.95,149745,349,82,0,0
1056732,1,119,3241,143,0,41,165166.95,149745,349,82,0,0
1056839,1,119,3259,144,0,41,165168.12,149745,349,82,0,0
1056967,1,119,3259,144,0,41,165168.12,149745,349,82,0,0
1057057,1,119,3250,146,0,41,165168.12,149745,349,82,0,0
1057191,1,119,3255,146,0,41,165169.19,149745,349,82,0,0
1057313,1,119,3279,146,0,41,165170.27,149745,349,82,0,0
1057368,1,119,3245,146,0,41,165170.27,149745,349,82,0,0
1057557,1,120,3254,146,0,41,165171.34,149745,349,82,0,0
1057657,1,120,3285,146,0,41,165171.34,149745,349,82,0,0
1057790,1,120,3290,146,0,41,165172.42,149745,349,82,0,0
1057832,1,120,3290,146,0,41,165172.42,149745,349,82,0,0
1058011,1,120,3282,146,0,41,165173.53,149745,349,82,0,0
1058132,1,120,3284,146,0,41,165173.53,149745,349,82,0,0
1058258,1,120,3316,146,0,41,165174.64,149745,349,82,0,0
1058339,1,121,3286,146,0,41,165174.64,149745,349,82,0,0
1058490,1,121,3319,146,0,41,165175.75,149745,349,82,0,0
1058611,1,121,3321,146,0,41,165175.75,149745,349,82,0,0
1058732,1,121,3284,146,0,41,165176.86,149745,349,82,0,0
1058840,1,121,3320,146,0,41,165177.97,149745,349,82,0,0
1058991,1,121,3320,146,0,41,165177.97,149745,349,82,0,0
1059111,1,121,3301,146,0,41,165177.97,149745,349,82,0,0
1059211,1,121,3309,145,0,41,165179.09,149745,349,82,0,0
1059340,1,122,3327,143,0,41,165180.23,149745,349,82,0,0
1059340,1,122,3327,143,0,41,165180.23,149745,349,82,0,0
1059589,1,122,3302,137,0,41,165180.23,149745,349,82,0,0
1059710,1,122,3330,137,0,41,165181.39,149745,349,82,0,0
1059832,1,122,3339,137,0,41,165181.39,149745,349,82,0,0
1059855,1,122,3346,137,0,41,165182.53,149745,349,82,0,0
1060057,1,122,3344,127,0,41,165182.53,149745,349,81,0,0
1060177,1,122,3341,127,0,41,165183.61,149745,349,81,0,0
1060297,1,122,3357,127,0,41,165183.61,149745,349,81,0,0
1060360,1,122,3328,127,0,41,165184.67,149745,349,81,0,0
1060510,1,122,3328,126,0,41,165184.67,149745,349,81,0,0
1060657,1,122,3355,126,0,41,165184.67,149745,349,81,0,0
1060758,1,122,3334,127,0,41,165185.88,149745,349,81,0,0
1060841,1,122,3359,129,0,41,165185.88,149745,349,81,0,0
1060990,1,122,3359,129,0,41,165185.88,149745,349,81,0,0
1061140,1,123,3352,130,0,41,165187.02,149745,349,81,0,0
1061240,1,123,3338,130,0,41,165187.02,149745,349,81,0,0
1061341,1,123,3350,130,0,41,165188.19,149745,349,81,0,0
1061490,1,123,3356,130,0,41,165188.19,149745,349,81,0,0
1061610,1,123,3330,131,0,41,165189.39,149745,349,81,0,0
1061732,1,123,3332,131,0,41,165189.39,149745,349,81,0,0
1061841,1,123,3335,131,0,41,165190.61,149745,349,81,0,0
1061990,1,123,3369,131,0,41,165190.61,149745,349,81,0,0
1062110,1,123,3329,131,0,41,165190.61,149745,349,81,0,0
1062211,1,123,3389,131,0,41,165191.83,149745,349,81,0,0
1062341,1,123,3335,131,0,41,165191.83,149745,349,81,0,0
1062476,1,123,3367,131,0,41,165193.05,149745,349,81,0,0
1062590,1,124,3371,131,0,41,165193.05,149745,349,81,0,0
1062711,1,124,3372,127,0,41,165194.27,149745,349,81,0,0
1062832,1,124,3373,123,0,41,165194.27,149745,349,81,0,0
1062840,1,124,3373,123,0,41,165194.27,149745,349,81,0,0
1063057,1,124,3388,123,0,41,165195.48,149745,349,81,0,0
1063190,1,124,3379,123,0,41,165195.48,149745,349,81,0,0
1063297,1,124,3372,123,0,41,165196.61,149745,349,81,0,0
1063360,1,124,3383,122,0,41,165196.61,149745,349,81,0,0
1063511,1,124,3415,120,0,41,165196.61,149745,349,81,0,0
1063657,1,124,3411,120,0,41,165197.66,149745,349,81,0,0
1063758,1,124,3383,120,0,41,165197.66,149745,349,81,0,0
1063840,1,124,3386,120,0,41,165198.70,149745,349,81,0,0
1063990,1,124,3420,120,0,41,165198.70,149745,349,81,0,0
1064140,1,124,3423,120,0,41,165199.75,149745,349,81,0,0
1064258,1,124,3421,119,0,41,165199.75,149745,349,81,0,0
1064360,1,125,3423,118,0,41,165199.75,149745,349,81,0,0
1064510,1,125,3423,120,0,41,165200.80,149745,349,81,0,0
1064632,1,125,3414,120,0,41,165200.80,149745,349,81,0,0
1064740,1,125,3420,120,0,41,165201.84,149745,349,81,0,0
1064861,1,125,3393,120,0,41,165201.84,149745,349,81,0,0
1064861,1,125,3393,120,0,41,165201.84,149745,349,81,0,0
1065111,1,125,3395,120,0,41,165202.91,149745,349,81,0,0
1065240,1,125,3397,120,0,41,165202.91,149745,349,81,0,0
1065339,1,125,3396,120,0,41,165203.97,149745,349,81,0,0
1065363,1,125,3396,120,0,41,165203.97,149745,349,81,0,0
1065611,1,125,3397,120,0,41,165203.97,149745,349,81,0,0
1065710,1,125,3397,120,0,41,165205.03,149745,349,81,0,0
1065840,1,126,3448,122,0,41,165205.03,149745,349,81,0,0
1065840,1,126,3448,122,0,41,165205.03,149745,349,81,0,0
1066090,1,126,3427,122,0,41,165206.08,149745,349,81,0,0
1066210,1,126,3430,122,0,41,165206.08,149745,349,81,0,0
1066332,1,126,3433,122,0,41,165207.14,149745,349,81,0,0
1066360,1,126,3435,122,0,41,165207.14,149745,349,81,0,0
1066557,1,126,3438,122,0,41,165207.14,149745,349,81,0,0
1066677,1,126,3439,121,0,41,165208.20,149745,349,81,0,0
1066797,1,126,3440,121,0,41,165208.20,149745,349,81,0,0
1066861,1,126,3435,121,0,41,165209.28,149745,349,81,0,0
1067012,1,126,3467,121,0,41,165209.28,149745,349,81,0,0
1067157,1,127,3477,121,0,41,165209.28,149745,349,81,0,0
1067258,1,127,3478,121,0,41,165210.36,149745,349,81,0,0
1067361,1,127,3479,121,0,41,165210.36,149745,349,81,0,0
1067361,1,127,3479,121,0,41,165210.36,149745,349,81,0,0
1067640,1,128,3482,121,0,41,165211.44,149745,349,81,0,0
1067758,1,128,3482,121,0,41,165211.44,149745,349,81,0,0
1067861,1,128,3514,121,0,41,165212.53,149745,349,81,0,0
1068011,1,128,3514,121,0,41,165212.53,149745,349,81,0,0
1068132,1,128,3469,121,0,41,165212.53,149745,349,81,0,0
1068240,1,128,3512,121,0,41,165213.61,149745,349,81,0,0
1068361,1,128,3513,121,0,41,165213.61,149745,349,81,0,0
1068391,1,128,3513,121,0,41,165214.69,149745,349,81,0,0
1068589,1,129,3516,121,0,41,165214.69,149745,349,81,0,0
1068711,1,129,3517,121,0,41,165214.69,149745,349,81,0,0
1068840,1,129,3518,121,0,41,165215.78,149745,349,81,0,0
1068859,1,129,3518,121,0,41,165215.78,149745,349,81,0,0
1069057,1,129,3550,121,0,41,165215.78,149745,349,81,0,0
1069190,1,130,3549,121,0,41,165216.88,149745,349,81,0,0
1069311,1,129,3548,116,0,41,165216.88,149745,349,81,0,0
1069390,1,129,3542,116,0,41,165217.97,149745,349,81,0,0
1069532,1,130,3542,116,0,41,165217.97,149745,349,81,0,0
1069657,1,130,3534,113,0,41,165217.97,149745,349,81,0,0
1069790,1,130,3527,113,0,41,165219.05,149745,349,81,0,0
1069862,1,130,3583,113,0,41,165219.05,149745,349,81,0,0
1070011,1,130,3551,113,0,41,165219.05,149745,349,81,0,0
1070140,1,130,3566,113,0,41,165220.09,149745,349,81,0,0
1070258,1,131,3563,113,0,41,165220.09,149745,349,81,0,0
1070362,1,131,3559,113,0,41,165221.12,149745,349,81,0,0
1070497,1,131,3559,113,0,41,165221.12,149745,349,81,0,0
1070610,1,131,3608,113,0,41,165221.12,149745,349,81,0,0
1070740,1,131,3610,113,0,41,165222.14,149745,349,81,0,0
1070862,1,131,3612,113,0,41,165222.14,149745,349,81,0,0
1070901,1,131,3612,113,0,41,165223.16,149745,349,81,0,0
1071110,1,131,3612,113,0,41,165223.16,149745,349,81,0,0
1071232,1,132,3611,113,0,41,165223.16,149745,349,81,0,0
1071340,1,132,3609,113,0,41,165224.17,149745,349,81,0,0
1071390,1,132,3609,113,0,41,165224.17,149745,349,81,0,0
1071573,1,132,3606,113,0,41,165224.17,149745,349,81,0,0
1071690,1,132,3634,113,0,41,165225.17,149745,349,81,0,0
1071810,1,132,3621,111,0,41,165225.17,149745,349,81,0,0
1071862,1,132,3644,111,0,41,165225.17,149745,349,81,0,0
1072057,1,133,3612,45,0,41,165226.36,149745,349,81,0,0
1072157,1,132,3610,0,0,41,165226.36,149745,349,81,0,0
1072290,1,132,3603,0,0,41,165226.36,149745,349,81,0,0
1072390,1,132,3598,0,0,41,165226.36,149745,349,81,0,0
1072521,1,132,3598,0,0,41,165226.36,149745,349,81,0,0
1072640,1,132,3589,0,0,41,165227.36,149745,349,81,0,0
1072758,1,132,3590,0,0,41,165227.36,149745,349,81,0,0
1072862,1,132,3590,0,0,41,165227.36,149745,349,81,0,0
1073008,1,132,3590,0,0,41,165227.36,149745,349,81,0,0
1073111,1,131,3587,0,0,41,165227.36,149745,349,81,0,0
1073240,1,131,3610,0,0,41,165227.36,149745,349,81,0,0
1073362,1,131,3604,0,0,41,165227.36,149745,349,81,0,0
1073495,1,131,3572,0,0,41,165227.36,149745,349,81,0,0
1073610,1,131,3560,0,0,41,165227.36,149745,349,81,0,0
1073732,1,131,3565,0,0,41,165227.36,149745,349,81,0,0
1073840,1,130,3552,0,0,41,165227.36,149745,349,81,0,0
1073871,1,130,3552,0,0,41,165227.36,149745,349,81,0,0
1074057,1,130,3520,0,0,41,165227.36,149745,349,81,0,0
1074190,1,130,3520,0,0,41,165227.36,149745,349,81,0,0
1074310,1,130,3520,0,0,41,165227.36,149745,349,81,0,0
1074362,1,130,3520,0,0,41,165227.36,149745,349,81,0,0
1074532,1,130,3520,0,0,41,165227.36,149745,349,81,0,0
1074657,1,129,3520,0,0,41,165227.36,149745,349,82,0,0
1074790,1,129,3520,0,0,41,165227.36,149745,349,82,0,0
1074862,1,129,3520,0,0,41,165227.36,149745,349,82,0,0
1075010,1,129,3520,0,0,41,165227.36,149745,349,82,0,0
1075157,1,129,3488,0,0,41,165227.36,149745,349,82,0,0
1075258,1,129,3488,0,0,41,165227.36,149745,349,82,0,0
1075392,1,129,3488,0,0,41,165227.36,149745,349,82,0,0
1075392,1,129,3488,0,0,41,165227.36,149745,349,82,0,0
1075640,1,128,3488,0,0,41,165227.36,149745,349,82,0,0
1075758,1,128,3488,0,0,41,165227.36,149745,349,82,0,0
1075840,1,128,3488,0,0,41,165227.36,149745,349,82,0,0
1075879,1,128,3488,0,0,41,165227.36,149745,349,82,0,0
1076110,1,128,3456,0,0,41,165227.36,149745,349,82,0,0
1076210,1,128,3456,0,0,41,165227.36,149745,349,82,0,0
1076340,1,127,3456,0,0,41,165227.36,149745,349,82,0,0
1076390,1,127,3456,0,0,41,165227.36,149745,349,82,0,0
1076557,1,127,3456,0,0,41,165227.36,149745,349,82,0,0
1076690,1,127,3456,0,0,41,165227.36,149745,349,82,0,0
1076810,1,127,3424,0,0,41,165227.36,149745,349,82,0,0
1076890,1,126,3424,0,0,41,165227.36,149745,349,82,0,0
1077047,1,126,3424,0,0,41,165227.36,149745,349,82,0,0
1077177,1,126,3424,0,0,41,165227.36,149745,349,82,0,0
1077297,1,126,3424,0,0,41,165227.36,149745,349,82,0,0
1077413,1,126,3424,0,0,41,165227.36,149745,349,82,0,0
1077544,1,126,3424,0,0,41,165227.36,149745,349,82,0,0
1077657,1,126,3424,0,0,41,165227.36,149745,349,82,0,0
1077757,1,126,3424,0,0,41,165227.36,149745,349,82,0,0
1077890,1,126,3424,0,0,41,165227.36,149745,349,82,0,0
1078032,1,125,3424,0,0,41,165227.36,149745,349,82,0,0
1078140,1,125,3392,0,0,41,165227.36,149745,349,82,0,0
1078258,1,125,3392,0,0,41,165227.36,149745,349,82,0,0
1078360,1,125,3392,0,0,41,165227.36,149745,349,82,0,0
1078390,1,125,3392,0,0,41,165227.36,149745,349,82,0,0
1078610,1,125,3392,0,0,41,165227.36,149745,349,82,0,0
1078740,1,124,3392,0,0,41,165227.36,149745,349,82,0,0
1078860,1,124,3392,0,0,41,165227.36,149745,349,82,0,0
1078860,1,124,3392,0,0,41,165227.36,149745,349,82,0,0
1079090,1,124,3360,0,0,41,165227.36,149745,349,82,0,0
1079210,1,124,3360,0,0,41,165227.36,149745,349,82,0,0
1079310,1,124,3360,0,0,41,165227.36,149745,349,82,0,0
1079390,1,124,3360,0,0,41,165227.36,149745,349,82,0,0
1079557,1,124,3360,0,0,41,165227.36,149745,349,82,0,0
1079677,1,123,3360,0,0,41,165227.36,149745,349,82,0,0
1079797,1,123,3328,0,0,41,165227.36,149745,349,82,0,0
1079890,1,123,3328,0,0,41,165227.36,149745,349,82,0,0
1080041,1,123,3328,0,0,41,165227.36,149745,349,82,0,0
1080157,1,123,3328,0,0,41,165227.36,149745,349,82,0,0
1080258,1,122,3328,0,0,41,165227.36,149745,349,82,0,0
1080360,1,122,3328,0,0,41,165227.36,149745,349,82,0,0
1080516,1,122,3328,0,0,41,165227.36,149745,349,82,0,0
1080641,1,122,3328,1,0,41,165227.36,149745,349,82,0,0
1080758,1,122,3329,5,0,41,165227.36,149745,349,82,0,0
1080860,1,122,3358,6,0,41,165227.36,149745,349,82,0,0
1080913,1,122,3326,7,0,41,165227.36,149745,349,82,0,0
1081110,1,122,3309,10,0,41,165227.36,149745,349,82,0,0
1081232,1,121,3304,14,0,41,165227.36,149745,349,82,0,0
1081340,1,122,3307,21,0,41,165227.36,149745,349,82,0,0
1081390,1,122,3339,21,0,41,165227.36,149745,349,82,0,0
1081557,1,122,3339,23,0,41,165227.36,149745,349,82,0,0
1081690,1,121,3307,23,0,41,165228.39,149745,349,81,0,0
1081810,1,121,3307,23,0,41,165228.39,149745,349,81,0,0
1081860,1,121,3306,23,0,41,165228.39,149745,349,81,0,0
1082040,1,121,3303,23,0,41,165228.39,149745,349,81,0,0
1082177,1,121,3265,0,0,41,165228.39,149745,349,81,0,0
1082290,1,121,3308,0,0,41,165228.39,149745,349,81,0,0
1082391,1,121,3272,0,0,41,165228.39,149745,349,81,0,0
1082547,1,121,3303,0,0,41,165228.39,149746,343,81,0,0
1082657,1,121,3297,0,0,41,165228.39,149746,343,81,0,0
1082757,1,120,3264,0,0,41,165228.39,149746,343,81,0,0
1082891,1,120,3265,0,0,41,165228.39,149746,343,81,0,0
1083031,1,120,3265,0,0,41,165228.39,149746,343,81,0,0
1083140,1,120,3288,0,0,41,165228.39,149746,343,81,0,0
1083257,1,120,3292,0,0,41,165228.39,149746,343,81,0,0
1083359,1,120,3275,0,0,41,165229.39,149746,343,81,0,0
1083390,1,120,3243,0,0,41,165229.39,149746,343,81,0,0
1083610,1,120,3243,0,0,41,165229.39,149746,343,81,0,0
1083731,1,119,3232,0,0,41,165229.39,149746,343,81,0,0
1083841,1,119,3200,0,0,41,165229.39,149746,343,81,0,0
1083859,1,119,3200,0,0,41,165229.39,149746,343,81,0,0
1084070,1,118,3200,0,0,41,165229.39,149746,343,81,0,0
1084190,1,118,3200,0,0,41,165229.39,149746,343,81,0,0
1084310,1,118,3200,0,0,41,165229.39,149746,343,81,0,0
1084390,1,118,3200,0,0,41,165229.39,149746,343,81,0,0
1084546,1,118,3200,0,0,41,165229.39,149746,343,81,0,0
1084677,1,117,3200,0,0,41,165229.39,149746,343,81,0,0
1084797,1,117,3168,0,0,41,165229.39,149746,343,81,0,0
1084859,1,117,3168,0,0,41,165229.39,149746,343,81,0,0
1085040,1,116,3168,0,0,41,165229.39,149746,343,81,0,0
1085157,1,116,3168,0,0,41,165229.39,149746,343,81,0,0
1085257,1,116,3168,0,0,41,165229.39,149746,343,81,0,0
1085390,1,116,3136,0,0,41,165229.39,149746,343,81,0,0
1085390,1,116,3136,0,0,41,165229.39,149746,343,81,0,0
1085631,1,115,3136,0,0,41,165229.39,149746,343,81,0,0
1085741,1,115,3136,0,0,41,165229.39,149746,343,81,0,0
1085859,1,115,3136,0,0,41,165229.39,149746,343,81,0,0
1085942,1,115,3104,0,0,41,165229.39,149746,343,81,0,0
1086094,1,115,3104,0,0,41,165229.39,149746,343,81,0,0
1086210,1,114,3104,0,0,41,165229.39,149746,343,81,0,0
1086332,1,114,3104,0,48,41,165229.39,149746,343,81,0,0
1086390,1,114,3104,0,32,41,165229.39,149746,343,81,0,0
1086546,1,114,3072,0,32,41,165229.39,149746,343,81,0,0
1086690,1,113,3040,0,70,41,165229.39,149746,343,81,0,0
1086810,1,112,3040,0,72,41,165229.39,149746,343,81,0,0
1086891,1,112,3008,0,74,41,165229.39,149746,343,81,0,0
1087050,1,112,3008,0,74,41,165229.39,149746,343,81,0,0
1087156,1,110,2976,0,82,41,165229.39,149746,343,81,0,0
1087257,1,110,2976,0,86,41,165229.39,149746,343,81,0,0
1087391,1,109,2944,0,88,41,165229.39,149746,343,81,0,0
1087391,1,109,2944,0,88,41,165229.39,149746,343,81,0,0
1087641,1,108,2944,0,90,41,165229.39,149746,343,81,0,0
1087758,1,107,2912,0,92,41,165229.39,149746,343,81,0,0
1087859,1,107,2880,0,94,41,165229.39,149746,343,81,0,0
1087898,1,107,2880,0,94,41,165229.39,149746,343,81,0,0
1088110,1,107,2848,0,96,41,165229.39,149746,343,81,0,0
1088231,1,104,2848,0,98,41,165229.39,149746,343,81,0,0
1088341,1,104,2816,0,98,41,165229.39,149746,343,81,0,0
1088390,1,104,2816,0,102,41,165229.39,149746,343,81,0,0
1088562,1,103,2784,0,102,41,165229.39,149746,343,81,0,0
1088690,1,102,2784,0,64,41,165229.39,149746,343,81,0,0
1088810,1,102,2752,0,14,41,165229.39,149746,343,81,0,0
1088859,1,102,2784,0,2,41,165229.39,149746,343,81,0,0
1089031,1,102,2752,0,2,41,165229.39,149746,343,81,0,0
1089210,1,101,2752,0,0,41,165229.39,149746,343,81,0,0
1089340,1,101,2752,0,0,41,165229.39,149746,343,81,0,0
1089429,1,101,2720,0,0,41,165229.39,149746,343,81,0,0
1089546,1,101,2720,0,0,41,165229.39,149747,343,81,0,0
1089691,1,101,2720,0,0,41,165229.39,149747,343,81,0,0
1089810,1,101,2720,0,6,41,165229.39,149747,343,81,0,0
1089890,1,100,2720,0,6,41,165229.39,149747,343,81,0,0
1090031,1,100,2720,0,6,41,165229.39,149747,343,81,0,0
1090156,1,100,2688,0,24,41,165229.39,149747,343,81,0,0
1090257,1,99,2720,0,28,41,165229.39,149747,343,81,0,0
1090391,1,99,2688,0,28,41,165229.39,149747,343,81,0,0
1090541,1,99,2688,0,28,41,165229.39,149747,343,81,0,0
1090656,1,98,2688,0,40,41,165229.39,149747,343,80,0,0
1090758,1,98,2656,0,46,41,165229.39,149747,343,80,0,0
1090890,1,98,2656,0,50,41,165229.39,149747,343,80,0,0
1091031,1,97,2656,0,50,41,165229.39,149747,343,80,0,0
1091156,1,97,2624,0,68,41,165229.39,149747,343,80,0,0
1091257,1,96,2624,0,72,41,165229.39,149747,343,80,0,0
1091390,1,96,2592,0,72,41,165229.39,149747,343,80,0,0
1091390,1,96,2592,0,72,41,165229.39,149747,343,80,0,0
1091641,1,94,2560,0,76,41,165229.39,149747,343,80,0,0
1091757,1,94,2528,0,74,41,165229.39,149747,343,80,0,0
1091859,1,93,2528,0,80,41,165229.39,149747,343,80,0,0
1091911,1,93,2528,0,80,41,165229.39,149747,343,80,0,0
1092110,1,93,2496,0,76,41,165229.39,149747,343,80,0,0
1092231,1,92,2496,0,78,41,165229.39,149747,343,80,0,0
1092341,1,91,2464,0,76,41,165229.39,149747,343,80,0,0
1092407,1,91,2464,0,72,41,165229.39,149747,343,80,0,0
1092585,1,91,2464,0,70,41,165229.39,149747,343,80,0,0
1092691,1,90,2432,0,58,41,165229.39,149747,343,80,0,0
1092810,1,90,2432,0,54,41,165229.39,149747,343,80,0,0
1092911,1,89,2432,0,42,41,165229.39,149747,343,80,0,0
1093056,1,89,2432,0,24,41,165229.39,149747,343,80,0,0
1093176,1,89,2400,0,32,41,165229.39,149747,343,80,0,0
1093297,1,88,2400,0,32,41,165229.39,149747,343,80,0,0
1093391,1,88,2368,0,46,41,165229.39,149747,343,80,0,0
1093534,1,88,2368,0,46,41,165229.39,149747,343,80,0,0
1093656,1,87,2368,0,64,41,165229.39,149747,343,80,0,0
1093757,1,86,2336,0,64,41,165229.39,149747,343,80,0,0
1093859,1,86,2336,0,70,41,165229.39,149747,343,80,0,0
1093909,1,86,2336,0,70,41,165229.39,149747,343,80,0,0
1094110,1,86,2304,0,72,41,165229.39,149747,343,80,0,0
1094241,1,84,2272,0,78,41,165229.39,149747,343,80,0,0
1094359,1,84,2272,0,80,41,165229.39,149747,343,80,0,0
1094391,1,84,2272,0,80,41,165229.39,149747,343,80,0,0
1094591,1,84,2240,0,80,41,165229.39,149747,343,80,0,0
1094710,1,82,2240,0,84,41,165229.39,149747,343,80,0,0
1094810,1,82,2208,0,78,41,165229.39,149747,343,80,0,0
1094891,1,81,2208,0,82,41,165229.39,149747,343,80,0,0
1095056,1,81,2208,0,82,41,165229.39,149747,343,80,0,0
1095176,1,80,2176,0,70,41,165229.39,149747,343,80,0,0
1095297,1,80,2176,0,40,41,165229.39,149747,343,80,0,0
1095391,1,79,2176,0,2,41,165229.39,149747,343,80,0,0
1095541,1,79,2144,0,2,41,165229.39,149747,343,80,0,0
1095656,1,79,2144,0,0,41,165229.39,149747,343,80,0,0
1095757,1,79,2144,0,0,41,165229.39,149747,343,80,0,0
1095893,1,79,2144,0,0,41,165229.39,149747,343,80,0,0
1095936,1,79,2144,0,0,41,165229.39,149747,343,80,0,0
1096156,1,78,2112,0,0,41,165229.39,149747,343,80,0,0
1096257,1,78,2112,0,0,41,165229.39,149747,343,80,0,0
1096359,1,78,2112,0,0,41,165229.39,149747,343,80,0,0
1096411,1,78,2112,0,0,41,165229.39,149747,343,80,0,0
1096644,1,78,2112,0,0,41,165229.39,149747,343,80,0,0
1096757,1,78,2112,0,0,41,165229.39,149747,343,80,0,0
1096859,1,77,2112,0,0,41,165229.39,149747,343,80,0,0
1097019,1,77,2112,0,0,41,165229.39,149747,343,80,0,0
1097131,1,77,2080,0,0,41,165229.39,149747,343,80,0,0
1097241,1,77,2080,0,0,41,165229.39,149747,343,80,0,0
1097359,1,77,2080,0,0,41,165229.39,149747,343,80,0,0
1097392,1,77,2080,0,0,41,165229.39,149747,343,80,0,0
1097591,1,77,2080,0,0,41,165229.39,149747,343,80,0,0
1097710,1,76,2080,0,0,41,165229.39,149747,343,80,0,0
1097841,1,76,2080,0,0,41,165229.39,149747,343,80,0,0
1097935,1,76,2048,0,0,41,165229.39,149747,343,80,0,0
1098056,1,76,2048,0,0,41,165229.39,149747,343,80,0,0
1098191,1,76,2048,0,0,41,165229.39,149747,343,80,0,0
1098310,1,76,2048,12,0,41,165229.39,149747,343,80,0,0
1098427,1,76,2080,24,0,41,165229.39,149747,343,80,0,0
1098556,1,76,2063,24,0,41,165229.39,149747,343,80,0,0
1098676,1,75,2064,45,0,41,165229.39,149747,343,80,0,0
1098794,1,75,2052,55,0,41,165229.39,149747,343,80,0,0
1098910,1,75,2062,69,0,41,165229.39,149747,343,80,0,0
1099047,1,75,2053,69,0,41,165229.39,149747,343,80,0,0
1099159,1,75,2060,79,0,41,165229.39,149747,343,80,0,0
1099257,1,76,2078,79,0,41,165229.39,149747,343,80,0,0
1099391,1,76,2066,79,0,41,165229.39,149747,343,80,0,0
1099531,1,76,2066,57,0,41,165229.39,149747,343,80,0,0
1099644,1,75,2051,47,0,41,165230.47,149747,343,80,0,0
1099757,1,75,2074,46,0,41,165230.47,149747,343,80,0,0
1099859,1,75,2069,42,0,41,165230.47,149747,343,80,0,0
1099859,1,75,2069,42,0,41,165230.47,149747,343,80,0,0
1100109,1,75,2070,14,0,41,165230.47,149747,343,80,0,0
1100231,1,75,2068,0,0,41,165230.47,149747,343,80,0,0
1100344,1,75,2026,0,0,41,165230.47,149747,343,80,0,0
1100394,1,75,2026,0,0,41,165230.47,149747,343,80,0,0
1100580,1,75,2018,0,0,41,165230.47,149747,343,80,0,0
1100691,1,75,2020,0,0,41,165230.47,149747,343,80,0,0
1100809,1,75,2019,0,0,41,165230.47,149747,343,80,0,0
1100894,1,75,2021,0,0,41,165230.47,149747,343,80,0,0
1101056,1,75,2022,0,0,41,165230.47,149747,343,80,0,0
1101191,1,74,2022,0,0,41,165230.47,149747,343,80,0,0
1101309,1,74,2022,0,0,41,165231.48,149747,343,80,0,0
1101411,1,74,2021,0,0,41,165231.48,149747,343,80,0,0
1101411,1,74,2021,0,0,41,165231.48,149747,343,80,0,0
1101656,1,74,1994,0,0,41,165231.48,149747,343,80,0,0
1101757,1,74,2011,0,0,41,165231.48,149747,343,80,0,0
1101894,1,73,1984,0,0,41,165231.48,149747,343,80,0,0
1102041,1,73,1997,0,0,41,165231.48,149747,343,80,0,0
1102156,1,73,1984,0,0,41,165231.48,149747,343,80,0,0
1102257,1,73,1997,0,0,41,165231.48,149747,343,80,0,0
1102393,1,73,2011,0,0,41,165231.48,149747,343,80,0,0
1102410,1,73,2011,0,0,41,165231.48,149747,343,80,0,0
1102631,1,72,1965,0,0,41,165231.48,149747,343,80,0,0
1102744,1,72,1952,3,0,41,165231.48,149747,343,80,0,0
1102859,1,72,1960,7,0,41,165231.48,149747,343,80,0,0
1102913,1,72,1992,9,0,41,165231.48,149747,343,80,0,0
1103094,1,72,1967,9,0,41,165231.48,149747,343,80,0,0
1103209,1,72,1931,10,0,41,165231.48,149747,343,80,0,0
1103331,1,72,1962,10,0,41,165231.48,149747,343,80,0,0
1103411,1,72,1963,10,0,41,165231.48,149747,343,80,0,0
1103556,1,71,1963,10,0,41,165231.48,149747,343,80,0,0
1103694,1,71,1938,10,0,41,165231.48,149747,343,80,0,0
1103810,1,71,1970,11,0,41,165231.48,149747,343,80,0,0
1103894,1,71,1939,11,0,41,165231.48,149747,343,80,0,0
1104056,1,71,1945,12,0,41,165231.48,149747,343,80,0,0
1104176,1,71,1945,12,0,41,165231.48,149747,343,80,0,0
1104300,1,71,1946,12,0,41,165231.48,149747,343,80,0,0
1104410,1,71,1946,0,0,41,165231.48,149747,343,80,0,0
1104410,1,71,1946,0,0,41,165231.48,149747,343,80,0,0
1104656,1,71,1897,0,0,41,165231.48,149747,343,80,0,0
1104757,1,70,1926,0,0,41,165231.48,149747,343,80,0,0
1104859,1,70,1925,0,0,41,165232.50,149747,343,80,0,0
1104922,1,70,1925,0,0,41,165232.50,149747,343,80,0,0
1105131,1,70,1893,0,0,41,165232.50,149747,343,80,0,0
1105244,1,70,1893,0,0,41,165232.50,149747,343,80,0,0
1105359,1,70,1891,0,0,41,165232.50,149747,343,80,0,0
1105438,1,70,1891,0,0,41,165232.50,149747,343,80,0,0
1105603,1,70,1893,0,0,41,165232.50,149747,343,80,0,0
1105709,1,70,1900,0,0,41,165232.50,149747,343,80,0,0
1105831,1,69,1917,0,0,41,165232.50,149747,343,80,0,0
1105859,1,69,1913,0,0,41,165232.50,149747,343,80,0,0
1106049,1,69,1902,0,0,41,165232.50,149747,343,80,0,0
1106194,1,69,1885,0,0,41,165232.50,149747,343,80,0,0
1106309,1,69,1868,0,0,41,165232.50,149747,343,80,0,0
1106411,1,68,1884,0,0,41,165232.50,149747,343,80,0,0
1106556,1,68,1870,0,0,41,165232.50,149747,343,80,0,0
1106676,1,68,1879,0,0,41,165232.50,149747,343,80,0,0
1106800,1,68,1837,0,0,41,165232.50,149747,343,80,0,0
1106859,1,68,1856,0,0,41,165232.50,149747,343,80,0,0
1107038,1,68,1824,0,0,41,165232.50,149747,343,80,0,0
1107156,1,67,1824,0,0,41,165232.50,149747,343,80,0,0
1107257,1,67,1824,0,0,41,165232.50,149747,343,80,0,0
1107359,1,67,1824,0,0,41,165232.50,149747,343,80,0,0
1107398,1,67,1824,0,0,41,165232.50,149747,343,80,0,0
1107631,1,67,1824,2,0,41,165232.50,149747,343,80,0,0
1107757,1,67,1824,8,0,41,165232.50,149747,343,80,0,0
1107859,1,67,1854,10,0,41,165232.50,149747,343,80,0,0
1107896,1,67,1854,10,0,41,165232.50,149747,343,80,0,0
1108109,1,67,1810,15,0,41,165232.50,149747,343,80,0,0
1108209,1,66,1837,18,0,41,165232.50,149747,343,80,0,0
1108344,1,66,1810,20,0,41,165232.50,149747,343,80,0,0
1108422,1,66,1810,21,0,41,165232.50,149747,343,80,0,0
1108556,1,66,1818,21,0,41,165232.50,149747,343,80,0,0
1108694,1,66,1795,22,0,41,165232.50,149747,343,80,0,0
1108809,1,66,1795,22,0,41,165232.50,149747,343,80,0,0
1108894,1,66,1796,22,0,41,165232.50,149747,343,80,0,0
1109050,1,66,1798,22,0,41,165232.50,149747,343,80,0,0
1109156,1,66,1800,22,0,41,165232.50,149747,343,80,0,0
1109267,1,66,1802,22,0,41,165233.50,149747,343,80,0,0
1109394,1,66,1802,22,0,41,165233.50,149747,343,80,0,0
1109428,1,66,1802,22,0,41,165233.50,149747,343,80,0,0
1109644,1,65,1803,22,0,41,165233.50,149747,346,80,0,0
1109757,1,65,1771,21,0,41,165233.50,149747,346,80,0,0
1109859,1,65,1772,21,0,41,165233.50,149747,346,80,0,0
1109913,1,65,1772,21,0,41,165233.50,149747,346,80,0,0
1110109,1,65,1771,21,0,41,165233.50,149747,346,80,0,0
1110209,1,65,1771,21,0,41,165233.50,149747,346,80,0,0
1110344,1,65,1770,21,0,41,165233.50,149747,346,80,0,0
1110411,1,65,1770,21,0,41,165233.50,149747,346,80,0,0
1110556,1,65,1770,21,0,41,165233.50,149747,346,80,0,0
1110694,1,65,1770,21,0,41,165233.50,149747,346,80,0,0
1110810,1,65,1769,21,0,41,165233.50,149747,346,80,0,0
1110931,1,65,1770,21,0,41,165233.50,149747,346,80,0,0
1111061,1,65,1769,21,0,41,165233.50,149747,346,80,0,0
1111194,1,65,1769,21,0,41,165234.52,149747,346,80,0,0
1111310,1,65,1760,23,0,41,165234.52,149747,346,80,0,0
1111426,1,64,1790,23,0,41,165234.52,149747,346,80,0,0
1111449,1,64,1788,23,0,41,165234.52,149747,346,80,0,0
1111676,1,64,1788,24,0,41,165234.52,149747,346,80,0,0
1111799,1,64,1761,24,0,41,165234.52,149747,346,80,0,0
1111911,1,64,1732,24,0,41,165234.52,149747,346,80,0,0
1111933,1,64,1732,24,0,41,165234.52,149747,346,80,0,0
1112156,1,64,1735,33,0,41,165234.52,149747,346,80,0,0
1112257,1,64,1738,41,0,41,165234.52,149747,346,80,0,0
1112394,1,64,1791,50,0,41,165234.52,149747,346,80,0,0
1112427,1,64,1791,53,0,41,165234.52,149747,346,80,0,0
1112644,1,64,1755,54,0,41,165234.52,149747,346,80,0,0
1112757,1,64,1752,56,0,41,165234.52,149747,346,80,0,0
1112859,1,64,1746,65,0,41,165235.55,149747,346,80,0,0
1112913,1,64,1746,75,0,41,165235.55,149747,346,80,0,0
1113109,1,64,1751,79,0,41,165235.55,149747,346,80,0,0
1113209,1,64,1751,79,0,41,165235.55,149747,346,80,0,0
1113331,1,64,1728,79,0,41,165235.55,149747,346,80,0,0
1113445,1,64,1762,79,0,41,165235.55,149747,346,80,0,0
1113573,1,64,1762,79,0,41,165235.55,149747,346,80,0,0
1113694,1,64,1766,79,0,41,165235.55,149747,346,80,0,0
1113809,1,65,1766,79,0,41,165236.61,149747,346,80,0,0
1113910,1,65,1762,79,0,41,165236.61,149747,346,80,0,0
1114059,1,65,1790,79,0,41,165236.61,149747,346,80,0,0
1114176,1,65,1790,89,0,41,165236.61,149747,346,80,0,0
1114294,1,65,1798,100,0,41,165236.61,149747,346,80,0,0
1114410,1,65,1766,133,0,41,165236.61,149747,346,80,0,0
1114444,1,65,1780,133,0,41,165236.61,149747,346,80,0,0
1114656,1,65,1803,133,0,41,165237.62,149747,346,80,0,0
1114757,1,66,1805,142,0,41,165237.62,149747,346,80,0,0
1114895,1,66,1797,142,0,41,165237.62,149747,346,80,0,0
1114926,1,66,1797,142,0,41,165237.62,149747,346,80,0,0
1115131,1,67,1847,142,0,41,165237.62,149747,346,80,0,0
1115244,1,67,1843,142,0,41,165238.69,149747,346,80,0,0
1115359,1,67,1854,142,0,41,165238.69,149747,346,80,0,0
1115435,1,67,1854,142,0,41,165238.69,149747,346,80,0,0
1115571,1,67,1827,142,0,41,165238.69,149747,346,80,0,0
1115709,1,68,1865,142,0,41,165239.75,149747,346,80,0,0
1115831,1,68,1868,142,0,41,165239.75,149747,346,80,0,0
1115944,1,68,1879,142,0,41,165239.75,149747,346,80,0,0
1116084,1,68,1879,142,0,41,165239.75,149747,346,80,0,0
1116194,1,69,1909,142,0,41,165240.84,149747,346,80,0,0
1116309,1,69,1908,140,0,41,165240.84,149747,346,80,0,0
1116435,1,69,1909,137,0,41,165240.84,149747,346,80,0,0
1116571,1,69,1909,137,0,41,165240.84,149747,346,80,0,0
1116676,1,70,1938,129,0,41,165241.95,149747,346,80,0,0
1116809,1,70,1901,97,0,41,165241.95,149747,346,80,0,0
1116926,1,70,1942,85,0,41,165241.95,149747,346,80,0,0
1117057,1,70,1888,85,0,41,165241.95,149747,346,80,0,0
1117176,1,70,1914,45,0,41,165242.97,149747,346,80,0,0
1117299,1,70,1911,33,0,41,165242.97,149747,346,80,0,0
1117410,1,70,1899,33,0,41,165242.97,149747,346,80,0,0
1117436,1,70,1899,33,0,41,165242.97,149747,346,80,0,0
1117676,1,70,1943,33,0,41,165242.97,149747,346,80,0,0
1117757,1,70,1914,33,0,41,165242.97,149747,346,80,0,0
1117894,1,70,1915,32,0,41,165242.97,149747,346,80,0,0
1117929,1,70,1915,32,0,41,165242.97,149747,346,80,0,0
1118144,1,70,1889,32,0,41,165242.97,149747,346,80,0,0
1118262,1,70,1889,32,0,41,165242.97,149747,346,80,0,0
1118358,1,70,1891,32,0,41,165242.97,149747,346,80,0,0
1118456,1,70,1891,32,0,41,165242.97,149747,346,80,0,0
1118456,1,70,1891,32,0,41,165242.97,149747,346,80,0,0
1118709,1,70,1892,32,0,41,165244.00,149747,346,80,0,0
1118844,1,69,1896,33,0,41,165244.00,149747,346,80,0,0
1118944,1,69,1896,38,0,41,165244.00,149747,346,80,0,0
1119082,1,69,1896,38,0,41,165244.00,149747,346,80,0,0
1119209,1,69,1903,38,0,41,165244.00,149747,346,80,0,0
1119330,1,69,1905,38,0,41,165244.00,149747,346,80,0,0
1119430,1,69,1908,38,0,41,165244.00,149747,346,80,0,0
1119569,1,69,1912,38,0,41,165244.00,149747,346,80,0,0
1119693,1,69,1906,38,0,41,165244.00,149747,346,80,0,0
1119809,1,69,1904,39,0,41,165244.00,149747,346,80,0,0
1119929,1,69,1903,40,0,41,165244.00,149747,346,80,0,0
1119973,1,69,1901,40,0,41,165245.02,149747,346,80,0,0
1120155,1,69,1869,42,0,41,165245.02,149747,346,80,0,0
1120260,1,69,1872,42,0,41,165245.02,149747,346,80,0,0
1120394,1,69,1910,42,0,41,165245.02,149747,346,80,0,0
1120457,1,69,1880,43,0,41,165245.02,149747,346,80,0,0
1120630,1,69,1881,55,0,41,165245.02,149747,346,80,0,0
1120744,1,69,1897,65,0,41,165245.02,149747,346,80,0,0
1120858,1,69,1880,71,0,42,165245.02,149747,346,80,0,0
1120930,1,69,1912,74,0,42,165245.02,149747,346,80,0,0
1121094,1,69,1902,74,0,42,165245.02,149747,346,80,0,0
1121209,1,69,1916,80,0,42,165246.09,149747,346,80,0,0
1121343,1,69,1890,83,0,42,165246.09,149747,346,80,0,0
1121458,1,69,1895,83,0,42,165246.09,149747,346,80,0,0
1121568,1,69,1895,83,0,42,165246.09,149747,346,80,0,0
1121709,1,69,1912,88,0,42,165246.09,149747,346,80,0,0
1121809,1,70,1913,90,0,42,165246.09,149747,346,80,0,0
1121930,1,70,1908,92,0,42,165247.14,149747,346,80,0,0
1121930,1,70,1908,92,0,42,165247.14,149747,346,80,0,0
1122175,1,70,1900,92,0,42,165247.14,149747,346,80,0,0
1122299,1,70,1908,93,0,42,165247.14,149747,346,81,0,0
1122410,1,70,1914,93,0,42,165247.14,149747,346,81,0,0
1122430,1,70,1914,93,0,42,165247.14,149747,346,81,0,0
1122655,1,70,1944,93,0,42,165248.20,149747,346,81,0,0
1122756,1,70,1943,92,0,42,165248.20,149747,346,81,0,0
1122893,1,71,1940,86,0,42,165248.20,149747,346,81,0,0
1122972,1,71,1933,80,0,42,165248.20,149747,346,81,0,0
1123122,1,71,1946,78,0,42,165248.20,149747,346,81,0,0
1123244,1,71,1942,78,0,42,165249.25,149747,346,81,0,0
1123358,1,71,1939,78,0,42,165249.25,149747,346,81,0,0
1123456,1,71,1942,74,0,42,165249.25,149747,346,81,0,0
1123456,1,71,1942,74,0,42,165249.25,149747,346,81,0,0
1123709,1,71,1928,58,0,42,165249.25,149747,346,81,0,0
1123830,1,71,1949,58,0,42,165249.25,149747,346,81,0,0
1123951,1,71,1924,58,0,42,165249.25,149747,346,81,0,0
1124079,1,71,1924,58,0,42,165249.25,149747,346,81,0,0
1124193,1,71,1936,57,0,42,165250.30,149747,346,81,0,0
1124309,1,71,1940,57,0,42,165250.30,149747,346,81,0,0
1124430,1,71,1944,57,0,42,165250.30,149747,346,81,0,0
1124456,1,71,1945,57,0,42,165250.30,149747,346,81,0,0
1124655,1,71,1946,54,0,42,165250.30,149747,346,81,0,0
1124757,1,71,1938,54,0,42,165250.30,149747,346,81,0,0
1124894,1,71,1935,54,0,42,165250.30,149747,346,81,0,0
1124930,1,71,1935,54,0,42,165250.30,149747,346,81,0,0
1125130,1,71,1936,41,0,42,165250.30,149747,346,81,0,0
1125244,1,71,1921,32,0,42,165251.31,149747,346,81,0,0
1125358,1,71,1948,30,0,42,165251.31,149747,346,81,0,0
1125455,1,71,1948,30,0,42,165251.31,149747,346,81,0,0
1125593,1,71,1943,30,0,42,165251.31,149747,346,81,0,0
1125709,1,71,1946,30,0,42,165251.31,149747,346,81,0,0
1125844,1,71,1926,30,0,42,165251.31,149747,346,81,0,0
1125943,1,71,1928,30,0,42,165251.31,149747,346,81,0,0
1126077,1,71,1928,30,0,42,165251.31,149747,346,81,0,0
1126193,1,70,1929,34,0,42,165251.31,149747,346,81,0,0
1126309,1,70,1932,41,0,42,165251.31,149747,346,81,0,0
1126435,1,70,1940,45,0,42,165251.31,149747,346,81,0,0
1126457,1,70,1945,45,0,42,165251.31,149747,346,81,0,0
1126675,1,70,1931,50,0,42,165252.33,149747,346,81,0,0
1126793,1,70,1945,50,0,42,165252.33,149747,346,81,0,0
1126910,1,70,1924,51,0,42,165252.33,149747,346,81,0,0
1126933,1,70,1924,51,0,42,165252.33,149747,346,81,0,0
1127144,1,70,1929,52,0,42,165252.33,149747,346,81,0,0
1127257,1,70,1924,53,0,42,165252.33,149747,346,81,0,0
1127358,1,70,1922,53,0,42,165252.33,149747,346,81,0,0
1127452,1,70,1922,59,0,42,165252.33,149747,346,81,0,0
1127615,1,70,1927,79,0,42,165252.33,149747,346,81,0,0
1127730,1,70,1931,84,0,42,165253.38,149747,346,81,0,0
1127844,1,71,1926,87,0,42,165253.38,149747,346,81,0,0
1127955,1,71,1944,89,0,42,165253.38,149747,346,81,0,0
1128102,1,71,1944,89,0,42,165253.38,149747,346,81,0,0
1128209,1,71,1940,91,0,42,165253.38,149747,346,81,0,0
1128330,1,71,1981,93,0,42,165253.38,149747,346,81,0,0
1128430,1,71,1953,93,0,42,165254.45,149747,346,81,0,0
1128563,1,71,1957,93,0,42,165254.45,149747,346,81,0,0
1128693,1,72,1953,93,0,42,165254.45,149747,346,81,0,0
1128809,1,72,1974,93,0,42,165254.45,149747,346,81,0,0
1128930,1,72,1970,93,0,42,165254.45,149747,346,81,0,0
1128971,1,72,1966,93,0,42,165255.45,149747,346,81,0,0
1129175,1,72,1957,74,0,42,165255.45,149747,346,81,0,0
1129299,1,72,1983,71,0,42,165255.45,149747,346,81,0,0
1129410,1,72,1969,71,0,42,165255.45,149747,346,81,0,0
1129444,1,72,1969,71,0,42,165255.45,149747,346,81,0,0
1129655,1,72,2004,71,0,42,165255.45,149747,346,81,0,0
1129757,1,73,2003,71,0,42,165256.50,149747,346,81,0,0
1129858,1,73,2003,69,0,42,165256.50,149747,346,81,0,0
1129955,1,73,2004,69,0,42,165256.50,149747,346,81,0,0
1130109,1,73,2004,60,0,42,165256.50,149747,346,81,0,0
1130244,1,73,2009,49,0,42,165256.50,149747,346,81,0,0
1130358,1,73,1994,48,0,42,165256.50,149747,346,81,0,0
1130455,1,73,1986,48,0,42,165256.50,149747,346,81,0,0
1130594,1,73,2012,48,0,42,165256.50,149747,346,81,0,0
1130730,1,73,2013,48,0,42,165256.50,149747,346,81,0,0
1130844,1,73,1998,48,0,42,165257.50,149747,346,81,0,0
1130944,1,73,2001,48,0,42,165257.50,149747,346,81,0,0
1131074,1,73,2001,48,0,42,165257.50,149747,346,81,0,0
1131209,1,73,2003,48,0,42,165257.50,149747,346,81,0,0
1131330,1,73,2002,48,0,42,165257.50,149747,346,81,0,0
1131434,1,73,1998,48,0,42,165257.50,149748,346,81,0,0
1131561,1,73,1996,48,0,42,165257.50,149748,346,81,0,0
1131694,1,73,1993,48,0,42,165257.50,149748,346,81,0,0
1131809,1,73,1992,48,0,42,165257.50,149748,346,81,0,0
1131930,1,73,1989,48,0,42,165258.50,149748,346,81,0,0
1132074,1,73,1988,48,0,42,165258.50,149748,346,82,0,0
1132209,1,73,1994,50,0,42,165258.50,149748,346,82,0,0
1132330,1,73,1999,50,0,42,165258.50,149748,346,82,0,0
1132446,1,73,1999,51,0,42,165258.50,149748,346,82,0,0
1132586,1,73,1999,51,0,42,165258.50,149748,346,82,0,0
1132709,1,73,2001,57,0,42,165258.50,149748,346,82,0,0
1132809,1,73,2017,57,0,42,165258.50,149748,346,82,0,0
1132930,1,74,1987,57,0,42,165258.50,149748,346,82,0,0
1133073,1,74,1988,57,0,42,165258.50,149748,346,82,0,0
1133175,1,74,1988,57,0,42,165259.55,149748,346,82,0,0
1133309,1,74,1988,57,0,42,165259.55,149748,346,82,0,0
1133425,1,74,2020,57,0,42,165259.55,149748,346,82,0,0
1133455,1,74,2020,57,0,42,165259.55,149748,346,82,0,0
1133655,1,74,2022,57,0,42,165259.55,149748,346,82,0,0
1133757,1,74,2020,57,0,42,165259.55,149748,346,82,0,0
1133858,1,74,2027,57,0,42,165259.55,149748,346,82,0,0
1133925,1,74,2027,51,0,42,165259.55,149748,346,82,0,0
1134115,1,74,2031,41,0,42,165259.55,149748,346,82,0,0
1134243,1,74,2018,35,0,42,165260.56,149748,346,82,0,0
1134358,1,74,2028,28,0,42,165260.56,149748,346,82,0,0
1134434,1,74,2028,15,0,42,165260.56,149748,346,82,0,0
1134594,1,74,2022,15,0,42,165260.56,149748,346,82,0,0
1134709,1,74,2028,3,0,42,165260.56,149748,346,82,0,0
1134830,1,74,2020,3,0,42,165260.56,149748,346,82,0,0
1134932,1,74,2019,3,0,42,165260.56,149748,346,82,0,0
1135072,1,74,2017,3,0,42,165260.56,149748,346,82,0,0
1135194,1,74,2017,3,0,42,165260.56,149748,346,82,0,0
1135309,1,74,2017,1,0,42,165260.56,149748,346,82,0,0
1135435,1,74,1985,1,0,42,165260.56,149748,346,82,0,0
1135559,1,74,2017,1,0,42,165260.56,149748,346,82,0,0
1135694,1,74,2017,0,0,42,165260.56,149748,346,82,0,0
1135809,1,74,2016,0,0,42,165260.56,149748,346,82,0,0
1135925,1,74,2044,0,0,42,165260.56,149748,346,82,0,0
1135925,1,74,2044,0,0,42,165260.56,149748,346,82,0,0
1136175,1,74,2013,0,0,42,165260.56,149748,346,82,0,0
1136299,1,74,2014,0,0,42,165261.58,149748,346,82,0,0
1136410,1,74,2020,0,0,42,165261.58,149748,346,82,0,0
1136455,1,73,1998,0,0,42,165261.58,149748,346,82,0,0
1136655,1,73,1992,0,0,42,165261.58,149748,346,82,0,0
1136757,1,73,1984,0,0,42,165261.58,149748,346,82,0,0
1136858,1,73,2011,0,0,42,165261.58,149748,346,82,0,0
1136931,1,73,2011,0,0,42,165261.58,149748,346,82,0,0
1137113,1,73,1999,0,0,42,165261.58,149748,346,82,0,0
1137230,1,73,2011,0,0,42,165261.58,149748,346,82,0,0
1137344,1,73,1999,0,0,42,165261.58,149748,346,82,0,0
1137430,1,73,1999,0,0,42,165261.58,149748,346,82,0,0
1137583,1,73,2011,0,0,42,165261.58,149748,346,82,0,0
1137709,1,73,1999,0,0,42,165261.58,149748,346,82,0,0
1137830,1,73,1984,0,0,42,165261.58,149748,346,82,0,0
1137944,1,72,1952,0,0,42,165261.58,149748,346,82,0,0
1137955,1,72,1952,0,0,42,165261.58,149748,346,82,0,0
1138175,1,72,1952,0,0,42,165261.58,149748,346,82,0,0
1138299,1,72,1952,0,0,42,165261.58,149748,346,82,0,0
1138409,1,72,1952,0,0,42,165261.58,149748,346,82,0,0
1138436,1,72,1952,0,0,42,165261.58,149748,346,82,0,0
1138644,1,72,1952,0,0,42,165261.58,149748,346,82,0,0
1138756,1,72,1952,0,0,42,165261.58,149748,346,82,0,0
1138858,1,72,1952,0,0,42,165261.58,149748,346,82,0,0
1138955,1,72,1952,0,0,42,165261.58,149748,346,82,0,0
1139109,1,72,1952,0,0,42,165261.58,149748,346,82,0,0
1139244,1,72,1952,0,0,42,165261.58,149748,346,82,0,0
1139358,1,72,1952,0,0,42,165261.58,149748,346,82,0,0
1139455,1,72,1952,0,0,42,165261.58,149748,349,82,0,0
1139594,1,72,1952,0,0,42,165261.58,149748,349,82,0,0
1139709,1,72,1952,0,0,42,165261.58,149748,349,82,0,0
1139830,1,72,1952,0,0,42,165261.58,149748,349,83,0,0
1139931,1,71,1952,0,0,42,165261.58,149748,349,83,0,0
1140069,1,71,1952,0,0,42,165261.58,149748,349,83,0,0
1140194,1,72,1952,0,0,42,165261.58,149748,349,83,0,0
1140309,1,71,1952,0,0,42,165261.58,149748,349,83,0,0
1140430,1,71,1952,0,0,42,165261.58,149748,349,83,0,0
1140556,1,71,1920,0,0,42,165261.58,149748,349,83,0,0
1140675,1,71,1920,0,0,42,165261.58,149748,349,83,0,0
1140809,1,71,1920,0,0,42,165261.58,149748,349,83,0,0
1140925,1,71,1920,0,0,42,165261.58,149748,349,83,0,0
1140955,1,71,1920,0,0,42,165261.58,149748,349,83,0,0
1141155,1,71,1920,0,0,42,165261.58,149748,349,83,0,0
1141273,1,71,1920,0,0,42,165261.58,149748,349,83,0,0
1141394,1,71,1920,1,0,42,165261.58,149748,349,83,0,0
1141446,1,71,1935,1,0,42,165261.58,149748,349,83,0,0
1141632,1,71,1926,1,0,42,165261.58,149748,349,83,0,0
1141744,1,71,1938,1,0,42,165261.58,149748,349,83,0,0
1141858,1,71,1941,1,0,42,165261.58,149748,349,83,0,0
1141955,1,71,1929,1,0,42,165261.58,149748,349,83,0,0
1142093,1,71,1929,1,0,42,165261.58,149748,349,83,0,0
1142209,1,71,1923,1,0,42,165261.58,149748,349,83,0,0
1142330,1,71,1923,1,0,42,165261.58,149748,349,83,0,0
1142455,1,71,1924,1,0,42,165261.58,149748,349,83,0,0
1142580,1,71,1924,1,0,42,165261.58,149748,349,83,0,0
1142709,1,71,1924,0,0,42,165261.58,149748,349,83,0,0
1142830,1,71,1924,0,0,42,165261.58,149748,349,83,0,0
1142944,1,71,1924,0,0,42,165261.58,149748,349,83,0,0
1142955,1,71,1924,0,0,42,165261.58,149748,349,83,0,0
1143194,1,71,1922,0,0,42,165261.58,149748,349,83,0,0
1143308,1,71,1948,0,0,42,165261.58,149748,349,83,0,0
1143434,1,71,1932,0,0,42,165261.58,149748,349,83,0,0
1143434,1,71,1932,0,0,42,165261.58,149748,349,83,0,0
1143656,1,71,1932,9,0,42,165262.58,149748,349,83,0,0
1143757,1,71,1934,12,0,42,165262.58,149748,349,83,0,0
1143894,1,71,1929,13,0,42,165262.58,149748,349,83,0,0
1143955,1,71,1935,18,0,42,165262.58,149748,349,83,0,0
1144136,1,71,1949,28,0,42,165262.58,149748,349,83,0,0
1144244,1,71,1937,30,0,42,165262.58,149748,349,83,0,0
1144358,1,71,1923,30,0,42,165262.58,149748,349,83,0,0
1144455,1,71,1928,30,0,42,165262.58,149748,349,83,0,0
1144609,1,71,1928,31,0,42,165262.58,149748,349,83,0,0
1144730,1,71,1924,31,0,42,165262.58,149748,349,83,0,0
1144858,1,71,1928,31,0,42,165262.58,149748,349,83,0,0
1144955,1,71,1931,31,0,42,165262.58,149748,349,83,0,0
1145094,1,71,1932,31,0,42,165262.58,149748,349,83,0,0
1145209,1,71,1932,31,0,42,165262.58,149748,349,83,0,0
1145344,1,71,1964,31,0,42,165263.59,149748,349,83,0,0
1145455,1,71,1964,31,0,42,165263.59,149748,349,83,0,0
1145604,1,71,1964,31,0,42,165263.59,149748,349,83,0,0
1145709,1,72,1964,31,0,42,165263.59,149748,349,83,0,0
1145830,1,72,1964,31,0,42,165263.59,149748,349,83,0,0
1145955,1,72,1964,31,0,42,165263.59,149748,349,83,0,0
1146090,1,72,1964,31,0,42,165263.59,149748,349,83,0,0
1146209,1,72,1953,31,0,42,165263.59,149748,349,83,0,0
1146309,1,72,1954,31,0,42,165263.59,149748,349,83,0,0
1146446,1,72,1953,31,0,42,165263.59,149748,349,83,0,0
1146455,1,72,1953,31,0,42,165263.59,149748,349,83,0,0
1146675,1,72,1981,31,0,42,165263.59,149748,349,83,0,0
1146799,1,72,1980,31,0,42,165263.59,149748,349,83,0,0
1146910,1,72,1980,31,0,42,165264.61,149748,349,83,0,0
1146944,1,72,1980,31,0,42,165264.61,149748,349,83,0,0
1147144,1,72,1953,31,0,42,165264.61,149748,349,83,0,0
1147257,1,72,1955,31,0,42,165264.61,149748,349,83,0,0
1147358,1,72,1956,31,0,42,165264.61,149748,349,83,0,0
1147455,1,72,1988,31,0,42,165264.61,149748,349,83,0,0
1147609,1,72,1956,31,0,42,165264.61,149748,349,83,0,0
1147744,1,73,2012,31,0,42,165264.61,149748,349,83,0,0
1147858,1,73,2012,31,0,42,165264.61,149748,349,83,0,0
1147944,1,73,2011,31,0,42,165264.61,149748,349,83,0,0
1148094,1,73,2009,31,0,42,165264.61,149748,349,83,0,0
1148230,1,73,2013,31,0,42,165264.61,149748,349,83,0,0
1148344,1,73,1986,31,0,42,165265.62,149748,349,83,0,0
1148455,1,73,1988,31,0,42,165265.62,149748,349,83,0,0
1148609,1,73,1988,31,0,42,165265.62,149748,349,83,0,0
1148730,1,73,1988,31,0,42,165265.62,149748,349,83,0,0
1148844,1,73,1988,31,0,42,165265.62,149748,349,83,0,0
1148955,1,73,1988,31,0,42,165265.62,149748,349,83,0,0
1149094,1,73,1988,31,0,42,165265.62,149748,349,83,0,0
1149209,1,73,1988,31,0,42,165265.62,149748,349,83,0,0
1149330,1,73,1989,31,0,42,165265.62,149748,349,83,0,0
1149455,1,73,1989,31,0,42,165265.62,149748,349,83,0,0
1149455,1,73,1989,31,0,42,165265.62,149748,349,83,0,0
1149709,1,73,1990,31,0,42,165265.62,149748,349,83,0,0
1149830,1,74,1986,31,0,42,165265.62,149748,349,83,0,0
1149930,1,74,1984,31,0,42,165266.62,149748,349,83,0,0
1149969,1,74,2047,31,0,42,165266.62,149748,349,83,0,0
1150175,1,74,2045,31,0,42,165266.62,149748,349,83,0,0
1150299,1,74,2016,31,0,42,165266.62,149748,349,83,0,0
1150412,1,74,2017,32,0,42,165266.62,149748,349,83,0,0
1150455,1,74,2018,32,0,42,165266.62,149748,349,83,0,0
1150652,1,74,2017,34,0,42,165266.62,149748,349,83,0,0
1150757,1,74,2022,34,0,42,165266.62,149748,349,83,0,0
1150857,1,74,2026,36,0,42,165266.62,149748,349,83,0,0
1151004,1,74,2028,37,0,42,165266.62,149748,349,83,0,0
1151113,1,74,2028,41,0,42,165266.62,149748,349,83,0,0
1151244,1,74,2028,47,0,42,165266.62,149748,349,83,0,0
1151357,1,75,2045,51,0,42,165266.62,149748,349,83,0,0
1151455,1,75,2074,57,0,42,165267.67,149748,349,83,0,0
1151609,1,75,2042,67,0,42,165267.67,149748,349,83,0,0
1151729,1,75,2068,72,0,42,165267.67,149748,349,83,0,0
1151844,1,75,2074,78,0,42,165267.67,149748,349,83,0,0
1151955,1,75,2067,82,0,42,165267.67,149748,349,83,0,0
1152094,1,75,2054,87,0,42,165267.67,149748,349,83,0,0
1152209,1,76,2073,93,0,42,165267.67,149748,349,83,0,0
1152329,1,76,2056,93,0,42,165268.75,149748,349,83,0,0
1152455,1,76,2103,99,0,42,165268.75,149748,349,83,0,0
1152455,1,76,2103,99,0,42,165268.75,149748,349,83,0,0
1152709,1,77,2085,105,0,42,165268.75,149748,349,83,0,0
1152829,1,77,2099,107,0,42,165268.75,149748,349,83,0,0
1152929,1,77,2081,108,0,42,165268.75,149748,349,83,0,0
1152967,1,77,2123,108,0,42,165269.81,149748,349,83,0,0
1153175,1,78,2139,108,0,42,165269.81,149748,349,83,0,0
1153294,1,78,2115,110,0,42,165269.81,149748,349,83,0,0
1153412,1,78,2156,110,0,42,165269.81,149748,349,83,0,0
1153445,1,78,2163,110,0,42,165269.81,149748,349,83,0,0
1153644,1,79,2174,99,0,42,165270.92,149748,349,83,0,0
1153757,1,79,2172,92,0,42,165270.92,149748,349,83,0,0
1153857,1,79,2154,83,0,42,165270.92,149748,349,83,0,0
1153944,1,79,2144,75,0,42,165270.92,149748,349,83,0,0
1154094,1,79,2155,75,0,42,165270.92,149748,349,83,0,0
1154229,1,80,2167,44,0,42,165271.94,149748,349,83,0,0
1154357,1,80,2170,43,0,42,165271.94,149748,349,83,0,0
1154455,1,80,2180,43,0,42,165271.94,149748,349,83,0,0
1154598,1,80,2180,43,0,42,165271.94,149748,349,83,0,0
1154729,1,80,2207,43,0,42,165271.94,149748,349,83,0,0
1154844,1,80,2184,43,0,42,165271.94,149748,349,83,0,0
1154959,1,80,2184,43,0,42,165271.94,149748,349,83,0,0
1154959,1,80,2184,43,0,42,165271.94,149748,349,83,0,0
1155209,1,80,2180,43,0,42,165271.94,149748,349,83,0,0
1155329,1,80,2181,43,0,42,165271.94,149748,349,83,0,0
1155434,1,80,2181,43,0,42,165271.94,149748,349,83,0,0
1155572,1,80,2181,43,0,42,165272.95,149748,349,83,0,0
1155709,1,80,2180,43,0,42,165272.95,149748,349,83,0,0
1155809,1,80,2185,43,0,42,165272.95,149748,349,83,0,0
1155944,1,81,2189,43,0,42,165272.95,149748,349,83,0,0
1155954,1,81,2189,43,0,42,165272.95,149748,349,83,0,0
1156175,1,81,2222,43,0,42,165272.95,149748,349,83,0,0
1156294,1,81,2222,43,0,42,165272.95,149748,349,83,0,0
1156412,1,81,2222,43,0,42,165272.95,149748,349,83,0,0
1156445,1,81,2223,43,0,42,165272.95,149748,349,83,0,0
1156648,1,81,2225,43,0,42,165272.95,149748,349,83,0,0
1156757,1,81,2224,43,0,42,165272.95,149748,349,83,0,0
1156857,1,81,2223,43,0,42,165274.00,149748,349,83,0,0
1156998,1,81,2223,43,0,42,165274.00,149748,349,83,0,0
1157109,1,81,2223,43,0,42,165274.00,149748,349,83,0,0
1157244,1,81,2216,43,0,42,165274.00,149748,349,83,0,0
1157357,1,81,2216,43,0,42,165274.00,149748,349,83,0,0
1157455,1,81,2220,43,0,42,165274.00,149748,349,83,0,0
1157596,1,81,2220,43,0,42,165274.00,149748,349,83,0,0
1157729,1,82,2225,43,0,42,165274.00,149748,349,83,0,0
1157844,1,82,2227,43,0,42,165274.00,149748,349,83,0,0
1157957,1,82,2227,43,0,42,165274.00,149748,349,83,0,0
1158002,1,82,2227,43,0,42,165275.02,149748,349,83,0,0
1158209,1,82,2259,43,0,42,165275.02,149748,349,83,0,0
1158329,1,82,2257,43,0,42,165275.02,149748,349,83,0,0
1158455,1,82,2257,43,0,42,165275.02,149748,349,83,0,0
1158455,1,82,2257,43,0,42,165275.02,149748,349,83,0,0
1158709,1,82,2255,43,0,42,165275.02,149748,349,83,0,0
1158829,1,82,2251,43,0,42,165275.02,149748,349,83,0,0
1158944,1,82,2257,41,0,42,165275.02,149748,349,83,0,0
1159082,1,82,2257,41,0,42,165275.02,149748,349,83,0,0
1159209,1,82,2259,38,0,42,165275.02,149748,349,83,0,0
1159329,1,82,2250,38,0,42,165276.03,149748,349,83,0,0
1159445,1,82,2244,38,0,42,165276.03,149748,349,83,0,0
1159454,1,82,2244,38,0,42,165276.03,149748,349,83,0,0
1159694,1,82,2242,38,0,42,165276.03,149748,349,83,0,0
1159810,1,83,2241,38,0,42,165276.03,149748,349,83,0,0
1159929,1,83,2248,38,0,42,165276.03,149748,349,83,0,0
1159956,1,83,2249,38,0,42,165276.03,149748,349,83,0,0
1160174,1,83,2250,38,0,42,165276.03,149748,349,83,0,0
1160294,1,83,2248,38,0,42,165276.03,149748,349,83,0,0
1160411,1,83,2243,38,0,42,165276.03,149748,349,83,0,0
1160455,1,83,2241,38,0,42,165276.03,149748,349,83,0,0
1160629,1,83,2241,39,0,42,165276.03,149748,349,83,0,0
1160757,1,83,2282,44,0,42,165277.05,149748,349,83,0,0
1160859,1,83,2296,44,0,42,165277.05,149748,349,83,0,0
1160954,1,83,2274,44,0,42,165277.05,149748,349,83,0,0
1161112,1,83,2274,44,0,42,165277.05,149748,349,83,0,0
1161244,1,83,2299,45,0,42,165277.05,149748,349,83,0,0
1161359,1,83,2303,45,0,42,165277.05,149748,349,83,0,0
1161458,1,83,2273,45,0,42,165277.05,149748,349,83,0,0
1161619,1,83,2273,43,0,42,165277.05,149748,349,83,0,0
1161730,1,84,2298,39,0,42,165277.05,149748,349,83,0,0
1161847,1,84,2295,38,0,42,165278.06,149748,349,83,0,0
1161954,1,84,2286,38,0,42,165278.06,149748,349,83,0,0
1162106,1,84,2286,38,0,42,165278.06,149748,349,83,0,0
1162230,1,84,2273,38,0,42,165278.06,149748,349,83,0,0
1162344,1,84,2302,38,0,42,165278.06,149748,349,83,0,0
1162455,1,84,2273,38,0,42,165278.06,149748,349,83,0,0
1162455,1,84,2273,38,0,42,165278.06,149748,349,83,0,0
1162697,1,84,2280,36,0,42,165278.06,149748,349,83,0,0
1162810,1,84,2279,26,0,42,165278.06,149748,349,83,0,0
1162929,1,84,2297,25,0,42,165278.06,149748,349,83,0,0
1162954,1,84,2283,25,0,42,165278.06,149748,349,83,0,0
1163154,1,84,2297,20,0,42,165279.06,149748,349,83,0,0
1163257,1,84,2295,0,0,42,165279.06,149748,349,83,0,0
1163394,1,84,2287,0,0,42,165279.06,149748,349,83,0,0
1163455,1,84,2302,0,0,42,165279.06,149748,349,83,0,0
1163594,1,84,2293,0,0,42,165279.06,149748,349,83,0,0
1163757,1,84,2291,0,0,42,165279.06,149748,349,83,0,0
1163857,1,84,2290,0,0,42,165279.06,149748,349,83,0,0
1163995,1,84,2291,0,0,42,165279.06,149748,349,83,0,0
1164111,1,84,2291,0,0,42,165279.06,149748,349,83,0,0
1164231,1,84,2276,0,0,42,165279.06,149748,349,83,0,0
1164346,1,84,2277,0,6,42,165279.06,149748,349,83,0,0
1164455,1,84,2295,0,14,42,165279.06,149748,349,83,0,0
1164455,1,84,2295,0,14,42,165279.06,149748,349,83,0,0
1164708,1,83,2267,0,30,42,165279.06,149748,349,83,0,0
1164829,1,83,2240,0,32,42,165279.06,149748,349,83,0,0
1164944,1,83,2268,0,32,42,165279.06,149748,349,83,0,0
1164956,1,83,2268,0,36,42,165279.06,149748,349,83,0,0
1165174,1,83,2268,0,44,42,165279.06,149748,349,83,0,0
1165256,1,82,2240,0,46,42,165279.06,149748,349,83,0,0
1165409,1,82,2221,0,44,42,165279.06,149748,349,83,0,0
1165455,1,82,2208,0,48,42,165279.06,149748,349,83,0,0
1165654,1,81,2208,0,46,42,165279.06,149748,349,83,0,0
1165756,1,81,2208,0,2,42,165279.06,149748,349,83,0,0
1165858,1,81,2208,0,8,42,165279.06,149748,349,83,0,0
1165954,1,81,2208,0,20,42,165279.06,149748,349,84,0,0
1166111,1,81,2208,0,20,42,165279.06,149748,349,84,0,0
1166247,1,80,2176,0,22,42,165279.06,149748,349,84,0,0
1166357,1,80,2176,0,32,42,165279.06,149748,349,84,0,0
1166455,1,80,2176,0,32,42,165279.06,149748,349,84,0,0
1166616,1,80,2176,0,32,42,165279.06,149748,349,84,0,0
1166747,1,80,2144,0,34,42,165279.06,149748,349,84,0,0
1166858,1,79,2144,0,34,42,165279.06,149748,349,84,0,0
1166954,1,79,2144,0,30,42,165279.06,149748,349,84,0,0
1166954,1,79,2144,0,30,42,165279.06,149748,349,84,0,0
1167229,1,79,2144,0,18,42,165279.06,149748,349,84,0,0
1167344,1,79,2144,0,14,42,165279.06,149748,349,84,0,0
1167455,1,79,2144,0,0,42,165279.06,149748,349,84,0,0
1167505,1,79,2144,0,0,42,165279.06,149748,349,84,0,0
1167704,1,79,2144,0,0,42,165279.06,149748,349,84,0,0
1167804,1,79,2144,0,0,42,165279.06,149748,349,84,0,0
1167929,1,78,2144,0,0,42,165279.06,149748,349,84,0,0
1167954,1,78,2112,0,0,42,165279.06,149748,349,84,0,0
1168154,1,78,2112,0,0,42,165279.06,149748,349,84,0,0
1168254,1,78,2112,0,0,42,165279.06,149748,349,84,0,0
1168394,1,78,2112,0,0,42,165279.06,149748,349,84,0,0
1168455,1,78,2112,0,0,42,165279.06,149748,349,84,0,0
1168640,1,78,2112,0,0,42,165279.06,149748,349,84,0,0
1168757,1,78,2112,0,0,42,165279.06,149748,349,84,0,0
1168858,1,78,2112,0,0,42,165279.06,149748,349,84,0,0
1168954,1,78,2112,0,0,42,165279.06,149748,349,84,0,0
1169102,1,78,2112,0,0,42,165279.06,149748,349,84,0,0
1169229,1,78,2112,0,0,42,165279.06,149748,349,84,0,0
1169355,1,77,2112,0,0,42,165279.06,149748,349,84,0,0
1169455,1,77,2112,0,0,42,165279.06,149748,352,84,0,0
1169594,1,77,2112,0,0,42,165279.06,149748,352,84,0,0
1169709,1,77,2080,0,0,42,165279.06,149748,352,84,0,0
1169829,1,77,2112,0,0,42,165279.06,149748,352,84,0,0
1169954,1,77,2080,0,0,42,165279.06,149748,352,84,0,0
1170101,1,77,2080,0,0,42,165279.06,149748,352,84,0,0
1170204,1,77,2080,0,0,42,165279.06,149748,352,84,0,0
1170329,1,77,2080,0,0,42,165279.06,149748,352,84,0,0
1170447,1,77,2080,0,0,42,165279.06,149748,352,84,0,0
1170457,1,77,2080,0,0,42,165279.06,149748,352,84,0,0
1170674,1,77,2080,0,0,42,165279.06,149748,352,84,0,0
1170797,1,77,2080,0,0,42,165279.06,149748,352,84,0,0
1170924,1,76,2080,0,0,42,165279.06,149748,352,84,0,0
1171016,1,76,2080,0,0,42,165279.06,149748,352,84,0,0
1171129,1,76,2080,0,0,42,165279.06,149748,352,84,0,0
1171254,1,76,2080,0,0,42,165279.06,149748,352,84,0,0
1171396,1,76,2080,0,0,42,165279.06,149748,352,84,0,0
1171496,1,76,2048,0,0,42,165279.06,149748,352,84,0,0
1171639,1,76,2048,0,0,42,165279.06,149748,352,84,0,0
1171754,1,76,2048,0,0,42,165279.06,149748,352,84,0,0
1171857,1,76,2048,0,0,42,165279.06,149748,352,84,0,0
1171954,1,76,2048,0,0,42,165279.06,149748,352,84,0,0
1171954,1,76,2048,0,0,42,165279.06,149748,352,84,0,0
1172229,1,75,2048,0,0,42,165279.06,149748,352,84,0,0
1172357,1,75,2048,0,0,42,165279.06,149748,352,84,0,0
1172455,1,75,2048,0,0,42,165279.06,149748,352,84,0,0
1172504,1,75,2048,0,0,42,165279.06,149748,352,84,0,0
1172704,1,75,2016,0,0,42,165279.06,149748,352,84,0,0
1172804,1,75,2016,0,0,42,165279.06,149748,352,84,0,0
1172946,1,74,2016,0,0,42,165279.06,149748,352,84,0,0
1172954,1,74,2016,0,0,42,165279.06,149748,352,84,0,0
1173174,1,74,2016,0,0,42,165279.06,149748,352,84,0,0
1173294,1,74,2016,3,0,42,165279.06,149748,352,84,0,0
1173405,1,74,2016,24,0,42,165279.06,149748,352,84,0,0
1173499,1,74,2073,24,0,42,165279.06,149748,352,84,0,0
1173614,1,74,2073,50,0,42,165279.06,149748,352,84,0,0
1173754,1,74,1992,58,0,42,165279.06,149748,352,83,0,0
1173857,1,74,1992,62,0,42,165280.11,149748,352,83,0,0
1173996,1,74,2012,66,0,42,165280.11,149748,352,83,0,0
1174129,1,74,2012,69,0,42,165280.11,149748,352,83,0,0
1174256,1,74,2017,75,0,42,165280.11,149748,352,83,0,0
1174357,1,74,1995,76,0,42,165280.11,149748,352,83,0,0
1174455,1,74,2039,76,0,42,165280.11,149748,352,83,0,0
1174504,1,74,2039,74,0,42,165280.11,149748,352,83,0,0
1174746,1,74,1991,74,0,42,165281.16,149748,352,83,0,0
1174857,1,74,1993,5,0,42,165281.16,149748,352,83,0,0
1174954,1,74,2003,0,0,42,165281.16,149748,352,83,0,0
1174997,1,74,2003,0,0,42,165281.16,149748,352,83,0,0
1175229,1,73,1995,0,0,42,165281.16,149748,352,83,0,0
1175346,1,73,1995,0,0,42,165281.16,149748,352,83,0,0
1175454,1,73,1995,0,0,42,165281.16,149748,352,83,0,0
1175454,1,73,1995,0,0,42,165281.16,149748,352,83,0,0
1175754,1,73,1994,0,0,42,165281.16,149748,352,83,0,0
1175857,1,73,1962,0,0,42,165281.16,149748,352,83,0,0
1175954,1,73,1962,0,0,42,165281.16,149748,352,83,0,0
1176123,1,73,1962,0,0,42,165281.16,149748,352,83,0,0
1176229,1,72,1962,6,0,42,165281.16,149748,352,83,0,0
1176357,1,72,2001,11,0,42,165281.16,149748,352,83,0,0
1176454,1,72,1987,11,0,42,165281.16,149748,352,83,0,0
1176509,1,72,1955,12,0,42,165281.16,149748,352,83,0,0
1176729,1,72,1963,19,0,42,165281.16,149748,352,83,0,0
1176857,1,72,1970,25,0,42,165281.16,149748,352,83,0,0
1176954,1,72,1981,28,0,42,165282.17,149748,352,83,0,0
1177004,1,72,1981,31,0,42,165282.17,149748,352,83,0,0
1177204,1,72,1970,36,0,42,165282.17,149748,352,83,0,0
1177329,1,72,1978,38,0,42,165282.17,149748,352,83,0,0
1177447,1,71,1961,41,0,42,165282.17,149749,352,83,0,0
1177454,1,71,1961,41,0,42,165282.17,149749,352,83,0,0
1177686,1,71,1972,46,0,42,165282.17,149749,352,83,0,0
1177804,1,71,1931,47,0,42,165282.17,149749,352,83,0,0
1177905,1,71,1963,54,0,42,165282.17,149749,352,83,0,0
1177954,1,71,1929,54,0,42,165282.17,149749,352,83,0,0
1178129,1,71,1961,61,0,42,165282.17,149749,352,83,0,0
1178254,1,71,1979,70,0,42,165282.17,149749,352,83,0,0
1178357,1,72,1974,74,0,42,165282.17,149749,352,83,0,0
1178454,1,71,1957,74,0,42,165283.23,149749,352,83,0,0
1178454,1,71,1957,74,0,42,165283.23,149749,352,83,0,0
1178746,1,71,1971,74,0,42,165283.23,149749,352,83,0,0
1178857,1,72,1970,74,0,42,165283.23,149749,352,83,0,0
1178954,1,72,1966,74,0,42,165283.23,149749,352,83,0,0
1179121,1,72,1966,74,0,42,165283.23,149749,352,83,0,0
1179229,1,72,1958,74,0,42,165283.23,149749,352,83,0,0
1179357,1,72,1956,74,0,42,165284.27,149749,352,83,0,0
1179454,1,72,1956,74,0,42,165284.27,149749,352,83,0,0
1179608,1,72,1956,74,0,42,165284.27,149749,352,83,0,0
1179729,1,72,1953,74,0,42,165284.27,149749,352,83,0,0
1179846,1,72,1981,73,0,42,165284.27,149749,352,83,0,0
1179954,1,72,1954,73,0,42,165284.27,149749,352,83,0,0
1179996,1,72,1954,73,0,42,165284.27,149749,352,83,0,0
1180196,1,72,1958,73,0,42,165284.27,149749,352,83,0,0
1180304,1,72,1958,68,0,42,165285.33,149749,352,83,0,0
1180433,1,72,1957,67,0,42,165285.33,149749,352,83,0,0
1180454,1,72,1952,67,0,42,165285.33,149749,352,83,0,0
1180659,1,72,1971,65,0,42,165285.33,149749,352,83,0,0
1180754,1,72,2001,64,0,42,165285.33,149749,352,83,0,0
1180896,1,72,1966,63,0,42,165285.33,149749,352,83,0,0
1180966,1,72,1964,63,0,42,165285.33,149749,352,83,0,0
1181129,1,72,1964,62,0,42,165285.33,149749,352,83,0,0
1181254,1,72,1953,62,0,42,165286.33,149749,352,83,0,0
1181357,1,72,1979,61,0,42,165286.33,149749,352,83,0,0
1181454,1,72,1980,55,0,42,165286.33,149749,352,83,0,0
1181454,1,72,1980,55,0,42,165286.33,149749,352,83,0,0
1181729,1,72,1967,38,0,42,165286.33,149749,352,83,0,0
1181857,1,72,1965,38,0,42,165286.33,149749,352,83,0,0
1181954,1,72,1955,38,0,42,165286.33,149749,352,83,0,0
1181954,1,72,1955,38,0,42,165286.33,149749,352,83,0,0
1182229,1,72,1971,38,0,42,165286.33,149749,352,83,0,0
1182346,1,72,1977,38,0,42,165286.33,149749,352,83,0,0
1182454,1,72,1977,38,0,42,165286.33,149749,352,83,0,0
1182496,1,72,1977,38,0,42,165287.36,149749,352,83,0,0
1182696,1,72,1977,38,0,42,165287.36,149749,352,83,0,0
1182804,1,72,1976,38,0,42,165287.36,149749,352,83,0,0
1182929,1,72,1975,38,0,42,165287.36,149749,352,83,0,0
1183034,1,72,1974,38,0,42,165287.36,149749,352,83,0,0
1183154,1,72,1975,38,0,42,165287.36,149749,352,83,0,0
1183294,1,72,1976,38,0,42,165287.36,149749,352,83,0,0
1183410,1,72,1977,38,0,42,165287.36,149749,352,83,0,0
1183496,1,72,1976,38,0,42,165287.36,149749,352,83,0,0
1183646,1,72,1970,38,0,42,165287.36,149749,352,83,0,0
1183754,1,72,1968,29,0,42,165287.36,149749,352,83,0,0
1183857,1,71,1961,27,0,42,165287.36,149749,352,83,0,0
1184004,1,71,1974,18,0,42,165288.38,149749,352,83,0,0
1184144,1,71,1934,18,0,42,165288.38,149749,352,83,0,0
1184254,1,71,1947,8,0,42,165288.38,149749,352,83,0,0
1184357,1,71,1931,8,0,42,165288.38,149749,352,83,0,0
1184454,1,71,1925,5,0,42,165288.38,149749,352,83,0,0
1184631,1,71,1925,5,0,42,165288.38,149749,352,83,0,0
1184754,1,71,1923,5,0,42,165288.38,149749,352,83,0,0
1184857,1,71,1922,5,0,42,165288.38,149749,352,83,0,0
1184954,1,71,1922,5,0,42,165288.38,149749,352,83,0,0
1184954,1,71,1922,5,0,42,165288.38,149749,352,83,0,0
1185204,1,71,1922,5,0,42,165288.38,149749,352,83,0,0
1185328,1,70,1921,5,0,42,165288.38,149749,352,83,0,0
1185454,1,70,1888,5,0,42,165288.38,149749,352,83,0,0
1185504,1,70,1888,5,0,42,165288.38,149749,352,83,0,0
1185656,1,70,1888,5,0,42,165288.38,149749,352,83,0,0
1185804,1,70,1948,28,0,42,165288.38,149749,352,83,0,0
1185929,1,70,1925,33,0,42,165288.38,149749,352,83,0,0
1186041,1,70,1916,34,0,42,165288.38,149749,352,83,0,0
1186153,1,70,1891,34,0,42,165289.38,149749,352,83,0,0
1186254,1,70,1892,36,0,42,165289.38,149749,352,83,0,0
1186405,1,70,1891,43,0,42,165289.38,149749,352,83,0,0
1186504,1,69,1894,49,0,42,165289.38,149749,352,83,0,0
1186504,1,69,1894,49,0,42,165289.38,149749,352,83,0,0
1186754,1,69,1907,56,0,42,165289.38,149749,352,83,0,0
1186856,1,69,1895,59,0,42,165289.38,149749,352,83,0,0
1187004,1,69,1904,59,0,42,165289.38,149749,352,83,0,0
1187004,1,69,1904,59,0,42,165289.38,149749,352,83,0,0
1187254,1,69,1910,60,0,42,165289.38,149749,352,83,0,0
1187357,1,69,1910,62,0,42,165290.38,149749,352,83,0,0
1187454,1,69,1910,65,0,42,165290.38,149749,352,83,0,0
1187509,1,69,1910,66,0,42,165290.38,149749,352,83,0,0
1187705,1,70,1889,70,0,42,165290.38,149749,352,83,0,0
1187828,1,70,1889,70,0,42,165290.38,149749,352,83,0,0
1187954,1,70,1903,70,0,42,165290.38,149749,352,83,0,0
1188003,1,70,1903,70,0,42,165290.38,149749,352,83,0,0
1188196,1,70,1914,70,0,42,165290.38,149749,352,83,0,0
1188304,1,70,1918,70,0,42,165291.41,149749,352,83,0,0
1188428,1,70,1919,70,0,42,165291.41,149749,352,83,0,0
1188504,1,70,1915,70,0,42,165291.41,149749,352,83,0,0
1188654,1,70,1908,70,0,42,165291.41,149749,352,83,0,0
1188794,1,70,1912,69,0,42,165291.41,149749,352,83,0,0
1188904,1,70,1910,68,0,42,165291.41,149749,352,83,0,0
1189009,1,70,1905,68,0,42,165291.41,149749,352,83,0,0
1189146,1,70,1893,68,0,42,165292.42,149749,352,83,0,0
1189254,1,70,1900,68,0,42,165292.42,149749,352,83,0,0
1189356,1,70,1932,68,0,42,165292.42,149749,352,83,0,0
1189504,1,70,1897,68,0,42,165292.42,149749,352,83,0,0
1189504,1,70,1897,68,0,42,165292.42,149749,352,83,0,0
1189754,1,70,1898,70,0,42,165292.42,149749,352,83,0,0
1189856,1,70,1935,72,0,42,165292.42,149749,352,83,0,0
1189954,1,70,1941,75,0,42,165292.42,149749,352,83,0,0
1190028,1,70,1941,76,0,42,165292.42,149749,352,83,0,0
1190209,1,70,1921,78,0,42,165293.47,149749,352,83,0,0
1190328,1,71,1937,78,0,42,165293.47,149749,352,83,0,0
1190454,1,70,1939,79,0,42,165293.47,149749,352,83,0,0
1190496,1,70,1939,79,0,42,165293.47,149749,352,83,0,0
1190678,1,71,1941,80,0,42,165293.47,149749,352,83,0,0
1190803,1,71,1941,82,0,42,165293.47,149749,352,83,0,0
1190924,1,71,1945,83,0,42,165293.47,149749,352,83,0,0
1191031,1,71,1920,83,0,42,165294.53,149749,352,83,0,0
1191154,1,71,1920,83,0,42,165294.53,149749,352,83,0,0
1191253,1,71,1951,83,0,42,165294.53,149749,352,83,0,0
1191396,1,71,1983,83,0,42,165294.53,149749,352,83,0,0
1191504,1,71,1951,83,0,42,165294.53,149749,352,83,0,0
1191653,1,71,1926,83,0,42,165294.53,149749,352,83,0,0
1191753,1,71,1959,83,0,42,165295.55,149749,352,83,0,0
1191896,1,71,1952,80,0,42,165295.55,149749,352,83,0,0
1192003,1,71,1978,80,0,42,165295.55,149749,352,83,0,0
1192146,1,72,1975,80,0,42,165295.55,149749,352,83,0,0
1192253,1,72,1975,80,0,42,165295.55,149749,352,83,0,0
1192356,1,72,1978,80,0,42,165295.55,149749,352,83,0,0
1192503,1,72,1981,82,0,42,165296.55,149749,352,83,0,0
1192503,1,72,1981,82,0,42,165296.55,149749,352,83,0,0
1192754,1,72,1977,82,0,42,165296.55,149749,352,83,0,0
1192856,1,72,1976,82,0,42,165296.55,149749,352,83,0,0
1192953,1,72,1983,82,0,42,165296.55,149749,352,83,0,0
1193011,1,72,1983,78,0,42,165296.55,149749,352,83,0,0
1193228,1,72,1959,73,0,42,165296.55,149749,352,83,0,0
1193343,1,72,1955,73,0,42,165296.55,149749,352,83,0,0
1193454,1,72,1954,73,0,42,165297.56,149749,352,83,0,0
1193503,1,72,1954,73,0,42,165297.56,149749,352,83,0,0
1193653,1,72,2013,73,0,42,165297.56,149749,352,83,0,0
1193803,1,72,1952,73,0,42,165297.56,149749,352,83,0,0
1193928,1,72,1986,73,0,42,165297.56,149749,352,83,0,0
1194028,1,73,1989,73,0,42,165297.56,149749,352,83,0,0
1194163,1,73,1958,73,0,42,165297.56,149749,352,83,0,0
1194253,1,73,2015,73,0,42,165298.62,149749,352,83,0,0
1194404,1,73,2015,74,0,42,165298.62,149749,352,83,0,0
1194503,1,73,1991,75,0,42,165298.62,149749,352,83,0,0
1194528,1,73,1991,75,0,42,165298.62,149749,352,83,0,0
1194753,1,73,2009,75,0,42,165298.62,149749,352,83,0,0
1194856,1,73,2009,75,0,42,165298.62,149749,352,83,0,0
1195003,1,73,2000,75,0,42,165298.62,149749,352,83,0,0
1195003,1,73,2000,75,0,42,165298.62,149749,352,83,0,0
1195228,1,73,1997,75,0,42,165299.66,149749,352,84,0,0
1195356,1,73,2006,75,0,42,165299.66,149749,352,84,0,0
1195454,1,73,2008,76,0,42,165299.66,149749,352,84,0,0
1195528,1,73,2008,76,0,42,165299.66,149749,352,84,0,0
1195675,1,73,2009,76,0,42,165299.66,149749,352,84,0,0
1195803,1,73,1999,76,0,42,165299.66,149749,352,84,0,0
1195928,1,73,1998,76,0,42,165299.66,149749,352,84,0,0
1196003,1,73,1999,76,0,42,165300.70,149749,352,84,0,0
1196173,1,73,2005,76,0,42,165300.70,149749,352,84,0,0
1196303,1,74,2009,76,0,42,165300.70,149749,352,84,0,0
1196405,1,74,2009,76,0,42,165300.70,149749,352,84,0,0
1196528,1,74,2009,76,0,42,165300.70,149749,352,84,0,0
1196653,1,74,2033,76,0,42,165300.70,149749,352,84,0,0
1196753,1,74,2039,76,0,42,165300.70,149749,352,84,0,0
1196896,1,74,2042,76,0,42,165301.77,149749,352,84,0,0
1197003,1,74,2043,76,0,42,165301.77,149749,352,84,0,0
1197054,1,74,2044,76,0,42,165301.77,149749,352,84,0,0
1197253,1,74,2034,76,0,42,165301.77,149749,352,84,0,0
1197356,1,74,2032,77,0,42,165301.77,149749,352,84,0,0
1197503,1,74,2032,77,0,42,165301.77,149749,352,84,0,0
1197528,1,74,2032,77,0,42,165301.77,149749,352,84,0,0
1197728,1,74,2043,79,0,42,165302.83,149749,352,84,0,0
1197856,1,74,2019,79,0,42,165302.83,149749,352,84,0,0
1197953,1,74,2023,79,0,42,165302.83,149749,352,84,0,0
1198059,1,74,2024,79,0,42,165302.83,149749,352,84,0,0
1198196,1,74,2019,79,0,42,165302.83,149749,352,84,0,0
1198328,1,74,2017,80,0,42,165302.83,149749,352,84,0,0
1198447,1,74,2021,84,0,42,165303.86,149749,352,84,0,0
1198528,1,75,2021,95,0,42,165303.86,149749,352,84,0,0
1198673,1,75,2029,95,0,42,165303.86,149749,352,84,0,0
1198803,1,75,2053,121,0,42,165303.86,149749,352,84,0,0
1198928,1,75,2052,126,0,42,165303.86,149749,352,84,0,0
1199028,1,75,2073,132,0,42,165303.86,149749,352,84,0,0
1199173,1,75,2060,132,0,42,165304.97,149749,352,84,0,0
1199296,1,76,2073,148,0,42,165304.97,149749,352,84,0,0
1199404,1,76,2068,157,0,42,165304.97,149749,352,84,0,0
1199528,1,76,2090,156,0,42,165304.97,149749,359,84,0,0
1199545,1,76,2097,156,0,42,165306.03,149749,359,84,0,0
1199753,1,77,2089,150,0,42,165306.03,149749,359,84,0,0
1199856,1,77,2094,148,0,42,165306.03,149749,359,84,0,0
1199996,1,77,2129,148,0,42,165307.19,149749,359,84,0,0
1200028,1,77,2129,147,0,42,165307.19,149749,359,84,0,0
1200228,1,78,2128,146,0,42,165307.19,149749,359,84,0,0
1200346,1,78,2130,146,0,42,165308.20,149749,359,84,0,0
1200454,1,78,2130,146,0,42,165308.20,149749,359,84,0,0
1200564,1,78,2129,146,0,42,165308.20,149749,359,84,0,0
1200673,1,78,2161,146,0,42,165308.20,149749,359,84,0,0
1200803,1,79,2161,146,0,42,165309.22,149749,359,84,0,0
1200928,1,79,2191,146,0,42,165309.22,149749,359,84,0,0
1201003,1,79,2171,146,0,42,165310.23,149749,359,84,0,0
1201173,1,79,2147,146,0,42,165310.23,149749,359,84,0,0
1201303,1,80,2204,146,0,42,165310.23,149749,359,84,0,0
1201405,1,80,2216,146,0,42,165311.27,149749,359,84,0,0
1201528,1,80,2218,146,0,42,165311.27,149749,359,84,0,0
1201553,1,80,2189,146,0,42,165311.27,149749,359,84,0,0
1201753,1,81,2216,146,0,42,165312.31,149749,359,84,0,0
1201896,1,81,2214,146,0,42,165312.31,149749,359,84,0,0
1202003,1,81,2219,146,0,42,165312.31,149749,359,84,0,0
1202047,1,82,2265,146,0,42,165313.36,149749,359,84,0,0
1202253,1,82,2249,146,0,42,165313.36,149749,359,84,0,0
1202363,1,82,2253,146,0,42,165313.36,149749,359,84,0,0
1202454,1,82,2259,146,0,42,165314.45,149749,359,84,0,0
1202528,1,83,2259,146,0,42,165314.45,149749,359,84,0,0
1202722,1,83,2263,146,0,42,165314.45,149749,359,84,0,0
1202828,1,83,2295,145,0,42,165314.45,149749,359,84,0,0
1202953,1,84,2297,145,0,42,165315.56,149749,359,84,0,0
1203053,1,84,2290,145,0,42,165315.56,149749,359,84,0,0
1203183,1,84,2322,145,0,42,165315.56,149749,359,84,0,0
1203303,1,84,2305,144,0,42,165316.67,149749,359,84,0,0
1203433,1,85,2317,144,0,42,165316.67,149749,359,84,0,0
1203546,1,85,2305,144,0,42,165317.81,149749,359,84,0,0
1203673,1,85,2305,144,0,42,165317.81,149749,359,84,0,0
1203803,1,85,2310,129,0,42,165317.81,149749,359,84,0,0
1203923,1,86,2341,128,0,42,165318.98,149749,359,84,0,0
1204028,1,86,2337,128,0,42,165318.98,149749,359,84,0,0
1204062,1,86,2351,128,0,42,165318.98,149749,359,84,0,0
1204253,1,86,2339,128,0,42,165320.14,149749,359,84,0,0
1204356,1,87,2354,123,0,42,165320.14,149749,359,84,0,0
1204503,1,87,2351,123,0,42,165320.14,149749,359,84,0,0
1204559,1,87,2377,123,0,42,165321.20,149749,359,84,0,0
1204729,1,87,2375,123,0,42,165321.20,149749,359,84,0,0
1204856,1,87,2397,123,0,42,165321.20,149749,359,84,0,0
1204953,1,88,2394,123,0,42,165322.23,149749,359,84,0,0
1205053,1,88,2390,123,0,42,165322.23,149749,359,84,0,0
1205196,1,88,2421,123,0,42,165322.23,149749,359,84,0,0
1205328,1,88,2419,123,0,42,165323.25,149749,359,84,0,0
1205447,1,89,2424,123,0,42,165323.25,149749,359,84,0,0
1205566,1,89,2424,123,0,42,165323.25,149749,359,84,0,0
1205703,1,89,2413,120,0,42,165324.27,149749,359,84,0,0
1205847,1,89,2451,107,0,42,165324.27,149749,359,84,0,0
1205953,1,89,2441,95,0,42,165325.33,149749,359,84,0,0
1206053,1,90,2451,90,0,42,165325.33,149749,359,84,0,0
1206096,1,90,2451,90,0,42,165325.33,149749,359,84,0,0
1206296,1,90,2462,87,0,42,165325.33,149749,359,84,0,0
1206433,1,90,2463,81,0,42,165325.33,149749,359,84,0,0
1206547,1,90,2461,79,0,42,165326.38,149749,359,84,0,0
1206553,1,90,2461,79,0,42,165326.38,149749,359,84,0,0
1206753,1,90,2434,79,0,42,165326.38,149749,359,84,0,0
1206899,1,90,2453,79,0,42,165326.38,149749,359,84,0,0
1207003,1,90,2458,79,0,42,165326.38,149749,359,84,0,0
1207097,1,90,2491,79,0,42,165327.42,149749,359,84,0,0
1207253,1,90,2468,79,0,42,165327.42,149749,359,84,0,0
1207356,1,90,2472,80,0,42,165327.42,149749,359,84,0,0
1207454,1,90,2465,81,0,42,165327.42,149749,359,84,0,0
1207553,1,90,2493,82,0,42,165327.42,149749,359,84,0,0
1207703,1,90,2440,84,0,42,165328.45,149749,359,84,0,0
1207847,1,90,2471,84,0,42,165328.45,149749,359,84,0,0
1207953,1,90,2471,84,0,42,165328.45,149749,359,84,0,0
1208053,1,90,2495,84,0,42,165328.45,149749,359,84,0,0
1208205,1,90,2495,84,0,42,165328.45,149749,359,84,0,0
1208328,1,90,2465,84,0,42,165329.47,149749,359,84,0,0
1208447,1,91,2473,83,0,42,165329.47,149749,359,84,0,0
1208553,1,91,2469,70,0,42,165329.47,149749,359,84,0,0
1208553,1,91,2469,70,0,42,165329.47,149749,359,84,0,0
1208796,1,90,2442,0,0,42,165329.47,149749,359,85,0,0
1208905,1,90,2455,0,0,42,165329.47,149749,359,85,0,0
1209028,1,90,2490,0,0,42,165329.47,149749,359,85,0,0
1209099,1,90,2480,0,0,42,165330.47,149749,359,85,0,0
1209253,1,90,2490,0,0,42,165330.47,149749,359,85,0,0
1209359,1,90,2460,0,0,42,165330.47,149749,359,85,0,0
1209503,1,90,2461,0,0,42,165330.47,149749,359,85,0,0
1209553,1,90,2462,0,0,42,165330.47,149749,359,85,0,0
1209743,1,89,2463,0,0,42,165330.47,149749,359,85,0,0
1209856,1,89,2427,0,0,42,165330.47,149749,359,85,0,0
1209953,1,89,2456,0,0,42,165330.47,149749,359,85,0,0
1210053,1,89,2420,0,0,42,165330.47,149749,359,85,0,0
1210204,1,89,2424,0,0,42,165330.47,149749,359,85,0,0
1210347,1,89,2428,0,0,42,165330.47,149749,359,85,0,0
1210454,1,88,2428,0,0,42,165330.47,149749,359,85,0,0
1210553,1,88,2426,0,0,42,165330.47,149749,359,85,0,0
1210703,1,88,2429,0,0,42,165330.47,149749,359,85,0,0
1210828,1,88,2428,0,0,42,165330.47,149749,359,85,0,0
1210953,1,88,2428,0,0,42,165330.47,149749,359,85,0,0
1211053,1,88,2382,0,0,42,165330.47,149749,359,85,0,0
1211053,1,88,2382,0,0,42,165330.47,149749,359,85,0,0
1211303,1,87,2368,0,0,42,165330.47,149749,359,85,0,0
1211424,1,87,2368,0,0,42,165330.47,149749,359,85,0,0
1211543,1,87,2368,0,0,42,165330.47,149749,359,85,0,0
1211596,1,87,2368,0,0,42,165330.47,149749,359,85,0,0
1211767,1,87,2386,2,0,42,165330.47,149749,359,85,0,0
1211856,1,87,2386,13,0,42,165330.47,149749,359,85,0,0
1212003,1,87,2368,14,0,42,165330.47,149749,359,85,0,0
1212053,1,87,2388,14,0,42,165330.47,149749,359,85,0,0
1212248,1,87,2349,14,0,42,165330.47,149749,359,85,0,0
1212356,1,86,2351,15,0,42,165330.47,149749,359,85,0,0
1212454,1,86,2352,16,0,42,165331.50,149749,359,85,0,0
1212553,1,86,2354,16,0,42,165331.50,149749,359,85,0,0
1212703,1,86,2356,16,0,42,165331.50,149749,359,85,0,0
1212847,1,86,2359,16,0,42,165331.50,149749,359,85,0,0
1212953,1,86,2359,16,0,42,165331.50,149749,359,85,0,0
1213053,1,86,2358,16,0,42,165331.50,149749,359,85,0,0
1213096,1,86,2358,16,0,42,165331.50,149749,359,85,0,0
1213303,1,86,2360,20,0,42,165331.50,149749,359,85,0,0
1213428,1,86,2362,28,0,42,165331.50,149749,359,85,0,0
1213547,1,86,2339,37,0,42,165331.50,149749,359,85,0,0
1213596,1,86,2339,37,0,42,165331.50,149749,359,85,0,0
1213766,1,86,2344,45,0,42,165331.50,149749,359,85,0,0
1213898,1,86,2362,48,0,42,165332.55,149749,359,85,0,0
1214003,1,86,2361,50,0,42,165332.55,149749,359,85,0,0
1214053,1,86,2359,50,0,42,165332.55,149749,359,85,0,0
1214254,1,86,2360,58,0,42,165332.55,149749,359,85,0,0
1214356,1,86,2338,62,0,42,165332.55,149749,359,85,0,0
1214453,1,86,2373,67,0,42,165332.55,149749,359,85,0,0
1214553,1,87,2386,74,0,42,165332.55,149749,359,85,0,0
1214703,1,87,2374,82,0,42,165332.55,149749,359,85,0,0
1214847,1,87,2377,98,0,42,165333.58,149749,359,85,0,0
1214953,1,87,2394,109,0,42,165333.58,149749,359,85,0,0
1215053,1,87,2391,119,0,42,165333.58,149749,359,85,0,0
1215208,1,87,2391,144,0,42,165333.58,149749,359,85,0,0
1215328,1,88,2400,149,0,42,165333.58,149749,359,85,0,0
1215453,1,88,2407,155,0,42,165334.66,149749,359,85,0,0
1215553,1,89,2404,157,0,42,165334.66,149749,359,85,0,0
1215596,1,89,2404,157,0,42,165334.66,149749,359,85,0,0
1215828,1,90,2434,163,0,42,165335.84,149749,359,85,0,0
1215947,1,90,2448,163,0,42,165335.84,149749,359,85,0,0
1216053,1,90,2482,164,0,42,165336.88,149749,359,85,0,0
1216053,1,90,2482,164,0,42,165336.88,149749,359,85,0,0
1216297,1,91,2513,164,0,42,165336.88,149749,359,85,0,0
1216405,1,92,2503,164,0,42,165338.02,149749,359,85,0,0
1216528,1,92,2537,164,0,42,165338.02,149749,359,85,0,0
1216632,1,93,2537,164,0,42,165339.25,149749,359,85,0,0
1216764,1,93,2535,164,0,42,165339.25,149749,359,85,0,0
1216853,1,94,2541,161,0,42,165340.28,149749,359,85,0,0
1217009,1,94,2572,153,0,42,165340.28,149749,359,85,0,0
1217097,1,94,2569,153,0,42,165341.33,149749,359,85,0,0
1217247,1,95,2622,148,0,42,165341.33,149749,359,85,0,0
1217353,1,95,2602,147,0,42,165342.36,149749,359,85,0,0
1217455,1,96,2594,147,0,42,165342.36,149749,359,85,0,0
1217553,1,96,2642,147,0,42,165343.36,149749,359,85,0,0
1217728,1,97,2642,147,0,42,165343.36,149749,359,85,0,0
1217853,1,97,2663,147,0,42,165344.58,149749,359,85,0,0
1217953,1,97,2669,147,0,42,165344.58,149749,359,85,0,0
1218097,1,98,2674,147,0,42,165345.81,149749,359,85,0,0
1218203,1,98,2681,147,0,42,165345.81,149749,359,85,0,0
1218353,1,99,2706,146,0,42,165346.81,149749,359,85,0,0
1218454,1,99,2707,144,0,42,165346.81,149749,359,85,0,0
1218553,1,99,2737,140,0,42,165347.83,149749,359,85,0,0
1218747,1,99,2729,131,0,42,165347.83,149749,359,85,0,0
1218853,1,101,2739,129,0,42,165348.84,149749,359,85,0,0
1218953,1,101,2770,128,0,42,165348.84,149749,359,85,0,0
1219053,1,101,2771,127,0,42,165350.05,149749,359,85,0,0
1219203,1,101,2771,124,0,42,165350.05,149749,359,85,0,0
1219347,1,102,2812,123,0,42,165350.05,149749,359,85,0,0
1219453,1,102,2792,122,0,42,165351.16,149749,359,85,0,0
1219553,1,103,2810,122,0,42,165351.16,149749,359,85,0,0
1219698,1,103,2828,121,0,42,165352.20,149749,359,85,0,0
1219828,1,103,2843,116,0,42,165352.20,149749,359,85,0,0
1219953,1,104,2825,115,0,42,165352.20,149749,359,85,0,0
1220054,1,104,2842,115,0,42,165353.39,149749,359,85,0,0
1220054,1,104,2842,115,0,42,165353.39,149749,359,85,0,0
1220308,1,104,2849,108,0,42,165353.39,149749,359,85,0,0
1220432,1,105,2857,108,0,42,165354.48,149749,359,85,0,0
1220547,1,105,2852,97,0,42,165354.48,149749,359,85,0,0
1220552,1,105,2852,97,0,42,165354.48,149749,359,85,0,0
1220762,1,105,2863,97,0,42,165354.48,149749,359,85,0,0
1220897,1,105,2888,89,0,42,165355.62,149749,359,85,0,0
1221008,1,105,2856,89,0,42,165355.62,149749,359,85,0,0
1221069,1,106,2899,89,0,42,165355.62,149749,359,85,0,0
1221255,1,106,2899,89,0,42,165355.62,149749,359,85,0,0
1221353,1,106,2891,89,0,42,165356.73,149749,359,85,0,0
1221453,1,106,2882,89,0,42,165356.73,149750,359,85,0,0
1221553,1,106,2906,89,0,42,165356.73,149750,359,85,0,0
1221710,1,106,2906,89,0,42,165356.73,149750,359,85,0,0
1221853,1,107,2907,89,0,42,165357.73,149750,359,85,0,0
1221953,1,107,2912,89,0,42,165357.73,149750,359,85,0,0
1222053,1,107,2915,89,0,42,165357.73,149750,359,85,0,0
1222107,1,107,2915,89,0,42,165357.73,149750,359,85,0,0
1222327,1,107,2915,89,0,42,165358.73,149750,359,85,0,0
1222453,1,107,2918,90,0,42,165358.73,149750,359,85,0,0
1222553,1,107,2919,90,0,42,165358.73,149750,359,85,0,0
1222609,1,107,2919,90,0,42,165358.73,149750,359,85,0,0
1222809,1,108,2954,90,0,42,165359.75,149750,359,85,0,0
1222927,1,108,2958,92,0,42,165359.75,149750,359,85,0,0
1223043,1,108,2960,92,0,42,165359.75,149750,359,85,0,0
1223141,1,108,2963,95,0,42,165360.78,149750,359,85,0,0
1223265,1,108,2971,95,0,42,165360.78,149750,359,85,0,0
1223398,1,108,2947,97,0,42,165360.78,149750,359,85,0,0
1223509,1,109,2962,106,0,42,165360.78,149750,359,85,0,0
1223609,1,109,2957,107,0,42,165361.86,149750,359,85,0,0
1223747,1,109,2999,107,0,42,165361.86,149750,359,85,0,0
1223853,1,109,2980,107,0,42,165361.86,149750,359,85,0,0
1223997,1,109,2993,107,0,42,165362.94,149750,359,85,0,0
1224108,1,110,2999,107,0,42,165362.94,149750,359,85,0,0
1224227,1,110,3004,107,0,42,165362.94,149750,359,85,0,0
1224353,1,110,3011,107,0,42,165364.08,149750,359,85,0,0
1224453,1,110,3015,107,0,42,165364.08,149750,359,85,0,0
1224597,1,110,3017,103,0,42,165364.08,149750,359,85,0,0
1224627,1,110,3017,96,0,42,165364.08,149750,359,85,0,0
1224827,1,111,3034,95,0,42,165365.23,149750,359,85,0,0
1224953,1,111,3014,95,0,42,165365.23,149750,359,85,0,0
1225055,1,111,3030,95,0,42,165365.23,149750,359,85,0,0
1225140,1,111,3030,95,0,42,165366.30,149750,359,85,0,0
1225302,1,111,3009,95,0,42,165366.30,149750,359,85,0,0
1225429,1,111,3033,95,0,42,165366.30,149750,359,85,0,0
1225547,1,111,3021,95,0,42,165367.41,149750,359,85,0,0
1225609,1,111,3021,95,0,42,165367.41,149750,359,85,0,0
1225784,1,111,3025,95,0,42,165367.41,149750,359,85,0,0
1225897,1,111,3027,95,0,42,165367.41,149750,359,85,0,0
1226009,1,111,3059,95,0,42,165368.50,149750,359,85,0,0
1226137,1,111,3059,95,0,42,165368.50,149750,359,85,0,0
1226227,1,111,3028,95,0,42,165368.50,149750,359,85,0,0
1226353,1,111,3061,97,0,42,165368.50,149750,359,85,0,0
1226455,1,111,3061,101,0,42,165369.61,149750,359,85,0,0
1226600,1,111,3065,104,0,42,165369.61,149750,359,85,0,0
1226733,1,111,3056,108,0,42,165369.61,149750,359,85,0,0
1226853,1,112,3045,110,0,42,165370.62,149750,359,85,0,0
1226953,1,112,3064,110,0,42,165370.62,149750,359,85,0,0
1227097,1,112,3051,110,0,42,165370.62,149750,359,85,0,0
1227219,1,112,3063,110,0,42,165370.62,149750,359,85,0,0
1227327,1,112,3070,110,0,42,165371.78,149750,359,85,0,0
1227454,1,112,3048,112,0,42,165371.78,149750,359,85,0,0
1227555,1,112,3051,114,0,42,165372.83,149750,359,85,0,0
1227627,1,112,3051,115,0,42,165372.83,149750,359,85,0,0
1227800,1,112,3062,115,0,42,165372.83,149750,359,85,0,0
1227927,1,113,3101,115,0,42,165373.89,149750,359,85,0,0
1228042,1,113,3102,115,0,42,165373.89,149750,359,85,0,0
1228136,1,113,3096,115,0,42,165373.89,149750,359,85,0,0
1228262,1,113,3100,115,0,42,165374.97,149750,359,85,0,0
1228401,1,113,3080,116,0,42,165374.97,149750,359,85,0,0
1228513,1,113,3084,116,0,42,165374.97,149750,359,85,0,0
1228629,1,113,3085,117,0,42,165376.06,149750,359,85,0,0
1228731,1,113,3087,117,0,42,165376.06,149750,359,85,0,0
1228853,1,113,3089,117,0,42,165376.06,149750,359,85,0,0
1228997,1,113,3094,118,0,42,165377.17,149750,359,85,0,0
1229100,1,113,3095,118,0,42,165377.17,149750,359,85,0,0
1229227,1,114,3095,118,0,42,165377.17,149750,359,85,0,0
1229353,1,114,3087,119,0,42,165378.28,149750,359,84,0,0
1229454,1,114,3135,119,0,42,165378.28,149750,360,84,0,0
1229597,1,114,3111,118,0,42,165379.41,149750,360,84,0,0
1229609,1,114,3111,111,0,42,165379.41,149750,360,84,0,0
1229827,1,114,3112,118,0,42,165379.41,149750,360,84,0,0
1229953,1,114,3108,123,0,42,165380.55,149750,360,84,0,0
1230053,1,114,3112,126,0,42,165380.55,149750,360,84,0,0
1230134,1,114,3112,127,0,42,165380.55,149750,360,84,0,0
1230300,1,114,3126,127,0,42,165381.69,149750,360,84,0,0
1230428,1,115,3167,127,0,42,165381.69,149750,360,84,0,0
1230542,1,115,3125,127,0,42,165381.69,149750,360,84,0,0
1230553,1,115,3142,127,0,42,165381.69,149750,360,84,0,0
1230755,1,115,3155,127,0,42,165382.86,149750,360,84,0,0
1230853,1,115,3153,127,0,41,165382.86,149750,360,84,0,0
1231013,1,115,3163,128,0,41,165384.00,149750,360,84,0,0
1231113,1,116,3163,128,0,41,165384.00,149750,360,84,0,0
1231227,1,116,3156,128,0,41,165384.00,149750,360,84,0,0
1231353,1,116,3177,129,0,41,165385.16,149750,360,84,0,0
1231454,1,116,3183,129,0,41,165385.16,149750,360,84,0,0
1231600,1,116,3188,129,0,41,165386.30,149750,360,84,0,0
1231713,1,116,3183,138,0,41,165386.30,149750,360,84,0,0
1231853,1,116,3186,142,0,41,165387.45,149750,360,84,0,0
1231953,1,117,3192,144,0,41,165387.45,149750,360,84,0,0
1232053,1,117,3182,144,0,41,165388.62,149750,360,84,0,0
1232127,1,117,3182,146,0,41,165388.62,149750,360,84,0,0
1232327,1,117,3204,149,0,41,165389.62,149750,360,84,0,0
1232450,1,117,3202,151,0,41,165389.62,149750,360,84,0,0
1232553,1,118,3205,151,0,41,165390.70,149750,360,84,0,0
1232627,1,118,3205,151,0,41,165390.70,149750,360,84,0,0
1232800,1,118,3231,151,0,41,165391.86,149750,360,84,0,0
1232922,1,118,3221,151,0,41,165391.86,149750,360,84,0,0
1233042,1,119,3234,151,0,41,165393.06,149750,360,84,0,0
1233134,1,119,3239,151,0,41,165393.06,149750,360,84,0,0
1233258,1,119,3255,151,0,41,165394.31,149750,360,84,0,0
1233353,1,119,3254,151,0,41,165394.31,149750,360,84,0,0
1233513,1,120,3276,151,0,41,165395.61,149750,360,84,0,0
1233613,1,120,3267,151,0,41,165396.89,149750,360,84,0,0
1233754,1,120,3285,151,0,41,165396.89,149750,360,84,0,0
1233853,1,120,3318,151,0,41,165398.16,149750,360,84,0,0
1233953,1,121,3304,148,0,41,165398.16,149750,360,84,0,0
1234100,1,121,3319,143,0,41,165399.44,149750,360,84,0,0
1234227,1,121,3313,142,0,41,165399.44,149750,360,84,0,0
1234353,1,122,3325,136,0,41,165400.75,149750,360,84,0,0
1234453,1,122,3330,134,0,41,165400.75,149750,360,84,0,0
1234553,1,122,3348,132,0,41,165402.06,149750,360,84,0,0
1234652,1,122,3357,132,0,41,165402.06,149750,360,84,0,0
1234827,1,123,3336,128,0,41,165403.34,149750,360,84,0,0
1234950,1,123,3333,125,0,41,165404.56,149750,360,84,0,0
1235053,1,123,3357,125,0,41,165404.56,149750,360,84,0,0
1235133,1,123,3357,123,0,41,165404.56,149750,360,84,0,0
1235300,1,123,3334,123,0,41,165405.72,149750,360,84,0,0
1235423,1,123,3377,110,0,41,165406.77,149750,360,84,0,0
1235527,1,123,3382,101,0,41,165406.77,149750,360,84,0,0
1235613,1,123,3388,85,0,41,165406.77,149750,360,84,0,0
1235778,1,123,3370,85,0,41,165407.86,149750,360,84,0,0
1235853,1,123,3328,60,0,41,165407.86,149750,360,84,0,0
1236013,1,123,3356,0,0,41,165407.86,149750,360,84,0,0
1236113,1,123,3350,0,0,41,165407.86,149750,360,84,0,0
1236227,1,123,3341,0,0,41,165408.91,149750,360,84,0,0
1236353,1,122,3342,0,0,41,165408.91,149750,360,84,0,0
1236455,1,122,3351,0,0,41,165408.91,149750,360,84,0,0
1236600,1,122,3349,0,0,41,165408.91,149750,360,84,0,0
1236627,1,122,3349,0,0,41,165408.91,149750,360,84,0,0
1236827,1,121,3316,0,0,41,165408.91,149750,360,84,0,0
1236953,1,121,3324,0,0,41,165408.91,149750,360,84,0,0
1237053,1,121,3317,0,0,41,165408.91,149750,360,84,0,0
1237130,1,121,3317,0,0,41,165408.91,149750,360,84,0,0
1237313,1,121,3274,0,0,41,165408.91,149750,360,84,0,0
1237428,1,120,3274,0,0,41,165408.91,149750,360,84,0,0
1237542,1,120,3292,0,0,41,165408.91,149750,360,84,0,0
1237627,1,120,3264,0,0,41,165408.91,149750,360,84,0,0
1237777,1,120,3264,0,0,41,165408.91,149750,360,84,0,0
1237901,1,120,3232,0,0,41,165408.91,149750,360,84,0,0
1238013,1,119,3232,0,0,41,165408.91,149750,360,84,0,0
1238127,1,119,3232,0,0,41,165408.91,149750,360,84,0,0
1238253,1,119,3232,0,0,41,165408.91,149750,360,84,0,0
1238353,1,118,3232,0,0,41,165408.91,149750,360,84,0,0
1238500,1,118,3232,0,0,41,165408.91,149750,360,84,0,0
1238613,1,118,3200,0,0,41,165408.91,149750,360,84,0,0
1238727,1,118,3200,0,0,41,165408.91,149750,360,84,0,0
1238853,1,118,3200,0,0,41,165408.91,149750,360,84,0,0
1239000,1,117,3168,0,0,41,165408.91,149750,360,84,0,0
1239113,1,117,3200,0,0,41,165408.91,149750,360,84,0,0
1239237,1,117,3168,0,0,41,165408.91,149750,360,84,0,0
1239353,1,117,3168,0,0,41,165408.91,149750,360,84,0,0
1239453,1,117,3168,11,0,41,165408.91,149750,360,84,0,0
1239553,1,117,3225,25,0,41,165408.91,149750,360,84,0,0
1239615,1,117,3225,37,0,41,165408.91,149750,360,84,0,0
1239827,1,117,3168,52,0,41,165408.91,149750,360,84,0,0
1239927,1,116,3170,56,0,41,165408.91,149750,360,84,0,0
1240053,1,116,3173,57,0,41,165409.92,149750,360,84,0,0
1240127,1,116,3173,59,0,41,165409.92,149750,360,84,0,0
1240300,1,116,3183,59,0,41,165409.92,149750,360,84,0,0
1240414,1,116,3184,60,0,41,165409.92,149750,360,84,0,0
1240527,1,116,3181,60,0,41,165409.92,149750,360,84,0,0
1240636,1,116,3180,60,0,41,165410.98,149750,360,84,0,0
1240775,1,116,3169,60,0,41,165410.98,149750,360,84,0,0
1240853,1,116,3192,60,0,41,165410.98,149750,360,84,0,0
1241000,1,116,3188,60,0,41,165410.98,149750,360,84,0,0
1241113,1,116,3184,60,0,41,165410.98,149750,360,84,0,0
1241250,1,116,3176,60,0,41,165410.98,149750,360,84,0,0
1241353,1,116,3171,64,0,41,165411.98,149750,360,84,0,0
1241500,1,116,3138,64,0,41,165411.98,149750,360,84,0,0
1241613,1,116,3188,70,0,41,165411.98,149750,360,84,0,0
1241727,1,116,3181,70,0,41,165411.98,149750,360,84,0,0
1241853,1,116,3182,74,0,41,165411.98,149750,360,84,0,0
1241953,1,116,3197,75,0,41,165413.03,149750,360,84,0,0
1242100,1,116,3175,76,0,41,165413.03,149750,360,84,0,0
1242157,1,116,3182,76,0,41,165413.03,149750,360,84,0,0
1242327,1,116,3191,76,0,41,165413.03,149750,360,84,0,0
1242453,1,117,3199,76,0,41,165414.09,149750,360,84,0,0
1242553,1,117,3199,76,0,41,165414.09,149750,360,84,0,0
1242627,1,116,3199,76,0,41,165414.09,149750,360,84,0,0
1242800,1,116,3198,76,0,41,165414.09,149750,360,84,0,0
1242927,1,117,3197,76,0,41,165414.09,149750,360,84,0,0
1243042,1,117,3199,76,0,41,165415.19,149750,360,84,0,0
1243113,1,117,3170,76,0,41,165415.19,149750,360,84,0,0
1243278,1,117,3179,76,0,41,165415.19,149750,360,84,0,0
1243353,1,117,3181,76,0,41,165415.19,149750,360,84,0,0
1243513,1,117,3180,76,0,41,165416.19,149750,360,84,0,0
1243553,1,117,3179,76,0,41,165416.19,149750,360,84,0,0
1243727,1,117,3179,76,0,41,165416.19,149750,360,84,0,0
1243853,1,117,3217,76,0,41,165416.19,149750,360,84,0,0
1243953,1,117,3189,76,0,41,165416.19,149750,360,84,0,0
1244100,1,117,3193,76,0,41,165417.20,149750,360,84,0,0
1244234,1,117,3227,76,0,41,165417.20,149750,360,84,0,0
1244353,1,117,3197,76,0,41,165417.20,149750,360,84,0,0
1244453,1,117,3229,76,0,41,165417.20,149750,360,84,0,0
1244553,1,117,3168,76,0,41,165418.25,149750,360,84,0,0
1244615,1,117,3200,76,0,41,165418.25,149750,360,84,0,0
1244827,1,117,3200,77,0,41,165418.25,149750,360,84,0,0
1244927,1,118,3201,90,0,41,165418.25,149750,360,84,0,0
1245053,1,118,3202,109,0,41,165419.31,149750,360,84,0,0
1245127,1,118,3202,116,0,41,165419.31,149750,360,84,0,0
1245300,1,118,3225,116,0,41,165419.31,149750,360,84,0,0
1245414,1,118,3257,128,0,41,165420.34,149750,360,84,0,0
1245527,1,118,3263,132,0,41,165420.34,149750,360,84,0,0
1245638,1,119,3242,133,0,41,165420.34,149750,360,84,0,0
1245772,1,119,3258,133,0,41,165421.38,149750,360,84,0,0
1245853,1,119,3280,135,0,41,165421.38,149750,360,84,0,0
1246000,1,119,3292,137,0,41,165422.45,149750,360,84,0,0
1246126,1,120,3271,137,0,41,165422.45,149750,360,84,0,0
1246213,1,120,3294,137,0,41,165422.45,149750,360,84,0,0
1246353,1,121,3272,137,0,41,165423.69,149750,360,84,0,0
1246453,1,121,3304,137,0,41,165424.72,149750,360,84,0,0
1246600,1,121,3299,137,0,41,165424.72,149750,360,84,0,0
1246727,1,121,3299,137,0,41,165424.72,149750,360,84,0,0
1246853,1,122,3329,132,0,41,165425.75,149750,360,83,0,0
1246952,1,122,3335,127,0,41,165426.78,149750,360,83,0,0
1247053,1,122,3336,125,0,41,165426.78,149750,360,83,0,0
1247118,1,122,3336,121,0,41,165426.78,149750,360,83,0,0
1247327,1,123,3330,110,0,41,165427.81,149750,360,83,0,0
1247437,1,123,3356,109,0,41,165427.81,149750,360,83,0,0
1247553,1,123,3365,108,0,41,165429.00,149750,360,83,0,0
1247655,1,123,3390,108,0,41,165429.00,149750,360,83,0,0
1247799,1,123,3374,108,0,41,165430.16,149750,360,83,0,0
1247927,1,124,3375,105,0,41,165430.16,149750,360,83,0,0
1248053,1,124,3368,104,0,41,165431.25,149750,360,83,0,0
1248151,1,124,3391,104,0,41,165431.25,149750,360,83,0,0
1248301,1,124,3377,104,0,41,165431.25,149750,360,83,0,0
1248414,1,124,3423,104,0,41,165432.31,149750,360,83,0,0
1248527,1,124,3366,104,0,41,165432.31,149750,360,83,0,0
1248627,1,124,3398,104,0,41,165432.31,149750,360,83,0,0
1248752,1,124,3396,104,0,41,165433.34,149750,360,83,0,0
1248901,1,125,3393,104,0,41,165433.34,149750,360,83,0,0
1249013,1,125,3393,104,0,41,165434.38,149750,360,83,0,0
1249131,1,125,3392,104,0,41,165434.38,149750,360,83,0,0
1249257,1,125,3393,104,0,41,165434.38,149750,360,83,0,0
1249401,1,125,3419,104,0,41,165435.41,149750,360,83,0,0
1249513,1,125,3407,104,0,41,165435.41,149750,360,83,0,0
1249600,1,125,3449,104,0,41,165435.41,149750,360,83,0,0
1249727,1,125,3422,104,0,41,165436.42,149750,360,83,0,0
1249852,1,125,3397,104,0,41,165436.42,149750,360,83,0,0
1249952,1,125,3428,103,0,41,165436.42,149750,360,83,0,0
1250100,1,126,3394,103,0,41,165437.45,149750,360,83,0,0
1250230,1,126,3394,103,0,41,165437.45,149750,360,83,0,0
1250353,1,125,3454,103,0,41,165437.45,149750,360,83,0,0
1250454,1,126,3421,103,0,41,165438.48,149750,360,83,0,0
1250552,1,126,3452,103,0,41,165438.48,149750,360,83,0,0
1250627,1,126,3452,103,0,41,165438.48,149750,360,83,0,0
1250827,1,126,3404,103,0,41,165439.50,149750,360,83,0,0
1250950,1,126,3450,103,0,41,165439.50,149750,360,83,0,0
1251052,1,126,3452,103,0,41,165440.52,149750,360,83,0,0
1251112,1,126,3452,103,0,41,165440.52,149750,360,83,0,0
1251313,1,126,3454,103,0,41,165440.52,149750,360,83,0,0
1251414,1,126,3453,103,0,41,165441.55,149750,360,83,0,0
1251542,1,126,3421,103,0,41,165441.55,149750,360,83,0,0
1251627,1,126,3453,103,0,41,165441.55,149750,360,83,0,0
1251752,1,126,3453,103,0,41,165442.58,149750,360,83,0,0
1251901,1,126,3453,103,0,41,165442.58,149750,360,83,0,0
1252013,1,126,3446,103,0,41,165442.58,149750,360,83,0,0
1252127,1,126,3442,103,0,41,165443.59,149750,360,83,0,0
1252229,1,126,3452,103,0,41,165443.59,149750,360,83,0,0
1252352,1,126,3425,103,0,41,165443.59,149750,360,83,0,0
1252500,1,126,3425,103,0,41,165444.62,149751,360,83,0,0
1252611,1,126,3426,103,0,41,165444.62,149751,360,83,0,0
1252727,1,126,3394,103,0,41,165444.62,149751,360,83,0,0
1252853,1,126,3428,103,0,41,165445.66,149751,360,83,0,0
1252953,1,126,3428,103,0,41,165445.66,149751,360,83,0,0
1253100,1,126,3428,103,0,41,165446.69,149751,360,83,0,0
1253229,1,126,3426,103,0,41,165446.69,149751,360,83,0,0
1253353,1,126,3394,103,0,41,165446.69,149751,360,83,0,0
1253453,1,126,3425,103,0,41,165447.72,149751,360,83,0,0
1253599,1,126,3395,103,0,41,165447.72,149751,360,83,0,0
1253729,1,126,3426,103,0,41,165447.72,149751,360,83,0,0
1253852,1,126,3441,103,0,41,165448.75,149751,360,83,0,0
1253952,1,126,3417,103,0,41,165448.75,149751,360,83,0,0
1254100,1,126,3455,103,0,41,165449.77,149751,360,83,0,0
1254124,1,126,3455,103,0,41,165449.77,149751,360,83,0,0
1254327,1,126,3393,103,0,41,165449.77,149751,360,83,0,0
1254455,1,126,3426,103,0,41,165450.80,149751,360,82,0,0
1254553,1,125,3425,103,0,41,165450.80,149751,360,82,0,0
1254613,1,125,3393,103,0,41,165450.80,149751,360,82,0,0
1254813,1,125,3426,103,0,41,165451.83,149751,360,82,0,0
1254927,1,125,3426,103,0,41,165451.83,149751,360,82,0,0
1255042,1,125,3415,103,0,41,165451.83,149751,360,82,0,0
1255144,1,125,3449,103,0,41,165452.86,149751,360,82,0,0
1255270,1,125,3450,103,0,41,165452.86,149751,360,82,0,0
1255352,1,125,3418,103,0,41,165452.86,149751,360,82,0,0
1255513,1,125,3452,103,0,41,165453.88,149751,360,82,0,0
1255612,1,125,3417,103,0,41,165453.88,149751,360,82,0,0
1255752,1,125,3417,103,0,41,165454.89,149751,360,82,0,0
1255852,1,125,3417,103,0,41,165454.89,149751,360,82,0,0
1255999,1,125,3410,103,0,41,165454.89,149751,360,82,0,0
1256110,1,125,3433,102,0,41,165455.91,149751,360,82,0,0
1256227,1,125,3443,102,0,41,165455.91,149751,360,82,0,0
1256353,1,125,3416,102,0,41,165455.91,149751,360,82,0,0
1256499,1,125,3447,102,0,41,165456.92,149751,360,82,0,0
1256613,1,125,3414,102,0,41,165456.92,149751,360,82,0,0
1256656,1,125,3414,102,0,41,165456.92,149751,360,82,0,0
1256852,1,125,3444,102,0,41,165457.94,149751,360,82,0,0
1256952,1,125,3411,102,0,41,165457.94,149751,360,82,0,0
1257052,1,125,3410,102,0,41,165458.95,149751,360,82,0,0
1257099,1,125,3442,102,0,41,165458.95,149751,360,82,0,0
1257311,1,125,3394,108,0,41,165458.95,149751,360,82,0,0
1257432,1,125,3407,108,0,41,165459.95,149751,360,82,0,0
1257552,1,125,3441,109,0,41,165459.95,149751,360,82,0,0
1257656,1,125,3420,109,0,41,165461.00,149751,360,82,0,0
1257792,1,125,3395,109,0,41,165461.00,149751,360,82,0,0
1257913,1,125,3434,109,0,41,165461.00,149751,360,82,0,0
1258027,1,125,3405,109,0,41,165462.09,149751,360,82,0,0
1258110,1,125,3439,109,0,41,165462.09,149751,360,82,0,0
1258226,1,125,3443,109,0,41,165462.09,149751,360,82,0,0
1258352,1,126,3415,109,0,41,165463.20,149751,360,82,0,0
1258499,1,126,3442,109,0,41,165463.20,149751,360,82,0,0
1258599,1,125,3433,109,0,41,165464.31,149751,360,82,0,0
1258726,1,126,3433,109,0,41,165464.31,149751,360,82,0,0
1258852,1,126,3433,109,0,41,165464.31,149751,360,82,0,0
1258952,1,126,3434,109,0,41,165464.31,149751,360,82,0,0
1259099,1,126,3434,109,0,41,165465.41,149751,360,82,0,0
1259124,1,126,3434,109,0,41,165465.41,149751,360,82,0,0
1259326,1,126,3434,109,0,41,165465.41,149751,360,82,0,0
1259453,1,126,3435,109,0,41,165466.50,149751,357,82,0,0
1259552,1,126,3435,109,0,41,165466.50,149751,357,82,0,0
1259626,1,126,3435,109,0,41,165466.50,149751,357,82,0,0
1259763,1,126,3427,109,0,41,165467.59,149751,357,82,0,0
1259926,1,126,3451,109,0,41,165467.59,149751,357,82,0,0
1260041,1,126,3429,109,0,41,165467.59,149751,357,82,0,0
1260112,1,126,3432,109,0,41,165468.67,149751,357,82,0,0
1260267,1,126,3432,109,0,41,165468.67,149751,357,82,0,0
1260400,1,126,3432,109,0,41,165469.77,149751,357,82,0,0
1260513,1,126,3433,109,0,41,165469.77,149751,357,82,0,0
1260610,1,126,3433,109,0,41,165469.77,149751,357,82,0,0
1260726,1,126,3465,109,0,41,165469.77,149751,357,82,0,0
1260853,1,126,3455,109,0,41,165470.86,149751,357,82,0,0
1260952,1,127,3448,109,0,41,165470.86,149751,357,82,0,0
1261100,1,127,3460,109,0,41,165471.94,149751,357,82,0,0
1261226,1,127,3462,109,0,41,165471.94,149751,357,82,0,0
1261352,1,127,3464,110,0,41,165471.94,149751,357,82,0,0
1261453,1,127,3433,110,0,41,165473.03,149751,357,82,0,0
1261552,1,127,3466,111,0,41,165473.03,149751,357,82,0,0
1261611,1,127,3466,113,0,41,165473.03,149751,357,82,0,0
1261852,1,127,3477,113,0,41,165474.12,149751,357,82,0,0
1261952,1,127,3477,113,0,41,165474.12,149751,357,82,0,0
1262099,1,127,3473,113,0,41,165475.23,149751,357,82,0,0
1262131,1,127,3473,113,0,41,165475.23,149751,357,82,0,0
1262326,1,127,3462,113,0,41,165475.23,149751,357,82,0,0
1262453,1,127,3465,113,0,41,165475.23,149751,357,82,0,0
1262552,1,127,3467,113,0,41,165476.38,149751,357,82,0,0
1262610,1,127,3499,114,0,41,165476.38,149751,357,82,0,0
1262811,1,127,3467,115,0,41,165476.38,149751,357,82,0,0
1262926,1,128,3501,116,0,41,165477.52,149751,357,82,0,0
1263041,1,128,3501,117,0,41,165477.52,149751,357,82,0,0
1263126,1,128,3506,117,0,41,165477.52,149751,357,82,0,0
1263265,1,128,3473,117,0,41,165478.66,149751,357,82,0,0
1263402,1,128,3488,124,0,41,165478.66,149751,357,82,0,0
1263513,1,128,3500,159,0,41,165479.83,149751,357,82,0,0
1263626,1,128,3500,165,0,41,165479.83,149751,357,82,0,0
1263749,1,128,3510,165,0,41,165480.91,149751,357,82,0,0
1263853,1,129,3546,168,0,41,165480.91,149751,357,82,0,0
1264010,1,129,3528,167,0,41,165481.98,149751,357,82,0,0
1264126,1,130,3544,161,0,41,165481.98,149751,357,82,0,0
1264250,1,130,3550,161,0,41,165483.28,149751,357,82,0,0
1264353,1,130,3579,159,0,41,165484.30,149751,357,82,0,0
1264454,1,130,3559,158,0,41,165485.34,149751,357,82,0,0
1264599,1,131,3569,158,0,41,165486.41,149751,357,82,0,0
1264626,1,131,3569,158,0,41,165486.41,149751,357,82,0,0
1264826,1,131,3553,158,0,41,165486.41,149751,357,82,0,0
1264952,1,131,3603,158,0,41,165487.48,149751,357,82,0,0
1265053,1,132,3608,158,0,41,165488.58,149751,357,82,0,0
1265126,1,132,3608,158,0,41,165488.58,149751,357,82,0,0
1265311,1,132,3647,158,0,41,165489.67,149751,357,82,0,0
1265431,1,133,3617,158,0,41,165490.77,149751,357,82,0,0
1265549,1,133,3627,157,0,41,165491.88,149751,357,82,0,0
1265626,1,133,3627,154,0,41,165491.88,149751,357,82,0,0
1265785,1,133,3631,154,0,41,165492.98,149751,357,82,0,0
1265900,1,134,3673,139,0,41,165494.12,149751,357,82,0,0
1266012,1,134,3679,129,0,41,165495.30,149751,357,82,0,0
1266126,1,134,3669,127,0,41,165495.30,149751,357,82,0,0
1266153,1,134,3623,127,0,41,165496.34,149751,357,82,0,0
1266352,1,134,3667,127,0,41,165496.34,149751,357,82,0,0
1266453,1,134,3666,118,0,41,165497.44,149751,357,82,0,0
1266600,1,134,3648,118,0,41,165497.44,149751,357,82,0,0
1266628,1,134,3648,118,0,41,165497.44,149751,357,82,0,0
1266826,1,134,3655,118,0,41,165498.55,149751,357,82,0,0
1266952,1,134,3662,118,0,41,165498.55,149751,357,82,0,0
1267053,1,134,3666,118,0,41,165499.58,149751,357,82,0,0
1267164,1,134,3664,116,0,41,165499.58,149751,357,82,0,0
1267310,1,134,3659,115,0,41,165500.61,149751,357,82,0,0
1267431,1,135,3663,115,0,41,165500.61,149751,357,82,0,0
1267550,1,135,3664,115,0,41,165501.64,149751,357,82,0,0
1267653,1,135,3691,115,0,41,165501.64,149751,357,82,0,0
1267791,1,135,3691,115,0,41,165502.67,149751,357,82,0,0
1267900,1,135,3687,116,0,41,165502.67,149751,357,82,0,0
1268011,1,135,3706,117,0,41,165503.69,149751,357,82,0,0
1268126,1,135,3708,117,0,41,165503.69,149751,357,82,0,0
1268253,1,135,3690,117,0,41,165504.70,149751,357,82,0,0
1268352,1,135,3692,117,0,41,165504.70,149751,357,82,0,0
1268511,1,135,3693,117,0,41,165505.73,149751,357,82,0,0
1268626,1,136,3694,117,0,41,165505.73,149751,357,82,0,0
1268732,1,136,3695,117,0,41,165505.73,149751,357,82,0,0
1268853,1,135,3696,118,0,41,165506.77,149751,357,82,0,0
1268999,1,136,3699,118,0,41,165506.77,149751,357,82,0,0
1269113,1,136,3694,118,0,41,165507.80,149751,357,82,0,0
1269253,1,136,3730,118,0,41,165507.80,149751,357,82,0,0
1269352,1,136,3705,118,0,41,165508.83,149751,357,82,0,0
1269453,1,136,3708,118,0,41,165508.83,149751,357,82,0,0
1269611,1,136,3743,118,0,41,165509.88,149751,357,82,0,0
1269655,1,136,3741,118,0,41,165509.88,149751,357,82,0,0
1269850,1,136,3712,118,0,41,165509.88,149751,357,82,0,0
1269952,1,136,3713,118,0,41,165510.92,149751,357,82,0,0
1270053,1,136,3713,118,0,41,165510.92,149751,357,82,0,0
1270152,1,136,3713,117,0,41,165511.98,149751,357,82,0,0
1270313,1,136,3735,112,0,41,165511.98,149751,357,82,0,0
1270431,1,137,3728,112,0,41,165511.98,149751,357,82,0,0
1270552,1,137,3732,112,0,41,165513.03,149751,357,82,0,0
1270626,1,137,3732,112,0,41,165513.03,149751,357,82,0,0
1270791,1,137,3721,112,0,41,165514.06,149751,357,82,0,0
1270900,1,137,3717,110,0,41,165514.06,149751,357,82,0,0
1271026,1,137,3714,109,0,41,165515.08,149751,357,82,0,0
1271126,1,137,3740,107,0,41,165515.08,149751,357,82,0,0
1271252,1,137,3716,107,0,41,165515.08,149751,357,82,0,0
1271400,1,137,3719,100,0,41,165516.28,149751,357,82,0,0
1271512,1,137,3748,100,0,41,165516.28,149751,357,82,0,0
1271626,1,137,3753,100,0,41,165517.38,149751,357,82,0,0
1271730,1,137,3738,100,0,41,165517.38,149751,357,82,0,0
1271852,1,137,3746,100,0,41,165517.38,149751,357,82,0,0
1272000,1,137,3745,100,0,41,165518.41,149751,357,82,0,0
1272114,1,137,3742,100,0,41,165518.41,149751,357,82,0,0
1272253,1,137,3745,100,0,41,165518.41,149751,357,82,0,0
1272353,1,137,3748,100,0,41,165519.44,149751,357,82,0,0
1272454,1,137,3720,100,0,41,165519.44,149751,357,82,0,0
1272613,1,137,3726,100,0,41,165520.48,149751,357,82,0,0
1272653,1,137,3762,100,0,41,165520.48,149751,357,82,0,0
1272850,1,137,3762,97,0,41,165520.48,149751,357,82,0,0
1272952,1,137,3760,92,0,41,165521.55,149751,357,82,0,0
1273053,1,137,3745,91,0,41,165521.55,149751,357,82,0,0
1273159,1,137,3757,90,0,41,165521.55,149751,357,82,0,0
1273326,1,137,3759,90,0,41,165522.56,149751,357,82,0,0
1273431,1,137,3742,90,0,41,165522.56,149751,357,82,0,0
1273553,1,137,3770,90,0,41,165522.56,149751,357,82,0,0
1273652,1,137,3745,90,0,41,165523.66,149751,357,82,0,0
1273754,1,137,3745,90,0,41,165523.66,149751,357,82,0,0
1273913,1,137,3761,91,0,41,165523.66,149751,357,82,0,0
1274026,1,137,3769,96,0,41,165524.78,149751,357,82,0,0
1274126,1,137,3740,96,0,41,165524.78,149751,357,82,0,0
1274253,1,137,3733,96,0,41,165524.78,149751,357,82,0,0
1274353,1,137,3745,90,0,41,165525.95,149751,357,82,0,0
1274512,1,137,3747,84,0,41,165525.95,149751,357,82,0,0
1274626,1,137,3750,84,0,41,165525.95,149751,357,82,0,0
1274754,1,137,3736,84,0,41,165526.95,149751,357,82,0,0
1274853,1,138,3757,84,0,41,165526.95,149751,357,82,0,0
1275000,1,137,3713,84,0,41,165526.95,149751,357,82,0,0
1275126,1,138,3761,84,0,41,165527.95,149751,357,82,0,0
1275254,1,138,3774,84,0,41,165527.95,149751,357,82,0,0
1275353,1,137,3743,84,0,41,165527.95,149751,357,82,0,0
1275500,1,137,3775,84,0,41,165528.98,149751,357,82,0,0
1275613,1,137,3712,84,0,41,165528.98,149751,357,82,0,0
1275627,1,137,3712,84,0,41,165528.98,149751,357,82,0,0
1275854,1,137,3744,84,0,41,165528.98,149751,357,82,0,0
1275952,1,137,3775,84,0,41,165530.03,149751,357,82,0,0
1276054,1,138,3744,84,0,41,165530.03,149751,357,82,0,0
1276113,1,138,3744,84,0,41,165530.03,149751,357,82,0,0
1276326,1,137,3726,84,0,41,165531.06,149751,357,82,0,0
1276445,1,137,3752,84,0,41,165531.06,149751,357,82,0,0
1276553,1,137,3727,84,0,41,165531.06,149751,357,82,0,0
1276626,1,137,3727,84,0,41,165531.06,149751,357,82,0,0
1276804,1,137,3766,84,0,41,165532.06,149751,357,82,0,0
1276921,1,137,3766,84,0,41,165532.06,149751,357,82,0,0
1277026,1,137,3736,84,0,41,165532.06,149751,357,82,0,0
1277113,1,137,3733,84,0,41,165533.08,149751,357,82,0,0
1277253,1,137,3766,84,0,41,165533.08,149751,357,82,0,0
1277353,1,137,3765,84,0,41,165533.08,149751,357,82,0,0
1277500,1,137,3733,84,0,41,165534.09,149751,357,82,0,0
1277626,1,137,3761,84,0,41,165534.09,149751,357,82,0,0
1277726,1,137,3750,84,0,41,165534.09,149751,357,82,0,0
1277853,1,137,3718,84,0,41,165534.09,149751,357,82,0,0
1278000,1,137,3758,84,0,41,165535.23,149751,357,82,0,0
1278113,1,137,3759,84,0,41,165535.23,149751,357,82,0,0
1278138,1,137,3759,84,0,41,165535.23,149751,357,82,0,0
1278353,1,137,3728,76,0,41,165536.25,149751,357,82,0,0
1278454,1,137,3721,76,0,41,165536.25,149751,357,82,0,0
1278553,1,137,3732,49,0,41,165536.25,149751,357,82,0,0
1278653,1,137,3736,20,0,41,165536.25,149751,357,82,0,0
1278813,1,137,3662,0,0,41,165536.25,149751,357,82,0,0
1278926,1,137,3720,0,0,41,165536.25,149751,357,82,0,0
1279054,1,136,3727,0,0,41,165537.28,149751,357,82,0,0
1279126,1,136,3727,0,0,41,165537.28,149751,357,82,0,0
1279291,1,136,3702,0,0,41,165537.28,149751,357,82,0,0
1279403,1,136,3706,0,0,41,165537.28,149751,357,82,0,0
1279526,1,136,3708,0,0,41,165537.28,149752,357,82,0,0
1279626,1,135,3706,0,0,41,165537.28,149752,357,82,0,0
1279753,1,135,3680,0,0,41,165537.28,149752,357,82,0,0
1279900,1,135,3687,0,0,41,165537.28,149752,357,82,0,0
1280013,1,135,3660,0,0,41,165537.28,149752,357,82,0,0
1280126,1,135,3692,4,0,41,165537.28,149752,357,82,0,0
1280253,1,135,3671,4,0,41,165537.28,149752,357,82,0,0
1280354,1,134,3673,7,0,41,165537.28,149752,357,82,0,0
1280500,1,134,3654,10,0,41,165537.28,149752,357,82,0,0
1280626,1,134,3678,16,0,41,165537.28,149752,357,82,0,0
1280626,1,134,3678,16,0,41,165537.28,149752,357,82,0,0
1280856,1,134,3652,21,0,41,165538.31,149752,357,82,0,0
1280953,1,134,3659,23,0,41,165538.31,149752,357,82,0,0
1281053,1,134,3638,25,0,41,165538.31,149752,357,82,0,0
1281154,1,134,3674,26,0,41,165538.31,149752,357,82,0,0
1281326,1,134,3674,30,0,41,165538.31,149752,357,82,0,0
1281451,1,134,3676,30,0,41,165538.31,149752,357,82,0,0
1281553,1,133,3630,31,0,41,165538.31,149752,357,82,0,0
1281626,1,133,3630,36,0,41,165538.31,149752,357,82,0,0
1281800,1,133,3624,36,0,41,165539.33,149752,357,82,0,0
1281921,1,133,3636,46,0,41,165539.33,149752,357,82,0,0
1282026,1,133,3631,50,0,41,165539.33,149752,357,82,0,0
1282155,1,133,3630,53,0,41,165539.33,149752,357,82,0,0
1282236,1,133,3630,53,0,41,165539.33,149752,357,82,0,0
1282354,1,133,3646,57,0,41,165539.33,149752,357,82,0,0
1282503,1,133,3629,58,0,41,165540.38,149752,357,82,0,0
1282626,1,133,3639,59,0,41,165540.38,149752,357,82,0,0
1282753,1,133,3616,59,0,41,165540.38,149752,357,82,0,0
1282853,1,133,3645,61,0,41,165540.38,149752,357,82,0,0
1283003,1,133,3642,62,0,41,165540.38,149752,357,82,0,0
1283113,1,133,3644,62,0,41,165541.39,149752,357,82,0,0
1283235,1,133,3640,62,0,41,165541.39,149752,357,82,0,0
1283353,1,133,3643,62,0,41,165541.39,149752,357,82,0,0
1283502,1,133,3620,62,0,41,165541.39,149752,357,82,0,0
1283614,1,133,3622,62,0,41,165542.42,149752,357,82,0,0
1283628,1,133,3622,62,0,41,165542.42,149752,357,82,0,0
1283826,1,133,3620,62,0,41,165542.42,149752,357,82,0,0
1283954,1,132,3586,62,0,41,165542.42,149752,357,82,0,0
1284054,1,132,3616,62,0,41,165542.42,149752,357,82,0,0
1284151,1,133,3584,62,0,41,165542.42,149752,357,82,0,0
1284326,1,132,3589,63,0,41,165543.45,149752,357,82,0,0
1284440,1,132,3592,63,0,41,165543.45,149752,357,82,0,0
1284553,1,132,3599,63,0,41,165543.45,149752,357,82,0,0
1284664,1,132,3603,63,0,41,165543.45,149752,357,82,0,0
1284800,1,132,3610,63,0,41,165544.53,149752,357,82,0,0
1284921,1,132,3613,63,0,41,165544.53,149752,357,82,0,0
1285026,1,132,3612,63,0,41,165544.53,149752,357,82,0,0
1285151,1,132,3614,63,0,41,165544.53,149752,357,82,0,0
1285277,1,132,3586,63,0,41,165544.53,149752,357,82,0,0
1285354,1,132,3590,53,0,41,165545.55,149752,357,82,0,0
1285513,1,132,3610,37,0,41,165545.55,149752,357,82,0,0
1285626,1,132,3558,29,0,41,165545.55,149752,357,82,0,0
1285754,1,132,3608,29,0,41,165545.55,149752,357,81,0,0
1285854,1,132,3602,29,0,41,165545.55,149752,357,81,0,0
1286014,1,132,3624,44,0,41,165545.55,149752,357,81,0,0
1286126,1,132,3607,44,0,41,165546.58,149752,357,81,0,0
1286234,1,132,3574,44,0,41,165546.58,149752,357,81,0,0
1286353,1,131,3562,45,0,41,165546.58,149752,357,81,0,0
1286500,1,131,3566,45,0,41,165546.58,149752,357,81,0,0
1286626,1,131,3565,46,0,41,165546.58,149752,357,81,0,0
1286626,1,131,3565,46,0,41,165546.58,149752,357,81,0,0
1286856,1,131,3561,46,0,41,165547.62,149752,357,81,0,0
1286954,1,131,3560,46,0,41,165547.62,149752,357,81,0,0
1287054,1,131,3562,46,0,41,165547.62,149752,357,81,0,0
1287126,1,131,3562,46,0,41,165547.62,149752,357,81,0,0
1287326,1,131,3567,46,0,41,165547.62,149752,357,81,0,0
1287451,1,131,3557,46,0,41,165547.62,149752,357,81,0,0
1287553,1,131,3563,47,0,41,165548.67,149752,357,81,0,0
1287626,1,130,3563,47,0,41,165548.67,149752,357,81,0,0
1287806,1,130,3536,47,0,41,165548.67,149752,357,81,0,0
1287926,1,130,3537,47,0,41,165548.67,149752,357,81,0,0
1288041,1,130,3540,47,0,41,165548.67,149752,357,81,0,0
1288126,1,130,3541,47,0,41,165548.67,149752,357,81,0,0
1288275,1,130,3544,47,0,41,165549.75,149752,357,81,0,0
1288403,1,130,3543,47,0,41,165549.75,149752,357,81,0,0
1288514,1,130,3543,47,0,41,165549.75,149752,357,81,0,0
1288626,1,130,3542,47,0,41,165549.75,149752,357,81,0,0
1288753,1,130,3536,47,0,41,165549.75,149752,357,81,0,0
1288856,1,129,3528,47,0,41,165549.75,149752,357,81,0,0
1289001,1,129,3526,47,0,41,165550.83,149752,357,81,0,0
1289126,1,129,3491,47,0,41,165550.83,149752,357,81,0,0
1289153,1,129,3551,47,0,41,165550.83,149752,357,81,0,0
1289356,1,129,3547,47,0,41,165550.83,149752,357,81,0,0
1289454,1,129,3491,48,0,41,165550.83,149752,354,81,0,0
1289553,1,129,3495,48,0,41,165550.83,149752,354,81,0,0
1289626,1,129,3495,48,0,41,165550.83,149752,354,81,0,0
1289826,1,128,3494,49,0,41,165551.86,149752,354,81,0,0
1289953,1,128,3498,49,0,41,165551.86,149752,354,81,0,0
1290053,1,128,3499,49,0,41,165551.86,149752,354,81,0,0
1290126,1,128,3499,49,0,41,165551.86,149752,354,81,0,0
1290301,1,128,3474,49,0,41,165551.86,149752,354,81,0,0
1290427,1,128,3508,50,0,41,165551.86,149752,354,81,0,0
1290541,1,128,3508,50,0,41,165552.92,149752,354,81,0,0
1290626,1,128,3501,50,0,41,165552.92,149752,354,81,0,0
1290753,1,128,3461,50,0,41,165552.92,149752,354,81,0,0
1290901,1,128,3457,51,0,41,165552.92,149752,354,81,0,0
1291006,1,128,3487,53,0,41,165552.92,149752,354,81,0,0
1291125,1,127,3459,58,0,41,165552.92,149752,354,81,0,0
1291230,1,127,3468,64,0,41,165553.95,149752,354,81,0,0
1291356,1,127,3472,69,0,41,165553.95,149752,354,81,0,0
1291501,1,127,3487,76,0,41,165553.95,149752,354,81,0,0
1291619,1,127,3472,79,0,41,165553.95,149752,354,81,0,0
1291753,1,127,3478,80,0,41,165555.00,149752,354,81,0,0
1291856,1,127,3486,82,0,41,165555.00,149752,354,81,0,0
1291953,1,127,3458,83,0,41,165555.00,149752,354,81,0,0
1292106,1,127,3470,83,0,41,165555.00,149752,354,81,0,0
1292133,1,127,3470,84,0,41,165555.00,149752,354,81,0,0
1292325,1,127,3466,85,0,41,165556.02,149752,354,81,0,0
1292455,1,127,3459,85,0,41,165556.02,149752,354,81,0,0
1292553,1,127,3483,85,0,41,165556.02,149752,354,81,0,0
1292625,1,127,3483,86,0,41,165556.02,149752,354,81,0,0
1292819,1,127,3461,86,0,41,165557.06,149752,354,81,0,0
1292925,1,127,3460,86,0,41,165557.06,149752,354,81,0,0
1293053,1,127,3458,86,0,41,165557.06,149752,354,81,0,0
1293153,1,127,3466,86,0,41,165558.12,149752,354,81,0,0
1293255,1,127,3466,86,0,41,165558.12,149752,354,81,0,0
1293408,1,128,3487,86,0,41,165558.12,149752,354,81,0,0
1293525,1,127,3494,86,0,41,165558.12,149752,354,81,0,0
1293619,1,127,3500,86,0,41,165559.20,149752,354,81,0,0
1293753,1,127,3466,86,0,41,165559.20,149752,354,81,0,0
1293856,1,128,3486,86,0,41,165559.20,149752,354,81,0,0
1294001,1,128,3486,86,0,41,165559.20,149752,354,81,0,0
1294116,1,128,3463,86,0,41,165560.28,149752,354,81,0,0
1294127,1,128,3463,86,0,41,165560.28,149752,354,81,0,0
1294356,1,127,3467,86,0,41,165560.28,149752,354,81,0,0
1294454,1,128,3464,86,0,41,165560.28,149752,354,81,0,0
1294553,1,128,3460,86,0,41,165561.36,149752,354,81,0,0
1294650,1,128,3492,86,0,41,165561.36,149752,354,81,0,0
1294825,1,127,3472,86,0,41,165561.36,149752,354,81,0,0
1294925,1,128,3473,85,0,41,165561.36,149752,354,81,0,0
1295053,1,128,3473,84,0,41,165562.45,149752,354,81,0,0
1295174,1,128,3472,80,0,41,165562.45,149752,354,81,0,0
1295301,1,128,3472,69,0,41,165562.45,149752,354,81,0,0
1295421,1,127,3458,66,0,41,165562.45,149752,354,81,0,0
1295541,1,127,3485,56,0,41,165562.45,149752,354,81,0,0
1295625,1,127,3468,50,0,41,165563.53,149752,354,81,0,0
1295753,1,127,3458,50,0,41,165563.53,149752,354,81,0,0
1295856,1,127,3473,48,0,41,165563.53,149752,354,81,0,0
1296006,1,127,3486,48,0,41,165563.53,149752,354,81,0,0
1296125,1,127,3429,48,0,41,165563.53,149752,354,81,0,0
1296153,1,127,3436,48,0,41,165563.53,149752,354,81,0,0
1296356,1,126,3445,48,0,41,165564.58,149752,354,81,0,0
1296455,1,126,3449,48,0,41,165564.58,149752,354,81,0,0
1296553,1,126,3450,48,0,41,165564.58,149752,354,81,0,0
1296627,1,126,3450,48,0,41,165564.58,149752,354,81,0,0
1296825,1,126,3448,48,0,41,165564.58,149752,354,81,0,0
1296953,1,126,3437,48,0,41,165564.58,149752,354,81,0,0
1297053,1,126,3431,48,0,41,165564.58,149752,354,81,0,0
1297153,1,126,3437,48,0,41,165565.62,149752,354,81,0,0
1297306,1,126,3409,48,0,41,165565.62,149752,354,81,0,0
1297431,1,125,3442,48,0,41,165565.62,149752,354,81,0,0
1297541,1,125,3445,49,0,41,165565.62,149752,354,81,0,0
1297625,1,125,3413,51,0,41,165565.62,149752,354,81,0,0
1297765,1,125,3409,51,0,41,165565.62,149752,354,81,0,0
1297906,1,125,3420,54,0,41,165566.67,149752,354,81,0,0
1298025,1,125,3406,55,0,41,165566.67,149752,354,81,0,0
1298127,1,125,3420,56,0,41,165566.67,149752,354,81,0,0
1298253,1,125,3396,56,0,41,165566.67,149752,354,81,0,0
1298356,1,125,3407,57,0,41,165566.67,149752,354,81,0,0
1298506,1,125,3398,57,0,41,165566.67,149752,354,81,0,0
1298627,1,125,3395,57,0,41,165567.70,149752,354,81,0,0
1298753,1,125,3416,57,0,41,165567.70,149752,354,81,0,0
1298856,1,125,3416,57,0,41,165567.70,149752,354,81,0,0
1299006,1,124,3423,57,0,41,165567.70,149752,354,81,0,0
1299116,1,124,3393,57,0,41,165567.70,149752,354,81,0,0
1299175,1,124,3361,57,0,41,165567.70,149752,354,81,0,0
1299356,1,124,3393,61,0,41,165568.73,149752,354,81,0,0
1299454,1,124,3418,71,0,41,165568.73,149752,354,81,0,0
1299553,1,124,3414,80,0,41,165568.73,149752,354,81,0,0
1299656,1,124,3394,93,0,41,165568.73,149752,354,81,0,0
1299825,1,124,3386,103,0,41,165569.78,149752,354,81,0,0
1299925,1,124,3400,105,0,41,165569.78,149752,354,81,0,0
1300053,1,124,3400,106,0,41,165569.78,149752,354,81,0,0
1300153,1,125,3399,108,0,41,165570.92,149752,354,81,0,0
1300306,1,125,3414,109,0,41,165570.92,149752,354,81,0,0
1300421,1,125,3394,110,0,41,165570.92,149752,354,81,0,0
1300540,1,125,3403,111,0,41,165571.95,149752,354,81,0,0
1300625,1,125,3412,113,0,41,165571.95,149752,354,81,0,0
1300763,1,125,3419,113,0,41,165571.95,149752,354,81,0,0
1300906,1,125,3435,119,0,41,165573.02,149752,354,81,0,0
1301025,1,125,3421,122,0,41,165573.02,149752,354,81,0,0
1301125,1,125,3440,123,0,41,165573.02,149752,354,81,0,0
1301253,1,125,3443,125,0,41,165574.16,149752,354,81,0,0
1301402,1,126,3454,127,0,41,165574.16,149752,354,81,0,0
1301506,1,126,3431,128,0,41,165575.16,149752,354,81,0,0
1301625,1,126,3436,128,0,41,165575.16,149752,354,81,0,0
1301753,1,126,3437,128,0,41,165576.19,149752,354,81,0,0
1301856,1,126,3440,128,0,41,165576.19,149752,354,81,0,0
1302006,1,126,3442,128,0,41,165577.22,149752,354,81,0,0
1302125,1,126,3453,128,0,41,165577.22,149752,354,81,0,0
1302249,1,126,3431,127,0,41,165578.27,149752,354,81,0,0
1302356,1,127,3470,126,0,41,165578.27,149752,354,81,0,0
1302453,1,127,3440,124,0,41,165579.34,149752,354,81,0,0
1302553,1,127,3477,119,0,41,165579.34,149752,354,81,0,0
1302654,1,127,3474,116,0,41,165579.34,149752,354,81,0,0
1302825,1,127,3473,113,0,41,165580.42,149752,354,81,0,0
1302953,1,127,3487,112,0,41,165580.42,149752,354,81,0,0
1303053,1,127,3477,112,0,41,165581.48,149752,354,81,0,0
1303153,1,127,3463,111,0,41,165581.48,149752,354,81,0,0
1303306,1,127,3484,111,0,41,165582.52,149752,354,81,0,0
1303430,1,127,3469,111,0,41,165582.52,149752,354,81,0,0
1303550,1,127,3484,111,0,41,165582.52,149752,354,81,0,0
1303625,1,127,3477,110,0,41,165583.70,149752,354,81,0,0
1303761,1,127,3482,110,0,41,165583.70,149752,354,81,0,0
1303905,1,127,3469,110,0,41,165583.70,149752,354,81,0,0
1304025,1,127,3464,110,0,41,165584.86,149752,354,81,0,0
1304125,1,127,3456,110,0,41,165584.86,149752,354,81,0,0
1304253,1,127,3477,110,0,41,165584.86,149752,354,81,0,0
1304356,1,127,3472,107,0,41,165585.98,149752,354,81,0,0
1304506,1,127,3467,100,0,41,165585.98,149752,354,81,0,0
1304625,1,127,3481,99,0,41,165587.08,149752,354,81,0,0
1304761,1,127,3457,99,0,41,165587.08,149752,354,81,0,0
1304856,1,127,3458,99,0,41,165587.08,149752,354,81,0,0
1305040,1,127,3486,99,0,41,165588.08,149752,354,81,0,0
1305153,1,127,3479,99,0,41,165588.08,149752,354,81,0,0
1305273,1,127,3479,99,0,41,165588.08,149752,354,81,0,0
1305421,1,127,3471,99,0,41,165589.22,149752,354,81,0,0
1305540,1,127,3469,99,0,41,165589.22,149752,354,81,0,0
1305653,1,126,3475,99,0,41,165589.22,149752,354,81,0,0
1305671,1,126,3475,99,0,41,165589.22,149752,354,81,0,0
1305856,1,126,3445,99,0,41,165590.34,149752,354,81,0,0
1306006,1,127,3445,99,0,41,165590.34,149752,354,81,0,0
1306125,1,126,3443,99,0,41,165591.47,149752,354,81,0,0
1306170,1,126,3443,99,0,41,165591.47,149752,354,81,0,0
1306356,1,126,3443,99,0,41,165591.47,149752,354,81,0,0
1306454,1,126,3444,98,0,41,165591.47,149753,354,81,0,0
1306606,1,126,3444,97,0,41,165592.59,149753,354,81,0,0
1306670,1,126,3443,88,0,41,165592.59,149753,354,81,0,0
1306836,1,126,3424,88,0,41,165592.59,149753,354,81,0,0
1306953,1,126,3446,88,0,41,165593.69,149753,354,81,0,0
1307053,1,126,3425,88,0,41,165593.69,149753,354,81,0,0
1307156,1,126,3435,88,0,41,165593.69,149753,354,81,0,0
1307315,1,126,3441,88,0,41,165593.69,149753,354,81,0,0
1307430,1,125,3449,88,0,41,165594.78,149753,354,81,0,0
1307553,1,125,3421,88,0,41,165594.78,149753,354,81,0,0
1307653,1,125,3421,88,0,41,165594.78,149753,354,81,0,0
1307759,1,125,3421,88,0,41,165594.78,149753,354,81,0,0
1307906,1,125,3420,88,0,41,165595.91,149753,354,81,0,0
1308025,1,125,3421,88,0,41,165595.91,149753,354,81,0,0
1308150,1,125,3420,88,0,41,165595.91,149753,354,81,0,0
1308154,1,125,3420,88,0,41,165595.91,149753,354,81,0,0
1308356,1,125,3405,88,0,41,165597.03,149753,354,81,0,0
1308500,1,125,3407,88,0,41,165597.03,149753,354,81,0,0
1308619,1,125,3415,88,0,41,165597.03,149753,354,81,0,0
1308653,1,124,3415,88,0,41,165598.12,149753,354,81,0,0
1308856,1,124,3382,88,0,41,165598.12,149753,354,81,0,0
1308953,1,124,3381,88,0,41,165598.12,149753,354,81,0,0
1309053,1,124,3381,88,0,41,165598.12,149753,354,81,0,0
1309153,1,124,3379,88,0,41,165599.23,149753,354,81,0,0
1309325,1,124,3380,88,0,41,165599.23,149753,354,81,0,0
1309426,1,124,3380,88,0,41,165599.23,149753,354,81,0,0
1309553,1,124,3364,88,0,41,165599.23,149753,354,81,0,0
1309675,1,124,3375,88,0,41,165600.33,149753,354,81,0,0
1309758,1,124,3375,88,0,41,165600.33,149753,354,81,0,0
1309920,1,123,3381,88,0,41,165600.33,149753,354,81,0,0
1310040,1,123,3380,88,0,41,165600.33,149753,354,81,0,0
1310153,1,123,3379,88,0,41,165601.42,149753,354,81,0,0
1310270,1,123,3379,88,0,41,165601.42,149753,354,81,0,0
1310408,1,123,3347,88,0,41,165601.42,149753,354,81,0,0
1310525,1,123,3379,88,0,41,165602.52,149753,354,81,0,0
1310650,1,123,3339,88,0,41,165602.52,149753,354,81,0,0
1310670,1,123,3330,88,0,41,165602.52,149753,354,81,0,0
1310859,1,123,3345,88,0,41,165602.52,149753,354,81,0,0
1311000,1,123,3346,88,0,41,165603.59,149753,354,81,0,0
1311116,1,123,3345,88,0,41,165603.59,149753,354,81,0,0
1311185,1,123,3343,88,0,41,165603.59,149753,354,81,0,0
1311356,1,123,3343,88,0,41,165603.59,149753,354,81,0,0
1311453,1,122,3343,88,0,41,165604.69,149753,354,81,0,0
1311553,1,122,3341,88,0,41,165604.69,149753,354,81,0,0
1311650,1,122,3341,88,0,41,165604.69,149753,354,81,0,0
1311825,1,122,3359,88,0,41,165604.69,149753,354,81,0,0
1311925,1,122,3337,88,0,41,165605.77,149753,354,81,0,0
1312053,1,122,3344,88,0,41,165605.77,149753,354,81,0,0
1312156,1,122,3344,88,0,41,165605.77,149753,354,81,0,0
1312269,1,122,3344,88,0,41,165605.77,149753,354,81,0,0
1312421,1,122,3344,88,0,41,165606.86,149753,354,81,0,0
1312540,1,122,3312,88,0,41,165606.86,149753,354,81,0,0
1312650,1,122,3343,88,0,41,165606.86,149753,354,81,0,0
1312756,1,122,3299,88,0,41,165606.86,149753,354,81,0,0
1312905,1,122,3309,94,0,41,165607.95,149753,354,81,0,0
1313025,1,122,3346,94,0,41,165607.95,149753,354,81,0,0
1313140,1,122,3301,94,0,41,165607.95,149753,354,81,0,0
1313168,1,122,3309,94,0,41,165607.95,149753,354,81,0,0
1313356,1,122,3318,95,0,41,165609.08,149753,354,81,0,0
1313500,1,122,3340,96,0,41,165609.08,149753,354,81,0,0
1313619,1,122,3306,96,0,41,165609.08,149753,354,81,0,0
1313656,1,122,3344,96,0,41,165610.09,149753,354,81,0,0
1313856,1,122,3334,96,0,41,165610.09,149753,354,81,0,0
1313953,1,122,3336,96,0,41,165610.09,149753,354,81,0,0
1314053,1,122,3303,96,0,41,165611.14,149753,354,81,0,0
1314153,1,122,3335,96,0,41,165611.14,149753,354,81,0,0
1314325,1,122,3336,96,0,41,165611.14,149753,354,81,0,0
1314453,1,122,3306,96,0,41,165612.19,149753,354,81,0,0
1314553,1,122,3334,96,0,41,165612.19,149753,354,81,0,0
1314670,1,122,3323,96,0,41,165612.19,149753,354,81,0,0
1314790,1,122,3323,96,0,41,165612.19,149753,354,81,0,0
1314925,1,122,3336,96,0,41,165613.23,149753,354,81,0,0
1315053,1,122,3337,96,0,41,165613.23,149753,354,81,0,0
1315153,1,122,3335,96,0,41,165613.23,149753,354,81,0,0
1315267,1,122,3335,96,0,41,165614.28,149753,354,81,0,0
1315407,1,122,3335,96,0,41,165614.28,149753,354,81,0,0
1315525,1,122,3335,96,0,41,165614.28,149753,354,81,0,0
1315650,1,122,3359,96,0,41,165615.33,149753,354,81,0,0
1315670,1,122,3354,96,0,41,165615.33,149753,354,81,0,0
1315856,1,122,3332,96,0,41,165615.33,149753,354,81,0,0
1316000,1,122,3332,41,0,41,165615.33,149753,354,81,0,0
1316116,1,122,3296,0,0,41,165616.38,149753,354,81,0,0
1316150,1,122,3296,0,0,41,165616.38,149753,354,81,0,0
1316356,1,122,3339,0,0,41,165616.38,149753,354,81,0,0
1316453,1,122,3338,0,0,41,165616.38,149753,354,81,0,0
1316553,1,122,3316,0,0,41,165616.38,149753,354,81,0,0
1316670,1,121,3321,0,0,41,165616.38,149753,354,81,0,0
1316830,1,121,3324,0,0,41,165616.38,149753,354,81,0,0
1316925,1,121,3296,0,0,41,165616.38,149753,354,81,0,0
1317053,1,121,3299,0,0,41,165616.38,149753,354,81,0,0
1317182,1,121,3298,0,0,41,165617.39,149753,354,81,0,0
1317265,1,121,3266,0,0,41,165617.39,149753,354,81,0,0
1317420,1,120,3267,0,0,41,165617.39,149753,354,81,0,0
1317525,1,120,3286,0,0,41,165617.39,149753,354,81,0,0
1317653,1,120,3274,0,0,41,165617.39,149753,354,81,0,0
1317671,1,120,3274,0,0,41,165617.39,149753,354,81,0,0
1317858,1,120,3292,0,0,41,165617.39,149753,354,81,0,0
1318005,1,119,3232,0,46,41,165617.39,149753,354,81,0,0
1318116,1,119,3232,0,58,41,165617.39,149753,354,81,0,0
1318170,1,119,3232,0,68,41,165617.39,149753,354,81,0,0
1318356,1,118,3168,0,82,41,165617.39,149753,354,81,0,0
1318454,1,117,3200,0,86,41,165617.39,149753,354,81,0,0
1318552,1,117,3168,0,86,41,165617.39,149753,354,81,0,0
1318670,1,116,3136,0,92,41,165617.39,149753,354,81,0,0
1318805,1,116,3136,0,92,41,165617.39,149753,354,81,0,0
1318952,1,115,3104,0,100,41,165617.39,149753,354,81,0,0
1319053,1,114,3104,0,104,41,165617.39,149753,354,82,0,0
1319170,1,114,3072,0,102,41,165617.39,149753,354,82,0,0
1319305,1,113,3072,0,102,41,165617.39,149753,354,82,0,0
1319430,1,112,3040,0,104,41,165617.39,149753,351,82,0,0
1319553,1,111,3040,0,54,41,165617.39,149753,351,82,0,0
1319652,1,111,3040,0,6,41,165617.39,149753,351,82,0,0
1319805,1,111,3008,0,6,41,165617.39,149753,351,82,0,0
1319925,1,111,3008,0,14,41,165617.39,149753,351,82,0,0
1320040,1,111,3008,0,14,41,165617.39,149753,351,82,0,0
1320153,1,111,3008,0,16,41,165617.39,149753,351,82,0,0
1320264,1,111,3008,0,16,41,165617.39,149753,351,82,0,0
1320407,1,111,3008,0,18,41,165617.39,149753,351,82,0,0
1320525,1,110,3008,0,18,41,165617.39,149753,351,82,0,0
1320625,1,110,3008,0,18,41,165617.39,149753,351,82,0,0
1320670,1,110,2976,0,18,41,165617.39,149753,351,82,0,0
1320857,1,110,2976,0,20,41,165617.39,149753,351,82,0,0
1321000,1,110,2976,0,20,41,165617.39,149753,351,82,0,0
1321105,1,109,2976,0,22,41,165617.39,149753,351,82,0,0
1321170,1,109,2976,0,22,41,165617.39,149753,351,82,0,0
1321353,1,109,2944,0,26,41,165617.39,149753,351,82,0,0
1321454,1,109,2944,0,36,41,165617.39,149753,351,82,0,0
1321552,1,108,2944,0,52,41,165617.39,149753,351,82,0,0
1321670,1,108,2944,0,64,41,165617.39,149753,351,82,0,0
1321790,1,108,2944,0,64,41,165617.39,149753,351,82,0,0
1321925,1,107,2912,0,72,41,165617.39,149753,351,82,0,0
1322052,1,106,2880,0,74,41,165617.39,149753,351,82,0,0
1322170,1,106,2880,0,82,41,165617.39,149753,351,82,0,0
1322300,1,106,2880,0,82,41,165617.39,149753,351,82,0,0
1322430,1,105,2848,0,86,41,165617.39,149753,351,82,0,0
1322552,1,104,2816,0,88,41,165617.39,149753,351,82,0,0
1322652,1,104,2816,0,88,41,165617.39,149753,351,82,0,0
1322790,1,104,2784,0,88,41,165617.39,149753,351,82,0,0
1322920,1,104,2784,0,82,41,165617.39,149753,351,82,0,0
1323040,1,102,2784,0,26,41,165617.39,149753,351,82,0,0
1323153,1,102,2784,0,18,41,165617.39,149753,351,82,0,0
1323171,1,102,2784,0,18,41,165617.39,149753,351,82,0,0
1323355,1,102,2752,0,34,41,165617.39,149753,351,82,0,0
1323505,1,101,2752,0,44,41,165617.39,149753,351,82,0,0
1323625,1,101,2752,0,50,41,165617.39,149753,351,82,0,0
1323655,1,101,2720,0,50,41,165617.39,149753,351,82,0,0
1323856,1,101,2720,0,2,41,165617.39,149753,351,82,0,0
1323954,1,100,2720,0,0,41,165617.39,149753,351,82,0,0
1324053,1,100,2720,0,0,41,165617.39,149753,351,82,0,0
1324170,1,100,2720,0,0,41,165617.39,149753,351,82,0,0
1324330,1,100,2720,0,0,41,165617.39,149753,351,81,0,0
1324454,1,100,2688,0,0,41,165617.39,149753,351,81,0,0
1324552,1,99,2688,0,0,41,165617.39,149753,351,81,0,0
1324652,1,99,2688,0,0,41,165617.39,149753,351,81,0,0
1324790,1,99,2688,0,0,41,165617.39,149753,351,81,0,0
1324925,1,99,2688,0,0,41,165617.39,149753,351,81,0,0
1325040,1,99,2688,0,0,41,165617.39,149753,351,81,0,0
1325152,1,99,2656,0,0,41,165617.39,149753,351,81,0,0
1325260,1,99,2656,1,0,41,165617.39,149753,351,81,0,0
1325407,1,98,2705,10,0,41,165617.39,149753,351,81,0,0
1325524,1,98,2719,18,0,41,165617.39,149753,351,81,0,0
1325624,1,98,2664,24,0,41,165617.39,149753,351,81,0,0
1325670,1,98,2680,24,0,41,165617.39,149753,351,81,0,0
1325855,1,98,2671,29,0,41,165617.39,149753,351,81,0,0
1325999,1,98,2663,42,0,41,165617.39,149753,351,81,0,0
1326115,1,98,2677,46,0,41,165617.39,149753,351,81,0,0
1326203,1,98,2670,49,0,41,165617.39,149753,351,81,0,0
1326352,1,98,2684,55,0,41,165617.39,149753,351,81,0,0
1326453,1,97,2680,59,0,41,165618.44,149753,351,81,0,0
1326552,1,97,2685,63,0,41,165618.44,149753,351,81,0,0
1326670,1,97,2662,63,0,41,165618.44,149753,351,81,0,0
1326824,1,97,2685,63,0,41,165618.44,149753,351,81,0,0
1326924,1,97,2684,63,0,41,165618.44,149753,351,81,0,0
1327053,1,97,2664,63,0,41,165618.44,149753,351,81,0,0
1327176,1,97,2663,63,0,41,165619.47,149753,351,81,0,0
1327259,1,97,2663,63,0,41,165619.47,149753,351,81,0,0
1327407,1,97,2687,63,0,41,165619.47,149753,351,81,0,0
1327524,1,97,2679,63,0,41,165619.47,149753,351,81,0,0
1327624,1,97,2645,63,0,41,165619.47,149753,351,81,0,0
1327669,1,97,2686,63,0,41,165619.47,149753,351,81,0,0
1327855,1,97,2629,63,0,41,165620.48,149753,351,81,0,0
1327999,1,97,2661,63,0,41,165620.48,149753,351,81,0,0
1328115,1,97,2625,63,0,41,165620.48,149753,351,81,0,0
1328152,1,97,2652,63,0,41,165620.48,149753,351,81,0,0
1328355,1,97,2631,65,0,41,165620.48,149753,351,81,0,0
1328454,1,97,2664,68,0,41,165620.48,149753,351,81,0,0
1328552,1,97,2636,72,0,41,165621.52,149753,351,81,0,0
1328651,1,97,2668,73,0,41,165621.52,149753,351,81,0,0
1328824,1,97,2653,73,0,41,165621.52,149753,351,81,0,0
1328924,1,97,2657,73,0,41,165621.52,149753,351,81,0,0
1329053,1,97,2628,73,0,41,165621.52,149753,351,81,0,0
1329169,1,97,2657,73,0,41,165621.52,149753,351,81,0,0
1329299,1,97,2625,73,0,41,165622.53,149753,351,81,0,0
1329430,1,97,2683,73,0,41,165622.53,149753,351,81,0,0
1329552,1,97,2677,73,0,41,165622.53,149753,351,81,0,0
1329655,1,97,2680,73,0,41,165622.53,149753,351,81,0,0
1329771,1,97,2680,73,0,41,165622.53,149753,351,81,0,0
1329919,1,97,2652,73,0,41,165622.53,149753,351,81,0,0
1330039,1,97,2652,73,0,41,165623.55,149753,351,81,0,0
1330155,1,97,2654,72,0,41,165623.55,149753,351,81,0,0
1330257,1,97,2686,72,0,41,165623.55,149753,351,81,0,0
1330407,1,97,2654,72,0,41,165623.55,149753,351,81,0,0
1330524,1,97,2686,72,0,41,165623.55,149753,351,81,0,0
1330624,1,97,2650,72,0,41,165624.58,149753,351,81,0,0
1330670,1,97,2648,72,0,41,165624.58,149753,351,81,0,0
1330855,1,97,2635,72,0,41,165624.58,149753,351,81,0,0
1330999,1,97,2676,72,0,41,165624.58,149753,351,81,0,0
1331115,1,97,2682,72,0,42,165624.58,149753,351,81,0,0
1331171,1,97,2653,72,0,42,165625.58,149753,351,81,0,0
1331355,1,97,2654,72,0,42,165625.58,149753,351,81,0,0
1331453,1,97,2685,72,0,42,165625.58,149753,351,81,0,0
1331552,1,97,2684,72,0,42,165625.58,149753,351,81,0,0
1331669,1,97,2685,74,0,42,165625.58,149753,351,81,0,0
1331805,1,97,2684,76,0,42,165626.61,149753,351,81,0,0
1331924,1,97,2656,78,0,42,165626.61,149753,351,81,0,0
1332053,1,97,2678,78,0,42,165626.61,149753,351,81,0,0
1332169,1,97,2679,83,0,42,165626.61,149753,351,81,0,0
1332289,1,97,2679,87,0,42,165626.61,149753,351,81,0,0
1332429,1,98,2660,101,0,42,165627.70,149753,351,81,0,0
1332539,1,98,2659,103,0,42,165627.70,149753,351,81,0,0
1332655,1,98,2664,107,0,42,165627.70,149753,351,81,0,0
1332769,1,98,2664,107,0,42,165627.70,149753,351,81,0,0
1332919,1,98,2683,110,0,42,165628.81,149753,351,81,0,0
1333024,1,99,2689,111,0,42,165628.81,149753,351,81,0,0
1333149,1,99,2694,111,0,42,165628.81,149753,351,81,0,0
1333170,1,99,2699,111,0,42,165628.81,149753,351,81,0,0
1333355,1,99,2697,112,0,42,165629.86,149753,351,81,0,0
1333505,1,99,2696,113,0,42,165629.86,149753,351,81,0,0
1333624,1,99,2695,114,0,42,165630.91,149753,351,81,0,0
1333689,1,99,2696,114,0,42,165630.91,149753,351,81,0,0
1333855,1,100,2748,114,0,42,165630.91,149753,351,81,0,0
1333953,1,100,2722,114,0,42,165630.91,149753,351,81,0,0
1334054,1,100,2723,114,0,42,165631.98,149753,351,81,0,0
1334169,1,100,2726,113,0,42,165631.98,149753,351,81,0,0
1334324,1,100,2728,105,0,42,165631.98,149753,351,81,0,0
1334450,1,101,2731,102,0,42,165633.09,149753,351,81,0,0
1334552,1,101,2735,98,0,42,165633.09,149753,351,81,0,0
1334669,1,101,2774,94,0,42,165633.09,149753,351,81,0,0
1334805,1,101,2778,86,0,42,165634.14,149753,351,81,0,0
1334924,1,101,2755,85,0,42,165634.14,149753,351,81,0,0
1335053,1,101,2752,82,0,42,165634.14,149753,351,81,0,0
1335169,1,101,2783,78,0,42,165634.14,149753,351,81,0,0
1335289,1,101,2783,75,0,42,165634.14,149753,351,81,0,0
1335430,1,101,2753,72,0,42,165635.22,149753,351,81,0,0
1335552,1,101,2768,72,0,42,165635.22,149753,351,81,0,0
1335669,1,101,2765,69,0,42,165635.22,149753,351,81,0,0
1335767,1,101,2765,65,0,42,165635.22,149753,351,81,0,0
1335924,1,101,2765,54,0,42,165635.22,149753,351,81,0,0
1336039,1,101,2759,44,0,42,165636.30,149753,351,81,0,0
1336155,1,101,2755,25,0,42,165636.30,149753,351,81,0,0
1336279,1,101,2723,13,0,42,165636.30,149753,351,81,0,0
1336401,1,101,2731,11,0,42,165636.30,149753,351,81,0,0
1336505,1,101,2754,11,0,42,165636.30,149753,351,81,0,0
1336624,1,100,2728,11,0,42,165636.30,149753,351,81,0,0
1336669,1,100,2731,11,0,42,165636.30,149753,351,81,0,0
1336855,1,100,2765,27,0,42,165636.30,149753,351,81,0,0
1336953,1,100,2747,32,0,42,165636.30,149753,351,81,0,0
1337105,1,100,2724,32,0,42,165636.30,149753,351,81,0,0
1337169,1,100,2739,33,0,42,165636.30,149753,351,81,0,0
1337324,1,100,2738,34,0,42,165637.34,149753,351,81,0,0
1337458,1,100,2733,35,0,42,165637.34,149753,351,81,0,0
1337553,1,100,2732,37,0,42,165637.34,149753,351,81,0,0
1337669,1,100,2707,38,0,42,165637.34,149753,351,81,0,0
1337805,1,100,2749,38,0,42,165637.34,149753,351,81,0,0
1337924,1,100,2724,38,0,42,165637.34,149753,351,81,0,0
1338053,1,100,2712,39,0,42,165637.34,149753,351,81,0,0
1338156,1,99,2710,39,0,42,165637.34,149753,351,81,0,0
1338289,1,99,2710,39,0,42,165637.34,149753,351,81,0,0
1338426,1,99,2689,0,0,42,165637.34,149753,351,81,0,0
1338539,1,99,2691,0,0,42,165638.41,149754,351,81,0,0
1338656,1,99,2709,0,0,42,165638.41,149754,351,81,0,0
1338791,1,99,2709,0,0,42,165638.41,149754,351,81,0,0
1338919,1,99,2695,0,28,42,165638.41,149754,351,81,0,0
1339024,1,99,2667,0,16,42,165638.41,149754,351,81,0,0
1339149,1,98,2667,0,12,42,165638.41,149754,351,81,0,0
1339172,1,98,2699,0,12,42,165638.41,149754,351,81,0,0
1339355,1,98,2683,0,0,42,165638.41,149754,351,81,0,0
1339499,1,98,2660,0,0,42,165638.41,149754,351,81,0,0
1339618,1,98,2663,0,0,42,165638.41,149754,351,81,0,0
1339705,1,98,2656,0,0,42,165638.41,149754,351,81,0,0
1339857,1,97,2684,0,0,42,165638.41,149754,351,81,0,0
1339955,1,97,2684,0,0,42,165638.41,149754,351,81,0,0
1340053,1,97,2667,0,0,42,165638.41,149754,351,81,0,0
1340169,1,97,2652,0,0,42,165638.41,149754,351,81,0,0
1340324,1,97,2652,0,0,42,165638.41,149754,351,81,0,0
1340429,1,97,2637,12,0,42,165638.41,149754,351,81,0,0
1340553,1,96,2635,22,0,42,165638.41,149754,351,81,0,0
1340669,1,97,2687,24,0,42,165638.41,149754,351,81,0,0
1340805,1,97,2629,28,0,42,165638.41,149754,351,81,0,0
1340924,1,96,2595,28,0,42,165639.45,149754,351,81,0,0
1341053,1,96,2633,18,0,42,165639.45,149754,351,81,0,0
1341169,1,96,2624,53,0,42,165639.45,149754,351,81,0,0
1341289,1,96,2624,57,0,42,165639.45,149754,351,81,0,0
1341425,1,96,2607,49,0,42,165639.45,149754,351,81,0,0
1341539,1,96,2655,53,0,42,165639.45,149754,351,81,0,0
1341655,1,96,2639,66,0,42,165639.45,149754,351,81,0,0
1341763,1,96,2639,70,0,42,165639.45,149754,351,81,0,0
1341905,1,96,2630,72,0,42,165640.53,149754,351,81,0,0
1342024,1,96,2641,79,0,42,165640.53,149754,351,81,0,0
1342124,1,96,2629,81,0,42,165640.53,149754,351,81,0,0
1342169,1,96,2651,81,0,42,165640.53,149754,351,81,0,0
1342355,1,96,2643,81,0,42,165640.53,149754,351,81,0,0
1342458,1,97,2641,81,0,42,165641.62,149754,351,81,0,0
1342605,1,97,2630,81,0,42,165641.62,149754,351,81,0,0
1342669,1,97,2654,81,0,42,165641.62,149754,351,81,0,0
1342839,1,97,2646,81,0,42,165641.62,149754,351,81,0,0
1342954,1,97,2627,81,0,42,165642.66,149754,351,81,0,0
1343057,1,97,2630,81,0,42,165642.66,149754,351,81,0,0
1343175,1,97,2630,81,0,42,165642.66,149754,351,81,0,0
1343304,1,97,2663,81,0,42,165642.66,149754,351,81,0,0
1343429,1,97,2633,81,0,42,165642.66,149754,351,81,0,0
1343553,1,97,2681,81,0,42,165643.69,149754,351,81,0,0
1343658,1,97,2686,83,0,42,165643.69,149754,351,81,0,0
1343804,1,97,2662,83,0,42,165643.69,149754,351,81,0,0
1343924,1,98,2667,83,0,42,165643.69,149754,351,81,0,0
1344039,1,98,2670,84,0,42,165643.69,149754,351,81,0,0
1344149,1,98,2673,84,0,42,165644.72,149754,351,81,0,0
1344184,1,98,2674,84,0,42,165644.72,149754,351,81,0,0
1344357,1,98,2678,86,0,42,165644.72,149754,351,81,0,0
1344505,1,98,2699,104,0,42,165644.72,149754,351,81,0,0
1344624,1,98,2686,105,0,42,165644.72,149754,351,81,0,0
1344658,1,98,2702,105,0,42,165645.84,149754,351,81,0,0
1344857,1,98,2716,106,0,42,165645.84,149754,351,81,0,0
1344954,1,99,2693,105,0,42,165645.84,149754,351,81,0,0
1345057,1,99,2699,105,0,42,165645.84,149754,351,81,0,0
1345169,1,99,2703,105,0,42,165646.95,149754,351,81,0,0
1345324,1,99,2704,105,0,42,165646.95,149754,351,81,0,0
1345429,1,99,2705,104,0,42,165646.95,149754,351,81,0,0
1345558,1,99,2705,103,0,42,165647.97,149754,351,81,0,0
1345669,1,100,2737,103,0,42,165647.97,149754,351,81,0,0
1345799,1,100,2736,103,0,42,165647.97,149754,351,81,0,0
1345924,1,100,2735,103,0,42,165648.98,149754,351,81,0,0
1346054,1,100,2729,103,0,42,165648.98,149754,351,81,0,0
1346169,1,100,2720,103,0,42,165648.98,149754,351,81,0,0
1346304,1,100,2745,103,0,42,165649.98,149754,351,81,0,0
1346429,1,101,2745,103,0,42,165649.98,149754,351,81,0,0
1346549,1,101,2754,103,0,42,165649.98,149754,351,81,0,0
1346658,1,101,2754,103,0,42,165651.11,149754,351,81,0,0
1346786,1,101,2754,103,0,42,165651.11,149754,351,81,0,0
1346904,1,101,2752,100,0,42,165651.11,149754,351,81,0,0
1347024,1,101,2753,96,0,42,165651.11,149754,351,81,0,0
1347124,1,101,2780,92,0,42,165652.23,149754,351,81,0,0
1347169,1,101,2761,92,0,42,165652.23,149754,351,81,0,0
1347357,1,101,2775,90,0,42,165652.23,149754,351,81,0,0
1347457,1,101,2752,90,0,42,165652.23,149754,351,81,0,0
1347607,1,101,2763,73,0,42,165653.34,149754,351,81,0,0
1347669,1,102,2761,73,0,42,165653.34,149754,351,81,0,0
1347852,1,102,2753,44,0,42,165653.34,149754,351,81,0,0
1348007,1,101,2772,44,0,42,165653.34,149754,351,81,0,0
1348124,1,101,2762,44,0,42,165653.34,149754,351,81,0,0
1348199,1,101,2768,46,0,42,165653.34,149754,351,81,0,0
1348355,1,101,2767,50,0,42,165653.34,149754,351,82,0,0
1348457,1,101,2778,52,0,42,165653.34,149754,351,82,0,0
1348607,1,101,2747,57,0,42,165654.41,149754,351,82,0,0
1348682,1,101,2780,57,0,42,165654.41,149754,351,82,0,0
1348835,1,101,2765,67,0,42,165654.41,149754,351,82,0,0
1348957,1,101,2740,67,0,42,165654.41,149754,351,82,0,0
1349058,1,101,2737,67,0,42,165654.41,149754,351,82,0,0
1349169,1,101,2773,59,0,42,165654.41,149754,351,82,0,0
1349314,1,101,2722,10,0,42,165655.44,149754,351,82,0,0
1349429,1,100,2689,14,0,42,165655.44,149754,352,82,0,0
1349549,1,100,2722,30,0,42,165655.44,149754,352,82,0,0
1349669,1,100,2752,34,0,42,165655.44,149754,352,82,0,0
1349699,1,100,2752,37,0,42,165655.44,149754,352,82,0,0
1349899,1,100,2730,43,0,42,165655.44,149754,352,82,0,0
1350007,1,100,2745,47,0,42,165655.44,149754,352,82,0,0
1350124,1,100,2730,51,0,42,165655.44,149754,352,82,0,0
1350171,1,100,2725,51,0,42,165655.44,149754,352,82,0,0
1350357,1,100,2729,53,0,42,165655.44,149754,352,82,0,0
1350458,1,100,2722,53,0,42,165656.48,149754,352,82,0,0
1350605,1,100,2720,57,0,42,165656.48,149754,352,82,0,0
1350724,1,100,2748,62,0,42,165656.48,149754,352,82,0,0
1350824,1,100,2725,62,0,42,165656.48,149754,352,82,0,0
1350957,1,100,2737,61,0,42,165656.48,149754,352,82,0,0
1351057,1,100,2710,60,0,41,165656.48,149754,352,82,0,0
1351171,1,100,2734,60,0,41,165657.55,149754,352,82,0,0
1351307,1,100,2717,55,0,41,165657.55,149754,352,82,0,0
1351450,1,100,2743,53,0,41,165657.55,149754,352,82,0,0
1351557,1,99,2736,53,0,41,165657.55,149754,352,82,0,0
1351671,1,99,2704,53,0,41,165657.55,149754,352,82,0,0
1351799,1,99,2704,59,0,41,165657.55,149754,352,82,0,0
1351924,1,99,2745,61,0,41,165658.55,149754,352,82,0,0
1352057,1,99,2694,61,0,41,165658.55,149754,352,82,0,0
1352171,1,99,2702,61,0,41,165658.55,149754,352,82,0,0
1352219,1,99,2702,61,0,41,165658.55,149754,352,82,0,0
1352409,1,99,2691,61,0,41,165658.55,149754,352,82,0,0
1352524,1,99,2693,59,0,41,165658.55,149754,352,82,0,0
1352624,1,99,2697,56,0,41,165659.56,149754,352,82,0,0
1352722,1,99,2696,52,0,41,165659.56,149754,352,82,0,0
1352859,1,99,2688,52,0,41,165659.56,149754,352,82,0,0
1352999,1,99,2700,44,0,41,165659.56,149754,352,82,0,0
1353107,1,99,2710,44,0,41,165659.56,149754,352,82,0,0
1353171,1,99,2714,44,0,41,165659.56,149754,352,82,0,0
1353352,1,99,2690,52,0,41,165659.56,149754,352,82,0,0
1353458,1,99,2700,56,0,41,165659.56,149754,352,82,0,0
1353557,1,99,2697,57,0,41,165660.59,149754,352,82,0,0
1353671,1,99,2712,58,0,41,165660.59,149754,352,82,0,0
1353807,1,99,2712,59,0,41,165660.59,149754,352,82,0,0
1353951,1,99,2709,59,0,41,165660.59,149754,352,82,0,0
1354058,1,99,2713,59,0,41,165660.59,149754,352,82,0,0
1354171,1,99,2689,59,0,41,165660.59,149754,352,82,0,0
1354307,1,99,2691,61,0,41,165660.59,149754,352,82,0,0
1354429,1,99,2689,61,0,41,165661.66,149754,352,82,0,0
1354557,1,99,2710,61,0,41,165661.66,149754,352,82,0,0
1354671,1,99,2717,61,0,41,165661.66,149754,352,82,0,0
1354789,1,99,2717,61,0,41,165661.66,149754,352,82,0,0
1354924,1,99,2695,61,0,41,165661.66,149754,352,82,0,0
1355049,1,99,2694,61,0,41,165661.66,149754,352,82,0,0
1355157,1,99,2714,61,0,41,165662.67,149754,352,82,0,0
1355199,1,99,2714,61,0,41,165662.67,149754,352,82,0,0
1355401,1,99,2692,61,0,41,165662.67,149754,352,82,0,0
1355507,1,99,2691,61,0,41,165662.67,149754,352,82,0,0
1355624,1,99,2718,61,0,41,165662.67,149754,352,82,0,0
1355671,1,99,2711,61,0,41,165662.67,149754,352,82,0,0
1355857,1,99,2689,61,0,41,165663.69,149754,352,82,0,0
1355957,1,99,2691,61,0,41,165663.69,149754,352,82,0,0
1356107,1,99,2692,61,0,41,165663.69,149754,352,82,0,0
1356214,1,99,2715,52,0,41,165663.69,149754,352,82,0,0
1356335,1,99,2710,52,0,41,165663.69,149754,352,82,0,0
1356459,1,99,2716,52,0,41,165663.69,149754,352,82,0,0
1356557,1,99,2716,54,0,41,165664.72,149754,352,82,0,0
1356671,1,99,2690,56,0,41,165664.72,149754,352,82,0,0
1356807,1,99,2680,56,0,41,165664.72,149754,352,82,0,0
1356957,1,98,2668,56,0,41,165664.72,149754,352,82,0,0
1357056,1,98,2699,56,0,41,165664.72,149754,352,82,0,0
1357171,1,98,2692,54,0,41,165664.72,149754,352,82,0,0
1357307,1,98,2687,51,0,41,165664.72,149754,352,82,0,0
1357429,1,98,2675,47,0,41,165665.77,149754,352,82,0,0
1357557,1,98,2682,45,0,41,165665.77,149754,352,82,0,0
1357671,1,98,2659,45,0,41,165665.77,149754,352,82,0,0
1357671,1,98,2659,45,0,41,165665.77,149754,352,82,0,0
1357919,1,98,2665,45,0,41,165665.77,149754,352,82,0,0
1358024,1,98,2671,45,0,41,165665.77,149754,352,82,0,0
1358149,1,97,2676,45,0,41,165665.77,149754,352,82,0,0
1358209,1,97,2679,45,0,41,165665.77,149754,352,82,0,0
1358357,1,97,2639,45,0,41,165666.77,149754,352,82,0,0
1358507,1,97,2638,45,0,41,165666.77,149754,352,82,0,0
1358623,1,97,2645,50,0,41,165666.77,149754,352,82,0,0
1358671,1,97,2647,50,0,41,165666.77,149754,352,82,0,0
1358857,1,97,2630,50,0,41,165666.77,149754,352,82,0,0
1358957,1,97,2627,50,0,41,165666.77,149754,352,82,0,0
1359056,1,97,2626,50,0,41,165666.77,149754,352,82,0,0
1359171,1,97,2627,54,0,41,165666.77,149754,352,82,0,0
1359333,1,97,2633,63,0,41,165667.81,149754,352,82,0,0
1359450,1,97,2631,66,0,41,165667.81,149754,352,82,0,0
1359556,1,96,2644,66,0,41,165667.81,149754,352,82,0,0
1359671,1,96,2643,66,0,41,165667.81,149754,352,82,0,0
1359807,1,96,2640,66,0,41,165667.81,149754,352,82,0,0
1359948,1,96,2644,71,0,41,165667.81,149754,352,82,0,0
1360057,1,96,2650,75,0,41,165668.88,149754,352,82,0,0
1360171,1,96,2650,77,0,41,165668.88,149754,352,82,0,0
1360299,1,96,2650,77,0,41,165668.88,149754,352,82,0,0
1360429,1,96,2633,78,0,41,165668.88,149754,352,82,0,0
1360557,1,96,2644,78,0,41,165668.88,149754,352,82,0,0
1360671,1,96,2647,79,0,41,165669.91,149754,352,82,0,0
1360671,1,96,2647,79,0,41,165669.91,149754,352,82,0,0
1360907,1,96,2651,79,0,41,165669.91,149754,352,82,0,0
1361024,1,96,2651,79,0,41,165669.91,149754,352,82,0,0
1361124,1,96,2649,79,0,41,165669.91,149754,352,82,0,0
1361206,1,96,2639,79,0,41,165669.91,149754,352,82,0,0
1361357,1,96,2653,80,0,41,165671.00,149754,352,82,0,0
1361498,1,96,2625,80,0,41,165671.00,149754,352,82,0,0
1361607,1,96,2628,80,0,41,165671.00,149754,352,82,0,0
1361671,1,96,2630,80,0,41,165671.00,149754,352,82,0,0
1361856,1,96,2651,80,0,41,165672.02,149754,352,82,0,0
1361956,1,96,2652,80,0,41,165672.02,149754,352,82,0,0
1362056,1,96,2628,81,0,41,165672.02,149754,352,82,0,0
1362199,1,96,2631,83,0,41,165672.02,149754,352,82,0,0
1362298,1,96,2631,83,0,41,165672.02,149754,352,82,0,0
1362428,1,96,2635,83,0,41,165673.03,149754,352,82,0,0
1362557,1,96,2627,83,0,41,165673.03,149754,352,83,0,0
1362671,1,96,2628,83,0,41,165673.03,149754,352,83,0,0
1362789,1,96,2628,84,0,41,165673.03,149754,352,83,0,0
1362923,1,96,2641,86,0,41,165674.06,149754,352,83,0,0
1363048,1,96,2643,86,0,41,165674.06,149754,352,83,0,0
1363160,1,96,2646,87,0,41,165674.06,149754,352,83,0,0
1363207,1,96,2646,88,0,41,165674.06,149754,352,83,0,0
1363401,1,96,2643,89,0,41,165674.06,149754,352,83,0,0
1363507,1,96,2627,89,0,41,165675.12,149754,352,83,0,0
1363624,1,96,2637,89,0,41,165675.12,149754,352,83,0,0
1363668,1,96,2641,89,0,41,165675.12,149754,352,83,0,0
1363857,1,96,2644,89,0,41,165675.12,149754,352,83,0,0
1363957,1,96,2639,83,0,41,165676.14,149754,352,83,0,0
1364107,1,96,2647,83,0,41,165676.14,149754,352,83,0,0
1364205,1,96,2627,83,0,41,165676.14,149754,352,83,0,0
1364330,1,96,2646,83,0,41,165676.14,149754,352,83,0,0
1364458,1,96,2626,83,0,41,165676.14,149754,352,83,0,0
1364557,1,96,2633,83,0,41,165677.17,149754,352,83,0,0
1364698,1,96,2638,83,0,41,165677.17,149754,352,83,0,0
1364806,1,96,2643,83,0,41,165677.17,149754,352,83,0,0
1364923,1,96,2643,83,0,41,165677.17,149754,352,83,0,0
1365057,1,96,2627,81,0,41,165678.22,149754,352,83,0,0
1365169,1,96,2636,81,0,41,165678.22,149754,352,83,0,0
1365298,1,96,2636,81,0,41,165678.22,149754,352,83,0,0
1365428,1,96,2638,81,0,41,165678.22,149754,352,83,0,0
1365548,1,96,2629,80,0,41,165678.22,149754,352,83,0,0
1365668,1,96,2625,78,0,41,165679.25,149754,352,83,0,0
1365719,1,96,2625,77,0,41,165679.25,149754,352,83,0,0
1365898,1,96,2654,77,0,41,165679.25,149754,352,83,0,0
1366023,1,96,2645,76,0,41,165679.25,149754,352,83,0,0
1366123,1,96,2631,73,0,41,165679.25,149754,352,83,0,0
1366204,1,96,2631,68,0,41,165680.34,149754,352,83,0,0
1366356,1,96,2646,62,0,41,165680.34,149754,352,83,0,0
1366458,1,96,2653,62,0,41,165680.34,149754,352,83,0,0
1366607,1,96,2632,62,0,41,165680.34,149754,352,83,0,0
1366714,1,96,2632,62,0,41,165680.34,149754,352,83,0,0
1366807,1,96,2609,62,0,41,165680.34,149754,352,83,0,0
1366956,1,96,2623,62,0,41,165681.39,149754,352,83,0,0
1367056,1,96,2594,63,0,41,165681.39,149754,352,83,0,0
1367168,1,96,2617,63,0,41,165681.39,149754,352,83,0,0
1367298,1,96,2617,63,0,41,165681.39,149754,352,83,0,0
1367430,1,96,2622,63,0,41,165681.39,149754,352,83,0,0
1367556,1,95,2597,63,0,41,165681.39,149754,352,83,0,0
1367668,1,95,2621,63,0,41,165682.41,149754,352,83,0,0
1367721,1,95,2621,63,0,41,165682.41,149754,352,83,0,0
1367906,1,95,2618,63,0,41,165682.41,149754,352,83,0,0
1368023,1,95,2592,63,0,41,165682.41,149754,352,83,0,0
1368148,1,95,2595,63,0,41,165682.41,149754,352,83,0,0
1368198,1,95,2593,63,0,41,165682.41,149754,352,83,0,0
1368356,1,95,2614,63,0,41,165683.41,149754,352,83,0,0
1368506,1,95,2590,63,0,41,165683.41,149754,352,83,0,0
1368623,1,95,2561,63,0,41,165683.41,149754,352,83,0,0
1368712,1,95,2593,63,0,41,165683.41,149754,352,83,0,0
1368856,1,95,2581,63,0,41,165683.41,149754,352,83,0,0
1368956,1,95,2622,66,0,41,165683.41,149754,352,83,0,0
1369056,1,95,2594,67,0,41,165684.41,149754,352,83,0,0
1369207,1,95,2574,77,0,41,165684.41,149754,352,83,0,0
1369353,1,95,2582,77,0,41,165684.41,149754,352,83,0,0
1369458,1,95,2579,77,0,41,165684.41,149754,352,83,0,0
1369556,1,95,2585,77,0,41,165684.41,149754,352,83,0,0
1369668,1,95,2616,77,0,41,165685.48,149754,352,83,0,0
1369807,1,95,2581,57,0,41,165685.48,149754,352,83,0,0
1369923,1,94,2562,56,0,41,165685.48,149754,352,83,0,0
1370056,1,94,2560,55,0,41,165685.48,149754,352,83,0,0
1370168,1,94,2590,55,0,41,165685.48,149754,352,83,0,0
1370298,1,94,2590,58,0,41,165685.48,149754,352,83,0,0
1370430,1,94,2580,62,0,41,165685.48,149754,352,83,0,0
1370556,1,94,2586,65,0,41,165686.53,149754,352,83,0,0
1370668,1,94,2577,66,0,41,165686.53,149754,352,83,0,0
1370668,1,94,2577,66,0,41,165686.53,149754,352,83,0,0
1370906,1,94,2577,71,0,41,165686.53,149754,352,83,0,0
1371023,1,94,2588,72,0,41,165686.53,149754,352,83,0,0
1371123,1,94,2591,73,0,41,165686.53,149754,352,83,0,0
1371202,1,94,2560,73,0,41,165687.59,149754,352,83,0,0
1371356,1,94,2581,73,0,41,165687.59,149754,352,83,0,0
1371498,1,94,2585,74,0,41,165687.59,149754,352,83,0,0
1371607,1,94,2586,74,0,41,165687.59,149754,352,83,0,0
1371668,1,94,2585,74,0,41,165687.59,149754,352,83,0,0
1371856,1,94,2571,72,0,41,165688.69,149754,352,83,0,0
1371956,1,94,2579,68,0,41,165688.69,149754,352,83,0,0
1372056,1,94,2588,66,0,41,165688.69,149754,352,83,0,0
1372168,1,94,2569,66,0,41,165688.69,149754,352,83,0,0
1372323,1,94,2537,66,0,41,165688.69,149754,352,83,0,0
1372448,1,94,2587,69,0,41,165688.69,149754,352,83,0,0
1372556,1,94,2536,70,0,41,165688.69,149754,352,83,0,0
1372668,1,94,2551,70,0,41,165689.77,149754,352,83,0,0
1372806,1,94,2578,72,0,41,165689.77,149754,352,83,0,0
1372925,1,94,2578,72,0,41,165689.77,149754,352,83,0,0
1373056,1,93,2542,72,0,41,165689.77,149754,352,83,0,0
1373168,1,94,2547,72,0,41,165689.77,149754,352,83,0,0
1373198,1,94,2547,72,0,41,165689.77,149754,352,83,0,0
1373409,1,93,2536,72,0,41,165690.80,149754,352,83,0,0
1373523,1,93,2531,72,0,41,165690.80,149754,352,83,0,0
1373623,1,93,2559,73,0,41,165690.80,149754,352,83,0,0
1373714,1,93,2535,74,0,41,165690.80,149754,352,83,0,0
1373856,1,93,2540,74,0,41,165690.80,149754,352,83,0,0
1373998,1,93,2534,74,0,41,165691.84,149754,352,83,0,0
1374107,1,93,2540,74,0,41,165691.84,149754,352,83,0,0
1374198,1,93,2548,74,0,41,165691.84,149754,352,83,0,0
1374356,1,93,2553,74,0,41,165691.84,149754,352,83,0,0
1374457,1,93,2545,74,0,41,165691.84,149755,352,83,0,0
1374556,1,93,2540,74,0,41,165691.84,149755,352,83,0,0
1374668,1,93,2545,74,0,41,165692.92,149755,352,83,0,0
1374807,1,93,2551,74,0,41,165692.92,149755,352,83,0,0
1374948,1,93,2554,74,0,41,165692.92,149755,352,83,0,0
1375056,1,93,2544,74,0,41,165692.92,149755,352,83,0,0
1375168,1,93,2541,73,0,41,165692.92,149755,352,83,0,0
1375206,1,93,2541,70,0,41,165693.92,149755,352,83,0,0
1375419,1,93,2547,61,0,41,165693.92,149755,352,83,0,0
1375538,1,93,2531,51,0,41,165693.92,149755,352,83,0,0
1375656,1,93,2529,46,0,41,165693.92,149755,352,83,0,0
1375668,1,93,2529,46,0,41,165693.92,149755,352,83,0,0
1375856,1,93,2521,17,0,41,165693.92,149755,352,83,0,0
1376006,1,93,2534,21,0,41,165693.92,149755,352,83,0,0
1376123,1,92,2499,21,0,41,165694.92,149755,352,83,0,0
1376207,1,92,2512,21,0,41,165694.92,149755,352,83,0,0
1376356,1,92,2499,21,0,41,165694.92,149755,352,83,0,0
1376457,1,92,2502,18,0,41,165694.92,149755,352,83,0,0
1376556,1,92,2501,0,0,41,165694.92,149755,352,83,0,0
1376698,1,92,2510,0,0,41,165694.92,149755,352,83,0,0
1376808,1,92,2464,0,0,41,165694.92,149755,352,83,0,0
1376948,1,92,2493,0,0,41,165694.92,149755,352,83,0,0
1377056,1,91,2525,0,0,41,165694.92,149755,352,83,0,0
1377168,1,92,2492,0,0,41,165694.92,149755,352,83,0,0
1377308,1,91,2492,0,0,41,165694.92,149755,352,83,0,0
1377424,1,91,2491,10,0,41,165694.92,149755,352,83,0,0
1377538,1,91,2523,19,0,41,165694.92,149755,352,83,0,0
1377656,1,91,2467,45,0,41,165695.94,149755,352,83,0,0
1377732,1,91,2499,57,0,41,165695.94,149755,352,83,0,0
1377898,1,91,2486,70,0,41,165695.94,149755,352,83,0,0
1378006,1,91,2483,75,0,41,165695.94,149755,352,83,0,0
1378123,1,91,2476,80,0,41,165695.94,149755,352,83,0,0
1378221,1,91,2468,81,0,41,165695.94,149755,352,83,0,0
1378356,1,91,2495,81,0,41,165697.00,149755,352,83,0,0
1378457,1,91,2481,88,0,41,165697.00,149755,352,84,0,0
1378606,1,91,2487,92,0,41,165697.00,149755,352,84,0,0
1378706,1,91,2491,97,0,41,165697.00,149755,352,84,0,0
1378826,1,91,2464,97,0,41,165697.00,149755,352,84,0,0
1378956,1,91,2516,106,0,41,165698.08,149755,352,84,0,0
1379056,1,91,2505,107,0,41,165698.08,149755,352,84,0,0
1379198,1,91,2522,108,0,41,165698.08,149755,352,84,0,0
1379306,1,91,2500,108,0,41,165699.11,149755,352,84,0,0
1379457,1,92,2506,109,0,41,165699.11,149755,351,84,0,0
1379556,1,92,2505,110,0,41,165699.11,149755,351,84,0,0
1379671,1,92,2516,110,0,41,165699.11,149755,351,84,0,0
1379707,1,92,2516,110,0,41,165700.20,149755,351,84,0,0
1379923,1,92,2499,112,0,41,165700.20,149755,351,84,0,0
1380048,1,92,2525,112,0,41,165700.20,149755,351,84,0,0
1380156,1,93,2530,112,0,41,165701.33,149755,351,84,0,0
1380222,1,93,2530,112,0,41,165701.33,149755,351,84,0,0
1380400,1,93,2540,112,0,41,165701.33,149755,351,84,0,0
1380506,1,93,2537,106,0,41,165702.33,149755,351,84,0,0
1380623,1,93,2530,99,0,41,165702.33,149755,351,84,0,0
1380671,1,93,2556,99,0,41,165702.33,149755,351,84,0,0
1380856,1,93,2539,72,0,41,165702.33,149755,351,84,0,0
1380956,1,93,2543,57,0,41,165703.39,149755,351,84,0,0
1381106,1,93,2550,35,0,41,165703.39,149755,351,84,0,0
1381206,1,93,2554,35,0,41,165703.39,149755,351,84,0,0
1381345,1,93,2532,35,0,41,165703.39,149755,351,84,0,0
1381457,1,93,2557,35,0,41,165703.39,149755,351,84,0,0
1381556,1,93,2532,35,0,41,165703.39,149755,351,84,0,0
1381671,1,93,2532,35,0,41,165703.39,149755,351,84,0,0
1381825,1,93,2501,42,0,41,165703.39,149755,351,84,0,0
1381956,1,92,2537,49,0,41,165704.41,149755,351,84,0,0
1382056,1,92,2496,50,0,41,165704.41,149755,351,84,0,0
1382168,1,92,2496,61,0,41,165704.41,149755,351,84,0,0
1382306,1,92,2520,68,0,41,165704.41,149755,351,84,0,0
1382450,1,92,2522,75,0,41,165704.41,149755,351,84,0,0
1382556,1,92,2520,82,0,41,165704.41,149755,351,84,0,0
1382670,1,92,2525,88,0,41,165705.41,149755,351,84,0,0
1382798,1,92,2557,92,0,41,165705.41,149755,351,84,0,0
1382923,1,93,2545,92,0,41,165705.41,149755,351,84,0,0
1383056,1,93,2556,92,0,41,165705.41,149755,351,84,0,0
1383168,1,93,2548,92,0,41,165706.42,149755,351,84,0,0
1383206,1,93,2548,92,0,41,165706.42,149755,351,84,0,0
1383408,1,93,2545,80,0,41,165706.42,149755,351,84,0,0
1383523,1,93,2545,77,0,41,165706.42,149755,351,84,0,0
1383623,1,93,2537,74,0,41,165706.42,149755,351,84,0,0
1383734,1,93,2559,74,0,41,165707.50,149755,351,84,0,0
1383865,1,93,2530,74,0,41,165707.50,149755,351,84,0,0
1384006,1,93,2531,73,0,41,165707.50,149755,351,84,0,0
1384123,1,93,2535,73,0,41,165707.50,149755,351,84,0,0
1384220,1,93,2539,73,0,41,165707.50,149755,351,84,0,0
1384356,1,93,2530,73,0,41,165708.55,149755,351,84,0,0
1384457,1,93,2539,73,0,41,165708.55,149755,351,84,0,0
1384556,1,93,2541,73,0,41,165708.55,149755,351,84,0,0
1384706,1,93,2533,75,0,41,165708.55,149755,351,84,0,0
1384824,1,93,2534,75,0,41,165708.55,149755,351,84,0,0
1384956,1,93,2553,76,0,41,165708.55,149755,351,84,0,0
1385056,1,93,2548,76,0,41,165709.61,149755,351,84,0,0
1385206,1,93,2550,71,0,41,165709.61,149755,351,84,0,0
1385325,1,93,2558,71,0,41,165709.61,149755,351,84,0,0
1385457,1,93,2557,68,0,41,165709.61,149755,351,84,0,0
1385556,1,93,2534,67,0,41,165709.61,149755,351,84,0,0
1385668,1,93,2528,67,0,41,165710.66,149755,351,84,0,0
1385824,1,93,2528,67,0,41,165710.66,149755,351,84,0,0
1385948,1,93,2539,64,0,41,165710.66,149755,351,84,0,0
1386056,1,93,2531,61,0,41,165710.66,149755,351,84,0,0
1386171,1,93,2556,61,0,41,165710.66,149755,351,84,0,0
1386306,1,93,2542,61,0,41,165710.66,149755,351,84,0,0
1386448,1,93,2542,70,0,41,165711.67,149755,351,84,0,0
1386556,1,93,2532,71,0,41,165711.67,149755,351,84,0,0
1386668,1,93,2550,74,0,41,165711.67,149755,351,84,0,0
1386706,1,93,2550,78,0,41,165711.67,149755,351,84,0,0
1386906,1,93,2534,81,0,41,165711.67,149755,351,84,0,0
1387023,1,93,2551,81,0,41,165711.67,149755,351,84,0,0
1387148,1,93,2551,82,0,41,165712.72,149755,351,84,0,0
1387216,1,93,2551,85,0,41,165712.72,149755,351,84,0,0
1387356,1,93,2553,85,0,41,165712.72,149755,351,84,0,0
1387506,1,93,2529,87,0,41,165712.72,149755,351,84,0,0
1387623,1,93,2537,88,0,41,165713.72,149755,351,84,0,0
1387669,1,93,2544,88,0,41,165713.72,149755,351,84,0,0
1387862,1,93,2540,88,0,41,165713.72,149755,351,84,0,0
1387956,1,93,2574,89,0,41,165713.72,149755,351,84,0,0
1388056,1,93,2587,90,0,41,165713.72,149755,351,84,0,0
1388206,1,94,2530,91,0,41,165714.78,149755,351,84,0,0
1388324,1,94,2533,91,0,41,165714.78,149755,351,84,0,0
1388457,1,94,2576,92,0,41,165714.78,149755,351,84,0,0
1388556,1,94,2572,92,0,41,165714.78,149755,351,84,0,0
1388706,1,94,2570,91,0,41,165715.80,149755,351,84,0,0
1388824,1,94,2570,91,0,41,165715.80,149755,351,84,0,0
1388956,1,94,2560,76,0,41,165715.80,149755,351,84,0,0
1389056,1,94,2573,70,0,41,165715.80,149755,351,84,0,0
1389169,1,94,2591,65,0,41,165715.80,149755,351,84,0,0
1389306,1,94,2581,63,0,41,165716.80,149755,351,84,0,0
1389448,1,94,2576,62,0,41,165716.80,149755,351,84,0,0
1389556,1,94,2577,62,0,41,165716.80,149755,351,84,0,0
1389668,1,94,2582,62,0,41,165716.80,149755,351,84,0,0
1389706,1,94,2582,62,0,41,165716.80,149755,351,84,0,0
1389923,1,94,2586,67,0,41,165716.80,149755,351,84,0,0
1390038,1,94,2581,73,0,41,165717.84,149755,351,84,0,0
1390156,1,94,2585,74,0,41,165717.84,149755,351,84,0,0
1390214,1,94,2585,77,0,41,165717.84,149755,351,84,0,0
1390356,1,94,2565,79,0,41,165717.84,149755,351,84,0,0
1390506,1,94,2574,86,0,41,165717.84,149755,351,84,0,0
1390623,1,94,2563,87,0,41,165718.94,149755,351,84,0,0
1390706,1,94,2579,87,0,41,165718.94,149755,351,84,0,0
1390923,1,94,2582,88,0,41,165718.94,149755,351,84,0,0
1391038,1,94,2580,88,0,41,165718.94,149755,351,84,0,0
1391148,1,94,2579,88,0,41,165718.94,149755,351,84,0,0
1391211,1,94,2579,88,0,41,165718.94,149755,351,84,0,0
1391357,1,94,2562,88,0,41,165720.00,149755,351,84,0,0
1391506,1,94,2562,88,0,41,165720.00,149755,351,84,0,0
1391623,1,94,2562,88,0,41,165720.00,149755,351,84,0,0
1391728,1,95,2563,88,0,41,165720.00,149755,351,84,0,0
1391860,1,95,2612,88,0,41,165721.09,149755,351,84,0,0
1391956,1,95,2590,88,0,41,165721.09,149755,351,84,0,0
1392106,1,95,2592,88,0,41,165721.09,149755,351,84,0,0
1392214,1,95,2594,88,0,41,165721.09,149755,351,84,0,0
1392338,1,95,2594,86,0,41,165721.09,149755,351,84,0,0
1392457,1,95,2620,86,0,41,165722.19,149755,351,84,0,0
1392556,1,95,2608,86,0,41,165722.19,149755,351,84,0,0
1392698,1,95,2603,86,0,41,165722.19,149755,351,84,0,0
1392824,1,95,2610,86,0,41,165722.19,149755,351,84,0,0
1392956,1,95,2615,86,0,41,165723.25,149755,351,84,0,0
1393056,1,95,2616,86,0,41,165723.25,149755,351,84,0,0
1393192,1,95,2612,86,0,41,165723.25,149755,351,84,0,0
1393206,1,95,2612,86,0,41,165723.25,149755,351,84,0,0
1393430,1,95,2609,81,0,41,165723.25,149755,351,84,0,0
1393548,1,96,2614,76,0,41,165724.31,149755,351,84,0,0
1393657,1,96,2614,73,0,41,165724.31,149755,351,84,0,0
1393706,1,96,2614,73,0,41,165724.31,149755,351,84,0,0
1393897,1,96,2595,73,0,41,165724.31,149755,351,84,0,0
1394008,1,96,2600,73,0,41,165724.31,149755,351,84,0,0
1394122,1,96,2605,73,0,41,165725.34,149755,351,84,0,0
1394206,1,96,2612,73,0,41,165725.34,149755,351,84,0,0
1394363,1,95,2622,73,0,41,165725.34,149755,351,84,0,0
1394497,1,95,2623,73,0,41,165725.34,149755,351,84,0,0
1394606,1,95,2592,73,0,41,165725.34,149755,351,84,0,0
1394706,1,96,2617,73,0,41,165725.34,149755,351,84,0,0
1394833,1,96,2612,73,0,41,165726.36,149755,351,84,0,0
1394956,1,95,2620,73,0,41,165726.36,149755,351,84,0,0
1395056,1,95,2621,73,0,41,165726.36,149755,351,84,0,0
1395206,1,95,2621,73,0,41,165726.36,149755,351,84,0,0
1395322,1,96,2620,73,0,41,165726.36,149755,351,84,0,0
1395457,1,96,2613,76,0,41,165727.38,149755,351,84,0,0
1395556,1,95,2622,76,0,41,165727.38,149755,351,84,0,0
1395706,1,95,2597,78,0,41,165727.38,149755,351,84,0,0
1395723,1,96,2597,78,0,41,165727.38,149755,351,84,0,0
1395922,1,96,2610,80,0,41,165727.38,149755,351,84,0,0
1396056,1,96,2601,80,0,41,165728.42,149755,351,84,0,0
1396168,1,96,2615,80,0,41,165728.42,149755,351,84,0,0
1396237,1,96,2615,80,0,41,165728.42,149755,351,84,0,0
1396408,1,96,2597,81,0,41,165728.42,149755,351,84,0,0
1396522,1,96,2597,81,0,41,165728.42,149755,351,84,0,0
1396647,1,96,2598,81,0,41,165729.44,149755,351,84,0,0
1396706,1,96,2655,81,0,41,165729.44,149755,351,84,0,0
1396882,1,96,2613,81,0,41,165729.44,149755,351,84,0,0
1396997,1,96,2620,76,0,41,165729.44,149755,351,84,0,0
1397106,1,96,2594,76,0,41,165730.45,149755,351,84,0,0
1397206,1,96,2593,74,0,41,165730.45,149755,351,84,0,0
1397322,1,96,2593,74,0,41,165730.45,149755,351,84,0,0
1397457,1,96,2621,74,0,41,165730.45,149755,351,84,0,0
1397556,1,96,2612,74,0,41,165730.45,149755,351,84,0,0
1397698,1,96,2614,73,0,41,165730.45,149755,351,84,0,0
1397808,1,96,2653,73,0,41,165731.48,149755,351,84,0,0
1397956,1,96,2620,73,0,41,165731.48,149755,351,84,0,0
1398056,1,96,2650,76,0,41,165731.48,149755,351,84,0,0
1398167,1,96,2643,79,0,41,165731.48,149755,351,84,0,0
1398206,1,96,2643,79,0,41,165731.48,149755,351,84,0,0
1398424,1,96,2632,81,0,41,165732.50,149755,351,84,0,0
1398537,1,96,2613,81,0,41,165732.50,149755,351,84,0,0
1398656,1,96,2626,81,0,41,165732.50,149755,351,84,0,0
1398709,1,96,2626,85,0,41,165732.50,149755,351,84,0,0
1398897,1,96,2629,87,0,41,165732.50,149755,351,84,0,0
1399008,1,96,2638,89,0,41,165733.52,149755,351,84,0,0
1399122,1,96,2654,89,0,41,165733.52,149755,351,84,0,0
1399236,1,96,2633,90,0,41,165733.52,149755,351,84,0,0
1399360,1,96,2647,90,0,41,165733.52,149755,351,84,0,0
1399457,1,96,2654,94,0,41,165733.52,149755,351,84,0,0
1399603,1,97,2630,100,0,41,165734.53,149755,351,84,0,0
1399697,1,97,2631,107,0,41,165734.53,149755,351,84,0,0
1399808,1,97,2646,107,0,41,165734.53,149755,351,84,0,0
1399956,1,97,2686,112,0,41,165735.53,149755,351,84,0,0
1400056,1,97,2671,113,0,41,165735.53,149755,351,84,0,0
1400197,1,97,2687,114,0,41,165735.53,149755,351,84,0,0
1400316,1,97,2664,114,0,41,165735.53,149755,351,84,0,0
1400429,1,98,2670,109,0,41,165736.56,149755,351,84,0,0
1400547,1,98,2674,109,0,41,165736.56,149755,351,84,0,0
1400668,1,98,2675,109,0,41,165736.56,149755,351,84,0,0
1400697,1,98,2675,109,0,41,165736.56,149755,351,84,0,0
1400897,1,98,2693,98,0,41,165737.62,149755,351,84,0,0
1401022,1,98,2713,95,0,41,165737.62,149755,351,84,0,0
1401122,1,98,2656,92,0,41,165738.66,149755,351,84,0,0
1401222,1,98,2698,91,0,41,165738.66,149755,351,84,0,0
1401358,1,99,2699,91,0,41,165738.66,149755,351,84,0,0
1401497,1,99,2711,87,0,41,165738.66,149755,351,84,0,0
1401606,1,99,2688,85,0,41,165739.67,149755,351,84,0,0
1401706,1,99,2700,85,0,41,165739.67,149755,351,84,0,0
1401828,1,99,2700,85,0,41,165739.67,149755,351,84,0,0
1401956,1,99,2697,85,0,41,165739.67,149755,351,84,0,0
1402056,1,99,2699,85,0,41,165739.67,149755,351,84,0,0
1402167,1,99,2703,85,0,41,165740.73,149755,351,84,0,0
1402228,1,99,2703,85,0,41,165740.73,149755,351,84,0,0
1402429,1,99,2714,47,0,41,165740.73,149755,351,84,0,0
1402556,1,99,2710,28,0,41,165740.73,149755,351,84,0,0
1402668,1,99,2694,4,0,41,165740.73,149755,351,84,0,0
1402706,1,99,2662,0,0,41,165740.73,149755,351,84,0,0
1402908,1,99,2718,0,0,41,165740.73,149755,351,84,0,0
1403022,1,98,2688,0,0,41,165740.73,149755,351,84,0,0
1403122,1,98,2658,0,0,41,165741.73,149755,351,84,0,0
1403234,1,98,2659,0,0,41,165741.73,149755,351,84,0,0
1403357,1,98,2663,0,0,41,165741.73,149755,351,84,0,0
1403497,1,98,2664,0,0,41,165741.73,149755,351,84,0,0
1403609,1,98,2664,0,0,41,165741.73,149755,351,84,0,0
1403706,1,98,2660,0,0,41,165741.73,149755,351,84,0,0
1403827,1,98,2674,0,0,41,165741.73,149755,351,84,0,0
1403956,1,98,2660,0,0,41,165741.73,149755,351,84,0,0
1404056,1,97,2683,0,0,41,165741.73,149755,351,84,0,0
1404209,1,97,2666,0,0,41,165741.73,149755,351,84,0,0
1404322,1,97,2652,0,0,41,165741.73,149755,351,84,0,0
1404457,1,97,2624,0,0,41,165741.73,149755,351,84,0,0
1404557,1,97,2652,0,0,41,165741.73,149755,351,84,0,0
1404697,1,97,2652,0,0,41,165741.73,149755,351,84,0,0
1404724,1,96,2652,0,0,41,165741.73,149755,351,84,0,0
1404922,1,96,2624,0,0,41,165741.73,149755,351,84,0,0
1405047,1,96,2624,0,0,41,165741.73,149755,351,84,0,0
1405156,1,96,2624,0,0,41,165741.73,149755,351,84,0,0
1405197,1,96,2624,0,0,41,165741.73,149755,351,84,0,0
1405399,1,96,2592,0,0,41,165741.73,149755,351,84,0,0
1405522,1,96,2592,0,0,41,165741.73,149755,351,84,0,0
1405622,1,95,2592,0,0,41,165741.73,149755,351,84,0,0
1405722,1,95,2592,0,0,41,165741.73,149755,351,84,0,0
1405877,1,95,2592,0,0,41,165741.73,149755,351,84,0,0
1405997,1,95,2592,0,0,41,165741.73,149755,351,84,0,0
1406109,1,95,2560,0,0,41,165741.73,149755,351,84,0,0
1406222,1,95,2560,0,0,41,165741.73,149755,351,84,0,0
1406350,1,95,2560,0,0,41,165741.73,149755,351,84,0,0
1406457,1,95,2560,0,0,41,165741.73,149755,351,84,0,0
1406603,1,94,2560,0,0,41,165741.73,149755,351,84,0,0
1406709,1,94,2560,0,0,41,165741.73,149755,351,84,0,0
1406825,1,94,2560,0,0,41,165741.73,149755,351,84,0,0
1406956,1,94,2560,0,0,41,165741.73,149755,351,84,0,0
1407056,1,94,2560,0,0,41,165741.73,149755,351,84,0,0
1407197,1,94,2528,0,0,41,165741.73,149755,351,84,0,0
1407322,1,94,2528,0,0,41,165741.73,149755,351,84,0,0
1407457,1,94,2583,15,0,41,165741.73,149755,351,84,0,0
1407556,1,94,2566,20,0,41,165741.73,149755,351,84,0,0
1407668,1,93,2563,24,0,41,165741.73,149755,351,84,0,0
1407722,1,94,2563,30,0,41,165741.73,149755,351,84,0,0
1407922,1,93,2552,38,0,41,165741.73,149755,351,84,0,0
1408047,1,93,2538,40,0,41,165742.77,149755,351,84,0,0
1408167,1,93,2536,40,0,41,165742.77,149755,351,84,0,0
1408254,1,93,2536,41,0,41,165742.77,149755,351,84,0,0
1408398,1,93,2544,44,0,41,165742.77,149755,351,84,0,0
1408522,1,93,2545,47,0,41,165742.77,149755,351,84,0,0
1408622,1,93,2545,51,0,41,165742.77,149755,351,84,0,0
1408709,1,93,2550,51,0,41,165742.77,149755,351,84,0,0
1408875,1,93,2581,51,0,41,165742.77,149755,351,84,0,0
1408956,1,94,2552,51,0,41,165743.78,149755,351,84,0,0
1409108,1,94,2553,51,0,41,165743.78,149755,351,84,0,0
1409222,1,94,2571,53,0,41,165743.78,149755,351,84,0,0
1409350,1,94,2567,53,0,41,165743.78,149755,351,84,0,0
1409456,1,94,2534,57,0,41,165743.78,149755,352,84,0,0
1409557,1,94,2540,59,0,41,165743.78,149755,352,84,0,0
1409708,1,94,2589,63,0,41,165743.78,149755,352,84,0,0
1409823,1,94,2586,63,0,41,165744.78,149755,352,84,0,0
1409956,1,94,2565,63,0,41,165744.78,149755,352,84,0,0
1410057,1,94,2566,63,0,41,165744.78,149755,352,84,0,0
1410167,1,94,2566,63,0,41,165744.78,149755,352,84,0,0
1410222,1,94,2566,63,0,41,165744.78,149755,352,84,0,0
1410447,1,94,2581,64,0,41,165744.78,149755,352,84,0,0
1410556,1,94,2560,65,0,41,165745.80,149755,352,84,0,0
1410668,1,94,2561,66,0,41,165745.80,149755,352,84,0,0
1410708,1,94,2561,66,0,41,165745.80,149755,352,84,0,0
1410917,1,94,2571,71,0,41,165745.80,149755,352,84,0,0
1411022,1,94,2578,73,0,41,165745.80,149755,352,84,0,0
1411147,1,94,2586,74,0,42,165745.80,149755,352,84,0,0
1411227,1,95,2572,74,0,42,165746.86,149755,352,84,0,0
1411356,1,95,2622,74,0,42,165746.86,149755,352,84,0,0
1411508,1,95,2562,74,0,42,165746.86,149755,352,84,0,0
1411622,1,95,2561,74,0,42,165746.86,149755,352,84,0,0
1411708,1,95,2616,74,0,42,165746.86,149755,352,84,0,0
1411823,1,95,2616,74,0,42,165746.86,149755,352,84,0,0
1411956,1,95,2620,74,0,42,165747.89,149755,352,84,0,0
1412056,1,95,2619,74,0,42,165747.89,149755,352,84,0,0
1412208,1,95,2620,72,0,42,165747.89,149755,352,84,0,0
1412334,1,95,2620,72,0,42,165747.89,149755,352,84,0,0
1412457,1,95,2605,71,0,42,165748.91,149756,352,84,0,0
1412556,1,95,2601,71,0,42,165748.91,149756,352,84,0,0
1412697,1,95,2603,71,0,42,165748.91,149756,352,84,0,0
1412823,1,95,2603,71,0,42,165748.91,149756,352,84,0,0
1412957,1,96,2604,71,0,42,165748.91,149756,352,84,0,0
1413057,1,96,2608,71,0,42,165748.91,149756,352,84,0,0
1413197,1,96,2613,71,0,42,165749.97,149756,352,84,0,0
1413222,1,96,2613,71,0,42,165749.97,149756,352,84,0,0
1413427,1,96,2614,71,0,42,165749.97,149756,352,84,0,0
1413547,1,96,2613,71,0,42,165749.97,149756,352,84,0,0
1413657,1,96,2611,71,0,42,165749.97,149756,352,84,0,0
1413739,1,96,2611,71,0,42,165749.97,149756,352,84,0,0
1413897,1,96,2609,71,0,42,165750.97,149756,352,84,0,0
1414008,1,96,2643,71,0,42,165750.97,149756,352,84,0,0
1414122,1,96,2611,71,0,42,165750.97,149756,352,84,0,0
1414224,1,96,2640,71,0,42,165750.97,149756,352,84,0,0
1414357,1,96,2629,71,0,42,165750.97,149756,352,84,0,0
1414457,1,96,2637,73,0,42,165752.05,149756,352,84,0,0
1414608,1,96,2645,77,0,42,165752.05,149756,352,84,0,0
1414708,1,96,2624,77,0,42,165752.05,149756,352,84,0,0
1414823,1,96,2628,77,0,42,165752.05,149756,352,84,0,0
1414956,1,97,2655,81,0,42,165752.05,149756,352,83,0,0
1415057,1,97,2630,82,0,42,165753.09,149756,352,83,0,0
1415197,1,97,2638,84,0,42,165753.09,149756,352,83,0,0
1415322,1,97,2643,84,0,42,165753.09,149756,352,83,0,0
1415457,1,97,2627,85,0,42,165753.09,149756,352,83,0,0
1415557,1,97,2654,86,0,42,165754.16,149756,352,83,0,0
1415697,1,97,2651,87,0,42,165754.16,149756,352,83,0,0
1415736,1,97,2651,87,0,42,165754.16,149756,352,83,0,0
1415922,1,97,2652,87,0,42,165754.16,149756,352,83,0,0
1416047,1,97,2683,88,0,42,165754.16,149756,352,83,0,0
1416167,1,98,2662,88,0,42,165755.23,149756,352,83,0,0
1416224,1,98,2662,88,0,42,165755.23,149756,352,83,0,0
1416399,1,98,2669,88,0,42,165755.23,149756,352,83,0,0
1416522,1,98,2672,88,0,42,165756.23,149756,352,83,0,0
1416622,1,98,2673,88,0,42,165756.23,149756,352,83,0,0
1416708,1,98,2705,88,0,42,165756.23,149756,352,83,0,0
1416870,1,98,2667,88,0,42,165756.23,149756,352,83,0,0
1416956,1,98,2660,89,0,42,165756.23,149756,352,83,0,0
1417108,1,98,2699,89,0,42,165757.25,149756,352,83,0,0
1417224,1,99,2705,89,0,42,165757.25,149756,352,83,0,0
1417308,1,99,2711,89,0,42,165757.25,149756,352,83,0,0
1417457,1,99,2716,91,0,42,165758.28,149756,352,83,0,0
1417556,1,99,2718,91,0,42,165758.28,149756,352,83,0,0
1417668,1,99,2717,91,0,42,165758.28,149756,352,83,0,0
1417737,1,99,2717,91,0,42,165758.28,149756,352,83,0,0
1417922,1,99,2747,93,0,42,165758.28,149756,352,83,0,0
1418047,1,99,2692,93,0,42,165759.33,149756,352,83,0,0
1418167,1,100,2740,93,0,42,165759.33,149756,352,83,0,0
1418209,1,100,2740,93,0,42,165759.33,149756,352,83,0,0
1418410,1,100,2743,94,0,42,165759.33,149756,352,83,0,0
1418522,1,100,2745,94,0,42,165760.42,149756,352,83,0,0
1418622,1,100,2749,94,0,42,165760.42,149756,352,83,0,0
1418734,1,100,2721,94,0,42,165760.42,149756,352,83,0,0
1418869,1,100,2747,94,0,42,165760.42,149756,352,83,0,0
1418997,1,100,2773,94,0,42,165761.55,149756,352,83,0,0
1419109,1,101,2780,94,0,42,165761.55,149756,352,83,0,0
1419222,1,101,2723,94,0,42,165761.55,149756,352,83,0,0
1419330,1,101,2756,94,0,42,165761.55,149756,352,83,0,0
1419457,1,101,2756,94,0,42,165762.55,149756,352,83,0,0
1419603,1,101,2779,95,0,42,165762.55,149756,352,83,0,0
1419708,1,101,2772,95,0,42,165762.55,149756,352,83,0,0
1419857,1,101,2782,95,0,42,165762.55,149756,352,83,0,0
1419957,1,101,2786,95,0,42,165763.66,149756,352,83,0,0
1420059,1,102,2757,95,0,42,165763.66,149756,352,83,0,0
1420197,1,102,2758,95,0,42,165763.66,149756,352,83,0,0
1420241,1,102,2758,95,0,42,165763.66,149756,352,83,0,0
1420447,1,102,2793,95,0,42,165764.67,149756,352,83,0,0
1420559,1,102,2814,95,0,42,165764.67,149756,352,83,0,0
1420668,1,102,2791,95,0,42,165764.67,149756,352,83,0,0
1420738,1,102,2791,95,0,42,165764.67,149756,352,83,0,0
1420922,1,103,2798,95,0,42,165765.69,149756,352,83,0,0
1421037,1,103,2802,96,0,41,165765.69,149756,352,83,0,0
1421147,1,103,2803,96,0,41,165765.69,149756,352,83,0,0
1421222,1,103,2836,96,0,41,165766.72,149756,352,83,0,0
1421372,1,103,2843,96,0,41,165766.72,149756,352,83,0,0
1421511,1,103,2845,87,0,41,165766.72,149756,352,83,0,0
1421622,1,103,2840,84,0,41,165766.72,149756,352,83,0,0
1421708,1,103,2819,82,0,41,165767.77,149756,352,83,0,0
1421867,1,103,2846,82,0,41,165767.77,149756,352,83,0,0
1421957,1,104,2825,76,0,41,165767.77,149756,352,83,0,0
1422103,1,104,2846,65,0,41,165767.77,149756,352,83,0,0
1422209,1,103,2821,65,0,41,165767.77,149756,352,83,0,0
1422328,1,103,2823,65,0,41,165768.77,149756,352,83,0,0
1422459,1,104,2827,65,0,41,165768.77,149756,352,83,0,0
1422559,1,104,2837,63,0,41,165768.77,149756,352,83,0,0
1422709,1,103,2843,62,0,41,165768.77,149756,352,83,0,0
1422722,1,103,2843,62,0,41,165768.77,149756,352,83,0,0
1422922,1,104,2833,62,0,41,165768.77,149756,352,83,0,0
1423059,1,103,2847,62,0,41,165769.83,149756,352,83,0,0
1423167,1,103,2847,62,0,41,165769.83,149756,352,83,0,0
1423222,1,103,2847,62,0,41,165769.83,149756,352,83,0,0
1423410,1,103,2825,62,0,41,165769.83,149756,352,83,0,0
1423522,1,104,2826,62,0,41,165769.83,149756,352,83,0,0
1423647,1,103,2822,62,0,41,165769.83,149756,352,83,0,0
1423722,1,104,2847,62,0,41,165770.86,149756,352,83,0,0
1423850,1,104,2821,62,0,41,165770.86,149756,352,83,0,0
1423997,1,104,2830,0,0,41,165770.86,149756,352,83,0,0
1424109,1,103,2795,0,0,41,165770.86,149756,352,83,0,0
1424222,1,103,2788,0,0,41,165770.86,149756,352,83,0,0
1424327,1,103,2784,0,0,41,165770.86,149756,352,83,0,0
1424459,1,103,2824,0,0,41,165770.86,149756,352,83,0,0
1424559,1,103,2826,0,0,41,165770.86,149756,352,83,0,0
1424709,1,103,2795,0,0,41,165770.86,149756,352,83,0,0
1424850,1,103,2796,0,0,41,165770.86,149756,352,83,0,0
1424959,1,103,2796,0,0,41,165771.89,149756,352,83,0,0
1425059,1,103,2794,0,0,41,165771.89,149756,352,83,0,0
1425209,1,102,2808,0,0,41,165771.89,149756,352,83,0,0
1425326,1,102,2788,0,0,41,165771.89,149756,352,83,0,0
1425459,1,102,2812,0,0,41,165771.89,149756,352,83,0,0
1425559,1,102,2763,0,0,41,165771.89,149756,352,83,0,0
1425697,1,102,2781,0,0,41,165771.89,149756,352,83,0,0
1425822,1,102,2781,0,0,41,165771.89,149756,352,83,0,0
1425959,1,102,2781,0,0,41,165771.89,149756,352,83,0,0
1426059,1,101,2752,0,0,41,165771.89,149756,352,83,0,0
1426197,1,101,2752,0,0,41,165771.89,149756,352,83,0,0
1426222,1,101,2752,0,0,41,165771.89,149756,352,83,0,0
1426427,1,101,2752,0,0,41,165771.89,149756,352,83,0,0
1426547,1,101,2752,0,0,41,165771.89,149756,352,83,0,0
1426668,1,101,2752,0,0,41,165771.89,149756,352,83,0,0
1426697,1,101,2752,0,0,41,165771.89,149756,352,83,0,0
1426897,1,100,2720,0,0,41,165771.89,149756,352,83,0,0
1427022,1,100,2720,0,0,41,165771.89,149756,352,83,0,0
1427122,1,100,2720,0,0,41,165771.89,149756,352,83,0,0
1427222,1,100,2720,0,0,41,165771.89,149756,352,83,0,0
1427368,1,100,2720,0,0,41,165771.89,149756,352,83,0,0
1427459,1,100,2688,0,0,41,165771.89,149756,352,83,0,0
1427609,1,100,2688,0,0,41,165771.89,149756,352,83,0,0
1427722,1,99,2688,0,0,41,165771.89,149756,352,83,0,0
1427849,1,99,2688,0,0,41,165771.89,149756,352,83,0,0
1427959,1,99,2688,0,0,41,165771.89,149756,352,83,0,0
1428102,1,99,2688,6,0,41,165771.89,149756,352,83,0,0
1428222,1,99,2688,7,0,41,165771.89,149756,352,83,0,0
1428222,1,99,2688,7,0,41,165771.89,149756,352,83,0,0
1428459,1,99,2689,11,0,41,165771.89,149756,352,83,0,0
1428559,1,99,2702,25,0,41,165771.89,149756,352,83,0,0
1428697,1,98,2712,31,0,41,165771.89,149756,352,83,0,0
1428721,1,98,2680,31,0,41,165771.89,149756,352,83,0,0
1428921,1,98,2702,32,0,41,165771.89,149756,352,83,0,0
1429047,1,98,2671,40,0,41,165771.89,149756,352,83,0,0
1429167,1,98,2707,48,0,41,165772.91,149756,352,83,0,0
1429266,1,98,2708,56,0,41,165772.91,149756,352,83,0,0
1429410,1,98,2663,68,0,41,165772.91,149756,352,83,0,0
1429521,1,99,2718,69,0,41,165772.91,149756,352,83,0,0
1429647,1,98,2696,70,0,41,165772.91,149756,352,83,0,0
1429755,1,99,2703,70,0,41,165772.91,149756,352,83,0,0
1429887,1,99,2715,70,0,41,165773.97,149756,352,83,0,0
1429997,1,99,2716,70,0,41,165773.97,149756,352,83,0,0
1430122,1,99,2708,70,0,41,165773.97,149756,352,82,0,0
1430221,1,99,2695,70,0,41,165773.97,149756,352,82,0,0
1430359,1,99,2694,70,0,41,165773.97,149756,352,82,0,0
1430496,1,99,2699,70,0,41,165775.05,149756,352,82,0,0
1430621,1,99,2701,70,0,41,165775.05,149756,352,82,0,0
1430721,1,99,2701,70,0,41,165775.05,149756,352,82,0,0
1430861,1,99,2702,70,0,41,165775.05,149756,352,82,0,0
1430996,1,99,2701,70,0,41,165775.05,149756,352,82,0,0
1431109,1,99,2696,69,0,41,165775.05,149756,352,82,0,0
1431221,1,99,2689,61,0,41,165776.11,149756,352,82,0,0
1431359,1,99,2699,61,0,41,165776.11,149756,352,82,0,0
1431459,1,99,2710,49,0,41,165776.11,149756,352,82,0,0
1431602,1,99,2703,48,0,41,165776.11,149756,352,82,0,0
1431722,1,99,2696,48,0,41,165776.11,149756,352,82,0,0
1431747,1,99,2696,48,0,41,165776.11,149756,352,82,0,0
1431947,1,99,2703,48,0,41,165776.11,149756,352,82,0,0
1432059,1,99,2718,48,0,41,165776.11,149756,352,82,0,0
1432167,1,99,2688,48,0,41,165777.17,149756,352,82,0,0
1432264,1,99,2688,48,0,41,165777.17,149756,352,82,0,0
1432427,1,99,2688,48,0,41,165777.17,149756,352,82,0,0
1432546,1,99,2719,48,0,41,165777.17,149756,352,82,0,0
1432668,1,99,2719,48,0,41,165777.17,149756,352,82,0,0
1432746,1,99,2719,48,0,41,165777.17,149756,352,82,0,0
1432911,1,99,2691,48,0,41,165777.17,149756,352,82,0,0
1433021,1,99,2692,44,0,41,165778.17,149756,352,82,0,0
1433146,1,99,2692,44,0,41,165778.17,149756,352,82,0,0
1433264,1,99,2700,44,0,41,165778.17,149756,352,82,0,0
1433359,1,99,2695,43,0,41,165778.17,149756,352,82,0,0
1433496,1,99,2696,43,0,41,165778.17,149756,352,82,0,0
1433609,1,99,2700,43,0,41,165778.17,149756,352,82,0,0
1433721,1,99,2703,42,0,41,165778.17,149756,352,82,0,0
1433859,1,99,2705,41,0,41,165778.17,149756,352,82,0,0
1433996,1,99,2700,0,0,41,165779.17,149756,352,82,0,0
1434109,1,99,2674,0,0,41,165779.17,149756,352,82,0,0
1434221,1,99,2683,0,0,41,165779.17,149756,352,82,0,0
1434427,1,98,2717,0,0,41,165779.17,149756,352,82,0,0
1434546,1,98,2690,0,0,41,165779.17,149756,352,82,0,0
1434659,1,98,2663,0,0,41,165779.17,149756,352,82,0,0
1434746,1,98,2695,0,0,41,165779.17,149756,352,82,0,0
1434859,1,98,2666,0,0,41,165779.17,149756,352,82,0,0
1435021,1,98,2682,0,0,41,165779.17,149756,352,82,0,0
1435122,1,98,2658,0,0,41,165779.17,149756,352,82,0,0
1435221,1,98,2661,0,0,41,165779.17,149756,352,82,0,0
1435359,1,98,2656,0,0,41,165779.17,149756,352,82,0,0
1435459,1,97,2684,0,0,41,165779.17,149756,352,82,0,0
1435608,1,97,2684,0,0,41,165779.17,149756,352,82,0,0
1435721,1,97,2635,0,0,41,165779.17,149756,352,82,0,0
1435721,1,97,2635,0,0,41,165779.17,149756,352,82,0,0
1435959,1,97,2679,8,0,41,165779.17,149756,352,82,0,0
1436058,1,97,2640,17,0,41,165779.17,149756,352,82,0,0
1436196,1,97,2642,28,0,41,165780.17,149756,352,82,0,0
1436259,1,97,2651,28,0,41,165780.17,149756,352,82,0,0
1436447,1,96,2651,39,0,41,165780.17,149756,352,82,0,0
1436559,1,97,2642,40,0,41,165780.17,149756,352,82,0,0
1436669,1,96,2645,42,0,41,165780.17,149756,352,82,0,0
1436772,1,96,2647,45,0,41,165780.17,149756,352,82,0,0
1436916,1,96,2655,46,0,41,165780.17,149756,352,82,0,0
1437036,1,96,2630,47,0,41,165780.17,149756,352,82,0,0
1437146,1,96,2634,47,0,41,165780.17,149756,352,82,0,0
1437221,1,96,2604,47,0,41,165780.17,149756,352,82,0,0
1437359,1,96,2634,47,0,41,165781.23,149756,352,82,0,0
1437511,1,96,2600,47,0,41,165781.23,149756,352,82,0,0
1437622,1,96,2625,46,0,41,165781.23,149756,352,82,0,0
1437721,1,96,2650,46,0,41,165781.23,149756,352,82,0,0
1437831,1,96,2616,46,0,41,165781.23,149756,352,81,0,0
1437959,1,96,2606,46,0,41,165781.23,149756,352,81,0,0
1438102,1,96,2603,43,0,41,165781.23,149756,352,81,0,0
1438221,1,96,2601,43,0,41,165781.23,149756,352,81,0,0
1438221,1,96,2601,43,0,41,165781.23,149756,352,81,0,0
1438459,1,96,2606,42,0,41,165782.27,149756,352,81,0,0
1438559,1,95,2604,42,0,41,165782.27,149756,352,81,0,0
1438669,1,95,2593,42,0,41,165782.27,149756,352,81,0,0
1438721,1,95,2593,42,0,41,165782.27,149756,352,81,0,0
1438921,1,95,2620,41,0,41,165782.27,149756,352,81,0,0
1439046,1,95,2598,41,0,41,165782.27,149756,352,81,0,0
1439166,1,95,2598,41,0,41,165782.27,149756,352,81,0,0
1439260,1,95,2564,41,0,41,165783.28,149756,352,81,0,0
1439398,1,95,2595,41,0,41,165783.28,149756,352,81,0,0
1439522,1,95,2563,40,0,41,165783.28,149756,355,81,0,0
1439622,1,95,2563,40,0,41,165783.28,149756,355,81,0,0
1439721,1,94,2562,40,0,41,165783.28,149756,355,81,0,0
1439859,1,94,2591,40,0,41,165783.28,149756,355,81,0,0
1439996,1,94,2587,39,0,41,165783.28,149756,355,81,0,0
1440121,1,94,2587,39,0,41,165783.28,149756,355,81,0,0
1440221,1,94,2587,39,0,41,165783.28,149756,355,81,0,0
1440258,1,94,2589,39,0,41,165783.28,149756,355,81,0,0
1440459,1,94,2582,39,0,41,165784.31,149756,355,81,0,0
1440558,1,94,2549,39,0,41,165784.31,149756,355,81,0,0
1440696,1,93,2554,39,0,41,165784.31,149756,355,81,0,0
1440753,1,93,2554,39,0,41,165784.31,149756,355,81,0,0
1440921,1,93,2556,39,0,41,165784.31,149756,355,81,0,0
1441058,1,93,2557,39,0,41,165784.31,149756,355,81,0,0
1441166,1,93,2557,39,0,41,165784.31,149756,355,81,0,0
1441260,1,93,2557,39,0,41,165784.31,149756,355,81,0,0
1441410,1,93,2558,39,0,41,165784.31,149756,355,81,0,0
1441521,1,93,2525,39,0,41,165785.33,149756,355,81,0,0
1441646,1,93,2559,39,0,41,165785.33,149756,355,81,0,0
1441721,1,92,2527,39,0,41,165785.33,149756,355,81,0,0
1441858,1,92,2496,39,0,41,165785.33,149756,355,81,0,0
1441996,1,92,2497,40,0,41,165785.33,149756,355,81,0,0
1442121,1,92,2497,40,0,41,165785.33,149756,355,81,0,0
1442239,1,92,2499,40,0,41,165785.33,149756,355,81,0,0
1442367,1,92,2504,40,0,41,165785.33,149756,355,81,0,0
1442496,1,92,2505,40,0,41,165785.33,149756,355,81,0,0
1442608,1,92,2502,42,0,41,165786.38,149756,355,81,0,0
1442721,1,91,2500,45,0,41,165786.38,149756,355,81,0,0
1442754,1,91,2500,45,0,41,165786.38,149756,355,81,0,0
1442958,1,91,2516,48,0,41,165786.38,149756,355,81,0,0
1443058,1,91,2474,48,0,41,165786.38,149756,355,81,0,0
1443196,1,91,2478,49,0,41,165786.38,149756,355,81,0,0
1443259,1,91,2472,49,0,41,165786.38,149756,355,81,0,0
1443435,1,91,2472,49,0,41,165786.38,149756,355,81,0,0
1443558,1,91,2473,49,0,41,165787.42,149756,355,81,0,0
1443669,1,91,2472,49,0,41,165787.42,149756,355,81,0,0
1443758,1,91,2472,49,0,41,165787.42,149756,355,81,0,0
1443879,1,91,2472,49,0,41,165787.42,149756,355,81,0,0
1444036,1,91,2470,49,0,41,165787.42,149756,355,81,0,0
1444146,1,91,2469,49,0,41,165787.42,149756,355,81,0,0
1444258,1,90,2471,49,0,41,165787.42,149756,355,81,0,0
1444365,1,90,2471,49,0,41,165787.42,149756,355,81,0,0
1444521,1,90,2464,50,0,41,165787.42,149756,355,81,0,0
1444621,1,90,2492,50,0,41,165788.44,149756,355,81,0,0
1444746,1,90,2458,50,0,41,165788.44,149756,355,81,0,0
1444859,1,90,2434,50,0,41,165788.44,149756,355,81,0,0
1444996,1,90,2468,50,0,41,165788.44,149756,355,81,0,0
1445121,1,90,2438,50,0,41,165788.44,149756,355,81,0,0
1445221,1,90,2437,50,0,41,165788.44,149756,355,81,0,0
1445259,1,90,2438,50,0,41,165788.44,149756,355,81,0,0
1445459,1,90,2436,47,0,41,165789.45,149756,355,81,0,0
1445558,1,90,2458,47,0,41,165789.45,149756,355,81,0,0
1445709,1,90,2455,47,0,41,165789.45,149756,355,81,0,0
1445746,1,90,2455,47,0,41,165789.45,149756,355,81,0,0
1445921,1,90,2451,47,0,41,165789.45,149756,355,81,0,0
1446059,1,90,2453,47,0,41,165789.45,149756,355,81,0,0
1446166,1,89,2448,47,0,41,165789.45,149756,355,81,0,0
1446258,1,89,2446,46,0,41,165789.45,149756,355,81,0,0
1446417,1,89,2444,46,0,41,165789.45,149756,355,81,0,0
1446536,1,89,2442,46,0,41,165790.47,149756,355,81,0,0
1446646,1,89,2447,46,0,41,165790.47,149756,355,81,0,0
1446759,1,89,2444,46,0,41,165790.47,149756,355,81,0,0
1446877,1,89,2444,46,0,41,165790.47,149756,355,81,0,0
1447021,1,89,2412,46,0,41,165790.47,149756,355,81,0,0
1447121,1,89,2412,46,0,41,165790.47,149756,355,81,0,0
1447246,1,89,2412,46,0,41,165790.47,149756,355,81,0,0
1447364,1,89,2412,46,0,41,165790.47,149756,355,81,0,0
1447511,1,89,2414,47,0,41,165790.47,149756,355,81,0,0
1447621,1,89,2414,48,0,41,165791.52,149756,355,81,0,0
1447746,1,89,2414,48,0,41,165791.52,149756,355,81,0,0
1447860,1,89,2423,48,0,41,165791.52,149756,355,81,0,0
1447996,1,89,2422,49,0,41,165791.52,149756,355,81,0,0
1448121,1,89,2418,49,0,41,165791.52,149756,355,81,0,0
1448221,1,89,2416,49,0,41,165791.52,149756,355,81,0,0
1448259,1,89,2414,49,0,41,165791.52,149756,355,81,0,0
1448459,1,89,2419,49,0,41,165791.52,149756,355,81,0,0
1448558,1,89,2416,49,0,41,165792.52,149756,355,81,0,0
1448709,1,89,2411,49,0,41,165792.52,149756,355,81,0,0
1448721,1,89,2411,49,0,41,165792.52,149756,355,81,0,0
1448946,1,89,2417,49,0,41,165792.52,149756,355,81,0,0
1449058,1,89,2411,49,0,41,165792.52,149756,355,81,0,0
1449166,1,89,2409,49,0,41,165792.52,149756,355,81,0,0
1449258,1,89,2408,50,0,41,165792.52,149756,355,81,0,0
1449417,1,89,2414,57,0,41,165792.52,149756,355,81,0,0
1449521,1,89,2424,58,0,41,165793.56,149757,355,81,0,0
1449646,1,89,2408,62,0,41,165793.56,149757,355,81,0,0
1449758,1,89,2429,66,0,41,165793.56,149757,355,81,0,0
1449875,1,89,2429,70,0,41,165793.56,149757,355,81,0,0
1450011,1,89,2411,73,0,41,165793.56,149757,355,81,0,0
1450121,1,89,2453,74,0,41,165793.56,149757,355,81,0,0
1450246,1,89,2459,74,0,41,165793.56,149757,355,81,0,0
1450362,1,89,2445,75,0,41,165794.66,149757,355,81,0,0
1450511,1,89,2443,75,0,41,165794.66,149757,355,81,0,0
1450621,1,89,2449,75,0,41,165794.66,149757,355,81,0,0
1450721,1,89,2453,75,0,41,165794.66,149757,355,81,0,0
1450859,1,89,2434,75,0,41,165794.66,149757,355,81,0,0
1450996,1,89,2439,75,0,41,165794.66,149757,355,81,0,0
1451110,1,90,2444,75,0,41,165795.72,149757,355,81,0,0
1451221,1,90,2448,75,0,41,165795.72,149757,355,81,0,0
1451259,1,90,2451,75,0,41,165795.72,149757,355,81,0,0
1451459,1,90,2439,75,0,41,165795.72,149757,355,81,0,0
1451558,1,90,2440,75,0,41,165795.72,149757,355,81,0,0
1451696,1,90,2479,76,0,41,165796.78,149757,355,81,0,0
1451767,1,90,2452,76,0,41,165796.78,149757,355,81,0,0
1451921,1,90,2483,76,0,41,165796.78,149757,355,81,0,0
1452059,1,90,2479,76,0,41,165796.78,149757,355,81,0,0
1452166,1,90,2488,76,0,41,165796.78,149757,355,81,0,0
1452246,1,90,2488,73,0,41,165796.78,149757,355,81,0,0
1452417,1,90,2491,54,0,41,165797.88,149757,355,81,0,0
1452511,1,91,2485,52,0,41,165797.88,149757,355,81,0,0
1452646,1,90,2473,52,0,41,165797.88,149757,355,81,0,0
1452759,1,91,2479,52,0,41,165797.88,149757,355,81,0,0
1452873,1,91,2479,52,0,41,165797.88,149757,355,81,0,0
1453021,1,91,2465,52,0,41,165797.88,149757,355,81,0,0
1453121,1,91,2473,52,0,41,165797.88,149757,355,81,0,0
1453246,1,91,2474,52,0,41,165797.88,149757,355,81,0,0
1453360,1,91,2468,52,0,41,165797.88,149757,355,81,0,0
1453496,1,91,2495,52,0,41,165798.92,149757,355,81,0,0
1453621,1,91,2491,52,0,41,165798.92,149757,355,81,0,0
1453721,1,91,2489,52,0,41,165798.92,149757,355,81,0,0
1453757,1,91,2489,52,0,41,165798.92,149757,355,81,0,0
1453958,1,91,2467,52,0,41,165798.92,149757,355,81,0,0
1454059,1,91,2493,52,0,41,165798.92,149757,355,81,0,0
1454196,1,91,2491,52,0,41,165798.92,149757,355,81,0,0
1454246,1,91,2491,52,0,41,165798.92,149757,355,81,0,0
1454426,1,91,2467,52,0,41,165798.92,149757,355,81,0,0
1454559,1,91,2491,52,0,41,165799.98,149757,355,81,0,0
1454669,1,91,2488,52,0,41,165799.98,149757,355,81,0,0
1454759,1,91,2523,52,0,41,165799.98,149757,355,81,0,0
1454872,1,91,2523,52,0,41,165799.98,149757,355,81,0,0
1455021,1,91,2467,52,0,41,165799.98,149757,355,81,0,0
1455146,1,91,2466,52,0,41,165799.98,149757,355,81,0,0
1455246,1,91,2525,52,0,41,165799.98,149757,355,81,0,0
1455359,1,91,2527,52,0,41,165799.98,149757,355,81,0,0
1455510,1,91,2503,52,0,41,165801.05,149757,355,81,0,0
1455621,1,92,2500,52,0,41,165801.05,149757,355,81,0,0
1455746,1,92,2525,53,0,41,165801.05,149757,355,81,0,0
1455758,1,92,2522,53,0,41,165801.05,149757,355,81,0,0
1455959,1,92,2499,59,0,41,165801.05,149757,355,81,0,0
1456101,1,92,2518,67,0,41,165801.05,149757,355,81,0,0
1456208,1,92,2519,69,0,41,165801.05,149757,355,81,0,0
1456259,1,92,2502,69,0,41,165801.05,149757,355,81,0,0
1456459,1,92,2545,77,0,41,165802.06,149757,355,81,0,0
1456563,1,92,2505,79,0,41,165802.06,149757,355,81,0,0
1456666,1,92,2498,79,0,41,165802.06,149757,355,81,0,0
1456791,1,93,2549,79,0,41,165802.06,149757,355,81,0,0
1456922,1,93,2553,84,0,41,165802.06,149757,355,81,0,0
1457046,1,93,2554,89,0,41,165803.08,149757,355,81,0,0
1457166,1,93,2558,94,0,41,165803.08,149757,355,81,0,0
1457274,1,93,2566,94,0,41,165803.08,149757,355,81,0,0
1457400,1,93,2562,96,0,41,165803.08,149757,355,81,0,0
1457521,1,94,2574,96,0,41,165804.16,149757,355,81,0,0
1457621,1,94,2581,96,0,41,165804.16,149757,355,81,0,0
1457746,1,94,2583,96,0,41,165804.16,149757,355,81,0,0
1457870,1,94,2575,96,0,41,165804.16,149757,355,81,0,0
1458011,1,94,2609,96,0,41,165805.25,149757,355,81,0,0
1458121,1,95,2617,96,0,41,165805.25,149757,355,81,0,0
1458254,1,95,2619,96,0,41,165805.25,149757,355,81,0,0
1458273,1,95,2619,96,0,41,165805.25,149757,355,81,0,0
1458459,1,95,2612,96,0,41,165805.25,149757,355,81,0,0
1458601,1,96,2643,96,0,41,165806.36,149757,355,81,0,0
1458721,1,96,2620,96,0,41,165806.36,149757,355,81,0,0
1458759,1,96,2621,96,0,41,165806.36,149757,355,81,0,0
1458959,1,96,2654,96,0,41,165806.36,149757,355,81,0,0
1459059,1,97,2644,96,0,41,165807.47,149757,355,81,0,0
1459196,1,97,2639,96,0,41,165807.47,149757,355,81,0,0
1459259,1,97,2650,96,0,41,165807.47,149757,355,81,0,0
1459426,1,97,2685,96,0,41,165807.47,149757,355,81,0,0
1459546,1,97,2686,96,0,41,165807.47,149757,355,81,0,0
1459666,1,98,2677,96,0,41,165808.58,149757,355,81,0,0
1459759,1,98,2673,96,0,41,165808.58,149757,355,81,0,0
1459909,1,98,2679,82,0,41,165808.58,149757,355,81,0,0
1460036,1,98,2687,64,0,41,165808.58,149757,355,81,0,0
1460146,1,98,2663,50,0,41,165809.69,149757,355,81,0,0
1460259,1,98,2672,40,0,41,165809.69,149757,355,81,0,0
1460381,1,98,2672,29,0,41,165809.69,149757,355,81,0,0
1460521,1,98,2672,24,0,41,165809.69,149757,355,81,0,0
1460646,1,98,2674,17,0,41,165809.69,149757,355,81,0,0
1460759,1,98,2657,8,0,41,165809.69,149757,355,81,0,0
1460786,1,98,2657,8,0,41,165809.69,149757,355,81,0,0
1460996,1,98,2665,0,0,41,165809.69,149757,355,81,0,0
1461110,1,98,2695,0,0,41,165809.69,149757,355,81,0,0
1461221,1,98,2657,0,0,41,165810.69,149757,355,81,0,0
1461259,1,98,2658,0,0,41,165810.69,149757,355,81,0,0
1461459,1,98,2656,0,0,41,165810.69,149757,355,81,0,0
1461559,1,98,2656,0,0,41,165810.69,149757,355,81,0,0
1461696,1,98,2656,0,0,41,165810.69,149757,355,81,0,0
1461759,1,98,2656,0,0,41,165810.69,149757,355,81,0,0
1461944,1,97,2671,0,0,41,165810.69,149757,355,81,0,0
1462059,1,97,2679,0,0,41,165810.69,149757,355,81,0,0
1462166,1,97,2634,0,0,41,165810.69,149757,355,81,0,0
1462296,1,97,2683,0,0,41,165810.69,149757,355,81,0,0
1462417,1,97,2635,0,0,41,165810.69,149757,355,81,0,0
1462546,1,97,2684,0,0,41,165810.69,149757,355,81,0,0
1462659,1,97,2624,0,0,41,165810.69,149757,355,81,0,0
1462759,1,97,2652,0,0,41,165810.69,149757,355,81,0,0
1462909,1,97,2624,0,0,41,165810.69,149757,355,81,0,0
1463021,1,97,2624,0,0,41,165810.69,149757,355,81,0,0
1463146,1,97,2624,0,0,41,165810.69,149757,355,81,0,0
1463259,1,96,2624,0,0,41,165810.69,149757,355,81,0,0
1463379,1,96,2624,0,0,41,165810.69,149757,355,81,0,0
1463536,1,96,2624,0,0,41,165810.69,149757,355,81,0,0
1463659,1,96,2592,0,0,41,165810.69,149757,355,81,0,0
1463759,1,96,2624,0,0,41,165810.69,149757,355,81,0,0
1463896,1,96,2592,0,0,41,165810.69,149757,355,81,0,0
1464036,1,96,2592,0,0,41,165810.69,149757,355,81,0,0
1464146,1,96,2592,0,0,41,165810.69,149757,355,81,0,0
1464259,1,95,2592,0,0,41,165810.69,149757,355,81,0,0
1464379,1,95,2592,0,0,41,165810.69,149757,355,81,0,0
1464536,1,95,2592,0,0,41,165810.69,149757,355,81,0,0
1464646,1,95,2592,0,0,41,165810.69,149757,355,81,0,0
1464759,1,95,2560,0,0,41,165810.69,149757,355,81,0,0
1464895,1,95,2560,0,0,41,165810.69,149757,355,81,0,0
1465021,1,94,2560,0,0,41,165810.69,149757,355,81,0,0
1465146,1,94,2560,0,0,41,165810.69,149757,355,81,0,0
1465259,1,94,2560,0,0,41,165810.69,149757,355,81,0,0
1465378,1,94,2560,0,0,41,165810.69,149757,355,81,0,0
1465521,1,94,2528,0,0,41,165810.69,149757,355,81,0,0
1465621,1,94,2560,0,0,41,165810.69,149757,355,81,0,0
1465759,1,94,2528,0,0,41,165810.69,149757,355,81,0,0
1465865,1,94,2528,0,0,41,165810.69,149757,355,81,0,0
1466021,1,93,2528,0,0,41,165810.69,149757,355,81,0,0
1466121,1,93,2528,0,0,41,165810.69,149757,355,81,0,0
1466245,1,93,2528,0,0,41,165810.69,149757,355,82,0,0
1466285,1,93,2528,0,0,41,165810.69,149757,355,82,0,0
1466459,1,93,2528,1,0,41,165810.69,149757,355,82,0,0
1466609,1,92,2545,21,0,41,165810.69,149757,355,82,0,0
1466721,1,92,2538,24,0,41,165810.69,149757,355,82,0,0
1466787,1,92,2538,24,0,41,165810.69,149757,355,82,0,0
1466959,1,92,2546,33,0,41,165810.69,149757,355,82,0,0
1467060,1,92,2526,40,0,41,165810.69,149757,355,82,0,0
1467195,1,92,2521,42,0,41,165810.69,149757,355,82,0,0
1467295,1,92,2523,42,0,41,165811.72,149757,355,82,0,0
1467426,1,92,2523,36,0,41,165811.72,149757,355,82,0,0
1467545,1,92,2516,29,0,41,165811.72,149757,355,82,0,0
1467666,1,92,2513,22,0,41,165811.72,149757,355,82,0,0
1467759,1,92,2518,20,0,41,165811.72,149757,355,82,0,0
1467864,1,92,2518,29,0,41,165811.72,149757,355,82,0,0
1468020,1,91,2501,33,0,41,165811.72,149757,355,82,0,0
1468120,1,91,2501,33,0,41,165811.72,149757,355,82,0,0
1468259,1,91,2491,33,0,41,165811.72,149757,355,82,0,0
1468376,1,91,2491,33,0,41,165811.72,149757,355,82,0,0
1468460,1,91,2471,33,0,41,165811.72,149757,355,82,0,0
1468609,1,91,2465,37,0,41,165812.75,149757,355,82,0,0
1468720,1,91,2497,38,0,41,165812.75,149757,355,82,0,0
1468745,1,91,2497,38,0,41,165812.75,149757,355,82,0,0
1468959,1,91,2487,38,0,41,165812.75,149757,355,81,0,0
1469060,1,91,2490,38,0,41,165812.75,149757,355,81,0,0
1469195,1,91,2491,41,0,41,165812.75,149757,355,81,0,0
1469286,1,91,2489,41,0,41,165812.75,149757,355,81,0,0
1469426,1,91,2489,49,0,41,165812.75,149757,358,81,0,0
1469545,1,91,2489,50,0,41,165812.75,149757,358,81,0,0
1469659,1,91,2477,52,0,41,165813.75,149757,358,81,0,0
1469759,1,91,2484,53,0,41,165813.75,149757,358,81,0,0
1469895,1,91,2484,53,0,41,165813.75,149757,358,81,0,0
1470035,1,91,2490,53,0,41,165813.75,149757,358,81,0,0
1470145,1,91,2491,53,0,41,165813.75,149757,358,81,0,0
1470272,1,91,2488,53,0,41,165813.75,149757,358,81,0,0
1470286,1,91,2488,53,0,41,165813.75,149757,358,81,0,0
1470511,1,90,2483,29,0,41,165814.77,149757,358,81,0,0
1470621,1,90,2487,29,0,41,165814.77,149757,358,81,0,0
1470745,1,90,2492,29,0,41,165814.77,149757,358,81,0,0
1470795,1,90,2461,29,0,42,165814.77,149757,358,81,0,0
1470964,1,90,2445,29,0,42,165814.77,149757,358,81,0,0
1471101,1,90,2450,44,0,42,165814.77,149757,358,81,0,0
1471210,1,90,2489,54,0,42,165814.77,149757,358,81,0,0
1471285,1,90,2444,54,0,42,165814.77,149757,358,81,0,0
1471459,1,90,2449,59,0,42,165814.77,149757,358,81,0,0
1471559,1,90,2442,72,0,42,165814.77,149757,358,81,0,0
1471665,1,90,2438,75,0,42,165815.77,149757,358,81,0,0
1471795,1,90,2440,79,0,42,165815.77,149757,358,81,0,0
1471920,1,90,2472,79,0,42,165815.77,149757,358,81,0,0
1472045,1,90,2485,79,0,42,165815.77,149757,358,81,0,0
1472165,1,90,2484,78,0,42,165815.77,149757,358,81,0,0
1472285,1,90,2441,77,0,42,165816.83,149757,358,81,0,0
1472409,1,90,2487,74,0,42,165816.83,149757,358,81,0,0
1472545,1,90,2473,71,0,42,165816.83,149757,358,81,0,0
1472666,1,90,2490,69,0,42,165816.83,149757,358,81,0,0
1472759,1,90,2489,65,0,42,165816.83,149757,358,81,0,0
1472895,1,90,2489,58,0,42,165816.83,149757,358,81,0,0
1473035,1,90,2489,57,0,42,165817.86,149757,358,81,0,0
1473145,1,90,2471,52,0,42,165817.86,149757,358,81,0,0
1473270,1,90,2445,47,0,42,165817.86,149757,358,81,0,0
1473399,1,90,2445,46,0,42,165817.86,149757,358,81,0,0
1473520,1,90,2434,50,0,42,165817.86,149757,358,81,0,0
1473645,1,90,2454,50,0,42,165817.86,149757,358,81,0,0
1473759,1,90,2458,50,0,42,165817.86,149757,358,81,0,0
1473809,1,90,2458,50,0,42,165817.86,149757,358,81,0,0
1473995,1,90,2437,50,0,42,165818.92,149757,358,81,0,0
1474110,1,90,2432,51,0,42,165818.92,149757,358,81,0,0
1474220,1,90,2463,51,0,42,165818.92,149757,358,81,0,0
1474285,1,90,2459,51,0,42,165818.92,149757,358,81,0,0
1474460,1,90,2453,51,0,42,165818.92,149757,358,81,0,0
1474560,1,90,2454,51,0,42,165818.92,149757,358,81,0,0
1474695,1,90,2459,51,0,42,165818.92,149757,358,81,0,0
1474760,1,90,2463,51,0,42,165818.92,149757,358,81,0,0
1474945,1,90,2432,51,0,42,165818.92,149757,358,81,0,0
1475060,1,89,2455,51,0,42,165819.97,149757,358,81,0,0
1475165,1,89,2452,51,0,42,165819.97,149757,358,81,0,0
1475295,1,89,2456,51,0,42,165819.97,149757,358,81,0,0
1475410,1,89,2459,51,0,42,165819.97,149757,358,81,0,0
1475545,1,89,2461,51,0,42,165819.97,149757,358,81,0,0
1475665,1,89,2455,51,0,42,165819.97,149757,358,81,0,0
1475760,1,89,2452,54,0,42,165819.97,149757,358,81,0,0
1475895,1,89,2452,62,0,42,165821.00,149757,358,81,0,0
1476035,1,89,2445,65,0,42,165821.00,149757,358,81,0,0
1476160,1,89,2457,67,0,42,165821.00,149757,358,81,0,0
1476269,1,89,2439,68,0,42,165821.00,149757,358,81,0,0
1476410,1,89,2446,74,0,42,165821.00,149757,358,81,0,0
1476535,1,90,2447,76,0,42,165821.00,149757,358,81,0,0
1476645,1,90,2453,78,0,42,165822.06,149757,358,81,0,0
1476760,1,90,2461,79,0,42,165822.06,149757,358,81,0,0
1476788,1,90,2461,79,0,42,165822.06,149757,358,81,0,0
1476995,1,90,2451,89,0,42,165822.06,149757,358,81,0,0
1477110,1,90,2437,92,0,42,165822.06,149757,358,81,0,0
1477220,1,90,2443,98,0,42,165822.06,149757,358,81,0,0
1477320,1,90,2488,110,0,42,165823.14,149757,358,81,0,0
1477511,1,90,2486,129,0,42,165823.14,149757,358,81,0,0
1477620,1,91,2479,133,0,42,165823.14,149757,358,81,0,0
1477745,1,91,2482,136,0,42,165823.14,149757,358,81,0,0
1477809,1,91,2475,138,0,42,165824.19,149757,358,81,0,0
1477985,1,91,2489,138,0,42,165824.19,149757,358,81,0,0
1478101,1,91,2525,140,0,42,165824.19,149757,358,81,0,0
1478220,1,92,2511,140,0,42,165825.22,149757,358,81,0,0
1478320,1,92,2519,140,0,42,165825.22,149757,358,81,0,0
1478426,1,92,2502,140,0,42,165825.22,149757,358,81,0,0
1478560,1,93,2532,138,0,42,165826.22,149757,358,81,0,0
1478695,1,93,2533,138,0,42,165826.22,149757,358,81,0,0
1478797,1,93,2529,138,0,42,165827.23,149757,358,81,0,0
1478920,1,93,2551,138,0,42,165827.23,149757,358,81,0,0
1479060,1,94,2581,132,0,42,165828.23,149757,358,81,0,0
1479165,1,94,2564,129,0,42,165828.23,149757,358,81,0,0
1479297,1,94,2568,127,0,42,165828.23,149757,358,81,0,0
1479426,1,94,2568,127,0,42,165829.25,149757,358,81,0,0
1479560,1,95,2574,127,0,42,165829.25,149757,358,81,0,0
1479666,1,95,2594,127,0,42,165829.25,149757,358,81,0,0
1479785,1,95,2605,124,0,42,165830.44,149757,358,81,0,0
1479810,1,95,2605,122,0,42,165830.44,149757,358,81,0,0
1480020,1,96,2607,116,0,42,165830.44,149757,358,81,0,0
1480145,1,96,2609,104,0,42,165830.44,149757,358,81,0,0
1480260,1,96,2626,89,0,42,165831.55,149757,358,81,0,0
1480310,1,96,2626,87,0,42,165831.55,149757,358,81,0,0
1480495,1,96,2626,71,0,42,165831.55,149757,358,81,0,0
1480601,1,96,2639,66,0,42,165831.55,149757,358,81,0,0
1480720,1,96,2618,63,0,42,165832.59,149757,358,81,0,0
1480810,1,96,2639,61,0,42,165832.59,149757,358,81,0,0
1480945,1,96,2639,61,0,42,165832.59,149757,358,81,0,0
1481063,1,96,2642,57,0,42,165832.59,149757,358,81,0,0
1481210,1,96,2601,55,0,42,165832.59,149757,358,81,0,0
1481310,1,96,2651,54,0,42,165832.59,149757,358,81,0,0
1481426,1,96,2640,54,0,42,165832.59,149757,358,81,0,0
1481560,1,96,2626,51,0,42,165832.59,149757,358,81,0,0
1481695,1,96,2612,48,0,42,165833.59,149757,358,81,0,0
1481797,1,96,2608,46,0,42,165833.59,149757,358,81,0,0
1481920,1,96,2610,46,0,42,165833.59,149757,358,81,0,0
1482063,1,96,2606,45,0,42,165833.59,149757,358,81,0,0
1482166,1,96,2604,45,0,42,165833.59,149757,358,81,0,0
1482297,1,96,2596,45,0,42,165833.59,149757,358,81,0,0
1482426,1,95,2596,45,0,42,165833.59,149757,358,81,0,0
1482545,1,96,2621,45,0,42,165833.59,149757,358,81,0,0
1482669,1,95,2600,45,0,42,165834.62,149757,358,81,0,0
1482785,1,95,2601,45,0,42,165834.62,149757,358,81,0,0
1482820,1,95,2601,44,0,42,165834.62,149757,358,81,0,0
1483020,1,95,2596,0,0,42,165834.62,149757,358,81,0,0
1483145,1,95,2560,0,0,42,165834.62,149757,358,81,0,0
1483245,1,95,2567,0,0,42,165834.62,149757,358,81,0,0
1483297,1,95,2591,0,0,42,165834.62,149757,358,81,0,0
1483495,1,95,2623,0,0,42,165834.62,149757,358,81,0,0
1483613,1,95,2591,0,0,42,165834.62,149757,358,81,0,0
1483720,1,94,2589,0,0,42,165834.62,149757,358,81,0,0
1483820,1,94,2587,0,0,42,165834.62,149757,358,81,0,0
1483945,1,94,2587,0,0,42,165834.62,149757,358,81,0,0
1484063,1,94,2571,0,0,42,165834.62,149757,358,81,0,0
1484195,1,94,2590,0,0,42,165834.62,149757,358,81,0,0
1484313,1,94,2563,0,0,42,165835.64,149757,358,81,0,0
1484426,1,93,2588,0,0,42,165835.64,149757,358,81,0,0
1484560,1,93,2558,0,0,42,165835.64,149757,358,81,0,0
1484669,1,93,2555,0,0,42,165835.64,149757,358,81,0,0
1484797,1,93,2558,0,0,42,165835.64,149757,358,81,0,0
1484920,1,93,2555,0,0,42,165835.64,149757,358,81,0,0
1485045,1,93,2526,0,0,42,165835.64,149757,358,81,0,0
1485169,1,92,2496,0,0,42,165835.64,149757,358,81,0,0
1485297,1,92,2496,0,0,42,165835.64,149757,358,81,0,0
1485427,1,92,2496,0,0,42,165835.64,149757,358,81,0,0
1485545,1,92,2496,0,0,42,165835.64,149757,358,81,0,0
1485666,1,92,2496,0,0,42,165835.64,149757,358,81,0,0
1485785,1,92,2496,0,0,42,165835.64,149757,358,81,0,0
1485820,1,91,2496,0,0,42,165835.64,149757,358,81,0,0
1486020,1,91,2464,0,0,42,165835.64,149757,358,81,0,0
1486120,1,91,2464,0,0,42,165835.64,149757,358,81,0,0
1486245,1,91,2464,0,0,42,165835.64,149757,358,81,0,0
1486298,1,91,2464,0,0,42,165835.64,149757,358,81,0,0
1486495,1,91,2464,0,0,42,165835.64,149758,358,81,0,0
1486610,1,90,2464,0,0,42,165835.64,149758,358,81,0,0
1486723,1,90,2464,0,0,42,165835.64,149758,358,81,0,0
1486820,1,90,2432,0,0,42,165835.64,149758,358,81,0,0
1486945,1,90,2432,0,0,42,165835.64,149758,358,81,0,0
1487063,1,90,2432,0,0,42,165835.64,149758,358,81,0,0
1487195,1,90,2432,0,0,42,165835.64,149758,358,81,0,0
1487313,1,89,2432,0,0,42,165835.64,149758,358,81,0,0
1487426,1,89,2432,0,0,42,165835.64,149758,358,81,0,0
1487563,1,89,2400,0,0,42,165835.64,149758,358,81,0,0
1487669,1,89,2400,0,0,42,165835.64,149758,358,81,0,0
1487797,1,89,2400,0,0,42,165835.64,149758,358,81,0,0
1487918,1,89,2400,0,0,42,165835.64,149758,358,81,0,0
1488045,1,88,2400,6,0,42,165835.64,149758,358,81,0,0
1488166,1,88,2404,16,0,42,165835.64,149758,358,81,0,0
1488285,1,88,2463,29,0,42,165835.64,149758,358,81,0,0
1488313,1,88,2463,34,0,42,165835.64,149758,358,81,0,0
1488520,1,88,2402,35,0,42,165835.64,149758,358,81,0,0
1488645,1,88,2417,35,0,42,165835.64,149758,358,81,0,0
1488763,1,88,2421,35,0,42,165835.64,149758,358,81,0,0
1488820,1,88,2421,37,0,42,165835.64,149758,358,81,0,0
1488963,1,88,2414,37,0,42,165835.64,149758,358,81,0,0
1489113,1,88,2415,38,0,42,165835.64,149758,358,81,0,0
1489223,1,88,2419,38,0,42,165836.67,149758,358,81,0,0
1489320,1,88,2426,38,0,42,165836.67,149758,358,81,0,0
1489447,1,88,2430,38,0,42,165836.67,149758,358,81,0,0
1489563,1,88,2427,38,0,42,165836.67,149758,358,81,0,0
1489695,1,88,2425,39,0,42,165836.67,149758,358,81,0,0
1489820,1,88,2393,40,0,42,165836.67,149758,358,81,0,0
1489927,1,88,2425,40,0,42,165836.67,149758,358,81,0,0
1490063,1,88,2394,41,0,42,165836.67,149758,358,81,0,0
1490195,1,88,2391,41,0,42,165836.67,149758,358,81,0,0
1490315,1,88,2398,41,0,42,165837.69,149758,358,81,0,0
1490348,1,88,2398,41,0,42,165837.69,149758,358,81,0,0
1490545,1,88,2396,41,0,42,165837.69,149758,358,81,0,0
1490663,1,88,2393,41,0,42,165837.69,149758,358,81,0,0
1490763,1,87,2387,41,0,42,165837.69,149758,358,81,0,0
1490820,1,88,2387,44,0,42,165837.69,149758,358,81,0,0
1491020,1,88,2385,48,0,42,165837.69,149758,358,81,0,0
1491120,1,87,2397,49,0,42,165837.69,149758,358,81,0,0
1491245,1,87,2384,49,0,42,165837.69,149758,358,81,0,0
1491358,1,88,2396,50,0,42,165838.72,149758,358,81,0,0
1491482,1,88,2368,50,0,42,165838.72,149758,358,81,0,0
1491600,1,87,2368,50,0,42,165838.72,149758,358,81,0,0
1491723,1,88,2368,50,0,42,165838.72,149758,358,81,0,0
1491820,1,88,2399,50,0,42,165838.72,149758,358,81,0,0
1491963,1,88,2396,51,0,42,165838.72,149758,358,82,0,0
1492100,1,87,2396,51,0,42,165838.72,149758,358,82,0,0
1492213,1,88,2396,51,0,42,165839.78,149758,358,82,0,0
1492320,1,88,2398,51,0,42,165839.78,149758,358,82,0,0
1492445,1,88,2399,51,0,42,165839.78,149758,358,82,0,0
1492563,1,88,2396,51,0,42,165839.78,149758,358,82,0,0
1492695,1,88,2392,51,0,42,165839.78,149758,358,82,0,0
1492820,1,88,2388,51,0,42,165839.78,149758,358,82,0,0
1492820,1,88,2388,51,0,42,165839.78,149758,358,82,0,0
1493045,1,88,2389,51,0,42,165839.78,149758,358,82,0,0
1493169,1,88,2426,51,0,42,165840.81,149758,358,82,0,0
1493285,1,88,2395,51,0,42,165840.81,149758,358,82,0,0
1493354,1,88,2395,51,0,42,165840.81,149758,358,82,0,0
1493520,1,88,2395,51,0,42,165840.81,149758,358,82,0,0
1493620,1,88,2395,51,0,42,165840.81,149758,358,82,0,0
1493745,1,88,2395,51,0,42,165840.81,149758,358,82,0,0
1493865,1,88,2394,51,0,42,165840.81,149758,358,82,0,0
1493962,1,88,2394,51,0,42,165840.81,149758,358,82,0,0
1494113,1,88,2394,51,0,42,165841.86,149758,358,82,0,0
1494223,1,88,2395,51,0,42,165841.86,149758,358,82,0,0
1494320,1,88,2395,51,0,42,165841.86,149758,358,82,0,0
1494445,1,88,2394,51,0,42,165841.86,149758,358,82,0,0
1494563,1,88,2384,51,0,42,165841.86,149758,358,82,0,0
1494695,1,88,2389,51,0,42,165841.86,149758,358,82,0,0
1494820,1,88,2392,51,0,42,165841.86,149758,358,82,0,0
1494863,1,88,2395,51,0,42,165841.86,149758,358,82,0,0
1495063,1,88,2395,50,0,42,165842.89,149758,358,82,0,0
1495168,1,88,2395,47,0,42,165842.89,149758,358,82,0,0
1495295,1,88,2393,44,0,42,165842.89,149758,358,82,0,0
1495323,1,88,2393,44,0,42,165842.89,149758,358,82,0,0
1495535,1,88,2393,41,0,42,165842.89,149758,358,82,0,0
1495645,1,88,2392,33,0,42,165842.89,149758,358,82,0,0
1495763,1,88,2385,19,0,42,165842.89,149758,358,82,0,0
1495821,1,88,2385,10,0,42,165842.89,149758,358,82,0,0
1496000,1,88,2395,4,0,42,165842.89,149758,358,82,0,0
1496120,1,87,2387,3,0,42,165842.89,149758,358,82,0,0
1496223,1,87,2388,3,0,42,165843.92,149758,358,82,0,0
1496354,1,87,2391,2,0,42,165843.92,149758,358,82,0,0
1496445,1,87,2393,1,0,42,165843.92,149758,358,82,0,0
1496563,1,87,2395,0,0,42,165843.92,149758,358,82,0,0
1496695,1,87,2363,0,0,42,165843.92,149758,358,82,0,0
1496812,1,87,2395,0,0,42,165843.92,149758,358,82,0,0
1496923,1,87,2395,0,0,42,165843.92,149758,358,82,0,0
1497063,1,87,2395,0,0,42,165843.92,149758,358,82,0,0
1497168,1,86,2395,0,0,42,165843.92,149758,358,82,0,0
1497295,1,86,2394,0,0,42,165843.92,149758,358,82,0,0
1497331,1,86,2362,0,0,42,165843.92,149758,358,82,0,0
1497545,1,86,2356,0,0,42,165843.92,149758,358,82,0,0
1497663,1,86,2360,0,0,42,165843.92,149758,358,82,0,0
1497762,1,86,2364,0,0,42,165843.92,149758,358,82,0,0
1497848,1,86,2364,0,0,42,165843.92,149758,358,82,0,0
1498020,1,86,2364,0,0,42,165843.92,149758,358,82,0,0
1498120,1,85,2332,0,0,42,165843.92,149758,358,82,0,0
1498245,1,85,2364,0,0,42,165843.92,149758,358,82,0,0
1498353,1,85,2332,0,0,42,165843.92,149758,358,82,0,0
1498477,1,85,2332,0,0,42,165843.92,149758,358,82,0,0
1498600,1,85,2317,25,0,42,165843.92,149758,358,82,0,0
1498722,1,85,2362,37,0,42,165843.92,149758,358,82,0,0
1498820,1,85,2322,43,0,42,165843.92,149758,358,82,0,0
1498962,1,85,2331,43,0,42,165844.97,149758,358,82,0,0
1499063,1,85,2322,52,0,42,165844.97,149758,358,82,0,0
1499195,1,85,2306,64,0,42,165844.97,149758,358,82,0,0
1499320,1,85,2319,69,0,42,165844.97,149758,358,82,0,0
1499446,1,85,2323,69,0,42,165844.97,149758,358,82,0,0
1499563,1,85,2308,77,0,42,165844.97,149758,358,82,0,0
1499695,1,85,2321,79,0,42,165844.97,149758,358,82,0,0
1499812,1,85,2304,81,0,42,165845.98,149758,358,82,0,0
1499847,1,85,2304,81,0,42,165845.98,149758,358,82,0,0
1500045,1,85,2309,83,0,42,165845.98,149758,358,82,0,0
1500168,1,85,2308,83,0,42,165845.98,149758,358,82,0,0
1500285,1,85,2310,84,0,42,165845.98,149758,358,82,0,0
1500353,1,85,2310,84,0,42,165847.02,149758,358,82,0,0
1500520,1,86,2338,85,0,42,165847.02,149758,358,82,0,0
1500644,1,86,2367,85,0,42,165847.02,149758,358,82,0,0
1500762,1,86,2359,86,0,42,165847.02,149758,358,82,0,0
1500860,1,86,2359,86,0,42,165847.02,149758,358,82,0,0
1500997,1,86,2340,86,0,42,165848.05,149758,358,82,0,0
1501120,1,86,2347,86,0,42,165848.05,149758,358,82,0,0
1501222,1,86,2350,87,0,42,165848.05,149758,358,82,0,0
1501348,1,86,2352,87,0,42,165848.05,149758,358,82,0,0
1501462,1,86,2353,87,0,42,165848.05,149758,358,82,0,0
1501600,1,86,2345,89,0,42,165849.11,149758,358,82,0,0
1501722,1,86,2342,89,0,42,165849.11,149758,358,82,0,0
1501821,1,87,2348,90,0,42,165849.11,149758,358,82,0,0
1501945,1,87,2359,90,0,42,165849.11,149758,358,82,0,0
1502100,1,87,2369,92,0,42,165849.11,149758,358,82,0,0
1502222,1,87,2373,92,0,42,165850.20,149758,358,82,0,0
1502321,1,87,2379,88,0,42,165850.20,149758,358,82,0,0
1502463,1,87,2380,73,0,42,165850.20,149758,358,82,0,0
1502600,1,87,2380,53,0,42,165850.20,149758,358,82,0,0
1502712,1,87,2376,53,0,42,165850.20,149758,358,82,0,0
1502820,1,87,2369,53,0,42,165851.22,149758,358,82,0,0
1502944,1,87,2393,56,0,42,165851.22,149758,358,82,0,0
1503065,1,87,2390,70,0,42,165851.22,149758,358,82,0,0
1503195,1,87,2394,75,0,42,165851.22,149758,358,82,0,0
1503320,1,87,2388,79,0,42,165851.22,149758,358,82,0,0
1503445,1,87,2383,79,0,42,165851.22,149758,358,82,0,0
1503565,1,87,2372,86,0,42,165852.25,149758,358,82,0,0
1503695,1,87,2384,90,0,42,165852.25,149758,358,82,0,0
1503812,1,88,2393,90,0,42,165852.25,149758,358,82,0,0
1503847,1,88,2393,90,0,42,165852.25,149758,358,82,0,0
1504044,1,88,2403,91,0,42,165852.25,149758,358,82,0,0
1504162,1,88,2430,92,0,42,165852.25,149758,358,82,0,0
1504262,1,88,2402,93,0,42,165853.34,149758,358,82,0,0
1504328,1,88,2402,93,0,42,165853.34,149758,358,82,0,0
1504520,1,88,2420,76,0,42,165853.34,149758,358,82,0,0
1504620,1,88,2424,75,0,42,165853.34,149758,358,82,0,0
1504744,1,88,2428,75,0,42,165853.34,149758,358,82,0,0
1504820,1,88,2413,75,0,42,165854.38,149758,358,82,0,0
1504994,1,88,2418,69,0,42,165854.38,149758,358,82,0,0
1505112,1,88,2422,69,0,42,165854.38,149758,358,82,0,0
1505222,1,88,2424,69,0,42,165854.38,149758,358,82,0,0
1505348,1,88,2408,69,0,42,165854.38,149758,358,82,0,0
1505462,1,88,2408,69,0,42,165854.38,149758,358,82,0,0
1505612,1,88,2410,69,0,42,165855.45,149758,358,82,0,0
1505722,1,88,2411,69,0,42,165855.45,149758,358,82,0,0
1505847,1,88,2413,69,0,42,165855.45,149758,358,82,0,0
1505862,1,88,2414,69,0,42,165855.45,149758,358,82,0,0
1506063,1,88,2413,58,0,42,165855.45,149758,358,82,0,0
1506194,1,88,2424,47,0,42,165855.45,149758,358,82,0,0
1506320,1,88,2422,47,0,42,165856.50,149758,358,82,0,0
1506362,1,88,2422,47,0,42,165856.50,149758,358,82,0,0
1506545,1,88,2411,41,0,42,165856.50,149758,358,82,0,0
1506668,1,88,2430,38,0,42,165856.50,149758,358,82,0,0
1506794,1,88,2419,36,0,42,165856.50,149758,358,82,0,0
1506862,1,88,2405,36,0,42,165856.50,149758,358,82,0,0
1507034,1,88,2402,38,0,42,165856.50,149758,358,82,0,0
1507144,1,88,2372,41,0,42,165856.50,149758,358,82,0,0
1507262,1,88,2386,41,0,42,165856.50,149758,358,82,0,0
1507362,1,88,2369,41,0,42,165857.53,149758,358,82,0,0
1507494,1,88,2369,40,0,42,165857.53,149758,358,82,0,0
1507620,1,88,2391,35,0,42,165857.53,149758,358,82,0,0
1507744,1,88,2383,34,0,42,165857.53,149758,358,82,0,0
1507862,1,88,2394,34,0,42,165857.53,149758,358,82,0,0
1507994,1,88,2394,34,0,42,165857.53,149758,358,82,0,0
1508120,1,87,2385,34,0,42,165857.53,149758,358,82,0,0
1508244,1,87,2388,34,0,42,165857.53,149758,358,82,0,0
1508362,1,87,2397,34,0,42,165857.53,149758,358,82,0,0
1508494,1,87,2397,34,0,42,165857.53,149758,358,82,0,0
1508620,1,87,2368,36,0,42,165858.58,149758,358,82,0,0
1508744,1,87,2368,36,0,42,165858.58,149758,358,82,0,0
1508847,1,87,2368,36,0,42,165858.58,149758,358,82,0,0
1508864,1,87,2372,36,0,42,165858.58,149758,358,82,0,0
1509062,1,87,2373,36,0,42,165858.58,149758,358,82,0,0
1509212,1,87,2369,38,0,42,165858.58,149758,358,82,0,0
1509320,1,87,2370,38,0,42,165858.58,149758,358,82,0,0
1509362,1,87,2371,38,0,42,165858.58,149758,358,82,0,0
1509562,1,87,2377,38,0,42,165858.58,149758,358,82,0,0
1509668,1,87,2377,38,0,42,165858.58,149758,358,82,0,0
1509794,1,87,2376,38,0,42,165858.58,149758,358,82,0,0
1509862,1,87,2342,38,0,42,165859.59,149758,358,82,0,0
1510042,1,87,2343,39,0,42,165859.59,149758,358,82,0,0
1510144,1,86,2343,39,0,42,165859.59,149758,358,82,0,0
1510262,1,86,2337,39,0,42,165859.59,149758,358,82,0,0
1510362,1,86,2336,39,0,42,165859.59,149758,358,82,0,0
1510494,1,86,2336,46,0,42,165859.59,149758,358,82,0,0
1510620,1,86,2341,47,0,42,165859.59,149758,358,82,0,0
1510744,1,86,2343,50,0,42,165859.59,149758,358,82,0,0
1510847,1,86,2351,50,0,42,165859.59,149758,358,82,0,0
1510965,1,86,2353,50,0,42,165859.59,149758,358,82,0,0
1511112,1,86,2351,51,0,42,165860.62,149758,358,82,0,0
1511222,1,86,2348,51,0,42,165860.62,149758,358,82,0,0
1511347,1,86,2351,51,0,42,165860.62,149758,358,82,0,0
1511362,1,86,2357,51,0,42,165860.62,149758,358,82,0,0
1511562,1,86,2360,51,0,42,165860.62,149758,358,82,0,0
1511694,1,86,2357,49,0,42,165860.62,149758,358,82,0,0
1511819,1,86,2351,41,0,42,165860.62,149758,358,82,0,0
1511862,1,86,2351,41,0,42,165860.62,149758,358,82,0,0
1512044,1,86,2365,33,0,42,165860.62,149758,358,82,0,0
1512168,1,86,2356,32,0,42,165861.66,149758,358,82,0,0
1512294,1,86,2345,31,0,42,165861.66,149758,358,82,0,0
1512362,1,86,2340,31,0,42,165861.66,149758,358,82,0,0
1512534,1,86,2345,30,0,42,165861.66,149758,358,82,0,0
1512644,1,86,2348,29,0,42,165861.66,149758,358,82,0,0
1512762,1,86,2352,29,0,42,165861.66,149758,358,82,0,0
1512862,1,85,2320,30,0,42,165861.66,149758,358,82,0,0
1512994,1,85,2320,50,0,42,165861.66,149758,358,82,0,0
1513119,1,86,2351,57,0,42,165861.66,149758,358,82,0,0
1513244,1,86,2338,65,0,42,165861.66,149758,358,82,0,0
1513362,1,85,2357,68,0,42,165862.70,149758,358,82,0,0
1513476,1,85,2357,72,0,42,165862.70,149758,358,82,0,0
1513620,1,86,2347,75,0,42,165862.70,149758,358,82,0,0
1513744,1,86,2353,75,0,42,165862.70,149758,358,82,0,0
1513862,1,86,2360,75,0,42,165862.70,149758,358,82,0,0
1513963,1,86,2360,75,0,42,165862.70,149758,358,82,0,0
1514119,1,86,2343,75,0,42,165863.70,149758,358,82,0,0
1514222,1,86,2343,75,0,42,165863.70,149758,358,82,0,0
1514347,1,86,2362,75,0,42,165863.70,149758,358,82,0,0
1514361,1,86,2354,75,0,42,165863.70,149758,358,82,0,0
1514562,1,86,2359,77,0,42,165863.70,149758,358,82,0,0
1514694,1,86,2364,80,0,42,165863.70,149758,358,82,0,0
1514819,1,86,2340,83,0,42,165864.72,149758,358,82,0,0
1514862,1,86,2341,83,0,42,165864.72,149758,358,82,0,0
1515044,1,86,2349,86,0,42,165864.72,149758,358,82,0,0
1515168,1,86,2342,87,0,42,165864.72,149758,358,82,0,0
1515294,1,86,2345,88,0,42,165864.72,149758,358,82,0,0
1515362,1,86,2345,88,0,42,165864.72,149758,358,82,0,0
1515534,1,87,2377,88,0,42,165865.75,149758,358,82,0,0
1515644,1,87,2375,88,0,42,165865.75,149758,358,82,0,0
1515762,1,87,2382,88,0,42,165865.75,149758,358,82,0,0
1515862,1,87,2386,88,0,42,165865.75,149758,358,82,0,0
1515994,1,87,2386,89,0,42,165865.75,149758,358,82,0,0
1516144,1,87,2377,90,0,42,165866.81,149758,358,82,0,0
1516262,1,87,2384,90,0,42,165866.81,149758,358,82,0,0
1516372,1,87,2392,91,0,42,165866.81,149758,358,82,0,0
1516512,1,87,2399,91,0,42,165866.81,149758,358,82,0,0
1516620,1,87,2372,92,0,42,165866.81,149758,358,82,0,0
1516744,1,87,2375,92,0,42,165866.81,149758,358,82,0,0
1516862,1,88,2401,92,0,42,165867.91,149758,358,82,0,0
1516894,1,88,2401,87,0,42,165867.91,149758,358,82,0,0
1517100,1,88,2398,77,0,42,165867.91,149758,358,82,0,0
1517222,1,88,2408,76,0,42,165867.91,149758,358,82,0,0
1517322,1,88,2413,78,0,42,165867.91,149758,358,82,0,0
1517416,1,88,2425,84,0,42,165868.95,149758,358,82,0,0
1517562,1,88,2431,84,0,42,165868.95,149758,364,82,0,0
1517694,1,88,2428,93,0,42,165868.95,149758,364,82,0,0
1517812,1,88,2421,103,0,42,165868.95,149758,364,82,0,0
1517905,1,88,2414,109,0,42,165868.95,149758,364,82,0,0
1518044,1,88,2427,114,0,42,165868.95,149758,364,82,0,0
1518168,1,89,2415,119,0,42,165870.05,149758,364,82,0,0
1518284,1,89,2459,121,0,42,165870.05,149758,364,82,0,0
1518362,1,89,2450,122,0,42,165870.05,149758,364,82,0,0
1518512,1,89,2463,122,0,42,165870.05,149758,364,82,0,0
1518644,1,89,2440,122,0,42,165871.11,149758,364,82,0,0
1518762,1,89,2453,122,0,42,165871.11,149758,364,82,0,0
1518862,1,90,2458,122,0,42,165871.11,149758,364,82,0,0
1518994,1,90,2458,122,0,42,165872.12,149758,364,82,0,0
1519144,1,90,2434,122,0,42,165872.12,149758,364,82,0,0
1519262,1,90,2495,122,0,42,165872.12,149758,364,82,0,0
1519370,1,90,2491,122,0,42,165873.17,149758,364,82,0,0
1519512,1,90,2489,122,0,42,165873.17,149758,364,82,0,0
1519644,1,91,2485,121,0,42,165873.17,149758,364,82,0,0
1519744,1,91,2490,115,0,42,165874.20,149758,364,82,0,0
1519862,1,91,2523,98,0,42,165874.20,149758,364,82,0,0
1519895,1,91,2523,95,0,42,165874.20,149758,364,82,0,0
1520113,1,92,2523,95,0,42,165874.20,149758,364,82,0,0
1520222,1,92,2499,95,0,42,165875.25,149758,364,82,0,0
1520347,1,92,2505,95,0,42,165875.25,149758,364,82,0,0
1520416,1,92,2509,95,0,42,165875.25,149758,364,82,0,0
1520562,1,92,2521,95,0,42,165875.25,149758,364,82,0,0
1520764,1,92,2518,104,0,42,165876.28,149758,364,82,0,0
1520862,1,93,2554,104,0,42,165876.28,149758,364,82,0,0
1520994,1,93,2554,103,0,42,165876.28,149758,364,82,0,0
1521119,1,93,2538,91,0,42,165876.28,149758,364,82,0,0
1521244,1,93,2547,88,0,42,165877.28,149758,364,82,0,0
1521362,1,93,2550,87,0,42,165877.28,149758,364,82,0,0
1521396,1,93,2550,86,0,42,165877.28,149758,364,82,0,0
1521612,1,93,2539,86,0,42,165877.28,149758,364,82,0,0
1521721,1,93,2549,86,0,42,165878.36,149758,364,82,0,0
1521819,1,93,2561,86,0,42,165878.36,149758,364,82,0,0
1521862,1,93,2588,86,0,42,165878.36,149758,364,82,0,0
1522062,1,93,2551,83,0,42,165878.36,149758,364,82,0,0
1522194,1,94,2531,73,0,42,165878.36,149758,364,82,0,0
1522313,1,94,2581,69,0,42,165879.38,149758,364,82,0,0
1522396,1,94,2547,64,0,42,165879.38,149758,364,82,0,0
1522546,1,94,2544,64,0,42,165879.38,149758,364,82,0,0
1522675,1,94,2571,62,0,42,165879.38,149758,364,82,0,0
1522784,1,94,2532,62,0,42,165879.38,149758,364,82,0,0
1522902,1,94,2536,62,0,42,165879.38,149758,364,82,0,0
1522994,1,94,2536,62,0,42,165879.38,149758,364,82,0,0
1523144,1,94,2537,63,0,42,165880.41,149758,364,82,0,0
1523262,1,94,2543,64,0,42,165880.41,149758,364,82,0,0
1523362,1,94,2585,64,0,42,165880.41,149758,364,82,0,0
1523495,1,94,2585,64,0,42,165880.41,149758,364,82,0,0
1523644,1,94,2547,66,0,42,165880.41,149758,364,82,0,0
1523744,1,94,2576,66,0,42,165880.41,149758,364,82,0,0
1523862,1,94,2590,66,0,42,165881.44,149758,364,82,0,0
1523896,1,94,2590,66,0,42,165881.44,149758,364,82,0,0
1524113,1,94,2566,66,0,42,165881.44,149758,364,82,0,0
1524221,1,94,2589,70,0,42,165881.44,149758,364,82,0,0
1524347,1,94,2590,77,0,42,165881.44,149758,364,82,0,0
1524413,1,94,2566,77,0,42,165881.44,149758,364,82,0,0
1524562,1,94,2566,77,0,42,165882.48,149758,364,82,0,0
1524694,1,94,2530,46,0,42,165882.48,149758,364,82,0,0
1524819,1,94,2539,44,0,42,165882.48,149758,364,82,0,0
1524862,1,94,2574,44,0,42,165882.48,149758,364,82,0,0
1525062,1,94,2538,44,0,42,165882.48,149758,364,82,0,0
1525168,1,94,2546,42,0,42,165882.48,149758,364,82,0,0
1525294,1,94,2547,51,0,42,165882.48,149758,364,82,0,0
1525414,1,93,2559,53,0,42,165882.48,149758,364,82,0,0
1525537,1,93,2533,53,0,42,165883.52,149758,364,82,0,0
1525644,1,93,2554,60,0,42,165883.52,149758,364,82,0,0
1525762,1,93,2533,67,0,42,165883.52,149758,364,82,0,0
1525862,1,93,2559,69,0,42,165883.52,149758,364,82,0,0
1526019,1,93,2558,72,0,42,165883.52,149758,364,82,0,0
1526144,1,93,2559,75,0,42,165883.52,149758,364,82,0,0
1526262,1,93,2547,76,0,42,165884.59,149758,364,82,0,0
1526362,1,94,2585,76,0,42,165884.59,149758,364,82,0,0
1526397,1,94,2585,76,0,42,165884.59,149758,364,82,0,0
1526644,1,94,2530,76,0,42,165884.59,149758,364,82,0,0
1526762,1,94,2580,76,0,42,165884.59,149758,364,82,0,0
1526863,1,94,2574,76,0,42,165885.61,149758,364,82,0,0
1526894,1,94,2574,76,0,42,165885.61,149758,364,82,0,0
1527113,1,94,2584,75,0,42,165885.61,149758,364,82,0,0
1527221,1,94,2587,69,0,42,165885.61,149758,364,82,0,0
1527347,1,94,2548,63,0,42,165885.61,149758,364,82,0,0
1527413,1,94,2541,51,0,42,165885.61,149758,364,82,0,0
1527562,1,94,2552,44,0,42,165886.67,149759,364,82,0,0
1527694,1,94,2553,42,0,42,165886.67,149759,364,82,0,0
1527819,1,94,2539,42,0,42,165886.67,149759,364,82,0,0
1527894,1,94,2541,42,0,42,165886.67,149759,364,82,0,0
1528062,1,93,2528,42,0,42,165886.67,149759,364,82,0,0
1528168,1,93,2534,42,0,42,165886.67,149759,364,82,0,0
1528294,1,93,2535,41,0,42,165886.67,149759,364,82,0,0
1528396,1,93,2531,40,0,42,165886.67,149759,364,82,0,0
1528534,1,93,2531,40,0,42,165886.67,149759,364,82,0,0
1528663,1,93,2546,40,0,42,165887.70,149759,364,82,0,0
1528784,1,93,2543,40,0,42,165887.70,149759,364,82,0,0
1528894,1,93,2542,40,0,42,165887.70,149759,364,82,0,0
1529019,1,93,2544,40,0,42,165887.70,149759,364,82,0,0
1529144,1,93,2550,40,0,42,165887.70,149759,364,82,0,0
1529263,1,93,2550,40,0,42,165887.70,149759,364,82,0,0
1529364,1,93,2547,44,0,42,165887.70,149759,364,82,0,0
1529439,1,93,2547,50,0,42,165887.70,149759,367,82,0,0
1529619,1,93,2542,51,0,42,165887.70,149759,367,82,0,0
1529721,1,93,2543,51,0,42,165888.72,149759,367,82,0,0
1529847,1,93,2542,51,0,42,165888.72,149759,367,82,0,0
1529924,1,92,2533,51,0,42,165888.72,149759,367,82,0,0
1530062,1,92,2554,51,0,42,165888.72,149759,367,82,0,0
1530213,1,93,2556,56,0,42,165888.72,149759,367,82,0,0
1530319,1,92,2496,71,0,42,165888.72,149759,367,82,0,0
1530396,1,92,2534,72,0,42,165888.72,149759,367,82,0,0
1530562,1,93,2530,72,0,42,165888.72,149759,367,82,0,0
1530669,1,93,2537,73,0,42,165889.80,149759,367,82,0,0
1530794,1,93,2542,76,0,42,165889.80,149759,367,82,0,0
1530920,1,93,2546,76,0,42,165889.80,149759,367,82,0,0
1531019,1,93,2541,76,0,42,165889.80,149759,367,82,0,0
1531144,1,93,2529,76,0,42,165889.80,149759,367,82,0,0
1531262,1,93,2554,76,0,42,165890.86,149759,367,82,0,0
1531362,1,93,2548,76,0,42,165890.86,149759,367,82,0,0
1531398,1,93,2548,75,0,42,165890.86,149759,367,82,0,0
1531619,1,93,2547,69,0,42,165890.86,149759,367,82,0,0
1531744,1,93,2540,65,0,42,165890.86,149759,367,82,0,0
1531862,1,93,2531,55,0,42,165891.92,149759,367,83,0,0
1531923,1,93,2531,50,0,42,165891.92,149759,367,83,0,0
1532099,1,93,2538,47,0,42,165891.92,149759,367,83,0,0
1532213,1,93,2555,44,0,42,165891.92,149759,367,83,0,0
1532321,1,92,2552,40,0,42,165891.92,149759,367,83,0,0
1532434,1,92,2551,36,0,42,165891.92,149759,367,83,0,0
1532562,1,92,2498,36,0,42,165891.92,149759,367,83,0,0
1532669,1,92,2524,34,0,42,165891.92,149759,367,83,0,0
1532794,1,92,2523,33,0,42,165891.92,149759,367,83,0,0
1532894,1,92,2523,33,0,42,165891.92,149759,367,83,0,0
1533019,1,92,2525,33,0,42,165892.94,149759,367,83,0,0
1533162,1,92,2496,33,0,42,165892.94,149759,367,83,0,0
1533262,1,92,2525,39,0,42,165892.94,149759,367,83,0,0
1533362,1,92,2496,44,0,42,165892.94,149759,367,83,0,0
1533494,1,92,2496,57,0,42,165892.94,149759,367,83,0,0
1533644,1,92,2507,59,0,42,165892.94,149759,367,83,0,0
1533763,1,92,2505,61,0,42,165892.94,149759,367,83,0,0
1533862,1,92,2511,61,0,42,165892.94,149759,367,83,0,0
1534002,1,92,2511,61,0,42,165893.95,149759,367,83,0,0
1534118,1,92,2512,61,0,42,165893.95,149759,367,83,0,0
1534221,1,92,2507,59,0,42,165893.95,149759,367,83,0,0
1534347,1,92,2500,47,0,42,165893.95,149759,367,83,0,0
1534396,1,92,2501,43,0,42,165893.95,149759,367,83,0,0
1534563,1,92,2519,43,0,42,165893.95,149759,367,83,0,0
1534713,1,92,2497,22,0,42,165893.95,149759,367,83,0,0
1534819,1,91,2469,21,0,42,165893.95,149759,367,83,0,0
1534919,1,91,2487,20,0,42,165894.97,149759,367,83,0,0
1535063,1,91,2514,20,0,42,165894.97,149759,367,83,0,0
1535168,1,91,2482,20,0,42,165894.97,149759,367,83,0,0
1535294,1,91,2484,20,0,42,165894.97,149759,367,83,0,0
1535396,1,91,2487,20,0,42,165894.97,149759,367,83,0,0
1535519,1,91,2487,20,0,42,165894.97,149759,367,83,0,0
1535668,1,91,2486,20,0,42,165894.97,149759,367,83,0,0
1535784,1,91,2485,20,0,42,165894.97,149759,367,83,0,0
1535863,1,91,2486,17,0,42,165894.97,149759,367,83,0,0
1535975,1,91,2486,17,0,42,165894.97,149759,367,83,0,0
1536118,1,90,2486,17,0,42,165894.97,149759,367,83,0,0
1536263,1,90,2477,17,0,42,165894.97,149759,367,83,0,0
1536363,1,90,2445,17,0,42,165894.97,149759,367,83,0,0
1536493,1,90,2445,17,0,42,165894.97,149759,367,83,0,0
1536643,1,90,2445,17,0,42,165894.97,149759,367,83,0,0
1536763,1,90,2450,18,0,42,165895.97,149759,367,83,0,0
1536863,1,90,2450,18,0,42,165895.97,149759,367,83,0,0
1537013,1,90,2448,18,0,42,165895.97,149759,367,83,0,0
1537143,1,90,2448,18,0,42,165895.97,149759,367,83,0,0
1537263,1,89,2451,21,0,42,165895.97,149759,367,83,0,0
1537384,1,89,2453,22,0,42,165895.97,149759,367,83,0,0
1537519,1,89,2460,26,0,42,165895.97,149759,367,83,0,0
1537643,1,89,2437,31,0,42,165895.97,149759,367,83,0,0
1537743,1,89,2450,31,0,42,165895.97,149759,367,83,0,0
1537863,1,89,2433,32,0,42,165895.97,149759,367,83,0,0
1537896,1,89,2433,32,0,42,165895.97,149759,367,83,0,0
1538113,1,89,2459,33,0,42,165895.97,149759,367,83,0,0
1538221,1,89,2456,33,0,42,165897.02,149759,367,83,0,0
1538346,1,89,2454,33,0,42,165897.02,149759,367,83,0,0
1538428,1,89,2420,33,0,42,165897.02,149759,367,83,0,0
1538563,1,89,2430,33,0,42,165897.02,149759,367,83,0,0
1538693,1,89,2430,33,0,42,165897.02,149759,367,83,0,0
1538819,1,88,2426,33,0,42,165897.02,149759,367,83,0,0
1538893,1,88,2424,33,0,42,165897.02,149759,367,83,0,0
1539033,1,88,2424,33,0,42,165897.02,149759,367,83,0,0
1539168,1,88,2400,33,0,42,165897.02,149759,367,83,0,0
1539293,1,88,2401,33,0,42,165897.02,149759,367,83,0,0
1539396,1,88,2402,33,0,42,165897.02,149759,367,83,0,0
1539519,1,88,2428,33,0,42,165898.03,149759,367,83,0,0
1539663,1,88,2422,33,0,42,165898.03,149759,367,83,0,0
1539783,1,88,2426,33,0,42,165898.03,149759,367,83,0,0
1539893,1,88,2429,33,0,42,165898.03,149759,367,83,0,0
1539922,1,88,2429,33,0,42,165898.03,149759,367,83,0,0
1540119,1,88,2400,33,0,42,165898.03,149759,367,83,0,0
1540243,1,88,2394,33,0,42,165898.03,149759,367,83,0,0
1540364,1,88,2393,33,0,42,165898.03,149759,367,83,0,0
1540396,1,88,2393,33,0,42,165898.03,149759,367,83,0,0
1540599,1,88,2398,33,0,42,165898.03,149759,367,83,0,0
1540713,1,88,2398,33,0,42,165899.03,149759,367,83,0,0
1540819,1,88,2394,33,0,42,165899.03,149759,367,83,0,0
1540865,1,88,2392,33,0,42,165899.03,149759,367,83,0,0
1541063,1,88,2395,33,0,42,165899.03,149759,367,83,0,0
1541193,1,87,2397,33,0,42,165899.03,149759,367,83,0,0
1541293,1,87,2398,33,0,42,165899.03,149759,367,83,0,0
1541365,1,87,2398,33,0,42,165899.03,149759,367,83,0,0
1541519,1,87,2394,33,0,42,165899.03,149759,367,83,0,0
1541663,1,87,2389,33,0,42,165899.03,149759,367,83,0,0
1541783,1,87,2393,33,0,42,165899.03,149759,367,83,0,0
1541893,1,87,2394,33,0,42,165899.03,149759,367,83,0,0
1542033,1,87,2396,33,0,42,165899.03,149759,367,83,0,0
1542143,1,87,2396,33,0,42,165900.08,149759,367,83,0,0
1542266,1,87,2390,33,0,42,165900.08,149759,367,83,0,0
1542366,1,87,2389,33,0,42,165900.08,149759,367,83,0,0
1542519,1,87,2394,33,0,42,165900.08,149759,367,83,0,0
1542643,1,87,2395,33,0,42,165900.08,149759,367,83,0,0
1542763,1,87,2396,33,0,42,165900.08,149759,367,83,0,0
1542863,1,87,2392,33,0,42,165900.08,149759,367,83,0,0
1542905,1,87,2392,33,0,42,165900.08,149759,367,83,0,0
1543118,1,87,2387,33,0,42,165900.08,149759,367,83,0,0
1543221,1,87,2356,33,0,42,165900.08,149759,367,83,0,0
1543346,1,87,2392,33,0,42,165900.08,149759,367,83,0,0
1543428,1,87,2361,33,0,42,165901.11,149759,367,83,0,0
1543563,1,86,2363,33,0,42,165901.11,149759,367,83,0,0
1543693,1,86,2360,41,0,42,165901.11,149759,367,83,0,0
1543818,1,86,2360,42,0,42,165901.11,149759,367,83,0,0
1543893,1,86,2344,45,0,42,165901.11,149759,367,83,0,0
1544034,1,86,2344,45,0,42,165901.11,149759,367,83,0,0
1544169,1,86,2345,50,0,42,165901.11,149759,367,83,0,0
1544293,1,86,2358,57,0,42,165901.11,149759,367,83,0,0
1544396,1,86,2362,57,0,42,165901.11,149759,367,83,0,0
1544519,1,86,2344,57,0,42,165901.11,149759,367,83,0,0
1544643,1,86,2354,27,0,42,165902.17,149759,367,83,0,0
1544763,1,86,2351,25,0,42,165902.17,149759,367,83,0,0
1544863,1,86,2355,25,0,42,165902.17,149759,367,83,0,0
1544922,1,86,2355,25,0,42,165902.17,149759,367,83,0,0
1545118,1,86,2360,25,0,42,165902.17,149759,367,83,0,0
1545243,1,86,2364,25,0,42,165902.17,149759,367,83,0,0
1545363,1,86,2340,24,0,42,165902.17,149759,367,83,0,0
1545420,1,85,2308,9,0,42,165902.17,149759,367,83,0,0
1545599,1,85,2322,0,0,42,165902.17,149759,367,83,0,0
1545713,1,85,2335,0,0,42,165902.17,149759,367,83,0,0
1545819,1,85,2328,0,0,42,165902.17,149759,367,83,0,0
1545943,1,85,2327,0,0,42,165902.17,149759,367,83,0,0
1546046,1,85,2326,0,0,42,165902.17,149759,367,83,0,0
1546193,1,85,2325,0,0,42,165902.17,149759,367,83,0,0
1546313,1,85,2325,0,0,42,165903.19,149759,367,83,0,0
1546430,1,84,2294,0,0,42,165903.19,149759,367,83,0,0
1546445,1,84,2294,0,0,42,165903.19,149759,367,83,0,0
1546666,1,84,2296,0,0,42,165903.19,149759,367,83,0,0
1546783,1,84,2296,0,0,42,165903.19,149759,367,83,0,0
1546893,1,84,2272,0,0,42,165903.19,149759,367,83,0,0
1546943,1,84,2272,0,0,42,165903.19,149759,367,83,0,0
1547143,1,84,2299,0,0,42,165903.19,149759,367,83,0,0
1547243,1,83,2272,0,0,42,165903.19,149759,367,83,0,0
1547363,1,83,2272,0,0,42,165903.19,149759,367,83,0,0
1547473,1,83,2267,0,0,42,165903.19,149759,367,83,0,0
1547619,1,83,2267,0,0,42,165903.19,149759,367,83,0,0
1547721,1,83,2240,0,0,42,165903.19,149759,367,83,0,0
1547846,1,82,2240,0,0,42,165903.19,149759,367,83,0,0
1547943,1,82,2240,0,0,42,165903.19,149759,367,83,0,0
1548070,1,82,2240,0,0,42,165903.19,149759,367,83,0,0
1548213,1,82,2240,0,0,42,165903.19,149759,367,83,0,0
1548321,1,82,2208,0,14,42,165903.19,149759,367,83,0,0
1548426,1,82,2208,0,36,42,165903.19,149759,367,83,0,0
1548426,1,82,2208,0,36,42,165903.19,149759,367,83,0,0
1548666,1,82,2208,0,36,42,165903.19,149759,367,83,0,0
1548793,1,81,2176,0,44,42,165903.19,149759,367,83,0,0
1548916,1,80,2176,0,50,42,165903.19,149759,367,83,0,0
1548943,1,80,2176,0,72,42,165903.19,149759,367,83,0,0
1549143,1,79,2144,0,98,42,165903.19,149759,367,83,0,0
1549266,1,79,2112,0,98,42,165903.19,149759,367,83,0,0
1549363,1,78,2112,0,100,42,165903.19,149759,367,83,0,0
1549444,1,78,2112,0,100,42,165903.19,149759,367,83,0,0
1549621,1,76,2080,0,100,42,165903.19,149759,367,83,0,0
1549735,1,76,2048,0,98,42,165903.19,149759,367,83,0,0
1549846,1,75,2048,0,104,42,165903.19,149759,367,83,0,0
1549960,1,75,2048,0,110,42,165903.19,149759,367,83,0,0
1550094,1,75,2016,0,110,42,165903.19,149759,367,83,0,0
1550193,1,73,1984,0,118,42,165903.19,149759,367,83,0,0
1550319,1,72,1952,0,118,42,165903.19,149759,367,83,0,0
1550426,1,72,1952,0,120,42,165903.19,149759,367,83,0,0
1550566,1,72,1920,0,120,42,165903.19,149759,367,83,0,0
1550693,1,70,1888,0,126,42,165903.19,149759,367,83,0,0
1550793,1,70,1888,0,126,42,165903.19,149759,367,83,0,0
1550922,1,68,1856,0,128,42,165903.19,149759,367,83,0,0
1550966,1,68,1856,0,130,42,165903.19,149759,367,83,0,0
1551166,1,68,1792,0,140,42,165903.19,149759,367,83,0,0
1551283,1,66,1792,0,144,42,165903.19,149759,367,83,0,0
1551395,1,65,1760,0,144,42,165903.19,149759,367,83,0,0
1551466,1,65,1728,0,144,42,165903.19,149759,367,83,0,0
1551623,1,65,1728,0,144,42,165903.19,149759,367,83,0,0
1551724,1,63,1696,0,82,42,165903.19,149759,367,83,0,0
1551866,1,63,1696,0,0,42,165903.19,149759,367,83,0,0
1551966,1,63,1696,0,0,42,165903.19,149759,367,83,0,0
1552068,1,63,1696,0,0,42,165903.19,149759,367,83,0,0
1552221,1,63,1696,0,0,42,165903.19,149759,367,83,0,0
1552322,1,62,1696,0,0,42,165903.19,149759,367,83,0,0
1552426,1,62,1696,0,0,42,165903.19,149759,367,83,0,0
1552580,1,62,1696,12,0,42,165903.19,149759,367,83,0,0
1552713,1,62,1706,12,0,42,165903.19,149759,367,83,0,0
1552821,1,62,1713,13,0,42,165903.19,149759,367,83,0,0
1552921,1,62,1710,0,0,42,165903.19,149759,367,83,0,0
1553043,1,62,1702,0,0,42,165903.19,149759,367,83,0,0
1553193,1,62,1716,0,60,42,165903.19,149759,367,83,0,0
1553316,1,61,1684,0,128,42,165903.19,149759,367,83,0,0
1553426,1,60,1652,0,136,42,165903.19,149759,367,83,0,0
1553475,1,60,1653,0,146,42,165903.19,149759,367,83,0,0
1553666,1,59,1620,0,156,42,165903.19,149759,367,83,0,0
1553783,1,58,1599,0,166,42,165903.19,149759,367,83,0,0
1553893,1,57,1544,0,178,42,165903.19,149759,367,83,0,0
1553943,1,56,1544,0,188,42,165903.19,149759,367,83,0,0
1554121,1,54,1526,0,188,42,165903.19,149759,367,83,0,0
1554243,1,53,1460,0,200,42,165903.19,149759,367,83,0,0
1554366,1,52,1425,0,198,42,165903.19,149759,367,83,0,0
1554425,1,52,1393,0,198,42,165903.19,149759,367,83,0,0
1554599,1,52,1345,0,204,42,165903.19,149759,367,83,0,0
1554724,1,48,1314,0,202,42,165903.19,149759,367,83,0,0
1554846,1,47,1280,0,190,42,165904.20,149759,367,83,0,0
1554921,1,46,1279,0,190,42,165904.20,149759,367,83,0,0
1555043,1,46,1277,0,178,42,165904.20,149759,367,83,0,0
1555193,1,45,1244,0,174,42,165904.20,149759,367,83,0,0
1555316,1,44,1178,0,174,42,165904.20,149759,367,83,0,0
1555425,1,42,1177,0,172,42,165904.20,149759,367,83,0,0
1555552,1,42,1144,0,148,42,165904.20,149759,367,83,0,0
1555666,1,41,1109,0,148,42,165904.20,149759,367,83,0,0
1555783,1,40,1108,0,144,42,165904.20,149759,367,83,0,0
1555893,1,39,1077,0,146,42,165904.20,149759,367,83,0,0
1555921,1,39,1045,0,146,42,165904.20,149759,367,83,0,0
1556121,1,37,984,0,146,42,165904.20,149759,367,83,0,0
1556243,1,36,961,0,134,42,165904.20,149759,367,83,0,0
1556365,1,36,1062,0,110,42,165904.20,149759,367,83,0,0
1556443,1,35,1094,0,104,42,165904.20,149759,367,83,0,0
1556599,1,35,1067,0,104,42,165904.20,149759,367,83,0,0
1556724,1,34,1059,0,90,42,165904.20,149759,367,83,0,0
1556846,1,33,1056,0,76,42,165904.20,149759,367,83,0,0
1556943,1,33,1087,0,64,42,165904.20,149759,367,83,0,0
1557066,1,33,1061,0,64,42,165904.20,149759,367,83,0,0
1557193,1,33,1068,0,0,42,165904.20,149759,367,83,0,0
1557321,1,32,1105,0,0,42,165904.20,149759,367,83,0,0
1557445,1,32,1099,0,0,42,165904.20,149759,367,83,0,0
1557565,1,32,1093,0,0,42,165904.20,149759,367,83,0,0
1557693,1,32,1093,11,0,42,165904.20,149759,367,83,0,0
1557821,1,32,1159,14,0,42,165904.20,149759,367,83,0,0
1557922,1,32,1303,16,0,42,165904.20,149759,367,83,0,0
1557981,1,32,1321,16,0,42,165904.20,149759,367,83,0,0
1558166,1,32,1537,20,0,42,165904.20,149759,367,83,0,0
1558283,1,32,1632,21,0,42,165905.22,149759,367,83,0,0
1558395,1,31,1765,24,0,42,165905.22,149759,367,83,0,0
1558470,1,31,1907,24,0,42,165905.22,149759,367,83,0,0
1558621,1,31,2142,26,0,42,165905.22,149759,367,83,0,0
1558743,1,31,2279,26,0,42,165905.22,149759,367,83,0,0
1558865,1,31,2401,26,0,42,165905.22,149759,367,83,0,0
1558943,1,31,2401,26,0,42,165905.22,149759,367,83,0,0
1559115,1,31,2347,28,0,42,165905.22,149759,367,83,0,0
1559223,1,31,2353,40,0,42,165905.22,149759,367,83,0,0
1559346,1,31,2392,46,0,42,165905.22,149759,367,83,0,0
1559426,1,31,2385,60,0,42,165905.22,149759,375,83,0,0
1559565,1,31,2419,60,0,42,165905.22,149759,375,83,0,0
1559693,1,31,2447,79,0,42,165906.30,149759,375,83,0,0
1559816,1,32,2455,81,0,42,165906.30,149759,375,83,0,0
1559921,1,33,2525,85,0,42,165906.30,149759,375,83,0,0
1560065,1,33,2549,87,0,42,165906.30,149759,375,83,0,0
1560193,1,33,2571,90,0,42,165906.30,149759,375,83,0,0
1560293,1,34,2620,91,0,42,165907.34,149759,375,83,0,0
1560425,1,35,2630,93,0,42,165907.34,149759,375,83,0,0
1560449,1,35,2630,93,0,42,165907.34,149759,375,83,0,0
1560663,1,35,2691,91,0,42,165907.34,149759,375,83,0,0
1560765,1,36,2741,90,0,42,165908.42,149759,375,83,0,0
1560893,1,36,2770,90,0,41,165908.42,149759,375,83,0,0
1560943,1,37,2802,90,0,41,165908.42,149759,375,83,0,0
1561139,1,37,2820,91,0,41,165908.42,149759,375,83,0,0
1561243,1,38,2848,91,0,41,165908.42,149759,375,83,0,0
1561365,1,38,2888,91,0,41,165909.50,149759,375,83,0,0
1561465,1,38,2930,91,0,41,165909.50,149759,375,83,0,0
1561574,1,38,2930,91,0,41,165909.50,149759,375,83,0,0
1561723,1,39,2976,85,0,41,165909.50,149759,375,83,0,0
1561846,1,39,3006,77,0,41,165909.50,149759,375,83,0,0
1561943,1,40,2977,76,0,41,165910.59,149759,375,83,0,0
1562087,1,40,3038,74,0,41,165910.59,149759,375,83,0,0
1562215,1,40,3040,67,0,41,165910.59,149759,375,83,0,0
1562321,1,40,3045,60,0,41,165910.59,149759,375,83,0,0
1562445,1,40,3069,52,0,41,165910.59,149759,375,83,0,0
1562492,1,40,3067,47,0,41,165910.59,149759,375,83,0,0
1562715,1,40,3041,35,0,41,165910.59,149759,375,83,0,0
1562821,1,40,3071,25,0,41,165911.64,149759,375,83,0,0
1562943,1,40,3050,12,0,41,165911.64,149759,375,82,0,0
1563065,1,40,2996,0,0,41,165911.64,149759,375,82,0,0
1563193,1,40,2990,0,0,41,165911.64,149759,375,82,0,0
1563321,1,39,3019,0,0,41,165911.64,149759,375,82,0,0
1563465,1,39,2952,0,0,41,165911.64,149759,375,82,0,0
1563573,1,39,2952,0,0,41,165911.64,149759,375,82,0,0
1563723,1,39,2920,0,0,41,165911.64,149759,375,82,0,0
1563846,1,38,2942,0,0,41,165911.64,149759,375,82,0,0
1563943,1,38,2884,0,0,41,165911.64,149759,375,82,0,0
1564065,1,38,2907,0,0,41,165911.64,149759,375,82,0,0
1564193,1,38,2846,0,0,41,165911.64,149759,375,82,0,0
1564321,1,37,2794,0,0,41,165911.64,149759,375,82,0,0
1564444,1,37,2782,0,0,41,165911.64,149759,375,82,0,0
1564444,1,37,2782,0,0,41,165911.64,149759,375,82,0,0
1564666,1,36,2720,0,0,41,165911.64,149759,375,82,0,0
1564793,1,36,2688,0,0,41,165911.64,149759,375,82,0,0
1564921,1,35,2656,0,0,41,165911.64,149759,375,82,0,0
1564965,1,35,2656,0,0,41,165911.64,149759,375,82,0,0
1565143,1,35,2624,0,0,41,165911.64,149759,375,82,0,0
1565265,1,34,2592,0,0,41,165911.64,149759,375,82,0,0
1565365,1,34,2592,0,0,41,165911.64,149759,375,82,0,0
1565444,1,34,2560,0,0,41,165911.64,149759,375,82,0,0
1565621,1,33,2560,0,0,41,165911.64,149759,375,82,0,0
1565744,1,33,2496,0,0,41,165911.64,149759,375,82,0,0
1565865,1,33,2496,10,0,41,165911.64,149759,375,82,0,0
1565965,1,33,2509,18,0,41,165911.64,149759,375,82,0,0
1566098,1,33,2509,25,0,41,165911.64,149759,375,82,0,0
1566223,1,33,2509,31,0,41,165911.64,149759,375,82,0,0
1566345,1,32,2449,34,0,41,165911.64,149759,375,82,0,0
1566465,1,32,2485,37,0,41,165912.64,149759,375,82,0,0
1566571,1,32,2485,38,0,41,165912.64,149759,375,82,0,0
1566715,1,32,2491,40,0,41,165912.64,149759,375,82,0,0
1566821,1,32,2492,40,0,41,165912.64,149759,375,82,0,0
1566943,1,33,2466,40,0,41,165912.64,149759,375,82,0,0
1566965,1,33,2474,40,0,41,165912.64,149759,375,82,0,0
1567193,1,33,2474,45,0,41,165912.64,149759,375,82,0,0
1567293,1,33,2473,49,0,41,165912.64,149759,375,82,0,0
1567425,1,33,2512,63,0,41,165912.64,149759,375,82,0,0
1567465,1,33,2501,63,0,41,165912.64,149759,375,82,0,0
1567665,1,33,2554,85,0,41,165913.72,149759,375,82,0,0
1567783,1,33,2579,86,0,41,165913.72,149759,375,82,0,0
1567893,1,34,2596,87,0,41,165913.72,149759,375,82,0,0
1568001,1,34,2612,86,0,41,165913.72,149759,375,82,0,0
1568134,1,35,2652,77,0,41,165913.72,149759,375,82,0,0
1568243,1,35,2625,77,0,41,165914.77,149759,375,82,0,0
1568365,1,35,2693,77,0,41,165914.77,149759,375,82,0,0
1568443,1,36,2693,77,0,41,165914.77,149759,375,82,0,0
1568570,1,36,2718,77,0,41,165914.77,149759,375,82,0,0
1568723,1,36,2778,77,0,41,165914.77,149759,375,82,0,0
1568845,1,36,2780,77,0,41,165914.77,149759,375,82,0,0
1568943,1,37,2794,76,0,41,165915.84,149759,375,82,0,0
1569083,1,37,2800,70,0,41,165915.84,149759,375,82,0,0
1569215,1,37,2797,60,0,41,165915.84,149759,375,82,0,0
1569321,1,37,2847,60,0,41,165915.84,149759,375,82,0,0
1569443,1,37,2833,60,0,41,165915.84,149759,375,82,0,0
1569569,1,37,2821,60,0,41,165915.84,149759,375,82,0,0
1569692,1,38,2853,64,0,41,165915.84,149759,375,82,0,0
1569821,1,38,2896,71,0,41,165916.86,149759,375,82,0,0
1569942,1,38,2911,81,0,41,165916.86,149759,375,82,0,0
1569942,1,38,2911,81,0,41,165916.86,149759,375,82,0,0
1570165,1,39,2960,90,0,41,165916.86,149759,375,82,0,0
1570292,1,39,2987,91,0,41,165916.86,149759,375,82,0,0
1570395,1,39,3032,85,0,41,165917.98,149759,375,82,0,0
1570465,1,40,3034,85,0,41,165917.98,149759,375,82,0,0
1570642,1,40,3015,69,0,41,165917.98,149759,375,82,0,0
1570765,1,40,3059,68,0,41,165917.98,149759,375,82,0,0
1570865,1,40,3064,64,0,41,165917.98,149759,375,82,0,0
1570979,1,40,3064,58,0,41,165919.02,149759,375,82,0,0
1571081,1,40,3064,38,0,41,165919.02,149759,375,82,0,0
1571223,1,40,2995,0,0,41,165919.02,149759,375,82,0,0
1571345,1,40,3014,0,64,41,165919.02,149759,375,82,0,0
1571443,1,39,3009,0,70,41,165919.02,149759,375,82,0,0
1571568,1,39,2987,0,70,41,165919.02,149759,375,82,0,0
1571715,1,38,2895,0,96,41,165919.02,149759,375,82,0,0
1571821,1,37,2755,0,98,41,165919.02,149759,375,82,0,0
1571942,1,36,2697,0,108,41,165919.02,149759,375,82,0,0
1572065,1,36,2700,0,108,41,165919.02,149759,375,82,0,0
1572192,1,35,2557,0,134,41,165919.02,149759,375,82,0,0
1572321,1,33,2496,0,140,41,165919.02,149759,375,82,0,0
1572425,1,32,2395,0,140,41,165919.02,149759,375,82,0,0
1572443,1,32,2395,0,150,41,165919.02,149759,375,82,0,0
1572665,1,29,2204,0,182,41,165919.02,149759,375,82,0,0
1572782,1,28,2061,0,182,41,165919.02,149759,375,82,0,0
1572892,1,27,1935,0,182,41,165919.02,149759,375,82,0,0
1572965,1,26,1813,0,188,41,165919.02,149759,375,82,0,0
1573142,1,26,1688,0,182,41,165919.02,149759,375,82,0,0
1573242,1,23,1611,0,188,41,165919.02,149759,375,82,0,0
1573365,1,22,1564,0,184,41,165919.02,149759,375,82,0,0
1573442,1,20,1532,0,178,41,165919.02,149759,375,82,0,0
1573621,1,18,1458,0,178,41,165919.02,149759,375,82,0,0
1573723,1,17,1390,0,180,41,165919.02,149759,375,82,0,0
1573845,1,16,1387,0,162,41,165919.02,149759,375,82,0,0
1573965,1,15,1320,0,160,41,165920.03,149759,375,83,0,0
1574079,1,15,1320,0,160,41,165920.03,149759,375,83,0,0
1574223,1,12,1288,0,154,41,165920.03,149759,375,83,0,0
1574345,1,11,1255,0,116,41,165920.03,149759,375,83,0,0
1574443,1,11,1254,0,108,41,165920.03,149759,375,83,0,0
1574566,1,11,1221,0,108,41,165920.03,149759,375,83,0,0
1574715,1,9,1189,0,106,41,165920.03,149759,375,83,0,0
1574821,1,8,1188,0,102,41,165920.03,149759,375,83,0,0
1574942,1,7,1156,0,102,41,165920.03,149759,375,83,0,0
1574965,1,7,1156,0,102,41,165920.03,149759,375,83,0,0
1575165,1,7,1125,0,96,41,165920.03,149759,375,83,0,0
1575292,1,5,1126,0,96,41,165920.03,149759,375,83,0,0
1575414,1,5,1094,0,94,41,165920.03,149759,375,83,0,0
1575483,1,4,1094,0,90,41,165920.03,149759,375,83,0,0
1575642,1,3,1094,0,82,41,165920.03,149759,375,83,0,0
1575765,1,2,1064,0,72,41,165920.03,149759,375,83,0,0
1575892,1,0,1032,0,42,41,165920.03,149759,375,83,0,0
1575942,1,0,1000,0,26,41,165920.03,149759,375,83,0,0
1576129,1,0,901,0,26,41,165920.03,149759,375,83,0,0
1576242,1,0,866,0,20,41,165920.03,149759,375,83,0,0
1576345,1,0,834,0,2,41,165920.03,149759,375,83,0,0
1576465,1,0,834,0,4,41,165920.03,149759,375,83,0,0
1576598,1,0,834,0,4,41,165920.03,149759,375,83,0,0
1576723,1,0,835,0,4,41,165920.03,149759,375,83,0,0
1576821,1,0,835,0,6,41,165920.03,149759,375,83,0,0
1576942,1,0,835,0,6,41,165920.03,149759,375,83,0,0
1577078,1,0,835,0,6,41,165920.03,149759,375,83,0,0
1577215,1,0,833,0,6,41,165920.03,149759,375,83,0,0
1577321,1,0,832,0,6,41,165920.03,149759,375,83,0,0
1577443,1,0,863,0,6,41,165920.03,149759,375,83,0,0
1577565,1,0,863,0,6,41,165920.03,149759,375,83,0,0
1577692,1,0,863,0,6,41,165921.03,149759,375,83,0,0
1577821,1,0,863,0,6,41,165921.03,149759,375,83,0,0
1577921,1,0,863,0,6,41,165921.03,149759,375,83,0,0
1577975,1,0,863,0,6,41,165921.03,149759,375,84,0,0
1578165,1,0,863,0,6,41,165921.03,149759,375,84,0,0
1578282,1,0,863,0,6,41,165921.03,149759,375,84,0,0
1578395,1,0,863,0,6,41,165921.03,149759,375,84,0,0
1578479,1,0,863,0,6,41,165921.03,149759,375,84,0,0
1578621,1,0,863,0,6,41,165921.03,149759,375,84,0,0
1578742,1,0,863,0,6,41,165921.03,149759,375,84,0,0
1578865,1,0,832,0,6,41,165921.03,149759,375,84,0,0
1578965,1,0,832,0,6,41,165921.03,149759,375,84,0,0
1578994,1,0,832,0,6,41,165921.03,149759,375,84,0,0
1579223,1,0,863,0,6,41,165921.03,149759,375,84,0,0
1579321,1,0,832,0,0,41,165921.03,149759,375,84,0,0
1579442,1,0,863,0,0,41,165921.03,149759,375,84,0,0
1579465,1,0,863,0,0,41,165921.03,149759,375,84,0,0
1579692,1,0,832,0,0,41,165921.03,149759,375,84,0,0
1579792,1,0,832,0,0,41,165921.03,149759,375,84,0,0
1579921,1,0,832,0,0,41,165921.03,149759,375,84,0,0
1579943,1,0,832,0,0,41,165921.03,149759,375,84,0,0
1580142,1,0,832,0,0,41,165921.03,149759,375,84,0,0
1580265,1,0,833,0,0,41,165921.03,149759,375,84,0,0
1580365,1,0,833,0,0,41,165921.03,149759,375,84,0,0
1580442,1,0,833,0,0,41,165921.03,149759,375,84,0,0
1580620,1,0,866,0,0,41,165921.03,149759,375,84,0,0
1580745,1,0,939,0,0,41,165921.03,149759,375,84,0,0
1580845,1,0,1094,0,0,41,165921.03,149759,375,84,0,0
1580965,1,0,1399,0,0,41,165921.03,149759,375,84,0,0
1581075,1,0,1431,0,0,41,165922.08,149759,375,84,0,0
1581223,1,0,1468,2,0,41,165922.08,149759,375,84,0,0
1581345,1,0,1433,2,0,41,165922.08,149759,375,84,0,0
1581444,1,0,1372,2,0,41,165922.08,149759,375,84,0,0
1581496,1,0,1365,2,0,41,165922.08,149759,375,84,0,0
1581692,1,0,1372,1,0,41,165922.08,149759,375,84,0,0
1581792,1,3,1312,0,0,41,165922.08,149759,375,84,0,0
1581921,1,4,1181,0,0,41,165922.08,149759,375,84,0,0
1581973,1,4,1121,0,0,41,165922.08,149759,375,84,0,0
1582162,1,4,1121,0,0,41,165922.08,149759,375,84,0,0
1582265,1,5,1113,0,0,41,165922.08,149759,375,84,0,0
1582395,1,5,1247,0,0,41,165923.11,149759,375,84,0,0
1582479,1,5,1324,0,0,41,165923.11,149759,375,84,0,0
1582620,1,5,1362,0,0,41,165923.11,149759,375,84,0,0
1582744,1,5,1338,0,24,41,165923.11,149759,375,84,0,0
1582865,1,5,1219,0,36,41,165923.11,149759,375,84,0,0
1582965,1,5,1214,0,38,41,165923.11,149759,375,84,0,0
1583074,1,5,1214,0,38,41,165923.11,149759,375,84,0,0
1583223,1,4,1179,0,38,41,165923.11,149759,375,84,0,0
1583321,1,4,1144,0,38,41,165923.11,149759,375,84,0,0
1583443,1,4,1107,0,38,41,165923.11,149759,375,84,0,0
1583565,1,4,1070,0,38,41,165923.11,149759,375,84,0,0
1583692,1,3,1036,0,40,41,165923.11,149759,375,84,0,0
1583821,1,3,1002,0,40,41,165923.11,149759,375,84,0,0
1583942,1,3,969,0,42,41,165923.11,149759,375,84,0,0
1583942,1,3,969,0,42,41,165923.11,149759,375,84,0,0
1584165,1,3,936,0,42,41,165923.11,149759,375,84,0,0
1584282,1,0,904,0,42,41,165923.11,149759,375,84,0,0
1584395,1,0,869,0,40,41,165923.11,149759,375,84,0,0
1584478,1,0,836,0,40,41,165923.11,149759,375,84,0,0
1584621,1,0,836,0,40,41,165923.11,149759,375,84,0,0
1584742,1,0,836,0,34,41,165923.11,149759,375,84,0,0
1584865,1,0,836,0,34,41,165923.11,149759,375,84,0,0
1584971,1,0,836,0,34,41,165923.11,149759,375,84,0,0
1585073,1,0,836,0,34,41,165923.11,149759,375,84,0,0
1585223,1,0,836,0,30,41,165924.12,149759,375,84,0,0
1585321,1,0,835,0,30,41,165924.12,149759,375,84,0,0
1585443,1,0,834,0,30,41,165924.12,149759,375,84,0,0
1585565,1,0,834,0,30,41,165924.12,149759,375,84,0,0
1585692,1,0,833,0,30,41,165924.12,149759,375,84,0,0
1585821,1,0,800,0,30,41,165924.12,149759,375,84,0,0
1585942,1,0,800,0,28,41,165924.12,149759,375,84,0,0
1585965,1,0,831,0,28,41,165924.12,149759,375,84,0,0
1586165,1,0,863,0,26,41,165924.12,149759,375,84,0,0
1586292,1,0,863,0,20,41,165924.12,149759,375,84,0,0
1586395,1,0,863,0,2,41,165924.12,149759,375,85,0,0
1586476,1,0,863,0,0,41,165924.12,149759,375,85,0,0
1586642,1,0,832,0,0,41,165924.12,149759,375,85,0,0
1586742,1,0,833,0,0,41,165924.12,149759,375,85,0,0
1586865,1,0,834,0,0,41,165924.12,149759,375,85,0,0
1586965,1,0,834,0,0,41,165924.12,149759,375,85,0,0
1587098,1,0,834,0,0,41,165924.12,149759,375,85,0,0
1587223,1,0,835,0,0,41,165924.12,149759,375,85,0,0
1587345,1,0,833,0,0,41,165924.12,149759,375,85,0,0
1587465,1,0,832,0,0,41,165924.12,149759,375,85,0,0
1587598,1,0,800,0,0,41,165924.12,149759,375,85,0,0
1587723,1,0,869,5,0,41,165924.12,149759,375,85,0,0
1587821,1,0,919,6,0,41,165924.12,149759,375,85,0,0
1587942,1,0,1172,9,0,41,165924.12,149759,375,85,0,0
1588071,1,0,1298,9,0,41,165924.12,149759,375,85,0,0
1588215,1,0,1660,10,0,41,165924.12,149759,375,85,0,0
1588321,1,0,1570,10,0,41,165925.20,149759,375,85,0,0
1588443,1,2,1556,10,0,41,165925.20,149759,375,85,0,0
1588565,1,2,1514,10,0,41,165925.20,149759,375,85,0,0
1588665,1,4,1473,10,0,41,165925.20,149759,375,85,0,0
1588792,1,5,1462,10,0,41,165925.20,149759,375,85,0,0
1588921,1,6,1357,10,0,41,165925.20,149759,375,85,0,0
1588965,1,6,1344,10,0,41,165926.22,149759,375,85,0,0
1589142,1,6,1344,10,0,41,165926.22,149759,375,85,0,0
1589265,1,9,1328,10,0,41,165926.22,149759,375,85,0,0
1589365,1,10,1430,10,0,41,165926.22,149759,375,85,0,0
1589443,1,10,1494,4,0,41,165926.22,149759,378,85,0,0
1589621,1,11,1518,0,0,41,165926.22,149759,378,85,0,0
1589742,1,11,1575,0,0,41,165926.22,149759,378,85,0,0
1589845,1,11,1624,0,0,41,165926.22,149759,378,85,0,0
1589965,1,11,1537,0,0,41,165926.22,149759,378,85,0,0
1590069,1,11,1537,0,0,41,165926.22,149759,378,85,0,0
1590223,1,11,1431,0,14,41,165926.22,149759,378,85,0,0
1590321,1,11,1400,0,18,41,165927.23,149759,378,85,0,0
1590443,1,11,1373,0,20,41,165927.23,149759,378,85,0,0
1590565,1,11,1337,0,20,41,165927.23,149759,378,85,0,0
1590692,1,10,1304,0,40,41,165927.23,149759,378,85,0,0
1590821,1,10,1269,0,44,41,165927.23,149759,378,85,0,0
1590942,1,10,1234,0,50,41,165927.23,149759,378,85,0,0
1590942,1,10,1234,0,50,41,165927.23,149759,378,85,0,0
1591165,1,10,1163,0,52,41,165927.23,149759,378,85,0,0
1591292,1,9,1162,0,54,41,165927.23,149759,378,85,0,0
1591394,1,8,1130,0,58,41,165927.23,149759,378,85,0,0
1591443,1,8,1130,0,54,41,165927.23,149759,378,85,0,0
1591642,1,7,1099,0,52,41,165927.23,149759,378,85,0,0
1591742,1,7,1099,0,52,41,165927.23,149759,378,85,0,0
1591865,1,7,1096,0,54,41,165927.23,149759,378,85,0,0
1591965,1,6,1064,0,54,41,165927.23,149759,378,85,0,0
1592098,1,6,1064,0,54,41,165927.23,149759,378,85,0,0
1592223,1,5,1032,0,60,41,165927.23,149759,378,85,0,0
1592345,1,5,1032,0,54,41,165927.23,149759,378,85,0,0
1592465,1,5,1031,0,30,41,165927.23,149759,378,85,0,0
1592580,1,5,1031,0,30,41,165927.23,149759,378,85,0,0
1592723,1,4,999,0,18,41,165927.23,149759,378,86,0,0
1592821,1,4,999,0,12,41,165927.23,149759,378,86,0,0
1592942,1,4,1000,0,4,41,165927.23,149759,378,86,0,0
1593068,1,4,1001,0,4,41,165927.23,149759,378,86,0,0
1593215,1,4,969,0,6,41,165927.23,149759,378,86,0,0
1593321,1,4,970,0,8,41,165927.23,149759,378,86,0,0
1593425,1,4,937,0,6,41,165927.23,149759,378,86,0,0
1593468,1,4,937,0,4,41,165927.23,149759,378,86,0,0
1593665,1,4,937,0,0,41,165928.25,149759,378,86,0,0
1593792,1,4,937,0,0,41,165928.25,149759,378,86,0,0
1593912,1,4,937,0,0,41,165928.25,149759,378,86,0,0
1593942,1,4,937,0,0,41,165928.25,149759,378,86,0,0
1594142,1,4,936,0,0,41,165928.25,149759,378,86,0,0
1594242,1,4,1012,0,0,41,165928.25,149759,378,86,0,0
1594365,1,4,1042,0,0,41,165928.25,149759,378,86,0,0
1594465,1,4,1037,0,0,41,165928.25,149759,378,86,0,0
1594579,1,4,1037,0,0,41,165928.25,149759,378,86,0,0
1594724,1,4,1000,0,0,41,165928.25,149759,378,86,0,0
1594845,1,4,1001,0,0,41,165928.25,149759,378,86,0,0
1594942,1,4,1001,0,0,41,165928.25,149759,378,86,0,0
1595066,1,4,1001,0,0,41,165928.25,149759,378,86,0,0
1595216,1,4,1034,0,0,41,165928.25,149759,378,86,0,0
1595321,1,4,1034,0,0,41,165928.25,149759,378,86,0,0
1595443,1,4,1067,0,0,41,165928.25,149759,378,86,0,0
1595466,1,4,1106,0,0,41,165928.25,149759,378,86,0,0
1595692,1,4,1101,0,0,41,165928.25,149759,378,86,0,0
1595792,1,5,1115,0,0,41,165928.25,149759,378,86,0,0
1595921,1,5,1147,0,0,41,165928.25,149759,378,86,0,0
1595984,1,5,1133,0,0,41,165929.25,149759,378,86,0,0
1596162,1,6,1133,0,0,41,165929.25,149759,378,86,0,0
1596265,1,7,1084,0,0,41,165929.25,149759,378,86,0,0
1596394,1,7,1117,0,0,41,165929.25,149759,378,86,0,0
1596466,1,8,1128,0,0,41,165929.25,149759,378,86,0,0
1596621,1,8,1128,0,0,41,165929.25,149759,378,86,0,0
1596723,1,8,1200,0,0,41,165929.25,149759,378,86,0,0
1596865,1,8,1156,0,0,41,165929.25,149759,378,86,0,0
1596966,1,8,1166,0,0,41,165929.25,149759,378,86,0,0
1597097,1,8,1166,0,0,41,165929.25,149759,378,86,0,0
1597242,1,8,1098,0,0,41,165929.25,149759,378,87,0,0
1597345,1,8,1062,0,0,41,165929.25,149759,378,87,0,0
1597465,1,8,1062,0,0,41,165929.25,149759,378,87,0,0
1597577,1,8,1062,0,0,41,165929.25,149759,378,87,0,0
1597723,1,8,1047,0,0,41,165929.25,149759,378,87,0,0
1597845,1,8,1042,0,0,41,165929.25,149759,378,87,0,0
1597942,1,8,1038,0,0,41,165929.25,149759,378,87,0,0
1598066,1,8,1000,0,0,41,165929.25,149759,378,87,0,0
1598215,1,8,1000,0,0,41,165930.25,149759,378,87,0,0
1598321,1,8,1000,0,0,41,165930.25,149759,378,87,0,0
1598449,1,8,999,0,0,41,165930.25,149759,378,87,0,0
1598577,1,8,1000,0,0,41,165930.25,149759,378,87,0,0
1598692,1,8,1000,0,0,41,165930.25,149759,378,87,0,0
1598821,1,8,999,0,0,41,165930.25,149759,378,87,0,0
1598942,1,8,999,0,0,41,165930.25,149759,378,87,0,0
1598966,1,8,999,0,0,41,165930.25,149759,378,87,0,0
1599165,1,8,998,0,0,41,165930.25,149759,378,87,0,0
1599292,1,8,997,0,0,41,165930.25,149759,378,87,0,0
1599416,1,8,997,0,0,41,165930.25,149759,378,87,0,0
1599496,1,8,997,0,0,41,165930.25,149759,378,87,0,0
1599642,1,8,997,0,0,41,165930.25,149759,378,87,0,0
1599766,1,8,1002,0,0,41,165930.25,149759,378,87,0,0
1599866,1,8,1001,0,0,41,165930.25,149759,378,87,0,0
1599979,1,8,1001,0,0,41,165930.25,149759,378,87,0,0
1600121,1,7,1001,0,0,41,165930.25,149759,378,87,0,0
1600242,1,7,1002,0,0,41,165930.25,149759,378,87,0,0
1600345,1,7,1002,0,0,41,165930.25,149759,378,87,0,0
1600466,1,7,1000,0,0,41,165930.25,149759,378,87,0,0
1600575,1,7,1000,0,0,41,165930.25,149759,378,87,0,0
1600724,1,7,968,0,0,41,165930.25,149759,378,87,0,0
1600845,1,7,1000,0,0,41,165930.25,149759,378,87,0,0
1600965,1,7,1000,0,0,41,165930.25,149759,378,87,0,0
1601010,1,7,1000,0,0,41,165930.25,149759,378,87,0,0
1601192,1,7,1000,0,14,41,165930.25,149759,378,87,0,0
1601321,1,7,1001,0,18,41,165930.25,149759,378,87,0,0
1601424,1,7,1001,0,20,41,165930.25,149759,378,87,0,0
1601475,1,7,970,0,32,41,165930.25,149759,378,87,0,0
1601666,1,6,1004,0,66,41,165931.25,149759,378,87,0,0
1601792,1,6,1005,0,66,41,165931.25,149759,378,87,0,0
1601915,1,5,1006,0,64,41,165931.25,149759,378,87,0,0
1601966,1,5,1005,0,54,41,165931.25,149759,378,87,0,0
1602142,1,4,973,0,34,41,165931.25,149759,378,87,0,0
1602266,1,4,971,0,32,41,165931.25,149759,378,87,0,0
1602366,1,4,971,0,30,41,165931.25,149759,378,87,0,0
1602424,1,4,971,0,30,41,165931.25,149759,378,87,0,0
1602621,1,3,971,0,30,41,165931.25,149759,378,87,0,0
1602724,1,3,937,0,10,41,165931.25,149759,378,87,0,0
1602845,1,3,936,0,12,41,165931.25,149759,378,87,0,0
1602966,1,3,903,0,12,41,165931.25,149759,378,87,0,0
1603097,1,3,903,0,12,41,165931.25,149759,378,87,0,0
1603224,1,3,869,0,2,41,165931.25,149759,378,87,0,0
1603344,1,3,868,0,2,41,165931.25,149759,378,87,0,0
1603466,1,3,836,0,2,41,165931.25,149759,378,87,0,0
1603574,1,3,836,0,2,41,165931.25,149759,378,87,0,0
1603724,1,3,835,0,6,41,165931.25,149759,378,87,0,0
1603821,1,2,836,0,6,41,165931.25,149759,378,87,0,0
1603941,1,2,835,0,6,41,165931.25,149759,378,87,0,0
1604066,1,2,835,0,6,41,165931.25,149759,378,87,0,0
1604215,1,2,836,0,8,41,165931.25,149759,378,87,0,0
1604321,1,2,836,0,8,41,165931.25,149759,378,87,0,0
1604442,1,0,834,0,8,41,165931.25,149759,378,87,0,0
1604466,1,0,834,0,8,41,165931.25,149759,378,87,0,0
1604666,1,0,833,0,6,41,165931.25,149759,378,87,0,0
1604791,1,0,833,0,0,41,165931.25,149759,378,87,0,0
1604916,1,0,833,0,0,41,165931.25,149759,378,87,0,0
1604966,1,0,833,0,0,41,165931.25,149759,378,87,0,0
1605141,1,0,833,0,0,41,165931.25,149759,378,87,0,0
1605267,1,0,869,0,0,41,165931.25,149759,378,87,0,0
1605366,1,0,977,0,0,41,165932.27,149759,378,87,0,0
1605443,1,0,1041,0,0,41,165932.27,149759,378,87,0,0
1605621,1,0,1368,0,0,41,165932.27,149759,378,87,0,0
1605724,1,0,1313,0,0,41,165932.27,149759,378,87,0,0
1605844,1,0,1304,0,0,41,165932.27,149759,378,87,0,0
1605966,1,0,1172,0,0,41,165932.27,149759,378,87,0,0
1606097,1,0,1172,0,0,41,165932.27,149759,378,87,0,0
1606216,1,0,1207,0,0,41,165932.27,149759,378,87,0,0
1606321,1,3,1189,0,0,41,165932.27,149759,378,87,0,0
1606444,1,3,1147,0,0,41,165932.27,149759,378,87,0,0
1606572,1,3,1075,0,0,41,165932.27,149759,378,87,0,0
1606692,1,4,1058,0,0,41,165932.27,149759,378,87,0,0
1606892,1,5,1028,0,0,41,165933.27,149759,378,87,0,0
1606941,1,6,1028,0,0,41,165933.27,149759,378,87,0,0
1607121,1,7,1031,0,0,41,165933.27,149759,378,87,0,0
1607241,1,7,1029,0,0,41,165933.27,149759,378,87,0,0
1607344,1,8,1093,0,0,41,165933.27,149759,378,87,0,0
1607466,1,8,1089,0,0,41,165933.27,149759,378,87,0,0
1607571,1,8,1121,0,0,41,165933.27,149759,378,87,0,0
1607724,1,8,1186,5,0,41,165933.27,149759,378,87,0,0
1607822,1,8,1163,11,0,41,165933.27,149759,378,87,0,0
1607941,1,8,1157,15,0,41,165933.27,149759,378,87,0,0
1607966,1,8,1162,15,0,41,165933.27,149759,378,87,0,0
1608191,1,8,1237,30,0,41,165933.27,149759,378,87,0,0
1608291,1,8,1247,35,0,41,165933.27,149759,378,87,0,0
1608425,1,9,1251,38,0,41,165934.28,149759,378,87,0,0
1608466,1,9,1295,38,0,41,165934.28,149759,378,87,0,0
1608661,1,9,1312,46,0,41,165934.28,149759,378,87,0,0
1608766,1,9,1405,50,0,41,165934.28,149759,378,87,0,0
1608891,1,10,1416,54,0,41,165934.28,149759,378,87,0,0
1608966,1,10,1489,54,0,41,165934.28,149759,378,87,0,0
1609097,1,10,1489,55,0,41,165934.28,149759,378,87,0,0
1609241,1,11,1582,55,0,41,165934.28,149759,378,87,0,0
1609344,1,11,1612,55,0,41,165934.28,149759,378,87,0,0
1609469,1,11,1671,55,0,41,165934.28,149759,378,87,0,0
1609491,1,11,1671,47,0,41,165934.28,149759,378,87,0,0
1609691,1,12,1716,37,0,41,165934.28,149759,378,87,0,0
1609822,1,12,1756,36,0,41,165935.30,149759,378,87,0,0
1609941,1,12,1774,36,0,41,165935.30,149759,378,87,0,0
1609970,1,12,1768,36,0,41,165935.30,149759,378,87,0,0
1610166,1,12,1768,33,0,41,165935.30,149759,378,87,0,0
1610291,1,12,1770,0,0,41,165935.30,149759,378,87,0,0
1610416,1,12,1756,0,0,41,165935.30,149759,378,87,0,0
1610486,1,12,1731,0,0,41,165935.30,149759,378,87,0,0
1610641,1,12,1726,0,0,41,165935.30,149759,378,87,0,0
1610766,1,12,1720,0,0,41,165935.30,149759,378,87,0,0
1610891,1,12,1685,0,0,41,165935.30,149759,378,87,0,0
1610969,1,12,1651,0,0,41,165935.30,149759,378,87,0,0
1611097,1,12,1651,0,0,41,165935.30,149759,378,87,0,0
1611241,1,11,1582,0,0,41,165935.30,149759,378,87,0,0
1611344,1,11,1548,0,0,41,165935.30,149759,378,87,0,0
1611441,1,10,1515,0,0,41,165935.30,149759,378,87,0,0
1611569,1,10,1480,0,0,41,165935.30,149759,378,87,0,0
1611718,1,10,1412,0,0,41,165935.30,149759,378,87,0,0
1611822,1,10,1410,0,0,41,165935.30,149759,378,87,0,0
1611941,1,9,1407,0,0,41,165935.30,149759,378,87,0,0
1611968,1,9,1374,0,0,41,165935.30,149759,378,87,0,0
1612166,1,9,1340,0,0,41,165935.30,149759,378,87,0,0
1612291,1,9,1307,0,0,41,165935.30,149759,378,87,0,0
1612416,1,9,1273,0,0,41,165935.30,149759,378,87,0,0
1612491,1,9,1273,0,0,41,165935.30,149759,378,87,0,0
1612661,1,8,1240,0,0,41,165935.30,149759,378,87,0,0
1612773,1,8,1207,0,0,41,165936.30,149759,378,87,0,0
1612892,1,8,1175,0,0,41,165936.30,149759,378,87,0,0
1612999,1,8,1142,0,0,41,165936.30,149759,378,87,0,0
1613132,1,8,1142,0,0,41,165936.30,149759,378,87,0,0
1613241,1,7,1110,0,0,41,165936.30,149759,378,87,0,0
1613369,1,7,1082,0,0,41,165936.30,149759,378,87,0,0
1613484,1,7,1084,0,0,41,165936.30,149759,378,87,0,0
1613569,1,7,1054,0,0,41,165936.30,149759,378,87,0,0
1613725,1,7,1025,0,0,41,165936.30,149759,378,87,0,0
1613819,1,7,1029,0,0,41,165936.30,149759,378,87,0,0
1613941,1,7,1000,0,0,41,165936.30,149759,378,87,0,0
1614080,1,7,999,0,0,41,165936.30,149759,378,87,0,0
1614191,1,7,1000,0,0,41,165936.30,149759,378,87,0,0
1614319,1,7,1000,0,0,41,165936.30,149759,378,87,0,0
1614441,1,7,997,0,0,41,165936.30,149759,378,87,0,0
1614471,1,7,964,0,0,41,165936.30,149759,378,87,0,0
1614671,1,6,933,0,0,41,165936.30,149759,378,87,0,0
1614797,1,6,971,0,0,41,165936.30,149759,378,87,0,0
1614916,1,6,1017,0,0,41,165936.30,149759,378,87,0,0
1614991,1,6,1018,0,0,41,165936.30,149759,378,87,0,0
1615116,1,6,1006,0,0,41,165936.30,149759,378,87,0,0
1615269,1,6,968,0,0,41,165936.30,149759,378,87,0,0
1615366,1,6,966,0,0,41,165936.30,149759,378,87,0,0
1615469,1,6,967,0,0,41,165936.30,149759,378,87,0,0
1615597,1,6,967,0,0,41,165936.30,149759,378,87,0,0
1615741,1,6,966,0,6,41,165936.30,149759,378,87,0,0
1615844,1,6,966,0,8,41,165936.30,149759,378,87,0,0
1615966,1,6,967,0,12,41,165936.30,149759,378,87,0,0
1616079,1,6,967,0,12,41,165936.30,149759,378,87,0,0
1616222,1,5,969,0,18,41,165936.30,149759,378,87,0,0
1616344,1,5,969,0,26,41,165937.31,149759,378,87,0,0
1616441,1,5,969,0,28,41,165937.31,149759,378,87,0,0
1616491,1,5,969,0,28,41,165937.31,149759,378,87,0,0
1616691,1,5,969,0,32,41,165937.31,149759,378,87,0,0
1616819,1,4,969,0,32,41,165937.31,149759,378,87,0,0
1616919,1,4,969,0,32,41,165937.31,149759,378,87,0,0
1616996,1,4,970,0,26,41,165937.31,149759,378,87,0,0
1617166,1,4,971,0,24,41,165937.31,149759,378,87,0,0
1617281,1,3,939,0,24,41,165937.31,149759,378,87,0,0
1617393,1,3,939,0,24,41,165937.31,149759,378,87,0,0
1617471,1,3,938,0,24,41,165937.31,149759,378,87,0,0
1617641,1,3,905,0,24,41,165937.31,149759,378,87,0,0
1617741,1,3,905,0,24,41,165937.31,149759,378,87,0,0
1617869,1,2,872,0,24,41,165937.31,149759,378,87,0,0
1617972,1,0,872,0,24,41,165937.31,149759,378,87,0,0
1618119,1,0,872,0,24,41,165937.31,149759,378,87,0,0
1618241,1,0,840,0,24,41,165937.31,149759,378,87,0,0
1618344,1,0,839,0,24,41,165937.31,149759,378,87,0,0
1618471,1,0,837,0,16,41,165937.31,149759,378,87,0,0
1618507,1,0,837,0,16,41,165937.31,149759,378,87,0,0
1618691,1,0,837,0,8,41,165937.31,149759,378,87,0,0
1618819,1,0,836,0,2,41,165937.31,149759,378,87,0,0
1618919,1,0,836,0,0,41,165937.31,149759,378,87,0,0
1618971,1,0,835,0,0,41,165937.31,149759,378,87,0,0
1619166,1,0,835,0,0,41,165937.31,149759,378,87,0,0
1619281,1,0,834,0,0,41,165937.31,149759,378,87,0,0
1619393,1,0,834,0,0,41,165937.31,149759,378,87,0,0
1619491,1,0,833,0,0,41,165937.31,149759,381,87,0,0
1619641,1,0,865,0,0,41,165937.31,149759,381,87,0,0
1619741,1,0,933,0,0,41,165938.33,149759,381,87,0,0
1619869,1,0,1207,0,0,41,165938.33,149759,381,87,0,0
1619971,1,0,1369,0,0,41,165938.33,149759,381,87,0,0
1620076,1,0,1401,0,0,41,165938.33,149759,381,87,0,0
1620221,1,0,1391,0,0,41,165938.33,149759,381,87,0,0
1620344,1,0,1294,0,0,41,165938.33,149759,381,87,0,0
1620443,1,0,1152,0,0,41,165938.33,149759,381,87,0,0
1620517,1,0,1143,0,0,41,165938.33,149759,381,87,0,0
1620691,1,0,1128,0,0,41,165938.33,149759,381,87,0,0
1620791,1,0,1210,0,0,41,165938.33,149759,381,87,0,0
1620919,1,0,1142,0,0,41,165938.33,149759,381,87,0,0
1620991,1,0,1098,0,0,41,165938.33,149759,381,87,0,0
1621161,1,3,1080,0,0,41,165938.33,149759,381,87,0,0
1621269,1,3,1091,0,0,41,165939.38,149759,381,87,0,0
1621392,1,4,1064,0,0,41,165939.38,149759,381,87,0,0
1621471,1,4,1065,0,0,41,165939.38,149759,381,87,0,0
1621631,1,5,1032,0,0,41,165939.38,149759,381,87,0,0
1621741,1,6,1034,0,0,41,165939.38,149759,381,87,0,0
1621844,1,6,1031,0,0,41,165939.38,149759,381,87,0,0
1621971,1,7,1030,0,0,41,165939.38,149759,381,87,0,0
1621993,1,7,1030,0,0,41,165939.38,149759,381,87,0,0
1622191,1,8,1096,0,0,41,165939.38,149759,381,87,0,0
1622319,1,8,1123,0,0,41,165939.38,149759,381,87,0,0
1622441,1,8,1126,0,0,41,165939.38,149759,381,87,0,0
1622471,1,8,1090,0,0,41,165939.38,149759,381,87,0,0
1622671,1,8,1053,0,0,41,165940.39,149759,381,87,0,0
1622791,1,8,1054,0,0,41,165940.39,149759,381,87,0,0
1622892,1,8,1027,0,0,41,165940.39,149759,381,87,0,0
1622996,1,8,1027,0,0,41,165940.39,149759,381,87,0,0
1623141,1,8,1027,0,0,41,165940.39,149759,381,87,0,0
1623241,1,8,1013,0,0,41,165940.39,149759,381,87,0,0
1623369,1,8,1004,0,0,41,165940.39,149759,381,87,0,0
1623471,1,8,1002,0,0,41,165940.39,149759,381,87,0,0
1623597,1,8,1002,0,0,41,165940.39,149759,381,87,0,0
1623724,1,7,967,0,0,41,165940.39,149759,381,87,0,0
1623844,1,7,965,0,0,41,165940.39,149759,381,87,0,0
1623941,1,7,965,0,0,41,165940.39,149759,381,87,0,0
1624019,1,7,965,0,0,41,165940.39,149759,381,87,0,0
1624191,1,7,969,0,0,41,165940.39,149759,381,87,0,0
1624291,1,7,970,0,0,41,165940.39,149759,381,87,0,0
1624425,1,7,969,0,0,41,165940.39,149759,381,87,0,0
1624531,1,7,968,0,4,41,165940.39,149759,381,87,0,0
1624661,1,7,967,0,14,41,165940.39,149759,381,87,0,0
1624769,1,7,966,0,24,41,165940.39,149759,381,87,0,0
1624891,1,7,967,0,28,41,165940.39,149759,381,87,0,0
1624991,1,7,967,0,26,41,165940.39,149759,381,87,0,0
1625099,1,6,967,0,26,41,165940.39,149759,381,87,0,0
1625241,1,6,968,0,26,41,165940.39,149759,381,87,0,0
1625344,1,6,969,0,26,41,165940.39,149759,381,87,0,0
1625471,1,6,968,0,26,41,165940.39,149759,381,87,0,0
1625597,1,5,968,0,26,41,165940.39,149759,381,87,0,0
1625723,1,5,968,0,26,41,165941.39,149759,381,87,0,0
1625844,1,5,968,0,28,41,165941.39,149759,381,87,0,0
1625941,1,5,968,0,26,41,165941.39,149759,381,87,0,0
1625968,1,5,969,0,26,41,165941.39,149759,381,87,0,0
1626191,1,4,969,0,0,41,165941.39,149759,381,87,0,0
1626291,1,4,969,0,0,41,165941.39,149759,381,87,0,0
1626425,1,4,970,0,0,41,165941.39,149759,381,87,0,0
1626491,1,4,970,0,0,41,165941.39,149759,381,87,0,0
1626661,1,4,970,0,0,41,165941.39,149759,381,87,0,0
1626769,1,4,939,0,0,41,165941.39,149759,381,87,0,0
1626891,1,4,980,0,0,41,165941.39,149759,381,87,0,0
1626971,1,4,1060,0,0,41,165941.39,149759,381,87,0,0
1627098,1,4,1060,0,0,41,165941.39,149759,381,87,0,0
1627241,1,4,1107,0,0,41,165941.39,149759,381,87,0,0
1627369,1,4,1067,0,0,41,165941.39,149759,381,87,0,0
1627491,1,4,1102,0,0,41,165941.39,149759,381,87,0,0
1627619,1,4,1121,0,0,41,165941.39,149759,381,87,0,0
1627741,1,4,1178,0,0,41,165941.39,149759,381,87,0,0
1627844,1,4,1180,0,0,41,165941.39,149759,381,87,0,0
1627971,1,4,1173,0,0,41,165941.39,149759,381,87,0,0
1628097,1,4,1173,0,0,41,165941.39,149759,381,87,0,0
1628221,1,5,1121,0,0,41,165942.42,149759,381,87,0,0
1628344,1,5,1123,0,0,41,165942.42,149759,381,87,0,0
1628471,1,5,1142,0,0,41,165942.42,149759,381,87,0,0
1628596,1,6,1110,0,0,41,165942.42,149759,381,87,0,0
1628722,1,6,1106,0,0,41,165942.42,149759,381,87,0,0
1628844,1,7,1104,0,0,41,165942.42,149759,381,87,0,0
1628941,1,7,1101,0,0,41,165942.42,149759,381,87,0,0
1628991,1,7,1108,0,0,41,165942.42,149759,381,87,0,0
1629191,1,8,1117,0,0,41,165942.42,149759,381,87,0,0
1629316,1,8,1114,0,0,41,165942.42,149759,381,87,0,0
1629425,1,8,1116,0,0,41,165943.45,149759,381,87,0,0
1629502,1,8,1099,0,0,41,165943.45,149759,381,87,0,0
1629671,1,8,1067,0,0,41,165943.45,149759,381,87,0,0
1629791,1,7,1100,0,0,41,165943.45,149759,381,87,0,0
1629891,1,7,1107,0,0,41,165943.45,149759,381,87,0,0
1629991,1,7,1066,0,0,41,165943.45,149759,381,87,0,0
1630147,1,7,1060,3,0,41,165943.45,149759,381,87,0,0
1630269,1,7,1052,16,0,41,165943.45,149759,381,87,0,0
1630369,1,7,1057,30,0,41,165943.45,149759,381,87,0,0
1630469,1,7,1029,31,0,41,165943.45,149759,381,87,0,0
1630625,1,7,1038,32,0,41,165943.45,149759,381,87,0,0
1630741,1,7,1106,33,0,41,165943.45,149759,381,87,0,0
1630844,1,7,1151,33,0,41,165943.45,149759,381,87,0,0
1630968,1,8,1143,33,0,41,165943.45,149759,381,87,0,0
1631097,1,8,1143,37,0,41,165943.45,149759,381,87,0,0
1631221,1,8,1217,41,0,41,165943.45,149759,381,87,0,0
1631344,1,9,1250,50,0,41,165943.45,149759,381,87,0,0
1631441,1,9,1280,53,0,41,165944.47,149759,381,87,0,0
1631491,1,9,1315,58,0,41,165944.47,149759,381,87,0,0
1631691,1,9,1432,62,0,41,165944.47,149759,381,87,0,0
1631816,1,10,1440,62,0,41,165944.47,149759,381,87,0,0
1631919,1,10,1511,62,0,41,165944.47,149759,381,87,0,0
1631969,1,10,1545,62,0,41,165944.47,149759,381,88,0,0
1632168,1,11,1643,70,0,41,165944.47,149759,381,88,0,0
1632291,1,11,1690,76,0,41,165944.47,149759,381,88,0,0
1632393,1,12,1731,76,0,41,165944.47,149759,381,88,0,0
1632499,1,12,1775,76,0,41,165944.47,149759,381,88,0,0
1632641,1,13,1883,76,0,41,165944.47,149759,381,88,0,0
1632741,1,13,1888,76,0,41,165945.53,149759,381,88,0,0
1632869,1,14,1970,76,0,41,165945.53,149759,381,88,0,0
1632991,1,14,2008,0,0,41,165945.53,149759,381,88,0,0
1633119,1,14,1976,0,0,41,165945.53,149759,381,88,0,0
1633241,1,14,1926,0,0,41,165945.53,149759,381,88,0,0
1633368,1,14,1922,0,0,41,165945.53,149759,381,88,0,0
1633468,1,13,1924,0,0,41,165945.53,149759,381,88,0,0
1633619,1,13,1800,0,0,41,165945.53,149759,381,88,0,0
1633741,1,13,1600,0,0,41,165945.53,149759,381,88,0,0
1633844,1,13,1536,0,0,41,165945.53,149759,381,88,0,0
1633969,1,13,1635,13,0,41,165945.53,149759,381,88,0,0
1634097,1,13,1571,0,0,41,165945.53,149759,381,88,0,0
1634221,1,12,1459,0,0,41,165945.53,149759,381,88,0,0
1634344,1,11,1387,0,90,41,165945.53,149759,381,88,0,0
1634469,1,12,1370,0,114,41,165946.55,149759,381,88,0,0
1634596,1,12,1370,0,114,41,165946.55,149759,381,88,0,0
1634724,1,8,1295,0,152,41,165946.55,149759,381,88,0,0
1634844,1,7,1273,0,208,41,165946.55,149759,381,88,0,0
1634941,1,5,1200,0,208,41,165946.55,149759,381,88,0,0
1634991,1,5,1203,0,208,41,165946.55,149759,381,88,0,0
1635191,1,4,1193,0,206,41,165946.55,149759,381,88,0,0
1635319,1,0,1122,0,178,41,165946.55,149759,381,88,0,0
1635424,1,0,1042,0,58,41,165946.55,149759,381,88,0,0
1635525,1,0,974,0,0,41,165946.55,149759,381,88,0,0
1635671,1,0,903,0,80,41,165946.55,149759,381,88,0,0
1635781,1,0,870,0,82,41,165946.55,149759,381,88,0,0
1635891,1,0,837,0,80,41,165946.55,149759,381,88,0,0
1635969,1,0,838,0,68,41,165946.55,149759,381,88,0,0
1636097,1,0,838,0,68,41,165946.55,149759,381,88,0,0
1636241,1,0,839,0,150,41,165946.55,149759,381,88,0,0
1636369,1,0,840,0,134,41,165946.55,149759,381,88,0,0
1636469,1,0,840,0,16,41,165946.55,149759,381,88,0,0
1636579,1,0,840,0,16,41,165946.55,149759,381,88,0,0
1636721,1,0,838,0,0,41,165946.55,149759,381,88,0,0
1636844,1,0,838,0,0,41,165946.55,149759,381,88,0,0
1636941,1,0,870,0,0,41,165946.55,149759,381,88,0,0
1636968,1,0,907,0,0,41,165946.55,149759,381,88,0,0
1637191,1,0,1256,4,0,41,165946.55,149759,381,88,0,0
1637291,1,0,1504,8,0,41,165946.55,149759,381,88,0,0
1637424,1,0,1626,10,0,41,165947.58,149759,381,88,0,0
1637491,1,0,1573,16,0,41,165947.58,149759,381,88,0,0
1637661,1,0,1563,16,0,41,165947.58,149759,381,88,0,0
1637741,1,0,1512,33,0,41,165947.58,149759,381,88,0,0
1637891,1,0,1500,40,0,41,165947.58,149759,381,88,0,0
1638010,1,3,1496,42,0,41,165947.58,149759,381,88,0,0
1638096,1,4,1496,45,0,41,165947.58,149759,381,88,0,0
1638241,1,6,1502,50,0,41,165948.66,149759,381,88,0,0
1638343,1,7,1473,50,0,41,165948.66,149759,381,88,0,0
1638468,1,8,1517,51,0,41,165948.66,149759,381,88,0,0
1638490,1,8,1517,51,0,41,165948.66,149759,381,88,0,0
1638691,1,10,1530,51,0,41,165948.66,149759,381,88,0,0
1638818,1,11,1570,51,0,41,165949.73,149759,381,88,0,0
1638941,1,12,1677,56,0,41,165949.73,149759,381,88,0,0
1638968,1,12,1727,56,0,41,165949.73,149759,381,88,0,0
1639168,1,13,1866,68,0,41,165949.73,149759,381,88,0,0
1639291,1,13,1973,79,0,41,165949.73,149759,381,88,0,0
1639411,1,14,2025,82,0,41,165949.73,149759,381,88,0,0
1639491,1,14,2082,91,0,41,165950.77,149759,381,88,0,0
1639645,1,15,2235,91,0,41,165950.77,149759,381,88,0,0
1639741,1,16,2278,94,0,41,165950.77,149759,381,88,0,0
1639868,1,16,2384,94,0,41,165950.77,149759,381,88,0,0
1639990,1,17,2489,94,0,41,165950.77,149759,381,88,0,0
1640118,1,18,2623,94,0,41,165951.80,149759,381,88,0,0
1640241,1,19,2671,102,0,41,165951.80,149759,381,88,0,0
1640343,1,19,2759,103,0,41,165951.80,149759,381,88,0,0
1640468,1,20,2934,103,0,41,165951.80,149759,381,88,0,0
1640490,1,20,2934,103,0,41,165951.80,149759,381,88,0,0
1640715,1,22,3081,94,0,41,165952.88,149759,381,88,0,0
1640819,1,23,3226,73,0,41,165952.88,149759,381,88,0,0
1640943,1,23,3188,31,0,41,165952.88,149759,381,88,0,0
1640991,1,23,3113,0,0,41,165952.88,149759,381,88,0,0
1641168,1,23,2903,0,0,41,165953.98,149759,381,88,0,0
1641291,1,23,2698,0,0,41,165953.98,149759,381,88,0,0
1641411,1,23,2562,0,0,41,165953.98,149759,381,88,0,0
1641519,1,23,2307,0,0,41,165953.98,149759,381,88,0,0
1641644,1,23,2187,0,0,41,165953.98,149759,381,88,0,0
1641741,1,23,2052,0,0,41,165953.98,149759,381,88,0,0
1641868,1,23,1900,0,0,41,165953.98,149759,381,88,0,0
1641968,1,23,1763,0,0,41,165953.98,149759,381,88,0,0
1642096,1,23,1763,5,0,41,165953.98,149759,381,88,0,0
1642221,1,23,1697,12,0,41,165953.98,149759,381,88,0,0
1642343,1,23,1760,23,0,41,165953.98,149759,381,88,0,0
1642472,1,23,1819,30,0,41,165953.98,149759,381,88,0,0
1642600,1,23,1819,34,0,41,165953.98,149759,381,88,0,0
1642721,1,24,1793,56,0,41,165953.98,149759,381,88,0,0
1642843,1,24,1829,82,0,41,165953.98,149759,381,88,0,0
1642941,1,24,1905,88,0,41,165953.98,149759,381,88,0,0
1642968,1,24,1870,88,0,41,165953.98,149759,381,88,0,0
1643190,1,25,1953,105,0,41,165954.98,149759,381,88,0,0
1643290,1,26,2014,109,0,41,165954.98,149759,381,88,0,0
1643424,1,27,2065,112,0,41,165954.98,149760,381,88,0,0
1643490,1,27,2068,113,0,41,165954.98,149760,381,88,0,0
1643661,1,28,2156,113,0,41,165954.98,149760,381,88,0,0
1643781,1,29,2177,114,0,41,165956.06,149760,381,88,0,0
1643896,1,29,2249,114,0,41,165956.06,149760,381,88,0,0
1643990,1,30,2290,114,0,41,165956.06,149760,381,88,0,0
1644118,1,31,2357,114,0,41,165957.08,149760,381,88,0,0
1644241,1,31,2424,114,0,41,165957.08,149760,381,88,0,0
1644368,1,32,2466,114,0,41,165957.08,149760,381,88,0,0
1644490,1,33,2500,114,0,41,165957.08,149760,381,88,0,0
1644615,1,34,2544,114,0,41,165958.14,149760,381,88,0,0
1644740,1,34,2595,105,0,41,165958.14,149760,381,88,0,0
1644868,1,35,2672,104,0,41,165958.14,149760,381,88,0,0
1644968,1,35,2735,104,0,41,165959.27,149760,381,88,0,0
1645096,1,35,2735,104,0,41,165959.27,149760,381,88,0,0
1645240,1,37,2797,104,0,41,165959.27,149760,381,88,0,0
1645343,1,37,2825,103,0,41,165959.27,149760,381,88,0,0
1645468,1,38,2889,103,0,41,165960.27,149760,381,88,0,0
1645599,1,38,2921,103,0,41,165960.27,149760,381,88,0,0
1645715,1,39,2962,100,0,41,165960.27,149760,381,88,0,0
1645818,1,40,3027,100,0,41,165961.28,149760,381,88,0,0
1645940,1,40,3061,100,0,41,165961.28,149760,381,88,0,0
1646029,1,41,3093,100,0,41,165961.28,149760,381,88,0,0
1646168,1,41,3162,100,0,41,165962.30,149760,381,88,0,0
1646290,1,41,3163,82,0,41,165962.30,149760,381,88,0,0
1646418,1,42,3188,79,0,41,165962.30,149760,381,88,0,0
1646470,1,42,3180,79,0,41,165962.30,149760,381,88,0,0
1646641,1,42,3203,79,0,41,165963.39,149760,381,88,0,0
1646768,1,43,3237,69,0,41,165963.39,149760,381,88,0,0
1646890,1,43,3247,65,0,41,165963.39,149760,381,88,0,0
1646990,1,43,3248,61,0,41,165963.39,149760,381,88,0,0
1647118,1,43,3267,61,0,41,165963.39,149760,381,88,0,0
1647240,1,43,3279,61,0,41,165964.42,149760,381,88,0,0
1647368,1,43,3290,61,0,41,165964.42,149760,381,88,0,0
1647490,1,43,3297,61,0,41,165964.42,149760,381,88,0,0
1647597,1,43,3265,61,0,41,165964.42,149760,381,88,0,0
1647740,1,44,3327,61,0,41,165964.42,149760,381,88,0,0
1647868,1,44,3298,61,0,41,165964.42,149760,381,88,0,0
1647968,1,44,3327,51,0,41,165965.48,149760,381,88,0,0
1648118,1,44,3302,44,0,41,165965.48,149760,381,88,0,0
1648240,1,44,3359,42,0,41,165965.48,149760,381,88,0,0
1648343,1,44,3347,42,0,41,165965.48,149760,381,88,0,0
1648469,1,44,3299,41,0,41,165965.48,149760,381,88,0,0
1648515,1,44,3299,41,0,41,165965.48,149760,381,88,0,0
1648715,1,44,3305,40,0,41,165965.48,149760,381,88,0,0
1648827,1,44,3296,40,0,41,165965.48,149760,381,88,0,0
1648940,1,44,3321,40,0,41,165966.55,149760,381,88,0,0
1648968,1,44,3352,40,0,41,165966.55,149760,381,88,0,0
1649221,1,44,3316,48,0,41,165966.55,149760,381,88,0,0
1649343,1,44,3309,48,0,41,165966.55,149760,381,88,0,0
1649440,1,44,3302,52,0,41,165966.55,149760,378,88,0,0
1649520,1,44,3330,52,0,41,165966.55,149760,378,88,0,0
1649690,1,44,3330,52,0,41,165966.55,149760,378,88,0,0
1649818,1,44,3378,53,0,41,165967.59,149760,378,88,0,0
1649919,1,44,3353,53,0,41,165967.59,149760,378,88,0,0
1649990,1,44,3354,53,0,41,165967.59,149760,378,88,0,0
1650169,1,44,3350,53,0,41,165967.59,149760,378,88,0,0
1650290,1,44,3390,63,0,41,165967.59,149760,378,88,0,0
1650410,1,44,3361,80,0,41,165967.59,149760,378,88,0,0
1650490,1,45,3446,81,0,41,165967.59,149760,378,88,0,0
1650640,1,45,3429,81,0,41,165968.61,149760,378,88,0,0
1650769,1,45,3444,81,0,41,165968.61,149760,378,88,0,0
1650869,1,45,3460,88,0,41,165968.61,149760,378,88,0,0
1650990,1,46,3460,89,0,41,165969.67,149760,378,88,0,0
1651118,1,46,3521,89,0,41,165969.67,149760,378,88,0,0
1651240,1,47,3530,74,0,41,165969.67,149760,378,88,0,0
1651369,1,47,3539,58,0,41,165970.77,149760,378,88,0,0
1651492,1,47,3519,0,0,41,165970.77,149760,378,88,0,0
1651492,1,47,3519,0,0,41,165970.77,149760,378,88,0,0
1651721,1,47,3098,0,0,41,165970.77,149760,378,88,0,0
1651843,1,46,2891,0,0,41,165970.77,149760,378,88,0,0
1651969,1,46,2674,0,0,41,165970.77,149760,378,88,0,0
1651990,1,46,2674,0,0,41,165970.77,149760,378,88,0,0
1652190,1,46,2413,0,0,41,165970.77,149760,378,88,0,0
1652318,1,46,2493,2,0,41,165970.77,149760,378,88,0,0
1652426,1,46,2457,4,0,41,165970.77,149760,378,88,0,0
1652518,1,46,2433,4,0,41,165970.77,149760,378,88,0,0
1652671,1,46,2434,4,0,41,165970.77,149760,378,88,0,0
1652790,1,46,2432,43,0,41,165970.77,149760,378,88,0,0
1652910,1,46,2478,38,0,41,165970.77,149760,378,88,0,0
1653015,1,46,2463,8,0,41,165970.77,149760,378,88,0,0
1653140,1,46,2399,8,0,41,165970.77,149760,378,88,0,0
1653268,1,45,2415,8,0,41,165971.80,149760,378,88,0,0
1653393,1,45,2429,31,0,41,165971.80,149760,378,88,0,0
1653491,1,45,2425,32,0,41,165971.80,149760,378,88,0,0
1653619,1,45,2456,32,0,41,165971.80,149760,378,88,0,0
1653768,1,45,2423,63,0,41,165971.80,149760,378,88,0,0
1653869,1,46,2406,67,0,41,165971.80,149760,378,88,0,0
1653990,1,45,2416,68,0,41,165971.80,149760,378,88,0,0
1654050,1,46,2416,68,0,41,165971.80,149760,378,88,0,0
1654220,1,46,2460,70,0,41,165971.80,149760,378,88,0,0
1654343,1,46,2460,69,0,41,165972.86,149760,378,88,0,0
1654469,1,46,2454,69,0,41,165972.86,149760,378,88,0,0
1654536,1,46,2486,69,0,41,165972.86,149760,378,88,0,0
1654690,1,46,2495,75,0,41,165972.86,149760,378,88,0,0
1654818,1,47,2465,76,0,41,165972.86,149760,378,88,0,0
1654940,1,47,2467,79,0,41,165973.89,149760,378,88,0,0
1655015,1,47,2511,80,0,41,165973.89,149760,378,88,0,0
1655182,1,47,2498,80,0,41,165973.89,149760,378,88,0,0
1655290,1,48,2537,92,0,41,165973.89,149760,378,88,0,0
1655417,1,48,2551,92,0,41,165973.89,149760,378,88,0,0
1655490,1,48,2555,92,0,41,165973.89,149760,378,88,0,0
1655618,1,48,2587,92,0,41,165973.89,149760,378,88,0,0
1655768,1,49,2594,91,0,41,165974.98,149760,378,88,0,0
1655890,1,49,2594,79,0,41,165974.98,149760,378,88,0,0
1655990,1,49,2612,73,0,41,165974.98,149760,378,88,0,0
1656118,1,49,2629,73,0,41,165974.98,149760,378,88,0,0
1656240,1,50,2644,68,0,41,165976.00,149760,378,88,0,0
1656369,1,50,2649,66,0,41,165976.00,149760,378,88,0,0
1656490,1,50,2627,55,0,41,165976.00,149760,378,88,0,0
1656518,1,50,2627,55,0,41,165976.00,149760,378,88,0,0
1656720,1,50,2637,55,0,41,165976.00,149760,378,88,0,0
1656843,1,50,2636,55,0,41,165976.00,149760,378,88,0,0
1656940,1,50,2640,60,0,41,165977.03,149760,378,88,0,0
1656990,1,50,2647,64,0,41,165977.03,149760,378,88,0,0
1657190,1,50,2681,76,0,41,165977.03,149760,378,88,0,0
1657319,1,50,2682,76,0,41,165977.03,149760,378,88,0,0
1657429,1,51,2664,76,0,41,165977.03,149760,378,88,0,0
1657490,1,51,2714,76,0,41,165977.03,149760,378,88,0,0
1657671,1,51,2713,76,0,41,165978.12,149760,378,88,0,0
1657790,1,51,2710,75,0,41,165978.12,149760,378,88,0,0
1657911,1,51,2736,69,0,41,165978.12,149760,378,88,0,0
1657990,1,51,2732,56,0,41,165978.12,149760,378,88,0,0
1658119,1,51,2703,56,0,41,165978.12,149760,378,88,0,0
1658269,1,51,2721,52,0,41,165979.14,149760,378,88,0,0
1658369,1,51,2728,52,0,41,165979.14,149760,378,88,0,0
1658490,1,51,2728,52,0,41,165979.14,149760,378,88,0,0
1658619,1,52,2765,52,0,41,165979.14,149760,378,88,0,0
1658740,1,52,2767,63,0,41,165979.14,149760,378,88,0,0
1658869,1,52,2762,63,0,41,165979.14,149760,378,88,0,0
1658990,1,52,2761,64,0,41,165979.14,149760,378,88,0,0
1659030,1,52,2761,64,0,41,165980.22,149760,378,88,0,0
1659240,1,52,2756,64,0,41,165980.22,149760,378,88,0,0
1659343,1,52,2789,64,0,41,165980.22,149760,378,88,0,0
1659469,1,53,2791,65,0,41,165980.22,149760,378,88,0,0
1659533,1,53,2791,65,0,41,165980.22,149760,378,88,0,0
1659690,1,53,2814,57,0,41,165980.22,149760,378,88,0,0
1659819,1,53,2814,55,0,41,165981.25,149760,378,88,0,0
1659940,1,53,2790,54,0,41,165981.25,149760,378,88,0,0
1659990,1,53,2803,50,0,41,165981.25,149760,378,88,0,0
1660179,1,53,2785,50,0,41,165981.25,149760,378,88,0,0
1660290,1,53,2798,49,0,41,165981.25,149760,378,88,0,0
1660420,1,53,2794,49,0,41,165981.25,149760,378,88,0,0
1660519,1,53,2796,49,0,41,165981.25,149760,378,88,0,0
1660640,1,53,2806,49,0,41,165981.25,149760,378,89,0,0
1660780,1,53,2842,49,0,41,165982.28,149760,378,89,0,0
1660890,1,53,2838,49,0,41,165982.28,149760,378,89,0,0
1661019,1,53,2837,50,0,41,165982.28,149760,378,89,0,0
1661039,1,53,2837,50,0,41,165982.28,149760,378,89,0,0
1661240,1,53,2843,62,0,41,165982.28,149760,378,89,0,0
1661369,1,53,2826,62,0,41,165982.28,149760,378,89,0,0
1661490,1,53,2824,62,0,41,165982.28,149760,378,89,0,0
1661556,1,53,2824,62,0,41,165983.36,149760,378,89,0,0
1661720,1,54,2874,62,0,41,165983.36,149760,378,89,0,0
1661845,1,54,2842,62,0,41,165983.36,149760,378,89,0,0
1661940,1,54,2877,62,0,41,165983.36,149760,378,89,0,0
1662039,1,54,2879,62,0,41,165983.36,149760,378,89,0,0
1662169,1,54,2871,62,0,41,165983.36,149760,378,89,0,0
1662315,1,54,2871,62,0,41,165984.36,149760,378,89,0,0
1662428,1,54,2879,62,0,41,165984.36,149760,378,89,0,0
1662530,1,54,2883,62,0,41,165984.36,149760,378,89,0,0
1662640,1,54,2878,62,0,41,165984.36,149760,378,89,0,0
1662790,1,54,2903,62,0,41,165984.36,149760,378,89,0,0
1662911,1,55,2943,62,0,41,165984.36,149760,378,89,0,0
1663019,1,55,2884,62,0,41,165985.36,149760,378,89,0,0
1663140,1,55,2885,62,0,41,165985.36,149760,378,89,0,0
1663280,1,55,2889,49,0,41,165985.36,149760,378,89,0,0
1663392,1,55,2896,48,0,41,165985.36,149760,378,89,0,0
1663519,1,55,2889,47,0,41,165985.36,149760,378,89,0,0
1663640,1,55,2927,47,0,41,165985.36,149760,378,89,0,0
1663769,1,55,2904,38,0,41,165985.36,149760,378,89,0,0
1663890,1,55,2908,32,0,41,165986.41,149760,378,89,0,0
1663990,1,55,2887,32,0,41,165986.41,149760,378,89,0,0
1664040,1,55,2887,32,0,41,165986.41,149760,378,89,0,0
1664240,1,54,2897,31,0,41,165986.41,149760,378,89,0,0
1664343,1,54,2904,31,0,41,165986.41,149760,378,89,0,0
1664470,1,54,2881,32,0,41,165986.41,149760,378,89,0,0
1664519,1,54,2881,32,0,41,165986.41,149760,378,89,0,0
1664720,1,54,2817,0,0,41,165986.41,149760,378,89,0,0
1664819,1,54,2875,0,0,41,165986.41,149760,378,89,0,0
1664940,1,54,2886,0,0,41,165986.41,149760,378,89,0,0
1665030,1,54,2850,0,0,41,165986.41,149760,378,89,0,0
1665160,1,54,2879,0,0,41,165986.41,149760,378,89,0,0
1665290,1,54,2852,0,0,41,165987.44,149760,378,89,0,0
1665420,1,53,2824,0,0,41,165987.44,149760,378,89,0,0
1665519,1,53,2800,0,0,41,165987.44,149760,378,89,0,0
1665640,1,53,2811,0,0,41,165987.44,149760,378,89,0,0
1665780,1,53,2814,0,0,41,165987.44,149760,378,89,0,0
1665890,1,53,2814,0,0,41,165987.44,149760,378,89,0,0
1666019,1,52,2760,0,0,41,165987.44,149760,378,89,0,0
1666140,1,52,2782,0,0,41,165987.44,149760,378,89,0,0
1666269,1,52,2720,0,0,41,165987.44,149760,378,89,0,0
1666392,1,52,2720,0,0,41,165987.44,149760,378,89,0,0
1666509,1,52,2720,0,0,41,165987.44,149760,378,89,0,0
1666523,1,51,2720,0,0,41,165987.44,149760,378,89,0,0
1666740,1,51,2688,0,0,41,165987.44,149760,378,89,0,0
1666843,1,51,2688,0,0,41,165987.44,149760,378,89,0,0
1666969,1,50,2656,0,0,41,165987.44,149760,378,89,0,0
1667015,1,50,2656,0,0,41,165987.44,149760,378,89,0,0
1667220,1,50,2656,0,0,41,165987.44,149760,378,89,0,0
1667319,1,50,2624,0,0,41,165987.44,149760,378,89,0,0
1667440,1,50,2624,0,0,41,165987.44,149760,378,89,0,0
1667540,1,49,2624,0,0,41,165987.44,149760,378,89,0,0
1667690,1,49,2592,0,0,41,165987.44,149760,378,89,0,0
1667790,1,49,2592,0,0,41,165987.44,149760,378,89,0,0
1667921,1,49,2560,0,0,41,165987.44,149760,378,89,0,0
1668039,1,48,2560,0,0,41,165987.44,149760,378,89,0,0
1668123,1,48,2560,0,14,41,165987.44,149760,378,89,0,0
1668280,1,48,2528,0,20,41,165987.44,149760,378,89,0,0
1668392,1,48,2496,0,24,41,165987.44,149760,378,89,0,0
1668519,1,47,2464,0,28,41,165987.44,149760,378,89,0,0
1668640,1,47,2464,0,36,41,165987.44,149760,378,89,0,0
1668780,1,46,2432,0,40,41,165987.44,149760,378,89,0,0
1668890,1,46,2432,0,42,41,165987.44,149760,378,89,0,0
1669015,1,45,2400,0,44,41,165987.44,149760,378,89,0,0
1669029,1,45,2368,0,44,41,165987.44,149760,378,89,0,0
1669240,1,44,2336,0,48,41,165987.44,149760,378,89,0,0
1669343,1,44,2304,0,52,41,165987.44,149760,378,89,0,0
1669470,1,43,2272,0,54,41,165987.44,149760,378,89,0,0
1669540,1,43,2240,0,54,41,165987.44,149760,378,89,0,0
1669720,1,42,2208,0,54,41,165987.44,149760,378,89,0,0
1669843,1,41,2176,0,52,41,165987.44,149760,378,89,0,0
1669940,1,41,2144,0,54,41,165987.44,149760,378,88,0,0
1670040,1,40,2144,0,56,41,165987.44,149760,378,88,0,0
1670160,1,40,2112,0,56,41,165987.44,149760,378,88,0,0
1670290,1,39,2080,0,54,41,165987.44,149760,378,88,0,0
1670430,1,39,2048,0,40,41,165987.44,149760,378,88,0,0
1670520,1,38,2016,0,2,41,165987.44,149760,378,88,0,0
1670640,1,38,2016,0,14,41,165987.44,149760,378,88,0,0
1670780,1,38,1984,0,20,41,165987.44,149760,378,88,0,0
1670890,1,37,1984,0,28,41,165987.44,149760,378,88,0,0
1671019,1,37,1952,0,28,41,165987.44,149760,378,88,0,0
1671121,1,37,1952,0,30,41,165987.44,149760,378,88,0,0
1671270,1,36,1920,0,32,41,165987.44,149760,378,88,0,0
1671392,1,36,1888,0,30,41,165987.44,149760,378,88,0,0
1671490,1,35,1856,0,38,41,165987.44,149760,378,88,0,0
1671532,1,35,1856,0,38,41,165987.44,149760,378,88,0,0
1671740,1,34,1792,0,52,41,165987.44,149760,378,88,0,0
1671842,1,34,1792,0,56,41,165987.44,149760,378,88,0,0
1671969,1,33,1728,0,62,41,165987.44,149760,378,88,0,0
1672019,1,32,1728,0,62,41,165987.44,149760,378,88,0,0
1672220,1,31,1664,0,70,41,165987.44,149760,378,88,0,0
1672320,1,30,1600,0,80,41,165987.44,149760,378,88,0,0
1672441,1,30,1600,0,86,41,165987.44,149760,378,88,0,0
1672520,1,29,1536,0,86,41,165987.44,149760,378,88,0,0
1672690,1,29,1472,0,96,41,165987.44,149760,378,88,0,0
1672790,1,28,1440,0,100,41,165987.44,149760,378,88,0,0
1672920,1,26,1408,0,104,41,165987.44,149760,378,88,0,0
1673040,1,25,1359,0,108,41,165987.44,149760,378,88,0,0
1673160,1,25,1310,0,108,41,165987.44,149760,378,88,0,0
1673290,1,24,1128,0,112,41,165987.44,149760,378,88,0,0
1673392,1,23,1184,0,112,41,165987.44,149760,378,88,0,0
1673490,1,22,1196,0,106,41,165987.44,149760,378,88,0,0
1673548,1,22,1196,0,112,41,165987.44,149760,378,88,0,0
1673739,1,20,1177,0,106,41,165987.44,149760,378,88,0,0
1673870,1,19,1164,0,108,41,165987.44,149760,378,88,0,0
1673990,1,19,1132,0,92,41,165987.44,149760,378,88,0,0
1674030,1,18,1132,0,92,41,165987.44,149760,378,88,0,0
1674220,1,17,1133,0,64,41,165987.44,149760,378,88,0,0
1674342,1,17,1134,0,58,41,165987.44,149760,378,88,0,0
1674441,1,17,1104,0,60,41,165987.44,149760,378,88,0,0
1674549,1,16,1105,0,62,41,165987.44,149760,378,88,0,0
1674690,1,16,1106,0,68,41,165987.44,149760,378,88,0,0
1674822,1,15,1106,0,76,41,165987.44,149760,378,88,0,0
1674939,1,14,1106,0,76,41,165987.44,149760,378,88,0,0
1675029,1,14,1075,0,76,41,165987.44,149760,378,88,0,0
1675160,1,14,1076,0,74,41,165987.44,149760,378,88,0,0
1675290,1,13,1077,0,70,41,165988.45,149760,378,88,0,0
1675417,1,12,1077,0,72,41,165988.45,149760,378,88,0,0
1675530,1,11,1077,0,66,41,165988.45,149760,378,88,0,0
1675660,1,11,1077,0,66,41,165988.45,149760,378,88,0,0
1675790,1,10,1077,0,56,41,165988.45,149760,378,88,0,0
1675890,1,10,1078,0,52,41,165988.45,149760,378,88,0,0
1676030,1,9,1078,0,54,41,165988.45,149760,378,88,0,0
1676144,1,9,1078,0,52,41,165988.45,149760,378,88,0,0
1676289,1,9,1077,0,18,41,165988.45,149760,378,88,0,0
1676392,1,9,1078,0,12,41,165988.45,149760,378,88,0,0
1676519,1,8,1078,0,14,41,165988.45,149760,378,88,0,0
1676639,1,8,1077,0,12,41,165988.45,149760,378,88,0,0
1676780,1,8,1077,0,2,41,165988.45,149760,378,88,0,0
1676890,1,8,1046,0,6,41,165988.45,149760,378,88,0,0
1677017,1,8,1045,0,6,41,165988.45,149760,378,88,0,0
1677039,1,8,1045,0,8,41,165988.45,149760,378,88,0,0
1677239,1,8,1045,0,14,41,165988.45,149760,378,88,0,0
1677342,1,8,1045,0,18,41,165988.45,149760,378,88,0,0
1677472,1,8,1046,0,24,41,165988.45,149760,378,88,0,0
1677547,1,8,1046,0,22,41,165988.45,149760,378,88,0,0
1677720,1,7,1046,0,20,41,165988.45,149760,378,88,0,0
1677842,1,7,1046,0,0,41,165988.45,149760,378,88,0,0
1677939,1,7,1046,0,0,41,165989.45,149760,378,88,0,0
1678040,1,7,1046,0,0,41,165989.45,149760,378,88,0,0
1678194,1,7,1047,0,0,41,165989.45,149760,378,88,0,0
1678315,1,7,1047,0,0,41,165989.45,149760,378,88,0,0
1678430,1,7,1047,0,0,41,165989.45,149760,378,88,0,0
1678544,1,7,1046,0,0,41,165989.45,149760,378,88,0,0
1678672,1,7,1047,0,0,41,165989.45,149760,378,88,0,0
1678789,1,7,1047,0,0,41,165989.45,149760,378,88,0,0
1678889,1,7,1047,0,0,41,165989.45,149760,378,88,0,0
1679029,1,7,1047,0,0,41,165989.45,149760,378,88,0,0
1679142,1,7,1047,0,0,41,165989.45,149760,378,88,0,0
1679289,1,7,1014,0,0,41,165989.45,149760,378,88,0,0
1679392,1,7,1013,0,0,41,165989.45,149760,378,88,0,0
1679522,1,7,1014,0,0,41,165989.45,149760,375,88,0,0
1679639,1,7,1016,0,0,41,165989.45,149760,375,88,0,0
1679779,1,7,1016,0,0,41,165989.45,149760,375,88,0,0
1679889,1,7,1016,0,0,41,165989.45,149760,375,88,0,0
1680017,1,7,1017,2,0,41,165989.45,149760,375,88,0,0
1680039,1,7,1049,2,0,41,165989.45,149760,375,88,0,0
1680239,1,7,1053,5,0,41,165989.45,149760,375,88,0,0
1680372,1,7,1078,6,0,41,165989.45,149760,375,88,0,0
1680489,1,7,1082,9,0,41,165990.47,149760,375,88,0,0
1680547,1,7,1082,9,0,41,165990.47,149760,375,88,0,0
1680722,1,7,1102,20,0,41,165990.47,149760,375,88,0,0
1680842,1,8,1132,20,0,41,165990.47,149760,375,88,0,0
1680939,1,8,1135,20,0,41,165990.47,149760,375,88,0,0
1681022,1,8,1137,20,0,41,165990.47,149760,375,88,0,0
1681192,1,8,1170,21,0,41,165990.47,149760,375,88,0,0
1681315,1,8,1170,21,0,41,165990.47,149760,375,88,0,0
1681428,1,8,1202,21,0,41,165990.47,149760,375,88,0,0
1681544,1,8,1203,21,0,41,165990.47,149760,375,88,0,0
1681672,1,8,1238,21,0,41,165990.47,149760,375,88,0,0
1681789,1,8,1238,21,0,41,165990.47,149760,375,88,0,0
1681889,1,8,1272,21,0,41,165990.47,149760,375,88,0,0
1682022,1,9,1274,19,0,41,165990.47,149760,375,88,0,0
1682140,1,9,1275,19,0,41,165990.47,149760,375,88,0,0
1682279,1,9,1305,16,0,41,165990.47,149760,375,88,0,0
1682392,1,9,1298,13,0,41,165990.47,149760,375,88,0,0
1682489,1,9,1330,0,0,41,165991.50,149760,375,88,0,0
1682539,1,9,1298,0,0,41,165991.50,149760,375,88,0,0
1682739,1,9,1250,0,0,41,165991.50,149760,375,88,0,0
1682857,1,9,1229,0,0,41,165991.50,149760,375,88,0,0
1682972,1,9,1255,0,58,41,165991.50,149760,375,88,0,0
1683076,1,8,1223,0,30,41,165991.50,149760,375,88,0,0
1683222,1,8,1156,0,30,41,165991.50,149760,375,88,0,0
1683342,1,8,1122,0,38,41,165991.50,149760,375,88,0,0
1683440,1,7,1087,0,42,41,165991.50,149760,375,88,0,0
1683539,1,7,1053,0,44,41,165991.50,149760,375,88,0,0
1683695,1,7,988,0,44,41,165991.50,149760,375,88,0,0
1683822,1,6,930,0,44,41,165991.50,149760,375,88,0,0
1683939,1,6,899,0,42,41,165991.50,149760,375,88,0,0
1684039,1,6,867,0,42,41,165991.50,149760,375,88,0,0
1684172,1,6,779,0,42,41,165991.50,149760,375,88,0,0
1684289,1,6,746,0,42,41,165991.50,149760,375,88,0,0
1684424,1,5,830,0,42,41,165991.50,149760,375,88,0,0
1684539,1,5,753,0,42,41,165991.50,149760,375,88,0,0
1684659,1,5,723,0,42,41,165991.50,149760,375,88,0,0
1684789,1,4,803,0,42,41,165991.50,149760,375,88,0,0
1684915,1,4,964,0,42,41,165991.50,149760,375,88,0,0
1685030,1,4,955,0,42,41,165991.50,149760,375,88,0,0
1685039,1,4,955,0,38,41,165991.50,149760,375,88,0,0
1685239,1,4,969,0,28,41,165992.52,149760,375,88,0,0
1685372,1,3,929,0,26,41,165992.52,149760,375,88,0,0
1685489,1,3,927,0,24,41,165992.52,149760,375,88,0,0
1685539,1,3,927,0,24,41,165992.52,149760,375,88,0,0
1685739,1,2,895,0,24,41,165992.52,149760,375,88,0,0
1685842,1,2,895,0,26,41,165992.52,149760,375,88,0,0
1685972,1,0,832,0,26,41,165992.52,149760,375,88,0,0
1686039,1,0,832,0,26,41,165992.52,149760,375,88,0,0
1686172,1,0,832,0,26,41,165992.52,149760,375,88,0,0
1686322,1,0,834,0,26,41,165992.52,149760,375,88,0,0
1686424,1,0,834,0,26,41,165992.52,149760,375,88,0,0
1686539,1,0,835,0,26,41,165992.52,149760,375,88,0,0
1686659,1,0,835,0,26,41,165992.52,149760,375,88,0,0
1686789,1,0,836,0,14,41,165992.52,149760,375,88,0,0
1686915,1,0,836,0,14,41,165992.52,149760,375,88,0,0
1687030,1,0,837,0,14,41,165992.52,149760,375,88,0,0
1687139,1,0,836,0,14,41,165992.52,149760,375,88,0,0
1687279,1,0,836,0,14,41,165992.52,149760,375,88,0,0
1687392,1,0,835,0,16,41,165992.52,149760,375,88,0,0
1687515,1,0,835,0,16,41,165992.52,149760,375,88,0,0
1687539,1,0,835,0,16,41,165992.52,149760,375,88,0,0
1687741,1,0,834,0,22,41,165992.52,149760,375,88,0,0
1687842,1,0,833,0,84,41,165992.52,149760,375,88,0,0
1687971,1,0,833,0,196,41,165992.52,149760,375,88,0,0
1688030,1,0,833,0,196,41,165992.52,149760,375,88,0,0
1688222,1,0,832,0,212,41,165992.52,149760,375,88,0,0
1688321,1,0,832,0,210,41,165992.52,149760,375,88,0,0
1688440,1,0,832,0,194,41,165992.52,149760,375,88,0,0
1688539,1,0,863,0,180,41,165993.52,149760,375,88,0,0
1688659,1,0,863,0,180,41,165993.52,149760,375,88,0,0
1688789,1,0,863,0,160,41,165993.52,149760,375,88,0,0
1688922,1,0,863,0,154,41,165993.52,149760,375,88,0,0
1689039,1,0,833,0,146,41,165993.52,149760,375,88,0,0
1689076,1,0,833,0,146,41,165993.52,149760,375,88,0,0
1689272,1,0,834,0,142,41,165993.52,149760,375,88,0,0
1689372,1,0,834,0,140,41,165993.52,149760,375,88,0,0
1689489,1,0,834,0,140,41,165993.52,149760,375,88,0,0
1689530,1,0,834,0,140,41,165993.52,149760,375,88,0,0
1689722,1,0,835,0,140,41,165993.52,149760,375,88,0,0
1689842,1,0,833,0,138,41,165993.52,149760,375,88,0,0
1689939,1,0,833,0,110,41,165993.52,149760,375,88,0,0
1690039,1,0,833,0,22,41,165993.52,149760,375,88,0,0
1690172,1,0,832,0,22,41,165993.52,149760,375,88,0,0
1690321,1,0,863,0,0,41,165993.52,149760,375,88,0,0
1690424,1,0,832,0,0,41,165993.52,149760,375,88,0,0
1690539,1,0,863,0,0,41,165993.52,149760,375,88,0,0
1690659,1,0,863,0,0,41,165993.52,149760,375,88,0,0
1690789,1,0,832,0,0,41,165993.52,149760,375,88,0,0
1690915,1,0,874,0,0,41,165993.52,149760,375,88,0,0
1691030,1,0,1089,0,0,41,165993.52,149760,375,88,0,0
1691139,1,0,1236,0,0,41,165993.52,149760,375,88,0,0
1691279,1,0,1289,0,0,41,165993.52,149760,375,88,0,0
1691392,1,0,1222,0,0,41,165994.55,149760,375,88,0,0
1691515,1,0,1091,0,0,41,165994.55,149760,375,88,0,0
1691539,1,0,1059,0,0,41,165994.55,149760,375,88,0,0
1691739,1,0,1066,0,0,41,165994.55,149760,375,88,0,0
1691842,1,2,1119,0,0,41,165994.55,149760,375,88,0,0
1691971,1,3,1071,0,0,41,165994.55,149760,375,88,0,0
1692039,1,3,1071,0,0,41,165994.55,149760,375,88,0,0
1692210,1,3,1070,0,0,41,165994.55,149760,375,88,0,0
1692371,1,5,1026,0,0,41,165994.55,149760,375,88,0,0
1692489,1,6,1028,0,0,41,165994.55,149760,375,88,0,0
1692539,1,6,1028,0,0,41,165994.55,149760,375,88,0,0
1692739,1,7,1028,0,0,41,165995.58,149760,375,88,0,0
1692842,1,8,1059,0,0,41,165995.58,149760,375,88,0,0
1692971,1,8,1090,0,0,41,165995.58,149760,375,88,0,0
1693031,1,8,1090,0,0,41,165995.58,149760,375,88,0,0
1693171,1,8,1124,0,0,41,165995.58,149760,375,88,0,0
1693321,1,8,1070,0,0,41,165995.58,149760,375,88,0,0
1693424,1,8,1120,0,0,41,165995.58,149760,375,88,0,0
1693539,1,7,1094,0,0,41,165995.58,149760,375,88,0,0
1693659,1,7,1103,0,0,41,165995.58,149760,375,88,0,0
1693789,1,7,1079,0,0,41,165995.58,149760,375,88,0,0
1693910,1,7,1038,1,0,41,165995.58,149760,375,88,0,0
1694021,1,7,1045,3,0,41,165995.58,149760,375,88,0,0
1694039,1,7,1045,3,0,41,165995.58,149760,375,88,0,0
1694239,1,7,1050,4,0,41,165995.58,149760,375,88,0,0
1694371,1,7,1013,5,0,41,165995.58,149760,375,88,0,0
1694489,1,7,1009,5,0,41,165995.58,149760,375,88,0,0
1694545,1,7,1009,5,0,41,165995.58,149760,375,88,0,0
1694721,1,7,1005,5,0,41,165996.59,149760,375,88,0,0
1694821,1,7,1005,5,0,41,165996.59,149760,375,88,0,0
1694939,1,7,1005,5,0,41,165996.59,149760,375,88,0,0
1695073,1,7,1008,5,0,41,165996.59,149760,375,88,0,0
1695171,1,7,974,5,0,41,165996.59,149760,375,88,0,0
1695314,1,7,1005,5,0,41,165996.59,149760,375,88,0,0
1695424,1,7,1008,5,0,41,165996.59,149760,375,88,0,0
1695539,1,7,1010,5,0,41,165996.59,149760,375,88,0,0
1695659,1,7,1011,5,0,41,165996.59,149760,375,88,0,0
1695789,1,7,1010,0,0,41,165996.59,149760,375,88,0,0
1695889,1,7,1008,0,0,41,165996.59,149760,375,88,0,0
1696021,1,7,972,0,0,41,165996.59,149760,375,88,0,0
1696044,1,7,972,0,0,41,165996.59,149760,375,88,0,0
1696239,1,7,957,0,0,41,165996.59,149760,375,88,0,0
1696371,1,7,988,0,0,41,165996.59,149760,375,88,0,0
1696471,1,6,989,0,12,41,165996.59,149760,375,88,0,0
1696539,1,6,957,0,14,41,165996.59,149760,375,88,0,0
1696721,1,6,922,0,14,41,165996.59,149760,375,88,0,0
1696821,1,6,924,0,14,41,165996.59,149760,375,88,0,0
1696939,1,6,893,0,20,41,165996.59,149760,375,88,0,0
1697039,1,6,898,0,30,41,165996.59,149760,375,88,0,0
1697171,1,6,944,0,30,41,165996.59,149760,375,88,0,0
1697289,1,5,979,0,48,41,165996.59,149760,375,88,0,0
1697424,1,5,935,0,60,41,165996.59,149760,375,88,0,0
1697539,1,4,929,0,72,41,165996.59,149760,375,88,0,0
1697659,1,4,931,0,72,41,165996.59,149760,375,88,0,0
1697789,1,3,929,0,70,41,165996.59,149760,375,88,0,0
1697910,1,3,929,0,62,41,165997.59,149760,375,88,0,0
1698031,1,0,896,0,50,41,165997.59,149760,375,88,0,0
1698074,1,0,897,0,24,41,165997.59,149760,375,88,0,0
1698239,1,0,864,0,22,41,165997.59,149760,375,88,0,0
1698371,1,0,862,0,22,41,165997.59,149760,375,88,0,0
1698489,1,0,861,0,22,41,165997.59,149760,375,88,0,0
1698540,1,0,861,0,22,41,165997.59,149760,375,88,0,0
1698722,1,0,861,0,22,41,165997.59,149760,375,88,0,0
1698821,1,0,861,0,22,41,165997.59,149760,375,88,0,0
1698939,1,0,862,0,22,41,165997.59,149760,375,88,0,0
1699039,1,0,862,0,22,41,165997.59,149760,375,88,0,0
1699171,1,0,862,0,22,41,165997.59,149760,375,88,0,0
1699289,1,0,862,0,22,41,165997.59,149760,375,88,0,0
1699424,1,0,863,0,26,41,165997.59,149760,375,88,0,0
1699539,1,0,862,0,44,41,165997.59,149760,375,88,0,0
1699571,1,0,862,0,44,41,165997.59,149760,375,88,0,0
1699779,1,0,862,0,40,41,165997.59,149760,375,88,0,0
1699891,1,0,863,0,40,41,165997.59,149760,375,88,0,0
1699989,1,0,863,0,40,41,165997.59,149760,375,88,0,0
1700039,1,0,863,0,40,41,165997.59,149760,375,88,0,0
1700239,1,0,863,0,38,41,165997.59,149760,375,88,0,0
1700342,1,0,831,0,32,41,165997.59,149760,375,88,0,0
1700471,1,0,862,0,0,41,165997.59,149760,375,88,0,0
1700589,1,0,862,0,0,41,165997.59,149760,375,88,0,0
1700710,1,0,863,0,0,41,165997.59,149760,375,88,0,0
1700821,1,0,863,0,0,41,165997.59,149760,375,88,0,0
1700939,1,0,863,0,0,41,165997.59,149760,375,88,0,0
1701039,1,0,863,0,0,41,165997.59,149760,375,88,0,0
1701159,1,0,863,0,0,41,165997.59,149760,375,88,0,0
1701289,1,0,863,0,0,41,165997.59,149760,375,88,0,0
1701416,1,0,863,0,0,41,165997.59,149760,375,88,0,0
1701529,1,0,863,0,0,41,165998.59,149760,375,88,0,0
1701571,1,0,832,0,0,41,165998.59,149760,375,88,0,0
1701739,1,0,863,0,0,41,165998.59,149760,375,88,0,0
1701871,1,0,863,0,0,41,165998.59,149760,375,88,0,0
1701989,1,0,832,0,0,41,165998.59,149760,375,88,0,0
1702071,1,0,833,0,0,41,165998.59,149760,375,88,0,0
1702230,1,0,833,0,0,41,165998.59,149760,375,88,0,0
1702342,1,0,833,0,0,41,165998.59,149760,375,88,0,0
1702439,1,0,833,0,0,41,165998.59,149760,375,88,0,0
1702581,1,0,834,0,0,41,165998.59,149760,375,88,0,0
1702672,1,0,905,0,0,41,165998.59,149760,375,88,0,0
1702814,1,0,985,0,0,41,165998.59,149760,375,88,0,0
1702921,1,0,1323,2,0,41,165998.59,149760,375,88,0,0
1703039,1,0,1512,3,0,41,165998.59,149760,375,88,0,0
1703178,1,0,1589,3,0,41,165998.59,149760,375,88,0,0
1703289,1,0,1610,6,0,41,165998.59,149760,375,88,0,0
1703423,1,0,1663,8,0,41,165998.59,149760,375,88,0,0
1703539,1,0,1676,10,0,41,165999.59,149760,375,88,0,0
1703571,1,0,1668,10,0,41,165999.59,149760,375,88,0,0
1703771,1,3,1679,11,0,41,165999.59,149760,375,88,0,0
1703871,1,3,1636,10,0,41,165999.59,149760,375,88,0,0
1703989,1,4,1600,5,0,41,165999.59,149760,375,88,0,0
1704039,1,4,1568,5,0,41,165999.59,149760,375,88,0,0
1704239,1,5,1515,5,0,41,165999.59,149760,375,88,0,0
1704342,1,6,1479,5,0,41,165999.59,149760,375,88,0,0
1704472,1,7,1434,5,0,41,166000.59,149760,375,88,0,0
1704583,1,7,1408,6,0,41,166000.59,149760,375,88,0,0
1704707,1,7,1409,19,0,41,166000.59,149760,375,88,0,0
1704821,1,10,1423,20,0,41,166000.59,149760,375,88,0,0
1704939,1,10,1465,20,0,41,166000.59,149760,375,88,0,0
1705039,1,11,1560,23,0,41,166000.59,149760,375,88,0,0
1705177,1,11,1626,28,0,41,166000.59,149760,375,88,0,0
1705289,1,12,1671,31,0,41,166000.59,149760,375,88,0,0
1705423,1,12,1789,33,0,41,166001.61,149760,375,88,0,0
1705539,1,13,1809,33,0,41,166001.61,149760,375,88,0,0
1705539,1,13,1809,33,0,41,166001.61,149760,375,88,0,0
1705771,1,13,1919,34,0,41,166001.61,149760,375,88,0,0
1705889,1,13,1911,37,0,41,166001.61,149760,375,88,0,0
1705989,1,14,1935,40,0,41,166001.61,149760,375,88,0,0
1706039,1,14,1967,40,0,41,166001.61,149760,375,88,0,0
1706239,1,14,2010,47,0,41,166001.61,149760,375,88,0,0
1706342,1,14,2047,52,0,41,166001.61,149760,375,88,0,0
1706471,1,14,2074,53,0,41,166002.61,149760,375,88,0,0
1706539,1,15,2106,54,0,41,166002.61,149760,375,88,0,0
1706706,1,15,2123,55,0,41,166002.61,149760,375,88,0,0
1706821,1,15,2187,55,0,41,166002.61,149760,375,88,0,0
1706939,1,15,2216,55,0,41,166002.61,149760,375,88,0,0
1707038,1,16,2248,55,0,41,166002.61,149760,375,88,0,0
1707159,1,16,2249,55,0,41,166002.61,149760,375,88,0,0
1707289,1,16,2315,55,0,41,166002.61,149760,375,88,0,0
1707416,1,17,2351,55,0,41,166002.61,149760,375,88,0,0
1707534,1,17,2422,55,0,41,166003.64,149760,375,88,0,0
1707539,1,17,2422,55,0,41,166003.64,149760,375,88,0,0
1707739,1,17,2489,55,0,41,166003.64,149760,375,88,0,0
1707872,1,17,2519,55,0,41,166003.64,149760,375,88,0,0
1707989,1,18,2552,55,0,41,166003.64,149760,375,88,0,0
1708072,1,18,2591,55,0,41,166003.64,149760,375,88,0,0
1708226,1,18,2591,53,0,41,166003.64,149760,375,88,0,0
1708342,1,19,2636,52,0,41,166003.64,149760,375,88,0,0
1708439,1,19,2661,50,0,41,166003.64,149760,375,88,0,0
1708539,1,19,2682,45,0,41,166004.69,149760,375,88,0,0
1708705,1,19,2691,18,0,41,166004.69,149760,375,88,0,0
1708821,1,19,2649,0,0,41,166004.69,149760,375,88,0,0
1708922,1,19,2572,0,0,41,166004.69,149760,375,88,0,0
1709039,1,19,2435,0,0,41,166004.69,149760,375,88,0,0
1709159,1,19,2321,0,0,41,166004.69,149760,375,88,0,0
1709289,1,19,1938,0,0,41,166004.69,149760,375,88,0,0
1709416,1,19,1778,0,0,41,166004.69,149760,375,88,0,0
1709529,1,19,1620,0,0,41,166004.69,149760,372,88,0,0
1709571,1,19,1617,0,0,41,166004.69,149760,372,88,0,0
1709771,1,19,1517,0,0,41,166004.69,149760,372,88,0,0
1709889,1,19,1465,0,0,41,166004.69,149760,372,88,0,0
1709989,1,19,1397,0,0,41,166004.69,149760,372,88,0,0
1710094,1,19,1364,0,0,41,166004.69,149760,372,88,0,0
1710238,1,19,1332,0,0,41,166004.69,149760,372,88,0,0
1710341,1,19,1305,0,0,41,166004.69,149760,372,88,0,0
1710471,1,19,1262,0,0,41,166004.69,149760,372,88,0,0
1710578,1,19,1223,0,0,41,166004.69,149760,372,88,0,0
1710714,1,18,1190,0,0,41,166004.69,149760,372,88,0,0
1710821,1,18,1198,0,0,41,166004.69,149760,372,88,0,0
1710939,1,18,1172,0,0,41,166004.69,149760,372,88,0,0
1711038,1,18,1172,0,0,41,166004.69,149760,372,88,0,0
1711189,1,18,1165,0,0,41,166005.70,149760,372,88,0,0
1711314,1,18,1128,0,0,41,166005.70,149760,372,88,0,0
1711422,1,18,1096,0,0,41,166005.70,149760,372,88,0,0
1711538,1,18,1097,0,0,41,166005.70,149760,372,88,0,0
1711672,1,18,1098,0,0,41,166005.70,149760,372,88,0,0
1711789,1,18,1067,0,0,41,166005.70,149760,372,88,0,0
1711922,1,18,1067,0,0,41,166005.70,149760,372,88,0,0
1712038,1,18,1067,0,0,41,166005.70,149760,372,88,0,0
1712038,1,18,1067,0,0,41,166005.70,149760,372,88,0,0
1712278,1,18,1034,0,0,41,166005.70,149760,372,88,0,0
1712391,1,18,1034,0,0,41,166005.70,149760,372,88,0,0
1712488,1,18,1034,0,0,41,166005.70,149760,372,88,0,0
1712538,1,18,1034,0,0,41,166005.70,149760,372,88,0,0
1712738,1,18,1035,0,0,41,166005.70,149760,372,88,0,0
1712841,1,18,1036,0,0,41,166005.70,149760,372,88,0,0
1712972,1,18,1037,0,0,41,166005.70,149760,372,88,0,0
1713072,1,18,1037,0,0,41,166005.70,149760,372,88,0,0
1713188,1,18,1037,0,0,41,166005.70,149760,372,88,0,0
1713321,1,18,1037,0,0,41,166005.70,149760,372,88,0,0
1713440,1,18,1037,0,0,41,166005.70,149760,372,88,0,0
1713538,1,18,1038,0,0,41,166005.70,149760,372,88,0,0
1713672,1,18,1038,0,0,41,166005.70,149760,372,88,0,0
1713788,1,18,1038,0,4,41,166005.70,149760,372,88,0,0
1713923,1,18,1040,0,4,41,166005.70,149760,372,88,0,0
1714038,1,18,1040,0,2,41,166005.70,149760,372,88,0,0
1714171,1,18,1040,0,2,41,166005.70,149760,372,88,0,0
1714288,1,18,1040,0,0,41,166005.70,149760,372,88,0,0
1714419,1,18,1008,0,0,41,166005.70,149760,372,88,0,0
1714530,1,18,1040,0,0,41,166006.72,149760,372,88,0,0
1714601,1,18,1008,0,0,41,166006.72,149760,372,88,0,0
1714772,1,18,1005,0,0,41,166006.72,149760,372,88,0,0
1714889,1,17,1005,0,0,41,166006.72,149760,372,88,0,0
1714988,1,17,1005,0,0,41,166006.72,149760,372,88,0,0
1715088,1,17,1006,0,0,41,166006.72,149760,372,88,0,0
1715238,1,17,1008,0,0,41,166006.72,149760,372,88,0,0
1715341,1,17,1008,0,0,41,166006.72,149760,372,88,0,0
1715472,1,17,1040,0,0,41,166006.72,149760,372,88,0,0
1715573,1,17,1040,0,0,41,166006.72,149760,372,88,0,0
1715713,1,17,1041,0,0,41,166006.72,149760,372,88,0,0
1715822,1,17,1041,0,0,41,166006.72,149760,372,88,0,0
1715938,1,17,1041,0,0,41,166006.72,149760,372,88,0,0
1716038,1,17,1041,0,0,41,166006.72,149760,372,88,0,0
1716172,1,17,1038,0,0,41,166006.72,149760,372,88,0,0
1716314,1,17,1035,0,0,41,166006.72,149760,372,88,0,0
1716422,1,17,1031,0,0,41,166006.72,149760,372,88,0,0
1716538,1,17,1029,0,0,41,166006.72,149760,372,88,0,0
1716572,1,17,1032,0,0,41,166006.72,149760,372,88,0,0
1716788,1,17,1003,0,0,41,166006.72,149760,372,88,0,0
1716889,1,17,1003,0,0,41,166006.72,149760,372,88,0,0
1717022,1,16,1004,0,0,41,166006.72,149760,372,88,0,0
1717038,1,16,1004,0,0,41,166006.72,149760,372,88,0,0
1717238,1,16,1003,0,0,41,166006.72,149760,372,88,0,0
1717372,1,16,1003,0,0,41,166006.72,149760,372,88,0,0
1717488,1,16,1003,0,0,41,166006.72,149760,372,88,0,0
1717538,1,16,1003,0,0,41,166006.72,149760,372,88,0,0
1717722,1,16,1001,0,0,41,166007.72,149760,372,88,0,0
1717841,1,16,1001,0,0,41,166007.72,149760,372,88,0,0
1717938,1,16,1001,0,0,41,166007.72,149760,372,88,0,0
1718072,1,16,1004,0,0,41,166007.72,149760,372,88,0,0
1718172,1,16,1004,0,0,41,166007.72,149760,372,88,0,0
1718322,1,16,1006,0,0,41,166007.72,149760,372,88,0,0
1718440,1,16,1006,0,0,41,166007.72,149760,372,88,0,0
1718538,1,16,1005,0,0,41,166007.72,149760,372,88,0,0
1718658,1,16,1005,0,0,41,166007.72,149760,372,88,0,0
1718788,1,16,1006,0,0,41,166007.72,149760,372,88,0,0
1718922,1,16,1038,0,0,41,166007.72,149760,372,88,0,0
1719038,1,16,1040,0,0,41,166007.72,149760,372,88,0,0
1719086,1,16,1073,0,0,41,166007.72,149760,372,88,0,0
1719272,1,16,1064,0,0,41,166007.72,149760,372,88,0,0
1719391,1,15,1059,2,0,41,166007.72,149760,372,88,0,0
1719488,1,15,1115,4,0,41,166007.72,149760,372,88,0,0
1719573,1,15,1156,4,0,41,166007.72,149760,372,88,0,0
1719738,1,15,1195,6,0,41,166007.72,149760,372,88,0,0
1719860,1,15,1166,7,0,41,166007.72,149760,372,88,0,0
1719972,1,15,1171,8,0,41,166007.72,149760,372,88,0,0
1720083,1,15,1209,10,0,41,166007.72,149760,372,88,0,0
1720219,1,15,1216,12,0,41,166007.72,149760,372,88,0,0
1720322,1,15,1126,12,0,41,166007.72,149760,372,88,0,0
1720438,1,15,1191,12,0,41,166007.72,149760,372,88,0,0
1720538,1,15,1161,12,0,41,166008.73,149760,372,88,0,0
1720688,1,15,1169,13,0,41,166008.73,149760,372,88,0,0
1720822,1,15,1158,14,0,41,166008.73,149760,372,88,0,0
1720938,1,15,1157,16,0,41,166008.73,149760,372,88,0,0
1721038,1,15,1188,23,0,41,166008.73,149760,372,88,0,0
1721172,1,15,1191,23,0,41,166008.73,149760,372,88,0,0
1721314,1,15,1203,42,0,41,166008.73,149760,372,88,0,0
1721422,1,16,1187,45,0,41,166008.73,149760,372,88,0,0
1721538,1,16,1227,49,0,41,166008.73,149760,372,88,0,0
1721658,1,16,1205,50,0,41,166008.73,149760,372,88,0,0
1721788,1,16,1220,52,0,41,166008.73,149760,372,88,0,0
1721922,1,16,1257,53,0,41,166008.73,149760,372,88,0,0
1722038,1,16,1259,56,0,41,166008.73,149760,372,88,0,0
1722072,1,16,1261,56,0,41,166008.73,149760,372,88,0,0
1722273,1,17,1300,57,0,41,166008.73,149760,372,88,0,0
1722391,1,17,1335,59,0,41,166009.73,149760,372,88,0,0
1722488,1,17,1340,59,0,41,166009.73,149760,372,88,0,0
1722596,1,17,1344,59,0,41,166009.73,149760,372,88,0,0
1722738,1,18,1380,59,0,41,166009.73,149760,372,88,0,0
1722841,1,18,1376,59,0,41,166009.73,149760,372,88,0,0
1722972,1,18,1408,59,0,41,166009.73,149760,372,88,0,0
1723072,1,18,1438,59,0,41,166009.73,149760,372,88,0,0
1723217,1,18,1465,59,0,41,166009.73,149760,372,88,0,0
1723322,1,19,1461,60,0,41,166009.73,149760,372,88,0,0
1723440,1,19,1492,60,0,41,166009.73,149760,372,88,0,0
1723538,1,19,1492,61,0,41,166009.73,149760,372,88,0,0
1723688,1,19,1524,63,0,41,166010.73,149760,372,88,0,0
1723822,1,20,1561,74,0,41,166010.73,149760,372,88,0,0
1723938,1,20,1573,80,0,41,166010.73,149760,372,88,0,0
1724038,1,21,1576,85,0,41,166010.73,149760,372,88,0,0
1724073,1,21,1568,85,0,41,166010.73,149760,372,88,0,0
1724288,1,21,1663,88,0,41,166010.73,149760,372,88,0,0
1724391,1,22,1675,88,0,41,166010.73,149760,372,88,0,0
1724522,1,22,1715,88,0,41,166010.73,149760,372,88,0,0
1724595,1,22,1754,86,0,41,166010.73,149760,372,88,0,0
1724738,1,23,1790,76,0,41,166011.80,149760,372,88,0,0
1724873,1,23,1797,74,0,41,166011.80,149760,372,88,0,0
1724988,1,24,1808,67,0,41,166011.80,149760,372,88,0,0
1725072,1,24,1827,67,0,41,166011.80,149760,372,88,0,0
1725238,1,24,1871,59,0,41,166011.80,149760,372,88,0,0
1725341,1,24,1873,59,0,41,166011.80,149760,372,88,0,0
1725473,1,25,1868,59,0,41,166011.80,149760,372,88,0,0
1725573,1,25,1903,58,0,41,166011.80,149760,372,88,0,0
1725688,1,25,1903,58,0,41,166011.80,149760,372,88,0,0
1725822,1,25,1950,58,0,41,166012.81,149760,372,88,0,0
1725938,1,25,1928,58,0,41,166012.81,149760,372,88,0,0
1726038,1,25,1934,57,0,41,166012.81,149760,372,88,0,0
1726172,1,25,1930,49,0,41,166012.81,149760,372,88,0,0
1726314,1,26,1922,25,0,41,166012.81,149760,372,88,0,0
1726422,1,26,1939,22,0,41,166012.81,149760,372,88,0,0
1726538,1,26,1966,14,0,41,166012.81,149760,372,88,0,0
1726574,1,26,1950,14,0,41,166012.81,149760,372,88,0,0
1726788,1,26,1902,0,0,41,166012.81,149760,372,88,0,0
1726909,1,25,1892,0,0,41,166012.81,149760,372,88,0,0
1727022,1,25,1921,0,0,41,166012.81,149760,372,88,0,0
1727038,1,25,1921,0,0,41,166012.81,149760,372,88,0,0
1727240,1,25,1889,0,0,41,166012.81,149760,372,88,0,0
1727372,1,25,1856,0,0,41,166013.81,149760,372,88,0,0
1727488,1,25,1856,0,0,41,166013.81,149760,372,88,0,0
1727573,1,25,1872,0,0,41,166013.81,149760,372,88,0,0
1727722,1,24,1882,0,0,41,166013.81,149760,372,88,0,0
1727841,1,24,1817,0,0,41,166013.81,149760,372,88,0,0
1727938,1,24,1802,0,0,41,166013.81,149760,372,88,0,0
1728072,1,24,1787,0,0,41,166013.81,149760,372,88,0,0
1728172,1,24,1773,0,0,41,166013.81,149760,372,89,0,0
1728323,1,23,1754,0,0,41,166013.81,149760,372,89,0,0
1728438,1,23,1741,0,0,41,166013.81,149760,372,89,0,0
1728538,1,22,1722,0,0,41,166013.81,149760,372,89,0,0
1728688,1,22,1708,0,0,41,166013.81,149760,372,88,0,0
1728813,1,22,1676,0,0,41,166013.81,149760,372,88,0,0
1728923,1,22,1656,0,0,41,166013.81,149760,372,88,0,0
1729038,1,21,1614,0,0,41,166013.81,149760,372,88,0,0
1729072,1,21,1611,0,0,41,166013.81,149760,372,88,0,0
1729288,1,20,1568,6,0,41,166013.81,149760,372,88,0,0
1729391,1,21,1578,9,0,41,166013.81,149760,372,88,0,0
1729522,1,21,1548,10,0,41,166013.81,149760,372,88,0,0
1729594,1,21,1520,23,0,41,166013.81,149760,372,88,0,0
1729738,1,20,1492,50,0,41,166013.81,149760,372,88,0,0
1729879,1,20,1542,53,0,41,166013.81,149760,372,88,0,0
1729988,1,20,1608,56,0,41,166013.81,149760,372,88,0,0
1730098,1,20,1641,81,0,41,166013.81,149760,372,88,0,0
1730188,1,21,1545,87,0,41,166013.81,149760,372,88,0,0
1730341,1,20,1583,96,0,41,166013.81,149760,372,88,0,0
1730438,1,21,1622,99,0,41,166014.84,149760,372,88,0,0
1730538,1,21,1647,102,0,41,166014.84,149760,372,88,0,0
1730688,1,21,1665,110,0,41,166014.84,149760,372,88,0,0
1730822,1,22,1743,113,0,41,166014.84,149760,372,88,0,0
1730938,1,23,1790,115,0,41,166014.84,149760,372,88,0,0
1731038,1,23,1805,117,0,41,166014.84,149760,372,88,0,0
1731172,1,23,1870,119,0,41,166015.94,149760,372,88,0,0
1731313,1,25,1891,121,0,41,166015.94,149760,372,88,0,0
1731438,1,25,1972,121,0,41,166015.94,149760,372,88,0,0
1731538,1,26,1986,121,0,41,166015.94,149760,372,88,0,0
1731538,1,26,1986,121,0,41,166015.94,149760,372,88,0,0
1731788,1,27,2101,121,0,41,166017.02,149760,372,88,0,0
1731888,1,28,2142,121,0,41,166017.02,149760,372,88,0,0
1732023,1,29,2182,121,0,41,166017.02,149760,372,88,0,0
1732037,1,29,2182,121,0,41,166017.02,149760,372,88,0,0
1732238,1,30,2295,118,0,41,166017.02,149760,372,88,0,0
1732372,1,30,2350,117,0,41,166018.09,149760,372,88,0,0
1732488,1,31,2395,116,0,41,166018.09,149760,372,88,0,0
1732544,1,31,2395,116,0,41,166018.09,149760,372,88,0,0
1732738,1,32,2477,115,0,41,166018.09,149760,372,88,0,0
1732841,1,33,2516,115,0,41,166019.16,149760,372,88,0,0
1732972,1,34,2566,115,0,41,166019.16,149760,372,88,0,0
1733076,1,34,2639,115,0,41,166019.16,149760,372,88,0,0
1733188,1,35,2639,115,0,41,166019.16,149760,372,88,0,0
1733341,1,36,2722,115,0,41,166020.30,149760,372,88,0,0
1733438,1,36,2755,115,0,41,166020.30,149760,372,88,0,0
1733544,1,37,2793,115,0,41,166020.30,149760,372,88,0,0
1733688,1,37,2876,114,0,41,166021.34,149760,372,88,0,0
1733813,1,38,2892,105,0,41,166021.34,149760,372,88,0,0
1733938,1,39,2966,96,0,41,166021.34,149760,372,88,0,0
1734038,1,39,2993,93,0,41,166022.45,149760,372,88,0,0
1734172,1,39,3011,89,0,41,166022.45,149760,372,88,0,0
1734288,1,40,3029,67,0,41,166022.45,149760,372,88,0,0
1734423,1,40,2983,41,0,41,166023.53,149760,372,88,0,0
1734538,1,40,2943,0,0,41,166023.53,149760,372,88,0,0
1734572,1,40,2904,0,0,41,166023.53,149760,372,88,0,0
1734778,1,40,2529,0,0,41,166023.53,149760,372,88,0,0
1734888,1,40,2369,0,0,41,166023.53,149760,372,88,0,0
1735038,1,40,2222,0,0,41,166023.53,149760,372,88,0,0
1735073,1,40,2137,0,0,41,166023.53,149760,372,88,0,0
1735288,1,40,1930,0,0,41,166023.53,149760,372,88,0,0
1735415,1,40,1811,0,0,41,166023.53,149760,372,88,0,0
1735528,1,40,1701,0,0,41,166023.53,149760,372,88,0,0
1735590,1,40,1737,0,0,41,166023.53,149760,372,88,0,0
1735738,1,39,2205,15,0,41,166023.53,149760,372,88,0,0
1735888,1,39,2092,40,0,41,166023.53,149760,372,88,0,0
1735988,1,39,2080,47,0,41,166023.53,149760,372,88,0,0
1736038,1,39,2048,47,0,41,166023.53,149760,372,88,0,0
1736238,1,39,2073,52,0,41,166023.53,149760,372,88,0,0
1736341,1,39,2107,61,0,41,166023.53,149760,372,88,0,0
1736473,1,39,2099,65,0,41,166024.53,149760,372,88,0,0
1736542,1,39,2099,66,0,41,166024.53,149760,372,88,0,0
1736714,1,39,2110,72,0,41,166024.53,149760,372,88,0,0
1736823,1,39,2128,78,0,41,166024.53,149760,372,88,0,0
1736938,1,40,2128,80,0,41,166024.53,149760,372,88,0,0
1737038,1,40,2133,81,0,41,166024.53,149760,372,88,0,0
1737188,1,40,2119,81,0,41,166025.55,149760,372,88,0,0
1737313,1,41,2159,81,0,41,166025.55,149760,372,88,0,0
1737439,1,41,2190,81,0,41,166025.55,149760,372,88,0,0
1737538,1,41,2185,81,0,41,166025.55,149760,372,88,0,0
1737676,1,41,2204,81,0,41,166025.55,149760,372,88,0,0
1737813,1,42,2197,82,0,41,166025.55,149760,372,88,0,0
1737926,1,42,2223,82,0,41,166026.59,149760,372,88,0,0
1738038,1,42,2252,82,0,41,166026.59,149760,372,88,0,0
1738076,1,42,2258,82,0,41,166026.59,149760,372,88,0,0
1738281,1,42,2240,82,0,41,166026.59,149760,372,88,0,0
1738391,1,43,2274,87,0,41,166026.59,149760,372,88,0,0
1738513,1,43,2277,89,0,41,166026.59,149760,372,88,0,0
1738540,1,43,2277,89,0,41,166027.61,149760,372,88,0,0
1738738,1,44,2320,90,0,41,166027.61,149760,372,88,0,0
1738876,1,44,2355,103,0,41,166027.61,149760,372,88,0,0
1738988,1,44,2362,114,0,41,166027.61,149760,372,88,0,0
1739038,1,44,2362,114,0,41,166027.61,149760,372,88,0,0
1739232,1,45,2419,116,0,41,166028.62,149760,372,88,0,0
1739341,1,45,2406,116,0,41,166028.62,149760,372,88,0,0
1739439,1,46,2458,116,0,41,166028.62,149760,369,88,0,0
1739540,1,46,2441,116,0,41,166028.62,149760,369,88,0,0
1739676,1,46,2490,113,0,41,166029.69,149760,369,88,0,0
1739823,1,47,2497,106,0,41,166029.69,149760,369,88,0,0
1739938,1,48,2532,99,0,41,166029.69,149760,369,88,0,0
1740038,1,48,2533,96,0,41,166029.69,149760,369,88,0,0
1740076,1,48,2551,96,0,41,166030.81,149760,369,88,0,0
1740288,1,49,2606,92,0,41,166030.81,149760,369,88,0,0
1740410,1,49,2617,92,0,41,166030.81,149760,369,88,0,0
1740513,1,49,2638,92,0,41,166030.81,149760,369,88,0,0
1740585,1,49,2633,92,0,41,166030.81,149760,369,88,0,0
1740738,1,50,2663,91,0,41,166031.86,149760,369,88,0,0
1740876,1,50,2684,88,0,41,166031.86,149760,369,88,0,0
1740988,1,50,2682,79,0,41,166031.86,149760,369,88,0,0
1741076,1,50,2687,79,0,41,166031.86,149760,369,88,0,0
1741238,1,51,2693,73,0,41,166031.86,149760,369,88,0,0
1741341,1,51,2705,69,0,41,166032.91,149760,369,88,0,0
1741439,1,51,2697,58,0,41,166032.91,149760,369,88,0,0
1741586,1,51,2681,39,0,41,166032.91,149760,369,88,0,0
1741713,1,51,2607,0,0,41,166032.91,149760,369,88,0,0
1741825,1,51,2366,0,0,41,166032.91,149760,369,88,0,0
1741938,1,51,2161,0,0,41,166032.91,149760,369,88,0,0
1742038,1,51,1952,0,0,41,166032.91,149760,369,88,0,0
1742188,1,50,1775,0,0,41,166032.91,149760,369,88,0,0
1742325,1,50,1550,0,0,41,166032.91,149760,369,88,0,0
1742439,1,50,1512,0,0,41,166032.91,149760,369,88,0,0
1742538,1,50,1536,0,0,41,166032.91,149760,369,88,0,0
1742675,1,50,2061,0,0,41,166032.91,149760,369,88,0,0
1742813,1,50,2032,29,0,41,166032.91,149760,369,88,0,0
1742926,1,50,1997,60,0,41,166032.91,149760,369,88,0,0
1743038,1,50,2012,75,0,41,166033.92,149760,369,88,0,0
1743075,1,50,1991,75,0,41,166033.92,149760,369,88,0,0
1743281,1,50,2008,81,0,41,166033.92,149760,369,88,0,0
1743390,1,50,2014,98,0,41,166033.92,149760,369,88,0,0
1743513,1,50,2004,100,0,41,166033.92,149760,369,88,0,0
1743607,1,50,2044,100,0,41,166033.92,149760,369,88,0,0
1743738,1,51,2016,100,0,41,166034.95,149760,369,88,0,0
1743875,1,51,2027,100,0,41,166034.95,149760,369,88,0,0
1743988,1,51,2023,89,0,41,166034.95,149760,369,88,0,0
1744093,1,51,2041,84,0,41,166034.95,149760,369,88,0,0
1744213,1,52,2041,84,0,41,166034.95,149760,369,88,0,0
1744340,1,52,2048,79,0,41,166035.95,149760,369,88,0,0
1744439,1,52,2059,76,0,41,166035.95,149760,369,88,0,0
1744576,1,52,2079,69,0,41,166035.95,149760,369,88,0,0
1744690,1,52,2079,53,0,41,166035.95,149760,369,88,0,0
1744826,1,52,2067,40,0,41,166035.95,149760,369,88,0,0
1744938,1,52,2064,40,0,41,166035.95,149760,369,88,0,0
1745038,1,52,2048,39,0,41,166035.95,149760,369,88,0,0
1745187,1,52,2051,29,0,41,166035.95,149760,369,88,0,0
1745326,1,52,2055,29,0,41,166035.95,149760,369,88,0,0
1745439,1,52,2070,29,0,41,166036.98,149760,369,88,0,0
1745537,1,52,2065,29,0,41,166036.98,149760,369,88,0,0
1745575,1,52,2064,29,0,41,166036.98,149760,369,88,0,0
1745788,1,52,2068,29,0,41,166036.98,149760,369,88,0,0
1745913,1,52,2073,29,0,41,166036.98,149760,369,88,0,0
1746037,1,52,2075,29,0,41,166036.98,149760,369,88,0,0
1746075,1,52,2076,29,0,41,166036.98,149760,369,88,0,0
1746275,1,51,2076,29,0,41,166036.98,149760,369,88,0,0
1746390,1,51,2074,32,0,41,166036.98,149760,369,88,0,0
1746513,1,51,2071,33,0,41,166036.98,149760,369,88,0,0
1746593,1,51,2039,33,0,41,166036.98,149760,369,88,0,0
1746738,1,51,2045,33,0,41,166036.98,149760,369,88,0,0
1746840,1,51,2048,33,0,41,166036.98,149760,369,88,0,0
1746975,1,51,2021,33,0,41,166036.98,149760,369,88,0,0
1747093,1,51,2048,0,0,41,166038.00,149760,369,88,0,0
1747215,1,51,2016,0,0,41,166038.00,149760,369,88,0,0
1747340,1,51,2027,0,0,41,166038.00,149760,369,88,0,0
1747475,1,51,2046,0,0,41,166038.00,149760,369,88,0,0
1747593,1,51,2045,0,0,41,166038.00,149760,369,88,0,0
1747725,1,51,2046,0,0,41,166038.00,149760,369,88,0,0
1747840,1,51,2016,0,0,41,166038.00,149760,369,88,0,0
1747937,1,51,2017,0,0,41,166038.00,149760,369,88,0,0
1748075,1,51,2016,0,0,41,166038.00,149760,369,88,0,0
1748125,1,50,1984,0,0,41,166038.00,149760,369,88,0,0
1748313,1,50,1989,0,0,41,166038.00,149760,369,88,0,0
1748439,1,50,2007,0,0,41,166038.00,149760,369,88,0,0
1748537,1,50,1967,0,0,41,166038.00,149760,369,88,0,0
1748630,1,50,2011,0,0,41,166038.00,149760,369,88,0,0
1748788,1,50,1952,0,0,41,166038.00,149760,369,88,0,0
1748914,1,49,1965,0,0,41,166038.00,149760,369,88,0,0
1749031,1,49,1952,0,0,41,166038.00,149760,369,88,0,0
1749140,1,49,1978,0,0,41,166038.00,149760,369,88,0,0
1749237,1,49,1967,0,0,41,166038.00,149760,369,88,0,0
1749375,1,49,1946,0,0,41,166038.00,149760,369,88,0,0
1749487,1,49,1934,0,0,41,166038.00,149760,369,88,0,0
1749613,1,48,1946,0,0,41,166038.00,149760,369,88,0,0
1749739,1,48,1946,0,0,41,166038.00,149760,369,88,0,0
1749875,1,48,1888,0,0,41,166038.00,149760,369,88,0,0
1749988,1,48,1888,0,0,41,166038.00,149760,369,88,0,0
1750093,1,48,1888,0,0,41,166038.00,149760,369,88,0,0
1750237,1,48,1888,0,0,41,166038.00,149760,369,88,0,0
1750340,1,47,1856,0,0,41,166038.00,149760,369,88,0,0
1750475,1,47,1856,0,0,41,166038.00,149760,369,88,0,0
1750593,1,47,1856,0,0,41,166038.00,149760,369,88,0,0
1750725,1,47,1856,0,0,41,166038.00,149760,369,88,0,0
1750840,1,46,1856,0,0,41,166038.00,149760,369,88,0,0
1750976,1,46,1824,0,0,41,166038.00,149760,369,88,0,0
1751093,1,46,1824,0,0,41,166038.00,149760,369,88,0,0
1751112,1,46,1824,0,0,41,166038.00,149760,369,88,0,0
1751325,1,46,1792,0,0,41,166038.00,149760,369,88,0,0
1751438,1,45,1792,0,0,41,166038.00,149760,369,88,0,0
1751537,1,45,1792,0,0,41,166038.00,149760,369,88,0,0
1751593,1,45,1792,0,0,41,166038.00,149760,369,88,0,0
1751787,1,45,1792,0,0,41,166038.00,149760,369,88,0,0
1751917,1,45,1792,0,0,41,166038.00,149760,369,88,0,0
1752037,1,45,1760,0,0,41,166038.00,149760,369,88,0,0
1752135,1,44,1760,0,0,41,166038.00,149760,369,88,0,0
1752237,1,44,1760,0,0,41,166038.00,149760,369,88,0,0
1752390,1,44,1760,0,0,41,166038.00,149760,369,88,0,0
1752487,1,44,1728,0,0,41,166038.00,149760,369,88,0,0
1752593,1,44,1728,0,0,41,166038.00,149760,369,88,0,0
1752725,1,44,1696,0,0,41,166038.00,149760,369,88,0,0
1752840,1,43,1728,0,0,41,166038.00,149760,369,88,0,0
1752975,1,43,1696,0,20,41,166038.00,149760,369,88,0,0
1753093,1,43,1696,0,28,41,166038.00,149760,369,88,0,0
1753198,1,42,1696,0,28,41,166038.00,149760,369,88,0,0
1753340,1,42,1664,0,60,41,166038.00,149760,369,88,0,0
1753438,1,41,1632,0,64,41,166038.00,149760,369,88,0,0
1753582,1,41,1600,0,66,41,166038.00,149760,369,88,0,0
1753725,1,40,1568,0,66,41,166038.00,149760,369,88,0,0
1753840,1,39,1536,0,58,41,166038.00,149760,369,88,0,0
1753937,1,39,1536,0,58,41,166038.00,149760,369,88,0,0
1754075,1,38,1504,0,56,41,166038.00,149760,369,88,0,0
1754113,1,38,1504,0,56,41,166038.00,149760,369,88,0,0
1754313,1,37,1472,0,56,41,166038.00,149760,369,88,0,0
1754439,1,37,1440,0,12,41,166038.00,149760,369,88,0,0
1754537,1,36,1440,0,4,41,166038.00,149760,369,88,0,0
1754593,1,36,1440,0,4,41,166038.00,149760,369,88,0,0
1754787,1,36,1408,0,0,41,166038.00,149760,369,88,0,0
1754887,1,36,1408,0,0,41,166038.00,149760,369,88,0,0
1755025,1,35,1408,0,0,41,166038.00,149760,369,88,0,0
1755093,1,35,1408,0,14,41,166038.00,149760,369,88,0,0
1755237,1,35,1376,0,20,41,166038.00,149760,369,88,0,0
1755375,1,35,1376,0,28,41,166038.00,149760,369,88,0,0
1755487,1,34,1344,0,34,41,166038.00,149760,369,88,0,0
1755593,1,34,1344,0,36,41,166038.00,149760,369,88,0,0
1755725,1,33,1312,0,36,41,166038.00,149760,369,88,0,0
1755840,1,33,1312,0,40,41,166038.00,149760,369,88,0,0
1755975,1,33,1280,0,38,41,166038.00,149760,369,88,0,0
1756076,1,32,1280,0,14,41,166038.00,149760,369,88,0,0
1756196,1,32,1280,0,14,41,166038.00,149760,369,88,0,0
1756340,1,32,1285,0,0,41,166038.00,149760,369,88,0,0
1756437,1,32,1258,0,0,41,166038.00,149760,369,88,0,0
1756580,1,32,1277,0,4,41,166038.00,149760,369,88,0,0
1756715,1,31,1277,0,4,41,166038.00,149760,369,88,0,0
1756840,1,31,1252,0,10,41,166038.00,149760,369,88,0,0
1756937,1,31,1219,0,10,41,166038.00,149760,369,88,0,0
1757075,1,31,1255,0,10,41,166038.00,149760,369,88,0,0
1757104,1,31,1255,0,10,41,166038.00,149760,369,88,0,0
1757313,1,30,1237,0,6,41,166038.00,149760,369,88,0,0
1757427,1,30,1204,0,6,41,166038.00,149760,369,88,0,0
1757537,1,30,1204,0,22,41,166038.00,149760,369,88,0,0
1757593,1,30,1204,0,22,41,166038.00,149760,369,88,0,0
1757787,1,30,1204,0,0,41,166039.02,149760,369,88,0,0
1757908,1,30,1204,0,0,41,166039.02,149760,369,88,0,0
1758025,1,29,1204,0,0,41,166039.02,149760,369,88,0,0
1758113,1,29,1171,0,0,41,166039.02,149760,369,88,0,0
1758237,1,29,1172,0,0,41,166039.02,149760,369,88,0,0
1758375,1,29,1171,0,0,41,166039.02,149760,369,88,0,0
1758487,1,29,1170,0,0,41,166039.02,149760,369,88,0,0
1758579,1,29,1170,0,0,41,166039.02,149760,369,88,0,0
1758715,1,29,1170,0,0,41,166039.02,149760,369,88,0,0
1758842,1,29,1137,0,0,41,166039.02,149760,369,88,0,0
1758975,1,29,1136,0,0,41,166039.02,149760,369,88,0,0
1759075,1,28,1135,0,0,41,166039.02,149760,369,88,0,0
1759095,1,28,1135,0,0,41,166039.02,149760,369,88,0,0
1759325,1,28,1134,0,0,41,166039.02,149760,369,88,0,0
1759438,1,28,1134,0,0,41,166039.02,149760,369,88,0,0
1759537,1,28,1133,0,0,41,166039.02,149760,369,88,0,0
1759625,1,28,1133,0,0,41,166039.02,149760,369,88,0,0
1759787,1,28,1101,0,0,41,166039.02,149760,369,88,0,0
1759913,1,27,1101,0,0,41,166039.02,149760,369,88,0,0
1760031,1,27,1100,0,0,41,166039.02,149760,369,88,0,0
1760094,1,27,1100,0,0,41,166039.02,149760,369,88,0,0
1760270,1,27,1100,0,0,41,166039.02,149760,369,88,0,0
1760375,1,27,1068,0,0,41,166039.02,149760,369,88,0,0
1760487,1,27,1068,0,0,41,166039.02,149760,369,88,0,0
1760594,1,27,1068,0,0,41,166039.02,149760,369,88,0,0
1760715,1,27,1068,0,0,41,166039.02,149760,369,88,0,0
1760841,1,27,1070,0,0,41,166039.02,149760,369,88,0,0
1760975,1,26,1070,0,0,41,166039.02,149760,369,88,0,0
1761075,1,26,1070,0,0,41,166039.02,149760,369,88,0,0
1761193,1,26,1070,0,0,41,166039.02,149760,369,88,0,0
1761340,1,26,1039,0,0,41,166039.02,149760,369,88,0,0
1761438,1,26,1072,0,0,41,166039.02,149760,369,88,0,0
1761575,1,26,1043,0,0,41,166039.02,149760,369,88,0,0
1761602,1,26,1043,0,0,41,166039.02,149760,369,88,0,0
1761813,1,26,1043,0,0,41,166039.02,149760,369,88,0,0
1761925,1,26,1045,0,0,41,166039.02,149760,369,88,0,0
1762037,1,25,1047,0,0,41,166039.02,149760,369,88,0,0
1762125,1,25,1049,0,0,41,166039.02,149760,369,88,0,0
1762244,1,25,1050,0,0,41,166039.02,149760,369,88,0,0
1762390,1,25,1021,0,0,41,166039.02,149760,369,88,0,0
1762513,1,25,993,0,0,41,166040.03,149760,369,88,0,0
1762629,1,25,997,0,0,41,166040.03,149760,369,88,0,0
1762748,1,25,1032,0,0,41,166040.03,149760,369,88,0,0
1762875,1,25,1041,0,0,41,166040.03,149760,369,88,0,0
1762987,1,25,1041,0,0,41,166040.03,149760,369,88,0,0
1763113,1,25,1069,0,0,41,166040.03,149760,369,88,0,0
1763225,1,25,1067,0,0,41,166040.03,149760,369,88,0,0
1763340,1,25,1035,0,0,41,166040.03,149760,369,88,0,0
1763487,1,25,1038,0,0,41,166040.03,149760,369,88,0,0
1763604,1,24,1110,0,0,41,166040.03,149760,369,88,0,0
1763737,1,24,1174,0,0,41,166040.03,149760,369,88,0,0
1763840,1,24,1180,0,0,41,166040.03,149760,369,88,0,0
1763975,1,24,1175,0,0,41,166040.03,149760,369,88,0,0
1764093,1,23,1173,0,0,41,166040.03,149760,369,88,0,0
1764191,1,23,1205,0,0,41,166040.03,149760,369,88,0,0
1764340,1,23,1235,0,0,41,166040.03,149760,369,88,0,0
1764438,1,22,1299,0,0,41,166040.03,149760,369,88,0,0
1764575,1,22,1364,0,0,41,166040.03,149760,369,88,0,0
1764623,1,22,1364,0,0,41,166040.03,149760,369,88,0,0
1764787,1,22,1625,0,0,41,166040.03,149760,369,88,0,0
1764913,1,21,1692,0,0,41,166040.03,149760,369,88,0,0
1765037,1,21,1569,0,0,41,166040.03,149760,369,88,0,0
1765093,1,21,1625,0,0,41,166040.03,149760,369,88,0,0
1765281,1,21,1568,0,0,41,166040.03,149760,369,88,0,0
1765390,1,21,1585,41,0,41,166040.03,149760,369,88,0,0
1765513,1,20,1568,46,0,41,166040.03,149760,369,88,0,0
1765621,1,21,1602,61,0,41,166040.03,149760,369,88,0,0
1765746,1,21,1633,61,0,41,166040.03,149760,369,88,0,0
1765840,1,21,1601,70,0,41,166041.05,149760,369,88,0,0
1765987,1,21,1623,79,0,41,166041.05,149760,369,88,0,0
1766093,1,21,1650,81,0,41,166041.05,149760,369,88,0,0
1766225,1,21,1632,81,0,41,166041.05,149760,369,88,0,0
1766340,1,22,1670,83,0,41,166041.05,149760,369,88,0,0
1766475,1,22,1714,84,0,41,166041.05,149760,369,88,0,0
1766575,1,22,1752,84,0,41,166041.05,149760,369,88,0,0
1766613,1,23,1752,84,0,41,166041.05,149760,369,88,0,0
1766825,1,24,1800,85,0,41,166042.09,149760,369,88,0,0
1766937,1,24,1806,85,0,41,166042.09,149760,369,88,0,0
1767037,1,24,1843,89,0,41,166042.09,149760,369,88,0,0
1767113,1,24,1847,89,0,41,166042.09,149760,369,88,0,0
1767292,1,24,1922,95,0,41,166042.09,149760,369,88,0,0
1767414,1,26,1939,96,0,41,166042.09,149760,369,88,0,0
1767531,1,26,2015,96,0,41,166043.09,149760,369,88,0,0
1767646,1,26,1995,98,0,41,166043.09,149760,369,88,0,0
1767737,1,26,2035,98,0,41,166043.09,149760,369,88,0,0
1767875,1,27,2113,100,0,41,166043.09,149760,369,88,0,0
1767987,1,28,2124,101,0,41,166043.09,149760,369,88,0,0
1768113,1,29,2158,103,0,41,166044.11,149760,369,88,0,0
1768240,1,29,2190,103,0,41,166044.11,149760,369,88,0,0
1768375,1,30,2287,103,0,41,166044.11,149760,369,88,0,0
1768487,1,30,2331,103,0,41,166044.11,149760,369,88,0,0
1768593,1,31,2367,103,0,41,166044.11,149760,369,88,0,0
1768737,1,31,2374,103,0,41,166045.17,149760,369,88,0,0
1768840,1,32,2446,104,0,41,166045.17,149760,369,88,0,0
1768975,1,32,2468,104,0,41,166045.17,149760,369,88,0,0
1769092,1,33,2513,104,0,41,166045.17,149760,369,88,0,0
1769225,1,34,2591,104,0,41,166046.23,149760,369,88,0,0
1769340,1,34,2605,104,0,41,166046.23,149760,369,88,0,0
1769475,1,35,2663,104,0,41,166046.23,149760,366,88,0,0
1769593,1,35,2706,102,0,41,166046.23,149760,366,88,0,0
1769637,1,36,2706,102,0,41,166047.30,149760,366,88,0,0
1769825,1,37,2788,90,0,41,166047.30,149760,366,88,0,0
1769937,1,37,2790,84,0,41,166047.30,149760,366,88,0,0
1770037,1,37,2845,81,0,41,166047.30,149760,366,88,0,0
1770125,1,38,2877,65,0,41,166048.39,149760,366,88,0,0
1770290,1,38,2783,0,0,41,166048.39,149760,366,88,0,0
1770418,1,38,2694,0,0,41,166048.39,149761,366,88,0,0
1770537,1,38,2442,0,0,41,166048.39,149761,366,88,0,0
1770644,1,38,2294,0,0,41,166048.39,149761,366,88,0,0
1770775,1,38,2059,0,0,41,166048.39,149761,366,88,0,0
1770887,1,38,1983,0,0,41,166048.39,149761,366,88,0,0
1770987,1,38,1832,0,0,41,166048.39,149761,366,88,0,0
1771113,1,38,1757,0,0,41,166048.39,149761,366,88,0,0
1771238,1,38,1672,0,0,41,166048.39,149761,366,88,0,0
1771375,1,37,2041,0,0,41,166048.39,149761,366,88,0,0
1771487,1,37,2009,20,0,41,166048.39,149761,366,88,0,0
1771592,1,37,1925,61,0,41,166048.39,149761,366,88,0,0
1771637,1,37,1925,61,0,41,166048.39,149761,366,88,0,0
1771840,1,37,2060,82,0,41,166049.39,149761,366,88,0,0
1771937,1,37,2003,87,0,41,166049.39,149761,366,88,0,0
1772075,1,37,1985,88,0,41,166049.39,149761,366,88,0,0
1772137,1,37,1985,89,0,41,166049.39,149761,366,88,0,0
1772314,1,37,2041,80,0,41,166049.39,149761,366,88,0,0
1772429,1,38,2046,70,0,41,166050.42,149761,366,88,0,0
1772537,1,38,2053,70,0,41,166050.42,149761,366,88,0,0
1772637,1,39,2065,70,0,41,166050.42,149761,366,88,0,0
1772750,1,39,2074,70,0,41,166050.42,149761,366,88,0,0
1772908,1,39,2068,63,0,41,166050.42,149761,366,88,0,0
1773025,1,39,2055,63,0,41,166050.42,149761,366,88,0,0
1773137,1,39,2083,63,0,41,166050.42,149761,366,88,0,0
1773263,1,39,2083,63,0,41,166051.45,149761,366,88,0,0
1773390,1,39,2085,62,0,41,166051.45,149761,366,88,0,0
1773513,1,39,2089,59,0,41,166051.45,149761,366,88,0,0
1773625,1,39,2089,46,0,41,166051.45,149761,366,88,0,0
1773749,1,39,2080,19,0,41,166051.45,149761,366,88,0,0
1773887,1,39,2099,0,0,41,166051.45,149761,366,88,0,0
1773987,1,39,2033,0,0,41,166051.45,149761,366,88,0,0
1774125,1,39,2083,0,0,41,166051.45,149761,366,88,0,0
1774237,1,39,2082,0,0,41,166051.45,149761,366,88,0,0
1774375,1,39,2052,0,0,41,166051.45,149761,366,88,0,0
1774487,1,39,2050,0,0,41,166051.45,149761,366,88,0,0
1774592,1,39,2050,0,8,41,166052.47,149761,366,88,0,0
1774622,1,39,2050,0,8,41,166052.47,149761,366,88,0,0
1774840,1,38,2020,0,12,41,166052.47,149761,366,88,0,0
1774937,1,38,1999,0,16,41,166052.47,149761,366,88,0,0
1775076,1,38,2011,0,18,41,166052.47,149761,366,88,0,0
1775125,1,37,1979,0,18,41,166052.47,149761,366,88,0,0
1775313,1,37,1967,0,22,41,166052.47,149761,366,88,0,0
1775438,1,36,1947,0,24,41,166052.47,149761,366,88,0,0
1775537,1,36,1950,0,26,41,166052.47,149761,366,88,0,0
1775657,1,36,1900,0,28,41,166052.47,149761,366,88,0,0
1775787,1,36,1913,0,28,41,166052.47,149761,366,88,0,0
1775887,1,35,1902,0,30,41,166052.47,149761,366,88,0,0
1776031,1,35,1852,0,34,41,166052.47,149761,366,88,0,0
1776137,1,34,1824,0,34,41,166052.47,149761,366,88,0,0
1776275,1,34,1792,0,34,41,166052.47,149761,366,88,0,0
1776389,1,34,1760,0,34,41,166052.47,149761,366,88,0,0
1776513,1,33,1760,0,36,41,166052.47,149761,366,88,0,0
1776637,1,33,1728,0,44,41,166052.47,149761,366,88,0,0
1776747,1,33,1728,0,44,41,166052.47,149761,366,88,0,0
1776887,1,32,1664,0,46,41,166052.47,149761,366,88,0,0
1777013,1,31,1632,0,48,41,166052.47,149761,366,88,0,0
1777125,1,30,1600,0,50,41,166052.47,149761,366,88,0,0
1777260,1,30,1600,0,52,41,166052.47,149761,366,88,0,0
1777376,1,29,1536,0,48,41,166052.47,149761,366,88,0,0
1777487,1,29,1536,0,36,41,166052.47,149761,366,88,0,0
1777613,1,28,1504,0,18,41,166052.47,149761,366,88,0,0
1777638,1,28,1504,0,12,41,166052.47,149761,366,88,0,0
1777839,1,28,1472,0,16,41,166052.47,149761,366,88,0,0
1777937,1,28,1472,0,16,41,166052.47,149761,366,88,0,0
1778137,1,27,1440,0,14,41,166052.47,149761,366,88,0,0
1778275,1,27,1440,0,14,41,166052.47,149761,366,88,0,0
1778389,1,27,1408,0,0,41,166052.47,149761,366,88,0,0
1778513,1,27,1408,0,0,41,166052.47,149761,366,88,0,0
1778625,1,26,1408,0,0,41,166052.47,149761,366,88,0,0
1778746,1,26,1408,0,0,41,166052.47,149761,366,88,0,0
1778887,1,26,1376,0,0,41,166052.47,149761,366,88,0,0
1778987,1,26,1376,0,0,41,166052.47,149761,366,88,0,0
1779125,1,25,1344,0,0,41,166052.47,149761,366,88,0,0
1779236,1,25,1344,0,0,41,166052.47,149761,366,88,0,0
1779375,1,25,1344,0,0,41,166052.47,149761,366,88,0,0
1779487,1,25,1312,0,0,41,166052.47,149761,366,88,0,0
1779613,1,25,1312,0,0,41,166052.47,149761,366,88,0,0
1779638,1,25,1312,0,0,41,166052.47,149761,366,88,0,0
1779839,1,24,1280,0,0,41,166052.47,149761,366,88,0,0
1779936,1,24,1280,0,10,41,166052.47,149761,366,88,0,0
1780075,1,24,1295,0,12,41,166052.47,149761,366,88,0,0
1780136,1,24,1263,0,16,41,166052.47,149761,366,88,0,0
1780313,1,23,1275,0,16,41,166052.47,149761,366,88,0,0
1780438,1,23,1223,0,44,41,166052.47,149761,366,88,0,0
1780536,1,23,1190,0,58,41,166052.47,149761,366,88,0,0
1780636,1,22,1127,0,64,41,166052.47,149761,366,88,0,0
1780786,1,22,990,0,64,41,166052.47,149761,366,88,0,0
1780913,1,20,917,0,98,41,166052.47,149761,366,88,0,0
1781031,1,20,1084,0,108,41,166052.47,149761,366,88,0,0
1781136,1,19,1081,0,118,41,166052.47,149761,366,88,0,0
1781258,1,19,1057,0,118,41,166052.47,149761,366,88,0,0
1781389,1,17,1115,0,118,41,166052.47,149761,366,88,0,0
1781513,1,16,1105,0,120,41,166052.47,149761,366,88,0,0
1781613,1,15,1070,0,118,41,166052.47,149761,366,88,0,0
1781642,1,15,1070,0,116,41,166052.47,149761,366,88,0,0
1781839,1,13,1073,0,92,41,166052.47,149761,366,88,0,0
1781975,1,13,1075,0,80,41,166052.47,149761,366,88,0,0
1782092,1,12,1075,0,66,41,166052.47,149761,366,88,0,0
1782194,1,12,1076,0,56,41,166052.47,149761,366,88,0,0
1782334,1,11,1076,0,56,41,166052.47,149761,366,88,0,0
1782438,1,11,1077,0,56,41,166052.47,149761,366,88,0,0
1782536,1,10,1077,0,58,41,166053.48,149761,366,88,0,0
1782688,1,10,1078,0,58,41,166053.48,149761,366,88,0,0
1782781,1,10,1077,0,58,41,166053.48,149761,366,88,0,0
1782925,1,8,1079,0,60,41,166053.48,149761,366,88,0,0
1783036,1,8,1079,0,0,41,166053.48,149761,366,88,0,0
1783136,1,8,1079,0,0,41,166053.48,149761,366,88,0,0
1783256,1,8,1079,0,0,41,166053.48,149761,366,88,0,0
1783409,1,8,1079,0,0,41,166053.48,149761,366,88,0,0
1783525,1,8,1078,0,0,41,166053.48,149761,366,88,0,0
1783640,1,8,1110,0,0,41,166053.48,149761,366,88,0,0
1783775,1,8,1140,0,0,41,166053.48,149761,366,88,0,0
1783887,1,8,1096,0,0,41,166053.48,149761,366,88,0,0
1784013,1,7,1091,0,0,41,166053.48,149761,366,88,0,0
1784136,1,7,1058,0,0,41,166053.48,149761,366,88,0,0
1784179,1,7,1061,0,0,41,166053.48,149761,366,88,0,0
1784339,1,6,1061,0,0,41,166053.48,149761,366,88,0,0
1784486,1,6,1005,0,0,41,166053.48,149761,366,88,0,0
1784592,1,7,1006,0,0,41,166053.48,149761,366,88,0,0
1784656,1,7,1006,0,0,41,166053.48,149761,366,88,0,0
1784839,1,6,981,0,0,41,166053.48,149761,366,88,0,0
1784936,1,7,1021,3,0,41,166053.48,149761,366,88,0,0
1785075,1,7,967,6,0,41,166053.48,149761,366,88,0,0
1785136,1,7,967,7,0,41,166053.48,149761,366,88,0,0
1785313,1,7,1043,11,0,41,166053.48,149761,366,88,0,0
1785438,1,7,1058,11,0,41,166054.48,149761,366,88,0,0
1785536,1,8,1028,18,0,41,166054.48,149761,366,88,0,0
1785656,1,8,1113,27,0,41,166054.48,149761,366,88,0,0
1785781,1,8,1141,60,0,41,166054.48,149761,366,88,0,0
1785908,1,8,1146,68,0,41,166054.48,149761,366,88,0,0
1786026,1,8,1230,71,0,41,166054.48,149761,366,88,0,0
1786136,1,8,1289,80,0,41,166054.48,149761,366,88,0,0
1786254,1,8,1318,80,0,41,166054.48,149761,366,88,0,0
1786389,1,9,1378,87,0,41,166054.48,149761,366,88,0,0
1786486,1,10,1482,90,0,41,166054.48,149761,366,88,0,0
1786613,1,11,1625,108,0,41,166054.48,149761,366,88,0,0
1786691,1,11,1679,115,0,41,166055.53,149761,366,88,0,0
1786839,1,12,1742,115,0,41,166055.53,149761,366,88,0,0
1786976,1,13,1911,115,0,41,166055.53,149761,366,88,0,0
1787092,1,13,2034,115,0,41,166055.53,149761,366,88,0,0
1787177,1,14,2163,115,0,41,166055.53,149761,366,88,0,0
1787330,1,16,2163,114,0,41,166055.53,149761,366,88,0,0
1787437,1,17,2413,109,0,41,166055.53,149761,366,88,0,0
1787536,1,18,2500,104,0,41,166056.62,149761,366,88,0,0
1787684,1,18,2667,103,0,41,166056.62,149761,366,88,0,0
1787781,1,18,2807,102,0,41,166056.62,149761,366,88,0,0
1787913,1,21,2882,92,0,41,166056.62,149761,366,88,0,0
1788036,1,21,3008,85,0,41,166057.70,149761,366,88,0,0
1788136,1,22,3091,73,0,41,166057.70,149761,366,88,0,0
1788253,1,22,3096,60,0,41,166057.70,149761,366,88,0,0
1788409,1,22,3037,0,0,41,166057.70,149761,366,88,0,0
1788513,1,22,2973,0,0,41,166058.73,149761,366,88,0,0
1788636,1,23,2700,0,0,41,166058.73,149761,366,88,0,0
1788660,1,23,2700,0,0,41,166058.73,149761,366,88,0,0
1788839,1,22,2368,0,0,41,166058.73,149761,366,88,0,0
1788986,1,22,2171,0,0,41,166058.73,149761,366,88,0,0
1789092,1,22,2036,0,0,41,166058.73,149761,366,88,0,0
1789156,1,22,2004,0,0,41,166058.73,149761,366,88,0,0
1789339,1,22,1900,0,0,41,166058.73,149761,366,88,0,0
1789437,1,22,1600,8,0,41,166058.73,149761,366,88,0,0
1789575,1,22,1730,20,0,41,166058.73,149761,366,88,0,0
1789676,1,22,1782,43,0,41,166058.73,149761,366,88,0,0
1789790,1,22,1782,51,0,41,166058.73,149761,366,88,0,0
1789936,1,23,1781,84,0,41,166058.73,149761,366,88,0,0
1790036,1,23,1775,87,0,41,166058.73,149761,366,88,0,0
1790156,1,23,1790,89,0,41,166058.73,149761,366,88,0,0
1790187,1,23,1807,91,0,41,166058.73,149761,366,88,0,0
1790389,1,24,1839,98,0,41,166059.80,149761,366,88,0,0
1790513,1,25,1916,99,0,41,166059.80,149761,366,88,0,0
1790636,1,25,1927,99,0,41,166059.80,149761,366,88,0,0
1790676,1,25,1975,99,0,41,166059.80,149761,366,88,0,0
1790876,1,26,2028,99,0,41,166059.80,149761,366,88,0,0
1790976,1,27,2062,97,0,41,166059.80,149761,366,88,0,0
1791092,1,27,2086,96,0,41,166060.89,149761,366,88,0,0
1791156,1,28,2118,96,0,41,166060.89,149761,366,88,0,0
1791339,1,29,2143,96,0,41,166060.89,149761,366,88,0,0
1791437,1,29,2229,96,0,41,166060.89,149761,366,88,0,0
1791576,1,29,2257,98,0,41,166060.89,149761,366,88,0,0
1791686,1,30,2322,102,0,41,166060.89,149761,366,88,0,0
1791789,1,30,2322,102,0,41,166061.98,149761,366,88,0,0
1791936,1,31,2396,105,0,41,166061.98,149761,366,88,0,0
1792036,1,32,2401,110,0,41,166061.98,149761,366,88,0,0
1792179,1,32,2445,115,0,41,166061.98,149761,366,88,0,0
1792316,1,33,2477,117,0,41,166061.98,149761,366,88,0,0
1792437,1,33,2528,119,0,41,166063.05,149761,366,88,0,0
1792536,1,34,2583,119,0,41,166063.05,149761,366,88,0,0
1792656,1,34,2635,120,0,41,166063.05,149761,366,88,0,0
1792789,1,35,2655,120,0,41,166063.05,149761,366,88,0,0
1792926,1,36,2731,107,0,41,166064.11,149761,366,88,0,0
1793036,1,37,2806,101,0,41,166064.11,149761,366,88,0,0
1793156,1,37,2805,99,0,41,166064.11,149761,366,88,0,0
1793286,1,37,2868,92,0,41,166065.17,149761,366,88,0,0
1793428,1,38,2881,86,0,41,166065.17,149761,366,88,0,0
1793536,1,39,2888,78,0,41,166065.17,149761,366,88,0,0
1793660,1,39,2930,66,0,41,166066.27,149761,366,88,0,0
1793678,1,39,2942,66,0,41,166066.27,149761,366,88,0,0
1793886,1,39,2793,0,0,41,166066.27,149761,366,88,0,0
1794011,1,39,2713,0,0,41,166066.27,149761,366,88,0,0
1794126,1,39,2400,0,0,41,166066.27,149761,366,88,0,0
1794176,1,39,2317,0,0,41,166066.27,149761,366,88,0,0
1794352,1,38,2142,0,0,41,166066.27,149761,366,88,0,0
1794486,1,38,1922,0,0,41,166066.27,149761,366,88,0,0
1794592,1,38,1810,0,0,41,166066.27,149761,366,88,0,0
1794686,1,38,1725,0,0,41,166066.27,149761,366,88,0,0
1794839,1,38,1661,0,0,41,166066.27,149761,366,88,0,0
1794936,1,38,1596,0,0,41,166066.27,149761,366,88,0,0
1795076,1,38,1652,0,0,41,166066.27,149761,366,88,0,0
1795186,1,38,1780,20,0,41,166066.27,149761,366,88,0,0
1795313,1,38,1876,20,0,41,166066.27,149761,366,88,0,0
1795437,1,37,2057,29,0,41,166066.27,149761,366,88,0,0
1795536,1,37,1953,29,0,41,166066.27,149761,366,88,0,0
1795678,1,37,2032,33,0,41,166066.27,149761,366,88,0,0
1795787,1,38,2000,54,0,41,166067.30,149761,366,88,0,0
1795936,1,38,2039,85,0,41,166067.30,149761,366,88,0,0
1796036,1,38,2019,87,0,41,166067.30,149761,366,88,0,0
1796156,1,38,2025,89,0,41,166067.30,149761,366,88,0,0
1796186,1,38,2065,89,0,41,166067.30,149761,366,88,0,0
1796389,1,39,2073,67,0,41,166067.30,149761,366,88,0,0
1796511,1,39,2060,66,0,41,166068.38,149761,366,88,0,0
1796636,1,39,2091,66,0,41,166068.38,149761,366,88,0,0
1796705,1,39,2107,66,0,41,166068.38,149761,366,88,0,0
1796878,1,39,2111,66,0,41,166068.38,149761,366,88,0,0
1796986,1,39,2108,40,0,41,166068.38,149761,366,88,0,0
1797111,1,40,2090,38,0,41,166068.38,149761,366,88,0,0
1797214,1,40,2101,35,0,41,166068.38,149761,366,88,0,0
1797350,1,40,2095,35,0,41,166068.38,149761,366,88,0,0
1797437,1,40,2091,31,0,41,166068.38,149761,366,88,0,0
1797576,1,39,2111,30,0,41,166069.42,149761,366,88,0,0
1797678,1,40,2105,29,0,41,166069.42,149761,366,88,0,0
1797786,1,39,2105,0,0,41,166069.42,149761,366,88,0,0
1797936,1,39,2044,0,0,41,166069.42,149761,366,88,0,0
1798036,1,39,2085,0,0,41,166069.42,149761,366,88,0,0
1798156,1,39,2080,0,0,41,166069.42,149761,366,88,0,0
1798185,1,39,2081,0,0,41,166069.42,149761,366,88,0,0
1798387,1,39,2049,0,0,41,166069.42,149761,366,88,0,0
1798511,1,39,2052,0,4,41,166069.42,149761,366,88,0,0
1798636,1,38,2039,0,20,41,166069.42,149761,366,88,0,0
1798686,1,38,2023,0,20,41,166069.42,149761,366,88,0,0
1798878,1,38,1995,0,30,41,166069.42,149761,366,88,0,0
1798990,1,38,1995,0,34,41,166069.42,149761,366,88,0,0
1799113,1,37,1952,0,34,41,166069.42,149761,366,88,0,0
1799216,1,36,1965,0,38,41,166069.42,149761,366,88,0,0
1799349,1,36,1915,0,58,41,166069.42,149761,366,88,0,0
1799437,1,36,1919,0,60,41,166069.42,149761,359,88,0,0
1799576,1,35,1854,0,64,41,166069.42,149761,359,88,0,0
1799703,1,34,1806,0,66,41,166069.42,149761,359,88,0,0
1799827,1,33,1806,0,66,41,166069.42,149761,359,88,0,0
1799936,1,33,1741,0,72,41,166069.42,149761,359,88,0,0
1800036,1,32,1723,0,72,41,166069.42,149761,359,88,0,0
1800178,1,31,1632,0,74,41,166069.42,149761,359,88,0,0
1800297,1,31,1632,0,74,41,166069.42,149761,359,88,0,0
1800438,1,29,1568,0,74,41,166069.42,149761,359,88,0,0
1800536,1,29,1536,0,74,41,166069.42,149761,359,88,0,0
1800656,1,28,1504,0,80,41,166069.42,149761,359,88,0,0
1800786,1,28,1472,0,80,41,166069.42,149761,359,88,0,0
1800926,1,26,1376,0,82,41,166069.42,149761,359,88,0,0
1801036,1,26,1248,0,82,41,166069.42,149761,359,88,0,0
1801156,1,25,1102,0,88,41,166069.42,149761,359,88,0,0
1801186,1,25,1112,0,88,41,166069.42,149761,359,88,0,0
1801387,1,24,1192,0,92,41,166069.42,149761,359,88,0,0
1801513,1,22,1207,0,98,41,166069.42,149761,359,88,0,0
1801636,1,22,1211,0,92,41,166069.42,149761,359,88,0,0
1801700,1,22,1177,0,92,41,166069.42,149761,359,88,0,0
1801878,1,20,1163,0,88,41,166070.42,149761,359,88,0,0
1801986,1,20,1132,0,88,41,166070.42,149761,359,88,0,0
1802113,1,19,1134,0,92,41,166070.42,149761,359,88,0,0
1802156,1,19,1134,0,92,41,166070.42,149761,359,88,0,0
1802339,1,19,1139,0,112,41,166070.42,149761,359,88,0,0
1802437,1,17,1107,0,122,41,166070.42,149761,359,88,0,0
1802578,1,16,1106,0,126,41,166070.42,149761,359,88,0,0
1802686,1,15,1107,0,130,41,166070.42,149761,359,88,0,0
1802825,1,13,1107,0,130,41,166070.42,149761,359,88,0,0
1802936,1,12,1107,0,132,41,166070.42,149761,359,88,0,0
1803036,1,11,1076,0,132,41,166070.42,149761,359,88,0,0
1803156,1,10,1076,0,130,41,166070.42,149761,359,88,0,0
1803295,1,10,1077,0,130,41,166070.42,149761,359,88,0,0
1803430,1,8,1078,0,120,41,166070.42,149761,359,88,0,0
1803536,1,7,1078,0,92,41,166070.42,149761,359,88,0,0
1803656,1,6,1077,0,92,41,166070.42,149761,359,88,0,0
1803786,1,6,1077,0,92,41,166070.42,149761,359,88,0,0
1803913,1,4,1077,0,82,41,166070.42,149761,359,88,0,0
1804036,1,4,1045,0,70,41,166070.42,149761,359,88,0,0
1804156,1,3,1045,0,68,41,166070.42,149761,359,88,0,0
1804186,1,3,1045,0,68,41,166070.42,149761,359,88,0,0
1804387,1,2,1012,0,64,41,166070.42,149761,359,88,0,0
1804513,1,0,1011,0,64,41,166070.42,149761,359,88,0,0
1804628,1,0,946,0,64,41,166070.42,149761,359,88,0,0
1804701,1,0,913,0,64,41,166071.44,149761,359,88,0,0
1804839,1,0,877,0,66,41,166071.44,149761,359,88,0,0
1804978,1,0,845,0,64,41,166071.44,149761,359,88,0,0
1805092,1,0,845,0,20,41,166071.44,149761,359,88,0,0
1805186,1,0,840,0,26,41,166071.44,149761,359,88,0,0
1805294,1,0,840,0,26,41,166071.44,149761,359,88,0,0
1805437,1,0,840,0,178,41,166071.44,149761,359,88,0,0
1805536,1,0,837,0,198,41,166071.44,149761,359,88,0,0
1805656,1,0,837,0,202,41,166071.44,149761,359,88,0,0
1805786,1,0,837,0,202,41,166071.44,149761,359,88,0,0
1805928,1,0,836,0,200,41,166071.44,149761,359,88,0,0
1806036,1,0,835,0,196,41,166071.44,149761,359,88,0,0
1806156,1,0,835,0,190,41,166071.44,149761,359,88,0,0
1806186,1,0,835,0,190,41,166071.44,149761,359,88,0,0
1806387,1,0,835,0,170,41,166071.44,149761,359,88,0,0
1806513,1,0,834,0,160,41,166071.44,149761,359,88,0,0
1806628,1,0,834,0,156,41,166071.44,149761,359,88,0,0
1806711,1,0,834,0,152,41,166071.44,149761,359,88,0,0
1806848,1,0,834,0,150,41,166071.44,149761,359,88,0,0
1806985,1,0,833,0,150,41,166071.44,149761,359,88,0,0
1807092,1,0,833,0,148,41,166071.44,149761,359,88,0,0
1807178,1,0,833,0,148,41,166071.44,149761,359,88,0,0
1807293,1,0,833,0,148,41,166071.44,149761,359,88,0,0
1807437,1,0,832,0,148,41,166071.44,149761,359,88,0,0
1807536,1,0,832,0,148,41,166071.44,149761,359,88,0,0
1807678,1,0,833,0,146,41,166071.44,149761,359,88,0,0
1807786,1,0,833,0,146,41,166071.44,149761,359,88,0,0
1807928,1,0,834,0,146,41,166071.44,149761,359,88,0,0
1808036,1,0,834,0,146,41,166071.44,149761,359,88,0,0
1808156,1,0,834,0,146,41,166071.44,149761,359,88,0,0
1808186,1,0,834,0,146,41,166072.44,149761,359,88,0,0
1808387,1,0,832,0,146,41,166072.44,149761,359,88,0,0
1808513,1,0,831,0,0,41,166072.44,149761,359,88,0,0
1808628,1,0,863,0,0,41,166072.44,149761,359,88,0,0
1808696,1,0,863,0,0,41,166072.44,149761,359,88,0,0
1808839,1,0,863,0,0,41,166072.44,149761,359,88,0,0
1808986,1,0,832,0,0,41,166072.44,149761,359,88,0,0
1809092,1,0,872,0,0,41,166072.44,149761,359,88,0,0
1809156,1,0,936,0,0,41,166072.44,149761,359,88,0,0
1809339,1,0,1440,16,0,41,166072.44,149761,359,88,0,0
1809437,1,0,1770,26,0,41,166072.44,149761,359,88,0,0
1809536,1,0,1945,30,0,41,166072.44,149761,359,88,0,0
1809686,1,0,1907,37,0,41,166072.44,149761,359,88,0,0
1809804,1,0,1875,37,0,41,166072.44,149761,359,88,0,0
1809911,1,2,1748,44,0,41,166073.53,149761,359,88,0,0
1810036,1,3,1662,47,0,41,166073.53,149761,359,88,0,0
1810156,1,4,1601,49,0,41,166073.53,149761,359,88,0,0
1810186,1,4,1611,50,0,41,166073.53,149761,359,88,0,0
1810386,1,6,1574,51,0,41,166073.53,149761,359,88,0,0
1810486,1,7,1579,52,0,41,166073.53,149761,359,88,0,0
1810611,1,9,1580,52,0,41,166074.61,149761,359,88,0,0
1810696,1,9,1581,52,0,41,166074.61,149761,359,88,0,0
1810839,1,11,1580,52,0,41,166074.61,149761,359,88,0,0
1810936,1,11,1612,52,0,41,166074.61,149761,359,88,0,0
1811091,1,12,1777,56,0,41,166074.61,149761,359,88,0,0
1811186,1,13,1852,57,0,41,166075.67,149761,359,88,0,0
1811290,1,13,1884,57,0,41,166075.67,149761,359,88,0,0
1811437,1,14,2006,58,0,41,166075.67,149761,359,88,0,0
1811536,1,14,2057,60,0,41,166075.67,149761,359,88,0,0
1811656,1,15,2098,74,0,41,166075.67,149761,359,88,0,0
1811786,1,15,2196,80,0,41,166075.67,149761,359,88,0,0
1811928,1,16,2294,81,0,41,166076.70,149761,359,88,0,0
1812036,1,16,2343,84,0,41,166076.70,149761,359,88,0,0
1812156,1,17,2400,84,0,41,166076.70,149761,359,88,0,0
1812180,1,17,2456,84,0,41,166076.70,149761,359,88,0,0
1812386,1,18,2537,57,0,41,166076.70,149761,359,88,0,0
1812511,1,18,2539,46,0,41,166076.70,149761,359,88,0,0
1812611,1,18,2579,39,0,41,166077.73,149761,359,88,0,0
1812695,1,18,2600,39,0,41,166077.73,149761,359,88,0,0
1812838,1,18,2646,39,0,41,166077.73,149761,359,88,0,0
1812978,1,18,2639,39,0,41,166077.73,149761,359,88,0,0
1813091,1,19,2645,38,0,41,166077.73,149761,359,88,0,0
1813156,1,19,2645,38,0,41,166077.73,149761,359,88,0,0
1813289,1,19,2680,38,0,41,166077.73,149761,359,88,0,0
1813437,1,19,2681,38,0,41,166077.73,149761,359,88,0,0
1813535,1,19,2707,33,0,41,166077.73,149761,359,88,0,0
1813656,1,19,2675,23,0,41,166078.75,149761,359,88,0,0
1813786,1,19,2637,15,0,41,166078.75,149761,359,88,0,0
1813928,1,19,2612,25,0,41,166078.75,149761,359,88,0,0
1814036,1,19,2673,33,0,41,166078.75,149761,359,88,0,0
1814156,1,19,2724,37,0,41,166078.75,149761,359,89,0,0
1814178,1,19,2733,37,0,41,166078.75,149761,359,89,0,0
1814386,1,19,2650,39,0,41,166078.75,149761,359,89,0,0
1814511,1,19,2649,47,0,41,166078.75,149761,359,89,0,0
1814628,1,19,2778,56,0,41,166078.75,149761,359,89,0,0
1814685,1,19,2815,61,0,41,166078.75,149761,359,89,0,0
1814843,1,19,2724,61,0,41,166079.78,149761,359,89,0,0
1814980,1,20,2787,62,0,41,166079.78,149761,359,89,0,0
1815091,1,20,2859,71,0,41,166079.78,149761,359,89,0,0
1815185,1,20,2906,79,0,41,166079.78,149761,359,89,0,0
1815288,1,20,2938,79,0,41,166079.78,149761,359,89,0,0
1815437,1,21,3045,88,0,41,166079.78,149761,359,89,0,0
1815536,1,22,3130,89,0,41,166080.86,149761,359,89,0,0
1815678,1,22,3230,89,0,41,166080.86,149761,359,89,0,0
1815686,1,22,3230,89,0,41,166080.86,149761,359,89,0,0
1815911,1,24,3369,74,0,41,166080.86,149761,359,89,0,0
1816028,1,24,3337,39,0,41,166081.91,149761,359,89,0,0
1816136,1,24,3271,12,0,41,166081.91,149761,359,89,0,0
1816178,1,24,3221,12,0,41,166081.91,149761,359,89,0,0
1816378,1,24,2923,0,0,41,166081.91,149761,359,89,0,0
1816486,1,24,2771,0,0,41,166081.91,149761,359,89,0,0
1816610,1,24,2596,0,0,41,166081.91,149761,359,89,0,0
1816720,1,24,2477,0,0,41,166081.91,149761,359,89,0,0
1816842,1,24,2335,0,0,41,166081.91,149761,359,89,0,0
1816936,1,24,2269,0,0,41,166081.91,149761,359,89,0,0
1817091,1,24,2004,18,0,41,166081.91,149761,359,89,0,0
1817178,1,24,1883,18,0,41,166081.91,149761,359,89,0,0
1817288,1,24,1883,42,0,41,166081.91,149761,359,89,0,0
1817437,1,24,1919,61,0,41,166081.91,149761,359,89,0,0
1817535,1,25,1875,64,0,41,166082.92,149761,359,89,0,0
1817678,1,25,1903,66,0,41,166082.92,149761,359,89,0,0
1817811,1,25,1903,67,0,41,166082.92,149761,359,89,0,0
1817935,1,26,1958,78,0,41,166082.92,149761,359,89,0,0
1818037,1,26,2000,92,0,41,166082.92,149761,359,89,0,0
1818156,1,26,2023,106,0,41,166082.92,149761,359,89,0,0
1818185,1,26,2039,111,0,41,166082.92,149761,359,89,0,0
1818408,1,27,2103,114,0,41,166083.97,149761,359,89,0,0
1818511,1,28,2125,114,0,41,166083.97,149761,359,89,0,0
1818636,1,29,2184,114,0,41,166083.97,149761,359,89,0,0
1818685,1,29,2233,115,0,41,166083.97,149761,359,89,0,0
1818878,1,30,2275,115,0,41,166085.02,149761,359,89,0,0
1818985,1,30,2311,116,0,41,166085.02,149761,359,89,0,0
1819110,1,31,2383,116,0,41,166085.02,149761,359,89,0,0
1819185,1,31,2402,116,0,41,166085.02,149761,359,89,0,0
1819311,1,32,2402,116,0,41,166085.02,149761,359,89,0,0
1819437,1,33,2520,116,0,41,166086.06,149761,359,89,0,0
1819591,1,34,2573,116,0,41,166086.06,149761,359,89,0,0
1819685,1,34,2655,116,0,41,166086.06,149761,359,89,0,0
1819811,1,35,2655,116,0,41,166087.20,149761,359,89,0,0
1819935,1,36,2739,116,0,41,166087.20,149761,359,89,0,0
1820037,1,36,2782,116,0,41,166087.20,149761,359,89,0,0
1820178,1,37,2826,116,0,41,166088.28,149761,359,89,0,0
1820287,1,37,2826,116,0,41,166088.28,149761,359,89,0,0
1820437,1,39,2937,116,0,41,166088.28,149761,359,89,0,0
1820537,1,39,2983,116,0,41,166088.28,149761,359,89,0,0
1820677,1,40,3065,116,0,41,166089.42,149761,359,89,0,0
1820811,1,41,3065,116,0,41,166089.42,149761,359,89,0,0
1820985,1,41,3167,110,0,41,166090.47,149761,359,89,0,0
1821091,1,42,3207,109,0,41,166090.47,149761,359,89,0,0
1821202,1,42,3244,106,0,41,166090.47,149761,359,89,0,0
1821338,1,43,3315,104,0,41,166091.56,149761,359,89,0,0
1821437,1,44,3340,99,0,41,166091.56,149761,359,89,0,0
1821578,1,44,3352,88,0,41,166091.56,149761,359,89,0,0
1821685,1,44,3295,18,0,41,166092.62,149761,359,89,0,0
1821828,1,44,3232,18,0,41,166092.62,149761,359,89,0,0
1821935,1,44,3068,0,0,41,166092.62,149761,359,89,0,0
1822037,1,44,2866,0,0,41,166092.62,149761,359,89,0,0
1822185,1,44,2594,0,0,41,166092.62,149761,359,89,0,0
1822311,1,44,2530,0,0,41,166092.62,149761,359,89,0,0
1822437,1,44,2276,0,0,41,166092.62,149761,359,89,0,0
1822537,1,44,2198,0,0,41,166092.62,149761,359,89,0,0
1822678,1,44,2173,4,0,41,166092.62,149761,359,89,0,0
1822811,1,44,2237,17,0,41,166092.62,149761,359,89,0,0
1822935,1,44,2333,23,0,41,166092.62,149761,359,89,0,0
1823037,1,43,2318,25,0,41,166092.62,149761,359,89,0,0
1823155,1,43,2330,32,0,41,166092.62,149761,359,89,0,0
1823287,1,43,2310,69,0,41,166092.62,149761,359,89,0,0
1823429,1,44,2339,76,0,41,166093.62,149761,359,89,0,0
1823537,1,44,2341,83,0,41,166093.62,149761,359,89,0,0
1823655,1,44,2351,87,0,41,166093.62,149761,359,89,0,0
1823689,1,44,2350,90,0,41,166093.62,149761,359,89,0,0
1823905,1,44,2368,96,0,41,166093.62,149761,359,89,0,0
1824013,1,45,2373,98,0,41,166094.67,149761,359,89,0,0
1824135,1,46,2422,99,0,41,166094.67,149761,359,89,0,0
1824185,1,46,2460,103,0,41,166094.67,149761,359,89,0,0
1824377,1,47,2475,103,0,41,166094.67,149761,359,89,0,0
1824485,1,46,2478,106,0,41,166095.78,149761,359,89,0,0
1824610,1,47,2515,106,0,41,166095.78,149761,359,89,0,0
1824713,1,48,2522,107,0,41,166095.78,149761,359,89,0,0
1824838,1,48,2532,107,0,41,166095.78,149761,359,89,0,0
1824935,1,48,2570,107,0,41,166096.84,149761,359,89,0,0
1825078,1,49,2617,107,0,41,166096.84,149761,359,89,0,0
1825185,1,49,2653,107,0,41,166096.84,149761,359,89,0,0
1825311,1,50,2653,107,0,41,166096.84,149761,359,89,0,0
1825437,1,50,2682,107,0,41,166097.95,149761,359,89,0,0
1825537,1,50,2658,107,0,41,166097.95,149761,359,89,0,0
1825685,1,51,2736,107,0,41,166097.95,149761,359,89,0,0
1825794,1,51,2704,107,0,41,166097.95,149761,359,89,0,0
1825935,1,52,2774,107,0,41,166099.09,149761,359,89,0,0
1826036,1,52,2778,107,0,41,166099.09,149761,359,89,0,0
1826178,1,52,2784,107,0,41,166100.12,149761,359,89,0,0
1826184,1,52,2784,105,0,41,166100.12,149761,359,89,0,0
1826411,1,53,2817,80,0,41,166100.12,149761,359,89,0,0
1826528,1,53,2843,66,0,41,166100.12,149761,359,89,0,0
1826636,1,53,2875,63,0,41,166101.23,149761,359,89,0,0
1826678,1,53,2836,63,0,41,166101.23,149761,359,89,0,0
1826878,1,54,2852,63,0,41,166101.23,149761,359,89,0,0
1826985,1,54,2861,44,0,41,166101.23,149761,359,89,0,0
1827110,1,54,2826,31,0,41,166101.23,149761,359,89,0,0
1827155,1,54,2826,31,0,41,166101.23,149761,359,89,0,0
1827338,1,54,2790,4,0,41,166101.23,149761,359,89,0,0
1827437,1,53,2860,0,0,41,166101.23,149761,359,89,0,0
1827591,1,54,2817,0,0,41,166101.23,149761,359,89,0,0
1827686,1,53,2816,1,0,41,166101.23,149761,359,89,0,0
1827792,1,53,2816,1,0,41,166101.23,149761,359,89,0,0
1827935,1,53,2784,1,0,41,166102.25,149761,359,89,0,0
1828037,1,53,2784,1,0,41,166102.25,149761,359,89,0,0
1828178,1,53,2814,2,0,41,166102.25,149761,359,89,0,0
1828213,1,53,2814,11,0,41,166102.25,149761,359,89,0,0
1828416,1,53,2815,26,0,41,166102.25,149761,359,89,0,0
1828537,1,53,2803,29,0,41,166102.25,149761,359,89,0,0
1828635,1,53,2839,33,0,41,166102.25,149761,359,89,0,0
1828678,1,53,2833,33,0,41,166102.25,149761,359,89,0,0
1828887,1,52,2786,42,0,41,166102.25,149761,359,89,0,0
1828997,1,52,2772,46,0,41,166102.25,149761,359,89,0,0
1829110,1,53,2812,47,0,41,166102.25,149761,359,89,0,0
1829185,1,53,2791,51,0,41,166102.25,149761,359,89,0,0
1829355,1,53,2803,51,0,41,166103.31,149761,359,89,0,0
1829485,1,52,2785,58,0,41,166103.31,149761,350,89,0,0
1829610,1,53,2785,71,0,41,166103.31,149761,350,89,0,0
1829685,1,53,2828,80,0,41,166103.31,149761,350,89,0,0
1829838,1,53,2842,80,0,41,166103.31,149761,350,89,0,0
1829935,1,53,2835,90,0,41,166103.31,149761,350,89,0,0
1830078,1,54,2862,93,0,41,166104.39,149761,350,89,0,0
1830185,1,54,2905,99,0,41,166104.39,149761,350,89,0,0
1830311,1,55,2905,99,0,41,166104.39,149761,350,89,0,0
1830436,1,55,2913,99,0,41,166104.39,149761,350,89,0,0
1830535,1,55,2950,99,0,41,166105.44,149761,350,89,0,0
1830685,1,56,2971,82,0,41,166105.44,149761,350,89,0,0
1830790,1,56,2971,82,0,41,166105.44,149761,350,89,0,0
1830935,1,56,2973,48,0,41,166106.50,149761,350,89,0,0
1831035,1,56,2893,0,0,41,166106.50,149761,350,89,0,0
1831178,1,56,2743,0,0,41,166106.50,149761,350,89,0,0
1831185,1,56,2743,0,0,41,166106.50,149761,350,89,0,0
1831416,1,56,2373,0,0,41,166106.50,149761,350,89,0,0
1831529,1,55,2146,0,0,41,166106.50,149761,350,89,0,0
1831635,1,56,2020,0,0,41,166106.50,149761,350,89,0,0
1831685,1,56,1993,0,0,41,166106.50,149761,350,89,0,0
1831887,1,55,2120,7,0,41,166106.50,149761,350,89,0,0
1831995,1,55,2247,18,0,41,166106.50,149761,350,89,0,0
1832110,1,55,2195,29,0,41,166106.50,149761,350,89,0,0
1832185,1,55,2203,46,0,41,166106.50,149761,350,89,0,0
1832354,1,55,2207,46,0,41,166106.50,149761,350,89,0,0
1832436,1,55,2220,84,0,41,166106.50,149761,350,89,0,0
1832591,1,55,2178,99,0,41,166106.50,149761,350,89,0,0
1832685,1,55,2219,100,0,41,166107.59,149761,350,89,0,0
1832832,1,56,2215,100,0,41,166107.59,149761,350,89,0,0
1832935,1,56,2240,103,0,41,166107.59,149761,350,89,0,0
1833035,1,56,2253,103,0,41,166107.59,149761,350,89,0,0
1833178,1,56,2250,104,0,41,166108.62,149761,350,89,0,0
1833186,1,56,2250,105,0,41,166108.62,149761,350,89,0,0
1833416,1,57,2278,106,0,41,166108.62,149761,350,89,0,0
1833528,1,57,2276,106,0,41,166108.62,149761,350,89,0,0
1833635,1,58,2316,101,0,41,166109.70,149761,350,89,0,0
1833685,1,58,2321,99,0,41,166109.70,149761,350,89,0,0
1833887,1,58,2313,97,0,41,166109.70,149761,350,89,0,0
1833985,1,58,2306,96,0,41,166109.70,149761,350,89,0,0
1834110,1,59,2365,95,0,41,166109.70,149761,350,89,0,0
1834178,1,59,2357,95,0,41,166110.77,149761,350,89,0,0
1834352,1,59,2381,95,0,41,166110.77,149761,350,89,0,0
1834478,1,59,2397,86,0,41,166110.77,149761,350,89,0,0
1834591,1,60,2385,86,0,41,166110.77,149761,350,89,0,0
1834713,1,60,2369,83,0,41,166110.77,149761,350,89,0,0
1834828,1,60,2382,83,0,41,166111.83,149761,350,89,0,0
1834935,1,60,2398,76,0,41,166111.83,149761,350,89,0,0
1835091,1,60,2411,76,0,41,166111.83,149761,350,89,0,0
1835185,1,60,2415,76,0,41,166111.83,149761,350,89,0,0
1835311,1,61,2415,76,0,41,166111.83,149761,350,89,0,0
1835436,1,61,2427,76,0,41,166112.86,149761,350,89,0,0
1835535,1,61,2401,76,0,41,166112.86,149761,350,89,0,0
1835685,1,61,2446,76,0,41,166112.86,149761,350,89,0,0
1835787,1,61,2446,76,0,41,166112.86,149761,350,89,0,0
1835935,1,61,2452,76,0,41,166112.86,149761,350,89,0,0
1836035,1,62,2455,76,0,41,166112.86,149761,350,89,0,0
1836178,1,62,2456,76,0,41,166113.94,149761,350,89,0,0
1836185,1,62,2456,76,0,41,166113.94,149761,350,89,0,0
1836411,1,62,2489,78,0,41,166113.94,149761,350,89,0,0
1836528,1,62,2490,80,0,41,166113.94,149761,350,89,0,0
1836635,1,62,2492,84,0,41,166113.94,149761,350,89,0,0
1836685,1,62,2470,87,0,41,166114.95,149761,350,89,0,0
1836879,1,63,2467,87,0,41,166114.95,149761,350,89,0,0
1836985,1,63,2513,93,0,41,166114.95,149761,350,89,0,0
1837110,1,63,2522,94,0,41,166114.95,149761,350,89,0,0
1837223,1,63,2532,96,0,41,166114.95,149761,350,89,0,0
1837338,1,63,2540,96,0,41,166116.00,149761,350,89,0,0
1837436,1,64,2545,98,0,41,166116.00,149761,350,89,0,0
1837591,1,64,2555,97,0,41,166116.00,149761,350,89,0,0
1837687,1,64,2560,94,0,41,166116.00,149761,350,89,0,0
1837812,1,64,2560,94,0,41,166117.03,149761,350,89,0,0
1837935,1,65,2560,93,0,41,166117.03,149761,350,89,0,0
1838035,1,65,2583,93,0,41,166117.03,149761,350,89,0,0
1838187,1,65,2611,93,0,41,166117.03,149761,350,89,0,0
1838328,1,65,2616,93,0,41,166118.06,149761,350,89,0,0
1838436,1,66,2613,93,0,41,166118.06,149761,350,89,0,0
1838535,1,66,2653,96,0,41,166118.06,149761,350,89,0,0
1838687,1,66,2628,101,0,41,166118.06,149761,350,89,0,0
1838712,1,66,2628,101,0,41,166118.06,149761,350,89,0,0
1838910,1,67,2678,102,0,41,166119.11,149761,350,89,0,0
1839042,1,67,2670,95,0,41,166119.11,149761,350,89,0,0
1839155,1,67,2684,78,0,41,166119.11,149761,350,89,0,0
1839212,1,67,2675,45,0,41,166120.12,149761,350,89,0,0
1839387,1,67,2680,0,0,41,166120.12,149761,350,89,0,0
1839510,1,67,2607,0,0,41,166120.12,149761,350,89,0,0
1839628,1,67,2335,0,0,41,166120.12,149761,350,89,0,0
1839727,1,67,2272,0,0,41,166120.12,149761,350,89,0,0
1839853,1,67,2048,0,0,41,166120.12,149761,350,89,0,0
1839985,1,67,1908,0,0,41,166120.12,149761,350,89,0,0
1840090,1,67,1812,11,0,41,166120.12,149761,350,89,0,0
1840187,1,66,1815,30,0,41,166120.12,149761,350,89,0,0
1840310,1,66,1911,30,0,41,166120.12,149761,350,89,0,0
1840436,1,66,2096,38,0,41,166120.12,149761,350,89,0,0
1840578,1,66,2095,44,0,41,166120.12,149761,350,89,0,0
1840687,1,66,2125,75,0,41,166120.12,149761,350,89,0,0
1840810,1,66,2125,75,0,41,166120.12,149761,350,89,0,0
1840935,1,66,2128,107,0,41,166121.19,149761,350,89,0,0
1841035,1,67,2117,110,0,41,166121.19,149761,350,89,0,0
1841187,1,67,2165,120,0,41,166121.19,149761,350,89,0,0
1841187,1,67,2165,120,0,41,166121.19,149761,350,89,0,0
1841416,1,67,2166,122,0,41,166121.19,149761,350,89,0,0
1841535,1,68,2154,122,0,41,166122.27,149761,350,89,0,0
1841655,1,68,2180,122,0,41,166122.27,149761,350,89,0,0
1841728,1,68,2166,123,0,41,166122.27,149761,350,89,0,0
1841888,1,68,2179,123,0,41,166123.34,149761,350,89,0,0
1842010,1,69,2180,121,0,41,166123.34,149761,350,89,0,0
1842128,1,69,2213,117,0,41,166123.34,149761,350,89,0,0
1842187,1,69,2216,116,0,41,166123.34,149761,350,89,0,0
1842347,1,69,2220,116,0,41,166124.48,149761,350,89,0,0
1842485,1,70,2221,116,0,41,166124.48,149761,350,89,0,0
1842590,1,70,2213,115,0,41,166124.48,149761,350,89,0,0
1842687,1,70,2240,115,0,41,166125.48,149761,350,89,0,0
1842810,1,70,2240,115,0,41,166125.48,149761,350,89,0,0
1842935,1,71,2249,114,0,41,166125.48,149761,350,89,0,0
1843079,1,71,2276,114,0,41,166125.48,149761,350,89,0,0
1843187,1,71,2274,114,0,41,166126.56,149761,350,89,0,0
1843238,1,71,2274,114,0,41,166126.56,149761,350,89,0,0
1843430,1,72,2301,114,0,41,166126.56,149761,350,89,0,0
1843535,1,72,2335,114,0,41,166127.62,149761,350,89,0,0
1843655,1,72,2334,114,0,41,166127.62,149761,350,89,0,0
1843687,1,72,2335,112,0,41,166127.62,149761,350,89,0,0
1843885,1,72,2305,101,0,41,166127.62,149761,350,89,0,0
1844010,1,73,2334,93,0,41,166128.69,149761,350,89,0,0
1844129,1,73,2345,88,0,41,166128.69,149761,350,89,0,0
1844187,1,73,2344,86,0,41,166128.69,149761,350,89,0,0
1844372,1,73,2366,86,0,41,166128.69,149761,350,89,0,0
1844485,1,73,2337,83,0,41,166129.72,149761,350,89,0,0
1844587,1,73,2357,79,0,41,166129.72,149761,350,89,0,0
1844688,1,73,2347,74,0,41,166129.72,149761,350,89,0,0
1844810,1,73,2347,74,0,41,166129.72,149761,350,89,0,0
1844935,1,74,2339,72,0,41,166129.72,149761,350,89,0,0
1845079,1,74,2352,71,0,41,166129.72,149761,350,89,0,0
1845187,1,74,2353,70,0,41,166130.78,149761,350,89,0,0
1845213,1,74,2353,70,0,41,166130.78,149761,350,89,0,0
1845429,1,74,2357,68,0,41,166130.78,149761,350,89,0,0
1845535,1,74,2380,67,0,41,166130.78,149761,350,89,0,0
1845655,1,74,2377,66,0,41,166130.78,149761,350,89,0,0
1845724,1,74,2379,65,0,41,166130.78,149761,350,89,0,0
1845887,1,74,2393,64,0,41,166130.78,149761,350,89,0,0
1846010,1,74,2385,64,0,41,166131.80,149761,350,89,0,0
1846135,1,74,2384,64,0,41,166131.80,149761,350,89,0,0
1846187,1,74,2393,64,0,41,166131.80,149761,350,89,0,0
1846345,1,74,2366,64,0,41,166131.80,149761,350,89,0,0
1846487,1,74,2360,64,0,41,166131.80,149761,350,89,0,0
1846610,1,74,2398,64,0,41,166131.80,149761,350,89,0,0
1846727,1,74,2370,64,0,41,166131.80,149761,350,89,0,0
1846810,1,74,2370,64,0,41,166131.80,149761,350,89,0,0
1846935,1,74,2329,5,0,41,166132.83,149761,350,89,0,0
1847080,1,74,2353,0,0,41,166132.83,149761,350,89,0,0
1847187,1,74,2349,0,0,41,166132.83,149761,350,89,0,0
1847319,1,74,2349,0,0,41,166132.83,149761,350,89,0,0
1847436,1,74,2388,0,0,41,166132.83,149761,350,89,0,0
1847535,1,74,2358,0,0,41,166132.83,149761,350,89,0,0
1847655,1,74,2358,0,0,41,166132.83,149761,350,89,0,0
1847694,1,74,2327,0,0,41,166132.83,149761,350,89,0,0
1847905,1,73,2355,0,0,41,166132.83,149761,350,89,0,0
1848010,1,73,2355,0,0,41,166132.83,149761,350,89,0,0
1848135,1,73,2323,0,0,41,166132.83,149761,350,89,0,0
1848184,1,73,2339,0,0,41,166132.83,149761,350,89,0,0
1848369,1,73,2353,0,0,41,166132.83,149761,350,89,0,0
1848488,1,73,2319,0,0,41,166132.83,149761,350,89,0,0
1848610,1,73,2331,0,0,41,166132.83,149761,350,89,0,0
1848713,1,72,2331,0,0,41,166132.83,149761,350,89,0,0
1848838,1,72,2331,0,0,41,166132.83,149761,350,89,0,0
1848935,1,72,2300,0,0,41,166132.83,149761,350,89,0,0
1849088,1,72,2331,0,0,41,166132.83,149761,350,89,0,0
1849187,1,72,2335,0,0,41,166132.83,149761,350,89,0,0
1849329,1,72,2299,0,0,41,166132.83,149761,350,89,0,0
1849436,1,71,2272,0,0,41,166132.83,149761,350,89,0,0
1849535,1,71,2272,0,0,41,166132.83,149761,350,89,0,0
1849688,1,71,2272,0,0,41,166132.83,149761,350,89,0,0
1849810,1,71,2240,0,0,41,166132.83,149761,350,89,0,0
1849935,1,71,2240,0,0,41,166132.83,149761,350,89,0,0
1850035,1,70,2240,0,0,41,166132.83,149761,350,89,0,0
1850180,1,70,2240,0,0,41,166132.83,149761,350,89,0,0
1850192,1,70,2240,0,0,41,166132.83,149761,350,89,0,0
1850416,1,70,2240,0,0,41,166132.83,149761,350,89,0,0
1850535,1,70,2208,0,0,41,166132.83,149761,350,89,0,0
1850635,1,70,2208,0,0,41,166132.83,149761,350,89,0,0
1850722,1,69,2208,0,0,41,166132.83,149761,350,89,0,0
1850891,1,69,2208,0,0,41,166132.83,149761,350,89,0,0
1850987,1,69,2208,0,0,41,166132.83,149761,350,89,0,0
1851110,1,69,2208,0,0,41,166132.83,149761,350,89,0,0
1851230,1,69,2176,0,0,41,166132.83,149761,350,89,0,0
1851330,1,69,2176,0,0,41,166132.83,149761,350,89,0,0
1851435,1,68,2176,0,0,41,166132.83,149761,350,89,0,0
1851587,1,68,2176,0,0,41,166132.83,149761,350,88,0,0
1851700,1,68,2176,0,0,41,166132.83,149761,350,88,0,0
1851835,1,68,2176,0,0,41,166132.83,149761,350,88,0,0
1851935,1,68,2144,0,0,41,166132.83,149761,350,88,0,0
1852080,1,68,2144,0,0,41,166132.83,149761,350,88,0,0
1852188,1,67,2144,0,0,41,166132.83,149761,350,88,0,0
1852216,1,67,2144,0,0,41,166132.83,149761,350,88,0,0
1852435,1,67,2144,0,0,41,166132.83,149761,350,88,0,0
1852535,1,67,2144,0,0,41,166132.83,149761,350,88,0,0
1852655,1,67,2144,0,0,41,166132.83,149761,350,88,0,0
1852714,1,67,2112,0,0,41,166132.83,149761,350,88,0,0
1852888,1,67,2112,0,0,41,166132.83,149761,350,88,0,0
1853010,1,66,2112,0,0,41,166132.83,149761,350,88,0,0
1853135,1,66,2112,0,0,41,166132.83,149761,350,88,0,0
1853191,1,66,2112,0,0,41,166132.83,149761,350,88,0,0
1853366,1,66,2112,0,0,41,166132.83,149761,350,88,0,0
1853488,1,66,2080,0,0,41,166132.83,149761,350,88,0,0
1853588,1,66,2080,0,0,41,166132.83,149761,350,88,0,0
1853714,1,65,2080,0,0,41,166132.83,149761,350,88,0,0
1853835,1,65,2080,0,0,41,166132.83,149761,350,88,0,0
1853982,1,65,2080,0,0,41,166132.83,149761,350,88,0,0
1854091,1,65,2080,0,0,41,166132.83,149761,350,88,0,0
1854191,1,65,2080,0,0,41,166132.83,149761,350,88,0,0
1854329,1,65,2048,0,0,41,166132.83,149761,350,88,0,0
1854435,1,64,2048,0,0,41,166132.83,149761,350,88,0,0
1854588,1,64,2048,0,0,41,166132.83,149761,350,88,0,0
1854688,1,64,2048,0,0,41,166132.83,149761,350,88,0,0
1854735,1,64,2048,0,0,41,166132.83,149761,350,88,0,0
1854935,1,64,2016,0,0,41,166132.83,149761,350,88,0,0
1855035,1,64,2016,0,0,41,166132.83,149761,350,88,0,0
1855154,1,63,2016,0,0,41,166132.83,149761,350,88,0,0
1855188,1,63,2016,0,0,41,166132.83,149761,350,88,0,0
1855410,1,63,2016,0,0,41,166132.83,149761,350,88,0,0
1855524,1,63,2016,0,0,41,166132.83,149761,350,88,0,0
1855635,1,63,2016,0,0,41,166132.83,149761,350,88,0,0
1855735,1,63,1984,0,0,41,166132.83,149761,350,88,0,0
1855852,1,63,1984,0,0,41,166132.83,149761,350,88,0,0
1855991,1,63,1984,0,0,41,166132.83,149761,350,88,0,0
1856110,1,62,1984,0,0,41,166132.83,149761,350,88,0,0
1856214,1,62,1984,0,0,41,166132.83,149761,350,88,0,0
1856339,1,62,1984,0,0,41,166132.83,149761,350,88,0,0
1856482,1,62,1952,0,0,41,166132.83,149761,350,88,0,0
1856588,1,62,1952,0,0,41,166132.83,149761,350,88,0,0
1856714,1,61,1952,0,0,41,166132.83,149761,350,88,0,0
1856835,1,61,1952,0,0,41,166132.83,149761,350,88,0,0
1856982,1,61,1952,0,0,41,166132.83,149761,350,87,0,0
1857091,1,61,1952,0,0,41,166132.83,149761,350,87,0,0
1857191,1,61,1920,0,0,41,166132.83,149761,350,87,0,0
1857313,1,61,1920,0,0,41,166132.83,149761,350,87,0,0
1857436,1,60,1920,0,0,41,166132.83,149761,350,87,0,0
1857582,1,60,1938,12,0,41,166132.83,149761,350,87,0,0
1857691,1,60,1935,34,0,41,166133.84,149761,350,87,0,0
1857735,1,60,1967,34,0,41,166133.84,149761,350,87,0,0
1857935,1,60,1924,39,0,41,166133.84,149761,350,87,0,0
1858035,1,60,1945,42,0,41,166133.84,149761,350,87,0,0
1858154,1,60,1933,45,0,41,166133.84,149761,350,87,0,0
1858191,1,60,1935,47,0,41,166133.84,149761,350,87,0,0
1858405,1,60,1928,49,0,41,166133.84,149761,350,87,0,0
1858510,1,60,1934,50,0,41,166133.84,149761,350,87,0,0
1858635,1,60,1939,50,0,41,166133.84,149761,350,87,0,0
1858713,1,60,1939,50,0,41,166133.84,149761,350,87,0,0
1858835,1,60,1941,50,0,41,166133.84,149761,350,87,0,0
1858991,1,60,1941,59,0,41,166134.86,149761,350,87,0,0
1859110,1,60,1950,63,0,41,166134.86,149761,350,87,0,0
1859214,1,60,1931,68,0,41,166134.86,149761,350,87,0,0
1859337,1,60,1931,68,0,41,166134.86,149761,350,87,0,0
1859482,1,60,1945,68,0,41,166134.86,149761,347,87,0,0
1859590,1,60,1933,68,0,41,166134.86,149761,347,87,0,0
1859714,1,61,1935,69,0,41,166134.86,149761,347,87,0,0
1859835,1,61,1934,69,0,41,166135.91,149761,347,87,0,0
1859935,1,61,1932,60,0,41,166135.91,149761,347,87,0,0
1860090,1,61,1934,58,0,41,166135.91,149761,347,87,0,0
1860191,1,61,1929,52,0,41,166135.91,149761,347,87,0,0
1860311,1,61,1929,52,0,41,166135.91,149761,347,87,0,0
1860436,1,61,1930,52,0,41,166135.91,149762,347,87,0,0
1860582,1,61,1966,52,0,41,166135.91,149762,347,87,0,0
1860690,1,61,1970,52,0,41,166135.91,149762,347,87,0,0
1860748,1,61,1970,52,0,41,166135.91,149762,347,87,0,0
1860935,1,61,1975,52,0,41,166136.91,149762,347,87,0,0
1861035,1,61,1978,52,0,41,166136.91,149762,347,87,0,0
1861154,1,61,1979,53,0,41,166136.91,149762,347,87,0,0
1861232,1,61,1978,57,0,41,166136.91,149762,347,87,0,0
1861404,1,61,1981,68,0,41,166136.91,149762,347,87,0,0
1861524,1,61,1978,70,0,41,166136.91,149762,347,87,0,0
1861635,1,61,1956,71,0,41,166136.91,149762,347,87,0,0
1861735,1,61,1965,72,0,41,166136.91,149762,347,87,0,0
1861848,1,61,1971,72,0,41,166136.91,149762,347,87,0,0
1861990,1,62,1957,74,0,41,166137.95,149762,347,87,0,0
1862110,1,62,1960,74,0,41,166137.95,149762,347,87,0,0
1862190,1,62,1960,74,0,41,166137.95,149762,347,87,0,0
1862310,1,62,1992,74,0,41,166137.95,149762,347,87,0,0
1862436,1,62,1990,71,0,41,166137.95,149762,347,87,0,0
1862582,1,62,2015,70,0,41,166137.95,149762,347,87,0,0
1862691,1,62,2012,70,0,41,166138.95,149762,347,87,0,0
1862720,1,62,2012,70,0,41,166138.95,149762,347,87,0,0
1862935,1,63,2009,70,0,41,166138.95,149762,347,87,0,0
1863035,1,63,2009,70,0,41,166138.95,149762,347,87,0,0
1863154,1,63,2009,70,0,41,166138.95,149762,347,87,0,0
1863214,1,63,2009,70,0,41,166138.95,149762,347,87,0,0
1863410,1,63,2033,70,0,41,166138.95,149762,347,87,0,0
1863524,1,63,2031,70,0,41,166138.95,149762,347,87,0,0
1863693,1,63,2039,70,0,41,166139.97,149762,347,87,0,0
1863835,1,63,2042,70,0,41,166139.97,149762,347,87,0,0
1863935,1,63,2045,70,0,41,166139.97,149762,347,87,0,0
1864035,1,63,2047,70,0,41,166139.97,149762,347,87,0,0
1864190,1,64,2017,70,0,41,166139.97,149762,347,87,0,0
1864215,1,64,2017,70,0,41,166139.97,149762,347,87,0,0
1864415,1,64,2050,70,0,41,166139.97,149762,347,87,0,0
1864535,1,64,2017,70,0,41,166141.02,149762,347,87,0,0
1864654,1,64,2018,70,0,41,166141.02,149762,347,87,0,0
1864739,1,64,2050,70,0,41,166141.02,149762,347,87,0,0
1864893,1,64,2048,67,0,41,166141.02,149762,347,87,0,0
1865009,1,64,2076,67,0,41,166141.02,149762,347,87,0,0
1865132,1,64,2064,67,0,41,166141.02,149762,347,87,0,0
1865212,1,64,2053,65,0,41,166142.06,149762,347,87,0,0
1865335,1,64,2053,65,0,41,166142.06,149762,347,87,0,0
1865482,1,64,2049,57,0,41,166142.06,149762,347,87,0,0
1865590,1,64,2059,57,0,41,166142.06,149762,347,86,0,0
1865714,1,64,2079,57,0,41,166142.06,149762,347,86,0,0
1865734,1,64,2079,57,0,41,166142.06,149762,347,86,0,0
1865935,1,65,2048,58,0,41,166142.06,149762,347,86,0,0
1866035,1,65,2052,58,0,41,166142.06,149762,347,86,0,0
1866190,1,65,2059,45,0,41,166142.06,149762,347,86,0,0
1866212,1,65,2059,45,0,41,166142.06,149762,347,86,0,0
1866415,1,65,2052,42,0,41,166143.11,149762,347,86,0,0
1866535,1,65,2068,41,0,41,166143.11,149762,347,86,0,0
1866654,1,65,2063,31,0,41,166143.11,149762,347,86,0,0
1866736,1,65,2063,20,0,41,166143.11,149762,347,86,0,0
1866904,1,65,2076,0,0,41,166143.11,149762,347,86,0,0
1867010,1,64,2054,0,0,41,166143.11,149762,347,86,0,0
1867135,1,64,2017,0,0,41,166143.11,149762,347,86,0,0
1867214,1,64,2049,0,0,41,166143.11,149762,347,86,0,0
1867335,1,64,2049,0,0,41,166143.11,149762,347,86,0,0
1867490,1,64,2054,0,0,41,166143.11,149762,347,86,0,0
1867610,1,64,2054,0,0,41,166143.11,149762,347,86,0,0
1867714,1,64,2022,0,0,41,166143.11,149762,347,86,0,0
1867835,1,64,2022,0,0,41,166143.11,149762,347,86,0,0
1867935,1,64,2054,0,0,41,166143.11,149762,347,86,0,0
1868090,1,64,2034,0,0,41,166144.11,149762,347,86,0,0
1868190,1,64,2016,0,0,41,166144.11,149762,347,86,0,0
1868232,1,63,2016,0,0,41,166144.11,149762,347,86,0,0
1868436,1,63,2039,0,0,41,166144.11,149762,347,86,0,0
1868535,1,63,2029,0,0,41,166144.11,149762,347,86,0,0
1868654,1,63,1984,0,0,41,166144.11,149762,347,86,0,0
1868735,1,63,2011,0,0,41,166144.11,149762,347,86,0,0
1868910,1,63,2011,0,0,41,166144.11,149762,347,86,0,0
1869035,1,62,1984,0,0,41,166144.11,149762,347,86,0,0
1869154,1,62,1997,0,0,41,166144.11,149762,347,86,0,0
1869247,1,62,2011,0,0,41,166144.11,149762,347,86,0,0
1869393,1,62,1984,0,0,41,166144.11,149762,347,86,0,0
1869510,1,62,1984,0,0,41,166144.11,149762,347,86,0,0
1869609,1,62,1952,0,0,41,166144.11,149762,347,86,0,0
1869733,1,62,1952,0,0,41,166144.11,149762,347,86,0,0
1869860,1,62,1952,0,0,41,166144.11,149762,347,86,0,0
1869935,1,61,1952,0,0,41,166144.11,149762,347,86,0,0
1870090,1,61,1952,0,0,41,166144.11,149762,347,86,0,0
1870214,1,61,1952,0,0,41,166144.11,149762,347,86,0,0
1870335,1,61,1920,0,0,41,166144.11,149762,347,86,0,0
1870437,1,61,1920,0,0,41,166144.11,149762,347,86,0,0
1870590,1,61,1920,0,6,41,166144.11,149762,347,86,0,0
1870712,1,60,1920,0,14,41,166144.11,149762,347,86,0,0
1870832,1,60,1920,0,18,40,166144.11,149762,347,86,0,0
1870935,1,60,1920,0,24,40,166144.11,149762,347,86,0,0
1871082,1,60,1888,0,30,40,166144.11,149762,347,86,0,0
1871190,1,60,1888,0,32,40,166144.11,149762,347,86,0,0
1871247,1,59,1888,0,34,40,166144.11,149762,347,86,0,0
1871435,1,58,1856,0,50,40,166144.11,149762,347,86,0,0
1871535,1,58,1856,0,56,40,166144.11,149762,347,86,0,0
1871654,1,58,1824,0,58,40,166144.11,149762,347,86,0,0
1871733,1,57,1824,0,58,40,166144.11,149762,347,86,0,0
1871910,1,56,1792,0,64,40,166144.11,149762,347,86,0,0
1872024,1,56,1792,0,64,40,166144.11,149762,347,86,0,0
1872135,1,56,1760,0,66,40,166144.11,149762,347,86,0,0
1872190,1,56,1728,0,66,40,166144.11,149762,347,86,0,0
1872384,1,55,1728,0,68,40,166144.11,149762,347,86,0,0
1872490,1,54,1696,0,68,40,166144.11,149762,347,86,0,0
1872609,1,53,1696,0,70,40,166144.11,149762,347,86,0,0
1872733,1,52,1664,0,70,40,166144.11,149762,347,86,0,0
1872815,1,52,1664,0,82,40,166144.11,149762,347,86,0,0
1872935,1,51,1600,0,98,40,166144.11,149762,347,86,0,0
1873090,1,50,1376,0,102,40,166144.11,149762,347,85,0,0
1873190,1,50,1361,0,114,40,166144.11,149762,347,85,0,0
1873235,1,49,1393,0,120,40,166144.11,149762,347,85,0,0
1873436,1,47,1284,0,120,40,166144.11,149762,347,85,0,0
1873535,1,47,1291,0,120,40,166144.11,149762,347,85,0,0
1873654,1,46,1249,0,120,40,166144.11,149762,347,85,0,0
1873735,1,45,1247,0,118,40,166144.11,149762,347,85,0,0
1873910,1,44,1214,0,118,40,166144.11,149762,347,85,0,0
1874032,1,43,1183,0,110,40,166144.11,149762,347,85,0,0
1874135,1,42,1181,0,96,40,166144.11,149762,347,85,0,0
1874212,1,42,1181,0,96,40,166144.11,149762,347,85,0,0
1874392,1,42,1182,0,80,40,166144.11,149762,347,85,0,0
1874509,1,40,1181,0,80,40,166144.11,149762,347,85,0,0
1874609,1,39,1245,0,82,40,166144.11,149762,347,85,0,0
1874735,1,39,1367,0,78,40,166144.11,149762,347,85,0,0
1874840,1,39,1431,0,78,40,166144.11,149762,347,85,0,0
1874993,1,37,1595,0,78,40,166144.11,149762,347,85,0,0
1875109,1,36,1693,0,82,40,166144.11,149762,347,85,0,0
1875190,1,36,1729,0,80,40,166144.11,149762,347,85,0,0
1875335,1,35,1836,0,80,40,166144.11,149762,347,85,0,0
1875436,1,34,1834,0,80,40,166144.11,149762,347,85,0,0
1875590,1,33,1856,0,80,40,166144.11,149762,347,85,0,0
1875690,1,32,1856,0,80,40,166144.11,149762,347,85,0,0
1875814,1,32,1856,0,76,40,166144.11,149762,347,85,0,0
1875935,1,30,1888,0,72,40,166144.11,149762,347,85,0,0
1876082,1,29,1920,0,70,40,166144.11,149762,347,85,0,0
1876190,1,29,1952,0,66,40,166144.11,149762,347,85,0,0
1876234,1,28,1952,0,60,40,166144.11,149762,347,85,0,0
1876435,1,28,1984,0,0,40,166144.11,149762,347,85,0,0
1876535,1,27,2016,0,0,40,166144.11,149762,347,85,0,0
1876654,1,27,2016,0,0,40,166144.11,149762,347,85,0,0
1876732,1,27,2016,0,0,40,166144.11,149762,347,85,0,0
1876910,1,26,1984,0,0,40,166144.11,149762,347,85,0,0
1877032,1,26,1984,0,0,40,166144.11,149762,347,85,0,0
1877135,1,26,1952,0,0,40,166144.11,149762,347,85,0,0
1877212,1,26,1952,0,0,40,166144.11,149762,347,85,0,0
1877384,1,26,1920,0,0,40,166144.11,149762,347,85,0,0
1877490,1,25,1920,0,0,40,166144.11,149762,347,85,0,0
1877611,1,25,1888,0,0,40,166144.11,149762,347,85,0,0
1877713,1,25,1856,0,0,40,166144.11,149762,347,85,0,0
1877838,1,25,1856,0,0,40,166144.11,149762,347,85,0,0
1877982,1,24,1824,0,0,40,166144.11,149762,347,85,0,0
1878090,1,24,1824,0,0,40,166144.11,149762,347,85,0,0
1878213,1,24,1792,3,0,40,166144.11,149762,347,85,0,0
1878334,1,24,1792,3,0,40,166144.11,149762,347,85,0,0
1878482,1,23,1785,5,0,40,166144.11,149762,347,85,0,0
1878590,1,23,1775,5,0,40,166144.11,149762,347,85,0,0
1878713,1,23,1769,5,0,40,166144.11,149762,347,85,0,0
1878735,1,23,1769,5,0,40,166144.11,149762,347,85,0,0
1878934,1,23,1785,6,0,40,166145.11,149762,347,85,0,0
1879034,1,23,1784,6,0,40,166145.11,149762,347,85,0,0
1879182,1,23,1752,6,0,40,166145.11,149762,347,85,0,0
1879213,1,23,1752,13,0,40,166145.11,149762,347,85,0,0
1879415,1,23,1760,13,0,40,166145.11,149762,347,85,0,0
1879534,1,23,1800,15,0,40,166145.11,149762,347,85,0,0
1879654,1,23,1739,25,0,40,166145.11,149762,347,85,0,0
1879736,1,23,1743,28,0,40,166145.11,149762,347,85,0,0
1879892,1,23,1739,34,0,40,166145.11,149762,347,85,0,0
1879992,1,23,1778,34,0,40,166145.11,149762,347,85,0,0
1880109,1,23,1785,34,0,40,166145.11,149762,347,85,0,0
1880213,1,23,1786,34,0,40,166145.11,149762,347,85,0,0
1880334,1,23,1785,34,0,40,166145.11,149762,347,85,0,0
1880483,1,23,1781,34,0,40,166145.11,149762,347,85,0,0
1880590,1,23,1812,34,0,40,166145.11,149762,347,85,0,0
1880713,1,23,1784,35,0,40,166145.11,149762,347,85,0,0
1880836,1,23,1817,35,0,40,166146.14,149762,347,85,0,0
1880935,1,24,1821,43,0,40,166146.14,149762,347,85,0,0
1881034,1,24,1824,45,0,40,166146.14,149762,347,85,0,0
1881190,1,24,1846,58,0,40,166146.14,149762,347,85,0,0
1881214,1,24,1846,58,0,40,166146.14,149762,347,85,0,0
1881415,1,24,1859,70,0,40,166146.14,149762,347,85,0,0
1881534,1,25,1915,74,0,40,166146.14,149762,347,84,0,0
1881654,1,25,1927,78,0,40,166146.14,149762,347,84,0,0
1881713,1,25,1938,82,0,40,166146.14,149762,347,84,0,0
1881904,1,25,2010,83,0,40,166146.14,149762,347,84,0,0
1882015,1,26,1993,83,0,40,166147.20,149762,347,84,0,0
1882135,1,27,2034,83,0,40,166147.20,149762,347,84,0,0
1882246,1,27,2075,83,0,40,166147.20,149762,347,84,0,0
1882348,1,27,2111,83,0,40,166147.20,149762,347,84,0,0
1882490,1,28,2164,77,0,40,166147.20,149762,347,84,0,0
1882609,1,28,2162,74,0,40,166148.20,149762,347,84,0,0
1882690,1,28,2202,74,0,40,166148.20,149762,347,84,0,0
1882748,1,29,2202,74,0,40,166148.20,149762,347,84,0,0
1882934,1,29,2237,72,0,40,166148.20,149762,347,84,0,0
1883081,1,30,2285,68,0,40,166148.20,149762,347,84,0,0
1883190,1,30,2289,60,0,40,166148.20,149762,347,84,0,0
1883234,1,30,2289,60,0,40,166148.20,149762,347,84,0,0
1883436,1,30,2313,47,0,40,166149.23,149762,347,84,0,0
1883534,1,30,2314,39,0,40,166149.23,149762,347,84,0,0
1883654,1,30,2320,19,0,40,166149.23,149762,347,84,0,0
1883752,1,30,2289,0,0,40,166149.23,149762,347,84,0,0
1883909,1,31,2204,0,0,40,166149.23,149762,347,84,0,0
1884009,1,30,2046,0,0,40,166149.23,149762,347,84,0,0
1884134,1,30,1825,0,0,40,166149.23,149762,347,84,0,0
1884232,1,30,1708,0,0,40,166149.23,149762,347,84,0,0
1884347,1,30,1679,0,0,40,166149.23,149762,347,84,0,0
1884509,1,30,1598,0,0,40,166149.23,149762,347,84,0,0
1884609,1,30,1529,0,0,40,166149.23,149762,347,84,0,0
1884731,1,30,1458,0,0,40,166149.23,149762,347,84,0,0
1884834,1,30,1421,0,0,40,166149.23,149762,347,84,0,0
1884990,1,30,1352,0,0,40,166149.23,149762,347,84,0,0
1885090,1,30,1317,0,0,40,166149.23,149762,347,84,0,0
1885213,1,30,1316,0,0,40,166149.23,149762,347,84,0,0
1885334,1,30,1444,0,0,40,166149.23,149762,347,84,0,0
1885435,1,29,1540,0,0,40,166149.23,149762,347,84,0,0
1885590,1,29,1538,0,0,40,166149.23,149762,347,84,0,0
1885713,1,29,1540,0,0,40,166149.23,149762,347,84,0,0
1885834,1,29,1542,0,0,40,166150.23,149762,347,84,0,0
1885934,1,29,1543,0,0,40,166150.23,149762,347,84,0,0
1886034,1,29,1510,0,0,40,166150.23,149762,347,84,0,0
1886190,1,28,1509,0,0,40,166150.23,149762,347,84,0,0
1886213,1,28,1509,0,0,40,166150.23,149762,347,84,0,0
1886415,1,28,1508,0,0,40,166150.23,149762,347,84,0,0
1886534,1,28,1508,0,0,40,166150.23,149762,347,84,0,0
1886654,1,28,1476,0,14,40,166150.23,149762,347,84,0,0
1886734,1,28,1476,0,14,40,166150.23,149762,347,84,0,0
1886901,1,28,1476,0,14,40,166150.23,149762,347,84,0,0
1887009,1,27,1475,0,12,40,166150.23,149762,347,84,0,0
1887134,1,27,1443,0,32,40,166150.23,149762,347,84,0,0
1887234,1,27,1410,0,50,40,166150.23,149762,347,84,0,0
1887345,1,27,1410,0,50,40,166150.23,149762,347,84,0,0
1887490,1,26,1344,0,66,40,166150.23,149762,347,84,0,0
1887609,1,25,1343,0,66,40,166150.23,149762,347,84,0,0
1887713,1,25,1342,0,64,40,166150.23,149762,347,84,0,0
1887835,1,25,1342,0,30,40,166150.23,149762,347,84,0,0
1887934,1,24,1308,0,30,40,166150.23,149762,347,84,0,0
1888090,1,24,1275,0,30,40,166150.23,149762,347,84,0,0
1888213,1,23,1273,0,34,40,166150.23,149762,347,84,0,0
1888334,1,23,1240,0,48,40,166150.23,149762,347,84,0,0
1888436,1,22,1207,0,48,40,166150.23,149762,347,84,0,0
1888590,1,22,1171,0,46,40,166150.23,149762,347,84,0,0
1888690,1,22,1139,0,46,40,166150.23,149762,347,84,0,0
1888715,1,21,1139,0,46,40,166150.23,149762,347,84,0,0
1888934,1,21,1106,0,12,40,166150.23,149762,347,84,0,0
1889035,1,21,1103,0,0,40,166150.23,149762,347,84,0,0
1889153,1,20,1103,0,0,40,166150.23,149762,347,84,0,0
1889213,1,20,1103,0,0,40,166150.23,149762,347,84,0,0
1889415,1,20,1101,27,0,40,166150.23,149762,344,84,0,0
1889534,1,20,1069,45,0,40,166150.23,149762,344,84,0,0
1889653,1,20,1075,62,0,40,166150.23,149762,344,84,0,0
1889750,1,20,1113,77,0,40,166150.23,149762,344,84,0,0
1889884,1,20,1135,77,0,40,166151.25,149762,344,84,0,0
1889990,1,20,1085,104,0,40,166151.25,149762,344,84,0,0
1890109,1,20,1089,116,0,40,166151.25,149762,344,84,0,0
1890235,1,21,1130,120,0,40,166151.25,149762,344,84,0,0
1890343,1,21,1151,125,0,40,166151.25,149762,344,84,0,0
1890490,1,21,1171,132,0,40,166151.25,149762,344,84,0,0
1890609,1,22,1172,133,0,40,166151.25,149762,344,84,0,0
1890713,1,22,1204,135,0,40,166151.25,149762,344,84,0,0
1890834,1,22,1210,135,0,40,166151.25,149762,344,84,0,0
1890935,1,23,1247,142,0,40,166152.27,149762,344,84,0,0
1891090,1,23,1258,152,0,40,166152.27,149762,344,84,0,0
1891190,1,23,1266,154,0,40,166152.27,149762,344,84,0,0
1891235,1,24,1298,154,0,40,166152.27,149762,344,84,0,0
1891435,1,24,1321,154,0,40,166152.27,149762,344,85,0,0
1891534,1,25,1360,154,0,40,166152.27,149762,344,85,0,0
1891682,1,25,1346,155,0,40,166153.31,149762,344,85,0,0
1891713,1,26,1346,155,0,40,166153.31,149762,344,85,0,0
1891909,1,27,1430,155,0,40,166153.31,149762,344,85,0,0
1892035,1,27,1439,155,0,40,166153.31,149762,344,85,0,0
1892153,1,27,1473,155,0,40,166153.31,149762,344,85,0,0
1892238,1,28,1481,155,0,40,166153.31,149762,344,85,0,0
1892392,1,28,1532,155,0,40,166154.34,149762,344,85,0,0
1892509,1,29,1542,154,0,40,166154.34,149762,344,85,0,0
1892609,1,30,1583,154,0,40,166154.34,149762,344,85,0,0
1892713,1,30,1601,153,0,40,166154.34,149762,344,85,0,0
1892835,1,30,1651,153,0,40,166154.34,149762,344,85,0,0
1892983,1,31,1679,149,0,40,166155.45,149762,344,85,0,0
1893091,1,32,1719,144,0,40,166155.45,149762,344,85,0,0
1893213,1,33,1758,141,0,40,166155.45,149762,344,85,0,0
1893235,1,33,1758,141,0,40,166155.45,149762,344,85,0,0
1893436,1,34,1803,134,0,40,166156.50,149762,344,85,0,0
1893535,1,34,1838,128,0,40,166156.50,149762,344,85,0,0
1893682,1,35,1869,119,0,40,166156.50,149762,344,85,0,0
1893747,1,35,1869,99,0,40,166156.50,149762,344,85,0,0
1893909,1,36,1897,78,0,40,166157.56,149762,344,85,0,0
1894035,1,36,1889,61,0,40,166157.56,149762,344,85,0,0
1894153,1,36,1914,22,0,40,166157.56,149762,344,85,0,0
1894213,1,36,1905,0,0,40,166157.56,149762,344,85,0,0
1894392,1,36,1917,0,0,40,166157.56,149762,344,85,0,0
1894509,1,36,1873,0,0,40,166157.56,149762,344,85,0,0
1894632,1,36,1936,0,0,40,166157.56,149762,344,85,0,0
1894743,1,36,1937,0,0,40,166157.56,149762,344,85,0,0
1894835,1,36,1909,0,0,40,166157.56,149762,344,85,0,0
1894983,1,36,1911,0,6,40,166157.56,149762,344,85,0,0
1895090,1,36,1910,0,16,40,166157.56,149762,344,85,0,0
1895213,1,35,1860,0,14,40,166157.56,149762,344,85,0,0
1895340,1,35,1860,0,22,40,166157.56,149762,344,85,0,0
1895483,1,35,1837,0,32,40,166157.56,149762,344,85,0,0
1895590,1,34,1819,0,32,40,166157.56,149762,344,85,0,0
1895713,1,34,1805,0,32,40,166157.56,149762,344,85,0,0
1895835,1,34,1787,0,2,40,166157.56,149762,344,86,0,0
1895935,1,33,1772,0,0,40,166157.56,149762,344,86,0,0
1896091,1,33,1740,0,0,40,166157.56,149762,344,86,0,0
1896213,1,33,1754,0,0,40,166157.56,149762,344,86,0,0
1896234,1,33,1754,0,0,40,166157.56,149762,344,86,0,0
1896436,1,32,1721,0,0,40,166157.56,149762,344,86,0,0
1896535,1,32,1696,0,0,40,166157.56,149762,344,86,0,0
1896682,1,32,1664,0,0,40,166157.56,149762,344,86,0,0
1896742,1,31,1664,0,0,40,166157.56,149762,344,86,0,0
1896909,1,31,1632,0,0,40,166157.56,149762,344,86,0,0
1897035,1,31,1632,0,0,40,166157.56,149762,344,86,0,0
1897153,1,31,1600,0,0,40,166157.56,149762,344,86,0,0
1897213,1,30,1600,0,0,40,166157.56,149762,344,86,0,0
1897392,1,30,1600,0,0,40,166157.56,149762,344,86,0,0
1897509,1,30,1568,0,0,40,166157.56,149762,344,86,0,0
1897609,1,30,1568,0,2,40,166157.56,149762,344,86,0,0
1897743,1,29,1568,0,2,40,166157.56,149762,344,86,0,0
1897835,1,29,1536,0,4,40,166157.56,149762,344,86,0,0
1897982,1,29,1536,0,6,40,166157.56,149762,344,86,0,0
1898091,1,29,1504,0,8,40,166157.56,149762,344,86,0,0
1898213,1,28,1504,0,8,40,166157.56,149762,344,86,0,0
1898338,1,28,1504,0,8,40,166157.56,149762,344,86,0,0
1898437,1,28,1472,0,12,40,166157.56,149762,344,86,0,0
1898590,1,28,1472,0,14,40,166157.56,149762,344,86,0,0
1898691,1,28,1472,0,14,40,166157.56,149762,344,86,0,0
1898735,1,27,1440,0,14,40,166157.56,149762,344,86,0,0
1898935,1,27,1440,0,24,40,166157.56,149762,344,86,0,0
1899035,1,27,1408,0,32,40,166157.56,149762,344,86,0,0
1899153,1,26,1376,0,38,40,166157.56,149762,344,86,0,0
1899232,1,26,1248,0,38,40,166157.56,149762,344,86,0,0
1899414,1,25,1121,0,40,40,166157.56,149762,344,87,0,0
1899535,1,25,1203,0,56,40,166158.56,149762,344,87,0,0
1899653,1,24,1236,0,58,40,166158.56,149762,344,87,0,0
1899735,1,24,1201,0,54,40,166158.56,149762,344,87,0,0
1899850,1,24,1209,0,54,40,166158.56,149762,344,87,0,0
1899991,1,23,1138,0,56,40,166158.56,149762,344,87,0,0
1900109,1,22,1129,0,54,40,166158.56,149762,344,87,0,0
1900235,1,22,1128,0,54,40,166158.56,149762,344,87,0,0
1900363,1,22,1096,0,54,40,166158.56,149762,344,87,0,0
1900491,1,22,1097,0,46,40,166158.56,149762,344,87,0,0
1900609,1,20,1099,0,44,40,166158.56,149762,344,87,0,0
1900721,1,20,1100,0,40,40,166158.56,149762,344,87,0,0
1900849,1,20,1133,0,34,40,166158.56,149762,344,87,0,0
1900991,1,20,1131,0,32,40,166158.56,149762,344,87,0,0
1901109,1,19,1120,0,26,40,166158.56,149762,344,87,0,0
1901213,1,18,1149,0,24,40,166158.56,149762,344,87,0,0
1901336,1,18,1144,0,22,40,166158.56,149762,344,87,0,0
1901482,1,18,1172,0,18,40,166158.56,149762,344,87,0,0
1901591,1,17,1204,0,18,40,166158.56,149762,344,87,0,0
1901713,1,17,1204,0,20,40,166158.56,149762,344,87,0,0
1901739,1,17,1204,0,20,40,166158.56,149762,344,87,0,0
1901935,1,16,1267,0,2,40,166158.56,149762,344,87,0,0
1902092,1,16,1268,0,0,40,166158.56,149762,344,87,0,0
1902191,1,16,1236,0,0,40,166158.56,149762,344,87,0,0
1902235,1,16,1236,0,0,40,166158.56,149762,344,87,0,0
1902437,1,16,1205,0,0,40,166158.56,149762,344,87,0,0
1902535,1,15,1209,0,0,40,166158.56,149762,344,87,0,0
1902682,1,15,1176,0,0,40,166158.56,149762,344,87,0,0
1902735,1,15,1176,0,0,40,166159.56,149762,344,87,0,0
1902909,1,15,1179,0,0,40,166159.56,149762,344,87,0,0
1903035,1,15,1148,2,0,40,166159.56,149762,344,87,0,0
1903153,1,15,1180,2,0,40,166159.56,149762,344,87,0,0
1903235,1,15,1147,2,0,40,166159.56,149762,344,87,0,0
1903361,1,15,1147,2,0,40,166159.56,149762,344,87,0,0
1903509,1,14,1149,6,0,40,166159.56,149762,344,87,0,0
1903632,1,14,1117,13,0,40,166159.56,149762,344,87,0,0
1903736,1,14,1119,22,0,40,166159.56,149762,344,87,0,0
1903847,1,14,1089,34,0,40,166159.56,149762,344,87,0,0
1903991,1,14,1138,45,0,40,166159.56,149762,344,87,0,0
1904109,1,14,1207,48,0,40,166159.56,149762,344,87,0,0
1904235,1,14,1069,50,0,40,166159.56,149762,344,87,0,0
1904235,1,14,1069,50,0,40,166159.56,149762,344,87,0,0
1904435,1,14,1147,57,0,40,166159.56,149762,344,87,0,0
1904583,1,15,1132,60,0,40,166159.56,149762,344,87,0,0
1904691,1,15,1164,56,0,40,166159.56,149762,344,87,0,0
1904735,1,15,1164,56,0,40,166159.56,149762,344,87,0,0
1904935,1,15,1196,43,0,40,166159.56,149762,344,87,0,0
1905035,1,15,1188,36,0,40,166160.58,149762,344,87,0,0
1905153,1,16,1209,26,0,40,166160.58,149762,344,87,0,0
1905235,1,16,1196,14,0,40,166160.58,149762,344,87,0,0
1905414,1,16,1193,8,0,40,166160.58,149762,344,87,0,0
1905532,1,16,1244,8,0,40,166160.58,149762,344,87,0,0
1905635,1,16,1237,4,0,40,166160.58,149762,344,87,0,0
1905736,1,16,1204,0,0,40,166160.58,149762,344,87,0,0
1905846,1,16,1205,0,0,40,166160.58,149762,344,87,0,0
1905991,1,16,1156,0,0,40,166160.58,149762,344,87,0,0
1906109,1,15,1156,0,0,40,166160.58,149762,344,87,0,0
1906236,1,15,1188,2,0,40,166160.58,149762,344,87,0,0
1906359,1,15,1183,9,0,40,166160.58,149762,344,87,0,0
1906509,1,15,1156,19,0,40,166160.58,149762,344,87,0,0
1906635,1,15,1161,26,0,40,166160.58,149762,344,87,0,0
1906732,1,15,1201,31,0,40,166160.58,149762,344,87,0,0
1906845,1,15,1186,31,0,40,166160.58,149762,344,87,0,0
1906991,1,15,1122,36,0,40,166160.58,149762,344,87,0,0
1907109,1,15,1154,36,0,40,166160.58,149762,344,87,0,0
1907213,1,15,1190,36,0,40,166160.58,149762,344,87,0,0
1907235,1,15,1190,36,0,40,166160.58,149762,344,87,0,0
1907436,1,15,1188,36,0,40,166161.61,149762,344,87,0,0
1907535,1,15,1187,36,0,40,166161.61,149762,344,87,0,0
1907691,1,15,1188,36,0,40,166161.61,149762,344,87,0,0
1907745,1,16,1188,36,0,40,166161.61,149762,344,87,0,0
1907933,1,16,1191,36,0,40,166161.61,149762,344,87,0,0
1908050,1,16,1223,36,0,40,166161.61,149762,344,87,0,0
1908153,1,16,1224,36,0,40,166161.61,149762,344,87,0,0
1908273,1,16,1225,36,0,40,166161.61,149762,344,87,0,0
1908409,1,16,1228,36,0,40,166161.61,149762,344,87,0,0
1908523,1,16,1262,36,0,40,166161.61,149762,344,87,0,0
1908636,1,16,1264,35,0,40,166161.61,149762,344,87,0,0
1908736,1,16,1266,33,0,40,166161.61,149762,344,87,0,0
1908844,1,16,1267,32,0,40,166161.61,149762,344,87,0,0
1908990,1,16,1264,31,0,40,166162.62,149762,344,87,0,0
1909109,1,16,1262,30,0,40,166162.62,149762,344,87,0,0
1909236,1,17,1294,30,0,40,166162.62,149762,344,87,0,0
1909357,1,17,1292,30,0,40,166162.62,149762,344,87,0,0
1909488,1,17,1291,30,0,40,166162.62,149762,344,87,0,0
1909609,1,17,1292,31,0,40,166162.62,149762,344,87,0,0
1909715,1,17,1292,33,0,40,166162.62,149762,344,87,0,0
1909844,1,17,1324,35,0,40,166162.62,149762,344,87,0,0
1909991,1,17,1327,39,0,40,166162.62,149762,344,87,0,0
1910109,1,17,1324,48,0,40,166162.62,149762,344,87,0,0
1910214,1,17,1326,61,0,40,166162.62,149762,344,87,0,0
1910239,1,17,1326,61,0,40,166162.62,149762,344,87,0,0
1910436,1,18,1345,62,0,40,166162.62,149762,344,87,0,0
1910536,1,18,1389,63,0,40,166163.66,149762,344,87,0,0
1910688,1,18,1395,64,0,40,166163.66,149762,344,87,0,0
1910740,1,18,1395,64,0,40,166163.66,149762,344,87,0,0
1910936,1,18,1467,64,0,41,166163.66,149762,344,87,0,0
1911036,1,19,1469,66,0,41,166163.66,149762,344,87,0,0
1911153,1,19,1501,67,0,41,166163.66,149762,344,87,0,0
1911236,1,19,1502,71,0,41,166163.66,149762,344,87,0,0
1911409,1,20,1535,78,0,41,166163.66,149762,344,87,0,0
1911523,1,20,1513,85,0,41,166163.66,149762,344,87,0,0
1911636,1,20,1557,88,0,41,166164.69,149762,344,87,0,0
1911740,1,21,1580,88,0,41,166164.69,149762,344,87,0,0
1911883,1,21,1593,86,0,41,166164.69,149762,344,87,0,0
1912009,1,21,1636,80,0,41,166164.69,149762,344,87,0,0
1912133,1,22,1637,64,0,41,166164.69,149762,344,87,0,0
1912236,1,22,1657,54,0,41,166164.69,149762,344,87,0,0
1912355,1,22,1639,53,0,41,166164.69,149762,344,87,0,0
1912509,1,22,1672,47,0,41,166165.70,149762,344,87,0,0
1912609,1,22,1692,47,0,41,166165.70,149762,344,87,0,0
1912736,1,22,1715,46,0,41,166165.70,149762,344,87,0,0
1912773,1,22,1715,46,0,41,166165.70,149762,344,87,0,0
1912983,1,22,1720,10,0,41,166165.70,149762,344,87,0,0
1913094,1,22,1722,1,0,41,166165.70,149762,344,87,0,0
1913213,1,22,1669,0,0,41,166165.70,149762,344,87,0,0
1913236,1,22,1637,0,0,41,166165.70,149762,344,87,0,0
1913435,1,22,1718,0,0,41,166165.70,149762,344,87,0,0
1913536,1,22,1681,0,0,41,166165.70,149762,344,87,0,0
1913688,1,22,1677,0,0,41,166165.70,149762,344,87,0,0
1913739,1,22,1677,0,0,41,166165.70,149762,344,87,0,0
1913910,1,22,1676,0,0,41,166165.70,149762,344,87,0,0
1914035,1,22,1659,0,0,41,166165.70,149762,344,87,0,0
1914153,1,21,1660,0,0,41,166165.70,149762,344,87,0,0
1914235,1,21,1611,0,0,41,166165.70,149762,344,87,0,0
1914354,1,21,1603,0,0,41,166165.70,149762,344,87,0,0
1914509,1,21,1591,0,0,41,166165.70,149762,344,87,0,0
1914635,1,21,1581,0,0,41,166165.70,149762,344,87,0,0
1914736,1,20,1563,0,0,41,166165.70,149762,344,87,0,0
1914866,1,20,1548,0,0,41,166165.70,149762,344,87,0,0
1914988,1,20,1530,0,0,41,166165.70,149762,344,87,0,0
1915094,1,20,1516,0,0,41,166165.70,149762,344,87,0,0
1915213,1,19,1516,3,0,41,166165.70,149762,344,87,0,0
1915235,1,19,1484,3,0,41,166165.70,149762,344,87,0,0
1915436,1,19,1493,11,0,41,166165.70,149762,344,87,0,0
1915536,1,19,1488,11,0,41,166165.70,149762,344,87,0,0
1915688,1,19,1494,0,0,41,166166.70,149762,344,87,0,0
1915735,1,19,1494,0,0,41,166166.70,149762,344,87,0,0
1915933,1,19,1448,0,0,41,166166.70,149762,344,87,0,0
1916035,1,19,1446,0,0,41,166166.70,149762,344,87,0,0
1916153,1,19,1445,0,0,41,166166.70,149762,344,87,0,0
1916236,1,19,1413,0,0,41,166166.70,149762,344,87,0,0
1916404,1,19,1412,0,0,41,166166.70,149762,344,87,0,0
1916509,1,18,1411,0,0,41,166166.70,149762,344,87,0,0
1916635,1,18,1378,0,0,41,166166.70,149762,344,87,0,0
1916736,1,18,1377,0,0,41,166166.70,149762,344,87,0,0
1916865,1,18,1377,0,0,41,166166.70,149762,344,87,0,0
1917009,1,18,1374,0,0,41,166166.70,149762,344,87,0,0
1917109,1,17,1373,0,0,41,166166.70,149762,344,87,0,0
1917235,1,17,1340,0,8,41,166166.70,149762,344,87,0,0
1917235,1,17,1340,0,8,41,166166.70,149762,344,87,0,0
1917437,1,17,1339,0,14,41,166166.70,149762,344,87,0,0
1917588,1,17,1306,0,16,41,166166.70,149762,344,88,0,0
1917688,1,17,1273,0,22,41,166166.70,149762,344,88,0,0
1917782,1,17,1241,0,34,41,166166.70,149762,344,88,0,0
1917935,1,16,1111,0,64,41,166166.70,149762,344,88,0,0
1918035,1,15,1052,0,66,41,166166.70,149762,344,88,0,0
1918153,1,15,1094,0,66,41,166166.70,149762,344,88,0,0
1918275,1,15,1122,0,66,41,166166.70,149762,344,88,0,0
1918388,1,15,1105,0,66,41,166166.70,149762,344,88,0,0
1918535,1,13,1105,0,64,41,166166.70,149762,344,88,0,0
1918653,1,13,1100,0,64,41,166166.70,149762,344,88,0,0
1918735,1,12,1094,0,60,41,166166.70,149762,344,88,0,0
1918864,1,12,1061,0,60,41,166166.70,149762,344,88,0,0
1919009,1,11,1064,0,56,41,166167.72,149762,344,88,0,0
1919135,1,11,1067,0,54,41,166167.72,149762,344,88,0,0
1919235,1,10,1069,0,54,41,166167.72,149762,344,88,0,0
1919351,1,10,1068,0,54,41,166167.72,149762,344,88,0,0
1919488,1,9,1068,0,52,41,166167.72,149762,341,88,0,0
1919609,1,9,1068,0,52,41,166167.72,149762,341,88,0,0
1919735,1,8,1067,0,50,41,166167.72,149762,341,88,0,0
1919735,1,8,1067,0,50,41,166167.72,149762,341,88,0,0
1919936,1,8,1067,0,48,41,166167.72,149762,341,88,0,0
1920094,1,7,1068,0,46,41,166167.72,149762,341,88,0,0
1920213,1,7,1068,0,44,41,166167.72,149762,341,88,0,0
1920273,1,7,1036,0,42,41,166167.72,149762,341,88,0,0
1920414,1,6,1036,0,42,41,166167.72,149762,341,88,0,0
1920535,1,6,1035,0,40,41,166167.72,149762,341,88,0,0
1920683,1,6,1035,0,40,41,166167.72,149762,341,88,0,0
1920773,1,6,1035,0,40,41,166167.72,149762,341,88,0,0
1920903,1,6,1034,0,40,41,166167.72,149762,341,88,0,0
1921035,1,5,1036,0,40,41,166167.72,149762,341,88,0,0
1921153,1,5,1036,0,38,41,166167.72,149762,341,88,0,0
1921235,1,4,1036,0,36,41,166167.72,149762,341,88,0,0
1921388,1,4,1037,0,36,41,166167.72,149762,341,88,0,0
1921532,1,4,1005,0,36,41,166167.72,149762,341,88,0,0
1921635,1,3,1005,0,32,41,166167.72,149762,341,88,0,0
1921735,1,3,1005,0,26,41,166167.72,149762,341,88,0,0
1921862,1,3,1005,0,26,41,166167.72,149762,341,88,0,0
1922009,1,3,972,0,26,41,166167.72,149762,341,88,0,0
1922109,1,3,939,0,26,41,166168.72,149762,341,88,0,0
1922235,1,3,904,0,30,41,166168.72,149762,341,88,0,0
1922235,1,3,904,0,30,41,166168.72,149762,341,88,0,0
1922436,1,0,869,0,32,41,166168.72,149762,341,88,0,0
1922588,1,0,869,0,32,41,166168.72,149762,341,88,0,0
1922688,1,0,837,0,32,41,166168.72,149762,341,88,0,0
1922780,1,0,837,0,32,41,166168.72,149762,341,88,0,0
1922935,1,0,837,0,32,41,166168.72,149762,341,88,0,0
1923035,1,0,837,0,32,41,166168.72,149762,341,88,0,0
1923152,1,0,837,0,32,41,166168.72,149762,341,88,0,0
1923272,1,0,837,0,32,41,166168.72,149762,341,88,0,0
1923389,1,0,835,0,32,41,166168.72,149762,341,88,0,0
1923522,1,0,834,0,32,41,166168.72,149762,341,88,0,0
1923635,1,0,832,0,32,41,166168.72,149762,341,88,0,0
1923758,1,0,863,0,32,41,166168.72,149762,341,88,0,0
1923773,1,0,863,0,32,41,166168.72,149762,341,88,0,0
1923988,1,0,863,0,54,41,166168.72,149762,341,88,0,0
1924094,1,0,863,0,54,41,166168.72,149762,341,88,0,0
1924213,1,0,863,0,58,41,166168.72,149762,341,88,0,0
1924237,1,0,863,0,62,41,166168.72,149762,341,88,0,0
1924436,1,0,863,0,84,41,166168.72,149762,341,88,0,0
1924536,1,0,862,0,92,41,166168.72,149762,341,88,0,0
1924688,1,0,832,0,94,41,166168.72,149762,341,88,0,0
1924804,1,0,833,0,96,41,166168.72,149762,341,88,0,0
1924928,1,0,833,0,96,41,166168.72,149762,341,88,0,0
1925035,1,0,832,0,98,41,166168.72,149762,341,88,0,0
1925153,1,0,832,0,98,41,166168.72,149762,341,88,0,0
1925272,1,0,833,0,98,41,166168.72,149762,341,88,0,0
1925288,1,0,833,0,98,41,166168.72,149762,341,88,0,0
1925509,1,0,832,0,98,41,166168.72,149762,341,88,0,0
1925609,1,0,863,0,98,41,166168.72,149762,341,88,0,0
1925735,1,0,863,0,144,41,166169.72,149762,341,88,0,0
1925788,1,0,863,0,144,41,166169.72,149762,341,88,0,0
1925953,1,0,863,0,178,41,166169.72,149762,341,88,0,0
1926094,1,0,863,0,186,41,166169.72,149762,341,88,0,0
1926188,1,0,863,0,188,41,166169.72,149762,341,88,0,0
1926235,1,0,863,0,190,41,166169.72,149762,341,88,0,0
1926436,1,0,862,0,216,41,166169.72,149762,341,88,0,0
1926535,1,0,862,0,224,41,166169.72,149762,341,88,0,0
1926652,1,0,863,0,232,41,166169.72,149762,341,88,0,0
1926788,1,0,833,0,242,41,166169.72,149762,341,88,0,0
1926910,1,0,833,0,242,41,166169.72,149762,341,88,0,0
1927035,1,0,833,0,252,41,166169.72,149762,341,88,0,0
1927152,1,0,833,0,252,41,166169.72,149762,341,88,0,0
1927235,1,0,833,0,264,41,166169.72,149762,341,88,0,0
1927382,1,0,833,0,264,41,166169.72,149762,341,88,0,0
1927509,1,0,833,0,266,41,166169.72,149762,341,88,0,0
1927635,1,0,833,0,238,41,166169.72,149762,341,88,0,0
1927735,1,0,863,0,226,41,166169.72,149762,341,88,0,0
1927782,1,0,863,0,226,41,166169.72,149762,341,88,0,0
1927982,1,0,863,0,212,41,166169.72,149762,341,88,0,0
1928094,1,0,863,0,202,41,166169.72,149762,341,88,0,0
1928213,1,0,863,0,184,41,166169.72,149762,341,88,0,0
1928272,1,0,863,0,170,41,166169.72,149762,341,88,0,0
1928447,1,0,862,0,170,41,166169.72,149762,341,88,0,0
1928535,1,0,863,0,152,41,166169.72,149762,341,88,0,0
1928682,1,0,832,0,146,41,166169.72,149762,341,88,0,0
1928781,1,0,833,0,144,41,166169.72,149762,341,88,0,0
1928888,1,0,833,0,144,41,166169.72,149762,341,88,0,0
1929035,1,0,833,0,138,41,166169.72,149762,341,88,0,0
1929152,1,0,833,0,134,41,166169.72,149762,341,88,0,0
1929235,1,0,833,0,134,41,166169.72,149762,341,88,0,0
1929382,1,0,833,0,134,41,166169.72,149762,341,88,0,0
1929522,1,0,833,0,132,41,166170.72,149762,341,88,0,0
1929635,1,0,832,0,130,41,166170.72,149762,341,88,0,0
1929735,1,0,863,0,130,41,166170.72,149762,341,88,0,0
1929773,1,0,863,0,130,41,166170.72,149762,341,88,0,0
1929988,1,0,862,0,128,41,166170.72,149762,341,88,0,0
1930094,1,0,863,0,128,41,166170.72,149762,341,88,0,0
1930213,1,0,862,0,128,41,166170.72,149762,341,88,0,0
1930288,1,0,862,0,128,41,166170.72,149762,341,88,0,0
1930446,1,0,862,0,126,41,166170.72,149762,341,88,0,0
1930535,1,0,832,0,126,41,166170.72,149762,341,88,0,0
1930688,1,0,833,0,126,41,166170.72,149762,341,88,0,0
1930735,1,0,833,0,126,41,166170.72,149762,341,88,0,0
1930925,1,0,833,0,126,41,166170.72,149762,341,88,0,0
1931035,1,0,833,0,124,41,166170.72,149762,341,88,0,0
1931152,1,0,833,0,124,41,166170.72,149762,341,88,0,0
1931235,1,0,833,0,124,41,166170.72,149762,341,88,0,0
1931382,1,0,833,0,124,41,166170.72,149762,341,88,0,0
1931509,1,0,834,0,124,41,166170.72,149762,341,88,0,0
1931635,1,0,834,0,124,41,166170.72,149762,341,88,0,0
1931735,1,0,834,0,124,41,166170.72,149762,341,88,0,0
1931805,1,0,834,0,124,41,166170.72,149762,341,88,0,0
1931982,1,0,834,0,124,41,166170.72,149762,341,88,0,0
1932094,1,0,833,0,124,41,166170.72,149762,341,88,0,0
1932213,1,0,832,0,124,41,166170.72,149762,341,88,0,0
1932291,1,0,832,0,124,41,166170.72,149762,341,88,0,0
1932436,1,0,832,0,124,41,166170.72,149762,341,88,0,0
1932535,1,0,863,0,124,41,166170.72,149762,341,88,0,0
1932682,1,0,863,0,124,41,166170.72,149762,341,88,0,0
1932772,1,0,863,0,126,41,166170.72,149762,341,88,0,0
1932888,1,0,833,0,126,41,166170.72,149762,341,88,0,0
1933035,1,0,833,0,170,41,166170.72,149762,341,88,0,0
1933152,1,0,833,0,172,41,166171.73,149762,341,88,0,0
1933235,1,0,833,0,182,41,166171.73,149762,341,88,0,0
1933393,1,0,833,0,182,41,166171.73,149762,341,88,0,0
1933509,1,0,834,0,182,41,166171.73,149762,341,88,0,0
1933635,1,0,834,0,230,41,166171.73,149762,341,88,0,0
1933735,1,0,834,0,176,41,166171.73,149762,341,88,0,0
1933735,1,0,834,0,176,41,166171.73,149762,341,88,0,0
1933982,1,0,834,0,194,41,166171.73,149762,341,88,0,0
1934094,1,0,834,0,174,41,166171.73,149762,341,88,0,0
1934214,1,0,835,0,162,41,166171.73,149762,341,88,0,0
1934291,1,0,833,0,154,41,166171.73,149762,341,88,0,0
1934444,1,0,833,0,146,41,166171.73,149762,341,88,0,0
1934535,1,0,832,0,140,41,166171.73,149762,341,88,0,0
1934682,1,0,832,0,136,41,166171.73,149762,341,88,0,0
1934795,1,0,832,0,132,41,166171.73,149762,341,88,0,0
1934888,1,0,832,0,132,41,166171.73,149762,341,88,0,0
1935035,1,0,863,0,206,41,166171.73,149762,341,88,0,0
1935152,1,0,832,0,232,41,166171.73,149762,341,88,0,0
1935235,1,0,832,0,252,41,166171.73,149762,341,88,0,0
1935382,1,0,832,0,252,41,166171.73,149762,341,88,0,0
1935509,1,0,834,0,258,41,166171.73,149762,341,88,0,0
1935632,1,0,834,0,258,41,166171.73,149762,341,88,0,0
1935735,1,0,833,0,258,41,166171.73,149762,341,88,0,0
1935788,1,0,834,0,258,41,166171.73,149762,341,88,0,0
1935982,1,0,833,0,258,41,166171.73,149762,341,89,0,0
1936094,1,0,833,0,258,41,166171.73,149762,341,89,0,0
1936214,1,0,833,0,258,41,166171.73,149762,341,89,0,0
1936235,1,0,833,0,258,41,166171.73,149762,341,89,0,0
1936435,1,0,833,0,258,41,166171.73,149762,341,89,0,0
1936535,1,0,801,0,258,41,166171.73,149762,341,89,0,0
1936683,1,0,833,0,258,41,166171.73,149762,341,89,0,0
1936735,1,0,833,0,258,41,166171.73,149762,341,89,0,0
1936888,1,0,863,0,258,41,166172.75,149762,341,89,0,0
1937032,1,0,863,0,258,41,166172.75,149762,341,89,0,0
1937135,1,0,863,0,258,41,166172.75,149762,341,89,0,0
1937235,1,0,863,0,258,41,166172.75,149762,341,89,0,0
1937402,1,0,832,0,258,41,166172.75,149762,341,89,0,0
1937522,1,0,833,0,258,41,166172.75,149762,341,89,0,0
1937635,1,0,833,0,258,41,166172.75,149762,341,89,0,0
1937749,1,0,833,0,258,41,166172.75,149762,341,89,0,0
1937773,1,0,833,0,258,41,166172.75,149762,341,89,0,0
1937982,1,0,833,0,258,41,166172.75,149762,341,89,0,0
1938094,1,0,834,0,258,41,166172.75,149762,341,89,0,0
1938212,1,0,834,0,258,41,166172.75,149762,341,89,0,0
1938288,1,0,834,0,258,41,166172.75,149762,341,89,0,0
1938441,1,0,834,0,258,41,166172.75,149762,341,89,0,0
1938535,1,0,835,0,258,41,166172.75,149762,341,89,0,0
1938688,1,0,835,0,258,41,166172.75,149762,341,89,0,0
1938749,1,0,835,0,258,41,166172.75,149762,341,89,0,0
1938920,1,0,835,0,258,41,166172.75,149762,341,89,0,0
1939035,1,0,835,0,258,41,166172.75,149762,341,89,0,0
1939152,1,0,835,0,256,41,166172.75,149762,341,89,0,0
1939272,1,0,835,0,256,41,166172.75,149762,341,89,0,0
1939402,1,0,835,0,252,41,166172.75,149762,341,89,0,0
1939535,1,0,835,0,226,41,166172.75,149762,341,89,0,0
1939652,1,0,835,0,198,41,166172.75,149762,341,89,0,0
1939735,1,0,835,0,182,41,166172.75,149762,341,89,0,0
1939888,1,0,834,0,182,41,166172.75,149762,341,89,0,0
1940022,1,0,834,0,170,41,166172.75,149762,341,89,0,0
1940135,1,0,835,0,164,41,166172.75,149762,341,89,0,0
1940235,1,0,834,0,164,41,166172.75,149762,341,88,0,0
1940363,1,0,834,0,164,41,166172.75,149762,341,88,0,0
1940509,1,0,833,0,162,41,166172.75,149762,341,88,0,0
1940609,1,0,833,0,162,41,166173.75,149762,341,88,0,0
1940732,1,0,833,0,160,41,166173.75,149762,341,88,0,0
1940788,1,0,833,0,160,41,166173.75,149762,341,88,0,0
1940944,1,0,832,0,158,41,166173.75,149762,341,88,0,0
1941094,1,0,863,0,158,41,166173.75,149762,341,88,0,0
1941212,1,0,863,0,158,41,166173.75,149762,341,88,0,0
1941288,1,0,863,0,156,41,166173.75,149762,341,88,0,0
1941439,1,0,863,0,156,41,166173.75,149762,341,88,0,0
1941535,1,0,863,0,146,41,166173.75,149762,341,88,0,0
1941652,1,0,832,0,142,41,166173.75,149762,341,88,0,0
1941788,1,0,833,0,140,41,166173.75,149762,341,88,0,0
1941909,1,0,833,0,140,41,166173.75,149762,341,88,0,0
1942035,1,0,833,0,134,41,166173.75,149762,341,88,0,0
1942152,1,0,833,0,134,41,166173.75,149762,341,88,0,0
1942272,1,0,833,0,132,41,166173.75,149762,341,88,0,0
1942402,1,0,833,0,132,41,166173.75,149762,341,88,0,0
1942532,1,0,833,0,130,41,166173.75,149762,341,88,0,0
1942635,1,0,832,0,130,41,166173.75,149762,341,88,0,0
1942735,1,0,833,0,128,41,166173.75,149762,341,88,0,0
1942785,1,0,833,0,128,41,166173.75,149762,341,88,0,0
1942988,1,0,832,0,128,41,166173.75,149762,341,88,0,0
1943109,1,0,832,0,128,41,166173.75,149762,341,88,0,0
1943212,1,0,832,0,128,41,166173.75,149762,341,88,0,0
1943285,1,0,832,0,128,41,166173.75,149762,341,88,0,0
1943435,1,0,863,0,126,41,166173.75,149762,341,88,0,0
1943535,1,0,863,0,126,41,166173.75,149762,341,88,0,0
1943688,1,0,862,0,126,41,166173.75,149762,341,88,0,0
1943793,1,0,862,0,126,41,166173.75,149762,341,88,0,0
1943932,1,0,862,0,126,41,166173.75,149762,341,88,0,0
1944022,1,0,861,0,126,41,166173.75,149762,341,88,0,0
1944152,1,0,861,0,124,41,166173.75,149762,341,88,0,0
1944282,1,0,861,0,124,41,166173.75,149762,341,88,0,0
1944402,1,0,863,0,124,41,166173.75,149762,341,88,0,0
1944532,1,0,833,0,124,41,166173.75,149762,341,88,0,0
1944635,1,0,832,0,124,41,166174.75,149762,341,88,0,0
1944735,1,0,833,0,124,41,166174.75,149762,341,88,0,0
1944888,1,0,833,0,124,41,166174.75,149762,341,88,0,0
1945009,1,0,833,0,122,41,166174.75,149762,341,88,0,0
1945135,1,0,833,0,124,41,166174.75,149762,341,88,0,0
1945235,1,0,833,0,138,41,166174.75,149762,341,88,0,0
1945275,1,0,833,0,138,41,166174.75,149762,341,88,0,0
1945482,1,0,833,0,138,41,166174.75,149762,341,88,0,0
1945593,1,0,833,0,168,41,166174.75,149762,341,88,0,0
1945712,1,0,833,0,174,41,166174.75,149762,341,88,0,0
1945788,1,0,833,0,178,41,166174.75,149762,341,88,0,0
1945935,1,0,833,0,184,41,166174.75,149762,341,88,0,0
1946035,1,0,833,0,184,41,166174.75,149762,341,88,0,0
1946182,1,0,833,0,186,41,166174.75,149762,341,88,0,0
1946235,1,0,832,0,186,41,166174.75,149762,341,88,0,0
1946391,1,0,863,0,186,41,166174.75,149762,341,88,0,0
1946535,1,0,863,0,186,41,166174.75,149762,341,88,0,0
1946652,1,0,863,0,186,41,166174.75,149762,341,88,0,0
1946772,1,0,863,0,186,41,166174.75,149762,341,88,0,0
1946787,1,0,862,0,186,41,166174.75,149762,341,88,0,0
1947009,1,0,863,0,188,41,166174.75,149762,341,88,0,0
1947109,1,0,832,0,188,41,166174.75,149762,341,88,0,0
1947235,1,0,833,0,188,41,166174.75,149762,341,88,0,0
1947272,1,0,833,0,188,41,166174.75,149762,341,88,0,0
1947435,1,0,832,0,188,41,166174.75,149762,341,88,0,0
1947588,1,0,833,0,188,41,166174.75,149762,341,88,0,0
1947688,1,0,833,0,188,41,166174.75,149762,341,88,0,0
1947787,1,0,833,0,188,41,166174.75,149762,341,88,0,0
1947940,1,0,833,0,188,41,166174.75,149762,341,88,0,0
1948037,1,0,833,0,188,41,166174.75,149762,341,88,0,0
1948152,1,0,834,0,188,41,166174.75,149762,341,88,0,0
1948282,1,0,834,0,190,41,166174.75,149762,341,88,0,0
1948388,1,0,835,0,190,41,166175.75,149762,341,88,0,0
1948532,1,0,835,0,214,41,166175.75,149762,341,88,0,0
1948637,1,0,835,0,222,41,166175.75,149762,341,88,0,0
1948735,1,0,836,0,240,41,166175.75,149762,341,88,0,0
1948788,1,0,835,0,240,41,166175.75,149762,341,88,0,0
1948987,1,0,836,0,276,41,166175.75,149762,341,88,0,0
1949110,1,0,836,0,284,41,166175.75,149762,341,88,0,0
1949287,1,0,836,0,298,41,166175.75,149762,341,88,0,0
1949414,1,0,836,0,298,41,166175.75,149762,338,88,0,0
1949535,1,0,836,0,300,41,166175.75,149762,338,88,0,0
1949652,1,0,836,0,302,41,166175.75,149762,338,88,0,0
1949787,1,0,836,0,304,41,166175.75,149762,338,88,0,0
1949910,1,0,836,0,306,41,166175.75,149762,338,88,0,0
1950035,1,0,836,0,306,41,166175.75,149762,338,88,0,0
1950152,1,0,836,0,306,41,166175.75,149762,338,88,0,0
1950272,1,0,835,0,306,41,166175.75,149762,338,88,0,0
1950388,1,0,836,0,300,41,166175.75,149762,338,88,0,0
1950535,1,0,836,0,216,41,166175.75,149762,338,88,0,0
1950637,1,0,836,0,190,41,166175.75,149762,338,88,0,0
1950741,1,0,836,0,176,41,166175.75,149762,338,88,0,0
1950787,1,0,837,0,176,41,166175.75,149762,338,88,0,0
1950987,1,0,837,0,154,41,166175.75,149762,338,88,0,0
1951110,1,0,836,0,146,41,166175.75,149762,338,88,0,0
1951235,1,0,836,0,146,41,166175.75,149762,338,88,0,0
1951282,1,0,836,0,146,41,166175.75,149762,338,88,0,0
1951459,1,0,835,0,144,41,166175.75,149762,338,88,0,0
1951587,1,0,834,0,144,41,166175.75,149762,338,88,0,0
1951688,1,0,833,0,144,41,166175.75,149762,338,88,0,0
1951810,1,0,834,0,144,41,166175.75,149762,338,88,0,0
1951937,1,0,833,0,142,41,166175.75,149762,338,88,0,0
1952035,1,0,832,0,142,41,166175.75,149762,338,88,0,0
1952152,1,0,832,0,142,41,166176.77,149762,338,88,0,0
1952287,1,0,833,0,140,41,166176.77,149762,338,88,0,0
1952414,1,0,833,0,140,41,166176.77,149762,338,88,0,0
1952535,1,0,833,0,140,41,166176.77,149762,338,88,0,0
1952652,1,0,833,0,138,41,166176.77,149762,338,88,0,0
1952772,1,0,833,0,138,41,166176.77,149762,338,88,0,0
1952910,1,0,834,0,136,41,166176.77,149762,338,88,0,0
1953032,1,0,833,0,134,41,166176.77,149762,338,88,0,0
1953137,1,0,834,0,134,41,166176.77,149762,338,88,0,0
1953237,1,0,834,0,134,41,166176.77,149762,338,88,0,0
1953286,1,0,834,0,134,41,166176.77,149762,338,88,0,0
1953487,1,0,834,0,134,41,166176.77,149762,338,88,0,0
1953610,1,0,833,0,134,41,166176.77,149762,338,88,0,0
1953714,1,0,833,0,134,41,166176.77,149762,338,88,0,0
1953810,1,0,834,0,134,41,166176.77,149762,338,88,0,0
1953936,1,0,834,0,132,41,166176.77,149762,338,88,0,0
1954037,1,0,834,0,132,41,166176.77,149762,338,88,0,0
1954187,1,0,834,0,132,41,166176.77,149762,338,88,0,0
1954272,1,0,834,0,130,41,166176.77,149762,338,88,0,0
1954433,1,0,833,0,128,41,166176.77,149762,338,88,0,0
1954537,1,0,833,0,126,41,166176.77,149762,338,88,0,0
1954652,1,0,832,0,126,41,166176.77,149762,338,88,0,0
1954782,1,0,832,0,126,41,166176.77,149762,338,88,0,0
1954902,1,0,832,0,126,41,166176.77,149762,338,88,0,0
1955037,1,0,832,0,124,41,166176.77,149762,338,88,0,0
1955152,1,0,832,0,124,41,166176.77,149762,338,88,0,0
1955237,1,0,833,0,124,41,166176.77,149762,338,88,0,0
1955287,1,0,833,0,124,41,166176.77,149762,338,88,0,0
1955487,1,0,834,0,122,41,166176.77,149762,338,88,0,0
1955609,1,0,834,0,122,41,166176.77,149762,338,88,0,0
1955732,1,0,835,0,122,41,166176.77,149762,338,88,0,0
1955772,1,0,835,0,122,41,166176.77,149762,338,88,0,0
1955937,1,0,835,0,122,41,166176.77,149762,338,88,0,0
1956087,1,0,835,0,122,41,166177.78,149762,338,88,0,0
1956187,1,0,835,0,120,41,166177.78,149762,338,88,0,0
1956287,1,0,835,0,120,41,166177.78,149762,338,88,0,0
1956417,1,0,835,0,120,41,166177.78,149762,338,88,0,0
1956536,1,0,836,0,120,41,166177.78,149762,338,88,0,0
1956652,1,0,836,0,120,41,166177.78,149762,338,88,0,0
1956787,1,0,836,0,120,41,166177.78,149762,338,88,0,0
1956902,1,0,836,0,120,41,166177.78,149762,338,88,0,0
1957036,1,0,836,0,120,41,166177.78,149762,338,88,0,0
1957152,1,0,836,0,120,41,166177.78,149762,338,88,0,0
1957272,1,0,837,0,120,41,166177.78,149762,338,88,0,0
1957315,1,0,836,0,120,41,166177.78,149762,338,88,0,0
1957509,1,0,837,0,118,41,166177.78,149762,338,88,0,0
1957606,1,0,837,0,118,41,166177.78,149762,338,88,0,0
1957736,1,0,837,0,118,41,166177.78,149762,338,88,0,0
1957787,1,0,838,0,118,41,166177.78,149762,338,88,0,0
1957936,1,0,838,0,118,41,166177.78,149762,338,88,0,0
1958093,1,0,838,0,118,41,166177.78,149762,338,88,0,0
1958214,1,0,838,0,118,41,166177.78,149762,338,88,0,0
1958287,1,0,838,0,118,41,166177.78,149762,338,88,0,0
1958417,1,0,838,0,118,41,166177.78,149762,338,88,0,0
1958537,1,0,839,0,118,41,166177.78,149762,338,88,0,0
1958652,1,0,839,0,118,41,166177.78,149762,338,88,0,0
1958772,1,0,839,0,118,41,166177.78,149762,338,88,0,0
1958906,1,0,840,0,118,41,166177.78,149762,338,88,0,0
1959031,1,0,840,0,116,41,166177.78,149762,338,88,0,0
1959137,1,0,840,0,116,41,166177.78,149762,338,88,0,0
1959237,1,0,840,0,118,41,166177.78,149762,338,88,0,0
1959286,1,0,840,0,118,41,166177.78,149762,338,88,0,0
1959487,1,0,840,0,116,41,166177.78,149762,338,88,0,0
1959606,1,0,839,0,116,41,166177.78,149762,338,88,0,0
1959731,1,0,840,0,116,41,166177.78,149762,338,88,0,0
1959772,1,0,840,0,116,41,166178.78,149762,338,88,0,0
1959937,1,0,841,0,116,41,166178.78,149762,338,88,0,0
1960039,1,0,840,0,118,41,166178.78,149762,338,88,0,0
1960187,1,0,840,0,116,41,166178.78,149762,338,88,0,0
1960294,1,0,840,0,116,41,166178.78,149762,338,88,0,0
1960432,1,0,841,0,116,41,166178.78,149762,338,88,0,0
1960539,1,0,841,0,116,41,166178.78,149762,338,88,0,0
1960652,1,0,841,0,116,41,166178.78,149762,338,88,0,0
1960782,1,0,841,0,116,41,166178.78,149762,338,88,0,0
1960789,1,0,841,0,116,41,166178.78,149762,338,88,0,0
1961006,1,0,840,0,116,41,166178.78,149762,338,88,0,0
1961132,1,0,841,0,116,41,166178.78,149762,338,88,0,0
1961239,1,0,840,0,116,41,166178.78,149762,338,88,0,0
1961289,1,0,840,0,116,41,166178.78,149762,338,88,0,0
1961489,1,0,840,0,116,41,166178.78,149762,338,88,0,0
1961606,1,0,840,0,118,41,166178.78,149762,338,88,0,0
1961706,1,0,840,0,118,41,166178.78,149762,338,88,0,0
1961806,1,0,839,0,118,41,166178.78,149762,338,88,0,0
1961914,1,0,839,0,118,41,166178.78,149762,338,88,0,0
1962039,1,0,840,0,118,41,166178.78,149762,338,88,0,0
1962181,1,0,841,0,118,41,166178.78,149762,338,88,0,0
1962290,1,0,841,0,118,41,166178.78,149762,338,88,0,0
1962417,1,0,841,0,118,41,166178.78,149762,338,88,0,0
1962539,1,0,841,0,118,41,166178.78,149762,338,88,0,0
1962651,1,0,840,0,126,41,166178.78,149762,338,88,0,0
1962782,1,0,841,0,214,41,166178.78,149762,338,88,0,0
1962901,1,0,842,0,268,41,166178.78,149762,338,88,0,0
1963031,1,0,842,0,270,41,166178.78,149762,338,88,0,0
1963151,1,0,843,0,274,41,166178.78,149762,338,88,0,0
1963239,1,0,843,0,278,41,166179.80,149762,338,88,0,0
1963288,1,0,843,0,278,41,166179.80,149762,338,88,0,0
1963490,1,0,843,0,278,41,166179.80,149762,338,88,0,0
1963606,1,0,843,0,282,41,166179.80,149762,338,88,0,0
1963731,1,0,843,0,284,41,166179.80,149762,338,88,0,0
1963802,1,0,843,0,284,41,166179.80,149762,338,88,0,0
1963939,1,0,843,0,288,41,166179.80,149762,338,88,0,0
1964039,1,0,843,0,290,41,166179.80,149762,338,88,0,0
1964190,1,0,843,0,294,41,166179.80,149762,338,88,0,0
1964308,1,0,843,0,296,41,166179.80,149762,338,88,0,0
1964409,1,0,843,0,298,41,166179.80,149762,338,88,0,0
1964539,1,0,843,0,304,41,166179.80,149762,338,88,0,0
1964651,1,0,843,0,304,41,166179.80,149762,338,88,0,0
1964781,1,0,843,0,306,41,166179.80,149762,338,88,0,0
1964901,1,0,843,0,306,41,166179.80,149762,338,88,0,0
1965039,1,0,841,0,306,41,166179.80,149762,338,88,0,0
1965151,1,0,841,0,308,41,166179.80,149762,338,88,0,0
1965271,1,0,841,0,308,41,166179.80,149762,338,88,0,0
1965289,1,0,809,0,308,41,166179.80,149762,338,88,0,0
1965489,1,0,843,0,306,41,166179.80,149762,338,88,0,0
1965606,1,0,842,0,352,41,166179.80,149762,338,88,0,0
1965731,1,0,843,0,338,41,166179.80,149762,338,88,0,0
1965803,1,0,844,0,338,41,166179.80,149762,338,88,0,0
1965939,1,0,844,0,336,41,166179.80,149762,338,88,0,0
1966087,1,0,844,0,336,41,166179.80,149762,338,88,0,0
1966190,1,0,844,0,336,41,166179.80,149762,338,88,0,0
1966296,1,0,844,0,336,41,166179.80,149762,338,88,0,0
1966413,1,0,844,0,336,41,166179.80,149762,338,88,0,0
1966539,1,0,844,0,336,41,166179.80,149762,338,88,0,0
1966651,1,0,844,0,334,41,166179.80,149762,338,88,0,0
1966789,1,0,844,0,334,41,166180.81,149762,338,88,0,0
1966910,1,0,844,0,332,41,166180.81,149762,338,88,0,0
1967039,1,0,844,0,332,41,166180.81,149762,338,88,0,0
1967151,1,0,844,0,332,41,166180.81,149762,338,88,0,0
1967271,1,0,844,0,332,41,166180.81,149762,338,88,0,0
1967306,1,0,844,0,332,41,166180.81,149762,338,88,0,0
1967507,1,0,844,0,330,41,166180.81,149762,338,88,0,0
1967606,1,0,844,0,320,41,166180.81,149762,338,88,0,0
1967739,1,0,844,0,246,41,166180.81,149762,338,88,0,0
1967789,1,0,844,0,246,41,166180.81,149762,338,88,0,0
1967953,1,0,845,0,148,41,166180.81,149762,338,88,0,0
1968090,1,0,846,0,144,41,166180.81,149762,338,88,0,0
1968206,1,0,848,0,144,41,166180.81,149762,338,88,0,0
1968306,1,0,848,0,144,41,166180.81,149762,338,88,0,0
1968431,1,0,848,0,150,41,166180.81,149762,338,88,0,0
1968539,1,0,848,0,212,41,166180.81,149762,338,88,0,0
1968681,1,0,848,0,252,41,166180.81,149762,338,88,0,0
1968789,1,0,846,0,256,41,166180.81,149762,338,88,0,0
1968909,1,0,846,0,258,41,166180.81,149762,338,88,0,0
1969039,1,0,846,0,260,41,166180.81,149762,338,88,0,0
1969151,1,0,845,0,262,41,166180.81,149762,338,88,0,0
1969281,1,0,845,0,264,41,166180.81,149762,338,88,0,0
1969340,1,0,844,0,266,41,166180.81,149762,338,88,0,0
1969521,1,0,844,0,266,41,166180.81,149762,338,88,0,0
1969639,1,0,844,0,266,41,166180.81,149762,338,88,0,0
1969739,1,0,844,0,262,41,166181.81,149762,338,88,0,0
1969808,1,0,843,0,262,41,166181.81,149762,338,88,0,0
1969989,1,0,844,0,260,41,166181.81,149762,338,88,0,0
1970106,1,0,844,0,258,41,166181.81,149762,338,88,0,0
1970206,1,0,843,0,250,41,166181.81,149762,338,88,0,0
1970323,1,0,843,0,240,41,166181.81,149762,338,88,0,0
1970432,1,0,843,0,226,41,166181.81,149762,338,88,0,0
1970539,1,0,842,0,222,41,166181.81,149762,338,88,0,0
1970690,1,0,842,0,222,41,166181.81,149762,338,88,0,0
1970808,1,0,842,0,220,41,166181.81,149762,338,88,0,0
1970939,1,0,841,0,218,41,166181.81,149762,338,88,0,0
1971039,1,0,841,0,216,41,166181.81,149762,338,88,0,0
1971153,1,0,841,0,214,41,166181.81,149762,338,88,0,0
1971289,1,0,843,0,212,41,166181.81,149762,338,88,0,0
1971407,1,0,843,0,210,41,166181.81,149762,338,88,0,0
1971539,1,0,843,0,210,41,166181.81,149762,338,88,0,0
1971652,1,0,843,0,210,41,166181.81,149762,338,88,0,0
1971771,1,0,844,0,210,41,166181.81,149762,338,88,0,0
1971799,1,0,843,0,210,41,166181.81,149762,338,88,0,0
1972006,1,0,843,0,212,41,166181.81,149762,338,88,0,0
1972106,1,0,844,0,212,41,166181.81,149762,338,88,0,0
1972239,1,0,843,0,212,41,166181.81,149762,338,88,0,0
1972312,1,0,844,0,212,41,166181.81,149762,338,88,0,0
1972445,1,0,844,0,212,41,166181.81,149762,338,88,0,0
1972590,1,0,844,0,212,41,166181.81,149762,338,88,0,0
1972706,1,0,844,0,212,41,166181.81,149762,338,88,0,0
1972806,1,0,844,0,212,41,166181.81,149762,338,88,0,0
1972950,1,0,844,0,210,41,166181.81,149762,338,88,0,0
1973039,1,0,844,0,210,41,166182.83,149762,338,88,0,0
1973181,1,0,843,0,208,41,166182.83,149762,338,88,0,0
1973289,1,0,841,0,202,41,166182.83,149762,338,88,0,0
1973407,1,0,841,0,196,41,166182.83,149762,338,88,0,0
1973539,1,0,842,0,180,41,166182.83,149762,338,88,0,0
1973651,1,0,841,0,176,41,166182.83,149762,338,88,0,0
1973771,1,0,842,0,172,41,166182.83,149762,338,88,0,0
1973806,1,0,841,0,172,41,166182.83,149762,338,88,0,0
1974006,1,0,841,0,168,41,166182.83,149762,338,88,0,0
1974131,1,0,842,0,162,41,166182.83,149762,338,88,0,0
1974239,1,0,841,0,160,41,166182.83,149762,338,88,0,0
1974289,1,0,841,0,160,41,166182.83,149762,338,88,0,0
1974481,1,0,841,0,156,41,166182.83,149762,338,88,0,0
1974590,1,0,840,0,156,41,166182.83,149762,338,88,0,0
1974706,1,0,841,0,154,41,166182.83,149762,338,88,0,0
1974821,1,0,841,0,154,41,166182.83,149762,338,88,0,0
1974948,1,0,841,0,150,41,166182.83,149762,338,88,0,0
1975039,1,0,841,0,150,41,166182.83,149762,338,88,0,0
1975190,1,0,841,0,150,41,166182.83,149762,338,88,0,0
1975289,1,0,841,0,150,41,166182.83,149762,338,88,0,0
1975431,1,0,841,0,148,41,166182.83,149762,338,88,0,0
1975539,1,0,841,0,148,41,166182.83,149762,338,88,0,0
1975651,1,0,841,0,148,41,166182.83,149762,338,88,0,0
1975781,1,0,840,0,148,41,166182.83,149762,338,88,0,0
1975906,1,0,840,0,148,41,166182.83,149762,338,88,0,0
1976031,1,0,841,0,148,41,166182.83,149762,338,88,0,0
1976151,1,0,840,0,148,41,166182.83,149762,338,88,0,0
1976271,1,0,840,0,146,41,166183.83,149762,338,88,0,0
1976293,1,0,840,0,146,41,166183.83,149762,338,88,0,0
1976506,1,0,840,0,146,41,166183.83,149762,338,88,0,0
1976606,1,0,840,0,148,41,166183.83,149762,338,88,0,0
1976731,1,0,840,0,148,41,166183.83,149762,338,88,0,0
1976806,1,0,840,0,148,41,166183.83,149762,338,88,0,0
1976939,1,0,840,0,148,41,166183.83,149762,338,88,0,0
1977087,1,0,840,0,148,41,166183.83,149762,338,88,0,0
1977190,1,0,840,0,148,41,166183.83,149762,338,88,0,0
1977320,1,0,839,0,148,41,166183.83,149762,338,88,0,0
1977431,1,0,839,0,148,41,166183.83,149762,338,88,0,0
1977539,1,0,839,0,148,41,166183.83,149762,338,88,0,0
1977651,1,0,839,0,148,41,166183.83,149762,338,88,0,0
1977789,1,0,838,0,148,41,166183.83,149762,338,88,0,0
1977906,1,0,838,0,148,41,166183.83,149762,338,88,0,0
1978039,1,0,838,0,148,41,166183.83,149762,338,88,0,0
1978151,1,0,839,0,146,41,166183.83,149762,338,88,0,0
1978281,1,0,839,0,146,41,166183.83,149762,338,88,0,0
1978306,1,0,839,0,146,41,166183.83,149762,338,88,0,0
1978506,1,0,840,0,146,41,166183.83,149762,338,88,0,0
1978631,1,0,839,0,146,41,166183.83,149762,338,88,0,0
1978739,1,0,839,0,146,41,166183.83,149762,338,88,0,0
1978820,1,0,839,0,146,41,166183.83,149762,338,88,0,0
1978981,1,0,839,0,146,41,166183.83,149762,338,88,0,0
1979090,1,0,838,0,146,41,166183.83,149762,338,88,0,0
1979206,1,0,838,0,146,41,166183.83,149762,338,88,0,0
1979306,1,0,837,0,146,41,166183.83,149762,338,88,0,0
1979432,1,0,837,0,144,41,166183.83,149762,338,88,0,0
1979539,1,0,837,0,144,41,166183.83,149762,338,88,0,0
1979681,1,0,837,0,142,41,166184.83,149762,338,88,0,0
1979802,1,0,837,0,140,41,166184.83,149762,338,88,0,0
1979806,1,0,837,0,140,41,166184.83,149762,338,88,0,0
1980031,1,0,837,0,138,41,166184.83,149762,338,88,0,0
1980151,1,0,836,0,136,41,166184.83,149762,338,88,0,0
1980239,1,0,836,0,136,41,166184.83,149762,338,88,0,0
1980306,1,0,836,0,136,41,166184.83,149762,338,88,0,0
1980489,1,0,836,0,136,41,166184.83,149762,335,88,0,0
1980606,1,0,836,0,134,41,166184.83,149762,335,88,0,0
1980731,1,0,836,0,132,41,166184.83,149762,335,88,0,0
1980789,1,0,836,0,132,41,166184.83,149762,335,88,0,0
1980945,1,0,836,0,134,41,166184.83,149762,335,88,0,0
1981039,1,0,836,0,164,41,166184.83,149762,335,88,0,0
1981189,1,0,835,0,200,41,166184.83,149762,335,88,0,0
1981289,1,0,835,0,226,41,166184.83,149762,335,88,0,0
1981415,1,0,835,0,226,41,166184.83,149762,335,88,0,0
1981539,1,0,835,0,256,41,166184.83,149762,335,88,0,0
1981651,1,0,835,0,260,41,166184.83,149762,335,88,0,0
1981789,1,0,836,0,262,41,166184.83,149762,335,88,0,0
1981906,1,0,836,0,262,41,166184.83,149762,335,88,0,0
1982039,1,0,835,0,228,41,166184.83,149762,335,88,0,0
1982151,1,0,835,0,178,41,166184.83,149762,335,88,0,0
1982271,1,0,835,0,168,41,166184.83,149762,335,88,0,0
1982306,1,0,835,0,168,41,166184.83,149762,335,88,0,0
1982506,1,0,835,0,160,41,166184.83,149762,335,88,0,0
1982606,1,0,835,0,152,41,166184.83,149762,335,88,0,0
1982739,1,0,835,0,144,41,166184.83,149762,335,88,0,0
1982817,1,0,834,0,144,41,166184.83,149762,335,88,0,0
1982943,1,0,834,0,142,41,166184.83,149762,335,88,0,0
1983089,1,0,833,0,140,41,166185.84,149762,335,87,0,0
1983206,1,0,833,0,140,41,166185.84,149762,335,87,0,0
1983306,1,0,801,0,138,41,166185.84,149762,335,87,0,0
1983413,1,0,833,0,138,41,166185.84,149762,335,87,0,0
1983539,1,0,832,0,138,41,166185.84,149762,335,87,0,0
1983681,1,0,832,0,138,41,166185.84,149762,335,87,0,0
1983789,1,0,863,0,138,41,166185.84,149762,335,87,0,0
1983844,1,0,863,0,138,41,166185.84,149762,335,87,0,0
1984021,1,0,863,0,138,41,166185.84,149762,335,87,0,0
1984141,1,0,863,0,138,41,166185.84,149762,335,87,0,0
1984239,1,0,863,0,140,41,166185.84,149762,335,87,0,0
1984306,1,0,863,0,140,41,166185.84,149762,335,87,0,0
1984489,1,0,863,0,140,41,166185.84,149762,335,87,0,0
1984606,1,0,862,0,138,41,166185.84,149762,335,87,0,0
1984706,1,0,862,0,138,41,166185.84,149762,335,87,0,0
1984806,1,0,862,0,138,41,166185.84,149762,335,87,0,0
1984942,1,0,862,0,138,41,166185.84,149762,335,87,0,0
1985039,1,0,863,0,138,41,166185.84,149762,335,87,0,0
1985189,1,0,832,0,138,41,166185.84,149762,335,87,0,0
1985289,1,0,832,0,136,41,166185.84,149762,335,87,0,0
1985412,1,0,832,0,136,41,166185.84,149762,335,87,0,0
1985539,1,0,833,0,136,41,166185.84,149762,335,87,0,0
1985651,1,0,833,0,136,41,166185.84,149762,335,87,0,0
1985789,1,0,834,0,136,41,166185.84,149762,335,87,0,0
1985906,1,0,834,0,134,41,166185.84,149762,335,87,0,0
1986039,1,0,833,0,134,41,166185.84,149762,335,87,0,0
1986151,1,0,833,0,134,41,166185.84,149762,335,87,0,0
1986271,1,0,832,0,134,41,166185.84,149762,335,87,0,0
1986306,1,0,832,0,134,41,166185.84,149762,335,87,0,0
1986506,1,0,863,0,132,41,166185.84,149762,335,87,0,0
1986606,1,0,863,0,132,41,166186.84,149762,335,87,0,0
1986739,1,0,832,0,130,41,166186.84,149762,335,87,0,0
1986843,1,0,863,0,130,41,166186.84,149762,335,87,0,0
1986939,1,0,863,0,128,41,166186.84,149762,335,87,0,0
1987089,1,0,863,0,126,41,166186.84,149762,335,87,0,0
1987206,1,0,863,0,124,41,166186.84,149762,335,87,0,0
1987289,1,0,800,0,124,41,166186.84,149762,335,87,0,0
1987412,1,0,800,0,122,41,166186.84,149762,335,87,0,0
1987539,1,0,863,0,120,41,166186.84,149762,335,87,0,0
1987681,1,0,832,0,120,41,166186.84,149762,335,87,0,0
1987789,1,0,832,0,118,41,166186.84,149762,335,87,0,0
1987906,1,0,832,0,118,41,166186.84,149762,335,87,0,0
1988039,1,0,833,0,116,41,166186.84,149762,335,87,0,0
1988151,1,0,834,0,116,41,166186.84,149762,335,87,0,0
1988281,1,0,834,0,114,41,166186.84,149762,335,87,0,0
1988306,1,0,835,0,114,41,166186.84,149762,335,87,0,0
1988506,1,0,835,0,114,41,166186.84,149762,335,87,0,0
1988631,1,0,835,0,114,41,166186.84,149762,335,87,0,0
1988739,1,0,835,0,112,41,166186.84,149762,335,87,0,0
1988814,1,0,834,0,112,41,166186.84,149762,335,87,0,0
1988981,1,0,833,0,112,41,166186.84,149762,335,87,0,0
1989089,1,0,833,0,112,41,166186.84,149762,335,87,0,0
1989206,1,0,832,0,112,41,166186.84,149762,335,87,0,0
1989306,1,0,832,0,112,41,166186.84,149762,335,87,0,0
1989412,1,0,832,0,112,41,166186.84,149762,335,87,0,0
1989539,1,0,863,0,112,41,166186.84,149762,335,87,0,0
1989681,1,0,863,0,112,41,166186.84,149762,335,87,0,0
1989789,1,0,832,0,112,41,166186.84,149762,335,87,0,0
1989906,1,0,832,0,112,41,166186.84,149762,335,87,0,0
1990038,1,0,832,0,112,41,166186.84,149762,335,87,0,0
1990151,1,0,832,0,112,41,166187.86,149762,335,87,0,0
1990271,1,0,832,0,112,41,166187.86,149762,335,87,0,0
1990299,1,0,832,0,112,41,166187.86,149762,335,87,0,0
1990506,1,0,832,0,112,41,166187.86,149762,335,87,0,0
1990606,1,0,832,0,112,41,166187.86,149762,335,87,0,0
1990739,1,0,832,0,112,41,166187.86,149762,335,87,0,0
1990806,1,0,833,0,112,41,166187.86,149762,335,87,0,0
1990964,1,0,834,0,112,41,166187.86,149762,335,87,0,0
1991089,1,0,835,0,112,41,166187.86,149762,335,87,0,0
1991206,1,0,835,0,112,41,166187.86,149762,335,87,0,0
1991306,1,0,835,0,112,41,166187.86,149762,335,87,0,0
1991489,1,0,835,0,112,41,166187.86,149762,335,87,0,0
1991606,1,0,835,0,112,41,166187.86,149762,335,87,0,0
1991706,1,0,836,0,112,41,166187.86,149762,335,87,0,0
1991806,1,0,833,0,112,41,166187.86,149762,335,87,0,0
1991930,1,0,833,0,112,41,166187.86,149762,335,87,0,0
1992039,1,0,833,0,112,41,166187.86,149762,335,87,0,0
1992189,1,0,832,0,112,41,166187.86,149762,335,87,0,0
1992306,1,0,800,0,112,41,166187.86,149762,335,87,0,0
1992441,1,0,833,0,112,41,166187.86,149762,335,87,0,0
1992539,1,0,832,0,112,41,166187.86,149762,335,87,0,0
1992651,1,0,832,0,112,41,166187.86,149762,335,87,0,0
1992792,1,0,832,0,112,41,166187.86,149762,335,87,0,0
1992833,1,0,832,0,112,41,166187.86,149762,335,87,0,0
1993020,1,0,832,0,112,41,166187.86,149762,335,87,0,0
1993139,1,0,832,0,82,41,166187.86,149762,335,87,0,0
1993239,1,0,832,0,0,41,166187.86,149762,335,87,0,0
1993306,1,0,832,0,0,41,166187.86,149762,335,87,0,0
1993489,1,0,833,0,0,41,166187.86,149762,335,87,0,0
1993606,1,0,833,0,0,41,166187.86,149762,335,87,0,0
1993706,1,0,834,0,0,41,166187.86,149762,335,87,0,0
1993839,1,0,836,0,0,41,166188.88,149762,335,87,0,0
1993930,1,0,836,0,0,41,166188.88,149762,335,87,0,0
1994039,1,0,836,0,0,41,166188.88,149762,335,87,0,0
1994189,1,0,835,0,0,41,166188.88,149762,335,87,0,0
1994289,1,0,801,0,0,41,166188.88,149762,335,87,0,0
1994412,1,0,801,0,0,41,166188.88,149762,335,87,0,0
1994538,1,0,865,0,0,41,166188.88,149762,335,87,0,0
1994681,1,0,936,0,0,41,166188.88,149762,335,87,0,0
1994790,1,0,1058,0,0,41,166188.88,149762,335,87,0,0
1994930,1,0,1058,0,0,41,166188.88,149762,335,87,0,0
1995038,1,0,1037,0,0,41,166188.88,149762,335,87,0,0
1995150,1,0,1030,0,0,41,166188.88,149762,335,87,0,0
1995281,1,0,1033,0,0,41,166188.88,149762,335,87,0,0
1995306,1,0,1035,0,0,41,166188.88,149762,335,87,0,0
1995520,1,0,1038,0,0,41,166188.88,149762,335,87,0,0
1995631,1,0,1041,0,0,41,166188.88,149762,335,87,0,0
1995738,1,0,1042,0,0,41,166188.88,149762,335,87,0,0
1995790,1,0,1041,0,0,41,166188.88,149762,335,87,0,0
1995988,1,0,1042,0,0,41,166188.88,149762,335,87,0,0
1996106,1,0,1043,0,0,41,166188.88,149762,335,87,0,0
1996205,1,0,1044,0,0,41,166188.88,149762,335,87,0,0
1996288,1,0,1013,0,0,41,166188.88,149762,335,87,0,0
1996412,1,0,1013,0,0,41,166188.88,149762,335,87,0,0
1996538,1,0,1045,0,0,41,166189.89,149762,335,87,0,0
1996680,1,0,1046,0,0,41,166189.89,149762,335,87,0,0
1996789,1,0,1045,0,0,41,166189.89,149762,335,87,0,0
1996917,1,0,1045,0,0,41,166189.89,149762,335,87,0,0
1997038,1,0,1010,0,0,41,166189.89,149762,335,87,0,0
1997150,1,0,1009,0,0,41,166189.89,149762,335,87,0,0
1997270,1,0,1009,0,0,41,166189.89,149762,335,87,0,0
1997343,1,0,1009,0,0,41,166189.89,149762,335,87,0,0
1997505,1,0,1013,0,0,41,166189.89,149762,335,87,0,0
1997605,1,0,1013,0,0,41,166189.89,149762,335,87,0,0
1997730,1,0,1013,0,0,41,166189.89,149762,335,87,0,0
1997834,1,0,947,0,0,41,166189.89,149762,335,87,0,0
1997960,1,0,911,0,0,41,166189.89,149762,335,87,0,0
1998086,1,0,869,0,0,41,166189.89,149762,335,87,0,0
1998189,1,0,858,0,0,41,166189.89,149762,335,87,0,0
1998289,1,0,852,0,0,41,166189.89,149762,335,87,0,0
1998411,1,0,852,0,0,41,166189.89,149762,335,87,0,0
1998538,1,0,845,0,0,41,166189.89,149762,335,87,0,0
1998650,1,0,843,0,12,41,166189.89,149762,335,87,0,0
1998738,1,0,840,0,8,41,166190.89,149762,335,87,0,0
1998806,1,0,837,0,8,41,166190.89,149762,335,87,0,0
1999005,1,0,837,0,8,41,166190.89,149762,335,87,0,0
1999130,1,0,836,0,10,41,166190.89,149762,335,87,0,0
1999238,1,0,837,0,10,41,166190.89,149762,335,87,0,0
1999305,1,0,837,0,10,41,166190.89,149762,335,87,0,0
1999480,1,0,836,0,10,41,166190.89,149762,335,87,0,0
1999589,1,0,836,0,10,41,166190.89,149762,335,87,0,0
1999705,1,0,836,0,22,41,166190.89,149762,335,87,0,0
1999832,1,0,835,0,36,41,166190.89,149762,335,87,0,0
1999930,1,0,835,0,44,41,166190.89,149762,335,87,0,0
2000038,1,0,835,0,56,41,166190.89,149762,335,87,0,0
2000180,1,0,835,0,66,41,166190.89,149762,335,87,0,0
2000288,1,0,834,0,72,41,166190.89,149762,335,87,0,0
2000430,1,0,834,0,76,41,166190.89,149762,335,87,0,0
2000538,1,0,833,0,76,41,166190.89,149762,335,87,0,0
2000650,1,0,833,0,78,41,166190.89,149762,335,87,0,0
2000788,1,0,832,0,78,41,166190.89,149762,335,87,0,0
2000808,1,0,832,0,78,41,166190.89,149762,335,87,0,0
2001020,1,0,863,0,78,41,166190.89,149762,335,87,0,0
2001130,1,0,863,0,78,41,166190.89,149762,335,87,0,0
2001238,1,0,863,0,78,41,166190.89,149762,335,87,0,0
2001305,1,0,863,0,78,41,166190.89,149762,335,87,0,0
2001488,1,0,863,0,78,41,166190.89,149762,335,87,0,0
2001605,1,0,863,0,76,41,166190.89,149762,335,87,0,0
2001705,1,0,862,0,78,41,166190.89,149762,335,87,0,0
2001833,1,0,862,0,76,41,166190.89,149762,335,87,0,0
2001957,1,0,863,0,76,41,166190.89,149762,335,87,0,0
2002038,1,0,863,0,76,41,166190.89,149762,335,87,0,0
2002180,1,0,863,0,76,41,166190.89,149762,335,87,0,0
2002288,1,0,863,0,76,41,166191.91,149762,335,87,0,0
2002432,1,0,863,0,76,41,166191.91,149762,335,87,0,0
2002538,1,0,833,0,76,41,166191.91,149762,335,87,0,0
2002650,1,0,833,0,76,41,166191.91,149762,335,87,0,0
2002785,1,0,833,0,76,41,166191.91,149762,335,87,0,0
2002805,1,0,833,0,76,41,166191.91,149762,335,87,0,0
2003005,1,0,832,0,76,41,166191.91,149762,335,87,0,0
2003130,1,0,832,0,74,41,166191.91,149762,335,87,0,0
2003238,1,0,832,0,74,41,166191.91,149762,335,87,0,0
2003342,1,0,863,0,76,41,166191.91,149762,335,87,0,0
2003480,1,0,863,0,74,41,166191.91,149762,335,87,0,0
2003589,1,0,863,0,74,41,166191.91,149762,335,87,0,0
2003705,1,0,863,0,74,41,166191.91,149762,335,87,0,0
2003788,1,0,863,0,44,41,166191.91,149762,335,87,0,0
2003913,1,0,863,0,16,41,166191.91,149762,335,87,0,0
2004038,1,0,863,0,2,41,166191.91,149762,335,87,0,0
2004180,1,0,863,0,6,41,166191.91,149762,335,87,0,0
2004289,1,0,863,0,6,41,166191.91,149762,335,87,0,0
2004412,1,0,863,0,6,41,166191.91,149762,335,87,0,0
2004538,1,0,863,0,104,41,166191.91,149762,335,87,0,0
2004650,1,0,863,0,134,41,166191.91,149762,335,87,0,0
2004780,1,0,832,0,158,41,166191.91,149762,335,87,0,0
2004805,1,0,833,0,158,41,166191.91,149762,335,87,0,0
2005005,1,0,834,0,164,41,166191.91,149762,335,87,0,0
2005130,1,0,835,0,152,41,166191.91,149762,335,87,0,0
2005238,1,0,835,0,8,41,166191.91,149762,335,87,0,0
2005305,1,0,833,0,8,41,166191.91,149762,335,87,0,0
2005480,1,0,835,0,0,41,166191.91,149762,335,87,0,0
2005589,1,0,835,0,0,41,166191.91,149762,335,87,0,0
2005705,1,0,905,0,0,41,166191.91,149762,335,87,0,0
2005788,1,0,1011,0,0,41,166191.91,149762,335,87,0,0
2005912,1,0,1011,0,0,41,166191.91,149762,335,87,0,0
2006038,1,0,1157,0,0,41,166192.92,149762,335,87,0,0
2006180,1,0,1166,0,0,41,166192.92,149762,335,87,0,0
2006288,1,0,1174,0,0,41,166192.92,149762,335,87,0,0
2006305,1,0,1174,0,0,41,166192.92,149762,335,87,0,0
2006530,1,0,1312,0,0,41,166192.92,149762,335,87,0,0
2006650,1,0,1469,6,0,41,166192.92,149762,335,87,0,0
2006738,1,0,1574,20,0,41,166192.92,149762,335,87,0,0
2006805,1,0,1601,21,0,41,166192.92,149762,335,87,0,0
2006988,1,0,1626,21,0,41,166192.92,149762,335,87,0,0
2007105,1,3,1628,21,0,41,166193.92,149762,335,87,0,0
2007230,1,4,1597,21,0,41,166193.92,149762,335,87,0,0
2007305,1,4,1593,21,0,41,166193.92,149762,335,87,0,0
2007440,1,4,1522,21,0,41,166193.92,149762,335,87,0,0
2007586,1,6,1514,21,0,41,166193.92,149762,335,87,0,0
2007689,1,6,1498,19,0,41,166193.92,149762,335,87,0,0
2007810,1,8,1460,18,0,41,166193.92,149762,335,87,0,0
2007938,1,8,1456,18,0,41,166194.94,149762,335,87,0,0
2008038,1,9,1457,18,0,41,166194.94,149762,335,87,0,0
2008189,1,10,1592,15,0,41,166194.94,149762,335,87,0,0
2008305,1,11,1636,12,0,41,166194.94,149762,335,87,0,0
2008423,1,11,1636,12,0,41,166194.94,149762,335,87,0,0
2008539,1,12,1639,0,0,41,166194.94,149762,335,87,0,0
2008650,1,12,1646,0,0,41,166194.94,149762,335,87,0,0
2008782,1,12,1591,0,0,41,166195.95,149762,335,87,0,0
2008788,1,12,1537,0,0,41,166195.95,149762,335,87,0,0
2009005,1,12,1490,0,0,41,166195.95,149762,335,87,0,0
2009115,1,12,1468,0,0,41,166195.95,149762,335,87,0,0
2009238,1,12,1429,0,0,41,166195.95,149762,335,87,0,0
2009332,1,12,1384,0,8,41,166195.95,149762,335,87,0,0
2009480,1,12,1345,0,8,41,166195.95,149762,335,87,0,0
2009589,1,12,1308,0,8,41,166195.95,149762,335,87,0,0
2009705,1,12,1305,0,10,41,166195.95,149762,335,87,0,0
2009805,1,12,1269,0,10,41,166195.95,149762,335,87,0,0
2009909,1,12,1269,0,12,41,166195.95,149762,335,87,0,0
2010038,1,12,1201,0,8,41,166195.95,149762,335,87,0,0
2010180,1,12,1198,0,0,41,166195.95,149762,335,87,0,0
2010289,1,12,1163,0,0,41,166195.95,149762,335,87,0,0
2010305,1,12,1163,0,0,41,166195.95,149762,335,87,0,0
2010521,1,11,1131,0,0,41,166195.95,149762,335,87,0,0
2010638,1,11,1129,0,0,41,166195.95,149762,335,87,0,0
2010738,1,11,1097,0,0,41,166195.95,149762,335,87,0,0
2010805,1,11,1105,0,0,41,166195.95,149762,335,87,0,0
2010988,1,11,1094,0,0,41,166195.95,149762,335,87,0,0
2011105,1,11,1099,0,0,41,166195.95,149762,335,87,0,0
2011205,1,11,1101,0,0,41,166196.97,149762,335,87,0,0
2011319,1,11,1099,0,0,41,166196.97,149762,335,87,0,0
2011430,1,11,1067,0,0,41,166196.97,149762,335,87,0,0
2011539,1,11,1129,0,0,41,166196.97,149762,335,87,0,0
2011689,1,11,1153,0,0,41,166196.97,149762,335,87,0,0
2011805,1,10,1205,0,0,41,166196.97,149762,335,87,0,0
2011934,1,10,1190,0,0,41,166196.97,149762,335,87,0,0
2012038,1,9,1219,0,0,41,166196.97,149762,335,87,0,0
2012150,1,9,1220,0,0,41,166196.97,149762,335,87,0,0
2012280,1,9,1252,8,0,41,166196.97,149762,335,87,0,0
2012341,1,8,1285,8,0,41,166196.97,149762,335,87,0,0
2012520,1,8,1289,11,0,41,166196.97,149762,335,87,0,0
2012630,1,8,1215,12,0,41,166196.97,149762,335,87,0,0
2012738,1,8,1251,25,0,41,166196.97,149762,335,87,0,0
2012805,1,9,1329,32,0,41,166196.97,149762,335,87,0,0
2012989,1,9,1313,39,0,41,166196.97,149762,335,87,0,0
2013105,1,9,1374,42,0,41,166196.97,149762,335,87,0,0
2013205,1,10,1408,48,0,41,166197.98,149762,335,87,0,0
2013305,1,10,1469,50,0,41,166197.98,149762,335,87,0,0
2013430,1,10,1501,50,0,41,166197.98,149762,335,87,0,0
2013539,1,10,1565,51,0,41,166197.98,149762,335,87,0,0
2013689,1,11,1592,51,0,41,166197.98,149762,335,87,0,0
2013805,1,11,1657,51,0,41,166197.98,149762,335,87,0,0
2013907,1,11,1657,51,0,41,166197.98,149762,335,87,0,0
2014039,1,12,1722,55,0,41,166197.98,149762,335,87,0,0
2014180,1,12,1790,58,0,41,166197.98,149762,335,87,0,0
2014289,1,12,1810,59,0,41,166197.98,149762,335,87,0,0
2014430,1,12,1842,59,0,41,166197.98,149762,335,87,0,0
2014539,1,13,1891,59,0,41,166199.02,149762,335,87,0,0
2014650,1,13,1927,59,0,41,166199.02,149762,335,87,0,0
2014789,1,13,1988,59,0,41,166199.02,149762,335,87,0,0
2014811,1,14,1988,59,0,41,166199.02,149762,335,87,0,0
2015020,1,14,2056,59,0,41,166199.02,149762,335,87,0,0
2015139,1,15,2126,59,0,41,166199.02,149762,335,87,0,0
2015239,1,15,2160,61,0,41,166199.02,149762,335,87,0,0
2015289,1,15,2188,61,0,41,166199.02,149762,335,87,0,0
2015489,1,15,2256,57,0,41,166200.05,149762,335,87,0,0
2015605,1,16,2290,52,0,41,166200.05,149762,335,87,0,0
2015730,1,16,2283,49,0,41,166200.05,149762,335,87,0,0
2015805,1,16,2322,48,0,41,166200.05,149762,335,87,0,0
2015939,1,16,2348,48,0,41,166200.05,149762,335,87,0,0
2016086,1,16,2313,15,0,41,166200.05,149762,335,87,0,0
2016205,1,17,2278,15,0,41,166200.05,149762,335,87,0,0
2016305,1,17,2298,15,0,41,166200.05,149762,335,87,0,0
2016432,1,17,2330,15,0,41,166200.05,149762,335,87,0,0
2016539,1,16,2364,15,0,41,166200.05,149762,335,87,0,0
2016689,1,16,2276,15,0,41,166200.05,149762,335,87,0,0
2016805,1,16,2279,24,0,41,166201.05,149762,335,87,0,0
2016939,1,16,2314,24,0,41,166201.05,149762,335,87,0,0
2017039,1,16,2365,47,0,41,166201.05,149762,335,87,0,0
2017180,1,16,2446,50,0,41,166201.05,149762,335,87,0,0
2017289,1,16,2282,50,0,41,166201.05,149762,335,87,0,0
2017317,1,16,2282,50,0,41,166201.05,149762,335,87,0,0
2017530,1,17,2437,50,0,41,166201.05,149762,335,87,0,0
2017650,1,17,2428,41,0,41,166201.05,149762,335,87,0,0
2017739,1,17,2378,24,0,41,166201.05,149762,335,87,0,0
2017833,1,17,2361,9,0,41,166201.05,149762,335,87,0,0
2018005,1,17,2229,0,0,41,166202.06,149762,335,87,0,0
2018105,1,17,2101,0,0,41,166202.06,149762,335,87,0,0
2018239,1,17,1856,0,0,41,166202.06,149762,335,87,0,0
2018305,1,17,1821,0,0,41,166202.06,149762,335,87,0,0
2018443,1,17,1757,0,0,41,166202.06,149762,335,87,0,0
2018589,1,17,1595,0,0,41,166202.06,149762,335,87,0,0
2018705,1,17,1525,0,0,41,166202.06,149762,335,87,0,0
2018806,1,17,1489,0,0,41,166202.06,149762,335,87,0,0
2018939,1,17,1393,0,0,41,166202.06,149762,335,87,0,0
2019039,1,17,1364,0,0,41,166202.06,149762,335,87,0,0
2019189,1,16,1289,0,0,41,166202.06,149762,335,87,0,0
2019305,1,16,1251,0,0,41,166202.06,149762,335,87,0,0
2019431,1,16,1251,0,0,41,166202.06,149762,335,87,0,0
2019539,1,16,1222,0,0,41,166202.06,149762,335,87,0,0
2019689,1,16,1198,0,0,41,166202.06,149762,335,87,0,0
2019805,1,16,1228,0,0,41,166202.06,149762,335,87,0,0
2019939,1,16,1196,0,0,41,166202.06,149762,335,87,0,0
2020039,1,16,1193,0,0,41,166202.06,149762,335,87,0,0
2020150,1,16,1187,0,0,41,166202.06,149762,335,87,0,0
2020290,1,15,1157,0,0,41,166202.06,149762,335,87,0,0
2020316,1,15,1157,0,0,41,166202.06,149762,335,87,0,0
2020530,1,15,1127,0,0,41,166202.06,149762,335,87,0,0
2020640,1,15,1128,0,0,41,166202.06,149762,335,87,0,0
2020739,1,15,1129,0,0,41,166203.08,149762,335,87,0,0
2020805,1,14,1130,0,0,41,166203.08,149762,335,87,0,0
2021005,1,14,1099,0,0,41,166203.08,149762,335,87,0,0
2021105,1,14,1099,0,0,41,166203.08,149762,335,87,0,0
2021239,1,14,1066,0,0,41,166203.08,149762,335,87,0,0
2021305,1,14,1065,0,0,41,166203.08,149762,335,87,0,0
2021480,1,14,1064,0,0,41,166203.08,149762,335,87,0,0
2021590,1,14,1064,0,0,41,166203.08,149762,335,87,0,0
2021705,1,14,1064,0,0,41,166203.08,149762,335,87,0,0
2021805,1,14,1063,0,0,41,166203.08,149762,335,87,0,0
2021939,1,14,1031,0,0,41,166203.08,149762,335,87,0,0
2022039,1,14,1031,0,0,41,166203.08,149762,335,87,0,0
2022189,1,13,1032,0,0,41,166203.08,149762,335,87,0,0
2022305,1,13,1032,0,0,41,166203.08,149762,335,87,0,0
2022430,1,13,1032,0,0,41,166203.08,149762,335,87,0,0
2022539,1,13,1032,0,0,41,166203.08,149762,335,87,0,0
2022680,1,13,1001,5,0,41,166203.08,149762,335,87,0,0
2022799,1,13,1003,7,0,41,166203.08,149762,335,87,0,0
2022930,1,13,1035,7,0,41,166203.08,149762,335,87,0,0
2023040,1,13,1036,9,0,41,166203.08,149762,335,87,0,0
2023150,1,13,1037,12,0,41,166203.08,149762,335,87,0,0
2023290,1,13,1015,18,0,41,166203.08,149762,335,87,0,0
2023316,1,13,1015,18,0,41,166203.08,149762,335,87,0,0
2023520,1,13,1042,21,0,41,166203.08,149762,335,87,0,0
2023639,1,13,1077,23,0,41,166203.08,149762,335,87,0,0
2023739,1,14,1078,27,0,41,166204.11,149762,335,87,0,0
2023805,1,14,1051,27,0,41,166204.11,149762,335,87,0,0
2023990,1,14,1049,27,0,41,166204.11,149762,335,87,0,0
2024106,1,13,1081,27,0,41,166204.11,149762,335,87,0,0
2024230,1,14,1085,27,0,41,166204.11,149762,335,87,0,0
2024332,1,14,1057,27,0,41,166204.11,149762,335,87,0,0
2024442,1,14,1057,27,0,41,166204.11,149762,335,87,0,0
2024592,1,14,1056,27,0,41,166204.11,149762,335,87,0,0
2024704,1,14,1088,24,0,41,166204.11,149762,335,87,0,0
2024805,1,14,1090,17,0,41,166204.11,149762,335,87,0,0
2024939,1,14,1088,8,0,41,166204.11,149762,335,87,0,0
2025040,1,14,1105,0,0,41,166204.11,149762,335,87,0,0
2025190,1,14,1107,0,0,41,166204.11,149762,335,87,0,0
2025305,1,14,1097,0,0,41,166204.11,149762,335,87,0,0
2025440,1,14,1059,0,0,41,166204.11,149762,335,87,0,0
2025539,1,14,1089,0,0,41,166204.11,149762,335,87,0,0
2025680,1,14,1119,0,0,41,166204.11,149762,335,87,0,0
2025792,1,14,1109,0,0,41,166205.12,149762,335,87,0,0
2025812,1,14,1109,0,0,41,166205.12,149762,335,87,0,0
2026030,1,14,1075,0,0,41,166205.12,149762,335,87,0,0
2026155,1,14,1074,0,0,41,166205.12,149762,335,87,0,0
2026270,1,14,1041,0,0,41,166205.12,149762,335,87,0,0
2026348,1,13,1041,0,0,41,166205.12,149762,335,87,0,0
2026505,1,13,1042,0,0,41,166205.12,149762,335,87,0,0
2026630,1,13,1009,0,0,41,166205.12,149762,335,87,0,0
2026740,1,13,1011,0,0,41,166205.12,149762,335,87,0,0
2026841,1,13,1010,0,0,41,166205.12,149762,335,87,0,0
2026979,1,13,979,0,0,41,166205.12,149762,335,87,0,0
2027105,1,13,979,0,0,41,166205.12,149762,335,87,0,0
2027204,1,12,980,6,0,41,166205.12,149762,335,87,0,0
2027305,1,12,981,7,0,41,166205.12,149762,335,87,0,0
2027440,1,12,953,7,0,41,166205.12,149762,335,87,0,0
2027542,1,12,986,22,0,41,166205.12,149762,335,87,0,0
2027692,1,12,964,32,0,41,166205.12,149762,335,87,0,0
2027805,1,12,1008,33,0,41,166205.12,149762,335,87,0,0
2027939,1,12,963,33,0,41,166205.12,149762,335,87,0,0
2028042,1,12,956,33,0,41,166205.12,149762,335,87,0,0
2028192,1,12,962,33,0,41,166205.12,149762,335,87,0,0
2028305,1,13,964,21,0,41,166205.12,149762,335,87,0,0
2028411,1,13,996,0,0,41,166205.12,149762,335,87,0,0
2028542,1,13,979,0,0,41,166205.12,149762,335,87,0,0
2028679,1,13,988,0,0,41,166205.12,149762,335,87,0,0
2028805,1,13,960,0,0,41,166205.12,149762,335,87,0,0
2028923,1,13,960,0,0,41,166205.12,149762,335,87,0,0
2029039,1,13,962,0,0,41,166206.12,149762,335,87,0,0
2029150,1,13,966,0,0,41,166206.12,149762,335,87,0,0
2029279,1,13,1000,0,2,41,166206.12,149762,335,87,0,0
2029334,1,13,1003,0,0,41,166206.12,149762,335,87,0,0
2029504,1,13,1001,0,0,41,166206.12,149762,335,87,0,0
2029629,1,13,998,0,2,41,166206.12,149762,335,87,0,0
2029742,1,13,996,0,4,41,166206.12,149762,335,87,0,0
2029832,1,13,997,0,4,41,166206.12,149762,335,87,0,0
2029948,1,13,997,0,4,41,166206.12,149762,335,87,0,0
2030104,1,13,1045,0,6,41,166206.12,149762,335,87,0,0
2030204,1,13,1049,0,4,41,166206.12,149762,335,87,0,0
2030305,1,13,1044,0,4,41,166206.12,149762,335,87,0,0
2030442,1,13,1038,0,4,41,166206.12,149762,335,87,0,0
2030585,1,13,1038,0,8,41,166206.12,149762,335,87,0,0
2030692,1,13,1038,0,10,41,166206.12,149762,335,87,0,0
2030805,1,13,1036,0,12,40,166206.12,149762,335,87,0,0
2030929,1,13,1036,0,14,40,166206.12,149762,335,87,0,0
2031042,1,13,1036,0,20,40,166206.12,149762,335,87,0,0
2031179,1,13,1036,0,24,40,166206.12,149762,335,87,0,0
2031305,1,13,1036,0,32,40,166206.12,149762,335,87,0,0
2031305,1,13,1036,0,32,40,166206.12,149762,335,87,0,0
2031542,1,12,1072,0,58,40,166206.12,149762,335,87,0,0
2031649,1,12,1073,0,78,40,166206.12,149762,335,87,0,0
2031769,1,11,1073,0,86,40,166206.12,149762,335,87,0,0
2031805,1,11,1073,0,86,40,166206.12,149762,335,87,0,0
2032004,1,9,1073,0,88,40,166207.14,149762,335,87,0,0
2032129,1,8,1073,0,82,40,166207.14,149762,335,87,0,0
2032242,1,7,1072,0,76,40,166207.14,149762,335,87,0,0
2032346,1,7,1038,0,58,40,166207.14,149762,335,87,0,0
2032492,1,7,1037,0,58,40,166207.14,149762,335,87,0,0
2032604,1,5,1037,0,38,40,166207.14,149762,335,87,0,0
2032704,1,5,1037,0,20,40,166207.14,149762,335,87,0,0
2032832,1,5,1036,0,2,40,166207.14,149762,335,87,0,0
2032946,1,5,1036,0,2,40,166207.14,149762,335,87,0,0
2033092,1,4,1038,0,0,40,166207.14,149762,335,87,0,0
2033204,1,4,1038,0,0,40,166207.14,149762,335,87,0,0
2033305,1,4,1008,0,0,40,166207.14,149762,335,87,0,0
2033442,1,4,1008,0,0,40,166207.14,149762,335,87,0,0
2033585,1,4,1006,0,4,40,166207.14,149762,335,87,0,0
2033704,1,3,972,0,10,40,166207.14,149762,335,87,0,0
2033805,1,3,972,0,10,40,166207.14,149762,335,87,0,0
2033841,1,3,940,0,16,40,166207.14,149762,335,87,0,0
2034042,1,3,940,0,28,40,166207.14,149762,335,87,0,0
2034149,1,3,908,0,46,40,166207.14,149762,335,87,0,0
2034305,1,0,907,0,46,40,166207.14,149762,335,87,0,0
2034484,1,0,875,0,48,40,166207.14,149762,335,87,0,0
2034592,1,0,840,0,0,40,166207.14,149762,335,87,0,0
2034704,1,0,839,0,4,40,166207.14,149762,335,87,0,0
2034805,1,0,839,0,6,40,166207.14,149762,335,87,0,0
2034929,1,0,839,0,6,40,166207.14,149762,335,87,0,0
2035042,1,0,840,0,6,40,166207.14,149762,335,87,0,0
2035179,1,0,838,0,6,40,166208.14,149762,335,87,0,0
2035305,1,0,838,0,0,40,166208.14,149762,335,87,0,0
2035332,1,0,838,0,0,40,166208.14,149762,335,87,0,0
2035529,1,0,837,0,0,40,166208.14,149762,335,87,0,0
2035649,1,0,839,0,0,40,166208.14,149762,335,87,0,0
2035769,1,0,838,0,0,40,166208.14,149762,335,87,0,0
2035806,1,0,837,0,0,40,166208.14,149762,335,87,0,0
2036004,1,0,837,0,0,40,166208.14,149762,335,87,0,0
2036104,1,0,837,0,0,40,166208.14,149762,335,88,0,0
2036242,1,0,869,0,0,40,166208.14,149762,335,88,0,0
2036305,1,0,910,0,0,40,166208.14,149762,335,88,0,0
2036442,1,0,1118,0,0,40,166208.14,149762,335,88,0,0
2036592,1,0,1141,0,0,40,166208.14,149762,335,88,0,0
2036704,1,0,1140,0,0,40,166208.14,149762,335,88,0,0
2036805,1,0,1145,0,0,40,166208.14,149762,335,88,0,0
2036944,1,0,1111,0,0,40,166208.14,149762,335,88,0,0
2037042,1,0,1045,0,0,40,166208.14,149762,335,88,0,0
2037192,1,0,1114,0,0,40,166208.14,149762,335,88,0,0
2037305,1,0,1168,0,0,40,166208.14,149762,335,88,0,0
2037442,1,0,1187,0,0,40,166208.14,149762,335,88,0,0
2037542,1,0,1172,0,0,40,166209.17,149762,335,88,0,0
2037679,1,0,1165,0,0,40,166209.17,149762,335,88,0,0
2037791,1,0,1170,0,0,40,166209.17,149762,335,88,0,0
2037929,1,0,1170,0,0,40,166209.17,149762,335,88,0,0
2038042,1,0,1142,0,0,40,166209.17,149762,335,88,0,0
2038149,1,0,1179,0,0,40,166209.17,149762,335,88,0,0
2038291,1,0,1160,0,0,40,166209.17,149762,335,88,0,0
2038346,1,0,1160,0,0,40,166209.17,149762,335,88,0,0
2038519,1,0,1175,0,0,40,166209.17,149762,335,88,0,0
2038642,1,0,1147,0,0,40,166209.17,149762,335,88,0,0
2038742,1,0,1133,0,0,40,166209.17,149762,335,88,0,0
2038805,1,0,1116,0,0,40,166209.17,149762,335,88,0,0
2038992,1,0,993,0,0,40,166209.17,149762,335,88,0,0
2039104,1,0,942,0,0,40,166209.17,149762,335,88,0,0
2039229,1,0,903,0,0,40,166210.19,149762,335,88,0,0
2039305,1,0,900,0,0,40,166210.19,149762,335,88,0,0
2039441,1,0,909,0,0,40,166210.19,149762,335,88,0,0
2039542,1,0,946,0,0,40,166210.19,149762,335,88,0,0
2039692,1,0,947,0,0,40,166210.19,149762,335,88,0,0
2039805,1,0,910,0,0,40,166210.19,149762,335,88,0,0
2039929,1,0,910,0,0,40,166210.19,149762,335,88,0,0
2040042,1,0,871,0,0,40,166210.19,149762,335,88,0,0
2040179,1,0,871,0,0,40,166210.19,149762,335,88,0,0
2040291,1,0,873,0,0,40,166210.19,149762,335,88,0,0
2040318,1,0,873,0,0,40,166210.19,149762,335,88,0,0
2040531,1,0,875,0,0,40,166210.19,149762,335,88,0,0
2040641,1,0,876,0,0,40,166210.19,149762,335,88,0,0
2040741,1,0,877,0,0,40,166210.19,149762,335,88,0,0
2040832,1,0,875,0,0,40,166210.19,149762,335,88,0,0
2041004,1,0,930,0,0,40,166210.19,149762,335,88,0,0
2041104,1,0,1100,0,0,40,166210.19,149762,335,88,0,0
2041229,1,0,1212,0,0,40,166210.19,149762,335,88,0,0
2041305,1,0,1163,0,0,40,166210.19,149762,335,88,0,0
2041441,1,0,1153,0,0,40,166210.19,149762,335,88,0,0
2041585,1,0,1104,0,0,40,166210.19,149762,335,88,0,0
2041704,1,0,1083,0,0,40,166211.20,149762,335,88,0,0
2041812,1,0,1050,0,0,40,166211.20,149762,335,88,0,0
2041941,1,0,1017,0,0,40,166211.20,149762,335,88,0,0
2042042,1,0,1017,0,0,40,166211.20,149762,335,88,0,0
2042179,1,0,1016,0,0,40,166211.20,149762,335,88,0,0
2042304,1,0,1017,0,0,40,166211.20,149762,335,88,0,0
2042304,1,0,1017,0,0,40,166211.20,149762,335,88,0,0
2042529,1,0,1012,0,0,40,166211.20,149762,335,88,0,0
2042649,1,0,1013,0,0,40,166211.20,149762,335,88,0,0
2042769,1,0,1013,0,0,40,166211.20,149762,335,88,0,0
2042860,1,0,1014,0,0,40,166211.20,149762,335,88,0,0
2043004,1,0,1015,0,0,40,166211.20,149762,335,88,0,0
2043119,1,0,1015,0,0,40,166211.20,149762,335,88,0,0
2043241,1,0,1016,0,0,40,166211.20,149762,335,88,0,0
2043342,1,0,1018,0,0,40,166211.20,149762,335,88,0,0
2043453,1,0,1018,0,0,40,166211.20,149762,335,88,0,0
2043592,1,0,1018,0,0,40,166211.20,149762,335,88,0,0
2043704,1,0,1021,0,0,40,166212.23,149762,335,88,0,0
2043832,1,0,1022,0,0,40,166212.23,149762,335,88,0,0
2043941,1,0,1022,0,0,40,166212.23,149762,335,88,0,0
2044085,1,0,1023,0,0,40,166212.23,149762,335,88,0,0
2044204,1,0,992,0,0,40,166212.23,149762,335,88,0,0
2044304,1,0,994,0,0,40,166212.23,149762,335,88,0,0
2044442,1,0,992,0,0,40,166212.23,149762,335,88,0,0
2044541,1,0,992,0,0,40,166212.23,149762,335,88,0,0
2044691,1,0,1021,0,0,40,166212.23,149762,335,88,0,0
2044810,1,0,1021,0,0,40,166212.23,149762,335,88,0,0
2044810,1,0,1021,0,0,40,166212.23,149762,335,88,0,0
2045041,1,0,1021,0,0,40,166212.23,149762,335,88,0,0
2045149,1,0,1020,0,0,40,166212.23,149762,335,88,0,0
2045269,1,0,1053,0,0,40,166212.23,149762,335,88,0,0
2045343,1,0,1052,0,0,40,166212.23,149762,335,88,0,0
2045504,1,0,1000,0,0,40,166213.25,149762,335,88,0,0
2045604,1,0,1118,0,0,40,166213.25,149762,335,88,0,0
2045741,1,0,1227,0,0,40,166213.25,149762,335,88,0,0
2045859,1,0,1201,0,0,40,166213.25,149762,335,88,0,0
2045941,1,0,1109,0,0,40,166213.25,149762,335,88,0,0
2046092,1,0,1071,0,0,40,166213.25,149762,335,88,0,0
2046204,1,3,1114,0,0,40,166213.25,149762,335,88,0,0
2046304,1,3,1087,0,0,40,166213.25,149762,335,88,0,0
2046332,1,3,1087,0,0,40,166213.25,149762,335,88,0,0
2046541,1,4,1074,0,0,40,166214.27,149762,335,88,0,0
2046649,1,5,1105,0,0,40,166214.27,149762,335,88,0,0
2046791,1,5,1107,0,0,40,166214.27,149762,335,88,0,0
2046857,1,6,1107,0,0,40,166214.27,149762,335,88,0,0
2047029,1,6,1087,0,0,40,166214.27,149762,335,88,0,0
2047141,1,7,1064,0,0,40,166214.27,149762,335,88,0,0
2047241,1,7,1081,0,0,40,166214.27,149762,335,88,0,0
2047341,1,7,1111,4,0,40,166214.27,149762,335,88,0,0
2047450,1,7,1111,9,0,40,166214.27,149762,335,88,0,0
2047604,1,8,1199,16,0,40,166214.27,149762,335,88,0,0
2047729,1,8,1273,21,0,40,166214.27,149762,335,88,0,0
2047832,1,9,1312,23,0,40,166215.30,149762,335,88,0,0
2047941,1,9,1391,26,0,40,166215.30,149762,335,88,0,0
2048085,1,10,1463,31,0,40,166215.30,149762,335,88,0,0
2048204,1,10,1504,32,0,40,166215.30,149762,335,88,0,0
2048304,1,11,1574,34,0,40,166215.30,149762,335,88,0,0
2048341,1,11,1574,34,0,40,166215.30,149762,335,88,0,0
2048541,1,11,1710,35,0,40,166215.30,149762,335,88,0,0
2048649,1,12,1746,37,0,40,166215.30,149762,335,88,0,0
2048779,1,12,1780,40,0,40,166215.30,149762,335,88,0,0
2048853,1,12,1814,40,0,40,166216.34,149762,335,88,0,0
2049029,1,13,1878,47,0,40,166216.34,149762,335,88,0,0
2049141,1,13,1951,54,0,40,166216.34,149762,335,88,0,0
2049241,1,13,1957,64,0,40,166216.34,149762,335,88,0,0
2049332,1,14,1990,73,0,40,166216.34,149762,335,88,0,0
2049500,1,14,2150,92,0,40,166216.34,149762,335,88,0,0
2049604,1,15,2225,97,0,40,166216.34,149762,335,88,0,0
2049729,1,15,2275,99,0,40,166217.34,149762,335,88,0,0
2049832,1,16,2399,99,0,40,166217.34,149762,335,88,0,0
2049941,1,16,2512,99,0,40,166217.34,149762,335,88,0,0
2050091,1,18,2699,99,0,40,166218.34,149762,335,88,0,0
2050204,1,19,2787,99,0,40,166218.34,149762,335,88,0,0
2050304,1,20,2904,97,0,40,166218.34,149762,335,88,0,0
2050429,1,20,2968,97,0,40,166218.34,149762,335,88,0,0
2050541,1,21,3113,92,0,40,166219.38,149762,335,88,0,0
2050679,1,22,3177,69,0,40,166219.38,149762,335,88,0,0
2050791,1,23,3222,52,0,40,166219.38,149762,335,88,0,0
2050841,1,23,3222,52,0,40,166219.38,149762,335,88,0,0
2051029,1,23,3139,0,0,40,166219.38,149762,335,88,0,0
2051149,1,23,2965,0,0,40,166220.41,149762,335,88,0,0
2051269,1,23,2792,0,0,40,166220.41,149762,335,88,0,0
2051304,1,23,2689,0,0,40,166220.41,149762,335,88,0,0
2051504,1,23,2438,0,0,40,166220.41,149762,335,88,0,0
2051604,1,23,2348,0,0,40,166220.41,149762,335,88,0,0
2051729,1,23,2289,0,0,40,166220.41,149762,335,88,0,0
2051806,1,23,2169,0,0,40,166220.41,149762,335,88,0,0
2051941,1,23,1793,0,0,40,166220.41,149762,335,88,0,0
2052087,1,24,1698,16,0,40,166220.41,149762,335,88,0,0
2052204,1,23,1868,27,0,40,166220.41,149762,335,88,0,0
2052304,1,24,1890,30,0,40,166220.41,149762,335,88,0,0
2052447,1,24,1826,35,0,40,166220.41,149762,335,88,0,0
2052541,1,24,1834,43,0,40,166220.41,149762,335,88,0,0
2052691,1,24,1801,51,0,40,166220.41,149762,335,88,0,0
2052805,1,24,1834,62,0,40,166220.41,149762,335,88,0,0
2052941,1,24,1874,66,0,40,166220.41,149762,335,88,0,0
2053041,1,24,1900,66,0,40,166221.47,149762,335,88,0,0
2053192,1,25,1921,67,0,40,166221.47,149762,335,88,0,0
2053304,1,25,1925,68,0,40,166221.47,149762,335,88,0,0
2053304,1,25,1925,68,0,40,166221.47,149762,335,88,0,0
2053542,1,26,1986,69,0,40,166221.47,149762,335,88,0,0
2053649,1,26,1986,69,0,40,166221.47,149762,335,88,0,0
2053779,1,26,2014,70,0,40,166221.47,149762,335,88,0,0
2053851,1,26,2041,70,0,40,166221.47,149762,335,88,0,0
2054004,1,27,2071,71,0,40,166222.52,149762,335,88,0,0
2054129,1,27,2070,71,0,40,166222.52,149762,335,88,0,0
2054241,1,27,2101,74,0,40,166222.52,149762,335,88,0,0
2054341,1,27,2138,79,0,40,166222.52,149762,335,88,0,0
2054446,1,27,2138,80,0,40,166222.52,149762,335,88,0,0
2054604,1,28,2204,82,0,40,166222.52,149762,335,88,0,0
2054704,1,29,2220,84,0,40,166223.55,149762,335,88,0,0
2054832,1,29,2229,88,0,40,166223.55,149762,335,88,0,0
2054958,1,29,2268,89,0,40,166223.55,149762,335,88,0,0
2055084,1,30,2312,90,0,40,166223.55,149762,335,88,0,0
2055204,1,31,2352,92,0,40,166223.55,149762,335,88,0,0
2055304,1,31,2386,92,0,40,166224.59,149762,335,88,0,0
2055445,1,31,2418,92,0,40,166224.59,149762,335,88,0,0
2055541,1,32,2453,92,0,40,166224.59,149762,335,88,0,0
2055692,1,32,2499,92,0,40,166224.59,149762,335,88,0,0
2055804,1,33,2508,92,0,40,166224.59,149762,335,88,0,0
2055879,1,33,2540,92,0,40,166224.59,149762,335,88,0,0
2056041,1,34,2618,92,0,40,166225.61,149762,335,88,0,0
2056149,1,34,2612,92,0,40,166225.61,149762,335,88,0,0
2056279,1,34,2676,88,0,40,166225.61,149762,335,88,0,0
2056332,1,35,2679,88,0,40,166225.61,149762,335,88,0,0
2056504,1,36,2726,83,0,40,166225.61,149762,335,88,0,0
2056629,1,36,2742,83,0,40,166226.69,149762,335,88,0,0
2056741,1,36,2758,83,0,40,166226.69,149762,335,88,0,0
2056850,1,36,2806,83,0,40,166226.69,149762,335,88,0,0
2056979,1,36,2836,83,0,40,166226.69,149762,335,88,0,0
2057104,1,37,2822,83,0,40,166227.70,149762,335,88,0,0
2057204,1,37,2861,83,0,40,166227.70,149762,335,88,0,0
2057304,1,38,2902,83,0,40,166227.70,149762,335,88,0,0
2057444,1,38,2902,83,0,40,166227.70,149762,335,88,0,0
2057584,1,38,2943,82,0,40,166227.70,149762,335,88,0,0
2057704,1,39,2946,78,0,40,166228.77,149762,335,88,0,0
2057804,1,39,2996,78,0,40,166228.77,149762,335,88,0,0
2057941,1,39,2999,76,0,40,166228.77,149762,335,88,0,0
2058041,1,39,2992,64,0,40,166228.77,149762,335,88,0,0
2058191,1,40,2974,3,0,40,166228.77,149762,335,88,0,0
2058304,1,40,2901,0,0,40,166229.84,149762,335,88,0,0
2058331,1,40,2901,0,0,40,166229.84,149762,335,88,0,0
2058541,1,40,2470,0,0,40,166229.84,149762,335,88,0,0
2058649,1,40,2321,0,0,40,166229.84,149762,335,88,0,0
2058769,1,39,2177,0,0,40,166229.84,149762,335,88,0,0
2058841,1,39,2076,0,0,40,166229.84,149762,335,88,0,0
2059004,1,39,2110,15,0,40,166229.84,149762,335,88,0,0
2059135,1,39,2137,24,0,40,166229.84,149762,335,88,0,0
2059242,1,39,2065,33,0,40,166229.84,149762,335,88,0,0
2059342,1,39,2090,40,0,40,166229.84,149762,335,88,0,0
2059443,1,39,2090,53,0,40,166229.84,149762,335,88,0,0
2059604,1,39,2105,70,0,40,166229.84,149762,335,88,0,0
2059704,1,39,2141,80,0,40,166229.84,149762,335,88,0,0
2059804,1,40,2136,82,0,40,166229.84,149762,335,88,0,0
2059942,1,40,2139,86,0,40,166230.92,149762,335,88,0,0
2060042,1,40,2151,89,0,40,166230.92,149762,335,88,0,0
2060192,1,40,2175,90,0,40,166230.92,149762,335,88,0,0
2060304,1,41,2186,90,0,40,166230.92,149762,335,88,0,0
2060342,1,41,2186,90,0,40,166230.92,149762,335,88,0,0
2060541,1,41,2221,90,0,40,166231.94,149762,335,88,0,0
2060649,1,42,2216,90,0,40,166231.94,149762,335,88,0,0
2060779,1,42,2269,90,0,40,166231.94,149762,335,88,0,0
2060846,1,42,2262,90,0,40,166231.94,149762,335,88,0,0
2061019,1,43,2285,90,0,40,166231.94,149762,335,88,0,0
2061129,1,43,2281,90,0,40,166232.94,149762,335,88,0,0
2061242,1,43,2324,90,0,40,166232.94,149762,335,88,0,0
2061342,1,43,2328,90,0,40,166232.94,149762,335,88,0,0
2061478,1,43,2328,90,0,40,166232.94,149762,335,88,0,0
2061603,1,44,2340,90,0,40,166232.94,149762,335,88,0,0
2061729,1,44,2343,90,0,40,166232.94,149762,335,88,0,0
2061842,1,44,2379,90,0,40,166233.95,149762,335,88,0,0
2061954,1,44,2378,90,0,40,166233.95,149762,335,88,0,0
2062103,1,45,2413,90,0,40,166233.95,149762,335,88,0,0
2062203,1,45,2422,90,0,40,166233.95,149762,335,88,0,0
2062342,1,46,2459,90,0,40,166235.03,149762,335,88,0,0
2062442,1,46,2434,90,0,40,166235.03,149762,335,88,0,0
2062604,1,47,2477,90,0,40,166235.03,149762,335,88,0,0
2062703,1,47,2513,89,0,40,166235.03,149762,335,88,0,0
2062831,1,47,2517,85,0,40,166235.03,149762,335,88,0,0
2062953,1,47,2519,75,0,40,166236.08,149762,335,88,0,0
2063042,1,47,2500,68,0,40,166236.08,149762,335,88,0,0
2063192,1,48,2540,67,0,40,166236.08,149762,335,88,0,0
2063303,1,48,2534,67,0,40,166236.08,149762,335,88,0,0
2063342,1,48,2534,67,0,40,166236.08,149762,335,88,0,0
2063542,1,48,2583,67,0,40,166236.08,149762,335,88,0,0
2063649,1,48,2561,67,0,40,166236.08,149762,335,88,0,0
2063779,1,48,2568,67,0,40,166237.14,149762,335,88,0,0
2063832,1,49,2574,67,0,40,166237.14,149762,335,88,0,0
2064018,1,49,2602,67,0,40,166237.14,149762,335,88,0,0
2064129,1,49,2597,67,0,40,166237.14,149762,335,88,0,0
2064242,1,49,2595,67,0,40,166237.14,149762,335,88,0,0
2064342,1,49,2655,67,0,40,166237.14,149762,335,88,0,0
2064478,1,49,2655,67,0,40,166237.14,149762,335,88,0,0
2064603,1,50,2633,67,0,40,166238.17,149762,335,88,0,0
2064728,1,50,2634,67,0,40,166238.17,149762,335,88,0,0
2064842,1,50,2664,67,0,40,166238.17,149762,335,88,0,0
2064952,1,50,2657,67,0,40,166238.17,149762,335,88,0,0
2065103,1,50,2666,63,0,40,166238.17,149762,335,88,0,0
2065203,1,50,2670,61,0,40,166238.17,149762,335,88,0,0
2065331,1,50,2664,59,0,40,166239.22,149762,335,88,0,0
2065442,1,50,2711,58,0,40,166239.22,149762,335,88,0,0
2065592,1,51,2711,54,0,40,166239.22,149762,335,88,0,0
2065703,1,51,2706,49,0,40,166239.22,149762,335,88,0,0
2065831,1,51,2697,40,0,40,166239.22,149762,335,88,0,0
2065951,1,51,2691,39,0,40,166239.22,149762,335,88,0,0
2066092,1,51,2688,35,0,40,166239.22,149762,335,88,0,0
2066203,1,51,2689,27,0,40,166240.23,149762,335,88,0,0
2066303,1,51,2689,25,0,40,166240.23,149762,335,88,0,0
2066341,1,51,2689,25,0,40,166240.23,149762,335,88,0,0
2066542,1,51,2719,0,0,40,166240.23,149762,335,88,0,0
2066648,1,51,2663,0,0,40,166240.23,149762,335,88,0,0
2066792,1,51,2658,0,0,40,166240.23,149762,335,88,0,0
2066842,1,51,2658,0,0,40,166240.23,149762,335,88,0,0
2067028,1,51,2719,0,0,40,166240.23,149762,335,88,0,0
2067148,1,51,2654,0,0,40,166240.23,149762,335,87,0,0
2067242,1,50,2691,0,0,40,166240.23,149762,335,87,0,0
2067342,1,50,2626,0,0,40,166240.23,149762,335,87,0,0
2067478,1,50,2626,0,0,40,166240.23,149762,335,87,0,0
2067603,1,50,2635,0,0,40,166240.23,149762,335,87,0,0
2067728,1,50,2652,0,0,40,166240.23,149762,335,87,0,0
2067831,1,50,2620,0,0,40,166240.23,149762,335,87,0,0
2067950,1,50,2620,0,0,40,166240.23,149762,335,87,0,0
2068092,1,49,2620,0,0,40,166240.23,149762,335,87,0,0
2068203,1,49,2592,1,0,40,166240.23,149762,335,87,0,0
2068331,1,49,2610,2,0,40,166240.23,149762,335,87,0,0
2068442,1,49,2622,2,0,40,166240.23,149762,335,87,0,0
2068592,1,49,2582,2,0,40,166240.23,149762,335,87,0,0
2068703,1,49,2589,2,0,40,166240.23,149762,335,87,0,0
2068803,1,49,2574,2,0,40,166241.25,149762,335,87,0,0
2068842,1,49,2574,2,0,40,166241.25,149762,335,87,0,0
2069042,1,48,2572,2,0,40,166241.25,149762,335,87,0,0
2069148,1,48,2572,2,0,40,166241.25,149762,335,87,0,0
2069293,1,48,2571,0,0,40,166241.25,149762,335,87,0,0
2069331,1,48,2571,0,0,40,166241.25,149762,335,87,0,0
2069528,1,48,2538,0,0,40,166241.25,149762,335,87,0,0
2069648,1,48,2570,0,0,40,166241.25,149762,335,87,0,0
2069742,1,48,2536,0,0,40,166241.25,149762,335,87,0,0
2069842,1,48,2535,0,0,40,166241.25,149762,335,87,0,0
2070003,1,48,2517,0,0,40,166241.25,149762,335,87,0,0
2070103,1,48,2528,0,0,40,166241.25,149762,335,87,0,0
2070228,1,47,2525,0,0,40,166241.25,149762,335,87,0,0
2070342,1,47,2500,0,0,40,166241.25,149762,335,87,0,0
2070461,1,47,2500,0,0,40,166241.25,149762,335,87,0,0
2070603,1,47,2491,0,0,40,166241.25,149762,335,87,0,0
2070703,1,47,2495,0,0,40,166241.25,149762,335,87,0,0
2070831,1,47,2494,0,0,40,166241.25,149762,335,87,0,0
2070948,1,47,2494,0,0,40,166241.25,149762,335,87,0,0
2071093,1,46,2446,3,0,40,166241.25,149762,335,87,0,0
2071203,1,46,2462,3,0,40,166241.25,149762,335,87,0,0
2071303,1,46,2461,4,0,40,166241.25,149762,335,87,0,0
2071344,1,46,2461,4,0,40,166242.25,149762,335,87,0,0
2071542,1,46,2439,5,0,40,166242.25,149762,335,87,0,0
2071648,1,46,2407,6,0,40,166242.25,149762,335,87,0,0
2071792,1,46,2406,9,0,40,166242.25,149762,335,87,0,0
2071842,1,46,2406,9,0,40,166242.25,149762,335,87,0,0
2072028,1,45,2407,9,0,40,166242.25,149762,335,87,0,0
2072142,1,45,2407,6,0,40,166242.25,149762,335,87,0,0
2072242,1,45,2407,5,0,40,166242.25,149762,335,87,0,0
2072342,1,45,2406,5,0,40,166242.25,149762,335,87,0,0
2072460,1,45,2406,5,0,40,166242.25,149762,335,87,0,0
2072603,1,45,2372,11,0,40,166242.25,149762,335,87,0,0
2072728,1,45,2403,16,0,40,166242.25,149762,335,87,0,0
2072842,1,45,2372,19,0,40,166242.25,149762,335,87,0,0
2072947,1,45,2381,27,0,40,166242.25,149762,335,87,0,0
2073093,1,45,2388,35,0,40,166242.25,149762,335,87,0,0
2073203,1,45,2379,36,0,40,166243.27,149762,335,87,0,0
2073331,1,45,2392,38,0,40,166243.27,149762,335,87,0,0
2073342,1,45,2392,38,0,40,166243.27,149762,335,87,0,0
2073542,1,45,2429,40,0,40,166243.27,149762,335,87,0,0
2073678,1,45,2424,41,0,40,166243.27,149762,335,87,0,0
2073803,1,45,2394,42,0,40,166243.27,149762,335,87,0,0
2073803,1,45,2394,42,0,40,166243.27,149762,335,87,0,0
2074028,1,45,2427,45,0,40,166243.27,149762,335,87,0,0
2074148,1,45,2427,45,0,40,166243.27,149762,335,87,0,0
2074268,1,45,2428,45,0,40,166243.27,149762,335,87,0,0
2074343,1,45,2402,45,0,40,166244.28,149762,335,87,0,0
2074510,1,45,2429,47,0,40,166244.28,149762,335,87,0,0
2074603,1,45,2425,47,0,40,166244.28,149762,335,87,0,0
2074743,1,46,2431,47,0,40,166244.28,149762,335,87,0,0
2074831,1,46,2436,47,0,40,166244.28,149762,335,87,0,0
2074945,1,46,2436,47,0,40,166244.28,149762,335,87,0,0
2075093,1,46,2407,47,0,40,166244.28,149762,335,87,0,0
2075203,1,46,2435,47,0,40,166244.28,149762,335,87,0,0
2075331,1,46,2436,47,0,40,166244.28,149762,335,87,0,0
2075458,1,46,2436,46,0,40,166244.28,149762,335,87,0,0
2075543,1,46,2442,38,0,40,166245.34,149762,335,87,0,0
2075693,1,46,2449,27,0,40,166245.34,149762,335,87,0,0
2075803,1,46,2455,14,0,40,166245.34,149762,335,87,0,0
2075842,1,46,2455,14,0,40,166245.34,149762,335,87,0,0
2076043,1,46,2462,0,0,40,166245.34,149762,335,87,0,0
2076150,1,46,2451,0,0,40,166245.34,149762,335,87,0,0
2076278,1,46,2418,0,0,40,166245.34,149762,335,87,0,0
2076343,1,46,2422,0,0,40,166245.34,149762,335,87,0,0
2076521,1,46,2394,0,0,40,166245.34,149762,335,87,0,0
2076793,1,46,2461,15,0,40,166245.34,149762,335,87,0,0
2076803,1,45,2461,15,0,40,166245.34,149762,335,87,0,0
2077028,1,45,2402,21,0,40,166245.34,149762,335,87,0,0
2077149,1,45,2413,26,0,40,166245.34,149762,335,87,0,0
2077242,1,45,2394,30,0,40,166245.34,149762,335,87,0,0
2077342,1,45,2408,32,0,40,166246.36,149762,335,87,0,0
2077457,1,45,2408,37,0,40,166246.36,149762,335,87,0,0
2077603,1,45,2413,42,0,40,166246.36,149762,335,87,0,0
2077728,1,45,2427,42,0,40,166246.36,149762,335,87,0,0
2077831,1,45,2429,42,0,40,166246.36,149762,335,87,0,0
2077944,1,45,2426,42,0,40,166246.36,149762,335,87,0,0
2078093,1,46,2428,42,0,40,166246.36,149762,335,87,0,0
2078203,1,46,2429,42,0,40,166246.36,149762,335,87,0,0
2078331,1,46,2429,42,0,40,166246.36,149762,335,87,0,0
2078443,1,46,2461,42,0,40,166246.36,149762,335,87,0,0
2078678,1,46,2461,42,0,40,166247.36,149762,335,87,0,0
2078803,1,46,2461,42,0,40,166247.36,149762,335,87,0,0
2078843,1,46,2461,42,0,40,166247.36,149762,335,87,0,0
2079043,1,46,2462,42,0,40,166247.36,149762,335,87,0,0
2079148,1,46,2462,42,0,40,166247.36,149762,335,87,0,0
2079268,1,46,2463,42,0,40,166247.36,149762,335,87,0,0
2079343,1,46,2433,42,0,40,166247.36,149762,335,87,0,0
2079507,1,46,2466,42,0,40,166247.36,149762,335,87,0,0
2079628,1,46,2493,42,0,40,166247.36,149762,335,87,0,0
2079743,1,47,2489,42,0,40,166248.39,149762,335,87,0,0
2079843,1,47,2486,42,0,40,166248.39,149762,335,87,0,0
2079978,1,47,2486,42,0,40,166248.39,149762,335,87,0,0
2080103,1,47,2493,42,0,40,166248.39,149762,335,87,0,0
2080228,1,47,2495,42,0,40,166248.39,149762,335,87,0,0
2080343,1,47,2527,42,0,40,166248.39,149762,335,87,0,0
2080455,1,47,2527,42,0,40,166248.39,149762,335,87,0,0
2080678,1,47,2527,42,0,40,166248.39,149762,335,87,0,0
2080796,1,47,2497,42,0,40,166249.42,149762,335,87,0,0
2080887,1,47,2497,42,0,40,166249.42,149762,335,87,0,0
2081047,1,47,2499,33,0,40,166249.42,149762,335,87,0,0
2081149,1,48,2499,25,0,40,166249.42,149762,335,87,0,0
2081278,1,48,2497,24,0,40,166249.42,149762,335,87,0,0
2081304,1,48,2496,24,0,40,166249.42,149762,335,87,0,0
2081521,1,47,2527,24,0,40,166249.42,149762,335,87,0,0
2081628,1,47,2496,24,0,40,166249.42,149762,335,87,0,0
2081743,1,47,2501,26,0,40,166249.42,149762,335,87,0,0
2081858,1,47,2536,35,0,40,166249.42,149762,335,87,0,0
2081984,1,47,2509,39,0,40,166249.42,149762,335,87,0,0
2082103,1,47,2525,39,0,40,166250.44,149762,335,87,0,0
2082203,1,47,2525,39,0,40,166250.44,149762,335,87,0,0
2082331,1,48,2497,39,0,40,166250.44,149762,335,87,0,0
2082547,1,48,2530,35,0,40,166250.44,149762,335,87,0,0
2082649,1,48,2514,35,0,40,166250.44,149762,335,87,0,0
2082778,1,48,2538,35,0,40,166250.44,149762,335,87,0,0
2082857,1,48,2536,35,0,40,166250.44,149762,335,87,0,0
2083018,1,48,2538,35,0,40,166250.44,149762,335,86,0,0
2083128,1,48,2538,35,0,40,166250.44,149762,335,86,0,0
2083246,1,48,2540,35,0,40,166251.47,149762,335,86,0,0
2083351,1,48,2536,35,0,40,166251.47,149762,335,86,0,0
2083453,1,48,2536,35,0,40,166251.47,149762,335,86,0,0
2083603,1,48,2541,35,0,40,166251.47,149762,335,86,0,0
2083728,1,48,2543,35,0,40,166251.47,149762,335,86,0,0
2083846,1,48,2543,35,0,40,166251.47,149762,335,86,0,0
2083978,1,48,2542,26,0,40,166251.47,149762,335,86,0,0
2084103,1,48,2533,18,0,40,166251.47,149762,335,86,0,0
2084228,1,48,2548,14,0,40,166251.47,149762,335,86,0,0
2084343,1,48,2553,14,0,40,166252.48,149762,335,86,0,0
2084546,1,48,2535,5,0,40,166252.48,149762,335,86,0,0
2084651,1,48,2535,4,0,40,166252.48,149762,335,86,0,0
2084778,1,48,2535,13,0,40,166252.48,149762,335,86,0,0
2084843,1,48,2532,13,0,40,166252.48,149762,335,86,0,0
2085018,1,48,2534,13,0,40,166252.48,149762,335,86,0,0
2085128,1,47,2503,13,0,40,166252.48,149762,335,86,0,0
2085245,1,47,2502,18,0,40,166252.48,149762,335,86,0,0
2085346,1,47,2504,24,0,40,166252.48,149762,335,86,0,0
2085452,1,47,2504,28,0,40,166252.48,149762,335,86,0,0
2085603,1,47,2522,30,0,40,166252.48,149762,335,86,0,0
2085728,1,47,2526,30,0,40,166252.48,149762,335,86,0,0
2085846,1,47,2498,30,0,40,166252.48,149762,335,86,0,0
2085978,1,47,2498,30,0,40,166252.48,149762,335,86,0,0
2086096,1,47,2499,28,0,40,166253.50,149762,335,86,0,0
2086296,1,47,2525,3,0,40,166253.50,149762,335,86,0,0
2086346,1,47,2525,3,0,40,166253.50,149762,335,86,0,0
2086528,1,47,2504,0,0,40,166253.50,149762,335,86,0,0
2086651,1,47,2466,0,0,40,166253.50,149762,335,86,0,0
2086768,1,47,2464,0,0,40,166253.50,149762,335,86,0,0
2086846,1,47,2465,0,0,40,166253.50,149762,335,86,0,0
2087018,1,47,2471,0,0,40,166253.50,149762,335,86,0,0
2087103,1,47,2525,0,0,40,166253.50,149762,335,86,0,0
2087246,1,47,2475,0,0,40,166253.50,149762,335,86,0,0
2087346,1,47,2467,0,0,40,166253.50,149762,335,86,0,0
2087478,1,47,2467,0,0,40,166253.50,149762,335,86,0,0
2087603,1,46,2462,0,0,40,166253.50,149762,335,86,0,0
2087728,1,46,2459,0,0,40,166253.50,149762,335,86,0,0
2087831,1,46,2462,0,0,40,166253.50,149762,335,86,0,0
2087878,1,46,2430,0,0,40,166253.50,149762,335,86,0,0
2088151,1,45,2430,2,0,40,166253.50,149762,335,86,0,0
2088278,1,45,2382,11,0,40,166253.50,149762,335,86,0,0
2088392,1,45,2430,13,0,40,166253.50,149762,335,86,0,0
2088528,1,45,2410,17,0,40,166253.50,149762,335,86,0,0
2088628,1,45,2408,28,0,40,166253.50,149762,335,86,0,0
2088746,1,45,2391,32,0,40,166254.53,149762,335,86,0,0
2088878,1,45,2429,38,0,40,166254.53,149762,335,86,0,0
2089003,1,45,2390,38,0,40,166254.53,149762,335,86,0,0
2089128,1,45,2394,43,0,40,166254.53,149762,335,86,0,0
2089246,1,45,2431,48,0,40,166254.53,149762,335,86,0,0
2089346,1,45,2407,55,0,40,166254.53,149762,335,86,0,0
2089478,1,45,2400,69,0,40,166254.53,149763,321,86,0,0
2089603,1,46,2448,77,0,40,166254.53,149763,321,86,0,0
2089728,1,46,2440,80,0,40,166255.53,149763,321,86,0,0
2089846,1,46,2480,81,0,40,166255.53,149763,321,86,0,0
2089895,1,46,2488,81,0,40,166255.53,149763,321,86,0,0
2090178,1,47,2510,87,0,40,166255.53,149763,321,86,0,0
2090297,1,47,2558,87,0,40,166256.53,149763,321,86,0,0
2090407,1,48,2555,87,0,40,166256.53,149763,321,86,0,0
2090503,1,48,2555,87,0,40,166256.53,149763,321,86,0,0
2090651,1,48,2576,87,0,40,166256.53,149763,321,85,0,0
2090778,1,48,2602,87,0,40,166256.53,149763,321,85,0,0
2090878,1,49,2599,87,0,40,166256.53,149763,321,85,0,0
2091003,1,49,2629,87,0,40,166257.58,149763,321,85,0,0
2091128,1,49,2639,85,0,40,166257.58,149763,321,85,0,0
2091246,1,50,2678,83,0,40,166257.58,149763,321,85,0,0
2091346,1,50,2680,79,0,40,166257.58,149763,321,85,0,0
2091503,1,50,2666,73,0,40,166258.62,149763,321,85,0,0
2091628,1,51,2708,73,0,40,166258.62,149763,321,85,0,0
2091746,1,51,2719,73,0,40,166258.62,149763,321,85,0,0
2091846,1,51,2731,72,0,40,166258.62,149763,321,85,0,0
2092503,1,52,2772,67,0,40,166258.62,149763,321,85,0,0
2092703,1,52,2814,78,0,40,166259.62,149763,321,85,0,0
2092804,1,53,2794,78,0,40,166259.62,149763,321,85,0,0
2092928,1,53,2798,78,0,40,166259.62,149763,321,85,0,0
2093027,1,53,2828,78,0,40,166259.62,149763,321,85,0,0
2093178,1,53,2825,80,0,40,166259.62,149763,321,85,0,0
2093296,1,53,2857,80,0,40,166260.67,149763,321,85,0,0
2093409,1,54,2863,80,0,40,166260.67,149763,321,85,0,0
2093503,1,54,2869,81,0,40,166260.67,149763,321,85,0,0
2093628,1,54,2901,81,0,40,166260.67,149763,321,85,0,0
2093768,1,54,2910,81,0,40,166260.67,149763,321,85,0,0
2093878,1,55,2938,81,0,40,166261.73,149763,321,85,0,0
2094003,1,55,2941,81,0,40,166261.73,149763,321,85,0,0
2094017,1,55,2941,81,0,40,166261.73,149763,321,85,0,0
2094246,1,55,2946,82,0,40,166261.73,149763,321,85,0,0
2094428,1,56,2952,82,0,40,166262.83,149763,321,85,0,0
2094521,1,56,2983,82,0,40,166262.83,149763,321,85,0,0
2094668,1,56,2978,82,0,40,166262.83,149763,321,85,0,0
2094778,1,56,3018,83,0,40,166262.83,149763,321,85,0,0
2094901,1,57,3030,83,0,40,166263.83,149763,321,85,0,0
2095003,1,57,3035,78,0,40,166263.83,149763,321,85,0,0
2095128,1,57,3035,78,0,40,166263.83,149763,321,85,0,0
2095246,1,57,3032,36,0,40,166263.83,149763,321,85,0,0
2095378,1,57,3013,0,0,40,166263.83,149763,321,85,0,0
2095495,1,57,2916,0,0,40,166263.83,149763,321,85,0,0
2095528,1,57,2916,0,0,40,166263.83,149763,321,85,0,0
2095728,1,57,2594,0,0,40,166263.83,149763,321,85,0,0
2095846,1,57,2369,0,0,40,166263.83,149763,321,85,0,0
2095945,1,57,2240,0,0,40,166263.83,149763,321,85,0,0
2096027,1,57,2214,0,0,40,166263.83,149763,321,85,0,0
2096304,1,57,2240,0,0,40,166264.83,149763,321,85,0,0
2096409,1,56,2258,21,0,40,166264.83,149763,321,85,0,0
2096528,1,56,2255,30,0,40,166264.83,149763,321,85,0,0
2096628,1,56,2287,30,0,40,166264.83,149763,321,85,0,0
2096778,1,56,2261,72,0,40,166264.83,149763,321,85,0,0
2096901,1,56,2268,78,0,40,166264.83,149763,321,85,0,0
2097018,1,56,2260,78,0,40,166264.83,149763,321,85,0,0
2097151,1,56,2240,78,0,40,166264.83,149763,321,85,0,0
2097268,1,57,2240,78,0,40,166264.83,149763,321,85,0,0
2097378,1,57,2297,77,0,40,166265.91,149763,321,85,0,0
2097503,1,57,2280,67,0,40,166265.91,149763,321,85,0,0
2097628,1,57,2280,67,0,40,166265.91,149763,321,85,0,0
2097768,1,57,2278,61,0,40,166265.91,149763,321,85,0,0
2097878,1,57,2287,61,0,40,166265.91,149763,321,85,0,0
2098002,1,57,2299,60,0,40,166265.91,149763,321,85,0,0
2098202,1,58,2279,52,0,40,166266.97,149763,321,85,0,0
2098331,1,58,2277,49,0,40,166266.97,149763,321,85,0,0
2098445,1,58,2290,44,0,40,166266.97,149763,321,85,0,0
2098547,1,58,2272,38,0,40,166266.97,149763,321,85,0,0
2098702,1,58,2321,35,0,40,166266.97,149763,321,85,0,0
2098804,1,58,2279,28,0,40,166266.97,149763,321,85,0,0
2098927,1,58,2276,21,0,40,166266.97,149763,321,85,0,0
2099026,1,58,2299,13,0,40,166266.97,149763,321,85,0,0
2099178,1,58,2283,0,0,40,166266.97,149763,321,85,0,0
2099295,1,57,2290,0,0,40,166266.97,149763,321,85,0,0
2099409,1,57,2290,0,0,40,166266.97,149763,315,85,0,0
2099527,1,57,2292,0,0,40,166266.97,149763,315,85,0,0
2099627,1,57,2292,0,0,40,166267.97,149763,315,85,0,0
2099778,1,57,2261,0,0,40,166267.97,149763,315,85,0,0
2099895,1,57,2261,0,0,40,166267.97,149763,315,85,0,0
2100002,1,57,2261,0,0,40,166267.97,149763,315,85,0,0
2100227,1,57,2242,0,0,40,166267.97,149763,315,85,0,0
2100330,1,56,2226,0,0,40,166267.97,149763,315,85,0,0
2100445,1,56,2254,0,0,40,166267.97,149763,315,85,0,0
2100539,1,56,2230,0,0,40,166267.97,149763,315,85,0,0
2100702,1,56,2235,0,0,40,166267.97,149763,315,85,0,0
2100804,1,56,2239,0,0,40,166267.97,149763,315,85,0,0
2100927,1,55,2208,0,0,40,166267.97,149763,315,85,0,0
2101027,1,55,2203,0,0,40,166267.97,149763,315,85,0,0
2101160,1,55,2191,0,0,40,166267.97,149763,315,85,0,0
2101277,1,55,2207,0,0,40,166267.97,149763,315,85,0,0
2101406,1,55,1984,0,0,40,166267.97,149763,315,85,0,0
2101502,1,55,1856,0,0,40,166267.97,149763,315,85,0,0
2101627,1,55,1824,0,0,40,166267.97,149763,315,85,0,0
2101777,1,55,1628,0,0,40,166267.97,149763,315,85,0,0
2101895,1,54,1596,0,0,40,166267.97,149763,315,85,0,0
2102026,1,54,1562,0,0,40,166267.97,149763,315,85,0,0
2102202,1,53,2034,0,0,40,166267.97,149763,315,85,0,0
2102330,1,53,2323,0,0,40,166267.97,149763,315,85,0,0
2102445,1,53,2845,0,0,40,166267.97,149763,315,85,0,0
2102502,1,53,2854,0,0,40,166267.97,149763,315,85,0,0
2102677,1,53,2776,0,0,40,166267.97,149763,315,85,0,0
2102800,1,52,2764,0,0,40,166267.97,149763,315,85,0,0
2102904,1,52,2796,0,0,40,166269.00,149763,315,85,0,0
2103026,1,52,2734,0,0,40,166269.00,149763,315,85,0,0
2103159,1,52,2764,0,0,40,166269.00,149763,315,85,0,0
2103267,1,52,2733,0,0,40,166269.00,149763,315,85,0,0
2103378,1,52,2765,0,0,40,166269.00,149763,315,85,0,0
2103502,1,52,2731,0,0,40,166269.00,149763,315,85,0,0
2103627,1,52,2731,0,0,40,166269.00,149763,315,85,0,0
2103745,1,52,2729,0,0,40,166269.00,149763,315,85,0,0
2103945,1,51,2696,0,0,40,166269.00,149763,315,85,0,0
2104031,1,51,2728,0,0,40,166269.00,149763,315,85,0,0
2104195,1,51,2700,0,0,40,166269.00,149763,315,85,0,0
2104304,1,51,2717,0,0,40,166269.00,149763,315,85,0,0
2104428,1,51,2717,0,0,40,166269.00,149763,315,85,0,0
2104535,1,51,2685,0,0,40,166269.00,149763,315,85,0,0
2104662,1,51,2668,0,0,40,166269.00,149763,315,85,0,0
2104777,1,50,2656,0,0,40,166269.00,149763,315,85,0,0
2104904,1,50,2624,0,0,40,166269.00,149763,315,85,0,0
2105002,1,50,2624,0,0,40,166269.00,149763,315,85,0,0
2105106,1,50,2624,0,0,40,166269.00,149763,315,85,0,0
2105245,1,50,2624,0,0,40,166269.00,149763,315,85,0,0
2105378,1,49,2592,0,0,40,166269.00,149763,315,85,0,0
2105495,1,49,2592,0,0,40,166269.00,149763,315,85,0,0
2105628,1,49,2592,0,0,40,166269.00,149763,315,85,0,0
2105830,1,49,2560,0,0,40,166269.00,149763,315,85,0,0
2105945,1,48,2560,0,0,40,166269.00,149763,315,85,0,0
2106002,1,48,2528,0,0,40,166269.00,149763,315,85,0,0
2106195,1,48,2528,0,0,40,166269.00,149763,315,85,0,0
2106304,1,48,2528,0,0,40,166269.00,149763,315,85,0,0
2106428,1,48,2528,0,0,40,166269.00,149763,315,85,0,0
2106536,1,48,2496,0,0,40,166269.00,149763,315,85,0,0
2106661,1,48,2496,0,0,40,166269.00,149763,315,85,0,0
2106767,1,47,2496,0,0,40,166269.00,149763,315,85,0,0
2106901,1,47,2515,4,0,40,166269.00,149763,315,84,0,0
2107017,1,47,2466,4,0,40,166269.00,149763,315,84,0,0
2107145,1,47,2484,4,0,40,166269.00,149763,315,84,0,0
2107277,1,47,2525,9,0,40,166269.00,149763,315,84,0,0
2107378,1,47,2508,9,0,40,166269.00,149763,315,84,0,0
2107502,1,47,2470,8,0,40,166270.02,149763,315,84,0,0
2107627,1,47,2470,8,0,40,166270.02,149763,315,84,0,0
2107845,1,47,2471,0,0,40,166270.02,149763,315,84,0,0
2107945,1,46,2471,0,0,40,166270.02,149763,315,84,0,0
2108027,1,46,2439,0,86,40,166270.02,149763,315,84,0,0
2108156,1,46,2439,0,86,40,166270.02,149763,315,84,0,0
2108304,1,45,2375,0,106,40,166270.02,149763,315,84,0,0
2108429,1,44,2344,0,104,40,166270.02,149763,315,84,0,0
2108527,1,44,2259,0,102,40,166270.02,149763,315,84,0,0
2108651,1,44,2292,0,102,40,166270.02,149763,315,84,0,0
2108795,1,42,2178,0,98,40,166270.02,149763,315,84,0,0
2108904,1,42,2204,0,28,40,166270.02,149763,315,84,0,0
2109002,1,41,2176,0,0,40,166270.02,149763,315,84,0,0
2109155,1,41,2144,0,24,40,166270.02,149763,315,84,0,0
2109268,1,41,2139,0,36,40,166270.02,149763,315,84,0,0
2109378,1,40,2127,0,58,40,166270.02,149763,315,84,0,0
2109502,1,39,2078,0,84,40,166270.02,149763,315,84,0,0
2109702,1,38,1966,0,118,40,166270.02,149763,315,84,0,0
2109804,1,37,1937,0,128,40,166270.02,149763,315,84,0,0
2109927,1,36,1856,0,132,40,166270.02,149763,315,84,0,0
2110002,1,35,1824,0,132,40,166270.02,149763,315,84,0,0
2110180,1,35,1760,0,132,40,166270.02,149763,315,84,0,0
2110295,1,34,1760,0,0,40,166270.02,149763,315,84,0,0
2110409,1,33,1728,0,0,40,166270.02,149763,315,84,0,0
2110534,1,33,1728,0,0,40,166270.02,149763,315,84,0,0
2110615,1,33,1728,0,0,40,166270.02,149763,315,84,0,0
2110767,1,32,1728,13,0,40,166270.02,149763,315,84,0,0
2110878,1,32,1763,45,0,40,166270.02,149763,315,84,0,0
2111002,1,32,1705,56,0,40,166270.02,149763,315,84,0,0
2111128,1,32,1705,62,0,40,166270.02,149763,315,84,0,0
2111267,1,32,1739,69,0,40,166271.03,149763,315,84,0,0
2111378,1,32,1697,72,0,40,166271.03,149763,315,84,0,0
2111528,1,32,1752,72,0,40,166271.03,149763,315,84,0,0
2111702,1,32,1744,89,0,40,166271.03,149763,315,84,0,0
2111820,1,33,1775,89,0,40,166271.03,149763,315,84,0,0
2111927,1,33,1784,93,0,40,166271.03,149763,315,84,0,0
2112044,1,33,1788,94,0,40,166271.03,149763,315,84,0,0
2112179,1,33,1794,97,0,40,166272.05,149763,315,84,0,0
2112295,1,34,1844,99,0,40,166272.05,149763,315,84,0,0
2112409,1,34,1854,99,0,40,166272.05,149763,315,84,0,0
2112528,1,35,1861,101,0,40,166272.05,149763,315,84,0,0
2112651,1,35,1896,102,0,40,166272.05,149763,315,84,0,0
2112777,1,35,1903,105,0,40,166273.08,149763,315,84,0,0
2112904,1,36,1948,107,0,40,166273.08,149763,315,84,0,0
2113017,1,36,1983,110,0,40,166273.08,149763,315,84,0,0
2113127,1,36,1983,110,0,40,166273.08,149763,315,84,0,0
2113267,1,37,1997,115,0,40,166273.08,149763,315,84,0,0
2113378,1,37,2046,116,0,40,166274.12,149763,315,84,0,0
2113527,1,38,2042,116,0,40,166274.12,149763,315,84,0,0
2113702,1,39,2095,116,0,40,166274.12,149763,315,84,0,0
2113830,1,39,2101,113,0,40,166274.12,149763,315,84,0,0
2113945,1,40,2140,104,0,40,166275.12,149763,315,84,0,0
2114017,1,40,2171,97,0,40,166275.12,149763,315,84,0,0
2114178,1,40,2168,77,0,40,166275.12,149763,315,84,0,0
2114304,1,41,2181,65,0,40,166275.12,149763,315,84,0,0
2114409,1,41,2202,33,0,40,166275.12,149763,315,84,0,0
2114527,1,41,2156,0,0,40,166276.16,149763,315,84,0,0
2114651,1,41,2193,0,0,40,166276.16,149763,315,84,0,0
2114777,1,41,2180,0,22,40,166276.16,149763,315,84,0,0
2114904,1,41,2154,0,24,40,166276.16,149763,315,84,0,0
2115017,1,41,2157,0,44,40,166276.16,149763,315,84,0,0
2115045,1,41,2157,0,50,40,166276.16,149763,315,84,0,0
2115245,1,41,2077,0,58,40,166276.16,149763,315,84,0,0
2115445,1,39,2041,0,64,40,166276.16,149763,315,84,0,0
2115527,1,39,2073,0,66,40,166276.16,149763,315,84,0,0
2115695,1,39,1997,0,66,40,166276.16,149763,315,84,0,0
2115804,1,37,1947,0,70,40,166276.16,149763,315,84,0,0
2115927,1,37,1951,0,70,40,166276.16,149763,315,84,0,0
2116017,1,36,1901,0,70,40,166276.16,149763,315,84,0,0
2116127,1,36,1869,0,72,40,166276.16,149763,315,84,0,0
2116277,1,35,1817,0,78,40,166276.16,149763,315,84,0,0
2116403,1,34,1787,0,84,40,166276.16,149763,315,84,0,0
2116517,1,33,1741,0,86,40,166276.16,149763,315,84,0,0
2116637,1,33,1709,0,88,40,166276.16,149763,315,84,0,0
2116745,1,31,1632,0,92,40,166276.16,149763,315,84,0,0
2116845,1,31,1568,0,94,40,166276.16,149763,315,84,0,0
2116977,1,30,1536,0,90,40,166276.16,149763,315,84,0,0
2117017,1,29,1504,0,90,40,166276.16,149763,315,84,0,0
2117304,1,27,1372,0,94,40,166276.16,149763,315,84,0,0
2117409,1,27,1342,0,96,40,166276.16,149763,315,84,0,0
2117527,1,26,1324,0,94,40,166276.16,149763,315,84,0,0
2117651,1,26,1286,0,94,40,166276.16,149763,315,84,0,0
2117795,1,25,1252,0,106,40,166276.16,149763,315,84,0,0
2117904,1,23,1220,0,104,40,166276.16,149763,315,84,0,0
2118027,1,23,1220,0,104,40,166276.16,149763,315,84,0,0
2118151,1,23,1188,0,104,40,166276.16,149763,315,84,0,0
2118277,1,21,1156,0,104,40,166276.16,149763,315,84,0,0
2118406,1,20,1156,0,102,40,166277.16,149763,315,84,0,0
2118527,1,19,1156,0,104,40,166277.16,149763,315,84,0,0
2118651,1,19,1124,0,104,40,166277.16,149763,315,84,0,0
2118777,1,17,1123,0,102,40,166277.16,149763,315,84,0,0
2118901,1,17,1123,0,100,40,166277.16,149763,315,84,0,0
2119017,1,15,1091,0,102,40,166277.16,149763,315,84,0,0
2119227,1,14,1090,0,88,40,166277.16,149763,315,84,0,0
2119345,1,13,1091,0,78,40,166277.16,149763,315,84,0,0
2119445,1,13,1091,0,18,40,166277.16,149763,315,84,0,0
2119527,1,13,1091,0,0,40,166277.16,149763,315,84,0,0
2119702,1,12,1059,0,0,40,166277.16,149763,315,84,0,0
2119830,1,12,1059,0,0,40,166277.16,149763,315,84,0,0
2119945,1,12,1059,0,0,40,166277.16,149763,315,84,0,0
2120046,1,12,1027,3,0,40,166277.16,149763,315,84,0,0
2120151,1,12,995,13,0,40,166277.16,149763,315,84,0,0
2120304,1,12,993,25,0,40,166277.16,149763,315,84,0,0
2120409,1,12,1067,27,0,40,166277.16,149763,315,84,0,0
2120535,1,12,1109,27,0,40,166277.16,149763,315,84,0,0
2120660,1,12,1109,29,0,40,166277.16,149763,315,84,0,0
2120795,1,12,1015,30,0,40,166277.16,149763,315,84,0,0
2120904,1,13,953,30,0,40,166277.16,149763,315,84,0,0
2121128,1,13,921,30,0,40,166277.16,149763,315,84,0,0
2121330,1,13,1057,32,0,40,166277.16,149763,315,84,0,0
2121445,1,14,1085,32,0,40,166278.19,149763,315,84,0,0
2121583,1,14,1035,33,0,40,166278.19,149763,315,84,0,0
2121655,1,14,1017,33,0,40,166278.19,149763,315,84,0,0
2121804,1,14,939,33,0,40,166278.19,149763,315,84,0,0
2121945,1,15,918,33,0,40,166278.19,149763,315,84,0,0
2122045,1,15,1004,33,0,40,166278.19,149763,315,84,0,0
2122170,1,15,1052,33,0,40,166278.19,149763,315,84,0,0
2122304,1,16,1039,33,0,40,166278.19,149763,315,84,0,0
2122545,1,16,1017,33,0,40,166278.19,149763,315,84,0,0
2122627,1,16,998,33,0,40,166278.19,149763,315,84,0,0
2122787,1,16,957,33,0,40,166279.19,149763,315,84,0,0
2122904,1,17,932,33,0,40,166279.19,149763,315,84,0,0
2123017,1,17,1012,33,0,40,166279.19,149763,315,84,0,0
2123127,1,18,1027,30,0,40,166279.19,149763,315,84,0,0
2123249,1,18,1037,22,0,40,166279.19,149763,315,84,0,0
2123397,1,18,1014,21,0,40,166279.19,149763,315,84,0,0
2123504,1,19,1034,21,0,40,166279.19,149763,315,84,0,0
2123627,1,19,997,19,0,40,166279.19,149763,315,84,0,0
2123877,1,19,1036,18,0,40,166279.19,149763,315,84,0,0
2123995,1,19,1056,16,0,40,166279.19,149763,315,84,0,0
2124102,1,20,1056,14,0,40,166279.19,149763,315,84,0,0
2124139,1,20,1056,14,0,40,166279.19,149763,315,84,0,0
2124345,1,20,1058,10,0,40,166280.19,149763,315,84,0,0
2124446,1,20,1087,7,0,40,166280.19,149763,315,84,0,0
2124582,1,20,1109,3,0,40,166280.19,149763,315,84,0,0
2124627,1,20,1094,3,0,40,166280.19,149763,315,84,0,0
2124830,1,20,1109,1,0,40,166280.19,149763,315,84,0,0
2124945,1,20,1101,0,0,40,166280.19,149763,315,84,0,0
2125045,1,20,1092,0,0,40,166280.19,149763,315,84,0,0
2125165,1,20,1091,0,0,40,166280.19,149763,315,84,0,0
2125305,1,20,1092,0,0,40,166280.19,149763,315,84,0,0
2125428,1,20,1092,0,0,40,166280.19,149763,315,84,0,0
2125545,1,20,1092,0,0,40,166280.19,149763,315,84,0,0
2125627,1,20,1059,0,0,40,166280.19,149763,315,84,0,0
2125767,1,20,1091,0,0,40,166280.19,149763,315,84,0,0
2125904,1,20,1058,16,0,40,166280.19,149763,315,84,0,0
2126027,1,20,1096,26,0,40,166280.19,149763,315,84,0,0
2126147,1,20,1140,29,0,40,166280.19,149763,315,84,0,0
2126152,1,20,1140,29,0,40,166280.19,149763,315,84,0,0
2126377,1,20,1114,38,0,40,166280.19,149763,315,84,0,0
2126496,1,20,1119,41,0,40,166280.19,149763,315,84,0,0
2126602,1,20,1092,43,0,40,166280.19,149763,315,84,0,0
2126651,1,20,1092,43,0,40,166280.19,149763,315,84,0,0
2126846,1,20,1096,44,0,40,166281.20,149763,315,84,0,0
2126946,1,21,1098,56,0,40,166281.20,149763,315,84,0,0
2127082,1,21,1132,66,0,40,166281.20,149763,315,84,0,0
2127191,1,21,1149,66,0,40,166281.20,149763,315,84,0,0
2127330,1,21,1169,68,0,40,166281.20,149763,315,84,0,0
2127446,1,21,1175,70,0,40,166281.20,149763,315,84,0,0
2127546,1,22,1178,70,0,40,166281.20,149763,315,84,0,0
2127651,1,22,1181,71,0,40,166281.20,149763,315,84,0,0
2127795,1,22,1184,71,0,40,166281.20,149763,315,84,0,0
2127927,1,22,1186,71,0,40,166281.20,149763,315,84,0,0
2128046,1,22,1217,71,0,40,166281.20,149763,315,84,0,0
2128151,1,23,1247,71,0,40,166282.23,149763,315,84,0,0
2128277,1,23,1244,65,0,40,166282.23,149763,315,84,0,0
2128428,1,23,1270,57,0,40,166282.23,149763,315,84,0,0
2128546,1,23,1265,41,0,40,166282.23,149763,315,84,0,0
2128651,1,24,1248,31,0,40,166282.23,149763,315,84,0,0
2128700,1,24,1282,26,0,40,166282.23,149763,315,84,0,0
2128896,1,24,1293,10,0,40,166282.23,149763,315,84,0,0
2129002,1,24,1248,2,0,40,166282.23,149763,315,84,0,0
2129127,1,24,1261,0,0,40,166282.23,149763,315,84,0,0
2129157,1,24,1261,0,0,40,166282.23,149763,315,84,0,0
2129346,1,24,1248,0,0,40,166282.23,149763,315,84,0,0
2129477,1,24,1281,0,0,40,166282.23,149763,312,84,0,0
2129602,1,24,1249,0,0,40,166282.23,149763,312,84,0,0
2129651,1,24,1249,0,0,40,166282.23,149763,312,84,0,0
2129834,1,24,1278,0,0,40,166282.23,149763,312,84,0,0
2129946,1,23,1277,0,0,40,166282.23,149763,312,84,0,0
2130046,1,23,1245,0,0,40,166282.23,149763,312,84,0,0
2130187,1,23,1245,0,0,40,166282.23,149763,312,84,0,0
2130277,1,23,1244,0,0,40,166282.23,149763,312,84,0,0
2130427,1,23,1243,0,0,40,166283.23,149763,312,84,0,0
2130527,1,23,1243,0,0,40,166283.23,149763,312,84,0,0
2130651,1,23,1210,0,0,40,166283.23,149763,312,84,0,0
2130783,1,23,1240,0,0,40,166283.23,149763,312,84,0,0
2130904,1,22,1206,0,0,40,166283.23,149763,312,84,0,0
2131027,1,22,1205,0,0,39,166283.23,149763,312,84,0,0
2131151,1,22,1205,0,0,39,166283.23,149763,312,84,0,0
2131277,1,22,1172,0,0,39,166283.23,149763,312,84,0,0
2131408,1,22,1171,0,0,39,166283.23,149763,312,84,0,0
2131526,1,22,1171,0,0,39,166283.23,149763,312,84,0,0
2131647,1,22,1171,0,0,39,166283.23,149763,312,84,0,0
2131651,1,22,1171,0,0,39,166283.23,149763,312,84,0,0
2131877,1,21,1171,0,0,39,166283.23,149763,312,84,0,0
2131996,1,21,1137,0,0,39,166283.23,149763,312,84,0,0
2132102,1,21,1137,0,0,39,166283.23,149763,312,84,0,0
2132188,1,21,1137,0,0,39,166283.23,149763,312,84,0,0
2132346,1,21,1137,0,32,39,166283.23,149763,312,84,0,0
2132447,1,21,1103,0,18,39,166283.23,149763,312,84,0,0
2132582,1,21,1103,0,18,39,166283.23,149763,312,84,0,0
2132647,1,21,1071,0,18,39,166283.23,149763,312,84,0,0
2132807,1,21,1009,0,18,39,166283.23,149763,312,84,0,0
2132926,1,20,982,0,66,39,166283.23,149763,312,84,0,0
2133046,1,20,993,0,64,39,166283.23,149763,312,84,0,0
2133152,1,19,1076,0,66,39,166283.23,149763,312,84,0,0
2133276,1,19,1083,0,66,39,166283.23,149763,312,84,0,0
2133408,1,18,1051,0,60,39,166283.23,149763,312,84,0,0
2133526,1,17,1047,0,54,39,166283.23,149763,312,84,0,0
2133647,1,17,1016,0,52,39,166283.23,149763,312,84,0,0
2133653,1,17,1016,0,52,39,166283.23,149763,312,84,0,0
2133877,1,16,992,0,52,39,166283.23,149763,312,84,0,0
2134002,1,16,1032,0,54,39,166283.23,149763,312,84,0,0
2134102,1,15,1031,0,58,39,166283.23,149763,312,84,0,0
2134185,1,15,1031,0,84,39,166283.23,149763,312,84,0,0
2134346,1,14,1057,0,118,39,166283.23,149763,312,84,0,0
2134447,1,13,1026,0,128,39,166284.23,149763,312,84,0,0
2134582,1,12,1026,0,132,39,166284.23,149763,312,84,0,0
2134677,1,11,1027,0,132,39,166284.23,149763,312,84,0,0
2134796,1,10,1028,0,132,39,166284.23,149763,312,84,0,0
2134926,1,8,1029,0,124,39,166284.23,149763,312,84,0,0
2135046,1,8,1029,0,122,39,166284.23,149763,312,84,0,0
2135152,1,7,1032,0,116,39,166284.23,149763,312,84,0,0
2135276,1,6,1033,0,116,39,166284.23,149763,312,84,0,0
2135408,1,4,1032,0,92,39,166284.23,149763,312,84,0,0
2135526,1,4,1033,0,0,39,166284.23,149763,312,84,0,0
2135652,1,3,1034,0,0,39,166284.23,149763,312,84,0,0
2135779,1,3,1033,0,0,39,166284.23,149763,312,84,0,0
2135905,1,3,971,0,0,39,166284.23,149763,312,84,0,0
2136026,1,3,970,0,0,39,166284.23,149763,312,84,0,0
2136152,1,3,978,0,0,39,166284.23,149763,312,84,0,0
2136277,1,2,962,0,0,39,166284.23,149763,312,84,0,0
2136408,1,2,1181,0,0,39,166284.23,149763,312,84,0,0
2136526,1,2,1234,0,0,39,166284.23,149763,312,84,0,0
2136626,1,2,1302,0,0,39,166284.23,149763,312,84,0,0
2136662,1,2,1302,0,0,39,166284.23,149763,312,84,0,0
2136877,1,3,1321,1,0,39,166285.25,149763,312,84,0,0
2136976,1,3,1303,1,0,39,166285.25,149763,312,84,0,0
2137105,1,3,1304,1,0,39,166285.25,149763,312,84,0,0
2137183,1,3,1304,1,0,39,166285.25,149763,312,84,0,0
2137346,1,4,1285,1,0,39,166285.25,149763,312,84,0,0
2137446,1,4,1289,1,0,39,166285.25,149763,312,84,0,0
2137582,1,4,1291,1,0,39,166285.25,149763,312,84,0,0
2137678,1,5,1257,1,0,39,166285.25,149763,312,84,0,0
2137778,1,5,1250,1,0,39,166285.25,149763,312,84,0,0
2137926,1,6,1279,1,0,39,166285.25,149763,312,84,0,0
2138049,1,6,1259,1,0,39,166286.28,149763,312,84,0,0
2138176,1,6,1353,0,0,39,166286.28,149763,312,84,0,0
2138302,1,6,1394,0,0,39,166286.28,149763,312,84,0,0
2138428,1,6,1344,0,0,39,166286.28,149763,312,84,0,0
2138546,1,6,1229,0,0,39,166286.28,149763,312,84,0,0
2138652,1,6,1153,0,0,39,166286.28,149763,312,84,0,0
2138678,1,6,1153,0,0,39,166286.28,149763,312,84,0,0
2138905,1,6,1193,0,0,39,166286.28,149763,312,84,0,0
2139026,1,6,1274,1,0,39,166286.28,149763,312,84,0,0
2139146,1,6,1337,4,0,39,166286.28,149763,312,84,0,0
2139207,1,6,1352,5,0,39,166286.28,149763,312,84,0,0
2139377,1,6,1341,16,0,39,166286.28,149763,312,84,0,0
2139499,1,7,1373,19,0,39,166286.28,149763,312,84,0,0
2139605,1,7,1385,21,0,39,166287.31,149763,312,84,0,0
2139714,1,8,1412,21,0,39,166287.31,149763,312,84,0,0
2139854,1,8,1462,21,0,39,166287.31,149763,312,84,0,0
2139949,1,9,1501,27,0,39,166287.31,149763,312,84,0,0
2140082,1,10,1518,29,0,39,166287.31,149763,312,84,0,0
2140207,1,11,1603,30,0,39,166287.31,149763,312,84,0,0
2140305,1,11,1714,30,0,39,166287.31,149763,312,84,0,0
2140427,1,12,1780,32,0,39,166288.33,149763,312,84,0,0
2140549,1,12,1829,33,0,39,166288.33,149763,312,84,0,0
2140677,1,13,1860,36,0,39,166288.33,149763,312,84,0,0
2140776,1,13,1895,36,0,39,166288.33,149763,312,84,0,0
2140926,1,14,2007,40,0,39,166288.33,149763,312,84,0,0
2141049,1,14,2028,40,0,39,166288.33,149763,312,84,0,0
2141152,1,14,2071,40,0,39,166288.33,149763,312,84,0,0
2141305,1,15,2121,40,0,39,166289.38,149763,312,84,0,0
2141427,1,15,2084,34,0,39,166289.38,149763,312,84,0,0
2141526,1,15,2107,24,0,39,166289.38,149763,312,84,0,0
2141649,1,15,2153,15,0,39,166289.38,149763,312,84,0,0
2141681,1,15,2153,8,0,39,166289.38,149763,312,84,0,0
2141896,1,15,2140,0,0,39,166289.38,149763,312,84,0,0
2142006,1,15,2129,0,0,39,166289.38,149763,312,84,0,0
2142126,1,15,2091,0,0,39,166289.38,149763,312,84,0,0
2142176,1,15,2091,0,0,39,166289.38,149763,312,84,0,0
2142349,1,15,2092,0,0,39,166289.38,149763,312,84,0,0
2142476,1,15,2094,0,0,39,166289.38,149763,312,84,0,0
2142599,1,15,2029,0,0,39,166289.38,149763,312,84,0,0
2142649,1,14,2029,0,0,39,166289.38,149763,312,84,0,0
2142829,1,14,1963,0,0,39,166289.38,149763,312,84,0,0
2142946,1,14,1977,0,0,39,166289.38,149763,312,84,0,0
2143046,1,14,1888,0,0,39,166289.38,149763,312,84,0,0
2143176,1,13,1869,0,0,39,166289.38,149763,312,84,0,0
2143299,1,13,1850,0,0,39,166289.38,149763,312,84,0,0
2143427,1,13,1805,0,0,39,166289.38,149763,312,84,0,0
2143549,1,12,1788,0,0,39,166289.38,149763,312,84,0,0
2143678,1,12,1741,0,0,39,166289.38,149763,312,84,0,0
2143805,1,12,1704,0,0,39,166289.38,149763,312,84,0,0
2143926,1,12,1635,0,0,39,166289.38,149763,312,84,0,0
2144049,1,11,1652,0,0,39,166290.39,149763,312,84,0,0
2144149,1,11,1623,0,0,39,166290.39,149763,312,84,0,0
2144299,1,11,1554,0,0,39,166290.39,149763,312,84,0,0
2144427,1,11,1553,0,0,39,166290.39,149763,312,84,0,0
2144526,1,11,1518,0,0,39,166290.39,149763,312,84,0,0
2144649,1,11,1485,0,0,39,166290.39,149763,312,84,0,0
2144776,1,10,1484,0,0,39,166290.39,149763,312,84,0,0
2144905,1,10,1417,0,0,39,166290.39,149763,312,84,0,0
2145026,1,10,1416,0,0,39,166290.39,149763,312,84,0,0
2145158,1,10,1383,0,0,39,166290.39,149763,312,84,0,0
2145178,1,10,1383,0,0,39,166290.39,149763,312,84,0,0
2145377,1,9,1316,0,0,39,166290.39,149763,312,84,0,0
2145504,1,9,1311,0,0,39,166290.39,149763,312,84,0,0
2145626,1,9,1309,0,0,39,166290.39,149763,312,84,0,0
2145712,1,9,1276,0,0,39,166290.39,149763,312,84,0,0
2145850,1,9,1243,0,0,39,166290.39,149763,312,84,0,0
2145976,1,8,1209,0,0,39,166290.39,149763,312,84,0,0
2146082,1,8,1208,0,0,39,166290.39,149763,312,84,0,0
2146204,1,8,1176,0,0,39,166290.39,149763,312,85,0,0
2146329,1,8,1143,0,0,39,166290.39,149763,312,85,0,0
2146449,1,8,1143,0,0,39,166290.39,149763,312,85,0,0
2146549,1,8,1111,0,0,39,166290.39,149763,312,85,0,0
2146678,1,7,1111,0,0,39,166290.39,149763,312,85,0,0
2146805,1,7,1080,0,0,39,166290.39,149763,312,85,0,0
2146926,1,7,1081,0,0,39,166290.39,149763,312,85,0,0
2147049,1,7,1049,0,0,39,166290.39,149763,312,85,0,0
2147149,1,7,1050,0,0,39,166290.39,149763,312,85,0,0
2147182,1,7,1050,0,0,39,166290.39,149763,312,85,0,0
2147405,1,7,992,0,0,39,166291.39,149763,312,85,0,0
2147516,1,7,999,0,0,39,166291.39,149763,312,85,0,0
2147626,1,7,999,0,0,39,166291.39,149763,312,85,0,0
2147678,1,7,999,0,0,39,166291.39,149763,312,85,0,0
2147877,1,7,964,0,0,39,166291.39,149763,312,85,0,0
2147976,1,7,963,0,0,39,166291.39,149763,312,85,0,0
2148104,1,7,932,0,0,39,166291.39,149763,312,85,0,0
2148228,1,6,932,0,0,39,166291.39,149763,312,85,0,0
2148310,1,6,932,0,0,39,166291.39,149763,312,85,0,0
2148449,1,6,942,0,0,39,166291.39,149763,312,85,0,0
2148582,1,6,977,0,0,39,166291.39,149763,312,85,0,0
2148698,1,6,977,0,0,39,166291.39,149763,312,85,0,0
2148829,1,6,945,0,0,39,166291.39,149763,312,85,0,0
2148949,1,6,909,0,0,39,166291.39,149763,312,85,0,0
2149048,1,6,908,0,0,39,166291.39,149763,312,85,0,0
2149181,1,6,910,14,0,39,166291.39,149763,312,85,0,0
2149227,1,6,944,14,0,39,166291.39,149763,312,85,0,0
2149408,1,6,948,23,0,39,166291.39,149763,312,85,0,0
2149526,1,6,948,29,0,39,166291.39,149763,312,85,0,0
2149649,1,6,1017,32,0,39,166291.39,149763,312,85,0,0
2149678,1,6,1017,36,0,39,166291.39,149763,312,85,0,0
2149876,1,7,971,36,0,39,166291.39,149763,312,85,0,0
2150004,1,7,1043,37,0,39,166291.39,149763,312,85,0,0
2150126,1,7,1060,37,0,39,166291.39,149763,312,85,0,0
2150228,1,7,1067,37,0,39,166292.41,149763,312,85,0,0
2150352,1,7,1099,37,0,39,166292.41,149763,312,85,0,0
2150476,1,8,1166,37,0,39,166292.41,149763,312,85,0,0
2150604,1,8,1198,37,0,39,166292.41,149763,312,85,0,0
2150707,1,8,1194,37,0,39,166292.41,149763,312,85,0,0
2150829,1,8,1226,37,0,39,166292.41,149763,312,85,0,0
2150949,1,8,1284,32,0,39,166292.41,149763,312,85,0,0
2151082,1,9,1281,31,0,39,166292.41,149763,312,85,0,0
2151180,1,9,1342,31,0,39,166292.41,149763,312,85,0,0
2151308,1,9,1342,31,0,39,166292.41,149763,312,85,0,0
2151449,1,9,1312,31,0,39,166292.41,149763,312,85,0,0
2151549,1,9,1375,28,0,39,166292.41,149763,312,85,0,0
2151678,1,9,1345,11,0,39,166292.41,149763,312,85,0,0
2151805,1,9,1329,11,0,39,166292.41,149763,312,85,0,0
2151948,1,9,1282,0,0,39,166292.41,149763,312,85,0,0
2152049,1,9,1300,0,0,39,166293.41,149763,312,85,0,0
2152176,1,9,1261,0,0,39,166293.41,149763,312,85,0,0
2152207,1,9,1224,0,0,39,166293.41,149763,312,85,0,0
2152408,1,8,1197,0,0,39,166293.41,149763,312,85,0,0
2152526,1,8,1198,0,0,39,166293.41,149763,312,85,0,0
2152649,1,8,1165,0,0,39,166293.41,149763,312,85,0,0
2152678,1,8,1165,0,0,39,166293.41,149763,312,85,0,0
2152876,1,8,1125,0,0,39,166293.41,149763,312,85,0,0
2153004,1,8,1088,0,0,39,166293.41,149763,312,85,0,0
2153104,1,7,1117,10,0,39,166293.41,149763,312,85,0,0
2153198,1,7,1119,16,0,39,166293.41,149763,312,86,0,0
2153350,1,7,1060,16,0,39,166293.41,149763,312,86,0,0
2153476,1,7,1061,37,0,39,166293.41,149763,312,86,0,0
2153598,1,7,1070,38,0,39,166293.41,149763,312,86,0,0
2153678,1,7,1102,42,0,39,166293.41,149763,312,86,0,0
2153805,1,7,1025,42,0,39,166293.41,149763,312,86,0,0
2153948,1,7,1068,47,0,39,166293.41,149763,312,86,0,0
2154049,1,7,1182,47,0,39,166293.41,149763,312,86,0,0
2154176,1,7,1166,24,0,39,166293.41,149763,312,86,0,0
2154228,1,8,1145,24,0,39,166293.41,149763,312,86,0,0
2154408,1,8,1187,0,0,39,166293.41,149763,312,86,0,0
2154526,1,8,1204,0,0,39,166293.41,149763,312,86,0,0
2154649,1,8,1181,0,0,39,166294.42,149763,312,86,0,0
2154743,1,8,1104,0,0,39,166294.42,149763,312,86,0,0
2154895,1,8,1056,0,0,39,166294.42,149763,312,86,0,0
2155005,1,8,1046,0,22,39,166294.42,149763,312,86,0,0
2155126,1,8,1050,0,28,39,166294.42,149763,312,86,0,0
2155176,1,8,1050,0,28,39,166294.42,149763,312,86,0,0
2155349,1,8,1049,0,28,39,166294.42,149763,312,86,0,0
2155476,1,7,1017,0,26,39,166294.42,149763,312,86,0,0
2155582,1,7,1016,0,28,39,166294.42,149763,312,86,0,0
2155707,1,7,986,0,28,39,166294.42,149763,312,86,0,0
2155829,1,7,954,0,8,39,166294.42,149763,312,86,0,0
2155948,1,6,1002,0,0,39,166294.42,149763,312,86,0,0
2156082,1,6,1013,0,0,39,166294.42,149763,312,86,0,0
2156176,1,7,983,0,0,39,166294.42,149763,312,86,0,0
2156207,1,7,967,0,0,39,166294.42,149763,312,86,0,0
2156426,1,6,966,0,0,39,166294.42,149763,312,86,0,0
2156549,1,6,968,0,0,39,166294.42,149763,312,86,0,0
2156649,1,6,970,0,0,39,166294.42,149763,312,86,0,0
2156707,1,6,971,0,0,39,166294.42,149763,312,87,0,0
2156904,1,6,1001,0,0,39,166294.42,149763,312,87,0,0
2157026,1,6,969,0,0,39,166294.42,149763,312,87,0,0
2157146,1,6,969,0,0,39,166294.42,149763,312,87,0,0
2157222,1,6,1006,0,0,39,166294.42,149763,312,87,0,0
2157376,1,6,1024,0,0,39,166294.42,149763,312,87,0,0
2157476,1,6,1066,0,0,39,166294.42,149763,312,87,0,0
2157604,1,6,1071,0,0,39,166294.42,149763,312,87,0,0
2157699,1,6,1071,0,0,39,166295.42,149763,312,87,0,0
2157828,1,6,1071,0,0,39,166295.42,149763,312,87,0,0
2157949,1,6,1073,0,0,39,166295.42,149763,312,87,0,0
2158081,1,6,1073,0,0,39,166295.42,149763,312,87,0,0
2158199,1,6,1074,0,0,39,166295.42,149763,312,87,0,0
2158304,1,6,1074,0,0,39,166295.42,149763,312,87,0,0
2158449,1,6,1042,0,0,39,166295.42,149763,312,87,0,0
2158549,1,6,1042,0,0,39,166295.42,149763,312,87,0,0
2158678,1,6,1043,0,0,39,166295.42,149763,312,87,0,0
2158804,1,6,1020,0,0,39,166295.42,149763,312,87,0,0
2158949,1,6,1032,0,0,39,166295.42,149763,312,87,0,0
2159049,1,6,1041,0,0,39,166295.42,149763,312,87,0,0
2159176,1,6,1038,0,0,39,166295.42,149763,312,87,0,0
2159207,1,7,1028,0,0,39,166295.42,149763,312,87,0,0
2159408,1,7,1066,0,0,39,166295.42,149763,306,87,0,0
2159526,1,7,1066,0,0,39,166295.42,149763,306,87,0,0
2159649,1,7,1060,0,0,39,166296.42,149763,306,87,0,0
2159699,1,7,1056,0,0,39,166296.42,149763,306,87,0,0
2159876,1,7,1089,0,0,39,166296.42,149763,306,87,0,0
2160004,1,7,1122,0,0,39,166296.42,149763,306,87,0,0
2160104,1,8,1146,0,0,39,166296.42,149763,306,87,0,0
2160207,1,7,1108,0,0,39,166296.42,149763,306,87,0,0
2160329,1,7,1108,0,0,39,166296.42,149763,306,87,0,0
2160476,1,8,1108,0,0,39,166296.42,149763,306,87,0,0
2160582,1,8,1109,0,0,39,166296.42,149763,306,87,0,0
2160705,1,8,1110,0,0,39,166296.42,149763,306,87,0,0
2160904,1,7,1079,0,0,39,166296.42,149763,306,87,0,0
2161026,1,7,1082,0,0,39,166296.42,149763,306,87,0,0
2161149,1,7,1117,0,0,39,166296.42,149763,306,87,0,0
2161250,1,7,1119,0,0,39,166296.42,149763,306,87,0,0
2161396,1,7,1119,0,0,39,166296.42,149763,306,87,0,0
2161507,1,7,1112,0,0,39,166296.42,149763,306,87,0,0
2161626,1,7,1111,0,0,39,166297.44,149763,306,87,0,0
2161708,1,7,1103,0,0,39,166297.44,149763,306,87,0,0
2161849,1,7,1060,0,0,39,166297.44,149763,306,87,0,0
2161976,1,7,1085,0,0,39,166297.44,149763,306,87,0,0
2162104,1,7,1042,0,0,39,166297.44,149763,306,87,0,0
2162199,1,7,1035,0,0,39,166297.44,149763,306,87,0,0
2162242,1,7,1035,0,0,39,166297.44,149763,306,87,0,0
2162449,1,7,1003,0,2,39,166297.44,149763,306,87,0,0
2162557,1,7,1003,0,4,39,166297.44,149763,306,87,0,0
2162678,1,7,1003,0,4,39,166297.44,149763,306,87,0,0
2162711,1,7,1004,0,4,39,166297.44,149763,306,87,0,0
2162904,1,7,1004,0,6,39,166297.44,149763,306,87,0,0
2163026,1,7,1004,0,0,39,166297.44,149763,306,87,0,0
2163149,1,7,1005,0,0,39,166297.44,149763,306,87,0,0
2163246,1,7,1004,0,0,39,166297.44,149763,306,87,0,0
2163396,1,7,1003,0,0,39,166297.44,149763,306,87,0,0
2163505,1,7,998,0,0,39,166297.44,149763,306,87,0,0
2163626,1,7,1000,0,0,39,166297.44,149763,306,87,0,0
2163732,1,8,998,0,0,39,166297.44,149763,306,87,0,0
2163864,1,8,998,0,0,39,166297.44,149763,306,87,0,0
2163976,1,8,998,0,0,39,166297.44,149763,306,87,0,0
2164099,1,7,996,0,0,39,166297.44,149763,306,87,0,0
2164208,1,8,997,0,0,39,166297.44,149763,306,87,0,0
2164329,1,8,965,0,0,39,166297.44,149763,306,87,0,0
2164449,1,8,996,0,0,39,166297.44,149763,306,87,0,0
2164581,1,8,996,0,0,39,166297.44,149763,306,87,0,0
2164708,1,8,995,0,0,39,166298.44,149763,306,87,0,0
2164726,1,8,995,0,0,39,166298.44,149763,306,87,0,0
2164926,1,7,996,0,0,39,166298.44,149763,306,87,0,0
2165049,1,8,995,0,0,39,166298.44,149763,306,87,0,0
2165176,1,7,995,0,0,39,166298.44,149763,306,87,0,0
2165225,1,8,995,0,0,39,166298.44,149763,306,87,0,0
2165407,1,8,995,0,0,39,166298.44,149763,306,87,0,0
2165530,1,7,995,0,0,39,166298.44,149763,306,87,0,0
2165649,1,8,996,0,0,39,166298.44,149763,306,87,0,0
2165753,1,8,996,0,0,39,166298.44,149763,306,87,0,0
2165889,1,8,996,0,0,39,166298.44,149763,306,87,0,0
2166004,1,8,997,0,0,39,166298.44,149763,306,87,0,0
2166104,1,7,996,0,0,39,166298.44,149763,306,87,0,0
2166208,1,8,997,0,0,39,166298.44,149763,306,87,0,0
2166328,1,8,997,0,0,39,166298.44,149763,306,87,0,0
2166476,1,8,997,0,0,39,166298.44,149763,306,87,0,0
2166599,1,8,996,0,0,39,166298.44,149763,306,87,0,0
2166708,1,7,995,0,6,39,166298.44,149763,306,87,0,0
2166837,1,7,995,0,24,39,166298.44,149763,306,87,0,0
2166949,1,8,996,0,12,39,166298.44,149763,306,87,0,0
2167081,1,7,996,0,16,39,166298.44,149763,306,87,0,0
2167199,1,7,996,0,18,39,166298.44,149763,306,87,0,0
2167207,1,7,996,0,18,39,166298.44,149763,306,87,0,0
2167427,1,7,995,0,0,39,166298.44,149763,306,87,0,0
2167549,1,7,996,0,0,39,166298.44,149763,306,87,0,0
2167649,1,7,995,0,0,39,166298.44,149763,306,87,0,0
2167750,1,7,1000,0,0,39,166298.44,149763,306,87,0,0
2167904,1,7,1015,0,0,39,166298.44,149763,306,87,0,0
2168026,1,7,1017,0,0,39,166299.45,149763,306,87,0,0
2168126,1,7,1021,0,0,39,166299.45,149763,306,87,0,0
2168228,1,7,1022,0,0,39,166299.45,149763,306,87,0,0
2168349,1,7,1022,0,0,39,166299.45,149763,306,87,0,0
2168499,1,7,990,0,0,39,166299.45,149763,306,87,0,0
2168604,1,7,1020,0,0,39,166299.45,149763,306,87,0,0
2168727,1,6,1022,0,0,39,166299.45,149763,306,87,0,0
2168849,1,6,929,0,0,39,166299.45,149763,306,87,0,0
2168977,1,6,960,0,0,39,166299.45,149763,306,87,0,0
2169104,1,6,999,0,0,39,166299.45,149763,306,87,0,0
2169220,1,6,964,0,0,39,166299.45,149763,306,87,0,0
2169349,1,6,1020,0,0,39,166299.45,149763,306,87,0,0
2169476,1,6,981,0,0,39,166299.45,149763,306,87,0,0
2169581,1,6,976,0,0,39,166299.45,149763,306,87,0,0
2169707,1,6,965,0,0,39,166299.45,149763,306,87,0,0
2169749,1,6,965,0,0,39,166299.45,149763,306,87,0,0
2169949,1,6,990,0,0,39,166299.45,149763,306,87,0,0
2170049,1,6,990,0,0,39,166299.45,149763,306,87,0,0
2170176,1,6,991,0,0,39,166299.45,149763,306,87,0,0
2170263,1,6,991,0,0,39,166299.45,149763,306,87,0,0
2170407,1,6,961,0,0,39,166299.45,149763,306,87,0,0
2170527,1,6,961,0,0,39,166299.45,149763,306,87,0,0
2170649,1,6,961,0,0,39,166299.45,149763,306,87,0,0
2170749,1,6,963,0,0,39,166299.45,149763,306,87,0,0
2170876,1,6,972,0,0,39,166300.47,149763,306,87,0,0
2171016,1,5,1020,0,0,39,166300.47,149763,306,87,0,0
2171125,1,5,1026,0,0,39,166300.47,149763,306,87,0,0
2171249,1,6,1027,0,0,39,166300.47,149763,306,87,0,0
2171376,1,6,1027,0,0,39,166300.47,149763,306,87,0,0
2171504,1,5,996,0,0,39,166300.47,149763,306,87,0,0
2171625,1,5,995,0,0,39,166300.47,149763,306,87,0,0
2171725,1,5,996,0,0,39,166300.47,149763,306,87,0,0
2171765,1,5,996,0,0,39,166300.47,149763,306,87,0,0
2171975,1,5,996,0,0,39,166300.47,149763,306,88,0,0
2172081,1,5,996,0,0,39,166300.47,149763,306,88,0,0
2172207,1,5,996,0,0,39,166300.47,149763,306,88,0,0
2172249,1,5,996,0,0,39,166300.47,149763,306,88,0,0
2172449,1,5,996,0,0,39,166300.47,149763,306,88,0,0
2172549,1,5,968,0,0,39,166300.47,149763,306,88,0,0
2172678,1,5,972,0,0,39,166300.47,149763,306,88,0,0
2172765,1,5,977,0,0,39,166300.47,149763,306,88,0,0
2172899,1,5,973,0,0,39,166300.47,149763,306,88,0,0
2173025,1,5,1044,0,0,39,166300.47,149763,306,88,0,0
2173149,1,5,1043,0,0,39,166301.47,149763,306,88,0,0
2173265,1,6,1041,0,0,39,166301.47,149763,306,88,0,0
2173376,1,6,1051,0,0,39,166301.47,149763,306,88,0,0
2173525,1,7,1025,0,0,39,166301.47,149763,306,88,0,0
2173645,1,7,1067,0,0,39,166301.47,149763,306,88,0,0
2173749,1,7,1103,0,0,39,166301.47,149763,306,88,0,0
2173858,1,7,1103,0,0,39,166301.47,149763,306,88,0,0
2174004,1,8,1128,0,0,39,166301.47,149763,306,88,0,0
2174125,1,8,1117,0,0,39,166301.47,149763,306,88,0,0
2174225,1,8,1129,0,0,39,166301.47,149763,306,88,0,0
2174376,1,8,1097,0,0,39,166301.47,149763,306,88,0,0
2174499,1,8,1033,0,0,39,166301.47,149763,306,88,0,0
2174604,1,7,1040,0,0,39,166301.47,149763,306,88,0,0
2174725,1,8,1003,0,4,39,166301.47,149763,306,88,0,0
2174781,1,8,1003,0,4,39,166301.47,149763,306,88,0,0
2174949,1,7,995,0,16,39,166301.47,149763,306,88,0,0
2175081,1,7,1023,0,18,39,166302.47,149763,306,88,0,0
2175199,1,7,1023,0,20,39,166302.47,149763,306,88,0,0
2175249,1,7,1023,0,32,39,166302.47,149763,306,88,0,0
2175426,1,7,1023,0,42,39,166302.47,149763,306,88,0,0
2175549,1,6,992,0,40,39,166302.47,149763,306,88,0,0
2175649,1,6,992,0,22,39,166302.47,149763,306,88,0,0
2175765,1,6,1023,0,4,39,166302.47,149763,306,88,0,0
2175899,1,6,992,0,4,39,166302.47,149763,306,88,0,0
2176025,1,5,1023,0,0,39,166302.47,149763,306,88,0,0
2176149,1,5,991,0,0,39,166302.47,149763,306,88,0,0
2176265,1,5,991,0,0,39,166302.47,149763,306,88,0,0
2176376,1,5,989,0,0,39,166302.47,149763,306,88,0,0
2176516,1,5,988,0,0,39,166302.47,149763,306,88,0,0
2176625,1,5,988,0,0,39,166302.47,149763,306,88,0,0
2176749,1,5,987,0,0,39,166302.47,149763,306,88,0,0
2176856,1,5,987,0,0,39,166302.47,149763,306,88,0,0
2177004,1,5,987,0,0,39,166302.47,149763,306,88,0,0
2177125,1,5,987,0,0,39,166302.47,149763,306,88,0,0
2177249,1,5,962,0,0,39,166302.47,149763,306,88,0,0
2177376,1,5,962,0,0,39,166302.47,149763,306,88,0,0
2177504,1,5,1044,0,0,39,166302.47,149763,306,88,0,0
2177605,1,5,1048,0,0,39,166302.47,149763,306,88,0,0
2177725,1,5,1050,0,0,39,166302.47,149763,306,88,0,0
2177775,1,5,1050,0,0,39,166302.47,149763,306,88,0,0
2177975,1,5,1054,0,0,39,166302.47,149763,306,88,0,0
2178081,1,5,1024,0,0,39,166302.47,149763,306,88,0,0
2178207,1,5,1022,0,0,39,166302.47,149763,306,88,0,0
2178249,1,5,1022,0,0,39,166302.47,149763,306,88,0,0
2178449,1,5,1022,0,0,39,166303.48,149763,306,88,0,0
2178549,1,5,1002,0,0,39,166303.48,149763,306,88,0,0
2178678,1,5,1016,0,0,39,166303.48,149763,306,88,0,0
2178798,1,5,1045,0,0,39,166303.48,149763,306,88,0,0
2178895,1,5,1045,0,0,39,166303.48,149763,306,88,0,0
2179025,1,5,1025,0,6,39,166303.48,149763,306,88,0,0
2179149,1,6,1009,0,16,39,166303.48,149763,306,88,0,0
2179265,1,5,1008,0,16,39,166303.48,149763,306,88,0,0
2179376,1,6,1004,0,16,39,166303.48,149763,306,88,0,0
2179516,1,5,963,0,20,39,166303.48,149763,306,88,0,0
2179625,1,5,991,0,28,39,166303.48,149763,306,88,0,0
2179749,1,5,960,0,32,39,166303.48,149763,306,88,0,0
2179854,1,5,960,0,32,39,166303.48,149763,306,88,0,0
2180005,1,4,961,0,32,39,166303.48,149763,306,88,0,0
2180125,1,4,961,0,34,39,166303.48,149763,306,88,0,0
2180225,1,4,961,0,32,39,166303.48,149763,306,88,0,0
2180275,1,4,961,0,32,39,166303.48,149763,306,88,0,0
2180475,1,3,929,0,32,39,166303.48,149763,306,88,0,0
2180582,1,3,929,0,24,39,166303.48,149763,306,88,0,0
2180707,1,0,924,0,24,39,166303.48,149763,306,88,0,0
2180771,1,0,924,0,26,39,166303.48,149763,306,88,0,0
2180949,1,0,891,0,40,39,166303.48,149763,306,88,0,0
2181049,1,0,857,0,40,39,166303.48,149763,306,88,0,0
2181175,1,0,857,0,36,39,166303.48,149763,306,88,0,0
2181275,1,0,857,0,0,39,166303.48,149763,306,88,0,0
2181409,1,0,859,0,0,39,166303.48,149763,306,88,0,0
2181516,1,0,857,0,0,39,166303.48,149763,306,88,0,0
2181645,1,0,858,0,0,39,166304.48,149763,306,88,0,1
2181749,1,0,861,0,0,39,166304.48,149763,306,88,0,1
2181895,1,0,873,0,0,39,166304.48,149763,306,88,0,1
2182016,1,0,1203,0,0,39,166304.48,149763,306,88,0,1
2182125,1,0,1319,0,0,39,166304.48,149763,306,88,0,1
2182249,1,0,1231,0,0,39,166304.48,149763,306,88,0,1
2182376,1,0,1192,0,0,39,166304.48,149763,306,88,0,1
2182505,1,0,1065,0,0,39,166304.48,149763,306,88,0,1
2182605,1,0,1075,0,0,39,166304.48,149763,306,88,0,1
2182725,1,0,1131,0,0,39,166304.48,149763,306,88,0,1
2182759,1,0,1131,0,0,39,166304.48,149763,306,88,0,1
2182949,1,0,1131,0,0,39,166304.48,149763,306,88,0,1
2183082,1,2,1118,0,0,39,166304.48,149763,306,88,0,1
2183199,1,2,1034,0,0,39,166304.48,149763,306,88,0,1
2183275,1,2,1002,0,0,39,166304.48,149763,306,88,0,1
2183433,1,2,945,0,0,39,166304.48,149763,306,88,0,1
2183549,1,2,916,0,8,39,166305.50,149763,306,88,0,1
2183649,1,2,887,0,10,39,166305.50,149763,306,88,0,1
2183749,1,2,890,0,14,39,166305.50,149763,306,88,0,1
2183878,1,2,890,0,14,39,166305.50,149763,306,88,0,1
2184025,1,0,878,0,38,39,166305.50,149763,306,88,0,1
2184125,1,0,841,0,46,39,166305.50,149763,306,88,0,1
2184225,1,0,837,0,50,39,166305.50,149763,306,88,0,1
2184279,1,0,837,0,50,39,166305.50,149763,306,88,0,1
2184475,1,0,835,0,50,39,166305.50,149763,306,88,0,1
2184605,1,0,833,0,4,39,166305.50,149763,306,88,0,1
2184707,1,0,835,0,0,39,166305.50,149763,306,88,0,1
2184775,1,0,835,0,0,39,166305.50,149763,306,88,0,1
2184954,1,0,835,0,0,39,166305.50,149763,306,88,0,0
2185049,1,0,835,0,0,39,166305.50,149763,306,88,0,0
2185175,1,0,833,0,0,39,166305.50,149763,306,88,0,0
2185306,1,0,973,0,0,39,166305.50,149763,306,88,0,0
2185405,1,0,1107,0,0,39,166305.50,149763,306,88,0,0
2185525,1,0,1153,0,0,39,166305.50,149763,306,88,0,0
2185649,1,0,1140,0,0,39,166305.50,149763,306,88,0,0
2185775,1,0,1106,0,0,39,166305.50,149763,306,88,0,0
2185820,1,0,1066,0,0,39,166305.50,149763,306,88,0,0
2186005,1,0,1075,0,0,39,166305.50,149763,306,88,0,0
2186105,1,0,1170,0,0,39,166305.50,149763,306,88,0,0
2186225,1,0,1197,0,0,39,166306.53,149763,306,88,0,0
2186305,1,0,1163,0,0,39,166306.53,149763,306,88,0,0
2186475,1,0,1113,0,0,39,166306.53,149763,306,88,0,0
2186581,1,0,1034,0,0,39,166306.53,149763,306,88,0,0
2186707,1,0,945,0,0,39,166306.53,149763,306,88,0,0
2186799,1,0,966,0,0,39,166306.53,149763,306,88,0,0
2186905,1,0,966,0,0,39,166306.53,149763,306,88,0,0
2187049,1,0,1042,0,0,39,166306.53,149763,306,88,0,0
2187175,1,0,1065,0,0,39,166306.53,149763,306,88,0,0
2187275,1,0,1052,0,0,39,166306.53,149763,306,88,0,0
2187399,1,0,1032,0,0,39,166306.53,149763,306,88,0,0
2187525,1,0,1078,0,0,39,166306.53,149763,306,88,0,0
2187649,1,0,1097,0,0,39,166306.53,149763,306,88,0,0
2187765,1,0,1107,0,0,39,166306.53,149763,306,88,0,0
2187774,1,0,1107,0,0,39,166306.53,149763,306,88,0,0
2187999,1,0,1080,0,0,39,166306.53,149763,306,88,0,0
2188105,1,0,1139,0,0,39,166306.53,149763,306,88,0,0
2188225,1,0,1169,0,0,39,166307.56,149763,306,88,0,0
2188304,1,0,1136,0,0,39,166307.56,149763,306,88,0,0
2188449,1,0,1089,0,0,39,166307.56,149763,306,88,0,0
2188581,1,0,1146,0,6,39,166307.56,149763,306,88,0,0
2188699,1,0,1194,0,10,39,166307.56,149763,306,88,0,0
2188775,1,0,1226,0,10,39,166307.56,149763,306,88,0,0
2188905,1,0,1209,0,10,39,166307.56,149763,306,88,0,0
2189049,1,0,1011,0,28,39,166307.56,149763,306,88,0,0
2189149,1,0,940,0,30,39,166307.56,149763,306,88,0,0
2189275,1,0,904,0,28,39,166307.56,149763,306,88,0,0
2189399,1,0,837,0,2,39,166307.56,149763,306,88,0,0
2189525,1,0,837,0,0,39,166307.56,149763,299,88,0,0
2189649,1,0,806,0,0,39,166307.56,149763,299,88,0,1
2189765,1,0,837,0,0,39,166307.56,149763,299,88,0,1
2189816,1,0,837,0,0,39,166307.56,149763,299,88,0,1
2189999,1,0,875,0,0,39,166307.56,149763,299,88,0,1
2190105,1,0,964,0,0,39,166307.56,149763,299,88,0,1
2190225,1,0,1095,0,0,39,166307.56,149763,299,88,0,1
2190304,1,0,1302,0,0,39,166308.58,149763,299,88,0,1
2190449,1,0,1283,0,0,39,166308.58,149763,299,88,0,1
2190549,1,0,1225,0,0,39,166308.58,149763,299,88,0,1
2190699,1,0,1122,0,0,39,166308.58,149763,299,88,0,1
2190815,1,0,1131,0,0,39,166308.58,149763,299,88,0,1
2190905,1,0,1131,0,2,39,166308.58,149763,299,88,0,1
2191049,1,0,1239,0,10,39,166308.58,149763,299,88,0,1
2191149,1,0,1252,0,6,39,166308.58,149763,299,89,0,1
2191275,1,0,1237,0,6,39,166308.58,149763,299,89,0,1
2191399,1,0,1181,0,4,39,166308.58,149763,299,89,0,1
2191525,1,0,1146,0,6,39,166308.58,149763,299,89,0,1
2191649,1,0,1088,0,6,39,166308.58,149763,299,89,0,1
2191765,1,0,1101,0,8,39,166308.58,149763,299,89,0,1
2191875,1,0,1080,0,8,39,166308.58,149763,299,89,0,1
2192025,1,0,1080,0,14,39,166308.58,149763,299,89,0,1
2192125,1,0,1017,0,14,39,166309.59,149763,299,89,0,1
2192249,1,0,918,0,14,39,166309.59,149763,299,89,0,1
2192276,1,0,918,0,14,39,166309.59,149763,299,89,0,1
2192475,1,0,829,0,14,39,166309.59,149763,299,89,0,1
2192605,1,0,825,0,14,39,166309.59,149763,299,89,0,1
2192725,1,0,824,0,14,39,166309.59,149763,299,89,0,1
2192775,1,0,792,0,14,39,166309.59,149763,299,89,0,1
2192949,1,0,816,0,8,39,166309.59,149763,299,89,0,1
2193049,1,0,818,0,4,39,166309.59,149763,299,89,0,1
2193175,1,0,848,0,0,39,166309.59,149763,299,89,0,1
2193301,1,0,878,0,0,39,166309.59,149763,299,89,0,1
2193427,1,0,875,0,0,39,166309.59,149763,299,89,0,1
2193525,1,0,840,0,0,39,166309.59,149763,299,89,0,1
2193650,1,0,872,0,0,39,166309.59,149763,299,89,0,1
2193775,1,0,936,0,0,39,166309.59,149763,299,89,0,1
2193903,1,0,1085,0,0,39,166309.59,149763,299,89,0,1
2194025,1,0,1228,0,0,39,166309.59,149763,299,89,0,1
2194145,1,0,1238,0,0,39,166309.59,149763,299,89,0,1
2194249,1,0,1128,0,0,39,166310.59,149763,299,89,0,1
2194280,1,0,1128,0,0,39,166310.59,149763,299,89,0,1
2194475,1,0,984,0,0,39,166310.59,149763,299,89,0,1
2194605,1,0,934,0,0,39,166310.59,149763,299,89,0,1
2194725,1,0,1028,0,0,39,166310.59,149763,299,89,0,1
2194809,1,0,1105,0,0,39,166310.59,149763,299,89,0,1
2194950,1,0,1132,0,0,39,166310.59,149763,299,89,0,1
2195049,1,0,1144,0,0,39,166310.59,149763,299,89,0,1
2195175,1,0,1093,0,0,39,166310.59,149763,299,89,0,1
2195266,1,0,1060,0,0,39,166310.59,149763,299,89,0,1
2195426,1,0,1060,0,0,39,166310.59,149763,299,89,0,1
2195525,1,0,1153,0,0,39,166310.59,149763,299,90,0,1
2195649,1,0,1203,0,0,39,166310.59,149763,299,90,0,1
2195775,1,0,1194,0,0,39,166310.59,149763,299,90,0,1
2195775,1,0,1194,0,0,39,166310.59,149763,299,90,0,1
2196005,1,0,1073,0,0,39,166311.62,149763,299,90,0,1
2196105,1,0,1025,0,0,39,166311.62,149763,299,90,0,1
2196225,1,0,995,0,0,39,166311.62,149763,299,90,0,1
2196302,1,0,1049,0,0,39,166311.62,149763,299,90,0,1
2196475,1,0,1138,0,0,39,166311.62,149763,299,90,0,1
2196587,1,0,1122,0,0,39,166311.62,149763,299,90,0,1
2196707,1,0,1131,0,0,39,166311.62,149763,299,90,0,1
2196775,1,0,1131,0,0,39,166311.62,149763,299,90,0,1
2196905,1,0,1067,0,0,39,166311.62,149763,299,90,0,1
2197052,1,0,992,0,0,39,166311.62,149763,299,90,0,1
2197175,1,0,948,0,0,39,166311.62,149763,299,90,0,1
2197266,1,0,908,0,0,39,166311.62,149763,299,90,0,1
2197395,1,0,936,0,0,39,166311.62,149763,299,90,0,1
2197525,1,0,1123,0,0,39,166311.62,149763,299,90,0,1
2197645,1,0,1246,0,0,39,166311.62,149763,299,90,0,1
2197750,1,0,1291,0,0,39,166312.64,149763,299,90,0,1
2197775,1,0,1291,0,0,39,166312.64,149763,299,90,0,1
2197975,1,0,1213,0,0,39,166312.64,149763,299,90,0,1
2198103,1,0,1060,0,0,39,166312.64,149763,299,90,0,1
2198225,1,0,1026,0,0,39,166312.64,149763,299,90,0,1
2198301,1,0,1026,0,0,39,166312.64,149763,299,90,0,1
2198453,1,0,975,0,0,39,166312.64,149763,299,90,0,1
2198581,1,0,978,0,0,39,166312.64,149763,299,90,0,1
2198700,1,0,1013,0,0,39,166312.64,149763,299,90,0,1
2198775,1,0,1076,0,0,39,166312.64,149763,299,90,0,1
2198903,1,0,1059,0,0,39,166312.64,149763,299,90,0,1
2199025,1,0,1062,0,0,39,166312.64,149763,299,90,0,1
2199150,1,0,1132,0,0,39,166312.64,149763,299,90,0,1
2199275,1,0,1163,0,0,39,166312.64,149763,299,90,0,1
2199395,1,0,1206,0,0,39,166312.64,149763,299,90,0,1
2199525,1,0,1123,0,0,39,166312.64,149763,299,90,0,1
2199650,1,0,1105,0,0,39,166313.66,149763,299,90,0,1
2199766,1,0,1112,0,0,39,166313.66,149763,299,90,0,1
2199902,1,0,1094,0,0,39,166313.66,149763,299,90,0,1
2200017,1,0,1113,0,0,39,166313.66,149763,299,90,0,1
2200125,1,0,1092,0,0,39,166313.66,149763,299,90,0,1
2200252,1,0,1111,0,0,39,166313.66,149763,299,90,0,1
2200278,1,0,1111,0,0,39,166313.66,149763,299,90,0,1
2200475,1,0,1018,0,0,39,166313.66,149763,299,90,0,1
2200605,1,0,1047,0,0,39,166313.66,149763,299,90,0,1
2200725,1,0,1077,0,0,39,166313.66,149763,299,90,0,1
2200775,1,0,1109,0,0,39,166313.66,149763,299,90,0,1
2200950,1,0,1100,0,0,39,166313.66,149763,299,90,0,1
2201050,1,0,1094,0,0,39,166313.66,149763,299,90,0,1
2201175,1,0,1083,0,0,39,166313.66,149763,299,90,0,1
2201275,1,0,1115,0,0,39,166313.66,149763,299,90,0,1
2201426,1,0,1098,0,0,39,166314.69,149763,299,90,0,1
2201525,1,0,1133,0,0,39,166314.69,149763,299,90,0,1
2201653,1,0,1135,0,0,39,166314.69,149763,299,90,0,1
2201775,1,0,1131,0,0,39,166314.69,149763,299,90,0,1
2201775,1,0,1131,0,0,39,166314.69,149763,299,90,0,1
2202002,1,0,1127,0,0,39,166314.69,149763,299,90,0,1
2202103,1,0,1141,0,0,39,166314.69,149763,299,90,0,1
2202225,1,0,1153,0,0,39,166314.69,149763,299,90,0,1
2202275,1,0,1121,0,0,39,166314.69,149763,299,90,0,1
2202452,1,0,1147,0,0,39,166314.69,149763,299,90,0,1
2202580,1,0,1115,0,0,39,166314.69,149763,299,90,0,1
2202766,1,0,1119,0,0,39,166314.69,149763,299,90,0,1
2202953,1,0,1113,0,0,39,166314.69,149763,299,90,0,1
2203080,1,0,1066,0,0,39,166314.69,149763,299,90,0,1
2203205,1,0,973,0,0,39,166314.69,149763,299,90,0,1
2203275,1,0,973,0,0,39,166315.70,149763,299,90,0,1
2203408,1,0,972,0,0,39,166315.70,149763,299,90,0,1
2203557,1,0,1065,0,0,39,166315.70,149763,299,90,0,1
2203652,1,0,1072,0,0,39,166315.70,149763,299,90,0,1
2203775,1,0,1032,0,0,39,166315.70,149763,299,90,0,1
2203903,1,0,981,0,0,39,166315.70,149763,299,90,0,1
2204025,1,0,908,0,0,39,166315.70,149763,299,90,0,1
2204152,1,0,866,0,0,39,166315.70,149763,299,90,0,1
2204266,1,0,891,0,0,39,166315.70,149763,299,90,0,1
2204377,1,0,919,0,0,39,166315.70,149763,299,90,0,1
2204525,1,0,1071,0,0,39,166315.70,149763,299,90,0,1
2204766,1,0,1053,0,0,39,166315.70,149763,299,90,0,1
2204890,1,0,1043,0,0,39,166315.70,149763,299,91,0,1
2205003,1,0,939,0,20,39,166315.70,149763,299,91,0,1
2205103,1,0,938,0,38,39,166315.70,149763,299,91,0,1
2205225,1,0,894,0,92,39,166315.70,149763,299,91,0,1
2205275,1,0,894,0,92,39,166315.70,149763,299,91,0,1
2205474,1,0,850,0,56,39,166315.70,149763,299,91,0,0
2205582,1,0,850,0,0,39,166315.70,149763,299,91,0,0
2205705,1,0,844,0,0,39,166316.72,149763,299,91,0,0
2205807,1,0,844,0,0,39,166316.72,149763,299,91,0,0
2205940,1,0,843,0,0,39,166316.72,149763,299,91,0,0
2206052,1,0,787,0,0,39,166316.72,149763,299,91,0,0
2206174,1,0,787,0,0,39,166316.72,149763,299,91,0,0
2206274,1,0,906,0,0,39,166316.72,149763,299,91,0,0
2206408,1,0,993,0,0,39,166316.72,149763,299,91,0,0
2206652,1,0,1486,0,0,39,166316.72,149763,299,91,0,0
2206774,1,0,1366,0,0,39,166316.72,149763,299,91,0,0
2206802,1,0,1309,0,0,39,166316.72,149763,299,91,0,0
2207002,1,0,981,0,0,39,166316.72,149763,299,91,0,0
2207124,1,0,843,0,0,39,166316.72,149763,299,91,0,0
2207224,1,0,747,0,0,39,166316.72,149763,299,91,0,0
2207319,1,2,721,0,0,39,166316.72,149763,299,91,0,0
2207474,1,2,834,0,0,39,166316.72,149763,299,91,0,0
2207580,1,3,916,0,0,39,166316.72,149763,299,91,0,0
2207705,1,3,877,0,0,39,166317.73,149763,299,91,0,0
2207802,1,3,849,0,0,39,166317.73,149763,299,91,0,0
2207924,1,3,849,0,6,39,166317.73,149763,299,91,0,0
2208052,1,3,924,0,26,39,166317.73,149763,299,91,0,0
2208174,1,3,885,0,30,39,166317.73,149763,299,91,0,0
2208274,1,3,875,0,44,39,166317.73,149763,299,91,0,0
2208553,1,0,842,0,82,39,166317.73,149763,299,91,0,0
2208674,1,0,840,0,50,39,166317.73,149763,299,91,0,0
2208774,1,0,806,0,0,39,166317.73,149763,299,91,0,0
2208913,1,0,805,0,0,39,166317.73,149763,299,91,0,0
2209024,1,0,805,0,0,39,166317.73,149763,299,91,0,1
2209152,1,0,837,1,0,39,166317.73,149763,299,91,0,1
2209274,1,0,742,29,0,39,166317.73,149763,299,91,0,1
2209274,1,0,742,29,0,39,166317.73,149763,299,91,0,1
2209502,1,0,733,38,0,39,166317.73,149763,299,91,0,1
2209605,1,0,701,46,0,39,166317.73,149763,299,91,0,1
2209724,1,0,661,62,0,39,166317.73,149763,299,91,0,1
2209799,1,0,661,66,0,39,166317.73,149763,299,91,0,1
2209964,1,0,711,66,0,39,166318.73,149763,299,91,0,1
2210080,1,3,932,0,0,39,166318.73,149763,299,91,0,1
2210205,1,3,1516,0,0,39,166318.73,149763,299,91,0,1
2210318,1,3,1663,0,0,39,166318.73,149763,299,91,0,1
2210552,1,3,1362,0,0,39,166318.73,149763,299,91,0,1
2210674,1,3,1242,0,4,39,166318.73,149763,299,91,0,1
2210804,1,3,1038,0,4,39,166318.73,149763,299,91,0,1
2210902,1,3,931,0,6,39,166318.73,149763,299,91,0,1
2211024,1,3,893,0,6,39,166318.73,149763,299,91,0,1
2211152,1,3,825,0,6,39,166318.73,149763,299,91,0,1
2211274,1,3,795,0,6,39,166318.73,149763,299,91,0,1
2211302,1,3,796,0,6,39,166318.73,149763,299,91,0,1
2211502,1,3,768,0,6,39,166318.73,149763,299,91,0,1
2211602,1,2,774,0,6,39,166318.73,149763,299,91,0,1
2211724,1,2,808,0,2,39,166318.73,149763,299,91,0,1
2211802,1,0,805,0,2,39,166318.73,149763,299,91,0,1
2211974,1,0,804,0,0,39,166318.73,149763,299,91,0,1
2212080,1,0,802,0,0,39,166318.73,149763,299,91,0,1
2212205,1,0,803,0,0,39,166318.73,149763,299,91,0,1
2212307,1,0,835,0,0,39,166318.73,149763,299,91,0,1
2212580,1,0,1100,0,0,39,166319.77,149763,299,91,0,1
2212752,1,0,1040,0,0,39,166319.77,149763,299,91,0,1
2212844,1,0,997,0,0,39,166319.77,149763,299,91,0,1
2213102,1,0,906,0,0,39,166319.77,149763,299,91,0,1
2213302,1,0,879,0,8,39,166319.77,149763,299,91,0,1
2213424,1,0,879,0,26,39,166319.77,149763,299,91,0,1
2213552,1,0,860,0,70,39,166319.77,149763,299,91,0,1
2213674,1,0,855,0,80,39,166319.77,149763,299,91,0,1
2213803,1,0,846,0,84,39,166319.77,149763,299,91,0,1
2213803,1,0,846,0,84,39,166319.77,149763,299,91,0,1
2214024,1,0,841,0,20,39,166319.77,149763,299,91,0,1
2214144,1,0,808,0,8,39,166319.77,149763,299,91,0,1
2214265,1,0,808,0,10,39,166319.77,149763,299,91,0,1
2214327,1,0,808,0,0,39,166319.77,149763,299,91,0,1
2214502,1,0,841,0,0,39,166319.77,149763,299,92,0,1
2214602,1,0,917,0,0,39,166319.77,149763,299,92,0,1
2214724,1,0,1081,0,0,39,166319.77,149763,299,92,0,1
2214833,1,0,1289,0,0,39,166319.77,149763,299,92,0,1
2214935,1,0,1321,0,0,39,166319.77,149763,299,92,0,1
2215080,1,0,1217,0,0,39,166320.78,149763,299,92,0,1
2215199,1,0,1142,0,0,39,166320.78,149763,299,92,0,1
2215302,1,0,1090,0,0,39,166320.78,149763,299,92,0,1
2215353,1,0,1090,0,0,39,166320.78,149763,299,92,0,1
2215524,1,0,1129,0,0,39,166320.78,149763,299,92,0,1
2215652,1,0,1099,0,0,39,166320.78,149763,299,92,0,1
2215774,1,0,1089,0,6,39,166320.78,149763,299,92,0,1
2215827,1,0,1100,0,16,39,166320.78,149763,299,92,0,1
2216017,1,0,1067,0,16,39,166320.78,149763,299,92,0,1
2216124,1,0,1053,0,10,39,166320.78,149763,299,92,0,1
2216224,1,0,985,0,14,39,166320.78,149763,299,92,0,1
2216338,1,0,941,0,4,39,166320.78,149763,299,92,0,1
2216474,1,0,873,0,2,39,166320.78,149763,299,92,0,1
2216600,1,0,874,0,0,39,166320.78,149763,299,92,0,1
2216704,1,0,878,0,0,39,166320.78,149763,299,92,0,1
2216827,1,0,948,0,0,39,166321.80,149763,299,92,0,1
2216934,1,0,980,0,0,39,166321.80,149763,299,92,0,1
2217080,1,0,1131,0,0,39,166321.80,149763,299,92,0,1
2217199,1,0,1092,0,0,39,166321.80,149763,299,92,0,1
2217302,1,0,1109,0,0,39,166321.80,149763,299,92,0,1
2217425,1,0,1077,0,0,39,166321.80,149763,299,92,0,1
2217552,1,0,1173,0,14,39,166321.80,149763,299,92,0,1
2217674,1,0,1206,0,6,39,166321.80,149763,299,92,0,1
2217802,1,0,1248,0,6,39,166321.80,149763,299,92,0,1
2217802,1,0,1248,0,6,39,166321.80,149763,299,92,0,1
2218024,1,0,1209,0,0,39,166321.80,149763,299,92,0,1
2218152,1,0,1103,0,0,39,166321.80,149763,299,92,0,1
2218265,1,0,1004,0,0,39,166321.80,149763,299,92,0,1
2218327,1,0,1014,0,0,39,166321.80,149763,299,92,0,1
2218502,1,0,1123,0,0,39,166321.80,149763,299,92,0,1
2218602,1,0,1136,0,2,39,166322.80,149763,299,92,0,1
2218724,1,0,1126,0,6,39,166322.80,149763,299,92,0,1
2218827,1,0,1136,0,6,39,166322.80,149763,299,92,0,1
2218933,1,0,1136,0,6,39,166322.80,149763,299,92,0,1
2219080,1,0,1107,0,8,39,166322.80,149763,299,92,0,1
2219204,1,0,1049,0,8,39,166322.80,149763,299,92,0,1
2219302,1,0,1012,0,24,39,166322.80,149763,299,92,0,1
2219425,1,0,948,0,236,39,166322.80,149763,299,92,0,1
2219552,1,0,872,0,256,39,166322.80,149763,299,92,0,1
2219674,1,0,843,0,262,39,166322.80,149763,299,92,0,1
2219799,1,0,841,0,268,39,166322.80,149763,299,92,0,0
2219856,1,0,840,0,272,39,166322.80,149763,299,92,0,0
2220024,1,0,836,0,280,39,166322.80,149763,299,92,0,0
2220144,1,0,834,0,282,39,166322.80,149763,299,92,0,0
2220265,1,0,833,0,280,39,166322.80,149763,299,92,0,0
2220360,1,0,831,0,290,39,166322.80,149763,299,92,0,0
2220502,1,0,861,0,290,39,166322.80,149763,299,92,0,0
2220602,1,0,861,0,288,39,166322.80,149763,299,92,0,0
2220724,1,0,861,0,286,39,166322.80,149763,299,92,0,0
2220802,1,0,828,0,286,39,166322.80,149763,299,92,0,0
2220931,1,0,860,0,284,39,166322.80,149763,299,92,0,0
