timestamp,ignition,speed,rpm,throttle,brake,fuel_level,fuel_cons,distance,range,oil_temp,esp,rear_gear
13659,1,0,0,0,232,0,173157.42,149859,2312,0,0,0
13783,1,0,0,0,44,0,173157.42,149859,2312,59,0,0
13978,1,0,0,0,44,0,173157.42,149859,2312,59,0,0
14209,1,0,160,0,46,0,173157.42,149859,2312,59,0,0
14262,1,0,192,0,46,0,173157.42,149859,2312,59,0,0
14457,1,0,256,0,46,0,173157.42,149859,2312,59,0,0
14572,1,0,360,0,46,0,173157.42,149859,2312,59,0,0
14682,1,0,902,0,70,0,173157.42,149859,2312,59,0,0
14793,1,0,1319,0,114,0,173157.42,149859,2312,59,0,0
14909,1,0,1494,0,114,37,173157.42,149859,2312,59,0,0
15032,1,0,1448,0,230,37,173157.42,149859,2312,59,0,0
15160,1,0,1433,0,274,37,173157.42,149859,2312,59,0,0
15262,1,0,1390,0,302,37,173157.42,149859,2312,59,0,0
15309,1,0,1350,0,326,37,173157.42,149859,2312,59,0,0
15509,1,0,1240,0,370,37,173157.42,149859,264,59,0,0
15609,1,0,1232,0,382,37,173157.42,149859,264,59,0,0
15732,1,0,1231,0,386,37,173157.42,149859,264,59,0,0
15817,1,0,1235,0,384,37,173157.42,149859,264,59,0,0
15982,1,0,1234,0,376,37,173157.42,149859,264,59,0,0
16082,1,0,1231,0,370,37,173157.42,149859,264,59,0,0
16209,1,0,1226,0,318,37,173157.42,149859,264,59,0,0
16282,1,0,1226,0,266,37,173157.42,149859,264,59,0,0
16412,1,0,1197,0,266,37,173157.42,149859,264,59,0,0
16560,1,0,1201,0,232,37,173157.42,149859,264,59,0,0
16682,1,0,1202,0,222,37,173158.44,149859,264,59,0,0
16782,1,0,1202,0,218,37,173158.44,149859,264,59,0,0
16925,1,0,1170,0,218,37,173158.44,149859,264,59,0,0
17032,1,0,1204,0,210,37,173158.44,149859,264,59,0,0
17160,1,0,1206,0,206,37,173158.44,149859,264,59,0,0
17262,1,0,1207,0,202,37,173158.44,149859,264,59,0,0
17412,1,0,1208,0,200,37,173158.44,149859,264,59,0,0
17509,1,0,1209,0,200,37,173158.44,149859,264,59,0,0
17641,1,0,1211,0,200,37,173158.44,149859,264,59,0,0
17757,1,0,1213,0,200,37,173158.44,149859,264,59,0,0
17782,1,0,1213,0,200,37,173158.44,149859,264,59,0,0
17982,1,0,1214,0,200,37,173158.44,149859,264,59,0,0
18082,1,0,1184,0,200,37,173158.44,149859,264,59,0,0
18209,1,0,1186,0,200,37,173158.44,149859,264,59,0,0
18262,1,0,1186,0,200,37,173158.44,149859,264,59,0,0
18411,1,0,1187,0,200,37,173158.44,149859,264,59,0,0
18560,1,0,1187,0,200,37,173158.44,149859,264,59,0,0
18682,1,0,1186,0,200,37,173158.44,149859,264,59,0,0
18782,1,0,1187,0,200,37,173159.47,149859,264,59,0,0
18932,1,0,1187,0,200,37,173159.47,149859,264,59,0,0
19032,1,0,1187,0,240,37,173159.47,149859,264,60,0,0
19160,1,0,1187,0,256,37,173159.47,149859,264,60,0,0
19285,1,0,1187,0,284,37,173159.47,149859,264,60,0,0
19329,1,0,1186,0,284,37,173159.47,149859,264,60,0,0
19509,1,0,1187,0,382,37,173159.47,149859,264,60,0,0
19610,1,0,1187,0,394,37,173159.47,149859,264,60,0,0
19732,1,0,1188,0,394,37,173159.47,149859,264,60,0,0
19782,1,0,1188,0,392,37,173159.47,149859,264,60,0,0
19960,1,0,1187,0,392,37,173159.47,149859,264,60,0,0
20082,1,0,1188,0,346,37,173159.47,149859,264,60,0,0
20210,1,0,1188,0,326,37,173159.47,149859,264,60,0,0
20282,1,0,1188,0,298,37,173159.47,149859,264,60,0,0
20410,1,0,1190,0,298,37,173159.47,149859,264,60,0,0
20560,1,0,1190,0,252,37,173159.47,149859,264,60,0,0
20660,1,0,1190,0,242,37,173160.50,149859,264,60,0,0
20782,1,0,1188,0,232,37,173160.50,149859,264,60,0,0
20782,1,0,1188,0,232,37,173160.50,149859,264,60,0,0
21010,1,0,1188,0,222,37,173160.50,149859,264,60,0,0
21140,1,0,1187,0,218,37,173160.50,149859,264,60,0,0
21257,1,0,1187,0,212,37,173160.50,149859,264,60,0,0
21326,1,0,1186,0,202,37,173160.50,149859,264,60,0,0
21483,1,0,1186,0,190,37,173160.50,149859,264,60,0,0
21582,1,0,1187,0,188,37,173160.50,149859,264,60,0,0
21710,1,0,1185,0,186,37,173160.50,149859,264,60,0,0
21782,1,0,1185,0,186,37,173160.50,149859,264,60,0,0
21932,1,0,1186,0,186,37,173160.50,149859,264,60,0,0
22072,1,0,1184,0,182,37,173160.50,149859,264,60,0,0
22182,1,0,1185,0,184,37,173160.50,149859,264,60,0,0
22283,1,0,1185,0,202,37,173160.50,149859,264,60,0,0
22434,1,0,1186,0,202,37,173160.50,149859,264,60,0,0
22557,1,0,1186,0,240,37,173160.50,149859,264,60,0,0
22661,1,0,1186,0,242,37,173161.52,149859,264,60,0,0
22782,1,0,1186,0,242,37,173161.52,149859,264,60,0,0
22921,1,0,1187,0,242,37,173161.52,149859,264,60,0,0
23032,1,0,1186,0,262,37,173161.52,149859,264,60,0,0
23157,1,0,1185,0,326,37,173161.52,149859,264,60,0,0
23262,1,0,1184,0,388,37,173161.52,149859,264,60,0,0
23262,1,0,1184,0,388,37,173161.52,149859,264,60,0,0
23483,1,0,1185,0,474,37,173161.52,149859,264,60,0,0
23613,1,0,1186,0,484,37,173161.52,149859,264,60,0,0
23732,1,0,1187,0,488,37,173161.52,149859,264,60,0,0
23782,1,0,1187,0,488,37,173161.52,149859,264,60,0,0
23932,1,0,1187,0,488,37,173161.52,149859,264,60,0,0
24082,1,0,1187,0,364,37,173161.52,149859,264,59,0,0
24182,1,0,1154,0,290,37,173161.52,149859,264,59,0,0
24282,1,0,1155,0,244,37,173161.52,149859,264,59,0,0
24433,1,0,1188,0,244,37,173161.52,149859,264,59,0,0
24560,1,0,1192,0,132,37,173161.52,149859,264,59,0,0
24660,1,0,1161,0,14,37,173162.55,149859,264,59,0,0
24782,1,0,1194,0,0,37,173162.55,149859,264,59,0,0
24782,1,0,1194,0,0,37,173162.55,149859,264,59,0,0
25032,1,0,1192,0,0,37,173162.55,149859,264,59,0,0
25159,1,0,1192,0,0,37,173162.55,149859,264,59,0,0
25262,1,0,1192,0,0,37,173162.55,149859,264,59,0,0
25285,1,0,1192,0,0,37,173162.55,149859,264,59,0,0
25509,1,0,1124,0,0,37,173162.55,149859,264,59,0,0
25609,1,0,1091,0,0,37,173162.55,149859,264,59,0,0
25732,1,0,1092,0,0,37,173162.55,149859,264,59,0,0
25809,1,0,1094,0,0,37,173162.55,149859,264,58,0,0
25960,1,0,1095,0,0,37,173162.55,149859,264,58,0,0
26082,1,0,1127,0,0,37,173162.55,149859,264,58,0,0
26202,1,0,1127,0,0,37,173162.55,149859,264,58,0,0
26282,1,0,1127,0,0,37,173162.55,149859,264,58,0,0
26432,1,0,1128,0,0,37,173162.55,149859,264,58,0,0
26560,1,0,1159,0,0,37,173162.55,149859,264,58,0,0
26660,1,0,1225,0,0,37,173163.58,149859,264,58,0,0
26782,1,0,1262,0,0,37,173163.58,149859,264,58,0,0
26809,1,0,1264,0,0,37,173163.58,149859,264,58,0,0
27010,1,0,1232,0,0,37,173163.58,149859,264,58,0,0
27139,1,0,1232,0,0,37,173163.58,149859,264,58,0,0
27231,1,0,1236,0,0,37,173163.58,149859,264,58,0,0
27282,1,0,1236,0,0,37,173163.58,149859,264,58,0,0
27482,1,0,1241,0,0,37,173163.58,149859,264,58,0,0
27582,1,0,1208,0,0,37,173163.58,149859,264,58,0,0
27709,1,0,1239,0,0,37,173163.58,149859,264,57,0,0
27809,1,0,1207,0,0,37,173163.58,149859,264,57,0,0
27952,1,0,1207,0,0,37,173163.58,149859,264,57,0,0
28072,1,0,1235,0,0,37,173163.58,149859,264,57,0,0
28182,1,0,1234,0,0,37,173163.58,149859,264,57,0,0
28282,1,0,1200,0,0,37,173163.58,149859,264,57,0,0
28432,1,0,1200,0,0,37,173164.58,149859,264,57,0,0
28532,1,0,1200,0,0,37,173164.58,149859,264,57,0,0
28660,1,0,1202,0,0,37,173164.58,149859,264,57,0,0
28762,1,0,1202,0,0,37,173164.58,149859,264,57,0,0
28809,1,0,1200,0,0,37,173164.58,149859,264,57,0,0
29009,1,0,1198,0,0,37,173164.58,149859,264,57,0,0
29109,1,0,1200,0,0,37,173164.58,149859,264,57,0,0
29232,1,0,1168,0,0,37,173164.58,149859,264,57,0,0
29282,1,0,1136,0,0,37,173164.58,149859,264,57,0,0
29473,1,0,1102,0,0,37,173164.58,149859,264,57,0,0
29582,1,0,1104,0,0,37,173164.58,149859,264,57,0,0
29702,1,0,1106,0,0,37,173164.58,149859,264,57,0,0
29782,1,3,1107,0,0,37,173164.58,149859,264,57,0,0
29932,1,3,1107,0,0,37,173164.58,149859,264,57,0,0
30059,1,3,1136,0,0,37,173164.58,149859,264,57,0,0
30160,1,4,1168,0,0,37,173164.58,149859,264,57,0,0
30262,1,4,1135,0,0,37,173165.61,149859,264,57,0,0
30322,1,4,1135,0,0,37,173165.61,149859,264,57,0,0
30509,1,4,1137,0,0,37,173165.61,149859,264,57,0,0
30609,1,4,1105,0,0,37,173165.61,149859,264,57,0,0
30732,1,5,1105,0,0,37,173165.61,149859,264,57,0,0
30782,1,5,1105,0,0,37,173165.61,149859,264,57,0,0
30957,1,5,1073,0,0,37,173165.61,149859,264,57,0,0
31082,1,6,1074,0,0,37,173165.61,149859,264,57,0,0
31209,1,6,1043,0,0,37,173165.61,149859,264,57,0,0
31309,1,6,1042,0,0,37,173165.61,149859,264,57,0,0
31309,1,6,1042,0,0,37,173165.61,149859,264,57,0,0
31559,1,6,946,4,0,37,173165.61,149859,264,57,0,0
31681,1,6,945,4,0,37,173165.61,149859,264,57,0,0
31782,1,6,955,4,0,37,173165.61,149859,264,57,0,0
31916,1,6,966,4,0,37,173165.61,149859,264,57,0,0
32031,1,7,1062,4,0,37,173166.62,149859,264,57,0,0
32159,1,7,1081,4,0,37,173166.62,149859,264,57,0,0
32262,1,7,1083,4,0,37,173166.62,149859,264,57,0,0
32309,1,7,1035,4,0,37,173166.62,149859,264,57,0,0
32509,1,7,1013,1,0,37,173166.62,149859,264,57,0,0
32609,1,7,1019,1,0,37,173166.62,149859,264,57,0,0
32731,1,7,994,1,0,37,173166.62,149859,264,57,0,0
32782,1,7,994,1,0,37,173166.62,149859,264,57,0,0
32966,1,7,992,1,0,37,173166.62,149859,264,57,0,0
33081,1,7,1017,4,0,37,173166.62,149859,264,57,0,0
33202,1,7,987,6,0,37,173166.62,149859,264,57,0,0
33320,1,7,988,8,0,37,173166.62,149859,264,57,0,0
33431,1,7,988,8,0,37,173166.62,149859,264,57,0,0
33556,1,7,964,8,0,37,173166.62,149859,264,57,0,0
33659,1,7,1001,8,0,37,173166.62,149859,264,57,0,0
33782,1,7,973,8,0,37,173166.62,149859,264,57,0,0
33782,1,7,973,8,0,37,173166.62,149859,264,57,0,0
34031,1,7,1010,8,0,37,173166.62,149859,264,57,0,0
34139,1,7,1012,8,0,37,173167.66,149859,264,57,0,0
34263,1,7,1047,8,0,37,173167.66,149859,264,57,0,0
34284,1,7,1047,8,0,37,173167.66,149859,264,57,0,0
34483,1,7,1048,8,0,37,173167.66,149859,264,57,0,0
34609,1,7,1078,8,0,37,173167.66,149859,264,57,0,0
34709,1,7,1080,8,0,37,173167.66,149859,264,57,0,0
34783,1,7,1080,8,0,37,173167.66,149859,264,57,0,0
34956,1,7,1079,8,0,37,173167.66,149859,264,57,0,0
35071,1,7,1083,8,0,37,173167.66,149859,264,57,0,0
35181,1,7,1112,8,0,37,173167.66,149859,264,57,0,0
35309,1,7,1107,8,0,37,173167.66,149859,264,57,0,0
35309,1,7,1107,8,0,37,173167.66,149859,264,57,0,0
35531,1,7,1103,8,0,37,173167.66,149859,264,57,0,0
35659,1,7,1103,8,0,37,173167.66,149859,264,57,0,0
35783,1,7,1072,8,0,37,173168.67,149859,264,57,0,0
35826,1,7,1072,8,0,37,173168.67,149859,264,57,0,0
36009,1,7,1107,8,0,37,173168.67,149859,264,57,0,0
36109,1,7,1077,8,0,37,173168.67,149859,264,57,0,0
36231,1,7,1106,8,0,37,173168.67,149859,264,57,0,0
36341,1,7,1106,8,0,37,173168.67,149859,264,57,0,0
36462,1,7,1107,8,0,37,173168.67,149859,264,57,0,0
36581,1,7,1108,8,0,37,173168.67,149859,264,57,0,0
36709,1,7,1103,8,0,37,173168.67,149859,264,57,0,0
36809,1,8,1100,8,0,37,173168.67,149859,264,57,0,0
36809,1,8,1100,8,0,37,173168.67,149859,264,57,0,0
37071,1,7,1100,8,0,37,173168.67,149859,264,57,0,0
37181,1,7,1099,8,0,37,173168.67,149859,264,57,0,0
37283,1,7,1097,8,0,37,173168.67,149859,264,57,0,0
37283,1,7,1097,8,0,37,173168.67,149859,264,57,0,0
37556,1,7,1092,4,0,37,173168.67,149859,264,57,0,0
37659,1,7,1113,4,0,37,173169.69,149859,264,57,0,0
37783,1,7,1113,4,0,37,173169.69,149859,264,57,0,0
37783,1,7,1113,4,0,37,173169.69,149859,264,57,0,0
38031,1,7,1118,0,0,37,173169.69,149859,264,57,0,0
38139,1,7,1079,0,0,37,173169.69,149859,264,57,0,0
38262,1,7,1060,0,0,37,173169.69,149859,264,57,0,0
38340,1,7,1025,0,0,37,173169.69,149859,264,57,0,0
38493,1,7,1029,0,0,37,173169.69,149859,264,57,0,0
38609,1,7,1038,0,0,37,173169.69,149859,264,57,0,0
38731,1,7,1039,0,0,37,173169.69,149859,264,57,0,0
38783,1,7,1039,0,0,37,173169.69,149859,264,57,0,0
38962,1,7,1035,0,0,37,173169.69,149859,264,57,0,0
39081,1,7,994,0,0,37,173169.69,149859,264,57,0,0
39201,1,7,998,0,0,37,173169.69,149859,264,58,0,0
39315,1,7,1007,0,0,37,173169.69,149859,264,58,0,0
39431,1,7,1007,0,0,37,173169.69,149859,264,58,0,0
39559,1,7,969,0,0,37,173169.69,149859,264,58,0,0
39659,1,7,966,0,0,37,173169.69,149859,264,58,0,0
39783,1,6,965,0,0,37,173169.69,149859,264,58,0,0
39783,1,6,965,0,0,37,173169.69,149859,264,58,0,0
40031,1,6,931,0,0,37,173170.69,149859,264,58,0,0
40159,1,6,930,0,0,37,173170.69,149859,264,58,0,0
40262,1,6,933,0,0,37,173170.69,149859,264,58,0,0
40309,1,6,941,0,0,37,173170.69,149859,264,58,0,0
40509,1,6,936,0,0,37,173170.69,149859,264,58,0,0
40628,1,6,937,0,0,37,173170.69,149859,264,58,0,0
40731,1,6,941,0,0,37,173170.69,149859,264,58,0,0
40783,1,6,941,0,0,37,173170.69,149859,264,58,0,0
40951,1,6,941,0,0,37,173170.69,149859,264,58,0,0
41081,1,6,936,0,0,37,173170.69,149859,264,58,0,0
41209,1,6,937,0,0,37,173170.69,149859,264,58,0,0
41321,1,6,938,0,0,37,173170.69,149859,264,58,0,0
41431,1,6,938,0,0,37,173170.69,149859,264,58,0,0
41571,1,6,969,0,0,37,173170.69,149859,264,58,0,0
41681,1,6,938,0,0,37,173170.69,149859,264,58,0,0
41783,1,6,938,0,0,37,173170.69,149859,264,58,0,0
41935,1,6,937,0,0,37,173170.69,149859,264,58,0,0
42059,1,6,972,0,0,37,173170.69,149859,264,58,0,0
42159,1,6,940,0,2,37,173170.69,149859,264,58,0,0
42261,1,6,941,0,6,37,173170.69,149859,264,58,0,0
42339,1,6,941,0,4,37,173170.69,149859,264,58,0,0
42509,1,6,971,0,4,37,173171.70,149859,264,58,0,0
42639,1,6,965,0,6,37,173171.70,149859,264,58,0,0
42762,1,6,968,0,8,37,173171.70,149859,264,59,0,0
42809,1,6,966,0,8,37,173171.70,149859,264,59,0,0
42986,1,6,966,0,8,37,173171.70,149859,264,59,0,0
43109,1,6,934,0,8,37,173171.70,149859,264,59,0,0
43209,1,6,932,0,8,37,173171.70,149859,264,59,0,0
43337,1,6,963,0,8,37,173171.70,149859,264,59,0,0
43462,1,6,964,0,8,37,173171.70,149859,264,59,0,0
43581,1,6,966,0,18,37,173171.70,149859,261,59,0,0
43701,1,5,966,0,18,37,173171.70,149859,261,59,0,0
43781,1,5,966,0,24,37,173171.70,149859,261,59,0,0
43934,1,5,966,0,24,37,173171.70,149859,261,59,0,0
44059,1,5,966,0,50,37,173171.70,149859,261,59,0,0
44159,1,4,933,0,60,37,173171.70,149859,261,59,0,0
44281,1,4,932,0,64,37,173171.70,149859,261,59,0,0
44340,1,4,930,0,64,37,173171.70,149859,261,59,0,0
44509,1,3,962,0,64,37,173171.70,149859,261,59,0,0
44639,1,3,996,0,48,37,173171.70,149859,261,59,0,0
44761,1,0,1061,0,48,37,173172.72,149859,261,59,0,0
44809,1,0,1095,0,48,37,173172.72,149859,261,59,0,0
44959,1,0,1095,0,48,37,173172.72,149859,261,59,0,0
45109,1,0,1135,0,34,37,173172.72,149859,261,59,0,0
45209,1,0,1170,0,16,37,173172.72,149859,261,59,0,0
45309,1,0,1173,0,2,37,173172.72,149859,261,59,0,0
45456,1,0,1173,0,2,37,173172.72,149859,261,59,0,0
45571,1,0,1178,0,2,37,173172.72,149859,261,59,0,0
45681,1,0,1177,0,0,37,173172.72,149859,261,59,0,0
45809,1,0,1177,0,0,37,173172.72,149859,261,59,0,0
45831,1,0,1177,0,0,37,173172.72,149859,261,59,0,0
46031,1,0,1212,0,0,37,173172.72,149859,261,59,0,0
46159,1,0,1213,0,70,37,173172.72,149859,261,59,0,0
46261,1,0,1215,0,218,37,173172.72,149859,261,59,0,0
46321,1,0,1186,0,304,37,173172.72,149859,261,60,0,0
46482,1,0,1186,0,338,37,173172.72,149859,261,60,0,0
46609,1,0,1195,0,342,37,173172.72,149859,261,60,0,0
46731,1,0,1194,0,346,37,173172.72,149859,261,60,0,0
46821,1,0,1191,0,350,37,173172.72,149859,261,60,0,0
46959,1,0,1190,0,350,37,173173.72,149859,261,60,0,0
47081,1,0,1190,0,356,37,173173.72,149859,261,60,0,0
47209,1,0,1184,0,356,37,173173.72,149859,261,60,0,0
47309,1,0,1215,0,356,37,173173.72,149859,261,60,0,0
47451,1,0,1215,0,356,37,173173.72,149859,261,60,0,0
47559,1,0,1213,0,356,37,173173.72,149859,261,60,0,0
47681,1,0,1213,0,226,37,173173.72,149859,261,60,0,0
47781,1,0,1213,0,204,37,173173.72,149859,261,60,0,0
47808,1,0,1213,0,204,37,173173.72,149859,261,60,0,0
48031,1,0,1188,0,174,37,173173.72,149859,261,60,0,0
48139,1,0,1188,0,170,37,173173.72,149859,261,60,0,0
48261,1,0,1188,0,168,37,173173.72,149859,261,60,0,0
48309,1,0,1190,0,166,37,173173.72,149859,261,60,0,0
48487,1,0,1190,0,166,37,173173.72,149859,261,60,0,0
48609,1,0,1188,0,162,37,173173.72,149859,261,60,0,0
48709,1,0,1186,0,162,37,173173.72,149859,261,60,0,0
48821,1,0,1184,0,162,37,173173.72,149859,261,60,0,0
48959,1,0,1215,0,162,37,173174.73,149859,261,60,0,0
49071,1,0,1214,0,160,37,173174.73,149859,261,60,0,0
49181,1,0,1213,0,158,37,173174.73,149859,261,60,0,0
49309,1,0,1211,0,158,37,173174.73,149859,261,60,0,0
49309,1,0,1211,0,158,37,173174.73,149859,261,60,0,0
49531,1,0,1184,0,158,37,173174.73,149859,261,60,0,0
49659,1,0,1184,0,154,37,173174.73,149859,261,60,0,0
49781,1,0,1186,0,154,37,173174.73,149859,261,60,0,0
49821,1,0,1186,0,154,37,173174.73,149859,261,60,0,0
50009,1,0,1186,0,152,37,173174.73,149859,261,60,0,0
50109,1,0,1186,0,152,37,173174.73,149859,261,60,0,0
50231,1,0,1215,0,152,37,173174.73,149859,261,60,0,0
50341,1,0,1214,0,150,37,173174.73,149859,261,60,0,0
50482,1,0,1214,0,150,37,173174.73,149859,261,60,0,0
50581,1,0,1213,0,150,37,173174.73,149859,261,60,0,0
50709,1,0,1213,0,148,37,173174.73,149859,261,60,0,0
50828,1,0,1184,0,148,37,173174.73,149859,261,60,0,0
50931,1,0,1184,0,148,37,173174.73,149859,261,60,0,0
51071,1,0,1185,0,146,37,173175.77,149859,261,60,0,0
51181,1,0,1185,0,146,37,173175.77,149859,261,60,0,0
51281,1,0,1186,0,146,37,173175.77,149859,261,60,0,0
51331,1,0,1187,0,146,37,173175.77,149859,261,60,0,0
51531,1,0,1187,0,146,37,173175.77,149859,261,60,0,0
51647,1,0,1215,0,146,37,173175.77,149859,261,60,0,0
51761,1,0,1215,0,146,37,173175.77,149859,261,60,0,0
51821,1,0,1213,0,144,37,173175.77,149859,261,60,0,0
51981,1,0,1213,0,144,37,173175.77,149859,261,60,0,0
52111,1,0,1211,0,144,37,173175.77,149859,261,60,0,0
52209,1,0,1215,0,144,37,173175.77,149859,261,60,0,0
52330,1,0,1185,0,144,37,173175.77,149859,261,60,0,0
52456,1,0,1185,0,144,37,173175.77,149859,261,60,0,0
52581,1,0,1186,0,144,37,173175.77,149859,261,60,0,0
52681,1,0,1219,0,144,37,173175.77,149859,261,60,0,0
52781,1,0,1187,0,144,37,173175.77,149859,261,60,0,0
52931,1,0,1187,0,144,37,173175.77,149859,261,60,0,0
53059,1,0,1215,0,142,37,173176.77,149859,261,60,0,0
53159,1,0,1214,0,142,37,173176.77,149859,261,60,0,0
53281,1,0,1213,0,144,37,173176.77,149859,261,60,0,0
53309,1,0,1212,0,144,37,173176.77,149859,261,60,0,0
53509,1,0,1213,0,144,37,173176.77,149859,261,61,0,0
53610,1,0,1214,0,142,37,173176.77,149859,261,61,0,0
53731,1,0,1215,0,142,37,173176.77,149859,261,61,0,0
53845,1,0,1184,0,142,37,173176.77,149859,261,61,0,0
53959,1,0,1184,0,142,37,173176.77,149859,261,61,0,0
54081,1,0,1185,0,142,37,173176.77,149859,261,61,0,0
54209,1,0,1186,0,142,37,173176.77,149859,261,61,0,0
54321,1,0,1215,0,142,37,173176.77,149859,261,61,0,0
54466,1,0,1215,0,142,37,173176.77,149859,261,61,0,0
54581,1,0,1213,0,142,37,173176.77,149859,261,61,0,0
54681,1,0,1212,0,142,37,173176.77,149859,261,61,0,0
54809,1,0,1215,0,142,37,173176.77,149859,261,61,0,0
54841,1,0,1215,0,142,37,173176.77,149859,261,61,0,0
55071,1,0,1185,0,142,37,173177.78,149859,261,61,0,0
55256,1,0,1186,0,140,37,173177.78,149859,261,61,0,0
55312,1,0,1186,0,140,37,173177.78,149859,261,61,0,0
55482,1,0,1186,0,140,37,173177.78,149859,261,61,0,0
55581,1,0,1186,0,140,37,173177.78,149859,261,61,0,0
55709,1,0,1213,0,142,37,173177.78,149859,261,61,0,0
55821,1,0,1212,0,140,37,173177.78,149859,261,61,0,0
55956,1,0,1212,0,140,37,173177.78,149859,261,61,0,0
56071,1,0,1211,0,140,37,173177.78,149859,261,61,0,0
56181,1,0,1213,0,140,37,173177.78,149859,261,61,0,0
56281,1,0,1213,0,140,37,173177.78,149859,261,61,0,0
56326,1,0,1215,0,140,37,173177.78,149859,261,61,0,0
56531,1,0,1184,0,140,37,173177.78,149859,261,61,0,0
56638,1,0,1215,0,140,37,173177.78,149859,261,61,0,0
56761,1,0,1184,0,140,37,173177.78,149859,261,61,0,0
56831,1,0,1214,0,140,37,173177.78,149859,261,61,0,0
56981,1,0,1214,0,140,37,173177.78,149859,261,61,0,0
57110,1,0,1211,0,142,37,173177.78,149859,261,61,0,0
57231,1,0,1211,0,140,37,173178.80,149859,261,61,0,0
57310,1,0,1211,0,142,37,173178.80,149859,261,62,0,0
57467,1,0,1211,0,142,37,173178.80,149859,261,62,0,0
57581,1,0,1215,0,140,37,173178.80,149859,261,62,0,0
57710,1,0,1184,0,140,37,173178.80,149859,261,62,0,0
57821,1,0,1186,0,140,37,173178.80,149859,261,62,0,0
57831,1,0,1186,0,140,37,173178.80,149859,261,62,0,0
58056,1,0,1188,0,140,37,173178.80,149859,261,62,0,0
58160,1,0,1156,0,140,37,173178.80,149859,261,62,0,0
58281,1,0,1191,0,148,37,173178.80,149859,261,62,0,0
58336,1,0,1190,0,148,37,173178.80,149859,261,62,0,0
58510,1,0,1224,0,210,37,173178.80,149859,261,62,0,0
58638,1,0,1224,0,226,37,173178.80,149859,261,62,0,0
58731,1,0,1224,0,242,37,173178.80,149859,261,62,0,0
58831,1,0,1223,0,248,37,173178.80,149859,261,62,0,0
58981,1,0,1191,0,260,37,173178.80,149859,261,62,0,0
59081,1,0,1190,0,264,37,173178.80,149859,261,62,0,0
59210,1,0,1185,0,270,37,173178.80,149859,261,62,0,0
59331,1,0,1184,0,270,37,173179.83,149859,261,62,0,0
59467,1,0,1184,0,270,37,173179.83,149859,261,62,0,0
59581,1,0,1187,0,272,37,173179.83,149859,261,62,0,0
59701,1,0,1188,0,280,37,173179.83,149859,261,62,0,0
59821,1,0,1188,0,282,37,173179.83,149859,261,62,0,0
59956,1,0,1188,0,282,37,173179.83,149859,261,62,0,0
60071,1,0,1190,0,284,37,173179.83,149859,261,62,0,0
60181,1,0,1190,0,284,37,173179.83,149859,261,62,0,0
60281,1,0,1223,0,284,37,173179.83,149859,261,62,0,0
60323,1,0,1220,0,284,37,173179.83,149859,261,62,0,0
60531,1,0,1190,0,286,37,173179.83,149859,261,63,0,0
60638,1,0,1190,0,286,37,173179.83,149859,261,63,0,0
60761,1,0,1190,0,286,37,173179.83,149859,261,63,0,0
60821,1,0,1186,0,286,37,173179.83,149859,261,63,0,0
60981,1,0,1186,0,286,37,173179.83,149859,261,63,0,0
61110,1,0,1184,0,288,37,173179.83,149859,261,63,0,0
61231,1,0,1186,0,288,37,173179.83,149859,261,63,0,0
61331,1,0,1185,0,290,37,173180.83,149859,261,63,0,0
61467,1,0,1185,0,290,37,173180.83,149859,261,63,0,0
61581,1,0,1186,0,292,37,173180.83,149859,261,63,0,0
61701,1,0,1186,0,290,37,173180.83,149859,261,63,0,0
61810,1,0,1186,0,290,37,173180.83,149859,261,63,0,0
61831,1,0,1186,0,290,37,173180.83,149859,261,63,0,0
62031,1,0,1215,0,212,37,173180.83,149859,261,63,0,0
62160,1,0,1213,0,98,37,173180.83,149859,261,63,0,0
62281,1,0,1213,0,0,37,173180.83,149859,261,63,0,0
62321,1,0,1214,0,0,37,173180.83,149859,261,63,0,0
62510,1,0,1187,0,0,37,173180.83,149859,261,63,0,0
62610,1,0,1187,0,0,37,173180.83,149859,261,63,0,0
62731,1,0,1186,0,0,37,173180.83,149859,261,63,0,0
62831,1,0,1184,0,0,37,173180.83,149859,261,63,0,0
62981,1,0,1184,0,0,37,173180.83,149859,261,63,0,0
63081,1,0,1149,0,0,37,173180.83,149859,261,63,0,0
63210,1,0,1079,0,0,37,173180.83,149859,261,63,0,0
63310,1,0,1016,0,0,37,173180.83,149859,261,63,0,0
63310,1,0,1016,0,0,37,173180.83,149859,261,63,0,0
63571,1,0,1100,15,0,37,173181.84,149859,261,63,0,0
63681,1,0,1209,16,0,37,173181.84,149859,261,63,0,0
63780,1,0,1204,16,0,37,173181.84,149859,261,63,0,0
63866,1,0,1172,17,0,37,173181.84,149859,261,63,0,0
64030,1,0,1140,17,0,37,173181.84,149859,261,63,0,0
64138,1,3,1131,18,0,37,173181.84,149859,261,63,0,0
64261,1,5,1128,18,0,37,173181.84,149859,261,63,0,0
64330,1,5,1095,18,0,37,173181.84,149859,261,63,0,0
64467,1,5,1062,18,0,37,173181.84,149859,261,63,0,0
64610,1,7,1013,19,0,37,173182.88,149859,261,63,0,0
64710,1,7,1070,20,0,37,173182.88,149859,261,63,0,0
64831,1,7,1165,31,0,37,173182.88,149859,261,63,0,0
64831,1,7,1165,31,0,37,173182.88,149859,261,63,0,0
65080,1,9,1220,35,0,37,173182.88,149859,261,63,0,0
65180,1,9,1298,39,0,37,173182.88,149859,261,63,0,0
65311,1,9,1334,47,0,37,173182.88,149859,261,63,0,0
65357,1,9,1334,54,0,37,173182.88,149859,261,63,0,0
65530,1,9,1434,71,0,37,173182.88,149859,261,63,0,0
65660,1,10,1494,77,0,37,173182.88,149859,261,63,0,0
65763,1,10,1548,80,0,37,173183.89,149859,261,63,0,0
65830,1,10,1545,82,0,37,173183.89,149859,261,63,0,0
65997,1,11,1665,82,0,37,173183.89,149859,261,63,0,0
66110,1,12,1779,84,0,37,173183.89,149859,261,63,0,0
66230,1,12,1831,84,0,37,173183.89,149859,261,63,0,0
66332,1,13,1945,84,0,37,173183.89,149859,261,63,0,0
66332,1,13,1945,84,0,37,173183.89,149859,261,63,0,0
66580,1,15,2167,84,0,37,173184.89,149859,261,63,0,0
66710,1,15,2260,80,0,37,173184.89,149859,261,63,0,0
66830,1,16,2315,48,0,37,173184.89,149859,261,63,0,0
66950,1,16,2315,48,0,37,173184.89,149859,261,63,0,0
67070,1,17,2133,0,0,37,173185.94,149859,261,63,0,0
67180,1,17,1992,0,0,37,173185.94,149859,261,63,0,0
67280,1,17,1915,0,0,37,173185.94,149859,261,64,0,0
67330,1,17,1824,0,0,37,173185.94,149859,261,64,0,0
67530,1,17,1701,0,0,37,173185.94,149859,261,64,0,0
67638,1,17,1636,0,0,37,173185.94,149859,261,64,0,0
67761,1,17,1537,0,0,37,173185.94,149859,261,64,0,0
67830,1,17,1501,0,0,37,173185.94,149859,261,64,0,0
67960,1,17,1242,0,0,37,173185.94,149859,261,64,0,0
68110,1,17,1301,3,0,37,173185.94,149859,261,64,0,0
68210,1,17,1297,7,0,37,173185.94,149859,261,64,0,0
68330,1,17,1304,25,0,37,173185.94,149859,261,64,0,0
68467,1,17,1316,25,0,37,173185.94,149859,261,64,0,0
68580,1,17,1308,23,0,37,173185.94,149859,261,64,0,0
68700,1,17,1256,11,0,37,173185.94,149859,261,64,0,0
68810,1,17,1277,0,0,37,173185.94,149859,261,64,0,0
68830,1,17,1277,0,0,37,173185.94,149859,261,64,0,0
69030,1,16,1227,0,0,37,173185.94,149859,261,64,0,0
69160,1,16,1221,0,0,37,173185.94,149859,261,64,0,0
69282,1,16,1240,0,0,37,173186.95,149859,261,64,0,0
69373,1,16,1200,0,0,37,173186.95,149859,261,64,0,0
69482,1,16,1200,0,6,37,173186.95,149859,261,64,0,0
69610,1,15,1170,0,12,37,173186.95,149859,261,64,0,0
69730,1,15,1141,0,18,37,173186.95,149859,261,64,0,0
69830,1,15,1144,0,16,37,173186.95,149859,261,64,0,0
69830,1,15,1144,0,16,37,173186.95,149859,261,64,0,0
70080,1,15,1112,0,18,37,173186.95,149859,261,64,0,0
70210,1,14,1113,0,24,37,173186.95,149859,261,64,0,0
70330,1,14,1084,0,44,37,173186.95,149859,261,64,0,0
70330,1,14,1084,0,44,37,173186.95,149859,261,64,0,0
70580,1,13,1052,0,38,37,173186.95,149859,261,64,0,0
70700,1,13,1021,0,40,37,173186.95,149859,261,64,0,0
70810,1,13,992,0,38,37,173186.95,149859,261,64,0,0
70864,1,13,992,0,38,37,173186.95,149859,261,64,0,0
71030,1,13,933,0,0,37,173186.95,149859,261,64,0,0
71160,1,12,965,0,0,37,173186.95,149859,261,64,0,0
71280,1,13,969,0,0,37,173186.95,149859,261,65,0,0
71330,1,13,986,0,0,37,173186.95,149859,261,65,0,0
71481,1,13,986,0,0,37,173186.95,149859,261,65,0,0
71638,1,12,934,12,0,37,173186.95,149859,261,65,0,0
71755,1,12,972,16,0,37,173186.95,149859,261,65,0,0
71830,1,12,1002,27,0,37,173187.95,149859,261,65,0,0
71830,1,12,1002,27,0,37,173187.95,149859,261,65,0,0
72080,1,12,986,27,0,37,173187.95,149859,261,65,0,0
72213,1,12,963,42,0,37,173187.95,149859,261,65,0,0
72330,1,12,968,50,0,37,173187.95,149859,261,65,0,0
72330,1,12,968,50,0,37,173187.95,149859,261,65,0,0
72580,1,13,1040,60,0,37,173187.95,149859,261,65,0,0
72713,1,13,1057,62,0,37,173187.95,149859,261,65,0,0
72830,1,14,1058,74,0,37,173187.95,149859,261,65,0,0
72967,1,14,1090,74,0,37,173187.95,149859,261,65,0,0
73080,1,15,1129,88,0,37,173187.95,149859,261,65,0,0
73200,1,15,1200,94,0,37,173187.95,149859,261,65,0,0
73312,1,15,1191,96,0,37,173189.00,149859,261,65,0,0
73338,1,15,1191,97,0,37,173189.00,149859,261,65,0,0
73530,1,16,1309,100,0,37,173189.00,149859,261,65,0,0
73663,1,17,1317,101,0,37,173189.00,149859,261,65,0,0
73780,1,17,1361,101,0,37,173189.00,149859,261,65,0,0
73830,1,17,1373,101,0,37,173189.00,149859,261,65,0,0
74017,1,18,1452,101,0,37,173189.00,149859,261,65,0,0
74112,1,19,1488,103,0,37,173189.00,149859,261,65,0,0
74230,1,19,1525,103,0,37,173189.00,149859,261,65,0,0
74330,1,20,1567,103,0,37,173190.03,149859,261,65,0,0
74481,1,20,1576,103,0,37,173190.03,149859,261,65,0,0
74612,1,21,1688,104,0,37,173190.03,149859,261,65,0,0
74730,1,22,1665,106,0,37,173190.03,149859,261,66,0,0
74830,1,22,1737,126,0,38,173190.03,149859,261,66,0,0
74862,1,23,1737,126,0,38,173190.03,149859,261,66,0,0
75080,1,24,1830,137,0,38,173191.05,149859,261,66,0,0
75213,1,24,1878,137,0,38,173191.05,149859,261,66,0,0
75321,1,25,1933,137,0,38,173191.05,149859,261,66,0,0
75321,1,25,1933,137,0,38,173191.05,149859,261,66,0,0
75580,1,26,2031,137,0,38,173191.05,149859,261,66,0,0
75700,1,27,2097,137,0,38,173192.16,149859,261,66,0,0
75812,1,28,2158,137,0,38,173192.16,149859,261,66,0,0
75855,1,28,2158,137,0,38,173192.16,149859,261,66,0,0
76042,1,28,2259,137,0,38,173192.16,149859,261,66,0,0
76162,1,30,2339,137,0,38,173193.20,149859,261,66,0,0
76280,1,31,2379,137,0,38,173193.20,149859,261,66,0,0
76330,1,31,2427,137,0,38,173193.20,149859,261,66,0,0
76520,1,32,2556,137,0,38,173194.20,149859,261,66,0,0
76637,1,33,2590,137,0,38,173194.20,149859,261,66,0,0
76755,1,35,2626,137,0,38,173194.20,149859,261,66,0,0
76854,1,35,2689,137,0,38,173195.38,149859,261,66,0,0
76980,1,35,2689,137,0,38,173195.38,149859,261,66,0,0
77112,1,37,2852,133,0,38,173196.47,149859,261,66,0,0
77230,1,38,2926,121,0,38,173196.47,149859,261,66,0,0
77330,1,38,2963,112,0,38,173196.47,149859,261,66,0,0
77481,1,39,3025,112,0,38,173197.62,149859,261,66,0,0
77580,1,40,3045,93,0,38,173197.62,149859,261,66,0,0
77713,1,41,3061,67,0,38,173198.72,149859,261,66,0,0
77830,1,41,2962,0,0,38,173198.72,149859,261,66,0,0
77883,1,41,2898,0,0,38,173198.72,149859,261,66,0,0
78070,1,41,2559,0,0,38,173198.72,149859,261,66,0,0
78180,1,41,2368,0,0,38,173198.72,149859,261,66,0,0
78280,1,41,2179,0,0,38,173198.72,149859,261,66,0,0
78333,1,41,2115,0,0,38,173198.72,149859,261,66,0,0
78530,1,40,2064,25,0,38,173198.72,149859,261,66,0,0
78662,1,40,2214,29,0,38,173198.72,149859,261,66,0,0
78763,1,40,2106,31,0,38,173198.72,149859,261,66,0,0
78855,1,40,2120,43,0,38,173199.77,149859,261,66,0,0
78989,1,40,2120,43,0,38,173199.77,149859,261,66,0,0
79137,1,40,2132,81,0,38,173199.77,149859,261,66,0,0
79230,1,40,2157,96,0,38,173199.77,149859,261,66,0,0
79330,1,40,2144,101,0,38,173199.77,149859,261,66,0,0
79481,1,40,2144,101,0,38,173199.77,149859,261,66,0,0
79612,1,41,2196,113,0,38,173199.77,149859,261,66,0,0
79730,1,41,2216,117,0,38,173200.81,149859,261,66,0,0
79830,1,41,2183,118,0,38,173200.81,149859,261,66,0,0
79855,1,41,2183,118,0,38,173200.81,149859,261,66,0,0
80080,1,42,2259,119,0,38,173200.81,149859,261,66,0,0
80212,1,42,2299,119,0,38,173201.86,149859,261,66,0,0
80321,1,43,2273,119,0,38,173201.86,149859,261,66,0,0
80362,1,43,2305,119,0,38,173201.86,149859,261,66,0,0
80570,1,44,2349,120,0,38,173201.86,149859,261,66,0,0
80680,1,44,2385,120,0,38,173203.00,149859,261,66,0,0
80780,1,45,2392,120,0,38,173203.00,149859,261,66,0,0
80880,1,45,2427,120,0,38,173203.00,149859,261,66,0,0
80988,1,45,2401,120,0,38,173203.00,149859,261,66,0,0
81137,1,46,2442,120,0,38,173204.03,149859,261,66,0,0
81262,1,47,2480,120,0,38,173204.03,149859,261,66,0,0
81330,1,47,2485,120,0,38,173204.03,149859,261,66,0,0
81481,1,47,2517,120,0,38,173205.09,149859,261,66,0,0
81612,1,48,2549,119,0,38,173205.09,149859,261,66,0,0
81730,1,48,2581,115,0,38,173205.09,149859,261,66,0,0
81830,1,48,2613,115,0,38,173206.17,149859,261,66,0,0
81987,1,49,2613,115,0,38,173206.17,149859,261,66,0,0
82080,1,50,2643,115,0,38,173206.17,149859,261,67,0,0
82212,1,50,2687,114,0,38,173206.17,149859,261,67,0,0
82321,1,50,2688,112,0,38,173207.25,149859,261,67,0,0
82359,1,50,2688,107,0,38,173207.25,149859,261,67,0,0
82570,1,51,2746,90,0,38,173207.25,149859,261,67,0,0
82680,1,52,2722,82,0,38,173207.25,149859,261,67,0,0
82780,1,52,2763,78,0,38,173208.31,149859,261,67,0,0
82862,1,52,2748,69,0,38,173208.31,149859,261,67,0,0
83037,1,52,2742,41,0,38,173208.31,149859,261,67,0,0
83162,1,52,2762,25,0,38,173208.31,149859,261,67,0,0
83262,1,52,2738,9,0,38,173208.31,149859,261,67,0,0
83330,1,52,2715,0,0,38,173208.31,149859,261,67,0,0
83481,1,52,2683,0,0,38,173208.31,149859,261,67,0,0
83612,1,51,2723,0,0,38,173208.31,149859,261,67,0,0
83730,1,51,2694,0,0,38,173209.33,149859,261,67,0,0
83855,1,51,2694,0,0,38,173209.33,149859,261,67,0,0
83986,1,51,2694,0,0,38,173209.33,149859,261,67,0,0
84112,1,50,2686,0,0,38,173209.33,149859,261,67,0,0
84230,1,50,2658,0,0,38,173209.33,149859,261,67,0,0
84355,1,50,2645,0,0,38,173209.33,149859,261,67,0,0
84374,1,50,2645,0,0,38,173209.33,149859,261,67,0,0
84580,1,50,2654,0,0,38,173209.33,149859,261,67,0,0
84712,1,49,2619,0,0,38,173209.33,149859,261,67,0,0
84830,1,49,2587,0,0,38,173209.33,149859,261,67,0,0
84830,1,49,2587,0,0,38,173209.33,149859,261,67,0,0
85080,1,48,2573,0,0,38,173209.33,149859,261,67,0,0
85200,1,48,2528,0,0,38,173209.33,149859,261,67,0,0
85312,1,48,2528,0,0,38,173209.33,149859,261,68,0,0
85390,1,48,2528,0,0,38,173209.33,149859,261,68,0,0
85555,1,47,2496,0,0,38,173209.33,149859,261,68,0,0
85637,1,47,2496,0,0,38,173209.33,149859,261,68,0,0
85780,1,47,2464,0,0,38,173209.33,149859,261,68,0,0
85830,1,47,2464,0,0,38,173209.33,149859,261,68,0,0
85985,1,47,2464,0,0,38,173209.33,149859,261,68,0,0
86137,1,46,2432,0,0,38,173209.33,149859,261,68,0,0
86255,1,46,2432,4,0,38,173209.33,149859,261,68,0,0
86362,1,46,2432,18,0,38,173209.33,149859,261,68,0,0
86497,1,46,2450,30,0,38,173209.33,149859,261,68,0,0
86612,1,46,2447,31,0,38,173209.33,149859,261,68,0,0
86730,1,46,2425,40,0,38,173209.33,149859,261,68,0,0
86830,1,45,2415,42,0,38,173209.33,149859,261,68,0,0
86984,1,46,2415,42,0,38,173209.33,149859,261,68,0,0
87080,1,45,2418,48,0,38,173209.33,149859,261,68,0,0
87212,1,46,2462,67,0,38,173210.38,149859,261,68,0,0
87330,1,46,2491,95,0,38,173210.38,149859,261,68,0,0
87362,1,46,2459,95,0,38,173210.38,149859,261,68,0,0
87570,1,46,2471,113,0,38,173210.38,149859,261,68,0,0
87680,1,46,2502,121,0,38,173210.38,149859,261,68,0,0
87780,1,47,2511,121,0,38,173210.38,149859,261,68,0,0
87862,1,47,2556,121,0,38,173211.52,149859,261,68,0,0
88012,1,47,2588,121,0,38,173211.52,149859,261,68,0,0
88162,1,49,2587,115,0,38,173211.52,149859,261,69,0,0
88280,1,49,2608,108,0,38,173212.64,149859,261,69,0,0
88368,1,49,2632,104,0,38,173212.64,149859,261,69,0,0
88512,1,49,2674,104,0,38,173212.64,149859,261,69,0,0
88637,1,50,2661,86,0,38,173213.72,149859,261,69,0,0
88755,1,51,2665,80,0,38,173213.72,149859,261,69,0,0
88855,1,51,2697,73,0,38,173213.72,149859,261,69,0,0
88983,1,51,2689,73,0,38,173213.72,149859,261,69,0,0
89112,1,51,2710,45,0,38,173213.72,149859,261,69,0,0
89230,1,51,2693,31,0,38,173214.77,149859,261,69,0,0
89362,1,51,2710,26,0,38,173214.77,149859,261,69,0,0
89495,1,51,2703,26,0,38,173214.77,149859,261,69,0,0
89612,1,51,2693,26,0,38,173214.77,149859,261,69,0,0
89755,1,51,2697,35,0,38,173214.77,149859,261,69,0,0
89862,1,51,2672,40,0,38,173214.77,149859,261,69,0,0
90012,1,51,2695,41,0,38,173214.77,149859,261,69,0,0
90137,1,50,2663,50,0,38,173214.77,149859,261,69,0,0
90255,1,51,2704,55,0,38,173214.77,149859,261,69,0,0
90362,1,51,2707,57,0,38,173215.78,149859,261,69,0,0
90494,1,51,2693,57,0,38,173215.78,149859,261,69,0,0
90612,1,51,2692,62,0,38,173215.78,149859,261,69,0,0
90730,1,51,2711,62,0,38,173215.78,149859,261,69,0,0
90830,1,51,2714,62,0,38,173215.78,149859,261,69,0,0
90981,1,51,2711,62,0,38,173215.78,149859,261,69,0,0
91112,1,51,2700,59,0,38,173216.81,149859,261,69,0,0
91230,1,51,2720,53,0,38,173216.81,149859,261,69,0,0
91355,1,51,2688,53,0,38,173216.81,149859,261,69,0,0
91494,1,51,2742,53,0,38,173216.81,149859,261,69,0,0
91612,1,51,2748,52,0,38,173216.81,149859,261,69,0,0
91730,1,51,2751,52,0,38,173216.81,149859,261,69,0,0
91830,1,51,2722,52,0,38,173216.81,149859,261,69,0,0
91862,1,51,2690,52,0,38,173216.81,149859,261,69,0,0
92080,1,51,2721,52,0,38,173217.83,149859,261,69,0,0
92200,1,51,2744,52,0,38,173217.83,149859,261,69,0,0
92321,1,52,2738,52,0,38,173217.83,149859,261,69,0,0
92355,1,51,2738,52,0,38,173217.83,149859,261,69,0,0
92562,1,51,2750,49,0,38,173217.83,149859,261,69,0,0
92680,1,52,2721,48,0,38,173217.83,149859,261,69,0,0
92780,1,52,2721,48,0,38,173217.83,149859,261,69,0,0
92862,1,52,2742,48,0,38,173217.83,149859,261,69,0,0
93012,1,52,2721,48,0,38,173218.86,149859,261,69,0,0
93162,1,52,2754,56,0,38,173218.86,149859,261,69,0,0
93280,1,52,2748,56,0,38,173218.86,149859,261,69,0,0
93362,1,52,2752,57,0,38,173218.86,149859,261,69,0,0
93518,1,52,2751,57,0,38,173218.86,149859,261,69,0,0
93637,1,52,2777,58,0,38,173218.86,149859,261,69,0,0
93762,1,52,2769,58,0,38,173218.86,149859,261,69,0,0
93889,1,52,2769,58,0,38,173218.86,149859,261,69,0,0
94012,1,52,2764,58,0,38,173219.91,149859,261,69,0,0
94137,1,52,2768,58,0,38,173219.91,149859,261,69,0,0
94262,1,52,2773,58,0,38,173219.91,149859,261,69,0,0
94354,1,52,2775,58,0,38,173219.91,149859,261,69,0,0
94492,1,52,2807,58,0,38,173219.91,149859,261,69,0,0
94612,1,52,2799,58,0,38,173219.91,149859,261,69,0,0
94729,1,52,2794,59,0,38,173219.91,149859,261,69,0,0
94862,1,53,2800,59,0,38,173220.91,149859,261,69,0,0
95012,1,53,2809,59,0,38,173220.91,149859,261,69,0,0
95137,1,53,2809,11,0,38,173220.91,149859,261,69,0,0
95255,1,53,2766,0,0,38,173220.91,149859,261,70,0,0
95332,1,53,2778,0,0,38,173220.91,149859,261,70,0,0
95491,1,53,2778,0,0,38,173220.91,149859,261,70,0,0
95612,1,52,2786,0,0,38,173220.91,149859,261,70,0,0
95730,1,52,2752,0,0,38,173220.91,149859,261,70,0,0
95854,1,52,2783,0,0,38,173220.91,149859,261,70,0,0
95895,1,52,2751,0,0,38,173220.91,149859,261,70,0,0
96112,1,52,2749,0,0,38,173220.91,149859,261,70,0,0
96229,1,51,2730,0,0,38,173220.91,149859,261,70,0,0
96330,1,51,2698,0,0,38,173221.91,149859,261,70,0,0
96491,1,51,2698,0,0,38,173221.91,149859,261,70,0,0
96612,1,51,2684,0,0,38,173221.91,149859,261,70,0,0
96729,1,50,2667,0,0,38,173221.91,149859,261,70,0,0
96830,1,50,2684,0,0,38,173221.91,149859,261,70,0,0
96862,1,50,2684,0,0,38,173221.91,149859,261,70,0,0
97080,1,50,2624,0,0,38,173221.91,149859,261,70,0,0
97200,1,49,2624,0,0,38,173221.91,149859,261,70,0,0
97321,1,49,2592,0,0,38,173221.91,149859,261,70,0,0
97362,1,49,2560,0,0,38,173221.91,149859,261,70,0,0
97679,1,48,2528,0,0,38,173221.91,149859,261,70,0,0
97812,1,48,2528,0,0,38,173221.91,149859,261,70,0,0
97882,1,48,2528,0,0,38,173221.91,149859,261,70,0,0
98029,1,48,2528,0,0,38,173221.91,149859,261,70,0,0
98162,1,47,2496,0,0,38,173221.91,149859,261,70,0,0
98279,1,47,2496,0,0,38,173221.91,149859,261,71,0,0
98362,1,47,2464,0,0,38,173221.91,149859,261,71,0,0
98529,1,47,2464,0,0,38,173221.91,149859,261,71,0,0
98662,1,47,2464,0,0,38,173221.91,149859,261,71,0,0
98779,1,46,2432,0,0,38,173221.91,149859,261,71,0,0
98892,1,45,2432,0,0,38,173221.91,149859,261,71,0,0
99012,1,45,2432,0,0,38,173221.91,149859,261,71,0,0
99137,1,46,2400,9,0,38,173221.91,149859,261,71,0,0
99262,1,46,2450,20,0,38,173221.91,149859,261,71,0,0
99362,1,45,2460,24,0,38,173221.91,149859,261,71,0,0
99403,1,45,2460,24,0,38,173221.91,149859,261,71,0,0
99612,1,45,2425,29,0,38,173221.91,149859,261,71,0,0
99729,1,45,2368,35,0,38,173221.91,149859,261,71,0,0
99854,1,45,2373,39,0,38,173221.91,149859,261,71,0,0
99882,1,45,2405,39,0,38,173221.91,149859,261,71,0,0
100079,1,45,2390,39,0,38,173221.91,149859,261,71,0,0
100212,1,45,2399,40,0,38,173221.91,149859,261,71,0,0
100329,1,45,2404,40,0,38,173221.91,149859,261,71,0,0
100382,1,45,2404,40,0,38,173221.91,149859,261,71,0,0
100569,1,45,2407,39,0,38,173222.94,149859,261,71,0,0
100679,1,45,2425,39,0,38,173222.94,149859,261,71,0,0
100812,1,45,2410,39,0,38,173222.94,149859,261,71,0,0
100893,1,45,2410,39,0,38,173222.94,149859,261,71,0,0
101012,1,45,2422,34,0,38,173222.94,149859,261,71,0,0
101161,1,45,2417,21,0,38,173222.94,149859,261,71,0,0
101279,1,45,2405,20,0,38,173222.94,149859,261,71,0,0
101382,1,45,2412,15,0,38,173222.94,149859,261,71,0,0
101529,1,45,2421,4,0,38,173222.94,149859,261,71,0,0
101654,1,45,2377,2,0,38,173222.94,149859,261,71,0,0
101762,1,45,2398,1,0,38,173222.94,149859,261,71,0,0
101882,1,45,2396,0,0,38,173223.94,149859,261,71,0,0
102029,1,45,2362,0,0,38,173223.94,149859,261,71,0,0
102154,1,45,2397,0,0,38,173223.94,149859,261,71,0,0
102261,1,45,2367,0,0,38,173223.94,149859,261,71,0,0
102382,1,44,2367,0,0,38,173223.94,149859,261,72,0,0
102512,1,44,2367,0,0,38,173223.94,149859,261,72,0,0
102637,1,44,2325,0,0,38,173223.94,149859,261,72,0,0
102754,1,44,2360,0,0,38,173223.94,149859,261,72,0,0
102862,1,44,2329,0,0,38,173223.94,149859,261,72,0,0
102883,1,44,2329,0,0,38,173223.94,149859,261,72,0,0
103112,1,43,2300,0,0,38,173223.94,149859,261,72,0,0
103229,1,43,2272,0,0,38,173223.94,149859,261,72,0,0
103362,1,43,2300,0,0,38,173223.94,149859,261,72,0,0
103362,1,43,2300,0,0,38,173223.94,149859,261,72,0,0
103612,1,42,2235,0,0,38,173223.94,149859,261,72,0,0
103729,1,42,2240,0,0,38,173223.94,149859,261,72,0,0
103854,1,42,2208,1,0,38,173223.94,149859,261,72,0,0
103882,1,42,2208,1,0,38,173223.94,149859,261,72,0,0
104079,1,42,2257,12,0,38,173223.94,149859,261,72,0,0
104212,1,42,2267,16,0,38,173223.94,149859,261,72,0,0
104329,1,41,2200,22,0,38,173223.94,149859,261,72,0,0
104362,1,41,2168,22,0,38,173223.94,149859,261,72,0,0
104569,1,41,2230,28,0,38,173223.94,149859,261,72,0,0
104679,1,41,2145,34,0,38,173223.94,149859,261,72,0,0
104779,1,41,2185,38,0,38,173223.94,149859,261,72,0,0
104890,1,41,2199,50,0,38,173224.95,149859,261,72,0,0
105012,1,41,2197,62,0,38,173224.95,149859,261,72,0,0
105162,1,41,2208,94,0,38,173224.95,149859,261,72,0,0
105279,1,41,2224,100,0,38,173224.95,149859,261,72,0,0
105382,1,42,2227,101,0,38,173224.95,149859,261,72,0,0
105512,1,42,2261,101,0,38,173224.95,149859,261,72,0,0
105637,1,42,2253,102,0,38,173226.00,149859,261,72,0,0
105762,1,43,2302,102,0,38,173226.00,149859,261,72,0,0
105862,1,43,2318,102,0,38,173226.00,149859,261,72,0,0
106023,1,43,2315,102,0,38,173226.00,149859,261,72,0,0
106137,1,44,2364,102,0,38,173227.00,149859,261,72,0,0
106254,1,44,2362,100,0,38,173227.00,149859,261,72,0,0
106362,1,45,2396,98,0,38,173227.00,149859,261,72,0,0
106512,1,45,2394,98,0,38,173227.00,149859,261,72,0,0
106612,1,45,2406,83,0,38,173228.11,149859,261,72,0,0
106729,1,45,2416,71,0,38,173228.11,149859,261,72,0,0
106862,1,46,2423,62,0,38,173228.11,149859,261,72,0,0
106881,1,46,2423,62,0,38,173228.11,149859,261,72,0,0
107112,1,46,2426,40,0,38,173228.11,149859,261,72,0,0
107229,1,46,2422,3,0,38,173228.11,149859,261,72,0,0
107362,1,46,2402,0,0,38,173229.12,149859,261,72,0,0
107362,1,46,2402,0,0,38,173229.12,149859,261,72,0,0
107612,1,45,2421,0,0,38,173229.12,149859,261,72,0,0
107729,1,45,2392,0,0,38,173229.12,149859,261,72,0,0
107854,1,45,2390,0,0,38,173229.12,149859,261,72,0,0
107882,1,45,2390,0,0,38,173229.12,149859,261,72,0,0
108079,1,45,2388,0,8,38,173229.12,149859,261,72,0,0
108212,1,44,2339,0,26,38,173229.12,149859,261,72,0,0
108329,1,44,2357,0,20,38,173229.12,149859,261,72,0,0
108362,1,44,2357,0,20,38,173229.12,149859,261,72,0,0
108569,1,43,2300,0,22,38,173229.12,149859,261,72,0,0
108679,1,43,2268,0,60,38,173229.12,149859,261,72,0,0
108779,1,43,2255,0,60,38,173229.12,149859,261,72,0,0
108882,1,42,2236,0,60,38,173229.12,149859,261,72,0,0
109029,1,42,2208,0,60,38,173229.12,149859,261,72,0,0
109162,1,41,2143,0,62,38,173229.12,149859,261,72,0,0
109279,1,40,2126,0,62,38,173229.12,149859,261,72,0,0
109362,1,40,2080,0,62,38,173229.12,149859,261,72,0,0
109512,1,40,2016,0,62,38,173229.12,149859,261,72,0,0
109654,1,38,2016,0,68,38,173229.12,149859,261,72,0,0
109779,1,37,1984,0,94,38,173229.12,149859,261,72,0,0
109882,1,37,1920,0,96,38,173229.12,149859,261,72,0,0
110029,1,37,1920,0,96,38,173229.12,149859,261,72,0,0
110154,1,35,1888,0,18,38,173229.12,149859,261,72,0,0
110262,1,35,1824,0,0,38,173229.12,149859,261,72,0,0
110382,1,35,1824,0,0,38,173229.12,149859,261,72,0,0
110533,1,35,1824,0,0,38,173229.12,149859,261,72,0,0
110654,1,34,1824,0,0,38,173229.12,149859,261,72,0,0
110762,1,34,1760,1,0,38,173229.12,149859,261,72,0,0
110882,1,33,1792,13,0,38,173229.12,149859,261,72,0,0
110995,1,33,1760,29,0,38,173229.12,149859,261,72,0,0
111137,1,33,1845,46,0,38,173229.12,149859,261,72,0,0
111254,1,33,1762,52,0,38,173229.12,149859,261,72,0,0
111362,1,33,1764,60,0,38,173229.12,149859,261,72,0,0
111512,1,33,1786,69,0,38,173229.12,149859,261,72,0,0
111637,1,33,1786,80,0,38,173230.16,149859,261,72,0,0
111754,1,33,1826,89,0,38,173230.16,149859,261,72,0,0
111862,1,34,1792,91,0,38,173230.16,149859,261,72,0,0
111882,1,34,1792,91,0,38,173230.16,149859,261,72,0,0
112112,1,34,1855,102,0,38,173230.16,149859,261,72,0,0
112229,1,34,1843,110,0,38,173230.16,149859,261,72,0,0
112362,1,35,1877,115,0,38,173231.23,149859,261,72,0,0
112391,1,35,1877,115,0,38,173231.23,149859,261,72,0,0
112579,1,35,1918,123,0,38,173231.23,149859,261,72,0,0
112712,1,36,1931,140,0,38,173231.23,149859,261,72,0,0
112829,1,36,1973,146,0,38,173231.23,149859,261,72,0,0
112882,1,37,1973,146,0,38,173231.23,149859,261,72,0,0
113054,1,38,1999,146,0,38,173232.23,149859,261,72,0,0
113199,1,38,2076,146,0,38,173232.23,149859,261,72,0,0
113313,1,39,2090,146,0,38,173232.23,149859,261,72,0,0
113382,1,39,2090,146,0,38,173233.25,149859,261,72,0,0
113531,1,39,2143,146,0,38,173233.25,149859,261,73,0,0
113679,1,41,2200,146,0,38,173233.25,149859,261,73,0,0
113779,1,41,2210,142,0,38,173233.25,149859,261,73,0,0
113882,1,42,2262,88,0,38,173234.39,149859,261,73,0,0
114029,1,42,2216,61,0,38,173234.39,149859,261,73,0,0
114162,1,43,2249,61,0,38,173234.39,149859,261,73,0,0
114279,1,43,2295,50,0,38,173234.39,149859,261,73,0,0
114362,1,43,2263,0,0,38,173234.39,149859,261,73,0,0
114512,1,43,2242,0,0,38,173235.42,149859,261,73,0,0
114636,1,43,2245,0,0,38,173235.42,149859,261,73,0,0
114762,1,42,2244,0,0,38,173235.42,149859,261,73,0,0
114882,1,42,2249,0,0,38,173235.42,149859,261,73,0,0
115018,1,42,2253,0,0,38,173235.42,149859,261,73,0,0
115136,1,42,2257,0,0,38,173235.42,149859,261,73,0,0
115262,1,42,2270,0,0,38,173235.42,149859,261,73,0,0
115362,1,42,2184,0,0,38,173235.42,149859,261,73,0,0
115512,1,42,2201,0,0,38,173235.42,149859,261,73,0,0
115636,1,41,2204,0,0,38,173235.42,149859,261,73,0,0
115754,1,41,2169,0,0,38,173235.42,149859,261,73,0,0
115862,1,41,2013,0,0,38,173235.42,149859,261,73,0,0
115882,1,41,2013,0,0,38,173235.42,149859,261,73,0,0
116112,1,41,1600,0,0,38,173235.42,149859,261,73,0,0
116229,1,41,1619,0,0,38,173235.42,149859,261,73,0,0
116362,1,40,1552,0,0,38,173235.42,149859,261,73,0,0
116393,1,40,1552,0,0,38,173235.42,149859,261,73,0,0
116579,1,40,1618,0,0,38,173235.42,149859,261,73,0,0
116713,1,39,2096,0,0,38,173235.42,149859,261,73,0,0
116829,1,39,2480,0,0,38,173235.42,149859,261,73,0,0
116882,1,39,2640,0,0,38,173235.42,149859,261,73,0,0
117079,1,38,2921,0,0,38,173235.42,149859,261,73,0,0
117199,1,38,2844,0,0,38,173235.42,149859,261,73,0,0
117322,1,38,2860,0,0,38,173235.42,149859,261,73,0,0
117419,1,38,2896,0,0,38,173236.42,149859,261,73,0,0
117529,1,38,2896,0,0,38,173236.42,149859,261,73,0,0
117679,1,37,2832,0,0,38,173236.42,149859,261,73,0,0
117779,1,37,2788,0,0,38,173236.42,149859,261,73,0,0
117883,1,37,2797,0,0,38,173236.42,149859,261,73,0,0
118029,1,37,2752,0,0,38,173236.42,149859,261,73,0,0
118162,1,36,2752,0,0,38,173236.42,149859,261,73,0,0
118279,1,36,2720,0,6,38,173236.42,149859,261,74,0,0
118362,1,36,2720,0,6,38,173236.42,149859,261,74,0,0
118512,1,36,2688,0,16,38,173236.42,149859,261,74,0,0
118654,1,35,2656,0,22,38,173236.42,149859,261,74,0,0
118762,1,35,2624,0,26,38,173236.42,149859,261,74,0,0
118882,1,34,2560,0,64,38,173236.42,149859,261,74,0,0
119029,1,34,2560,0,64,38,173236.42,149859,261,74,0,0
119154,1,33,2496,0,76,38,173236.42,149859,261,74,0,0
119262,1,32,2432,0,84,38,173236.42,149859,261,74,0,0
119382,1,32,2368,0,88,38,173236.42,149859,261,74,0,0
119529,1,32,2368,0,88,38,173236.42,149859,261,74,0,0
119636,1,30,2272,0,92,38,173236.42,149859,261,74,0,0
119762,1,29,2176,0,92,38,173236.42,149859,261,74,0,0
119882,1,28,2144,0,96,38,173236.42,149859,261,74,0,0
119882,1,28,2144,0,96,38,173236.42,149859,261,74,0,0
120136,1,27,1984,0,102,38,173236.42,149859,261,74,0,0
120262,1,26,1920,0,104,38,173236.42,149859,261,74,0,0
120382,1,25,1856,0,112,38,173236.42,149859,261,74,0,0
120382,1,25,1856,0,112,38,173236.42,149859,261,74,0,0
120636,1,23,1714,0,128,38,173236.42,149859,261,74,0,0
120754,1,22,1603,0,136,38,173236.42,149859,261,74,0,0
120862,1,21,1578,0,142,38,173236.42,149859,261,74,0,0
120862,1,21,1578,0,142,38,173236.42,149859,261,74,0,0
121112,1,19,1485,0,164,38,173236.42,149859,261,74,0,0
121229,1,18,1419,0,160,38,173236.42,149859,261,74,0,0
121362,1,16,1385,0,154,38,173236.42,149859,261,74,0,0
121501,1,16,1384,0,146,38,173236.42,149859,261,74,0,0
121612,1,14,1354,0,120,38,173236.42,149859,261,74,0,0
121729,1,13,1321,0,116,38,173236.42,149859,261,74,0,0
121862,1,12,1289,0,110,38,173236.42,149859,261,74,0,0
121882,1,12,1289,0,106,38,173236.42,149859,261,74,0,0
122113,1,11,1256,0,92,38,173236.42,149859,261,74,0,0
122229,1,10,1224,0,90,38,173236.42,149859,261,74,0,0
122363,1,9,1224,0,88,38,173236.42,149859,261,74,0,0
122385,1,9,1224,0,88,38,173236.42,149859,261,74,0,0
122579,1,8,1191,0,84,38,173236.42,149859,261,74,0,0
122713,1,7,1159,0,82,38,173236.42,149859,261,74,0,0
122829,1,7,1160,0,80,38,173236.42,149859,261,74,0,0
122882,1,6,1160,0,76,38,173236.42,149859,261,74,0,0
123069,1,5,1129,0,76,38,173236.42,149859,261,74,0,0
123179,1,5,1129,0,60,38,173236.42,149859,261,74,0,0
123279,1,5,1130,0,56,38,173236.42,149859,261,74,0,0
123416,1,4,1097,0,52,38,173236.42,149859,261,74,0,0
123529,1,4,1097,0,52,38,173236.42,149859,261,74,0,0
123662,1,3,1065,0,42,38,173237.42,149859,261,74,0,0
123779,1,3,1065,0,10,38,173237.42,149859,261,74,0,0
123884,1,3,1033,0,12,38,173237.42,149859,261,74,0,0
124013,1,3,999,0,12,38,173237.42,149859,261,74,0,0
124154,1,3,966,0,0,38,173237.42,149859,261,74,0,0
124263,1,3,933,0,0,38,173237.42,149859,261,75,0,0
124381,1,3,932,0,0,38,173237.42,149859,261,75,0,0
124529,1,3,932,0,0,38,173237.42,149859,261,75,0,0
124654,1,3,892,0,0,38,173237.42,149859,261,75,0,0
124779,1,3,892,0,0,38,173237.42,149859,261,75,0,0
124884,1,3,892,0,0,38,173237.42,149859,261,75,0,0
125013,1,3,860,0,0,38,173237.42,149859,261,75,0,0
125136,1,3,860,0,0,38,173237.42,149859,261,75,0,0
125262,1,3,859,0,0,38,173237.42,149859,261,75,0,0
125381,1,3,859,0,6,38,173237.42,149859,261,75,0,0
125414,1,3,860,0,6,38,173237.42,149859,261,75,0,0
125636,1,3,860,0,6,38,173237.42,149859,261,75,0,0
125753,1,3,860,0,8,38,173237.42,149859,261,75,0,0
125863,1,3,860,0,8,38,173237.42,149859,261,75,0,0
125881,1,3,860,0,8,38,173237.42,149859,261,75,0,0
126113,1,3,859,0,10,38,173237.42,149859,261,75,0,0
126228,1,3,859,0,12,38,173237.42,149859,261,75,0,0
126363,1,2,859,0,18,38,173237.42,149859,261,75,0,0
126382,1,2,859,0,20,38,173237.42,149859,261,75,0,0
126579,1,2,859,0,22,38,173237.42,149859,261,75,0,0
126699,1,0,859,0,28,38,173237.42,149859,261,75,0,0
126829,1,0,859,0,32,38,173237.42,149859,261,75,0,0
126862,1,0,859,0,32,38,173237.42,149859,261,75,0,0
127079,1,0,857,0,48,38,173237.42,149859,261,75,0,0
127199,1,0,857,0,58,38,173237.42,149859,261,75,0,0
127313,1,0,857,0,60,38,173237.42,149859,261,75,0,0
127381,1,0,857,0,60,38,173237.42,149859,261,75,0,0
127529,1,0,857,0,60,38,173237.42,149859,261,75,0,0
127662,1,0,857,0,58,38,173238.44,149859,261,75,0,0
127779,1,0,856,0,4,38,173238.44,149859,261,75,0,0
127881,1,0,856,0,8,38,173238.44,149859,261,75,0,0
127881,1,0,856,0,8,38,173238.44,149859,261,75,0,0
128136,1,0,858,0,8,38,173238.44,149859,261,75,0,0
128263,1,0,859,0,212,38,173238.44,149859,261,75,0,0
128381,1,0,859,0,298,38,173238.44,149859,261,75,0,0
128522,1,0,860,0,298,38,173238.44,149859,261,75,0,0
128636,1,0,829,0,298,38,173238.44,149859,261,75,0,0
128762,1,0,861,0,294,38,173238.44,149859,261,75,0,0
128881,1,0,834,0,194,38,173238.44,149859,261,75,0,0
129013,1,0,832,0,194,38,173238.44,149859,261,75,0,0
129136,1,0,861,0,176,38,173238.44,149859,261,75,0,0
129253,1,0,860,0,172,38,173238.44,149859,261,75,0,0
129362,1,0,860,0,168,38,173238.44,149859,261,75,0,0
129413,1,0,861,0,166,38,173238.44,149859,261,75,0,0
129636,1,0,860,0,164,38,173238.44,149859,261,75,0,0
129753,1,0,860,0,164,38,173238.44,149859,261,75,0,0
129863,1,0,859,0,162,38,173238.44,149859,261,75,0,0
130013,1,0,863,0,160,38,173238.44,149859,261,75,0,0
130136,1,0,833,0,156,38,173238.44,149859,261,75,0,0
130253,1,0,859,0,156,38,173238.44,149859,261,75,0,0
130367,1,0,858,0,156,38,173238.44,149859,261,75,0,0
130381,1,0,858,0,156,38,173238.44,149859,261,75,0,0
130613,1,0,856,0,156,38,173238.44,149859,261,75,0,0
130728,1,0,855,0,156,38,173238.44,149859,261,75,0,0
130853,1,0,856,0,156,38,173238.44,149859,261,75,0,0
130882,1,0,856,0,156,38,173238.44,149859,261,75,0,0
131084,1,0,855,0,156,38,173238.44,149859,261,75,0,0
131213,1,0,856,0,156,38,173238.44,149859,261,75,0,0
131328,1,0,861,0,154,38,173238.44,149859,261,75,0,0
131381,1,0,861,0,154,38,173238.44,149859,261,75,0,0
131568,1,0,856,0,154,38,173238.44,149859,261,75,0,0
131678,1,0,856,0,152,38,173238.44,149859,261,75,0,0
131778,1,0,856,0,152,38,173238.44,149859,261,75,0,0
131881,1,0,856,0,152,38,173239.44,149859,261,75,0,0
132013,1,0,856,0,152,38,173239.44,149859,261,75,0,0
132163,1,0,856,0,152,38,173239.44,149859,261,75,0,0
132278,1,0,857,0,150,38,173239.44,149859,261,75,0,0
132381,1,0,857,0,150,38,173239.44,149859,261,75,0,0
132520,1,0,857,0,150,38,173239.44,149859,261,75,0,0
132636,1,0,833,0,148,38,173239.44,149859,261,75,0,0
132753,1,0,860,0,148,38,173239.44,149859,261,75,0,0
132863,1,0,858,0,146,38,173239.44,149859,261,75,0,0
132881,1,0,858,0,146,38,173239.44,149859,261,75,0,0
133113,1,0,857,0,146,38,173239.44,149859,261,75,0,0
133228,1,0,857,0,146,38,173239.44,149859,261,75,0,0
133353,1,0,857,0,146,38,173239.44,149859,261,75,0,0
133381,1,0,857,0,146,38,173239.44,149859,261,75,0,0
133578,1,0,857,0,146,38,173239.44,149859,261,75,0,0
133713,1,0,857,0,146,38,173239.44,149859,261,75,0,0
133828,1,0,858,0,144,38,173239.44,149859,261,75,0,0
133881,1,0,858,0,144,38,173239.44,149859,261,75,0,0
134031,1,0,858,0,144,38,173239.44,149859,261,75,0,0
134178,1,0,857,0,144,38,173239.44,149859,261,75,0,0
134313,1,0,857,0,144,38,173239.44,149859,261,75,0,0
134381,1,0,857,0,142,38,173239.44,149859,261,75,0,0
134528,1,0,857,0,142,38,173239.44,149859,261,75,0,0
134663,1,0,857,0,142,38,173239.44,149859,261,75,0,0
134778,1,0,859,0,142,38,173239.44,149859,261,75,0,0
134896,1,0,859,0,142,38,173239.44,149859,261,75,0,0
135013,1,0,859,0,142,38,173239.44,149859,261,75,0,0
135136,1,0,859,0,142,38,173239.44,149859,261,75,0,0
135263,1,0,859,0,142,38,173239.44,149859,261,75,0,0
135381,1,0,859,0,140,38,173239.44,149859,261,75,0,0
135517,1,0,859,0,140,38,173239.44,149859,261,75,0,0
135636,1,0,860,0,140,38,173239.44,149859,261,75,0,0
135753,1,0,860,0,140,38,173239.44,149859,261,75,0,0
135881,1,0,860,0,140,38,173239.44,149859,261,75,0,0
135881,1,0,860,0,140,38,173239.44,149859,261,75,0,0
136113,1,0,860,0,140,38,173240.44,149859,261,75,0,0
136228,1,0,860,0,138,38,173240.44,149859,261,75,0,0
136363,1,0,860,0,138,38,173240.44,149859,261,75,0,0
136363,1,0,860,0,138,38,173240.44,149859,261,75,0,0
136578,1,0,860,0,138,38,173240.44,149859,261,75,0,0
136728,1,0,860,0,138,38,173240.44,149859,261,75,0,0
136830,1,0,859,0,138,38,173240.44,149859,261,75,0,0
136881,1,0,859,0,138,38,173240.44,149859,261,75,0,0
137081,1,0,859,0,138,38,173240.44,149859,261,75,0,0
137198,1,0,859,0,136,38,173240.44,149859,261,75,0,0
137316,1,0,859,0,136,38,173240.44,149859,261,76,0,0
137366,1,0,859,0,136,38,173240.44,149859,261,76,0,0
137528,1,0,859,0,136,38,173240.44,149859,261,76,0,0
137663,1,0,857,0,136,38,173240.44,149859,261,76,0,0
137778,1,0,858,0,136,38,173240.44,149859,261,76,0,0
137881,1,0,858,0,136,38,173240.44,149859,261,76,0,0
138029,1,0,857,0,136,38,173240.44,149859,261,76,0,0
138163,1,0,857,0,136,38,173240.44,149859,261,76,0,0
138278,1,0,857,0,136,38,173240.44,149859,261,76,0,0
138388,1,0,857,0,136,38,173240.44,149859,261,76,0,0
138528,1,0,858,0,136,38,173240.44,149859,261,76,0,0
138653,1,0,857,0,136,38,173240.44,149859,261,76,0,0
138763,1,0,858,0,136,38,173240.44,149859,261,76,0,0
138881,1,0,859,0,136,38,173240.44,149859,261,76,0,0
139028,1,0,859,0,136,38,173240.44,149859,261,76,0,0
139153,1,0,860,0,136,38,173240.44,149859,261,76,0,0
139263,1,0,860,0,136,38,173240.44,149859,261,76,0,0
139389,1,0,860,0,134,38,173240.44,149859,261,76,0,0
139389,1,0,860,0,134,38,173240.44,149859,261,76,0,0
139616,1,0,860,0,134,38,173240.44,149859,261,76,0,0
139728,1,0,860,0,134,38,173240.44,149859,261,76,0,0
139863,1,0,860,0,132,38,173240.44,149859,261,76,0,0
139961,1,0,860,0,132,38,173240.44,149859,261,76,0,0
140163,1,0,860,0,132,38,173240.44,149859,261,76,0,0
140278,1,0,860,0,132,38,173240.44,149859,261,76,0,0
140381,1,0,860,0,132,38,173241.44,149859,261,76,0,0
140528,1,0,860,0,132,38,173241.44,149859,261,76,0,0
140653,1,0,826,0,132,38,173241.44,149859,261,76,0,0
140763,1,0,858,0,132,38,173241.44,149859,261,76,0,0
140881,1,0,858,0,132,38,173241.44,149859,261,76,0,0
141028,1,0,826,0,132,38,173241.44,149859,261,76,0,0
141136,1,0,858,0,228,38,173241.44,149859,261,76,0,0
141266,1,0,858,0,302,38,173241.44,149859,261,76,0,0
141381,1,0,859,0,308,38,173241.44,149859,261,76,0,0
141381,1,0,859,0,308,38,173241.44,149859,261,76,0,0
141636,1,0,860,0,366,38,173241.44,149859,261,76,0,0
141753,1,0,861,0,260,38,173241.44,149859,261,76,0,0
141866,1,0,862,0,352,38,173241.44,149859,261,76,0,0
141866,1,0,862,0,352,38,173241.44,149859,261,76,0,0
142116,1,0,835,0,312,38,173241.44,149859,261,76,0,0
142231,1,0,836,0,310,38,173241.44,149859,261,76,0,0
142353,1,0,837,0,350,38,173241.44,149859,261,76,0,0
142431,1,0,838,0,286,38,173241.44,149859,261,76,0,0
142590,1,0,837,0,244,38,173241.44,149859,261,76,0,0
142716,1,0,837,0,358,38,173241.44,149859,261,76,0,0
142828,1,0,839,0,266,38,173241.44,149859,261,76,0,0
142881,1,0,839,0,352,38,173241.44,149859,261,76,0,0
143069,1,0,840,0,352,38,173241.44,149859,261,76,0,0
143178,1,0,840,0,254,38,173241.44,149859,261,76,0,0
143278,1,0,840,0,354,38,173241.44,149859,261,76,0,0
143366,1,0,841,0,354,38,173241.44,149859,261,76,0,0
143528,1,0,841,0,292,38,173241.44,149859,261,76,0,0
143653,1,0,841,0,330,38,173241.44,149859,261,76,0,0
143778,1,0,841,0,338,38,173241.44,149859,261,76,0,0
143881,1,0,841,0,344,38,173241.44,149859,261,76,0,0
144028,1,0,841,0,344,38,173241.44,149859,261,76,0,0
144153,1,0,806,0,372,38,173241.44,149859,261,76,0,0
144266,1,0,804,0,314,38,173242.44,149859,261,76,0,0
144381,1,0,803,0,306,38,173242.44,149859,261,76,0,0
144381,1,0,803,0,306,38,173242.44,149859,261,76,0,0
144636,1,0,836,0,316,38,173242.44,149859,261,76,0,0
144753,1,0,836,0,390,38,173242.44,149859,261,76,0,0
144866,1,0,837,0,294,38,173242.44,149859,261,76,0,0
144882,1,0,837,0,340,38,173242.44,149859,261,76,0,0
145116,1,0,837,0,330,38,173242.44,149859,261,76,0,0
145228,1,0,836,0,346,38,173242.44,149859,261,76,0,0
145366,1,0,804,0,318,38,173242.44,149859,261,76,0,0
145381,1,0,804,0,324,38,173242.44,149859,261,76,0,0
145616,1,0,834,0,334,38,173242.44,149859,261,76,0,0
145728,1,0,833,0,340,38,173242.44,149859,261,76,0,0
145853,1,0,833,0,336,38,173242.44,149859,261,76,0,0
145885,1,0,833,0,348,38,173242.44,149859,261,76,0,0
146078,1,0,832,0,368,38,173242.44,149859,261,76,0,0
146216,1,0,863,0,324,38,173242.44,149859,261,76,0,0
146328,1,0,832,0,324,38,173242.44,149859,261,76,0,0
146381,1,0,832,0,324,38,173242.44,149859,261,76,0,0
146553,1,0,833,0,324,38,173242.44,149859,261,76,0,0
146678,1,0,833,0,318,38,173242.44,149859,261,76,0,0
146778,1,0,832,0,334,38,173242.44,149859,261,76,0,0
146881,1,0,833,0,334,38,173242.44,149859,261,76,0,0
147028,1,0,833,0,334,38,173242.44,149859,261,77,0,0
147166,1,0,833,0,334,38,173242.44,149859,261,77,0,0
147278,1,0,833,0,336,38,173242.44,149859,261,77,0,0
147381,1,0,833,0,332,38,173242.44,149859,261,77,0,0
147536,1,0,833,0,332,38,173242.44,149859,261,77,0,0
147653,1,0,833,0,322,38,173242.44,149859,261,77,0,0
147766,1,0,834,0,328,38,173242.44,149859,261,77,0,0
147881,1,0,835,0,336,38,173242.44,149859,261,77,0,0
148022,1,0,835,0,336,38,173243.44,149859,261,77,0,0
148136,1,0,835,0,334,38,173243.44,149859,261,77,0,0
148253,1,0,835,0,338,38,173243.44,149859,261,77,0,0
148366,1,0,833,0,324,38,173243.44,149859,261,77,0,0
148381,1,0,833,0,344,38,173243.44,149859,261,77,0,0
148586,1,0,833,0,338,38,173243.44,149859,261,77,0,0
148728,1,0,834,0,338,38,173243.44,149859,261,77,0,0
148828,1,0,833,0,338,38,173243.44,149859,261,77,0,0
148881,1,0,833,0,338,38,173243.44,149859,261,77,0,0
149078,1,0,834,0,338,38,173243.44,149859,261,77,0,0
149201,1,0,835,0,348,38,173243.44,149859,261,77,0,0
149316,1,0,835,0,336,38,173243.44,149859,261,77,0,0
149381,1,0,835,0,332,38,173243.44,149859,261,77,0,0
149516,1,0,836,0,332,38,173243.44,149859,261,77,0,0
149666,1,0,836,0,320,38,173243.44,149859,261,77,0,0
149778,1,0,838,0,322,38,173243.44,149859,261,77,0,0
149881,1,0,837,0,350,38,173243.44,149859,261,77,0,0
150028,1,0,838,0,350,38,173243.44,149859,261,77,0,0
150153,1,0,837,0,334,38,173243.44,149859,261,77,0,0
150266,1,0,837,0,334,38,173243.44,149859,261,77,0,0
150381,1,0,837,0,336,38,173243.44,149859,261,77,0,0
150516,1,0,836,0,336,38,173243.44,149859,261,77,0,0
150635,1,0,835,0,338,38,173243.44,149859,261,77,0,0
150753,1,0,835,0,338,38,173243.44,149859,261,77,0,0
150867,1,0,833,0,338,38,173243.44,149859,261,77,0,0
150867,1,0,833,0,338,38,173243.44,149859,261,77,0,0
151116,1,0,833,0,338,38,173243.44,149859,261,77,0,0
151228,1,0,833,0,338,38,173243.44,149859,261,77,0,0
151366,1,0,833,0,338,38,173243.44,149859,261,77,0,0
151387,1,0,833,0,338,38,173243.44,149859,261,77,0,0
151584,1,0,832,0,338,38,173243.44,149859,261,77,0,0
151716,1,0,833,0,338,38,173244.45,149859,261,77,0,0
151828,1,0,835,0,338,38,173244.45,149859,261,77,0,0
151866,1,0,835,0,338,38,173244.45,149859,261,77,0,0
152071,1,0,836,0,338,38,173244.45,149859,261,77,0,0
152178,1,0,835,0,338,38,173244.45,149859,261,77,0,0
152278,1,0,835,0,338,38,173244.45,149859,261,77,0,0
152381,1,0,835,0,338,38,173244.45,149859,261,77,0,0
152516,1,0,835,0,338,38,173244.45,149859,261,77,0,0
152666,1,0,836,0,338,38,173244.45,149859,261,77,0,0
152778,1,0,836,0,336,38,173244.45,149859,261,77,0,0
152881,1,0,836,0,336,38,173244.45,149859,261,77,0,0
153019,1,0,836,0,336,38,173244.45,149859,261,77,0,0
153135,1,0,833,0,336,38,173244.45,149859,261,77,0,0
153266,1,0,833,0,334,38,173244.45,149859,261,77,0,0
153381,1,0,833,0,320,38,173244.45,149859,261,77,0,0
153420,1,0,833,0,320,38,173244.45,149859,261,77,0,0
153635,1,0,833,0,314,38,173244.45,149859,261,77,0,0
153752,1,0,833,0,314,38,173244.45,149859,261,77,0,0
153866,1,0,863,0,314,38,173244.45,149859,261,77,0,0
153880,1,0,863,0,314,38,173244.45,149859,261,77,0,0
154087,1,0,832,0,288,38,173244.45,149859,261,77,0,0
154228,1,0,833,0,86,38,173244.45,149859,261,77,0,0
154328,1,0,834,0,0,38,173244.45,149859,261,77,0,0
154381,1,0,834,0,0,38,173244.45,149859,261,77,0,0
154582,1,0,873,0,0,38,173244.45,149859,261,77,0,0
154698,1,0,974,0,0,38,173244.45,149859,261,77,0,0
154815,1,0,1168,3,0,38,173244.45,149859,261,77,0,0
154865,1,0,1232,18,0,38,173244.45,149859,261,77,0,0
155028,1,0,1294,24,0,38,173244.45,149859,261,77,0,0
155178,1,0,1547,29,0,38,173245.47,149859,261,77,0,0
155278,1,2,1511,31,0,38,173245.47,149859,261,77,0,0
155381,1,3,1499,32,0,38,173245.47,149859,261,77,0,0
155531,1,3,1502,33,0,38,173245.47,149859,261,77,0,0
155653,1,6,1470,34,0,38,173245.47,149859,261,77,0,0
155766,1,7,1441,34,0,38,173245.47,149859,261,77,0,0
155891,1,8,1443,36,0,38,173246.55,149859,261,77,0,0
155935,1,8,1411,36,0,38,173246.55,149859,261,77,0,0
156115,1,10,1580,36,0,38,173246.55,149859,261,77,0,0
156228,1,11,1725,51,0,38,173246.55,149859,261,77,0,0
156353,1,12,1777,58,0,38,173246.55,149859,261,77,0,0
156384,1,12,1809,58,0,38,173246.55,149859,261,77,0,0
156581,1,13,1969,69,0,38,173247.55,149859,261,77,0,0
156715,1,14,2100,90,0,38,173247.55,149859,261,77,0,0
156828,1,15,2176,102,0,38,173247.55,149859,261,77,0,0
156891,1,15,2208,102,0,38,173247.55,149859,261,77,0,0
157053,1,17,2294,106,0,38,173247.55,149859,261,77,0,0
157178,1,17,2548,109,0,38,173248.55,149859,261,77,0,0
157278,1,18,2641,109,0,38,173248.55,149859,261,77,0,0
157365,1,19,2779,109,0,38,173248.55,149859,261,78,0,0
157530,1,19,2812,109,0,38,173248.55,149859,261,78,0,0
157665,1,21,3092,109,0,38,173249.58,149859,261,78,0,0
157778,1,22,3213,108,0,38,173249.58,149859,261,78,0,0
157880,1,23,3303,103,0,38,173249.58,149859,261,78,0,0
158028,1,23,3365,76,0,38,173249.58,149859,261,78,0,0
158135,1,25,3445,60,0,38,173250.67,149859,261,78,0,0
158265,1,25,3491,45,0,38,173250.67,149859,261,78,0,0
158380,1,25,3478,0,0,38,173250.67,149859,261,78,0,0
158380,1,25,3478,0,0,38,173250.67,149859,261,78,0,0
158635,1,25,3117,0,0,38,173250.67,149859,261,78,0,0
158752,1,25,2944,0,0,38,173250.67,149859,261,78,0,0
158865,1,25,2752,0,0,38,173250.67,149859,261,78,0,0
158893,1,25,2752,0,0,38,173250.67,149859,261,78,0,0
159084,1,26,2495,0,0,38,173250.67,149859,261,78,0,0
159227,1,25,2126,22,0,38,173250.67,149859,261,78,0,0
159327,1,26,1934,39,0,38,173250.67,149859,261,78,0,0
159416,1,26,1994,39,0,38,173250.67,149859,261,78,0,0
159579,1,26,2006,71,0,38,173250.67,149859,261,78,0,0
159698,1,26,2035,111,0,38,173251.70,149859,261,78,0,0
159815,1,27,2143,125,0,38,173251.70,149859,261,78,0,0
159887,1,27,2143,127,0,38,173251.70,149859,261,78,0,0
160053,1,29,2127,127,0,38,173251.70,149859,261,78,0,0
160178,1,29,2259,127,0,38,173251.70,149859,261,78,0,0
160278,1,30,2287,127,0,38,173252.73,149859,261,78,0,0
160416,1,31,2386,127,0,38,173252.73,149859,261,78,0,0
160553,1,31,2386,127,0,38,173252.73,149859,261,78,0,0
160665,1,33,2512,127,0,38,173253.81,149859,261,78,0,0
160778,1,33,2580,127,0,38,173253.81,149859,261,78,0,0
160880,1,34,2627,127,0,38,173253.81,149859,261,78,0,0
160880,1,34,2627,127,0,38,173253.81,149859,261,78,0,0
161152,1,36,2760,127,0,38,173254.89,149859,261,78,0,0
161265,1,37,2866,127,0,38,173254.89,149859,261,78,0,0
161380,1,38,2906,127,0,38,173256.09,149859,261,78,0,0
161527,1,38,2943,127,0,38,173256.09,149859,261,78,0,0
161652,1,40,3059,129,0,38,173256.09,149859,261,78,0,0
161765,1,41,3133,129,0,38,173257.12,149859,261,78,0,0
161880,1,42,3177,129,0,38,173257.12,149859,261,78,0,0
161880,1,42,3177,129,0,38,173257.12,149859,261,78,0,0
162135,1,43,3311,129,0,38,173258.19,149859,261,78,0,0
162252,1,44,3387,129,0,38,173258.19,149859,261,78,0,0
162380,1,45,3424,127,0,38,173259.31,149859,261,78,0,0
162380,1,45,3424,127,0,38,173259.31,149859,261,78,0,0
162615,1,45,3559,125,0,38,173259.31,149859,261,78,0,0
162727,1,47,3553,81,0,38,173260.45,149859,261,78,0,0
162852,1,48,3613,66,0,38,173260.45,149859,261,78,0,0
162880,1,48,3645,66,0,38,173260.45,149859,261,78,0,0
163082,1,48,3501,33,0,38,173261.52,149859,261,78,0,0
163215,1,48,3302,0,0,38,173261.52,149859,261,77,0,0
163327,1,48,3139,0,0,38,173261.52,149859,261,77,0,0
163418,1,48,2976,0,0,38,173261.52,149859,261,77,0,0
163527,1,48,2976,0,0,38,173261.52,149859,261,77,0,0
163677,1,48,2691,0,0,38,173261.52,149859,261,77,0,0
163777,1,48,2649,2,0,38,173261.52,149859,261,77,0,0
163880,1,48,2516,13,0,38,173261.52,149859,261,77,0,0
164052,1,47,2506,31,0,38,173261.52,149859,261,77,0,0
164177,1,48,2509,61,0,38,173261.52,149859,261,77,0,0
164277,1,48,2582,73,0,38,173261.52,149859,261,77,0,0
164415,1,48,2587,103,0,38,173261.52,149859,261,77,0,0
164552,1,49,2587,105,0,38,173261.52,149859,261,77,0,0
164665,1,49,2605,110,0,38,173262.53,149859,261,77,0,0
164777,1,49,2650,115,0,38,173262.53,149859,261,77,0,0
164880,1,50,2660,115,0,38,173262.53,149859,261,77,0,0
165052,1,51,2664,115,0,38,173262.53,149859,261,77,0,0
165177,1,51,2707,115,0,38,173263.61,149859,261,77,0,0
165277,1,52,2737,107,0,38,173263.61,149859,261,77,0,0
165416,1,52,2752,93,0,38,173264.73,149859,261,77,0,0
165527,1,52,2752,93,0,38,173264.73,149859,261,77,0,0
165652,1,53,2799,93,0,38,173264.73,149859,261,77,0,0
165777,1,53,2831,91,0,38,173264.73,149859,261,77,0,0
165883,1,53,2816,89,0,38,173264.73,149859,261,77,0,0
166037,1,54,2848,80,0,38,173265.78,149859,261,77,0,0
166165,1,54,2817,42,0,38,173265.78,149859,261,77,0,0
166277,1,54,2872,39,0,38,173265.78,149859,261,77,0,0
166380,1,54,2858,39,0,38,173265.78,149859,261,77,0,0
166444,1,54,2864,39,0,38,173265.78,149859,261,77,0,0
166665,1,54,2867,41,0,38,173265.78,149860,246,77,0,0
166777,1,54,2871,43,0,38,173266.83,149860,246,77,0,0
166880,1,54,2875,44,0,38,173266.83,149860,246,77,0,0
167036,1,54,2855,44,0,38,173266.83,149860,246,77,0,0
167152,1,54,2902,44,0,38,173266.83,149860,246,77,0,0
167265,1,54,2866,44,0,38,173266.83,149860,246,77,0,0
167380,1,54,2895,44,0,38,173266.83,149860,246,77,0,0
167380,1,54,2895,44,0,38,173266.83,149860,246,77,0,0
167635,1,54,2887,44,0,38,173266.83,149860,246,77,0,0
167765,1,54,2884,44,0,38,173266.83,149860,246,77,0,0
167880,1,54,2882,44,0,38,173267.86,149860,246,77,0,0
167880,1,54,2882,44,0,38,173267.86,149860,246,77,0,0
168115,1,54,2905,44,0,38,173267.86,149860,246,77,0,0
168215,1,54,2902,44,0,38,173267.86,149860,246,77,0,0
168352,1,54,2901,44,0,38,173267.86,149860,246,77,0,0
168415,1,54,2899,44,0,38,173267.86,149860,246,77,0,0
168552,1,55,2899,44,0,38,173267.86,149860,246,77,0,0
168715,1,55,2906,44,0,38,173267.86,149860,246,77,0,0
168827,1,55,2907,44,0,38,173267.86,149860,246,77,0,0
168880,1,55,2907,44,0,38,173267.86,149860,246,77,0,0
169035,1,55,2907,44,0,38,173267.86,149860,246,77,0,0
169177,1,55,2897,44,0,38,173268.86,149860,246,77,0,0
169279,1,55,2898,44,0,38,173268.86,149860,246,77,0,0
169415,1,55,2906,44,0,38,173268.86,149860,246,77,0,0
169552,1,55,2906,44,0,38,173268.86,149860,246,77,0,0
169677,1,55,2907,44,0,38,173268.86,149860,246,77,0,0
169779,1,55,2901,44,0,38,173268.86,149860,246,77,0,0
169880,1,55,2898,50,0,38,173268.86,149860,246,77,0,0
170034,1,55,2938,59,0,38,173268.86,149860,246,77,0,0
170165,1,55,2914,61,0,38,173268.86,149860,246,77,0,0
170279,1,55,2936,61,0,38,173269.88,149860,246,77,0,0
170380,1,55,2935,61,0,38,173269.88,149860,246,77,0,0
170547,1,55,2933,61,0,38,173269.88,149860,246,77,0,0
170665,1,55,2913,61,0,38,173269.88,149860,246,77,0,0
170778,1,55,2914,61,0,38,173269.88,149860,246,77,0,0
170880,1,55,2920,61,0,38,173269.88,149860,246,77,0,0
171034,1,55,2923,61,0,38,173269.88,149860,246,77,0,0
171152,1,56,2959,63,0,38,173270.91,149860,246,77,0,0
171265,1,55,2958,65,0,38,173270.91,149860,246,77,0,0
171380,1,56,2955,67,0,38,173270.91,149860,246,77,0,0
171427,1,56,2955,74,0,38,173270.91,149860,246,77,0,0
171615,1,56,2964,74,0,38,173270.91,149860,246,77,0,0
171727,1,56,2984,76,0,38,173270.91,149860,246,77,0,0
171865,1,56,2989,76,0,38,173272.00,149860,246,77,0,0
171950,1,56,2995,76,0,38,173272.00,149860,246,77,0,0
172102,1,56,3000,76,0,38,173272.00,149860,246,77,0,0
172197,1,57,3005,75,0,38,173272.00,149860,246,77,0,0
172327,1,57,3034,60,0,38,173272.00,149860,246,77,0,0
172418,1,57,3032,60,0,38,173272.00,149860,246,77,0,0
172552,1,57,3032,47,0,38,173272.00,149860,246,77,0,0
172697,1,57,2944,0,0,38,173273.06,149860,246,77,0,0
172823,1,57,2821,0,0,38,173273.06,149860,246,77,0,0
172880,1,57,2725,0,0,38,173273.06,149860,246,77,0,0
173032,1,57,2678,0,0,38,173273.06,149860,246,77,0,0
173177,1,57,2304,0,0,38,173273.06,149860,246,78,0,0
173277,1,57,2208,2,0,38,173273.06,149860,246,78,0,0
173380,1,56,2278,16,0,38,173273.06,149860,246,78,0,0
173545,1,56,2322,40,0,38,173273.06,149860,246,78,0,0
173665,1,56,2267,80,0,38,173273.06,149860,246,78,0,0
173777,1,56,2291,90,0,38,173273.06,149860,246,78,0,0
173880,1,57,2264,94,0,38,173273.06,149860,246,78,0,0
173950,1,57,2257,97,0,38,173273.06,149860,246,78,0,0
174135,1,57,2274,101,0,38,173274.14,149860,246,78,0,0
174252,1,57,2294,102,0,38,173274.14,149860,246,78,0,0
174380,1,58,2272,104,0,38,173274.14,149860,246,78,0,0
174427,1,58,2305,107,0,38,173274.14,149860,246,78,0,0
174621,1,58,2312,107,0,38,173274.14,149860,246,78,0,0
174727,1,58,2312,108,0,38,173275.23,149860,246,78,0,0
174852,1,59,2353,105,0,38,173275.23,149860,246,78,0,0
174880,1,59,2353,105,0,38,173275.23,149860,246,78,0,0
175082,1,59,2338,92,0,38,173275.23,149860,246,78,0,0
175215,1,59,2368,92,0,38,173276.33,149860,246,78,0,0
175327,1,60,2381,90,0,38,173276.33,149860,246,78,0,0
175390,1,60,2381,90,0,38,173276.33,149860,246,78,0,0
175552,1,60,2375,89,0,38,173276.33,149860,246,78,0,0
175697,1,60,2379,82,0,38,173276.33,149860,246,78,0,0
175815,1,60,2426,82,0,38,173277.39,149860,246,78,0,0
175915,1,61,2415,81,0,38,173277.39,149860,246,78,0,0
176056,1,61,2415,80,0,38,173277.39,149860,246,78,0,0
176177,1,61,2455,77,0,38,173277.39,149860,246,78,0,0
176277,1,61,2455,77,0,38,173277.39,149860,246,78,0,0
176380,1,61,2448,76,0,38,173277.39,149860,246,78,0,0
176543,1,61,2446,74,0,38,173277.39,149860,246,78,0,0
176665,1,61,2461,69,0,38,173278.47,149860,246,78,0,0
176777,1,62,2447,69,0,38,173278.47,149860,246,78,0,0
176880,1,62,2462,68,0,38,173278.47,149860,246,78,0,0
176928,1,62,2453,68,0,38,173278.47,149860,246,78,0,0
177165,1,62,2495,68,0,38,173278.47,149860,246,78,0,0
177277,1,62,2467,68,0,38,173278.47,149860,246,78,0,0
177380,1,62,2469,67,0,38,173279.50,149860,246,78,0,0
177380,1,62,2469,67,0,38,173279.50,149860,246,78,0,0
177652,1,62,2487,67,0,38,173279.50,149860,246,78,0,0
177777,1,62,2487,67,0,38,173279.50,149860,246,78,0,0
177880,1,62,2494,67,0,38,173279.50,149860,246,78,0,0
177880,1,62,2494,67,0,38,173279.50,149860,246,78,0,0
178152,1,62,2465,67,0,38,173279.50,149860,246,78,0,0
178265,1,63,2519,67,0,38,173280.50,149860,246,78,0,0
178380,1,63,2522,67,0,38,173280.50,149860,246,78,0,0
178380,1,63,2522,67,0,38,173280.50,149860,246,78,0,0
178615,1,63,2503,67,0,38,173280.50,149860,246,78,0,0
178727,1,63,2503,67,0,38,173280.50,149860,246,78,0,0
178853,1,63,2502,67,0,38,173280.50,149860,246,78,0,0
178881,1,63,2502,67,0,38,173280.50,149860,246,78,0,0
179066,1,63,2523,67,0,38,173281.52,149860,246,78,0,0
179215,1,63,2502,67,0,38,173281.52,149860,246,78,0,0
179327,1,63,2537,67,0,38,173281.52,149860,246,78,0,0
179380,1,63,2537,67,0,38,173281.52,149860,246,78,0,0
179552,1,63,2537,68,0,38,173281.52,149860,246,78,0,0
179697,1,63,2559,68,0,38,173281.52,149860,246,78,0,0
179815,1,64,2539,71,0,38,173282.55,149860,246,78,0,0
179915,1,64,2531,76,0,38,173282.55,149860,246,78,0,0
180054,1,64,2531,71,0,38,173282.55,149860,246,78,0,0
180177,1,64,2559,73,0,38,173282.55,149860,246,78,0,0
180277,1,64,2583,73,0,38,173282.55,149860,246,78,0,0
180415,1,64,2545,73,0,38,173282.55,149860,246,78,0,0
180428,1,64,2545,73,0,38,173282.55,149860,246,78,0,0
180677,1,64,2567,77,0,38,173283.62,149860,246,78,0,0
180777,1,65,2575,81,0,38,173283.62,149860,246,78,0,0
180880,1,65,2580,84,0,38,173283.62,149860,246,78,0,0
181028,1,65,2566,88,0,38,173283.62,149860,246,78,0,0
181165,1,65,2596,97,0,38,173283.62,149860,246,78,0,0
181277,1,65,2620,99,0,38,173284.64,149860,246,78,0,0
181380,1,66,2602,99,0,38,173284.64,149860,246,78,0,0
181540,1,66,2620,99,0,38,173284.64,149860,246,78,0,0
181652,1,66,2626,99,0,38,173284.64,149860,246,78,0,0
181777,1,66,2635,99,0,38,173284.64,149860,246,78,0,0
181880,1,67,2640,99,0,38,173285.77,149860,246,78,0,0
182027,1,67,2643,99,0,38,173285.77,149860,246,78,0,0
182152,1,67,2676,99,0,38,173285.77,149860,246,78,0,0
182277,1,67,2708,99,0,38,173285.77,149860,246,78,0,0
182380,1,68,2710,99,0,38,173286.80,149860,246,78,0,0
182423,1,68,2711,99,0,38,173286.80,149860,246,78,0,0
182634,1,68,2712,99,0,38,173286.80,149860,246,78,0,0
182752,1,68,2712,99,0,38,173286.80,149860,246,78,0,0
182943,1,68,2729,91,0,38,173287.84,149860,246,78,0,0
183115,1,69,2740,91,0,38,173287.84,149860,246,78,0,0
183227,1,69,2725,92,0,38,173287.84,149860,246,78,0,0
183365,1,69,2757,90,0,38,173287.84,149860,246,78,0,0
183458,1,69,2761,75,0,38,173288.94,149860,246,78,0,0
183577,1,69,2749,75,0,38,173288.94,149860,246,78,0,0
183715,1,69,2730,10,0,38,173288.94,149860,246,78,0,0
183827,1,69,2734,0,0,38,173288.94,149860,246,78,0,0
183927,1,69,2750,0,0,38,173288.94,149860,246,78,0,0
184077,1,69,2750,0,0,38,173288.94,149860,246,78,0,0
184197,1,69,2724,0,0,38,173288.94,149860,246,78,0,0
184330,1,69,2728,0,0,38,173288.94,149860,246,78,0,0
184447,1,68,2696,0,0,38,173288.94,149860,246,78,0,0
184447,1,68,2696,0,0,38,173288.94,149860,246,78,0,0
184697,1,68,2695,0,0,38,173288.94,149860,246,78,0,0
184815,1,68,2659,0,0,38,173289.97,149860,246,78,0,0
184927,1,68,2691,0,0,38,173289.97,149860,246,78,0,0
185077,1,68,2659,0,0,38,173289.97,149860,246,78,0,0
185197,1,67,2679,0,0,38,173289.97,149860,246,78,0,0
185315,1,67,2651,0,0,38,173289.97,149860,246,78,0,0
185437,1,67,2652,0,0,38,173289.97,149860,246,78,0,0
185447,1,67,2652,0,0,38,173289.97,149860,246,78,0,0
185677,1,66,2603,0,0,38,173289.97,149860,246,78,0,0
185777,1,65,2560,0,0,38,173289.97,149860,246,78,0,0
185927,1,65,2592,10,0,38,173289.97,149860,246,78,0,0
185964,1,65,2592,10,0,38,173289.97,149860,246,78,0,0
186177,1,65,2611,24,0,38,173289.97,149860,246,78,0,0
186277,1,65,2584,28,0,38,173289.97,149860,246,78,0,0
186415,1,64,2562,33,0,38,173289.97,149860,246,78,0,0
186565,1,64,2583,44,0,38,173289.97,149860,246,78,0,0
186677,1,64,2570,49,0,38,173289.97,149860,246,78,0,0
186777,1,64,2545,49,0,38,173289.97,149860,246,78,0,0
186916,1,64,2553,49,0,38,173291.02,149860,246,78,0,0
186927,1,64,2553,49,0,38,173291.02,149860,246,78,0,0
187152,1,64,2550,49,0,38,173291.02,149860,246,78,0,0
187277,1,64,2545,49,0,38,173291.02,149860,246,78,0,0
187380,1,64,2545,49,0,38,173291.02,149860,246,78,0,0
187425,1,64,2544,49,0,38,173291.02,149860,246,78,0,0
187630,1,64,2542,49,0,38,173291.02,149860,246,78,0,0
187731,1,64,2530,49,0,38,173291.02,149860,246,78,0,0
187866,1,64,2556,49,0,38,173291.02,149860,246,78,0,0
187931,1,64,2556,49,0,38,173292.06,149860,246,78,0,0
188077,1,63,2524,49,0,38,173292.06,149860,246,78,0,0
188227,1,63,2499,49,0,38,173292.06,149860,246,78,0,0
188352,1,63,2499,49,0,38,173292.06,149860,246,78,0,0
188416,1,63,2496,49,0,38,173292.06,149860,246,78,0,0
188577,1,63,2522,49,0,38,173292.06,149860,246,78,0,0
188697,1,63,2519,49,0,38,173292.06,149860,246,78,0,0
188830,1,63,2512,49,0,38,173292.06,149860,246,78,0,0
188946,1,63,2516,54,0,38,173292.06,149860,246,78,0,0
189077,1,63,2516,54,0,38,173293.11,149860,246,78,0,0
189197,1,63,2499,61,0,38,173293.11,149860,246,78,0,0
189325,1,63,2515,64,0,38,173293.11,149860,246,78,0,0
189435,1,63,2499,67,0,38,173293.11,149860,246,78,0,0
189459,1,63,2499,67,0,38,173293.11,149860,246,78,0,0
189697,1,63,2515,67,0,38,173293.11,149860,246,78,0,0
189819,1,63,2508,75,0,38,173294.11,149860,246,78,0,0
189927,1,63,2513,75,0,38,173294.11,149860,246,78,0,0
190052,1,63,2513,75,0,38,173294.11,149860,246,78,0,0
190177,1,63,2526,75,0,38,173294.11,149860,246,78,0,0
190277,1,63,2525,75,0,38,173294.11,149860,246,78,0,0
190417,1,63,2517,75,0,38,173295.12,149860,246,78,0,0
190566,1,63,2513,75,0,38,173295.12,149860,246,78,0,0
190677,1,63,2501,73,0,38,173295.12,149860,246,78,0,0
190777,1,63,2501,67,0,38,173295.12,149860,246,78,0,0
190916,1,63,2546,65,0,38,173295.12,149860,246,78,0,0
190916,1,63,2546,65,0,38,173295.12,149860,246,78,0,0
191177,1,63,2522,65,0,38,173295.12,149860,246,78,0,0
191277,1,63,2513,65,0,38,173296.14,149860,246,78,0,0
191416,1,63,2518,65,0,38,173296.14,149860,246,78,0,0
191426,1,63,2518,65,0,38,173296.14,149860,246,78,0,0
191666,1,63,2499,65,0,38,173296.14,149860,246,78,0,0
191777,1,63,2500,65,0,38,173296.14,149860,246,78,0,0
191880,1,63,2500,65,0,38,173296.14,149860,246,78,0,0
191928,1,63,2557,65,0,38,173296.14,149860,246,78,0,0
192131,1,63,2519,65,0,38,173297.14,149860,246,78,0,0
192252,1,63,2527,65,0,38,173297.14,149860,246,78,0,0
192380,1,63,2531,65,0,38,173297.14,149860,246,78,0,0
192427,1,63,2499,62,0,38,173297.14,149860,246,78,0,0
192616,1,63,2558,62,0,38,173297.14,149860,246,78,0,0
192726,1,64,2536,58,0,38,173297.14,149860,246,78,0,0
192851,1,63,2554,57,0,38,173297.14,149860,246,78,0,0
192930,1,63,2552,55,0,38,173298.20,149860,246,78,0,0
193077,1,63,2552,55,0,38,173298.20,149860,246,78,0,0
193219,1,63,2504,50,0,38,173298.20,149860,246,78,0,0
193330,1,63,2516,50,0,38,173298.20,149860,246,78,0,0
193427,1,63,2511,50,0,38,173298.20,149860,246,78,0,0
193569,1,63,2544,50,0,38,173298.20,149860,246,78,0,0
193697,1,64,2551,50,0,38,173298.20,149860,246,78,0,0
193819,1,64,2528,50,0,38,173298.20,149860,246,78,0,0
193926,1,63,2528,50,0,38,173299.20,149860,246,78,0,0
194077,1,63,2496,50,0,38,173299.20,149860,246,78,0,0
194197,1,64,2552,50,0,38,173299.20,149860,246,78,0,0
194319,1,64,2559,50,0,38,173299.20,149860,246,78,0,0
194431,1,64,2528,50,0,38,173299.20,149860,246,78,0,0
194478,1,64,2496,50,0,38,173299.20,149860,243,78,0,0
194697,1,63,2529,50,0,38,173299.20,149860,243,78,0,0
194776,1,64,2553,50,0,38,173299.20,149860,243,78,0,0
194930,1,64,2553,50,0,38,173300.25,149860,243,78,0,0
195072,1,64,2553,50,0,38,173300.25,149860,243,78,0,0
195177,1,63,2559,50,0,38,173300.25,149860,243,78,0,0
195277,1,64,2558,50,0,38,173300.25,149860,243,78,0,0
195429,1,64,2559,50,0,38,173300.25,149860,243,78,0,0
195434,1,64,2559,50,0,38,173300.25,149860,243,78,0,0
195676,1,64,2559,50,0,38,173300.25,149860,243,78,0,0
195776,1,64,2558,50,0,38,173300.25,149860,243,78,0,0
195919,1,64,2559,50,0,38,173300.25,149860,243,78,0,0
195944,1,64,2559,50,0,38,173300.25,149860,243,78,0,0
196151,1,64,2559,48,0,38,173301.31,149860,243,78,0,0
196277,1,64,2559,45,0,38,173301.31,149860,243,78,0,0
196379,1,64,2550,45,0,38,173301.31,149860,243,78,0,0
196452,1,64,2531,45,0,38,173301.31,149860,243,78,0,0
196630,1,64,2529,45,0,38,173301.31,149860,243,79,0,0
196751,1,64,2534,45,0,38,173301.31,149860,243,79,0,0
196866,1,64,2538,45,0,38,173301.31,149860,243,79,0,0
196932,1,64,2542,45,0,38,173301.31,149860,243,79,0,0
197077,1,64,2542,45,0,38,173301.31,149860,243,79,0,0
197230,1,64,2546,45,0,38,173302.36,149860,243,79,0,0
197330,1,64,2539,45,0,38,173302.36,149860,243,79,0,0
197451,1,64,2536,44,0,38,173302.36,149860,243,79,0,0
197581,1,64,2536,44,0,38,173302.36,149860,243,79,0,0
197696,1,64,2539,43,0,38,173302.36,149860,243,79,0,0
197830,1,64,2534,42,0,38,173302.36,149860,243,79,0,0
197932,1,64,2534,42,0,38,173302.36,149860,243,79,0,0
198076,1,64,2555,42,0,38,173302.36,149860,243,79,0,0
198197,1,64,2553,42,0,38,173302.36,149860,243,79,0,0
198319,1,64,2559,42,0,38,173303.36,149860,243,79,0,0
198432,1,64,2529,0,0,38,173303.36,149860,243,79,0,0
198581,1,64,2529,0,0,38,173303.36,149860,243,79,0,0
198696,1,64,2539,0,0,38,173303.36,149860,243,79,0,0
198819,1,64,2555,0,0,38,173303.36,149860,243,79,0,0
198932,1,64,2554,0,0,38,173303.36,149860,243,79,0,0
198946,1,64,2554,0,0,38,173303.36,149860,243,79,0,0
199197,1,64,2554,0,0,38,173303.36,149860,243,79,0,0
199319,1,64,2559,0,0,38,173303.36,149860,243,79,0,0
199426,1,64,2557,0,0,38,173303.36,149860,243,79,0,0
199580,1,64,2557,0,0,38,173303.36,149860,243,79,0,0
199697,1,64,2556,0,0,38,173303.36,149860,243,79,0,0
199819,1,64,2558,0,0,38,173303.36,149860,243,79,0,0
199932,1,64,2555,0,0,38,173303.36,149860,243,79,0,0
199951,1,64,2555,0,0,38,173303.36,149860,243,79,0,0
200176,1,63,2555,0,0,38,173303.36,149860,243,79,0,0
200276,1,63,2527,0,0,38,173303.36,149860,243,79,0,0
200416,1,63,2509,0,0,38,173303.36,149860,243,79,0,0
200426,1,63,2509,0,0,38,173303.36,149860,243,79,0,0
200651,1,63,2496,0,0,38,173303.36,149860,243,79,0,0
200769,1,63,2496,0,0,38,173303.36,149860,243,79,0,0
200879,1,63,2496,0,0,38,173303.36,149860,243,79,0,0
200951,1,63,2496,0,0,38,173303.36,149860,243,79,0,0
201092,1,63,2464,0,0,38,173303.36,149860,243,79,0,0
201251,1,63,2464,0,0,38,173303.36,149860,243,79,0,0
201369,1,62,2464,0,0,38,173303.36,149860,243,79,0,0
201432,1,62,2464,0,0,38,173303.36,149860,243,79,0,0
201579,1,62,2464,0,0,38,173303.36,149860,243,79,0,0
201730,1,62,2432,0,0,38,173303.36,149860,243,79,0,0
201851,1,62,2272,0,0,38,173303.36,149860,243,79,0,0
201951,1,62,2144,0,0,38,173303.36,149860,243,79,0,0
202091,1,62,2048,0,0,38,173303.36,149860,243,79,0,0
202226,1,62,1852,0,0,38,173303.36,149860,243,79,0,0
202330,1,62,1780,0,0,38,173303.36,149860,243,79,0,0
202446,1,62,1677,0,0,38,173303.36,149860,243,79,0,0
202578,1,62,1677,0,0,38,173303.36,149860,243,79,0,0
202696,1,61,2211,0,0,38,173303.36,149860,243,79,0,0
202830,1,61,2924,0,0,38,173303.36,149860,243,79,0,0
202951,1,61,3305,0,0,38,173304.38,149860,243,79,0,0
203091,1,61,3273,0,0,38,173304.38,149860,243,79,0,0
203197,1,60,3277,0,0,38,173304.38,149860,243,79,0,0
203331,1,61,3168,0,0,38,173304.38,149860,243,79,0,0
203432,1,60,3200,0,0,38,173304.38,149860,243,79,0,0
203577,1,60,3200,0,0,38,173304.38,149860,243,79,0,0
203696,1,60,3136,0,0,38,173304.38,149860,243,79,0,0
203819,1,60,3168,0,0,38,173304.38,149860,243,79,0,0
203932,1,60,3168,0,0,38,173304.38,149860,243,79,0,0
203951,1,60,3168,0,0,38,173304.38,149860,243,79,0,0
204176,1,59,3136,0,0,38,173304.38,149860,243,79,0,0
204276,1,59,3136,0,0,38,173304.38,149860,243,79,0,0
204378,1,59,3104,0,0,38,173304.38,149860,243,79,0,0
204462,1,59,3104,0,0,38,173304.38,149860,243,79,0,0
204651,1,59,3104,0,0,38,173304.38,149860,243,79,0,0
204769,1,59,3104,0,0,38,173304.38,149860,243,79,0,0
204878,1,58,3072,0,0,38,173304.38,149860,243,79,0,0
204946,1,58,3104,0,0,38,173304.38,149860,243,79,0,0
205130,1,59,2880,0,0,38,173304.38,149860,243,79,0,0
205230,1,59,2720,0,0,38,173304.38,149860,243,79,0,0
205370,1,58,2496,0,0,38,173304.38,149860,243,79,0,0
205467,1,58,2400,0,0,38,173304.38,149860,243,79,0,0
205577,1,58,2368,0,0,38,173304.38,149860,243,79,0,0
205730,1,58,2605,0,0,38,173304.38,149860,243,79,0,0
205851,1,57,2851,0,0,38,173304.38,149860,243,79,0,0
205951,1,56,3228,0,0,38,173304.38,149860,243,79,0,0
206089,1,56,3635,0,0,38,173304.38,149860,243,79,0,0
206219,1,55,4279,0,0,38,173304.38,149860,243,79,0,0
206330,1,55,4096,0,0,38,173304.38,149860,243,79,0,0
206432,1,55,4096,0,0,38,173304.38,149860,243,79,0,0
206576,1,55,4096,0,0,38,173304.38,149860,243,79,0,0
206696,1,54,4096,0,0,38,173304.38,149860,243,79,0,0
206830,1,54,4032,0,0,38,173304.38,149860,243,79,0,0
206951,1,53,4032,0,0,38,173304.38,149860,243,78,0,0
207088,1,53,4032,0,0,38,173304.38,149860,243,78,0,0
207196,1,53,4000,0,0,38,173304.38,149860,243,78,0,0
207319,1,53,3968,0,0,38,173304.38,149860,243,78,0,0
207419,1,53,3936,0,0,38,173304.38,149860,243,78,0,0
207468,1,53,3936,0,0,38,173304.38,149860,243,78,0,0
207676,1,52,3904,0,0,38,173304.38,149860,243,78,0,0
207780,1,52,3872,0,0,38,173304.38,149860,243,78,0,0
207918,1,51,3872,0,0,38,173304.38,149860,243,78,0,0
207951,1,51,3872,0,0,38,173304.38,149860,243,78,0,0
208151,1,51,3840,0,0,38,173304.38,149860,243,78,0,0
208276,1,50,3808,0,0,38,173304.38,149860,243,78,0,0
208379,1,50,3808,0,0,38,173304.38,149860,243,78,0,0
208432,1,50,3776,0,0,38,173304.38,149860,243,78,0,0
208630,1,50,3744,0,0,38,173304.38,149860,243,78,0,0
208751,1,49,3744,0,0,38,173304.38,149860,243,78,0,0
208879,1,49,3712,0,0,38,173304.38,149860,243,78,0,0
208932,1,49,3680,0,0,38,173304.38,149860,243,78,0,0
209087,1,49,3680,0,0,38,173304.38,149860,243,78,0,0
209230,1,48,3648,0,0,38,173304.38,149860,243,78,0,0
209351,1,48,3616,0,0,38,173304.38,149860,243,78,0,0
209462,1,48,3616,0,0,38,173304.38,149860,243,78,0,0
209599,1,48,3616,0,0,38,173304.38,149860,243,78,0,0
209719,1,47,3552,0,0,38,173304.38,149860,243,78,0,0
209830,1,47,3552,0,0,38,173304.38,149860,243,78,0,0
209951,1,47,3520,0,0,38,173304.38,149860,243,78,0,0
209951,1,47,3520,0,0,38,173304.38,149860,243,78,0,0
210196,1,46,3488,0,0,38,173304.38,149860,243,78,0,0
210330,1,46,3456,0,0,38,173304.38,149860,243,78,0,0
210452,1,46,3424,0,0,38,173304.38,149860,243,78,0,0
210477,1,46,3424,0,0,38,173304.38,149860,243,78,0,0
210676,1,45,3392,0,0,38,173304.38,149860,243,78,0,0
210776,1,45,3392,0,0,38,173304.38,149860,243,78,0,0
210930,1,45,3360,0,0,38,173304.38,149860,243,78,0,0
210970,1,45,3360,0,0,38,173304.38,149860,243,78,0,0
211168,1,44,3328,0,0,38,173304.38,149860,243,78,0,0
211276,1,44,3296,0,0,38,173304.38,149860,243,78,0,0
211379,1,44,3296,0,0,38,173304.38,149860,243,78,0,0
211478,1,43,3296,0,0,38,173304.38,149860,243,78,0,0
211630,1,43,3264,0,0,38,173304.38,149860,243,78,0,0
211768,1,43,3232,0,0,38,173304.38,149860,243,78,0,0
211879,1,43,3200,0,0,38,173304.38,149860,243,78,0,0
211968,1,42,3200,0,0,38,173304.38,149860,243,78,0,0
212118,1,42,3168,0,0,38,173304.38,149860,243,78,0,0
212251,1,42,3168,0,0,38,173304.38,149860,243,78,0,0
212379,1,42,3136,0,0,38,173304.38,149860,243,78,0,0
212470,1,41,3136,0,0,38,173304.38,149860,243,78,0,0
212597,1,41,3136,0,0,38,173304.38,149860,243,78,0,0
212730,1,41,3072,0,0,38,173304.38,149860,243,78,0,0
212851,1,41,3072,0,0,38,173304.38,149860,243,78,0,0
212976,1,40,3040,0,0,38,173304.38,149860,243,78,0,0
213110,1,40,3040,0,0,38,173304.38,149860,243,78,0,0
213230,1,40,3008,0,0,38,173304.38,149860,243,78,0,0
213351,1,40,2976,0,0,38,173304.38,149860,243,78,0,0
213470,1,39,2976,0,0,38,173304.38,149860,243,78,0,0
213597,1,39,2976,0,0,38,173304.38,149860,243,78,0,0
213718,1,39,2912,0,0,38,173304.38,149860,243,77,0,0
213830,1,39,2912,0,0,38,173304.38,149860,243,77,0,0
213951,1,38,2912,0,0,38,173304.38,149860,243,77,0,0
214084,1,38,2880,0,0,38,173304.38,149860,243,77,0,0
214218,1,38,2848,0,0,38,173304.38,149860,243,77,0,0
214330,1,38,2816,0,0,38,173304.38,149860,243,77,0,0
214462,1,37,2816,0,0,38,173304.38,149860,243,77,0,0
214596,1,37,2816,0,0,38,173304.38,149860,243,77,0,0
214730,1,37,2784,0,0,38,173304.38,149860,243,77,0,0
214851,1,37,2752,0,0,38,173304.38,149860,243,77,0,0
214951,1,36,2752,0,0,38,173304.38,149860,243,77,0,0
214951,1,36,2752,0,0,38,173304.38,149860,243,77,0,0
215218,1,36,2720,0,0,38,173304.38,149860,243,77,0,0
215330,1,36,2688,0,0,38,173304.38,149860,243,77,0,0
215446,1,36,2688,0,0,38,173304.38,149860,243,77,0,0
215596,1,35,2688,0,0,38,173304.38,149860,243,77,0,0
215719,1,35,2624,0,0,38,173304.38,149860,243,77,0,0
215830,1,35,2624,0,0,38,173304.38,149860,243,77,0,0
215951,1,34,2592,0,0,38,173304.38,149860,243,77,0,0
215977,1,34,2592,0,0,38,173304.38,149860,243,77,0,0
216218,1,34,2560,0,0,38,173304.38,149860,243,77,0,0
216330,1,34,2528,0,0,38,173304.38,149860,243,77,0,0
216446,1,34,2528,0,0,38,173304.38,149860,243,77,0,0
216484,1,33,2528,0,0,38,173304.38,149860,243,77,0,0
216696,1,33,2496,0,0,38,173304.38,149860,243,76,0,0
216819,1,33,2464,0,0,38,173304.38,149860,243,76,0,0
216930,1,33,2464,0,0,38,173304.38,149860,243,76,0,0
216976,1,32,2464,0,0,38,173304.38,149860,243,76,0,0
217176,1,32,2432,0,0,38,173304.38,149860,243,76,0,0
217276,1,32,2400,0,0,38,173304.38,149860,243,76,0,0
217418,1,32,2368,0,0,38,173304.38,149860,243,76,0,0
217461,1,32,2368,0,0,38,173304.38,149860,243,76,0,0
217651,1,31,2368,0,0,38,173304.38,149860,243,76,0,0
217776,1,31,2336,0,0,38,173304.38,149860,243,76,0,0
217877,1,31,2336,0,0,38,173304.38,149860,243,76,0,0
217951,1,31,2304,0,0,38,173304.38,149860,243,76,0,0
218118,1,31,2272,0,0,38,173304.38,149860,243,76,0,0
218251,1,30,2272,0,0,38,173304.38,149860,243,76,0,0
218377,1,30,2240,0,0,38,173304.38,149860,243,76,0,0
218466,1,30,2240,0,0,38,173304.38,149860,243,76,0,0
218594,1,30,2240,0,0,38,173304.38,149860,243,76,0,0
218729,1,29,2208,0,0,38,173304.38,149860,243,76,0,0
218868,1,29,2176,0,0,38,173304.38,149860,243,76,0,0
218951,1,29,2176,0,0,38,173304.38,149860,243,76,0,0
219081,1,29,2176,0,0,38,173304.38,149860,243,76,0,0
219230,1,28,2144,0,0,38,173304.38,149860,243,76,0,0
219351,1,28,2112,0,0,38,173304.38,149860,243,76,0,0
219451,1,28,2112,0,0,38,173304.38,149860,243,76,0,0
219593,1,28,2112,0,0,38,173304.38,149860,243,76,0,0
219718,1,27,2048,0,0,38,173304.38,149860,243,76,0,0
219830,1,27,2048,0,0,38,173304.38,149860,243,76,0,0
219951,1,27,2048,0,0,38,173304.38,149860,243,76,0,0
219969,1,27,2016,0,0,38,173304.38,149860,243,76,0,0
220196,1,27,2016,0,10,38,173304.38,149860,243,76,0,0
220318,1,26,1984,0,20,38,173304.38,149860,243,76,0,0
220430,1,26,1952,0,24,38,173304.38,149860,243,76,0,0
220476,1,26,1952,0,26,38,173304.38,149860,243,76,0,0
220676,1,25,1920,0,32,38,173304.38,149860,243,76,0,0
220797,1,25,1888,0,54,38,173304.38,149860,243,76,0,0
220918,1,25,1824,0,54,38,173304.38,149860,243,76,0,0
220968,1,24,1824,0,54,38,173304.38,149860,243,76,0,0
221156,1,24,1696,0,56,38,173304.38,149860,243,76,0,0
221276,1,23,1536,0,94,38,173304.38,149860,243,76,0,0
221377,1,22,1541,0,94,38,173304.38,149860,243,76,0,0
221476,1,22,1522,0,94,38,173304.38,149860,243,76,0,0
221630,1,22,1454,0,94,38,173304.38,149860,243,76,0,0
221768,1,20,1420,0,116,38,173304.38,149860,243,76,0,0
221877,1,19,1386,0,122,38,173304.38,149860,243,76,0,0
221951,1,18,1353,0,122,38,173304.38,149860,243,76,0,0
222079,1,18,1353,0,124,38,173304.38,149860,243,76,0,0
222230,1,17,1317,0,122,38,173304.38,149860,243,76,0,0
222351,1,15,1285,0,120,38,173304.38,149860,243,76,0,0
222481,1,14,1255,0,118,38,173304.38,149860,243,76,0,0
222481,1,14,1255,0,118,38,173304.38,149860,243,76,0,0
222729,1,13,1222,0,110,38,173304.38,149860,243,76,0,0
222851,1,12,1222,0,112,38,173304.38,149860,243,76,0,0
222968,1,11,1190,0,112,38,173304.38,149860,243,76,0,0
223104,1,11,1190,0,110,38,173304.38,149860,243,76,0,0
223229,1,11,1158,0,104,38,173304.38,149860,243,76,0,0
223351,1,8,1158,0,92,38,173304.38,149860,243,75,0,0
223469,1,8,1127,0,92,38,173304.38,149860,246,75,0,0
223469,1,8,1127,0,92,38,173304.38,149860,246,75,0,0
223718,1,7,1129,0,88,38,173305.39,149860,246,75,0,0
223830,1,6,1097,0,84,38,173305.39,149860,246,75,0,0
223951,1,5,1097,0,80,38,173305.39,149860,246,75,0,0
223951,1,5,1097,0,80,38,173305.39,149860,246,75,0,0
224196,1,5,1065,0,68,38,173305.39,149860,246,75,0,0
224330,1,4,1065,0,66,38,173305.39,149860,246,75,0,0
224429,1,4,1065,0,64,38,173305.39,149860,246,75,0,0
224477,1,3,1065,0,64,38,173305.39,149860,246,75,0,0
224676,1,3,1033,0,60,38,173305.39,149860,246,75,0,0
224795,1,0,1000,0,58,38,173305.39,149860,246,75,0,0
224918,1,0,933,0,60,38,173305.39,149860,246,75,0,0
224975,1,0,901,0,56,38,173305.39,149860,246,75,0,0
225154,1,0,865,0,56,38,173305.39,149860,246,75,0,0
225276,1,0,833,0,18,38,173305.39,149860,246,75,0,0
225476,1,0,832,0,18,38,173305.39,149860,246,75,0,0
225618,1,0,833,0,18,38,173305.39,149860,246,75,0,0
225730,1,0,832,0,18,38,173305.39,149860,246,75,0,0
225850,1,0,832,0,12,38,173305.39,149860,246,75,0,0
225968,1,0,800,0,2,38,173305.39,149860,246,75,0,0
226102,1,0,863,0,0,38,173305.39,149860,246,75,0,0
226230,1,0,862,0,0,38,173305.39,149860,246,75,0,0
226330,1,0,861,0,0,38,173305.39,149860,246,75,0,0
226461,1,0,861,0,0,38,173305.39,149860,246,75,0,0
226469,1,0,861,0,0,38,173305.39,149860,246,75,0,0
226718,1,0,861,0,0,38,173305.39,149860,246,75,0,0
226830,1,0,861,0,0,38,173305.39,149860,246,75,0,0
226950,1,0,861,0,0,38,173305.39,149860,246,75,0,0
226977,1,0,861,0,0,38,173305.39,149860,246,75,0,0
227178,1,0,861,0,4,38,173305.39,149860,246,75,0,0
227276,1,0,861,0,2,38,173305.39,149860,246,75,0,0
227418,1,0,860,0,4,38,173306.39,149860,246,75,0,0
227476,1,0,860,0,4,38,173306.39,149860,246,75,0,0
227630,1,0,860,0,4,38,173306.39,149860,246,75,0,0
227776,1,0,860,0,6,38,173306.39,149860,246,75,0,0
227877,1,0,860,0,8,38,173306.39,149860,246,75,0,0
227976,1,0,860,0,8,38,173306.39,149860,246,75,0,0
228129,1,0,860,0,8,38,173306.39,149860,246,75,0,0
228268,1,0,861,0,10,38,173306.39,149860,246,75,0,0
228377,1,0,861,0,12,38,173306.39,149860,246,75,0,0
228476,1,0,860,0,12,38,173306.39,149860,246,75,0,0
228618,1,0,861,0,12,38,173306.39,149860,246,75,0,0
228750,1,0,861,0,14,38,173306.39,149860,246,75,0,0
228868,1,0,861,0,14,38,173306.39,149860,246,75,0,0
228975,1,0,861,0,16,38,173306.39,149860,246,75,0,0
228975,1,0,861,0,16,38,173306.39,149860,246,75,0,0
229229,1,0,861,0,24,38,173306.39,149860,246,75,0,0
229350,1,0,861,0,26,38,173306.39,149860,246,75,0,0
229461,1,0,861,0,32,38,173306.39,149860,246,75,0,0
229461,1,0,861,0,32,38,173306.39,149860,246,75,0,0
229718,1,0,861,0,98,38,173306.39,149860,246,75,0,0
229830,1,0,861,0,150,38,173306.39,149860,246,75,0,0
229950,1,0,862,0,200,38,173306.39,149860,246,75,0,0
229975,1,0,862,0,234,38,173306.39,149860,246,75,0,0
230196,1,0,862,0,270,38,173306.39,149860,246,75,0,0
230318,1,0,863,0,276,38,173306.39,149860,246,75,0,0
230430,1,0,863,0,280,38,173306.39,149860,246,75,0,0
230476,1,0,863,0,280,38,173306.39,149860,246,75,0,0
230675,1,0,863,0,282,38,173306.39,149860,246,75,0,0
230775,1,0,863,0,282,38,173306.39,149860,246,75,0,0
230877,1,0,863,0,282,38,173306.39,149860,246,75,0,0
230950,1,0,862,0,282,38,173306.39,149860,246,76,0,0
231150,1,0,862,0,274,38,173306.39,149860,246,76,0,0
231268,1,0,862,0,240,38,173306.39,149860,246,76,0,0
231376,1,0,863,0,212,38,173307.41,149860,246,76,0,0
231477,1,0,862,0,198,38,173307.41,149860,246,76,0,0
231618,1,0,863,0,198,38,173307.41,149860,246,76,0,0
231729,1,0,863,0,178,38,173307.41,149860,246,76,0,0
231850,1,0,863,0,170,38,173307.41,149860,246,76,0,0
231968,1,0,863,0,164,38,173307.41,149860,246,76,0,0
232098,1,0,863,0,162,38,173307.41,149860,246,76,0,0
232229,1,0,863,0,156,38,173307.41,149860,246,76,0,0
232350,1,0,863,0,156,38,173307.41,149860,246,76,0,0
232468,1,0,862,0,154,38,173307.41,149860,246,76,0,0
232476,1,0,862,0,152,38,173307.41,149860,246,76,0,0
232730,1,0,862,0,152,38,173307.41,149860,246,76,0,0
232830,1,0,862,0,150,38,173307.41,149860,246,76,0,0
232950,1,0,862,0,148,38,173307.41,149860,246,76,0,0
232975,1,0,862,0,146,38,173307.41,149860,246,76,0,0
233218,1,0,862,0,142,38,173307.41,149860,246,76,0,0
233330,1,0,862,0,116,38,173307.41,149860,246,76,0,0
233450,1,0,861,0,70,38,173307.41,149860,246,76,0,0
233484,1,0,861,0,70,38,173307.41,149860,246,76,0,0
233679,1,0,863,0,2,38,173307.41,149860,246,76,0,0
233775,1,0,832,0,0,38,173307.41,149860,246,76,0,0
233929,1,0,832,0,0,38,173307.41,149860,246,76,0,0
233975,1,0,832,0,0,38,173307.41,149860,246,76,0,0
234150,1,0,833,0,0,38,173307.41,149860,246,76,0,0
234275,1,0,865,0,0,38,173307.41,149860,246,76,0,0
234376,1,0,968,0,0,38,173307.41,149860,246,76,0,0
234468,1,0,1113,0,0,38,173307.41,149860,246,76,0,0
234620,1,0,1136,0,0,38,173307.41,149860,246,76,0,0
234750,1,0,1111,0,0,38,173307.41,149860,246,76,0,0
234871,1,0,1110,0,0,38,173308.42,149860,246,76,0,0
234975,1,0,1186,0,0,38,173308.42,149860,246,76,0,0
235122,1,0,1271,0,0,38,173308.42,149860,246,76,0,0
235229,1,0,1273,0,0,38,173308.42,149860,246,76,0,0
235350,1,3,1219,1,0,38,173308.42,149860,246,76,0,0
235461,1,3,1222,1,0,38,173308.42,149860,246,76,0,0
235609,1,3,1222,1,0,38,173308.42,149860,246,76,0,0
235729,1,3,1217,2,0,38,173308.42,149860,246,76,0,0
235850,1,6,1258,4,0,38,173308.42,149860,246,76,0,0
235968,1,7,1339,6,0,38,173309.45,149860,246,76,0,0
235975,1,7,1339,6,0,38,173309.45,149860,246,76,0,0
236195,1,9,1366,11,0,38,173309.45,149860,246,76,0,0
236321,1,9,1436,13,0,38,173309.45,149860,246,76,0,0
236429,1,10,1472,27,0,38,173309.45,149860,246,76,0,0
236482,1,10,1536,27,0,38,173309.45,149860,246,76,0,0
236677,1,11,1668,27,0,38,173309.45,149860,246,76,0,0
236775,1,12,1745,49,0,38,173309.45,149860,246,76,0,0
236876,1,12,1791,55,0,38,173309.45,149860,246,76,0,0
236975,1,13,1847,59,0,38,173310.47,149860,246,76,0,0
237130,1,13,1864,66,0,38,173310.47,149860,246,77,0,0
237268,1,14,1999,69,0,38,173310.47,149860,246,77,0,0
237377,1,14,2078,74,0,38,173310.47,149860,246,77,0,0
237481,1,15,2089,75,0,38,173310.47,149860,246,77,0,0
237633,1,15,2199,76,0,38,173310.47,149860,246,77,0,0
237750,1,16,2241,77,0,38,173310.47,149860,246,77,0,0
237876,1,16,2384,77,0,38,173311.55,149860,246,77,0,0
237975,1,17,2451,78,0,38,173311.55,149860,246,77,0,0
238129,1,17,2487,78,0,38,173311.55,149860,246,77,0,0
238250,1,18,2615,75,0,38,173311.55,149860,246,77,0,0
238376,1,19,2725,67,0,38,173311.55,149860,246,77,0,0
238468,1,19,2699,38,0,38,173311.55,149860,246,77,0,0
238607,1,19,2699,38,0,38,173311.55,149860,246,77,0,0
238729,1,19,2574,0,0,38,173312.55,149860,246,77,0,0
238850,1,20,2436,0,0,38,173312.55,149860,246,77,0,0
238975,1,20,2208,0,0,38,173312.55,149860,246,77,0,0
238975,1,20,2208,0,0,38,173312.55,149860,246,77,0,0
239196,1,20,2061,0,0,38,173312.55,149860,246,77,0,0
239329,1,20,1981,0,0,38,173312.55,149860,246,77,0,0
239445,1,20,1892,0,0,38,173312.55,149860,246,77,0,0
239476,1,20,1860,0,0,38,173312.55,149860,246,77,0,0
239675,1,19,1644,0,0,38,173312.55,149860,246,77,0,0
239775,1,20,1565,10,0,38,173312.55,149860,246,77,0,0
239920,1,20,1504,19,0,38,173312.55,149860,246,77,0,0
239975,1,20,1536,32,0,38,173312.55,149860,246,77,0,0
240129,1,20,1550,56,0,38,173312.55,149860,246,77,0,0
240275,1,20,1591,75,0,38,173312.55,149860,246,77,0,0
240376,1,21,1627,90,0,38,173312.55,149860,246,77,0,0
240475,1,21,1644,95,0,38,173312.55,149860,246,77,0,0
240620,1,21,1680,95,0,38,173312.55,149860,246,77,0,0
240750,1,22,1727,99,0,38,173313.61,149860,246,77,0,0
240870,1,23,1773,99,0,38,173313.61,149860,246,77,0,0
240978,1,23,1819,99,0,38,173313.61,149860,246,77,0,0
241129,1,23,1876,99,0,38,173313.61,149860,246,77,0,0
241250,1,25,1936,99,0,38,173313.61,149860,246,77,0,0
241370,1,26,2012,99,0,38,173314.66,149860,246,77,0,0
241475,1,26,2021,99,0,38,173314.66,149860,246,77,0,0
241475,1,26,2021,99,0,38,173314.66,149860,246,77,0,0
241729,1,26,2122,99,0,38,173314.66,149860,246,77,0,0
241850,1,28,2157,99,0,38,173314.66,149860,246,77,0,0
241977,1,29,2191,100,0,38,173315.69,149860,246,77,0,0
242120,1,29,2263,100,0,38,173315.69,149860,246,77,0,0
242229,1,30,2293,100,0,38,173315.69,149860,246,77,0,0
242350,1,31,2360,88,0,38,173315.69,149860,246,77,0,0
242468,1,31,2396,79,0,38,173316.77,149860,246,77,0,0
242604,1,31,2396,79,0,38,173316.77,149860,246,77,0,0
242729,1,31,2375,1,0,38,173316.77,149860,246,77,0,0
242850,1,32,2418,0,0,38,173316.77,149860,246,77,0,0
242977,1,32,2423,0,0,38,173316.77,149860,246,77,0,0
243120,1,32,2420,0,0,38,173316.77,149860,246,77,0,0
243229,1,32,2423,0,0,38,173316.77,149860,246,77,0,0
243350,1,32,2425,0,0,38,173316.77,149860,246,77,0,0
243468,1,32,2393,0,0,38,173316.77,149860,246,77,0,0
243604,1,32,2393,0,0,38,173316.77,149860,246,77,0,0
243729,1,32,2372,0,0,38,173316.77,149860,246,77,0,0
243850,1,31,2359,0,0,38,173316.77,149860,246,77,0,0
243968,1,31,2344,0,0,38,173316.77,149860,246,77,0,0
243977,1,31,2344,0,0,38,173316.77,149860,246,77,0,0
244220,1,31,2304,0,0,38,173316.77,149860,246,77,0,0
244329,1,31,2332,0,0,38,173316.77,149860,246,77,0,0
244450,1,30,2299,0,0,38,173316.77,149860,246,77,0,0
244476,1,30,2299,0,0,38,173316.77,149860,246,77,0,0
244695,1,30,2271,0,0,38,173316.77,149860,246,77,0,0
244815,1,30,2253,0,0,38,173316.77,149860,246,77,0,0
244929,1,29,2208,0,0,38,173316.77,149860,246,77,0,0
244979,1,29,2208,0,0,38,173316.77,149860,246,77,0,0
245175,1,29,2176,0,0,38,173316.77,149860,246,77,0,0
245275,1,28,2144,0,0,38,173316.77,149860,246,77,0,0
245376,1,28,2144,0,6,38,173316.77,149860,246,77,0,0
245476,1,28,2112,0,6,38,173316.77,149860,246,77,0,0
245629,1,28,2112,0,6,38,173316.77,149860,246,77,0,0
245775,1,27,2080,0,6,38,173316.77,149860,246,77,0,0
245876,1,27,2048,0,6,38,173316.77,149860,246,77,0,0
245979,1,27,2048,0,4,38,173316.77,149860,246,77,0,0
245979,1,27,2048,0,4,38,173316.77,149860,246,77,0,0
246250,1,26,2016,0,6,38,173316.77,149860,246,77,0,0
246376,1,26,1984,0,2,38,173316.77,149860,246,77,0,0
246476,1,26,1984,0,0,38,173316.77,149860,246,77,0,0
246628,1,26,1952,0,0,38,173316.77,149860,246,77,0,0
246750,1,25,1952,0,0,38,173316.77,149860,246,78,0,0
246850,1,25,1920,0,0,38,173316.77,149860,246,78,0,0
246979,1,25,1888,0,0,38,173316.77,149860,246,78,0,0
246979,1,25,1888,0,0,38,173316.77,149860,246,78,0,0
247229,1,25,1888,0,0,38,173316.77,149860,246,78,0,0
247329,1,25,1856,0,0,38,173316.77,149860,246,78,0,0
247461,1,24,1856,0,0,38,173316.77,149860,246,78,0,0
247476,1,24,1824,0,0,38,173316.77,149860,246,78,0,0
247695,1,24,1792,0,0,38,173316.77,149860,246,78,0,0
247775,1,24,1792,0,0,38,173316.77,149860,246,78,0,0
247929,1,23,1760,0,0,38,173316.77,149860,246,78,0,0
247979,1,23,1760,0,0,38,173316.77,149860,246,78,0,0
248150,1,23,1760,0,0,38,173316.77,149860,246,78,0,0
248275,1,23,1728,0,0,38,173316.77,149860,246,78,0,0
248420,1,23,1696,0,0,38,173316.77,149860,246,78,0,0
248476,1,22,1696,0,0,38,173316.77,149860,246,78,0,0
248629,1,22,1696,0,0,38,173316.77,149860,246,78,0,0
248775,1,22,1664,0,0,38,173316.77,149860,246,78,0,0
248876,1,22,1632,0,0,38,173316.77,149860,246,78,0,0
248979,1,21,1632,0,0,38,173316.77,149860,246,78,0,0
249129,1,21,1600,0,0,38,173316.77,149860,246,78,0,0
249269,1,21,1600,0,0,38,173316.77,149860,246,78,0,0
249376,1,21,1568,0,0,38,173316.77,149860,246,78,0,0
249476,1,21,1568,0,0,38,173316.77,149860,246,78,0,0
249629,1,21,1568,0,0,38,173316.77,149860,246,78,0,0
249750,1,20,1536,0,0,38,173316.77,149860,246,78,0,0
249876,1,20,1504,0,0,38,173316.77,149860,246,78,0,0
249979,1,20,1504,0,0,38,173316.77,149860,246,78,0,0
249979,1,20,1504,0,0,38,173316.77,149860,246,78,0,0
250250,1,19,1472,0,0,38,173316.77,149860,246,78,0,0
250370,1,19,1440,0,0,38,173316.77,149860,246,78,0,0
250475,1,19,1440,0,0,38,173316.77,149860,246,78,0,0
250629,1,19,1408,0,0,38,173316.77,149860,246,78,0,0
250750,1,18,1376,0,0,38,173316.77,149860,246,78,0,0
250870,1,18,1376,0,0,38,173316.77,149860,246,78,0,0
250976,1,18,1344,8,0,38,173316.77,149860,246,78,0,0
251120,1,18,1393,16,0,38,173316.77,149860,246,78,0,0
251228,1,18,1346,28,0,38,173316.77,149860,246,78,0,0
251350,1,18,1356,36,0,38,173316.77,149860,246,78,0,0
251475,1,18,1404,45,0,38,173317.78,149861,246,78,0,0
251475,1,18,1404,45,0,38,173317.78,149861,246,78,0,0
251731,1,18,1376,73,0,38,173317.78,149861,246,78,0,0
251850,1,18,1384,84,0,38,173317.78,149861,246,78,0,0
251975,1,18,1433,89,0,38,173317.78,149861,246,78,0,0
252111,1,18,1462,89,0,38,173317.78,149861,246,78,0,0
252231,1,19,1494,96,0,38,173317.78,149861,246,78,0,0
252350,1,20,1505,96,0,38,173317.78,149861,246,78,0,0
252470,1,20,1580,97,0,38,173317.78,149861,246,78,0,0
252475,1,20,1580,97,0,38,173317.78,149861,246,78,0,0
252695,1,21,1632,97,0,38,173318.83,149861,246,78,0,0
252829,1,22,1699,122,0,38,173318.83,149861,246,78,0,0
252945,1,22,1745,122,0,38,173318.83,149861,246,78,0,0
252975,1,23,1777,122,0,38,173318.83,149861,246,78,0,0
253187,1,24,1830,122,0,38,173318.83,149861,246,78,0,0
253275,1,24,1911,117,0,38,173318.83,149861,246,78,0,0
253420,1,25,1959,114,0,38,173319.88,149861,246,78,0,0
253476,1,26,1959,110,0,38,173319.88,149861,249,78,0,0
253628,1,26,2004,105,0,38,173319.88,149861,249,78,0,0
253775,1,27,2113,93,0,38,173319.88,149861,249,78,0,0
253876,1,28,2138,89,0,38,173320.91,149861,249,78,0,0
253975,1,28,2200,85,0,38,173320.91,149861,249,78,0,0
254136,1,28,2196,81,0,38,173320.91,149861,249,78,0,0
254269,1,30,2268,77,0,38,173320.91,149861,249,78,0,0
254375,1,30,2277,77,0,38,173320.91,149861,249,78,0,0
254476,1,30,2318,77,0,38,173320.91,149861,249,78,0,0
254629,1,30,2311,74,0,38,173320.91,149861,249,78,0,0
254750,1,31,2362,74,0,38,173321.94,149861,249,78,0,0
254876,1,31,2399,71,0,38,173321.94,149861,249,78,0,0
254975,1,32,2407,64,0,38,173321.94,149861,249,78,0,0
254975,1,32,2407,64,0,38,173321.94,149861,249,78,0,0
255229,1,32,2447,41,0,38,173321.94,149861,249,78,0,0
255350,1,32,2375,24,0,38,173321.94,149861,249,78,0,0
255476,1,32,2407,10,0,38,173321.94,149861,249,78,0,0
255622,1,32,2376,2,0,38,173322.95,149861,249,78,0,0
255729,1,32,2452,0,0,38,173322.95,149861,249,78,0,0
255850,1,32,2424,0,0,38,173322.95,149861,249,78,0,0
255975,1,32,2420,0,0,38,173322.95,149861,249,78,0,0
256020,1,32,2421,0,0,38,173322.95,149861,249,78,0,0
256220,1,32,2389,0,0,38,173322.95,149861,249,78,0,0
256329,1,31,2373,0,0,38,173322.95,149861,249,78,0,0
256450,1,31,2388,3,0,38,173322.95,149861,249,78,0,0
256475,1,31,2388,3,0,38,173322.95,149861,249,78,0,0
256695,1,31,2376,9,0,38,173322.95,149861,249,78,0,0
256775,1,31,2361,12,0,38,173322.95,149861,249,78,0,0
256928,1,31,2361,14,0,38,173322.95,149861,249,78,0,0
257020,1,31,2366,14,0,38,173322.95,149861,249,78,0,0
257150,1,31,2366,14,0,38,173322.95,149861,249,78,0,0
257275,1,31,2340,14,0,38,173322.95,149861,249,78,0,0
257376,1,31,2308,14,0,38,173322.95,149861,249,78,0,0
257476,1,31,2306,14,0,38,173322.95,149861,249,78,0,0
257628,1,31,2337,14,0,38,173322.95,149861,249,78,0,0
257769,1,31,2310,14,0,38,173323.97,149861,249,78,0,0
257876,1,31,2310,14,0,38,173323.97,149861,249,78,0,0
257975,1,31,2310,12,0,38,173323.97,149861,249,78,0,0
258133,1,31,2310,12,0,38,173323.97,149861,249,78,0,0
258249,1,31,2331,12,0,38,173323.97,149861,249,78,0,0
258375,1,30,2330,12,0,38,173323.97,149861,249,78,0,0
258476,1,30,2329,12,0,38,173323.97,149861,249,78,0,0
258476,1,30,2329,12,0,38,173323.97,149861,249,78,0,0
258750,1,30,2333,12,0,38,173323.97,149861,249,78,0,0
258870,1,30,2333,12,0,38,173323.97,149861,249,78,0,0
258975,1,30,2334,12,0,38,173323.97,149861,249,78,0,0
258975,1,30,2334,12,0,38,173323.97,149861,249,78,0,0
259228,1,30,2327,9,0,38,173323.97,149861,249,78,0,0
259349,1,30,2325,9,0,38,173323.97,149861,249,78,0,0
259476,1,30,2291,9,0,38,173323.97,149861,249,78,0,0
259538,1,30,2294,9,0,38,173323.97,149861,249,78,0,0
259694,1,30,2294,9,0,38,173323.97,149861,249,78,0,0
259829,1,30,2327,9,0,38,173325.00,149861,249,78,0,0
259949,1,30,2323,9,0,38,173325.00,149861,249,78,0,0
259976,1,30,2323,9,0,38,173325.00,149861,249,78,0,0
260194,1,30,2289,9,0,38,173325.00,149861,249,78,0,0
260274,1,30,2289,9,0,38,173325.00,149861,249,78,0,0
260428,1,30,2292,9,0,38,173325.00,149861,249,78,0,0
260535,1,30,2293,9,0,38,173325.00,149861,249,78,0,0
260649,1,30,2293,9,0,38,173325.00,149861,249,78,0,0
260775,1,30,2293,9,0,38,173325.00,149861,249,78,0,0
260875,1,30,2291,9,0,38,173325.00,149861,249,78,0,0
260975,1,30,2289,9,0,38,173325.00,149861,249,78,0,0
261131,1,30,2288,9,0,38,173325.00,149861,249,78,0,0
261275,1,30,2286,9,0,38,173325.00,149861,249,78,0,0
261375,1,30,2289,9,0,38,173325.00,149861,249,78,0,0
261476,1,30,2290,9,0,38,173325.00,149861,249,78,0,0
261628,1,30,2258,9,0,38,173325.00,149861,249,78,0,0
261749,1,30,2258,9,0,38,173325.00,149861,249,78,0,0
261876,1,30,2256,9,0,38,173325.00,149861,249,78,0,0
261975,1,30,2255,0,0,38,173326.00,149861,249,78,0,0
262131,1,30,2254,0,0,38,173326.00,149861,249,78,0,0
262249,1,29,2253,0,0,38,173326.00,149861,249,78,0,0
262370,1,29,2255,0,0,38,173326.00,149861,249,78,0,0
262489,1,29,2223,0,0,38,173326.00,149861,249,78,0,0
262534,1,29,2223,0,0,38,173326.00,149861,249,78,0,0
262728,1,29,2225,0,0,38,173326.00,149861,249,78,0,0
262829,1,29,2188,0,0,38,173326.00,149861,249,78,0,0
262949,1,29,2190,0,0,38,173326.00,149861,249,78,0,0
262974,1,29,2158,0,0,38,173326.00,149861,249,78,0,0
263195,1,28,2174,0,0,38,173326.00,149861,249,78,0,0
263320,1,28,2142,0,0,38,173326.00,149861,249,78,0,0
263428,1,28,2142,0,0,38,173326.00,149861,249,78,0,0
263536,1,28,2106,0,0,38,173326.00,149861,249,78,0,0
263649,1,28,2106,0,0,38,173326.00,149861,249,78,0,0
263775,1,27,2094,0,0,38,173326.00,149861,249,78,0,0
263875,1,27,2077,0,0,38,173326.00,149861,249,78,0,0
263975,1,27,2062,0,0,38,173326.00,149861,249,78,0,0
264130,1,27,2048,0,0,38,173326.00,149861,249,78,0,0
264275,1,27,2016,0,0,38,173326.00,149861,249,78,0,0
264376,1,26,1984,0,0,38,173326.00,149861,249,78,0,0
264488,1,26,1984,0,0,38,173326.00,149861,249,78,0,0
264642,1,26,1984,0,0,38,173326.00,149861,249,78,0,0
264749,1,26,1952,0,0,38,173326.00,149861,249,78,0,0
264876,1,25,1920,0,0,38,173326.00,149861,249,78,0,0
264975,1,25,1920,0,0,38,173326.00,149861,249,78,0,0
265129,1,25,1920,0,0,38,173326.00,149861,249,78,0,0
265249,1,25,1856,0,0,38,173326.00,149861,249,78,0,0
265375,1,25,1856,0,0,38,173326.00,149861,249,78,0,0
265476,1,24,1824,0,0,38,173326.00,149861,249,78,0,0
265641,1,23,1792,0,0,38,173326.00,149861,249,78,0,0
265749,1,23,1760,0,0,38,173326.00,149861,249,78,0,0
265876,1,23,1792,0,0,38,173326.00,149861,249,78,0,0
265975,1,24,1792,0,0,38,173326.00,149861,249,78,0,0
266128,1,24,1792,0,0,38,173326.00,149861,249,78,0,0
266249,1,23,1728,0,0,38,173326.00,149861,249,78,0,0
266376,1,22,1696,0,0,38,173326.00,149861,249,78,0,0
266477,1,22,1696,0,0,38,173326.00,149861,249,78,0,0
266535,1,22,1696,0,0,38,173326.00,149861,249,78,0,0
266749,1,22,1664,2,0,38,173326.00,149861,249,78,0,0
266849,1,22,1664,4,0,38,173326.00,149861,249,78,0,0
266975,1,22,1689,6,0,38,173326.00,149861,249,78,0,0
267020,1,22,1648,6,0,38,173326.00,149861,249,78,0,0
267228,1,22,1662,13,0,38,173326.00,149861,249,78,0,0
267331,1,21,1634,14,0,38,173326.00,149861,249,78,0,0
267460,1,21,1693,16,0,38,173326.00,149861,249,78,0,0
267474,1,21,1693,16,0,38,173326.00,149861,249,78,0,0
267694,1,22,1611,16,0,38,173326.00,149861,249,78,0,0
267814,1,22,1648,17,0,38,173326.00,149861,249,78,0,0
267930,1,21,1683,17,0,38,173326.00,149861,249,78,0,0
268025,1,22,1650,17,0,38,173326.00,149861,249,78,0,0
268153,1,22,1650,17,0,38,173326.00,149861,249,78,0,0
268275,1,22,1650,8,0,38,173327.02,149861,249,78,0,0
268477,1,22,1609,0,0,38,173327.02,149861,249,78,0,0
268649,1,21,1628,0,0,38,173327.02,149861,249,78,0,0
268775,1,21,1650,0,0,38,173327.02,149861,249,78,0,0
268875,1,21,1618,0,0,38,173327.02,149861,249,78,0,0
268975,1,21,1617,0,0,38,173327.02,149861,249,78,0,0
269131,1,21,1616,0,0,38,173327.02,149861,249,78,0,0
269275,1,21,1626,0,20,38,173327.02,149861,249,78,0,0
269376,1,21,1578,0,18,38,173327.02,149861,249,78,0,0
269477,1,20,1560,0,28,38,173327.02,149861,249,78,0,0
269649,1,20,1538,0,32,38,173327.02,149861,249,78,0,0
269775,1,20,1531,0,42,38,173327.02,149861,249,78,0,0
269876,1,19,1467,0,44,38,173327.02,149861,249,78,0,0
269975,1,19,1462,0,50,38,173327.02,149861,249,78,0,0
270151,1,19,1415,0,50,38,173327.02,149861,249,78,0,0
270275,1,18,1313,0,64,38,173327.02,149861,249,78,0,0
270375,1,17,1317,0,66,38,173327.02,149861,249,78,0,0
270476,1,17,1283,0,78,38,173327.02,149861,249,78,0,0
270638,1,17,1285,0,78,38,173327.02,149861,249,78,0,0
270749,1,15,1255,0,106,38,173327.02,149861,249,78,0,0
270875,1,15,1223,0,104,38,173327.02,149861,249,78,0,0
270975,1,14,1225,0,104,38,173327.02,149861,249,78,0,0
270975,1,14,1225,0,104,38,173327.02,149861,249,78,0,0
271249,1,12,1192,0,104,38,173327.02,149861,249,78,0,0
271375,1,11,1161,0,100,38,173327.02,149861,249,78,0,0
271477,1,11,1160,0,100,38,173327.02,149861,249,78,0,0
271637,1,11,1160,0,100,38,173327.02,149861,249,78,0,0
271749,1,9,1161,0,100,38,173327.02,149861,249,78,0,0
271875,1,8,1129,0,92,38,173327.02,149861,249,78,0,0
271975,1,8,1130,0,88,38,173328.03,149861,249,78,0,0
271975,1,8,1130,0,88,38,173328.03,149861,249,78,0,0
272230,1,8,1099,0,70,38,173328.03,149861,249,78,0,0
272349,1,6,1100,0,56,38,173328.03,149861,249,78,0,0
272474,1,5,1099,0,52,38,173328.03,149861,249,79,0,0
272535,1,5,1068,0,50,38,173328.03,149861,249,79,0,0
272705,1,5,1067,0,26,38,173328.03,149861,249,79,0,0
272814,1,5,1067,0,20,38,173328.03,149861,249,79,0,0
272949,1,4,1067,0,2,38,173328.03,149861,249,79,0,0
272975,1,4,1067,0,2,38,173328.03,149861,249,79,0,0
273150,1,4,1035,0,2,38,173328.03,149861,249,79,0,0
273275,1,4,1035,0,10,38,173328.03,149861,249,79,0,0
273422,1,4,1035,0,10,38,173328.03,149861,249,79,0,0
273476,1,4,1035,0,10,38,173328.03,149861,249,79,0,0
273649,1,4,1035,0,10,38,173328.03,149861,249,79,0,0
273775,1,4,1002,0,18,38,173328.03,149861,249,79,0,0
273875,1,4,1002,0,18,38,173328.03,149861,249,79,0,0
273975,1,4,1002,0,20,38,173328.03,149861,249,79,0,0
274149,1,4,1002,0,20,38,173328.03,149861,249,79,0,0
274275,1,3,968,0,54,38,173328.03,149861,249,79,0,0
274375,1,3,964,0,52,38,173328.03,149861,249,79,0,0
274477,1,3,931,0,50,38,173328.03,149861,249,79,0,0
274636,1,3,930,0,50,38,173328.03,149861,249,79,0,0
274749,1,0,896,0,32,38,173328.03,149861,249,79,0,0
274875,1,0,895,0,30,38,173328.03,149861,249,79,0,0
274975,1,0,893,0,2,38,173328.03,149861,249,79,0,0
274975,1,0,893,0,2,38,173328.03,149861,249,79,0,0
275230,1,0,861,0,0,38,173328.03,149861,249,79,0,0
275330,1,0,862,0,0,38,173328.03,149861,249,79,0,0
275460,1,0,863,0,0,38,173328.03,149861,249,79,0,0
275478,1,0,863,0,0,38,173328.03,149861,249,79,0,0
275704,1,0,861,0,0,38,173329.03,149861,249,79,0,0
275814,1,0,861,0,0,38,173329.03,149861,249,79,0,0
275933,1,0,860,0,0,38,173329.03,149861,249,79,0,0
275975,1,0,860,0,4,38,173329.03,149861,249,79,0,0
276149,1,0,861,0,4,38,173329.03,149861,249,79,0,0
276275,1,0,859,0,6,38,173329.03,149861,249,79,0,0
276375,1,0,857,0,6,38,173329.03,149861,249,79,0,0
276475,1,0,858,0,12,38,173329.03,149861,249,79,0,0
276649,1,0,857,0,12,38,173329.03,149861,249,79,0,0
276775,1,0,857,0,22,38,173329.03,149861,249,79,0,0
276875,1,0,857,0,28,38,173329.03,149861,249,79,0,0
276975,1,0,857,0,36,38,173329.03,149861,249,79,0,0
276975,1,0,857,0,36,38,173329.03,149861,249,79,0,0
277249,1,0,857,0,58,38,173329.03,149861,249,79,0,0
277375,1,0,857,0,2,38,173329.03,149861,249,79,0,0
277477,1,0,857,0,2,38,173329.03,149861,249,79,0,0
277522,1,0,857,0,2,38,173329.03,149861,249,79,0,0
277730,1,0,857,0,12,38,173329.03,149861,249,79,0,0
277849,1,0,856,0,14,38,173329.03,149861,249,79,0,0
277951,1,0,856,0,14,38,173329.03,149861,249,79,0,0
277975,1,0,856,0,32,38,173329.03,149861,249,79,0,0
278197,1,0,856,0,138,38,173329.03,149861,249,79,0,0
278322,1,0,855,0,216,38,173329.03,149861,249,79,0,0
278432,1,0,855,0,262,38,173329.03,149861,249,79,0,0
278550,1,0,856,0,278,38,173329.03,149861,249,79,0,0
278675,1,0,856,0,282,38,173329.03,149861,249,79,0,0
278775,1,0,856,0,284,38,173329.03,149861,249,79,0,0
278875,1,0,857,0,288,38,173329.03,149861,249,79,0,0
278975,1,0,856,0,292,38,173329.03,149861,249,79,0,0
279149,1,0,856,0,292,38,173329.03,149861,249,79,0,0
279275,1,0,856,0,300,38,173329.03,149861,249,79,0,0
279375,1,0,855,0,300,38,173329.03,149861,249,79,0,0
279476,1,0,856,0,302,38,173329.03,149861,249,79,0,0
279551,1,0,855,0,302,38,173329.03,149861,249,79,0,0
279749,1,0,855,0,304,38,173329.03,149861,249,79,0,0
279849,1,0,854,0,304,38,173329.03,149861,249,79,0,0
279975,1,0,853,0,304,38,173330.03,149861,249,79,0,0
279975,1,0,853,0,304,38,173330.03,149861,249,79,0,0
280175,1,0,852,0,304,38,173330.03,149861,249,79,0,0
280331,1,0,852,0,304,38,173330.03,149861,249,79,0,0
280450,1,0,852,0,294,38,173330.03,149861,249,79,0,0
280476,1,0,852,0,260,38,173330.03,149861,249,79,0,0
280672,1,0,856,0,260,38,173330.03,149861,249,79,0,0
280775,1,0,857,0,170,38,173330.03,149861,249,79,0,0
280922,1,0,825,0,162,38,173330.03,149861,249,79,0,0
281022,1,0,826,0,156,38,173330.03,149861,249,79,0,0
281022,1,0,826,0,156,38,173330.03,149861,249,79,0,0
281275,1,0,824,0,2,38,173330.03,149861,249,79,0,0
281375,1,0,825,0,0,38,173330.03,149861,249,79,0,0
281522,1,0,828,0,0,38,173330.03,149861,249,79,0,0
281657,1,0,860,0,0,38,173330.03,149861,249,79,0,0
281775,1,0,1009,0,0,38,173330.03,149861,249,80,0,0
281874,1,0,1161,0,0,38,173330.03,149861,249,80,0,0
281975,1,0,1152,0,0,38,173330.03,149861,249,80,0,0
282049,1,0,1176,0,0,38,173330.03,149861,249,80,0,0
282249,1,0,1095,0,0,38,173330.03,149861,249,80,0,0
282349,1,0,1064,0,0,38,173330.03,149861,249,80,0,0
282475,1,0,1067,0,0,38,173330.03,149861,249,80,0,0
282529,1,0,1111,0,0,38,173330.03,149861,249,80,0,0
282722,1,0,1201,0,0,38,173330.03,149861,249,80,0,0
282830,1,0,1172,0,0,38,173331.08,149861,249,80,0,0
282950,1,0,1101,0,0,38,173331.08,149861,249,80,0,0
283041,1,0,1065,0,0,38,173331.08,149861,249,80,0,0
283175,1,0,1077,0,0,38,173331.08,149861,249,80,0,0
283314,1,3,1049,0,0,38,173331.08,149861,249,80,0,0
283431,1,4,1027,0,0,38,173331.08,149861,249,80,0,0
283528,1,4,1030,0,0,38,173331.08,149861,252,80,0,0
283671,1,5,1033,0,0,38,173331.08,149861,252,80,0,0
283775,1,6,1033,0,0,38,173331.08,149861,252,80,0,0
283874,1,7,1034,0,0,38,173331.08,149861,252,80,0,0
283974,1,7,1034,0,0,38,173331.08,149861,252,80,0,0
284149,1,8,1064,0,0,38,173332.11,149861,252,80,0,0
284274,1,8,1125,0,0,38,173332.11,149861,252,80,0,0
284375,1,8,1147,0,0,38,173332.11,149861,252,80,0,0
284477,1,8,1146,1,0,38,173332.11,149861,252,80,0,0
284655,1,8,1194,11,0,38,173332.11,149861,252,80,0,0
284772,1,8,1300,30,0,38,173332.11,149861,252,80,0,0
284874,1,8,1270,43,0,38,173332.11,149861,252,80,0,0
284974,1,9,1211,43,0,38,173332.11,149861,252,80,0,0
285047,1,9,1216,51,0,38,173332.11,149861,252,80,0,0
285249,1,9,1400,63,0,38,173332.11,149861,252,80,0,0
285374,1,10,1413,63,0,38,173332.11,149861,252,80,0,0
285476,1,10,1478,63,0,38,173332.11,149861,252,80,0,0
285530,1,10,1511,63,0,38,173332.11,149861,252,80,0,0
285730,1,11,1636,64,0,38,173333.16,149861,252,80,0,0
285849,1,12,1698,65,0,38,173333.16,149861,252,80,0,0
285949,1,12,1729,65,0,38,173333.16,149861,252,80,0,0
286022,1,12,1794,65,0,38,173333.16,149861,252,80,0,0
286195,1,13,1894,65,0,38,173333.16,149861,252,80,0,0
286322,1,13,1964,66,0,38,173333.16,149861,252,80,0,0
286434,1,14,2062,86,0,38,173333.16,149861,252,80,0,0
286475,1,14,2094,86,0,38,173333.16,149861,252,80,0,0
286654,1,14,2152,89,0,38,173333.16,149861,252,80,0,0
286775,1,16,2352,89,0,38,173334.23,149861,252,80,0,0
286874,1,17,2445,86,0,38,173334.23,149861,252,80,0,0
287021,1,17,2570,85,0,38,173334.23,149861,252,80,0,0
287149,1,19,2570,80,0,38,173334.23,149861,252,80,0,0
287274,1,19,2751,69,0,38,173334.23,149861,252,80,0,0
287374,1,20,2802,66,0,38,173335.28,149861,252,80,0,0
287475,1,20,2873,54,0,38,173335.28,149861,252,80,0,0
287653,1,20,2830,28,0,38,173335.28,149861,252,80,0,0
287774,1,20,2696,0,0,38,173335.28,149861,252,80,0,0
287874,1,20,2566,0,0,38,173335.28,149861,252,80,0,0
287975,1,20,2377,0,0,38,173335.28,149861,252,80,0,0
287975,1,20,2377,0,0,38,173335.28,149861,252,80,0,0
288249,1,20,2165,0,0,38,173335.28,149861,252,80,0,0
288349,1,20,2089,0,0,38,173335.28,149861,252,81,0,0
288474,1,20,1998,0,0,38,173335.28,149861,252,81,0,0
288569,1,20,1932,0,0,38,173335.28,149861,252,81,0,0
288721,1,20,1784,0,0,38,173335.28,149861,252,81,0,0
288830,1,20,1726,0,0,38,173335.28,149861,252,81,0,0
288949,1,20,1634,0,0,38,173335.28,149861,252,81,0,0
289021,1,20,1598,0,0,38,173335.28,149861,252,81,0,0
289194,1,20,1498,0,0,38,173335.28,149861,252,81,0,0
289314,1,20,1525,0,0,38,173335.28,149861,252,81,0,0
289430,1,20,1566,22,0,38,173335.28,149861,252,81,0,0
289476,1,20,1534,22,0,38,173335.28,149861,252,81,0,0
289652,1,20,1541,45,0,38,173335.28,149861,252,81,0,0
289774,1,20,1550,101,0,38,173336.30,149861,252,81,0,0
289922,1,20,1608,101,0,38,173336.30,149861,252,81,0,0
290021,1,21,1647,114,0,38,173336.30,149861,252,81,0,0
290165,1,21,1647,114,0,38,173336.30,149861,252,81,0,0
290274,1,22,1744,114,0,38,173336.30,149861,252,81,0,0
290374,1,23,1790,114,0,38,173336.30,149861,252,81,0,0
290530,1,23,1845,103,0,38,173337.30,149861,252,81,0,0
290549,1,24,1845,103,0,38,173337.30,149861,252,81,0,0
290771,1,25,1932,95,0,38,173337.30,149861,252,81,0,0
290874,1,26,1986,95,0,38,173337.30,149861,252,81,0,0
290974,1,26,2035,95,0,38,173337.30,149861,252,81,0,0
291081,1,27,2079,95,0,38,173338.38,149861,252,81,0,0
291248,1,28,2133,91,0,38,173338.38,149861,252,81,0,0
291374,1,28,2160,88,0,38,173338.38,149861,252,81,0,0
291475,1,29,2184,87,0,38,173338.38,149861,252,81,0,0
291530,1,29,2235,87,0,38,173338.38,149861,252,81,0,0
291730,1,29,2281,85,0,38,173339.44,149861,252,81,0,0
291848,1,30,2273,84,0,38,173339.44,149861,252,81,0,0
291948,1,30,2331,81,0,38,173339.44,149861,252,81,0,0
292030,1,30,2364,80,0,38,173339.44,149861,252,81,0,0
292194,1,31,2364,80,0,38,173339.44,149861,252,81,0,0
292330,1,31,2424,67,0,38,173339.44,149861,252,81,0,0
292449,1,32,2418,52,0,38,173340.45,149861,252,81,0,0
292530,1,32,2431,47,0,38,173340.45,149861,252,81,0,0
292676,1,32,2463,47,0,38,173340.45,149861,252,81,0,0
292821,1,32,2462,31,0,38,173340.45,149861,252,81,0,0
292943,1,32,2442,8,0,38,173340.45,149861,252,81,0,0
293030,1,32,2436,8,0,38,173340.45,149861,252,81,0,0
293188,1,32,2436,8,0,38,173340.45,149861,252,81,0,0
293274,1,32,2459,4,0,38,173340.45,149861,252,81,0,0
293431,1,32,2490,0,0,38,173340.45,149861,252,81,0,0
293530,1,32,2425,0,0,38,173340.45,149861,252,81,0,0
293675,1,32,2361,0,0,38,173340.45,149861,252,81,0,0
293774,1,32,2048,0,0,38,173340.45,149861,252,81,0,0
293874,1,32,1935,0,0,38,173340.45,149861,252,81,0,0
294030,1,32,1780,0,0,38,173340.45,149861,252,81,0,0
294030,1,32,1780,0,0,38,173340.45,149861,252,81,0,0
294274,1,32,1630,0,0,38,173340.45,149861,252,81,0,0
294374,1,32,1598,0,0,38,173340.45,149861,252,81,0,0
294521,1,32,1527,0,0,38,173341.47,149861,252,81,0,0
294530,1,32,1527,0,0,38,173341.47,149861,252,81,0,0
294774,1,32,1584,0,0,38,173341.47,149861,252,81,0,0
294879,1,32,1740,0,0,38,173341.47,149861,252,81,0,0
294974,1,32,1708,4,0,38,173341.47,149861,252,81,0,0
295038,1,32,1710,10,0,38,173341.47,149861,252,81,0,0
295248,1,32,1690,40,0,38,173341.47,149861,252,81,0,0
295371,1,32,1749,63,0,38,173341.47,149861,252,81,0,0
295476,1,32,1755,65,0,38,173341.47,149861,252,81,0,0
295530,1,32,1715,65,0,38,173341.47,149861,252,81,0,0
295730,1,32,1748,65,0,38,173341.47,149861,252,81,0,0
295848,1,32,1715,65,0,38,173341.47,149861,252,81,0,0
295948,1,32,1734,65,0,38,173341.47,149861,252,81,0,0
296050,1,33,1759,65,0,38,173341.47,149861,252,81,0,0
296174,1,33,1791,65,0,38,173341.47,149861,252,81,0,0
296321,1,33,1790,65,0,38,173342.50,149861,252,81,0,0
296444,1,33,1789,65,0,38,173342.50,149861,252,81,0,0
296565,1,33,1789,64,0,38,173342.50,149861,252,81,0,0
296674,1,33,1821,64,0,38,173342.50,149861,252,81,0,0
296813,1,34,1792,38,0,38,173342.50,149861,252,81,0,0
296930,1,34,1805,38,0,38,173342.50,149861,252,81,0,0
297048,1,34,1802,35,0,38,173342.50,149861,252,81,0,0
297193,1,34,1808,35,0,38,173342.50,149861,252,81,0,0
297313,1,34,1843,23,0,38,173342.50,149861,252,81,0,0
297430,1,34,1828,16,0,38,173342.50,149861,252,81,0,0
297530,1,34,1852,10,0,38,173342.50,149861,252,81,0,0
297674,1,34,1852,10,0,38,173343.52,149861,252,81,0,0
297774,1,34,1831,0,0,38,173343.52,149861,252,81,0,0
297874,1,34,1821,0,0,38,173343.52,149861,252,81,0,0
298029,1,34,1815,0,0,38,173343.52,149861,252,81,0,0
298029,1,34,1815,0,0,38,173343.52,149861,252,81,0,0
298274,1,34,1813,0,0,38,173343.52,149861,252,81,0,0
298374,1,34,1814,0,0,38,173343.52,149861,252,81,0,0
298522,1,34,1815,0,0,38,173343.52,149861,252,81,0,0
298536,1,34,1815,0,0,38,173343.52,149861,252,81,0,0
298774,1,33,1768,0,0,38,173343.52,149861,252,81,0,0
298877,1,33,1768,0,0,38,173343.52,149861,252,81,0,0
298974,1,33,1768,0,0,38,173343.52,149861,252,81,0,0
299048,1,33,1773,0,0,38,173343.52,149861,252,81,0,0
299248,1,33,1741,0,0,38,173343.52,149861,252,81,0,0
299371,1,33,1728,0,0,38,173343.52,149861,252,81,0,0
299475,1,33,1741,0,0,38,173343.52,149861,252,81,0,0
299521,1,33,1754,0,0,38,173343.52,149861,252,81,0,0
299721,1,33,1754,0,0,38,173343.52,149861,252,81,0,0
299830,1,32,1710,0,0,38,173343.52,149861,252,81,0,0
299948,1,32,1708,0,0,38,173343.52,149861,252,81,0,0
300048,1,32,1664,0,0,38,173343.52,149861,252,81,0,0
300193,1,32,1696,0,0,38,173343.52,149861,252,81,0,0
300330,1,32,1664,3,0,38,173343.52,149861,252,81,0,0
300451,1,32,1664,6,0,38,173343.52,149861,252,81,0,0
300530,1,32,1683,11,0,38,173343.52,149861,252,81,0,0
300674,1,31,1715,11,0,38,173343.52,149861,252,81,0,0
300813,1,31,1674,18,0,38,173343.52,149861,252,81,0,0
300931,1,31,1713,18,0,38,173343.52,149861,252,81,0,0
301048,1,31,1649,18,0,38,173343.52,149861,252,81,0,0
301183,1,31,1681,18,0,38,173343.52,149861,252,81,0,0
301313,1,31,1682,18,0,38,173343.52,149861,252,81,0,0
301430,1,31,1681,20,0,38,173343.52,149861,252,81,0,0
301548,1,31,1681,22,0,38,173343.52,149861,252,81,0,0
301548,1,31,1681,22,0,38,173343.52,149861,252,81,0,0
301774,1,31,1690,24,0,38,173343.52,149861,252,81,0,0
301921,1,31,1666,24,0,38,173344.55,149861,252,81,0,0
302030,1,31,1667,24,0,38,173344.55,149861,252,81,0,0
302171,1,32,1666,24,0,38,173344.55,149861,252,81,0,0
302274,1,32,1665,24,0,38,173344.55,149861,252,81,0,0
302374,1,32,1665,24,0,38,173344.55,149861,252,81,0,0
302530,1,32,1665,26,0,38,173344.55,149861,252,81,0,0
302669,1,32,1697,26,0,38,173344.55,149861,252,81,0,0
302774,1,32,1698,31,0,38,173344.55,149861,252,81,0,0
302874,1,32,1704,31,0,38,173344.55,149861,252,81,0,0
303021,1,32,1712,32,0,38,173344.55,149861,252,81,0,0
303073,1,32,1712,33,0,38,173344.55,149861,252,81,0,0
303248,1,32,1714,35,0,38,173344.55,149861,252,81,0,0
303374,1,32,1708,35,0,38,173344.55,149861,252,81,0,0
303476,1,32,1710,36,0,38,173344.55,149861,252,81,0,0
303530,1,32,1743,36,0,38,173344.55,149861,252,81,0,0
303730,1,32,1744,37,0,38,173345.58,149861,252,81,0,0
303848,1,33,1744,37,0,38,173345.58,149861,252,81,0,0
303974,1,33,1747,37,0,38,173345.58,149861,252,81,0,0
304048,1,33,1781,37,0,38,173345.58,149861,252,81,0,0
304193,1,33,1781,37,0,38,173345.58,149861,252,81,0,0
304330,1,33,1778,37,0,38,173345.58,149861,252,81,0,0
304459,1,33,1778,37,0,38,173345.58,149861,252,81,0,0
304563,1,33,1781,37,0,38,173345.58,149861,252,81,0,0
304694,1,33,1783,37,0,38,173345.58,149861,252,81,0,0
304830,1,33,1784,37,0,38,173345.58,149861,252,81,0,0
304948,1,33,1784,37,0,38,173345.58,149861,252,81,0,0
305068,1,34,1785,37,0,38,173345.58,149861,252,81,0,0
305181,1,34,1785,37,0,38,173345.58,149861,252,81,0,0
305313,1,34,1815,37,0,38,173345.58,149861,252,81,0,0
305430,1,34,1816,37,0,38,173346.59,149861,252,81,0,0
305548,1,34,1819,37,0,38,173346.59,149861,252,81,0,0
305693,1,34,1820,37,0,38,173346.59,149861,252,81,0,0
305813,1,34,1853,37,0,38,173346.59,149861,252,81,0,0
305932,1,34,1824,37,0,38,173346.59,149861,252,81,0,0
306030,1,34,1824,37,0,38,173346.59,149861,252,81,0,0
306171,1,34,1825,37,0,38,173346.59,149861,252,81,0,0
306275,1,35,1825,37,0,38,173346.59,149861,252,81,0,0
306374,1,35,1858,37,0,38,173346.59,149861,252,81,0,0
306530,1,35,1857,37,0,38,173346.59,149861,252,81,0,0
306674,1,35,1858,37,0,38,173346.59,149861,252,81,0,0
306774,1,35,1859,37,0,38,173347.61,149861,252,81,0,0
306922,1,35,1859,37,0,38,173347.61,149861,252,81,0,0
307030,1,35,1860,37,0,38,173347.61,149861,252,81,0,0
307180,1,35,1892,37,0,38,173347.61,149861,252,81,0,0
307274,1,36,1889,34,0,38,173347.61,149861,252,81,0,0
307421,1,36,1917,32,0,38,173347.61,149861,252,81,0,0
307530,1,36,1908,30,0,38,173347.61,149861,252,81,0,0
307548,1,36,1908,30,0,38,173347.61,149861,252,81,0,0
307774,1,36,1932,29,0,38,173347.61,149861,252,81,0,0
307875,1,36,1930,27,0,38,173347.61,149861,252,81,0,0
308030,1,36,1935,23,0,38,173347.61,149861,252,81,0,0
308070,1,36,1935,23,0,38,173347.61,149861,252,81,0,0
308274,1,36,1930,21,0,38,173347.61,149861,252,81,0,0
308374,1,36,1926,20,0,38,173347.61,149861,252,81,0,0
308522,1,36,1922,20,0,38,173348.62,149861,252,81,0,0
308558,1,36,1922,20,0,38,173348.62,149861,252,81,0,0
308775,1,36,1920,20,0,38,173348.62,149861,252,81,0,0
308874,1,36,1951,20,0,38,173348.62,149861,252,81,0,0
308975,1,36,1951,20,0,38,173348.62,149861,252,81,0,0
309070,1,36,1951,20,0,38,173348.62,149861,252,81,0,0
309248,1,37,1951,20,0,38,173348.62,149861,252,81,0,0
309348,1,37,1951,20,0,38,173348.62,149861,252,81,0,0
309477,1,37,1920,19,0,38,173348.62,149861,252,81,0,0
309582,1,37,1949,19,0,38,173348.62,149861,252,81,0,0
309693,1,37,1977,19,0,38,173348.62,149861,252,81,0,0
309848,1,37,1974,23,0,38,173348.62,149861,252,81,0,0
309948,1,37,1974,26,0,38,173348.62,149861,252,81,0,0
310048,1,37,1978,27,0,38,173348.62,149861,252,81,0,0
310193,1,37,1978,27,0,38,173348.62,149861,252,81,0,0
310331,1,37,1962,27,0,38,173348.62,149861,252,82,0,0
310448,1,37,1962,27,0,38,173348.62,149861,252,82,0,0
310530,1,37,1963,27,0,38,173349.66,149861,252,82,0,0
310874,1,37,1958,27,0,38,173349.66,149861,252,82,0,0
310975,1,37,1990,27,0,38,173349.66,149861,252,82,0,0
311068,1,37,1990,27,0,38,173349.66,149861,252,82,0,0
311230,1,37,1988,27,0,38,173349.66,149861,252,82,0,0
311348,1,38,1988,27,0,38,173349.66,149861,252,82,0,0
311475,1,38,1992,27,0,38,173349.66,149861,252,82,0,0
311531,1,38,1994,27,0,38,173349.66,149861,252,82,0,0
311707,1,38,2027,27,0,38,173349.66,149861,252,82,0,0
311830,1,38,2028,24,0,38,173349.66,149861,252,82,0,0
311948,1,38,1992,24,0,38,173349.66,149861,252,82,0,0
312030,1,38,2020,22,0,38,173349.66,149861,252,82,0,0
312176,1,38,2020,22,0,38,173349.66,149861,252,82,0,0
312313,1,38,2045,0,0,38,173349.66,149861,252,82,0,0
312431,1,38,2014,0,0,38,173349.66,149861,252,82,0,0
312530,1,38,2009,0,0,38,173350.67,149861,252,82,0,0
312774,1,38,2010,0,0,38,173350.67,149861,252,82,0,0
312874,1,38,2010,0,0,38,173350.67,149861,252,82,0,0
312974,1,38,2011,0,0,38,173350.67,149861,252,82,0,0
313048,1,38,2015,0,0,38,173350.67,149861,252,82,0,0
313248,1,37,1994,0,0,38,173350.67,149861,252,82,0,0
313348,1,37,2001,0,0,38,173350.67,149861,252,82,0,0
313475,1,37,1979,0,0,38,173350.67,149861,255,82,0,0
313561,1,37,1997,0,0,38,173350.67,149861,255,82,0,0
313722,1,37,1979,0,0,38,173350.67,149861,255,82,0,0
313830,1,37,1967,0,0,38,173350.67,149861,255,82,0,0
313948,1,37,1979,0,0,38,173350.67,149861,255,82,0,0
314030,1,37,1947,0,0,38,173350.67,149861,255,82,0,0
314177,1,37,1979,0,0,38,173350.67,149861,255,82,0,0
314322,1,36,1934,0,0,38,173350.67,149861,255,82,0,0
314445,1,36,1946,0,0,38,173350.67,149861,255,82,0,0
314548,1,36,1888,0,0,38,173350.67,149861,255,82,0,0
314774,1,36,1888,0,0,38,173350.67,149861,255,82,0,0
314875,1,36,1888,0,0,38,173350.67,149861,255,82,0,0
314975,1,36,1856,0,0,38,173350.67,149861,255,82,0,0
315048,1,36,1760,0,0,38,173350.67,149861,255,82,0,0
315248,1,36,1554,0,0,38,173350.67,149861,255,82,0,0
315375,1,35,1524,0,0,38,173350.67,149861,255,82,0,0
315475,1,35,1497,0,0,38,173350.67,149861,255,82,0,0
315548,1,35,1472,0,0,38,173350.67,149861,255,82,0,0
315730,1,35,1835,0,0,38,173350.67,149861,255,82,0,0
315848,1,34,2091,0,0,38,173350.67,149861,255,82,0,0
315948,1,34,2385,0,0,38,173350.67,149861,255,82,0,0
316067,1,34,2626,0,0,38,173350.67,149861,255,82,0,0
316176,1,34,2658,0,0,38,173350.67,149861,255,82,0,0
316322,1,34,2531,0,0,38,173350.67,149861,255,82,0,0
316449,1,34,2566,0,0,38,173350.67,149861,255,82,0,0
316578,1,34,2567,0,0,38,173350.67,149861,255,82,0,0
316748,1,34,2536,0,0,38,173350.67,149861,255,82,0,0
316875,1,34,2567,0,0,38,173351.70,149861,255,82,0,0
316975,1,34,2537,0,0,38,173351.70,149861,255,82,0,0
317048,1,34,2538,0,0,38,173351.70,149861,255,82,0,0
317250,1,34,2538,0,0,38,173351.70,149861,255,82,0,0
317372,1,33,2538,0,0,38,173351.70,149861,255,82,0,0
317477,1,33,2528,0,0,38,173351.70,149861,255,82,0,0
317575,1,33,2507,0,0,38,173351.70,149861,255,82,0,0
317724,1,33,2503,0,0,38,173351.70,149861,255,82,0,0
317848,1,33,2526,0,0,38,173351.70,149861,255,82,0,0
317975,1,33,2523,0,0,38,173351.70,149861,255,82,0,0
318075,1,33,2494,0,0,38,173351.70,149861,255,82,0,0
318224,1,33,2494,0,0,38,173351.70,149861,255,82,0,0
318423,1,32,2462,0,0,38,173351.70,149861,255,81,0,0
318548,1,32,2432,0,0,38,173351.70,149861,255,81,0,0
318562,1,32,2432,0,0,38,173351.70,149861,255,81,0,0
318775,1,32,2400,0,0,38,173351.70,149861,255,81,0,0
318875,1,32,2400,0,0,38,173351.70,149861,255,81,0,0
319022,1,31,2368,0,0,38,173351.70,149861,255,81,0,0
319047,1,31,2368,0,0,38,173351.70,149861,255,81,0,0
319248,1,31,2336,0,0,38,173351.70,149861,255,81,0,0
319375,1,31,2336,0,0,38,173351.70,149861,255,81,0,0
319476,1,31,2304,0,0,38,173351.70,149861,255,81,0,0
319575,1,31,2304,0,0,38,173351.70,149861,255,81,0,0
319723,1,31,2304,0,0,38,173351.70,149861,255,81,0,0
319848,1,30,2272,0,0,38,173351.70,149861,255,81,0,0
319975,1,30,2272,0,0,38,173351.70,149861,255,81,0,0
320063,1,30,2240,0,0,38,173351.70,149861,255,81,0,0
320275,1,29,2240,0,0,38,173351.70,149861,255,81,0,0
320376,1,29,2208,0,0,38,173351.70,149861,255,81,0,0
320533,1,29,2208,0,0,38,173351.70,149861,255,81,0,0
320575,1,29,2176,0,0,38,173351.70,149861,255,81,0,0
320775,1,29,2176,0,0,38,173351.70,149861,255,81,0,0
320875,1,28,2144,0,0,38,173351.70,149861,255,81,0,0
320975,1,28,2144,0,0,38,173351.70,149861,255,81,0,0
321048,1,28,2144,0,0,38,173351.70,149861,255,81,0,0
321248,1,28,2112,0,0,38,173351.70,149861,255,81,0,0
321348,1,28,2112,0,0,38,173351.70,149861,255,81,0,0
321475,1,28,2080,0,6,38,173351.70,149861,255,81,0,0
321575,1,27,2080,0,6,38,173351.70,149861,255,81,0,0
321723,1,27,2048,0,6,38,173351.70,149861,255,81,0,0
321848,1,27,2048,0,4,38,173351.70,149861,255,81,0,0
321972,1,27,2016,0,4,38,173351.70,149861,255,81,0,0
322076,1,27,2016,0,4,38,173351.70,149861,255,81,0,0
322275,1,26,1984,0,4,38,173351.70,149861,255,81,0,0
322375,1,26,1984,0,4,38,173351.70,149861,255,81,0,0
322533,1,26,1952,0,4,38,173351.70,149861,255,81,0,0
322576,1,26,1952,0,8,38,173351.70,149861,255,81,0,0
322748,1,25,1952,0,8,38,173351.70,149861,255,81,0,0
322875,1,25,1920,0,18,38,173351.70,149861,255,81,0,0
322975,1,25,1888,0,22,38,173351.70,149861,255,81,0,0
323076,1,25,1888,0,28,38,173351.70,149861,255,81,0,0
323232,1,25,1824,0,28,38,173351.70,149861,255,81,0,0
323375,1,24,1792,0,76,38,173351.70,149861,255,81,0,0
323475,1,23,1728,0,82,38,173351.70,149861,255,81,0,0
323576,1,22,1696,0,86,38,173351.70,149861,255,81,0,0
323733,1,22,1664,0,86,38,173351.70,149861,255,81,0,0
323847,1,21,1568,0,90,38,173351.70,149861,255,81,0,0
324063,1,19,1475,0,96,38,173351.70,149861,255,81,0,0
324094,1,19,1443,0,100,38,173351.70,149861,255,81,0,0
324289,1,18,1322,0,122,38,173351.70,149861,255,81,0,0
324425,1,17,1277,0,128,38,173351.70,149861,255,81,0,0
324528,1,16,1257,0,128,38,173351.70,149861,255,81,0,0
324576,1,16,1289,0,128,38,173351.70,149861,255,81,0,0
324747,1,14,1300,0,128,38,173351.70,149861,255,81,0,0
324875,1,13,1260,0,126,38,173351.70,149861,255,81,0,0
324975,1,12,1225,0,126,38,173351.70,149861,255,81,0,0
325076,1,12,1225,0,122,38,173351.70,149861,255,81,0,0
325233,1,12,1192,0,122,38,173351.70,149861,255,81,0,0
325378,1,10,1160,0,92,38,173351.70,149861,255,81,0,0
325477,1,9,1160,0,74,38,173351.70,149861,255,81,0,0
325576,1,9,1161,0,38,38,173351.70,149861,255,81,0,0
325732,1,9,1161,0,38,38,173351.70,149861,255,81,0,0
325942,1,8,1129,0,4,38,173352.70,149861,255,81,0,0
326047,1,8,1128,0,4,38,173352.70,149861,255,81,0,0
326091,1,8,1128,0,6,38,173352.70,149861,255,81,0,0
326288,1,8,1097,0,6,38,173352.70,149861,255,81,0,0
326375,1,8,1096,0,6,38,173352.70,149861,255,81,0,0
326528,1,8,1064,0,6,38,173352.70,149861,255,81,0,0
326575,1,8,1064,0,6,38,173352.70,149861,255,81,0,0
326747,1,8,1064,0,6,38,173352.70,149861,255,81,0,0
326875,1,8,1064,0,0,38,173352.70,149861,255,81,0,0
326975,1,8,1064,0,0,38,173352.70,149861,255,81,0,0
327075,1,8,1064,0,0,38,173352.70,149861,255,81,0,0
327247,1,8,1032,0,0,38,173352.70,149861,255,81,0,0
327375,1,8,1064,0,0,38,173352.70,149861,255,81,0,0
327477,1,8,1064,0,0,38,173352.70,149861,255,81,0,0
327575,1,8,1097,0,0,38,173352.70,149861,255,81,0,0
327731,1,8,1097,0,0,38,173352.70,149861,255,81,0,0
327947,1,8,1147,0,0,38,173352.70,149861,255,81,0,0
328062,1,7,1112,0,0,38,173352.70,149861,255,81,0,0
328134,1,7,1111,0,0,38,173352.70,149861,255,81,0,0
328286,1,7,1112,0,0,38,173352.70,149861,255,81,0,0
328422,1,7,1114,11,0,38,173352.70,149861,255,81,0,0
328528,1,7,1133,18,0,38,173352.70,149861,255,81,0,0
328575,1,7,1133,18,0,38,173352.70,149861,255,81,0,0
328781,1,8,1107,18,0,38,173352.70,149861,255,81,0,0
328878,1,8,1180,38,0,38,173352.70,149861,255,81,0,0
328975,1,8,1227,48,0,38,173352.70,149861,255,81,0,0
329137,1,8,1220,60,0,38,173352.70,149861,255,81,0,0
329247,1,9,1252,60,0,38,173353.70,149861,255,81,0,0
329378,1,9,1427,95,0,38,173353.70,149861,255,81,0,0
329477,1,10,1491,96,0,38,173353.70,149861,255,81,0,0
329575,1,11,1547,99,0,38,173353.70,149861,255,81,0,0
329828,1,11,1821,148,0,38,173353.70,149861,255,81,0,0
329947,1,13,1964,144,0,38,173353.70,149861,255,81,0,0
330062,1,14,2074,138,0,38,173353.70,149861,255,81,0,0
330075,1,14,2138,138,0,38,173354.70,149861,255,81,0,0
330285,1,16,2419,138,0,38,173354.70,149861,255,81,0,0
330422,1,17,2548,126,0,38,173354.70,149861,255,81,0,0
330528,1,18,2787,116,0,38,173355.73,149861,255,81,0,0
330575,1,20,2883,116,0,38,173355.73,149861,255,81,0,0
330780,1,22,3146,109,0,38,173355.73,149861,255,81,0,0
330878,1,23,3288,107,0,38,173355.73,149861,255,81,0,0
330975,1,24,3406,106,0,38,173356.86,149861,255,81,0,0
331134,1,24,3553,100,0,38,173356.86,149861,255,81,0,0
331247,1,26,3585,100,0,38,173356.86,149861,255,81,0,0
331376,1,26,3694,63,0,38,173357.94,149861,255,81,0,0
331476,1,27,3699,30,0,38,173357.94,149861,255,81,0,0
331633,1,27,3593,0,0,38,173357.94,149861,255,81,0,0
331780,1,26,3593,0,0,38,173357.94,149861,255,81,0,0
331928,1,27,3104,0,0,38,173357.94,149861,255,81,0,0
332047,1,27,2944,0,0,38,173357.94,149861,255,81,0,0
332074,1,27,2880,0,0,38,173357.94,149861,255,81,0,0
332275,1,27,2724,0,0,38,173357.94,149861,255,81,0,0
332378,1,27,2647,0,0,38,173357.94,149861,255,81,0,0
332533,1,27,2272,0,0,38,173357.94,149861,255,81,0,0
332575,1,27,2208,0,0,38,173357.94,149861,255,81,0,0
332753,1,27,2092,0,0,38,173357.94,149861,255,81,0,0
332875,1,27,2137,34,0,38,173357.94,149861,255,81,0,0
332975,1,27,2202,78,0,38,173358.97,149861,255,81,0,0
333126,1,28,2099,124,0,38,173358.97,149861,255,81,0,0
333266,1,28,2099,132,0,38,173358.97,149861,255,81,0,0
333376,1,29,2219,143,0,38,173358.97,149861,255,81,0,0
333575,1,30,2321,145,0,38,173358.97,149861,255,81,0,0
333575,1,30,2321,145,0,38,173358.97,149861,255,81,0,0
333826,1,30,2488,147,0,38,173359.98,149861,255,81,0,0
333947,1,33,2499,153,0,38,173359.98,149861,255,81,0,0
334062,1,34,2584,148,0,38,173361.00,149861,255,81,0,0
334157,1,35,2645,129,0,38,173361.00,149861,255,81,0,0
334275,1,35,2748,129,0,38,173361.00,149861,255,81,0,0
334425,1,36,2815,118,0,38,173362.03,149861,255,81,0,0
334547,1,38,2848,117,0,38,173362.03,149861,255,81,0,0
334643,1,38,2932,117,0,38,173363.12,149861,255,81,0,0
334752,1,39,2964,117,0,38,173363.12,149861,255,81,0,0
334876,1,40,3013,110,0,38,173363.12,149861,255,81,0,0
335025,1,40,3094,104,0,38,173364.17,149861,255,81,0,0
335133,1,41,3159,75,0,38,173364.17,149861,255,81,0,0
335275,1,41,3119,75,0,38,173365.17,149861,255,81,0,0
335376,1,42,3178,59,0,38,173365.17,149861,255,81,0,0
335679,1,42,3148,59,0,38,173365.17,149861,255,81,0,0
335879,1,42,3171,0,0,38,173365.17,149861,255,81,0,0
335975,1,42,3178,0,0,38,173365.17,149861,255,81,0,0
336125,1,42,3150,0,0,38,173365.17,149861,255,81,0,0
336176,1,42,3150,0,0,38,173365.17,149861,255,81,0,0
336359,1,41,3136,0,0,38,173365.17,149861,255,81,0,0
336476,1,41,3128,0,0,38,173365.17,149861,255,81,0,0
336575,1,41,3110,0,0,38,173365.17,149861,255,81,0,0
336692,1,41,3110,0,0,38,173365.17,149861,255,81,0,0
336833,1,41,3083,0,0,38,173365.17,149861,255,81,0,0
336947,1,40,3051,0,0,38,173365.17,149861,255,81,0,0
337075,1,40,3054,0,0,38,173365.17,149861,255,81,0,0
337192,1,40,3008,3,0,38,173365.17,149861,255,81,0,0
337347,1,40,3008,3,0,38,173365.17,149861,255,81,0,0
337473,1,40,3013,29,0,38,173365.17,149861,255,81,0,0
337676,1,40,3036,40,0,38,173366.22,149861,255,81,0,0
337827,1,40,2986,40,0,38,173366.22,149861,255,81,0,0
337947,1,40,3033,68,0,38,173366.22,149861,255,81,0,0
338062,1,40,3040,82,0,38,173366.22,149861,255,81,0,0
338186,1,41,3128,101,0,38,173366.22,149861,255,81,0,0
338200,1,41,3128,101,0,38,173366.22,149861,255,81,0,0
338425,1,42,3208,101,0,38,173367.28,149861,255,81,0,0
338547,1,43,3256,214,0,38,173367.28,149861,255,81,0,0
338647,1,44,3331,255,0,38,173367.28,149861,255,81,0,0
338692,1,44,3363,255,0,38,173368.50,149861,255,81,0,0
338877,1,45,3514,255,0,38,173368.50,149861,255,81,0,0
338975,1,47,3593,255,0,38,173369.72,149861,255,81,0,0
339133,1,48,3690,255,0,38,173370.81,149861,255,81,0,0
339231,1,49,3771,255,0,38,173370.81,149861,255,81,0,0
339347,1,51,3771,255,0,38,173370.81,149861,255,81,0,0
339475,1,52,3945,255,0,38,173371.94,149861,255,81,0,0
339575,1,53,4009,187,0,38,173373.05,149861,255,81,0,0
339692,1,53,4084,117,0,38,173374.20,149861,255,81,0,0
339833,1,53,4034,36,0,38,173374.20,149861,255,81,0,0
339975,1,54,4041,4,0,38,173375.30,149861,255,81,0,0
340075,1,54,4086,0,0,38,173375.30,149861,255,81,0,0
340192,1,54,4120,0,0,38,173375.30,149861,255,81,0,0
340347,1,54,4095,0,0,38,173375.30,149861,255,81,0,0
340476,1,54,4054,0,0,38,173375.30,149861,255,81,0,0
340575,1,54,4057,0,0,38,173375.30,149861,255,81,0,0
340692,1,53,4056,0,0,38,173375.30,149861,255,81,0,0
340692,1,53,4056,0,0,38,173375.30,149861,255,81,0,0
340947,1,53,3989,0,0,38,173375.30,149861,255,81,0,0
341075,1,53,3947,0,0,38,173375.30,149861,255,81,0,0
341192,1,52,3997,0,0,38,173375.30,149861,255,81,0,0
341337,1,52,3936,0,0,38,173375.30,149861,255,81,0,0
341458,1,52,3872,0,0,38,173375.30,149861,255,81,0,0
341575,1,51,3872,0,0,38,173375.30,149861,255,81,0,0
341675,1,51,3840,0,0,38,173375.30,149861,255,81,0,0
341833,1,51,3808,0,0,38,173375.30,149861,255,81,0,0
341947,1,50,3808,0,0,38,173375.30,149861,255,81,0,0
342075,1,50,3808,0,0,38,173375.30,149861,255,81,0,0
342192,1,50,3776,0,0,38,173375.30,149861,255,81,0,0
342337,1,50,3744,0,0,38,173375.30,149861,255,81,0,0
342447,1,49,3712,0,0,38,173375.30,149861,255,81,0,0
342575,1,49,3712,0,0,38,173375.30,149861,255,81,0,0
342692,1,49,3680,0,0,38,173375.30,149861,255,81,0,0
342692,1,49,3680,0,0,38,173375.30,149861,255,81,0,0
342933,1,49,3648,0,0,38,173375.30,149861,255,81,0,0
343047,1,48,3616,0,0,38,173375.30,149861,255,81,0,0
343172,1,48,3616,0,0,38,173375.30,149861,255,81,0,0
343195,1,48,3616,0,0,38,173375.30,149861,255,81,0,0
343381,1,47,3552,0,0,38,173375.30,149861,255,81,0,0
343525,1,47,3552,0,0,38,173375.30,149861,252,81,0,0
343647,1,47,3552,0,0,38,173375.30,149861,252,81,0,0
343692,1,47,3520,0,0,38,173375.30,149861,252,81,0,0
343849,1,47,3552,0,0,38,173375.30,149861,252,81,0,0
343975,1,46,3488,0,0,38,173375.30,149861,252,81,0,0
344075,1,46,3456,0,0,38,173375.30,149861,252,81,0,0
344175,1,45,3424,0,0,38,173375.30,149861,252,81,0,0
344347,1,45,3424,0,0,38,173375.30,149861,252,81,0,0
344476,1,45,3424,0,0,38,173375.30,149861,252,81,0,0
344575,1,45,3424,0,0,38,173375.30,149861,252,81,0,0
344692,1,45,3360,0,0,38,173375.30,149861,252,81,0,0
344848,1,45,3328,0,0,38,173375.30,149861,252,81,0,0
344975,1,44,3328,0,0,38,173375.30,149861,252,81,0,0
345075,1,44,3328,0,0,38,173375.30,149861,252,81,0,0
345192,1,44,3296,0,0,38,173375.30,149861,252,81,0,0
345347,1,43,3296,0,0,38,173375.30,149861,252,81,0,0
345473,1,43,3264,0,0,38,173375.30,149861,252,81,0,0
345575,1,43,3232,0,0,38,173375.30,149861,252,82,0,0
345692,1,43,3232,0,0,38,173375.30,149861,252,82,0,0
345833,1,43,3200,0,0,38,173375.30,149861,252,82,0,0
345947,1,42,3168,0,0,38,173375.30,149861,252,82,0,0
346075,1,42,3136,0,0,38,173375.30,149861,252,82,0,0
346192,1,42,3136,0,0,38,173375.30,149861,252,82,0,0
346334,1,42,3136,0,0,38,173375.30,149861,252,82,0,0
346458,1,41,3104,0,0,38,173375.30,149861,252,82,0,0
346575,1,41,3072,0,0,38,173375.30,149861,252,82,0,0
346692,1,41,3040,0,0,38,173375.30,149861,252,82,0,0
346692,1,41,3040,0,0,38,173375.30,149861,252,82,0,0
346947,1,40,3040,0,0,38,173375.30,149861,252,82,0,0
347072,1,40,3008,0,0,38,173375.30,149861,252,82,0,0
347175,1,40,3008,0,0,38,173375.30,149861,252,82,0,0
347175,1,40,3008,0,0,38,173375.30,149861,252,82,0,0
347433,1,39,2944,0,0,38,173375.30,149861,252,82,0,0
347547,1,39,2944,0,0,38,173375.30,149861,252,82,0,0
347675,1,39,2944,0,0,38,173375.30,149861,252,82,0,0
347703,1,39,2944,0,0,38,173375.30,149861,252,82,0,0
347897,1,38,2880,0,0,38,173375.30,149861,252,82,0,0
348033,1,38,2848,0,0,38,173375.30,149861,252,82,0,0
348149,1,38,2848,0,0,38,173375.30,149861,252,82,0,0
348176,1,38,2848,0,0,38,173375.30,149861,252,82,0,0
348379,1,37,2816,0,0,38,173375.30,149861,252,82,0,0
348475,1,37,2816,0,0,38,173375.30,149861,252,82,0,0
348633,1,37,2784,0,0,38,173375.30,149861,252,82,0,0
348692,1,37,2784,0,0,38,173375.30,149861,252,82,0,0
348847,1,37,2784,0,0,38,173375.30,149861,252,82,0,0
348975,1,36,2752,0,0,38,173375.30,149861,252,82,0,0
349075,1,36,2720,0,0,38,173375.30,149861,252,82,0,0
349192,1,36,2688,0,0,38,173375.30,149861,252,82,0,0
349347,1,36,2688,0,0,38,173375.30,149861,252,82,0,0
349476,1,36,2688,0,0,38,173375.30,149861,252,82,0,0
349575,1,35,2656,0,0,38,173375.30,149861,252,82,0,0
349692,1,35,2656,0,0,38,173375.30,149861,252,82,0,0
349847,1,35,2656,0,0,38,173375.30,149861,252,82,0,0
349947,1,34,2624,0,0,38,173375.30,149861,252,82,0,0
350075,1,34,2592,0,0,38,173375.30,149861,252,82,0,0
350192,1,34,2592,0,0,38,173375.30,149861,252,82,0,0
350332,1,34,2592,0,0,38,173375.30,149861,252,82,0,0
350447,1,34,2528,0,0,38,173375.30,149861,252,82,0,0
350574,1,33,2528,0,0,38,173375.30,149861,252,82,0,0
350692,1,33,2528,0,0,38,173375.30,149861,252,82,0,0
350692,1,33,2528,0,0,38,173375.30,149861,252,82,0,0
350933,1,33,2464,1,0,38,173375.30,149861,252,82,0,0
351047,1,32,2464,13,0,38,173375.30,149861,252,82,0,0
351172,1,32,2483,23,0,38,173375.30,149861,252,82,0,0
351248,1,33,2497,34,0,38,173375.30,149861,252,82,0,0
351400,1,33,2541,34,0,38,173375.30,149861,252,82,0,0
351476,1,33,2483,43,0,38,173375.30,149861,252,82,0,0
351647,1,33,2488,56,0,38,173376.30,149861,252,82,0,0
351692,1,33,2488,56,0,38,173376.30,149861,252,82,0,0
351847,1,33,2527,56,0,38,173376.30,149861,252,82,0,0
351974,1,33,2546,62,0,38,173376.30,149861,252,82,0,0
352125,1,34,2568,66,0,38,173376.30,149861,252,82,0,0
352192,1,34,2600,68,0,38,173376.30,149861,252,82,0,0
352356,1,34,2619,68,0,38,173376.30,149861,252,82,0,0
352476,1,35,2645,74,0,38,173377.38,149861,252,82,0,0
352574,1,35,2685,74,0,38,173377.38,149861,252,82,0,0
352692,1,35,2703,78,0,38,173377.38,149861,252,82,0,0
352847,1,36,2719,78,0,38,173377.38,149861,252,82,0,0
352974,1,36,2756,78,0,38,173377.38,149861,252,82,0,0
353204,1,36,2846,78,0,38,173377.38,149861,252,82,0,0
353356,1,36,2838,77,0,38,173378.47,149861,252,82,0,0
353476,1,37,2870,72,0,38,173378.47,149861,252,82,0,0
353574,1,38,2902,70,0,38,173378.47,149861,252,82,0,0
353692,1,38,2893,70,0,38,173378.47,149861,252,82,0,0
353847,1,39,2917,70,0,38,173378.47,149861,252,82,0,0
353974,1,39,2943,58,0,38,173379.53,149861,252,82,0,0
354074,1,39,2970,52,0,38,173379.53,149861,252,82,0,0
354203,1,39,3005,49,0,38,173379.53,149861,252,82,0,0
354355,1,39,2984,44,0,38,173379.53,149861,252,82,0,0
354476,1,39,2986,15,0,38,173379.53,149861,252,82,0,0
354574,1,39,2951,15,0,38,173379.53,149861,252,82,0,0
354692,1,40,2961,0,0,38,173379.53,149861,252,82,0,0
354847,1,39,2976,0,0,38,173379.53,149861,252,82,0,0
354947,1,39,2953,0,0,38,173379.53,149861,252,82,0,0
355203,1,39,2891,0,0,38,173380.56,149861,252,82,0,0
355354,1,39,2941,0,0,38,173380.56,149861,252,83,0,0
355476,1,38,2908,0,0,38,173380.56,149861,252,83,0,0
355574,1,38,2920,0,0,38,173380.56,149861,252,83,0,0
355692,1,38,2907,0,0,38,173380.56,149861,252,83,0,0
355832,1,38,2910,0,0,38,173380.56,149861,252,83,0,0
355947,1,37,2858,0,88,38,173380.56,149861,252,83,0,0
356074,1,37,2784,0,92,38,173380.56,149861,252,82,0,0
356192,1,36,2688,0,108,38,173380.56,149861,252,82,0,0
356333,1,36,2688,0,108,38,173380.56,149861,252,82,0,0
356458,1,34,2560,0,108,38,173380.56,149861,252,82,0,0
356574,1,33,2496,0,110,38,173380.56,149861,252,82,0,0
356692,1,32,2400,0,104,38,173380.56,149861,252,82,0,0
356847,1,31,2368,0,104,38,173380.56,149861,252,82,0,0
356974,1,30,2240,0,106,38,173380.56,149861,252,82,0,0
357199,1,28,2112,0,84,38,173380.56,149861,252,82,0,0
357353,1,28,2080,0,70,38,173380.56,149861,252,82,0,0
357476,1,27,2016,0,32,38,173380.56,149861,252,82,0,0
357574,1,27,1984,0,32,38,173380.56,149861,252,82,0,0
357692,1,26,1952,0,26,38,173380.56,149861,252,82,0,0
357847,1,25,1952,0,26,38,173380.56,149861,252,82,0,0
357971,1,25,1920,0,20,38,173380.56,149861,252,82,0,0
358074,1,25,1888,0,26,38,173380.56,149861,252,82,0,0
358192,1,25,1856,0,34,38,173380.56,149861,252,82,0,0
358247,1,24,1856,0,34,38,173380.56,149861,252,82,0,0
358447,1,24,1792,0,36,38,173380.56,149861,252,82,0,0
358562,1,23,1760,0,62,38,173380.56,149861,252,82,0,0
358674,1,22,1696,0,64,38,173380.56,149861,252,82,0,0
358692,1,22,1696,0,64,38,173380.56,149861,252,82,0,0
358925,1,21,1600,0,42,38,173380.56,149861,252,82,0,0
359171,1,20,1568,0,34,38,173380.56,149861,252,82,0,0
359198,1,20,1568,0,34,38,173380.56,149861,252,82,0,0
359395,1,20,1547,0,2,38,173380.56,149861,252,82,0,0
359525,1,20,1499,0,0,38,173380.56,149861,252,82,0,0
359647,1,19,1463,0,0,38,173380.56,149861,252,82,0,0
359692,1,19,1463,0,0,38,173380.56,149861,252,82,0,0
359875,1,19,1445,0,0,38,173380.56,149861,252,82,0,0
359974,1,19,1447,0,0,38,173380.56,149861,252,82,0,0
360125,1,19,1413,0,0,38,173380.56,149861,252,82,0,0
360235,1,18,1380,0,0,38,173380.56,149861,252,82,0,0
360351,1,18,1380,0,0,38,173380.56,149861,252,82,0,0
360475,1,18,1412,21,0,38,173380.56,149861,252,82,0,0
360574,1,18,1416,27,0,38,173380.56,149861,252,82,0,0
360732,1,18,1441,29,0,38,173380.56,149861,252,82,0,0
360864,1,19,1473,29,0,38,173380.56,149861,252,82,0,0
360975,1,18,1404,33,0,38,173380.56,149861,252,82,0,0
361191,1,18,1437,33,0,38,173380.56,149861,252,82,0,0
361351,1,18,1416,33,0,38,173380.56,149861,252,82,0,0
361475,1,19,1475,78,0,38,173380.56,149861,252,82,0,0
361575,1,19,1487,85,0,38,173380.56,149861,252,82,0,0
361732,1,20,1537,86,0,38,173381.61,149861,252,82,0,0
361875,1,20,1576,86,0,38,173381.61,149861,252,82,0,0
361974,1,21,1582,87,0,38,173381.61,149861,252,82,0,0
362074,1,21,1619,87,0,38,173381.61,149861,252,82,0,0
362191,1,21,1689,86,0,38,173381.61,149861,252,82,0,0
362350,1,21,1695,86,0,38,173381.61,149861,252,82,0,0
362475,1,22,1711,79,0,38,173381.61,149861,252,82,0,0
362574,1,23,1737,79,0,38,173382.66,149861,252,82,0,0
362692,1,23,1762,79,0,38,173382.66,149861,252,82,0,0
362846,1,24,1794,79,0,38,173382.66,149861,252,82,0,0
362974,1,24,1827,78,0,38,173382.66,149861,252,82,0,0
363196,1,25,1909,78,0,38,173382.66,149861,252,82,0,0
363392,1,25,1954,73,0,38,173382.66,149861,252,82,0,0
363574,1,26,2015,72,0,38,173382.66,149861,252,82,0,0
363725,1,26,2045,72,0,38,173383.66,149861,252,82,0,0
363946,1,27,2081,71,0,38,173383.66,149861,252,82,0,0
364125,1,28,2114,71,0,38,173383.66,149861,252,82,0,0
364191,1,28,2114,71,0,38,173383.66,149861,252,82,0,0
364349,1,28,2112,71,0,38,173383.66,149861,252,82,0,0
364475,1,29,2183,71,0,38,173383.66,149861,252,82,0,0
364574,1,29,2226,71,0,38,173384.72,149861,252,82,0,0
364728,1,29,2266,72,0,38,173384.72,149861,252,82,0,0
364861,1,30,2266,72,0,38,173384.72,149861,252,82,0,0
364975,1,30,2309,72,0,38,173384.72,149861,252,82,0,0
365074,1,30,2313,72,0,38,173384.72,149861,252,82,0,0
365191,1,31,2348,68,0,38,173384.72,149861,252,82,0,0
365348,1,31,2350,68,0,38,173384.72,149861,252,82,0,0
365475,1,31,2392,63,0,38,173385.75,149861,252,82,0,0
365574,1,32,2408,63,0,38,173385.75,149861,252,82,0,0
365691,1,32,2402,63,0,38,173385.75,149861,252,82,0,0
365725,1,32,2433,63,0,38,173385.75,149861,252,82,0,0
365946,1,32,2464,53,0,38,173385.75,149861,252,82,0,0
366075,1,33,2469,45,0,38,173385.75,149861,252,82,0,0
366191,1,33,2480,30,0,38,173385.75,149861,252,82,0,0
366191,1,33,2480,30,0,38,173385.75,149861,252,82,0,0
366427,1,33,2482,7,0,38,173386.80,149861,252,82,0,0
366546,1,33,2474,0,0,38,173386.80,149861,252,82,0,0
366671,1,33,2489,0,0,38,173386.80,149861,252,82,0,0
366692,1,33,2489,0,0,38,173386.80,149861,252,82,0,0
366886,1,33,2458,0,0,38,173386.80,149861,252,82,0,0
367025,1,33,2461,0,0,38,173386.80,149861,252,82,0,0
367146,1,32,2462,0,0,38,173386.80,149861,252,82,0,0
367237,1,32,2463,0,0,38,173386.80,149861,252,82,0,0
367347,1,32,2463,0,0,38,173386.80,149861,252,82,0,0
367475,1,32,2441,0,0,38,173386.80,149861,252,82,0,0
367625,1,32,2412,0,0,38,173386.80,149861,252,82,0,0
367732,1,32,2429,0,0,38,173386.80,149861,252,82,0,0
367872,1,32,2429,0,0,38,173386.80,149861,252,82,0,0
367975,1,31,2397,5,0,38,173386.80,149861,252,82,0,0
368075,1,31,2396,18,0,38,173386.80,149861,252,82,0,0
368191,1,31,2395,26,0,38,173386.80,149861,252,82,0,0
368346,1,31,2379,32,0,38,173386.80,149861,252,82,0,0
368477,1,31,2377,33,0,38,173386.80,149861,252,82,0,0
368575,1,31,2352,36,0,38,173387.81,149861,252,82,0,0
368691,1,31,2386,36,0,38,173387.81,149861,252,82,0,0
368859,1,31,2381,37,0,38,173387.81,149861,252,82,0,0
368974,1,31,2417,44,0,38,173387.81,149861,252,82,0,0
369074,1,31,2430,48,0,38,173387.81,149861,252,82,0,0
369191,1,32,2417,55,0,38,173387.81,149861,252,82,0,0
369227,1,32,2433,60,0,38,173387.81,149861,252,82,0,0
369457,1,32,2488,60,0,38,173387.81,149861,252,82,0,0
369574,1,33,2495,61,0,38,173388.84,149861,252,82,0,0
369691,1,33,2499,61,0,38,173388.84,149861,252,82,0,0
369727,1,33,2500,61,0,38,173388.84,149861,252,82,0,0
369927,1,33,2546,44,0,38,173388.84,149861,252,82,0,0
370046,1,33,2543,25,0,38,173388.84,149861,252,82,0,0
370177,1,34,2589,25,0,38,173388.84,149861,252,82,0,0
370227,1,34,2556,25,0,38,173388.84,149861,252,82,0,0
370378,1,34,2546,25,0,38,173388.84,149861,252,82,0,0
370527,1,34,2567,37,0,38,173389.88,149861,252,82,0,0
370646,1,34,2585,46,0,38,173389.88,149861,252,82,0,0
370728,1,34,2566,48,0,38,173389.88,149861,252,82,0,0
370883,1,34,2566,48,0,38,173389.88,149861,252,82,0,0
370975,1,34,2573,50,0,38,173389.88,149861,252,82,0,0
371127,1,34,2590,51,0,38,173389.88,149861,252,82,0,0
371225,1,34,2590,51,0,38,173389.88,149861,252,82,0,0
371375,1,34,2607,51,0,38,173389.88,149861,252,82,0,0
371476,1,34,2637,52,0,38,173389.88,149861,252,82,0,0
371627,1,35,2636,52,0,38,173390.92,149861,252,82,0,0
371727,1,35,2665,52,0,38,173390.92,149861,252,83,0,0
371872,1,35,2665,52,0,38,173390.92,149861,252,83,0,0
371975,1,35,2695,52,0,38,173390.92,149861,252,83,0,0
372075,1,35,2698,52,0,38,173390.92,149861,252,83,0,0
372227,1,36,2739,52,0,38,173390.92,149861,252,83,0,0
372369,1,36,2739,52,0,38,173390.92,149861,252,83,0,0
372475,1,36,2771,49,0,38,173390.92,149861,252,83,0,0
372575,1,36,2771,46,0,38,173391.97,149861,252,83,0,0
372725,1,36,2768,30,0,38,173391.97,149861,252,83,0,0
372856,1,36,2747,30,0,38,173391.97,149861,252,83,0,0
372975,1,36,2738,12,0,38,173391.97,149861,252,83,0,0
373075,1,36,2699,12,0,38,173391.97,149861,252,83,0,0
373227,1,36,2719,12,0,38,173391.97,149861,252,83,0,0
373372,1,36,2719,12,0,38,173391.97,149861,252,83,0,0
373476,1,36,2750,12,0,38,173391.97,149861,252,83,0,0
373575,1,36,2751,12,0,38,173391.97,149861,252,83,0,0
373727,1,36,2724,28,0,38,173391.97,149861,252,83,0,0
373746,1,36,2724,28,0,38,173391.97,149861,252,83,0,0
373975,1,36,2699,34,0,38,173391.97,149861,252,83,0,0
374075,1,36,2749,34,0,38,173392.97,149861,252,83,0,0
374227,1,36,2703,34,0,38,173392.97,149861,252,83,0,0
374368,1,36,2735,34,0,38,173392.97,149861,252,83,0,0
374476,1,36,2729,34,0,38,173392.97,149861,252,83,0,0
374575,1,36,2729,34,0,38,173392.97,149861,252,83,0,0
374727,1,36,2728,34,0,38,173392.97,149861,252,83,0,0
374746,1,36,2728,34,0,38,173392.97,149861,252,83,0,0
374971,1,36,2729,34,0,38,173392.97,149861,252,83,0,0
375075,1,36,2729,34,0,38,173392.97,149861,252,83,0,0
375191,1,36,2762,34,0,38,173392.97,149861,252,83,0,0
375231,1,36,2763,34,0,38,173394.00,149861,252,83,0,0
375446,1,36,2731,34,0,38,173394.00,149861,252,83,0,0
375546,1,36,2763,34,0,38,173394.00,149861,252,83,0,0
375677,1,36,2757,34,0,38,173394.00,149861,252,83,0,0
375753,1,36,2756,34,0,38,173394.00,149861,252,83,0,0
375880,1,36,2756,34,0,38,173394.00,149861,252,83,0,0
376027,1,36,2761,34,0,38,173394.00,149861,252,83,0,0
376146,1,36,2763,34,0,38,173394.00,149861,252,83,0,0
376227,1,36,2763,34,0,38,173394.00,149861,252,83,0,0
376377,1,36,2763,34,0,38,173394.00,149861,252,83,0,0
376524,1,36,2764,34,0,38,173394.00,149861,252,83,0,0
376627,1,37,2764,34,0,38,173395.03,149861,252,83,0,0
376727,1,37,2764,34,0,38,173395.03,149861,252,83,0,0
376880,1,37,2764,34,0,38,173395.03,149861,252,83,0,0
376975,1,37,2796,34,0,38,173395.03,149861,252,83,0,0
377127,1,37,2763,34,0,38,173395.03,149861,252,83,0,0
377246,1,37,2763,34,0,38,173395.03,149861,252,83,0,0
377246,1,37,2763,34,0,38,173395.03,149861,252,83,0,0
377476,1,37,2788,34,0,38,173395.03,149861,252,83,0,0
377575,1,37,2786,34,0,38,173395.03,149861,252,83,0,0
377727,1,37,2786,34,0,38,173395.03,149861,252,83,0,0
377853,1,37,2786,34,0,38,173396.06,149861,252,83,0,0
377975,1,37,2793,34,0,38,173396.06,149861,252,83,0,0
378075,1,37,2796,34,0,38,173396.06,149861,252,83,0,0
378227,1,37,2829,34,0,38,173396.06,149861,252,83,0,0
378366,1,37,2797,34,0,38,173396.06,149861,252,83,0,0
378476,1,37,2819,34,0,38,173396.06,149861,252,83,0,0
378575,1,37,2785,35,0,38,173396.06,149861,252,83,0,0
378727,1,37,2795,44,0,38,173396.06,149861,252,83,0,0
378853,1,37,2795,44,0,38,173396.06,149861,252,83,0,0
378975,1,37,2831,48,0,38,173397.06,149861,252,83,0,0
379075,1,37,2845,49,0,38,173397.06,149861,252,83,0,0
379227,1,37,2862,55,0,38,173397.06,149861,252,83,0,0
379372,1,38,2862,55,0,38,173397.06,149861,252,83,0,0
379475,1,38,2909,57,0,38,173397.06,149862,252,83,0,0
379575,1,38,2909,57,0,38,173397.06,149862,252,83,0,0
379727,1,38,2895,57,0,38,173397.06,149862,252,83,0,0
379771,1,38,2895,57,0,38,173397.06,149862,252,83,0,0
379946,1,38,2920,44,0,38,173398.09,149862,252,83,0,0
380075,1,39,2920,44,0,38,173398.09,149862,252,83,0,0
380191,1,38,2926,44,0,38,173398.09,149862,252,83,0,0
380229,1,38,2941,44,0,38,173398.09,149862,252,83,0,0
380441,1,39,2930,44,0,38,173398.09,149862,252,83,0,0
380561,1,39,2966,44,0,38,173398.09,149862,252,83,0,0
380677,1,39,2959,44,0,38,173398.09,149862,252,83,0,0
380727,1,39,2955,44,0,38,173398.09,149862,252,83,0,0
380881,1,39,2956,44,0,38,173399.11,149862,252,83,0,0
381027,1,39,2995,42,0,38,173399.11,149862,252,83,0,0
381146,1,39,2992,42,0,38,173399.11,149862,252,83,0,0
381228,1,39,2985,42,0,38,173399.11,149862,252,83,0,0
381380,1,39,2978,42,0,38,173399.11,149862,252,83,0,0
381477,1,39,2982,42,0,38,173399.11,149862,252,83,0,0
381627,1,39,2987,42,0,38,173399.11,149862,252,83,0,0
381691,1,39,2987,42,0,38,173399.11,149862,252,83,0,0
381851,1,39,2986,40,0,38,173399.11,149862,252,83,0,0
381975,1,40,2977,0,0,38,173400.14,149862,252,83,0,0
382124,1,40,2888,0,0,38,173400.14,149862,252,83,0,0
382224,1,39,2795,0,0,38,173400.14,149862,252,83,0,0
382363,1,39,2698,0,0,38,173400.14,149862,252,83,0,0
382477,1,39,2453,0,0,38,173400.14,149862,252,83,0,0
382575,1,39,2359,0,0,38,173400.14,149862,252,83,0,0
382724,1,39,2085,0,0,38,173400.14,149862,252,83,0,0
382745,1,39,2013,0,0,38,173400.14,149862,252,83,0,0
382946,1,39,2140,0,0,38,173400.14,149862,252,83,0,0
383075,1,39,2049,0,0,38,173400.14,149862,252,83,0,0
383191,1,39,2027,0,0,38,173400.14,149862,252,83,0,0
383227,1,39,2065,3,0,38,173400.14,149862,252,83,0,0
383443,1,39,2067,7,0,38,173400.14,149862,252,83,0,0
383561,1,38,2034,7,0,38,173400.14,149862,252,83,0,0
383676,1,38,2033,7,0,38,173400.14,149862,252,83,0,0
383727,1,38,2033,0,0,38,173400.14,149862,252,83,0,0
383880,1,38,2034,0,0,38,173400.14,149862,252,83,0,0
384027,1,38,2033,0,0,38,173400.14,149862,252,83,0,0
384146,1,38,2033,0,0,38,173401.16,149862,252,83,0,0
384246,1,38,2033,0,0,38,173401.16,149862,252,83,0,0
384387,1,38,2033,0,74,38,173401.16,149862,252,83,0,0
384476,1,37,1968,0,94,38,173401.16,149862,252,83,0,0
384627,1,37,1889,0,100,38,173401.16,149862,252,83,0,0
384691,1,36,1857,0,108,38,173401.16,149862,252,83,0,0
384880,1,36,1759,0,108,38,173401.16,149862,252,83,0,0
384975,1,33,1774,0,152,38,173401.16,149862,252,83,0,0
385075,1,32,1707,0,162,38,173401.16,149862,252,83,0,0
385235,1,31,1590,0,164,38,173401.16,149862,252,83,0,0
385281,1,30,1590,0,168,38,173401.16,149862,252,83,0,0
385476,1,27,1491,0,178,38,173401.16,149862,252,83,0,0
385575,1,26,1426,0,184,38,173401.16,149862,252,83,0,0
385727,1,25,1387,0,188,38,173401.16,149862,252,83,0,0
385727,1,25,1387,0,188,38,173401.16,149862,252,83,0,0
385976,1,21,1320,0,192,38,173401.16,149862,252,83,0,0
386076,1,20,1287,0,192,38,173401.16,149862,252,83,0,0
386224,1,19,1254,0,196,38,173401.16,149862,252,83,0,0
386361,1,17,1253,0,196,38,173401.16,149862,252,83,0,0
386476,1,15,1221,0,188,38,173401.16,149862,252,83,0,0
386575,1,13,1188,0,180,38,173401.16,149862,252,83,0,0
386724,1,12,1188,0,158,38,173401.16,149862,252,83,0,0
386746,1,11,1188,0,158,38,173401.16,149862,252,83,0,0
386975,1,9,1155,0,142,38,173401.16,149862,252,83,0,0
387076,1,8,1155,0,132,38,173401.16,149862,252,83,0,0
387191,1,7,1123,0,120,38,173401.16,149862,252,83,0,0
387244,1,7,1123,0,120,38,173401.16,149862,252,83,0,0
387456,1,5,1123,0,116,38,173402.17,149862,252,83,0,0
387575,1,4,1091,0,98,38,173402.17,149862,252,83,0,0
387691,1,3,1091,0,94,38,173402.17,149862,252,83,0,0
387727,1,3,1059,0,94,38,173402.17,149862,252,83,0,0
387930,1,3,1027,0,86,38,173402.17,149862,252,83,0,0
388046,1,0,962,0,0,38,173402.17,149862,252,83,0,0
388171,1,0,929,0,0,38,173402.17,149862,252,83,0,0
388276,1,0,927,0,0,38,173402.17,149862,252,83,0,0
388385,1,0,895,0,0,38,173402.17,149862,252,83,0,0
388527,1,0,980,0,0,38,173402.17,149862,252,83,0,0
388647,1,0,1118,0,0,38,173402.17,149862,252,83,0,0
388730,1,0,1091,0,0,38,173402.17,149862,252,83,0,0
388878,1,0,1066,0,0,38,173402.17,149862,252,83,0,0
388976,1,0,1045,0,0,38,173402.17,149862,252,83,0,0
389127,1,0,1075,0,0,38,173402.17,149862,252,83,0,0
389246,1,0,1120,0,0,38,173402.17,149862,252,83,0,0
389384,1,0,1120,0,0,38,173402.17,149862,252,83,0,0
389478,1,2,1161,0,0,38,173402.17,149862,252,83,0,0
389624,1,3,1153,0,0,38,173402.17,149862,252,83,0,0
389691,1,3,1183,0,0,38,173402.17,149862,252,83,0,0
389691,1,3,1183,0,0,38,173402.17,149862,252,83,0,0
389976,1,4,1246,0,0,38,173403.20,149862,252,83,0,0
390075,1,5,1288,4,0,38,173403.20,149862,252,83,0,0
390191,1,5,1363,11,0,38,173403.20,149862,252,83,0,0
390246,1,6,1386,14,0,38,173403.20,149862,252,83,0,0
390446,1,7,1453,18,0,38,173403.20,149862,252,83,0,0
390570,1,8,1428,23,0,38,173403.20,149862,252,84,0,0
390676,1,9,1432,28,0,38,173403.20,149862,252,84,0,0
390745,1,10,1433,31,0,38,173403.20,149862,252,84,0,0
390896,1,10,1465,31,0,38,173403.20,149862,252,84,0,0
391028,1,10,1661,71,0,38,173404.22,149862,252,84,0,0
391145,1,12,1774,80,0,38,173404.22,149862,252,84,0,0
391245,1,13,1824,84,0,38,173404.22,149862,252,84,0,0
391383,1,13,1856,84,0,38,173404.22,149862,252,84,0,0
391524,1,14,2039,86,0,38,173404.22,149862,252,84,0,0
391627,1,15,2157,86,0,38,173405.23,149862,252,84,0,0
391730,1,15,2259,86,0,38,173405.23,149862,252,84,0,0
391878,1,16,2387,86,0,38,173405.23,149862,252,84,0,0
391978,1,17,2488,86,0,38,173405.23,149862,252,84,0,0
392078,1,18,2554,86,0,38,173405.23,149862,252,84,0,0
392231,1,18,2673,85,0,38,173406.25,149862,252,84,0,0
392276,1,19,2673,85,0,38,173406.25,149862,252,84,0,0
392476,1,20,2863,79,0,38,173406.25,149862,252,84,0,0
392578,1,20,2897,72,0,38,173406.25,149862,252,84,0,0
392730,1,21,3004,70,0,38,173406.25,149862,252,84,0,0
392730,1,21,3004,70,0,38,173406.25,149862,252,84,0,0
392978,1,22,3092,57,0,38,173407.25,149862,252,84,0,0
393075,1,22,3023,28,0,38,173407.25,149862,252,84,0,0
393190,1,22,2994,0,0,38,173407.25,149862,252,84,0,0
393230,1,22,2959,0,0,38,173407.25,149862,252,84,0,0
393456,1,22,2701,0,0,38,173407.25,149862,252,84,0,0
393570,1,22,2560,0,0,38,173407.25,149862,252,84,0,0
393690,1,22,2450,0,0,38,173407.25,149862,252,84,0,0
393763,1,22,2421,0,0,38,173407.25,149862,252,84,0,0
393929,1,22,2330,0,0,38,173407.25,149862,252,84,0,0
394045,1,21,2212,0,0,38,173407.25,149862,252,84,0,0
394145,1,22,2074,2,0,38,173407.25,149862,252,84,0,0
394271,1,22,1844,5,0,38,173407.25,149862,252,84,0,0
394381,1,22,1716,5,0,38,173407.25,149862,252,84,0,0
394478,1,22,1675,30,0,38,173407.25,149862,252,84,0,0
394630,1,22,1768,85,0,38,173407.25,149862,252,84,0,0
394730,1,22,1713,95,0,38,173408.30,149862,252,84,0,0
394878,1,22,1736,95,0,38,173408.30,149862,252,84,0,0
394978,1,23,1780,101,0,38,173408.30,149862,252,84,0,0
395130,1,23,1792,103,0,38,173408.30,149862,252,84,0,0
395245,1,24,1872,103,0,38,173408.30,149862,252,84,0,0
395381,1,24,1872,103,0,38,173408.30,149862,252,84,0,0
395479,1,25,1978,103,0,38,173409.36,149862,252,84,0,0
395630,1,26,2010,101,0,38,173409.36,149862,252,84,0,0
395757,1,27,2060,90,0,38,173409.36,149862,252,84,0,0
395878,1,27,2082,90,0,38,173409.36,149862,252,84,0,0
395979,1,28,2079,58,0,38,173409.36,149862,252,84,0,0
396124,1,28,2090,26,0,38,173410.44,149862,252,84,0,0
396245,1,28,2141,9,0,38,173410.44,149862,252,84,0,0
396245,1,28,2141,9,0,38,173410.44,149862,252,84,0,0
396478,1,28,2081,0,0,38,173410.44,149862,252,84,0,0
396578,1,28,2081,0,0,38,173410.44,149862,252,84,0,0
396730,1,28,2085,0,0,38,173410.44,149862,252,84,0,0
396871,1,28,2085,0,0,38,173410.44,149862,252,84,0,0
396980,1,27,2084,0,0,38,173410.44,149862,252,84,0,0
397078,1,27,2101,0,0,38,173410.44,149862,252,84,0,0
397229,1,27,2070,0,0,38,173410.44,149862,252,84,0,0
397229,1,27,2070,0,0,38,173410.44,149862,252,84,0,0
397480,1,27,2011,0,0,38,173410.44,149862,252,84,0,0
397579,1,26,2011,0,0,38,173410.44,149862,252,84,0,0
397724,1,26,2011,0,0,38,173410.44,149862,252,84,0,0
397866,1,26,1967,0,0,38,173410.44,149862,252,84,0,0
397980,1,26,1946,0,0,38,173410.44,149862,252,84,0,0
398078,1,25,1934,0,0,38,173410.44,149862,252,84,0,0
398190,1,25,1914,0,0,38,173410.44,149862,252,84,0,0
398245,1,25,1918,0,0,38,173410.44,149862,252,84,0,0
398578,1,24,1856,0,0,38,173410.44,149862,252,84,0,0
398730,1,24,1824,0,2,38,173410.44,149862,252,84,0,0
398744,1,24,1824,0,2,38,173410.44,149862,252,84,0,0
398970,1,24,1792,0,12,38,173410.44,149862,252,84,0,0
399078,1,23,1760,0,10,38,173410.44,149862,252,84,0,0
399190,1,23,1760,0,14,38,173410.44,149862,252,84,0,0
399245,1,23,1728,0,14,38,173410.44,149862,252,84,0,0
399443,1,23,1696,0,14,38,173410.44,149862,252,84,0,0
399560,1,22,1696,0,16,38,173410.44,149862,252,84,0,0
399678,1,22,1632,0,16,38,173410.44,149862,252,84,0,0
399724,1,22,1632,0,16,38,173410.44,149862,252,84,0,0
399878,1,22,1600,0,28,38,173410.44,149862,252,84,0,0
400028,1,21,1504,0,30,38,173410.44,149862,252,84,0,0
400145,1,20,1408,0,32,38,173410.44,149862,252,84,0,0
400270,1,20,1314,0,40,38,173410.44,149862,252,84,0,0
400380,1,20,1385,0,40,38,173410.44,149862,252,84,0,0
400646,1,19,1335,0,48,38,173410.44,149862,252,84,0,0
400729,1,19,1290,0,48,38,173410.44,149862,252,84,0,0
400878,1,19,1288,0,64,38,173410.44,149862,252,84,0,0
400978,1,18,1255,0,78,38,173410.44,149862,252,84,0,0
401129,1,17,1221,0,80,38,173411.45,149862,252,84,0,0
401245,1,16,1221,0,82,38,173411.45,149862,252,84,0,0
401381,1,16,1221,0,80,38,173411.45,149862,252,84,0,0
401479,1,15,1190,0,84,38,173411.45,149862,252,84,0,0
401630,1,14,1189,0,80,38,173411.45,149862,252,84,0,0
401729,1,14,1157,0,82,38,173411.45,149862,252,84,0,0
401871,1,13,1157,0,84,38,173411.45,149862,252,84,0,0
401978,1,12,1157,0,84,38,173411.45,149862,252,84,0,0
402078,1,11,1125,0,80,38,173411.45,149862,252,84,0,0
402230,1,11,1125,0,80,38,173411.45,149862,252,84,0,0
402230,1,11,1125,0,80,38,173411.45,149862,252,84,0,0
402578,1,9,1094,0,64,38,173411.45,149862,252,84,0,0
402690,1,8,1094,0,62,38,173411.45,149862,252,84,0,0
402746,1,8,1094,0,62,38,173411.45,149862,252,84,0,0
402945,1,7,1062,0,58,38,173411.45,149862,252,84,0,0
403078,1,7,1061,0,52,38,173411.45,149862,252,84,0,0
403190,1,6,1061,0,52,38,173411.45,149862,252,84,0,0
403245,1,6,1061,0,52,38,173411.45,149862,252,84,0,0
403430,1,6,1029,0,52,38,173411.45,149862,252,84,0,0
403545,1,5,1029,0,40,38,173411.45,149862,249,84,0,0
403670,1,5,1029,0,38,38,173411.45,149862,249,84,0,0
403754,1,4,1029,0,38,38,173411.45,149862,249,84,0,0
403878,1,4,1029,0,34,38,173411.45,149862,249,84,0,0
404028,1,4,1029,0,34,38,173411.45,149862,249,84,0,0
404145,1,3,997,0,34,38,173411.45,149862,249,84,0,0
404248,1,3,996,0,32,38,173411.45,149862,249,84,0,0
404379,1,3,964,0,32,38,173411.45,149862,249,84,0,0
404630,1,3,929,0,30,38,173412.45,149862,249,84,0,0
404745,1,0,897,0,30,38,173412.45,149862,249,84,0,0
404888,1,0,897,0,28,38,173412.45,149862,249,84,0,0
404978,1,0,861,0,18,38,173412.45,149862,249,84,0,0
405130,1,0,860,0,10,38,173412.45,149862,249,84,0,0
405245,1,0,861,0,10,38,173412.45,149862,249,84,0,0
405379,1,0,859,0,10,38,173412.45,149862,249,84,0,0
405478,1,0,857,0,10,38,173412.45,149862,249,84,0,0
405579,1,0,856,0,10,38,173412.45,149862,249,84,0,0
405734,1,0,856,0,10,38,173412.45,149862,249,84,0,0
405861,1,0,856,0,12,38,173412.45,149862,249,84,0,0
405978,1,0,853,0,12,38,173412.45,149862,249,84,0,0
406078,1,0,853,0,14,38,173412.45,149862,249,84,0,0
406190,1,0,853,0,14,38,173412.45,149862,249,84,0,0
406249,1,0,853,0,14,38,173412.45,149862,249,84,0,0
406578,1,0,853,0,42,38,173412.45,149862,249,84,0,0
406690,1,0,853,0,56,38,173412.45,149862,249,84,0,0
406735,1,0,853,0,56,38,173412.45,149862,249,84,0,0
406945,1,0,853,0,58,38,173412.45,149862,249,84,0,0
407060,1,0,853,0,56,38,173412.45,149862,249,84,0,0
407178,1,0,853,0,64,38,173412.45,149862,249,84,0,0
407245,1,0,853,0,64,38,173412.45,149862,249,84,0,0
407378,1,0,853,0,64,38,173412.45,149862,249,84,0,0
407528,1,0,853,0,64,38,173412.45,149862,249,84,0,0
407646,1,0,853,0,64,38,173412.45,149862,249,84,0,0
407745,1,0,853,0,64,38,173412.45,149862,249,84,0,0
407886,1,0,853,0,64,38,173412.45,149862,249,84,0,0
407978,1,0,852,0,64,38,173412.45,149862,249,84,0,0
408130,1,0,852,0,64,38,173412.45,149862,249,84,0,0
408246,1,0,852,0,64,38,173412.45,149862,249,84,0,0
408456,1,0,852,0,64,38,173412.45,149862,249,84,0,0
408630,1,0,852,0,64,38,173412.45,149862,249,84,0,0
408778,1,0,852,0,64,38,173412.45,149862,249,84,0,0
409028,1,0,852,0,64,38,173412.45,149862,249,84,0,0
409190,1,0,852,0,64,38,173413.45,149862,249,84,0,0
409297,1,0,853,0,64,38,173413.45,149862,249,84,0,0
409492,1,0,853,0,72,38,173413.45,149862,249,84,0,0
409624,1,0,853,0,100,38,173413.45,149862,249,84,0,0
409745,1,0,853,0,120,38,173413.45,149862,249,84,0,0
409776,1,0,853,0,128,38,173413.45,149862,249,84,0,0
409978,1,0,853,0,134,38,173413.45,149862,249,84,0,0
410078,1,0,854,0,134,38,173413.45,149862,249,84,0,0
410226,1,0,854,0,134,38,173413.45,149862,249,84,0,0
410371,1,0,854,0,134,38,173413.45,149862,249,84,0,0
410478,1,0,853,0,138,38,173413.45,149862,249,84,0,0
410578,1,0,853,0,156,38,173413.45,149862,249,84,0,0
410690,1,0,853,0,168,38,173413.45,149862,249,84,0,0
410858,1,0,853,0,182,38,173413.45,149862,249,84,0,0
410978,1,0,853,0,208,38,173413.45,149862,249,84,0,0
411078,1,0,852,0,214,38,173413.45,149862,249,84,0,0
411190,1,0,853,0,236,38,173413.45,149862,249,84,0,0
411245,1,0,853,0,236,38,173413.45,149862,249,84,0,0
411446,1,0,852,0,242,38,173413.45,149862,249,84,0,0
411570,1,0,852,0,244,38,173413.45,149862,249,84,0,0
411678,1,0,852,0,240,38,173413.45,149862,249,84,0,0
411754,1,0,852,0,240,38,173413.45,149862,249,84,0,0
411924,1,0,853,0,226,38,173413.45,149862,249,84,0,0
412028,1,0,854,0,218,38,173413.45,149862,249,84,0,0
412145,1,0,854,0,212,38,173413.45,149862,249,84,0,0
412245,1,0,855,0,204,38,173413.45,149862,249,84,0,0
412396,1,0,855,0,194,38,173413.45,149862,249,84,0,0
412478,1,0,854,0,176,38,173413.45,149862,249,84,0,0
412630,1,0,855,0,166,38,173413.45,149862,249,84,0,0
412726,1,0,855,0,158,38,173413.45,149862,249,84,0,0
412871,1,0,855,0,148,38,173413.45,149862,249,84,0,0
412978,1,0,856,0,144,38,173413.45,149862,249,84,0,0
413078,1,0,856,0,142,38,173413.45,149862,249,84,0,0
413226,1,0,856,0,142,38,173413.45,149862,249,84,0,0
413226,1,0,856,0,142,38,173413.45,149862,249,84,0,0
413470,1,0,824,0,138,38,173413.45,149862,249,84,0,0
413578,1,0,856,0,140,38,173413.45,149862,249,84,0,0
413690,1,0,856,0,142,38,173413.45,149862,249,84,0,0
413735,1,0,856,0,142,38,173413.45,149862,249,84,0,0
413945,1,0,856,0,142,38,173413.45,149862,249,84,0,0
414060,1,0,856,0,144,38,173414.47,149862,249,84,0,0
414178,1,0,856,0,144,38,173414.47,149862,249,84,0,0
414286,1,0,856,0,144,38,173414.47,149862,249,84,0,0
414394,1,0,856,0,144,38,173414.47,149862,249,84,0,0
414528,1,0,856,0,146,38,173414.47,149862,249,84,0,0
414646,1,0,856,0,148,38,173414.47,149862,249,84,0,0
414745,1,0,857,0,150,38,173414.47,149862,249,84,0,0
414881,1,0,857,0,150,38,173414.47,149862,249,84,0,0
414978,1,0,856,0,152,38,173414.47,149862,249,84,0,0
415130,1,0,857,0,152,38,173414.47,149862,249,84,0,0
415245,1,0,857,0,152,38,173414.47,149862,249,84,0,0
415245,1,0,857,0,152,38,173414.47,149862,249,84,0,0
415478,1,0,859,0,150,38,173414.47,149862,249,84,0,0
415578,1,0,860,0,150,38,173414.47,149862,249,84,0,0
415730,1,0,827,0,150,38,173414.47,149862,249,85,0,0
415855,1,0,827,0,152,38,173414.47,149862,249,85,0,0
415978,1,0,827,0,150,38,173414.47,149862,249,85,0,0
416078,1,0,827,0,150,38,173414.47,149862,249,85,0,0
416226,1,0,795,0,150,38,173414.47,149862,249,85,0,0
416226,1,0,795,0,150,38,173414.47,149862,249,85,0,0
416478,1,0,848,0,150,38,173414.47,149862,249,85,0,0
416578,1,0,841,0,150,38,173414.47,149862,249,85,0,0
416690,1,0,836,0,150,38,173414.47,149862,249,85,0,0
416745,1,0,834,0,150,38,173414.47,149862,249,85,0,0
416945,1,0,833,0,150,38,173414.47,149862,249,85,0,0
417060,1,0,832,0,150,38,173414.47,149862,249,85,0,0
417178,1,0,833,0,150,38,173414.47,149862,249,85,0,0
417230,1,0,833,0,150,38,173414.47,149862,249,85,0,0
417378,1,0,833,0,152,38,173414.47,149862,249,85,0,0
417528,1,0,833,0,150,38,173414.47,149862,249,85,0,0
417646,1,0,833,0,152,38,173414.47,149862,249,85,0,0
417745,1,0,833,0,152,38,173414.47,149862,249,85,0,0
417880,1,0,833,0,152,38,173414.47,149862,249,85,0,0
417978,1,0,835,0,168,38,173415.48,149862,249,85,0,0
418130,1,0,835,0,178,38,173415.48,149862,249,85,0,0
418245,1,0,835,0,184,38,173415.48,149862,249,85,0,0
418392,1,0,834,0,190,38,173415.48,149862,249,85,0,0
418478,1,0,834,0,196,38,173415.48,149862,249,85,0,0
418630,1,0,833,0,198,38,173415.48,149862,249,85,0,0
418745,1,0,834,0,198,38,173415.48,149862,249,85,0,0
418879,1,0,834,0,198,38,173415.48,149862,249,85,0,0
418978,1,0,835,0,198,38,173415.48,149862,249,85,0,0
419124,1,0,835,0,196,38,173415.48,149862,249,85,0,0
419240,1,0,834,0,196,38,173415.48,149862,249,85,0,0
419281,1,0,834,0,196,38,173415.48,149862,249,85,0,0
419478,1,0,834,0,196,38,173415.48,149862,249,85,0,0
419578,1,0,834,0,196,38,173415.48,149862,249,85,0,0
419690,1,0,834,0,196,38,173415.48,149862,249,85,0,0
419745,1,0,834,0,196,38,173415.48,149862,249,85,0,0
419945,1,0,834,0,196,38,173415.48,149862,249,85,0,0
420070,1,0,833,0,194,38,173415.48,149862,249,85,0,0
420178,1,0,833,0,192,38,173415.48,149862,249,85,0,0
420245,1,0,833,0,192,38,173415.48,149862,249,85,0,0
420424,1,0,833,0,190,38,173415.48,149862,249,85,0,0
420545,1,0,863,0,190,38,173415.48,149862,249,85,0,0
420646,1,0,863,0,190,38,173415.48,149862,249,85,0,0
420745,1,0,862,0,188,38,173415.48,149862,249,85,0,0
420878,1,0,862,0,188,38,173415.48,149862,249,85,0,0
421028,1,0,862,0,188,38,173415.48,149862,249,85,0,0
421145,1,0,863,0,188,38,173415.48,149862,249,85,0,0
421230,1,0,832,0,188,38,173415.48,149862,249,85,0,0
421378,1,0,832,0,188,38,173415.48,149862,249,85,0,0
421478,1,0,833,0,186,38,173415.48,149862,249,85,0,0
421624,1,0,832,0,186,38,173415.48,149862,249,85,0,0
421730,1,0,832,0,184,38,173416.48,149862,249,85,0,0
421730,1,0,832,0,184,38,173416.48,149862,249,85,0,0
421978,1,0,833,0,180,38,173416.48,149862,249,85,0,0
422078,1,0,833,0,180,38,173416.48,149862,249,85,0,0
422190,1,0,833,0,180,38,173416.48,149862,249,85,0,0
422251,1,0,833,0,180,38,173416.48,149862,249,85,0,0
422456,1,0,834,0,180,38,173416.48,149862,249,85,0,0
422578,1,0,834,0,180,38,173416.48,149862,249,85,0,0
422690,1,0,834,0,180,38,173416.48,149862,249,85,0,0
422730,1,0,834,0,180,38,173416.48,149862,249,85,0,0
422930,1,0,834,0,180,38,173416.48,149862,249,85,0,0
423045,1,0,833,0,180,38,173416.48,149862,249,85,0,0
423170,1,0,833,0,180,38,173416.48,149862,249,85,0,0
423279,1,0,833,0,180,38,173416.48,149862,249,85,0,0
423389,1,0,833,0,180,38,173416.48,149862,249,85,0,0
423528,1,0,833,0,180,38,173416.48,149862,249,85,0,0
423646,1,0,833,0,180,38,173416.48,149862,249,85,0,0
423744,1,0,834,0,180,38,173416.48,149862,249,85,0,0
423878,1,0,834,0,180,38,173416.48,149862,249,85,0,0
423978,1,0,833,0,180,38,173416.48,149862,249,85,0,0
424124,1,0,834,0,180,38,173416.48,149862,249,85,0,0
424230,1,0,835,0,180,38,173416.48,149862,249,85,0,0
424282,1,0,803,0,178,38,173416.48,149862,249,85,0,0
424478,1,0,834,0,178,38,173416.48,149862,249,85,0,0
424578,1,0,835,0,178,38,173416.48,149862,249,85,0,0
424730,1,0,835,0,176,38,173416.48,149862,249,85,0,0
424753,1,0,835,0,176,38,173416.48,149862,249,85,0,0
424952,1,0,835,0,176,38,173416.48,149862,249,85,0,0
425078,1,0,835,0,174,38,173416.48,149862,249,85,0,0
425190,1,0,836,0,174,38,173416.48,149862,249,85,0,0
425230,1,0,836,0,174,38,173416.48,149862,249,85,0,0
425430,1,0,836,0,172,38,173417.48,149862,249,85,0,0
425544,1,0,836,0,172,38,173417.48,149862,249,85,0,0
425670,1,0,836,0,172,38,173417.48,149862,249,85,0,0
425744,1,0,836,0,172,38,173417.48,149862,249,85,0,0
425878,1,0,837,0,172,38,173417.48,149862,249,85,0,0
426028,1,0,837,0,172,38,173417.48,149862,249,86,0,0
426144,1,0,836,0,172,38,173417.48,149862,249,86,0,0
426244,1,0,836,0,172,38,173417.48,149862,249,86,0,0
426387,1,0,836,0,172,38,173417.48,149862,249,86,0,0
426478,1,0,836,0,172,38,173417.48,149862,249,86,0,0
426630,1,0,836,0,174,38,173417.48,149862,249,86,0,0
426744,1,0,836,0,174,38,173417.48,149862,249,86,0,0
426772,1,0,836,0,174,38,173417.48,149862,249,86,0,0
426978,1,0,836,0,174,38,173417.48,149862,249,86,0,0
427078,1,0,835,0,174,38,173417.48,149862,249,86,0,0
427230,1,0,835,0,174,38,173417.48,149862,249,86,0,0
427244,1,0,835,0,174,38,173417.48,149862,249,86,0,0
427478,1,0,835,0,174,38,173417.48,149862,249,86,0,0
427591,1,0,835,0,176,38,173417.48,149862,249,86,0,0
427724,1,0,835,0,176,38,173417.48,149862,249,86,0,0
427746,1,0,834,0,176,38,173417.48,149862,249,86,0,0
427944,1,0,835,0,176,38,173417.48,149862,249,86,0,0
428078,1,0,833,0,176,38,173417.48,149862,249,86,0,0
428189,1,0,832,0,176,38,173417.48,149862,249,86,0,0
428244,1,0,833,0,176,38,173417.48,149862,249,86,0,0
428430,1,0,863,0,176,38,173417.48,149862,249,86,0,0
428528,1,0,863,0,176,38,173417.48,149862,249,86,0,0
428646,1,0,863,0,178,38,173417.48,149862,249,86,0,0
428771,1,0,863,0,178,38,173417.48,149862,249,86,0,0
428898,1,0,863,0,178,38,173417.48,149862,249,86,0,0
429024,1,0,863,0,178,38,173417.48,149862,249,86,0,0
429144,1,0,833,0,178,38,173418.50,149862,249,86,0,0
429230,1,0,833,0,178,38,173418.50,149862,249,86,0,0
429385,1,0,833,0,178,38,173418.50,149862,249,86,0,0
429478,1,0,833,0,178,38,173418.50,149862,249,86,0,0
429578,1,0,833,0,178,38,173418.50,149862,249,86,0,0
429730,1,0,833,0,178,38,173418.50,149862,249,86,0,0
429744,1,0,833,0,178,38,173418.50,149862,249,86,0,0
429978,1,0,833,0,178,38,173418.50,149862,249,86,0,0
430078,1,0,833,0,178,38,173418.50,149862,249,86,0,0
430189,1,0,832,0,178,38,173418.50,149862,249,86,0,0
430246,1,0,863,0,178,38,173418.50,149862,249,86,0,0
430455,1,0,862,0,178,38,173418.50,149862,249,86,0,0
430569,1,0,863,0,178,38,173418.50,149862,249,86,0,0
430689,1,0,863,0,178,38,173418.50,149862,249,86,0,0
430790,1,0,862,0,178,38,173418.50,149862,249,86,0,0
430897,1,0,861,0,178,38,173418.50,149862,249,86,0,0
431044,1,0,861,0,178,38,173418.50,149862,249,86,0,0
431169,1,0,860,0,178,38,173418.50,149862,249,86,0,0
431269,1,0,861,0,178,38,173418.50,149862,249,86,0,0
431409,1,0,861,0,178,38,173418.50,149862,249,86,0,0
431528,1,0,859,0,178,38,173418.50,149862,249,86,0,0
431646,1,0,859,0,178,38,173418.50,149862,249,86,0,0
431744,1,0,858,0,178,38,173418.50,149862,249,86,0,0
431878,1,0,858,0,178,38,173418.50,149862,249,86,0,0
431978,1,0,858,0,178,38,173418.50,149862,249,86,0,0
432124,1,0,858,0,178,38,173418.50,149862,249,86,0,0
432230,1,0,859,0,178,38,173418.50,149862,249,86,0,0
432276,1,0,859,0,178,38,173418.50,149862,249,86,0,0
432478,1,0,859,0,178,38,173418.50,149862,249,86,0,0
432578,1,0,859,0,178,38,173418.50,149862,249,86,0,0
432730,1,0,859,0,178,38,173418.50,149862,249,86,0,0
432788,1,0,859,0,178,38,173418.50,149862,249,86,0,0
432969,1,0,860,0,178,38,173418.50,149862,249,86,0,0
433078,1,0,860,0,178,38,173419.52,149862,249,86,0,0
433189,1,0,860,0,178,38,173419.52,149862,249,86,0,0
433244,1,0,860,0,178,38,173419.52,149862,249,86,0,0
433424,1,0,860,0,178,38,173419.52,149862,249,86,0,0
433559,1,0,860,0,178,38,173419.52,149862,249,86,0,0
433678,1,0,861,0,178,38,173419.52,149862,249,86,0,0
433778,1,0,861,0,178,38,173419.52,149862,249,86,0,0
433895,1,0,861,0,178,38,173419.52,149862,249,86,0,0
434044,1,0,861,0,178,38,173419.52,149862,249,86,0,0
434144,1,0,861,0,178,38,173419.52,149862,249,86,0,0
434278,1,0,862,0,178,38,173419.52,149862,249,86,0,0
434407,1,0,862,0,178,38,173419.52,149862,249,86,0,0
434528,1,0,863,0,180,38,173419.52,149862,248,86,0,0
434646,1,0,862,0,178,38,173419.52,149862,248,86,0,0
434730,1,0,863,0,178,38,173419.52,149862,248,86,0,0
434878,1,0,862,0,178,38,173419.52,149862,248,86,0,0
434978,1,0,862,0,178,38,173419.52,149862,248,86,0,0
435130,1,0,863,0,178,38,173419.52,149862,248,86,0,0
435244,1,0,862,0,178,38,173419.52,149862,248,86,0,0
435381,1,0,830,0,178,38,173419.52,149862,248,86,0,0
435478,1,0,862,0,178,38,173419.52,149862,248,86,0,0
435630,1,0,833,0,178,38,173419.52,149862,248,86,0,0
435744,1,0,833,0,178,38,173419.52,149862,248,86,0,0
435878,1,0,834,0,178,38,173419.52,149862,248,86,0,0
435978,1,0,833,0,178,38,173419.52,149862,248,86,0,0
436078,1,0,833,0,178,38,173419.52,149862,248,86,0,0
436230,1,0,832,0,178,38,173419.52,149862,248,86,0,0
436381,1,0,832,0,178,38,173419.52,149862,248,86,0,0
436478,1,0,863,0,178,38,173419.52,149862,248,86,0,0
436578,1,0,863,0,178,38,173419.52,149862,248,86,0,0
436730,1,0,800,0,178,38,173419.52,149862,248,86,0,0
436756,1,0,800,0,178,38,173419.52,149862,248,86,0,0
436969,1,0,832,0,178,38,173419.52,149862,248,86,0,0
437078,1,0,833,0,178,38,173420.52,149862,248,86,0,0
437189,1,0,833,0,178,38,173420.52,149862,248,86,0,0
437269,1,0,833,0,178,38,173420.52,149862,248,86,0,0
437406,1,0,833,0,178,38,173420.52,149862,248,86,0,0
437559,1,0,835,0,178,38,173420.52,149862,248,86,0,0
437678,1,0,835,0,178,38,173420.52,149862,248,86,0,0
437744,1,0,834,0,178,38,173420.52,149862,248,86,0,0
437878,1,0,835,0,178,38,173420.52,149862,248,86,0,0
438028,1,0,835,0,178,38,173420.52,149862,248,86,0,0
438144,1,0,835,0,178,38,173420.52,149862,248,86,0,0
438251,1,0,835,0,178,38,173420.52,149862,248,86,0,0
438405,1,0,835,0,178,38,173420.52,149862,248,86,0,0
438524,1,0,836,0,178,38,173420.52,149862,248,86,0,0
438646,1,0,836,0,178,38,173420.52,149862,248,86,0,0
438744,1,0,836,0,178,38,173420.52,149862,248,86,0,0
438769,1,0,836,0,178,38,173420.52,149862,248,86,0,0
438978,1,0,836,0,100,38,173420.52,149862,248,86,0,0
439130,1,0,836,0,18,38,173420.52,149862,248,86,0,0
439244,1,0,837,0,0,38,173420.52,149862,248,86,0,0
439271,1,0,837,0,0,38,173420.52,149862,248,86,0,0
439478,1,0,1142,0,0,38,173420.52,149862,248,86,0,0
439581,1,0,1169,0,0,38,173420.52,149862,248,86,0,0
439689,1,0,1094,0,0,38,173420.52,149862,248,86,0,0
439778,1,0,1112,11,0,38,173420.52,149862,248,86,0,0
439929,1,0,1302,34,0,38,173421.53,149862,248,86,0,0
440081,1,0,1478,42,0,38,173421.53,149862,248,86,0,0
440189,1,0,1572,46,0,38,173421.53,149862,248,86,0,0
440244,1,3,1603,49,0,38,173421.53,149862,248,86,0,0
440404,1,3,1603,49,0,38,173421.53,149862,248,86,0,0
440544,1,6,1582,52,0,38,173421.53,149862,248,86,0,0
440669,1,7,1555,58,0,38,173422.58,149862,248,86,0,0
440778,1,8,1553,61,0,38,173422.58,149862,248,86,0,0
440930,1,8,1556,64,0,38,173422.58,149862,248,86,0,0
441044,1,11,1586,64,0,38,173422.58,149862,248,86,0,0
441169,1,12,1679,66,0,38,173422.58,149862,248,86,0,0
441269,1,13,1823,67,0,38,173423.64,149862,248,86,0,0
441403,1,13,1887,67,0,38,173423.64,149862,248,86,0,0
441528,1,13,2119,40,0,38,173423.64,149862,248,86,0,0
441646,1,14,2360,3,0,38,173423.64,149862,248,86,0,0
441744,1,14,2382,0,0,38,173423.64,149862,248,86,0,0
441778,1,14,2350,0,0,38,173423.64,149862,248,86,0,0
441978,1,14,2165,0,0,38,173423.64,149862,248,86,0,0
442079,1,14,2080,0,0,38,173423.64,149862,248,86,0,0
442230,1,14,1999,0,0,38,173424.67,149862,248,86,0,0
442278,1,14,1967,0,0,38,173424.67,149862,248,86,0,0
442478,1,14,1733,0,0,38,173424.67,149862,248,86,0,0
442578,1,14,1601,30,0,38,173424.67,149862,248,86,0,0
442689,1,14,1477,66,0,38,173424.67,149862,248,86,0,0
442744,1,15,1424,81,0,38,173424.67,149862,248,86,0,0
442944,1,16,1185,91,0,38,173424.67,149862,248,86,0,0
443059,1,16,1227,92,0,38,173424.67,149862,248,86,0,0
443178,1,16,1285,95,0,38,173424.67,149862,248,86,0,0
443294,1,17,1329,95,0,38,173424.67,149862,248,86,0,0
443455,1,18,1384,96,0,38,173424.67,149862,248,86,0,0
443578,1,19,1459,95,0,38,173425.73,149862,248,86,0,0
443689,1,19,1474,88,0,38,173425.73,149862,248,86,0,0
443769,1,20,1520,83,0,38,173425.73,149862,248,86,0,0
443930,1,20,1599,77,0,38,173425.73,149862,248,85,0,0
444059,1,21,1600,77,0,38,173425.73,149862,248,85,0,0
444169,1,22,1680,77,0,38,173425.73,149862,248,85,0,0
444274,1,22,1695,77,0,38,173425.73,149862,248,85,0,0
444401,1,22,1727,77,0,38,173425.73,149862,248,85,0,0
444528,1,22,1779,76,0,38,173426.80,149862,248,85,0,0
444646,1,23,1809,73,0,38,173426.80,149862,248,85,0,0
444744,1,24,1805,73,0,38,173426.80,149862,248,85,0,0
444888,1,24,1805,73,0,38,173426.80,149862,248,85,0,0
445024,1,24,1878,72,0,38,173426.80,149862,248,85,0,0
445144,1,25,1891,72,0,38,173426.80,149862,248,85,0,0
445244,1,25,1928,71,0,38,173426.80,149862,248,85,0,0
445401,1,25,1928,59,0,38,173426.80,149862,248,85,0,0
445528,1,25,1955,53,0,38,173427.83,149862,248,85,0,0
445646,1,26,2008,57,0,38,173427.83,149862,248,85,0,0
445769,1,26,2027,60,0,38,173427.83,149862,248,85,0,0
445779,1,26,2027,60,0,38,173427.83,149862,248,85,0,0
445978,1,27,2066,62,0,38,173427.83,149862,248,85,0,0
446124,1,27,2051,67,0,38,173427.83,149862,248,85,0,0
446244,1,27,2104,67,0,38,173427.83,149862,248,85,0,0
446278,1,27,2136,67,0,38,173427.83,149862,248,85,0,0
446479,1,28,2157,67,0,38,173428.89,149862,248,85,0,0
446579,1,28,2152,67,0,38,173428.89,149862,248,85,0,0
446689,1,28,2182,67,0,38,173428.89,149862,248,85,0,0
446743,1,29,2178,67,0,38,173428.89,149862,248,85,0,0
446944,1,29,2238,59,0,38,173428.89,149862,248,85,0,0
447078,1,29,2225,57,0,38,173428.89,149862,248,85,0,0
447189,1,29,2271,39,0,38,173428.89,149862,248,85,0,0
447246,1,30,2219,38,0,38,173428.89,149862,248,85,0,0
447399,1,30,2251,38,0,38,173428.89,149862,248,85,0,0
447544,1,30,2290,43,0,38,173429.92,149862,248,85,0,0
447669,1,30,2277,43,0,38,173429.92,149862,248,85,0,0
447769,1,30,2290,43,0,38,173429.92,149862,248,85,0,0
447886,1,30,2290,43,0,38,173429.92,149862,248,85,0,0
448029,1,30,2315,40,0,38,173429.92,149862,248,85,0,0
448144,1,30,2312,40,0,38,173429.92,149862,248,85,0,0
448269,1,30,2334,40,0,38,173429.92,149862,248,85,0,0
448399,1,30,2334,40,0,38,173429.92,149862,248,85,0,0
448528,1,31,2345,46,0,38,173429.92,149862,248,85,0,0
448646,1,31,2353,55,0,38,173429.92,149862,248,85,0,0
448744,1,31,2394,61,0,38,173430.95,149862,248,85,0,0
448886,1,31,2394,62,0,38,173430.95,149862,248,85,0,0
449024,1,31,2411,65,0,38,173430.95,149862,248,85,0,0
449144,1,32,2455,67,0,38,173430.95,149862,248,85,0,0
449244,1,32,2492,68,0,38,173430.95,149862,248,85,0,0
449398,1,32,2492,69,0,38,173430.95,149862,248,85,0,0
449531,1,33,2529,72,0,38,173430.95,149862,248,85,0,0
449646,1,33,2539,72,0,38,173432.05,149862,248,85,0,0
449769,1,34,2588,72,0,38,173432.05,149862,248,85,0,0
449791,1,34,2588,72,0,38,173432.05,149862,248,85,0,0
450031,1,34,2631,76,0,38,173432.05,149862,248,85,0,0
450144,1,35,2665,77,0,38,173432.05,149862,248,85,0,0
450244,1,35,2667,75,0,38,173432.05,149862,248,85,0,0
450291,1,35,2699,75,0,38,173433.09,149862,248,85,0,0
450478,1,36,2775,70,0,38,173433.09,149862,248,85,0,0
450624,1,36,2805,62,0,38,173433.09,149862,248,85,0,0
450744,1,37,2795,46,0,38,173433.09,149862,248,85,0,0
450769,1,37,2795,46,0,38,173433.09,149862,248,85,0,0
450979,1,37,2735,0,0,38,173433.09,149862,248,85,0,0
451079,1,37,2636,0,0,38,173433.09,149862,248,85,0,0
451189,1,37,2481,0,0,38,173433.09,149862,248,85,0,0
451278,1,37,2305,0,0,38,173433.09,149862,248,85,0,0
451430,1,37,2158,6,0,38,173434.09,149862,248,85,0,0
451579,1,37,1938,21,0,38,173434.09,149862,248,85,0,0
451689,1,37,1971,31,0,38,173434.09,149862,248,85,0,0
451808,1,37,2019,44,0,38,173434.09,149862,248,85,0,0
451943,1,37,1995,64,0,38,173434.09,149862,248,85,0,0
452059,1,38,2025,82,0,38,173434.09,149862,248,85,0,0
452179,1,38,2046,83,0,38,173434.09,149862,248,85,0,0
452279,1,38,2069,92,0,38,173434.09,149862,248,85,0,0
452424,1,38,2069,96,0,38,173434.09,149862,248,85,0,0
452544,1,39,2101,98,0,38,173435.11,149862,248,85,0,0
452669,1,40,2141,98,0,38,173435.11,149862,248,85,0,0
452769,1,40,2153,98,0,38,173435.11,149862,248,85,0,0
452909,1,40,2153,98,0,38,173435.11,149862,248,85,0,0
453044,1,41,2193,91,0,38,173435.11,149862,248,85,0,0
453144,1,42,2221,90,0,38,173436.14,149862,248,85,0,0
453279,1,42,2241,85,0,38,173436.14,149862,248,85,0,0
453424,1,42,2255,83,0,38,173436.14,149862,248,85,0,0
453544,1,43,2302,82,0,38,173436.14,149862,248,85,0,0
453669,1,43,2325,65,0,38,173436.14,149862,248,85,0,0
453779,1,43,2325,49,0,38,173437.14,149862,248,85,0,0
453924,1,43,2325,0,0,38,173437.14,149862,248,85,0,0
454044,1,44,2311,0,0,38,173437.14,149862,248,85,0,0
454169,1,44,2322,0,0,38,173437.14,149862,248,85,0,0
454281,1,44,2319,0,0,38,173437.14,149862,248,85,0,0
454424,1,44,2325,0,0,38,173437.14,149862,248,85,0,0
454559,1,44,2326,0,0,38,173437.14,149862,248,85,0,0
454669,1,44,2358,0,0,38,173437.14,149862,248,85,0,0
454779,1,44,2309,0,0,38,173437.14,149862,248,85,0,0
454933,1,44,2309,0,0,38,173437.14,149862,248,85,0,0
455043,1,43,2294,0,0,38,173437.14,149862,248,85,0,0
455169,1,43,2331,0,0,38,173437.14,149862,248,85,0,0
455269,1,43,2335,0,0,38,173437.14,149862,248,85,0,0
455420,1,43,2335,0,0,38,173437.14,149862,248,85,0,0
455544,1,43,2314,1,0,38,173437.14,149862,248,85,0,0
455646,1,43,2287,1,0,38,173437.14,149862,248,85,0,0
455781,1,43,2292,1,0,38,173437.14,149862,248,85,0,0
455781,1,43,2292,1,0,38,173437.14,149862,248,85,0,0
456031,1,43,2301,3,0,38,173437.14,149862,248,85,0,0
456143,1,43,2301,3,0,38,173437.14,149862,248,85,0,0
456269,1,43,2301,3,0,38,173437.14,149862,248,85,0,0
456419,1,43,2301,4,0,38,173437.14,149862,248,85,0,0
456543,1,43,2333,11,0,38,173438.16,149862,248,85,0,0
456646,1,43,2333,18,0,38,173438.16,149862,248,85,0,0
456781,1,43,2333,23,0,38,173438.16,149862,248,85,0,0
456781,1,43,2333,23,0,38,173438.16,149862,248,85,0,0
457019,1,43,2304,36,0,38,173438.16,149862,248,85,0,0
457133,1,43,2335,39,0,38,173438.16,149862,248,85,0,0
457243,1,44,2317,40,0,38,173438.16,149862,248,85,0,0
457283,1,44,2317,40,0,38,173438.16,149862,248,85,0,0
457481,1,44,2304,40,0,38,173438.16,149862,248,85,0,0
457581,1,44,2366,40,0,38,173438.16,149862,248,85,0,0
457731,1,44,2350,41,0,38,173438.16,149862,248,85,0,0
457781,1,44,2350,41,0,38,173438.16,149862,248,85,0,0
457943,1,44,2350,41,0,38,173438.16,149862,248,85,0,0
458081,1,44,2384,47,0,38,173439.17,149862,248,85,0,0
458189,1,45,2386,48,0,38,173439.17,149862,248,85,0,0
458268,1,45,2372,49,0,38,173439.17,149862,248,85,0,0
458433,1,45,2392,51,0,38,173439.17,149862,248,85,0,0
458569,1,45,2399,51,0,38,173439.17,149862,248,85,0,0
458689,1,45,2406,51,0,38,173439.17,149862,248,85,0,0
458781,1,45,2431,51,0,38,173439.17,149862,248,85,0,0
458939,1,45,2431,47,0,38,173439.17,149862,248,85,0,0
459059,1,45,2406,39,0,38,173439.17,149862,248,85,0,0
459181,1,46,2429,32,0,38,173440.22,149862,248,85,0,0
459281,1,46,2410,28,0,38,173440.22,149862,248,85,0,0
459424,1,46,2410,26,0,38,173440.22,149862,248,85,0,0
459543,1,45,2410,24,0,38,173440.22,149862,248,85,0,0
459646,1,45,2411,24,0,38,173440.22,149862,248,85,0,0
459781,1,45,2412,24,0,38,173440.22,149862,248,85,0,0
459781,1,45,2412,24,0,38,173440.22,149862,248,85,0,0
460018,1,45,2411,51,0,38,173440.22,149862,248,85,0,0
460143,1,45,2408,54,0,38,173440.22,149862,248,85,0,0
460243,1,45,2423,57,0,38,173440.22,149862,248,85,0,0
460291,1,45,2423,57,0,38,173440.22,149862,248,85,0,0
460485,1,45,2423,59,0,38,173440.22,149862,248,85,0,0
460581,1,46,2408,62,0,38,173441.22,149862,248,85,0,0
460731,1,46,2422,67,0,38,173441.22,149862,248,85,0,0
460781,1,46,2454,67,0,38,173441.22,149862,248,85,0,0
460968,1,46,2417,68,0,38,173441.22,149862,248,85,0,0
461081,1,46,2456,69,0,38,173441.22,149862,248,85,0,0
461188,1,46,2461,69,0,38,173441.22,149862,248,85,0,0
461268,1,46,2432,69,0,38,173441.22,149862,248,85,0,0
461418,1,46,2432,70,0,38,173442.27,149862,248,85,0,0
461568,1,46,2467,70,0,38,173442.27,149862,248,85,0,0
461689,1,47,2465,70,0,38,173442.27,149862,248,85,0,0
461781,1,47,2465,69,0,38,173442.27,149862,248,85,0,0
461943,1,47,2464,63,0,38,173442.27,149862,248,85,0,0
462068,1,47,2469,60,0,38,173443.30,149862,248,85,0,0
462188,1,47,2478,57,0,38,173443.30,149862,248,85,0,0
462287,1,47,2475,57,0,38,173443.30,149862,248,85,0,0
462445,1,47,2468,57,0,38,173443.30,149862,248,85,0,0
462568,1,47,2493,57,0,38,173443.30,149862,248,85,0,0
462688,1,47,2495,51,0,38,173443.30,149862,248,85,0,0
462808,1,47,2494,48,0,38,173443.30,149862,248,85,0,0
462943,1,47,2493,48,0,38,173443.30,149862,248,85,0,0
463068,1,47,2483,47,0,38,173444.36,149862,248,85,0,0
463181,1,47,2480,47,0,38,173444.36,149862,248,85,0,0
463281,1,47,2481,47,0,38,173444.36,149862,248,85,0,0
463446,1,47,2467,47,0,38,173444.36,149862,248,85,0,0
463568,1,46,2466,47,0,38,173444.36,149862,248,85,0,0
463688,1,46,2467,47,0,38,173444.36,149862,248,85,0,0
463808,1,47,2465,47,0,38,173444.36,149862,248,85,0,0
463826,1,47,2465,47,0,38,173444.36,149862,248,85,0,0
464068,1,46,2463,47,0,38,173444.36,149862,248,85,0,0
464188,1,46,2463,47,0,38,173445.38,149862,248,85,0,0
464281,1,46,2463,47,0,38,173445.38,149862,248,85,0,0
464440,1,46,2463,47,0,38,173445.38,149862,248,85,0,0
464558,1,46,2433,47,0,38,173445.38,149862,245,85,0,0
464681,1,46,2465,43,0,38,173445.38,149862,245,85,0,0
464781,1,46,2434,34,0,38,173445.38,149862,245,85,0,0
464938,1,46,2440,0,0,38,173445.38,149862,245,85,0,0
465068,1,46,2422,0,0,38,173445.38,149862,245,85,0,0
465188,1,46,2420,0,0,38,173445.38,149862,245,85,0,0
465281,1,45,2422,0,0,38,173445.38,149862,245,85,0,0
465440,1,45,2422,0,0,38,173445.38,149862,245,85,0,0
465558,1,45,2393,0,0,38,173445.38,149862,245,85,0,0
465681,1,45,2361,0,4,38,173445.38,149862,245,85,0,0
465781,1,44,2390,0,14,38,173445.38,149862,245,85,0,0
465781,1,44,2390,0,14,38,173445.38,149862,245,85,0,0
466043,1,44,2332,0,18,38,173445.38,149862,245,85,0,0
466168,1,43,2333,0,18,38,173445.38,149862,245,85,0,0
466281,1,43,2300,0,20,38,173446.38,149862,245,85,0,0
466318,1,43,2300,0,20,38,173446.38,149862,245,85,0,0
466531,1,43,2268,0,22,38,173446.38,149862,245,85,0,0
466646,1,42,2208,0,32,38,173446.38,149862,245,85,0,0
466768,1,41,2203,0,56,38,173446.38,149862,245,85,0,0
466780,1,41,2203,0,56,38,173446.38,149862,245,85,0,0
466981,1,40,2112,0,62,38,173446.38,149862,245,85,0,0
467127,1,40,2080,0,62,38,173446.38,149862,245,85,0,0
467243,1,38,2048,0,64,38,173446.38,149862,245,85,0,0
467281,1,38,2016,0,82,38,173446.38,149862,245,85,0,0
467454,1,37,2016,0,82,38,173446.38,149862,245,85,0,0
467581,1,36,1888,0,104,38,173446.38,149862,245,85,0,0
467718,1,35,1824,0,106,38,173446.38,149862,245,85,0,0
467823,1,34,1792,0,104,38,173446.38,149862,245,85,0,0
467951,1,34,1792,0,104,38,173446.38,149862,245,85,0,0
468081,1,32,1664,0,104,38,173446.38,149862,245,85,0,0
468188,1,31,1600,0,98,38,173446.38,149862,245,85,0,0
468281,1,30,1568,0,96,38,173446.38,149862,245,85,0,0
468446,1,29,1568,0,96,38,173446.38,149862,245,85,0,0
468581,1,28,1490,0,64,38,173446.38,149862,245,85,0,0
468688,1,28,1486,0,44,38,173446.38,149862,245,85,0,0
468781,1,27,1447,0,10,38,173446.38,149862,245,85,0,0
468939,1,27,1461,0,10,38,173446.38,149862,245,85,0,0
469059,1,27,1351,0,0,38,173446.38,149862,245,85,0,0
469181,1,26,1266,0,0,38,173446.38,149862,245,85,0,0
469281,1,26,1228,0,0,38,173446.38,149862,245,85,0,0
469446,1,26,1279,0,0,38,173446.38,149862,245,85,0,0
469568,1,26,1233,0,0,38,173446.38,149862,245,85,0,0
469688,1,26,1224,0,0,38,173446.38,149862,245,85,0,0
469781,1,26,1191,0,0,38,173446.38,149862,245,85,0,0
469819,1,26,1191,0,0,38,173446.38,149862,245,85,0,0
470058,1,25,1189,0,0,38,173446.38,149862,245,85,0,0
470181,1,25,1349,22,0,38,173446.38,149862,245,85,0,0
470280,1,25,1608,34,0,38,173446.38,149862,245,85,0,0
470436,1,25,1697,40,0,38,173446.38,149862,245,85,0,0
470558,1,24,1931,46,0,38,173446.38,149862,245,85,0,0
470680,1,25,1865,56,0,38,173446.38,149862,245,85,0,0
470780,1,24,1889,68,0,38,173446.38,149862,245,85,0,0
470818,1,24,1889,85,0,38,173446.38,149862,245,85,0,0
471058,1,25,1975,128,0,38,173446.38,149862,245,85,0,0
471168,1,26,2002,145,0,38,173447.41,149862,245,85,0,0
471281,1,26,2074,147,0,38,173447.41,149862,245,85,0,0
471281,1,26,2074,147,0,38,173447.41,149862,245,85,0,0
471543,1,28,2144,158,0,38,173447.41,149862,245,85,0,0
471681,1,29,2222,157,0,38,173447.41,149862,245,85,0,0
471781,1,29,2274,151,0,38,173448.53,149862,245,85,0,0
471808,1,29,2274,151,0,38,173448.53,149862,245,85,0,0
472058,1,32,2417,116,0,38,173448.53,149862,245,85,0,0
472181,1,32,2525,116,0,38,173449.62,149862,245,85,0,0
472280,1,33,2535,114,0,38,173449.62,149862,245,85,0,0
472440,1,33,2571,104,0,38,173449.62,149862,245,85,0,0
472568,1,35,2684,100,0,38,173449.62,149862,245,85,0,0
472688,1,35,2728,96,0,38,173450.69,149862,245,85,0,0
472808,1,36,2722,90,0,38,173450.69,149862,245,85,0,0
472948,1,36,2775,85,0,38,173450.69,149862,245,85,0,0
473068,1,37,2844,76,0,38,173450.69,149862,245,85,0,0
473188,1,37,2847,70,0,38,173451.73,149862,245,85,0,0
473281,1,37,2848,66,0,38,173451.73,149862,245,85,0,0
473445,1,38,2879,57,0,38,173451.73,149862,245,85,0,0
473568,1,38,2845,14,0,38,173451.73,149862,245,85,0,0
473688,1,38,2831,0,0,38,173451.73,149862,245,85,0,0
473781,1,38,2845,0,0,38,173451.73,149862,245,85,0,0
473947,1,38,2845,0,0,38,173451.73,149862,245,85,0,0
474068,1,37,2819,0,0,38,173451.73,149862,245,85,0,0
474188,1,37,2786,0,0,38,173451.73,149862,245,85,0,0
474280,1,37,2804,0,0,38,173452.75,149862,245,85,0,0
474434,1,37,2785,0,0,38,173452.75,149862,245,85,0,0
474558,1,36,2763,0,0,38,173452.75,149862,245,85,0,0
474668,1,36,2748,0,14,38,173452.75,149862,245,85,0,0
474780,1,36,2700,0,22,38,173452.75,149862,245,85,0,0
474818,1,36,2700,0,22,38,173452.75,149862,245,85,0,0
475031,1,36,2620,0,54,38,173452.75,149862,245,85,0,0
475143,1,34,2573,0,60,38,173452.75,149862,245,85,0,0
475268,1,33,2528,0,62,38,173452.75,149862,245,85,0,0
475350,1,33,2464,0,62,38,173452.75,149862,245,85,0,0
475502,1,33,2400,0,64,38,173452.75,149862,245,85,0,0
475627,1,31,2368,0,64,38,173452.75,149862,245,85,0,0
475743,1,30,2304,0,64,38,173452.75,149862,245,85,0,0
475833,1,30,2240,0,64,38,173452.75,149862,245,85,0,0
475946,1,30,2240,0,64,38,173452.75,149862,245,85,0,0
476080,1,28,2144,0,64,38,173452.75,149862,245,85,0,0
476218,1,28,2080,0,64,38,173452.75,149862,245,85,0,0
476281,1,27,2048,0,62,38,173452.75,149862,245,85,0,0
476445,1,26,2016,0,62,38,173452.75,149862,245,85,0,0
476581,1,26,1920,0,46,38,173452.75,149862,245,85,0,0
476688,1,25,1888,0,44,38,173452.75,149862,245,85,0,0
476808,1,25,1856,0,44,38,173452.75,149862,245,85,0,0
476945,1,25,1824,0,44,38,173452.75,149862,245,85,0,0
477081,1,23,1760,0,44,38,173452.75,149862,245,85,0,0
477188,1,23,1728,0,46,38,173452.75,149862,245,85,0,0
477318,1,22,1664,0,48,38,173452.75,149862,245,85,0,0
477457,1,22,1632,0,48,38,173452.75,149862,245,85,0,0
477568,1,21,1600,0,54,38,173452.75,149862,245,85,0,0
477688,1,20,1504,0,54,38,173452.75,149862,245,85,0,0
477781,1,20,1504,0,54,38,173452.75,149862,245,85,0,0
477931,1,20,1409,0,54,38,173452.75,149862,245,85,0,0
478058,1,18,1387,0,62,38,173452.75,149862,245,85,0,0
478168,1,17,1333,0,94,38,173452.75,149862,245,85,0,0
478280,1,17,1297,0,104,38,173452.75,149862,245,85,0,0
478432,1,17,1286,0,104,38,173452.75,149862,245,85,0,0
478558,1,14,1255,0,104,38,173452.75,149862,245,85,0,0
478668,1,13,1254,0,80,38,173452.75,149862,245,85,0,0
478780,1,13,1221,0,28,38,173452.75,149862,245,85,0,0
478930,1,13,1191,0,28,38,173452.75,149862,245,85,0,0
479058,1,12,1191,0,0,38,173452.75,149862,245,85,0,0
479180,1,12,1159,0,0,38,173452.75,149862,245,85,0,0
479280,1,12,1159,0,0,38,173452.75,149862,245,85,0,0
479440,1,12,1128,0,0,38,173452.75,149862,245,85,0,0
479568,1,12,1129,0,0,38,173452.75,149862,245,85,0,0
479688,1,12,1129,0,0,38,173452.75,149862,245,85,0,0
479780,1,12,1097,0,0,38,173452.75,149862,245,85,0,0
479780,1,12,1097,0,0,38,173452.75,149862,245,85,0,0
480058,1,11,1515,36,0,38,173452.75,149862,245,85,0,0
480180,1,11,1739,39,0,38,173452.75,149862,245,85,0,0
480280,1,11,1696,41,0,38,173452.75,149862,245,85,0,0
480317,1,11,1696,41,0,38,173452.75,149862,245,85,0,0
480532,1,11,1604,42,0,38,173453.75,149862,245,85,0,0
480645,1,11,1640,48,0,38,173453.75,149862,245,85,0,0
480768,1,11,1641,61,0,38,173453.75,149862,245,85,0,0
480830,1,11,1675,80,0,38,173453.75,149862,245,85,0,0
480980,1,12,1776,80,0,38,173453.75,149862,245,85,0,0
481126,1,12,1815,90,0,38,173453.75,149862,245,85,0,0
481243,1,13,1889,95,0,38,173453.75,149862,245,85,0,0
481318,1,13,1921,98,0,38,173453.75,149862,245,85,0,0
481468,1,13,2006,98,0,38,173453.75,149862,245,85,0,0
481580,1,15,2220,98,0,38,173454.78,149862,245,85,0,0
481718,1,16,2307,77,0,38,173454.78,149862,245,85,0,0
481808,1,17,2326,77,0,38,173454.78,149862,245,85,0,0
481943,1,17,2323,69,0,38,173454.78,149862,245,85,0,0
482080,1,17,2456,55,0,38,173454.78,149862,245,85,0,0
482188,1,17,2472,55,0,38,173454.78,149862,245,85,0,0
482318,1,17,2497,59,0,38,173454.78,149862,245,85,0,0
482454,1,17,2538,59,0,38,173455.81,149862,245,85,0,0
482580,1,18,2603,60,0,38,173455.81,149862,245,85,0,0
482688,1,18,2677,57,0,38,173455.81,149862,245,85,0,0
482818,1,19,2719,56,0,38,173455.81,149862,245,85,0,0
482967,1,19,2746,56,0,38,173455.81,149862,245,85,0,0
483080,1,20,2848,57,0,38,173455.81,149862,245,85,0,0
483188,1,20,2906,68,0,38,173456.83,149862,245,85,0,0
483318,1,20,2973,75,0,38,173456.83,149862,245,85,0,0
483454,1,20,2973,75,0,38,173456.83,149862,245,85,0,0
483580,1,22,3110,88,0,38,173456.83,149862,245,85,0,0
483688,1,22,3224,90,0,38,173456.83,149862,245,85,0,0
483818,1,23,3298,90,0,38,173457.91,149862,245,85,0,0
483831,1,23,3349,90,0,38,173457.91,149862,245,85,0,0
484068,1,24,3474,94,0,38,173457.91,149862,245,85,0,0
484188,1,25,3601,94,0,38,173457.91,149862,245,85,0,0
484308,1,26,3657,94,0,38,173458.95,149862,245,85,0,0
484333,1,26,3684,94,0,38,173458.95,149862,245,85,0,0
484543,1,27,3809,96,0,38,173458.95,149862,245,85,0,0
484668,1,28,3908,97,0,38,173458.95,149862,245,85,0,0
484780,1,28,4048,97,0,38,173459.97,149862,245,85,0,0
484812,1,28,4048,97,0,39,173459.97,149862,245,85,0,0
485018,1,29,4214,90,0,39,173459.97,149862,245,85,0,0
485143,1,30,4287,56,0,39,173461.08,149862,245,85,0,0
485243,1,31,4219,24,0,39,173461.08,149862,245,85,0,0
485332,1,31,4107,0,0,39,173461.08,149862,245,85,0,0
485480,1,31,3904,0,0,39,173461.08,149862,245,85,0,0
485626,1,31,3720,0,0,39,173461.08,149862,245,85,0,0
485743,1,31,3456,0,0,39,173461.08,149862,245,85,0,0
485818,1,31,3392,0,0,39,173461.08,149862,245,85,0,0
485980,1,31,3040,0,0,39,173461.08,149862,245,85,0,0
486081,1,31,2784,0,0,39,173461.08,149862,245,85,0,0
486218,1,31,2496,0,0,39,173461.08,149862,245,85,0,0
486318,1,31,2208,0,0,39,173461.08,149862,245,85,0,0
486468,1,31,2197,0,0,39,173461.08,149862,245,85,0,0
486580,1,30,2289,0,0,39,173461.08,149862,245,85,0,0
486688,1,30,2290,0,0,39,173461.08,149862,245,85,0,0
486830,1,30,2301,0,0,39,173461.08,149862,245,85,0,0
486968,1,30,2301,0,0,39,173461.08,149862,245,85,0,0
487081,1,30,2298,0,0,39,173461.08,149862,245,85,0,0
487188,1,30,2299,0,0,39,173462.11,149862,245,85,0,0
487318,1,30,2299,0,0,39,173462.11,149862,245,85,0,0
487454,1,30,2268,0,0,39,173462.11,149862,245,85,0,0
487568,1,29,2267,0,0,39,173462.11,149862,245,85,0,0
487688,1,29,2235,0,0,39,173462.11,149862,245,85,0,0
487818,1,29,2235,0,0,39,173462.11,149862,245,85,0,0
487968,1,29,2234,0,0,39,173462.11,149862,245,85,0,0
488080,1,29,2232,0,0,39,173462.11,149862,245,85,0,0
488188,1,29,2199,0,0,39,173462.11,149862,245,85,0,0
488318,1,29,2199,0,0,39,173462.11,149862,245,85,0,0
488453,1,29,2198,0,0,39,173462.11,149862,245,85,0,0
488580,1,29,2193,0,0,39,173462.11,149862,245,85,0,0
488688,1,29,2138,0,0,39,173462.11,149862,245,85,0,0
488818,1,28,2164,0,0,39,173462.11,149862,245,85,0,0
488968,1,28,2124,0,0,39,173462.11,149862,245,85,0,0
489081,1,28,2141,0,0,39,173462.11,149862,245,85,0,0
489188,1,28,2109,0,0,39,173462.11,149862,245,85,0,0
489281,1,27,2094,0,0,39,173462.11,149862,245,85,0,0
489450,1,27,2094,0,0,39,173462.11,149862,245,85,0,0
489568,1,27,2044,0,0,39,173462.11,149862,245,85,0,0
489688,1,27,2029,0,0,39,173462.11,149862,245,85,0,0
489808,1,26,2012,0,0,39,173462.11,149862,245,85,0,0
489808,1,26,2012,0,0,39,173462.11,149862,245,85,0,0
490058,1,26,1952,0,0,39,173462.11,149862,245,85,0,0
490180,1,26,1952,25,0,39,173462.11,149862,245,85,0,0
490281,1,26,1973,28,0,39,173462.11,149862,245,85,0,0
490321,1,26,1973,28,0,39,173462.11,149862,245,85,0,0
490535,1,26,1918,19,0,39,173462.11,149862,245,85,0,0
490654,1,25,1888,19,0,39,173463.12,149862,245,85,0,0
490768,1,25,1930,16,0,39,173463.12,149862,245,85,0,0
490818,1,25,1930,0,0,39,173463.12,149862,245,85,0,0
491013,1,25,1891,0,88,39,173463.12,149862,245,85,0,0
491132,1,24,1830,0,82,39,173463.12,149862,245,85,0,0
491242,1,23,1765,0,88,39,173463.12,149862,245,85,0,0
491343,1,23,1672,0,84,39,173463.12,149862,245,85,0,0
491480,1,23,1602,0,82,39,173463.12,149862,245,85,0,0
491581,1,22,1596,0,16,39,173463.12,149862,245,85,0,0
491742,1,22,1530,0,12,39,173463.12,149862,245,85,0,0
491807,1,22,1498,0,0,39,173463.12,149862,245,85,0,0
491968,1,22,1461,0,16,39,173463.12,149862,245,85,0,0
492081,1,21,1389,0,26,39,173463.12,149862,245,85,0,0
492217,1,21,1355,0,38,39,173463.12,149862,245,85,0,0
492343,1,21,1321,0,52,39,173463.12,149862,245,85,0,0
492480,1,21,1289,0,54,39,173463.12,149862,245,85,0,0
492581,1,19,1257,0,106,39,173463.12,149862,245,85,0,0
492718,1,19,1256,0,72,39,173463.12,149862,245,85,0,0
492817,1,19,1222,0,2,39,173463.12,149862,245,85,0,0
492967,1,18,1221,0,12,39,173463.12,149862,245,85,0,0
493080,1,18,1189,0,2,39,173463.12,149862,245,85,0,0
493217,1,18,1156,0,6,39,173463.12,149862,245,85,0,0
493332,1,18,1155,0,0,39,173464.12,149862,245,85,0,0
493473,1,18,1155,0,0,39,173464.12,149862,245,85,0,0
493580,1,18,1122,0,0,39,173464.12,149862,245,85,0,0
493688,1,18,1122,0,0,39,173464.12,149862,245,85,0,0
493817,1,18,1122,0,0,39,173464.12,149862,245,85,0,0
493960,1,18,1122,0,0,39,173464.12,149862,245,85,0,0
494080,1,17,1154,0,0,39,173464.12,149862,245,85,0,0
494188,1,17,1218,4,0,39,173464.12,149862,245,85,0,0
494317,1,17,1440,14,0,39,173464.12,149862,245,85,0,0
494332,1,17,1566,14,0,39,173464.12,149862,245,85,0,0
494567,1,15,2017,21,0,39,173464.12,149862,245,85,0,0
494687,1,15,2313,30,0,39,173464.12,149862,245,85,0,0
494807,1,15,2365,30,0,38,173464.12,149862,245,85,0,0
494817,1,15,2365,30,0,38,173464.12,149862,245,85,0,0
495042,1,15,2186,32,0,38,173464.12,149862,245,85,0,0
495167,1,16,2288,42,0,38,173464.12,149862,245,85,0,0
495281,1,16,2288,56,0,38,173464.12,149862,245,85,0,0
495343,1,16,2304,66,0,38,173464.12,149862,245,85,0,0
495517,1,16,2412,77,0,38,173464.12,149862,245,85,0,0
495632,1,17,2509,78,0,38,173465.16,149862,245,85,0,0
495742,1,18,2556,78,0,38,173465.16,149862,245,85,0,0
495817,1,18,2620,78,0,38,173465.16,149862,245,85,0,0
495967,1,18,2629,78,0,38,173465.16,149862,245,85,0,0
496081,1,20,2831,79,0,38,173465.16,149862,245,85,0,0
496232,1,20,2940,79,0,38,173466.22,149862,245,85,0,0
496342,1,21,3031,78,0,38,173466.22,149862,245,86,0,0
496481,1,21,3130,78,0,38,173466.22,149862,245,86,0,0
496581,1,22,3164,67,0,38,173466.22,149862,245,86,0,0
496717,1,22,3179,40,0,38,173466.22,149862,245,86,0,0
496817,1,23,3174,13,0,38,173467.27,149862,245,86,0,0
496967,1,23,3180,13,0,38,173467.27,149862,245,86,0,0
497081,1,23,2955,0,0,38,173467.27,149862,245,86,0,0
497187,1,23,2824,0,0,38,173467.27,149862,245,86,0,0
497307,1,23,2656,0,0,38,173467.27,149862,245,86,0,0
497453,1,23,2656,0,0,38,173467.27,149862,242,86,0,0
497567,1,23,2452,0,0,38,173467.27,149862,242,86,0,0
497687,1,23,2131,0,0,38,173467.27,149862,242,86,0,0
497807,1,23,1849,6,0,38,173467.27,149862,242,86,0,0
497819,1,23,1849,16,0,38,173467.27,149862,242,86,0,0
498057,1,23,1824,65,0,38,173467.27,149862,242,86,0,0
498167,1,24,1879,92,0,38,173467.27,149862,242,86,0,0
498281,1,24,1834,92,0,38,173467.27,149862,242,86,0,0
498342,1,24,1871,99,0,38,173467.27,149862,242,86,0,0
498532,1,24,1925,103,0,38,173468.34,149862,242,86,0,0
498645,1,26,1975,106,0,38,173468.34,149862,242,86,0,0
498767,1,26,1991,107,0,38,173468.34,149862,242,86,0,0
498831,1,26,2062,108,0,38,173468.34,149862,242,86,0,0
498983,1,27,2062,108,0,38,173468.34,149862,242,86,0,0
499133,1,28,2176,109,0,38,173468.34,149862,242,86,0,0
499242,1,29,2212,109,0,38,173469.41,149862,242,86,0,0
499317,1,29,2244,109,0,38,173469.41,149862,242,86,0,0
499481,1,29,2318,109,0,38,173469.41,149862,242,86,0,0
499581,1,31,2366,109,0,38,173469.41,149862,242,86,0,0
499732,1,31,2445,110,0,38,173470.52,149862,242,86,0,0
499832,1,32,2518,110,0,38,173470.52,149862,242,86,0,0
499967,1,33,2518,110,0,38,173470.52,149862,242,86,0,0
500081,1,33,2541,106,0,38,173470.52,149862,242,86,0,0
500217,1,34,2577,100,0,38,173471.58,149862,242,86,0,0
500307,1,34,2643,100,0,38,173471.58,149862,242,86,0,0
500453,1,35,2643,96,0,38,173471.58,149862,242,86,0,0
500581,1,36,2734,94,0,38,173471.58,149862,242,86,0,0
500687,1,36,2758,91,0,38,173471.58,149862,242,86,0,0
500817,1,37,2813,67,0,38,173472.62,149862,242,86,0,0
500956,1,37,2806,67,0,38,173472.62,149862,242,86,0,0
501081,1,37,2862,66,0,38,173472.62,149862,242,86,0,0
501187,1,37,2856,66,0,38,173472.62,149862,242,86,0,0
501307,1,38,2861,65,0,38,173472.62,149862,242,86,0,0
501453,1,38,2861,64,0,38,173472.62,149862,242,86,0,0
501567,1,38,2911,49,0,38,173472.62,149862,242,86,0,0
501687,1,38,2898,36,0,38,173473.66,149862,242,86,0,0
501817,1,38,2910,14,0,38,173473.66,149862,242,86,0,0
501955,1,38,2870,14,0,38,173473.66,149862,242,86,0,0
502067,1,38,2848,0,0,38,173473.66,149862,242,86,0,0
502187,1,38,2817,0,0,38,173473.66,149862,242,86,0,0
502281,1,38,2851,0,0,38,173473.66,149862,242,86,0,0
502333,1,38,2851,0,0,38,173473.66,149862,242,86,0,0
502542,1,37,2822,0,0,38,173473.66,149862,242,86,0,0
502667,1,37,2803,0,0,38,173473.66,149862,242,86,0,0
502783,1,37,2792,0,0,38,173473.66,149862,242,86,0,0
502842,1,37,2785,0,0,38,173473.66,149862,242,86,0,0
502981,1,37,2763,0,0,38,173473.66,149862,242,86,0,0
503142,1,36,2746,0,0,38,173473.66,149862,242,86,0,0
503242,1,36,2700,0,0,38,173473.66,149862,242,86,0,0
503331,1,36,2700,0,0,38,173473.66,149862,242,86,0,0
503453,1,35,2700,0,0,38,173473.66,149862,242,86,0,0
503581,1,35,2656,0,0,38,173473.66,149862,242,86,0,0
503732,1,35,2624,0,0,38,173473.66,149862,242,86,0,0
503845,1,34,2624,0,0,38,173473.66,149862,242,86,0,0
503967,1,34,2592,0,0,38,173473.66,149862,242,86,0,0
504081,1,34,2560,0,0,38,173473.66,149862,242,86,0,0
504217,1,34,2528,0,0,38,173473.66,149862,242,86,0,0
504317,1,33,2528,0,0,38,173473.66,149862,242,86,0,0
504317,1,33,2528,0,0,38,173473.66,149862,242,86,0,0
504567,1,33,2464,0,0,38,173473.66,149862,242,86,0,0
504687,1,32,2464,0,0,38,173473.66,149862,242,86,0,0
504782,1,32,2432,0,0,38,173473.66,149862,242,86,0,0
504840,1,32,2432,0,0,38,173473.66,149862,242,86,0,0
505057,1,32,2400,0,0,38,173473.66,149862,242,86,0,0
505167,1,31,2368,0,0,38,173473.66,149862,242,86,0,0
505281,1,31,2368,0,0,38,173473.66,149862,242,86,0,0
505331,1,31,2336,0,0,38,173473.66,149862,242,86,0,0
505533,1,31,2354,2,0,38,173473.66,149862,242,86,0,0
505642,1,31,2311,2,0,38,173473.66,149862,242,86,0,0
505767,1,30,2322,2,0,38,173473.66,149862,242,86,0,0
505842,1,30,2319,3,0,38,173473.66,149862,242,86,0,0
505981,1,30,2335,6,0,38,173473.66,149862,242,86,0,0
506133,1,30,2333,13,0,38,173474.67,149862,242,87,0,0
506242,1,30,2333,14,0,38,173474.67,149862,242,87,0,0
506353,1,30,2273,14,0,38,173474.67,149862,242,87,0,0
506481,1,30,2281,14,0,38,173474.67,149862,242,87,0,0
506581,1,30,2284,14,0,38,173474.67,149862,242,87,0,0
506731,1,30,2285,14,0,38,173474.67,149862,242,87,0,0
506782,1,30,2285,14,0,38,173474.67,149862,242,87,0,0
506967,1,30,2285,16,0,38,173474.67,149862,242,87,0,0
507081,1,30,2286,28,0,38,173474.67,149862,242,87,0,0
507217,1,30,2276,32,0,38,173474.67,149862,242,87,0,0
507332,1,30,2273,32,0,38,173474.67,149862,242,87,0,0
507468,1,30,2273,32,0,38,173474.67,149862,242,87,0,0
507582,1,30,2275,34,0,38,173474.67,149862,242,87,0,0
507687,1,30,2304,35,0,38,173475.70,149862,242,87,0,0
507781,1,30,2333,35,0,38,173475.70,149862,242,87,0,0
507951,1,30,2333,35,0,38,173475.70,149862,242,87,0,0
508067,1,30,2302,35,0,38,173475.70,149862,242,87,0,0
508188,1,30,2333,35,0,38,173475.70,149862,242,87,0,0
508307,1,30,2333,35,0,38,173475.70,149862,242,87,0,0
508355,1,30,2330,23,0,38,173475.70,149862,242,87,0,0
508542,1,30,2297,0,0,38,173475.70,149862,242,87,0,0
508667,1,30,2295,0,0,38,173475.70,149862,242,87,0,0
508782,1,30,2288,0,0,38,173475.70,149862,242,87,0,0
508832,1,30,2287,0,0,38,173475.70,149862,242,87,0,0
509019,1,30,2290,0,0,38,173475.70,149862,242,87,0,0
509142,1,30,2293,0,0,38,173475.70,149862,242,87,0,0
509267,1,30,2257,0,0,38,173475.70,149862,242,87,0,0
509317,1,30,2257,0,0,38,173475.70,149862,242,87,0,0
509453,1,29,2259,0,0,38,173475.70,149862,242,87,0,0
509625,1,29,2232,0,0,38,173475.70,149862,242,87,0,0
509742,1,29,2203,0,0,38,173476.70,149862,242,87,0,0
509832,1,29,2191,0,0,38,173476.70,149862,242,87,0,0
509982,1,29,2175,0,0,38,173476.70,149862,242,87,0,0
510081,1,28,2171,0,0,38,173476.70,149862,242,87,0,0
510231,1,28,2142,0,0,38,173476.70,149862,242,87,0,0
510317,1,28,2142,0,0,38,173476.70,149862,242,87,0,0
510468,1,28,2126,0,0,38,173476.70,149862,242,87,0,0
510581,1,27,2048,0,0,38,173476.70,149862,242,87,0,0
510717,1,27,2048,0,0,38,173476.70,149862,242,87,0,0
510822,1,27,2016,0,0,38,173476.70,149862,242,87,0,0
510949,1,27,2016,0,0,38,173476.70,149862,242,87,0,0
511082,1,26,1984,0,0,38,173476.70,149862,242,87,0,0
511187,1,26,1952,0,0,38,173476.70,149862,242,87,0,0
511317,1,26,1952,0,0,38,173476.70,149862,242,87,0,0
511468,1,26,1920,0,0,38,173476.70,149862,242,87,0,0
511581,1,25,1888,0,0,38,173476.70,149862,242,87,0,0
511688,1,25,1888,0,0,38,173476.70,149862,242,87,0,0
511821,1,25,1856,0,0,38,173476.70,149862,242,87,0,0
511832,1,25,1856,0,0,38,173476.70,149862,242,87,0,0
512082,1,24,1824,0,0,38,173476.70,149862,242,87,0,0
512188,1,24,1792,0,0,38,173476.70,149862,242,87,0,0
512317,1,24,1792,0,0,38,173476.70,149862,242,87,0,0
512343,1,24,1792,0,0,38,173476.70,149862,242,87,0,0
512557,1,23,1792,0,0,38,173476.70,149862,242,87,0,0
512667,1,23,1728,0,0,38,173476.70,149862,242,87,0,0
512782,1,23,1728,0,0,38,173476.70,149862,242,87,0,0
512843,1,22,1728,0,0,38,173476.70,149862,242,87,0,0
513032,1,22,1696,0,0,38,173476.70,149862,242,87,0,0
513142,1,22,1664,0,0,38,173476.70,149862,242,87,0,0
513267,1,22,1632,0,0,38,173476.70,149862,242,87,0,0
513352,1,22,1632,0,0,38,173476.70,149862,242,87,0,0
513512,1,22,1600,0,0,38,173476.70,149862,242,87,0,0
513625,1,21,1600,7,0,38,173476.70,149862,242,87,0,0
513742,1,21,1614,12,0,38,173476.70,149862,242,87,0,0
513842,1,21,1604,19,0,38,173476.70,149862,242,87,0,0
513982,1,21,1609,19,0,38,173476.70,149862,242,87,0,0
514085,1,21,1624,22,0,38,173476.70,149862,242,87,0,0
514232,1,21,1557,22,0,38,173476.70,149862,242,87,0,0
514334,1,21,1587,22,0,38,173476.70,149862,242,87,0,0
514334,1,21,1587,22,0,38,173476.70,149862,242,87,0,0
514582,1,21,1590,11,0,38,173476.70,149862,242,87,0,0
514717,1,21,1589,0,0,38,173476.70,149862,242,87,0,0
514835,1,21,1591,0,0,38,173476.70,149862,242,87,0,0
514972,1,21,1559,0,0,38,173476.70,149862,242,87,0,0
515082,1,20,1548,0,0,38,173476.70,149862,242,87,0,0
515190,1,20,1546,0,0,38,173476.70,149862,242,87,0,0
515317,1,20,1545,0,0,38,173476.70,149862,242,87,0,0
515337,1,20,1544,0,0,38,173476.70,149862,242,87,0,0
515585,1,20,1510,0,0,38,173476.70,149862,242,87,0,0
515690,1,20,1477,0,0,38,173476.70,149862,242,87,0,0
515817,1,19,1477,0,0,38,173476.70,149862,242,87,0,0
515855,1,19,1476,0,0,38,173476.70,149862,242,87,0,0
516082,1,19,1443,0,0,38,173476.70,149862,242,87,0,0
516188,1,19,1441,0,0,38,173476.70,149862,242,87,0,0
516317,1,19,1441,0,0,38,173476.70,149862,242,87,0,0
516343,1,19,1441,0,0,38,173477.72,149862,242,87,0,0
516557,1,19,1441,14,0,38,173477.72,149862,242,87,0,0
516667,1,19,1408,25,0,38,173477.72,149862,242,87,0,0
516784,1,19,1448,28,0,38,173477.72,149862,242,87,0,0
516843,1,19,1497,30,0,38,173477.72,149862,242,87,0,0
516997,1,19,1497,30,0,38,173477.72,149862,242,87,0,0
517142,1,19,1467,38,0,38,173477.72,149862,242,87,0,0
517267,1,19,1468,38,0,38,173477.72,149862,242,87,0,0
517343,1,19,1443,39,0,38,173477.72,149862,242,87,0,0
517485,1,19,1483,39,0,38,173477.72,149862,242,87,0,0
517636,1,19,1480,39,0,38,173477.72,149862,242,87,0,0
517742,1,19,1479,39,0,38,173477.72,149862,242,87,0,0
517835,1,19,1479,35,0,38,173477.72,149862,242,87,0,0
517984,1,19,1511,35,0,38,173477.72,149862,242,87,0,0
518085,1,20,1510,30,0,38,173477.72,149862,242,87,0,0
518234,1,20,1531,30,0,38,173477.72,149862,242,87,0,0
518343,1,20,1565,30,0,38,173477.72,149862,242,87,0,0
518485,1,20,1565,30,0,38,173477.72,149862,242,87,0,0
518585,1,20,1567,30,0,38,173477.72,149862,242,87,0,0
518734,1,20,1565,30,0,38,173478.75,149862,242,87,0,0
518843,1,20,1596,30,0,38,173478.75,149862,242,87,0,0
518970,1,20,1596,30,0,38,173478.75,149862,242,87,0,0
519085,1,21,1595,30,0,38,173478.75,149862,242,87,0,0
519217,1,21,1595,30,0,38,173478.75,149862,242,87,0,0
519335,1,21,1595,30,0,38,173478.75,149862,242,87,0,0
519343,1,21,1595,30,0,38,173478.75,149862,242,87,0,0
519585,1,21,1631,30,0,38,173478.75,149862,242,87,0,0
519716,1,21,1600,30,0,38,173478.75,149862,242,87,0,0
519817,1,21,1602,30,0,38,173478.75,149862,242,87,0,0
519969,1,21,1602,30,0,38,173478.75,149862,242,87,0,0
520084,1,21,1603,30,0,38,173478.75,149862,242,87,0,0
520190,1,21,1635,30,0,38,173478.75,149862,242,87,0,0
520317,1,21,1636,30,0,38,173478.75,149862,242,87,0,0
520374,1,22,1636,30,0,38,173478.75,149862,242,87,0,0
520567,1,22,1668,33,0,38,173478.75,149862,242,87,0,0
520684,1,22,1668,34,0,38,173479.75,149862,242,87,0,0
520784,1,22,1672,34,0,38,173479.75,149862,242,87,0,0
520834,1,22,1678,35,0,38,173479.75,149862,242,87,0,0
521041,1,22,1711,38,0,38,173479.75,149862,242,87,0,0
521142,1,22,1712,41,0,38,173479.75,149862,242,87,0,0
521269,1,22,1715,44,0,38,173479.75,149862,242,87,0,0
521343,1,23,1751,44,0,38,173479.75,149862,242,87,0,0
521485,1,23,1732,44,0,38,173479.75,149862,242,87,0,0
521642,1,23,1775,45,0,38,173479.75,149862,242,87,0,0
521741,1,23,1776,45,0,38,173479.75,149862,242,87,0,0
521841,1,23,1780,45,0,38,173479.75,149862,242,87,0,0
521984,1,23,1814,45,0,38,173479.75,149862,242,87,0,0
522085,1,24,1814,45,0,38,173480.75,149862,242,87,0,0
522234,1,24,1848,45,0,38,173480.75,149862,242,87,0,0
522343,1,24,1848,45,0,38,173480.75,149862,242,87,0,0
522485,1,24,1881,41,0,38,173480.75,149862,242,87,0,0
522584,1,24,1881,39,0,38,173480.75,149862,242,87,0,0
522734,1,24,1872,32,0,38,173480.75,149862,242,87,0,0
522843,1,25,1857,28,0,38,173480.75,149862,242,87,0,0
522993,1,25,1857,24,0,38,173480.75,149862,242,87,0,0
523125,1,25,1903,13,0,38,173480.75,149862,242,87,0,0
523241,1,25,1887,12,0,38,173480.75,149862,242,87,0,0
523343,1,25,1878,8,0,38,173480.75,149862,242,87,0,0
523485,1,25,1867,8,0,38,173480.75,149862,242,87,0,0
523585,1,25,1861,2,0,38,173480.75,149862,242,87,0,0
523717,1,25,1886,0,0,38,173481.75,149862,242,87,0,0
523843,1,25,1851,0,0,38,173481.75,149862,242,87,0,0
523992,1,25,1851,0,0,38,173481.75,149862,242,87,0,0
524084,1,24,1883,0,0,38,173481.75,149862,242,87,0,0
524216,1,24,1883,0,0,38,173481.75,149862,242,87,0,0
524343,1,24,1835,0,0,38,173481.75,149862,242,87,0,0
524485,1,24,1829,0,0,38,173481.75,149862,242,87,0,0
524584,1,24,1816,0,0,38,173481.75,149862,242,87,0,0
524716,1,24,1802,0,0,38,173481.75,149862,242,87,0,0
524843,1,23,1787,1,0,38,173481.75,149862,242,87,0,0
524992,1,23,1787,3,0,38,173481.75,149862,242,87,0,0
525085,1,23,1784,5,0,38,173481.75,149862,242,87,0,0
525216,1,23,1768,13,0,38,173481.75,149862,242,87,0,0
525343,1,23,1790,19,0,38,173481.75,149862,242,87,0,0
525485,1,23,1802,21,0,38,173481.75,149862,242,87,0,0
525585,1,23,1757,21,0,38,173481.75,149862,242,87,0,0
525734,1,23,1763,0,0,38,173481.75,149862,242,87,0,0
525843,1,23,1747,0,0,38,173481.75,149862,242,87,0,0
525991,1,23,1747,0,0,38,173481.75,149862,242,87,0,0
526084,1,23,1755,0,0,38,173481.75,149862,242,87,0,0
526234,1,23,1753,0,0,38,173481.75,149862,242,87,0,0
526343,1,23,1751,0,0,38,173481.75,149862,242,87,0,0
526485,1,23,1749,0,0,38,173481.75,149862,242,87,0,0
526585,1,23,1727,0,0,38,173481.75,149862,242,87,0,0
526716,1,22,1715,0,0,38,173481.75,149862,242,87,0,0
526843,1,22,1702,0,0,38,173482.75,149862,242,87,0,0
526885,1,22,1702,0,0,38,173482.75,149862,242,87,0,0
527084,1,22,1690,0,0,38,173482.75,149862,242,87,0,0
527216,1,22,1643,0,0,38,173482.75,149862,242,87,0,0
527343,1,21,1611,0,0,38,173482.75,149862,242,87,0,0
527343,1,21,1611,0,0,38,173482.75,149862,242,87,0,0
527584,1,21,1596,0,0,38,173482.75,149862,242,87,0,0
527716,1,21,1579,0,0,38,173482.75,149862,242,87,0,0
527834,1,20,1562,0,0,38,173482.75,149862,242,87,0,0
527851,1,20,1562,0,0,38,173482.75,149862,242,87,0,0
528066,1,20,1514,0,0,38,173482.75,149862,242,87,0,0
528190,1,20,1511,0,0,38,173482.75,149862,242,87,0,0
528306,1,19,1498,0,0,38,173482.75,149862,242,87,0,0
528369,1,19,1492,0,0,38,173482.75,149862,242,87,0,0
528554,1,19,1448,0,0,38,173482.75,149862,242,87,0,0
528666,1,19,1446,0,0,38,173482.75,149862,242,87,0,0
528784,1,19,1413,0,0,38,173482.75,149862,242,87,0,0
528842,1,19,1413,0,0,38,173482.75,149862,242,87,0,0
528989,1,19,1413,0,0,38,173482.75,149862,242,87,0,0
529141,1,18,1411,0,0,38,173482.75,149862,242,87,0,0
529266,1,18,1379,0,28,38,173482.75,149862,242,87,0,0
529369,1,18,1379,0,24,38,173482.75,149862,242,87,0,0
529502,1,18,1379,0,24,38,173482.75,149862,242,87,0,0
529625,1,18,1283,0,40,38,173482.75,149862,242,87,0,0
529741,1,17,1249,0,64,38,173482.75,149862,242,87,0,0
529843,1,16,1247,0,66,38,173482.75,149862,242,87,0,0
529989,1,16,1247,0,66,38,173482.75,149862,242,87,0,0
530084,1,16,1213,0,64,38,173482.75,149862,242,87,0,0
530234,1,15,1212,0,66,38,173482.75,149862,242,87,0,0
530343,1,14,1179,0,64,38,173482.75,149862,242,87,0,0
530390,1,14,1179,0,62,38,173482.75,149862,242,87,0,0
530584,1,14,1148,0,38,38,173482.75,149862,242,87,0,0
530716,1,13,1148,0,22,38,173482.75,149862,242,87,0,0
530834,1,13,1148,0,4,38,173482.75,149862,242,87,0,0
530988,1,13,1116,0,0,38,173482.75,149862,242,87,0,0
531084,1,13,1117,0,0,38,173482.75,149862,242,87,0,0
531216,1,13,1116,0,0,38,173482.75,149862,242,87,0,0
531342,1,12,1117,0,0,38,173482.75,149862,242,87,0,0
531369,1,12,1117,0,0,38,173482.75,149862,242,87,0,0
531584,1,12,1118,0,0,38,173482.75,149862,242,87,0,0
531690,1,12,1117,0,0,38,173482.75,149862,242,87,0,0
531816,1,12,1117,0,0,38,173482.75,149862,242,87,0,0
531849,1,12,1116,0,0,38,173482.75,149862,242,87,0,0
532056,1,11,1145,0,0,38,173483.77,149862,242,87,0,0
532216,1,11,1144,0,0,38,173483.77,149862,242,87,0,0
532343,1,10,1203,0,0,38,173483.77,149862,242,87,0,0
532369,1,10,1203,0,0,38,173483.77,149862,242,87,0,0
532566,1,10,1267,0,0,38,173483.77,149862,242,87,0,0
532690,1,9,1364,0,0,38,173483.77,149862,242,87,0,0
532816,1,9,1333,0,0,38,173483.77,149862,242,87,0,0
532843,1,9,1333,0,0,38,173483.77,149862,242,87,0,0
533056,1,9,1237,0,0,38,173483.77,149862,242,87,0,0
533166,1,8,1270,6,0,38,173483.77,149862,242,87,0,0
533284,1,8,1272,9,0,38,173483.77,149862,242,87,0,0
533369,1,8,1249,18,0,38,173483.77,149862,242,87,0,0
533516,1,8,1249,40,0,38,173483.77,149862,242,87,0,0
533641,1,9,1298,42,0,38,173483.77,149862,242,87,0,0
533766,1,9,1250,44,0,38,173483.77,149862,242,87,0,0
533842,1,9,1319,60,0,38,173483.77,149862,242,87,0,0
533986,1,9,1319,60,0,38,173483.77,149862,242,87,0,0
534141,1,10,1487,78,0,38,173483.77,149862,242,87,0,0
534241,1,10,1530,78,0,38,173483.77,149862,242,87,0,0
534369,1,11,1570,78,0,38,173483.77,149862,242,87,0,0
534525,1,11,1602,79,0,38,173483.77,149862,242,87,0,0
534641,1,12,1780,81,0,38,173484.81,149862,242,87,0,0
534741,1,13,1827,81,0,38,173484.81,149862,242,87,0,0
534869,1,13,1931,81,0,38,173484.81,149862,242,87,0,0
535011,1,13,1963,81,0,38,173484.81,149862,242,87,0,0
535135,1,14,2138,77,0,38,173484.81,149862,242,87,0,0
535241,1,15,2183,74,0,38,173484.81,149862,242,87,0,0
535369,1,16,2288,65,0,38,173484.81,149862,242,87,0,0
535498,1,16,2288,57,0,38,173484.81,149862,242,87,0,0
535635,1,16,2372,41,0,38,173485.88,149862,242,87,0,0
535741,1,17,2416,31,0,38,173485.88,149862,242,87,0,0
535869,1,17,2398,14,0,38,173485.88,149862,242,87,0,0
536011,1,17,2398,0,0,38,173485.88,149862,242,87,0,0
536134,1,17,2418,0,0,38,173485.88,149862,242,87,0,0
536241,1,17,2422,0,0,38,173485.88,149862,242,87,0,0
536342,1,17,2424,0,0,38,173485.88,149862,242,87,0,0
536342,1,17,2424,0,0,38,173485.88,149862,242,87,0,0
536584,1,17,2357,0,0,38,173485.88,149862,242,87,0,0
536716,1,17,2325,0,0,38,173485.88,149862,242,87,0,0
536842,1,16,2278,0,0,38,173485.88,149862,242,87,0,0
536883,1,16,2278,0,0,38,173485.88,149862,242,87,0,0
537084,1,16,2236,0,0,38,173485.88,149862,242,87,0,0
537216,1,15,2204,33,0,38,173485.88,149862,242,87,0,0
537342,1,15,2214,47,0,38,173485.88,149862,242,87,0,0
537386,1,15,2214,47,0,38,173485.88,149862,242,87,0,0
537566,1,15,2292,50,0,38,173485.88,149862,242,87,0,0
537690,1,16,2224,50,0,38,173486.91,149862,242,87,0,0
537816,1,16,2225,50,0,38,173486.91,149862,242,87,0,0
537902,1,16,2290,50,0,38,173486.91,149862,242,87,0,0
538056,1,16,2339,50,0,38,173486.91,149862,242,87,0,0
538166,1,17,2364,50,0,38,173486.91,149862,242,87,0,0
538284,1,17,2428,50,0,38,173486.91,149862,242,87,0,0
538390,1,17,2433,50,0,38,173486.91,149862,242,87,0,0
538496,1,17,2433,50,0,38,173486.91,149862,242,87,0,0
538641,1,18,2508,36,0,38,173487.92,149862,242,87,0,0
538766,1,18,2479,5,0,38,173487.92,149862,242,87,0,0
538842,1,17,2423,0,0,38,173487.92,149862,242,87,0,0
539009,1,17,2391,0,0,38,173487.92,149862,242,87,0,0
539134,1,17,2016,0,0,38,173487.92,149862,242,87,0,0
539241,1,17,1905,0,0,38,173487.92,149862,242,87,0,0
539342,1,17,1813,0,0,38,173487.92,149862,242,87,0,0
539496,1,17,1749,0,0,38,173487.92,149862,242,87,0,0
539624,1,17,1517,29,0,38,173487.92,149862,242,87,0,0
539745,1,17,1289,45,0,38,173487.92,149862,242,87,0,0
539856,1,17,1355,62,0,38,173487.92,149862,242,87,0,0
539869,1,17,1355,62,0,38,173487.92,149862,242,87,0,0
540084,1,18,1377,89,0,38,173487.92,149862,242,87,0,0
540234,1,18,1423,115,0,38,173487.92,149862,242,87,0,0
540342,1,19,1449,125,0,38,173488.94,149862,242,87,0,0
540342,1,19,1449,125,0,38,173488.94,149862,242,87,0,0
540584,1,19,1552,130,0,38,173488.94,149862,242,87,0,0
540716,1,20,1577,135,0,38,173488.94,149862,242,87,0,0
540834,1,21,1633,136,0,38,173488.94,149862,242,87,0,0
540869,1,22,1633,136,0,38,173488.94,149862,242,87,0,0
541084,1,23,1774,136,0,38,173488.94,149862,242,87,0,0
541189,1,23,1822,136,0,38,173490.05,149862,242,87,0,0
541316,1,24,1869,136,0,38,173490.05,149862,242,87,0,0
541369,1,25,1889,136,0,38,173490.05,149862,242,87,0,0
541556,1,25,1994,138,0,38,173490.05,149862,242,87,0,0
541666,1,27,2021,139,0,38,173490.05,149862,242,87,0,0
541784,1,27,2114,139,0,38,173491.14,149862,242,87,0,0
541899,1,28,2198,141,0,38,173491.14,149862,242,87,0,0
542016,1,28,2198,144,0,38,173491.14,149862,242,87,0,0
542141,1,30,2305,144,0,38,173492.20,149862,242,87,0,0
542266,1,31,2375,147,0,38,173492.20,149862,242,87,0,0
542369,1,32,2441,153,0,38,173492.20,149862,242,87,0,0
542520,1,32,2473,153,0,38,173492.20,149862,242,87,0,0
542641,1,35,2631,153,0,38,173493.28,149862,242,87,0,0
542741,1,35,2692,153,0,38,173493.28,149862,242,87,0,0
542842,1,36,2774,155,0,38,173494.36,149862,242,87,0,0
542842,1,36,2774,155,0,38,173494.36,149862,242,87,0,0
543084,1,38,2944,155,0,38,173494.36,149862,242,87,0,0
543241,1,40,3063,155,0,38,173495.62,149862,242,88,0,0
543342,1,41,3156,155,0,38,173496.70,149862,242,88,0,0
543381,1,41,3156,155,0,38,173496.70,149862,242,88,0,0
543584,1,43,3329,151,0,38,173496.70,149862,242,88,0,0
543716,1,44,3392,139,0,38,173497.91,149862,242,88,0,0
543834,1,45,3474,137,0,38,173499.20,149862,242,88,0,0
543896,1,46,3506,137,0,38,173499.20,149862,242,88,0,0
544066,1,48,3638,134,0,38,173499.20,149862,242,88,0,0
544189,1,48,3741,126,0,38,173500.48,149862,242,88,0,0
544306,1,49,3803,125,0,38,173500.48,149862,242,88,0,0
544369,1,50,3814,121,0,38,173501.75,149862,242,88,0,0
544534,1,50,3913,118,0,38,173501.75,149862,242,88,0,0
544666,1,52,3953,116,0,38,173502.91,149862,242,88,0,0
544784,1,53,3993,102,0,38,173502.91,149862,242,88,0,0
544869,1,53,3975,91,0,38,173502.91,149862,242,88,0,0
545016,1,53,4007,0,0,38,173504.09,149862,242,88,0,0
545141,1,53,3800,0,0,38,173504.09,149862,242,88,0,0
545266,1,53,3619,0,0,38,173504.09,149862,242,88,0,0
545369,1,53,3456,0,0,38,173504.09,149862,242,88,0,0
545517,1,53,3392,6,0,38,173504.09,149862,242,88,0,0
545641,1,53,2773,62,0,38,173504.09,149862,242,88,0,0
545741,1,54,2870,90,0,38,173504.09,149862,242,88,0,0
545869,1,54,2855,103,0,38,173504.09,149862,242,88,0,0
545883,1,54,2855,103,0,38,173504.09,149862,242,88,0,0
546134,1,54,2886,91,0,38,173505.17,149862,242,88,0,0
546241,1,55,2936,89,0,38,173505.17,149862,242,88,0,0
546369,1,55,2922,88,0,38,173505.17,149862,242,88,0,0
546384,1,55,2922,88,0,38,173506.31,149862,242,88,0,0
546585,1,55,2860,74,0,38,173506.31,149862,242,88,0,0
546722,1,55,2874,0,0,38,173506.31,149862,242,88,0,0
546842,1,55,2679,0,0,38,173506.31,149862,242,88,0,0
546916,1,55,2615,0,0,38,173506.31,149862,242,88,0,0
547084,1,56,2144,0,0,38,173506.31,149862,242,88,0,0
547189,1,55,2144,5,0,38,173506.31,149862,242,88,0,0
547334,1,55,2215,26,0,38,173506.31,149862,242,88,0,0
547369,1,55,2215,26,0,38,173506.31,149862,242,88,0,0
547566,1,55,2192,26,0,38,173506.31,149862,242,88,0,0
547690,1,55,2184,23,0,38,173506.31,149862,242,88,0,0
547806,1,55,2177,22,0,38,173506.31,149862,242,88,0,0
547901,1,55,2176,22,0,38,173506.31,149862,242,88,0,0
548041,1,55,2171,22,0,38,173506.31,149862,242,88,0,0
548166,1,54,2173,22,0,38,173506.31,149862,242,89,0,0
548284,1,54,2145,22,0,38,173507.31,149862,242,89,0,0
548384,1,54,2148,22,0,38,173507.31,149862,242,89,0,0
548516,1,54,2148,22,0,38,173507.31,149862,242,89,0,0
548666,1,54,2152,22,0,38,173507.31,149862,242,89,0,0
548784,1,54,2156,22,0,38,173507.31,149862,242,89,0,0
548884,1,54,2165,22,0,38,173507.31,149862,242,89,0,0
549034,1,54,2150,23,0,38,173507.31,149862,242,89,0,0
549141,1,54,2175,26,0,38,173507.31,149862,242,89,0,0
549266,1,54,2147,26,0,38,173507.31,149862,242,89,0,0
549369,1,54,2150,26,0,38,173507.31,149862,242,89,0,0
549516,1,54,2150,26,0,38,173507.31,149862,242,89,0,0
549635,1,54,2147,26,0,38,173507.31,149862,242,89,0,0
549741,1,54,2175,26,0,38,173507.31,149862,242,89,0,0
549869,1,54,2172,24,0,38,173508.33,149862,242,89,0,0
550016,1,54,2172,7,0,38,173508.33,149862,242,89,0,0
550141,1,54,2144,0,0,38,173508.33,149862,242,89,0,0
550241,1,54,2123,0,0,38,173508.33,149862,242,89,0,0
550369,1,54,2118,0,0,38,173508.33,149862,242,89,0,0
550383,1,54,2118,0,0,38,173508.33,149862,242,89,0,0
550624,1,54,2149,0,0,38,173508.33,149862,242,89,0,0
550741,1,54,2120,0,0,38,173508.33,149862,242,89,0,0
550842,1,53,2121,0,0,38,173508.33,149862,242,89,0,0
550882,1,53,2121,0,0,38,173508.33,149862,242,89,0,0
551084,1,53,2138,0,0,38,173508.33,149862,242,89,0,0
551216,1,53,2090,0,0,38,173508.33,149862,242,89,0,0
551334,1,53,2092,0,0,38,173508.33,149862,242,89,0,0
551342,1,53,2092,0,0,38,173508.33,149862,242,89,0,0
551566,1,52,2109,0,0,38,173508.33,149862,242,89,0,0
551693,1,52,2109,0,0,38,173508.33,149862,242,89,0,0
551806,1,52,2062,0,0,38,173508.33,149862,242,89,0,0
551918,1,52,2109,0,0,38,173508.33,149862,242,89,0,0
552040,1,52,2077,0,0,38,173508.33,149862,242,89,0,0
552166,1,52,2062,0,0,38,173508.33,149862,242,89,0,0
552284,1,52,2044,0,0,38,173508.33,149862,242,89,0,0
552384,1,51,2062,0,0,38,173508.33,149862,242,89,0,0
552516,1,51,2062,0,0,38,173508.33,149862,242,89,0,0
552641,1,51,2016,0,0,38,173508.33,149862,242,89,0,0
552766,1,51,2016,0,0,38,173508.33,149862,242,89,0,0
552884,1,51,2016,0,0,38,173508.33,149862,242,89,0,0
553026,1,51,2016,0,0,38,173508.33,149862,242,89,0,0
553141,1,50,1984,0,0,38,173508.33,149862,242,89,0,0
553266,1,50,1984,0,0,38,173508.33,149862,242,89,0,0
553385,1,50,1984,0,0,38,173508.33,149862,242,89,0,0
553516,1,50,1984,0,0,38,173508.33,149862,242,89,0,0
553635,1,50,1952,0,0,38,173508.33,149862,242,89,0,0
553740,1,49,1952,0,0,38,173508.33,149862,242,89,0,0
553868,1,49,1952,0,0,38,173508.33,149862,242,89,0,0
553885,1,49,1952,0,0,38,173508.33,149862,242,89,0,0
554124,1,49,1920,0,0,38,173508.33,149862,242,89,0,0
554240,1,49,1920,0,0,38,173508.33,149862,242,89,0,0
554343,1,48,1920,0,0,38,173508.33,149862,242,89,0,0
554384,1,48,1920,0,0,38,173508.33,149862,242,89,0,0
554584,1,48,1888,0,0,38,173508.33,149862,242,89,0,0
554717,1,48,1888,0,0,38,173508.33,149862,242,89,0,0
554834,1,48,1888,0,0,38,173508.33,149862,242,89,0,0
554918,1,48,1888,0,0,38,173508.33,149862,242,89,0,0
555076,1,47,1888,0,0,38,173508.33,149862,242,89,0,0
555190,1,47,1856,7,0,38,173508.33,149862,242,89,0,0
555307,1,47,1888,12,0,38,173508.33,149862,242,89,0,0
555368,1,47,1892,18,0,38,173508.33,149862,242,89,0,0
555515,1,47,1892,20,0,38,173508.33,149862,242,89,0,0
555665,1,47,1870,23,0,38,173508.33,149862,242,89,0,0
555784,1,47,1862,27,0,38,173509.33,149862,242,89,0,0
555868,1,47,1865,32,0,38,173509.33,149862,242,89,0,0
556015,1,47,1865,47,0,38,173509.33,149862,242,89,0,0
556140,1,47,1883,50,0,38,173509.33,149862,242,89,0,0
556266,1,47,1879,55,0,38,173509.33,149862,242,89,0,0
556384,1,47,1881,58,0,38,173509.33,149862,242,89,0,0
556516,1,47,1881,60,0,38,173509.33,149862,242,89,0,0
556641,1,47,1876,60,0,38,173509.33,149862,242,89,0,0
556765,1,47,1908,69,0,38,173509.33,149862,242,89,0,0
556884,1,47,1912,69,0,38,173509.33,149862,242,89,0,0
557023,1,47,1878,69,0,38,173509.33,149862,242,89,0,0
557140,1,48,1915,69,0,38,173510.39,149862,242,89,0,0
557265,1,48,1911,69,0,38,173510.39,149862,242,89,0,0
557385,1,48,1906,69,0,38,173510.39,149862,242,89,0,0
557385,1,48,1906,69,0,38,173510.39,149862,242,89,0,0
557641,1,48,1943,67,0,38,173510.39,149862,242,89,0,0
557743,1,48,1944,65,0,38,173510.39,149862,242,89,0,0
557868,1,48,1938,65,0,38,173510.39,149862,242,89,0,0
557900,1,48,1938,65,0,38,173510.39,149862,242,89,0,0
558099,1,48,1928,65,0,38,173511.41,149862,242,89,0,0
558234,1,49,1953,61,0,38,173511.41,149862,242,89,0,0
558343,1,49,1979,57,0,38,173511.41,149862,242,89,0,0
558385,1,49,1979,57,0,38,173511.41,149862,242,89,0,0
558584,1,49,1956,57,0,38,173511.41,149862,242,89,0,0
558690,1,49,1978,52,0,38,173511.41,149862,242,89,0,0
558815,1,49,1975,33,0,38,173511.41,149862,242,89,0,0
558916,1,49,1971,27,0,38,173511.41,149862,242,89,0,0
559056,1,49,1974,27,0,38,173511.41,149862,242,89,0,0
559190,1,49,1966,24,0,38,173511.41,149862,242,89,0,0
559306,1,49,1963,21,0,38,173511.41,149862,242,89,0,0
559385,1,49,1965,16,0,38,173512.41,149862,242,89,0,0
559540,1,49,1965,16,0,38,173512.41,149862,242,89,0,0
559665,1,49,1983,15,0,38,173512.41,149862,242,89,0,0
559784,1,49,1952,15,0,38,173512.41,149862,242,89,0,0
559885,1,49,1953,15,0,38,173512.41,149862,242,89,0,0
560047,1,49,1953,15,0,38,173512.41,149862,242,89,0,0
560165,1,49,1952,15,0,38,173512.41,149862,242,89,0,0
560285,1,49,1952,15,0,38,173512.41,149862,242,89,0,0
560385,1,49,1952,15,0,38,173512.41,149862,242,88,0,0
560534,1,49,1952,15,0,38,173512.41,149862,242,88,0,0
560641,1,49,1981,15,0,38,173512.41,149862,242,88,0,0
560766,1,49,1982,15,0,38,173512.41,149862,242,88,0,0
560885,1,49,1982,13,0,38,173512.41,149862,242,88,0,0
560915,1,49,1982,13,0,38,173512.41,149862,242,88,0,0
561121,1,49,1945,14,0,38,173512.41,149862,242,88,0,0
561243,1,49,1970,14,0,38,173512.41,149862,242,88,0,0
561368,1,49,1973,14,0,38,173512.41,149862,242,88,0,0
561393,1,49,1941,14,0,38,173512.41,149862,242,88,0,0
561584,1,49,1942,14,0,38,173513.42,149862,242,88,0,0
561715,1,49,1946,14,0,38,173513.42,149862,242,88,0,0
561840,1,49,1946,14,0,38,173513.42,149862,242,88,0,0
561885,1,49,1946,14,0,38,173513.42,149862,242,88,0,0
562055,1,49,1946,14,0,38,173513.42,149862,242,88,0,0
562190,1,49,1947,14,0,38,173513.42,149862,242,88,0,0
562316,1,49,1947,14,0,38,173513.42,149862,242,88,0,0
562385,1,49,1947,14,0,38,173513.42,149862,242,88,0,0
562540,1,49,1946,14,0,38,173513.42,149862,242,88,0,0
562685,1,49,1947,15,0,38,173513.42,149862,242,88,0,0
562805,1,49,1947,15,0,38,173513.42,149862,242,88,0,0
562915,1,49,1946,15,0,38,173513.42,149862,242,88,0,0
563055,1,49,1947,15,0,38,173513.42,149862,242,88,0,0
563165,1,49,1948,15,0,38,173513.42,149862,242,88,0,0
563284,1,49,1945,16,0,38,173513.42,149862,242,88,0,0
563385,1,49,1943,17,0,38,173513.42,149862,242,88,0,0
563541,1,48,1945,17,0,38,173513.42,149862,242,88,0,0
563665,1,48,1949,17,0,38,173513.42,149862,242,88,0,0
563784,1,48,1951,17,0,38,173514.44,149862,242,88,0,0
563885,1,49,1920,19,0,38,173514.44,149862,242,88,0,0
564045,1,49,1920,20,0,38,173514.44,149862,242,88,0,0
564165,1,48,1922,31,0,38,173514.44,149862,242,88,0,0
564284,1,49,1940,36,0,38,173514.44,149862,242,88,0,0
564385,1,48,1924,42,0,38,173514.44,149862,242,88,0,0
564531,1,48,1924,46,0,38,173514.44,149862,242,88,0,0
564641,1,49,1931,50,0,38,173514.44,149862,242,88,0,0
564766,1,49,1951,52,0,38,173514.44,149862,242,88,0,0
564885,1,49,1949,60,0,38,173514.44,149862,242,87,0,0
565018,1,49,1956,60,0,38,173514.44,149862,242,87,0,0
565140,1,49,1954,60,0,38,173515.50,149862,242,87,0,0
565265,1,49,1953,60,0,38,173515.50,149862,242,87,0,0
565385,1,49,1953,60,0,38,173515.50,149862,242,87,0,0
565541,1,49,1983,59,0,38,173515.50,149862,242,87,0,0
565665,1,49,1980,59,0,38,173515.50,149862,242,87,0,0
565785,1,50,2008,59,0,38,173515.50,149862,242,87,0,0
565885,1,50,2000,58,0,38,173515.50,149862,242,87,0,0
566043,1,50,2000,58,0,38,173515.50,149862,242,87,0,0
566140,1,50,1987,54,0,38,173515.50,149862,242,87,0,0
566265,1,50,1992,54,0,38,173516.53,149862,242,87,0,0
566385,1,50,1994,54,0,38,173516.53,149862,242,87,0,0
566530,1,50,1994,54,0,38,173516.53,149862,242,87,0,0
566641,1,50,1987,53,0,38,173516.53,149862,242,87,0,0
566765,1,50,1988,53,0,38,173516.53,149862,242,87,0,0
566885,1,50,2020,51,0,38,173516.53,149862,242,87,0,0
566885,1,50,2020,51,0,38,173516.53,149862,242,87,0,0
567121,1,50,2016,47,0,38,173516.53,149862,242,87,0,0
567244,1,50,2028,44,0,38,173516.53,149862,242,87,0,0
567368,1,51,2027,35,0,38,173516.53,149862,242,87,0,0
567368,1,51,2027,35,0,38,173516.53,149862,242,87,0,0
567585,1,51,2027,25,0,38,173517.56,149862,242,87,0,0
567715,1,51,1994,10,0,38,173517.56,149862,242,87,0,0
567840,1,51,2022,10,0,38,173517.56,149862,242,87,0,0
567885,1,51,2022,10,0,38,173517.56,149862,242,87,0,0
568055,1,51,2022,10,0,38,173517.56,149862,242,87,0,0
568190,1,50,1995,10,0,38,173517.56,149862,242,87,0,0
568315,1,50,1995,8,0,38,173517.56,149862,242,87,0,0
568385,1,50,1997,8,0,38,173517.56,149862,242,87,0,0
568541,1,50,1999,8,0,38,173517.56,149862,242,87,0,0
568685,1,50,1995,8,0,38,173517.56,149862,242,87,0,0
568805,1,50,1995,8,0,38,173517.56,149862,242,87,0,0
568885,1,50,1994,8,0,38,173517.56,149862,242,87,0,0
569041,1,50,1994,8,0,38,173517.56,149862,242,87,0,0
569165,1,50,1994,8,0,38,173517.56,149862,242,87,0,0
569285,1,50,1993,8,0,38,173517.56,149862,242,87,0,0
569402,1,50,1993,8,0,38,173517.56,149862,242,87,0,0
569554,1,50,1993,8,0,38,173517.56,149863,236,87,0,0
569665,1,50,1990,8,0,38,173517.56,149863,236,87,0,0
569785,1,50,1958,8,0,38,173517.56,149863,236,87,0,0
569885,1,50,1990,8,0,38,173518.58,149863,236,87,0,0
570043,1,50,1956,8,0,38,173518.58,149863,236,87,0,0
570165,1,50,1953,8,0,38,173518.58,149863,236,87,0,0
570285,1,49,1953,8,0,38,173518.58,149863,236,87,0,0
570401,1,49,1953,8,0,38,173518.58,149863,236,87,0,0
570445,1,49,1952,8,0,38,173518.58,149863,236,87,0,0
570641,1,49,1954,8,0,38,173518.58,149863,236,87,0,0
570743,1,49,1954,8,0,38,173518.58,149863,236,87,0,0
570868,1,49,1955,8,0,38,173518.58,149863,236,87,0,0
570902,1,49,1955,8,0,38,173518.58,149863,236,87,0,0
571091,1,49,1956,8,0,38,173518.58,149863,236,87,0,0
571238,1,49,1953,8,0,38,173518.58,149863,236,87,0,0
571341,1,49,1952,8,0,38,173518.58,149863,236,87,0,0
571385,1,49,1952,8,0,38,173518.58,149863,236,87,0,0
571585,1,49,1953,8,0,38,173518.58,149863,236,87,0,0
571706,1,49,1954,8,0,38,173518.58,149863,236,87,0,0
571815,1,49,1922,8,0,38,173518.58,149863,236,87,0,0
571928,1,49,1955,8,0,38,173518.58,149863,236,87,0,0
572055,1,49,1956,8,0,38,173518.58,149863,236,87,0,0
572191,1,49,1953,8,0,38,173518.58,149863,236,87,0,0
572315,1,49,1921,8,0,38,173518.58,149863,236,87,0,0
572385,1,49,1920,8,0,38,173518.58,149863,236,87,0,0
572537,1,49,1950,8,0,38,173518.58,149863,236,87,0,0
572665,1,49,1950,8,0,38,173519.58,149863,236,87,0,0
572788,1,49,1950,8,0,38,173519.58,149863,236,87,0,0
572885,1,48,1949,8,0,38,173519.58,149863,236,87,0,0
573041,1,48,1949,8,0,38,173519.58,149863,236,87,0,0
573165,1,48,1949,8,0,38,173519.58,149863,236,86,0,0
573285,1,49,1949,7,0,38,173519.58,149863,236,86,0,0
573400,1,48,1949,7,0,38,173519.58,149863,236,86,0,0
573417,1,48,1949,7,0,38,173519.58,149863,236,86,0,0
573665,1,48,1914,7,0,38,173519.58,149863,236,86,0,0
573787,1,48,1914,7,0,38,173519.58,149863,236,86,0,0
573885,1,47,1916,7,0,38,173519.58,149863,236,86,0,0
574043,1,48,1916,7,0,38,173519.58,149863,236,86,0,0
574165,1,48,1888,7,0,38,173519.58,149863,236,86,0,0
574285,1,48,1918,7,0,38,173519.58,149863,236,86,0,0
574387,1,48,1917,7,0,38,173519.58,149863,236,86,0,0
574525,1,48,1917,5,0,38,173519.58,149863,236,86,0,0
574641,1,47,1879,0,0,38,173519.58,149863,236,86,0,0
574765,1,47,1878,0,0,38,173519.58,149863,236,86,0,0
574888,1,47,1877,0,0,38,173519.58,149863,236,86,0,0
574888,1,47,1877,0,0,38,173519.58,149863,236,86,0,0
575143,1,47,1785,0,0,38,173519.58,149863,236,86,0,0
575265,1,47,1632,0,0,38,173519.58,149863,236,86,0,0
575368,1,47,1581,0,0,38,173519.58,149863,236,86,0,0
575411,1,47,1581,0,0,38,173519.58,149863,236,86,0,0
575621,1,47,1491,0,0,38,173519.58,149863,236,86,0,0
575746,1,47,1417,0,0,38,173519.58,149863,236,86,0,0
575844,1,46,1381,0,0,38,173519.58,149863,236,86,0,0
575908,1,46,1381,0,0,38,173519.58,149863,236,86,0,0
576121,1,46,1695,0,0,38,173520.59,149863,236,86,0,0
576237,1,45,2082,0,0,38,173520.59,149863,236,86,0,0
576343,1,44,2408,0,0,38,173520.59,149863,236,86,0,0
576388,1,44,2536,0,0,38,173520.59,149863,236,86,0,0
576592,1,44,3107,0,0,38,173520.59,149863,236,86,0,0
576715,1,43,3347,0,0,38,173520.59,149863,236,86,0,0
576815,1,44,3294,0,0,38,173520.59,149863,236,86,0,0
576887,1,43,3182,0,0,38,173520.59,149863,236,86,0,0
577043,1,43,3232,0,0,38,173520.59,149863,236,86,0,0
577188,1,42,3200,0,0,38,173520.59,149863,236,86,0,0
577315,1,42,3168,0,0,38,173520.59,149863,236,86,0,0
577387,1,42,3136,0,0,38,173520.59,149863,236,86,0,0
577555,1,42,3136,0,0,38,173520.59,149863,236,86,0,0
577665,1,41,3072,0,0,38,173520.59,149863,236,86,0,0
577787,1,41,3072,0,0,38,173520.59,149863,236,85,0,0
577888,1,41,3040,0,0,38,173520.59,149863,236,85,0,0
578043,1,40,3040,0,0,38,173520.59,149863,236,85,0,0
578165,1,40,3008,0,0,38,173520.59,149863,236,85,0,0
578265,1,40,3008,0,0,38,173520.59,149863,236,85,0,0
578387,1,40,2976,0,0,38,173520.59,149863,236,85,0,0
578522,1,40,2976,0,0,38,173520.59,149863,236,85,0,0
578643,1,39,2944,0,0,38,173520.59,149863,236,85,0,0
578765,1,39,2912,0,0,38,173520.59,149863,236,85,0,0
578887,1,38,2880,0,0,38,173520.59,149863,236,85,0,0
578887,1,38,2880,0,0,38,173520.59,149863,236,85,0,0
579137,1,38,2848,0,0,38,173520.59,149863,236,85,0,0
579246,1,38,2848,0,0,38,173520.59,149863,236,85,0,0
579368,1,37,2816,0,0,38,173520.59,149863,236,85,0,0
579398,1,37,2816,0,0,38,173520.59,149863,236,85,0,0
579590,1,37,2784,0,0,38,173520.59,149863,236,85,0,0
579727,1,37,2784,0,0,38,173520.59,149863,236,85,0,0
579844,1,36,2752,0,0,38,173520.59,149863,236,85,0,0
579915,1,36,2752,0,0,38,173520.59,149863,236,85,0,0
580065,1,36,2720,0,0,38,173520.59,149863,236,85,0,0
580188,1,36,2688,0,0,38,173520.59,149863,236,85,0,0
580315,1,36,2688,0,0,38,173520.59,149863,236,85,0,0
580415,1,35,2688,0,0,38,173520.59,149863,236,85,0,0
580555,1,35,2688,0,0,38,173520.59,149863,236,85,0,0
580688,1,35,2624,0,16,38,173520.59,149863,236,85,0,0
580815,1,35,2624,0,16,38,173520.59,149863,236,85,0,0
580915,1,34,2592,0,20,38,173520.59,149863,236,85,0,0
580915,1,34,2592,0,20,38,173520.59,149863,236,85,0,0
581165,1,34,2528,0,32,38,173520.59,149863,236,85,0,0
581287,1,33,2496,0,32,38,173520.59,149863,236,85,0,0
581387,1,33,2464,0,36,38,173520.59,149863,236,84,0,0
581546,1,33,2464,0,36,38,173520.59,149863,236,84,0,0
581665,1,31,2368,0,60,38,173520.59,149863,236,84,0,0
581788,1,31,2304,0,62,38,173520.59,149863,236,84,0,0
581887,1,30,2272,0,64,38,173520.59,149863,236,84,0,0
582037,1,30,2208,0,64,38,173520.59,149863,236,84,0,0
582143,1,28,2144,0,64,38,173520.59,149863,236,84,0,0
582265,1,28,2112,0,60,38,173520.59,149863,236,84,0,0
582394,1,27,2016,0,64,38,173520.59,149863,236,84,0,0
582394,1,27,2016,0,64,38,173520.59,149863,236,84,0,0
582643,1,26,1952,0,28,38,173520.59,149863,236,84,0,0
582765,1,26,1920,0,0,38,173520.59,149863,236,84,0,0
582887,1,25,1920,0,0,38,173520.59,149863,236,84,0,0
582887,1,25,1920,0,0,38,173520.59,149863,236,84,0,0
583120,1,25,1888,22,0,38,173520.59,149863,236,84,0,0
583238,1,25,1938,43,0,38,173520.59,149863,236,84,0,0
583343,1,24,1970,60,0,38,173520.59,149863,236,84,0,0
583388,1,24,1938,60,0,38,173520.59,149863,236,84,0,0
583587,1,25,1948,66,0,38,173520.59,149863,236,84,0,0
583715,1,25,1953,89,0,38,173520.59,149863,236,84,0,0
583815,1,26,1982,89,0,38,173520.59,149863,236,84,0,0
583915,1,26,1993,92,0,38,173520.59,149863,236,84,0,0
584065,1,26,1991,92,0,38,173521.67,149863,236,84,0,0
584188,1,27,2081,102,0,38,173521.67,149863,236,84,0,0
584315,1,28,2138,119,0,38,173521.67,149863,236,84,0,0
584387,1,28,2155,119,0,38,173521.67,149863,236,84,0,0
584555,1,28,2155,132,0,38,173521.67,149863,236,84,0,0
584685,1,30,2254,147,0,38,173521.67,149863,236,84,0,0
584805,1,30,2341,150,0,38,173522.73,149863,236,84,0,0
584887,1,31,2404,152,0,38,173522.73,149863,236,84,0,0
585043,1,33,2469,156,0,38,173522.73,149863,236,84,0,0
585165,1,33,2530,160,0,38,173523.92,149863,236,84,0,0
585287,1,34,2684,160,0,38,173523.92,149863,236,84,0,0
585368,1,35,2715,157,0,38,173523.92,149863,236,84,0,0
585518,1,35,2779,154,0,38,173525.03,149863,236,84,0,0
585643,1,38,2907,146,0,38,173525.03,149863,236,84,0,0
585765,1,39,2995,146,0,38,173526.09,149863,236,84,0,0
585887,1,40,3099,145,0,38,173527.20,149863,236,84,0,0
586031,1,40,3099,145,0,38,173527.20,149863,236,84,0,0
586142,1,43,3237,145,0,38,173527.20,149863,236,84,0,0
586265,1,44,3314,145,0,38,173528.33,149863,236,84,0,0
586387,1,44,3402,143,0,38,173529.52,149863,236,84,0,0
586387,1,44,3402,143,0,38,173529.52,149863,236,84,0,0
586643,1,47,3589,129,0,38,173529.52,149863,236,84,0,0
586745,1,48,3654,124,0,38,173530.77,149863,236,84,0,0
586868,1,49,3742,122,0,38,173530.77,149863,236,84,0,0
586900,1,49,3774,122,0,38,173530.77,149863,236,84,0,0
587099,1,49,3837,121,0,38,173532.00,149863,236,84,0,0
587237,1,51,3877,112,0,38,173532.00,149863,236,84,0,0
587343,1,52,3964,112,0,38,173533.03,149863,236,84,0,0
587387,1,52,3964,112,0,38,173533.03,149863,236,84,0,0
587594,1,52,4006,109,0,38,173533.03,149863,236,84,0,0
587714,1,53,4050,0,0,38,173534.05,149863,236,84,0,0
587814,1,53,4061,0,0,38,173534.05,149863,236,84,0,0
587887,1,53,3909,0,0,38,173534.05,149863,236,84,0,0
588072,1,53,3658,0,0,38,173534.05,149863,236,84,0,0
588187,1,53,3104,21,0,38,173534.05,149863,236,84,0,0
588305,1,53,2770,62,0,38,173534.05,149863,236,84,0,0
588387,1,53,2892,89,0,38,173534.05,149863,236,84,0,0
588516,1,53,2892,111,0,38,173534.05,149863,236,84,0,0
588665,1,55,2937,128,0,38,173535.16,149863,236,84,0,0
588787,1,55,2942,128,0,38,173535.16,149863,236,84,0,0
588903,1,55,2975,128,0,38,173535.16,149863,236,84,0,0
588916,1,55,2975,128,0,38,173535.16,149863,236,84,0,0
589165,1,57,3025,128,0,38,173536.22,149863,236,84,0,0
589265,1,57,3068,128,0,38,173536.22,149863,236,84,0,0
589387,1,58,3076,128,0,38,173537.38,149863,236,84,0,0
589516,1,58,3076,128,0,38,173537.38,149863,236,84,0,0
589643,1,59,3164,128,0,38,173537.38,149863,236,84,0,0
589765,1,60,3180,128,0,38,173538.45,149863,236,84,0,0
589867,1,60,3222,125,0,38,173538.45,149863,236,84,0,0
589915,1,60,3222,120,0,38,173538.45,149863,236,84,0,0
590142,1,62,3271,119,0,38,173539.61,149863,236,84,0,0
590264,1,62,3304,117,0,38,173539.61,149863,236,84,0,0
590367,1,63,3310,110,0,38,173540.70,149863,236,84,0,0
590396,1,63,3342,110,0,38,173540.70,149863,236,84,0,0
590620,1,63,3302,0,0,38,173540.70,149863,236,84,0,0
590745,1,63,3172,0,0,38,173541.80,149863,236,84,0,0
590843,1,63,3053,0,0,38,173541.80,149863,236,84,0,0
590946,1,63,2954,77,0,38,173541.80,149863,236,84,0,0
591096,1,63,2443,77,0,38,173541.80,149863,236,84,0,0
591187,1,64,2590,112,0,38,173541.80,149863,236,84,0,0
591343,1,64,2577,121,0,38,173541.80,149863,236,84,0,0
591387,1,64,2577,121,0,38,173541.80,149863,236,84,0,0
591554,1,65,2577,121,0,38,173541.80,149863,236,84,0,0
591687,1,65,2618,104,0,38,173542.89,149863,236,84,0,0
591814,1,66,2615,103,0,38,173542.89,149863,236,84,0,0
591887,1,66,2654,103,0,38,173542.89,149863,236,84,0,0
592042,1,66,2642,99,0,38,173544.02,149863,236,84,0,0
592187,1,67,2679,98,0,38,173544.02,149863,236,84,0,0
592304,1,67,2661,86,0,38,173544.02,149863,236,84,0,0
592387,1,67,2677,81,0,38,173544.02,149863,236,84,0,0
592542,1,67,2677,79,0,38,173544.02,149863,236,84,0,0
592664,1,67,2637,24,0,38,173545.08,149863,236,84,0,0
592787,1,67,2637,0,0,38,173545.08,149863,236,84,0,0
592887,1,67,2669,0,0,38,173545.08,149863,236,84,0,0
593042,1,67,2674,0,0,38,173545.08,149863,236,84,0,0
593164,1,67,2684,0,0,38,173545.08,149863,236,84,0,0
593287,1,67,2625,0,0,38,173545.08,149863,236,84,0,0
593387,1,67,2627,0,0,38,173545.08,149863,236,84,0,0
593542,1,66,2627,0,0,38,173545.08,149863,236,84,0,0
593664,1,66,2627,0,0,38,173545.08,149863,236,84,0,0
593787,1,66,2626,0,0,38,173545.08,149863,236,84,0,0
593897,1,66,2592,0,0,38,173545.08,149863,236,84,0,0
593945,1,66,2640,0,0,38,173545.08,149863,236,84,0,0
594164,1,66,2622,0,0,38,173545.08,149863,236,84,0,0
594264,1,65,2619,0,0,38,173545.08,149863,236,84,0,0
594387,1,65,2619,0,0,38,173545.08,149863,236,84,0,0
594542,1,65,2590,0,0,38,173545.08,149863,236,84,0,0
594664,1,65,2568,0,0,38,173546.09,149863,236,84,0,0
594764,1,65,2590,0,0,38,173546.09,149863,236,84,0,0
594887,1,64,2528,0,0,38,173546.09,149863,236,84,0,0
594945,1,64,2528,0,0,38,173546.09,149863,236,84,0,0
595142,1,64,2528,0,0,38,173546.09,149863,236,84,0,0
595264,1,64,2528,0,0,38,173546.09,149863,236,84,0,0
595387,1,64,2496,0,0,38,173546.09,149863,236,84,0,0
595542,1,63,2496,0,0,38,173546.09,149863,236,84,0,0
595642,1,63,2496,0,0,38,173546.09,149863,236,84,0,0
595764,1,63,2464,0,0,38,173546.09,149863,236,84,0,0
595887,1,63,2464,0,0,38,173546.09,149863,236,84,0,0
595914,1,63,2464,0,0,38,173546.09,149863,236,84,0,0
596142,1,62,2464,0,0,38,173546.09,149863,236,84,0,0
596245,1,62,2464,0,0,38,173546.09,149863,236,84,0,0
596367,1,62,2432,0,0,38,173546.09,149863,236,84,0,0
596414,1,62,2432,0,0,38,173546.09,149863,236,84,0,0
596614,1,62,2432,0,0,38,173546.09,149863,236,84,0,0
596714,1,61,2432,0,0,38,173546.09,149863,236,84,0,0
596843,1,61,2400,0,0,38,173546.09,149863,236,84,0,0
596914,1,61,2400,0,0,38,173546.09,149863,236,84,0,0
597092,1,61,2400,0,0,38,173546.09,149863,236,84,0,0
597187,1,61,2400,0,0,38,173546.09,149863,236,84,0,0
597314,1,60,2400,0,0,38,173546.09,149863,236,84,0,0
597414,1,60,2368,2,0,38,173546.09,149863,236,84,0,0
597564,1,60,2400,2,0,38,173546.09,149863,239,84,0,0
597687,1,60,2396,3,0,38,173546.09,149863,239,84,0,0
597814,1,60,2368,3,0,38,173546.09,149863,239,84,0,0
597934,1,60,2388,3,0,38,173546.09,149863,239,84,0,0
597934,1,60,2388,3,0,38,173546.09,149863,239,84,0,0
598187,1,59,2366,1,0,38,173546.09,149863,239,84,0,0
598304,1,59,2366,1,0,38,173546.09,149863,239,84,0,0
598414,1,59,2367,1,0,38,173546.09,149863,239,84,0,0
598564,1,59,2336,1,0,38,173546.09,149863,239,84,0,0
598687,1,59,2367,1,0,38,173546.09,149863,239,84,0,0
598804,1,59,2365,1,0,38,173546.09,149863,239,84,0,0
598914,1,59,2364,0,0,38,173546.09,149863,239,84,0,0
599054,1,59,2363,0,0,38,173546.09,149863,239,84,0,0
599187,1,58,2331,0,0,38,173546.09,149863,239,84,0,0
599304,1,58,2331,0,0,38,173546.09,149863,239,84,0,0
599414,1,58,2332,0,0,38,173546.09,149863,239,84,0,0
599564,1,58,2332,0,0,38,173546.09,149863,239,84,0,0
599687,1,58,2299,0,0,38,173547.09,149863,239,84,0,0
599814,1,58,2327,1,0,38,173547.09,149863,239,84,0,0
599920,1,58,2320,2,0,38,173547.09,149863,239,84,0,0
600054,1,58,2296,2,0,38,173547.09,149863,239,84,0,0
600164,1,57,2272,2,0,38,173547.09,149863,239,84,0,0
600288,1,57,2272,2,0,38,173547.09,149863,239,84,0,0
600414,1,57,2303,2,0,38,173547.09,149863,239,84,0,0
600560,1,57,2271,2,0,38,173547.09,149863,239,84,0,0
600664,1,57,2303,2,0,38,173547.09,149863,239,84,0,0
600787,1,57,2303,2,0,38,173547.09,149863,239,84,0,0
600914,1,57,2271,3,0,38,173547.09,149863,239,84,0,0
601047,1,57,2269,3,0,38,173547.09,149863,239,84,0,0
601164,1,57,2268,3,0,38,173547.09,149863,239,84,0,0
601287,1,57,2267,3,0,38,173547.09,149863,239,84,0,0
601386,1,56,2267,3,0,38,173547.09,149863,239,84,0,0
601543,1,56,2266,3,0,38,173547.09,149863,239,84,0,0
601664,1,56,2264,3,0,38,173547.09,149863,239,84,0,0
601787,1,56,2227,3,0,38,173548.09,149863,239,84,0,0
601886,1,56,2227,3,0,38,173548.09,149863,239,84,0,0
601914,1,56,2227,3,0,38,173548.09,149863,239,84,0,0
602142,1,56,2226,3,0,38,173548.09,149863,239,84,0,0
602264,1,56,2225,0,0,38,173548.09,149863,239,84,0,0
602386,1,56,2225,0,0,38,173548.09,149863,239,84,0,0
602414,1,56,2225,0,0,38,173548.09,149863,239,84,0,0
602620,1,56,2224,0,0,38,173548.09,149863,239,84,0,0
602745,1,55,2223,0,0,38,173548.09,149863,239,84,0,0
602843,1,55,2193,0,0,38,173548.09,149863,239,84,0,0
602887,1,55,2225,0,0,38,173548.09,149863,239,84,0,0
603089,1,55,2189,0,0,38,173548.09,149863,239,84,0,0
603214,1,55,2179,4,0,38,173548.09,149863,239,84,0,0
603337,1,55,2205,6,0,38,173548.09,149863,239,84,0,0
603443,1,55,2193,6,0,38,173548.09,149863,239,84,0,0
603564,1,55,2193,6,0,38,173548.09,149863,239,84,0,0
603687,1,54,2159,7,0,38,173548.09,149863,239,84,0,0
603814,1,54,2159,7,0,38,173548.09,149863,239,84,0,0
603914,1,54,2159,7,0,38,173548.09,149863,239,84,0,0
604054,1,54,2159,7,0,38,173548.09,149863,239,84,0,0
604187,1,54,2154,7,0,38,173548.09,149863,239,84,0,0
604304,1,54,2153,8,0,38,173549.11,149863,239,84,0,0
604414,1,54,2152,15,0,38,173549.11,149863,239,84,0,0
604564,1,54,2153,15,0,38,173549.11,149863,239,84,0,0
604687,1,54,2163,27,0,38,173549.11,149863,239,84,0,0
604804,1,54,2152,27,0,38,173549.11,149863,239,84,0,0
604914,1,54,2173,23,0,38,173549.11,149863,239,84,0,0
605054,1,54,2145,23,0,38,173549.11,149863,239,83,0,0
605164,1,54,2132,14,0,38,173549.11,149863,239,83,0,0
605287,1,54,2118,12,0,38,173549.11,149863,239,83,0,0
605414,1,54,2112,7,0,38,173549.11,149863,239,83,0,0
605557,1,54,2140,7,0,38,173549.11,149863,239,83,0,0
605664,1,53,2125,0,0,38,173549.11,149863,239,83,0,0
605787,1,53,2091,0,0,38,173549.11,149863,239,83,0,0
605887,1,53,2090,0,0,38,173549.11,149863,239,83,0,0
605935,1,53,2090,0,0,38,173549.11,149863,239,83,0,0
606143,1,53,1949,0,0,38,173549.11,149863,239,83,0,0
606264,1,53,1792,0,0,38,173549.11,149863,239,83,0,0
606387,1,53,1649,0,0,38,173549.11,149863,239,83,0,0
606443,1,53,1630,0,0,38,173549.11,149863,239,83,0,0
606587,1,53,1542,0,0,38,173549.11,149863,239,83,0,0
606745,1,52,1494,0,0,38,173549.11,149863,239,83,0,0
606867,1,52,1424,0,0,38,173550.11,149863,239,83,0,0
606941,1,52,1388,0,0,38,173550.11,149863,239,83,0,0
607069,1,52,1388,0,0,38,173550.11,149863,239,83,0,0
607214,1,51,1799,0,0,38,173550.11,149863,239,83,0,0
607343,1,50,2380,0,0,38,173550.11,149863,239,83,0,0
607414,1,50,2540,0,0,38,173550.11,149863,239,83,0,0
607564,1,50,2540,0,0,38,173550.11,149863,239,83,0,0
607687,1,49,3574,0,0,38,173550.11,149863,239,83,0,0
607814,1,48,3725,0,0,38,173550.11,149863,239,83,0,0
607887,1,49,3622,0,0,38,173550.11,149863,239,83,0,0
608054,1,48,3622,0,0,38,173550.11,149863,239,83,0,0
608187,1,48,3584,0,0,38,173550.11,149863,239,83,0,0
608304,1,47,3584,0,0,38,173550.11,149863,239,83,0,0
608387,1,47,3552,0,0,38,173550.11,149863,239,83,0,0
608542,1,47,3520,0,0,38,173550.11,149863,239,83,0,0
608664,1,47,3520,0,0,38,173550.11,149863,239,83,0,0
608787,1,46,3488,0,0,38,173550.11,149863,239,83,0,0
608914,1,46,3456,0,0,38,173550.11,149863,239,83,0,0
609054,1,46,3456,0,0,38,173550.11,149863,239,83,0,0
609164,1,45,3424,0,0,38,173550.11,149863,239,83,0,0
609287,1,45,3392,0,0,38,173550.11,149863,239,83,0,0
609387,1,45,3392,0,0,38,173550.11,149863,239,83,0,0
609387,1,45,3392,0,0,38,173550.11,149863,239,83,0,0
609664,1,44,3360,0,0,38,173550.11,149863,239,83,0,0
609787,1,44,3328,0,0,38,173550.11,149863,239,83,0,0
609887,1,44,3296,0,0,38,173550.11,149863,239,83,0,0
609914,1,44,3296,0,0,38,173550.11,149863,239,83,0,0
610143,1,43,3264,0,0,38,173550.11,149863,239,82,0,0
610264,1,43,3264,0,0,38,173550.11,149863,239,82,0,0
610367,1,43,3232,0,0,38,173550.11,149863,239,82,0,0
610414,1,43,3232,0,0,38,173550.11,149863,239,82,0,0
610619,1,43,3200,0,0,38,173550.11,149863,239,82,0,0
610737,1,42,3168,0,0,38,173550.11,149863,239,82,0,0
610842,1,42,3136,0,0,38,173550.11,149863,239,82,0,0
610957,1,41,3136,0,0,38,173550.11,149863,239,82,0,0
611066,1,41,3136,0,0,38,173550.11,149863,239,82,0,0
611214,1,41,3072,0,0,38,173550.11,149863,239,82,0,0
611343,1,41,3072,0,0,38,173550.11,149863,239,82,0,0
611414,1,41,3072,0,0,38,173550.11,149863,239,82,0,0
611564,1,41,3040,0,0,38,173550.11,149863,239,82,0,0
611687,1,40,3040,0,0,38,173550.11,149863,239,82,0,0
611814,1,40,3008,0,0,38,173550.11,149863,239,82,0,0
611914,1,40,2976,0,0,38,173550.11,149863,239,82,0,0
612066,1,39,2976,0,0,38,173550.11,149863,239,82,0,0
612187,1,39,2944,0,0,38,173550.11,149863,239,82,0,0
612304,1,39,2912,0,0,38,173550.11,149863,239,82,0,0
612414,1,39,2912,0,0,38,173550.11,149863,239,82,0,0
612564,1,39,2912,0,0,38,173550.11,149863,239,82,0,0
612687,1,38,2848,0,0,38,173550.11,149863,239,82,0,0
612804,1,38,2848,0,0,38,173550.11,149863,239,82,0,0
612914,1,38,2848,0,0,38,173550.11,149863,239,82,0,0
613065,1,37,2816,0,0,38,173550.11,149863,239,82,0,0
613187,1,37,2784,0,0,38,173550.11,149863,239,82,0,0
613304,1,37,2752,0,0,38,173550.11,149863,239,82,0,0
613414,1,37,2752,0,0,38,173550.11,149863,239,82,0,0
613414,1,37,2752,0,0,38,173550.11,149863,239,82,0,0
613664,1,36,2720,0,0,38,173550.11,149863,239,81,0,0
613787,1,36,2688,0,0,38,173550.11,149863,239,81,0,0
613914,1,36,2688,0,0,38,173550.11,149863,239,81,0,0
613935,1,36,2688,0,0,38,173550.11,149863,239,81,0,0
614143,1,35,2656,0,0,38,173550.11,149863,239,81,0,0
614269,1,35,2624,0,0,38,173550.11,149863,239,81,0,0
614387,1,35,2624,0,0,38,173550.11,149863,239,81,0,0
614443,1,34,2592,0,0,38,173550.11,149863,239,81,0,0
614637,1,34,2560,0,0,38,173550.11,149863,242,81,0,0
614745,1,34,2560,0,0,38,173550.11,149863,242,81,0,0
614867,1,34,2528,0,0,38,173550.11,149863,242,81,0,0
614914,1,34,2528,0,0,38,173550.11,149863,242,81,0,0
615119,1,33,2496,0,0,38,173550.11,149863,242,81,0,0
615237,1,33,2464,0,0,38,173550.11,149863,242,81,0,0
615343,1,33,2464,0,0,38,173550.11,149863,242,81,0,0
615414,1,33,2464,0,0,38,173550.11,149863,242,81,0,0
615587,1,33,2432,0,0,38,173550.11,149863,242,81,0,0
615714,1,32,2400,0,0,38,173550.11,149863,242,81,0,0
615837,1,32,2400,0,0,38,173550.11,149863,242,81,0,0
615914,1,32,2368,0,0,38,173550.11,149863,242,81,0,0
616064,1,31,2368,0,0,38,173550.11,149863,242,81,0,0
616187,1,31,2336,0,0,38,173550.11,149863,242,81,0,0
616314,1,31,2304,0,0,38,173550.11,149863,242,81,0,0
616443,1,30,2272,0,0,38,173550.11,149863,242,81,0,0
616576,1,30,2272,0,0,38,173550.11,149863,242,81,0,0
616687,1,30,2272,0,0,38,173550.11,149863,242,81,0,0
616814,1,30,2240,0,0,38,173550.11,149863,242,81,0,0
616943,1,29,2208,0,0,38,173550.11,149863,242,81,0,0
616965,1,29,2208,0,0,38,173550.11,149863,242,81,0,0
617187,1,29,2176,0,0,38,173550.11,149863,242,81,0,0
617314,1,29,2144,0,0,38,173550.11,149863,242,81,0,0
617437,1,28,2144,0,0,38,173550.11,149863,242,81,0,0
617575,1,28,2144,0,0,38,173550.11,149863,242,81,0,0
617687,1,28,2112,0,0,38,173550.11,149863,242,81,0,0
617814,1,28,2080,0,0,38,173550.11,149863,242,81,0,0
617914,1,27,2080,0,0,38,173550.11,149863,242,81,0,0
618064,1,27,2048,0,0,38,173550.11,149863,242,81,0,0
618187,1,27,2016,0,0,38,173550.11,149863,242,81,0,0
618304,1,27,2016,0,0,38,173550.11,149863,242,81,0,0
618414,1,26,1984,0,0,38,173550.11,149863,242,81,0,0
618451,1,26,1984,0,0,38,173550.11,149863,242,81,0,0
618664,1,26,1984,0,0,38,173550.11,149863,242,81,0,0
618764,1,26,1952,0,0,38,173550.11,149863,242,81,0,0
618888,1,25,1920,0,0,38,173550.11,149863,242,81,0,0
618943,1,25,1920,0,0,38,173550.11,149863,242,81,0,0
619138,1,25,1888,0,0,38,173550.11,149863,242,81,0,0
619237,1,25,1856,0,0,38,173550.11,149863,242,81,0,0
619366,1,24,1856,0,0,38,173550.11,149863,242,81,0,0
619443,1,24,1824,0,0,38,173550.11,149863,242,81,0,0
619587,1,24,1824,0,0,38,173550.11,149863,242,81,0,0
619738,1,24,1792,0,0,38,173550.11,149863,242,81,0,0
619843,1,23,1792,0,0,38,173550.11,149863,242,81,0,0
619914,1,23,1760,0,0,38,173550.11,149863,242,81,0,0
620064,1,23,1760,0,0,38,173550.11,149863,242,81,0,0
620214,1,23,1728,0,0,38,173550.11,149863,242,81,0,0
620337,1,23,1696,0,0,38,173550.11,149863,242,81,0,0
620443,1,22,1696,0,0,38,173550.11,149863,242,81,0,0
620587,1,22,1664,0,0,38,173550.11,149863,242,81,0,0
620738,1,22,1664,0,0,38,173550.11,149863,242,81,0,0
620843,1,21,1632,0,0,38,173550.11,149863,242,81,0,0
620943,1,21,1632,0,0,38,173550.11,149863,242,81,0,0
621087,1,21,1600,0,0,38,173550.11,149863,242,81,0,0
621213,1,21,1568,0,0,38,173550.11,149863,242,81,0,0
621344,1,21,1568,0,0,38,173550.11,149863,242,81,0,0
621465,1,20,1536,0,0,38,173550.11,149864,242,81,0,0
621598,1,20,1536,0,0,38,173550.11,149864,242,81,0,0
621714,1,20,1504,0,0,38,173550.11,149864,242,81,0,0
621843,1,20,1504,0,0,38,173550.11,149864,242,81,0,0
621943,1,19,1472,0,0,38,173550.11,149864,242,81,0,0
622088,1,19,1440,0,0,38,173550.11,149864,242,81,0,0
622214,1,19,1440,0,0,38,173550.11,149864,242,81,0,0
622338,1,19,1408,0,0,38,173550.11,149864,242,81,0,0
622460,1,18,1408,0,0,38,173550.11,149864,242,81,0,0
622572,1,18,1408,0,0,38,173550.11,149864,242,81,0,0
622688,1,18,1376,0,0,38,173550.11,149864,242,81,0,0
622814,1,18,1344,0,0,38,173550.11,149864,242,81,0,0
622943,1,17,1344,0,0,38,173550.11,149864,242,81,0,0
622943,1,17,1344,0,0,38,173550.11,149864,242,81,0,0
623188,1,17,1312,0,0,38,173550.11,149864,242,81,0,0
623314,1,17,1329,0,0,38,173550.11,149864,242,81,0,0
623435,1,17,1255,0,0,38,173550.11,149864,242,81,0,0
623571,1,17,1260,0,0,38,173550.11,149864,242,81,0,0
623687,1,16,1274,0,0,38,173550.11,149864,242,81,0,0
623813,1,16,1224,0,0,38,173550.11,149864,242,81,0,0
623944,1,16,1240,0,0,38,173550.11,149864,242,81,0,0
624084,1,16,1240,0,0,38,173550.11,149864,242,81,0,0
624187,1,16,1207,0,0,38,173550.11,149864,242,81,0,0
624313,1,16,1207,0,0,38,173550.11,149864,242,81,0,0
624437,1,16,1208,0,0,38,173550.11,149864,242,81,0,0
624571,1,15,1208,0,0,38,173550.11,149864,242,81,0,0
624687,1,15,1180,0,0,38,173550.11,149864,242,81,0,0
624813,1,15,1182,0,0,38,173550.11,149864,242,81,0,0
624940,1,15,1153,0,0,38,173550.11,149864,242,81,0,0
625083,1,15,1153,0,0,38,173550.11,149864,242,81,0,0
625190,1,15,1121,0,0,38,173550.11,149864,242,81,0,0
625313,1,15,1121,0,0,38,173550.11,149864,242,81,0,0
625440,1,15,1121,0,0,38,173550.11,149864,242,81,0,0
625451,1,15,1121,0,0,38,173550.11,149864,242,81,0,0
625690,1,15,1120,0,0,38,173550.11,149864,242,81,0,0
625813,1,14,1088,0,0,38,173550.11,149864,242,81,0,0
625935,1,14,1119,0,0,38,173550.11,149864,242,81,0,0
625945,1,14,1119,0,0,38,173550.11,149864,242,81,0,0
626189,1,14,1119,0,0,38,173551.12,149864,242,81,0,0
626303,1,14,1087,0,0,38,173551.12,149864,242,81,0,0
626413,1,14,1087,0,0,38,173551.12,149864,242,81,0,0
626464,1,14,1087,0,0,38,173551.12,149864,242,81,0,0
626663,1,14,1087,0,0,38,173551.12,149864,242,81,0,0
626763,1,14,1024,0,0,38,173551.12,149864,242,81,0,0
626888,1,13,1024,0,0,38,173551.12,149864,242,81,0,0
626945,1,13,1025,0,0,38,173551.12,149864,242,81,0,0
627141,1,13,1025,0,0,38,173551.12,149864,242,81,0,0
627246,1,13,1025,0,0,38,173551.12,149864,242,81,0,0
627366,1,13,1027,0,0,38,173551.12,149864,242,81,0,0
627445,1,13,996,0,0,38,173551.12,149864,242,81,0,0
627595,1,13,996,0,0,38,173551.12,149864,242,81,0,0
627738,1,13,1029,0,0,38,173551.12,149864,242,81,0,0
627841,1,13,998,0,0,38,173551.12,149864,242,81,0,0
627945,1,13,998,0,0,38,173551.12,149864,242,81,0,0
628088,1,13,998,0,0,38,173551.12,149864,242,81,0,0
628213,1,13,998,0,0,38,173551.12,149864,242,81,0,0
628344,1,13,1000,0,0,38,173551.12,149864,242,81,0,0
628451,1,13,1001,0,0,38,173551.12,149864,242,81,0,0
628594,1,13,1001,0,0,38,173551.12,149864,242,81,0,0
628713,1,13,969,0,0,38,173551.12,149864,242,81,0,0
628838,1,13,969,0,0,38,173551.12,149864,242,81,0,0
628942,1,13,971,0,0,38,173551.12,149864,242,81,0,0
629088,1,13,974,0,0,38,173551.12,149864,242,81,0,0
629213,1,13,973,0,0,38,173551.12,149864,242,81,0,0
629313,1,13,1005,0,0,38,173551.12,149864,242,81,0,0
629451,1,13,1008,0,0,38,173551.12,149864,242,81,0,0
629593,1,13,1040,0,6,38,173551.12,149864,242,81,0,0
629713,1,13,1037,0,16,38,173551.12,149864,242,81,0,0
629813,1,12,1033,0,16,38,173551.12,149864,242,81,0,0
629945,1,12,1032,0,16,38,173552.14,149864,242,81,0,0
630080,1,12,1032,0,16,38,173552.14,149864,242,81,0,0
630189,1,12,1032,0,16,38,173552.14,149864,242,81,0,0
630313,1,12,1032,0,18,38,173552.14,149864,242,81,0,0
630439,1,12,1033,0,18,38,173552.14,149864,242,81,0,0
630445,1,12,1033,0,18,38,173552.14,149864,242,81,0,0
630689,1,12,1067,0,24,38,173552.14,149864,242,81,0,0
630813,1,11,1067,0,28,38,173552.14,149864,242,81,0,0
630913,1,11,1068,0,32,38,173552.14,149864,242,81,0,0
631079,1,11,1068,0,32,38,173552.14,149864,242,81,0,0
631188,1,11,1068,0,40,38,173552.14,149864,242,81,0,0
631313,1,10,1068,0,46,38,173552.14,149864,242,81,0,0
631440,1,10,1068,0,44,38,173552.14,149864,242,81,0,0
631451,1,10,1068,0,44,38,173552.14,149864,242,81,0,0
631663,1,10,1068,0,46,38,173552.14,149864,242,81,0,0
631788,1,9,1066,0,44,38,173552.14,149864,242,81,0,0
631913,1,8,1065,0,42,38,173552.14,149864,242,81,0,0
631945,1,8,1064,0,42,38,173552.14,149864,242,81,0,0
632144,1,7,1063,0,42,38,173552.14,149864,242,81,0,0
632263,1,7,1062,0,40,38,173552.14,149864,242,81,0,0
632388,1,7,1029,0,38,38,173552.14,149864,242,81,0,0
632451,1,6,1028,0,38,38,173552.14,149864,242,81,0,0
632591,1,6,1028,0,38,38,173552.14,149864,242,81,0,0
632747,1,5,1027,0,38,38,173552.14,149864,242,81,0,0
632866,1,5,1027,0,20,38,173552.14,149864,242,81,0,0
632942,1,5,1027,0,20,38,173552.14,149864,242,81,0,0
633088,1,5,1027,0,6,38,173552.14,149864,242,81,0,0
633213,1,5,1028,0,16,38,173552.14,149864,242,81,0,0
633344,1,5,1028,0,16,38,173552.14,149864,242,81,0,0
633451,1,4,1028,0,16,38,173552.14,149864,242,81,0,0
633591,1,4,996,0,16,38,173552.14,149864,242,81,0,0
633713,1,4,996,0,18,38,173552.14,149864,242,81,0,0
633844,1,4,996,0,20,38,173553.16,149864,242,81,0,0
633944,1,4,996,0,28,38,173553.16,149864,242,81,0,0
634088,1,4,996,0,26,38,173553.16,149864,242,81,0,0
634213,1,3,964,0,34,38,173553.16,149864,242,81,0,0
634338,1,3,963,0,46,38,173553.16,149864,242,81,0,0
634451,1,2,929,0,44,38,173553.16,149864,242,81,0,0
634590,1,2,929,0,46,38,173553.16,149864,242,81,0,0
634713,1,0,927,0,44,38,173553.16,149864,242,81,0,0
634813,1,0,894,0,42,38,173553.16,149864,242,81,0,0
634942,1,0,861,0,44,38,173553.16,149864,242,81,0,0
634942,1,0,861,0,44,38,173553.16,149864,242,81,0,0
635188,1,0,861,0,44,38,173553.16,149864,242,81,0,0
635313,1,0,861,0,48,38,173553.16,149864,242,81,0,0
635413,1,0,861,0,76,38,173553.16,149864,242,81,0,0
635564,1,0,861,0,76,38,173553.16,149864,242,81,0,0
635688,1,0,861,0,182,38,173553.16,149864,242,81,0,0
635803,1,0,861,0,208,38,173553.16,149864,242,81,0,0
635913,1,0,861,0,222,38,173553.16,149864,242,81,0,0
635943,1,0,860,0,222,38,173553.16,149864,242,81,0,0
636146,1,0,860,0,238,38,173553.16,149864,242,81,0,0
636263,1,0,860,0,250,38,173553.16,149864,242,81,0,0
636388,1,0,860,0,254,38,173553.16,149864,242,81,0,0
636450,1,0,860,0,254,38,173553.16,149864,242,81,0,0
636619,1,0,860,0,254,38,173553.16,149864,242,81,0,0
636743,1,0,859,0,254,38,173553.16,149864,242,81,0,0
636844,1,0,858,0,254,38,173553.16,149864,242,81,0,0
636963,1,0,857,0,256,38,173553.16,149864,242,81,0,0
637101,1,0,857,0,256,38,173553.16,149864,242,81,0,0
637238,1,0,857,0,256,38,173553.16,149864,242,81,0,0
637341,1,0,825,0,256,38,173553.16,149864,242,81,0,0
637435,1,0,857,0,254,38,173553.16,149864,242,81,0,0
637563,1,0,857,0,254,38,173553.16,149864,242,81,0,0
637688,1,0,857,0,216,38,173553.16,149864,242,81,0,0
637813,1,0,825,0,174,38,173553.16,149864,242,81,0,0
637941,1,0,858,0,38,38,173553.16,149864,242,81,0,0
638075,1,0,858,0,0,38,173554.16,149864,242,81,0,0
638191,1,0,860,0,0,38,173554.16,149864,242,81,0,0
638313,1,0,861,0,0,38,173554.16,149864,242,81,0,0
638438,1,0,862,0,0,38,173554.16,149864,242,81,0,0
638479,1,0,861,0,0,38,173554.16,149864,242,81,0,0
638691,1,0,861,0,0,38,173554.16,149864,242,81,0,0
638813,1,0,829,0,0,38,173554.16,149864,242,81,0,0
638913,1,0,861,0,0,38,173554.16,149864,242,81,0,0
638963,1,0,861,0,0,38,173554.16,149864,242,81,0,0
639163,1,0,861,5,0,38,173554.16,149864,242,81,0,0
639279,1,0,717,9,0,38,173554.16,149864,242,82,0,0
639391,1,0,723,22,0,38,173554.16,149864,242,82,0,0
639449,1,0,740,43,0,38,173554.16,149864,242,82,0,0
639641,1,0,1086,50,0,38,173554.16,149864,242,82,0,0
639743,1,0,1175,53,0,38,173554.16,149864,242,82,0,0
639866,1,2,1294,70,0,38,173554.16,149864,242,82,0,0
639963,1,3,1383,72,0,38,173554.16,149864,242,82,0,0
640099,1,3,1415,72,0,38,173554.16,149864,242,82,0,0
640243,1,6,1392,72,0,38,173555.20,149864,242,82,0,0
640341,1,7,1326,72,0,38,173555.20,149864,242,82,0,0
640449,1,9,1246,72,0,38,173555.20,149864,242,82,0,0
640591,1,9,1384,72,0,38,173555.20,149864,242,82,0,0
640713,1,10,1593,84,0,38,173555.20,149864,242,82,0,0
640841,1,12,1706,84,0,38,173555.20,149864,242,82,0,0
640941,1,13,1847,84,0,38,173555.20,149864,242,82,0,0
641073,1,13,1911,84,0,38,173556.30,149864,242,82,0,0
641213,1,14,2099,84,0,38,173556.30,149864,242,82,0,0
641313,1,15,2197,84,0,38,173556.30,149864,242,82,0,0
641449,1,16,2347,84,0,38,173556.30,149864,242,82,0,0
641591,1,16,2478,84,0,38,173557.34,149864,242,82,0,0
641691,1,18,2532,83,0,38,173557.34,149864,242,82,0,0
641813,1,18,2632,72,0,38,173557.34,149864,242,82,0,0
641944,1,19,2689,68,0,38,173557.34,149864,242,82,0,0
641944,1,19,2689,68,0,38,173557.34,149864,242,82,0,0
642183,1,19,2721,64,0,38,173557.34,149864,242,82,0,0
642303,1,20,2887,51,0,38,173558.38,149864,242,82,0,0
642413,1,20,2809,0,0,38,173558.38,149864,242,82,0,0
642463,1,20,2807,0,0,38,173558.38,149864,242,82,0,0
642619,1,20,2743,0,0,38,173558.38,149864,242,82,0,0
642763,1,20,2402,0,0,38,173558.38,149864,242,82,0,0
642891,1,20,2257,0,0,38,173558.38,149864,242,82,0,0
642963,1,20,2222,0,0,38,173558.38,149864,242,82,0,0
643097,1,20,2190,0,0,38,173558.38,149864,242,82,0,0
643243,1,20,2045,0,0,38,173558.38,149864,242,82,0,0
643366,1,20,1995,0,0,38,173558.38,149864,242,82,0,0
643463,1,20,1854,0,0,38,173558.38,149864,242,82,0,0
643591,1,20,1653,0,0,38,173558.38,149864,242,82,0,0
643713,1,20,1478,1,0,38,173558.38,149864,242,82,0,0
643841,1,20,1529,3,0,38,173558.38,149864,242,82,0,0
643963,1,20,1588,11,0,38,173558.38,149864,242,82,0,0
644097,1,20,1588,14,0,38,173558.38,149864,242,82,0,0
644213,1,20,1511,23,0,38,173558.38,149864,242,82,0,0
644341,1,20,1536,30,0,38,173558.38,149864,242,82,0,0
644449,1,20,1550,30,0,38,173558.38,149864,245,82,0,0
644591,1,20,1536,30,0,38,173558.38,149864,245,82,0,0
644713,1,20,1536,41,0,38,173558.38,149864,245,82,0,0
644813,1,20,1540,41,0,38,173559.41,149864,245,82,0,0
644942,1,21,1589,41,0,38,173559.41,149864,245,82,0,0
644963,1,21,1589,41,0,38,173559.41,149864,245,82,0,0
645183,1,21,1584,43,0,38,173559.41,149864,245,82,0,0
645303,1,21,1615,43,0,38,173559.41,149864,245,82,0,0
645413,1,21,1615,43,0,38,173559.41,149864,245,82,0,0
645481,1,21,1616,43,0,38,173559.41,149864,245,82,0,0
645660,1,21,1617,42,0,38,173559.41,149864,245,82,0,0
645763,1,21,1651,42,0,38,173559.41,149864,245,82,0,0
645891,1,21,1652,42,0,38,173559.41,149864,245,82,0,0
645963,1,21,1648,42,0,38,173559.41,149864,245,82,0,0
646096,1,21,1648,42,0,38,173559.41,149864,245,82,0,0
646243,1,22,1641,42,0,38,173559.41,149864,245,83,0,0
646366,1,22,1673,42,0,38,173560.44,149864,245,83,0,0
646475,1,22,1674,47,0,38,173560.44,149864,245,83,0,0
646591,1,22,1673,47,0,38,173560.44,149864,245,83,0,0
646738,1,22,1686,51,0,38,173560.44,149864,245,83,0,0
646841,1,22,1672,51,0,38,173560.44,149864,245,83,0,0
646963,1,22,1673,51,0,38,173560.44,149864,245,83,0,0
647095,1,22,1673,51,0,38,173560.44,149864,245,83,0,0
647213,1,22,1704,51,0,38,173560.44,149864,245,83,0,0
647341,1,22,1668,51,0,38,173560.44,149864,245,83,0,0
647465,1,22,1697,51,0,38,173560.44,149864,245,83,0,0
647608,1,22,1697,51,0,38,173560.44,149864,245,83,0,0
647713,1,22,1722,51,0,38,173561.45,149864,245,83,0,0
647841,1,22,1723,56,0,38,173561.45,149864,245,83,0,0
647963,1,22,1728,69,0,38,173561.45,149864,245,83,0,0
648094,1,22,1728,77,0,38,173561.45,149864,245,83,0,0
648213,1,22,1763,80,0,38,173561.45,149864,245,83,0,0
648341,1,23,1804,85,0,38,173561.45,149864,245,83,0,0
648464,1,24,1846,86,0,38,173561.45,149864,245,83,0,0
648607,1,24,1846,88,0,38,173561.45,149864,245,83,0,0
648713,1,25,1908,94,0,38,173562.47,149864,245,83,0,0
648841,1,25,1931,96,0,38,173562.47,149864,245,83,0,0
648966,1,26,1966,97,0,38,173562.47,149864,245,83,0,0
649094,1,26,1998,97,0,38,173562.47,149864,245,83,0,0
649213,1,26,2079,98,0,38,173562.47,149864,245,83,0,0
649313,1,27,2054,101,0,38,173562.47,149864,245,83,0,0
649449,1,28,2123,104,0,38,173563.47,149864,245,83,0,0
649591,1,28,2190,104,0,38,173563.47,149864,245,83,0,0
649713,1,29,2230,106,0,38,173563.47,149864,245,83,0,0
649838,1,30,2247,106,0,38,173563.47,149864,245,83,0,0
649941,1,30,2281,106,0,38,173564.47,149864,245,84,0,0
650093,1,30,2313,106,0,38,173564.47,149864,245,84,0,0
650213,1,31,2395,106,0,38,173564.47,149864,245,84,0,0
650313,1,32,2438,106,0,38,173564.47,149864,245,84,0,0
650449,1,33,2494,106,0,38,173565.53,149864,245,84,0,0
650463,1,33,2494,106,0,38,173565.53,149864,245,84,0,0
650691,1,34,2581,107,0,38,173565.53,149864,245,84,0,0
650813,1,34,2595,107,0,38,173565.53,149864,245,84,0,0
650941,1,35,2681,105,0,38,173566.59,149864,245,84,0,0
650941,1,35,2681,105,0,38,173566.59,149864,245,84,0,0
651163,1,36,2732,98,0,38,173566.59,149864,245,84,0,0
651291,1,36,2801,94,0,38,173566.59,149864,245,84,0,0
651413,1,37,2819,90,0,38,173566.59,149864,245,84,0,0
651449,1,37,2826,90,0,38,173567.73,149864,245,84,0,0
651656,1,38,2890,78,0,38,173567.73,149864,245,84,0,0
651763,1,38,2875,63,0,38,173567.73,149864,245,84,0,0
651891,1,38,2877,48,0,38,173567.73,149864,245,84,0,0
651941,1,38,2904,25,0,38,173567.73,149864,245,84,0,0
652092,1,38,2904,0,0,38,173567.73,149864,245,84,0,0
652243,1,38,2879,0,0,38,173567.73,149864,245,84,0,0
652366,1,38,2855,0,0,38,173568.73,149864,245,84,0,0
652463,1,38,2824,0,0,38,173568.73,149864,245,84,0,0
652618,1,38,2824,0,0,38,173568.73,149864,245,84,0,0
652743,1,37,2788,0,0,38,173568.73,149864,245,84,0,0
652841,1,37,2775,0,0,38,173568.73,149864,245,84,0,0
652963,1,36,2744,0,0,38,173568.73,149864,245,84,0,0
652963,1,36,2744,0,0,38,173568.73,149864,245,84,0,0
653213,1,36,2716,0,0,38,173568.73,149864,245,84,0,0
653341,1,35,2684,0,0,38,173568.73,149864,245,84,0,0
653463,1,35,2684,0,0,38,173568.73,149864,245,84,0,0
653463,1,35,2684,0,0,38,173568.73,149864,245,84,0,0
653713,1,34,2592,16,0,38,173568.73,149864,245,84,0,0
653813,1,34,2607,23,0,38,173568.73,149864,245,84,0,0
653941,1,34,2623,30,0,38,173568.73,149864,245,84,0,0
654091,1,34,2623,34,0,38,173568.73,149864,245,84,0,0
654213,1,34,2562,42,0,38,173568.73,149864,245,84,0,0
654313,1,34,2550,42,0,38,173568.73,149864,245,84,0,0
654449,1,34,2562,43,0,38,173568.73,149864,245,84,0,0
654462,1,34,2562,43,0,38,173568.73,149864,245,84,0,0
654691,1,34,2541,46,0,38,173569.75,149864,245,84,0,0
654803,1,34,2573,47,0,39,173569.75,149864,245,84,0,0
654913,1,34,2541,50,0,39,173569.75,149864,245,84,0,0
654965,1,34,2573,50,0,39,173569.75,149864,245,84,0,0
655163,1,34,2576,51,0,39,173569.75,149864,245,84,0,0
655265,1,34,2587,51,0,39,173569.75,149864,245,84,0,0
655390,1,34,2579,51,0,39,173569.75,149864,245,84,0,0
655465,1,34,2578,51,0,39,173569.75,149864,245,84,0,0
655641,1,34,2569,51,0,39,173569.75,149864,245,84,0,0
655763,1,34,2599,51,0,39,173570.81,149864,245,84,0,0
655866,1,34,2597,52,0,39,173570.81,149864,245,84,0,0
655965,1,34,2594,57,0,39,173570.81,149864,245,84,0,0
656118,1,34,2594,69,0,39,173570.81,149864,245,84,0,0
656243,1,34,2638,71,0,39,173570.81,149864,245,84,0,0
656366,1,35,2635,71,0,39,173570.81,149864,245,84,0,0
656490,1,35,2677,71,0,39,173571.84,149864,245,84,0,0
656602,1,35,2677,71,0,39,173571.84,149864,245,84,0,0
656737,1,35,2685,69,0,39,173571.84,149864,245,84,0,0
656841,1,36,2711,60,0,39,173571.84,149864,245,84,0,0
656965,1,36,2717,50,0,39,173571.84,149864,245,84,0,0
656965,1,36,2717,50,0,39,173571.84,149864,245,84,0,0
657213,1,36,2698,0,0,39,173571.84,149864,245,84,0,0
657341,1,35,2664,0,0,39,173571.84,149864,245,84,0,0
657465,1,35,2683,0,0,39,173571.84,149864,245,84,0,0
657601,1,35,2683,0,0,39,173571.84,149864,245,84,0,0
657713,1,35,2656,0,0,39,173572.88,149864,245,84,0,0
657840,1,35,2652,0,0,39,173572.88,149864,245,84,0,0
657965,1,35,2603,0,0,39,173572.88,149864,245,84,0,0
657965,1,35,2603,0,0,39,173572.88,149864,245,84,0,0
658213,1,34,2563,0,4,39,173572.88,149864,245,84,0,0
658341,1,34,2558,0,8,39,173572.88,149864,245,84,0,0
658449,1,33,2523,0,8,39,173572.88,149864,245,84,0,0
658464,1,33,2523,0,6,39,173572.88,149864,245,84,0,0
658690,1,33,2491,0,6,39,173572.88,149864,245,84,0,0
658812,1,33,2494,0,6,39,173572.88,149864,245,84,0,0
658933,1,32,2462,0,6,39,173572.88,149864,245,84,0,0
658963,1,32,2426,0,10,39,173572.88,149864,245,84,0,0
659164,1,32,2368,0,8,39,173572.88,149864,245,84,0,0
659290,1,31,2368,0,8,39,173572.88,149864,245,84,0,0
659414,1,31,2336,0,6,39,173572.88,149864,245,84,0,0
659490,1,31,2336,0,8,39,173572.88,149864,245,84,0,0
659641,1,30,2272,0,8,39,173572.88,149864,245,84,0,0
659763,1,30,2272,0,6,39,173572.88,149864,245,84,0,0
659890,1,30,2240,0,8,39,173572.88,149864,245,84,0,0
659962,1,30,2240,0,6,39,173572.88,149864,245,84,0,0
660118,1,30,2240,0,6,39,173572.88,149864,245,84,0,0
660243,1,29,2176,0,0,39,173572.88,149864,245,84,0,0
660365,1,29,2176,0,0,39,173572.88,149864,245,84,0,0
660464,1,28,2144,0,0,39,173572.88,149864,245,84,0,0
660464,1,28,2144,0,0,39,173572.88,149864,245,84,0,0
660737,1,28,2112,0,0,39,173572.88,149864,245,84,0,0
660840,1,27,2080,0,0,39,173572.88,149864,245,84,0,0
660962,1,27,2048,0,0,39,173572.88,149864,245,84,0,0
661112,1,27,2048,0,0,39,173572.88,149864,245,84,0,0
661237,1,26,2016,0,0,39,173572.88,149864,245,84,0,0
661341,1,26,1984,0,0,39,173572.88,149864,245,84,0,0
661464,1,26,1984,0,0,39,173572.88,149864,245,85,0,0
661492,1,26,1952,0,0,39,173572.88,149864,245,85,0,0
661712,1,26,1920,0,0,39,173572.88,149864,245,85,0,0
661812,1,25,1920,0,0,39,173572.88,149864,245,85,0,0
661940,1,25,1888,0,0,39,173572.88,149864,245,85,0,0
661962,1,25,1888,0,0,39,173572.88,149864,245,85,0,0
662190,1,24,1824,0,0,39,173572.88,149864,245,85,0,0
662312,1,24,1824,0,0,39,173572.88,149864,245,85,0,0
662433,1,24,1824,0,0,39,173572.88,149864,245,85,0,0
662470,1,24,1792,0,0,39,173572.88,149864,245,85,0,0
662667,1,24,1792,0,64,39,173572.88,149864,245,85,0,0
662762,1,23,1728,0,84,39,173572.88,149864,245,85,0,0
662912,1,22,1536,0,106,39,173572.88,149864,245,85,0,0
662962,1,22,1504,0,110,39,173572.88,149864,245,85,0,0
663118,1,22,1504,0,110,39,173572.88,149864,245,85,0,0
663262,1,19,1460,0,136,39,173572.88,149864,245,85,0,0
663390,1,18,1388,0,144,39,173572.88,149864,245,85,0,0
663490,1,17,1385,0,150,39,173572.88,149864,245,85,0,0
663623,1,16,1352,0,150,39,173572.88,149864,245,85,0,0
663762,1,14,1318,0,154,39,173572.88,149864,245,85,0,0
663865,1,13,1285,0,156,39,173572.88,149864,245,85,0,0
663990,1,11,1253,0,154,39,173572.88,149864,245,85,0,0
663990,1,11,1253,0,154,39,173572.88,149864,245,85,0,0
664243,1,8,1220,0,124,39,173572.88,149864,245,85,0,0
664390,1,8,1188,0,102,39,173572.88,149864,245,85,0,0
664463,1,7,1187,0,96,39,173572.88,149864,245,85,0,0
664637,1,6,1187,0,96,39,173572.88,149864,245,85,0,0
664762,1,5,1153,0,30,39,173572.88,149864,245,85,0,0
664865,1,5,1122,0,30,38,173572.88,149864,245,85,0,0
664991,1,5,1122,0,30,38,173572.88,149864,245,85,0,0
665118,1,5,1122,0,30,38,173572.88,149864,245,85,0,0
665243,1,4,1089,0,32,38,173572.88,149864,245,85,0,0
665365,1,4,1057,0,48,38,173572.88,149864,245,85,0,0
665462,1,3,1057,0,52,38,173573.89,149864,245,85,0,0
665622,1,3,1057,0,52,38,173573.89,149864,245,85,0,0
665743,1,2,993,0,52,38,173573.89,149864,245,85,0,0
665841,1,0,961,0,48,38,173573.89,149864,245,85,0,0
665962,1,0,959,0,16,38,173573.89,149864,245,85,0,0
666118,1,0,927,0,16,38,173573.89,149864,245,85,0,0
666243,1,0,860,0,20,38,173573.89,149864,245,85,0,0
666340,1,0,859,0,22,38,173573.89,149864,245,85,0,0
666464,1,0,859,0,20,38,173573.89,149864,245,85,0,0
666514,1,0,859,0,20,38,173573.89,149864,245,85,0,0
666712,1,0,859,0,16,38,173573.89,149864,245,85,0,0
666840,1,0,859,0,16,38,173573.89,149864,245,85,0,0
666962,1,0,859,0,20,38,173573.89,149864,245,85,0,0
666962,1,0,859,0,20,38,173573.89,149864,245,85,0,0
667190,1,0,858,0,74,38,173573.89,149864,245,85,0,0
667312,1,0,858,0,88,38,173573.89,149864,245,85,0,0
667448,1,0,857,0,92,38,173573.89,149864,245,85,0,0
667495,1,0,857,0,124,38,173573.89,149864,245,85,0,0
667662,1,0,857,0,182,38,173573.89,149864,245,85,0,0
667802,1,0,857,0,192,38,173573.89,149864,245,85,0,0
667912,1,0,857,0,198,38,173573.89,149864,245,85,0,0
667990,1,0,857,0,200,38,173573.89,149864,245,85,0,0
668119,1,0,857,0,200,38,173573.89,149864,245,85,0,0
668262,1,0,855,0,196,38,173573.89,149864,245,85,0,0
668390,1,0,854,0,192,38,173573.89,149864,245,85,0,0
668490,1,0,855,0,188,38,173573.89,149864,245,85,0,0
668620,1,0,855,0,188,38,173573.89,149864,245,85,0,0
668743,1,0,855,0,178,38,173573.89,149864,245,85,0,0
668865,1,0,856,0,166,38,173573.89,149864,245,85,0,0
668990,1,0,856,0,162,38,173573.89,149864,245,85,0,0
668990,1,0,856,0,162,38,173573.89,149864,245,85,0,0
669242,1,0,856,0,154,38,173573.89,149864,245,85,0,0
669365,1,0,856,0,150,38,173573.89,149864,245,85,0,0
669463,1,0,856,0,148,38,173573.89,149864,245,85,0,0
669619,1,0,856,0,148,38,173573.89,149864,245,85,0,0
669737,1,0,856,0,148,38,173573.89,149864,245,85,0,0
669840,1,0,856,0,0,38,173574.91,149864,245,85,0,0
669962,1,0,857,0,0,38,173574.91,149864,245,85,0,0
669990,1,0,889,0,0,38,173574.91,149864,245,85,0,0
670212,1,0,842,0,0,38,173574.91,149864,245,85,0,0
670312,1,0,844,0,0,38,173574.91,149864,245,85,0,0
670448,1,0,844,0,0,38,173574.91,149864,245,85,0,0
670491,1,0,844,0,0,38,173574.91,149864,245,85,0,0
670682,1,0,904,0,0,38,173574.91,149864,245,85,0,0
670802,1,0,1131,28,0,38,173574.91,149864,245,85,0,0
670912,1,0,1393,43,0,38,173574.91,149864,245,85,0,0
671023,1,0,1650,43,0,38,173574.91,149864,245,85,0,0
671140,1,0,1774,43,0,38,173574.91,149864,245,86,0,0
671262,1,0,1823,57,0,38,173574.91,149864,245,86,0,0
671390,1,2,1744,68,0,38,173574.91,149864,245,86,0,0
671463,1,4,1664,69,0,38,173575.97,149864,245,86,0,0
671618,1,4,1632,70,0,38,173575.97,149864,245,86,0,0
671742,1,7,1646,77,0,38,173575.97,149864,245,86,0,0
671865,1,8,1659,77,0,38,173575.97,149864,245,86,0,0
671991,1,10,1673,77,0,38,173575.97,149864,245,86,0,0
671991,1,10,1673,77,0,38,173575.97,149864,245,86,0,0
672242,1,13,1829,82,0,38,173577.06,149864,245,86,0,0
672341,1,14,1969,89,0,38,173577.06,149864,245,86,0,0
672463,1,14,2102,96,0,38,173577.06,149864,245,86,0,0
672618,1,14,2166,97,0,38,173577.06,149864,245,86,0,0
672737,1,17,2368,97,0,38,173577.06,149864,245,86,0,0
672841,1,18,2506,97,0,38,173578.09,149864,245,86,0,0
672962,1,18,2673,97,0,38,173578.09,149864,245,86,0,0
672962,1,18,2673,97,0,38,173578.09,149864,245,86,0,0
673212,1,20,2894,97,0,38,173578.09,149864,245,86,0,0
673312,1,21,3014,97,0,38,173579.22,149864,245,86,0,0
673448,1,22,3166,97,0,38,173579.22,149864,245,86,0,0
673490,1,22,3230,97,0,38,173579.22,149864,245,86,0,0
673685,1,23,3230,97,0,38,173579.22,149864,245,86,0,0
673802,1,24,3483,94,0,38,173579.22,149864,245,86,0,0
673912,1,25,3549,68,0,38,173580.36,149864,245,86,0,0
673990,1,25,3494,68,0,38,173580.36,149864,245,86,0,0
674155,1,25,3509,2,0,38,173580.36,149864,245,86,0,0
674262,1,26,3455,0,0,38,173580.36,149864,245,86,0,0
674391,1,26,3259,0,0,38,173580.36,149864,245,86,0,0
674509,1,26,3099,0,0,38,173580.36,149864,246,86,0,0
674618,1,25,3099,0,0,38,173580.36,149864,246,86,0,0
674742,1,25,2756,0,0,38,173580.36,149864,246,86,0,0
674865,1,25,2597,1,0,38,173580.36,149864,246,86,0,0
674962,1,26,2376,14,0,38,173580.36,149864,246,86,0,0
674962,1,26,2376,14,0,38,173580.36,149864,246,86,0,0
675242,1,26,2023,48,0,38,173580.36,149864,246,86,0,0
675341,1,26,2033,84,0,38,173581.39,149864,246,86,0,0
675464,1,27,2079,86,0,38,173581.39,149864,246,86,0,0
675504,1,27,2111,86,0,38,173581.39,149864,246,86,0,0
675712,1,27,2143,94,0,38,173581.39,149864,246,86,0,0
675837,1,28,2114,97,0,38,173581.39,149864,246,86,0,0
675941,1,29,2206,99,0,38,173581.39,149864,246,86,0,0
675991,1,29,2238,99,0,38,173581.39,149864,246,86,0,0
676191,1,30,2301,99,0,38,173582.50,149864,246,86,0,0
676302,1,30,2312,99,0,38,173582.50,149864,246,86,0,0
676412,1,31,2372,99,0,38,173582.50,149864,246,86,0,0
676491,1,31,2430,99,0,38,173582.50,149864,246,86,0,0
676641,1,32,2430,98,0,38,173582.50,149864,246,86,0,0
676762,1,33,2518,97,0,38,173582.50,149864,246,86,0,0
676891,1,33,2548,93,0,38,173583.56,149864,246,86,0,0
676990,1,34,2606,89,0,38,173583.56,149864,246,86,0,0
677141,1,35,2637,89,0,38,173583.56,149864,246,86,0,0
677262,1,35,2665,88,0,38,173583.56,149864,246,86,0,0
677391,1,36,2751,88,0,38,173584.58,149864,246,86,0,0
677463,1,36,2746,87,0,38,173584.58,149864,246,86,0,0
677618,1,36,2778,60,0,38,173584.58,149864,246,86,0,0
677742,1,37,2777,53,0,38,173584.58,149864,246,86,0,0
677865,1,37,2839,53,0,38,173584.58,149864,246,86,0,0
677991,1,37,2820,53,0,38,173584.58,149864,246,86,0,0
678127,1,37,2820,52,0,38,173584.58,149864,246,86,0,0
678242,1,38,2824,39,0,38,173585.62,149864,246,86,0,0
678365,1,38,2868,33,0,38,173585.62,149864,246,86,0,0
678491,1,38,2872,32,0,38,173585.62,149864,246,86,0,0
678491,1,38,2872,32,0,38,173585.62,149864,246,86,0,0
678742,1,38,2861,32,0,38,173585.62,149864,246,86,0,0
678865,1,38,2898,32,0,38,173585.62,149864,246,86,0,0
678962,1,38,2910,32,0,38,173585.62,149864,246,86,0,0
678991,1,38,2910,32,0,38,173585.62,149864,246,86,0,0
679242,1,38,2890,32,0,38,173585.62,149864,246,86,0,0
679340,1,38,2894,32,0,38,173585.62,149864,246,87,0,0
679463,1,38,2930,31,0,38,173586.67,149864,246,87,0,0
679617,1,38,2930,26,0,38,173586.67,149864,246,87,0,0
679742,1,39,2922,26,0,38,173586.67,149864,246,87,0,0
679865,1,39,2943,26,0,38,173586.67,149864,246,87,0,0
679962,1,39,2941,26,0,38,173586.67,149864,246,87,0,0
679990,1,39,2973,26,0,38,173586.67,149864,246,87,0,0
680242,1,39,2952,26,0,38,173586.67,149864,246,87,0,0
680341,1,39,2952,26,0,38,173586.67,149864,246,87,0,0
680463,1,39,2949,26,0,38,173586.67,149864,246,87,0,0
680503,1,39,2949,26,0,38,173586.67,149864,246,87,0,0
680712,1,39,2975,24,0,38,173586.67,149864,246,87,0,0
680841,1,39,3000,24,0,38,173587.69,149864,246,87,0,0
680941,1,39,2999,23,0,38,173587.69,149864,246,87,0,0
680962,1,39,2999,23,0,38,173587.69,149864,246,87,0,0
681190,1,39,2996,22,0,38,173587.69,149864,246,87,0,0
681312,1,39,2992,19,0,38,173587.69,149864,246,87,0,0
681433,1,39,2986,16,0,38,173587.69,149864,246,87,0,0
681528,1,39,2987,0,0,38,173587.69,149864,246,87,0,0
681680,1,40,2999,0,0,38,173587.69,149864,246,87,0,0
681791,1,40,2956,0,0,38,173587.69,149864,246,87,0,0
681912,1,40,2984,0,0,38,173587.69,149864,246,87,0,0
682015,1,40,3015,0,0,38,173587.69,149864,246,87,0,0
682141,1,40,2990,0,0,38,173587.69,149864,246,87,0,0
682262,1,40,2976,0,0,38,173588.70,149864,246,87,0,0
682391,1,39,2996,0,0,38,173588.70,149864,246,87,0,0
682491,1,39,2983,0,0,38,173588.70,149864,246,87,0,0
682641,1,39,2955,0,0,38,173588.70,149864,246,87,0,0
682762,1,39,3004,0,0,38,173588.70,149864,246,87,0,0
682891,1,39,2956,0,0,38,173588.70,149864,246,87,0,0
682996,1,39,2972,0,0,38,173588.70,149864,246,87,0,0
683136,1,39,2972,0,0,38,173588.70,149864,246,87,0,0
683262,1,39,2912,0,0,38,173588.70,149864,246,87,0,0
683365,1,39,2912,0,0,38,173588.70,149864,246,87,0,0
683491,1,38,2912,0,0,38,173588.70,149864,246,87,0,0
683637,1,38,2912,0,0,38,173588.70,149864,246,87,0,0
683742,1,38,2880,0,0,38,173588.70,149864,246,87,0,0
683865,1,38,2880,0,0,38,173588.70,149864,246,87,0,0
683991,1,38,2848,0,0,38,173588.70,149864,246,87,0,0
684123,1,38,2848,0,0,38,173588.70,149864,246,87,0,0
684242,1,38,2848,0,0,38,173588.70,149864,246,87,0,0
684365,1,38,2848,0,0,38,173588.70,149864,246,87,0,0
684463,1,38,2848,0,0,38,173588.70,149864,246,87,0,0
684491,1,38,2848,0,0,38,173588.70,149864,246,87,0,0
684737,1,37,2816,0,0,38,173588.70,149864,246,87,0,0
684841,1,37,2816,0,0,39,173588.70,149864,246,87,0,0
684962,1,37,2784,0,0,39,173588.70,149864,246,87,0,0
684999,1,37,2784,0,0,39,173588.70,149864,246,87,0,0
685212,1,37,2784,0,0,39,173588.70,149864,246,87,0,0
685312,1,37,2784,0,0,39,173588.70,149864,246,87,0,0
685448,1,37,2752,0,0,39,173588.70,149864,246,87,0,0
685512,1,37,2752,0,0,39,173588.70,149864,246,87,0,0
685662,1,36,2752,0,0,39,173588.70,149864,246,87,0,0
685812,1,36,2752,0,0,39,173588.70,149864,246,87,0,0
685912,1,36,2720,0,0,39,173588.70,149864,246,87,0,0
686012,1,36,2720,0,0,39,173588.70,149864,246,87,0,0
686162,1,36,2720,0,0,39,173588.70,149864,246,87,0,0
686291,1,36,2688,0,0,39,173588.70,149864,246,87,0,0
686412,1,36,2688,0,0,39,173588.70,149864,246,87,0,0
686491,1,36,2688,0,0,39,173588.70,149864,246,87,0,0
686643,1,35,2656,0,0,39,173588.70,149864,246,87,0,0
686762,1,35,2656,0,0,39,173588.70,149864,246,87,0,0
686893,1,35,2656,0,0,39,173588.70,149864,246,87,0,0
686962,1,35,2656,0,0,39,173588.70,149864,246,87,0,0
687137,1,35,2656,0,0,39,173588.70,149864,246,87,0,0
687262,1,35,2624,0,0,39,173588.70,149864,246,87,0,0
687364,1,35,2592,0,0,39,173588.70,149864,246,87,0,0
687491,1,34,2592,0,0,39,173588.70,149864,246,87,0,0
687642,1,34,2592,0,0,39,173588.70,149864,246,87,0,0
687761,1,34,2592,0,0,39,173588.70,149864,246,87,0,0
687864,1,34,2560,0,0,39,173588.70,149864,246,87,0,0
687991,1,34,2560,0,0,39,173588.70,149864,246,87,0,0
688146,1,34,2560,0,0,39,173588.70,149864,246,87,0,0
688262,1,34,2528,0,0,39,173588.70,149864,246,87,0,0
688364,1,33,2528,0,0,39,173588.70,149864,246,87,0,0
688462,1,33,2528,0,0,39,173588.70,149864,246,87,0,0
688512,1,33,2528,0,0,39,173588.70,149864,246,87,0,0
688742,1,33,2496,0,0,39,173588.70,149864,246,87,0,0
688864,1,33,2496,0,0,39,173588.70,149864,246,87,0,0
688962,1,33,2496,0,0,39,173588.70,149864,246,87,0,0
688993,1,33,2496,0,0,39,173588.70,149864,246,87,0,0
689212,1,33,2464,0,0,39,173588.70,149864,246,87,0,0
689336,1,32,2464,0,0,39,173588.70,149864,246,87,0,0
689448,1,32,2432,0,0,39,173588.70,149864,246,87,0,0
689512,1,32,2432,0,0,39,173588.70,149864,246,87,0,0
689661,1,32,2432,0,0,39,173588.70,149864,246,87,0,0
689811,1,32,2432,0,0,39,173588.70,149864,246,87,0,0
689937,1,32,2400,0,0,39,173588.70,149864,246,87,0,0
689991,1,32,2400,0,0,39,173588.70,149864,246,87,0,0
690171,1,32,2400,0,0,39,173588.70,149864,246,87,0,0
690291,1,31,2368,0,0,39,173588.70,149864,246,87,0,0
690412,1,31,2368,0,0,39,173588.70,149864,246,87,0,0
690523,1,31,2368,0,0,39,173588.70,149864,246,87,0,0
690642,1,31,2336,0,0,39,173588.70,149864,246,87,0,0
690762,1,31,2336,0,0,39,173588.70,149864,246,87,0,0
690891,1,31,2336,0,0,39,173588.70,149864,246,87,0,0
690992,1,31,2304,0,0,39,173588.70,149864,246,87,0,0
691145,1,31,2304,0,0,39,173588.70,149864,246,87,0,0
691261,1,30,2304,0,0,39,173588.70,149864,246,87,0,0
691391,1,30,2304,0,0,39,173588.70,149864,246,87,0,0
691463,1,30,2304,0,0,39,173588.70,149864,246,87,0,0
691631,1,30,2304,0,0,39,173588.70,149864,246,87,0,0
691742,1,30,2240,0,0,39,173588.70,149864,246,87,0,0
691864,1,30,2272,0,0,39,173588.70,149864,246,87,0,0
691991,1,30,2272,0,0,39,173588.70,149864,246,87,0,0
692011,1,30,2272,0,0,39,173588.70,149864,246,87,0,0
692211,1,30,2208,0,0,39,173588.70,149864,246,87,0,0
692342,1,29,2208,0,0,39,173588.70,149864,246,87,0,0
692463,1,29,2208,0,0,39,173588.70,149864,246,87,0,0
692511,1,29,2208,0,0,39,173588.70,149864,246,87,0,0
692699,1,29,2208,0,4,39,173588.70,149864,246,87,0,0
692811,1,29,2176,0,6,39,173588.70,149864,246,87,0,0
692944,1,29,2176,0,8,39,173588.70,149864,246,87,0,0
693014,1,29,2176,0,8,39,173588.70,149864,246,87,0,0
693182,1,28,2144,0,14,39,173588.70,149864,246,87,0,0
693301,1,28,2144,0,14,39,173588.70,149864,246,87,0,0
693411,1,28,2112,0,14,39,173588.70,149864,246,87,0,0
693511,1,28,2112,0,14,39,173588.70,149864,246,87,0,0
693661,1,28,2112,0,16,39,173588.70,149864,246,87,0,0
693761,1,27,2080,0,20,39,173588.70,149864,246,87,0,0
693911,1,27,2048,0,26,39,173588.70,149864,246,87,0,0
693961,1,27,2048,0,26,39,173588.70,149864,246,87,0,0
694117,1,27,2048,0,26,39,173588.70,149864,246,87,0,0
694261,1,26,1984,0,32,39,173588.70,149864,246,87,0,0
694391,1,26,1952,0,44,39,173588.70,149864,246,87,0,0
694462,1,26,1952,0,50,39,173588.70,149864,246,87,0,0
694641,1,25,1888,0,50,39,173588.70,149864,246,87,0,0
694761,1,24,1824,0,68,39,173588.70,149864,246,87,0,0
694864,1,24,1792,0,80,39,173588.70,149864,246,87,0,0
694994,1,23,1728,0,86,39,173588.70,149864,246,87,0,0
695117,1,22,1728,0,86,39,173588.70,149864,246,87,0,0
695242,1,21,1568,0,92,39,173588.70,149864,246,87,0,0
695364,1,20,1568,0,98,39,173588.70,149864,246,87,0,0
695491,1,20,1442,0,96,39,173588.70,149864,246,87,0,0
695636,1,18,1468,0,96,39,173588.70,149864,246,87,0,0
695761,1,17,1331,0,118,39,173588.70,149864,246,87,0,0
695864,1,16,1293,0,116,39,173588.70,149864,246,87,0,0
695991,1,16,1282,0,116,39,173588.70,149864,246,87,0,0
695991,1,16,1282,0,116,39,173588.70,149864,246,87,0,0
696242,1,13,1250,0,120,39,173588.70,149864,246,87,0,0
696364,1,12,1217,0,108,39,173588.70,149864,246,87,0,0
696461,1,12,1217,0,104,39,173588.70,149864,246,87,0,0
696517,1,12,1185,0,104,39,173588.70,149864,246,87,0,0
696711,1,11,1185,0,98,39,173588.70,149864,246,87,0,0
696844,1,9,1153,0,100,39,173588.70,149864,246,87,0,0
696961,1,8,1153,0,96,39,173588.70,149864,246,87,0,0
697011,1,8,1153,0,96,39,173588.70,149864,246,87,0,0
697211,1,8,1121,0,96,39,173588.70,149864,246,87,0,0
697311,1,6,1121,0,94,39,173588.70,149864,246,87,0,0
697449,1,5,1089,0,92,39,173588.70,149864,246,87,0,0
697545,1,5,1089,0,92,39,173588.70,149864,246,87,0,0
697661,1,5,1089,0,90,39,173588.70,149864,246,87,0,0
697801,1,3,1056,0,86,39,173588.70,149864,246,87,0,0
697911,1,3,1056,0,78,39,173588.70,149864,246,87,0,0
697991,1,0,1024,0,60,39,173588.70,149864,246,87,0,0
698144,1,0,960,0,60,39,173588.70,149864,246,87,0,0
698261,1,0,958,0,6,39,173588.70,149864,246,87,0,0
698391,1,0,893,0,8,39,173588.70,149864,246,87,0,0
698511,1,0,892,0,8,39,173589.70,149864,246,87,0,0
698661,1,0,859,0,14,39,173589.70,149864,246,87,0,0
698761,1,0,859,0,16,39,173589.70,149864,246,87,0,0
698894,1,0,859,0,24,39,173589.70,149864,246,87,0,0
699011,1,0,858,0,32,39,173589.70,149864,246,87,0,0
699011,1,0,858,0,32,39,173589.70,149864,246,87,0,0
699261,1,0,857,0,64,39,173589.70,149864,246,87,0,0
699394,1,0,857,0,106,39,173589.70,149864,246,87,0,0
699511,1,0,857,0,114,39,173589.70,149864,246,87,0,0
699652,1,0,856,0,114,39,173589.70,149864,246,87,0,0
699761,1,0,856,0,224,39,173589.70,149864,246,87,0,0
699894,1,0,855,0,228,39,173589.70,149864,246,87,0,0
700011,1,0,855,0,244,39,173589.70,149864,246,87,0,0
700144,1,0,855,0,246,39,173589.70,149864,246,87,0,0
700261,1,0,855,0,266,39,173589.70,149864,246,87,0,0
700364,1,0,855,0,292,39,173589.70,149864,246,87,0,0
700497,1,0,823,0,312,39,173589.70,149864,246,87,0,0
700543,1,0,823,0,312,39,173589.70,149864,246,87,0,0
700761,1,0,855,0,322,39,173589.70,149864,246,87,0,0
700864,1,0,855,0,320,39,173589.70,149864,246,87,0,0
700994,1,0,855,0,320,39,173589.70,149864,246,87,0,0
701138,1,0,856,0,320,39,173589.70,149864,246,87,0,0
701261,1,0,852,0,318,39,173589.70,149864,246,87,0,0
701364,1,0,852,0,318,39,173589.70,149864,246,87,0,0
701461,1,0,852,0,318,39,173589.70,149864,246,87,0,0
701515,1,0,852,0,318,39,173589.70,149864,246,87,0,0
701711,1,0,852,0,316,39,173589.70,149864,246,87,0,0
701844,1,0,852,0,316,39,173589.70,149864,246,87,0,0
701961,1,0,852,0,316,39,173589.70,149864,246,87,0,0
702011,1,0,852,0,316,39,173589.70,149864,246,87,0,0
702194,1,0,852,0,316,39,173589.70,149864,246,87,0,0
702311,1,0,852,0,314,39,173589.70,149864,246,87,0,0
702436,1,0,852,0,310,39,173589.70,149864,246,87,0,0
702542,1,0,852,0,304,39,173589.70,149864,246,87,0,0
702661,1,0,852,0,304,39,173589.70,149864,246,87,0,0
702793,1,0,852,0,306,39,173589.70,149864,246,87,0,0
702911,1,0,852,0,308,39,173589.70,149864,246,87,0,0
703011,1,0,852,0,314,39,173590.70,149864,246,87,0,0
703011,1,0,852,0,314,39,173590.70,149864,246,87,0,0
703261,1,0,852,0,314,39,173590.70,149864,246,87,0,0
703364,1,0,852,0,310,39,173590.70,149864,246,87,0,0
703493,1,0,852,0,306,39,173590.70,149864,246,87,0,0
703512,1,0,852,0,306,39,173590.70,149864,246,87,0,0
703744,1,0,852,0,242,39,173590.70,149864,246,87,0,0
703864,1,0,852,0,220,39,173590.70,149864,246,87,0,0
703993,1,0,852,0,202,39,173590.70,149864,246,87,0,0
704016,1,0,852,0,202,39,173590.70,149864,246,87,0,0
704213,1,0,852,0,184,39,173590.70,149864,246,87,0,0
704343,1,0,853,0,170,39,173590.70,149864,246,87,0,0
704462,1,0,853,0,164,39,173590.70,149864,249,87,0,0
704511,1,0,853,0,164,39,173590.70,149864,249,87,0,0
704693,1,0,853,0,160,39,173590.70,149864,249,87,0,0
704811,1,0,853,0,158,39,173590.70,149864,249,87,0,0
704936,1,0,853,0,158,39,173590.70,149864,249,87,0,0
705011,1,0,854,0,156,39,173590.70,149864,249,87,0,0
705161,1,0,853,0,156,39,173590.70,149864,249,87,0,0
705293,1,0,853,0,154,39,173590.70,149864,249,87,0,0
705411,1,0,853,0,154,39,173590.70,149864,249,87,0,0
705494,1,0,853,0,154,39,173590.70,149864,249,87,0,0
705648,1,0,853,0,154,39,173590.70,149864,249,87,0,0
705761,1,0,853,0,154,39,173590.70,149864,249,87,0,0
705864,1,0,853,0,152,39,173590.70,149864,249,87,0,0
705993,1,0,852,0,152,39,173590.70,149864,249,87,0,0
706011,1,0,852,0,152,39,173590.70,149864,249,87,0,0
706244,1,0,851,0,152,39,173590.70,149864,249,87,0,0
706364,1,0,851,0,150,39,173590.70,149864,249,87,0,0
706493,1,0,851,0,150,39,173590.70,149864,249,87,0,0
706515,1,0,851,0,150,39,173590.70,149864,249,87,0,0
706711,1,0,851,0,150,39,173590.70,149864,249,87,0,0
706811,1,0,819,0,150,39,173590.70,149864,249,87,0,0
706961,1,0,819,0,148,39,173590.70,149864,249,87,0,0
707011,1,0,851,0,148,39,173590.70,149864,249,87,0,0
707161,1,0,852,0,148,39,173590.70,149864,249,87,0,0
707311,1,0,852,0,148,39,173590.70,149864,249,87,0,0
707432,1,0,853,0,146,39,173590.70,149864,249,87,0,0
707511,1,0,853,0,146,39,173590.70,149864,249,87,0,0
707673,1,0,853,0,146,39,173590.70,149864,249,87,0,0
707793,1,0,855,0,146,39,173590.70,149864,249,87,0,0
707911,1,0,854,0,144,39,173591.70,149864,249,87,0,0
708011,1,0,855,0,144,39,173591.70,149864,249,87,0,0
708143,1,0,856,0,144,39,173591.70,149864,249,87,0,0
708261,1,0,855,0,144,39,173591.70,149864,249,87,0,0
708411,1,0,856,0,144,39,173591.70,149864,249,87,0,0
708511,1,0,856,0,144,39,173591.70,149864,249,87,0,0
708661,1,0,856,0,144,39,173591.70,149864,249,87,0,0
708761,1,0,856,0,144,39,173591.70,149864,249,87,0,0
708893,1,0,856,0,142,39,173591.70,149864,249,87,0,0
709011,1,0,856,0,142,39,173591.70,149864,249,87,0,0
709161,1,0,856,0,142,39,173591.70,149864,249,87,0,0
709261,1,0,856,0,142,39,173591.70,149864,249,87,0,0
709393,1,0,856,0,142,39,173591.70,149864,249,87,0,0
709494,1,0,856,0,142,39,173591.70,149864,249,87,0,0
709543,1,0,856,0,142,39,173591.70,149864,249,87,0,0
709743,1,0,856,0,142,39,173591.70,149864,249,87,0,0
709864,1,0,855,0,140,39,173591.70,149864,249,87,0,0
709961,1,0,855,0,142,39,173591.70,149864,249,87,0,0
710011,1,0,855,0,142,39,173591.70,149864,249,87,0,0
710211,1,0,855,0,142,39,173591.70,149864,249,87,0,0
710336,1,0,855,0,140,39,173591.70,149864,249,87,0,0
710449,1,0,856,0,140,39,173591.70,149864,249,87,0,0
710543,1,0,854,0,140,39,173591.70,149864,249,87,0,0
710681,1,0,854,0,140,39,173591.70,149864,249,87,0,0
710811,1,0,822,0,140,39,173591.70,149864,249,87,0,0
710931,1,0,854,0,140,39,173591.70,149864,249,87,0,0
711011,1,0,854,0,140,39,173591.70,149864,249,87,0,0
711161,1,0,854,0,140,39,173591.70,149864,249,87,0,0
711293,1,0,854,0,140,39,173591.70,149864,249,87,0,0
711411,1,0,855,0,140,39,173591.70,149864,249,87,0,0
711511,1,0,855,0,140,39,173591.70,149864,249,87,0,0
711644,1,0,855,0,140,39,173591.70,149864,249,87,0,0
711761,1,0,857,0,140,39,173591.70,149864,249,87,0,0
711893,1,0,857,0,140,39,173591.70,149864,249,87,0,0
711993,1,0,857,0,140,39,173591.70,149864,249,87,0,0
712012,1,0,857,0,140,39,173591.70,149864,249,87,0,0
712244,1,0,857,0,140,39,173591.70,149864,249,87,0,0
712364,1,0,857,0,138,39,173592.70,149864,249,87,0,0
712462,1,0,858,0,138,39,173592.70,149864,249,87,0,0
712518,1,0,858,0,138,39,173592.70,149864,249,87,0,0
712712,1,0,859,0,140,39,173592.70,149864,249,87,0,0
712811,1,0,858,0,138,39,173592.70,149864,249,87,0,0
712943,1,0,857,0,138,39,173592.70,149864,249,87,0,0
713051,1,0,858,0,138,39,173592.70,149864,249,87,0,0
713161,1,0,858,0,138,39,173592.70,149864,249,87,0,0
713311,1,0,858,0,138,39,173592.70,149864,249,87,0,0
713432,1,0,858,0,138,39,173592.70,149864,249,87,0,0
713541,1,0,858,0,138,39,173592.70,149864,249,87,0,0
713669,1,0,858,0,138,39,173592.70,149864,249,87,0,0
713793,1,0,858,0,138,39,173592.70,149864,249,87,0,0
713911,1,0,858,0,138,39,173592.70,149864,249,87,0,0
714011,1,0,859,0,138,39,173592.70,149864,249,87,0,0
714156,1,0,859,0,138,39,173592.70,149864,249,87,0,0
714261,1,0,857,0,138,39,173592.70,149864,249,87,0,0
714393,1,0,856,0,138,39,173592.70,149864,249,87,0,0
714511,1,0,856,0,138,39,173592.70,149864,249,87,0,0
714643,1,0,856,0,138,39,173592.70,149864,249,87,0,0
714761,1,0,859,0,138,39,173592.70,149864,249,87,0,0
714864,1,0,861,0,138,39,173592.70,149864,249,87,0,0
714993,1,0,862,0,138,39,173592.70,149864,249,87,0,0
715011,1,0,862,0,138,39,173592.70,149864,249,87,0,0
715244,1,0,828,0,136,39,173592.70,149864,249,87,0,0
715343,1,0,828,0,138,39,173592.70,149864,249,87,0,0
715462,1,0,829,0,136,39,173592.70,149864,249,87,0,0
715557,1,0,828,0,136,39,173592.70,149864,249,87,0,0
715711,1,0,829,0,136,39,173592.70,149864,249,87,0,0
715811,1,0,801,0,138,39,173592.70,149864,249,87,0,0
715943,1,0,843,0,136,39,173592.70,149864,249,87,0,0
716011,1,0,843,0,136,39,173592.70,149864,249,87,0,0
716161,1,0,840,0,136,39,173592.70,149864,249,87,0,0
716301,1,0,835,0,136,39,173592.70,149864,249,87,0,0
716411,1,0,836,0,136,39,173593.72,149864,249,87,0,0
716536,1,0,836,0,136,39,173593.72,149864,249,87,0,0
716667,1,0,835,0,136,39,173593.72,149864,249,87,0,0
716793,1,0,836,0,2,39,173593.72,149864,249,87,0,0
716911,1,0,836,0,0,39,173593.72,149864,249,87,0,0
717011,1,0,868,0,0,39,173593.72,149864,249,87,0,0
717161,1,0,905,0,0,39,173593.72,149864,249,87,0,0
717261,1,0,1182,0,0,39,173593.72,149864,249,87,0,0
717411,1,0,1167,0,0,39,173593.72,149864,249,87,0,0
717512,1,0,1170,0,0,39,173593.72,149864,249,87,0,0
717666,1,0,1144,0,0,39,173593.72,149864,249,87,0,0
717761,1,0,1182,20,0,39,173593.72,149864,249,87,0,0
717893,1,0,1480,33,0,39,173593.72,149864,249,87,0,0
718011,1,0,1689,46,0,39,173593.72,149864,249,87,0,0
718011,1,0,1689,46,0,39,173593.72,149864,249,87,0,0
718261,1,3,1721,51,0,39,173594.73,149864,249,87,0,0
718393,1,4,1663,55,0,39,173594.73,149864,249,87,0,0
718511,1,5,1619,55,0,39,173594.73,149864,249,87,0,0
718511,1,5,1619,55,0,39,173594.73,149864,249,87,0,0
718761,1,9,1495,55,0,39,173594.73,149864,249,87,0,0
718864,1,10,1451,56,0,39,173595.80,149864,249,87,0,0
718993,1,11,1673,58,0,39,173595.80,149864,249,87,0,0
719011,1,11,1673,64,0,39,173595.80,149864,249,87,0,0
719243,1,13,1892,68,0,39,173595.80,149864,249,87,0,0
719343,1,14,1988,69,0,39,173595.80,149864,249,87,0,0
719462,1,14,2088,69,0,39,173595.80,149864,249,87,0,0
719550,1,15,2151,69,0,39,173596.86,149864,249,87,0,0
719693,1,15,2298,69,0,39,173596.86,149864,249,87,0,0
719836,1,17,2359,69,0,39,173596.86,149864,249,87,0,0
719943,1,17,2412,69,0,39,173596.86,149864,249,87,0,0
720043,1,17,2497,69,0,39,173596.86,149864,249,87,0,0
720193,1,17,2597,69,0,39,173596.86,149864,249,87,0,0
720311,1,18,2638,67,0,39,173597.94,149864,249,87,0,0
720431,1,19,2708,58,0,39,173597.94,149864,249,87,0,0
720511,1,19,2748,32,0,39,173597.94,149864,249,87,0,0
720664,1,19,2734,32,0,39,173597.94,149864,249,87,0,0
720793,1,19,2536,0,0,39,173597.94,149864,249,87,0,0
720911,1,20,2421,0,0,39,173597.94,149864,249,87,0,0
721011,1,20,2246,0,0,39,173597.94,149864,249,87,0,0
721050,1,20,2227,0,0,39,173597.94,149864,249,87,0,0
721261,1,20,2033,0,0,39,173597.94,149864,249,87,0,0
721393,1,20,1902,0,0,39,173597.94,149864,249,87,0,0
721511,1,20,1705,1,0,39,173597.94,149864,249,87,0,0
721511,1,20,1705,1,0,39,173597.94,149864,249,87,0,0
721760,1,20,1534,6,0,39,173597.94,149864,249,87,0,0
721869,1,20,1529,22,0,39,173597.94,149864,249,87,0,0
721993,1,20,1601,34,0,39,173597.94,149864,249,87,0,0
722043,1,20,1607,47,0,39,173598.94,149864,249,87,0,0
722243,1,20,1578,50,0,39,173598.94,149864,249,87,0,0
722343,1,20,1585,45,0,39,173598.94,149864,249,87,0,0
722462,1,21,1579,30,0,39,173598.94,149864,249,87,0,0
722511,1,21,1579,13,0,39,173598.94,149864,249,87,0,0
722710,1,21,1580,0,0,39,173598.94,149864,249,87,0,0
722811,1,21,1587,0,0,39,173598.94,149864,249,87,0,0
722943,1,21,1559,0,0,39,173598.94,149864,249,87,0,0
723043,1,21,1589,0,0,39,173598.94,149864,249,87,0,0
723181,1,21,1589,0,0,39,173598.94,149864,249,87,0,0
723301,1,21,1581,0,0,39,173598.94,149864,249,87,0,0
723410,1,21,1580,0,0,39,173598.94,149864,249,87,0,0
723510,1,21,1548,0,0,39,173598.94,149864,249,87,0,0
723662,1,20,1561,0,0,39,173598.94,149864,249,87,0,0
723793,1,20,1558,0,0,39,173598.94,149864,249,87,0,0
723910,1,20,1512,0,0,39,173598.94,149864,249,87,0,0
724010,1,20,1504,0,0,39,173598.94,149864,249,87,0,0
724048,1,20,1511,0,0,39,173598.94,149864,249,87,0,0
724260,1,20,1524,0,0,39,173598.94,149864,249,87,0,0
724393,1,19,1510,4,0,39,173598.94,149864,249,87,0,0
724510,1,19,1476,17,0,39,173598.94,149864,249,87,0,0
724510,1,19,1476,17,0,39,173598.94,149864,249,87,0,0
724760,1,19,1551,48,0,39,173599.94,149864,249,87,0,0
724866,1,20,1589,51,0,39,173599.94,149864,249,87,0,0
725010,1,20,1505,53,0,39,173599.94,149864,249,87,0,0
725043,1,20,1507,53,0,39,173599.94,149864,249,87,0,0
725243,1,20,1597,69,0,39,173599.94,149864,249,87,0,0
725366,1,21,1615,72,0,39,173599.94,149864,249,87,0,0
725462,1,21,1615,73,0,39,173599.94,149864,249,87,0,0
725546,1,21,1652,76,0,39,173599.94,149864,249,87,0,0
725710,1,21,1659,77,0,39,173599.94,149864,249,87,0,0
725843,1,22,1675,78,0,39,173600.98,149864,249,88,0,0
725960,1,22,1702,78,0,39,173600.98,149864,249,88,0,0
726035,1,23,1734,78,0,39,173600.98,149864,249,88,0,0
726181,1,23,1738,78,0,39,173600.98,149864,249,88,0,0
726310,1,23,1810,80,0,39,173600.98,149864,249,88,0,0
726443,1,24,1851,80,0,39,173600.98,149864,249,88,0,0
726510,1,24,1883,80,0,39,173600.98,149864,249,88,0,0
726661,1,24,1886,80,0,39,173600.98,149864,249,88,0,0
726810,1,25,1933,80,0,39,173602.00,149864,249,88,0,0
726910,1,26,1971,80,0,39,173602.00,149864,249,88,0,0
727043,1,26,2043,81,0,39,173602.00,149864,249,88,0,0
727180,1,26,2043,81,0,39,173602.00,149864,249,88,0,0
727300,1,27,2079,80,0,39,173602.00,149864,249,88,0,0
727410,1,27,2081,70,0,39,173602.00,149864,249,88,0,0
727535,1,28,2115,68,0,39,173602.00,149864,249,88,0,0
727550,1,28,2130,68,0,39,173603.00,149864,249,88,0,0
727794,1,28,2178,68,0,39,173603.00,149864,249,88,0,0
727910,1,29,2206,68,0,39,173603.00,149864,249,88,0,0
728010,1,29,2183,68,0,39,173603.00,149864,249,88,0,0
728160,1,29,2223,68,0,39,173603.00,149864,249,88,0,0
728260,1,29,2269,68,0,39,173603.00,149864,249,88,0,0
728393,1,30,2241,67,0,39,173604.00,149864,249,88,0,0
728510,1,30,2277,67,0,39,173604.00,149864,249,88,0,0
728660,1,30,2277,67,0,39,173604.00,149864,249,88,0,0
728760,1,31,2316,62,0,39,173604.00,149864,249,88,0,0
728893,1,31,2349,58,0,39,173604.00,149864,249,88,0,0
729010,1,31,2376,49,0,39,173604.00,149864,249,88,0,0
729010,1,31,2376,49,0,39,173604.00,149864,249,88,0,0
729260,1,31,2376,36,0,39,173604.00,149864,249,88,0,0
729393,1,31,2381,25,0,39,173605.02,149864,249,88,0,0
729510,1,31,2386,10,0,39,173605.02,149864,249,88,0,0
729544,1,31,2384,10,0,39,173605.02,149864,249,88,0,0
729743,1,31,2355,1,0,39,173605.02,149864,249,88,0,0
729863,1,31,2353,0,0,39,173605.02,149864,249,88,0,0
729960,1,31,2323,0,0,39,173605.02,149864,249,88,0,0
730050,1,31,2355,0,0,39,173605.02,149864,249,88,0,0
730210,1,31,2355,0,0,39,173605.02,149864,249,88,0,0
730343,1,31,2359,0,0,39,173605.02,149864,249,88,0,0
730461,1,31,2328,0,0,39,173605.02,149864,249,88,0,0
730535,1,30,2328,0,0,39,173605.02,149864,249,88,0,0
730693,1,30,2303,0,0,39,173605.02,149864,249,88,0,0
730835,1,30,2296,0,0,39,173605.02,149864,249,88,0,0
730944,1,30,2240,0,0,39,173605.02,149864,249,88,0,0
731060,1,30,2268,0,0,39,173605.02,149864,249,88,0,0
731196,1,30,2268,0,0,39,173605.02,149864,249,88,0,0
731310,1,30,2208,0,0,39,173605.02,149864,249,88,0,0
731444,1,29,2207,0,0,39,173605.02,149864,249,88,0,0
731550,1,29,2190,0,0,39,173605.02,149864,249,88,0,0
731683,1,29,2190,0,0,39,173605.02,149864,249,88,0,0
731800,1,28,2144,0,0,39,173605.02,149864,249,88,0,0
731910,1,28,2112,0,0,39,173605.02,149864,249,88,0,0
732043,1,28,2112,0,0,39,173605.02,149864,249,88,0,0
732062,1,28,2112,0,0,39,173605.02,149864,249,88,0,0
732260,1,28,2080,0,0,39,173605.02,149864,249,88,0,0
732393,1,27,2048,0,0,39,173605.02,149864,249,88,0,0
732510,1,27,2048,0,0,39,173605.02,149864,249,88,0,0
732548,1,27,2016,0,0,39,173605.02,149864,249,88,0,0
732763,1,26,2016,0,0,39,173605.02,149864,249,88,0,0
732863,1,26,1984,0,0,39,173605.02,149864,249,88,0,0
732994,1,26,1952,0,0,39,173605.02,149864,249,88,0,0
733043,1,26,1952,0,0,39,173605.02,149864,249,88,0,0
733210,1,26,1952,0,0,39,173605.02,149864,249,88,0,0
733344,1,25,1920,0,0,39,173605.02,149864,249,88,0,0
733460,1,25,1888,0,0,39,173605.02,149864,249,88,0,0
733550,1,25,1888,0,0,39,173605.02,149864,249,88,0,0
733694,1,25,1856,0,0,39,173605.02,149864,249,88,0,0
733835,1,24,1856,0,0,39,173605.02,149864,249,88,0,0
733960,1,24,1824,0,0,39,173605.02,149864,249,88,0,0
734050,1,24,1824,0,0,39,173605.02,149864,249,88,0,0
734180,1,24,1792,0,0,39,173605.02,149864,249,88,0,0
734310,1,24,1792,0,0,39,173605.02,149864,249,88,0,0
734444,1,23,1728,0,0,39,173605.02,149864,249,88,0,0
734550,1,23,1728,0,0,39,173605.02,149864,252,88,0,0
734694,1,23,1696,0,0,39,173605.02,149864,252,88,0,0
734810,1,22,1664,0,0,39,173605.02,149864,252,88,0,0
734935,1,22,1664,0,0,39,173605.02,149864,252,88,0,0
735050,1,21,1632,0,0,39,173605.02,149864,252,88,0,0
735194,1,21,1632,0,0,39,173605.02,149864,252,88,0,0
735310,1,21,1600,0,0,39,173605.02,149864,252,88,0,0
735435,1,21,1568,0,0,39,173605.02,149864,252,88,0,0
735555,1,20,1536,0,0,39,173605.02,149864,252,88,0,0
735562,1,20,1536,0,0,39,173605.02,149864,252,88,0,0
735810,1,20,1504,23,0,39,173605.02,149864,252,88,0,0
735930,1,20,1553,31,0,39,173605.02,149864,252,88,0,0
736035,1,19,1504,34,0,39,173605.02,149864,252,88,0,0
736180,1,19,1555,34,0,39,173605.02,149864,252,88,0,0
736300,1,19,1510,44,0,39,173605.02,149864,252,88,0,0
736410,1,20,1500,47,0,39,173606.03,149864,252,88,0,0
736544,1,19,1473,49,0,39,173606.03,149864,252,88,0,0
736680,1,19,1473,49,0,39,173606.03,149864,252,88,0,0
736800,1,20,1514,55,0,39,173606.03,149864,252,88,0,0
736910,1,20,1530,61,0,39,173606.03,149864,252,88,0,0
737035,1,20,1533,63,0,39,173606.03,149864,252,88,0,0
737060,1,20,1564,63,0,39,173606.03,149864,252,88,0,0
737260,1,20,1575,71,0,39,173606.03,149864,252,88,0,0
737394,1,20,1579,74,0,39,173606.03,149864,252,87,0,0
737510,1,21,1612,78,0,39,173606.03,149864,252,87,0,0
737538,1,21,1612,78,0,39,173606.03,149864,252,87,0,0
737744,1,22,1663,85,0,39,173607.08,149864,252,87,0,0
737863,1,22,1668,88,0,39,173607.08,149864,252,87,0,0
737960,1,22,1713,88,0,39,173607.08,149864,252,87,0,0
738060,1,23,1757,88,0,39,173607.08,149864,252,87,0,0
738194,1,23,1765,88,0,39,173607.08,149864,252,87,0,0
738344,1,24,1835,86,0,39,173607.08,149864,252,87,0,0
738461,1,24,1869,86,0,39,173607.08,149864,252,87,0,0
738551,1,25,1903,86,0,39,173608.11,149864,252,87,0,0
738694,1,25,1934,86,0,39,173608.11,149864,252,87,0,0
738835,1,26,1966,86,0,39,173608.11,149864,252,87,0,0
738944,1,26,2045,86,0,39,173608.11,149864,252,87,0,0
739060,1,27,2049,86,0,39,173608.11,149864,252,87,0,0
739194,1,27,2085,86,0,39,173608.11,149864,252,87,0,0
739310,1,27,2119,87,0,39,173608.11,149864,252,87,0,0
739435,1,28,2158,87,0,39,173609.19,149864,252,87,0,0
739545,1,29,2203,87,0,39,173609.19,149864,252,87,0,0
739680,1,29,2235,87,0,39,173609.19,149864,252,87,0,0
739800,1,30,2300,87,0,39,173609.19,149864,252,87,0,0
739910,1,30,2334,87,0,39,173609.19,149864,252,87,0,0
740044,1,31,2342,86,0,39,173610.20,149864,252,87,0,0
740064,1,31,2342,86,0,39,173610.20,149864,252,87,0,0
740294,1,31,2456,85,0,39,173610.20,149864,252,87,0,0
740410,1,32,2493,82,0,39,173610.20,149864,252,87,0,0
740510,1,33,2527,79,0,39,173610.20,149864,252,87,0,0
740545,1,33,2496,79,0,39,173610.20,149864,252,87,0,0
740760,1,34,2552,77,0,39,173611.22,149864,252,87,0,0
740910,1,34,2612,73,0,39,173611.22,149864,252,87,0,0
741010,1,34,2605,69,0,39,173611.22,149864,252,87,0,0
741051,1,35,2635,69,0,39,173611.22,149864,252,87,0,0
741260,1,35,2658,59,0,39,173611.22,149864,252,87,0,0
741363,1,35,2686,39,0,39,173612.28,149864,252,87,0,0
741494,1,35,2648,0,0,39,173612.28,149864,252,87,0,0
741545,1,35,2619,0,0,39,173612.28,149864,252,87,0,0
741744,1,35,2305,0,0,39,173612.28,149864,252,87,0,0
741863,1,35,2176,0,0,39,173612.28,149864,252,87,0,0
741960,1,35,2050,0,0,39,173612.28,149864,252,87,0,0
742060,1,36,1825,13,0,39,173612.28,149864,252,87,0,0
742215,1,36,1857,13,0,39,173612.28,149864,252,87,0,0
742344,1,36,1889,40,0,39,173612.28,149864,252,87,0,0
742461,1,36,1941,48,0,39,173612.28,149864,252,87,0,0
742560,1,36,1947,52,0,39,173612.28,149864,252,87,0,0
742702,1,36,1947,52,0,39,173612.28,149864,252,87,0,0
742810,1,36,1925,53,0,39,173612.28,149864,252,87,0,0
742944,1,37,1978,53,0,39,173613.34,149864,252,87,0,0
743050,1,37,1978,53,0,39,173613.34,149864,252,87,0,0
743189,1,37,1978,53,0,39,173613.34,149864,252,87,0,0
743310,1,37,1976,53,0,39,173613.34,149864,252,87,0,0
743431,1,37,2005,51,0,39,173613.34,149864,252,87,0,0
743550,1,37,2000,49,0,39,173613.34,149864,252,87,0,0
743560,1,37,2000,49,0,39,173613.34,149864,252,87,0,0
743760,1,38,2031,49,0,39,173613.34,149864,252,87,0,0
743895,1,38,2028,49,0,39,173613.34,149864,252,87,0,0
744010,1,38,2029,48,0,39,173614.36,149864,252,87,0,0
744060,1,38,2030,48,0,39,173614.36,149864,252,87,0,0
744265,1,38,2063,48,0,39,173614.36,149864,252,87,0,0
744363,1,39,2048,29,0,39,173614.36,149864,252,87,0,0
744495,1,39,2071,29,0,39,173614.36,149864,252,87,0,0
744560,1,39,2057,22,0,39,173614.36,149864,252,87,0,0
744710,1,39,2057,21,0,39,173614.36,149864,252,87,0,0
744848,1,39,2079,21,0,39,173614.36,149864,252,87,0,0
744960,1,39,2050,21,0,39,173614.36,149864,252,87,0,0
745060,1,39,2051,20,0,39,173614.36,149864,252,87,0,0
745213,1,39,2051,20,0,39,173614.36,149864,252,87,0,0
745335,1,39,2054,17,0,39,173614.36,149864,252,87,0,0
745461,1,39,2082,17,0,39,173614.36,149864,252,87,0,0
745560,1,39,2048,17,0,39,173614.36,149864,252,87,0,0
745700,1,39,2080,17,0,39,173614.36,149864,252,87,0,0
745810,1,39,2107,17,0,39,173615.36,149864,252,87,0,0
745944,1,39,2106,17,0,39,173615.36,149864,252,87,0,0
746060,1,39,2106,17,0,39,173615.36,149864,252,87,0,0
746060,1,39,2106,17,0,39,173615.36,149864,252,87,0,0
746310,1,39,2109,16,0,39,173615.36,149864,252,87,0,0
746430,1,39,2110,16,0,39,173615.36,149864,252,87,0,0
746551,1,39,2111,14,0,39,173615.36,149864,252,87,0,0
746560,1,39,2111,14,0,39,173615.36,149864,252,87,0,0
746810,1,39,2105,8,0,39,173615.36,149864,252,87,0,0
746910,1,39,2095,8,0,39,173615.36,149864,252,87,0,0
747045,1,39,2091,8,0,39,173615.36,149864,252,87,0,0
747099,1,39,2091,8,0,39,173615.36,149864,252,87,0,0
747263,1,39,2091,8,0,39,173615.36,149864,252,87,0,0
747394,1,39,2090,6,0,39,173615.36,149864,252,87,0,0
747510,1,39,2090,0,0,39,173615.36,149864,252,87,0,0
747560,1,39,2090,0,0,39,173615.36,149864,252,87,0,0
747760,1,39,2057,0,0,39,173615.36,149864,252,87,0,0
747863,1,39,2087,0,0,39,173615.36,149864,252,87,0,0
747994,1,39,2085,0,0,39,173616.36,149864,252,87,0,0
748060,1,39,2085,0,0,39,173616.36,149864,252,87,0,0
748211,1,39,2053,0,0,39,173616.36,149864,252,87,0,0
748363,1,39,2055,0,0,39,173616.36,149864,252,87,0,0
748461,1,39,2073,0,0,39,173616.36,149864,252,87,0,0
748550,1,39,2073,0,0,39,173616.36,149864,252,87,0,0
748710,1,39,2041,0,0,39,173616.36,149864,252,87,0,0
748845,1,38,2044,0,0,39,173616.36,149864,252,87,0,0
748960,1,38,2033,0,0,39,173616.36,149864,252,87,0,0
749060,1,38,2044,0,0,39,173616.36,149864,252,87,0,0
749211,1,38,1980,0,0,39,173616.36,149864,252,87,0,0
749345,1,38,1647,0,0,39,173616.36,149864,252,87,0,0
749460,1,38,1622,0,0,39,173616.36,149864,252,87,0,0
749560,1,38,1569,0,0,39,173616.36,149864,252,87,0,0
749697,1,38,1569,0,0,39,173616.36,149864,252,87,0,0
749810,1,37,1940,0,0,39,173616.36,149864,252,87,0,0
749945,1,37,2324,0,0,39,173616.36,149864,252,87,0,0
750060,1,36,2622,0,0,39,173616.36,149864,252,87,0,0
750060,1,36,2622,0,0,39,173616.36,149864,252,87,0,0
750310,1,36,2747,0,0,39,173616.36,149864,252,87,0,0
750435,1,36,2696,0,0,39,173616.36,149864,252,87,0,0
750560,1,36,2700,0,0,39,173616.36,149864,252,87,0,0
750697,1,36,2732,0,0,39,173616.36,149864,252,87,0,0
750810,1,36,2700,0,0,39,173616.36,149864,252,87,0,0
750935,1,35,2699,0,0,39,173616.36,149864,252,87,0,0
751050,1,35,2667,0,0,39,173616.36,149864,252,87,0,0
751184,1,35,2667,0,6,39,173617.38,149864,252,87,0,0
751310,1,35,2635,0,28,39,173617.38,149864,252,87,0,0
751435,1,34,2635,0,44,39,173617.38,149864,252,87,0,0
751550,1,34,2533,0,72,39,173617.38,149864,252,87,0,0
751698,1,34,2470,0,98,39,173617.38,149864,252,87,0,0
751810,1,32,2431,0,112,39,173617.38,149864,252,87,0,0
751935,1,31,2366,0,120,39,173617.38,149864,252,87,0,0
752060,1,30,2225,0,138,39,173617.38,149864,252,87,0,0
752060,1,30,2225,0,138,39,173617.38,149864,252,87,0,0
752310,1,27,2017,0,138,39,173617.38,149864,252,87,0,0
752461,1,25,1924,0,150,39,173617.38,149864,252,87,0,0
752560,1,24,1836,0,152,39,173617.38,149864,252,87,0,0
752710,1,24,1804,0,152,39,173617.38,149864,252,87,0,0
752835,1,22,1710,0,150,39,173617.38,149864,252,87,0,0
752948,1,21,1630,0,40,39,173617.38,149864,252,87,0,0
753060,1,21,1564,0,0,39,173617.38,149864,252,87,0,0
753210,1,21,1564,0,0,39,173617.38,149864,252,87,0,0
753310,1,21,1593,0,0,39,173617.38,149864,252,87,0,0
753449,1,21,1588,0,0,39,173617.38,149864,252,87,0,0
753547,1,20,1618,24,0,39,173617.38,149864,252,87,0,0
753697,1,20,1623,24,0,39,173617.38,149864,252,87,0,0
753810,1,20,1513,33,0,39,173617.38,149864,252,87,0,0
753935,1,19,1474,53,0,39,173617.38,149864,252,87,0,0
754060,1,19,1490,61,0,39,173618.39,149864,252,87,0,0
754060,1,19,1490,61,0,39,173618.39,149864,252,87,0,0
754310,1,20,1619,71,0,39,173618.39,149864,252,87,0,0
754435,1,21,1657,75,0,39,173618.39,149864,252,87,0,0
754553,1,22,1639,75,0,39,173618.39,149864,252,87,0,0
754559,1,22,1639,75,0,39,173618.39,149864,252,87,0,0
754810,1,22,1691,82,0,39,173618.39,149864,252,87,0,0
754930,1,22,1720,85,0,39,173618.39,149864,252,87,0,0
755047,1,23,1784,85,0,39,173618.39,149864,252,87,0,0
755059,1,23,1784,85,0,39,173618.39,149864,252,87,0,0
755260,1,24,1834,85,0,39,173619.39,149864,252,87,0,0
755410,1,24,1903,86,0,39,173619.39,149864,252,87,0,0
755510,1,25,1938,86,0,39,173619.39,149864,252,87,0,0
755611,1,25,1974,86,0,39,173619.39,149864,252,87,0,0
755762,1,26,2013,86,0,39,173619.39,149864,252,87,0,0
755862,1,27,2046,86,0,39,173619.39,149864,252,87,0,0
755997,1,27,2081,82,0,39,173620.45,149864,252,87,0,0
756060,1,27,2086,76,0,39,173620.45,149864,252,87,0,0
756210,1,27,2086,36,0,39,173620.45,149864,252,87,0,0
756363,1,28,2123,21,0,39,173620.45,149864,252,87,0,0
756461,1,28,2150,5,0,39,173620.45,149864,252,87,0,0
756565,1,28,2153,0,0,39,173620.45,149864,252,87,0,0
756719,1,28,2153,0,0,39,173620.45,149864,252,87,0,0
756847,1,28,2156,0,0,39,173620.45,149864,252,87,0,0
756960,1,28,2155,0,0,39,173620.45,149864,252,87,0,0
757060,1,28,2154,0,0,39,173620.45,149864,252,87,0,0
757097,1,28,2154,0,0,39,173620.45,149864,252,87,0,0
757347,1,28,2184,0,0,39,173620.45,149864,252,87,0,0
757461,1,28,2121,0,0,39,173620.45,149864,252,87,0,0
757560,1,28,2156,0,0,39,173620.45,149864,252,87,0,0
757718,1,28,2156,0,0,39,173620.45,149864,252,87,0,0
757837,1,28,2140,0,0,39,173620.45,149864,252,87,0,0
757960,1,28,2109,0,0,39,173620.45,149864,252,87,0,0
758060,1,27,2094,0,0,39,173620.45,149864,252,87,0,0
758060,1,27,2094,0,0,39,173620.45,149864,252,87,0,0
758315,1,27,2076,0,0,39,173620.45,149864,252,87,0,0
758449,1,27,2029,0,0,39,173620.45,149864,252,87,0,0
758560,1,27,2031,0,0,39,173620.45,149864,252,87,0,0
758560,1,27,2031,0,0,39,173620.45,149864,252,87,0,0
758810,1,26,1984,0,8,39,173620.45,149864,252,87,0,0
758947,1,26,1984,0,8,39,173620.45,149864,252,87,0,0
759059,1,26,1952,0,14,39,173620.45,149864,252,87,0,0
759097,1,26,1952,0,14,39,173620.45,149864,252,87,0,0
759309,1,25,1920,0,30,39,173620.45,149864,252,87,0,0
759430,1,25,1888,0,28,39,173620.45,149864,252,87,0,0
759547,1,24,1856,0,36,39,173620.45,149864,252,87,0,0
759559,1,24,1856,0,48,39,173620.45,149864,252,87,0,0
759760,1,24,1792,0,56,39,173620.45,149864,252,87,0,0
759897,1,23,1728,0,56,39,173620.45,149864,252,87,0,0
760010,1,23,1696,0,56,39,173620.45,149864,252,87,0,0
760098,1,22,1664,0,60,39,173620.45,149864,252,87,0,0
760234,1,21,1664,0,60,39,173620.45,149864,252,87,0,0
760362,1,21,1568,0,62,39,173620.45,149864,252,87,0,0
760497,1,20,1504,0,62,39,173620.45,149864,252,87,0,0
760559,1,20,1521,0,62,39,173620.45,149864,252,87,0,0
760716,1,20,1489,0,62,39,173620.45,149864,252,87,0,0
760862,1,18,1361,0,64,39,173620.45,149864,252,87,0,0
760959,1,18,1330,0,64,39,173621.47,149864,252,87,0,0
761097,1,17,1317,0,64,39,173621.47,149864,252,87,0,0
761234,1,16,1285,0,64,39,173621.47,149864,252,87,0,0
761362,1,16,1251,0,60,39,173621.47,149864,252,87,0,0
761461,1,16,1251,0,56,39,173621.47,149864,252,87,0,0
761559,1,15,1219,0,54,39,173621.47,149864,252,87,0,0
761716,1,15,1219,0,54,39,173621.47,149864,252,87,0,0
761847,1,14,1188,0,30,39,173621.47,149864,252,87,0,0
761959,1,14,1188,0,22,39,173621.47,149864,252,87,0,0
762059,1,14,1155,0,18,39,173621.47,149864,252,87,0,0
762209,1,14,1155,0,18,39,173621.47,149864,252,87,0,0
762336,1,13,1155,0,4,39,173621.47,149864,252,87,0,0
762461,1,13,1123,0,4,39,173621.47,149864,252,87,0,0
762561,1,13,1123,0,4,39,173621.47,149864,252,87,0,0
762715,1,13,1123,0,4,39,173621.47,149864,252,87,0,0
762836,1,13,1089,0,4,39,173621.47,149864,252,87,0,0
762959,1,13,1089,0,4,39,173621.47,149864,252,87,0,0
763059,1,13,1089,0,4,39,173621.47,149864,252,87,0,0
763059,1,13,1089,0,4,39,173621.47,149864,252,87,0,0
763309,1,13,1057,0,4,39,173621.47,149864,252,87,0,0
763446,1,13,1057,0,4,39,173621.47,149864,252,87,0,0
763559,1,13,1057,0,6,39,173621.47,149864,252,87,0,0
763559,1,13,1057,0,6,39,173621.47,149864,252,87,0,0
763809,1,13,1057,0,6,39,173621.47,149864,252,87,0,0
763934,1,12,1057,0,8,39,173621.47,149864,252,87,0,0
764059,1,12,1057,0,14,39,173621.47,149864,252,87,0,0
764059,1,12,1057,0,14,39,173621.47,149864,252,87,0,0
764297,1,12,1058,0,12,39,173621.47,149864,252,87,0,0
764409,1,12,1058,0,14,39,173621.47,149864,252,87,0,0
764534,1,11,1059,0,20,39,173621.47,149864,255,87,0,0
764559,1,11,1060,0,28,39,173621.47,149864,255,87,0,0
764759,1,11,1059,0,56,39,173622.47,149864,255,87,0,0
764897,1,10,1059,0,60,39,173622.47,149864,255,87,0,0
765009,1,10,1059,0,60,39,173622.47,149864,255,87,0,0
765097,1,9,1059,0,60,39,173622.47,149864,255,87,0,0
765234,1,8,1059,0,60,39,173622.47,149864,255,87,0,0
765362,1,7,1059,0,62,39,173622.47,149864,255,87,0,0
765497,1,7,1028,0,60,39,173622.47,149864,255,87,0,0
765559,1,7,1025,0,60,39,173622.47,149864,255,87,0,0
765713,1,7,1025,0,60,39,173622.47,149864,255,87,0,0
765862,1,5,1025,0,88,39,173622.47,149864,255,87,0,0
765959,1,4,1025,0,84,39,173622.47,149864,255,87,0,0
766098,1,4,1024,0,46,39,173622.47,149864,255,87,0,0
766234,1,3,1024,0,46,39,173622.47,149864,255,87,0,0
766347,1,3,1023,0,30,39,173622.47,149864,255,87,0,0
766461,1,2,991,0,54,39,173622.47,149864,255,87,0,0
766562,1,0,991,0,54,39,173622.47,149864,255,87,0,0
766631,1,0,959,0,54,39,173622.47,149864,255,87,0,0
766847,1,0,893,0,62,39,173622.47,149864,255,87,0,0
766959,1,0,861,0,34,39,173622.47,149864,255,87,0,0
767059,1,0,860,0,34,39,173622.47,149864,255,87,0,0
767225,1,0,860,0,34,39,173622.47,149864,255,87,0,0
767347,1,0,861,0,0,39,173622.47,149864,255,87,0,0
767460,1,0,861,0,0,39,173622.47,149864,255,87,0,0
767559,1,0,837,0,0,39,173622.47,149864,255,87,0,0
767597,1,0,805,0,0,39,173622.47,149864,255,87,0,0
767809,1,0,766,0,0,39,173622.47,149864,255,87,0,0
767934,1,0,884,0,0,39,173622.47,149864,255,87,0,0
768053,1,0,1149,0,0,39,173623.47,149864,255,87,0,0
768060,1,0,1149,0,0,39,173623.47,149864,255,87,0,0
768276,1,0,1250,0,0,39,173623.47,149864,255,87,0,0
768409,1,3,1227,2,0,39,173623.47,149864,255,87,0,0
768509,1,4,1249,3,0,39,173623.47,149864,255,87,0,0
768629,1,5,1283,3,0,39,173623.47,149864,255,87,0,0
768747,1,5,1253,3,0,39,173623.47,149864,255,87,0,0
768862,1,7,1234,4,0,39,173623.47,149864,255,87,0,0
768997,1,8,1231,4,0,39,173624.50,149864,255,87,0,0
769059,1,9,1304,4,0,39,173624.50,149864,255,87,0,0
769234,1,10,1336,3,0,39,173624.50,149864,255,87,0,0
769362,1,10,1530,3,0,39,173624.50,149864,255,87,0,0
769461,1,11,1598,0,0,39,173624.50,149864,255,87,0,0
769597,1,11,1607,0,0,39,173624.50,149864,255,87,0,0
769736,1,11,1616,0,0,39,173624.50,149864,255,87,0,0
769862,1,12,1620,0,0,39,173624.50,149864,255,87,0,0
769959,1,12,1634,0,0,39,173624.50,149864,255,87,0,0
770059,1,12,1687,0,0,39,173624.50,149864,255,87,0,0
770223,1,12,1719,0,0,39,173624.50,149864,255,87,0,0
770347,1,12,1742,0,0,39,173625.52,149864,255,87,0,0
770461,1,12,1742,0,0,39,173625.52,149864,255,87,0,0
770559,1,12,1774,0,0,39,173625.52,149864,255,87,0,0
770559,1,12,1774,0,0,39,173625.52,149864,255,87,0,0
770834,1,13,1791,0,0,39,173625.52,149864,255,87,0,0
770959,1,13,1830,0,0,39,173625.52,149864,255,87,0,0
771059,1,13,1868,0,0,39,173625.52,149864,255,87,0,0
771097,1,13,1900,0,0,39,173625.52,149864,255,87,0,0
771309,1,13,1965,0,0,39,173625.52,149864,255,87,0,0
771409,1,14,2007,0,0,39,173625.52,149864,255,87,0,0
771547,1,14,2040,0,0,39,173625.52,149864,255,87,0,0
771597,1,14,2072,0,0,39,173625.52,149864,255,87,0,0
771778,1,14,2138,0,0,39,173625.52,149864,255,87,0,0
771897,1,15,2189,0,0,39,173625.52,149864,255,87,0,0
772009,1,15,2208,0,0,39,173625.52,149864,255,87,0,0
772115,1,16,2272,0,0,39,173625.52,149864,255,87,0,0
772248,1,16,2304,0,0,39,173625.52,149864,255,87,0,0
772362,1,17,2368,0,14,39,173625.52,149864,255,87,0,0
772497,1,17,2400,0,30,39,173625.52,149864,255,87,0,0
772597,1,17,2400,0,64,39,173625.52,149864,255,87,0,0
772734,1,17,2400,0,64,39,173625.52,149864,255,87,0,0
772862,1,16,2304,0,98,39,173625.52,149864,255,87,0,0
772959,1,16,2208,0,112,39,173625.52,149864,255,87,0,0
773097,1,15,2144,0,122,39,173625.52,149864,255,87,0,0
773116,1,15,2144,0,122,39,173625.52,149864,255,87,0,0
773347,1,13,1856,0,138,39,173625.52,149864,255,87,0,0
773459,1,13,1760,0,142,39,173625.52,149864,255,87,0,0
773559,1,12,1766,0,140,39,173625.52,149864,255,87,0,0
773559,1,12,1766,0,140,39,173625.52,149864,255,87,0,0
773834,1,10,1465,0,138,39,173625.52,149864,255,87,0,0
773947,1,9,1360,0,138,39,173625.52,149864,255,87,0,0
774059,1,9,1262,0,136,39,173625.52,149864,255,87,0,0
774138,1,8,1230,0,136,39,173625.52,149864,255,87,0,0
774309,1,8,1093,0,128,39,173625.52,149864,255,87,0,0
774409,1,7,1061,0,122,39,173625.52,149864,255,87,0,0
774547,1,7,1006,0,92,39,173625.52,149864,255,87,0,0
774597,1,7,1006,0,18,39,173625.52,149864,255,87,0,0
774776,1,7,993,0,0,39,173625.52,149864,255,87,0,0
774897,1,8,1049,0,0,39,173625.52,149864,255,87,0,0
775009,1,7,1069,0,0,39,173625.52,149864,255,87,0,0
775115,1,7,1097,0,0,39,173625.52,149864,255,87,0,0
775259,1,7,1115,0,0,39,173625.52,149864,255,87,0,0
775397,1,7,1117,38,0,39,173625.52,149864,255,87,0,0
775509,1,7,1131,50,0,39,173625.52,149864,255,87,0,0
775597,1,8,1171,50,0,39,173625.52,149864,255,87,0,0
775747,1,8,1175,50,0,39,173625.52,149864,255,87,0,0
775862,1,8,1230,51,0,39,173625.52,149864,255,87,0,0
775997,1,9,1317,51,0,39,173626.55,149864,255,87,0,0
776097,1,9,1320,51,0,39,173626.55,149864,255,87,0,0
776247,1,9,1407,52,0,39,173626.55,149864,255,87,0,0
776362,1,10,1408,58,0,39,173626.55,149864,255,87,0,0
776460,1,10,1447,58,0,39,173626.55,149864,255,87,0,0
776597,1,10,1551,58,0,39,173626.55,149864,255,87,0,0
776734,1,11,1551,58,0,39,173626.55,149864,255,87,0,0
776847,1,12,1693,58,0,39,173626.55,149864,255,87,0,0
776959,1,12,1697,58,0,39,173626.55,149864,255,87,0,0
777059,1,12,1762,60,0,39,173626.55,149864,255,87,0,0
777219,1,13,1794,62,0,39,173626.55,149864,255,87,0,0
777346,1,13,1936,64,0,39,173627.55,149864,255,87,0,0
777461,1,14,2013,65,0,39,173627.55,149864,255,87,0,0
777559,1,14,2030,69,0,39,173627.55,149864,255,87,0,0
777734,1,15,2112,69,0,39,173627.55,149864,255,87,0,0
777847,1,16,2213,69,0,39,173627.55,149864,255,87,0,0
777959,1,16,2283,69,0,39,173627.55,149864,255,87,0,0
778059,1,16,2353,70,0,39,173627.55,149864,255,87,0,0
778138,1,17,2385,70,0,39,173627.55,149864,255,87,0,0
778309,1,17,2527,70,0,39,173628.61,149864,255,87,0,0
778448,1,18,2565,50,0,39,173628.61,149864,255,87,0,0
778559,1,18,2558,18,0,39,173628.61,149864,255,87,0,0
778596,1,18,2494,18,0,39,173628.61,149864,255,87,0,0
778802,1,18,2325,0,0,39,173628.61,149864,255,87,0,0
778909,1,18,2201,0,0,39,173628.61,149864,255,87,0,0
779034,1,18,2080,0,0,39,173628.61,149864,255,87,0,0
779116,1,18,1969,0,0,39,173628.61,149864,255,87,0,0
779259,1,18,1852,0,0,39,173628.61,149864,255,87,0,0
779397,1,18,1634,0,0,39,173628.61,149864,255,87,0,0
779509,1,18,1546,1,0,39,173628.61,149864,255,87,0,0
779614,1,18,1373,2,0,39,173628.61,149864,255,87,0,0
779759,1,18,1373,2,0,39,173628.61,149864,255,87,0,0
779862,1,18,1495,34,0,39,173628.61,149864,255,87,0,0
779997,1,18,1400,42,0,39,173628.61,149864,255,87,0,0
780114,1,18,1419,57,0,39,173629.61,149864,255,87,0,0
780247,1,19,1476,57,0,39,173629.61,149864,255,87,0,0
780362,1,19,1452,68,0,39,173629.61,149864,255,87,0,0
780460,1,19,1502,68,0,39,173629.61,149864,255,87,0,0
780597,1,20,1533,71,0,39,173629.61,149864,255,87,0,0
780729,1,20,1533,71,0,39,173629.61,149864,255,87,0,0
780847,1,21,1584,67,0,39,173629.61,149864,255,87,0,0
780959,1,21,1609,62,0,39,173629.61,149864,255,87,0,0
781059,1,21,1605,54,0,39,173629.61,149864,255,87,0,0
781097,1,21,1637,54,0,39,173630.64,149864,255,87,0,0
781309,1,21,1674,51,0,39,173630.64,149864,255,87,0,0
781448,1,22,1684,51,0,39,173630.64,149864,255,87,0,0
781559,1,22,1712,51,0,39,173630.64,149864,255,87,0,0
781648,1,22,1716,51,0,39,173630.64,149864,255,87,0,0
781802,1,22,1757,51,0,39,173630.64,149864,255,87,0,0
781909,1,23,1730,51,0,39,173630.64,149864,255,87,0,0
782034,1,23,1736,51,0,39,173630.64,149864,255,87,0,0
782096,1,23,1770,51,0,39,173630.64,149864,255,87,0,0
782267,1,23,1737,36,0,39,173630.64,149864,255,87,0,0
782397,1,23,1760,14,0,39,173630.64,149864,255,87,0,0
782509,1,23,1780,0,0,39,173630.64,149864,255,87,0,0
782622,1,23,1765,0,0,39,173631.64,149864,255,87,0,0
782734,1,23,1765,0,0,39,173631.64,149864,255,87,0,0
782862,1,23,1780,0,0,39,173631.64,149864,255,87,0,0
782996,1,23,1748,0,0,39,173631.64,149864,255,87,0,0
783109,1,23,1747,0,0,39,173631.64,149864,255,87,0,0
783215,1,23,1747,0,0,39,173631.64,149864,255,87,0,0
783362,1,23,1748,0,0,39,173631.64,149864,255,87,0,0
783460,1,22,1697,0,0,39,173631.64,149864,255,87,0,0
783597,1,22,1726,0,0,39,173631.64,149864,255,87,0,0
783734,1,22,1726,0,0,39,173631.64,149864,255,87,0,0
783862,1,22,1646,0,0,39,173631.64,149864,255,87,0,0
783959,1,22,1656,0,0,39,173631.64,149864,255,87,0,0
784097,1,22,1646,0,0,39,173631.64,149864,255,87,0,0
784240,1,21,1643,0,2,39,173631.64,149864,255,87,0,0
784362,1,21,1611,0,8,39,173631.64,149864,255,87,0,0
784460,1,21,1581,0,10,39,173631.64,149864,255,87,0,0
784596,1,21,1590,0,12,39,173631.64,149864,255,87,0,0
784644,1,20,1590,0,12,39,173631.64,149864,255,87,0,0
784834,1,20,1549,0,24,39,173631.64,149864,255,87,0,0
784947,1,20,1526,0,22,39,173631.64,149864,255,87,0,0
785059,1,20,1531,0,24,39,173631.64,149864,255,87,0,0
785059,1,20,1531,0,24,39,173631.64,149864,255,87,0,0
785309,1,20,1446,0,24,39,173631.64,149864,255,87,0,0
785431,1,19,1458,0,26,39,173631.64,149864,255,87,0,0
785547,1,18,1410,0,24,39,173631.64,149864,255,87,0,0
785643,1,18,1378,0,24,39,173631.64,149864,255,87,0,0
785759,1,18,1380,0,26,39,173631.64,149864,255,87,0,0
785909,1,18,1346,0,26,39,173631.64,149864,255,87,0,0
786009,1,17,1313,0,26,39,173631.64,149864,255,87,0,0
786059,1,17,1312,0,28,39,173631.64,149864,255,87,0,0
786264,1,17,1309,0,48,39,173631.64,149864,255,87,0,0
786362,1,16,1276,0,54,39,173631.64,149864,255,87,0,0
786497,1,16,1212,0,54,39,173631.64,149864,255,87,0,0
786615,1,15,1178,0,54,39,173631.64,149864,255,87,0,0
786759,1,15,1181,0,52,39,173631.64,149864,255,88,0,0
786861,1,14,1183,0,54,39,173631.64,149864,255,88,0,0
787009,1,14,1151,0,56,39,173631.64,149864,255,88,0,0
787059,1,14,1151,0,54,39,173631.64,149864,255,88,0,0
787247,1,14,1118,0,54,39,173631.64,149864,255,88,0,0
787361,1,12,1119,0,50,39,173631.64,149864,255,88,0,0
787460,1,12,1119,0,52,39,173631.64,149864,255,88,0,0
787597,1,12,1086,0,52,39,173632.64,149864,255,88,0,0
787751,1,12,1086,0,52,39,173632.64,149864,255,88,0,0
787862,1,11,1056,0,42,39,173632.64,149864,255,88,0,0
787959,1,10,1056,0,42,39,173632.64,149864,255,88,0,0
788096,1,10,1057,0,40,39,173632.64,149864,255,88,0,0
788115,1,10,1057,0,40,39,173632.64,149864,255,88,0,0
788362,1,9,1059,0,40,39,173632.64,149864,255,88,0,0
788460,1,9,1059,0,42,39,173632.64,149864,255,88,0,0
788597,1,8,1027,0,44,39,173632.64,149864,255,88,0,0
788615,1,8,1027,0,44,39,173632.64,149864,255,88,0,0
788846,1,7,1029,0,42,39,173632.64,149864,255,88,0,0
788959,1,7,1030,0,42,39,173632.64,149864,255,88,0,0
789059,1,6,1030,0,44,39,173632.64,149864,255,88,0,0
789114,1,6,1030,0,44,39,173632.64,149864,255,88,0,0
789314,1,6,1031,0,44,39,173632.64,149864,255,88,0,0
789450,1,5,1031,0,42,39,173632.64,149864,255,88,0,0
789559,1,4,1030,0,42,39,173632.64,149864,255,88,0,0
789614,1,4,1030,0,42,39,173632.64,149864,255,88,0,0
789802,1,4,1029,0,40,39,173632.64,149864,255,88,0,0
789909,1,3,997,0,40,39,173632.64,149864,255,88,0,0
790034,1,0,996,0,38,39,173632.64,149864,255,88,0,0
790097,1,0,961,0,36,39,173632.64,149864,255,88,0,0
790246,1,0,959,0,36,39,173632.64,149864,255,88,0,0
790397,1,0,893,0,24,39,173632.64,149864,255,88,0,0
790509,1,0,859,0,22,39,173632.64,149864,255,88,0,0
790634,1,0,859,0,20,39,173632.64,149864,255,88,0,0
790634,1,0,859,0,20,39,173632.64,149864,255,88,0,0
790861,1,0,859,0,2,39,173632.64,149864,255,88,0,0
790997,1,0,859,0,0,39,173632.64,149864,255,88,0,0
791114,1,0,859,0,0,39,173632.64,149864,255,88,0,0
791114,1,0,859,0,0,39,173632.64,149864,255,88,0,0
791361,1,0,857,0,0,39,173632.64,149864,255,88,0,0
791460,1,0,857,0,0,39,173632.64,149864,255,88,0,1
791596,1,0,857,0,0,39,173632.64,149864,255,88,0,1
791616,1,0,857,0,0,39,173632.64,149864,255,88,0,1
791847,1,0,1044,0,0,39,173633.67,149864,255,88,0,1
791959,1,0,1108,0,0,39,173633.67,149864,255,88,0,1
792060,1,0,1158,0,0,39,173633.67,149864,255,88,0,1
792114,1,0,1158,0,0,39,173633.67,149864,255,88,0,1
792312,1,0,1099,0,0,39,173633.67,149864,255,88,0,1
792433,1,0,1067,0,0,39,173633.67,149864,255,88,0,1
792553,1,0,1039,0,0,39,173633.67,149864,255,88,0,1
792597,1,0,1039,0,0,39,173633.67,149864,255,88,0,1
792758,1,0,1039,0,0,39,173633.67,149864,255,88,0,1
792908,1,0,1011,0,0,39,173633.67,149864,255,88,0,1
793008,1,0,1011,0,0,39,173633.67,149864,255,88,0,1
793124,1,0,1012,0,0,39,173633.67,149864,255,88,0,1
793247,1,0,1027,0,0,39,173633.67,149864,255,88,0,1
793361,1,0,1023,0,0,39,173633.67,149864,255,88,0,1
793497,1,0,1016,0,0,39,173633.67,149864,255,89,0,1
793614,1,0,1015,0,0,39,173633.67,149864,255,89,0,1
793747,1,0,1014,0,0,39,173633.67,149864,255,89,0,1
793861,1,0,982,0,0,39,173633.67,149864,255,89,0,1
793997,1,0,949,0,0,39,173634.70,149864,255,89,0,1
794114,1,0,950,0,0,39,173634.70,149864,255,89,0,1
794151,1,2,947,0,0,39,173634.70,149864,255,89,0,1
794361,1,2,888,0,0,39,173634.70,149864,255,89,0,1
794460,1,0,875,0,0,39,173634.70,149864,256,89,0,1
794597,1,0,872,0,0,39,173634.70,149864,256,89,0,1
794614,1,0,872,0,0,39,173634.70,149864,256,89,0,1
794833,1,0,838,0,0,39,173634.70,149864,256,89,0,1
794958,1,0,869,0,0,39,173634.70,149864,256,89,0,1
795058,1,0,909,0,0,39,173634.70,149864,256,89,0,1
795145,1,0,941,0,0,39,173634.70,149864,256,89,0,1
795310,1,0,1332,0,0,39,173634.70,149864,256,89,0,1
795428,1,3,1330,0,0,39,173634.70,149864,256,89,0,1
795547,1,3,1274,0,0,39,173634.70,149864,256,89,0,1
795597,1,3,1242,0,0,39,173634.70,149864,256,89,0,1
795758,1,3,1124,0,0,39,173634.70,149864,256,89,0,1
795897,1,4,1095,0,0,39,173634.70,149864,256,89,0,1
796008,1,4,1176,0,0,39,173634.70,149864,256,89,0,1
796114,1,4,1194,0,0,39,173635.73,149864,256,89,0,1
796259,1,3,1212,0,0,39,173635.73,149864,256,89,0,1
796408,1,3,1181,0,0,39,173635.73,149864,256,89,0,1
796508,1,3,1106,0,0,39,173635.73,149864,256,89,0,1
796597,1,3,1064,0,0,39,173635.73,149864,256,89,0,1
796759,1,3,1027,0,0,39,173635.73,149864,256,89,0,1
796861,1,3,1104,0,0,39,173635.73,149864,256,89,0,1
796997,1,3,1218,0,0,39,173635.73,149864,256,89,0,1
797097,1,3,1243,0,0,39,173635.73,149864,256,89,0,1
797097,1,3,1243,0,0,39,173635.73,149864,256,89,0,1
797361,1,4,1090,0,0,39,173635.73,149864,256,89,0,1
797460,1,4,1173,0,0,39,173635.73,149864,256,89,0,1
797597,1,4,1201,0,0,39,173635.73,149864,256,89,0,1
797614,1,4,1201,0,0,39,173635.73,149864,256,89,0,1
797833,1,4,1147,0,0,39,173635.73,149864,256,89,0,1
797958,1,4,1147,0,0,39,173635.73,149864,256,89,0,1
798058,1,4,1135,0,0,39,173635.73,149864,256,89,0,1
798150,1,4,1090,0,0,39,173635.73,149864,256,89,0,1
798309,1,4,1048,0,0,39,173635.73,149864,256,89,0,1
798429,1,4,1006,0,0,39,173636.75,149864,256,89,0,1
798547,1,4,1042,0,0,39,173636.75,149864,256,89,0,1
798616,1,4,1042,0,0,39,173636.75,149864,256,89,0,1
798758,1,3,1012,0,14,39,173636.75,149864,256,89,0,1
798897,1,3,977,0,12,39,173636.75,149864,256,89,0,0
799008,1,3,937,0,10,39,173636.75,149864,256,89,0,0
799133,1,3,933,0,10,39,173636.75,149864,256,89,0,0
799258,1,3,906,0,8,39,173636.75,149864,256,89,0,0
799361,1,2,876,0,8,39,173636.75,149864,256,89,0,0
799497,1,2,876,0,6,39,173636.75,149864,256,89,0,0
799597,1,0,842,0,6,39,173636.75,149864,256,89,0,0
799747,1,0,840,0,6,39,173636.75,149864,256,89,0,0
799861,1,0,839,0,6,39,173636.75,149864,256,90,0,0
799958,1,0,839,0,6,39,173636.75,149864,256,90,0,0
800097,1,0,838,0,6,39,173636.75,149864,256,90,0,0
800115,1,0,838,0,6,39,173636.75,149864,256,90,0,0
800361,1,0,836,0,14,39,173636.75,149864,256,90,0,0
800460,1,0,835,0,14,39,173636.75,149864,256,90,0,0
800597,1,0,835,0,14,39,173636.75,149864,256,90,0,0
800633,1,0,835,0,14,39,173636.75,149864,256,90,0,0
800833,1,0,833,0,14,39,173636.75,149864,256,90,0,0
800947,1,0,832,0,14,39,173636.75,149864,256,90,0,0
801058,1,0,863,0,14,39,173636.75,149864,256,90,0,0
801114,1,0,863,0,14,39,173636.75,149864,256,90,0,0
801308,1,0,863,0,14,39,173636.75,149864,256,90,0,0
801408,1,0,863,0,16,39,173636.75,149864,256,90,0,0
801533,1,0,863,0,18,39,173636.75,149864,256,90,0,0
801657,1,0,863,0,20,39,173636.75,149864,256,90,0,0
801767,1,0,863,0,20,39,173636.75,149864,256,90,0,0
801897,1,0,831,0,136,39,173636.75,149864,256,90,0,0
802008,1,0,863,0,148,39,173637.77,149864,256,90,0,0
802114,1,0,832,0,150,39,173637.77,149864,256,90,0,0
802258,1,0,833,0,146,39,173637.77,149864,256,90,0,0
802361,1,0,834,0,144,39,173637.77,149864,256,90,0,0
802497,1,0,833,0,142,39,173637.77,149864,256,90,0,0
802613,1,0,834,0,130,39,173637.77,149864,256,90,0,0
802659,1,0,833,0,34,39,173637.77,149864,256,90,0,0
802848,1,0,833,0,34,39,173637.77,149864,256,90,0,0
802958,1,0,834,0,0,39,173637.77,149864,256,90,0,0
803059,1,0,907,0,0,39,173637.77,149864,256,90,0,0
803147,1,0,1073,0,0,39,173637.77,149864,256,90,0,0
803280,1,0,1073,0,0,39,173637.77,149864,256,90,0,0
803433,1,0,1147,0,0,39,173637.77,149864,256,90,0,0
803553,1,0,1115,0,0,39,173637.77,149864,256,90,0,0
803639,1,0,1147,0,0,39,173637.77,149864,256,90,0,0
803766,1,0,1179,0,0,39,173637.77,149864,256,90,0,0
803908,1,0,1141,0,0,39,173637.77,149864,256,90,0,0
804033,1,3,1071,0,0,39,173637.77,149864,256,90,0,0
804116,1,3,1085,0,0,39,173637.77,149864,256,90,0,0
804258,1,3,1077,0,0,39,173638.81,149864,256,90,0,0
804361,1,4,1087,0,0,39,173638.81,149864,256,90,0,0
804508,1,4,1056,0,0,39,173638.81,149864,256,90,0,0
804616,1,5,1056,0,0,39,173638.81,149864,256,90,0,0
804616,1,5,1056,0,0,39,173638.81,149864,256,90,0,0
804861,1,6,1058,0,0,39,173638.81,149864,256,90,0,0
804958,1,6,1214,0,0,39,173638.81,149864,256,90,0,0
805097,1,6,1362,0,0,39,173638.81,149864,256,90,0,0
805133,1,6,1362,0,0,39,173638.81,149864,256,90,0,0
805348,1,6,1387,0,0,39,173638.81,149864,256,90,0,0
805459,1,6,1344,0,14,39,173638.81,149864,256,90,0,0
805559,1,6,1303,0,12,39,173638.81,149864,256,90,0,0
805633,1,6,1271,0,12,39,173638.81,149864,256,90,0,0
805811,1,6,1195,0,18,39,173638.81,149864,256,90,0,0
805933,1,5,1193,0,44,39,173638.81,149864,256,90,0,0
806055,1,5,1132,0,54,39,173639.83,149864,256,90,0,0
806148,1,5,1129,0,56,39,173639.83,149864,256,90,0,0
806278,1,5,1129,0,58,39,173639.83,149864,256,90,0,0
806408,1,4,1093,0,48,39,173639.83,149864,256,90,0,0
806533,1,3,1060,0,28,39,173639.83,149864,256,90,0,0
806633,1,3,1028,0,6,39,173639.83,149864,256,90,0,0
806764,1,3,1028,0,10,39,173639.83,149864,256,90,0,0
806897,1,3,930,0,12,39,173639.83,149864,256,90,0,0
807008,1,3,929,0,16,39,173639.83,149864,256,90,0,0
807116,1,2,926,0,24,39,173639.83,149864,256,90,0,0
807258,1,0,926,0,26,39,173639.83,149864,256,90,0,0
807361,1,0,895,0,26,39,173639.83,149864,256,90,0,0
807498,1,0,861,0,26,39,173639.83,149864,256,90,0,0
807616,1,0,861,0,0,39,173639.83,149864,256,90,0,0
807655,1,0,862,0,0,39,173639.83,149864,256,90,0,0
807861,1,0,861,0,0,39,173639.83,149864,256,90,0,0
807958,1,0,862,0,0,39,173639.83,149864,256,90,0,0
808098,1,0,862,0,0,39,173639.83,149864,256,90,0,0
808167,1,0,861,0,0,39,173639.83,149864,256,90,0,0
808333,1,0,892,0,0,39,173639.83,149864,256,90,0,0
808449,1,0,1017,0,0,39,173639.83,149864,256,90,0,0
808558,1,0,1178,0,0,39,173639.83,149864,256,90,0,0
808636,1,0,1210,0,0,39,173639.83,149864,256,90,0,0
808808,1,0,1127,0,0,39,173639.83,149864,256,90,0,0
808928,1,0,1101,0,0,39,173639.83,149864,256,90,0,0
809048,1,0,1138,0,0,39,173639.83,149864,256,90,0,0
809133,1,0,1170,0,0,39,173639.83,149864,256,90,0,0
809276,1,0,1198,0,0,39,173640.84,149864,256,90,0,0
809408,1,0,1179,0,0,39,173640.84,149864,256,90,0,0
809508,1,0,1131,0,0,39,173640.84,149864,256,90,0,0
809636,1,0,1121,0,0,39,173640.84,149864,256,90,0,0
809648,1,0,1127,0,0,39,173640.84,149864,256,90,0,0
809861,1,0,1152,0,0,39,173640.84,149864,256,90,0,0
810008,1,0,1146,0,0,39,173640.84,149864,256,90,0,0
810116,1,2,1135,0,0,39,173640.84,149864,256,90,0,0
810258,1,2,1136,0,0,39,173640.84,149864,256,91,0,0
810361,1,3,1147,0,0,39,173640.84,149864,256,91,0,0
810508,1,3,1173,0,0,39,173640.84,149864,256,91,0,0
810616,1,3,1227,0,0,39,173640.84,149864,256,91,0,0
810616,1,3,1227,0,0,39,173640.84,149864,256,91,0,0
810861,1,3,1219,0,0,39,173640.84,149864,256,91,0,0
810958,1,3,1205,0,0,39,173640.84,149864,256,91,0,0
811098,1,3,1132,0,0,39,173641.84,149864,256,91,0,0
811132,1,2,1132,0,0,39,173641.84,149864,256,91,0,0
811348,1,2,987,0,0,39,173641.84,149864,256,91,0,0
811459,1,0,920,0,0,39,173641.84,149864,256,91,0,0
811558,1,0,884,0,0,39,173641.84,149864,256,91,0,0
811616,1,0,884,0,0,39,173641.84,149864,256,91,0,0
811808,1,0,853,0,0,39,173641.84,149864,256,91,0,0
811933,1,0,854,0,0,39,173641.84,149864,256,91,0,0
812058,1,0,855,0,0,39,173641.84,149864,256,91,0,0
812133,1,0,855,0,0,39,173641.84,149864,256,91,0,0
812274,1,0,854,0,0,39,173641.84,149864,256,91,0,0
812408,1,0,855,0,4,39,173641.84,149864,256,91,0,0
812533,1,0,855,0,4,39,173641.84,149864,256,91,0,0
812616,1,0,855,0,14,39,173641.84,149864,256,91,0,0
812761,1,0,856,0,18,39,173641.84,149864,256,91,0,0
812898,1,0,856,0,16,39,173641.84,149864,256,91,0,0
813008,1,0,856,0,18,39,173641.84,149864,256,91,0,0
813133,1,0,856,0,18,39,173641.84,149864,256,91,0,0
813273,1,0,856,0,18,39,173641.84,149864,256,91,0,0
813361,1,0,856,0,2,39,173641.84,149864,256,91,0,0
813508,1,0,857,0,4,39,173641.84,149864,256,91,0,0
813598,1,0,856,0,6,39,173641.84,149864,256,91,0,0
813659,1,0,856,0,4,39,173641.84,149864,256,91,0,0
813861,1,0,855,0,6,39,173641.84,149864,256,91,0,0
813965,1,0,854,0,6,39,173641.84,149864,256,91,0,0
814100,1,0,853,0,6,39,173641.84,149864,256,91,0,0
814133,1,0,853,0,6,39,173641.84,149864,256,91,0,0
814350,1,0,853,0,8,39,173641.84,149864,256,91,0,0
814460,1,0,853,0,50,39,173641.84,149864,256,91,0,0
814558,1,0,853,0,170,39,173641.84,149864,256,91,0,0
814616,1,0,853,0,170,39,173641.84,149864,256,91,0,0
814808,1,0,856,0,170,39,173641.84,149864,256,91,0,0
814933,1,0,857,0,288,39,173641.84,149864,256,91,0,0
815058,1,0,857,0,290,39,173641.84,149864,256,91,0,0
815133,1,0,857,0,290,39,173641.84,149864,256,91,0,0
815272,1,0,857,0,292,39,173641.84,149864,256,91,0,0
815408,1,0,856,0,300,39,173641.84,149864,256,91,0,0
815533,1,0,856,0,304,39,173641.84,149864,256,91,0,0
815616,1,0,855,0,306,39,173642.84,149864,256,91,0,0
815759,1,0,856,0,310,39,173642.84,149864,256,91,0,0
815901,1,0,854,0,318,39,173642.84,149864,256,91,0,0
816008,1,0,854,0,318,39,173642.84,149864,256,91,0,0
816133,1,0,853,0,318,39,173642.84,149864,256,91,0,0
816271,1,0,853,0,318,39,173642.84,149864,256,91,0,0
816400,1,0,852,0,318,39,173642.84,149864,256,91,0,0
816508,1,0,852,0,316,39,173642.84,149864,256,91,0,0
816633,1,0,852,0,318,39,173642.84,149864,256,91,0,0
816633,1,0,852,0,318,39,173642.84,149864,256,91,0,0
816861,1,0,852,0,320,39,173642.84,149864,256,91,0,0
817008,1,0,852,0,320,39,173642.84,149864,256,91,0,0
817116,1,0,852,0,320,39,173642.84,149864,256,91,0,0
817258,1,0,852,0,314,39,173642.84,149864,256,91,0,0
817361,1,0,852,0,302,39,173642.84,149864,256,91,0,0
817500,1,0,852,0,276,39,173642.84,149864,256,91,0,0
817616,1,0,853,0,244,39,173642.84,149864,256,91,0,0
817616,1,0,853,0,244,39,173642.84,149864,256,91,0,0
817861,1,0,854,0,192,39,173642.84,149864,256,91,0,0
817958,1,0,854,0,178,39,173642.84,149864,256,91,0,0
818100,1,0,855,0,172,39,173642.84,149864,256,91,0,0
818133,1,0,855,0,172,39,173642.84,149864,256,91,0,0
818333,1,0,856,0,164,39,173642.84,149864,256,91,0,0
818458,1,0,857,0,152,39,173642.84,149864,256,91,0,0
818558,1,0,857,0,148,39,173642.84,149864,256,91,0,0
818633,1,0,857,0,148,39,173642.84,149864,256,91,0,0
818798,1,0,857,0,144,39,173642.84,149864,256,91,0,0
818936,1,0,856,0,142,39,173642.84,149864,256,91,0,0
819050,1,0,857,0,142,39,173642.84,149864,256,91,0,0
819159,1,0,857,0,140,39,173642.84,149864,256,91,0,0
819270,1,0,857,0,140,39,173642.84,149864,256,91,0,0
819408,1,0,856,0,140,39,173642.84,149864,256,91,0,0
819533,1,0,856,0,140,39,173642.84,149864,256,91,0,0
819650,1,0,857,0,140,39,173642.84,149864,256,91,0,0
819782,1,0,857,0,140,39,173642.84,149864,256,91,0,0
819908,1,0,857,0,138,39,173642.84,149864,256,92,0,0
820033,1,0,857,0,138,39,173642.84,149864,256,92,0,0
820150,1,0,857,0,136,39,173643.86,149864,256,92,0,0
820158,1,0,857,0,136,39,173643.86,149864,256,92,0,0
820360,1,0,857,0,134,39,173643.86,149864,256,92,0,0
820508,1,0,858,0,134,39,173643.86,149864,256,92,0,0
820633,1,0,858,0,132,39,173643.86,149864,256,92,0,0
820651,1,0,859,0,132,39,173643.86,149864,256,92,0,0
820860,1,0,859,0,132,39,173643.86,149864,256,92,0,0
821000,1,0,858,0,132,39,173643.86,149864,256,92,0,0
821113,1,0,858,0,132,39,173643.86,149864,256,92,0,0
821157,1,0,859,0,130,39,173643.86,149864,256,92,0,0
