timestamp,ignition,speed,rpm,throttle,brake,fuel_level,fuel_cons,distance,range,oil_temp,esp,rear_gear
21565,1,0,0,0,0,0,134168.62,149081,2480,0,0,0
21750,1,0,0,0,0,0,134168.62,149081,2480,51,0,0
21775,1,0,0,0,278,0,134168.62,149081,2480,51,0,0
21975,1,0,0,0,300,0,134168.62,149081,2480,51,0,0
22093,1,0,160,0,298,0,134168.62,149081,2480,51,0,0
22198,1,0,224,0,298,0,134168.62,149081,2480,51,0,0
22275,1,0,256,0,296,0,134168.62,149081,2480,51,0,0
22442,1,0,523,0,296,0,134168.62,149081,2480,51,0,0
22550,1,0,1101,0,296,0,134168.62,149081,2480,51,0,0
22650,1,0,1360,0,294,51,134168.62,149081,2480,51,0,0
22775,1,0,1517,0,314,51,134168.62,149081,2480,51,0,0
22775,1,0,1517,0,314,51,134168.62,149081,2480,51,0,0
23025,1,0,1467,0,334,51,134168.62,149081,2480,51,0,0
23131,1,0,1426,0,336,51,134168.62,149081,2480,51,0,0
23242,1,0,1356,0,332,51,134168.62,149081,2480,51,0,0
23298,1,0,1316,0,330,51,134168.62,149081,2480,51,0,0
23465,1,0,1316,0,330,51,134168.62,149081,432,51,0,0
23575,1,0,1311,0,328,51,134168.62,149081,432,51,0,0
23698,1,0,1341,0,328,51,134168.62,149081,432,51,0,0
23775,1,0,1309,0,328,51,134168.62,149081,432,51,0,0
23925,1,0,1305,0,328,51,134168.62,149081,432,51,0,0
24042,1,0,1268,0,326,51,134168.62,149081,432,51,0,0
24150,1,0,1302,0,324,51,134168.62,149081,432,51,0,0
24250,1,0,1309,0,322,51,134168.62,149081,432,51,0,0
24298,1,0,1311,0,318,51,134168.62,149081,432,51,0,0
24493,1,0,1281,0,312,51,134169.64,149081,432,51,0,0
24593,1,0,1248,0,312,51,134169.64,149081,432,51,0,0
24725,1,0,1250,0,312,51,134169.64,149081,432,51,0,0
24775,1,0,1250,0,312,51,134169.64,149081,432,51,0,0
24925,1,0,1251,0,312,51,134169.64,149081,432,51,0,0
25075,1,0,1256,0,310,51,134169.64,149081,432,51,0,0
25175,1,0,1258,0,310,51,134169.64,149081,432,51,0,0
25275,1,0,1259,0,310,51,134169.64,149081,432,51,0,0
25275,1,0,1259,0,310,51,134169.64,149081,432,51,0,0
25525,1,0,1263,0,310,51,134169.64,149081,432,51,0,0
25643,1,0,1264,0,310,51,134169.64,149081,432,51,0,0
25750,1,0,1269,0,310,51,134169.64,149081,432,51,0,0
25779,1,0,1269,0,308,51,134169.64,149081,432,51,0,0
25992,1,0,1270,0,306,51,134169.64,149081,432,51,0,0
26099,1,0,1271,0,304,51,134169.64,149081,432,51,0,0
26198,1,0,1271,0,302,51,134169.64,149081,432,52,0,0
26293,1,0,1272,0,302,51,134170.64,149081,432,52,0,0
26448,1,0,1272,0,302,51,134170.64,149081,432,52,0,0
26565,1,0,1273,0,302,51,134170.64,149081,432,52,0,0
26675,1,0,1275,0,296,51,134170.64,149081,432,52,0,0
26775,1,0,1276,0,294,51,134170.64,149081,432,52,0,0
26775,1,0,1276,0,294,51,134170.64,149081,432,52,0,0
27025,1,0,1308,0,294,51,134170.64,149081,432,52,0,0
27142,1,0,1248,0,294,51,134170.64,149081,432,52,0,0
27250,1,0,1249,0,294,51,134170.64,149081,432,52,0,0
27318,1,0,1311,0,294,51,134170.64,149081,432,52,0,0
27482,1,0,1279,0,294,51,134170.64,149081,432,52,0,0
27593,1,0,1277,0,294,51,134170.64,149081,432,52,0,0
27698,1,0,1276,0,292,51,134170.64,149081,432,52,0,0
27754,1,0,1308,0,292,51,134170.64,149081,432,52,0,0
27925,1,0,1307,0,292,51,134171.67,149081,432,52,0,0
28050,1,0,1306,0,292,51,134171.67,149081,432,52,0,0
28150,1,0,1308,0,292,51,134171.67,149081,432,52,0,0
28275,1,0,1275,0,292,51,134171.67,149081,432,52,0,0
28275,1,0,1275,0,292,51,134171.67,149081,432,52,0,0
28525,1,0,1305,0,292,51,134171.67,149081,432,52,0,0
28643,1,0,1273,0,292,51,134171.67,149081,432,52,0,0
28750,1,0,1272,0,292,51,134171.67,149081,432,52,0,0
28777,1,0,1272,0,292,51,134171.67,149081,432,52,0,0
28975,1,0,1271,0,292,51,134171.67,149081,432,52,0,0
29097,1,0,1273,0,292,51,134171.67,149081,432,52,0,0
29198,1,0,1272,0,292,51,134171.67,149081,432,52,0,0
29297,1,0,1273,0,292,51,134171.67,149081,432,52,0,0
29405,1,0,1273,0,292,51,134171.67,149081,432,52,0,0
29550,1,0,1273,0,292,51,134171.67,149081,432,52,0,0
29650,1,0,1274,0,292,51,134172.69,149081,432,52,0,0
29775,1,0,1273,0,292,51,134172.69,149081,432,52,0,0
29917,1,0,1275,0,292,51,134172.69,149081,432,52,0,0
30025,1,0,1273,0,290,51,134172.69,149081,432,52,0,0
30143,1,0,1274,0,292,51,134172.69,149081,432,52,0,0
30250,1,0,1274,0,290,51,134172.69,149081,432,52,0,0
30292,1,0,1273,0,290,51,134172.69,149081,432,52,0,0
30481,1,0,1275,0,290,51,134172.69,149081,432,52,0,0
30593,1,0,1277,0,290,51,134172.69,149081,432,52,0,1
30698,1,0,1309,0,290,51,134172.69,149081,432,52,0,1
30775,1,0,1309,0,290,51,134172.69,149081,432,52,0,1
30925,1,0,1309,0,290,51,134172.69,149081,432,52,0,1
31050,1,0,1279,0,290,51,134172.69,149081,432,52,0,1
31150,1,0,1277,0,290,51,134172.69,149081,432,52,0,1
31275,1,0,1277,0,290,51,134173.72,149081,432,52,0,1
31403,1,0,1277,0,290,51,134173.72,149081,432,52,0,1
31492,1,0,1248,0,290,51,134173.72,149081,432,52,0,1
31631,1,0,1311,0,290,51,134173.72,149081,432,52,0,1
31743,1,0,1248,0,290,51,134173.72,149081,432,52,0,1
31750,1,0,1248,0,290,51,134173.72,149081,432,52,0,1
31959,1,0,1248,0,290,51,134173.72,149081,432,52,0,1
32065,1,0,1248,0,290,51,134173.72,149081,432,52,0,1
32193,1,0,1248,0,290,51,134173.72,149081,432,52,0,1
32292,1,0,1279,0,290,51,134173.72,149081,432,52,0,1
32292,1,0,1279,0,290,51,134173.72,149081,432,52,0,1
32525,1,0,1280,0,290,51,134173.72,149081,432,52,0,1
32643,1,0,1279,0,254,51,134173.72,149081,432,52,0,1
32750,1,0,1248,0,214,51,134173.72,149081,432,52,0,1
32792,1,0,1279,0,170,51,134174.73,149081,432,52,0,1
32983,1,0,1279,0,68,51,134174.73,149081,432,52,0,1
33093,1,0,1248,0,54,51,134174.73,149081,432,52,0,1
33198,1,0,1249,0,32,51,134174.73,149081,432,52,0,1
33293,1,0,1249,0,38,51,134174.73,149081,432,52,0,1
33428,1,0,1249,0,38,51,134174.73,149081,432,52,0,1
33550,1,0,1251,0,38,51,134174.73,149081,432,52,0,1
33650,1,0,1252,0,200,51,134174.73,149081,432,52,0,1
33775,1,0,1252,0,214,51,134174.73,149081,432,52,0,1
33775,1,0,1252,0,214,51,134174.73,149081,432,52,0,1
33992,1,0,1255,0,210,51,134174.73,149081,432,51,0,1
34093,1,0,1255,0,204,51,134174.73,149081,432,51,0,1
34225,1,0,1254,0,202,51,134174.73,149081,432,51,0,1
34275,1,0,1254,0,200,51,134174.73,149081,432,51,0,1
34452,1,0,1254,0,200,51,134174.73,149081,432,51,0,1
34565,1,0,1288,0,200,51,134175.78,149081,432,51,0,1
34675,1,0,1288,0,200,51,134175.78,149081,432,51,0,1
34775,1,0,1288,0,200,51,134175.78,149081,432,51,0,1
34914,1,0,1288,0,200,51,134175.78,149081,432,51,0,1
35025,1,0,1256,0,200,51,134175.78,149081,432,51,0,1
35150,1,0,1287,0,200,51,134175.78,149081,432,51,0,1
35250,1,0,1257,0,200,51,134175.78,149081,432,51,0,1
35293,1,0,1259,0,200,51,134175.78,149081,432,51,0,1
35477,1,0,1258,0,200,51,134175.78,149081,432,51,0,1
35593,1,0,1260,0,200,51,134175.78,149081,432,51,0,1
35698,1,0,1292,0,198,51,134175.78,149081,432,51,0,1
35775,1,0,1260,0,184,51,134175.78,149081,432,51,0,1
35925,1,0,1293,0,184,51,134175.78,149081,432,51,0,1
36050,1,0,1292,0,182,51,134176.81,149081,432,51,0,1
36150,1,0,1293,0,230,51,134176.81,149081,432,51,0,1
36275,1,0,1293,0,388,51,134176.81,149081,432,51,0,1
36400,1,0,1292,0,388,51,134176.81,149081,432,51,0,1
36493,1,0,1258,0,406,51,134176.81,149081,432,51,0,1
36593,1,0,1256,0,404,51,134176.81,149081,432,51,0,1
36725,1,0,1256,0,400,51,134176.81,149081,432,51,0,1
36803,1,0,1289,0,394,51,134176.81,149081,432,51,0,1
36955,1,0,1257,0,394,51,134176.81,149081,432,51,0,1
37065,1,0,1289,0,274,51,134176.81,149081,432,51,0,1
37175,1,0,1257,0,182,51,134176.81,149081,432,51,0,1
37293,1,0,1291,0,170,51,134176.81,149081,432,51,0,1
37425,1,0,1259,0,170,51,134176.81,149081,432,51,0,1
37543,1,0,1261,0,170,51,134177.86,149081,432,51,0,1
37650,1,0,1293,0,160,51,134177.86,149081,432,51,0,1
37750,1,0,1260,0,158,51,134177.86,149081,432,51,0,1
37774,1,0,1260,0,158,51,134177.86,149081,432,51,0,1
37993,1,0,1291,0,154,51,134177.86,149081,432,51,0,1
38093,1,0,1290,0,154,51,134177.86,149081,432,51,0,1
38198,1,0,1288,0,154,51,134177.86,149081,432,51,0,1
38274,1,0,1288,0,152,51,134177.86,149081,432,51,0,1
38425,1,0,1255,0,152,51,134177.86,149081,432,51,0,1
38564,1,0,1288,0,152,51,134177.86,149081,432,51,0,1
38674,1,0,1288,0,152,51,134177.86,149081,432,51,0,1
38785,1,0,1287,0,152,51,134177.86,149081,432,51,0,1
38828,1,0,1287,0,152,51,134177.86,149081,432,51,0,1
38992,1,0,1286,0,214,51,134178.89,149081,432,51,0,1
39093,1,0,1255,0,230,51,134178.89,149081,432,51,0,1
39224,1,0,1254,0,238,51,134178.89,149081,432,51,0,1
39293,1,0,1253,0,240,51,134178.89,149081,432,51,0,1
39424,1,0,1285,0,240,51,134178.89,149081,432,51,0,1
39574,1,0,1286,0,240,51,134178.89,149081,432,51,0,1
39693,1,0,1286,0,240,51,134178.89,149081,432,51,0,1
39793,1,0,1255,0,242,51,134178.89,149081,432,51,0,1
39936,1,0,1255,0,242,51,134178.89,149081,432,51,0,1
40049,1,0,1253,0,242,51,134178.89,149081,432,51,0,1
40149,1,0,1253,0,242,51,134178.89,149081,432,51,0,1
40249,1,0,1253,0,242,51,134178.89,149081,432,51,0,1
40398,1,0,1285,0,242,51,134178.89,149081,432,51,0,1
40543,1,0,1256,0,242,51,134179.91,149081,432,51,0,1
40649,1,0,1256,0,242,51,134179.91,149081,432,51,0,1
40749,1,0,1254,0,242,51,134179.91,149081,432,51,0,1
40792,1,0,1254,0,242,51,134179.91,149081,432,51,0,1
40993,1,0,1255,0,242,51,134179.91,149081,432,51,0,1
41074,1,0,1287,0,242,51,134179.91,149081,432,51,0,1
41198,1,0,1287,0,242,51,134179.91,149081,432,51,0,1
41289,1,0,1287,0,242,51,134179.91,149081,432,51,0,1
41397,1,0,1255,0,242,51,134179.91,149081,432,51,0,1
41549,1,0,1287,0,242,51,134179.91,149081,432,51,0,1
41649,1,0,1288,0,242,51,134179.91,149081,432,51,0,1
41774,1,0,1288,0,244,51,134179.91,149081,432,51,0,1
41830,1,0,1286,0,244,51,134179.91,149081,432,51,0,1
41993,1,0,1288,0,244,51,134180.92,149081,432,51,0,1
42093,1,0,1256,0,244,51,134180.92,149081,432,51,0,1
42224,1,0,1289,0,244,51,134180.92,149081,432,51,0,1
42274,1,0,1289,0,244,51,134180.92,149081,432,51,0,1
42424,1,0,1292,0,244,51,134180.92,149081,432,51,0,1
42574,1,0,1295,0,244,51,134180.92,149081,432,51,0,1
42674,1,0,1295,0,244,51,134180.92,149081,432,51,0,1
42774,1,0,1296,0,244,51,134180.92,149081,432,51,0,1
42909,1,0,1296,0,244,51,134180.92,149081,432,51,0,1
43024,1,0,1291,0,246,51,134180.92,149081,432,51,0,1
43143,1,0,1289,0,244,51,134180.92,149081,432,51,0,1
43249,1,0,1288,0,246,51,134180.92,149081,432,51,0,1
43293,1,0,1254,0,246,51,134180.92,149081,432,51,0,1
43475,1,0,1286,0,246,51,134181.92,149081,432,51,0,1
43574,1,0,1288,0,246,51,134181.92,149081,432,51,0,1
43699,1,0,1290,0,246,51,134181.92,149081,432,51,0,1
43793,1,0,1292,0,248,51,134181.92,149081,432,52,0,1
43934,1,0,1292,0,248,51,134181.92,149081,432,52,0,1
44049,1,0,1286,0,248,51,134181.92,149081,432,52,0,1
44151,1,0,1251,0,248,51,134181.92,149081,432,52,0,1
44274,1,0,1251,0,250,51,134181.92,149081,432,52,0,1
44274,1,0,1251,0,250,51,134181.92,149081,432,52,0,1
44493,1,0,1285,0,250,51,134181.92,149081,432,52,0,1
44630,1,0,1287,0,252,51,134181.92,149081,432,52,0,1
44743,1,0,1288,0,252,51,134181.92,149081,432,52,0,1
44824,1,0,1289,0,252,51,134181.92,149081,432,52,0,1
44949,1,0,1291,0,252,51,134182.94,149081,432,52,0,1
45074,1,0,1292,0,252,51,134182.94,149081,432,52,0,1
45198,1,0,1287,0,252,51,134182.94,149081,432,52,0,1
45293,1,0,1287,0,252,51,134182.94,149081,432,52,0,1
45424,1,0,1255,0,252,51,134182.94,149081,432,52,0,1
45524,1,0,1251,0,252,51,134182.94,149081,432,52,0,1
45649,1,0,1283,0,252,51,134182.94,149081,432,52,0,1
45749,1,0,1286,0,252,51,134182.94,149081,432,52,0,1
45781,1,0,1286,0,252,51,134182.94,149081,432,52,0,1
45975,1,0,1289,0,252,51,134182.94,149081,432,52,0,1
46074,1,0,1291,0,252,51,134182.94,149081,432,52,0,1
46199,1,0,1285,0,252,51,134182.94,149081,432,52,0,1
46274,1,0,1253,0,250,51,134182.94,149081,432,52,0,1
46424,1,0,1252,0,250,51,134183.97,149081,432,52,0,1
46549,1,0,1282,0,246,51,134183.97,149081,432,52,0,1
46649,1,0,1287,0,240,51,134183.97,149081,432,52,0,1
46780,1,0,1288,0,122,51,134183.97,149081,432,53,0,1
46824,1,0,1289,0,122,51,134183.97,149081,432,53,0,1
46993,1,0,1292,0,0,51,134183.97,149081,432,53,0,1
47093,1,0,1293,0,0,51,134183.97,149081,432,53,0,1
47224,1,0,1290,0,0,51,134183.97,149081,432,53,0,1
47293,1,0,1289,0,0,51,134183.97,149081,432,53,0,1
47454,1,0,1289,0,0,51,134183.97,149081,432,53,0,1
47574,1,0,1289,0,128,51,134183.97,149081,432,53,0,1
47674,1,0,1293,0,216,51,134183.97,149081,432,53,0,1
47774,1,0,1295,0,288,51,134183.97,149081,432,53,0,1
47774,1,0,1295,0,288,51,134183.97,149081,432,53,0,1
48024,1,0,1257,0,364,51,134185.02,149081,432,53,0,1
48149,1,0,1256,0,364,51,134185.02,149081,432,53,0,1
48249,1,0,1286,0,356,51,134185.02,149081,432,53,0,1
48293,1,0,1283,0,324,51,134185.02,149081,432,53,0,1
48475,1,0,1282,0,176,51,134185.02,149081,432,53,0,1
48593,1,0,1288,0,170,51,134185.02,149081,432,53,0,1
48699,1,0,1288,0,174,51,134185.02,149081,432,53,0,1
48774,1,0,1288,0,178,51,134185.02,149081,432,53,0,1
48931,1,0,1288,0,178,51,134185.02,149081,432,53,0,1
49049,1,0,1280,0,154,51,134185.02,149081,432,53,0,1
49149,1,0,1279,0,84,51,134185.02,149081,432,53,0,1
49274,1,0,1276,0,0,51,134185.02,149081,432,53,0,1
49293,1,0,1276,0,0,51,134185.02,149081,432,53,0,1
49494,1,0,1276,0,0,51,134185.02,149081,432,53,0,1
49593,1,0,1249,0,0,51,134185.02,149081,432,54,0,1
49724,1,0,1283,0,0,51,134186.02,149081,432,54,0,1
49793,1,0,1284,0,0,51,134186.02,149081,432,54,0,1
49943,1,0,1286,0,0,51,134186.02,149081,432,54,0,1
50064,1,0,1254,0,0,51,134186.02,149081,432,54,0,1
50174,1,0,1222,0,0,51,134186.02,149081,432,54,0,1
50274,1,0,1216,0,0,51,134186.02,149081,432,54,0,1
50417,1,0,1245,0,0,51,134186.02,149081,432,54,0,1
50524,1,0,1244,0,0,51,134186.02,149081,432,54,0,1
50630,1,0,1247,0,0,51,134186.02,149081,432,54,0,1
50744,1,0,1217,0,0,51,134186.02,149081,432,54,0,1
50776,1,0,1217,0,0,51,134186.02,149081,432,54,0,1
50974,1,0,1284,0,4,51,134186.02,149081,432,54,0,1
51093,1,0,1321,0,4,51,134186.02,149081,432,54,0,1
51199,1,0,1289,0,4,51,134187.05,149081,432,54,0,1
51293,1,0,1286,0,0,51,134187.05,149081,432,54,0,1
51293,1,0,1286,0,0,51,134187.05,149081,432,54,0,1
51543,1,0,1284,0,0,51,134187.05,149081,435,54,0,1
51649,1,0,1254,0,0,51,134187.05,149081,435,54,0,1
51750,1,0,1256,0,0,51,134187.05,149081,435,54,0,1
51793,1,0,1286,0,0,51,134187.05,149081,435,54,0,1
51993,1,0,1295,0,8,51,134187.05,149081,435,54,0,1
52094,1,0,1296,0,0,51,134187.05,149081,435,54,0,1
52199,1,0,1297,0,26,51,134187.05,149081,435,54,0,1
52304,1,0,1295,0,36,51,134187.05,149081,435,54,0,1
52424,1,0,1295,0,36,51,134187.05,149081,435,54,0,1
52549,1,0,1289,0,54,51,134187.05,149081,435,54,0,1
52674,1,0,1287,0,18,51,134187.05,149081,435,54,0,1
52774,1,0,1254,0,54,51,134188.09,149081,435,54,0,1
52814,1,0,1283,0,54,51,134188.09,149081,435,54,0,1
52997,1,0,1283,0,108,51,134188.09,149081,435,54,0,1
53093,1,0,1284,0,154,51,134188.09,149081,435,54,0,1
53224,1,0,1287,0,172,51,134188.09,149081,435,54,0,1
53293,1,0,1286,0,202,51,134188.09,149081,435,54,0,1
53452,1,0,1284,0,202,51,134188.09,149081,435,54,0,1
53574,1,0,1285,0,310,51,134188.09,149081,435,54,0,1
53693,1,0,1248,0,320,51,134188.09,149081,435,54,0,1
53793,1,0,1276,0,320,51,134188.09,149081,435,54,0,1
53793,1,0,1276,0,320,51,134188.09,149081,435,54,0,1
54029,1,0,1276,0,342,51,134188.09,149081,435,54,0,1
54143,1,0,1277,0,366,51,134188.09,149081,435,54,0,1
54250,1,0,1280,0,374,51,134188.09,149081,435,54,0,1
54293,1,0,1280,0,374,51,134189.12,149081,435,54,0,1
54452,1,0,1282,0,374,51,134189.12,149081,435,54,0,1
54593,1,0,1283,0,348,51,134189.12,149081,435,54,0,1
54699,1,0,1280,0,312,51,134189.12,149081,435,54,0,1
54793,1,0,1279,0,260,51,134189.12,149081,435,54,0,1
54927,1,0,1279,0,260,51,134189.12,149081,435,54,0,1
55049,1,0,1277,0,234,51,134189.12,149081,435,55,0,1
55149,1,0,1279,0,224,51,134189.12,149081,435,55,0,1
55274,1,0,1283,0,204,51,134189.12,149081,435,55,0,1
55414,1,0,1284,0,204,51,134189.12,149081,435,55,0,1
55524,1,0,1253,0,176,51,134189.12,149081,435,55,0,1
55630,1,0,1283,0,170,51,134189.12,149081,435,55,0,1
55751,1,0,1248,0,164,51,134190.16,149081,435,55,0,1
55820,1,0,1279,0,162,51,134190.16,149081,435,55,0,1
55974,1,0,1277,0,160,51,134190.16,149081,435,55,0,1
56074,1,0,1280,0,158,51,134190.16,149081,435,55,0,1
56199,1,0,1286,0,158,51,134190.16,149081,435,55,0,1
56274,1,0,1254,0,156,51,134190.16,149081,435,55,0,1
56424,1,0,1284,0,156,51,134190.16,149081,435,55,0,1
56543,1,0,1248,0,156,51,134190.16,149081,435,55,0,1
56649,1,0,1280,0,154,51,134190.16,149081,435,55,0,1
56751,1,0,1279,0,154,51,134190.16,149081,435,55,0,1
56774,1,0,1279,0,154,51,134190.16,149081,435,55,0,1
56993,1,0,1309,0,152,51,134190.16,149081,435,55,0,1
57105,1,0,1249,0,152,51,134190.16,149081,435,55,0,1
57200,1,0,1250,0,152,51,134190.16,149081,435,55,0,1
57329,1,0,1284,0,150,51,134191.17,149081,435,55,0,1
57443,1,0,1285,0,150,51,134191.17,149081,435,55,0,1
57549,1,0,1254,0,150,51,134191.17,149081,435,56,0,1
57674,1,0,1281,0,148,51,134191.17,149081,435,56,0,1
57774,1,0,1311,0,148,51,134191.17,149081,435,56,0,1
57793,1,0,1277,0,148,51,134191.17,149081,435,56,0,1
58024,1,0,1275,0,148,51,134191.17,149081,435,56,0,1
58130,1,0,1279,0,148,51,134191.17,149081,435,56,0,1
58243,1,0,1248,0,148,51,134191.17,149081,435,56,0,1
58336,1,0,1282,0,148,51,134191.17,149081,435,56,0,1
58475,1,0,1282,0,148,51,134191.17,149081,435,56,0,1
58595,1,0,1285,0,148,51,134191.17,149081,435,56,0,1
58699,1,0,1248,0,152,51,134191.17,149081,435,56,0,1
58819,1,0,1311,0,160,51,134191.17,149081,435,56,0,1
58819,1,0,1311,0,160,51,134191.17,149081,435,56,0,1
59049,1,0,1275,0,182,51,134192.19,149081,435,56,0,1
59155,1,0,1275,0,188,51,134192.19,149081,435,56,0,1
59274,1,0,1280,0,196,51,134192.19,149081,435,56,0,1
59293,1,0,1283,0,196,51,134192.19,149081,435,56,0,1
59493,1,0,1285,0,196,51,134192.19,149081,435,56,0,1
59595,1,0,1285,0,200,51,134192.19,149081,435,56,0,1
59724,1,0,1281,0,200,51,134192.19,149081,435,56,0,1
59774,1,0,1249,0,198,51,134192.19,149081,435,56,0,1
59924,1,0,1248,0,198,51,134192.19,149081,435,56,0,1
60064,1,0,1309,0,178,51,134192.19,149081,435,56,0,1
60174,1,0,1276,0,164,51,134192.19,149081,435,57,0,1
60294,1,0,1280,0,160,51,134192.19,149081,435,57,0,1
60329,1,0,1280,0,160,51,134192.19,149081,435,57,0,1
60524,1,0,1284,0,160,51,134193.20,149081,435,57,0,1
60649,1,0,1253,0,152,51,134193.20,149081,435,57,0,1
60752,1,0,1286,0,152,51,134193.20,149081,435,57,0,1
60793,1,0,1282,0,152,51,134193.20,149081,435,57,0,1
60952,1,0,1282,0,152,51,134193.20,149081,435,57,0,1
61095,1,0,1275,0,160,51,134193.20,149081,435,57,0,1
61199,1,0,1275,0,164,51,134193.20,149081,435,57,0,1
61294,1,0,1276,0,166,51,134193.20,149081,435,57,0,1
61443,1,0,1279,0,166,51,134193.20,149081,435,57,0,1
61564,1,0,1280,0,166,51,134193.20,149081,435,57,0,1
61674,1,0,1281,0,188,51,134193.20,149081,435,57,0,1
61774,1,0,1283,0,190,51,134193.20,149081,435,57,0,1
61796,1,0,1284,0,190,51,134193.20,149081,435,57,0,1
62024,1,0,1309,0,192,51,134193.20,149081,435,57,0,1
62149,1,0,1276,0,192,51,134194.22,149081,435,57,0,1
62252,1,0,1275,0,192,51,134194.22,149081,435,57,0,1
62296,1,0,1274,0,194,51,134194.22,149081,435,57,0,1
62486,1,0,1273,0,194,51,134194.22,149081,435,57,0,1
62595,1,0,1279,0,194,51,134194.22,149081,435,57,0,1
62699,1,0,1280,0,194,51,134194.22,149081,435,57,0,1
62796,1,0,1249,0,194,51,134194.22,149081,435,57,0,1
62796,1,0,1249,0,194,51,134194.22,149081,435,57,0,1
63049,1,0,1280,0,194,51,134194.22,149081,435,57,0,1
63152,1,0,1308,0,194,51,134194.22,149081,435,57,0,1
63274,1,0,1276,0,196,51,134194.22,149081,435,57,0,1
63294,1,0,1307,0,196,51,134194.22,149081,435,57,0,1
63494,1,0,1305,0,196,51,134194.22,149081,435,57,0,1
63594,1,0,1308,0,196,51,134194.22,149081,435,57,0,1
63724,1,0,1311,0,196,51,134194.22,149081,435,57,0,1
63837,1,0,1280,0,196,51,134194.22,149081,435,57,0,1
63952,1,0,1280,0,196,51,134195.25,149081,435,57,0,1
64074,1,0,1281,0,196,51,134195.25,149081,435,57,0,1
64174,1,0,1248,0,196,51,134195.25,149081,435,57,0,1
64299,1,0,1275,0,196,51,134195.25,149081,435,57,0,1
64299,1,0,1275,0,196,51,134195.25,149081,435,57,0,1
64524,1,0,1275,0,196,51,134195.25,149081,435,57,0,1
64649,1,0,1309,0,196,51,134195.25,149081,435,57,0,1
64752,1,0,1311,0,196,51,134195.25,149081,435,57,0,1
64796,1,0,1281,0,196,51,134195.25,149081,435,57,0,1
64974,1,0,1284,0,196,51,134195.25,149081,435,57,0,1
65096,1,0,1283,0,196,51,134195.25,149081,435,57,0,1
65199,1,0,1280,0,196,51,134195.25,149081,435,58,0,1
65314,1,0,1277,0,196,51,134195.25,149081,435,58,0,1
65433,1,0,1277,0,196,51,134195.25,149081,435,58,0,1
65549,1,0,1308,0,196,51,134196.27,149081,435,58,0,1
65652,1,0,1248,0,196,51,134196.27,149081,435,58,0,1
65752,1,0,1281,0,196,51,134196.27,149081,435,58,0,1
65800,1,0,1249,0,196,51,134196.27,149081,435,58,0,1
65996,1,0,1284,0,196,51,134196.27,149081,435,58,0,1
66096,1,0,1286,0,196,51,134196.27,149081,435,58,0,1
66224,1,0,1283,0,196,51,134196.27,149081,435,58,0,1
66320,1,0,1280,0,196,51,134196.27,149081,435,58,0,1
66446,1,0,1280,0,196,51,134196.27,149081,435,58,0,1
66573,1,0,1311,0,196,51,134196.27,149081,435,58,0,1
66674,1,0,1309,0,196,51,134196.27,149081,435,58,0,1
66793,1,0,1271,0,196,51,134196.27,149081,435,58,0,1
66837,1,0,1271,0,196,51,134196.27,149081,435,58,0,1
67046,1,0,1300,0,196,51,134196.27,149081,435,58,0,1
67149,1,0,1304,0,196,51,134197.28,149081,435,58,0,1
67254,1,0,1306,0,198,51,134197.28,149081,435,58,0,1
67322,1,0,1307,0,198,51,134197.28,149081,435,58,0,1
67496,1,0,1308,0,198,51,134197.28,149081,435,58,0,1
67596,1,0,1311,0,198,51,134197.28,149081,435,58,0,1
67724,1,0,1311,0,198,51,134197.28,149081,435,58,0,1
67835,1,0,1280,0,198,51,134197.28,149081,435,59,0,1
67952,1,0,1281,0,198,51,134197.28,149081,435,59,0,1
68064,1,0,1250,0,200,51,134197.28,149081,435,59,0,1
68173,1,0,1281,0,200,51,134197.28,149081,435,59,0,1
68274,1,0,1277,0,200,51,134197.28,149081,435,59,0,1
68349,1,0,1276,0,200,51,134197.28,149081,435,59,0,1
68508,1,0,1307,0,200,51,134197.28,149081,435,59,0,1
68629,1,0,1279,0,200,51,134198.28,149081,435,59,0,1
68724,1,0,1248,0,202,51,134198.28,149081,435,59,0,1
68797,1,0,1280,0,204,51,134198.28,149081,435,59,0,1
68952,1,0,1248,0,204,51,134198.28,149081,435,59,0,1
69074,1,0,1276,0,208,51,134198.28,149081,435,59,0,1
69196,1,0,1273,0,210,51,134198.28,149081,435,59,0,1
69313,1,0,1307,0,210,51,134198.28,149081,435,59,0,1
69348,1,0,1275,0,210,51,134198.28,149081,435,59,0,1
69524,1,0,1280,0,222,51,134198.28,149081,435,59,0,1
69652,1,0,1280,0,238,51,134198.28,149081,435,59,0,1
69754,1,0,1282,0,248,51,134198.28,149081,435,59,0,1
69797,1,0,1283,0,254,51,134198.28,149081,435,59,0,1
69986,1,0,1283,0,256,51,134198.28,149081,435,59,0,1
70096,1,0,1311,0,256,51,134198.28,149081,435,59,0,1
70199,1,0,1249,0,256,51,134199.30,149081,435,59,0,1
70314,1,0,1282,0,256,51,134199.30,149081,435,59,0,1
70456,1,0,1282,0,256,51,134199.30,149081,435,59,0,1
70573,1,0,1252,0,256,51,134199.30,149081,435,60,0,1
70673,1,0,1284,0,256,51,134199.30,149081,435,60,0,1
70797,1,0,1279,0,256,51,134199.30,149081,435,60,0,1
70815,1,0,1279,0,256,51,134199.30,149081,435,60,0,1
71023,1,0,1276,0,256,51,134199.30,149081,435,60,0,1
71152,1,0,1307,0,256,51,134199.30,149081,435,60,0,1
71254,1,0,1280,0,256,51,134199.30,149081,435,60,0,1
71347,1,0,1281,0,256,51,134199.30,149081,435,60,0,1
71464,1,0,1281,0,256,51,134199.30,149081,435,60,0,1
71596,1,0,1251,0,256,51,134199.30,149081,435,60,0,1
71696,1,0,1250,0,256,51,134199.30,149081,435,60,0,1
71773,1,0,1282,0,256,51,134199.30,149081,435,60,0,1
71946,1,0,1279,0,256,51,134200.31,149081,435,60,0,1
72063,1,0,1277,0,256,51,134200.31,149081,435,60,0,1
72176,1,0,1277,0,256,51,134200.31,149081,435,60,0,1
72273,1,0,1311,0,256,51,134200.31,149081,435,60,0,1
72323,1,0,1281,0,256,51,134200.31,149081,435,60,0,1
72506,1,0,1281,0,256,51,134200.31,149081,435,60,0,1
72629,1,0,1249,0,256,51,134200.31,149081,435,60,0,1
72723,1,0,1277,0,256,51,134200.31,149081,435,60,0,1
72797,1,0,1275,0,256,51,134200.31,149081,435,60,0,1
72952,1,0,1305,0,256,51,134200.31,149081,435,60,0,1
73073,1,0,1307,0,256,51,134200.31,149081,435,60,0,1
73196,1,0,1311,0,256,51,134200.31,149081,435,60,0,1
73313,1,0,1281,0,256,51,134200.31,149081,435,60,0,1
73324,1,0,1281,0,256,51,134200.31,149081,435,60,0,1
73496,1,0,1276,0,256,51,134200.31,149081,435,60,0,1
73646,1,0,1274,0,256,51,134201.31,149081,435,60,0,1
73754,1,0,1272,0,256,51,134201.31,149081,435,60,0,1
73839,1,0,1304,0,256,51,134201.31,149081,435,60,0,1
73973,1,0,1272,0,254,51,134201.31,149081,435,60,0,1
74096,1,0,1270,0,254,51,134201.31,149081,435,60,0,1
74223,1,0,1271,0,254,51,134201.31,149081,435,60,0,1
74297,1,0,1273,0,254,51,134201.31,149081,435,60,0,1
74443,1,0,1273,0,254,51,134201.31,149081,435,60,0,1
74563,1,0,1308,0,254,51,134201.31,149081,435,60,0,1
74673,1,0,1277,0,254,51,134201.31,149081,435,60,0,1
74773,1,0,1272,0,252,51,134201.31,149081,435,60,0,1
74823,1,0,1303,0,252,51,134201.31,149081,435,60,0,1
75009,1,0,1272,0,252,51,134201.31,149081,435,60,0,1
75098,1,0,1305,0,252,51,134201.31,149081,435,60,0,1
75223,1,0,1307,0,252,51,134201.31,149081,435,60,0,1
75298,1,0,1309,0,252,51,134202.33,149081,435,60,0,1
75443,1,0,1309,0,252,51,134202.33,149081,435,60,0,1
75573,1,0,1273,0,252,51,134202.33,149081,435,60,0,1
75696,1,0,1303,0,252,51,134202.33,149081,435,60,0,1
75798,1,0,1270,0,252,51,134202.33,149081,435,60,0,1
75798,1,0,1270,0,252,51,134202.33,149081,435,60,0,1
76046,1,0,1305,0,252,51,134202.33,149081,435,61,0,1
76151,1,0,1305,0,252,51,134202.33,149081,435,61,0,1
76273,1,0,1305,0,252,51,134202.33,149081,435,61,0,1
76323,1,0,1302,0,252,51,134202.33,149081,435,61,0,1
76466,1,0,1270,0,252,51,134202.33,149081,435,61,0,1
76596,1,0,1266,0,254,51,134202.33,149081,435,61,0,1
76723,1,0,1266,0,254,51,134202.33,149081,435,61,0,1
76823,1,0,1270,0,256,51,134202.33,149081,435,61,0,1
76964,1,0,1304,0,258,51,134202.33,149081,435,61,0,1
77073,1,0,1305,0,264,51,134203.36,149081,435,61,0,1
77196,1,0,1268,0,266,51,134203.36,149081,435,61,0,1
77298,1,0,1267,0,270,51,134203.36,149081,435,61,0,1
77313,1,0,1267,0,270,51,134203.36,149081,435,61,0,1
77551,1,0,1298,0,272,51,134203.36,149081,435,61,0,1
77651,1,0,1296,0,272,51,134203.36,149081,435,61,0,1
77773,1,0,1267,0,272,51,134203.36,149081,435,61,0,1
77854,1,0,1301,0,272,51,134203.36,149081,435,61,0,1
77973,1,0,1269,0,272,51,134203.36,149081,435,61,0,1
78096,1,0,1299,0,272,51,134203.36,149081,435,61,0,1
78223,1,0,1266,0,272,51,134203.36,149081,435,61,0,1
78313,1,0,1297,0,272,51,134203.36,149081,435,61,0,1
78454,1,0,1297,0,272,51,134203.36,149081,435,61,0,1
78573,1,0,1262,0,260,51,134203.36,149081,435,61,0,1
78673,1,0,1293,0,196,51,134203.36,149081,435,61,0,1
78776,1,0,1297,0,130,51,134203.36,149081,435,61,0,1
78823,1,0,1300,0,130,51,134203.36,149081,435,61,0,1
79023,1,0,1303,0,90,51,134204.36,149081,435,62,0,1
79129,1,0,1302,0,96,51,134204.36,149081,435,62,0,1
79246,1,0,1267,0,114,51,134204.36,149081,435,62,0,1
79323,1,0,1266,0,128,51,134204.36,149081,435,62,0,1
79464,1,0,1266,0,128,51,134204.36,149081,435,62,0,1
79573,1,0,1265,0,146,51,134204.36,149081,435,62,0,1
79696,1,0,1268,0,146,51,134204.36,149081,435,62,0,1
79813,1,0,1301,0,148,51,134204.36,149081,435,62,0,1
79826,1,0,1301,0,148,51,134204.36,149081,435,62,0,1
80051,1,0,1303,0,144,51,134204.36,149081,435,62,0,1
80151,1,0,1300,0,132,51,134204.36,149081,435,62,0,1
80273,1,0,1266,0,90,51,134204.36,149081,435,62,0,1
80323,1,0,1265,0,90,51,134204.36,149081,435,62,0,1
80475,1,0,1265,0,90,51,134204.36,149081,435,62,0,1
80596,1,0,1302,0,8,51,134204.36,149081,435,62,0,1
80723,1,0,1271,0,2,51,134205.38,149081,435,62,0,1
80823,1,0,1304,0,0,51,134205.38,149081,435,62,0,1
80962,1,0,1304,0,0,51,134205.38,149081,435,62,0,1
81073,1,0,1268,0,6,51,134205.38,149081,435,62,0,1
81193,1,0,1267,0,16,51,134205.38,149081,435,62,0,1
81298,1,0,1263,0,34,51,134205.38,149081,435,62,0,1
81323,1,0,1263,0,34,51,134205.38,149081,435,62,0,1
81523,1,0,1263,0,52,51,134205.38,149081,438,62,0,1
81629,1,0,1301,0,56,51,134205.38,149081,438,62,0,1
81754,1,0,1304,0,58,51,134205.38,149081,438,62,0,1
81851,1,0,1303,0,60,51,134205.38,149081,438,63,0,1
82004,1,0,1299,0,62,51,134205.38,149081,438,63,0,1
82129,1,0,1266,0,38,51,134205.38,149081,438,63,0,1
82246,1,0,1264,0,4,51,134205.38,149081,438,63,0,1
82295,1,0,1294,0,12,51,134205.38,149081,438,63,0,1
82464,1,0,1294,0,12,51,134205.38,149081,438,63,0,1
82573,1,0,1299,0,12,51,134205.38,149081,438,63,0,1
82696,1,0,1302,0,14,51,134206.39,149081,438,63,0,1
82813,1,0,1302,0,14,51,134206.39,149081,438,63,0,1
82855,1,0,1302,0,14,51,134206.39,149081,438,63,0,1
83023,1,0,1297,0,30,51,134206.39,149081,438,63,0,1
83151,1,0,1263,0,52,51,134206.39,149081,438,63,0,1
83253,1,0,1295,0,92,51,134206.39,149081,438,63,0,1
83335,1,0,1267,0,138,51,134206.39,149081,438,63,0,1
83464,1,0,1299,0,138,51,134206.39,149081,438,63,0,1
83595,1,0,1304,0,202,51,134206.39,149081,438,63,0,1
83696,1,0,1304,0,202,51,134206.39,149081,438,63,0,1
83795,1,0,1300,0,200,51,134206.39,149081,438,63,0,1
83851,1,0,1300,0,200,51,134206.39,149081,438,63,0,1
84051,1,0,1263,0,196,51,134206.39,149081,438,63,0,1
84165,1,0,1262,0,188,51,134206.39,149081,438,63,0,1
84273,1,0,1262,0,180,51,134207.39,149081,438,63,0,1
84323,1,0,1261,0,180,51,134207.39,149081,438,63,0,1
84473,1,0,1261,0,180,51,134207.39,149081,438,63,0,1
84595,1,0,1299,0,172,51,134207.39,149081,438,63,0,1
84723,1,0,1299,0,172,51,134207.39,149081,438,63,0,1
84813,1,0,1263,0,170,51,134207.39,149081,438,63,0,1
84959,1,0,1263,0,170,51,134207.39,149081,438,63,0,1
85073,1,0,1259,0,166,51,134207.39,149081,438,63,0,1
85193,1,0,1260,0,164,51,134207.39,149081,438,63,0,1
85295,1,0,1298,0,162,51,134207.39,149081,438,63,0,1
85323,1,0,1298,0,162,51,134207.39,149081,438,63,0,1
85523,1,0,1298,0,160,51,134207.39,149081,438,63,0,1
85645,1,0,1266,0,160,51,134207.39,149081,438,63,0,1
85754,1,0,1262,0,160,51,134207.39,149081,438,63,0,1
85826,1,0,1260,0,160,51,134207.39,149081,438,63,0,1
85973,1,0,1260,0,170,51,134207.39,149081,438,63,0,1
86095,1,0,1296,0,188,51,134207.39,149081,438,63,0,1
86196,1,0,1266,0,198,51,134208.41,149081,438,63,0,1
86325,1,0,1299,0,206,51,134208.41,149081,438,63,0,1
86325,1,0,1299,0,206,51,134208.41,149081,438,63,0,1
86551,1,0,1268,0,224,51,134208.41,149081,438,63,0,1
86651,1,0,1297,0,230,51,134208.41,149081,438,63,0,1
86773,1,0,1262,0,236,51,134208.41,149081,438,63,0,1
86795,1,0,1262,0,236,51,134208.41,149081,438,63,0,1
87001,1,0,1296,0,238,51,134208.41,149081,438,63,0,1
87095,1,0,1298,0,240,51,134208.41,149081,438,63,0,1
87223,1,0,1299,0,240,51,134208.41,149081,438,63,0,1
87325,1,0,1300,0,240,51,134208.41,149081,438,63,0,1
87471,1,0,1300,0,240,51,134208.41,149081,438,63,0,1
87574,1,0,1267,0,242,51,134208.41,149081,438,63,0,1
87696,1,0,1263,0,242,51,134208.41,149081,438,63,0,1
87795,1,0,1262,0,240,51,134208.41,149081,438,63,0,1
87824,1,0,1262,0,240,51,134208.41,149081,438,63,0,1
88023,1,0,1265,0,220,51,134208.41,149081,438,63,0,1
88145,1,0,1267,0,202,51,134209.44,149081,438,63,0,1
88254,1,0,1300,0,196,51,134209.44,149081,438,64,0,1
88354,1,0,1301,0,196,51,134209.44,149081,438,64,0,1
88354,1,0,1301,0,196,51,134209.44,149081,438,64,0,1
88595,1,0,1263,0,196,51,134209.44,149081,438,64,0,1
88696,1,0,1261,0,196,51,134209.44,149081,438,64,0,1
88823,1,0,1296,0,196,51,134209.44,149081,438,64,0,1
88851,1,0,1296,0,196,51,134209.44,149081,438,64,0,1
89051,1,0,1302,0,196,51,134209.44,149081,438,64,0,1
89151,1,0,1302,0,196,51,134209.44,149081,438,64,0,1
89273,1,0,1268,0,196,51,134209.44,149081,438,64,0,1
89323,1,0,1264,0,196,51,134209.44,149081,438,64,0,1
89474,1,0,1296,0,198,51,134209.44,149081,438,64,0,1
89595,1,0,1262,0,198,51,134209.44,149081,438,64,0,1
89723,1,0,1295,0,198,51,134209.44,149081,438,64,0,1
89823,1,0,1298,0,198,51,134210.47,149081,438,64,0,1
89956,1,0,1298,0,198,51,134210.47,149081,438,64,0,1
90073,1,0,1301,0,198,51,134210.47,149081,438,64,0,1
90173,1,0,1301,0,198,51,134210.47,149081,438,64,0,1
90295,1,0,1296,0,198,51,134210.47,149081,438,64,0,1
90328,1,0,1296,0,198,51,134210.47,149081,438,64,0,1
90523,1,0,1261,0,198,51,134210.47,149081,438,64,0,1
90629,1,0,1259,0,198,51,134210.47,149081,438,64,0,1
90753,1,0,1294,0,198,51,134210.47,149081,438,64,0,1
90823,1,0,1297,0,198,51,134210.47,149081,438,64,0,1
90956,1,0,1297,0,198,51,134210.47,149081,438,64,0,1
91095,1,0,1266,0,198,51,134210.47,149081,438,64,0,1
91196,1,0,1262,0,198,51,134210.47,149081,438,64,0,1
91323,1,0,1260,0,198,51,134210.47,149081,438,64,0,1
91323,1,0,1260,0,198,51,134210.47,149081,438,64,0,1
91546,1,0,1293,0,200,51,134210.47,149081,438,64,0,1
91651,1,0,1297,0,198,51,134211.48,149081,438,64,0,1
91773,1,0,1267,0,200,51,134211.48,149081,438,64,0,1
91827,1,0,1299,0,200,51,134211.48,149081,438,65,0,1
91995,1,0,1263,0,200,51,134211.48,149081,438,65,0,1
92095,1,0,1261,0,200,51,134211.48,149081,438,65,0,1
92223,1,0,1260,0,200,51,134211.48,149081,438,65,0,1
92345,1,0,1292,0,200,51,134211.48,149081,438,65,0,1
92345,1,0,1292,0,200,51,134211.48,149081,438,65,0,1
92595,1,0,1297,0,200,51,134211.48,149081,438,65,0,1
92696,1,0,1267,0,200,51,134211.48,149081,438,65,0,1
92823,1,0,1267,0,200,51,134211.48,149081,438,65,0,1
92823,1,0,1267,0,200,51,134211.48,149081,438,65,0,1
93045,1,0,1260,0,200,51,134211.48,149081,438,65,0,1
93151,1,0,1260,0,200,51,134211.48,149081,438,65,0,1
93273,1,0,1265,0,200,51,134211.48,149081,438,65,0,1
93351,1,0,1299,0,200,51,134212.50,149081,438,65,0,1
93495,1,0,1302,0,200,51,134212.50,149081,438,65,0,1
93646,1,0,1269,0,200,51,134212.50,149081,438,65,0,1
93754,1,0,1265,0,200,51,134212.50,149081,438,65,0,1
93852,1,0,1262,0,200,51,134212.50,149081,438,65,0,1
93995,1,0,1260,0,200,51,134212.50,149081,438,65,0,1
94095,1,0,1264,0,200,51,134212.50,149081,438,65,0,1
94223,1,0,1297,0,200,51,134212.50,149081,438,65,0,1
94323,1,0,1299,0,200,51,134212.50,149081,438,65,0,1
94466,1,0,1299,0,200,51,134212.50,149081,438,65,0,1
94573,1,0,1300,0,200,51,134212.50,149081,438,65,0,1
94696,1,0,1297,0,202,51,134212.50,149081,438,65,0,1
94813,1,0,1264,0,200,51,134212.50,149081,438,65,0,1
94853,1,0,1264,0,200,51,134212.50,149081,438,65,0,1
95051,1,0,1297,0,200,51,134212.50,149081,438,65,0,1
95151,1,0,1298,0,200,51,134213.53,149081,438,65,0,1
95275,1,0,1300,0,200,51,134213.53,149081,438,66,0,1
95363,1,0,1301,0,200,51,134213.53,149081,438,66,0,1
95474,1,0,1300,0,202,51,134213.53,149081,438,66,0,1
95595,1,0,1296,0,200,51,134213.53,149081,438,66,0,1
95723,1,0,1263,0,200,51,134213.53,149081,438,66,0,1
95852,1,0,1261,0,202,51,134213.53,149081,438,66,0,1
95852,1,0,1261,0,202,51,134213.53,149081,438,66,0,1
96073,1,0,1297,0,202,51,134213.53,149081,438,66,0,1
96195,1,0,1301,0,202,51,134213.53,149081,438,66,0,1
96313,1,0,1300,0,202,51,134213.53,149081,438,66,0,1
96351,1,0,1268,0,202,51,134213.53,149081,438,66,0,1
96545,1,0,1259,0,202,51,134213.53,149081,438,66,0,1
96651,1,0,1259,0,202,51,134213.53,149081,438,66,0,1
96773,1,0,1261,0,202,51,134214.56,149081,438,66,0,1
96824,1,0,1295,0,202,51,134214.56,149081,438,66,0,1
96977,1,0,1295,0,202,51,134214.56,149081,438,66,0,1
97095,1,0,1300,0,202,51,134214.56,149081,438,66,0,1
97223,1,0,1264,0,202,51,134214.56,149081,438,66,0,1
97351,1,0,1262,0,202,51,134214.56,149081,438,66,0,1
97375,1,0,1262,0,202,51,134214.56,149081,438,66,0,1
97595,1,0,1259,0,202,51,134214.56,149081,438,66,0,1
97695,1,0,1258,0,202,51,134214.56,149081,438,66,0,1
97823,1,0,1290,0,202,51,134214.56,149081,438,66,0,1
97851,1,0,1258,0,202,51,134214.56,149081,438,66,0,1
98051,1,0,1295,0,202,51,134214.56,149081,438,66,0,1
98173,1,0,1296,0,202,51,134214.56,149081,438,66,0,1
98272,1,0,1296,0,202,51,134214.56,149081,438,66,0,1
98323,1,0,1293,0,202,51,134214.56,149081,438,66,0,1
98515,1,0,1259,0,202,51,134214.56,149081,438,66,0,1
98628,1,0,1258,0,202,51,134215.58,149081,438,66,0,1
98745,1,0,1292,0,202,51,134215.58,149081,438,66,0,1
98845,1,0,1294,0,202,51,134215.58,149081,438,66,0,1
98976,1,0,1293,0,202,51,134215.58,149081,438,66,0,1
99095,1,0,1256,0,202,51,134215.58,149081,438,66,0,1
99195,1,0,1252,0,202,51,134215.58,149081,438,66,0,1
99323,1,0,1251,0,204,51,134215.58,149081,438,66,0,1
99378,1,0,1251,0,204,51,134215.58,149081,438,66,0,1
99551,1,0,1284,0,204,51,134215.58,149081,438,66,0,1
99672,1,0,1284,0,206,51,134215.58,149081,438,66,0,1
99772,1,0,1252,0,206,51,134215.58,149081,438,66,0,1
99891,1,0,1284,0,206,51,134215.58,149081,438,66,0,1
100001,1,0,1251,0,206,51,134215.58,149081,438,66,0,1
100128,1,0,1279,0,206,51,134215.58,149081,438,66,0,1
100253,1,0,1276,0,206,51,134215.58,149081,438,66,0,1
100351,1,0,1275,0,208,51,134216.59,149081,438,66,0,1
100488,1,0,1274,0,206,51,134216.59,149081,438,66,0,1
100595,1,0,1309,0,206,51,134216.59,149081,438,66,0,1
100722,1,0,1309,0,206,51,134216.59,149081,438,66,0,1
100823,1,0,1309,0,206,51,134216.59,149081,438,66,0,1
100891,1,0,1277,0,206,51,134216.59,149081,438,66,0,1
101065,1,0,1273,0,206,51,134216.59,149081,438,66,0,1
101180,1,0,1270,0,206,51,134216.59,149081,438,66,0,1
101295,1,0,1268,0,206,51,134216.59,149081,438,66,0,1
101351,1,0,1268,0,206,51,134216.59,149081,438,66,0,1
101495,1,0,1269,0,206,51,134216.59,149081,438,66,0,1
101628,1,0,1269,0,206,51,134216.59,149081,438,66,0,1
101753,1,0,1269,0,206,51,134216.59,149081,438,66,0,1
101872,1,0,1267,0,206,51,134216.59,149081,438,66,0,1
101886,1,0,1267,0,208,51,134216.59,149081,438,66,0,1
102095,1,0,1264,0,206,51,134216.59,149081,438,66,0,1
102205,1,0,1293,0,208,51,134216.59,149081,438,66,0,1
102322,1,0,1259,0,208,51,134216.59,149081,438,66,0,1
102375,1,0,1259,0,208,51,134217.61,149081,438,66,0,1
102522,1,0,1259,0,208,51,134217.61,149081,438,66,0,1
102672,1,0,1258,0,212,51,134217.61,149081,438,66,0,1
102772,1,0,1258,0,214,51,134217.61,149081,438,66,0,1
102895,1,0,1257,0,214,51,134217.61,149081,438,67,0,1
103025,1,0,1257,0,214,51,134217.61,149081,438,67,0,1
103145,1,0,1258,0,214,51,134217.61,149081,438,67,0,1
103253,1,0,1258,0,214,51,134217.61,149081,438,67,0,1
103351,1,0,1226,0,214,51,134217.61,149081,438,67,0,1
103395,1,0,1226,0,214,51,134217.61,149081,438,67,0,1
103595,1,0,1227,0,214,51,134217.61,149081,438,67,0,1
103695,1,0,1227,0,214,51,134217.61,149081,438,67,0,1
103822,1,0,1195,0,214,51,134217.61,149081,438,67,0,1
103895,1,0,1228,0,216,51,134217.61,149081,438,67,0,1
104067,1,0,1197,0,216,51,134217.61,149081,438,67,0,1
104172,1,0,1197,0,336,51,134217.61,149081,438,67,0,1
104296,1,0,1198,0,338,51,134217.61,149081,438,67,0,1
104375,1,0,1198,0,340,51,134217.61,149081,438,67,0,1
104522,1,0,1199,0,340,51,134217.61,149081,438,67,0,1
104645,1,0,1167,0,346,51,134217.61,149081,438,67,0,1
104753,1,0,1167,0,350,51,134218.61,149081,438,67,0,1
104875,1,0,1167,0,352,51,134218.61,149081,438,67,0,1
104875,1,0,1167,0,352,51,134218.61,149081,438,67,0,1
105095,1,0,1169,0,352,51,134218.61,149081,438,67,0,1
105222,1,0,1169,0,354,51,134218.61,149081,438,67,0,1
105351,1,0,1169,0,354,51,134218.61,149081,438,67,0,1
105375,1,0,1169,0,354,51,134218.61,149081,438,67,0,1
105572,1,0,1134,0,354,51,134218.61,149081,438,67,0,1
105695,1,0,1133,0,354,51,134218.61,149081,438,67,0,1
105796,1,0,1133,0,354,51,134218.61,149081,438,67,0,1
105895,1,0,1098,0,354,51,134218.61,149081,438,67,0,1
106023,1,0,1098,0,354,51,134218.61,149081,438,67,0,1
106151,1,0,1099,0,342,51,134218.61,149081,438,67,0,1
106272,1,0,1100,0,218,51,134218.61,149081,438,67,0,1
106375,1,0,1101,0,188,51,134218.61,149081,438,67,0,1
106375,1,0,1101,0,188,51,134218.61,149081,438,67,0,1
106628,1,0,1105,0,162,51,134218.61,149081,438,67,0,1
106745,1,0,1105,0,160,51,134218.61,149081,438,67,0,1
106851,1,0,1073,0,158,51,134218.61,149081,438,67,0,1
106881,1,0,1073,0,156,51,134218.61,149081,438,67,0,1
107072,1,0,1072,0,154,51,134218.61,149081,438,67,0,1
107202,1,0,1069,0,152,51,134219.61,149081,438,67,0,1
107322,1,0,1068,0,152,51,134219.61,149081,438,67,0,1
107400,1,0,1066,0,152,51,134219.61,149081,438,67,0,1
107522,1,0,1066,0,152,51,134219.61,149081,438,67,0,1
107651,1,0,1032,0,150,51,134219.61,149081,438,68,0,1
107772,1,0,1031,0,148,51,134219.61,149081,438,68,0,1
107897,1,0,1030,0,148,51,134219.61,149081,438,68,0,1
107897,1,0,1030,0,148,51,134219.61,149081,438,68,0,1
108128,1,0,1029,0,146,51,134219.61,149081,438,68,0,1
108245,1,0,1031,0,146,51,134219.61,149081,438,68,0,1
108351,1,0,999,0,144,51,134219.61,149081,438,68,0,1
108384,1,0,999,0,144,51,134219.61,149081,438,68,0,1
108595,1,0,998,0,144,51,134219.61,149081,438,68,0,1
108695,1,0,998,0,144,51,134219.61,149081,438,68,0,1
108822,1,0,996,0,142,51,134219.61,149081,438,68,0,1
108910,1,0,995,0,142,51,134219.61,149081,438,68,0,1
109022,1,0,995,0,142,51,134219.61,149081,438,68,0,1
109151,1,0,962,0,140,51,134219.61,149081,438,68,0,1
109272,1,0,964,0,140,51,134219.61,149081,438,68,0,1
109399,1,0,965,0,140,51,134219.61,149081,438,68,0,1
109508,1,0,965,0,140,51,134219.61,149081,438,68,0,1
109628,1,0,964,0,140,51,134220.61,149081,438,68,0,1
109745,1,0,964,0,140,51,134220.61,149081,438,68,0,1
109851,1,0,964,0,138,51,134220.61,149081,438,68,0,1
109895,1,0,965,0,140,51,134220.61,149081,438,68,0,1
110072,1,0,964,0,138,51,134220.61,149081,438,68,0,1
110200,1,0,931,0,138,51,134220.61,149081,438,68,0,1
110322,1,0,931,0,138,51,134220.61,149081,438,68,0,1
110425,1,0,929,0,138,51,134220.61,149081,438,68,0,1
110545,1,0,929,0,138,51,134220.61,149081,438,68,0,1
110672,1,0,931,0,138,51,134220.61,149081,438,68,0,1
110772,1,0,932,0,138,51,134220.61,149081,438,68,0,1
110875,1,0,900,0,138,51,134220.61,149081,438,68,0,1
111022,1,0,900,0,138,51,134220.61,149081,438,68,0,1
111128,1,0,899,0,138,51,134220.61,149081,438,68,0,1
111253,1,0,898,0,138,51,134220.61,149081,438,68,0,1
111351,1,0,896,0,138,51,134220.61,149081,438,68,0,1
111395,1,0,896,0,136,51,134220.61,149081,438,68,0,1
111595,1,0,926,0,134,51,134220.61,149081,438,68,0,1
111696,1,0,926,0,130,51,134220.61,149081,438,68,0,1
111822,1,0,893,0,120,51,134220.61,149081,438,68,0,1
111935,1,0,893,0,100,51,134220.61,149081,438,68,0,1
112051,1,0,893,0,6,51,134220.61,149081,438,68,0,1
112172,1,0,956,0,0,51,134221.61,149081,438,68,0,1
112272,1,0,1025,0,0,51,134221.61,149081,438,68,0,1
112395,1,0,1210,0,0,51,134221.61,149081,438,68,0,1
112532,1,0,1210,0,0,51,134221.61,149081,438,68,0,1
112651,1,0,1171,0,0,51,134221.61,149081,438,68,0,1
112754,1,0,1098,0,0,51,134221.61,149081,438,68,0,1
112875,1,0,1156,0,0,51,134221.61,149081,438,68,0,1
112875,1,0,1156,0,0,51,134221.61,149081,438,68,0,1
113128,1,0,1172,0,0,51,134221.61,149081,438,69,0,1
113222,1,0,1126,0,0,51,134221.61,149081,438,69,0,1
113351,1,0,1149,0,0,51,134221.61,149081,438,69,0,1
113396,1,0,1145,0,0,51,134221.61,149081,438,69,0,1
113582,1,0,1151,0,0,51,134221.61,149081,438,69,0,1
113696,1,0,1024,0,0,51,134221.61,149081,438,69,0,1
113812,1,0,971,0,0,51,134222.61,149081,438,69,0,1
113875,1,0,971,0,0,51,134222.61,149081,438,69,0,1
114022,1,0,955,0,0,51,134222.61,149081,438,69,0,1
114152,1,0,907,0,0,51,134222.61,149081,438,69,0,1
114272,1,0,906,0,0,51,134222.61,149081,438,69,0,1
114396,1,0,941,0,16,51,134222.61,149081,438,69,0,1
114426,1,0,941,0,16,51,134222.61,149081,438,69,0,1
114628,1,0,938,0,22,51,134222.61,149081,438,69,0,1
114754,1,0,833,0,26,51,134222.61,149081,438,69,0,1
114851,1,0,886,0,28,51,134222.61,149081,438,69,0,1
114934,1,0,859,0,20,51,134222.61,149081,438,69,0,1
115096,1,0,833,0,14,51,134222.61,149081,438,69,0,1
115195,1,0,862,0,14,51,134222.61,149081,438,69,0,1
115322,1,0,861,0,0,51,134222.61,149081,438,69,0,1
115375,1,0,861,0,0,51,134222.61,149081,438,69,0,1
115545,1,0,956,0,0,51,134222.61,149081,438,69,0,1
115672,1,0,1062,0,0,51,134222.61,149081,438,69,0,1
115772,1,0,1143,0,0,51,134222.61,149081,438,69,0,1
115875,1,0,1148,0,0,51,134222.61,149081,438,69,0,1
115925,1,0,1123,0,0,51,134222.61,149081,438,69,0,1
116128,1,0,1016,0,6,51,134223.62,149081,438,69,0,1
116247,1,0,914,0,16,51,134223.62,149081,438,69,0,1
116351,1,0,882,0,24,51,134223.62,149081,438,69,0,1
116427,1,0,880,0,22,51,134223.62,149081,438,69,0,1
116562,1,0,848,0,22,51,134223.62,149081,438,69,0,1
116696,1,0,843,0,0,51,134223.62,149081,438,69,0,1
116822,1,0,869,0,0,51,134223.62,149081,438,69,0,1
116896,1,0,932,0,0,51,134223.62,149081,438,69,0,1
117051,1,0,1110,0,0,51,134223.62,149081,438,69,0,1
117172,1,0,1145,0,0,51,134223.62,149081,438,69,0,1
117272,1,0,1111,0,18,51,134223.62,149081,438,69,0,1
117396,1,0,1018,0,10,51,134223.62,149081,438,69,0,1
117529,1,0,954,0,10,51,134223.62,149081,438,69,0,1
117651,1,0,881,0,8,51,134223.62,149081,438,69,0,1
117772,1,0,913,0,0,51,134223.62,149081,438,69,0,1
117887,1,0,1007,0,2,51,134223.62,149081,438,69,0,1
117931,1,0,1079,0,2,51,134223.62,149081,438,69,0,1
118096,1,0,1099,0,6,51,134224.66,149081,438,69,0,1
118222,1,0,1085,0,6,51,134224.66,149081,438,69,0,1
118351,1,0,1085,0,6,51,134224.66,149081,438,69,0,1
118396,1,0,1052,0,6,51,134224.66,149081,438,69,0,1
118579,1,0,1053,0,6,51,134224.66,149081,438,69,0,1
118692,1,0,992,0,36,51,134224.66,149081,438,69,0,1
118796,1,0,928,0,32,51,134224.66,149081,438,69,0,1
118896,1,0,891,0,40,51,134224.66,149081,438,69,0,1
119045,1,0,846,0,42,51,134224.66,149081,438,69,0,1
119151,1,0,844,0,4,51,134224.66,149081,438,69,0,1
119272,1,0,841,0,0,51,134224.66,149081,438,69,0,1
119375,1,0,899,0,0,51,134224.66,149081,438,69,0,1
119528,1,0,960,0,0,51,134224.66,149081,438,69,0,1
119646,1,0,1140,0,0,51,134224.66,149081,438,69,0,1
119754,1,0,1100,0,0,51,134224.66,149081,438,69,0,1
119875,1,0,1112,0,0,51,134224.66,149081,438,69,0,1
119922,1,0,1066,0,0,51,134224.66,149081,438,69,0,1
120109,1,0,1063,0,0,51,134225.69,149081,438,69,0,1
120222,1,0,1099,0,0,51,134225.69,149081,438,69,0,1
120322,1,0,1101,0,0,51,134225.69,149081,438,69,0,1
120423,1,0,1066,0,6,51,134225.69,149081,438,69,0,1
120562,1,0,1066,0,6,51,134225.69,149081,438,69,0,1
120672,1,0,1024,0,8,51,134225.69,149081,438,69,0,1
120796,1,0,993,0,8,51,134225.69,149081,438,69,0,1
120896,1,0,1023,0,8,51,134225.69,149081,438,69,0,1
120896,1,0,1023,0,8,51,134225.69,149081,438,69,0,1
121151,1,0,1022,0,4,51,134225.69,149081,438,69,0,1
121254,1,0,1021,0,2,51,134225.69,149081,438,69,0,1
121375,1,0,1053,0,0,51,134225.69,149081,438,69,0,1
121404,1,0,1055,0,0,51,134225.69,149081,438,69,0,1
121603,1,2,1020,0,0,51,134225.69,149081,438,69,0,1
121722,1,2,1023,0,8,51,134225.69,149081,438,69,0,1
121822,1,3,960,0,10,51,134225.69,149081,438,69,0,1
121875,1,3,928,0,28,51,134225.69,149081,438,69,0,1
122051,1,2,955,0,28,51,134225.69,149081,438,69,0,1
122172,1,2,921,0,2,51,134225.69,149081,438,69,0,1
122296,1,2,971,0,0,51,134226.69,149081,438,69,0,1
122396,1,2,1143,0,0,51,134226.69,149081,438,69,0,1
122551,1,2,1143,0,0,51,134226.69,149081,438,69,0,1
122651,1,2,1266,0,12,51,134226.69,149081,438,69,0,1
122772,1,2,1234,0,100,51,134226.69,149081,438,69,0,0
122875,1,0,1130,0,126,51,134226.69,149081,438,69,0,0
122897,1,0,1116,0,126,51,134226.69,149081,438,69,0,0
123128,1,0,938,0,118,51,134226.69,149081,438,70,0,0
123254,1,0,870,0,0,51,134226.69,149081,438,70,0,0
123352,1,0,868,0,0,51,134226.69,149081,438,70,0,0
123445,1,0,868,0,0,51,134226.69,149081,438,70,0,0
123628,1,0,905,59,0,51,134226.69,149081,438,70,0,0
123754,1,0,1128,66,0,51,134226.69,149081,438,70,0,0
123851,1,0,1297,66,0,51,134226.69,149081,438,70,0,0
123875,1,0,1297,66,0,51,134226.69,149081,438,70,0,0
124096,1,0,1633,68,0,51,134227.73,149081,438,70,0,0
124196,1,0,1709,72,0,51,134227.73,149081,438,70,0,0
124322,1,0,1798,60,0,51,134227.73,149081,438,70,0,0
124396,1,2,1887,60,0,51,134227.73,149081,438,70,0,0
124554,1,4,1887,51,0,51,134227.73,149081,438,70,0,0
124672,1,4,1808,37,0,51,134227.73,149081,438,70,0,0
124772,1,5,1726,33,0,51,134227.73,149081,438,70,0,0
124897,1,6,1598,23,0,51,134228.83,149081,438,70,0,0
124934,1,6,1598,15,0,51,134228.83,149081,438,70,0,0
125146,1,6,1169,0,0,51,134228.83,149081,438,70,0,0
125254,1,8,1039,0,0,51,134228.83,149081,438,70,0,0
125375,1,8,1289,0,0,51,134228.83,149081,438,70,0,0
125398,1,8,1344,0,0,51,134228.83,149081,438,70,0,0
125596,1,8,1358,0,0,51,134228.83,149081,438,70,0,0
125722,1,8,1305,0,20,51,134228.83,149081,438,70,0,0
125822,1,7,1265,0,28,51,134228.83,149081,438,70,0,0
125928,1,7,1243,0,34,51,134229.83,149081,438,70,0,0
126047,1,7,1246,0,44,51,134229.83,149081,438,70,0,0
126172,1,6,1206,0,78,51,134229.83,149081,438,70,0,0
126297,1,6,1129,0,88,51,134229.83,149081,438,70,0,0
126396,1,5,1125,0,100,51,134229.83,149081,438,70,0,0
126396,1,5,1125,0,100,51,134229.83,149081,438,70,0,0
126652,1,3,1090,0,110,51,134229.83,149081,438,70,0,0
126772,1,0,1054,0,14,51,134229.83,149081,438,70,0,0
126874,1,0,1019,0,22,51,134229.83,149081,438,70,0,0
126923,1,0,985,0,22,51,134229.83,149081,438,70,0,0
127130,1,0,884,0,30,51,134229.83,149081,438,71,0,0
127254,1,0,850,0,40,51,134229.83,149081,438,71,0,0
127352,1,0,848,0,48,51,134229.83,149081,438,71,0,0
127396,1,0,848,0,52,51,134229.83,149081,438,71,0,0
127599,1,0,846,0,62,51,134229.83,149081,438,71,0,0
127696,1,0,846,0,88,51,134229.83,149081,438,71,0,0
127822,1,0,846,0,134,51,134229.83,149081,438,71,0,0
127896,1,0,846,0,192,51,134229.83,149081,438,71,0,0
128072,1,0,846,0,252,51,134229.83,149081,438,71,0,0
128192,1,0,846,0,260,51,134229.83,149081,438,71,0,0
128300,1,0,846,0,266,51,134229.83,149081,438,71,0,0
128422,1,0,849,0,268,51,134229.83,149081,438,71,0,0
128552,1,0,849,0,268,51,134229.83,149081,441,71,0,0
128672,1,0,849,0,268,51,134229.83,149081,441,71,0,0
128772,1,0,849,0,268,51,134229.83,149081,441,71,0,0
128897,1,0,849,0,270,51,134230.84,149081,441,71,0,0
129046,1,0,849,0,270,51,134230.84,149081,441,71,0,0
129152,1,0,848,0,268,51,134230.84,149081,441,71,0,0
129272,1,0,846,0,212,51,134230.84,149081,441,71,0,0
129397,1,0,846,0,192,51,134230.84,149081,441,71,0,0
129397,1,0,846,0,192,51,134230.84,149081,441,71,0,0
129627,1,0,848,0,160,51,134230.84,149081,441,71,0,0
129746,1,0,848,0,150,51,134230.84,149081,441,71,0,0
129852,1,0,846,0,142,51,134230.84,149081,441,71,0,0
129922,1,0,848,0,138,51,134230.84,149081,441,71,0,0
130072,1,0,848,0,130,51,134230.84,149081,441,71,0,0
130197,1,0,814,0,128,51,134230.84,149081,441,71,0,0
130322,1,0,848,0,126,51,134230.84,149081,441,71,0,0
130397,1,0,849,0,124,51,134230.84,149081,441,71,0,0
130562,1,0,849,0,124,51,134230.84,149081,441,71,0,0
130672,1,0,849,0,120,51,134230.84,149081,441,71,0,0
130796,1,0,849,0,120,51,134230.84,149081,441,71,0,0
130900,1,0,850,0,118,51,134230.84,149081,441,71,0,0
131033,1,0,850,0,118,51,134230.84,149081,441,71,0,0
131149,1,0,846,0,94,51,134230.84,149081,441,71,0,0
131272,1,0,848,0,0,51,134230.84,149081,441,71,0,0
131397,1,0,846,0,0,51,134230.84,149081,441,71,0,0
131397,1,0,846,0,0,51,134230.84,149081,441,71,0,0
131627,1,0,928,0,0,51,134230.84,149081,441,71,0,0
131746,1,0,1214,0,0,51,134230.84,149081,441,71,0,0
131852,1,0,1172,0,0,51,134230.84,149081,441,71,0,0
131949,1,0,1155,0,0,51,134231.89,149081,441,71,0,0
132101,1,0,1094,0,0,51,134231.89,149081,441,71,0,0
132196,1,0,1156,0,0,51,134231.89,149081,441,71,0,0
132321,1,0,1203,0,0,51,134231.89,149081,441,72,0,0
132396,1,0,1189,0,0,51,134231.89,149081,441,72,0,0
132561,1,0,1182,0,0,51,134231.89,149081,441,72,0,0
132672,1,0,1133,0,0,51,134231.89,149081,441,72,0,0
132796,1,0,1116,0,0,51,134231.89,149081,441,72,0,0
132921,1,0,1063,0,0,51,134231.89,149081,441,72,0,0
133057,1,0,1063,0,0,51,134231.89,149081,441,72,0,0
133171,1,0,962,0,4,51,134231.89,149081,441,72,0,0
133271,1,0,950,0,4,51,134231.89,149081,441,72,0,0
133396,1,0,898,0,6,51,134231.89,149081,441,72,0,0
133521,1,0,898,0,6,51,134231.89,149081,441,72,0,0
133650,1,0,936,0,8,51,134231.89,149081,441,72,0,0
133755,1,0,936,0,8,51,134232.91,149081,441,72,0,0
133874,1,0,903,0,8,51,134232.91,149081,441,72,0,0
133904,1,0,869,0,8,51,134232.91,149081,441,72,0,0
134096,1,0,853,0,10,51,134232.91,149081,441,72,0,0
134221,1,0,860,0,8,51,134232.91,149081,441,72,0,0
134346,1,0,862,0,8,51,134232.91,149081,441,72,0,0
134400,1,0,861,0,2,51,134232.91,149081,441,72,0,0
134549,1,0,861,0,2,51,134232.91,149081,441,72,0,0
134696,1,0,857,0,0,51,134232.91,149081,441,72,0,0
134811,1,0,857,0,0,51,134232.91,149081,441,72,0,0
134903,1,0,855,0,0,51,134232.91,149081,441,72,0,0
135047,1,0,854,0,0,51,134232.91,149081,441,72,0,0
135171,1,0,854,0,60,51,134232.91,149081,441,72,0,0
135271,1,0,853,0,142,51,134232.91,149081,441,72,0,0
135396,1,0,854,0,200,51,134232.91,149081,441,72,0,0
135422,1,0,854,0,200,51,134232.91,149081,441,72,0,0
135627,1,0,856,0,218,51,134232.91,149081,441,72,0,0
135755,1,0,823,0,218,51,134232.91,149081,441,72,0,0
135850,1,0,854,0,216,51,134232.91,149081,441,72,0,0
135899,1,0,854,0,206,51,134232.91,149081,441,72,0,0
136100,1,0,852,0,178,51,134232.91,149081,441,72,0,0
136196,1,0,852,0,168,51,134232.91,149081,441,72,0,0
136321,1,0,850,0,160,51,134232.91,149081,441,72,0,0
136399,1,0,850,0,154,51,134232.91,149081,441,72,0,0
136549,1,0,849,0,154,51,134232.91,149081,441,72,0,0
136692,1,0,848,0,142,51,134232.91,149081,441,72,0,0
136797,1,0,848,0,140,51,134233.92,149081,441,72,0,0
136921,1,0,848,0,140,51,134233.92,149081,441,72,0,0
137061,1,0,846,0,138,51,134233.92,149081,441,72,0,0
137171,1,0,846,0,136,51,134233.92,149081,441,72,0,0
137271,1,0,845,0,134,51,134233.92,149081,441,72,0,0
137396,1,0,846,0,134,51,134233.92,149081,441,72,0,0
137421,1,0,846,0,134,51,134233.92,149081,441,72,0,0
137649,1,0,848,0,132,51,134233.92,149081,441,72,0,0
137754,1,0,848,0,132,51,134233.92,149081,441,72,0,0
137874,1,0,848,0,132,51,134233.92,149081,441,72,0,0
137901,1,0,848,0,132,51,134233.92,149081,441,72,0,0
138100,1,0,849,0,130,51,134233.92,149081,441,72,0,0
138221,1,0,849,0,130,51,134233.92,149081,441,72,0,0
138321,1,0,849,0,130,51,134233.92,149081,441,72,0,0
138396,1,0,849,0,130,51,134233.92,149081,441,72,0,0
138571,1,0,849,0,130,51,134233.92,149081,441,72,0,0
138700,1,0,850,0,130,51,134233.92,149081,441,72,0,0
138811,1,0,850,0,130,51,134233.92,149081,441,72,0,0
138926,1,0,851,0,128,51,134233.92,149081,441,72,0,0
139054,1,0,851,0,128,51,134233.92,149081,441,72,0,0
139171,1,0,849,0,128,51,134233.92,149081,441,72,0,0
139271,1,0,849,0,128,51,134233.92,149081,441,72,0,0
139399,1,0,850,0,126,51,134233.92,149081,441,72,0,0
139399,1,0,850,0,126,51,134233.92,149081,441,72,0,0
139649,1,0,850,0,126,51,134233.92,149081,441,72,0,0
139752,1,0,851,0,126,51,134233.92,149081,441,72,0,0
139874,1,0,852,0,126,51,134233.92,149081,441,72,0,0
139944,1,0,852,0,126,51,134234.94,149081,441,72,0,0
140099,1,0,853,0,126,51,134234.94,149081,441,72,0,0
140221,1,0,853,0,124,51,134234.94,149081,441,72,0,0
140346,1,0,853,0,126,51,134234.94,149081,441,72,0,0
140426,1,0,852,0,124,51,134234.94,149081,441,72,0,0
140549,1,0,851,0,124,51,134234.94,149081,441,72,0,0
140699,1,0,851,0,124,51,134234.94,149081,441,72,0,0
140811,1,0,851,0,126,51,134234.94,149081,441,72,0,0
140926,1,0,850,0,130,51,134234.94,149081,441,72,0,0
140942,1,0,850,0,130,51,134234.94,149081,441,72,0,0
141171,1,0,850,0,154,51,134234.94,149081,441,72,0,0
141300,1,0,818,0,154,51,134234.94,149081,441,73,0,0
141399,1,0,852,0,152,51,134234.94,149081,441,73,0,0
141440,1,0,852,0,152,51,134234.94,149081,441,73,0,0
141671,1,0,853,0,152,51,134234.94,149081,441,73,0,0
141771,1,0,853,0,152,51,134234.94,149081,441,73,0,0
141899,1,0,853,0,152,51,134234.94,149081,441,73,0,0
141925,1,0,853,0,152,51,134234.94,149081,441,73,0,0
142149,1,0,854,0,150,51,134234.94,149081,441,73,0,0
142271,1,0,854,0,150,51,134234.94,149081,441,73,0,0
142374,1,0,854,0,150,51,134234.94,149081,441,73,0,0
142435,1,0,855,0,150,51,134234.94,149081,441,73,0,0
142599,1,0,855,0,148,51,134234.94,149081,441,73,0,0
142724,1,0,853,0,148,51,134234.94,149081,441,73,0,0
142849,1,0,853,0,148,51,134234.94,149081,441,73,0,0
142941,1,0,853,0,146,51,134235.95,149081,441,73,0,0
143061,1,0,853,0,146,51,134235.95,149081,441,73,0,0
143199,1,0,852,0,0,51,134235.95,149081,441,73,0,0
143311,1,0,852,0,0,51,134235.95,149081,441,73,0,0
143421,1,0,886,0,0,51,134235.95,149081,441,73,0,0
143421,1,0,886,0,0,51,134235.95,149081,441,73,0,0
143671,1,0,1195,0,0,51,134235.95,149081,441,73,0,0
143771,1,0,1437,20,0,51,134235.95,149081,441,73,0,0
143899,1,0,1624,27,0,51,134235.95,149081,441,73,0,0
143938,1,0,1624,29,0,51,134235.95,149081,441,73,0,0
144149,1,0,1630,31,0,51,134235.95,149081,441,73,0,0
144251,1,0,1608,31,0,51,134235.95,149081,441,73,0,0
144374,1,2,1589,31,0,51,134237.00,149081,441,73,0,0
144421,1,2,1559,31,0,51,134237.00,149081,441,73,0,0
144614,1,3,1526,31,0,51,134237.00,149081,441,73,0,0
144721,1,5,1521,32,0,51,134237.00,149081,441,73,0,0
144849,1,6,1491,32,0,51,134237.00,149081,441,73,0,0
144899,1,6,1497,32,0,51,134237.00,149081,441,73,0,0
145061,1,6,1497,32,0,51,134237.00,149081,441,73,0,0
145199,1,8,1582,0,0,51,134238.00,149081,441,73,0,0
145311,1,8,1687,0,0,51,134238.00,149081,441,73,0,0
145421,1,8,1756,0,0,51,134238.00,149081,441,73,0,0
145563,1,8,1724,0,0,51,134238.00,149081,441,73,0,0
145671,1,8,1651,0,14,51,134238.00,149081,441,73,0,0
145799,1,8,1591,0,16,51,134238.00,149081,441,73,0,0
145899,1,8,1521,0,18,51,134238.00,149081,441,73,0,0
146049,1,8,1521,0,18,51,134238.00,149081,441,73,0,0
146149,1,7,1416,0,26,51,134238.00,149081,441,73,0,0
146271,1,7,1404,0,36,51,134238.00,149081,441,73,0,0
146399,1,7,1323,0,42,51,134238.00,149081,441,73,0,0
146421,1,7,1323,0,42,51,134238.00,149081,441,73,0,0
146627,1,6,1281,0,52,51,134238.00,149081,441,73,0,0
146746,1,5,1278,0,58,51,134238.00,149081,441,73,0,0
146849,1,5,1212,0,62,51,134238.00,149081,441,73,0,0
146899,1,5,1213,0,64,51,134239.02,149081,441,73,0,0
147099,1,5,1180,0,58,51,134239.02,149081,441,73,0,0
147199,1,4,1145,0,52,51,134239.02,149081,441,73,0,0
147321,1,4,1112,0,40,51,134239.02,149081,441,73,0,0
147421,1,3,1109,0,24,51,134239.02,149081,441,73,0,0
147561,1,3,1077,0,24,51,134239.02,149081,441,73,0,0
147671,1,3,1012,0,30,51,134239.02,149081,441,73,0,0
147799,1,2,945,0,32,51,134239.02,149081,441,73,0,0
147899,1,0,910,0,34,51,134239.02,149081,441,73,0,0
147921,1,0,910,0,34,51,134239.02,149081,441,73,0,0
148149,1,0,846,0,34,51,134239.02,149081,441,73,0,0
148251,1,0,846,0,34,51,134239.02,149081,441,73,0,0
148374,1,0,846,0,32,51,134239.02,149081,441,73,0,0
148421,1,0,848,0,32,51,134239.02,149081,441,73,0,0
148612,1,0,851,0,18,51,134239.02,149081,441,73,0,0
148721,1,0,851,0,20,51,134239.02,149081,441,73,0,0
148846,1,0,851,0,20,51,134239.02,149081,441,73,0,0
148946,1,0,851,0,14,51,134239.02,149081,441,73,0,0
149073,1,0,851,0,12,51,134239.02,149081,441,73,0,0
149199,1,0,851,0,14,51,134239.02,149081,441,73,0,0
149321,1,0,852,0,14,51,134239.02,149081,441,73,0,0
149421,1,0,850,0,14,51,134239.02,149081,441,73,0,0
149571,1,0,850,0,98,51,134239.02,149081,441,73,0,0
149691,1,0,849,0,160,51,134239.02,149081,441,73,0,0
149799,1,0,849,0,182,51,134239.02,149081,441,73,0,0
149921,1,0,849,0,182,51,134239.02,149081,441,73,0,0
149949,1,0,849,0,182,51,134239.02,149081,441,73,0,0
150149,1,0,849,0,180,51,134240.03,149081,441,73,0,0
150271,1,0,848,0,176,51,134240.03,149081,441,73,0,0
150374,1,0,850,0,176,51,134240.03,149081,441,73,0,0
150476,1,0,850,0,176,51,134240.03,149081,442,73,0,0
150599,1,0,851,0,176,51,134240.03,149081,442,73,0,0
150721,1,0,852,0,176,51,134240.03,149081,442,73,0,0
150849,1,0,852,0,176,51,134240.03,149081,442,73,0,0
150941,1,0,852,0,174,51,134240.03,149081,442,74,0,0
151072,1,0,852,0,174,51,134240.03,149081,442,74,0,0
151199,1,0,853,0,174,51,134240.03,149081,442,74,0,0
151321,1,0,853,0,174,51,134240.03,149081,442,74,0,0
151421,1,0,853,0,174,51,134240.03,149081,442,74,0,0
151561,1,0,853,0,174,51,134240.03,149081,442,74,0,0
151671,1,0,854,0,164,51,134240.03,149081,442,74,0,0
151799,1,0,855,0,42,51,134240.03,149081,442,74,0,0
151899,1,0,855,0,0,51,134240.03,149081,442,74,0,0
151921,1,0,855,0,0,51,134240.03,149081,442,74,0,0
152149,1,0,955,0,0,51,134240.03,149081,442,74,0,0
152251,1,0,1138,0,0,51,134240.03,149081,442,74,0,0
152374,1,0,1241,0,0,51,134240.03,149081,442,74,0,0
152474,1,0,1221,1,0,51,134240.03,149081,442,74,0,0
152599,1,0,1392,1,0,51,134240.03,149081,442,74,0,0
152721,1,0,1538,25,0,51,134241.06,149081,442,74,0,0
152849,1,0,1671,27,0,51,134241.06,149081,442,74,0,0
152941,1,0,1714,27,0,51,134241.06,149081,442,74,0,0
153071,1,0,1714,27,0,51,134241.06,149081,442,74,0,0
153199,1,0,1751,29,0,51,134241.06,149081,442,74,0,0
153321,1,0,1723,29,0,51,134241.06,149081,442,74,0,0
153441,1,2,1719,29,0,51,134241.06,149081,442,74,0,0
153451,1,3,1719,29,0,51,134242.11,149081,442,74,0,0
153671,1,4,1675,29,0,51,134242.11,149081,442,74,0,0
153771,1,5,1639,30,0,51,134242.11,149081,442,74,0,0
153899,1,5,1630,30,0,51,134242.11,149081,442,74,0,0
153949,1,6,1630,30,0,51,134242.11,149081,442,74,0,0
154139,1,6,1577,27,0,51,134242.11,149081,442,74,0,0
154251,1,7,1508,23,0,51,134242.11,149081,442,74,0,0
154374,1,8,1473,0,0,51,134243.17,149081,442,74,0,0
154421,1,8,1376,0,0,51,134243.17,149081,442,74,0,0
154599,1,9,1525,0,0,51,134243.17,149081,442,74,0,0
154721,1,8,1570,0,0,51,134243.17,149081,442,74,0,0
154846,1,9,1577,0,28,51,134243.17,149081,442,74,0,0
154921,1,9,1510,0,14,51,134243.17,149081,442,74,0,0
155071,1,8,1478,0,16,51,134243.17,149081,442,74,0,0
155199,1,8,1462,0,28,51,134243.17,149081,442,74,0,0
155321,1,8,1418,0,42,51,134243.17,149081,442,74,0,0
155421,1,8,1379,0,50,51,134243.17,149081,442,74,0,0
155452,1,8,1379,0,50,51,134243.17,149081,442,74,0,0
155691,1,7,1324,0,74,51,134243.17,149081,442,74,0,0
155799,1,6,1284,0,52,51,134243.17,149081,442,74,0,0
155921,1,6,1249,0,8,51,134244.19,149081,442,74,0,0
155949,1,6,1249,0,8,51,134244.19,149081,442,74,0,0
156148,1,6,1211,0,4,51,134244.19,149081,442,74,0,0
156271,1,6,1177,0,0,51,134244.19,149081,442,74,0,0
156374,1,6,1175,0,0,51,134244.19,149081,442,74,0,0
156421,1,6,1143,0,0,51,134244.19,149081,442,74,0,0
156607,1,6,1134,0,0,51,134244.19,149081,442,74,0,0
156721,1,5,1147,0,0,51,134244.19,149081,442,74,0,0
156849,1,6,1152,3,0,51,134244.19,149081,442,74,0,0
156949,1,5,1280,10,0,51,134244.19,149081,442,74,0,0
157094,1,5,1403,10,0,51,134244.19,149081,442,74,0,0
157199,1,6,1657,17,0,51,134244.19,149081,442,75,0,0
157321,1,6,1650,18,0,51,134244.19,149081,442,75,0,0
157421,1,6,1694,18,0,51,134244.19,149081,442,75,0,0
157561,1,6,1694,18,0,51,134245.20,149081,442,75,0,0
157691,1,7,1606,19,0,51,134245.20,149081,442,75,0,0
157798,1,7,1635,19,0,51,134245.20,149081,442,75,0,0
157921,1,7,1692,19,0,51,134245.20,149081,442,75,0,0
157921,1,7,1692,19,0,51,134245.20,149081,442,75,0,0
158171,1,8,1710,19,0,51,134245.20,149081,442,75,0,0
158272,1,8,1708,18,0,51,134245.20,149081,442,75,0,0
158399,1,9,1695,11,0,51,134245.20,149081,442,75,0,0
158473,1,9,1727,4,0,51,134245.20,149081,442,75,0,0
158631,1,9,1752,4,0,51,134246.23,149081,442,75,0,0
158751,1,9,1680,0,0,51,134246.23,149081,442,75,0,0
158849,1,9,1629,0,0,51,134246.23,149081,442,75,0,0
158965,1,9,1580,0,0,51,134246.23,149081,442,75,0,0
159099,1,9,1504,0,0,51,134246.23,149081,442,75,0,0
159221,1,9,1478,1,0,51,134246.23,149081,442,75,0,0
159321,1,9,1416,1,0,51,134246.23,149081,442,75,0,0
159441,1,8,1316,1,0,51,134246.23,149081,442,75,0,0
159561,1,9,1284,1,0,51,134246.23,149081,442,75,0,0
159699,1,8,1381,0,0,51,134246.23,149081,442,75,0,0
159821,1,8,1351,0,0,51,134246.23,149081,442,75,0,0
159898,1,8,1353,0,0,51,134246.23,149081,442,75,0,0
159956,1,8,1353,0,0,51,134246.23,149081,442,75,0,0
160149,1,8,1302,0,0,51,134247.25,149081,442,75,0,0
160272,1,8,1299,0,16,51,134247.25,149081,442,75,0,0
160399,1,8,1258,0,18,51,134247.25,149081,442,75,0,0
160460,1,8,1258,0,18,51,134247.25,149081,442,75,0,0
160605,1,8,1258,0,20,51,134247.25,149081,442,75,0,0
160751,1,7,1216,0,38,51,134247.25,149081,442,75,0,0
160849,1,7,1214,0,54,51,134247.25,149081,442,75,0,0
160942,1,7,1214,0,58,51,134247.25,149081,442,75,0,0
161098,1,7,1178,0,60,51,134247.25,149081,442,75,0,0
161221,1,6,1144,0,66,51,134247.25,149081,442,75,0,0
161321,1,5,1143,0,66,51,134247.25,149081,442,75,0,0
161459,1,5,1110,0,68,51,134247.25,149081,442,75,0,0
161578,1,5,1109,0,66,51,134247.25,149081,442,75,0,0
161699,1,4,1076,0,46,51,134247.25,149081,442,75,0,0
161821,1,4,1075,0,46,51,134247.25,149081,442,75,0,0
161942,1,3,1042,0,46,51,134247.25,149081,442,75,0,0
161983,1,3,1042,0,48,51,134247.25,149081,442,75,0,0
162171,1,2,977,0,40,51,134247.25,149081,442,75,0,0
162271,1,0,942,0,20,51,134247.25,149081,442,75,0,0
162399,1,0,908,0,18,51,134247.25,149081,442,75,0,0
162467,1,0,876,0,18,51,134247.25,149081,442,75,0,0
162629,1,0,844,0,22,51,134247.25,149081,442,75,0,0
162751,1,0,844,0,16,51,134247.25,149081,442,75,0,0
162873,1,0,845,0,0,51,134247.25,149081,442,75,0,0
162971,1,0,846,0,0,51,134247.25,149081,442,75,0,0
162971,1,0,846,0,0,51,134247.25,149081,442,75,0,0
163221,1,0,882,0,0,51,134248.27,149081,442,75,0,0
163345,1,0,1028,0,0,51,134248.27,149081,442,75,0,0
163448,1,0,1203,3,0,51,134248.27,149081,442,75,0,0
163577,1,0,1235,3,0,51,134248.27,149081,442,75,0,0
163699,1,0,1646,3,0,51,134248.27,149081,442,75,0,0
163821,1,0,1707,19,0,51,134248.27,149081,442,75,0,0
163921,1,0,1783,21,0,51,134248.27,149081,442,75,0,0
163948,1,0,1815,21,0,51,134248.27,149081,442,75,0,0
164171,1,0,1855,23,0,51,134248.27,149081,442,75,0,0
164299,1,0,1843,23,0,51,134249.27,149081,442,75,0,0
164399,1,0,1809,24,0,51,134249.27,149081,442,75,0,0
164467,1,2,1809,24,0,51,134249.27,149081,442,75,0,0
164649,1,3,1775,24,0,51,134249.27,149081,442,75,0,0
164751,1,3,1785,25,0,51,134249.27,149081,442,75,0,0
164873,1,4,1791,25,0,51,134249.27,149081,442,75,0,0
164978,1,4,1730,25,0,51,134249.27,149081,442,75,0,0
165098,1,4,1683,25,0,51,134249.27,149081,442,75,0,0
165220,1,5,1673,25,0,51,134250.28,149081,442,75,0,0
165348,1,6,1638,25,0,51,134250.28,149081,442,75,0,0
165460,1,7,1637,25,0,51,134250.28,149081,442,75,0,0
165601,1,7,1637,25,0,51,134250.28,149081,442,75,0,0
165720,1,7,1575,23,0,51,134250.28,149081,442,75,0,0
165820,1,8,1545,18,0,51,134250.28,149081,442,75,0,0
165942,1,9,1546,15,0,51,134250.28,149081,442,75,0,0
165942,1,9,1546,15,0,51,134250.28,149081,442,75,0,0
166198,1,10,1441,9,0,51,134250.28,149081,442,75,0,0
166310,1,11,1528,0,0,51,134251.31,149081,442,75,0,0
166420,1,11,1532,0,0,51,134251.31,149081,442,75,0,0
166495,1,11,1532,0,0,51,134251.31,149081,442,75,0,0
166698,1,11,1429,0,0,51,134251.31,149081,442,75,0,0
166820,1,11,1425,0,0,51,134251.31,149081,442,75,0,0
166942,1,10,1404,0,0,51,134251.31,149081,442,75,0,0
166970,1,10,1404,0,0,51,134251.31,149081,442,75,0,0
167170,1,10,1326,0,0,51,134251.31,149081,442,75,0,0
167270,1,10,1318,0,0,51,134251.31,149081,442,75,0,0
167398,1,10,1282,0,0,51,134251.31,149081,442,75,0,0
167471,1,10,1282,0,0,51,134251.31,149081,442,75,0,0
167600,1,10,1296,0,0,51,134251.31,149081,442,75,0,0
167751,1,10,1238,5,0,51,134251.31,149081,442,75,0,0
167848,1,9,1299,11,0,51,134251.31,149081,442,75,0,0
167948,1,9,1398,14,0,51,134251.31,149081,442,75,0,0
168099,1,9,1489,14,0,51,134251.31,149081,442,75,0,0
168220,1,9,1487,20,0,51,134251.31,149081,442,75,0,0
168348,1,10,1452,27,0,51,134252.34,149081,442,75,0,0
168459,1,10,1451,31,0,51,134252.34,149081,442,75,0,0
168600,1,10,1451,31,0,51,134252.34,149081,442,75,0,0
168720,1,10,1493,32,0,51,134252.34,149081,442,75,0,0
168820,1,10,1527,32,0,51,134252.34,149081,442,75,0,0
168948,1,11,1530,32,0,51,134252.34,149081,442,75,0,0
169086,1,11,1563,32,0,51,134252.34,149081,442,75,0,0
169198,1,11,1591,32,0,51,134252.34,149081,442,75,0,0
169320,1,11,1587,0,0,51,134252.34,149081,442,75,0,0
169442,1,11,1563,0,0,51,134252.34,149081,442,75,0,0
169471,1,11,1531,0,0,51,134252.34,149081,442,75,0,0
169670,1,11,1456,0,20,51,134252.34,149081,442,75,0,0
169770,1,11,1380,0,26,51,134253.34,149081,442,75,0,0
169898,1,11,1331,0,30,51,134253.34,149081,442,75,0,0
170001,1,10,1289,0,64,51,134253.34,149081,442,75,0,0
170126,1,10,1289,0,64,51,134253.34,149081,442,75,0,0
170251,1,9,1219,0,106,51,134253.34,149081,442,75,0,0
170373,1,8,1217,0,108,51,134253.34,149081,442,75,0,0
170471,1,7,1212,0,108,51,134253.34,149081,442,75,0,0
170599,1,7,1175,0,108,51,134253.34,149081,442,75,0,0
170745,1,5,1173,0,106,51,134253.34,149081,442,75,0,0
170849,1,5,1142,0,106,51,134253.34,149081,442,75,0,0
170948,1,4,1109,0,104,51,134253.34,149081,442,75,0,0
171085,1,4,1109,0,96,51,134253.34,149081,442,75,0,0
171198,1,3,1073,0,70,51,134253.34,149081,442,76,0,0
171320,1,2,1040,0,36,51,134253.34,149081,442,76,0,0
171451,1,0,976,0,38,51,134253.34,149081,442,76,0,0
171459,1,0,976,0,38,51,134253.34,149081,439,76,0,0
171670,1,0,907,0,0,51,134253.34,149081,439,76,0,0
171798,1,0,840,0,0,51,134253.34,149081,439,76,0,0
171899,1,0,841,0,4,51,134253.34,149081,439,76,0,0
171949,1,0,841,0,4,51,134253.34,149081,439,76,0,0
172145,1,0,841,0,0,51,134253.34,149081,439,76,0,0
172251,1,0,842,0,0,51,134253.34,149081,439,76,0,0
172373,1,0,841,0,0,51,134253.34,149081,439,76,0,0
172448,1,0,841,0,0,51,134253.34,149081,439,76,0,0
172599,1,0,993,0,0,51,134253.34,149081,439,76,0,0
172720,1,0,1273,4,0,51,134254.36,149081,439,76,0,0
172849,1,0,1459,4,0,51,134254.36,149081,439,76,0,0
172958,1,0,1463,5,0,51,134254.36,149081,439,76,0,0
173003,1,0,1494,5,0,51,134254.36,149081,439,76,0,0
173199,1,0,1408,5,0,51,134254.36,149081,439,76,0,0
173323,1,0,1514,5,0,51,134254.36,149081,439,76,0,0
173442,1,0,1604,5,0,51,134254.36,149081,439,76,0,0
173571,1,0,1668,5,0,51,134254.36,149081,439,76,0,0
173699,1,0,1782,5,0,51,134254.36,149081,439,76,0,0
173823,1,0,1803,0,0,51,134254.36,149081,439,76,0,0
173920,1,0,1632,0,0,51,134255.38,149081,439,76,0,0
173957,1,0,1504,0,0,51,134255.38,149081,439,76,0,0
174170,1,0,1164,0,0,51,134255.38,149081,439,76,0,0
174270,1,0,989,0,0,51,134255.38,149081,439,76,0,0
174399,1,0,849,0,0,51,134255.38,149081,439,76,0,0
174467,1,0,849,0,0,51,134255.38,149081,439,76,0,0
174626,1,0,817,0,0,51,134255.38,149081,439,76,0,0
174745,1,0,822,0,0,51,134255.38,149081,439,76,0,0
174849,1,0,820,0,0,51,134255.38,149081,439,76,0,0
174970,1,0,821,0,0,51,134255.38,149081,439,76,0,0
174970,1,0,821,0,0,51,134255.38,149081,439,76,0,0
175220,1,0,845,0,0,51,134255.38,149081,439,76,0,0
175324,1,0,917,0,0,51,134255.38,149081,439,76,0,0
175451,1,0,1113,0,0,51,134255.38,149081,439,76,0,0
175472,1,0,1113,0,0,51,134255.38,149081,439,76,0,0
175672,1,0,1029,0,0,51,134255.38,149081,439,76,0,0
175799,1,0,1020,0,0,51,134255.38,149081,439,76,0,0
175899,1,0,1034,4,0,51,134255.38,149081,439,76,0,0
175949,1,0,1098,14,0,51,134255.38,149081,439,76,0,0
176107,1,0,1153,14,0,51,134256.41,149081,439,76,0,0
176251,1,0,1249,30,0,51,134256.41,149081,439,76,0,0
176373,1,0,1355,40,0,51,134256.41,149081,439,76,0,0
176451,1,3,1396,43,0,51,134256.41,149081,439,76,0,0
176599,1,3,1431,43,0,51,134256.41,149081,439,76,0,0
176720,1,3,1312,25,0,51,134256.41,149081,439,77,0,0
176849,1,5,1132,4,0,51,134256.41,149081,439,77,0,0
176955,1,5,1037,0,0,51,134257.44,149081,439,77,0,0
177001,1,5,996,0,0,51,134257.44,149081,439,77,0,0
177199,1,5,977,0,0,51,134257.44,149081,439,77,0,0
177322,1,5,1094,0,0,51,134257.44,149081,439,77,0,0
177451,1,5,1164,0,0,51,134257.44,149081,439,77,0,0
177460,1,5,1164,0,0,51,134257.44,149081,439,77,0,0
177699,1,5,1106,0,0,51,134257.44,149081,439,77,0,0
177810,1,4,1101,0,0,51,134257.44,149081,439,77,0,0
177920,1,4,1070,0,4,51,134257.44,149081,439,77,0,0
177949,1,4,1070,0,4,51,134257.44,149081,439,77,0,0
178149,1,4,1046,0,4,51,134257.44,149081,439,77,0,0
178270,1,4,1047,0,16,51,134257.44,149081,439,77,0,0
178373,1,3,1049,0,30,51,134257.44,149081,439,77,0,0
178471,1,3,1017,0,28,51,134257.44,149081,439,77,0,0
178626,1,3,1015,0,28,51,134257.44,149081,439,77,0,0
178750,1,2,950,0,22,51,134257.44,149081,439,77,0,0
178849,1,0,948,0,22,51,134257.44,149081,439,77,0,0
178949,1,0,914,0,22,51,134257.44,149081,439,77,0,0
178949,1,0,914,0,22,51,134257.44,149081,439,77,0,0
179199,1,0,848,0,8,51,134257.44,149081,439,77,0,0
179322,1,0,848,0,10,51,134257.44,149081,439,77,0,0
179448,1,0,846,0,6,51,134257.44,149081,439,77,0,0
179483,1,0,846,0,0,51,134257.44,149081,439,77,0,0
179699,1,0,849,0,0,51,134257.44,149081,439,77,0,0
179810,1,0,849,0,0,51,134258.45,149081,439,77,0,0
179920,1,0,849,0,0,51,134258.45,149081,439,77,0,0
179970,1,0,849,0,0,51,134258.45,149081,439,77,0,0
180149,1,0,883,0,0,51,134258.45,149081,439,77,0,0
180270,1,0,1019,0,0,51,134258.45,149081,439,77,0,0
180373,1,0,1169,0,0,51,134258.45,149081,439,77,0,0
180478,1,0,1188,0,0,51,134258.45,149081,439,77,0,0
180599,1,0,1130,0,0,51,134258.45,149081,439,77,0,0
180745,1,0,1010,0,0,51,134258.45,149081,439,77,0,0
180849,1,0,900,0,0,51,134258.45,149081,439,77,0,0
180970,1,0,865,0,62,51,134258.45,149081,439,77,0,0
181104,1,0,836,0,62,51,134258.45,149081,439,77,0,0
181220,1,0,834,0,56,51,134258.45,149081,439,77,0,0
181345,1,0,832,0,0,51,134258.45,149081,439,77,0,0
181459,1,0,860,0,0,51,134258.45,149081,439,77,0,0
181459,1,0,860,0,0,51,134258.45,149081,439,77,0,0
181690,1,0,956,0,0,51,134258.45,149081,439,77,0,0
181810,1,0,1155,0,0,51,134258.45,149081,439,77,0,0
181920,1,0,1196,0,0,51,134258.45,149081,439,77,0,0
181970,1,0,1228,0,0,51,134258.45,149081,439,77,0,0
182149,1,0,1224,0,0,51,134259.47,149081,439,77,0,0
182270,1,0,1222,0,0,51,134259.47,149081,439,77,0,0
182372,1,0,1258,0,0,51,134259.47,149081,439,77,0,0
182459,1,0,1353,4,0,51,134259.47,149081,439,77,0,0
182616,1,0,1353,4,0,51,134259.47,149081,439,77,0,0
182745,1,0,1593,29,0,51,134259.47,149081,439,77,0,0
182849,1,0,1688,31,0,51,134259.47,149081,439,77,0,0
182949,1,0,1702,32,0,51,134259.47,149081,439,77,0,0
182981,1,0,1702,32,0,51,134259.47,149081,439,77,0,0
183199,1,3,1702,32,0,51,134260.48,149081,439,77,0,0
183320,1,3,1702,32,0,51,134260.48,149081,439,77,0,0
183420,1,4,1664,32,0,51,134260.48,149081,439,77,0,0
183502,1,4,1654,32,0,51,134260.48,149081,439,77,0,0
183670,1,5,1608,32,0,51,134260.48,149081,439,77,0,0
183770,1,6,1591,32,0,51,134260.48,149081,439,77,0,0
183899,1,6,1589,32,0,51,134260.48,149081,439,77,0,0
183970,1,7,1589,33,0,51,134261.53,149081,439,77,0,0
184128,1,7,1589,33,0,51,134261.53,149081,439,78,0,0
184250,1,9,1554,38,0,51,134261.53,149081,439,78,0,0
184373,1,9,1526,38,0,51,134261.53,149081,439,78,0,0
184472,1,10,1530,38,0,51,134261.53,149081,439,78,0,0
184615,1,10,1507,38,0,51,134261.53,149081,439,78,0,0
184720,1,11,1686,41,0,51,134261.53,149081,439,78,0,0
184849,1,12,1803,44,0,51,134262.55,149081,439,78,0,0
184970,1,13,1840,45,0,51,134262.55,149081,439,78,0,0
185102,1,13,1854,45,0,51,134262.55,149081,439,78,0,0
185220,1,13,1951,53,0,51,134262.55,149081,439,78,0,0
185320,1,13,1973,55,0,51,134262.55,149081,439,78,0,0
185450,1,14,1989,57,0,51,134262.55,149081,439,78,0,0
185461,1,14,1989,57,0,51,134262.55,149081,439,78,0,0
185690,1,14,1991,1,0,51,134262.55,149081,439,78,0,0
185799,1,14,1824,0,0,51,134263.56,149081,439,78,0,0
185920,1,14,1769,0,0,51,134263.56,149081,439,78,0,0
185949,1,14,1737,0,0,51,134263.56,149081,439,78,0,0
186149,1,14,1684,0,0,51,134263.56,149081,439,78,0,0
186250,1,14,1581,13,0,51,134263.56,149081,439,78,0,0
186373,1,14,1446,27,0,51,134263.56,149081,439,78,0,0
186471,1,14,1261,48,0,51,134263.56,149081,439,78,0,0
186614,1,14,1152,48,0,51,134263.56,149081,439,78,0,0
186745,1,15,1233,70,0,51,134263.56,149081,439,78,0,0
186849,1,16,1238,70,0,51,134263.56,149081,439,78,0,0
186949,1,16,1189,70,0,51,134263.56,149081,439,78,0,0
187101,1,16,1257,70,0,51,134263.56,149081,439,78,0,0
187199,1,17,1331,81,0,51,134264.58,149081,439,78,0,0
187325,1,17,1368,86,0,51,134264.58,149081,439,78,0,0
187446,1,18,1376,86,0,51,134264.58,149081,439,78,0,0
187468,1,18,1376,86,0,51,134264.58,149081,439,78,0,0
187670,1,19,1461,88,0,51,134264.58,149081,439,78,0,0
187770,1,19,1505,88,0,51,134264.58,149081,439,78,0,0
187899,1,20,1563,88,0,51,134264.58,149081,439,78,0,0
187949,1,20,1563,88,0,51,134264.58,149081,439,78,0,0
188145,1,21,1598,88,0,51,134264.58,149081,439,78,0,0
188250,1,22,1688,88,0,51,134265.66,149081,439,78,0,0
188373,1,22,1705,88,0,51,134265.66,149081,439,78,0,0
188471,1,23,1729,88,0,51,134265.66,149081,439,78,0,0
188471,1,23,1729,88,0,51,134265.66,149081,439,78,0,0
188720,1,23,1800,82,0,51,134265.66,149081,439,78,0,0
188820,1,24,1835,78,0,51,134265.66,149081,439,78,0,0
188949,1,25,1859,78,0,51,134266.70,149081,439,78,0,0
188970,1,25,1859,78,0,51,134266.70,149081,439,78,0,0
189190,1,25,1919,78,0,51,134266.70,149081,439,78,0,0
189310,1,25,1970,71,0,51,134266.70,149081,439,78,0,0
189420,1,26,1967,70,0,51,134266.70,149081,439,78,0,0
189471,1,26,1967,70,0,51,134266.70,149081,439,78,0,0
189625,1,26,2000,70,0,51,134266.70,149081,439,78,0,0
189770,1,26,2040,70,0,51,134266.70,149081,439,78,0,0
189873,1,27,2046,70,0,51,134266.70,149081,439,78,0,0
189973,1,27,2051,70,0,51,134267.72,149081,439,78,0,0
190125,1,27,2055,71,0,51,134267.72,149081,439,78,0,0
190250,1,27,2083,77,0,51,134267.72,149081,439,78,0,0
190373,1,28,2147,87,0,51,134267.72,149081,439,78,0,0
190471,1,28,2201,91,0,51,134267.72,149081,439,78,0,0
190599,1,28,2193,91,0,51,134267.72,149081,439,78,0,0
190720,1,29,2208,88,0,51,134268.72,149081,439,78,0,0
190820,1,29,2257,85,0,51,134268.72,149081,439,78,0,0
190950,1,30,2290,85,0,51,134268.72,149081,439,78,0,0
190978,1,30,2290,85,0,51,134268.72,149081,439,78,0,0
191190,1,31,2350,85,0,51,134268.72,149081,439,78,0,0
191300,1,31,2396,77,0,51,134268.72,149081,439,78,0,0
191420,1,31,2387,72,0,51,134269.73,149081,439,78,0,0
191470,1,31,2419,72,0,51,134269.73,149081,439,78,0,0
191625,1,31,2430,77,0,51,134269.73,149081,439,78,0,0
191770,1,32,2449,82,0,51,134269.73,149081,439,78,0,0
191873,1,32,2480,89,0,51,134269.73,149081,439,78,0,0
191972,1,33,2501,90,0,51,134269.73,149081,439,78,0,0
192125,1,33,2533,96,0,51,134270.75,149081,439,78,0,0
192250,1,34,2604,97,0,51,134270.75,149081,439,78,0,0
192350,1,34,2608,98,0,51,134270.75,149081,439,78,0,0
192473,1,35,2657,98,0,51,134270.75,149081,439,78,0,0
192610,1,35,2664,98,0,51,134270.75,149081,439,78,0,0
192720,1,36,2725,94,0,51,134271.78,149081,439,78,0,0
192850,1,36,2772,85,0,51,134271.78,149081,439,78,0,0
192950,1,37,2802,83,0,51,134271.78,149081,439,78,0,0
193000,1,37,2814,83,0,51,134271.78,149081,439,78,0,0
193191,1,37,2830,87,0,51,134272.78,149081,439,78,0,0
193300,1,38,2907,101,0,51,134272.78,149081,439,78,0,0
193420,1,38,2934,107,0,51,134272.78,149081,439,78,0,0
193472,1,38,2966,107,0,51,134272.78,149081,439,78,0,0
193650,1,39,2998,107,0,51,134273.88,149081,439,78,0,0
193770,1,40,3033,85,0,51,134273.88,149081,439,78,0,0
193900,1,40,3015,78,0,51,134273.88,149081,439,78,0,0
193972,1,40,3047,67,0,51,134273.88,149081,439,78,0,0
194125,1,40,3023,23,0,51,134273.88,149081,439,78,0,0
194250,1,40,2893,0,0,51,134274.89,149081,439,78,0,0
194373,1,40,2761,0,0,51,134274.89,149081,439,78,0,0
194472,1,40,2557,0,0,51,134274.89,149081,439,78,0,0
194609,1,40,2460,0,0,51,134274.89,149081,439,78,0,0
194720,1,40,2127,0,0,51,134274.89,149081,439,78,0,0
194844,1,40,1924,0,0,51,134274.89,149081,439,78,0,0
194950,1,40,1727,0,0,51,134274.89,149081,439,78,0,0
194969,1,40,1727,0,0,51,134274.89,149081,439,78,0,0
195190,1,40,1573,0,0,51,134274.89,149081,439,78,0,0
195310,1,40,1501,0,0,51,134274.89,149081,439,78,0,0
195420,1,40,1469,4,0,51,134274.89,149081,439,78,0,0
195472,1,40,1469,4,0,51,134274.89,149081,439,78,0,0
195659,1,39,1877,27,0,51,134274.89,149081,439,78,0,0
195770,1,39,2156,37,0,51,134274.89,149081,439,78,0,0
195873,1,39,2127,43,0,51,134274.89,149081,439,78,0,0
196002,1,39,2091,44,0,51,134274.89,149081,439,78,0,0
196002,1,39,2091,44,0,51,134274.89,149081,439,78,0,0
196252,1,39,2134,75,0,51,134275.94,149081,439,78,0,0
196372,1,39,2080,77,0,51,134275.94,149081,439,78,0,0
196470,1,39,2096,78,0,51,134275.94,149081,439,78,0,0
196470,1,39,2096,78,0,51,134275.94,149081,439,78,0,0
196720,1,39,2138,83,0,51,134275.94,149081,439,78,0,0
196820,1,40,2129,86,0,51,134275.94,149081,439,78,0,0
196949,1,40,2168,87,0,51,134275.94,149081,439,78,0,0
196969,1,40,2168,87,0,51,134275.94,149081,439,78,0,0
197150,1,40,2184,88,0,51,134277.03,149081,439,78,0,0
197302,1,41,2189,90,0,51,134277.03,149081,439,78,0,0
197419,1,41,2188,91,0,51,134277.03,149081,439,78,0,0
197500,1,41,2185,91,0,51,134277.03,149081,439,78,0,0
197658,1,41,2185,91,0,51,134277.03,149081,439,78,0,0
197770,1,42,2241,91,0,51,134278.09,149081,439,78,0,0
197872,1,42,2270,91,0,51,134278.09,149081,439,78,0,0
198002,1,42,2297,91,0,51,134278.09,149081,439,78,0,0
198149,1,43,2295,91,0,51,134278.09,149081,439,78,0,0
198251,1,43,2300,91,0,51,134278.09,149081,439,78,0,0
198372,1,43,2276,91,0,51,134279.11,149081,439,78,0,0
198470,1,43,2313,91,0,51,134279.11,149081,439,78,0,0
198519,1,43,2318,91,0,51,134279.11,149081,439,78,0,0
198720,1,44,2352,93,0,51,134279.11,149081,439,78,0,0
198844,1,44,2347,93,0,51,134279.11,149081,439,78,0,0
198949,1,44,2389,93,0,51,134279.11,149081,439,78,0,0
199019,1,44,2368,93,0,51,134280.19,149081,439,78,0,0
199170,1,45,2368,93,0,51,134280.19,149081,439,78,0,0
199319,1,45,2411,94,0,51,134280.19,149081,439,78,0,0
199419,1,45,2409,97,0,51,134280.19,149081,439,78,0,0
199519,1,45,2433,108,0,51,134280.19,149081,439,78,0,0
199669,1,46,2433,108,0,51,134280.19,149081,439,78,0,0
199770,1,46,2461,114,0,51,134281.23,149081,439,78,0,0
199902,1,46,2483,120,0,51,134281.23,149081,439,78,0,0
200002,1,47,2508,124,0,51,134281.23,149081,439,78,0,0
200144,1,47,2508,125,0,51,134281.23,149081,439,78,0,0
200250,1,48,2540,125,0,51,134282.27,149081,439,78,0,0
200372,1,48,2591,125,0,51,134282.27,149081,439,78,0,0
200470,1,49,2602,125,0,51,134282.27,149081,439,78,0,0
200631,1,49,2614,125,0,51,134283.31,149081,439,78,0,0
200744,1,50,2630,125,0,51,134283.31,149081,439,78,0,0
200852,1,50,2660,125,0,51,134283.31,149081,439,78,0,0
200969,1,50,2663,125,0,51,134284.41,149081,439,78,0,0
201036,1,50,2698,125,0,51,134284.41,149081,439,78,0,0
201202,1,51,2747,125,0,51,134284.41,149081,439,78,0,0
201322,1,52,2739,120,0,51,134285.56,149081,439,78,0,0
201440,1,52,2766,109,0,51,134285.56,149081,439,78,0,0
201519,1,52,2815,106,0,51,134285.56,149081,436,78,0,0
201669,1,53,2815,106,0,51,134285.56,149081,436,78,0,0
201769,1,53,2825,108,0,51,134286.66,149081,436,78,0,0
201902,1,54,2868,109,0,51,134286.66,149081,436,78,0,0
202002,1,54,2855,110,0,51,134286.66,149081,436,78,0,0
202144,1,54,2887,110,0,51,134287.81,149081,436,78,0,0
202252,1,55,2911,107,0,51,134287.81,149081,436,78,0,0
202372,1,55,2918,110,0,51,134287.81,149081,436,78,0,0
202470,1,55,2913,115,0,51,134288.91,149081,436,78,0,0
202502,1,55,2946,115,0,51,134288.91,149081,436,78,0,0
202719,1,55,2957,91,0,51,134288.91,149081,436,78,0,0
202852,1,56,2986,86,0,51,134288.91,149081,436,78,0,0
202969,1,56,3007,72,0,51,134290.00,149081,436,78,0,0
203002,1,56,2959,72,0,51,134290.00,149081,436,78,0,0
203202,1,56,2951,60,0,51,134290.00,149081,436,78,0,0
203319,1,56,2935,12,0,51,134290.00,149081,436,78,0,0
203419,1,56,2872,0,0,51,134290.00,149081,436,78,0,0
203502,1,56,2954,0,0,51,134290.00,149081,436,78,0,0
203644,1,55,2954,0,0,51,134290.00,149081,436,78,0,0
203769,1,55,2921,0,0,51,134291.02,149081,436,78,0,0
203902,1,55,2890,0,0,51,134291.02,149081,436,78,0,0
204002,1,55,2856,0,0,51,134291.02,149081,436,78,0,0
204152,1,54,2823,0,0,51,134291.02,149081,436,78,0,0
204269,1,54,2842,0,0,51,134291.02,149081,436,78,0,0
204372,1,53,2842,0,0,51,134291.02,149081,436,78,0,0
204502,1,53,2796,0,0,51,134291.02,149081,436,78,0,0
204521,1,53,2796,0,0,51,134291.02,149081,436,78,0,0
204719,1,53,2781,0,0,51,134291.02,149081,436,78,0,0
204852,1,52,2732,0,0,51,134291.02,149081,436,78,0,0
204969,1,52,2734,0,0,51,134291.02,149081,436,78,0,0
205002,1,52,2720,0,0,51,134291.02,149081,436,78,0,0
205202,1,51,2688,0,0,51,134291.02,149081,436,78,0,0
205320,1,51,2699,18,0,51,134291.02,149081,436,78,0,0
205422,1,51,2680,20,0,51,134291.02,149081,436,78,0,0
205546,1,50,2662,21,0,51,134291.02,149081,436,78,0,0
205669,1,50,2662,21,0,51,134291.02,149081,436,78,0,0
205769,1,50,2667,29,0,51,134291.02,149081,436,78,0,0
205902,1,50,2687,29,0,51,134291.02,149081,436,78,0,0
206019,1,50,2603,31,0,51,134291.02,149081,436,78,0,0
206048,1,49,2603,31,0,51,134291.02,149081,436,78,0,0
206269,1,49,2632,47,0,51,134292.05,149081,436,78,0,0
206372,1,49,2642,50,0,51,134292.05,149081,436,78,0,0
206502,1,49,2613,52,0,51,134292.05,149081,436,78,0,0
206502,1,49,2613,52,0,51,134292.05,149081,436,78,0,0
206751,1,49,2597,62,0,51,134292.05,149081,436,78,0,0
206872,1,49,2621,63,0,51,134292.05,149081,436,78,0,0
206969,1,49,2638,64,0,51,134292.05,149081,436,78,0,0
207055,1,49,2646,64,0,51,134293.08,149081,436,78,0,0
207219,1,49,2648,68,0,51,134293.08,149081,436,78,0,0
207319,1,49,2643,75,0,51,134293.08,149081,436,78,0,0
207452,1,50,2638,76,0,51,134293.08,149081,436,78,0,0
207520,1,50,2635,77,0,51,134293.08,149081,436,78,0,0
207652,1,50,2667,77,0,51,134293.08,149081,436,78,0,0
207802,1,50,2652,72,0,51,134294.12,149081,436,78,0,0
207919,1,50,2661,68,0,51,134294.12,149081,436,78,0,0
208002,1,50,2626,68,0,51,134294.12,149081,436,78,0,0
208152,1,50,2673,69,0,51,134294.12,149081,436,78,0,0
208270,1,50,2678,72,0,51,134294.12,149081,436,78,0,0
208372,1,50,2686,72,0,51,134294.12,149081,436,78,0,0
208502,1,50,2677,74,0,51,134295.20,149081,436,78,0,0
208519,1,50,2677,74,0,51,134295.20,149081,436,78,0,0
208752,1,50,2671,75,0,51,134295.20,149081,436,78,0,0
208872,1,51,2712,77,0,51,134295.20,149081,436,78,0,0
208969,1,51,2689,82,0,51,134295.20,149081,436,78,0,0
209055,1,51,2696,86,0,51,134296.22,149081,436,78,0,0
209252,1,51,2740,88,0,51,134296.22,149081,436,78,0,0
209372,1,51,2733,88,0,51,134296.22,149081,436,78,0,0
209470,1,51,2724,88,0,51,134296.22,149081,436,78,0,0
209530,1,51,2726,88,0,51,134296.22,149081,436,78,0,0
209744,1,52,2777,93,0,51,134297.23,149081,436,78,0,0
209852,1,52,2769,94,0,51,134297.23,149081,436,78,0,0
209969,1,52,2806,94,0,51,134297.23,149081,436,78,0,0
210056,1,53,2784,94,0,51,134298.28,149081,436,78,0,0
210206,1,53,2843,94,0,51,134298.28,149081,436,78,0,0
210319,1,53,2809,63,0,51,134298.28,149081,436,78,0,0
210439,1,53,2804,53,0,51,134298.28,149081,436,78,0,0
210502,1,53,2790,53,0,51,134298.28,149081,436,78,0,0
210652,1,53,2800,44,0,51,134299.34,149081,436,78,0,0
210801,1,53,2756,15,0,51,134299.34,149081,436,78,0,0
210919,1,53,2777,0,0,51,134299.34,149081,436,78,0,0
211002,1,52,2815,0,0,51,134299.34,149081,436,78,0,0
211061,1,52,2783,0,0,51,134299.34,149081,436,78,0,0
211269,1,52,2752,0,0,51,134299.34,149081,436,78,0,0
211372,1,52,2755,0,0,51,134299.34,149081,436,78,0,0
211502,1,52,2721,0,0,51,134299.34,149081,436,78,0,0
211524,1,52,2721,0,0,51,134299.34,149081,436,78,0,0
211726,1,52,2712,0,0,51,134299.34,149081,436,78,0,0
211852,1,51,2694,0,0,51,134299.34,149081,436,78,0,0
211969,1,51,2716,4,0,51,134299.34,149081,436,78,0,0
212002,1,51,2684,4,0,51,134299.34,149081,436,78,0,0
212205,1,51,2683,9,0,51,134299.34,149081,436,78,0,0
212319,1,50,2679,22,0,51,134299.34,149081,436,78,0,0
212439,1,50,2665,23,0,51,134299.34,149081,436,78,0,0
212519,1,50,2683,23,0,51,134299.34,149081,436,78,0,0
212675,1,50,2683,23,0,51,134300.39,149081,436,78,0,0
212769,1,50,2635,29,0,51,134300.39,149081,436,78,0,0
212902,1,50,2667,40,0,51,134300.39,149081,436,78,0,0
213019,1,50,2657,55,0,51,134300.39,149081,436,78,0,0
213044,1,50,2657,55,0,51,134300.39,149081,436,78,0,0
213269,1,50,2624,61,0,51,134300.39,149081,436,78,0,0
213372,1,50,2672,57,0,51,134300.39,149081,436,78,0,0
213502,1,50,2651,43,0,51,134300.39,149082,436,78,0,0
213526,1,50,2651,42,0,51,134300.39,149082,436,78,0,0
213725,1,50,2664,31,0,51,134301.47,149082,436,78,0,0
213852,1,50,2683,24,0,51,134301.47,149082,436,78,0,0
213969,1,50,2632,20,0,51,134301.47,149082,436,78,0,0
214002,1,50,2616,20,0,51,134301.47,149082,436,78,0,0
214204,1,50,2682,20,0,51,134301.47,149082,436,78,0,0
214319,1,50,2661,35,0,51,134301.47,149082,436,78,0,0
214419,1,50,2686,39,0,51,134301.47,149082,436,78,0,0
214520,1,50,2633,40,0,51,134301.47,149082,436,78,0,0
214651,1,50,2651,40,0,51,134301.47,149082,436,78,0,0
214769,1,50,2668,65,0,51,134301.47,149082,436,78,0,0
214902,1,50,2638,71,0,51,134302.52,149082,436,78,0,0
215001,1,50,2668,75,0,51,134302.52,149082,436,78,0,0
215046,1,50,2668,77,0,51,134302.52,149082,436,78,0,0
215251,1,51,2693,88,0,51,134302.52,149082,436,78,0,0
215372,1,51,2714,98,0,51,134302.52,149082,436,78,0,0
215470,1,51,2747,107,0,51,134303.53,149082,436,78,0,0
215545,1,51,2750,110,0,51,134303.53,149082,436,78,0,0
215724,1,51,2763,113,0,51,134303.53,149082,436,78,0,0
215844,1,52,2813,113,0,51,134303.53,149082,436,78,0,0
215951,1,53,2825,113,0,51,134304.66,149082,436,78,0,0
216051,1,53,2835,113,0,51,134304.66,149082,436,78,0,0
216189,1,53,2841,113,0,51,134304.66,149082,436,78,0,0
216319,1,54,2887,113,0,51,134304.66,149082,436,78,0,0
216422,1,54,2927,113,0,51,134305.75,149082,436,78,0,0
216544,1,55,2932,109,0,51,134305.75,149082,436,78,0,0
216672,1,55,2969,109,0,51,134305.75,149082,436,78,0,0
216801,1,56,2992,109,0,51,134306.88,149082,436,78,0,0
216901,1,56,3025,101,0,51,134306.88,149082,436,78,0,0
217019,1,57,3010,114,0,51,134306.88,149082,436,79,0,0
217077,1,57,3042,114,0,51,134306.88,149082,436,79,0,0
217251,1,58,3072,137,0,51,134307.98,149082,436,79,0,0
217372,1,58,3078,137,0,51,134307.98,149082,436,79,0,0
217470,1,59,3122,135,0,51,134307.98,149082,436,79,0,0
217544,1,59,3165,126,0,51,134309.17,149082,436,79,0,0
217701,1,59,3179,126,0,51,134309.17,149082,436,79,0,0
217851,1,60,3222,78,0,51,134310.22,149082,436,79,0,0
217951,1,60,3182,54,0,51,134310.22,149082,436,79,0,0
218019,1,60,3163,16,0,51,134310.22,149082,436,79,0,0
218189,1,60,3131,16,0,51,134310.22,149082,436,79,0,0
218319,1,60,2762,0,0,51,134310.22,149082,436,79,0,0
218439,1,60,2539,0,0,51,134310.22,149082,436,79,0,0
218551,1,60,2240,0,0,51,134310.22,149082,436,79,0,0
218671,1,60,2174,0,0,51,134310.22,149082,436,79,0,0
218801,1,60,1884,0,0,51,134310.22,149082,436,79,0,0
218919,1,60,1730,0,0,51,134310.22,149082,436,79,0,0
219019,1,60,1852,0,0,51,134310.22,149082,436,79,0,0
219074,1,60,1948,0,0,51,134310.22,149082,436,79,0,0
219269,1,60,2394,0,0,51,134310.22,149082,436,79,0,0
219372,1,60,2365,0,0,51,134311.23,149082,436,79,0,0
219501,1,59,2355,0,0,51,134311.23,149082,436,79,0,0
219559,1,59,2355,0,0,51,134311.23,149082,436,79,0,0
219702,1,59,2362,0,0,51,134311.23,149082,436,79,0,0
219851,1,59,2347,11,0,51,134311.23,149082,436,79,0,0
219969,1,59,2361,11,0,51,134311.23,149082,436,79,0,0
220059,1,59,2363,11,0,51,134311.23,149082,436,79,0,0
220189,1,59,2367,11,0,51,134311.23,149082,436,79,0,0
220319,1,59,2336,25,0,51,134311.23,149082,436,79,0,0
220444,1,59,2342,27,0,51,134311.23,149082,436,79,0,0
220551,1,59,2368,30,0,51,134311.23,149082,436,79,0,0
220551,1,59,2368,30,0,51,134311.23,149082,436,79,0,0
220801,1,59,2362,38,0,51,134311.23,149082,436,79,0,0
220919,1,59,2354,39,0,51,134312.27,149082,436,79,0,0
221019,1,59,2356,39,0,51,134312.27,149082,436,79,0,0
221052,1,59,2356,39,0,51,134312.27,149082,436,79,0,0
221269,1,59,2368,43,0,51,134312.27,149082,436,79,0,0
221401,1,59,2379,48,0,51,134312.27,149082,436,79,0,0
221519,1,59,2394,51,0,51,134312.27,149082,436,79,0,0
221559,1,59,2394,51,0,51,134312.27,149082,436,79,0,0
221751,1,59,2390,52,0,51,134312.27,149082,436,79,0,0
221872,1,60,2392,52,0,51,134313.31,149082,436,79,0,0
221969,1,60,2395,47,0,51,134313.31,149082,436,79,0,0
222019,1,60,2394,40,0,51,134313.31,149082,436,79,0,0
222189,1,60,2394,40,0,51,134313.31,149082,436,79,0,0
222319,1,60,2375,24,0,51,134313.31,149082,436,79,0,0
222451,1,60,2351,24,0,51,134313.31,149082,436,79,0,0
222559,1,60,2399,24,0,51,134313.31,149082,436,79,0,0
222694,1,60,2396,24,0,51,134313.31,149082,436,79,0,0
222810,1,60,2372,24,0,51,134313.31,149082,436,79,0,0
222919,1,60,2372,32,0,51,134313.31,149082,436,79,0,0
223044,1,60,2372,35,0,51,134314.34,149082,436,79,0,0
223181,1,60,2416,35,0,51,134314.34,149082,436,79,0,0
223301,1,60,2386,60,0,51,134314.34,149082,436,79,0,0
223401,1,60,2422,66,0,51,134314.34,149082,436,79,0,0
223519,1,60,2416,70,0,51,134314.34,149082,436,79,0,0
223585,1,60,2416,70,0,51,134314.34,149082,436,79,0,0
223751,1,60,2458,75,0,51,134314.34,149082,436,79,0,0
223872,1,61,2404,79,0,51,134315.39,149082,436,79,0,0
223969,1,61,2449,80,0,51,134315.39,149082,436,79,0,0
224019,1,61,2434,81,0,51,134315.39,149082,436,79,0,0
224223,1,61,2438,81,0,51,134315.39,149082,436,79,0,0
224319,1,62,2466,81,0,51,134315.39,149082,436,79,0,0
224459,1,62,2468,81,0,51,134315.39,149082,436,79,0,0
224551,1,62,2473,81,0,51,134316.42,149082,436,79,0,0
224701,1,62,2471,81,0,51,134316.42,149082,436,79,0,0
224819,1,62,2494,75,0,51,134316.42,149082,436,79,0,0
224919,1,63,2524,75,0,51,134316.42,149082,436,79,0,0
225019,1,63,2511,74,0,51,134316.42,149082,436,79,0,0
225179,1,63,2511,74,0,51,134317.45,149082,436,79,0,0
225269,1,63,2512,66,0,51,134317.45,149082,436,79,0,0
225401,1,63,2506,61,0,51,134317.45,149082,436,79,0,0
225519,1,63,2513,53,0,51,134317.45,149082,436,79,0,0
225559,1,63,2513,53,0,51,134317.45,149082,436,79,0,0
225751,1,64,2513,36,0,51,134317.45,149082,436,79,0,0
225872,1,64,2548,24,0,51,134317.45,149082,436,79,0,0
226001,1,63,2477,8,0,51,134318.48,149082,436,79,0,0
226044,1,63,2477,8,0,51,134318.48,149082,436,79,0,0
226222,1,63,2499,4,0,51,134318.48,149082,436,79,0,0
226351,1,63,2521,0,0,51,134318.48,149082,436,79,0,0
226459,1,63,2517,0,0,51,134318.48,149082,436,79,0,0
226583,1,63,2522,0,0,51,134318.48,149082,436,79,0,0
226701,1,63,2522,0,0,51,134318.48,149082,436,79,0,0
226819,1,63,2521,0,0,51,134318.48,149082,436,79,0,0
226939,1,63,2520,0,0,51,134318.48,149082,436,79,0,0
227052,1,63,2519,0,0,51,134318.48,149082,436,79,0,0
227069,1,63,2519,0,0,51,134318.48,149082,436,79,0,0
227301,1,62,2492,0,0,51,134318.48,149082,436,79,0,0
227419,1,62,2491,0,0,51,134318.48,149082,436,79,0,0
227519,1,62,2476,0,0,51,134318.48,149082,436,79,0,0
227665,1,62,2490,0,0,51,134318.48,149082,436,79,0,0
227769,1,62,2462,0,0,51,134318.48,149082,436,79,0,0
227901,1,62,2462,0,0,51,134318.48,149082,436,79,0,0
228019,1,62,2462,1,0,51,134318.48,149082,436,79,0,0
228019,1,62,2462,1,0,51,134318.48,149082,436,79,0,0
228251,1,61,2462,6,0,51,134318.48,149082,436,79,0,0
228357,1,61,2443,12,0,51,134318.48,149082,436,79,0,0
228470,1,61,2450,22,0,51,134318.48,149082,436,79,0,0
228562,1,61,2443,29,0,51,134319.52,149082,436,79,0,0
228701,1,61,2481,29,0,51,134319.52,149082,436,79,0,0
228819,1,61,2423,31,0,51,134319.52,149082,436,79,0,0
228951,1,61,2451,35,0,51,134319.52,149082,436,79,0,0
229043,1,61,2446,38,0,51,134319.52,149082,436,79,0,0
229189,1,61,2446,38,0,51,134319.52,149082,436,79,0,0
229310,1,61,2443,42,0,51,134319.52,149082,436,79,0,0
229419,1,61,2420,45,0,51,134319.52,149082,436,79,0,0
229543,1,61,2428,45,0,51,134319.52,149082,436,79,0,0
229562,1,61,2428,45,0,51,134319.52,149082,436,79,0,0
229769,1,61,2444,45,0,51,134320.56,149082,436,79,0,0
229901,1,61,2438,45,0,51,134320.56,149082,436,79,0,0
230019,1,61,2433,45,0,51,134320.56,149082,436,79,0,0
230069,1,61,2433,45,0,51,134320.56,149082,436,79,0,0
230251,1,61,2432,45,0,51,134320.56,149082,436,79,0,0
230351,1,61,2463,46,0,51,134320.56,149082,436,79,0,0
230470,1,61,2432,46,0,51,134320.56,149082,436,79,0,0
230519,1,61,2433,46,0,51,134320.56,149082,436,79,0,0
230718,1,61,2434,46,0,51,134321.58,149082,436,79,0,0
230819,1,61,2435,46,0,51,134321.58,149082,436,79,0,0
230951,1,61,2435,46,0,51,134321.58,149082,436,79,0,0
231068,1,61,2435,46,0,51,134321.58,149082,436,79,0,0
231201,1,61,2432,46,0,51,134321.58,149082,436,79,0,0
231318,1,61,2450,46,0,51,134321.58,149082,436,79,0,0
231419,1,61,2448,47,0,51,134321.58,149082,436,79,0,0
231543,1,61,2444,47,0,51,134321.58,149082,433,79,0,0
231668,1,61,2444,47,0,51,134321.58,149082,433,79,0,0
231768,1,61,2440,46,0,51,134322.61,149082,433,79,0,0
231904,1,61,2449,29,0,51,134322.61,149082,433,79,0,0
232021,1,61,2408,0,0,51,134322.61,149082,433,79,0,0
232048,1,61,2408,0,0,51,134322.61,149082,433,79,0,0
232251,1,61,2422,0,0,51,134322.61,149082,433,80,0,0
232371,1,61,2420,0,0,51,134322.61,149082,433,80,0,0
232470,1,61,2418,0,0,51,134322.61,149082,433,80,0,0
232577,1,60,2418,0,0,51,134322.61,149082,433,80,0,0
232704,1,60,2418,0,0,51,134322.61,149082,433,80,0,0
232843,1,60,2389,0,0,51,134322.61,149082,433,80,0,0
232951,1,60,2375,0,0,51,134322.61,149082,433,80,0,0
233058,1,60,2389,0,0,51,134322.61,149082,433,80,0,0
233188,1,60,2376,0,0,51,134322.61,149082,433,80,0,0
233309,1,59,2347,0,0,51,134322.61,149082,433,80,0,0
233418,1,59,2396,0,0,51,134322.61,149082,433,80,0,0
233518,1,59,2338,0,0,51,134322.61,149082,433,80,0,0
233518,1,59,2338,0,0,51,134322.61,149082,433,80,0,0
233768,1,59,2364,0,0,51,134322.61,149082,433,80,0,0
233904,1,58,2332,0,0,51,134322.61,149082,433,80,0,0
234018,1,58,2332,0,0,51,134322.61,149082,433,80,0,0
234058,1,58,2332,0,0,51,134322.61,149082,433,80,0,0
234251,1,58,2272,0,0,51,134322.61,149082,433,80,0,0
234371,1,58,2272,0,0,51,134322.61,149082,433,80,0,0
234470,1,57,2272,0,0,51,134322.61,149082,433,80,0,0
234558,1,57,2272,0,0,51,134322.61,149082,433,80,0,0
234723,1,57,2272,0,0,51,134322.61,149082,433,80,0,0
234843,1,57,2240,0,0,51,134322.61,149082,433,80,0,0
234951,1,56,2240,0,0,51,134322.61,149082,433,80,0,0
235058,1,56,2208,0,0,51,134322.61,149082,433,80,0,0
235204,1,56,2208,0,0,51,134322.61,149082,433,80,0,0
235318,1,56,2208,0,0,51,134322.61,149082,433,80,0,0
235438,1,56,2208,0,0,51,134322.61,149082,433,80,0,0
235551,1,55,2176,0,0,51,134322.61,149082,433,80,0,0
235568,1,55,2176,0,0,51,134322.61,149082,433,80,0,0
235768,1,55,2176,0,0,51,134322.61,149082,433,80,0,0
235904,1,55,2144,0,0,51,134322.61,149082,433,80,0,0
236018,1,54,2144,0,0,51,134322.61,149082,433,80,0,0
236051,1,54,2144,0,0,51,134322.61,149082,433,80,0,0
236251,1,54,2144,0,0,51,134322.61,149082,433,80,0,0
236352,1,54,2112,0,0,51,134322.61,149082,433,80,0,0
236470,1,54,2112,0,0,51,134322.61,149082,433,80,0,0
236568,1,53,2112,0,0,51,134322.61,149082,433,80,0,0
236711,1,53,2112,0,0,51,134322.61,149082,433,80,0,0
236818,1,53,2080,2,0,51,134322.61,149082,433,80,0,0
236951,1,53,2084,3,0,51,134322.61,149082,433,80,0,0
237051,1,53,2091,3,0,51,134322.61,149082,433,80,0,0
237051,1,53,2091,3,0,51,134322.61,149082,433,80,0,0
237309,1,52,2102,14,0,51,134323.61,149082,433,80,0,0
237418,1,52,2106,20,0,51,134323.61,149082,433,80,0,0
237543,1,52,2058,24,0,51,134323.61,149082,433,80,0,0
237543,1,52,2058,24,0,51,134323.61,149082,433,80,0,0
237768,1,52,2080,34,0,51,134323.61,149082,433,80,0,0
237871,1,52,2060,35,0,51,134323.61,149082,433,80,0,0
238001,1,52,2077,37,0,51,134323.61,149082,433,80,0,0
238068,1,52,2077,39,0,51,134323.61,149082,433,80,0,0
238240,1,52,2056,47,0,51,134323.61,149082,433,80,0,0
238354,1,52,2063,59,0,51,134323.61,149082,433,80,0,0
238470,1,52,2102,67,0,51,134323.61,149082,433,80,0,0
238568,1,52,2065,70,0,51,134324.61,149082,433,80,0,0
238718,1,52,2101,77,0,51,134324.61,149082,433,80,0,0
238818,1,52,2056,85,0,51,134324.61,149082,433,80,0,0
238951,1,52,2098,88,0,51,134324.61,149082,433,80,0,0
239058,1,52,2087,89,0,51,134324.61,149082,433,80,0,0
239201,1,52,2080,89,0,51,134324.61,149082,433,80,0,0
239318,1,53,2120,109,0,51,134325.64,149082,433,80,0,0
239443,1,53,2112,111,0,51,134325.64,149082,433,80,0,0
239551,1,53,2130,111,0,51,134325.64,149082,433,80,0,0
239688,1,53,2175,111,0,51,134325.64,149082,433,80,0,0
239810,1,54,2172,111,0,51,134325.64,149082,433,80,0,0
239918,1,54,2146,111,0,51,134326.72,149082,433,80,0,0
240043,1,55,2181,110,0,51,134326.72,149082,433,80,0,0
240063,1,55,2181,110,0,51,134326.72,149082,433,80,0,0
240268,1,55,2190,104,0,51,134326.72,149082,433,80,0,0
240375,1,55,2225,98,0,51,134327.80,149082,433,80,0,0
240504,1,56,2218,93,0,51,134327.80,149082,433,80,0,0
240602,1,56,2228,86,0,51,134327.80,149082,433,80,0,0
240718,1,56,2228,54,0,51,134327.80,149082,433,80,0,0
240854,1,56,2214,44,0,51,134327.80,149082,433,80,0,0
240968,1,56,2224,31,0,51,134327.80,149082,433,80,0,0
241058,1,56,2213,15,0,51,134328.83,149082,433,80,0,0
241201,1,56,2201,15,0,51,134328.83,149082,433,80,0,0
241318,1,56,2215,0,0,51,134328.83,149082,433,80,0,0
241452,1,55,2183,0,0,51,134328.83,149082,433,80,0,0
241568,1,55,2182,0,0,51,134328.83,149082,433,80,0,0
241708,1,55,2185,0,0,51,134328.83,149082,433,80,0,0
241818,1,55,2185,0,0,51,134328.83,149082,433,80,0,0
241943,1,55,2185,0,0,51,134328.83,149082,433,80,0,0
242058,1,55,2153,0,0,51,134328.83,149082,433,80,0,0
242194,1,55,2200,0,0,51,134328.83,149082,433,80,0,0
242318,1,54,2169,0,0,51,134328.83,149082,433,80,0,0
242438,1,54,2155,0,0,51,134328.83,149082,433,80,0,0
242551,1,54,2118,0,0,51,134328.83,149082,433,80,0,0
242688,1,54,2140,0,0,51,134328.83,149082,433,80,0,0
242818,1,53,2140,0,0,51,134328.83,149082,433,80,0,0
242918,1,53,2140,0,0,51,134328.83,149082,433,80,0,0
243051,1,53,2108,0,0,51,134328.83,149082,433,80,0,0
243086,1,53,2108,0,0,51,134328.83,149082,433,80,0,0
243268,1,52,2108,0,0,51,134328.83,149082,433,80,0,0
243404,1,52,2080,0,0,51,134328.83,149082,433,80,0,0
243518,1,52,2048,0,0,51,134328.83,149082,433,80,0,0
243568,1,52,2048,0,0,51,134328.83,149082,433,80,0,0
243757,1,52,2048,0,0,51,134328.83,149082,433,80,0,0
243871,1,51,2048,0,0,51,134328.83,149082,433,80,0,0
243968,1,51,2016,0,0,51,134328.83,149082,433,80,0,0
244109,1,51,2016,0,0,51,134328.83,149082,433,80,0,0
244219,1,51,2016,0,0,51,134328.83,149082,433,80,0,0
244351,1,50,2016,0,0,51,134328.83,149082,433,80,0,0
244470,1,50,1984,0,0,51,134328.83,149082,433,80,0,0
244568,1,50,1984,0,0,51,134328.83,149082,433,80,0,0
244706,1,50,1984,0,0,51,134328.83,149082,433,80,0,0
244818,1,50,1984,0,0,51,134328.83,149082,433,80,0,0
244943,1,49,1952,0,0,51,134328.83,149082,433,80,0,0
245058,1,49,1952,0,0,51,134328.83,149082,433,80,0,0
245081,1,49,1952,0,0,51,134328.83,149082,433,80,0,0
245268,1,49,1920,0,0,51,134328.83,149082,433,80,0,0
245403,1,49,1920,0,0,51,134328.83,149082,433,80,0,0
245518,1,49,1920,5,0,51,134328.83,149082,433,80,0,0
245569,1,48,1920,5,0,51,134328.83,149082,433,80,0,0
245756,1,48,1946,6,0,51,134328.83,149082,433,80,0,0
245871,1,48,1947,13,0,51,134328.83,149082,433,80,0,0
245968,1,48,1946,20,0,51,134328.83,149082,433,80,0,0
246069,1,48,1917,30,0,51,134328.83,149082,433,80,0,0
246218,1,48,1929,37,0,51,134328.83,149082,433,80,0,0
246318,1,48,1890,37,0,51,134329.86,149082,433,80,0,0
246452,1,48,1889,37,0,51,134329.86,149082,433,80,0,0
246569,1,48,1916,38,0,51,134329.86,149082,433,80,0,0
246569,1,48,1916,38,0,51,134329.86,149082,433,80,0,0
246804,1,48,1888,38,0,51,134329.86,149082,433,80,0,0
246918,1,48,1890,39,0,51,134329.86,149082,433,80,0,0
247018,1,48,1890,39,0,51,134329.86,149082,433,80,0,0
247069,1,48,1890,39,0,51,134329.86,149082,433,80,0,0
247261,1,48,1893,39,0,51,134329.86,149082,433,80,0,0
247371,1,48,1895,39,0,51,134329.86,149082,433,80,0,0
247470,1,48,1896,33,0,51,134329.86,149082,433,80,0,0
247569,1,48,1896,33,0,51,134329.86,149082,433,80,0,0
247730,1,48,1890,33,0,51,134330.91,149082,433,80,0,0
247854,1,48,1896,24,0,51,134330.91,149082,433,80,0,0
247968,1,48,1894,17,0,51,134330.91,149082,433,80,0,0
248069,1,47,1915,16,0,51,134330.91,149082,433,80,0,0
248218,1,47,1862,12,0,51,134330.91,149082,433,80,0,0
248343,1,47,1916,14,0,51,134330.91,149082,433,80,0,0
248460,1,47,1882,14,0,51,134330.91,149082,433,80,0,0
248569,1,47,1881,2,0,51,134330.91,149082,433,80,0,0
248704,1,47,1866,2,0,51,134330.91,149082,433,80,0,0
248818,1,47,1886,0,0,51,134330.91,149082,433,80,0,0
248951,1,47,1885,0,26,51,134330.91,149082,433,80,0,0
249069,1,46,1850,0,30,51,134330.91,149082,433,80,0,0
249069,1,46,1850,0,30,51,134330.91,149082,433,80,0,0
249318,1,46,1849,0,46,51,134330.91,149082,433,80,0,0
249422,1,46,1817,0,54,51,134330.91,149082,433,80,0,0
249543,1,45,1787,0,62,51,134330.91,149082,433,80,0,0
249570,1,45,1787,0,68,51,134330.91,149082,433,80,0,0
249779,1,44,1738,0,72,51,134330.91,149082,433,80,0,0
249871,1,43,1738,0,74,51,134331.91,149082,433,80,0,0
250003,1,43,1709,0,74,51,134331.91,149082,433,80,0,0
250069,1,43,1677,0,78,51,134331.91,149082,433,80,0,0
250251,1,41,1647,0,78,51,134331.91,149082,433,80,0,0
250371,1,41,1626,0,98,51,134331.91,149082,433,80,0,0
250469,1,40,1582,0,98,51,134331.91,149082,433,80,0,0
250569,1,39,1548,0,100,51,134331.91,149082,433,80,0,0
250569,1,39,1548,0,100,51,134331.91,149082,433,80,0,0
250843,1,37,1483,0,100,51,134331.91,149082,433,80,0,0
250952,1,37,1448,0,100,51,134331.91,149082,433,80,0,0
251069,1,36,1461,0,50,51,134331.91,149082,433,80,0,0
251214,1,36,1462,0,50,51,134331.91,149082,433,80,0,0
251318,1,36,1416,0,0,51,134331.91,149082,433,80,0,0
251445,1,35,1416,0,0,51,134331.91,149082,433,80,0,0
251558,1,35,1416,0,0,51,134331.91,149082,433,80,0,0
251615,1,35,1415,0,0,51,134331.91,149082,433,80,0,0
251778,1,35,1382,0,22,51,134331.91,149082,433,80,0,0
251903,1,35,1381,0,26,51,134331.91,149082,433,80,0,0
252058,1,34,1349,0,38,51,134331.91,149082,433,80,0,0
252112,1,34,1348,0,66,51,134331.91,149082,433,80,0,0
252282,1,33,1219,0,96,51,134331.91,149082,433,80,0,0
252403,1,33,1092,0,96,51,134331.91,149082,433,80,0,0
252518,1,32,1107,0,102,51,134331.91,149082,433,80,0,0
252569,1,32,1107,0,100,51,134331.91,149082,433,80,0,0
252726,1,32,1176,0,100,51,134331.91,149082,433,80,0,0
252871,1,30,1150,0,28,51,134331.91,149082,433,80,0,0
252968,1,30,1144,0,0,51,134331.91,149082,433,80,0,0
253069,1,30,1141,0,0,51,134331.91,149082,433,80,0,0
253218,1,30,1137,0,0,51,134331.91,149082,433,80,0,0
253343,1,30,1072,0,0,51,134331.91,149082,433,80,0,0
253460,1,30,1077,0,0,51,134331.91,149082,433,80,0,0
253569,1,30,1124,0,0,51,134331.91,149082,433,80,0,0
253569,1,30,1124,0,0,51,134331.91,149082,433,80,0,0
253818,1,29,1212,13,0,51,134332.92,149082,433,80,0,0
253938,1,29,1231,18,0,51,134332.92,149082,433,80,0,0
254052,1,29,1181,22,0,51,134332.92,149082,433,80,0,0
254076,1,29,1181,22,0,51,134332.92,149082,433,80,0,0
254268,1,29,1224,3,0,51,134332.92,149082,433,80,0,0
254403,1,29,1102,0,0,51,134332.92,149082,433,80,0,0
254518,1,29,1059,0,0,51,134332.92,149082,433,80,0,0
254569,1,29,1059,0,0,51,134332.92,149082,433,80,0,0
254725,1,29,1070,0,0,51,134332.92,149082,433,80,0,0
254871,1,29,1128,0,0,51,134332.92,149082,433,80,0,0
254968,1,29,1089,2,0,51,134332.92,149082,433,80,0,0
255069,1,29,1238,18,0,51,134332.92,149082,433,80,0,0
255218,1,29,1402,29,0,51,134332.92,149082,433,80,0,0
255343,1,28,1580,34,0,51,134332.92,149082,433,80,0,0
255459,1,29,1540,45,0,51,134332.92,149082,433,80,0,0
255569,1,29,1548,56,0,51,134332.92,149082,433,80,0,0
255703,1,29,1558,56,0,51,134332.92,149082,433,80,0,0
255818,1,29,1595,118,0,51,134333.94,149082,433,80,0,0
255943,1,29,1575,136,0,51,134333.94,149082,433,80,0,0
256058,1,30,1606,147,0,51,134333.94,149082,433,80,0,0
256068,1,30,1606,147,0,51,134333.94,149082,433,80,0,0
256268,1,30,1641,168,0,51,134333.94,149082,433,80,0,0
256403,1,31,1671,176,0,51,134333.94,149082,433,80,0,0
256518,1,31,1685,176,0,51,134334.95,149082,433,80,0,0
256617,1,32,1700,176,0,51,134334.95,149082,433,80,0,0
256724,1,32,1700,169,0,51,134334.95,149082,433,80,0,0
256871,1,33,1763,150,0,51,134334.95,149082,433,80,0,0
256968,1,33,1780,143,0,51,134334.95,149082,433,80,0,0
257103,1,34,1810,139,0,51,134336.06,149082,433,80,0,0
257243,1,35,1842,136,0,51,134336.06,149082,433,80,0,0
257353,1,35,1894,135,0,51,134336.06,149082,433,80,0,0
257468,1,36,1908,135,0,51,134336.06,149082,433,80,0,0
257568,1,36,1947,135,0,51,134337.08,149082,433,80,0,0
257704,1,36,1953,135,0,51,134337.08,149082,433,80,0,0
257843,1,37,1994,135,0,51,134337.08,149082,433,80,0,0
257952,1,38,2029,135,0,51,134337.08,149082,433,80,0,0
258068,1,38,2069,135,0,51,134338.16,149082,433,80,0,0
258068,1,38,2069,135,0,51,134338.16,149082,433,80,0,0
258303,1,39,2091,135,0,51,134338.16,149082,433,80,0,0
258418,1,40,2162,146,0,51,134338.16,149082,433,80,0,0
258518,1,40,2171,146,0,51,134339.30,149082,433,80,0,0
258568,1,41,2203,146,0,51,134339.30,149082,433,80,0,0
258723,1,41,2188,146,0,51,134339.30,149082,433,80,0,0
258871,1,42,2271,144,0,51,134339.30,149082,433,80,0,0
259003,1,43,2273,144,0,51,134340.42,149082,433,80,0,0
259103,1,43,2319,142,0,51,134340.42,149082,433,80,0,0
259243,1,44,2351,141,0,51,134340.42,149082,433,80,0,0
259353,1,45,2370,139,0,51,134341.47,149082,433,80,0,0
259468,1,45,2410,132,0,51,134341.47,149082,433,80,0,0
259568,1,46,2449,114,0,51,134341.47,149082,433,80,0,0
259603,1,46,2455,114,0,51,134342.56,149082,433,80,0,0
259818,1,46,2508,121,0,51,134342.56,149082,433,80,0,0
259943,1,47,2522,128,0,51,134342.56,149082,433,80,0,0
260058,1,48,2548,133,0,51,134343.67,149082,433,80,0,0
260103,1,48,2566,133,0,51,134343.67,149082,433,80,0,0
260277,1,49,2613,133,0,51,134343.67,149082,433,80,0,0
260403,1,49,2654,138,0,51,134343.67,149082,433,80,0,0
260518,1,50,2670,138,0,51,134344.80,149082,433,80,0,0
260568,1,50,2670,138,0,51,134344.80,149082,433,80,0,0
260753,1,50,2736,138,0,51,134344.80,149082,433,80,0,0
260871,1,52,2772,138,0,51,134345.81,149082,433,80,0,0
261003,1,52,2808,138,0,51,134345.81,149082,433,80,0,0
261068,1,53,2808,138,0,51,134345.81,149082,433,80,0,0
261234,1,53,2842,138,0,51,134346.86,149082,433,80,0,0
261353,1,54,2908,139,0,51,134346.86,149082,433,80,0,0
261468,1,55,2926,139,0,51,134347.95,149082,430,80,0,0
261568,1,55,2967,139,0,51,134347.95,149082,430,80,0,0
261721,1,55,2974,139,0,51,134347.95,149082,430,80,0,0
261843,1,57,3019,148,0,51,134349.08,149082,430,80,0,0
261952,1,57,3064,148,0,51,134349.08,149082,430,80,0,0
262058,1,58,3086,148,0,51,134350.25,149082,430,80,0,0
262081,1,58,3086,148,0,51,134350.25,149082,430,80,0,0
262311,1,59,3166,148,0,51,134350.25,149082,430,80,0,0
262418,1,59,3176,148,0,51,134351.28,149082,430,80,0,0
262543,1,60,3228,147,0,51,134351.28,149082,430,80,0,0
262603,1,60,3244,147,0,51,134352.36,149082,430,80,0,0
262755,1,60,3291,145,0,51,134352.36,149082,430,80,0,0
262870,1,62,3300,145,0,51,134353.48,149082,430,80,0,0
263003,1,63,3352,145,0,51,134353.48,149082,430,80,0,0
263068,1,63,3384,144,0,51,134354.62,149082,430,80,0,0
263243,1,64,3361,144,0,51,134354.62,149082,430,80,0,0
263370,1,65,3448,141,0,51,134355.80,149082,430,80,0,0
263469,1,65,3491,140,0,51,134355.80,149082,430,80,0,0
263603,1,66,3548,140,0,51,134356.98,149082,430,80,0,0
263745,1,66,3548,140,0,51,134356.98,149082,430,80,0,0
263856,1,68,3613,133,0,51,134358.17,149082,430,80,0,0
263968,1,68,3647,133,0,51,134358.17,149082,430,80,0,0
264068,1,69,3660,133,0,51,134359.34,149082,430,80,0,0
264105,1,69,3656,133,0,51,134359.34,149082,430,80,0,0
264342,1,70,3725,132,0,51,134359.34,149082,430,80,0,0
264458,1,70,3736,127,0,51,134360.44,149082,430,80,0,0
264568,1,71,3756,117,0,51,134361.48,149082,430,80,0,0
264603,1,71,3803,117,0,51,134361.48,149082,430,80,0,0
264809,1,71,3763,93,0,51,134361.48,149082,430,80,0,0
264918,1,71,3707,0,0,51,134362.52,149082,430,80,0,0
265018,1,71,3585,0,0,51,134362.52,149082,430,80,0,0
265067,1,71,3457,0,0,51,134362.52,149082,430,80,0,0
265243,1,71,3377,0,0,51,134362.52,149082,430,80,0,0
265370,1,71,2880,0,0,51,134362.52,149082,430,80,0,0
265505,1,71,2592,0,0,51,134362.52,149082,430,80,0,0
265604,1,70,2496,4,0,51,134362.52,149082,430,80,0,0
265744,1,70,2496,22,0,51,134362.52,149082,430,80,0,0
265854,1,70,2829,33,0,51,134362.52,149082,430,80,0,0
265968,1,70,2854,57,0,51,134362.52,149082,430,80,0,0
266068,1,70,2785,69,0,51,134362.52,149082,430,80,0,0
266231,1,70,2793,93,0,51,134362.52,149082,430,80,0,0
266342,1,70,2796,107,0,51,134363.52,149082,430,80,0,0
266458,1,71,2842,109,0,51,134363.52,149082,430,80,0,0
266567,1,71,2831,113,0,51,134363.52,149082,430,80,0,0
266567,1,71,2831,113,0,51,134363.52,149082,430,80,0,0
266811,1,71,2876,113,0,51,134364.61,149082,430,80,0,0
266917,1,72,2869,116,0,51,134364.61,149082,430,80,0,0
267042,1,72,2865,116,0,51,134364.61,149082,430,80,0,0
267067,1,72,2897,116,0,51,134365.64,149082,430,80,0,0
267273,1,73,2901,116,0,51,134365.64,149082,430,80,0,0
267371,1,73,2898,107,0,51,134365.64,149082,430,80,0,0
267505,1,73,2918,106,0,51,134366.66,149082,430,80,0,0
267607,1,73,2921,106,0,51,134366.66,149082,430,80,0,0
267743,1,73,2921,104,0,51,134366.66,149082,430,80,0,0
267854,1,74,2947,104,0,51,134366.66,149082,430,81,0,0
267967,1,74,2971,104,0,51,134367.81,149082,430,81,0,0
268067,1,74,2963,104,0,51,134367.81,149082,430,81,0,0
268105,1,74,2957,104,0,51,134367.81,149082,430,81,0,0
268317,1,74,2995,100,0,51,134367.81,149082,430,81,0,0
268444,1,75,2995,98,0,51,134368.92,149082,430,81,0,0
268561,1,75,2993,98,0,51,134368.92,149082,430,81,0,0
268607,1,75,3019,98,0,51,134368.92,149082,430,81,0,0
268793,1,75,2979,98,0,51,134368.92,149082,430,81,0,0
268905,1,76,3037,97,0,51,134369.98,149082,430,81,0,0
269017,1,76,3032,96,0,51,134369.98,149082,430,81,0,0
269067,1,76,3032,96,0,51,134369.98,149082,430,81,0,0
269242,1,76,3016,96,0,51,134369.98,149082,430,81,0,0
269372,1,77,3065,96,0,51,134371.00,149082,430,81,0,0
269468,1,77,3059,96,0,51,134371.00,149082,430,81,0,0
269607,1,77,3051,96,0,51,134371.00,149082,430,81,0,0
269742,1,77,3051,90,0,51,134371.00,149082,430,81,0,0
269855,1,77,3069,81,0,51,134372.09,149082,430,81,0,0
269967,1,77,3067,81,0,51,134372.09,149082,430,81,0,0
270067,1,77,3089,80,0,51,134372.09,149082,430,81,0,0
270114,1,77,3073,80,0,51,134372.09,149082,430,81,0,0
270317,1,77,3087,78,0,51,134373.11,149082,430,81,0,0
270443,1,77,3086,78,0,51,134373.11,149082,430,81,0,0
270555,1,77,3053,67,0,51,134373.11,149082,430,81,0,0
270607,1,77,3081,67,0,51,134373.11,149082,430,81,0,0
270755,1,77,3076,65,0,51,134373.11,149082,430,81,0,0
270905,1,77,3078,67,0,51,134374.17,149082,430,81,0,0
271017,1,77,3090,69,0,51,134374.17,149082,430,81,0,0
271120,1,77,3077,68,0,51,134374.17,149082,430,81,0,0
271255,1,77,3095,68,0,51,134374.17,149082,430,81,0,0
271370,1,77,3095,68,0,51,134374.17,149082,430,81,0,0
271468,1,77,3079,68,0,51,134374.17,149082,430,81,0,0
271607,1,77,3073,68,0,51,134375.22,149082,430,81,0,0
271742,1,77,3073,68,0,51,134375.22,149082,430,81,0,0
271870,1,77,3084,67,0,51,134375.22,149082,430,81,0,0
271967,1,77,3083,67,0,51,134375.22,149082,430,81,0,0
272107,1,77,3096,67,0,51,134375.22,149082,430,81,0,0
272227,1,77,3096,71,0,51,134375.22,149082,430,81,0,0
272355,1,77,3072,79,0,51,134376.27,149082,430,81,0,0
272468,1,77,3093,79,0,51,134376.27,149082,430,81,0,0
272567,1,78,3084,79,0,51,134376.27,149082,430,81,0,0
272608,1,78,3092,79,0,51,134376.27,149082,430,81,0,0
272820,1,78,3086,79,0,51,134376.27,149082,430,81,0,0
272943,1,78,3074,79,0,51,134377.28,149082,430,81,0,0
273055,1,78,3096,79,0,51,134377.28,149082,430,81,0,0
273143,1,78,3073,79,0,51,134377.28,149082,430,81,0,0
273267,1,78,3110,79,0,51,134377.28,149082,430,81,0,0
273407,1,78,3116,77,0,51,134377.28,149082,430,81,0,0
273520,1,78,3110,77,0,51,134378.31,149082,430,81,0,0
273567,1,78,3078,77,0,51,134378.31,149082,430,81,0,0
273720,1,78,3107,77,0,51,134378.31,149082,430,81,0,0
273870,1,78,3123,77,0,51,134378.31,149082,430,81,0,0
273967,1,78,3122,77,0,51,134378.31,149082,430,81,0,0
274107,1,78,3106,77,0,51,134379.31,149082,430,81,0,0
274121,1,78,3106,77,0,51,134379.31,149082,430,81,0,0
274317,1,78,3111,79,0,51,134379.31,149082,430,81,0,0
274443,1,78,3113,84,0,51,134379.31,149082,430,81,0,0
274567,1,78,3108,84,0,51,134379.31,149082,430,81,0,0
274567,1,78,3108,84,0,51,134379.31,149082,430,81,0,0
274789,1,79,3121,84,0,51,134380.34,149082,430,81,0,0
274905,1,79,3114,78,0,51,134380.34,149082,430,81,0,0
275020,1,79,3156,78,0,51,134380.34,149082,430,81,0,0
275123,1,79,3146,78,0,51,134380.34,149082,430,81,0,0
275267,1,79,3137,78,0,51,134381.44,149082,430,81,0,0
275370,1,79,3165,78,0,51,134381.44,149082,430,81,0,0
275505,1,79,3148,78,0,51,134381.44,149083,430,81,0,0
275607,1,79,3149,77,0,51,134381.44,149083,430,81,0,0
275742,1,79,3149,77,0,51,134381.44,149083,430,81,0,0
275870,1,79,3146,77,0,51,134382.47,149083,430,81,0,0
275967,1,79,3143,77,0,51,134382.47,149083,430,81,0,0
276067,1,79,3162,77,0,51,134382.47,149083,430,81,0,0
276224,1,79,3160,77,0,51,134382.47,149083,430,81,0,0
276355,1,79,3139,77,0,51,134383.48,149083,430,81,0,0
276468,1,79,3140,77,0,51,134383.48,149083,430,81,0,0
276567,1,79,3141,77,0,51,134383.48,149083,430,81,0,0
276622,1,79,3142,77,0,51,134383.48,149083,430,81,0,0
276842,1,79,3165,77,0,51,134383.48,149083,430,81,0,0
276955,1,79,3161,77,0,51,134384.50,149083,430,81,0,0
277067,1,79,3166,78,0,51,134384.50,149083,430,81,0,0
277106,1,79,3137,78,0,51,134384.50,149083,430,81,0,0
277311,1,79,3147,78,0,51,134384.50,149083,430,81,0,0
277420,1,79,3181,78,0,51,134384.50,149083,430,81,0,0
277542,1,80,3182,79,0,51,134385.53,149083,430,81,0,0
277607,1,80,3150,79,0,51,134385.53,149083,430,81,0,0
277767,1,80,3150,79,0,51,134385.53,149083,430,81,0,0
277870,1,80,3137,79,0,51,134385.53,149083,430,81,0,0
278005,1,80,3187,79,0,51,134385.53,149083,430,81,0,0
278121,1,80,3191,79,0,51,134385.53,149083,430,81,0,0
278249,1,80,3191,79,0,51,134386.58,149083,430,81,0,0
278355,1,80,3192,80,0,51,134386.58,149083,430,81,0,0
278468,1,80,3192,80,0,51,134386.58,149083,430,81,0,0
278567,1,80,3190,81,0,51,134386.58,149083,430,81,0,0
278607,1,80,3183,81,0,51,134386.58,149083,430,81,0,0
278820,1,80,3176,88,0,51,134387.66,149083,430,81,0,0
278942,1,80,3168,91,0,51,134387.66,149083,430,82,0,0
279061,1,81,3220,94,0,51,134387.66,149083,430,82,0,0
279120,1,81,3207,96,0,51,134387.66,149083,430,82,0,0
279291,1,81,3223,96,0,51,134387.66,149083,430,82,0,0
279370,1,81,3230,97,0,51,134388.77,149083,430,82,0,0
279520,1,81,3225,100,0,51,134388.77,149083,430,82,0,0
279620,1,81,3242,100,0,51,134388.77,149083,430,82,0,0
279761,1,81,3242,100,0,51,134388.77,149083,430,82,0,0
279870,1,82,3263,102,0,51,134389.88,149083,430,82,0,0
279967,1,82,3233,103,0,51,134389.88,149083,430,82,0,0
280067,1,82,3236,103,0,51,134389.88,149083,430,82,0,0
280247,1,82,3272,103,0,51,134389.88,149083,430,82,0,0
280355,1,82,3286,103,0,51,134390.92,149083,430,82,0,0
280468,1,83,3290,104,0,51,134390.92,149083,430,82,0,0
280567,1,83,3292,104,0,51,134390.92,149083,430,82,0,0
280605,1,83,3295,104,0,51,134392.00,149083,430,82,0,0
280842,1,83,3312,87,0,51,134392.00,149083,430,82,0,0
280955,1,83,3314,82,0,51,134392.00,149083,430,82,0,0
281067,1,83,3298,77,0,51,134392.00,149083,430,82,0,0
281120,1,83,3316,76,0,51,134392.00,149083,430,82,0,0
281272,1,83,3316,76,0,51,134393.09,149083,430,82,0,0
281420,1,83,3326,72,0,51,134393.09,149083,430,82,0,0
281542,1,83,3298,72,0,51,134393.09,149083,430,82,0,0
281647,1,83,3323,72,0,51,134393.09,149083,430,82,0,0
281767,1,83,3323,72,0,51,134393.09,149083,430,82,0,0
281905,1,83,3312,72,0,51,134394.09,149083,430,82,0,0
282020,1,83,3304,72,0,51,134394.09,149083,430,82,0,0
282120,1,83,3301,72,0,51,134394.09,149083,430,82,0,0
282255,1,84,3309,72,0,51,134394.09,149083,430,82,0,0
282370,1,83,3313,72,0,51,134394.09,149083,430,82,0,0
282468,1,83,3314,72,0,51,134395.16,149083,430,82,0,0
282567,1,83,3314,72,0,51,134395.16,149083,430,82,0,0
282742,1,83,3313,72,0,51,134395.16,149083,430,82,0,0
282855,1,83,3304,71,0,51,134395.16,149083,430,82,0,0
282967,1,83,3344,71,0,51,134395.16,149083,430,82,0,0
283067,1,84,3312,71,0,51,134396.22,149083,430,82,0,0
283107,1,84,3309,71,0,51,134396.22,149083,430,82,0,0
283342,1,84,3306,70,0,51,134396.22,149083,430,82,0,0
283460,1,84,3330,70,0,51,134396.22,149083,430,82,0,0
283567,1,84,3322,70,0,51,134396.22,149083,430,82,0,0
283620,1,84,3326,70,0,51,134396.22,149083,430,82,0,0
283810,1,84,3298,70,0,51,134397.27,149083,430,82,0,0
283920,1,84,3302,75,0,51,134397.27,149083,430,82,0,0
284042,1,84,3304,78,0,51,134397.27,149083,430,82,0,0
284120,1,84,3331,79,0,51,134397.27,149083,430,82,0,0
284271,1,84,3299,79,0,51,134397.27,149083,430,82,0,0
284405,1,84,3316,80,0,51,134398.30,149083,430,82,0,0
284520,1,84,3347,84,0,51,134398.30,149083,430,82,0,0
284620,1,84,3345,91,0,51,134398.30,149083,430,82,0,0
284758,1,84,3345,91,0,51,134398.30,149083,430,82,0,0
284870,1,84,3333,95,0,51,134398.30,149083,430,82,0,0
284967,1,84,3332,98,0,51,134399.39,149083,430,82,0,0
285106,1,84,3336,99,0,51,134399.39,149083,430,82,0,0
285106,1,84,3336,99,0,51,134399.39,149083,430,82,0,0
285355,1,85,3391,100,0,51,134399.39,149083,430,82,0,0
285468,1,85,3366,100,0,51,134400.41,149083,430,82,0,0
285567,1,85,3367,100,0,51,134400.41,149083,430,82,0,0
285620,1,85,3391,100,0,51,134400.41,149083,430,82,0,0
285820,1,85,3399,100,0,51,134400.41,149083,430,82,0,0
285942,1,86,3404,100,0,51,134401.45,149083,430,82,0,0
286055,1,86,3409,100,0,51,134401.45,149083,430,82,0,0
286120,1,86,3409,100,0,51,134401.45,149083,430,82,0,0
286269,1,86,3409,100,0,51,134401.45,149083,430,82,0,0
286405,1,86,3442,100,0,51,134402.52,149083,430,82,0,0
286520,1,86,3433,100,0,51,134402.52,149083,430,82,0,0
286620,1,86,3426,100,0,51,134402.52,149083,430,82,0,0
286767,1,86,3426,100,0,51,134403.58,149083,430,82,0,0
286870,1,86,3442,100,0,51,134403.58,149083,430,82,0,0
287005,1,87,3447,100,0,51,134403.58,149083,430,82,0,0
287107,1,87,3479,97,0,51,134404.66,149083,430,82,0,0
287243,1,87,3479,86,0,51,134404.66,149083,430,82,0,0
287370,1,87,3435,59,0,51,134404.66,149083,430,82,0,0
287474,1,86,3389,5,0,51,134404.66,149083,430,82,0,0
287567,1,86,3321,0,0,51,134404.66,149083,430,82,0,0
287641,1,86,3216,0,0,51,134404.66,149083,430,82,0,0
287855,1,86,2784,0,0,51,134404.66,149083,430,82,0,0
287967,1,86,2592,0,0,51,134404.66,149083,430,82,0,0
288067,1,86,2432,0,0,51,134404.66,149083,430,82,0,0
288158,1,85,2304,0,0,51,134404.66,149083,430,82,0,0
288320,1,85,2164,0,0,51,134404.66,149083,430,82,0,0
288420,1,85,2195,2,0,51,134404.66,149083,430,82,0,0
288542,1,84,2432,11,0,51,134404.66,149083,430,82,0,0
288607,1,84,2756,11,0,51,134404.66,149083,430,83,0,0
288781,1,84,2719,20,0,51,134404.66,149083,430,83,0,0
288870,1,84,2700,45,0,51,134405.69,149083,430,83,0,0
289005,1,84,2686,53,0,51,134405.69,149083,430,83,0,0
289133,1,84,2666,53,0,51,134405.69,149083,430,83,0,0
289254,1,84,2665,53,0,51,134405.69,149083,430,83,0,0
289370,1,83,2658,52,0,51,134405.69,149083,430,83,0,0
289468,1,83,2661,53,0,51,134405.69,149083,430,83,0,0
289606,1,83,2655,53,0,51,134405.69,149083,430,83,0,0
289621,1,83,2655,53,0,51,134405.69,149083,430,83,0,0
289854,1,83,2647,53,0,51,134406.72,149083,430,83,0,0
289967,1,83,2646,53,0,51,134406.72,149083,430,83,0,0
290067,1,83,2645,53,0,51,134406.72,149083,430,83,0,0
290157,1,82,2645,53,0,51,134406.72,149083,430,83,0,0
290310,1,82,2629,53,0,51,134406.72,149083,430,83,0,0
290420,1,82,2630,53,0,51,134406.72,149083,430,83,0,0
290542,1,82,2630,53,0,51,134406.72,149083,430,83,0,0
290607,1,82,2595,53,0,51,134406.72,149083,430,83,0,0
290767,1,82,2594,52,0,51,134407.77,149083,430,83,0,0
290905,1,82,2593,52,0,51,134407.77,149083,430,83,0,0
291020,1,82,2593,52,0,51,134407.77,149083,430,83,0,0
291120,1,82,2619,52,0,51,134407.77,149083,430,83,0,0
291267,1,81,2619,52,0,51,134407.77,149083,430,83,0,0
291370,1,81,2618,52,0,51,134407.77,149083,430,83,0,0
291504,1,81,2563,52,0,51,134407.77,149083,423,83,0,0
291620,1,81,2564,49,0,51,134407.77,149083,423,83,0,0
291755,1,81,2563,49,0,51,134408.77,149083,423,83,0,0
291870,1,80,2587,41,0,51,134408.77,149083,423,83,0,0
291967,1,80,2582,33,0,51,134408.77,149083,423,83,0,0
292112,1,80,2553,29,0,51,134408.77,149083,423,83,0,0
292131,1,80,2553,28,0,51,134408.77,149083,423,83,0,0
292342,1,80,2532,28,0,51,134408.77,149083,423,83,0,0
292460,1,80,2531,28,0,51,134408.77,149083,423,83,0,0
292567,1,79,2534,28,0,51,134408.77,149083,423,83,0,0
292620,1,79,2538,28,0,51,134408.77,149083,423,83,0,0
292805,1,79,2511,28,0,51,134408.77,149083,423,83,0,0
292920,1,79,2513,28,0,51,134408.77,149083,423,83,0,0
293020,1,79,2514,28,0,51,134409.81,149083,423,83,0,0
293156,1,78,2514,28,0,51,134409.81,149083,423,83,0,0
293267,1,78,2514,28,0,51,134409.81,149083,423,83,0,0
293370,1,78,2516,28,0,51,134409.81,149083,423,83,0,0
293504,1,78,2483,28,0,51,134409.81,149083,423,83,0,0
293620,1,78,2482,28,0,51,134409.81,149083,423,83,0,0
293667,1,78,2482,28,0,51,134409.81,149083,423,83,0,0
293855,1,77,2480,28,0,51,134409.81,149083,423,83,0,0
293967,1,77,2480,28,0,51,134409.81,149083,423,83,0,0
294067,1,77,2448,28,0,51,134409.81,149083,423,83,0,0
294120,1,77,2480,28,0,51,134409.81,149083,423,83,0,0
294320,1,77,2441,28,0,51,134409.81,149083,423,83,0,0
294442,1,77,2440,28,0,51,134410.84,149083,423,83,0,0
294555,1,76,2444,28,0,51,134410.84,149083,423,83,0,0
294620,1,76,2445,28,0,51,134410.84,149083,423,83,0,0
294777,1,76,2445,28,0,51,134410.84,149083,423,83,0,0
294954,1,76,2417,28,0,51,134410.84,149083,423,83,0,0
295067,1,76,2417,28,0,51,134410.84,149083,423,83,0,0
295120,1,76,2417,28,0,51,134410.84,149083,423,83,0,0
295310,1,76,2416,28,0,51,134410.84,149083,423,83,0,0
295420,1,75,2416,28,0,51,134410.84,149083,423,83,0,0
295542,1,75,2383,28,0,51,134410.84,149083,423,83,0,0
295620,1,75,2384,28,0,51,134410.84,149083,423,83,0,0
295776,1,75,2384,28,0,51,134410.84,149083,423,83,0,0
295870,1,75,2381,28,0,51,134410.84,149083,423,83,0,0
296004,1,74,2383,38,0,51,134411.88,149083,423,83,0,0
296120,1,74,2372,44,0,51,134411.88,149083,423,83,0,0
296263,1,74,2372,44,0,51,134411.88,149083,423,83,0,0
296369,1,74,2339,56,0,51,134411.88,149083,423,83,0,0
296468,1,74,2343,64,0,51,134411.88,149083,423,83,0,0
296607,1,74,2422,68,0,51,134411.88,149083,423,83,0,0
296648,1,74,2422,70,0,51,134411.88,149083,423,83,0,0
296841,1,74,2346,70,0,51,134411.88,149083,423,83,0,0
296954,1,74,2349,72,0,51,134412.89,149083,423,83,0,0
297067,1,74,2360,75,0,51,134412.89,149083,423,83,0,0
297120,1,74,2364,76,0,51,134412.89,149083,423,83,0,0
297310,1,74,2339,76,0,51,134412.89,149083,423,83,0,0
297420,1,74,2343,78,0,51,134412.89,149083,423,83,0,0
297542,1,74,2343,78,0,51,134412.89,149083,423,83,0,0
297647,1,74,2341,78,0,51,134412.89,149083,423,83,0,0
297775,1,74,2341,78,0,51,134413.92,149083,423,83,0,0
297869,1,73,2367,78,0,51,134413.92,149083,423,83,0,0
298004,1,74,2337,79,0,51,134413.92,149083,423,83,0,0
298120,1,73,2339,79,0,51,134413.92,149083,423,83,0,0
298262,1,73,2339,79,0,51,134413.92,149083,423,83,0,0
298370,1,73,2341,62,0,51,134413.92,149083,423,83,0,0
298468,1,73,2356,51,0,51,134414.95,149083,423,83,0,0
298607,1,73,2360,47,0,51,134414.95,149083,423,83,0,0
298641,1,73,2360,41,0,51,134414.95,149083,423,83,0,0
298841,1,73,2306,41,0,51,134414.95,149083,423,83,0,0
298955,1,73,2333,24,0,51,134414.95,149083,423,83,0,0
299067,1,72,2319,21,0,51,134414.95,149083,423,83,0,0
299178,1,72,2335,20,0,51,134414.95,149083,423,83,0,0
299287,1,72,2327,20,0,51,134414.95,149083,423,83,0,0
299420,1,72,2287,20,0,51,134414.95,149083,423,83,0,0
299541,1,72,2286,19,0,51,134414.95,149083,423,83,0,0
299620,1,72,2285,19,0,51,134414.95,149083,423,83,0,0
299774,1,72,2285,19,0,51,134414.95,149083,423,83,0,0
299904,1,71,2283,19,0,51,134415.97,149083,423,83,0,0
300020,1,71,2251,20,0,51,134415.97,149083,423,83,0,0
300120,1,71,2254,21,0,51,134415.97,149083,423,83,0,0
300266,1,71,2254,21,0,51,134415.97,149083,423,83,0,0
300369,1,70,2255,23,0,51,134415.97,149083,423,83,0,0
300504,1,70,2260,28,0,51,134415.97,149083,423,83,0,0
300620,1,70,2263,40,0,51,134415.97,149083,423,83,0,0
300671,1,70,2263,40,0,51,134415.97,149083,423,83,0,0
300854,1,70,2233,41,0,51,134415.97,149083,423,83,0,0
300966,1,70,2214,42,0,51,134415.97,149083,423,83,0,0
301066,1,70,2217,43,0,51,134415.97,149083,423,83,0,0
301155,1,69,2218,43,0,51,134415.97,149083,423,83,0,0
301286,1,69,2218,43,0,51,134415.97,149083,423,83,0,0
301436,1,69,2212,43,0,51,134417.00,149083,423,83,0,0
301554,1,69,2217,43,0,51,134417.00,149083,423,83,0,0
301664,1,69,2218,43,0,51,134417.00,149083,423,83,0,0
301773,1,69,2218,43,0,51,134417.00,149083,423,83,0,0
301904,1,69,2180,43,0,51,134417.00,149083,423,83,0,0
302020,1,69,2176,35,0,51,134417.00,149083,423,83,0,0
302141,1,68,2198,35,0,51,134417.00,149083,423,83,0,0
302285,1,68,2187,35,0,51,134417.00,149083,423,83,0,0
302369,1,68,2182,35,0,51,134417.00,149083,423,83,0,0
302505,1,68,2182,35,0,51,134417.00,149083,423,83,0,0
302607,1,68,2187,32,0,51,134417.00,149083,423,83,0,0
302755,1,68,2155,26,0,51,134417.00,149083,423,83,0,0
302869,1,68,2144,25,0,51,134418.03,149083,423,83,0,0
302966,1,67,2168,25,0,51,134418.03,149083,423,83,0,0
303107,1,67,2158,29,0,51,134418.03,149083,423,83,0,0
303135,1,67,2158,30,0,51,134418.03,149083,423,83,0,0
303341,1,67,2168,30,0,51,134418.03,149083,423,83,0,0
303460,1,67,2112,32,0,51,134418.03,149083,423,83,0,0
303566,1,67,2114,32,0,51,134418.03,149083,423,83,0,0
303644,1,67,2116,36,0,51,134418.03,149083,423,83,0,0
303771,1,67,2116,36,0,51,134418.03,149083,423,83,0,0
303923,1,66,2131,49,0,51,134418.03,149083,423,83,0,0
304041,1,66,2114,51,0,51,134418.03,149083,423,83,0,0
304155,1,66,2131,55,0,51,134418.03,149083,423,83,0,0
304284,1,66,2141,55,0,51,134418.03,149083,423,83,0,0
304405,1,66,2114,55,0,51,134419.08,149083,423,83,0,0
304520,1,66,2137,71,0,51,134419.08,149083,423,83,0,0
304620,1,66,2122,74,0,51,134419.08,149083,423,83,0,0
304771,1,66,2122,74,0,51,134419.08,149083,423,83,0,0
304869,1,66,2131,74,0,51,134419.08,149083,423,83,0,0
305005,1,66,2126,88,0,51,134419.08,149083,423,83,0,0
305107,1,66,2120,96,0,51,134420.09,149083,423,83,0,0
305129,1,66,2120,101,0,51,134420.09,149083,423,83,0,0
305355,1,66,2141,101,0,51,134420.09,149083,423,83,0,0
305467,1,66,2129,108,0,51,134420.09,149083,423,83,0,0
305566,1,66,2135,110,0,51,134420.09,149083,423,83,0,0
305620,1,66,2140,110,0,51,134420.09,149083,423,83,0,0
305821,1,67,2125,110,0,51,134421.14,149083,423,83,0,0
305936,1,67,2160,117,0,51,134421.14,149083,423,83,0,0
306041,1,67,2168,117,0,51,134421.14,149083,423,83,0,0
306167,1,67,2146,117,0,51,134421.14,149083,423,83,0,0
306308,1,67,2153,117,0,51,134421.14,149083,423,83,0,0
306421,1,67,2167,106,0,51,134422.19,149083,423,83,0,0
306541,1,68,2173,103,0,51,134422.19,149083,423,83,0,0
306655,1,68,2173,103,0,51,134422.19,149083,423,83,0,0
306770,1,68,2173,103,0,51,134422.19,149083,423,83,0,0
306905,1,68,2204,103,0,51,134423.28,149083,423,83,0,0
307020,1,68,2191,91,0,51,134423.28,149083,423,83,0,0
307120,1,68,2164,90,0,51,134423.28,149083,423,83,0,0
307166,1,68,2196,90,0,51,134423.28,149083,423,83,0,0
307355,1,68,2185,90,0,51,134423.28,149083,423,83,0,0
307467,1,68,2207,90,0,51,134423.28,149083,423,83,0,0
307566,1,68,2200,89,0,51,134424.31,149083,423,83,0,0
307641,1,68,2195,85,0,51,134424.31,149083,423,83,0,0
307810,1,68,2198,85,0,51,134424.31,149083,423,83,0,0
307941,1,68,2176,59,0,51,134424.31,149083,423,83,0,0
308066,1,68,2206,53,0,51,134424.31,149083,423,83,0,0
308120,1,68,2184,46,0,51,134424.31,149083,423,83,0,0
308281,1,68,2184,46,0,51,134424.31,149083,423,83,0,0
308420,1,68,2163,39,0,51,134424.31,149083,423,83,0,0
308541,1,68,2153,39,0,51,134425.31,149083,423,83,0,0
308641,1,68,2154,39,0,51,134425.31,149083,423,83,0,0
308675,1,68,2154,39,0,51,134425.31,149083,423,83,0,0
308905,1,67,2159,39,0,51,134425.31,149083,423,83,0,0
309020,1,67,2159,39,0,51,134425.31,149083,423,83,0,0
309141,1,67,2157,39,0,51,134425.31,149083,423,83,0,0
309141,1,67,2157,39,0,51,134425.31,149083,423,83,0,0
309369,1,67,2156,39,0,51,134425.31,149083,423,83,0,0
309467,1,67,2127,36,0,51,134425.31,149083,423,83,0,0
309620,1,67,2131,35,0,51,134425.31,149083,423,83,0,0
309666,1,67,2131,35,0,51,134425.31,149083,423,83,0,0
309855,1,67,2116,35,0,51,134426.33,149083,423,83,0,0
309966,1,67,2114,35,0,51,134426.33,149083,423,83,0,0
310066,1,67,2113,38,0,51,134426.33,149083,423,83,0,0
310142,1,67,2112,38,0,51,134426.33,149083,423,83,0,0
310323,1,67,2121,38,0,51,134426.33,149083,423,83,0,0
310436,1,66,2118,29,0,51,134426.33,149083,423,83,0,0
310555,1,66,2137,29,0,51,134426.33,149083,423,83,0,0
310641,1,66,2129,29,0,51,134426.33,149083,423,83,0,0
310641,1,66,2129,29,0,51,134426.33,149083,423,83,0,0
310869,1,66,2128,29,0,51,134426.33,149083,423,83,0,0
311005,1,66,2095,29,0,51,134426.33,149083,423,83,0,0
311120,1,66,2126,29,0,51,134426.33,149083,423,83,0,0
311120,1,66,2126,29,0,51,134426.33,149083,423,83,0,0
311369,1,66,2100,29,0,51,134426.33,149083,423,83,0,0
311467,1,66,2102,38,0,51,134426.33,149083,423,83,0,0
311607,1,66,2108,50,0,51,134427.34,149083,423,83,0,0
311685,1,66,2108,58,0,51,134427.34,149083,423,83,0,0
311843,1,66,2088,67,0,51,134427.34,149083,423,83,0,0
311955,1,66,2100,74,0,51,134427.34,149083,423,83,0,0
312066,1,66,2088,76,0,51,134427.34,149083,423,83,0,0
312120,1,66,2112,78,0,51,134427.34,149083,423,83,0,0
312279,1,66,2080,78,0,51,134427.34,149083,423,83,0,0
312420,1,66,2142,85,0,51,134427.34,149083,423,83,0,0
312541,1,66,2123,85,0,51,134428.39,149083,423,83,0,0
312655,1,66,2136,86,0,51,134428.39,149083,423,83,0,0
312791,1,66,2115,86,0,51,134428.39,149083,423,83,0,0
312920,1,66,2127,71,0,52,134428.39,149083,423,83,0,0
313020,1,66,2138,65,0,52,134428.39,149083,423,83,0,0
313155,1,66,2133,59,0,52,134428.39,149083,423,83,0,0
313155,1,66,2133,59,0,52,134428.39,149083,423,83,0,0
313405,1,66,2131,52,0,52,134429.41,149083,423,83,0,0
313520,1,66,2126,77,0,52,134429.41,149083,423,83,0,0
313620,1,66,2166,89,0,52,134429.41,149083,423,83,0,0
313666,1,66,2166,89,0,52,134429.41,149083,423,83,0,0
313867,1,67,2131,94,0,52,134429.41,149083,423,83,0,0
313966,1,67,2118,94,0,52,134429.41,149083,423,83,0,0
314066,1,67,2166,95,0,52,134429.41,149083,423,83,0,0
314166,1,67,2175,98,0,52,134430.42,149083,423,83,0,0
314311,1,67,2147,98,0,52,134430.42,149083,423,83,0,0
314441,1,67,2147,100,0,52,134430.42,149083,423,83,0,0
314566,1,68,2145,100,0,52,134430.42,149083,423,83,0,0
314620,1,68,2173,100,0,52,134430.42,149083,423,83,0,0
314766,1,68,2173,100,0,52,134431.44,149083,423,83,0,0
314920,1,68,2198,100,0,52,134431.44,149083,423,83,0,0
315041,1,68,2206,100,0,52,134431.44,149083,423,83,0,0
315141,1,68,2205,100,0,52,134431.44,149083,423,83,0,0
315277,1,68,2200,100,0,52,134431.44,149083,423,83,0,0
315405,1,69,2204,100,0,52,134432.44,149083,423,83,0,0
315520,1,69,2177,90,0,52,134432.44,149083,423,83,0,0
315641,1,69,2204,90,0,52,134432.44,149083,423,83,0,0
315656,1,69,2236,90,0,52,134432.44,149083,423,83,0,0
315869,1,69,2230,90,0,52,134432.44,149083,423,83,0,0
316005,1,69,2211,90,0,52,134433.50,149083,423,83,0,0
316120,1,69,2215,92,0,52,134433.50,149083,423,83,0,0
316141,1,69,2215,92,0,52,134433.50,149083,423,83,0,0
316341,1,70,2230,92,0,52,134433.50,149083,423,83,0,0
316462,1,70,2257,92,0,52,134433.50,149083,423,83,0,0
316566,1,70,2225,92,0,52,134433.50,149083,423,83,0,0
316641,1,70,2268,92,0,52,134433.50,149083,423,83,0,0
316814,1,70,2241,92,0,52,134434.58,149083,423,83,0,0
316920,1,70,2266,92,0,52,134434.58,149083,423,83,0,0
317041,1,70,2263,92,0,52,134434.58,149083,423,83,0,0
317122,1,70,2267,92,0,52,134434.58,149083,423,83,0,0
317276,1,71,2267,92,0,52,134434.58,149083,423,83,0,0
317369,1,71,2242,92,0,52,134434.58,149083,423,83,0,0
317506,1,71,2254,81,0,52,134435.61,149083,423,83,0,0
317620,1,71,2297,81,0,52,134435.61,149083,423,83,0,0
317657,1,71,2297,81,0,52,134435.61,149083,423,83,0,0
317857,1,71,2287,81,0,52,134435.61,149083,423,83,0,0
317966,1,71,2290,81,0,52,134435.61,149083,423,83,0,0
318066,1,71,2293,81,0,52,134435.61,149083,423,83,0,0
318158,1,71,2297,81,0,52,134436.62,149083,423,83,0,0
318312,1,71,2274,81,0,52,134436.62,149083,423,83,0,0
318441,1,71,2277,81,0,52,134436.62,149083,423,83,0,0
318562,1,71,2273,77,0,52,134436.62,149083,423,83,0,0
318666,1,72,2299,76,0,52,134436.62,149083,423,83,0,0
318666,1,72,2299,76,0,52,134436.62,149083,423,83,0,0
318920,1,72,2285,58,0,52,134437.66,149083,423,83,0,0
319041,1,72,2303,56,0,52,134437.66,149083,423,83,0,0
319157,1,72,2297,56,0,52,134437.66,149083,423,83,0,0
319166,1,72,2297,56,0,52,134437.66,149083,423,83,0,0
319369,1,72,2276,56,0,52,134437.66,149083,423,83,0,0
319520,1,72,2292,55,0,52,134437.66,149083,423,83,0,0
319620,1,72,2298,55,0,52,134437.66,149083,423,83,0,0
319666,1,72,2298,55,0,52,134437.66,149083,423,83,0,0
319869,1,71,2301,57,0,52,134438.69,149083,423,83,0,0
319966,1,71,2295,57,0,52,134438.69,149083,423,83,0,0
320066,1,71,2298,57,0,52,134438.69,149083,423,83,0,0
320166,1,71,2299,57,0,52,134438.69,149083,423,83,0,0
320312,1,71,2277,57,0,52,134438.69,149083,423,83,0,0
320441,1,72,2275,55,0,52,134438.69,149083,423,83,0,0
320566,1,71,2301,51,0,52,134438.69,149083,423,83,0,0
320641,1,71,2298,41,0,52,134438.69,149083,423,83,0,0
320786,1,71,2298,41,0,52,134438.69,149083,423,83,0,0
320920,1,71,2281,21,0,52,134439.72,149083,423,83,0,0
321041,1,71,2265,20,0,52,134439.72,149083,423,83,0,0
321155,1,71,2252,16,0,52,134439.72,149083,423,83,0,0
321166,1,71,2252,16,0,52,134439.72,149083,423,83,0,0
321369,1,71,2241,8,0,52,134439.72,149083,423,83,0,0
321506,1,71,2219,8,0,52,134439.72,149083,420,83,0,0
321620,1,71,2249,8,0,52,134439.72,149083,420,83,0,0
321641,1,70,2249,8,0,52,134439.72,149083,420,83,0,0
321841,1,70,2249,8,0,52,134439.72,149083,420,83,0,0
321966,1,70,2248,8,0,52,134439.72,149083,420,83,0,0
322066,1,70,2249,9,0,52,134439.72,149083,420,83,0,0
322192,1,70,2251,9,0,52,134439.72,149083,420,83,0,0
322312,1,70,2219,9,0,52,134439.72,149083,420,83,0,0
322436,1,70,2217,16,0,52,134439.72,149083,420,83,0,0
322556,1,70,2218,16,0,52,134439.72,149083,420,83,0,0
322666,1,70,2227,16,0,52,134439.72,149083,420,83,0,0
322691,1,70,2227,16,0,52,134439.72,149083,420,83,0,0
322920,1,69,2202,16,0,52,134440.72,149083,420,83,0,0
323020,1,69,2234,16,0,52,134440.72,149083,420,83,0,0
323141,1,69,2232,16,0,52,134440.72,149083,420,83,0,0
323141,1,69,2232,16,0,52,134440.72,149083,420,83,0,0
323369,1,69,2198,22,0,52,134440.72,149083,420,83,0,0
323506,1,69,2234,27,0,52,134440.72,149084,420,83,0,0
323620,1,69,2188,27,0,52,134440.72,149084,420,83,0,0
323666,1,69,2188,27,0,52,134440.72,149084,420,83,0,0
323861,1,69,2192,22,0,52,134440.72,149084,420,83,0,0
323966,1,68,2192,14,0,52,134440.72,149084,420,83,0,0
324066,1,68,2190,6,0,52,134440.72,149084,420,83,0,0
324166,1,68,2171,6,0,52,134440.72,149084,420,83,0,0
324322,1,68,2184,6,0,52,134440.72,149084,420,83,0,0
324441,1,68,2145,7,0,52,134440.72,149084,420,83,0,0
324566,1,68,2145,9,0,52,134440.72,149084,420,83,0,0
324641,1,68,2146,14,0,52,134440.72,149084,420,83,0,0
324784,1,68,2146,14,0,52,134440.72,149084,420,83,0,0
324920,1,68,2207,27,0,52,134440.72,149084,420,83,0,0
325041,1,67,2156,27,0,52,134441.75,149084,420,83,0,0
325142,1,67,2159,28,0,52,134441.75,149084,420,83,0,0
325166,1,67,2159,28,0,52,134441.75,149084,420,83,0,0
325369,1,67,2161,30,0,52,134441.75,149084,420,83,0,0
325506,1,67,2164,30,0,52,134441.75,149084,420,83,0,0
325620,1,67,2166,31,0,52,134441.75,149084,420,83,0,0
325666,1,67,2134,31,0,52,134441.75,149084,420,83,0,0
325820,1,67,2165,31,0,52,134441.75,149084,420,83,0,0
325966,1,67,2136,32,0,52,134441.75,149084,420,83,0,0
326066,1,67,2169,32,0,52,134441.75,149084,420,83,0,0
326141,1,67,2170,33,0,52,134441.75,149084,420,83,0,0
326309,1,67,2140,33,0,52,134441.75,149084,420,83,0,0
326436,1,67,2140,34,0,52,134441.75,149084,420,83,0,0
326556,1,67,2139,36,0,52,134441.75,149084,420,83,0,0
326666,1,67,2112,38,0,52,134442.78,149084,420,83,0,0
326666,1,67,2112,38,0,52,134442.78,149084,420,83,0,0
326920,1,67,2131,37,0,52,134442.78,149084,420,83,0,0
327020,1,67,2130,31,0,52,134442.78,149084,420,83,0,0
327141,1,66,2123,25,0,52,134442.78,149084,420,83,0,0
327186,1,66,2123,25,0,52,134442.78,149084,420,83,0,0
327369,1,66,2122,25,0,52,134442.78,149084,420,83,0,0
327474,1,66,2080,17,0,52,134442.78,149084,420,83,0,0
327609,1,66,2138,17,0,52,134442.78,149084,420,83,0,0
327696,1,66,2138,17,0,52,134442.78,149084,420,83,0,0
327820,1,66,2142,17,0,52,134442.78,149084,420,83,0,0
327956,1,66,2111,17,0,52,134442.78,149084,420,83,0,0
328066,1,66,2080,17,0,52,134442.78,149084,420,83,0,0
328166,1,66,2107,17,0,52,134442.78,149084,420,83,0,0
328309,1,66,2105,17,0,52,134442.78,149084,420,83,0,0
328436,1,65,2104,17,0,52,134443.81,149084,420,83,0,0
328541,1,65,2102,17,0,52,134443.81,149084,420,83,0,0
328666,1,65,2105,17,0,52,134443.81,149084,420,83,0,0
328807,1,65,2106,17,0,52,134443.81,149084,420,83,0,0
328920,1,65,2076,21,0,52,134443.81,149084,420,83,0,0
329041,1,65,2109,24,0,52,134443.81,149084,420,83,0,0
329141,1,65,2076,27,0,52,134443.81,149084,420,82,0,0
329186,1,65,2108,27,0,52,134443.81,149084,420,82,0,0
329369,1,65,2055,32,0,52,134443.81,149084,420,82,0,0
329466,1,65,2064,32,0,52,134443.81,149084,420,82,0,0
329609,1,65,2079,32,0,52,134443.81,149084,420,82,0,0
329667,1,65,2079,34,0,52,134443.81,149084,420,82,0,0
329820,1,65,2076,38,0,52,134443.81,149084,420,82,0,0
329966,1,64,2079,38,0,52,134443.81,149084,420,82,0,0
330066,1,64,2053,38,0,52,134443.81,149084,420,82,0,0
330158,1,64,2053,40,0,52,134444.83,149084,420,82,0,0
330309,1,64,2059,40,0,52,134444.83,149084,420,82,0,0
330436,1,64,2066,58,0,52,134444.83,149084,420,82,0,0
330541,1,64,2053,64,0,52,134444.83,149084,420,82,0,0
330666,1,65,2055,66,0,52,134444.83,149084,420,82,0,0
330806,1,65,2048,66,0,52,134444.83,149084,420,82,0,0
330920,1,65,2068,75,0,52,134444.83,149084,420,82,0,0
331020,1,65,2079,76,0,52,134444.83,149084,420,82,0,0
331141,1,65,2053,77,0,52,134445.83,149084,420,82,0,0
331159,1,65,2053,77,0,52,134445.83,149084,420,82,0,0
331369,1,65,2073,79,0,52,134445.83,149084,420,82,0,0
331508,1,65,2083,80,0,52,134445.83,149084,420,82,0,0
331620,1,65,2085,82,0,52,134445.83,149084,420,82,0,0
331658,1,65,2085,82,0,52,134445.83,149084,420,82,0,0
331858,1,65,2111,84,0,52,134445.83,149084,420,82,0,0
331966,1,65,2081,84,0,52,134446.83,149084,420,82,0,0
332066,1,65,2090,85,0,52,134446.83,149084,420,82,0,0
332210,1,65,2102,85,0,52,134446.83,149084,420,82,0,0
332320,1,65,2102,85,0,52,134446.83,149084,420,82,0,0
332441,1,66,2099,84,0,52,134446.83,149084,420,82,0,0
332566,1,66,2098,84,0,52,134446.83,149084,420,82,0,0
332666,1,66,2095,81,0,52,134447.89,149084,420,82,0,0
332808,1,66,2121,81,0,52,134447.89,149084,420,82,0,0
332920,1,66,2130,73,0,52,134447.89,149084,420,82,0,0
333041,1,66,2113,73,0,52,134447.89,149084,420,82,0,0
333141,1,66,2140,75,0,52,134447.89,149084,420,82,0,0
333178,1,66,2140,75,0,52,134447.89,149084,420,82,0,0
333368,1,66,2112,82,0,52,134447.89,149084,420,82,0,0
333466,1,66,2131,84,0,52,134447.89,149084,420,82,0,0
333620,1,66,2137,86,0,52,134448.94,149084,420,82,0,0
333666,1,67,2137,86,0,52,134448.94,149084,420,82,0,0
333855,1,67,2117,86,0,52,134448.94,149084,420,82,0,0
333966,1,67,2113,86,0,52,134448.94,149084,420,82,0,0
334066,1,67,2145,86,0,52,134448.94,149084,420,82,0,0
334186,1,67,2144,87,0,52,134449.97,149084,420,82,0,0
334320,1,67,2174,87,0,52,134449.97,149084,420,82,0,0
334441,1,67,2167,87,0,52,134449.97,149084,420,82,0,0
334556,1,67,2166,87,0,52,134449.97,149084,420,82,0,0
334666,1,68,2174,90,0,52,134449.97,149084,420,82,0,0
334806,1,68,2145,90,0,52,134449.97,149084,420,82,0,0
334920,1,68,2164,106,0,52,134451.00,149084,420,82,0,0
335040,1,68,2185,106,0,52,134451.00,149084,420,82,0,0
335140,1,68,2189,106,0,52,134451.00,149084,420,82,0,0
335177,1,68,2189,106,0,52,134451.00,149084,420,82,0,0
335369,1,69,2203,106,0,52,134451.00,149084,420,82,0,0
335466,1,69,2208,106,0,52,134451.00,149084,420,82,0,0
335620,1,69,2221,106,0,52,134452.06,149084,420,82,0,0
335666,1,69,2221,106,0,52,134452.06,149084,420,82,0,0
335809,1,69,2228,106,0,52,134452.06,149084,420,82,0,0
335966,1,70,2232,106,0,52,134452.06,149084,420,82,0,0
336065,1,70,2268,106,0,52,134453.09,149084,420,82,0,0
336186,1,70,2240,106,0,52,134453.09,149084,420,82,0,0
336315,1,70,2210,106,0,52,134453.09,149084,420,82,0,0
336440,1,70,2245,106,0,52,134453.09,149084,420,82,0,0
336558,1,71,2240,106,0,52,134454.16,149084,420,82,0,0
336666,1,71,2266,104,0,52,134454.16,149084,420,82,0,0
336809,1,71,2246,103,0,52,134454.16,149084,420,82,0,0
336915,1,71,2282,92,0,52,134454.16,149084,420,82,0,0
337041,1,71,2274,90,0,52,134454.16,149084,420,82,0,0
337158,1,71,2281,90,0,52,134455.22,149084,420,82,0,0
337217,1,71,2283,90,0,52,134455.22,149084,420,82,0,0
337416,1,71,2301,86,0,52,134455.22,149084,420,82,0,0
337540,1,72,2291,85,0,52,134455.22,149084,420,82,0,0
337658,1,72,2277,85,0,52,134455.22,149084,420,82,0,0
337666,1,72,2277,85,0,52,134455.22,149084,420,82,0,0
337869,1,72,2280,85,0,52,134456.22,149084,420,82,0,0
338008,1,72,2311,85,0,52,134456.22,149084,420,82,0,0
338123,1,72,2319,85,0,52,134456.22,149084,420,82,0,0
338185,1,72,2319,85,0,52,134456.22,149084,420,82,0,0
338358,1,72,2312,85,0,52,134456.22,149084,420,82,0,0
338466,1,72,2311,85,0,52,134457.28,149084,420,82,0,0
338566,1,72,2317,86,0,52,134457.28,149084,420,82,0,0
338686,1,72,2324,87,0,52,134457.28,149084,420,82,0,0
338826,1,72,2324,87,0,52,134457.28,149084,420,82,0,0
338940,1,73,2321,82,0,52,134457.28,149084,420,82,0,0
339066,1,73,2321,81,0,52,134457.28,149084,420,82,0,0
339165,1,73,2312,81,0,52,134458.36,149084,420,82,0,0
339315,1,73,2331,78,0,52,134458.36,149084,420,82,0,0
339440,1,73,2357,73,0,52,134458.36,149084,420,82,0,0
339565,1,73,2352,70,0,52,134458.36,149084,420,82,0,0
339665,1,73,2338,70,0,52,134458.36,149084,420,82,0,0
339713,1,73,2342,70,0,52,134458.36,149084,420,82,0,0
339916,1,73,2348,83,0,52,134458.36,149084,420,82,0,0
340040,1,73,2345,83,0,52,134459.41,149084,420,82,0,0
340158,1,73,2351,83,0,52,134459.41,149084,420,82,0,0
340178,1,73,2351,83,0,52,134459.41,149084,420,82,0,0
340368,1,73,2343,78,0,52,134459.41,149084,420,82,0,0
340508,1,73,2344,78,0,52,134459.41,149084,420,82,0,0
340623,1,73,2347,75,0,52,134459.41,149084,420,82,0,0
340686,1,73,2347,75,0,52,134459.41,149084,420,82,0,0
340840,1,73,2348,70,0,52,134460.42,149084,420,82,0,0
340965,1,73,2357,57,0,52,134460.42,149084,420,82,0,0
341065,1,73,2343,55,0,52,134460.42,149084,420,82,0,0
341165,1,73,2356,51,0,52,134460.42,149084,420,82,0,0
341315,1,73,2343,37,0,52,134460.42,149084,420,82,0,0
341440,1,73,2312,34,0,52,134460.42,149084,420,82,0,0
341558,1,73,2321,33,0,52,134460.42,149084,420,82,0,0
341658,1,73,2307,33,0,52,134460.42,149084,420,82,0,0
341806,1,73,2304,33,0,52,134460.42,149084,420,82,0,0
341915,1,73,2305,33,0,52,134461.44,149084,420,82,0,0
342040,1,72,2305,30,0,52,134461.44,149084,420,82,0,0
342140,1,72,2305,24,0,52,134461.44,149084,420,82,0,0
342175,1,72,2305,24,0,52,134461.44,149084,420,82,0,0
342368,1,72,2292,16,0,52,134461.44,149084,420,82,0,0
342466,1,72,2308,15,0,52,134461.44,149084,420,82,0,0
342609,1,72,2292,15,0,52,134461.44,149084,420,82,0,0
342688,1,72,2292,15,0,52,134461.44,149084,420,82,0,0
342849,1,71,2289,15,0,52,134461.44,149084,420,82,0,0
342965,1,71,2289,15,0,52,134461.44,149084,420,82,0,0
343065,1,71,2288,19,0,52,134461.44,149084,420,82,0,0
343185,1,71,2289,20,0,52,134461.44,149084,420,82,0,0
343219,1,71,2293,20,0,52,134461.44,149084,420,82,0,0
343440,1,71,2240,26,0,52,134461.44,149084,420,82,0,0
343565,1,71,2269,29,0,52,134461.44,149084,420,82,0,0
343665,1,71,2271,30,0,52,134461.44,149084,420,82,0,0
343809,1,71,2254,30,0,52,134462.45,149084,420,82,0,0
343915,1,71,2257,42,0,52,134462.45,149084,420,82,0,0
344040,1,70,2262,45,0,52,134462.45,149084,420,82,0,0
344158,1,70,2221,46,0,52,134462.45,149084,420,82,0,0
344185,1,70,2221,46,0,52,134462.45,149084,420,82,0,0
344379,1,70,2209,47,0,52,134462.45,149084,420,82,0,0
344466,1,70,2212,47,0,52,134462.45,149084,420,82,0,0
344623,1,70,2238,52,0,52,134462.45,149084,420,82,0,0
344665,1,70,2238,52,0,52,134462.45,149084,420,82,0,0
344858,1,70,2225,58,0,52,134462.45,149084,420,82,0,0
344965,1,70,2211,60,0,52,134462.45,149084,420,82,0,0
345065,1,70,2223,63,0,52,134463.50,149084,420,82,0,0
345165,1,70,2227,66,0,52,134463.50,149084,420,82,0,0
345315,1,70,2210,68,0,52,134463.50,149084,420,82,0,0
345440,1,69,2233,64,0,52,134463.50,149084,420,82,0,0
345558,1,69,2239,63,0,52,134463.50,149084,420,82,0,0
345665,1,69,2234,63,0,52,134463.50,149084,420,82,0,0
345685,1,69,2234,63,0,52,134463.50,149084,420,82,0,0
345920,1,69,2209,63,0,52,134463.50,149084,420,82,0,0
346040,1,69,2211,63,0,52,134463.50,149084,420,82,0,0
346157,1,69,2215,63,0,52,134464.55,149084,420,82,0,0
346178,1,69,2215,63,0,52,134464.55,149084,420,82,0,0
346368,1,69,2216,63,0,52,134464.55,149084,420,82,0,0
346507,1,69,2211,63,0,52,134464.55,149084,420,82,0,0
346620,1,69,2216,63,0,52,134464.55,149084,420,82,0,0
346692,1,69,2216,63,0,52,134464.55,149084,420,82,0,0
346821,1,69,2217,63,0,52,134464.55,149084,420,82,0,0
346965,1,69,2209,68,0,52,134464.55,149084,420,82,0,0
347065,1,69,2207,70,0,52,134465.56,149084,420,82,0,0
347165,1,69,2189,71,0,52,134465.56,149084,420,82,0,0
347320,1,69,2183,71,0,52,134465.56,149084,420,82,0,0
347440,1,69,2187,71,0,52,134465.56,149084,420,82,0,0
347558,1,69,2180,71,0,52,134465.56,149084,420,82,0,0
347665,1,69,2178,71,0,52,134465.56,149084,420,82,0,0
347685,1,69,2178,71,0,52,134465.56,149084,420,82,0,0
347920,1,69,2187,71,0,52,134465.56,149084,420,82,0,0
348040,1,68,2186,71,0,52,134466.62,149084,420,82,0,0
348140,1,68,2206,69,0,52,134466.62,149084,420,82,0,0
348225,1,68,2202,66,0,52,134466.62,149084,420,82,0,0
348376,1,68,2206,66,0,52,134466.62,149084,420,82,0,0
348466,1,68,2200,64,0,52,134466.62,149084,420,82,0,0
348620,1,68,2152,62,0,52,134466.62,149084,420,82,0,0
348685,1,68,2184,62,0,52,134466.62,149084,420,82,0,0
348820,1,68,2207,62,0,52,134466.62,149084,420,82,0,0
348966,1,68,2168,59,0,52,134467.64,149084,420,82,0,0
349065,1,68,2171,59,0,52,134467.64,149084,420,82,0,0
349165,1,67,2166,59,0,52,134467.64,149084,420,82,0,0
349221,1,67,2160,60,0,52,134467.64,149084,420,82,0,0
349440,1,67,2150,68,0,52,134467.64,149084,420,82,0,0
349555,1,67,2172,71,0,52,134467.64,149084,420,82,0,0
349665,1,67,2156,72,0,52,134467.64,149084,420,82,0,0
349692,1,67,2156,72,0,52,134467.64,149084,420,82,0,0
349871,1,67,2120,74,0,52,134467.64,149084,420,83,0,0
350020,1,67,2120,75,0,52,134468.70,149084,420,83,0,0
350122,1,67,2120,69,0,52,134468.70,149084,420,83,0,0
350223,1,67,2125,58,0,52,134468.70,149084,420,83,0,0
350340,1,66,2125,58,0,52,134468.70,149084,420,83,0,0
350465,1,66,2126,48,0,52,134468.70,149084,420,83,0,0
350565,1,66,2137,39,0,52,134468.70,149084,420,83,0,0
350685,1,66,2111,31,0,52,134468.70,149084,420,83,0,0
350685,1,66,2111,31,0,52,134468.70,149084,420,83,0,0
350940,1,65,2054,10,0,52,134469.70,149084,420,83,0,0
351066,1,65,2038,0,0,52,134469.70,149084,420,83,0,0
351185,1,64,2054,0,0,52,134469.70,149084,420,83,0,0
351185,1,64,2054,0,0,52,134469.70,149084,420,83,0,0
351435,1,64,1696,0,0,52,134469.70,149084,420,83,0,0
351540,1,64,1581,0,0,52,134469.70,149084,417,83,0,0
351665,1,63,1564,0,0,52,134469.70,149084,417,83,0,0
351687,1,63,1564,0,0,52,134469.70,149084,417,83,0,0
351869,1,63,1425,0,0,52,134469.70,149084,417,83,0,0
352015,1,63,1347,0,0,52,134469.70,149084,417,83,0,0
352122,1,63,1315,0,0,52,134469.70,149084,417,83,0,0
352221,1,62,1315,0,0,52,134469.70,149084,417,83,0,0
352340,1,62,1315,0,0,52,134469.70,149084,417,83,0,0
352466,1,61,1379,0,0,52,134469.70,149084,417,83,0,0
352565,1,61,1501,0,0,52,134469.70,149084,417,83,0,0
352708,1,61,1693,1,0,52,134469.70,149084,417,83,0,0
352843,1,60,1693,2,0,52,134469.70,149084,417,83,0,0
352965,1,59,2146,2,0,52,134469.70,149084,417,83,0,0
353065,1,59,2377,2,0,52,134469.70,149084,417,83,0,0
353165,1,59,2354,2,0,52,134469.70,149084,417,83,0,0
353330,1,59,2329,2,0,52,134469.70,149084,417,83,0,0
353440,1,58,2308,3,0,52,134469.70,149084,417,83,0,0
353565,1,58,2276,3,0,52,134469.70,149084,417,83,0,0
353665,1,58,2276,3,0,52,134469.70,149084,417,83,0,0
353715,1,58,2276,6,0,52,134469.70,149084,417,83,0,0
353909,1,57,2281,6,0,52,134469.70,149084,417,83,0,0
354015,1,57,2259,30,0,52,134469.70,149084,417,83,0,0
354140,1,56,2275,41,0,52,134470.70,149084,417,83,0,0
354165,1,56,2275,41,0,52,134470.70,149084,417,83,0,0
354372,1,56,2267,47,0,52,134470.70,149084,417,83,0,0
354465,1,56,2225,60,0,52,134470.70,149084,417,83,0,0
354608,1,56,2212,62,0,52,134470.70,149084,417,83,0,0
354707,1,56,2224,65,0,52,134470.70,149084,417,83,0,0
354842,1,56,2224,67,0,52,134470.70,149084,417,83,0,0
354957,1,55,2233,68,0,52,134470.70,149084,417,83,0,0
355065,1,55,2209,70,0,52,134470.70,149084,417,83,0,0
355185,1,55,2188,70,0,52,134471.75,149084,417,83,0,0
355329,1,55,2187,71,0,52,134471.75,149084,417,83,0,0
355440,1,55,2189,74,0,52,134471.75,149084,417,83,0,0
355565,1,55,2184,74,0,52,134471.75,149084,417,83,0,0
355685,1,55,2192,75,0,52,134471.75,149084,417,83,0,0
355708,1,55,2201,75,0,52,134471.75,149084,417,83,0,0
355915,1,55,2176,75,0,52,134471.75,149084,417,83,0,0
356015,1,55,2179,75,0,52,134471.75,149084,417,83,0,0
356140,1,55,2205,75,0,52,134472.81,149084,417,83,0,0
356215,1,55,2197,75,0,52,134472.81,149084,417,83,0,0
356370,1,55,2162,75,0,52,134472.81,149084,417,83,0,0
356465,1,54,2161,75,0,52,134472.81,149084,417,83,0,0
356608,1,54,2167,76,0,52,134472.81,149084,417,83,0,0
356685,1,54,2199,76,0,52,134472.81,149084,417,83,0,0
356815,1,54,2169,77,0,52,134472.81,149084,417,83,0,0
356965,1,54,2169,80,0,52,134473.88,149084,417,83,0,0
357066,1,54,2199,82,0,52,134473.88,149084,417,83,0,0
357185,1,54,2147,83,0,52,134473.88,149084,417,83,0,0
357327,1,54,2158,85,0,52,134473.88,149084,417,83,0,0
357440,1,54,2152,86,0,52,134473.88,149084,417,83,0,0
357558,1,54,2155,86,0,52,134473.88,149084,417,83,0,0
357665,1,54,2155,86,0,52,134474.95,149084,417,83,0,0
357697,1,54,2155,86,0,52,134474.95,149084,417,83,0,0
357908,1,54,2175,86,0,52,134474.95,149084,417,83,0,0
358015,1,54,2171,80,0,52,134474.95,149084,417,83,0,0
358140,1,55,2167,78,0,52,134474.95,149084,417,83,0,0
358210,1,55,2149,78,0,52,134474.95,149084,417,83,0,0
358358,1,55,2168,78,0,52,134474.95,149084,417,83,0,0
358465,1,54,2168,78,0,52,134474.95,149084,417,83,0,0
358608,1,54,2170,78,0,52,134476.02,149084,417,83,0,0
358707,1,54,2173,78,0,52,134476.02,149084,417,83,0,0
358840,1,54,2173,78,0,52,134476.02,149084,417,83,0,0
358965,1,54,2175,78,0,52,134476.02,149084,417,83,0,0
359065,1,54,2144,78,0,52,134476.02,149084,417,83,0,0
359185,1,54,2174,80,0,52,134476.02,149084,417,83,0,0
359340,1,54,2167,81,0,52,134476.02,149084,417,83,0,0
359458,1,54,2145,81,0,52,134477.02,149084,417,83,0,0
359565,1,54,2152,81,0,52,134477.02,149084,417,83,0,0
359685,1,54,2157,81,0,52,134477.02,149084,417,83,0,0
359815,1,54,2160,76,0,52,134477.02,149084,417,83,0,0
359940,1,54,2159,69,0,52,134477.02,149084,417,83,0,0
360065,1,54,2152,65,0,52,134477.02,149084,417,83,0,0
360165,1,54,2152,65,0,52,134478.06,149084,417,83,0,0
360165,1,54,2152,65,0,52,134478.06,149084,417,83,0,0
360415,1,54,2170,70,0,52,134478.06,149084,417,83,0,0
360540,1,54,2151,75,0,52,134478.06,149084,417,83,0,0
360657,1,54,2166,76,0,52,134478.06,149084,417,83,0,0
360685,1,54,2166,76,0,52,134478.06,149084,417,83,0,0
360889,1,54,2168,76,0,52,134478.06,149084,417,83,0,0
361008,1,54,2174,76,0,52,134478.06,149084,417,83,0,0
361122,1,54,2174,76,0,52,134479.11,149084,417,83,0,0
361242,1,54,2173,76,0,52,134479.11,149084,417,83,0,0
361357,1,54,2162,76,0,52,134479.11,149084,417,83,0,0
361465,1,54,2158,76,0,52,134479.11,149084,417,83,0,0
361565,1,54,2152,76,0,52,134479.11,149084,417,83,0,0
361685,1,54,2153,74,0,52,134479.11,149084,417,83,0,0
361840,1,54,2159,71,0,52,134479.11,149084,417,83,0,0
361957,1,54,2155,69,0,52,134480.16,149084,417,83,0,0
362065,1,54,2145,69,0,52,134480.16,149084,417,83,0,0
362185,1,54,2174,69,0,52,134480.16,149084,417,83,0,0
362324,1,54,2172,69,0,52,134480.16,149084,417,83,0,0
362440,1,54,2161,69,0,52,134480.16,149084,417,83,0,0
362565,1,54,2157,69,0,52,134480.16,149084,417,83,0,0
362685,1,54,2163,66,0,52,134480.16,149084,417,83,0,0
362815,1,54,2166,58,0,52,134480.16,149084,417,83,0,0
362940,1,54,2122,53,0,52,134481.19,149084,417,83,0,0
363058,1,54,2136,49,0,52,134481.19,149084,417,83,0,0
363165,1,54,2166,49,0,52,134481.19,149084,417,83,0,0
363194,1,54,2166,49,0,52,134481.19,149084,417,83,0,0
363408,1,54,2138,49,0,52,134481.19,149084,417,83,0,0
363515,1,53,2113,49,0,52,134481.19,149084,417,83,0,0
363640,1,53,2120,49,0,52,134481.19,149084,417,83,0,0
363728,1,53,2123,49,0,52,134481.19,149084,417,83,0,0
363840,1,53,2123,49,0,52,134481.19,149084,417,83,0,0
363965,1,53,2127,49,0,52,134481.19,149084,417,83,0,0
364108,1,53,2127,50,0,52,134482.22,149084,417,83,0,0
364185,1,53,2127,50,0,52,134482.22,149084,417,83,0,0
364323,1,53,2128,50,0,52,134482.22,149084,417,83,0,0
364465,1,53,2123,46,0,52,134482.22,149084,417,83,0,0
364565,1,53,2123,27,0,52,134482.22,149084,417,83,0,0
364685,1,53,2084,7,0,52,134482.22,149084,417,83,0,0
364836,1,53,2100,0,0,52,134482.22,149084,417,83,0,0
364940,1,53,2108,3,0,52,134482.22,149084,417,83,0,0
365065,1,53,2107,8,0,52,134482.22,149084,417,83,0,0
365165,1,52,2080,8,0,52,134482.22,149084,417,83,0,0
365215,1,52,2109,8,0,52,134482.22,149084,417,83,0,0
365415,1,52,2049,8,0,52,134482.22,149084,417,83,0,0
365527,1,52,2049,8,0,52,134482.22,149084,417,83,0,0
365639,1,52,2082,8,0,52,134482.22,149084,417,83,0,0
365685,1,52,2082,8,0,52,134482.22,149084,417,83,0,0
365840,1,52,2051,9,0,52,134483.23,149084,417,83,0,0
365965,1,52,2052,10,0,52,134483.23,149084,417,83,0,0
366108,1,51,2053,10,0,52,134483.23,149084,417,83,0,0
366208,1,51,2054,10,0,52,134483.23,149084,417,83,0,0
366347,1,51,2054,10,0,52,134483.23,149084,417,83,0,0
366465,1,51,2022,11,0,52,134483.23,149084,417,83,0,0
366565,1,51,2021,12,0,52,134483.23,149084,417,83,0,0
366685,1,51,2020,14,0,52,134483.23,149084,417,83,0,0
366715,1,51,2021,15,0,52,134483.23,149084,417,83,0,0
366935,1,51,2028,18,0,52,134483.23,149084,417,83,0,0
367040,1,51,2035,18,0,52,134483.23,149084,417,83,0,0
367165,1,51,2041,18,0,52,134483.23,149084,417,83,0,0
367214,1,51,2041,23,0,52,134483.23,149084,417,83,0,0
367372,1,51,2041,23,0,52,134483.23,149084,417,83,0,0
367515,1,51,2033,47,0,52,134483.23,149084,417,83,0,0
367622,1,50,2022,53,0,52,134483.23,149084,417,83,0,0
367714,1,51,2014,66,0,52,134483.23,149084,417,83,0,0
367868,1,51,2046,66,0,52,134483.23,149084,417,83,0,0
367965,1,51,2023,75,0,52,134484.30,149084,417,83,0,0
368108,1,51,2074,79,0,52,134484.30,149084,417,83,0,0
368214,1,51,2027,80,0,52,134484.30,149084,417,83,0,0
368346,1,51,2027,80,0,52,134484.30,149084,417,83,0,0
368465,1,51,2051,80,0,52,134484.30,149084,417,83,0,0
368564,1,52,2055,80,0,52,134484.30,149084,417,83,0,0
368685,1,52,2058,80,0,52,134484.30,149084,417,83,0,0
368714,1,52,2056,80,0,52,134484.30,149084,417,83,0,0
368916,1,52,2072,81,0,52,134485.36,149084,417,83,0,0
369039,1,52,2099,81,0,52,134485.36,149084,417,83,0,0
369164,1,52,2101,82,0,52,134485.36,149084,417,83,0,0
369185,1,52,2101,82,0,52,134485.36,149084,417,83,0,0
369389,1,52,2110,84,0,52,134485.36,149084,417,83,0,0
369514,1,53,2127,84,0,52,134485.36,149084,417,83,0,0
369622,1,53,2126,84,0,52,134486.38,149084,417,83,0,0
369714,1,53,2122,80,0,52,134486.38,149084,417,83,0,0
369858,1,53,2122,80,0,52,134486.38,149084,417,83,0,0
369964,1,54,2124,68,0,52,134486.38,149084,417,83,0,0
370064,1,54,2145,58,0,52,134486.38,149084,417,83,0,0
370208,1,54,2148,52,0,52,134486.38,149084,417,83,0,0
370345,1,54,2148,44,0,52,134486.38,149084,417,83,0,0
370465,1,54,2169,38,0,52,134486.38,149084,417,83,0,0
370564,1,54,2151,38,0,52,134486.38,149084,417,83,0,0
370714,1,54,2152,42,0,52,134487.39,149084,417,83,0,0
370714,1,54,2152,42,0,52,134487.39,149084,417,83,0,0
370964,1,54,2165,38,0,52,134487.39,149084,417,83,0,0
371064,1,54,2163,38,0,52,134487.39,149084,417,83,0,0
371185,1,54,2156,38,0,52,134487.39,149084,417,83,0,0
371215,1,54,2153,38,0,52,134487.39,149084,417,83,0,0
371414,1,54,2182,41,0,52,134487.39,149084,417,83,0,0
371515,1,55,2153,43,0,52,134487.39,149084,417,83,0,0
371664,1,55,2192,46,0,52,134487.39,149084,417,83,0,0
371684,1,55,2192,46,0,52,134487.39,149084,417,83,0,0
371882,1,55,2183,59,0,52,134487.39,149084,417,83,0,0
372008,1,55,2233,71,0,52,134488.39,149084,417,83,0,0
372122,1,55,2219,84,0,52,134488.39,149084,417,83,0,0
372190,1,55,2219,84,0,52,134488.39,149084,417,83,0,0
372360,1,55,2235,84,0,52,134488.39,149084,417,83,0,0
372465,1,56,2243,84,0,52,134488.39,149084,417,83,0,0
372564,1,56,2247,77,0,52,134488.39,149084,417,83,0,0
372714,1,56,2263,74,0,52,134488.39,149084,417,83,0,0
372856,1,57,2263,74,0,52,134489.47,149084,417,83,0,0
372964,1,57,2285,76,0,52,134489.47,149084,417,83,0,0
373064,1,57,2286,76,0,52,134489.47,149084,417,83,0,0
373185,1,57,2291,76,0,52,134489.47,149084,417,83,0,0
373209,1,57,2331,76,0,52,134489.47,149084,417,83,0,0
373439,1,58,2312,85,0,52,134489.47,149084,417,83,0,0
373564,1,59,2357,86,0,52,134490.47,149084,417,83,0,0
373684,1,59,2364,87,0,52,134490.47,149084,417,83,0,0
373684,1,59,2364,87,0,52,134490.47,149084,417,83,0,0
373914,1,59,2397,74,0,52,134490.47,149084,417,83,0,0
374014,1,59,2392,76,0,52,134490.47,149084,417,83,0,0
374139,1,60,2370,82,0,52,134490.47,149084,417,83,0,0
374214,1,60,2400,87,0,52,134490.47,149084,417,83,0,0
374368,1,60,2400,87,0,52,134491.52,149084,417,83,0,0
374508,1,60,2423,83,0,52,134491.52,149084,417,83,0,0
374624,1,61,2413,78,0,52,134491.52,149084,417,83,0,0
374714,1,61,2459,64,0,52,134491.52,149084,417,83,0,0
374859,1,61,2438,64,0,52,134491.52,149084,417,83,0,0
374964,1,62,2433,62,0,52,134491.52,149084,417,83,0,0
375064,1,62,2441,59,0,52,134492.58,149084,417,83,0,0
375214,1,62,2476,55,0,52,134492.58,149084,417,83,0,0
375214,1,62,2476,55,0,52,134492.58,149084,417,83,0,0
375459,1,62,2479,55,0,52,134492.58,149084,417,83,0,0
375564,1,63,2522,55,0,52,134492.58,149084,417,83,0,0
375684,1,63,2499,55,0,52,134492.58,149084,417,83,0,0
375743,1,63,2505,54,0,52,134492.58,149084,417,83,0,0
375919,1,63,2496,49,0,52,134492.58,149084,417,83,0,0
376039,1,63,2548,37,0,52,134493.59,149084,417,83,0,0
376158,1,63,2535,23,0,52,134493.59,149084,417,83,0,0
376184,1,63,2535,23,0,52,134493.59,149084,417,83,0,0
376384,1,63,2474,3,0,52,134493.59,149084,417,83,0,0
376508,1,64,2538,0,0,52,134493.59,149084,417,83,0,0
376625,1,64,2543,0,0,52,134493.59,149084,417,83,0,0
376714,1,64,2546,0,0,52,134493.59,149084,417,83,0,0
376859,1,64,2547,0,0,52,134493.59,149084,417,83,0,0
376964,1,64,2550,0,0,52,134493.59,149084,417,83,0,0
377064,1,64,2550,0,0,52,134493.59,149084,417,83,0,0
377213,1,64,2539,0,0,52,134493.59,149084,417,83,0,0
377341,1,64,2539,0,0,52,134493.59,149084,417,83,0,0
377465,1,64,2528,0,0,52,134493.59,149084,417,83,0,0
377564,1,64,2555,0,0,52,134493.59,149084,417,83,0,0
377684,1,64,2535,0,0,52,134493.59,149084,417,83,0,0
377726,1,64,2558,0,0,52,134493.59,149084,417,83,0,0
377939,1,64,2558,0,0,52,134493.59,149084,417,83,0,0
378058,1,64,2554,0,0,52,134493.59,149084,417,83,0,0
378164,1,64,2558,0,0,52,134493.59,149084,417,83,0,0
378214,1,64,2554,0,0,52,134493.59,149084,417,83,0,0
378414,1,64,2528,0,0,52,134493.59,149084,417,83,0,0
378519,1,64,2528,0,0,52,134493.59,149084,417,83,0,0
378639,1,64,2528,0,0,52,134493.59,149084,417,83,0,0
378709,1,64,2528,0,0,52,134493.59,149084,417,83,0,0
378878,1,63,2496,0,0,52,134493.59,149084,417,83,0,0
378964,1,63,2496,0,0,52,134493.59,149084,417,83,0,0
379109,1,63,2496,0,0,52,134493.59,149084,417,84,0,0
379186,1,63,2528,0,0,52,134493.59,149084,417,84,0,0
379339,1,63,2496,0,0,52,134493.59,149084,417,84,0,0
379465,1,63,2496,0,0,52,134493.59,149085,417,84,0,0
379564,1,63,2496,0,0,52,134493.59,149085,417,84,0,0
379684,1,63,2496,0,36,52,134493.59,149085,417,84,0,0
379826,1,63,2496,0,36,52,134493.59,149085,417,84,0,0
379939,1,63,2464,0,36,52,134493.59,149085,417,84,0,0
380059,1,63,2464,0,14,52,134493.59,149085,417,84,0,0
380164,1,62,2464,0,0,52,134493.59,149085,417,84,0,0
380264,1,62,2464,0,0,52,134493.59,149085,417,84,0,0
380459,1,62,2464,0,0,52,134493.59,149085,417,84,0,0
380564,1,62,2464,0,0,52,134493.59,149085,417,84,0,0
380684,1,62,2464,0,0,52,134493.59,149085,417,84,0,0
380744,1,62,2464,0,0,52,134493.59,149085,417,84,0,0
380920,1,62,2432,0,0,52,134493.59,149085,417,84,0,0
381039,1,62,2432,0,0,52,134493.59,149085,417,84,0,0
381158,1,62,2432,0,0,52,134493.59,149085,417,84,0,0
381219,1,62,2432,0,0,52,134493.59,149085,417,84,0,0
381366,1,61,2432,0,0,52,134493.59,149085,417,84,0,0
381509,1,61,2432,0,0,52,134493.59,149085,416,84,0,0
381621,1,61,2432,0,0,52,134493.59,149085,416,84,0,0
381719,1,61,2400,0,12,52,134493.59,149085,416,84,0,0
381756,1,61,2400,0,12,52,134493.59,149085,416,84,0,0
381964,1,61,2400,0,20,52,134493.59,149085,416,84,0,0
382067,1,60,2400,0,20,52,134493.59,149085,416,84,0,0
382214,1,60,2368,0,20,52,134493.59,149085,416,84,0,0
382239,1,60,2368,0,20,52,134493.59,149085,416,84,0,0
382439,1,59,2368,0,52,52,134493.59,149085,416,84,0,0
382564,1,59,2336,0,52,52,134493.59,149085,416,84,0,0
382664,1,59,2336,0,52,52,134493.59,149085,416,84,0,0
382748,1,58,2304,0,52,52,134493.59,149085,416,84,0,0
382876,1,58,2304,0,26,52,134493.59,149085,416,84,0,0
383014,1,58,2304,0,4,52,134493.59,149085,416,84,0,0
383139,1,58,2272,0,6,52,134493.59,149085,416,84,0,0
383219,1,58,2272,0,6,52,134493.59,149085,416,84,0,0
383366,1,57,2272,0,14,52,134493.59,149085,416,84,0,0
383465,1,57,2272,0,16,52,134493.59,149085,416,84,0,0
383621,1,57,2240,0,22,52,134493.59,149085,416,84,0,0
383720,1,57,2240,0,22,52,134493.59,149085,416,84,0,0
383720,1,57,2240,0,22,52,134493.59,149085,416,84,0,0
383964,1,56,2208,0,32,52,134493.59,149085,416,84,0,0
384064,1,56,2208,0,40,52,134493.59,149085,416,84,0,0
384208,1,55,2176,0,46,52,134493.59,149085,416,84,0,0
384208,1,55,2176,0,46,52,134493.59,149085,416,84,0,0
384459,1,54,2144,0,46,52,134493.59,149085,416,84,0,0
384567,1,54,2144,0,48,52,134493.59,149085,416,84,0,0
384684,1,54,2112,0,48,52,134493.59,149085,416,84,0,0
384710,1,54,2112,0,48,52,134493.59,149085,416,84,0,0
384919,1,53,2112,0,2,52,134493.59,149085,416,84,0,0
385039,1,53,2080,0,0,52,134493.59,149085,416,84,0,0
385159,1,53,2080,0,0,52,134493.59,149085,416,84,0,0
385251,1,53,2080,0,0,52,134493.59,149085,416,84,0,0
385365,1,53,2080,0,0,52,134493.59,149085,416,84,0,0
385509,1,52,2080,0,0,52,134493.59,149085,416,84,0,0
385621,1,52,2048,0,0,52,134493.59,149085,416,84,0,0
385709,1,52,2048,0,0,52,134493.59,149085,416,84,0,0
385864,1,52,2048,0,0,52,134493.59,149085,416,84,0,0
385964,1,51,2048,0,0,52,134493.59,149085,416,84,0,0
386065,1,51,2048,0,0,52,134493.59,149085,416,84,0,0
386219,1,51,2016,0,0,52,134493.59,149085,416,83,0,0
386219,1,51,2016,0,0,52,134493.59,149085,416,83,0,0
386454,1,51,2016,7,0,52,134493.59,149085,416,83,0,0
386565,1,51,2005,9,0,52,134493.59,149085,416,83,0,0
386684,1,50,2016,11,0,52,134494.59,149085,416,83,0,0
386722,1,50,2044,18,0,52,134494.59,149085,416,83,0,0
386873,1,50,2044,18,0,52,134494.59,149085,416,83,0,0
387019,1,50,2020,26,0,52,134494.59,149085,416,83,0,0
387139,1,51,2000,29,0,52,134494.59,149085,416,83,0,0
387209,1,51,2008,29,0,52,134494.59,149085,416,83,0,0
387364,1,50,2008,34,0,52,134494.59,149085,416,83,0,0
387465,1,50,1988,38,0,52,134494.59,149085,416,83,0,0
387621,1,50,2031,68,0,52,134494.59,149085,416,83,0,0
387719,1,50,2037,70,0,52,134494.59,149085,416,83,0,0
387719,1,50,2037,70,0,52,134494.59,149085,416,83,0,0
387965,1,51,2024,70,0,52,134494.59,149085,416,83,0,0
388065,1,51,2025,71,0,52,134494.59,149085,416,83,0,0
388209,1,51,2026,71,0,52,134495.64,149085,416,83,0,0
388359,1,51,2026,70,0,52,134495.64,149085,416,83,0,0
388465,1,51,2021,46,0,52,134495.64,149085,416,83,0,0
388568,1,51,2043,34,0,52,134495.64,149085,416,83,0,0
388709,1,51,2035,22,0,52,134495.64,149085,416,83,0,0
388765,1,51,2035,10,0,52,134495.64,149085,416,83,0,0
388939,1,51,1990,10,0,52,134495.64,149085,416,83,0,0
389059,1,51,2017,0,0,52,134495.64,149085,416,83,0,0
389165,1,51,2020,0,0,52,134495.64,149085,416,83,0,0
389222,1,51,2018,0,0,52,134495.64,149085,416,83,0,0
389365,1,51,2017,0,0,52,134495.64,149085,416,83,0,0
389512,1,50,1985,0,0,52,134495.64,149085,416,83,0,0
389620,1,50,1984,4,0,52,134495.64,149085,416,83,0,0
389739,1,50,1984,5,0,52,134495.64,149085,416,83,0,0
389871,1,50,1984,5,0,52,134496.66,149085,416,83,0,0
389965,1,50,1986,5,0,52,134496.66,149085,416,83,0,0
390065,1,50,1988,21,0,52,134496.66,149085,416,83,0,0
390184,1,50,2001,31,0,52,134496.66,149085,416,83,0,0
390247,1,50,2009,46,0,52,134496.66,149085,416,83,0,0
390454,1,50,1980,46,0,52,134496.66,149085,416,83,0,0
390565,1,50,2006,79,0,52,134496.66,149085,416,83,0,0
390684,1,50,1996,83,0,52,134496.66,149085,416,83,0,0
390739,1,50,2001,83,0,52,134496.66,149085,416,83,0,0
390912,1,50,1989,83,0,52,134496.66,149085,416,83,0,0
391039,1,50,2021,65,0,52,134496.66,149085,416,83,0,0
391162,1,50,2007,49,0,52,134497.67,149085,416,83,0,0
391239,1,50,2010,30,0,52,134497.67,149085,416,83,0,0
391383,1,50,2010,30,0,52,134497.67,149085,416,83,0,0
391512,1,50,2005,0,0,52,134497.67,149085,416,83,0,0
391622,1,50,1957,0,0,52,134497.67,149085,416,83,0,0
391739,1,50,1986,0,0,52,134497.67,149085,416,83,0,0
391780,1,50,1986,0,0,52,134497.67,149085,416,83,0,0
391965,1,50,1982,0,0,52,134497.67,149085,416,83,0,0
392112,1,50,1981,0,0,52,134497.67,149085,416,83,0,0
392222,1,50,2013,0,0,52,134497.67,149085,416,83,0,0
392248,1,50,2013,0,0,52,134497.67,149085,416,83,0,0
392454,1,49,1982,0,0,52,134497.67,149085,416,83,0,0
392565,1,49,1952,0,0,52,134497.67,149085,416,83,0,0
392684,1,49,1920,0,0,52,134497.67,149085,416,83,0,0
392759,1,49,1923,0,0,52,134497.67,149085,416,83,0,0
392895,1,49,1931,0,0,52,134497.67,149085,416,83,0,0
393039,1,48,1932,0,0,52,134497.67,149085,416,83,0,0
393159,1,48,1949,10,0,52,134497.67,149085,416,83,0,0
393222,1,48,1945,16,0,52,134497.67,149085,416,83,0,0
393382,1,48,1945,16,0,52,134497.67,149085,416,83,0,0
393512,1,48,1923,16,0,52,134498.70,149085,416,83,0,0
393622,1,48,1902,31,0,52,134498.70,149085,416,83,0,0
393739,1,48,1913,41,0,52,134498.70,149085,416,83,0,0
393869,1,48,1916,41,0,52,134498.70,149085,416,83,0,0
393965,1,48,1909,52,0,52,134498.70,149085,416,83,0,0
394112,1,48,1914,56,0,52,134498.70,149085,416,83,0,0
394222,1,48,1897,60,0,52,134498.70,149085,416,83,0,0
394246,1,48,1897,60,0,52,134498.70,149085,416,83,0,0
394460,1,48,1939,60,0,52,134498.70,149085,416,83,0,0
394564,1,48,1894,68,0,52,134498.70,149085,416,83,0,0
394684,1,48,1933,70,0,52,134499.75,149085,416,83,0,0
394762,1,48,1936,73,0,52,134499.75,149085,416,83,0,0
394894,1,48,1944,73,0,52,134499.75,149085,416,83,0,0
395039,1,49,1933,70,0,52,134499.75,149085,416,83,0,0
395165,1,49,1949,51,0,52,134499.75,149085,416,83,0,0
395264,1,49,1937,42,0,52,134499.75,149085,416,83,0,0
395381,1,49,1941,42,0,52,134499.75,149085,416,83,0,0
395512,1,49,1943,42,0,52,134499.75,149085,416,83,0,0
395622,1,49,1929,27,0,52,134500.77,149085,416,83,0,0
395739,1,49,1926,29,0,52,134500.77,149085,416,83,0,0
395762,1,49,1926,29,0,52,134500.77,149085,416,83,0,0
395965,1,49,1938,36,0,52,134500.77,149085,416,83,0,0
396112,1,49,1932,38,0,52,134500.77,149085,416,83,0,0
396222,1,49,1936,39,0,52,134500.77,149085,416,83,0,0
396264,1,49,1936,39,0,52,134500.77,149085,416,83,0,0
396454,1,49,1938,39,0,52,134500.77,149085,416,83,0,0
396554,1,49,1935,39,0,52,134500.77,149085,416,83,0,0
396684,1,49,1933,40,0,52,134500.77,149085,416,83,0,0
396739,1,49,1933,41,0,52,134500.77,149085,416,83,0,0
396893,1,49,1933,41,0,52,134500.77,149085,416,83,0,0
397039,1,49,1946,70,0,52,134500.77,149085,416,83,0,0
397139,1,49,1978,76,0,52,134501.80,149085,416,83,0,0
397222,1,49,1954,77,0,52,134501.80,149085,416,83,0,0
397379,1,49,1954,77,0,52,134501.80,149085,416,83,0,0
397512,1,49,1973,77,0,52,134501.80,149085,416,83,0,0
397622,1,49,2009,82,0,52,134501.80,149085,416,83,0,0
397739,1,50,1990,81,0,52,134501.80,149085,416,83,0,0
397765,1,50,1990,81,0,52,134501.80,149085,416,83,0,0
397964,1,50,1961,47,0,52,134502.84,149085,416,83,0,0
398064,1,50,1992,42,0,52,134502.84,149085,416,83,0,0
398211,1,50,1984,33,0,52,134502.84,149085,416,83,0,0
398239,1,50,1984,26,0,52,134502.84,149085,416,83,0,0
398439,1,50,1988,26,0,52,134502.84,149085,416,83,0,0
398561,1,50,1995,48,0,52,134502.84,149085,416,83,0,0
398664,1,50,2006,48,0,52,134502.84,149085,416,83,0,0
398739,1,50,1999,48,0,52,134502.84,149085,416,83,0,0
398891,1,50,1999,48,0,52,134502.84,149085,416,83,0,0
399022,1,50,2000,24,0,52,134502.84,149085,416,83,0,0
399139,1,50,1996,18,0,52,134502.84,149085,416,83,0,0
399265,1,50,1964,5,0,52,134503.88,149085,416,83,0,0
399265,1,50,1964,5,0,52,134503.88,149085,416,83,0,0
399512,1,50,2013,0,0,52,134503.88,149085,416,83,0,0
399622,1,50,2013,0,0,52,134503.88,149085,416,83,0,0
399739,1,50,2013,0,0,52,134503.88,149085,416,83,0,0
399767,1,50,2013,0,0,52,134503.88,149085,416,83,0,0
399965,1,50,1980,0,0,52,134503.88,149085,416,83,0,0
400064,1,49,1981,0,0,52,134503.88,149085,416,83,0,0
400211,1,49,1968,0,0,52,134503.88,149085,416,83,0,0
400264,1,49,1968,0,0,52,134503.88,149085,416,83,0,0
400446,1,49,1948,0,0,52,134503.88,149085,416,83,0,0
400561,1,49,1926,0,0,52,134503.88,149085,416,83,0,0
400664,1,48,1932,0,0,52,134503.88,149085,416,83,0,0
400739,1,48,1945,0,0,52,134503.88,149085,416,83,0,0
400890,1,48,1913,0,0,52,134503.88,149085,416,83,0,0
401022,1,48,1913,0,0,52,134503.88,149085,416,83,0,0
401139,1,48,1902,0,0,52,134503.88,149085,416,83,0,0
401239,1,47,1912,0,0,52,134503.88,149085,416,83,0,0
401377,1,47,1880,0,0,52,134503.88,149085,416,83,0,0
401512,1,47,1884,0,0,52,134503.88,149085,416,83,0,0
401622,1,47,1867,0,0,52,134503.88,149085,416,83,0,0
401739,1,47,1869,0,0,52,134503.88,149085,416,83,0,0
401761,1,47,1869,0,0,52,134503.88,149085,416,83,0,0
401964,1,47,1824,0,0,52,134503.88,149085,416,83,0,0
402064,1,46,1824,0,0,52,134503.88,149085,416,83,0,0
402184,1,46,1824,0,0,52,134503.88,149085,416,83,0,0
402264,1,46,1824,3,0,52,134503.88,149085,416,83,0,0
402411,1,46,1830,3,0,52,134503.88,149085,416,83,0,0
402554,1,45,1810,21,0,52,134503.88,149085,416,83,0,0
402664,1,45,1846,27,0,52,134503.88,149085,416,83,0,0
402739,1,45,1835,27,0,52,134503.88,149085,416,83,0,0
402889,1,45,1835,27,0,52,134503.88,149085,416,83,0,0
403022,1,45,1802,39,0,52,134503.88,149085,416,83,0,0
403139,1,45,1804,41,0,52,134504.89,149085,416,83,0,0
403264,1,45,1826,42,0,52,134504.89,149085,416,83,0,0
403401,1,45,1846,42,0,52,134504.89,149085,416,83,0,0
403512,1,45,1812,43,0,52,134504.89,149085,416,83,0,0
403622,1,45,1813,43,0,52,134504.89,149085,416,83,0,0
403739,1,45,1813,44,0,52,134504.89,149085,416,83,0,0
403888,1,45,1812,44,0,52,134504.89,149085,416,83,0,0
403964,1,45,1813,51,0,52,134504.89,149085,416,83,0,0
404122,1,45,1811,62,0,52,134504.89,149085,416,83,0,0
404239,1,45,1795,62,0,52,134504.89,149085,416,83,0,0
404261,1,45,1795,62,0,52,134504.89,149085,416,83,0,0
404466,1,45,1846,63,0,52,134505.91,149085,416,83,0,0
404564,1,46,1847,63,0,52,134505.91,149085,416,83,0,0
404684,1,46,1834,63,0,52,134505.91,149085,416,83,0,0
404738,1,46,1832,64,0,52,134505.91,149085,416,83,0,0
404939,1,46,1842,69,0,52,134505.91,149085,416,83,0,0
405054,1,46,1845,72,0,52,134505.91,149085,416,83,0,0
405164,1,46,1852,76,0,52,134505.91,149085,416,83,0,0
405274,1,46,1838,77,0,52,134505.91,149085,416,83,0,0
405308,1,46,1838,77,0,52,134505.91,149085,416,83,0,0
405538,1,47,1856,78,0,52,134506.94,149085,416,83,0,0
405638,1,47,1862,78,0,52,134506.94,149085,416,83,0,0
405764,1,47,1898,78,0,52,134506.94,149085,416,83,0,0
405887,1,47,1870,78,0,52,134506.94,149085,416,83,0,0
406022,1,47,1900,78,0,52,134506.94,149085,416,83,0,0
406139,1,48,1896,78,0,52,134506.94,149085,416,83,0,0
406238,1,48,1895,79,0,52,134507.95,149085,416,83,0,0
406238,1,48,1895,79,0,52,134507.95,149085,416,83,0,0
406465,1,48,1896,81,0,52,134507.95,149085,416,83,0,0
406611,1,48,1934,81,0,52,134507.95,149085,416,83,0,0
406722,1,48,1939,82,0,52,134507.95,149085,416,83,0,0
406764,1,48,1939,82,0,52,134507.95,149085,416,83,0,0
406964,1,49,1946,85,0,52,134507.95,149085,416,83,0,0
407064,1,49,1951,85,0,52,134507.95,149085,416,83,0,0
407183,1,49,1958,85,0,52,134509.00,149085,416,83,0,0
407264,1,49,1957,85,0,52,134509.00,149085,416,83,0,0
407411,1,49,1957,85,0,52,134509.00,149085,416,83,0,0
407538,1,50,1957,93,0,52,134509.00,149085,416,83,0,0
407664,1,50,1995,97,0,52,134509.00,149085,416,83,0,0
407738,1,50,2012,99,0,52,134509.00,149085,416,83,0,0
407886,1,50,2012,99,0,52,134509.00,149085,416,83,0,0
408022,1,50,2023,101,0,52,134510.06,149085,416,83,0,0
408122,1,51,2034,101,0,52,134510.06,149085,416,83,0,0
408238,1,51,2039,101,0,52,134510.06,149085,416,83,0,0
408274,1,51,2039,101,0,52,134510.06,149085,416,83,0,0
408467,1,52,2078,101,0,52,134510.06,149085,416,83,0,0
408564,1,52,2079,76,0,52,134510.06,149085,416,83,0,0
408711,1,52,2055,57,0,52,134511.14,149085,416,83,0,0
408764,1,52,2055,46,0,52,134511.14,149085,416,83,0,0
408922,1,52,2050,43,0,52,134511.14,149085,416,83,0,0
409064,1,52,2077,43,0,52,134511.14,149085,416,83,0,0
409183,1,52,2059,43,0,52,134511.14,149085,416,83,0,0
409238,1,52,2063,43,0,52,134511.14,149085,416,83,0,0
409412,1,52,2069,43,0,52,134511.14,149085,416,83,0,0
409538,1,52,2072,42,0,52,134511.14,149085,416,83,0,0
409661,1,52,2073,42,0,52,134511.14,149085,416,83,0,0
409773,1,52,2070,42,0,52,134511.14,149085,416,83,0,0
409885,1,52,2069,42,0,52,134511.14,149085,416,83,0,0
410011,1,52,2066,45,0,52,134512.19,149085,416,83,0,0
410122,1,52,2070,47,0,52,134512.19,149085,416,83,0,0
410238,1,52,2050,48,0,52,134512.19,149085,416,83,0,0
410265,1,52,2050,48,0,52,134512.19,149085,416,83,0,0
410465,1,52,2058,48,0,52,134512.19,149085,416,83,0,0
410564,1,52,2059,48,0,52,134512.19,149085,416,83,0,0
410711,1,52,2062,48,0,52,134512.19,149085,416,83,0,0
410764,1,52,2062,48,0,52,134512.19,149085,416,83,0,0
410922,1,52,2062,48,0,52,134512.19,149085,416,83,0,0
411064,1,52,2062,48,0,52,134513.20,149085,416,83,0,0
411183,1,52,2059,48,0,52,134513.20,149085,416,83,0,0
411264,1,52,2059,44,0,52,134513.20,149085,416,83,0,0
411264,1,52,2059,44,0,52,134513.20,149085,416,83,0,0
411521,1,52,2074,36,0,52,134513.20,149085,417,83,0,0
411638,1,52,2054,36,0,52,134513.20,149085,417,83,0,0
411738,1,52,2077,40,0,52,134513.20,149085,417,83,0,0
411883,1,52,2111,40,0,52,134513.20,149085,417,83,0,0
412011,1,52,2060,40,0,52,134513.20,149085,417,83,0,0
412122,1,52,2059,33,0,52,134513.20,149085,417,83,0,0
412238,1,52,2084,47,0,52,134513.20,149085,417,83,0,0
412265,1,52,2052,47,0,52,134513.20,149085,417,83,0,0
412465,1,52,2097,79,0,52,134513.20,149085,417,83,0,0
412564,1,52,2108,83,0,52,134514.27,149085,417,83,0,0
412683,1,53,2093,88,0,52,134514.27,149085,417,83,0,0
412764,1,53,2112,89,0,52,134514.27,149085,417,83,0,0
412921,1,53,2136,89,0,52,134514.27,149085,417,83,0,0
413061,1,53,2142,87,0,52,134514.27,149085,417,83,0,0
413164,1,54,2142,83,0,52,134515.31,149085,417,83,0,0
413264,1,54,2165,80,0,52,134515.31,149085,417,83,0,0
413264,1,54,2165,80,0,52,134515.31,149085,417,83,0,0
413521,1,54,2155,67,0,52,134515.31,149085,417,83,0,0
413638,1,54,2159,67,0,52,134515.31,149085,417,83,0,0
413738,1,54,2144,67,0,52,134515.31,149085,417,83,0,0
413764,1,54,2144,67,0,52,134515.31,149085,417,83,0,0
413964,1,54,2145,68,0,52,134515.31,149085,417,83,0,0
414111,1,55,2181,69,0,52,134516.36,149085,417,83,0,0
414222,1,55,2186,71,0,52,134516.36,149085,417,83,0,0
414264,1,55,2186,71,0,52,134516.36,149085,417,83,0,0
414462,1,55,2189,74,0,52,134516.36,149085,417,83,0,0
414564,1,55,2194,71,0,52,134516.36,149085,417,83,0,0
414683,1,55,2198,64,0,52,134516.36,149085,417,83,0,0
414761,1,55,2238,62,0,52,134516.36,149085,417,83,0,0
414881,1,55,2179,62,0,52,134516.36,149085,417,83,0,0
415038,1,55,2191,40,0,52,134517.39,149085,417,83,0,0
415138,1,55,2194,34,0,52,134517.39,149085,417,83,0,0
415238,1,55,2182,33,0,52,134517.39,149085,417,83,0,0
415394,1,55,2182,33,0,52,134517.39,149085,417,83,0,0
415511,1,55,2204,33,0,52,134517.39,149085,417,83,0,0
415621,1,55,2176,33,0,52,134517.39,149085,417,83,0,0
415738,1,55,2176,41,0,52,134517.39,149085,417,83,0,0
415764,1,55,2176,41,0,52,134517.39,149085,417,83,0,0
415964,1,55,2185,43,0,52,134517.39,149085,417,83,0,0
416064,1,55,2201,47,0,52,134517.39,149085,417,83,0,0
416183,1,55,2202,50,0,52,134517.39,149085,417,83,0,0
416309,1,55,2202,50,0,52,134517.39,149085,417,83,0,0
416433,1,55,2191,50,0,52,134517.39,149085,417,83,0,0
416561,1,55,2198,50,0,52,134518.42,149085,417,83,0,0
416664,1,55,2194,50,0,52,134518.42,149085,417,83,0,0
416764,1,55,2185,50,0,52,134518.42,149085,417,83,0,0
416911,1,55,2181,50,0,52,134518.42,149085,417,83,0,0
417021,1,55,2179,50,0,52,134518.42,149085,417,83,0,0
417138,1,55,2185,50,0,52,134518.42,149085,417,83,0,0
417238,1,55,2186,45,0,52,134518.42,149085,417,83,0,0
417281,1,55,2186,45,0,52,134518.42,149085,417,83,0,0
417466,1,55,2178,42,0,52,134518.42,149085,417,83,0,0
417564,1,55,2189,42,0,52,134518.42,149085,417,83,0,0
417721,1,55,2184,50,0,52,134518.42,149085,417,83,0,0
417764,1,55,2184,50,0,52,134519.45,149085,417,83,0,0
417956,1,55,2206,66,0,52,134519.45,149085,417,83,0,0
418064,1,55,2234,75,0,52,134519.45,149085,417,83,0,0
418183,1,55,2214,81,0,52,134519.45,149085,417,83,0,0
418266,1,55,2223,88,0,52,134519.45,149085,417,83,0,0
418421,1,55,2230,91,0,52,134519.45,149085,417,83,0,0
418538,1,56,2210,94,0,52,134519.45,149085,417,83,0,0
418638,1,56,2250,94,0,52,134519.45,149085,417,83,0,0
418738,1,56,2257,95,0,52,134520.53,149085,417,83,0,0
418738,1,56,2257,95,0,52,134520.53,149085,417,83,0,0
418964,1,57,2253,95,0,52,134520.53,149085,417,83,0,0
419122,1,57,2273,89,0,52,134520.53,149085,417,83,0,0
419238,1,57,2277,88,0,52,134520.53,149085,417,83,0,0
419307,1,57,2277,88,0,52,134520.53,149085,417,83,0,0
419464,1,58,2280,61,0,52,134521.58,149085,417,83,0,0
419564,1,58,2300,43,0,52,134521.58,149085,417,83,0,0
419683,1,58,2286,24,0,52,134521.58,149085,417,83,0,0
419764,1,58,2284,4,0,52,134521.58,149085,417,83,0,0
419912,1,58,2282,4,0,52,134521.58,149085,417,83,0,0
420053,1,57,2281,0,0,52,134521.58,149085,417,83,0,0
420164,1,57,2285,0,0,52,134521.58,149085,417,83,0,0
420264,1,57,2287,0,0,52,134521.58,149085,417,83,0,0
420391,1,57,2288,0,0,52,134521.58,149085,417,83,0,0
420521,1,57,2252,0,0,52,134521.58,149085,417,83,0,0
420638,1,57,2283,0,0,52,134521.58,149085,417,83,0,0
420764,1,57,2283,0,0,52,134521.58,149085,417,83,0,0
420764,1,57,2283,0,0,52,134521.58,149085,417,83,0,0
421011,1,57,2252,0,0,52,134522.58,149085,417,83,0,0
421122,1,57,2299,0,0,52,134522.58,149085,417,83,0,0
421238,1,56,2259,0,0,52,134522.58,149085,417,83,0,0
421265,1,56,2259,0,0,52,134522.58,149085,417,83,0,0
421464,1,56,2234,0,0,52,134522.58,149085,417,83,0,0
421564,1,56,2222,0,0,52,134522.58,149085,417,83,0,0
421683,1,56,2266,0,0,52,134522.58,149085,417,83,0,0
421765,1,56,2238,0,0,52,134522.58,149085,417,83,0,0
421911,1,56,2237,0,0,52,134522.58,149085,417,83,0,0
422053,1,56,2237,0,0,52,134522.58,149085,417,83,0,0
422164,1,56,2220,0,0,52,134522.58,149085,417,83,0,0
422265,1,55,2208,0,0,52,134522.58,149085,417,83,0,0
422421,1,55,2208,0,0,52,134522.58,149085,417,83,0,0
422538,1,55,2176,0,0,52,134522.58,149085,417,83,0,0
422683,1,55,2176,0,0,52,134522.58,149085,417,83,0,0
422765,1,55,2176,0,0,52,134522.58,149085,417,83,0,0
422911,1,55,2176,0,0,52,134522.58,149085,417,83,0,0
423053,1,55,2144,0,0,52,134522.58,149085,417,83,0,0
423164,1,54,2144,0,0,52,134522.58,149085,417,83,0,0
423265,1,54,2144,0,0,52,134522.58,149085,417,83,0,0
423421,1,54,2144,0,0,52,134522.58,149085,417,83,0,0
423538,1,54,2144,0,0,52,134522.58,149085,417,83,0,0
423661,1,54,2144,0,0,52,134522.58,149085,417,83,0,0
423765,1,54,2112,0,0,52,134522.58,149085,417,83,0,0
423765,1,54,2112,0,0,52,134522.58,149085,417,83,0,0
424021,1,54,2112,0,0,52,134522.58,149085,417,84,0,0
424138,1,53,2112,0,0,52,134522.58,149085,417,84,0,0
424261,1,53,2112,0,0,52,134522.58,149085,417,84,0,0
424264,1,53,2112,0,0,52,134522.58,149085,417,84,0,0
424464,1,53,2112,0,0,52,134522.58,149085,417,84,0,0
424564,1,53,2112,0,0,52,134522.58,149085,417,84,0,0
424723,1,53,2080,0,0,52,134522.58,149085,417,84,0,0
424763,1,53,2080,0,0,52,134522.58,149085,417,84,0,0
424952,1,53,2080,0,0,52,134522.58,149085,417,84,0,0
425063,1,52,2080,0,0,52,134522.58,149085,417,84,0,0
425183,1,52,2080,0,0,52,134522.58,149085,417,84,0,0
425264,1,52,2080,0,0,52,134522.58,149085,417,84,0,0
425424,1,52,2080,0,0,52,134522.58,149085,417,84,0,0
425538,1,52,2048,0,0,52,134522.58,149085,417,84,0,0
425661,1,52,2048,0,0,52,134522.58,149085,417,84,0,0
425764,1,52,2048,0,0,52,134522.58,149085,417,84,0,0
425911,1,52,2048,0,0,52,134522.58,149085,417,84,0,0
426021,1,51,2048,0,0,52,134522.58,149085,417,84,0,0
426138,1,51,2016,0,0,52,134522.58,149085,417,84,0,0
426264,1,51,2016,0,0,52,134522.58,149085,417,84,0,0
426264,1,51,2016,0,0,52,134522.58,149085,417,84,0,0
426481,1,51,2016,0,0,52,134522.58,149085,417,84,0,0
426564,1,51,2016,0,0,52,134522.58,149085,417,84,0,0
426723,1,51,2016,0,0,52,134522.58,149085,417,84,0,0
426763,1,51,1984,0,0,52,134522.58,149085,417,84,0,0
426961,1,50,1984,0,0,52,134522.58,149085,417,84,0,0
427064,1,50,1984,0,0,52,134522.58,149085,417,84,0,0
427183,1,50,1984,0,0,52,134522.58,149085,417,84,0,0
427263,1,50,1984,0,0,52,134522.58,149085,417,84,0,0
427421,1,50,1984,0,0,52,134522.58,149085,417,84,0,0
427538,1,50,1952,0,0,52,134522.58,149085,417,84,0,0
427664,1,50,1952,0,0,52,134522.58,149085,417,84,0,0
427764,1,50,1952,0,0,52,134522.58,149085,417,84,0,0
427764,1,50,1952,0,0,52,134522.58,149085,417,84,0,0
428021,1,49,1952,0,0,52,134522.58,149085,417,84,0,0
428138,1,49,1952,0,0,52,134522.58,149085,417,84,0,0
428264,1,49,1952,0,0,52,134522.58,149085,417,84,0,0
428264,1,49,1952,0,0,52,134522.58,149085,417,84,0,0
428511,1,49,1920,0,0,52,134522.58,149085,417,84,0,0
428621,1,49,1920,0,0,52,134522.58,149085,417,84,0,0
428738,1,48,1920,0,0,52,134522.58,149085,417,84,0,0
428765,1,48,1920,0,0,52,134522.58,149085,417,84,0,0
428975,1,48,1888,0,0,52,134522.58,149085,417,84,0,0
429063,1,48,1888,0,0,52,134522.58,149085,417,84,0,0
429211,1,48,1888,0,0,52,134522.58,149085,417,84,0,0
429265,1,48,1888,0,0,52,134522.58,149085,417,84,0,0
429421,1,48,1888,0,0,52,134522.58,149085,417,84,0,0
429565,1,48,1888,0,0,52,134522.58,149085,417,84,0,0
429683,1,47,1888,0,0,52,134522.58,149085,417,84,0,0
429763,1,47,1856,0,0,52,134522.58,149085,417,84,0,0
429933,1,47,1888,0,0,52,134522.58,149085,417,84,0,0
430053,1,47,1856,0,0,52,134522.58,149085,417,84,0,0
430165,1,47,1856,0,0,52,134522.58,149085,417,84,0,0
430282,1,47,1856,0,0,52,134522.58,149085,417,84,0,0
430282,1,47,1856,0,0,52,134522.58,149085,417,84,0,0
430538,1,46,1824,0,0,52,134522.58,149085,417,84,0,0
430638,1,46,1824,0,0,52,134522.58,149085,417,84,0,0
430766,1,46,1824,0,0,52,134522.58,149085,417,84,0,0
430805,1,46,1824,0,0,52,134522.58,149085,417,84,0,0
430999,1,46,1824,0,0,52,134522.58,149085,417,84,0,0
431113,1,46,1824,0,0,52,134522.58,149085,417,84,0,0
431221,1,46,1824,0,0,52,134522.58,149085,417,84,0,0
431313,1,46,1792,0,0,52,134522.58,149085,417,84,0,0
431467,1,45,1792,0,0,52,134522.58,149085,417,84,0,0
431563,1,45,1792,0,0,52,134522.58,149085,417,83,0,0
431713,1,45,1792,0,0,52,134522.58,149085,417,83,0,0
431811,1,45,1792,0,0,52,134522.58,149085,417,83,0,0
431948,1,45,1792,0,0,52,134522.58,149085,417,83,0,0
432063,1,45,1760,0,0,52,134522.58,149085,417,83,0,0
432183,1,45,1760,0,0,52,134522.58,149085,417,83,0,0
432266,1,44,1760,0,0,52,134522.58,149085,417,83,0,0
432438,1,44,1760,0,0,52,134522.58,149085,417,83,0,0
432565,1,44,1760,0,0,52,134522.58,149085,417,83,0,0
432683,1,44,1728,0,0,52,134522.58,149085,417,83,0,0
432763,1,44,1728,0,0,52,134522.58,149085,417,83,0,0
432933,1,44,1728,0,0,52,134522.58,149085,417,83,0,0
433053,1,43,1728,0,0,52,134522.58,149085,417,83,0,0
433166,1,43,1728,0,0,52,134522.58,149085,417,83,0,0
433266,1,43,1728,1,0,52,134522.58,149085,417,83,0,0
433266,1,43,1728,1,0,52,134522.58,149085,417,83,0,0
433538,1,43,1758,7,0,52,134522.58,149085,417,83,0,0
433638,1,43,1701,17,0,52,134522.58,149085,417,83,0,0
433765,1,43,1729,29,0,52,134522.58,149085,417,83,0,0
433811,1,43,1732,29,0,52,134522.58,149085,417,83,0,0
433997,1,43,1746,33,0,52,134522.58,149085,417,83,0,0
434113,1,43,1714,33,0,52,134522.58,149085,417,83,0,0
434238,1,43,1740,41,0,52,134522.58,149085,417,83,0,0
434265,1,43,1708,41,0,52,134522.58,149085,417,83,0,0
434437,1,43,1712,41,0,52,134522.58,149085,417,83,0,0
434565,1,43,1758,72,0,52,134522.58,149085,417,83,0,0
434683,1,43,1751,73,0,52,134522.58,149085,417,83,0,0
434813,1,44,1735,73,0,52,134523.61,149085,417,83,0,0
434946,1,44,1735,73,0,52,134523.61,149085,417,83,0,0
435065,1,44,1770,76,0,52,134523.61,149085,417,83,0,0
435183,1,44,1772,77,0,52,134523.61,149085,417,83,0,0
435265,1,44,1775,78,0,52,134523.61,149085,417,83,0,0
435432,1,44,1779,79,0,52,134523.61,149085,417,83,0,0
435537,1,45,1809,84,0,52,134523.61,149085,417,83,0,0
435665,1,45,1806,85,0,52,134523.61,149085,417,83,0,0
435765,1,45,1792,87,0,52,134523.61,149085,417,83,0,0
435812,1,45,1833,87,0,52,134524.61,149085,417,83,0,0
436012,1,45,1852,87,0,52,134524.61,149085,417,83,0,0
436122,1,46,1824,88,0,52,134524.61,149085,417,83,0,0
436237,1,46,1858,88,0,52,134524.61,149085,417,83,0,0
436312,1,46,1886,88,0,52,134524.61,149085,417,83,0,0
436465,1,46,1886,88,0,52,134524.61,149085,417,83,0,0
436565,1,47,1856,88,0,52,134524.61,149085,417,83,0,0
436712,1,47,1898,85,0,52,134525.62,149085,417,83,0,0
436834,1,48,1898,69,0,52,134525.62,149085,417,83,0,0
436945,1,48,1898,69,0,52,134525.62,149085,417,83,0,0
437065,1,48,1897,61,0,52,134525.62,149085,417,83,0,0
437183,1,48,1926,60,0,52,134525.62,149085,417,83,0,0
437264,1,48,1945,59,0,52,134525.62,149085,417,83,0,0
437431,1,48,1946,59,0,52,134525.62,149085,417,83,0,0
437537,1,48,1950,47,0,52,134525.62,149085,417,83,0,0
437665,1,49,1935,44,0,52,134526.64,149085,417,83,0,0
437765,1,49,1927,36,0,52,134526.64,149085,417,83,0,0
437812,1,49,1949,36,0,52,134526.64,149085,417,83,0,0
438013,1,49,1931,27,0,52,134526.64,149085,417,83,0,0
438123,1,49,1924,13,0,52,134526.64,149085,417,83,0,0
438237,1,49,1951,4,0,52,134526.64,149085,417,83,0,0
438266,1,49,1951,4,0,52,134526.64,149085,417,83,0,0
438474,1,48,1908,4,0,52,134526.64,149085,417,83,0,0
438565,1,48,1948,0,0,52,134526.64,149085,417,83,0,0
438712,1,48,1948,0,0,52,134526.64,149085,417,83,0,0
438812,1,48,1947,0,0,52,134526.64,149085,417,83,0,0
438943,1,48,1947,0,0,52,134526.64,149085,417,83,0,0
439065,1,48,1949,0,0,52,134526.64,149085,417,83,0,0
439183,1,48,1918,0,0,52,134526.64,149085,417,83,0,0
439265,1,48,1902,0,0,52,134526.64,149085,417,83,0,0
439320,1,48,1945,0,0,52,134526.64,149085,417,83,0,0
439522,1,48,1899,0,0,52,134526.64,149085,417,83,0,0
439638,1,47,1899,0,0,52,134526.64,149085,417,83,0,0
439765,1,48,1912,0,0,52,134526.64,149085,417,83,0,0
439812,1,48,1902,0,0,52,134526.64,149085,417,83,0,0
439994,1,48,1884,0,0,52,134526.64,149085,417,83,0,0
440113,1,47,1884,0,0,52,134526.64,149085,417,83,0,0
440223,1,47,1870,0,0,52,134526.64,149085,417,83,0,0
440265,1,47,1870,0,0,52,134526.64,149085,417,83,0,0
440437,1,47,1884,0,0,52,134526.64,149085,417,83,0,0
440565,1,47,1869,0,0,52,134526.64,149085,417,83,0,0
440683,1,47,1883,0,0,52,134526.64,149085,417,83,0,0
440814,1,47,1824,0,0,52,134526.64,149085,417,83,0,0
440942,1,47,1824,0,0,52,134526.64,149085,417,83,0,0
441062,1,46,1824,0,0,52,134526.64,149085,417,83,0,0
441165,1,46,1824,0,0,52,134526.64,149085,417,83,0,0
441265,1,46,1824,0,0,52,134526.64,149085,417,83,0,0
441429,1,46,1824,0,0,52,134526.64,149085,417,83,0,0
441537,1,46,1824,0,0,52,134526.64,149085,420,83,0,0
441665,1,45,1792,0,0,52,134526.64,149085,420,83,0,0
441765,1,45,1792,0,0,52,134526.64,149085,420,83,0,0
441812,1,45,1792,0,0,52,134526.64,149085,420,83,0,0
442012,1,45,1792,0,0,52,134526.64,149085,420,83,0,0
442123,1,45,1792,0,0,52,134526.64,149085,420,83,0,0
442237,1,45,1792,0,0,52,134526.64,149085,420,83,0,0
442343,1,45,1760,0,0,52,134526.64,149085,420,83,0,0
442465,1,45,1760,0,0,52,134526.64,149085,420,83,0,0
442568,1,44,1760,0,0,52,134526.64,149085,420,83,0,0
442712,1,44,1760,0,0,52,134526.64,149085,420,83,0,0
442825,1,44,1760,0,0,52,134526.64,149085,420,83,0,0
442825,1,44,1760,0,0,52,134526.64,149085,420,83,0,0
443067,1,44,1760,0,0,52,134526.64,149085,420,83,0,0
443183,1,44,1728,0,0,52,134526.64,149085,420,83,0,0
443305,1,44,1728,0,0,52,134526.64,149085,420,83,0,0
443326,1,44,1728,0,0,52,134526.64,149085,420,83,0,0
443552,1,43,1728,0,0,52,134526.64,149085,420,83,0,0
443665,1,43,1728,0,0,52,134526.64,149085,420,83,0,0
443765,1,43,1696,0,0,52,134526.64,149085,420,83,0,0
443805,1,43,1696,0,0,52,134526.64,149085,420,83,0,0
444023,1,43,1696,0,0,52,134526.64,149085,420,83,0,0
444137,1,43,1696,4,0,52,134526.64,149085,420,83,0,0
444237,1,42,1696,6,0,52,134526.64,149085,420,83,0,0
444313,1,42,1706,6,0,52,134526.64,149085,420,83,0,0
444466,1,42,1668,6,0,52,134526.64,149085,420,83,0,0
444566,1,42,1665,2,0,52,134526.64,149085,420,83,0,0
444723,1,42,1650,0,0,52,134527.66,149085,420,83,0,0
444805,1,42,1682,0,0,52,134527.66,149085,420,83,0,0
444940,1,42,1680,0,0,52,134527.66,149085,420,83,0,0
445066,1,42,1678,0,0,52,134527.66,149085,420,83,0,0
445182,1,42,1646,0,0,52,134527.66,149085,420,83,0,0
445312,1,41,1658,0,0,52,134527.66,149085,420,83,0,0
445344,1,41,1658,0,0,52,134527.66,149085,420,83,0,0
445565,1,41,1248,0,0,52,134527.66,149085,420,83,0,0
445665,1,41,1316,0,0,52,134527.66,149085,420,83,0,0
445765,1,41,1358,0,0,52,134527.66,149085,420,83,0,0
445922,1,41,1313,0,0,52,134527.66,149085,420,83,0,0
446037,1,41,1332,0,0,52,134527.66,149085,420,83,0,0
446162,1,41,1520,0,0,52,134527.66,149085,420,83,0,0
446265,1,40,1708,0,0,52,134527.66,149085,420,83,0,0
446325,1,40,1829,0,0,52,134527.66,149085,420,83,0,0
446512,1,40,2157,0,0,52,134527.66,149085,420,83,0,0
446622,1,40,2076,0,0,52,134527.66,149085,420,83,0,0
446737,1,40,2114,0,0,52,134527.66,149085,420,83,0,0
446829,1,40,2088,0,0,52,134527.66,149085,420,83,0,0
446938,1,39,2088,0,0,52,134527.66,149085,420,83,0,0
447064,1,39,2090,0,0,52,134527.66,149085,420,83,0,0
447182,1,39,2090,0,0,52,134527.66,149085,420,83,0,0
447264,1,39,2058,0,0,52,134527.66,149085,420,82,0,0
447438,1,39,2067,0,0,52,134527.66,149085,420,82,0,0
447564,1,39,2048,0,0,52,134527.66,149085,420,82,0,0
447682,1,38,2016,0,0,52,134527.66,149085,420,82,0,0
447765,1,38,2016,0,0,52,134527.66,149085,420,82,0,0
447804,1,38,2016,0,0,52,134527.66,149085,420,82,0,0
448037,1,38,1984,0,0,52,134527.66,149085,420,82,0,0
448165,1,38,1984,0,0,52,134527.66,149085,420,82,0,0
448265,1,37,1984,0,0,52,134527.66,149085,420,82,0,0
448265,1,37,1984,0,0,52,134527.66,149085,420,82,0,0
448512,1,37,1952,0,30,52,134527.66,149085,420,82,0,0
448629,1,37,1952,0,38,52,134527.66,149085,420,82,0,0
448737,1,36,1920,0,52,52,134527.66,149085,420,82,0,0
448846,1,36,1888,0,58,52,134527.66,149085,420,82,0,0
448965,1,36,1888,0,72,52,134527.66,149085,420,82,0,0
449065,1,35,1824,0,84,52,134527.66,149085,420,82,0,0
449212,1,34,1792,0,94,52,134527.66,149085,420,82,0,0
449322,1,34,1760,0,106,52,134527.66,149085,420,82,0,0
449453,1,33,1728,0,106,52,134527.66,149085,420,82,0,0
449565,1,32,1664,0,114,52,134527.66,149085,420,82,0,0
449682,1,31,1600,0,118,52,134527.66,149085,420,82,0,0
449765,1,30,1568,0,116,52,134527.66,149085,420,82,0,0
449937,1,29,1568,0,116,52,134527.66,149085,420,82,0,0
450052,1,28,1472,0,118,52,134527.66,149085,420,82,0,0
450165,1,27,1408,0,118,52,134527.66,149085,420,82,0,0
450265,1,26,1427,0,116,52,134527.66,149085,420,82,0,0
450308,1,26,1427,0,116,52,134527.66,149085,420,82,0,0
450518,1,26,1215,0,118,52,134527.66,149086,420,82,0,0
450637,1,24,1121,0,114,52,134527.66,149086,420,82,0,0
450737,1,23,1207,0,120,52,134528.67,149086,420,82,0,0
450764,1,23,1239,0,114,52,134528.67,149086,420,82,0,0
450987,1,22,1187,0,116,52,134528.67,149086,420,82,0,0
451065,1,21,1209,0,112,52,134528.67,149086,420,82,0,0
451212,1,20,1164,0,110,52,134528.67,149086,420,82,0,0
451264,1,20,1164,0,108,52,134528.67,149086,420,82,0,0
451437,1,19,1165,0,108,52,134528.67,149086,420,82,0,0
451564,1,18,1136,0,98,52,134528.67,149086,420,82,0,0
451682,1,18,1136,0,104,52,134528.67,149086,420,82,0,0
451764,1,17,1104,0,100,52,134528.67,149086,420,82,0,0
451935,1,17,1105,0,100,52,134528.67,149086,420,82,0,0
452052,1,15,1106,0,96,52,134528.67,149086,420,82,0,0
452165,1,15,1108,0,102,52,134528.67,149086,420,82,0,0
452264,1,14,1109,0,98,52,134528.67,149086,420,82,0,0
452305,1,14,1109,0,98,52,134528.67,149086,420,82,0,0
452512,1,14,1111,0,96,52,134528.67,149086,420,82,0,0
452627,1,13,1080,0,100,52,134528.67,149086,420,82,0,0
452737,1,12,1081,0,94,52,134528.67,149086,420,82,0,0
452812,1,12,1081,0,86,52,134528.67,149086,420,82,0,0
452937,1,11,1081,0,86,52,134528.67,149086,420,82,0,0
453065,1,10,1081,0,76,52,134528.67,149086,420,82,0,0
453212,1,10,1081,0,68,52,134528.67,149086,420,82,0,0
453312,1,9,1080,0,66,52,134528.67,149086,420,82,0,0
453454,1,9,1080,0,66,52,134528.67,149086,420,82,0,0
453564,1,8,1080,0,64,52,134528.67,149086,420,82,0,0
453682,1,8,1080,0,64,52,134529.67,149086,420,82,0,0
453806,1,7,1079,0,64,52,134529.67,149086,420,82,0,0
453937,1,6,1079,0,64,52,134529.67,149086,420,82,0,0
454052,1,6,1047,0,64,52,134529.67,149086,420,82,0,0
454165,1,6,1047,0,64,52,134529.67,149086,420,82,0,0
454265,1,5,1047,0,64,52,134529.67,149086,420,82,0,0
454311,1,5,1047,0,64,52,134529.67,149086,420,82,0,0
454518,1,5,1049,0,64,52,134529.67,149086,420,82,0,0
454637,1,4,1047,0,66,52,134529.67,149086,420,82,0,0
454737,1,3,1042,0,66,52,134529.67,149086,420,82,0,0
454812,1,3,1010,0,68,52,134529.67,149086,420,82,0,0
454965,1,3,1012,0,64,52,134529.67,149086,420,82,0,0
455065,1,2,980,0,58,52,134529.67,149086,420,82,0,0
455223,1,0,946,0,2,52,134529.67,149086,420,82,0,0
455312,1,0,946,0,0,52,134529.67,149086,420,82,0,0
455454,1,0,913,0,0,52,134529.67,149086,420,82,0,0
455565,1,0,910,0,0,52,134529.67,149086,420,82,0,0
455682,1,0,1013,0,0,52,134529.67,149086,420,82,0,0
455765,1,0,1135,0,0,52,134529.67,149086,420,82,0,0
455937,1,0,1175,0,0,52,134529.67,149086,420,82,0,0
456055,1,0,1099,0,0,52,134529.67,149086,420,82,0,0
456165,1,0,1045,0,0,52,134529.67,149086,420,82,0,0
456265,1,0,1106,0,0,52,134530.69,149086,420,82,0,0
456309,1,0,1106,0,0,52,134530.69,149086,420,82,0,0
456518,1,0,1183,0,0,52,134530.69,149086,420,82,0,0
456637,1,0,1127,0,0,52,134530.69,149086,420,82,0,0
456737,1,0,1074,0,0,52,134530.69,149086,420,82,0,0
456820,1,0,997,0,0,52,134530.69,149086,420,82,0,0
456983,1,0,919,0,0,52,134530.69,149086,420,82,0,0
457065,1,0,910,0,0,52,134530.69,149086,420,82,0,0
457212,1,0,1021,0,0,52,134530.69,149086,420,82,0,0
457318,1,0,1190,0,0,52,134530.69,149086,420,82,0,0
457454,1,0,1286,0,0,52,134530.69,149086,420,82,0,0
457565,1,0,1402,0,0,52,134530.69,149086,420,82,0,0
457682,1,0,1327,0,0,52,134530.69,149086,420,82,0,0
457806,1,0,1192,0,18,52,134530.69,149086,420,82,0,0
457818,1,0,1165,0,18,52,134530.69,149086,420,82,0,0
458037,1,0,902,0,26,52,134530.69,149086,420,82,0,0
458137,1,0,864,0,26,52,134530.69,149086,420,82,0,0
458265,1,0,839,0,26,52,134531.69,149086,420,82,0,0
458312,1,0,839,0,26,52,134531.69,149086,420,82,0,0
458487,1,0,844,0,36,52,134531.69,149086,420,82,0,0
458625,1,0,843,0,38,52,134531.69,149086,420,82,0,0
458737,1,0,843,0,38,52,134531.69,149086,420,82,0,0
458805,1,0,843,0,38,52,134531.69,149086,420,82,0,0
458965,1,0,842,0,40,52,134531.69,149086,420,82,0,0
459065,1,0,842,0,38,52,134531.69,149086,420,82,0,0
459212,1,0,842,0,38,52,134531.69,149086,420,82,0,0
459265,1,0,841,0,30,52,134531.69,149086,420,82,0,0
459452,1,0,841,0,30,52,134531.69,149086,420,82,0,0
459565,1,0,839,0,40,52,134531.69,149086,420,82,0,0
459682,1,0,806,0,68,52,134531.69,149086,420,82,0,0
459765,1,0,838,0,122,52,134531.69,149086,420,82,0,0
459937,1,0,837,0,166,52,134531.69,149086,420,82,0,0
460062,1,0,837,0,196,52,134531.69,149086,420,82,0,0
460165,1,0,837,0,194,52,134531.69,149086,420,82,0,0
460265,1,0,837,0,180,52,134531.69,149086,420,82,0,0
460341,1,0,839,0,180,52,134531.69,149086,420,82,0,0
460518,1,0,840,0,144,52,134531.69,149086,420,82,0,0
460618,1,0,840,0,80,52,134531.69,149086,420,82,0,0
460737,1,0,840,0,0,52,134531.69,149086,420,82,0,0
460805,1,0,840,0,0,52,134531.69,149086,420,82,0,0
460981,1,0,840,0,0,52,134531.69,149086,420,82,0,0
461065,1,0,841,0,0,52,134531.69,149086,420,82,0,0
461218,1,0,909,26,0,52,134531.69,149086,420,82,0,0
461332,1,0,999,50,0,52,134531.69,149086,420,82,0,0
461452,1,0,1095,50,0,52,134531.69,149086,420,82,0,0
461565,1,0,1512,67,0,52,134532.73,149086,420,82,0,0
461682,1,0,1727,92,0,52,134532.73,149086,420,82,0,0
461827,1,0,1793,111,0,52,134532.73,149086,420,82,0,0
461827,1,0,1793,111,0,52,134532.73,149086,420,82,0,0
462065,1,5,1874,114,0,52,134532.73,149086,420,82,0,0
462182,1,6,1900,118,0,52,134532.73,149086,420,82,0,0
462265,1,7,1933,122,0,52,134533.80,149086,420,82,0,0
462265,1,7,1933,122,0,52,134533.80,149086,420,82,0,0
462552,1,11,2065,128,0,52,134533.80,149086,420,82,0,0
462665,1,13,2065,128,0,52,134533.80,149086,420,82,0,0
462765,1,15,2080,128,0,52,134534.94,149086,420,82,0,0
462806,1,15,2080,128,0,52,134534.94,149086,420,82,0,0
463017,1,15,2441,131,0,52,134534.94,149086,420,82,0,0
463125,1,17,2650,119,0,52,134534.94,149086,420,82,0,0
463237,1,20,2806,99,0,52,134536.11,149086,420,82,0,0
463305,1,20,2838,99,0,52,134536.11,149086,420,82,0,0
463452,1,20,2848,59,0,52,134536.11,149086,420,82,0,0
463565,1,20,2688,0,0,52,134536.11,149086,420,82,0,0
463712,1,21,2606,0,0,52,134537.14,149086,420,82,0,0
463805,1,21,2400,0,0,52,134537.14,149086,420,82,0,0
463953,1,21,2330,0,0,52,134537.14,149086,420,82,0,0
464065,1,21,2041,0,0,52,134537.14,149086,420,82,0,0
464182,1,21,1905,0,0,52,134537.14,149086,420,82,0,0
464265,1,21,1802,0,0,52,134537.14,149086,420,82,0,0
464326,1,21,1730,0,0,52,134537.14,149086,420,82,0,0
464537,1,21,1611,0,0,52,134537.14,149086,420,82,0,0
464645,1,21,1628,0,0,52,134537.14,149086,420,82,0,0
464765,1,21,1591,0,0,52,134537.14,149086,420,82,0,0
464817,1,21,1593,0,0,52,134537.14,149086,420,82,0,0
464965,1,21,1614,0,0,52,134537.14,149086,420,82,0,0
465117,1,21,1579,0,0,52,134537.14,149086,420,82,0,0
465217,1,21,1576,0,0,52,134537.14,149086,420,82,0,0
465337,1,20,1543,0,0,52,134537.14,149086,420,82,0,0
465517,1,20,1541,0,0,52,134537.14,149086,420,82,0,0
465625,1,20,1540,0,0,52,134537.14,149086,420,82,0,0
465737,1,20,1506,0,0,52,134537.14,149086,420,82,0,0
465840,1,20,1505,0,0,52,134537.14,149086,420,82,0,0
465964,1,20,1504,0,0,52,134537.14,149086,420,82,0,0
466065,1,19,1503,0,0,52,134537.14,149086,420,82,0,0
466217,1,19,1501,0,0,52,134537.14,149086,420,82,0,0
466338,1,19,1468,0,0,52,134537.14,149086,420,82,0,0
466338,1,19,1468,0,0,52,134537.14,149086,420,82,0,0
466565,1,19,1435,0,0,52,134537.14,149086,420,82,0,0
466682,1,18,1434,0,0,52,134537.14,149086,420,82,0,0
466765,1,18,1401,0,0,52,134538.14,149086,420,82,0,0
466823,1,18,1400,0,0,52,134538.14,149086,420,82,0,0
467017,1,18,1368,0,0,52,134538.14,149086,420,82,0,0
467137,1,18,1368,0,0,52,134538.14,149086,420,82,0,0
467265,1,18,1367,0,0,52,134538.14,149086,420,82,0,0
467317,1,18,1335,0,0,52,134538.14,149086,420,82,0,0
467467,1,17,1334,0,0,52,134538.14,149086,420,82,0,0
467617,1,17,1301,0,0,52,134538.14,149086,420,82,0,0
467717,1,17,1301,0,0,52,134538.14,149086,420,82,0,0
467817,1,17,1268,0,0,52,134538.14,149086,420,82,0,0
467817,1,17,1268,0,0,52,134538.14,149086,420,82,0,0
468064,1,16,1233,0,0,52,134538.14,149086,420,82,0,0
468182,1,16,1232,0,0,52,134538.14,149086,420,82,0,0
468316,1,16,1200,0,0,52,134538.14,149086,420,82,0,0
468320,1,16,1199,0,0,52,134538.14,149086,420,82,0,0
468562,1,15,1166,0,0,52,134538.14,149086,420,82,0,0
468668,1,15,1134,0,0,52,134538.14,149086,420,83,0,0
468765,1,15,1133,0,0,52,134538.14,149086,420,83,0,0
468836,1,15,1132,0,0,52,134538.14,149086,420,83,0,0
468976,1,15,1132,0,0,52,134538.14,149086,420,83,0,0
469137,1,14,1105,0,0,52,134538.14,149086,420,83,0,0
469237,1,14,1106,0,0,52,134538.14,149086,420,83,0,0
469320,1,14,1076,0,0,52,134538.14,149086,420,83,0,0
469466,1,14,1076,0,0,52,134538.14,149086,420,83,0,0
469567,1,14,1076,11,0,52,134538.14,149086,420,83,0,0
469717,1,14,1083,21,0,52,134538.14,149086,420,83,0,0
469836,1,14,1085,28,0,52,134538.14,149086,420,83,0,0
469836,1,14,1085,28,0,52,134538.14,149086,420,83,0,0
470064,1,13,1100,37,0,52,134538.14,149086,420,83,0,0
470182,1,14,1122,45,0,52,134538.14,149086,420,83,0,0
470316,1,14,1052,50,0,52,134538.14,149086,420,83,0,0
470316,1,14,1052,50,0,52,134538.14,149086,420,83,0,0
470564,1,14,1116,62,0,52,134538.14,149086,420,83,0,0
470667,1,14,1089,64,0,52,134539.14,149086,420,83,0,0
470764,1,14,1130,65,0,52,134539.14,149086,420,83,0,0
470817,1,14,1136,69,0,52,134539.14,149086,420,83,0,0
471017,1,15,1210,80,0,52,134539.14,149086,420,83,0,0
471137,1,16,1195,84,0,52,134539.14,149086,420,83,0,0
471237,1,16,1244,85,0,52,134539.14,149086,420,83,0,0
471352,1,16,1254,86,0,52,134539.14,149086,420,83,0,0
471465,1,16,1296,86,0,52,134539.14,149086,420,83,0,0
471564,1,17,1336,88,0,52,134539.14,149086,420,83,0,0
471717,1,17,1346,89,0,52,134539.14,149086,420,83,0,0
471817,1,18,1382,89,0,52,134540.19,149086,420,83,0,0
471964,1,18,1427,89,0,52,134540.19,149086,420,83,0,0
472064,1,19,1499,90,0,52,134540.19,149086,420,83,0,0
472182,1,19,1506,90,0,52,134540.19,149086,420,83,0,0
472318,1,20,1551,90,0,52,134540.19,149086,420,83,0,0
472357,1,20,1551,90,0,52,134540.19,149086,420,83,0,0
472564,1,21,1653,92,0,52,134540.19,149086,420,83,0,0
472682,1,22,1687,100,0,52,134541.19,149086,420,83,0,0
472764,1,22,1721,109,0,52,134541.19,149086,420,83,0,0
472836,1,23,1730,110,0,52,134541.19,149086,420,83,0,0
473037,1,24,1792,115,0,52,134541.19,149086,420,83,0,0
473137,1,24,1839,121,0,52,134541.19,149086,420,83,0,0
473264,1,25,1917,126,0,52,134541.19,149086,420,83,0,0
473318,1,25,1934,129,0,52,134542.20,149086,420,83,0,0
473464,1,25,1993,129,0,52,134542.20,149086,420,83,0,0
473617,1,26,2068,133,0,52,134542.20,149086,420,83,0,0
473717,1,27,2138,139,0,52,134542.20,149086,420,83,0,0
473836,1,28,2148,139,0,52,134542.20,149086,420,83,0,0
473973,1,28,2180,139,0,52,134543.27,149086,420,83,0,0
474064,1,30,2307,139,0,52,134543.27,149086,420,83,0,0
474217,1,31,2399,139,0,52,134543.27,149086,420,83,0,0
474317,1,31,2450,139,0,52,134544.44,149086,420,83,0,0
474459,1,32,2450,139,0,52,134544.44,149086,420,83,0,0
474564,1,33,2576,138,0,52,134544.44,149086,420,83,0,0
474682,1,34,2642,137,0,52,134544.44,149086,420,83,0,0
474812,1,35,2713,134,0,52,134545.56,149086,420,83,0,0
474836,1,36,2745,134,0,52,134545.56,149086,420,83,0,0
475036,1,37,2870,133,0,52,134545.56,149086,420,83,0,0
475164,1,38,2912,131,0,52,134546.61,149086,420,83,0,0
475264,1,39,2978,127,0,52,134546.61,149086,420,83,0,0
475317,1,39,3009,124,0,52,134547.70,149086,420,83,0,0
475511,1,40,3134,124,0,52,134547.70,149086,420,83,0,0
475624,1,41,3197,121,0,52,134547.70,149086,420,83,0,0
475736,1,43,3222,120,0,52,134548.80,149086,420,83,0,0
475836,1,43,3295,117,0,52,134548.80,149086,420,83,0,0
475971,1,43,3295,117,0,52,134548.80,149086,420,83,0,0
476064,1,44,3401,114,0,52,134549.84,149086,420,83,0,0
476211,1,45,3405,98,0,52,134549.84,149086,420,83,0,0
476311,1,45,3424,85,0,52,134549.84,149086,420,83,0,0
476347,1,45,3456,85,0,52,134550.98,149086,420,83,0,0
476561,1,46,3439,30,0,52,134550.98,149086,420,83,0,0
476664,1,46,3296,0,0,52,134550.98,149086,420,83,0,0
476764,1,46,3096,0,0,52,134550.98,149086,420,83,0,0
476817,1,46,2980,0,0,52,134550.98,149086,420,83,0,0
477022,1,46,2605,0,0,52,134550.98,149086,420,83,0,0
477136,1,46,2491,0,0,52,134550.98,149086,420,83,0,0
477236,1,46,2325,0,0,52,134550.98,149086,420,83,0,0
477374,1,46,2145,0,0,52,134550.98,149086,420,83,0,0
477483,1,46,2193,11,0,52,134550.98,149086,420,83,0,0
477564,1,45,2464,29,0,52,134550.98,149086,420,83,0,0
477717,1,45,2406,62,0,52,134550.98,149086,420,83,0,0
477836,1,46,2449,92,0,52,134552.00,149086,420,83,0,0
477970,1,46,2513,92,0,52,134552.00,149086,420,83,0,0
478064,1,46,2477,115,0,52,134552.00,149086,420,83,0,0
478217,1,46,2527,136,0,52,134552.00,149086,420,83,0,0
478317,1,47,2501,140,0,52,134553.02,149086,420,83,0,0
478367,1,47,2501,140,0,52,134553.02,149086,420,83,0,0
478564,1,48,2569,142,0,52,134553.02,149086,420,83,0,0
478687,1,49,2623,142,0,52,134554.06,149086,420,83,0,0
478801,1,49,2625,142,0,52,134554.06,149086,420,83,0,0
478864,1,50,2650,142,0,52,134554.06,149086,420,83,0,0
479011,1,50,2682,142,0,52,134554.06,149086,420,83,0,0
479136,1,52,2723,142,0,52,134555.08,149086,420,83,0,0
479264,1,52,2801,141,0,52,134556.17,149086,420,83,0,0
479317,1,52,2812,139,0,52,134556.17,149086,420,83,0,0
479482,1,53,2844,139,0,52,134556.17,149086,420,83,0,0
479624,1,54,2907,139,0,52,134557.30,149086,420,83,0,0
479736,1,55,2939,139,0,52,134557.30,149086,420,83,0,0
479836,1,56,2939,139,0,52,134557.30,149086,420,83,0,0
479969,1,56,2980,139,0,52,134558.42,149086,420,83,0,0
480064,1,57,3020,139,0,52,134558.42,149086,420,83,0,0
480217,1,57,3079,121,0,52,134559.58,149086,420,84,0,0
480336,1,58,3087,121,0,52,134559.58,149086,420,84,0,0
480375,1,58,3119,121,0,52,134559.58,149086,420,84,0,0
480564,1,59,3184,121,0,52,134560.77,149086,420,84,0,0
480681,1,60,3181,120,0,52,134560.77,149086,420,84,0,0
480801,1,60,3219,118,0,52,134561.88,149086,420,84,0,0
480836,1,61,3206,115,0,52,134561.88,149086,420,84,0,0
481019,1,61,3279,107,0,52,134561.88,149086,420,84,0,0
481136,1,62,3273,107,0,52,134563.03,149086,420,84,0,0
481264,1,62,3308,107,0,52,134563.03,149086,420,84,0,0
481336,1,63,3305,110,0,52,134563.03,149086,420,84,0,0
481481,1,63,3337,110,0,52,134563.03,149086,420,84,0,0
481617,1,63,3368,112,0,52,134564.12,149086,420,84,0,0
481736,1,64,3408,110,0,52,134564.12,149086,420,84,0,0
481836,1,65,3443,104,0,52,134565.22,149086,420,84,0,0
481836,1,65,3443,104,0,52,134565.22,149086,420,84,0,0
482064,1,65,3392,60,0,52,134565.22,149086,420,84,0,0
482217,1,65,3306,0,0,52,134565.22,149086,420,84,0,0
482317,1,65,3188,0,0,52,134565.22,149086,420,84,0,0
482317,1,65,3188,0,0,52,134565.22,149086,420,84,0,0
482564,1,65,2720,0,0,52,134566.23,149086,420,84,0,0
482681,1,65,2560,0,0,52,134566.23,149086,420,84,0,0
482817,1,65,2434,15,0,52,134566.23,149086,420,84,0,0
482839,1,64,2434,15,0,52,134566.23,149086,420,84,0,0
483051,1,64,2612,50,0,52,134566.23,149086,420,84,0,0
483164,1,64,2590,62,0,52,134566.23,149086,420,84,0,0
483264,1,64,2584,86,0,52,134566.23,149086,420,84,0,0
483317,1,64,2648,99,0,52,134566.23,149086,420,84,0,0
483479,1,65,2616,99,0,52,134566.23,149086,420,84,0,0
483624,1,65,2635,102,0,52,134566.23,149086,420,84,0,0
483736,1,66,2616,98,0,52,134567.27,149086,420,84,0,0
483864,1,66,2613,88,0,52,134567.27,149086,420,84,0,0
483992,1,66,2645,86,0,52,134567.27,149086,420,84,0,0
484117,1,66,2641,82,0,52,134567.27,149086,420,84,0,0
484236,1,66,2653,51,0,52,134568.34,149086,420,84,0,0
484336,1,66,2632,30,0,52,134568.34,149086,420,84,0,0
484377,1,66,2632,30,0,52,134568.34,149086,420,84,0,0
484564,1,66,2616,0,0,52,134568.34,149086,420,84,0,0
484717,1,66,2654,0,0,52,134568.34,149086,420,84,0,0
484836,1,66,2652,0,0,52,134568.34,149086,420,84,0,0
484966,1,66,2652,0,0,52,134568.34,149086,420,84,0,0
485064,1,66,2653,0,0,52,134568.34,149086,420,84,0,0
485181,1,66,2623,0,0,52,134568.34,149086,420,84,0,0
485311,1,66,2621,0,0,52,134568.34,149086,420,84,0,0
485369,1,66,2619,0,0,52,134568.34,149086,420,84,0,0
485536,1,66,2617,0,0,52,134568.34,149086,420,84,0,0
485661,1,65,2605,0,0,52,134569.36,149086,420,84,0,0
485764,1,65,2593,0,0,52,134569.36,149086,420,84,0,0
485883,1,65,2589,0,0,52,134569.36,149086,420,84,0,0
485991,1,65,2586,0,0,52,134569.36,149086,420,84,0,0
486124,1,65,2590,0,0,52,134569.36,149086,420,84,0,0
486236,1,64,2586,0,0,52,134569.36,149086,420,84,0,0
486317,1,64,2590,0,0,52,134569.36,149086,420,84,0,0
486477,1,64,2558,0,0,52,134569.36,149086,420,84,0,0
486564,1,64,2528,0,0,52,134569.36,149086,420,84,0,0
486717,1,64,2528,0,0,52,134569.36,149086,420,84,0,0
486817,1,64,2528,0,0,52,134569.36,149086,420,84,0,0
486883,1,64,2496,0,0,52,134569.36,149086,420,84,0,0
487064,1,64,2496,0,0,52,134569.36,149086,420,84,0,0
487181,1,63,2496,0,0,52,134569.36,149086,420,84,0,0
487264,1,63,2496,0,0,52,134569.36,149086,420,84,0,0
487336,1,63,2496,0,0,52,134569.36,149086,420,84,0,0
487517,1,63,2464,0,0,52,134569.36,149086,420,84,0,0
487638,1,62,2464,0,0,52,134569.36,149086,420,84,0,0
487764,1,62,2464,0,8,52,134569.36,149086,420,84,0,0
487836,1,62,2464,0,8,52,134569.36,149086,420,84,0,0
487964,1,62,2464,0,18,52,134569.36,149086,420,84,0,0
488117,1,62,2432,0,18,52,134569.36,149086,420,84,0,0
488236,1,61,2432,0,20,52,134569.36,149086,420,84,0,0
488350,1,61,2400,0,20,52,134569.36,149086,420,84,0,0
488371,1,61,2400,0,20,52,134569.36,149086,420,84,0,0
488564,1,60,2368,0,52,52,134569.36,149086,420,84,0,0
488681,1,60,2368,0,58,52,134569.36,149086,420,84,0,0
488817,1,60,2336,0,58,52,134569.36,149086,420,84,0,0
488839,1,59,2336,0,58,52,134569.36,149086,420,84,0,0
489051,1,59,2304,0,60,52,134569.36,149086,420,84,0,0
489164,1,58,2272,0,80,52,134569.36,149086,420,84,0,0
489264,1,57,2272,0,82,52,134569.36,149086,420,84,0,0
489367,1,57,2240,0,84,52,134569.36,149086,420,84,0,0
489517,1,57,2208,0,84,52,134569.36,149086,420,84,0,0
489638,1,55,2176,0,92,52,134569.36,149086,420,84,0,0
489736,1,54,2144,0,96,52,134569.36,149086,420,84,0,0
489867,1,54,2112,0,92,52,134569.36,149086,420,84,0,0
489988,1,54,2112,0,92,52,134569.36,149086,420,84,0,0
490117,1,54,2048,0,98,52,134569.36,149086,420,84,0,0
490236,1,51,2016,0,94,52,134569.36,149086,420,84,0,0
490336,1,51,2016,0,92,52,134569.36,149086,420,84,0,0
490475,1,51,1984,0,94,52,134569.36,149086,420,84,0,0
490564,1,49,1952,0,90,52,134569.36,149086,420,84,0,0
490717,1,49,1920,0,82,52,134569.36,149086,420,84,0,0
490836,1,48,1920,0,54,52,134569.36,149086,420,84,0,0
490836,1,48,1920,0,54,52,134569.36,149086,420,84,0,0
491064,1,48,1856,0,58,52,134569.36,149086,420,84,0,0
491181,1,47,1856,0,60,52,134569.36,149086,420,84,0,0
491264,1,46,1824,0,56,52,134569.36,149086,420,84,0,0
491336,1,46,1824,0,56,52,134569.36,149086,420,84,0,0
491518,1,46,1760,0,58,52,134569.36,149086,420,84,0,0
491638,1,45,1792,0,58,52,134569.36,149086,420,84,0,0
491764,1,44,1760,0,64,52,134569.36,149086,420,84,0,0
491836,1,44,1728,0,64,52,134569.36,149086,420,84,0,0
491987,1,44,1728,0,62,52,134569.36,149086,420,84,0,0
492117,1,44,1696,0,60,52,134569.36,149086,420,84,0,0
492236,1,42,1664,0,60,52,134569.36,149086,420,84,0,0
492346,1,42,1664,0,60,52,134569.36,149086,420,84,0,0
492346,1,42,1664,0,60,52,134569.36,149086,420,84,0,0
492564,1,41,1632,0,0,52,134569.36,149086,420,84,0,0
492717,1,41,1632,0,0,52,134569.36,149086,420,84,0,0
492817,1,41,1632,0,0,52,134569.36,149086,420,84,0,0
492879,1,41,1632,0,0,52,134569.36,149086,420,84,0,0
493064,1,41,1600,0,0,52,134569.36,149086,420,84,0,0
493181,1,41,1600,0,0,52,134569.36,149086,420,84,0,0
493264,1,40,1600,0,0,52,134569.36,149086,420,84,0,0
493367,1,40,1600,0,0,52,134569.36,149086,420,84,0,0
493511,1,40,1600,0,0,52,134569.36,149086,420,84,0,0
493638,1,40,1344,0,0,52,134569.36,149086,420,84,0,0
493764,1,40,1263,0,0,52,134569.36,149086,420,84,0,0
493867,1,40,1355,0,0,52,134569.36,149086,420,84,0,0
494011,1,40,1315,0,0,52,134569.36,149086,420,84,0,0
494124,1,40,1303,0,0,52,134569.36,149086,420,84,0,0
494236,1,40,1293,0,0,52,134569.36,149086,420,84,0,0
494364,1,40,1291,0,0,52,134569.36,149086,420,84,0,0
494378,1,40,1355,0,0,52,134569.36,149086,420,84,0,0
494564,1,39,1604,0,0,52,134569.36,149086,420,84,0,0
494717,1,39,1859,0,0,52,134569.36,149086,420,84,0,0
494836,1,39,2058,0,0,52,134569.36,149086,420,84,0,0
494867,1,39,2122,0,0,52,134569.36,149086,420,84,0,0
495064,1,39,2103,0,0,52,134569.36,149086,420,84,0,0
495181,1,39,2043,0,0,52,134569.36,149086,420,84,0,0
495302,1,39,2048,0,0,52,134569.36,149086,420,84,0,0
495336,1,38,2049,10,0,52,134569.36,149086,420,84,0,0
495511,1,38,2049,63,0,52,134569.36,149086,420,84,0,0
495638,1,39,2137,76,0,52,134569.36,149086,420,84,0,0
495765,1,39,2065,77,0,52,134570.41,149086,420,84,0,0
495867,1,39,2063,80,0,52,134570.41,149086,420,84,0,0
496011,1,39,2099,84,0,52,134570.41,149086,420,84,0,0
496124,1,39,2127,87,0,52,134570.41,149086,420,84,0,0
496236,1,40,2139,89,0,52,134570.41,149086,420,84,0,0
496336,1,40,2113,90,0,52,134570.41,149086,420,84,0,0
496367,1,40,2145,90,0,52,134570.41,149086,420,84,0,0
496565,1,41,2187,93,0,52,134571.47,149086,420,84,0,0
496711,1,41,2190,102,0,52,134571.47,149086,420,84,0,0
496816,1,41,2264,109,0,52,134571.47,149086,420,84,0,0
496867,1,42,2264,109,0,52,134571.47,149086,420,84,0,0
497061,1,43,2266,103,0,52,134571.47,149086,420,84,0,0
497167,1,43,2281,99,0,52,134572.55,149086,420,84,0,0
497264,1,43,2315,98,0,52,134572.55,149086,420,84,0,0
497336,1,44,2313,89,0,52,134572.55,149086,420,84,0,0
497511,1,44,2313,82,0,52,134572.55,149086,420,84,0,0
497638,1,45,2352,82,0,52,134572.55,149086,420,84,0,0
497761,1,45,2380,86,0,52,134572.55,149086,420,84,0,0
497867,1,45,2430,91,0,52,134573.58,149086,420,84,0,0
498011,1,45,2403,97,0,52,134573.58,149086,420,84,0,0
498124,1,46,2436,97,0,52,134573.58,149086,420,84,0,0
498236,1,46,2492,97,0,52,134573.58,149086,420,84,0,0
498364,1,47,2477,98,0,52,134573.58,149086,420,84,0,0
498496,1,47,2509,98,0,52,134574.67,149086,420,84,0,0
498564,1,47,2555,98,0,52,134574.67,149086,420,84,0,0
498716,1,48,2565,94,0,52,134574.67,149086,420,84,0,0
498836,1,49,2600,91,0,52,134574.67,149086,420,84,0,0
498867,1,49,2600,91,0,52,134574.67,149086,420,84,0,0
499064,1,49,2645,80,0,52,134575.73,149086,420,84,0,0
499181,1,49,2629,78,0,52,134575.73,149086,420,84,0,0
499311,1,49,2630,67,0,52,134575.73,149086,420,84,0,0
499367,1,50,2640,67,0,52,134575.73,149086,420,84,0,0
499536,1,50,2652,57,0,52,134575.73,149086,420,84,0,0
499667,1,50,2686,50,0,52,134576.77,149086,420,84,0,0
499764,1,50,2705,58,0,52,134576.77,149086,420,84,0,0
499867,1,50,2657,58,0,52,134576.77,149086,420,84,0,0
500016,1,50,2662,39,0,52,134576.77,149086,420,84,0,0
500136,1,51,2698,38,0,52,134576.77,149086,420,84,0,0
500265,1,51,2697,38,0,52,134576.77,149086,420,84,0,0
500366,1,51,2718,42,0,52,134576.77,149086,420,84,0,0
500366,1,51,2718,42,0,52,134576.77,149086,420,84,0,0
500616,1,51,2717,42,0,52,134576.77,149086,420,84,0,0
500725,1,51,2696,45,0,52,134577.77,149086,420,84,0,0
500836,1,51,2693,46,0,52,134577.77,149086,420,84,0,0
500867,1,51,2693,46,0,52,134577.77,149086,420,84,0,0
501036,1,51,2719,50,0,52,134577.77,149086,420,84,0,0
501181,1,51,2747,59,0,52,134577.77,149086,420,84,0,0
501311,1,52,2745,60,0,52,134577.77,149086,420,84,0,0
501366,1,52,2764,60,0,52,134577.77,149086,420,84,0,0
501519,1,52,2735,65,0,52,134577.77,149086,420,84,0,0
501666,1,52,2792,71,0,52,134578.80,149086,420,84,0,0
501765,1,52,2779,72,0,52,134578.80,149086,420,84,0,0
501866,1,53,2787,74,0,52,134578.80,149086,420,84,0,0
502016,1,53,2836,77,0,52,134578.80,149086,420,84,0,0
502136,1,53,2845,77,0,52,134578.80,149086,420,84,0,0
502236,1,53,2822,77,0,52,134578.80,149086,420,84,0,0
502366,1,54,2858,77,0,52,134579.88,149086,420,84,0,0
502366,1,54,2858,77,0,52,134579.88,149086,420,84,0,0
502564,1,54,2872,77,0,52,134579.88,149086,420,84,0,0
502716,1,54,2901,76,0,52,134579.88,149086,420,84,0,0
502836,1,55,2900,72,0,52,134579.88,149086,420,84,0,0
502866,1,55,2932,72,0,52,134579.88,149086,420,84,0,0
503036,1,55,2933,71,0,52,134579.88,149086,420,84,0,0
503181,1,55,2940,71,0,52,134580.95,149086,420,84,0,0
503301,1,55,2963,71,0,52,134580.95,149086,420,84,0,0
503366,1,56,2961,75,0,52,134580.95,149086,420,84,0,0
503518,1,56,2997,82,0,52,134580.95,149086,420,84,0,0
503666,1,56,3015,89,0,52,134580.95,149086,420,84,0,0
503765,1,57,3053,122,0,52,134582.02,149086,420,84,0,0
503867,1,57,3063,141,0,52,134582.02,149086,420,84,0,0
504036,1,58,3098,141,0,52,134582.02,149086,420,84,0,0
504161,1,59,3122,136,0,52,134582.02,149086,420,84,0,0
504268,1,59,3166,135,0,52,134583.09,149086,420,84,0,0
504367,1,60,3182,124,0,52,134583.09,149086,420,84,0,0
504517,1,60,3208,117,0,52,134584.16,149086,420,84,0,0
504624,1,61,3250,104,0,52,134584.16,149086,420,84,0,0
504736,1,62,3264,96,0,52,134584.16,149086,420,84,0,0
504866,1,62,3265,91,0,52,134585.20,149086,420,84,0,0
504866,1,62,3265,91,0,52,134585.20,149086,420,84,0,0
505081,1,62,3265,86,0,52,134585.20,149086,420,84,0,0
505216,1,62,3323,68,0,52,134585.20,149086,420,84,0,0
505336,1,63,3324,28,0,52,134586.28,149086,420,84,0,0
505366,1,63,3324,28,0,52,134586.28,149086,420,84,0,0
505551,1,63,3265,0,0,52,134586.28,149086,420,84,0,0
505681,1,62,3309,0,0,52,134586.28,149086,420,84,0,0
505801,1,63,3308,0,0,52,134586.28,149086,420,84,0,0
505866,1,62,3310,0,0,52,134586.28,149086,420,84,0,0
506016,1,62,3311,0,0,52,134586.28,149086,420,84,0,0
506161,1,62,3298,0,0,52,134586.28,149086,420,84,0,0
506266,1,62,3276,0,0,52,134586.28,149086,420,84,0,0
506366,1,62,3265,0,0,52,134586.28,149086,420,84,0,0
506516,1,62,3271,0,0,52,134586.28,149086,420,84,0,0
506638,1,62,3259,0,0,52,134586.28,149086,420,84,0,0
506735,1,61,3245,0,0,52,134586.28,149086,420,84,0,0
506866,1,61,3232,0,0,52,134586.28,149086,420,84,0,0
506920,1,61,3232,0,0,52,134586.28,149086,420,84,0,0
507080,1,61,3200,0,0,52,134586.28,149086,420,84,0,0
507216,1,61,3200,0,0,52,134586.28,149086,420,84,0,0
507336,1,61,3200,0,0,52,134586.28,149086,420,84,0,0
507366,1,61,3200,0,0,52,134586.28,149086,420,84,0,0
507565,1,60,3168,0,0,52,134586.28,149086,420,84,0,0
507681,1,60,3168,0,6,52,134586.28,149086,420,84,0,0
507801,1,60,3168,0,24,52,134586.28,149086,420,84,0,0
507866,1,60,3136,0,32,52,134586.28,149086,420,84,0,0
508035,1,59,3136,0,32,52,134586.28,149086,420,84,0,0
508181,1,59,3072,0,62,52,134586.28,149086,420,84,0,0
508316,1,58,3040,0,64,52,134586.28,149086,420,84,0,0
508366,1,58,3040,0,64,52,134586.28,149086,420,84,0,0
508551,1,58,3040,0,64,52,134586.28,149086,420,84,0,0
508681,1,56,2944,0,90,52,134586.28,149086,420,84,0,0
508766,1,56,2912,0,94,52,134586.28,149086,420,84,0,0
508866,1,55,2880,0,104,52,134586.28,149086,420,84,0,0
509035,1,53,2848,0,104,52,134586.28,149086,420,84,0,0
509135,1,53,2784,0,118,52,134586.28,149086,420,84,0,0
509266,1,52,2720,0,130,52,134586.28,149086,420,84,0,0
509366,1,51,2656,0,136,52,134586.28,149086,420,84,0,0
509516,1,51,2592,0,136,52,134586.28,149086,420,84,0,0
509638,1,48,2560,0,140,52,134586.28,149086,420,84,0,0
509745,1,47,2496,0,140,52,134586.28,149086,420,84,0,0
509866,1,46,2432,0,148,52,134586.28,149086,420,84,0,0
509866,1,46,2432,0,148,52,134586.28,149086,420,84,0,0
510078,1,45,2336,0,156,52,134586.28,149086,420,84,0,0
510216,1,44,2240,0,158,52,134586.28,149086,420,84,0,0
510335,1,42,2208,0,160,52,134586.28,149086,420,84,0,0
510366,1,42,2176,0,158,52,134586.28,149086,420,84,0,0
510565,1,40,2080,0,160,52,134586.28,149086,420,84,0,0
510666,1,39,2016,0,160,52,134586.28,149086,420,84,0,0
510800,1,38,1984,0,146,52,134586.28,149086,420,84,0,0
510866,1,37,1920,0,126,52,134586.28,149086,420,84,0,0
511013,1,37,1920,0,126,52,134586.28,149086,420,84,0,0
511135,1,35,1856,0,38,52,134586.28,149086,420,83,0,0
511265,1,35,1856,0,2,52,134586.28,149086,420,83,0,0
511366,1,35,1856,0,0,52,134586.28,149086,420,83,0,0
511513,1,35,1856,0,0,52,134586.28,149086,420,83,0,0
511624,1,35,1824,0,0,52,134586.28,149086,420,83,0,0
511735,1,34,1824,0,0,52,134586.28,149086,420,83,0,0
511866,1,34,1824,0,0,52,134586.28,149086,420,83,0,0
511866,1,34,1824,0,0,52,134586.28,149086,420,83,0,0
512077,1,34,1792,0,0,52,134586.28,149086,420,83,0,0
512216,1,34,1792,0,0,52,134586.28,149086,420,83,0,0
512316,1,34,1792,0,0,52,134586.28,149086,420,83,0,0
512366,1,34,1792,0,14,52,134586.28,149086,420,83,0,0
512565,1,33,1760,0,14,52,134586.28,149086,420,83,0,0
512680,1,33,1760,0,14,52,134586.28,149086,420,83,0,0
512800,1,33,1760,0,20,52,134586.28,149086,420,83,0,0
512866,1,33,1728,0,24,52,134586.28,149086,420,83,0,0
513035,1,32,1728,0,24,52,134586.28,149086,420,83,0,0
513135,1,32,1696,0,40,52,134586.28,149086,420,83,0,0
513265,1,32,1696,0,2,52,134586.28,149086,420,83,0,0
513366,1,32,1664,0,0,52,134586.28,149086,420,83,0,0
513429,1,32,1664,0,0,52,134586.28,149086,420,83,0,0
513616,1,32,1664,0,0,52,134586.28,149086,420,83,0,0
513735,1,31,1664,0,0,52,134586.28,149086,420,83,0,0
513835,1,31,1632,0,0,52,134586.28,149086,420,83,0,0
513866,1,31,1632,0,0,52,134586.28,149086,420,83,0,0
514076,1,31,1632,0,0,52,134586.28,149086,420,83,0,0
514180,1,31,1600,0,0,52,134586.28,149086,420,83,0,0
514316,1,30,1600,0,0,52,134586.28,149086,420,83,0,0
514428,1,30,1600,0,0,52,134586.28,149086,420,83,0,0
514550,1,30,1600,0,0,52,134586.28,149086,420,83,0,0
514666,1,30,1600,27,0,52,134586.28,149086,420,83,0,0
514765,1,30,1616,34,0,52,134586.28,149086,420,83,0,0
514868,1,30,1659,37,0,52,134586.28,149086,420,83,0,0
515024,1,30,1659,40,0,52,134586.28,149086,420,83,0,0
515135,1,30,1620,68,0,52,134586.28,149086,420,83,0,0
515235,1,30,1640,82,0,52,134587.28,149086,420,83,0,0
515368,1,30,1659,92,0,52,134587.28,149086,420,83,0,0
515368,1,30,1659,92,0,52,134587.28,149086,420,83,0,0
515579,1,30,1690,96,0,52,134587.28,149086,420,83,0,0
515721,1,31,1682,107,0,52,134587.28,149086,420,83,0,0
515835,1,32,1695,109,0,52,134587.28,149086,420,83,0,0
515868,1,32,1727,109,0,52,134587.28,149086,420,83,0,0
516065,1,32,1754,113,0,52,134587.28,149086,420,83,0,0
516180,1,33,1760,118,0,52,134588.30,149086,420,83,0,0
516310,1,33,1763,124,0,52,134588.30,149086,420,83,0,0
516366,1,34,1811,124,0,52,134588.30,149086,420,83,0,0
516536,1,34,1830,125,0,52,134588.30,149086,420,83,0,0
516668,1,35,1860,132,0,52,134588.30,149086,420,83,0,0
516768,1,35,1904,133,0,52,134589.34,149086,420,83,0,0
516866,1,36,1948,138,0,52,134589.34,149086,420,83,0,0
517023,1,36,1948,140,0,52,134589.34,149086,420,83,0,0
517135,1,37,1989,143,0,52,134589.34,149086,420,83,0,0
517268,1,38,2024,143,0,52,134589.34,149086,420,83,0,0
517368,1,38,2053,143,0,52,134590.48,149086,420,83,0,0
517414,1,38,2053,143,0,52,134590.48,149086,420,83,0,0
517623,1,38,2137,143,0,52,134590.48,149086,420,83,0,0
517735,1,41,2148,143,0,52,134590.48,149086,420,83,0,0
517863,1,41,2195,142,0,52,134591.56,149086,420,83,0,0
517866,1,41,2195,142,0,52,134591.56,149086,420,83,0,0
518060,1,41,2195,141,0,52,134591.56,149086,420,83,0,0
518210,1,43,2322,124,0,52,134591.56,149086,420,83,0,0
518318,1,43,2346,124,0,52,134592.56,149086,420,83,0,0
518368,1,44,2346,124,0,52,134592.56,149086,420,83,0,0
518560,1,45,2430,124,0,52,134592.56,149086,420,83,0,0
518668,1,46,2453,116,0,52,134593.59,149086,420,83,0,0
518768,1,46,2477,97,0,52,134593.59,149086,420,83,0,0
518911,1,47,2493,75,0,52,134593.59,149086,420,83,0,0
519021,1,47,2492,75,0,52,134593.59,149086,420,83,0,0
519135,1,47,2522,53,0,52,134594.61,149086,420,83,0,0
519265,1,47,2437,41,0,52,134594.61,149086,420,83,0,0
519368,1,47,2500,35,0,52,134594.61,149086,420,83,0,0
519518,1,47,2556,19,0,52,134594.61,149086,420,83,0,0
519635,1,47,2499,11,0,52,134594.61,149086,420,83,0,0
519760,1,47,2470,10,0,52,134594.61,149086,420,83,0,0
519867,1,47,2518,10,0,52,134594.61,149086,420,83,0,0
519867,1,47,2518,10,0,52,134594.61,149086,420,83,0,0
520068,1,47,2523,10,0,52,134594.61,149086,420,83,0,0
520220,1,47,2522,18,0,52,134594.61,149086,420,83,0,0
520335,1,47,2522,23,0,52,134594.61,149086,420,83,0,0
520368,1,47,2522,23,0,52,134594.61,149086,420,83,0,0
520568,1,47,2531,45,0,52,134594.61,149086,420,83,0,0
520680,1,47,2510,52,0,52,134595.66,149086,420,83,0,0
520800,1,47,2556,66,0,52,134595.66,149086,420,83,0,0
520910,1,47,2513,82,0,52,134595.66,149086,420,83,0,0
521046,1,47,2528,82,0,52,134595.66,149086,420,84,0,0
521160,1,48,2582,84,0,52,134595.66,149086,420,84,0,0
521268,1,48,2572,84,0,52,134595.66,149086,420,84,0,0
521368,1,49,2609,84,0,52,134596.77,149086,420,84,0,0
521368,1,49,2609,84,0,52,134596.77,149086,420,84,0,0
521635,1,49,2605,66,0,52,134596.77,149086,420,84,0,0
521760,1,50,2631,64,0,52,134596.77,149086,420,84,0,0
521868,1,50,2650,60,0,52,134596.77,149086,420,84,0,0
521868,1,50,2650,60,0,52,134596.77,149086,420,84,0,0
522120,1,50,2679,40,0,52,134596.77,149086,420,84,0,0
522235,1,50,2671,33,0,52,134596.77,149086,420,84,0,0
522335,1,50,2685,31,0,52,134596.77,149086,420,84,0,0
522368,1,50,2685,31,0,52,134597.78,149086,420,84,0,0
522583,1,50,2662,26,0,52,134597.78,149086,420,84,0,0
522680,1,50,2665,18,0,52,134597.78,149086,420,84,0,0
522818,1,50,2643,18,0,52,134597.78,149086,420,84,0,0
522868,1,50,2675,18,0,52,134597.78,149086,420,84,0,0
523035,1,50,2675,18,0,52,134597.78,149086,420,84,0,0
523168,1,50,2683,17,0,52,134597.78,149086,420,84,0,0
523268,1,50,2683,17,0,52,134597.78,149086,420,84,0,0
523368,1,50,2681,17,0,52,134597.78,149086,420,84,0,0
523531,1,50,2681,17,0,52,134597.78,149086,420,84,0,0
523635,1,50,2681,33,0,52,134597.78,149086,420,84,0,0
523768,1,50,2639,35,0,52,134597.78,149086,420,84,0,0
523868,1,50,2679,44,0,52,134597.78,149086,420,84,0,0
524018,1,50,2674,56,0,52,134597.78,149086,420,84,0,0
524135,1,51,2673,25,0,52,134598.81,149086,420,84,0,0
524235,1,50,2679,23,0,52,134598.81,149086,420,84,0,0
524368,1,51,2664,30,0,52,134598.81,149086,420,84,0,0
524368,1,51,2664,30,0,52,134598.81,149086,420,84,0,0
524582,1,51,2684,52,0,52,134598.81,149086,420,84,0,0
524720,1,51,2701,55,0,52,134598.81,149086,420,84,0,0
524835,1,51,2734,55,0,52,134598.81,149086,420,84,0,0
524935,1,51,2720,55,0,52,134598.81,149086,420,84,0,0
525050,1,51,2720,55,0,52,134598.81,149086,420,84,0,0
525180,1,52,2759,55,0,52,134599.83,149086,420,84,0,0
525300,1,52,2721,55,0,52,134599.83,149086,420,84,0,0
525368,1,52,2721,49,0,52,134599.83,149086,420,84,0,0
525535,1,52,2721,46,0,52,134599.83,149086,420,84,0,0
525660,1,52,2754,44,0,52,134599.83,149086,420,84,0,0
525768,1,52,2781,44,0,52,134599.83,149086,420,84,0,0
525868,1,52,2780,44,0,52,134599.83,149086,420,84,0,0
526018,1,52,2776,43,0,52,134599.83,149086,420,84,0,0
526135,1,52,2805,43,0,52,134599.83,149086,420,84,0,0
526268,1,52,2802,42,0,52,134600.86,149086,420,84,0,0
526368,1,53,2801,42,0,52,134600.86,149086,420,84,0,0
526368,1,53,2801,42,0,52,134600.86,149086,420,84,0,0
526620,1,53,2790,42,0,52,134600.86,149086,420,84,0,0
526735,1,53,2789,38,0,52,134600.86,149086,420,84,0,0
526863,1,53,2795,34,0,52,134600.86,149086,420,84,0,0
526868,1,53,2795,34,0,52,134600.86,149086,420,84,0,0
527068,1,53,2842,32,0,52,134600.86,149086,420,84,0,0
527180,1,53,2792,29,0,52,134600.86,149086,420,84,0,0
527318,1,53,2785,27,0,52,134600.86,149086,420,84,0,0
527368,1,53,2785,27,0,52,134600.86,149086,420,84,0,0
527560,1,53,2809,26,0,52,134600.86,149086,420,84,0,0
527680,1,53,2809,25,0,52,134601.89,149086,420,84,0,0
527768,1,53,2841,25,0,52,134601.89,149086,420,84,0,0
527868,1,53,2809,23,0,52,134601.89,149086,420,84,0,0
528018,1,53,2835,23,0,52,134601.89,149086,420,84,0,0
528135,1,53,2831,20,0,52,134601.89,149086,420,84,0,0
528268,1,53,2800,18,0,52,134601.89,149086,420,84,0,0
528368,1,53,2826,18,0,52,134601.89,149086,420,84,0,0
528409,1,53,2826,18,0,52,134601.89,149086,420,84,0,0
528635,1,53,2823,13,0,52,134601.89,149086,420,84,0,0
528735,1,53,2794,1,0,52,134601.89,149086,420,84,0,0
528863,1,53,2786,0,0,52,134601.89,149086,420,84,0,0
528913,1,53,2754,0,0,52,134601.89,149086,420,84,0,0
529084,1,53,2809,0,10,52,134601.89,149086,420,84,0,0
529220,1,53,2803,0,10,52,134601.89,149086,420,84,0,0
529335,1,52,2804,0,26,52,134601.89,149086,420,84,0,0
529417,1,52,2772,0,28,52,134601.89,149086,420,84,0,0
529535,1,52,2773,0,28,52,134601.89,149086,420,84,0,0
529680,1,52,2728,0,46,52,134602.91,149086,420,84,0,0
529800,1,51,2740,0,56,52,134602.91,149086,420,84,0,0
529920,1,51,2699,0,56,52,134602.91,149086,420,84,0,0
529920,1,51,2699,0,56,52,134602.91,149086,420,84,0,0
530168,1,50,2652,0,64,52,134602.91,149086,420,84,0,0
530268,1,49,2620,0,74,52,134602.91,149086,420,84,0,0
530368,1,49,2591,0,80,52,134602.91,149086,420,84,0,0
530435,1,48,2541,0,80,52,134602.91,149086,420,84,0,0
530635,1,47,2541,0,80,52,134602.91,149086,420,84,0,0
530735,1,46,2432,0,86,52,134602.91,149086,420,84,0,0
530863,1,46,2432,0,50,52,134602.91,149086,420,84,0,0
530935,1,46,2400,0,50,52,134602.91,149086,420,84,0,0
531091,1,46,2400,0,26,52,134602.91,149086,420,84,0,0
531220,1,46,2368,0,14,52,134602.91,149086,420,84,0,0
531335,1,45,2336,0,34,52,134602.91,149086,420,84,0,0
531435,1,44,2336,0,44,52,134602.91,149086,420,84,0,0
531578,1,44,2336,0,44,52,134602.91,149086,419,84,0,0
531680,1,43,2304,0,54,52,134602.91,149086,419,84,0,0
531818,1,43,2272,0,56,52,134602.91,149086,419,84,0,0
531930,1,43,2240,0,60,52,134602.91,149086,419,84,0,0
532064,1,42,2208,0,60,52,134602.91,149086,419,84,0,0
532180,1,41,2176,0,70,52,134602.91,149086,419,84,0,0
532268,1,41,2144,0,70,52,134602.91,149086,419,84,0,0
532410,1,40,2112,0,74,52,134602.91,149086,419,84,0,0
532551,1,40,2080,0,74,52,134602.91,149086,419,84,0,0
532668,1,39,2016,0,56,52,134602.91,149086,419,84,0,0
532768,1,38,2016,0,14,52,134602.91,149086,419,84,0,0
532868,1,38,2016,0,2,52,134602.91,149086,419,84,0,0
532935,1,38,2016,0,2,52,134602.91,149086,419,84,0,0
533120,1,38,1984,0,0,52,134602.91,149086,419,84,0,0
533235,1,37,1984,0,0,52,134602.91,149086,419,84,0,0
533368,1,37,1984,0,0,52,134602.91,149086,419,84,0,0
533420,1,37,1952,0,0,52,134602.91,149086,419,84,0,0
533576,1,37,1952,0,0,52,134602.91,149086,419,84,0,0
533720,1,37,1952,0,0,52,134602.91,149086,419,84,0,0
533835,1,37,1952,0,0,52,134602.91,149086,419,84,0,0
533936,1,37,1920,0,0,52,134602.91,149086,419,84,0,0
534068,1,37,1920,0,0,52,134602.91,149086,419,84,0,0
534180,1,36,1920,0,0,52,134602.91,149086,419,84,0,0
534300,1,36,1920,0,0,52,134602.91,149086,419,84,0,0
534420,1,36,1888,0,0,52,134602.91,149086,419,84,0,0
534434,1,36,1888,0,0,52,134602.91,149086,419,84,0,0
534680,1,36,1888,0,0,52,134602.91,149086,419,84,0,0
534768,1,35,1856,0,0,52,134602.91,149086,419,84,0,0
534910,1,35,1856,0,0,52,134602.91,149086,419,84,0,0
534920,1,35,1856,0,0,52,134602.91,149086,419,84,0,0
535135,1,35,1856,0,0,52,134602.91,149086,419,84,0,0
535260,1,35,1824,0,0,52,134602.91,149086,419,84,0,0
535368,1,35,1792,0,2,52,134602.91,149086,419,84,0,0
535434,1,34,1824,0,2,52,134602.91,149086,419,84,0,0
535575,1,34,1824,0,2,52,134602.91,149086,419,84,0,0
535735,1,34,1792,0,10,52,134602.91,149086,419,84,0,0
535835,1,34,1792,0,12,52,134602.91,149086,419,84,0,0
535910,1,34,1760,0,16,52,134602.91,149086,419,84,0,0
536068,1,33,1760,0,16,52,134602.91,149086,419,84,0,0
536180,1,33,1728,0,24,52,134602.91,149086,419,84,0,0
536318,1,33,1728,0,26,52,134602.91,149086,419,84,0,0
536420,1,32,1696,0,30,52,134602.91,149086,419,84,0,0
536420,1,32,1696,0,30,52,134602.91,149086,419,84,0,0
536668,1,32,1696,0,0,52,134602.91,149086,419,84,0,0
536768,1,32,1664,0,0,52,134602.91,149086,419,84,0,0
536910,1,31,1664,0,0,52,134602.91,149086,419,84,0,0
536930,1,31,1664,0,0,52,134602.91,149086,419,84,0,0
537135,1,31,1707,58,0,52,134602.91,149086,419,84,0,0
537241,1,31,1701,63,0,52,134602.91,149086,419,84,0,0
537368,1,31,1670,70,0,52,134602.91,149086,419,84,0,0
537435,1,31,1664,99,0,52,134602.91,149086,419,84,0,0
537574,1,31,1664,99,0,52,134602.91,149086,419,84,0,0
537720,1,32,1750,163,0,52,134602.91,149086,419,84,0,0
537835,1,33,1735,165,0,52,134602.91,149086,419,84,0,0
537930,1,33,1790,166,0,52,134602.91,149086,419,84,0,0
538068,1,33,1806,166,0,52,134603.92,149086,419,84,0,0
538180,1,34,1830,158,0,52,134603.92,149086,419,84,0,0
538310,1,34,1859,146,0,52,134603.92,149086,419,84,0,0
538431,1,35,1913,144,0,52,134603.92,149086,419,84,0,0
538438,1,35,1913,144,0,52,134603.92,149086,419,84,0,0
538667,1,37,1956,144,0,52,134605.00,149086,419,84,0,0
538768,1,37,2000,131,0,52,134605.00,149086,419,84,0,0
538868,1,38,2042,126,0,52,134605.00,149086,419,84,0,0
538935,1,38,2044,124,0,52,134605.00,149086,419,84,0,0
539135,1,39,2044,80,0,52,134605.00,149086,419,84,0,0
539235,1,39,2106,67,0,52,134606.09,149086,419,84,0,0
539368,1,39,2105,65,0,52,134606.09,149086,419,84,0,0
539420,1,39,2124,62,0,52,134606.09,149086,419,84,0,0
539573,1,40,2124,62,0,52,134606.09,149086,419,84,0,0
539720,1,40,2120,41,0,52,134606.09,149086,419,84,0,0
539835,1,40,2119,41,0,52,134606.09,149086,419,84,0,0
539910,1,40,2119,40,0,52,134606.09,149086,419,84,0,0
540068,1,40,2135,40,0,52,134606.09,149086,419,84,0,0
540180,1,40,2175,40,0,52,134606.09,149086,419,84,0,0
540310,1,40,2147,39,0,52,134606.09,149086,419,84,0,0
540420,1,40,2147,38,0,52,134606.09,149086,419,84,0,0
540434,1,40,2147,38,0,52,134606.09,149086,419,84,0,0
540667,1,40,2146,38,0,52,134607.12,149086,419,84,0,0
540767,1,41,2149,45,0,52,134607.12,149086,419,84,0,0
540910,1,41,2168,50,0,52,134607.12,149086,419,84,0,0
540910,1,41,2168,50,0,52,134607.12,149086,419,84,0,0
541135,1,41,2187,50,0,52,134607.12,149086,419,84,0,0
541260,1,41,2191,66,0,52,134607.12,149086,419,84,0,0
541368,1,41,2230,75,0,52,134607.12,149086,419,84,0,0
541431,1,41,2221,78,0,52,134607.12,149086,419,84,0,0
541597,1,42,2248,78,0,52,134607.12,149086,419,84,0,0
541719,1,42,2268,83,0,52,134607.12,149086,419,84,0,0
541835,1,43,2241,90,0,52,134608.16,149086,419,84,0,0
541935,1,43,2279,91,0,52,134608.16,149086,419,84,0,0
542068,1,43,2334,91,0,52,134608.16,149086,419,84,0,0
542180,1,43,2318,91,0,52,134608.16,149086,419,84,0,0
542310,1,44,2357,91,0,52,134608.16,149086,419,84,0,0
542431,1,44,2361,91,0,52,134609.19,149086,419,84,0,0
542431,1,44,2361,91,0,52,134609.19,149086,419,84,0,0
542680,1,45,2426,91,0,52,134609.19,149087,419,84,0,0
542767,1,46,2448,138,0,52,134609.19,149087,419,84,0,0
542909,1,46,2473,142,0,52,134609.19,149087,419,84,0,0
542974,1,47,2504,142,0,52,134609.19,149087,419,84,0,0
543135,1,47,2504,145,0,52,134609.19,149087,419,84,0,0
543235,1,48,2564,166,0,52,134610.27,149087,419,84,0,0
543368,1,49,2600,166,0,52,134610.27,149087,419,84,0,0
543432,1,49,2635,166,0,52,134610.27,149087,419,84,0,0
543570,1,49,2635,166,0,52,134610.27,149087,419,84,0,0
543720,1,51,2732,132,0,52,134611.44,149087,419,84,0,0
543835,1,52,2753,120,0,52,134611.44,149087,419,84,0,0
543935,1,53,2794,104,0,52,134612.45,149087,419,84,0,0
544082,1,53,2794,104,0,52,134612.45,149087,419,84,0,0
544180,1,53,2798,104,0,52,134612.45,149087,419,84,0,0
544317,1,53,2826,0,0,52,134613.48,149087,419,84,0,0
544435,1,53,2827,0,0,52,134613.48,149087,419,84,0,0
544468,1,53,2795,0,0,52,134613.48,149087,419,84,0,0
544667,1,53,2844,0,0,52,134613.48,149087,419,84,0,0
544767,1,53,2842,0,0,52,134613.48,149087,419,84,0,0
544867,1,53,2844,0,10,52,134613.48,149087,419,84,0,0
544934,1,53,2810,0,10,52,134613.48,149087,419,84,0,0
545135,1,53,2810,0,4,52,134613.48,149087,419,84,0,0
545237,1,53,2800,0,6,52,134613.48,149087,419,84,0,0
545368,1,52,2779,0,8,52,134613.48,149087,419,84,0,0
545435,1,52,2760,0,8,52,134613.48,149087,419,84,0,0
545595,1,52,2760,0,8,52,134613.48,149087,419,84,0,0
545720,1,52,2730,0,8,52,134613.48,149087,419,84,0,0
545834,1,52,2733,0,2,52,134613.48,149087,419,84,0,0
545935,1,51,2720,0,0,52,134613.48,149087,419,84,0,0
546081,1,51,2720,0,0,52,134613.48,149087,419,84,0,0
546180,1,51,2688,0,0,52,134613.48,149087,419,84,0,0
546317,1,51,2688,0,0,52,134613.48,149087,419,84,0,0
546434,1,50,2656,0,0,52,134613.48,149087,419,84,0,0
546468,1,50,2656,0,0,52,134613.48,149087,419,84,0,0
546680,1,50,2656,0,0,52,134613.48,149087,419,84,0,0
546799,1,50,2656,0,0,52,134613.48,149087,419,84,0,0
546909,1,50,2656,0,0,52,134613.48,149087,419,84,0,0
546974,1,50,2624,0,0,52,134613.48,149087,419,84,0,0
547135,1,49,2624,0,0,52,134613.48,149087,419,84,0,0
547267,1,49,2592,0,0,52,134613.48,149087,419,84,0,0
547367,1,49,2592,0,0,52,134613.48,149087,419,84,0,0
547460,1,49,2592,0,0,52,134613.48,149087,419,84,0,0
547593,1,49,2592,0,0,52,134613.48,149087,419,84,0,0
547735,1,48,2560,0,0,52,134613.48,149087,419,84,0,0
547834,1,48,2560,0,0,52,134613.48,149087,419,84,0,0
547930,1,48,2560,0,0,52,134613.48,149087,419,84,0,0
548080,1,48,2560,0,0,52,134613.48,149087,419,84,0,0
548209,1,48,2528,0,0,52,134613.48,149087,419,84,0,0
548318,1,48,2496,0,0,52,134613.48,149087,419,84,0,0
548434,1,47,2496,0,0,52,134613.48,149087,419,84,0,0
548434,1,47,2496,0,0,52,134613.48,149087,419,84,0,0
548679,1,47,2496,0,0,52,134613.48,149087,419,85,0,0
548799,1,47,2464,0,6,52,134613.48,149087,419,85,0,0
548909,1,47,2464,0,18,52,134613.48,149087,419,85,0,0
548936,1,47,2464,0,18,52,134613.48,149087,419,85,0,0
549134,1,46,2464,0,16,52,134613.48,149087,419,85,0,0
549259,1,46,2464,0,16,52,134613.48,149087,419,85,0,0
549367,1,46,2432,0,2,52,134613.48,149087,419,85,0,0
549450,1,46,2432,0,2,52,134613.48,149087,419,85,0,0
549592,1,46,2432,0,0,52,134613.48,149087,419,85,0,0
549734,1,45,2400,0,0,52,134613.48,149087,419,85,0,0
549834,1,45,2368,0,0,52,134613.48,149087,419,85,0,0
549934,1,45,2368,0,0,52,134613.48,149087,419,85,0,0
550079,1,45,2368,0,0,52,134613.48,149087,419,85,0,0
550209,1,45,2368,0,0,52,134613.48,149087,419,85,0,0
550317,1,45,2368,0,0,52,134613.48,149087,419,85,0,0
550434,1,44,2336,0,0,52,134613.48,149087,419,85,0,0
550463,1,44,2336,0,0,52,134613.48,149087,419,85,0,0
550718,1,44,2336,0,0,52,134613.48,149087,419,85,0,0
550834,1,44,2336,30,0,52,134613.48,149087,419,85,0,0
550934,1,44,2373,42,0,52,134613.48,149087,419,85,0,0
551078,1,44,2373,42,0,52,134613.48,149087,419,85,0,0
551179,1,44,2360,57,0,52,134613.48,149087,419,85,0,0
551309,1,44,2347,75,0,52,134613.48,149087,419,85,0,0
551420,1,44,2339,76,0,52,134613.48,149087,419,85,0,0
551460,1,44,2339,76,0,52,134613.48,149087,419,85,0,0
551659,1,44,2384,76,0,52,134614.50,149087,419,85,0,0
551767,1,45,2390,76,0,52,134614.50,149087,419,85,0,0
551867,1,45,2421,76,0,52,134614.50,149087,419,85,0,0
551929,1,45,2417,68,0,52,134614.50,149087,419,85,0,0
552120,1,46,2417,53,0,52,134614.50,149087,419,85,0,0
552234,1,46,2424,53,0,52,134614.50,149087,419,85,0,0
552334,1,46,2401,53,0,52,134614.50,149087,419,85,0,0
552467,1,46,2436,53,0,52,134615.53,149087,419,85,0,0
552590,1,46,2436,53,0,52,134615.53,149087,419,85,0,0
552718,1,46,2468,53,0,52,134615.53,149087,419,85,0,0
552834,1,46,2472,57,0,52,134615.53,149087,419,85,0,0
552934,1,47,2477,61,0,52,134615.53,149087,419,85,0,0
553077,1,47,2477,61,0,52,134615.53,149087,419,85,0,0
553209,1,47,2487,66,0,52,134615.53,149087,419,85,0,0
553319,1,47,2517,66,0,52,134615.53,149087,419,85,0,0
553434,1,47,2519,66,0,52,134616.56,149087,419,85,0,0
553461,1,47,2519,66,0,52,134616.56,149087,419,85,0,0
553668,1,47,2537,66,0,52,134616.56,149087,419,85,0,0
553767,1,48,2565,66,0,52,134616.56,149087,419,85,0,0
553868,1,48,2591,66,0,52,134616.56,149087,419,85,0,0
553934,1,48,2567,66,0,52,134616.56,149087,419,85,0,0
554134,1,49,2567,66,0,52,134616.56,149087,419,85,0,0
554234,1,49,2606,66,0,52,134616.56,149087,419,85,0,0
554367,1,49,2605,65,0,52,134617.61,149087,419,85,0,0
554461,1,49,2607,60,0,52,134617.61,149087,419,85,0,0
554589,1,49,2607,60,0,52,134617.61,149087,419,85,0,0
554718,1,49,2598,43,0,52,134617.61,149087,419,85,0,0
554834,1,49,2627,39,0,52,134617.61,149087,419,85,0,0
554950,1,49,2639,34,0,52,134617.61,149087,419,85,0,0
554967,1,49,2639,34,0,52,134617.61,149087,419,85,0,0
555179,1,50,2604,0,0,52,134617.61,149087,419,85,0,0
555319,1,49,2645,0,0,52,134618.62,149087,419,85,0,0
555434,1,49,2616,0,0,52,134618.62,149087,419,85,0,0
555478,1,49,2648,0,0,52,134618.62,149087,419,85,0,0
555667,1,49,2615,0,0,52,134618.62,149087,419,85,0,0
555767,1,49,2620,0,0,52,134618.62,149087,419,85,0,0
555868,1,49,2606,0,0,52,134618.62,149087,419,85,0,0
555959,1,49,2621,0,0,52,134618.62,149087,419,85,0,0
556115,1,49,2621,0,0,52,134618.62,149087,419,85,0,0
556234,1,49,2586,0,0,52,134618.62,149087,419,85,0,0
556367,1,48,2586,0,0,52,134618.62,149087,419,85,0,0
556449,1,48,2590,0,0,52,134618.62,149087,419,85,0,0
556588,1,48,2590,0,0,52,134618.62,149087,419,85,0,0
556720,1,48,2536,0,0,52,134618.62,149087,419,85,0,0
556834,1,48,2542,0,0,52,134618.62,149087,419,85,0,0
556959,1,48,2528,0,0,52,134618.62,149087,419,85,0,0
557074,1,48,2496,0,0,52,134618.62,149087,419,85,0,0
557209,1,47,2496,0,0,52,134618.62,149087,419,85,0,0
557319,1,47,2496,0,0,52,134618.62,149087,419,85,0,0
557434,1,47,2496,0,0,52,134618.62,149087,419,85,0,0
557460,1,47,2496,0,0,52,134618.62,149087,419,85,0,0
557679,1,47,2464,0,0,52,134618.62,149087,419,85,0,0
557799,1,46,2464,0,0,52,134618.62,149087,419,85,0,0
557920,1,46,2464,6,0,52,134618.62,149087,419,85,0,0
557959,1,46,2464,6,0,52,134618.62,149087,419,85,0,0
558142,1,46,2464,15,0,52,134618.62,149087,419,85,0,0
558267,1,46,2458,15,0,52,134618.62,149087,419,85,0,0
558368,1,46,2478,16,0,52,134618.62,149087,419,85,0,0
558434,1,46,2476,19,0,52,134618.62,149087,419,85,0,0
558586,1,46,2476,19,0,52,134618.62,149087,419,85,0,0
558734,1,46,2439,24,0,52,134618.62,149087,419,85,0,0
558834,1,46,2447,24,0,52,134618.62,149087,419,85,0,0
558967,1,46,2481,27,0,52,134618.62,149087,419,85,0,0
559099,1,46,2481,27,0,52,134618.62,149087,419,85,0,0
559218,1,46,2487,27,0,52,134619.67,149087,419,85,0,0
559334,1,46,2489,27,0,52,134619.67,149087,419,85,0,0
559434,1,46,2458,27,0,52,134619.67,149087,419,85,0,0
559586,1,46,2458,27,0,52,134619.67,149087,419,85,0,0
559679,1,46,2490,27,0,52,134619.67,149087,419,85,0,0
559819,1,46,2490,27,0,52,134619.67,149087,419,85,0,0
559934,1,47,2490,26,0,52,134619.67,149087,419,85,0,0
559968,1,47,2490,26,0,52,134619.67,149087,419,85,0,0
560168,1,46,2490,0,0,52,134619.67,149087,419,85,0,0
560277,1,46,2461,0,0,52,134619.67,149087,419,85,0,0
560367,1,46,2441,0,52,52,134619.67,149087,419,85,0,0
560449,1,46,2436,0,52,52,134619.67,149087,419,85,0,0
560585,1,46,2436,0,24,52,134619.67,149087,419,85,0,0
560734,1,45,2395,0,100,52,134619.67,149087,419,85,0,0
560862,1,44,2363,0,104,52,134619.67,149087,419,85,0,0
560967,1,44,2329,0,106,52,134620.67,149087,419,85,0,0
561097,1,44,2298,0,106,52,134620.67,149087,419,85,0,0
561219,1,42,2223,0,120,52,134620.67,149087,419,85,0,0
561334,1,41,2171,0,124,52,134620.67,149087,419,85,0,0
561450,1,40,2143,0,132,52,134620.67,149087,418,85,0,0
561585,1,40,2111,0,138,52,134620.67,149087,418,85,0,0
561709,1,40,2014,0,152,52,134620.67,149087,418,85,0,0
561819,1,37,1916,0,158,52,134620.67,149087,418,85,0,0
561934,1,35,1856,0,154,52,134620.67,149087,418,85,0,0
561960,1,35,1856,0,158,52,134620.67,149087,418,85,0,0
562168,1,33,1720,0,158,52,134620.67,149087,418,85,0,0
562276,1,32,1649,0,156,52,134620.67,149087,418,85,0,0
562368,1,31,1608,0,160,52,134620.67,149087,418,85,0,0
562472,1,30,1543,0,160,52,134620.67,149087,418,85,0,0
562635,1,30,1543,0,160,52,134620.67,149087,418,85,0,0
562734,1,27,1422,0,158,52,134620.67,149087,418,85,0,0
562868,1,26,1354,0,166,52,134620.67,149087,418,85,0,0
562968,1,25,1287,0,168,52,134620.67,149087,418,85,0,0
563096,1,25,1287,0,168,52,134620.67,149087,418,85,0,0
563234,1,21,1187,0,176,52,134620.67,149087,418,85,0,0
563334,1,20,1189,0,178,52,134620.67,149087,418,85,0,0
563460,1,19,1198,0,214,52,134620.67,149087,418,85,0,0
563470,1,19,1198,0,214,52,134620.67,149087,418,85,0,0
563719,1,16,1160,0,236,52,134620.67,149087,418,85,0,0
563834,1,13,1128,0,230,52,134620.67,149087,418,85,0,0
563934,1,12,1129,0,230,52,134620.67,149087,418,85,0,0
563934,1,12,1129,0,230,52,134620.67,149087,418,85,0,0
564179,1,9,1097,0,188,52,134620.67,149087,418,85,0,0
564309,1,8,1098,0,176,52,134620.67,149087,418,85,0,0
564420,1,7,1100,0,170,52,134620.67,149087,418,85,0,0
564461,1,6,1100,0,166,52,134620.67,149087,418,85,0,0
564659,1,4,1101,0,124,52,134620.67,149087,418,85,0,0
564768,1,3,1069,0,64,52,134620.67,149087,418,85,0,0
564868,1,3,1070,0,64,52,134620.67,149087,418,85,0,0
564959,1,0,1070,0,88,52,134620.67,149087,418,85,0,0
565095,1,0,1038,0,88,52,134620.67,149087,418,85,0,0
565234,1,0,940,0,74,52,134621.69,149087,418,85,0,0
565334,1,0,906,0,74,52,134621.69,149087,418,85,0,0
565434,1,0,872,0,42,52,134621.69,149087,418,85,0,0
565582,1,0,872,0,42,52,134621.69,149087,418,85,0,0
565709,1,0,840,0,30,52,134621.69,149087,418,85,0,0
565818,1,0,841,0,88,52,134621.69,149087,418,85,0,0
565934,1,0,843,0,240,52,134621.69,149087,418,85,0,0
565934,1,0,843,0,240,52,134621.69,149087,418,85,0,0
566179,1,0,842,0,284,52,134621.69,149087,418,85,0,0
566268,1,0,842,0,282,52,134621.69,149087,418,85,0,0
566409,1,0,841,0,280,52,134621.69,149087,418,85,0,0
566470,1,0,807,0,278,52,134621.69,149087,418,85,0,0
566619,1,0,807,0,278,52,134621.69,149087,418,85,0,0
566759,1,0,807,0,238,52,134621.69,149087,418,85,0,0
566868,1,0,808,0,214,52,134621.69,149087,418,85,0,0
566934,1,0,841,0,214,52,134621.69,149087,418,85,0,0
567094,1,0,841,0,196,52,134621.69,149087,418,85,0,0
567234,1,0,840,0,164,52,134621.69,149087,418,85,0,0
567334,1,0,839,0,154,52,134621.69,149087,418,85,0,0
567460,1,0,838,0,146,52,134621.69,149087,418,85,0,0
567470,1,0,838,0,146,52,134621.69,149087,418,85,0,0
567719,1,0,837,0,142,52,134621.69,149087,418,85,0,0
567834,1,0,837,0,140,52,134621.69,149087,418,85,0,0
567934,1,0,837,0,140,52,134621.69,149087,418,85,0,0
567978,1,0,837,0,138,52,134621.69,149087,418,85,0,0
568179,1,0,837,0,138,52,134621.69,149087,418,85,0,0
568318,1,0,837,0,136,52,134621.69,149087,418,85,0,0
568434,1,0,839,0,136,52,134621.69,149087,418,85,0,0
568469,1,0,839,0,136,52,134621.69,149087,418,85,0,0
568668,1,0,840,0,136,52,134621.69,149087,418,85,0,0
568768,1,0,840,0,136,52,134621.69,149087,418,85,0,0
568868,1,0,840,0,136,52,134622.69,149087,418,85,0,0
568968,1,0,840,0,136,52,134622.69,149087,418,85,0,0
569134,1,0,839,0,136,52,134622.69,149087,418,85,0,0
569234,1,0,840,0,136,52,134622.69,149087,418,85,0,0
569368,1,0,840,0,136,52,134622.69,149087,418,85,0,0
569449,1,0,837,0,136,52,134622.69,149087,418,85,0,0
569580,1,0,837,0,136,52,134622.69,149087,418,85,0,0
569719,1,0,836,0,136,52,134622.69,149087,418,85,0,0
569834,1,0,836,0,136,52,134622.69,149087,418,85,0,0
569934,1,0,836,0,136,52,134622.69,149087,418,85,0,0
570092,1,0,836,0,136,52,134622.69,149087,418,85,0,0
570209,1,0,836,0,136,52,134622.69,149087,418,85,0,0
570318,1,0,836,0,136,52,134622.69,149087,418,85,0,0
570434,1,0,835,0,136,52,134622.69,149087,418,85,0,0
570469,1,0,835,0,136,52,134622.69,149087,418,85,0,0
570668,1,0,835,0,136,52,134622.69,149087,418,85,0,0
570768,1,0,835,0,136,52,134622.69,149087,418,85,0,0
570868,1,0,836,0,136,52,134622.69,149087,418,85,0,0
570968,1,0,836,0,136,52,134622.69,149087,418,85,0,0
571119,1,0,837,0,136,52,134622.69,149087,418,85,0,0
571259,1,0,837,0,134,52,134622.69,149087,418,85,0,0
571368,1,0,837,0,134,52,134622.69,149087,418,85,0,0
571460,1,0,843,0,134,52,134622.69,149087,418,85,0,0
571615,1,0,843,0,134,52,134622.69,149087,418,85,0,0
571734,1,0,838,0,134,52,134622.69,149087,418,85,0,0
571834,1,0,837,0,134,52,134622.69,149087,418,85,0,0
571959,1,0,837,0,134,52,134622.69,149087,418,85,0,0
572091,1,0,837,0,134,52,134622.69,149087,418,85,0,0
572209,1,0,837,0,134,52,134622.69,149087,418,85,0,0
572334,1,0,837,0,134,52,134622.69,149087,418,85,0,0
572450,1,0,837,0,134,52,134622.69,149087,418,85,0,0
572578,1,0,837,0,134,52,134622.69,149087,418,85,0,0
572709,1,0,840,0,134,52,134622.69,149087,418,85,0,0
572819,1,0,841,0,134,52,134623.69,149087,418,85,0,0
572934,1,0,839,0,134,52,134623.69,149087,418,85,0,0
572968,1,0,839,0,134,52,134623.69,149087,418,85,0,0
573168,1,0,835,0,134,52,134623.69,149087,418,85,0,0
573268,1,0,833,0,134,52,134623.69,149087,418,85,0,0
573369,1,0,833,0,134,52,134623.69,149087,418,85,0,0
573469,1,0,833,0,134,52,134623.69,149087,418,85,0,0
573634,1,0,833,0,134,52,134623.69,149087,418,85,0,0
573759,1,0,801,0,134,52,134623.69,149087,418,85,0,0
573868,1,0,834,0,134,52,134623.69,149087,418,85,0,0
573968,1,0,843,0,134,52,134623.69,149087,418,85,0,0
574119,1,0,837,0,134,52,134623.69,149087,418,85,0,0
574234,1,0,836,0,134,52,134623.69,149087,418,85,0,0
574334,1,0,835,0,134,52,134623.69,149087,418,85,0,0
574469,1,0,835,0,134,52,134623.69,149087,418,85,0,0
574469,1,0,835,0,134,52,134623.69,149087,418,85,0,0
574679,1,0,835,0,134,52,134623.69,149087,418,85,0,0
574818,1,0,836,0,134,52,134623.69,149087,418,85,0,0
574934,1,0,836,0,134,52,134623.69,149087,418,85,0,0
574969,1,0,836,0,134,52,134623.69,149087,418,85,0,0
575168,1,0,836,0,134,52,134623.69,149087,418,85,0,0
575268,1,0,836,0,134,52,134623.69,149087,418,85,0,0
575368,1,0,836,0,134,52,134623.69,149087,418,85,0,0
575469,1,0,836,0,134,52,134623.69,149087,418,85,0,0
575614,1,0,836,0,134,52,134623.69,149087,418,85,0,0
575734,1,0,835,0,134,52,134623.69,149087,418,85,0,0
575868,1,0,835,0,136,52,134623.69,149087,418,85,0,0
575969,1,0,835,0,134,52,134623.69,149087,418,85,0,0
575969,1,0,835,0,134,52,134623.69,149087,418,85,0,0
576220,1,0,834,0,136,52,134623.69,149087,418,85,0,0
576334,1,0,834,0,136,52,134623.69,149087,418,85,0,0
576459,1,0,834,0,134,52,134623.69,149087,418,85,0,0
576478,1,0,834,0,134,52,134623.69,149087,418,85,0,0
576679,1,0,836,0,136,52,134624.70,149087,418,85,0,0
576799,1,0,836,0,134,52,134624.70,149087,418,85,0,0
576919,1,0,837,0,134,52,134624.70,149087,418,85,0,0
576958,1,0,837,0,134,52,134624.70,149087,418,85,0,0
577119,1,0,837,0,134,52,134624.70,149087,418,85,0,0
577269,1,0,837,0,134,52,134624.70,149087,418,85,0,0
577369,1,0,837,0,134,52,134624.70,149087,418,85,0,0
577469,1,0,837,0,134,52,134624.70,149087,418,85,0,0
577626,1,0,837,0,134,52,134624.70,149087,418,85,0,0
577734,1,0,837,0,134,52,134624.70,149087,418,85,0,0
577834,1,0,837,0,134,52,134624.70,149087,418,85,0,0
577969,1,0,837,0,132,52,134624.70,149087,418,85,0,0
577969,1,0,837,0,132,52,134624.70,149087,418,85,0,0
578222,1,0,837,0,132,52,134624.70,149087,418,85,0,0
578334,1,0,837,0,132,52,134624.70,149087,418,85,0,0
578459,1,0,837,0,132,52,134624.70,149087,418,85,0,0
578480,1,0,837,0,132,52,134624.70,149087,418,85,0,0
578679,1,0,837,0,132,52,134624.70,149087,418,85,0,0
578809,1,0,837,0,132,52,134624.70,149087,418,85,0,0
578921,1,0,836,0,132,52,134624.70,149087,418,85,0,0
578986,1,0,836,0,132,52,134624.70,149087,418,85,0,0
579137,1,0,836,0,132,52,134624.70,149087,418,85,0,0
579269,1,0,836,0,132,52,134624.70,149087,418,85,0,0
579369,1,0,835,0,132,52,134624.70,149087,418,85,0,0
579471,1,0,835,0,132,52,134624.70,149087,418,85,0,0
579614,1,0,835,0,132,52,134624.70,149087,418,85,0,0
579733,1,0,836,0,130,52,134624.70,149087,418,85,0,0
579868,1,0,837,0,132,52,134624.70,149087,418,85,0,0
579971,1,0,837,0,130,52,134624.70,149087,418,85,0,0
580114,1,0,837,0,130,52,134624.70,149087,418,85,0,0
580233,1,0,837,0,130,52,134624.70,149087,418,85,0,0
580333,1,0,837,0,130,52,134624.70,149087,418,85,0,0
580471,1,0,837,0,130,52,134625.72,149087,418,85,0,0
580598,1,0,837,0,130,52,134625.72,149087,418,85,0,0
580733,1,0,837,0,130,52,134625.72,149087,418,86,0,0
580833,1,0,837,0,130,52,134625.72,149087,418,86,0,0
580959,1,0,838,0,130,52,134625.72,149087,418,86,0,0
580971,1,0,838,0,130,52,134625.72,149087,418,86,0,0
581179,1,0,837,0,130,52,134625.72,149087,418,86,0,0
581309,1,0,837,0,130,52,134625.72,149087,418,86,0,0
581431,1,0,837,0,130,52,134625.72,149087,418,86,0,0
581471,1,0,837,0,130,52,134625.72,149087,418,86,0,0
581633,1,0,837,0,130,52,134625.72,149087,418,86,0,0
581771,1,0,836,0,130,52,134625.72,149087,418,86,0,0
581871,1,0,836,0,130,52,134625.72,149087,418,86,0,0
581982,1,0,836,0,130,52,134625.72,149087,418,86,0,0
582136,1,0,836,0,130,52,134625.72,149087,418,86,0,0
582233,1,0,835,0,130,52,134625.72,149087,418,86,0,0
582361,1,0,835,0,130,52,134625.72,149087,418,86,0,0
582471,1,0,836,0,130,52,134625.72,149087,418,86,0,0
582521,1,0,836,0,130,52,134625.72,149087,418,86,0,0
582709,1,0,836,0,130,52,134625.72,149087,418,86,0,0
582833,1,0,837,0,130,52,134625.72,149087,418,86,0,0
582933,1,0,837,0,130,52,134625.72,149087,418,86,0,0
582971,1,0,837,0,130,52,134625.72,149087,418,86,0,0
583179,1,0,837,0,130,52,134625.72,149087,418,86,0,0
583271,1,0,839,0,130,52,134625.72,149087,418,86,0,0
583408,1,0,839,0,130,52,134625.72,149087,418,86,0,0
583508,1,0,839,0,128,52,134625.72,149087,418,86,0,0
583648,1,0,839,0,128,52,134625.72,149087,418,86,0,0
583758,1,0,837,0,128,52,134625.72,149087,418,86,0,0
583871,1,0,837,0,128,52,134625.72,149087,418,86,0,0
583971,1,0,838,0,128,52,134625.72,149087,418,86,0,0
584134,1,0,837,0,128,52,134625.72,149087,418,86,0,0
584233,1,0,838,0,128,52,134625.72,149087,418,86,0,0
584371,1,0,837,0,128,52,134626.72,149087,418,86,0,0
584471,1,0,837,0,128,52,134626.72,149087,418,86,0,0
584519,1,0,837,0,128,52,134626.72,149087,418,86,0,0
584721,1,0,836,0,128,52,134626.72,149087,418,86,0,0
584833,1,0,836,0,128,52,134626.72,149087,418,86,0,0
584958,1,0,836,0,128,52,134626.72,149087,418,86,0,0
584970,1,0,836,0,128,52,134626.72,149087,418,86,0,0
585178,1,0,836,0,126,52,134626.72,149087,418,86,0,0
585308,1,0,836,0,128,52,134626.72,149087,418,86,0,0
585422,1,0,836,0,126,52,134626.72,149087,418,86,0,0
585510,1,0,836,0,128,52,134626.72,149087,418,86,0,0
585658,1,0,835,0,126,52,134626.72,149087,418,86,0,0
585771,1,0,835,0,126,52,134626.72,149087,418,86,0,0
585871,1,0,835,0,126,52,134626.72,149087,418,86,0,0
585971,1,0,835,0,126,52,134626.72,149087,418,86,0,0
586133,1,0,835,0,126,52,134626.72,149087,418,86,0,0
586259,1,0,835,0,126,52,134626.72,149087,418,86,0,0
586371,1,0,835,0,126,52,134626.72,149087,418,86,0,0
586471,1,0,836,0,126,52,134626.72,149087,418,86,0,0
586621,1,0,836,0,126,52,134626.72,149087,418,86,0,0
586733,1,0,837,0,126,52,134626.72,149087,418,86,0,0
586861,1,0,837,0,126,52,134626.72,149087,418,86,0,0
586971,1,0,837,0,126,52,134626.72,149087,418,86,0,0
587021,1,0,837,0,126,52,134626.72,149087,418,86,0,0
587221,1,0,837,0,126,52,134626.72,149087,418,86,0,0
587308,1,0,837,0,126,52,134626.72,149087,418,86,0,0
587449,1,0,837,0,126,52,134626.72,149087,418,86,0,0
587508,1,0,837,0,126,52,134626.72,149087,418,86,0,0
587658,1,0,837,0,126,52,134626.72,149087,418,86,0,0
587798,1,0,837,0,126,52,134626.72,149087,418,86,0,0
587908,1,0,837,0,126,52,134626.72,149087,418,86,0,0
588008,1,0,837,0,126,52,134627.72,149087,418,86,0,0
588008,1,0,837,0,126,52,134627.72,149087,418,86,0,0
588258,1,0,837,0,126,52,134627.72,149087,418,86,0,0
588371,1,0,837,0,126,52,134627.72,149087,418,86,0,0
588471,1,0,837,0,126,52,134627.72,149087,418,86,0,0
588521,1,0,837,0,126,52,134627.72,149087,418,86,0,0
588733,1,0,837,0,126,52,134627.72,149087,418,86,0,0
588833,1,0,837,0,126,52,134627.72,149087,418,86,0,0
588958,1,0,837,0,126,52,134627.72,149087,418,86,0,0
589033,1,0,836,0,126,52,134627.72,149087,418,86,0,0
589171,1,0,836,0,126,52,134627.72,149087,418,86,0,0
589308,1,0,837,0,126,52,134627.72,149087,418,86,0,0
589422,1,0,836,0,126,52,134627.72,149087,418,86,0,0
589508,1,0,836,0,126,52,134627.72,149087,418,86,0,0
589658,1,0,836,0,126,52,134627.72,149087,418,86,0,0
589771,1,0,835,0,126,52,134627.72,149087,418,86,0,0
589871,1,0,835,0,126,52,134627.72,149087,418,86,0,0
590008,1,0,835,0,126,52,134627.72,149087,418,86,0,0
590021,1,0,834,0,126,52,134627.72,149087,418,86,0,0
590233,1,0,834,0,126,52,134627.72,149087,418,86,0,0
590361,1,0,836,0,126,52,134627.72,149087,418,87,0,0
590471,1,0,836,0,126,52,134627.72,149087,418,87,0,0
590521,1,0,836,0,126,52,134627.72,149087,418,87,0,0
590708,1,0,836,0,126,52,134627.72,149087,418,87,0,0
590821,1,0,837,0,126,52,134627.72,149087,418,87,0,0
590933,1,0,837,0,126,52,134627.72,149087,418,87,0,0
591008,1,0,837,0,126,52,134627.72,149087,418,87,0,0
591171,1,0,837,0,126,52,134627.72,149087,418,87,0,0
591298,1,0,837,0,126,52,134627.72,149087,418,87,0,0
591408,1,0,836,0,126,52,134627.72,149087,418,87,0,0
591533,1,0,836,0,126,52,134627.72,149087,419,87,0,0
591671,1,0,836,0,126,52,134628.72,149087,419,87,0,0
591771,1,0,836,0,126,52,134628.72,149087,419,87,0,0
591871,1,0,836,0,126,52,134628.72,149087,419,87,0,0
592009,1,0,835,0,126,52,134628.72,149087,419,87,0,0
592155,1,0,835,0,126,52,134628.72,149087,419,87,0,0
592271,1,0,836,0,126,52,134628.72,149087,419,87,0,0
592371,1,0,834,0,126,52,134628.72,149087,419,87,0,0
592471,1,0,834,0,128,52,134628.72,149087,419,87,0,0
592523,1,0,834,0,128,52,134628.72,149087,419,87,0,0
592733,1,0,833,0,126,52,134628.72,149087,419,87,0,0
592833,1,0,833,0,126,52,134628.72,149087,419,87,0,0
592958,1,0,833,0,128,52,134628.72,149087,419,87,0,0
593033,1,0,833,0,128,52,134628.72,149087,419,87,0,0
593180,1,0,833,0,126,52,134628.72,149087,419,87,0,0
593321,1,0,833,0,128,52,134628.72,149087,419,87,0,0
593471,1,0,833,0,128,52,134628.72,149087,419,87,0,0
593521,1,0,833,0,128,52,134628.72,149087,419,87,0,0
593721,1,0,833,0,128,52,134628.72,149087,419,87,0,0
593833,1,0,833,0,128,52,134628.72,149087,419,87,0,0
593933,1,0,834,0,128,52,134628.72,149087,419,87,0,0
594010,1,0,834,0,128,52,134628.72,149087,419,87,0,0
594158,1,0,834,0,128,52,134628.72,149087,419,87,0,0
594298,1,0,835,0,128,52,134628.72,149087,419,87,0,0
594422,1,0,835,0,128,52,134628.72,149087,419,87,0,0
594533,1,0,835,0,128,52,134628.72,149087,419,87,0,0
594670,1,0,835,0,128,52,134628.72,149087,419,87,0,0
594771,1,0,835,0,128,52,134628.72,149087,419,87,0,0
594908,1,0,835,0,128,52,134628.72,149087,419,87,0,0
595020,1,0,834,0,128,52,134628.72,149087,419,87,0,0
595158,1,0,834,0,128,52,134628.72,149087,419,87,0,0
595271,1,0,834,0,128,52,134629.73,149087,419,87,0,0
595371,1,0,835,0,128,52,134629.73,149087,419,87,0,0
595509,1,0,835,0,128,52,134629.73,149087,419,87,0,0
595534,1,0,835,0,128,52,134629.73,149087,419,87,0,0
595733,1,0,835,0,128,52,134629.73,149087,419,87,0,0
595861,1,0,834,0,128,52,134629.73,149087,419,87,0,0
595970,1,0,833,0,128,52,134629.73,149087,419,87,0,0
596025,1,0,801,0,128,52,134629.73,149087,419,87,0,0
596208,1,0,832,0,0,52,134629.73,149087,419,87,0,0
596320,1,0,833,0,0,52,134629.73,149087,419,87,0,0
596433,1,0,835,0,0,52,134629.73,149087,419,87,0,0
596533,1,0,907,0,0,52,134629.73,149087,419,87,0,0
596678,1,0,1111,0,0,52,134629.73,149087,419,87,0,0
596798,1,0,1346,33,0,52,134629.73,149087,419,87,0,0
596908,1,0,1690,48,0,52,134629.73,149087,419,87,0,0
597024,1,0,1935,60,0,52,134629.73,149087,419,87,0,0
597152,1,0,1967,60,0,52,134629.73,149087,419,87,0,0
597270,1,0,2048,79,0,52,134630.80,149087,419,87,0,0
597370,1,2,2073,80,0,52,134630.80,149087,419,87,0,0
597471,1,3,2038,80,0,52,134630.80,149087,419,87,0,0
597533,1,4,1991,80,0,52,134630.80,149087,419,87,0,0
597733,1,6,1887,80,0,52,134630.80,149087,419,87,0,0
597833,1,8,1842,82,0,52,134631.86,149087,419,87,0,0
597958,1,9,1830,86,0,52,134631.86,149087,419,87,0,0
598069,1,10,1823,89,0,52,134631.86,149087,419,87,0,0
598178,1,10,1823,89,0,52,134631.86,149087,419,87,0,0
598320,1,12,1798,99,0,52,134631.86,149087,419,87,0,0
598433,1,14,2031,110,0,52,134632.89,149087,419,87,0,0
598536,1,15,2114,113,0,52,134632.89,149087,419,87,0,0
598678,1,15,2312,113,0,52,134632.89,149087,419,87,0,0
598798,1,16,2470,126,0,52,134632.89,149087,419,87,0,0
598908,1,17,2562,126,0,52,134633.95,149087,419,87,0,0
599033,1,19,2814,126,0,52,134633.95,149087,419,87,0,0
599033,1,19,2814,126,0,52,134633.95,149087,419,87,0,0
599270,1,22,3199,126,0,52,134633.95,149087,419,87,0,0
599371,1,23,3354,126,0,52,134635.05,149087,419,87,0,0
599509,1,24,3491,126,0,52,134635.05,149087,419,87,0,0
599522,1,24,3576,126,0,52,134635.05,149087,419,87,0,0
599758,1,27,3843,125,0,52,134636.22,149087,419,87,0,0
599870,1,28,4077,123,0,52,134637.44,149087,419,87,0,0
599970,1,29,4171,120,0,52,134637.44,149087,419,87,0,0
600033,1,30,4239,118,0,52,134637.44,149087,419,87,0,0
600233,1,32,4494,106,0,52,134638.62,149087,419,87,0,0
600320,1,32,4531,89,0,52,134638.62,149087,419,87,0,0
600470,1,32,4473,62,0,52,134639.67,149087,419,87,0,0
600535,1,32,4428,26,0,52,134639.67,149087,419,87,0,0
600678,1,32,4285,26,0,52,134639.67,149087,419,87,0,0
600820,1,33,3982,0,0,52,134639.67,149087,419,86,0,0
600933,1,33,3776,0,0,52,134639.67,149087,419,86,0,0
601048,1,33,3552,0,0,52,134639.67,149087,419,86,0,0
601178,1,33,3456,0,0,52,134639.67,149087,419,86,0,0
601298,1,33,3040,0,0,52,134639.67,149087,419,86,0,0
601421,1,33,2683,26,0,52,134639.67,149087,419,86,0,0
601533,1,33,2511,41,0,52,134639.67,149087,419,86,0,0
601533,1,33,2511,41,0,52,134639.67,149087,419,86,0,0
601771,1,33,2580,90,0,52,134639.67,149087,419,86,0,0
601871,1,34,2643,113,0,52,134639.67,149087,419,86,0,0
602008,1,34,2650,149,0,52,134640.72,149087,419,86,0,0
602048,1,35,2699,149,0,52,134640.72,149087,419,86,0,0
602243,1,36,2755,153,0,52,134640.72,149087,419,86,0,0
602361,1,37,2834,153,0,52,134640.72,149087,419,86,0,0
602470,1,38,2932,153,0,52,134641.84,149087,419,86,0,0
602548,1,39,2935,149,0,52,134641.84,149087,419,86,0,0
602687,1,39,2999,149,0,52,134641.84,149087,419,86,0,0
602833,1,41,3123,123,0,52,134642.98,149087,419,86,0,0
602933,1,42,3168,112,0,52,134644.00,149087,419,86,0,0
603033,1,42,3247,106,0,52,134644.00,149087,419,86,0,0
603178,1,42,3247,106,0,52,134644.00,149087,419,86,0,0
603308,1,43,3300,89,0,52,134645.00,149087,419,86,0,0
603421,1,44,3347,89,0,52,134645.00,149087,419,86,0,0
603521,1,44,3369,85,0,52,134645.00,149087,419,86,0,0
603670,1,44,3362,85,0,52,134645.00,149087,419,86,0,0
603770,1,45,3365,60,0,52,134646.12,149087,419,86,0,0
603908,1,45,3417,48,0,52,134646.12,149087,419,86,0,0
604020,1,45,3421,42,0,52,134646.12,149087,419,86,0,0
604066,1,45,3421,42,0,52,134646.12,149087,419,86,0,0
604233,1,45,3410,27,0,52,134646.12,149087,419,86,0,0
604370,1,45,3413,15,0,52,134646.12,149087,419,86,0,0
604470,1,45,3328,0,0,52,134646.12,149087,419,86,0,0
604577,1,45,3368,0,0,52,134646.12,149087,419,86,0,0
604686,1,45,3368,0,0,52,134646.12,149087,419,86,0,0
604833,1,44,3388,0,0,52,134647.16,149087,419,86,0,0
604958,1,44,3385,0,0,52,134647.16,149087,419,86,0,0
605033,1,44,3353,0,0,52,134647.16,149087,419,86,0,0
605178,1,44,3353,0,0,52,134647.16,149087,419,86,0,0
605320,1,44,3318,0,0,52,134647.16,149087,419,86,0,0
605433,1,43,3274,0,0,52,134647.16,149087,419,86,0,0
605533,1,43,3274,0,0,52,134647.16,149087,419,86,0,0
605533,1,43,3274,0,0,52,134647.16,149087,419,86,0,0
605770,1,43,3210,0,0,52,134647.16,149087,419,86,0,0
605908,1,42,3213,2,0,52,134647.16,149087,419,86,0,0
606020,1,42,3190,11,0,52,134647.16,149087,419,86,0,0
606020,1,42,3190,11,0,52,134647.16,149087,419,86,0,0
606270,1,42,3176,17,0,52,134647.16,149087,419,86,0,0
606377,1,42,3143,18,0,52,134647.16,149087,419,86,0,0
606508,1,42,3154,21,0,52,134647.16,149087,419,86,0,0
606557,1,42,3158,21,0,52,134647.16,149087,419,86,0,0
606733,1,41,3139,22,0,52,134647.16,149087,419,86,0,0
606833,1,41,3143,22,0,52,134647.16,149087,419,86,0,0
606970,1,41,3145,23,0,52,134648.19,149087,419,86,0,0
607063,1,41,3112,23,0,52,134648.19,149087,419,86,0,0
607178,1,41,3112,23,0,52,134648.19,149087,419,86,0,0
607321,1,41,3166,24,0,52,134648.19,149087,419,86,0,0
607433,1,41,3130,24,0,52,134648.19,149087,419,86,0,0
607548,1,41,3134,24,0,52,134648.19,149087,419,86,0,0
607684,1,41,3134,24,0,52,134648.19,149087,419,86,0,0
607808,1,41,3133,23,0,52,134648.19,149087,419,86,0,0
607933,1,41,3126,13,0,52,134648.19,149087,419,86,0,0
608033,1,41,3090,8,0,52,134648.19,149087,419,86,0,0
608178,1,41,3090,8,0,52,134648.19,149087,419,86,0,0
608308,1,41,3088,20,0,52,134648.19,149087,419,86,0,0
608421,1,41,3088,20,0,52,134649.19,149087,419,86,0,0
608533,1,40,3095,21,0,52,134649.19,149087,419,86,0,0
608683,1,40,3095,21,0,52,134649.19,149087,419,86,0,0
608798,1,40,3099,21,0,52,134649.19,149087,419,86,0,0
608921,1,40,3046,22,0,52,134649.19,149087,419,86,0,0
609020,1,40,3052,12,0,52,134649.19,149087,419,86,0,0
609061,1,40,3052,12,0,52,134649.19,149087,419,86,0,0
609270,1,40,3064,2,0,52,134649.19,149087,419,86,0,0
609375,1,40,3026,0,0,52,134649.19,149087,419,86,0,0
609508,1,40,3026,0,0,52,134649.19,149087,419,86,0,0
609548,1,40,3020,0,0,52,134649.19,149087,419,86,0,0
609734,1,40,3020,0,0,52,134649.19,149087,419,86,0,0
609861,1,39,2983,0,0,52,134649.19,149087,419,86,0,0
609970,1,39,2968,0,0,52,134649.19,149087,419,86,0,0
610020,1,39,2945,0,0,52,134649.19,149087,419,86,0,0
610178,1,39,2916,0,0,52,134649.19,149087,419,86,0,0
610321,1,39,2890,0,8,52,134649.19,149087,419,86,0,0
610433,1,38,2908,0,20,52,134649.19,149087,419,86,0,0
610548,1,38,2858,0,20,52,134649.19,149087,419,86,0,0
610682,1,38,2858,0,26,52,134649.19,149087,419,86,0,0
610811,1,38,2811,0,36,52,134649.19,149087,419,86,0,0
610928,1,37,2752,0,36,52,134649.19,149087,419,86,0,0
611033,1,36,2720,0,38,52,134649.19,149087,419,86,0,0
611170,1,36,2656,0,34,52,134649.19,149087,419,86,0,0
611270,1,35,2656,0,2,52,134649.19,149087,419,86,0,0
611371,1,35,2624,0,0,52,134649.19,149087,419,86,0,0
611511,1,35,2624,0,0,52,134649.19,149087,419,86,0,0
611548,1,35,2624,0,0,52,134649.19,149087,419,86,0,0
611732,1,34,2624,0,0,52,134649.19,149087,419,86,0,0
611859,1,34,2560,0,10,52,134649.19,149087,419,86,0,0
611971,1,34,2528,0,12,52,134649.19,149087,419,86,0,0
612058,1,33,2528,0,24,52,134649.19,149087,419,86,0,0
612194,1,33,2496,0,24,52,134649.19,149087,419,86,0,0
612333,1,32,2432,0,28,52,134649.19,149087,419,86,0,0
612448,1,32,2432,0,32,52,134649.19,149087,419,86,0,0
612533,1,32,2400,0,32,52,134649.19,149087,419,86,0,0
612681,1,32,2368,0,18,52,134649.19,149087,419,86,0,0
612798,1,31,2336,0,0,52,134649.19,149087,419,86,0,0
612921,1,31,2304,0,0,52,134649.19,149087,419,86,0,0
613021,1,31,2304,0,0,52,134649.19,149087,419,86,0,0
613055,1,30,2304,0,0,52,134649.19,149087,419,86,0,0
613258,1,30,2272,0,6,52,134649.19,149087,419,86,0,0
613372,1,30,2240,0,12,52,134649.19,149087,419,86,0,0
613470,1,29,2208,0,12,52,134649.19,149087,419,86,0,0
613533,1,29,2208,0,12,52,134649.19,149087,419,86,0,0
613733,1,28,2176,0,18,52,134649.19,149087,419,86,0,0
613833,1,28,2112,0,34,52,134649.19,149087,419,86,0,0
613958,1,28,2080,0,40,52,134649.19,149087,419,86,0,0
614048,1,27,2048,0,40,52,134649.19,149087,419,86,0,0
614192,1,27,2048,0,42,52,134649.19,149087,419,86,0,0
614321,1,27,1952,0,44,52,134649.19,149087,419,86,0,0
614433,1,25,1920,0,42,52,134649.19,149087,419,86,0,0
614533,1,25,1888,0,42,52,134649.19,149087,419,86,0,0
614533,1,25,1888,0,42,52,134649.19,149087,419,86,0,0
614770,1,24,1760,0,46,52,134649.19,149087,419,86,0,0
614870,1,23,1760,0,32,52,134649.19,149087,419,86,0,0
615020,1,23,1728,0,4,52,134649.19,149087,419,86,0,0
615039,1,23,1728,0,4,52,134649.19,149087,419,86,0,0
615235,1,23,1696,0,2,52,134649.19,149087,419,86,0,0
615370,1,22,1664,0,0,52,134649.19,149087,419,86,0,0
615471,1,22,1664,0,0,52,134649.19,149087,419,86,0,0
615521,1,22,1632,0,0,52,134649.19,149087,419,86,0,0
615711,1,22,1632,0,0,52,134649.19,149087,419,86,0,0
615820,1,21,1600,0,0,52,134649.19,149087,419,86,0,0
615933,1,21,1568,0,0,52,134649.19,149087,419,86,0,0
616058,1,21,1536,0,0,52,134649.19,149087,419,86,0,0
616191,1,21,1536,0,0,52,134649.19,149087,419,86,0,0
616321,1,21,1504,0,20,52,134649.19,149087,419,86,0,0
616436,1,20,1472,0,12,52,134649.19,149087,419,86,0,0
616521,1,20,1472,0,18,52,134649.19,149087,419,86,0,0
616657,1,19,1440,0,36,52,134649.19,149087,419,86,0,0
616798,1,18,1376,0,58,52,134649.19,149087,419,86,0,0
616911,1,18,1344,0,62,52,134649.19,149087,419,86,0,0
617020,1,17,1276,0,62,52,134649.19,149087,419,86,0,0
617165,1,17,1212,0,62,52,134650.19,149087,419,86,0,0
617271,1,16,1053,0,64,52,134650.19,149087,419,86,0,0
617370,1,16,1210,0,50,52,134650.19,149087,419,86,0,0
617511,1,15,1212,0,36,52,134650.19,149087,419,86,0,0
617538,1,15,1190,0,36,52,134650.19,149087,419,86,0,0
617733,1,15,1190,0,30,52,134650.19,149087,419,86,0,0
617858,1,14,1168,0,0,52,134650.19,149087,419,86,0,0
617971,1,15,1169,0,0,52,134650.19,149087,419,86,0,0
618050,1,14,1169,0,0,52,134650.19,149087,419,86,0,0
618190,1,14,1169,0,0,52,134650.19,149087,419,86,0,0
618332,1,14,1140,0,0,52,134650.19,149087,419,86,0,0
618448,1,14,1140,0,0,52,134650.19,149087,419,86,0,0
618532,1,14,1109,0,0,52,134650.19,149087,419,86,0,0
618677,1,14,1109,0,0,52,134650.19,149087,419,86,0,0
618811,1,14,1142,0,0,52,134650.19,149087,419,86,0,0
618933,1,14,1143,0,0,52,134650.19,149087,419,86,0,0
619047,1,13,1171,7,0,52,134650.19,149087,419,86,0,0
619074,1,13,1235,7,0,52,134650.19,149087,419,86,0,0
619297,1,13,1529,17,0,52,134650.19,149087,419,86,0,0
619411,1,13,1737,24,0,52,134650.19,149087,419,86,0,0
619532,1,12,1881,27,0,52,134650.19,149087,419,86,0,0
619553,1,12,1881,27,0,52,134650.19,149087,419,86,0,0
619771,1,12,1771,30,0,52,134650.19,149087,419,86,0,0
619871,1,13,1811,39,0,52,134651.20,149087,419,86,0,0
620011,1,13,1917,61,0,52,134651.20,149087,419,86,0,0
620080,1,13,1920,61,0,52,134651.20,149087,419,86,0,0
620232,1,13,1944,63,0,52,134651.20,149087,419,86,0,0
620358,1,14,1977,63,0,52,134651.20,149087,419,86,0,0
620471,1,14,2068,64,0,52,134651.20,149087,419,86,0,0
620532,1,14,2103,64,0,52,134651.20,149087,419,86,0,0
620682,1,14,2103,64,0,52,134651.20,149087,419,86,0,0
620821,1,15,2190,62,0,52,134651.20,149087,419,86,0,0
620933,1,16,2257,62,0,52,134651.20,149087,419,86,0,0
621032,1,16,2289,62,0,52,134652.25,149087,419,86,0,0
621171,1,16,2356,62,0,52,134652.25,149087,419,86,0,0
621297,1,17,2418,62,0,52,134652.25,149087,419,86,0,0
621411,1,17,2449,62,0,52,134652.25,149087,419,86,0,0
621532,1,17,2525,69,0,52,134652.25,149087,416,86,0,0
621532,1,17,2525,69,0,52,134652.25,149087,416,86,0,0
621771,1,18,2644,77,0,52,134652.25,149087,416,86,0,0
621871,1,19,2686,77,0,52,134652.25,149087,416,86,0,0
622011,1,19,2762,74,0,52,134653.30,149087,416,86,0,0
622047,1,19,2763,74,0,52,134653.30,149087,416,86,0,0
622232,1,20,2795,67,0,52,134653.30,149087,416,86,0,0
622358,1,21,2925,57,0,52,134653.30,149087,416,86,0,0
622471,1,21,2892,37,0,52,134653.30,149087,416,86,0,0
622563,1,21,2884,18,0,52,134653.30,149087,416,86,0,0
622680,1,21,2852,18,0,52,134653.30,149087,416,86,0,0
622821,1,21,2598,0,0,52,134653.30,149087,416,86,0,0
622933,1,21,2413,0,0,52,134653.30,149087,416,86,0,0
623057,1,21,2255,0,0,52,134653.30,149087,416,86,0,0
623187,1,21,2159,0,0,52,134653.30,149087,416,86,0,0
623311,1,21,1841,0,0,52,134653.30,149087,416,86,0,0
623433,1,21,1649,0,0,52,134654.31,149087,416,86,0,0
623547,1,21,1613,0,0,52,134654.31,149087,416,86,0,0
623547,1,21,1613,0,0,52,134654.31,149087,416,86,0,0
623771,1,21,1508,0,0,52,134654.31,149087,416,86,0,0
623871,1,21,1498,0,0,52,134654.31,149087,416,86,0,0
624022,1,20,1429,0,0,52,134654.31,149087,416,86,0,0
624032,1,21,1429,0,0,52,134654.31,149087,416,86,0,0
624257,1,20,1429,2,0,52,134654.31,149087,416,86,0,0
624371,1,20,1524,12,0,52,134654.31,149087,416,86,0,0
624471,1,20,1586,21,0,52,134654.31,149087,416,86,0,0
624557,1,20,1612,26,0,52,134654.31,149087,416,86,0,0
624710,1,20,1580,38,0,52,134654.31,149087,416,86,0,0
624832,1,20,1593,48,0,52,134654.31,149087,416,86,0,0
624957,1,20,1515,51,0,52,134654.31,149087,416,86,0,0
625032,1,20,1563,60,0,52,134654.31,149087,416,86,0,0
625186,1,20,1563,60,0,52,134654.31,149087,416,86,0,0
625321,1,20,1576,76,0,52,134654.31,149087,416,86,0,0
625433,1,21,1620,76,0,52,134654.31,149087,416,86,0,0
625532,1,21,1661,76,0,52,134655.36,149087,416,86,0,0
625680,1,21,1661,76,0,52,134655.36,149087,416,86,0,0
625797,1,22,1664,77,0,52,134655.36,149087,416,86,0,0
625921,1,22,1697,79,0,52,134655.36,149087,416,86,0,0
626032,1,23,1733,84,0,52,134655.36,149087,416,86,0,0
626078,1,23,1733,84,0,52,134655.36,149087,416,86,0,0
626271,1,23,1807,87,0,52,134655.36,149087,416,86,0,0
626371,1,24,1845,87,0,52,134655.36,149087,416,86,0,0
626522,1,24,1840,82,0,52,134655.36,149087,416,86,0,0
626547,1,24,1840,82,0,52,134655.36,149087,416,86,0,0
626757,1,25,1874,86,0,52,134656.42,149087,416,86,0,0
626871,1,25,1904,87,0,52,134656.42,149087,416,86,0,0
626971,1,25,1938,90,0,52,134656.42,149087,416,86,0,0
627077,1,25,1976,91,0,52,134656.42,149087,416,86,0,0
627184,1,25,1976,91,0,52,134656.42,149087,416,86,0,0
627332,1,27,2039,93,0,52,134656.42,149087,416,86,0,0
627448,1,27,2077,93,0,52,134656.42,149087,416,86,0,0
627547,1,27,2084,93,0,52,134657.44,149087,416,86,0,0
627547,1,27,2084,93,0,52,134657.44,149087,416,86,0,0
627797,1,28,2160,93,0,52,134657.44,149087,416,86,0,0
627911,1,28,2165,93,0,52,134657.44,149087,416,86,0,0
628032,1,29,2234,93,0,52,134657.44,149087,416,86,0,0
628032,1,29,2234,93,0,52,134657.44,149087,416,86,0,0
628271,1,30,2240,74,0,52,134657.44,149087,416,86,0,0
628371,1,30,2256,67,0,52,134658.53,149087,416,86,0,0
628511,1,30,2285,62,0,52,134658.53,149087,416,86,0,0
628563,1,30,2273,62,0,52,134658.53,149087,416,86,0,0
628732,1,30,2328,62,0,52,134658.53,149087,416,86,0,0
628858,1,31,2367,61,0,52,134658.53,149087,416,86,0,0
628971,1,31,2342,61,0,52,134658.53,149087,416,86,0,0
629032,1,31,2348,61,0,52,134658.53,149087,416,86,0,0
629183,1,31,2348,61,0,52,134658.53,149087,416,86,0,0
629332,1,31,2378,60,0,52,134659.59,149087,416,86,0,0
629448,1,31,2377,59,0,52,134659.59,149087,416,86,0,0
629557,1,32,2408,57,0,52,134659.59,149087,416,86,0,0
629696,1,32,2408,57,0,52,134659.59,149087,416,86,0,0
629821,1,32,2406,38,0,52,134659.59,149087,416,86,0,0
629932,1,32,2410,38,0,52,134659.59,149087,416,86,0,0
630047,1,32,2425,38,0,52,134659.59,149087,416,86,0,0
630182,1,32,2425,38,0,52,134659.59,149087,416,86,0,0
630311,1,32,2430,39,0,52,134659.59,149087,416,86,0,0
630426,1,32,2444,41,0,52,134659.59,149087,416,86,0,0
630532,1,32,2448,41,0,52,134660.64,149087,416,86,0,0
630549,1,32,2448,41,0,52,134660.64,149087,416,86,0,0
630771,1,32,2454,39,0,52,134660.64,149087,416,86,0,0
630871,1,32,2453,36,0,52,134660.64,149087,416,86,0,0
631021,1,32,2437,30,0,52,134660.64,149087,416,86,0,0
631057,1,32,2437,30,0,52,134660.64,149087,416,86,0,0
631257,1,32,2434,30,0,52,134660.64,149087,416,86,0,0
631371,1,32,2435,29,0,52,134660.64,149087,416,86,0,0
631471,1,32,2437,29,0,52,134660.64,149087,416,86,0,0
631547,1,32,2438,29,0,52,134660.64,149087,416,86,0,0
631711,1,32,2438,30,0,52,134660.64,149087,416,86,0,0
631832,1,32,2403,30,0,52,134660.64,149087,416,86,0,0
631957,1,32,2403,30,0,52,134660.64,149087,416,86,0,0
632032,1,32,2405,30,0,52,134661.66,149087,416,86,0,0
632181,1,32,2437,30,0,52,134661.66,149087,416,86,0,0
632311,1,32,2413,30,0,52,134661.66,149087,416,86,0,0
632435,1,32,2410,31,0,52,134661.66,149087,416,86,0,0
632547,1,32,2408,31,0,52,134661.66,149087,416,86,0,0
632678,1,32,2406,31,0,52,134661.66,149087,416,86,0,0
632797,1,32,2404,31,0,52,134661.66,149087,416,86,0,0
632911,1,32,2404,35,0,52,134661.66,149087,416,86,0,0
633027,1,32,2406,36,0,52,134661.66,149087,416,86,0,0
633049,1,32,2406,36,0,52,134661.66,149087,416,86,0,0
633257,1,32,2406,38,0,52,134661.66,149087,416,86,0,0
633371,1,31,2430,42,0,52,134661.66,149087,416,86,0,0
633471,1,32,2400,43,0,52,134661.66,149087,416,86,0,0
633557,1,32,2402,45,0,52,134662.67,149087,416,86,0,0
633693,1,32,2402,45,0,52,134662.67,149087,416,86,0,0
633834,1,32,2456,46,0,52,134662.67,149087,416,86,0,0
633957,1,32,2400,46,0,52,134662.67,149087,416,86,0,0
634057,1,32,2402,58,0,52,134662.67,149087,416,86,0,0
634180,1,32,2434,58,0,52,134662.67,149087,416,86,0,0
634311,1,33,2467,71,0,52,134662.67,149087,416,86,0,0
634432,1,33,2506,71,0,52,134662.67,149087,416,86,0,0
634547,1,33,2522,75,0,52,134662.67,149087,416,86,0,0
634678,1,33,2531,75,0,52,134663.69,149087,416,86,0,0
634797,1,34,2574,76,0,52,134663.69,149087,416,86,0,0
634910,1,34,2612,76,0,52,134663.69,149087,416,86,0,0
635032,1,34,2605,73,0,52,134663.69,149087,416,86,0,0
635051,1,34,2605,73,0,52,134663.69,149087,416,86,0,0
635257,1,35,2637,69,0,52,134663.69,149087,416,86,0,0
635371,1,35,2676,67,0,52,134664.75,149087,416,86,0,0
635471,1,35,2672,65,0,52,134664.75,149087,416,86,0,0
635557,1,35,2705,65,0,52,134664.75,149087,416,86,0,0
635692,1,35,2705,65,0,52,134664.75,149087,416,86,0,0
635833,1,36,2735,57,0,52,134664.75,149087,416,86,0,0
635957,1,36,2765,57,0,52,134664.75,149087,416,86,0,0
636075,1,36,2728,52,0,52,134664.75,149087,416,86,0,0
636257,1,36,2759,49,0,52,134665.78,149087,416,86,0,0
636358,1,37,2770,48,0,52,134665.78,149087,416,86,0,0
636471,1,36,2756,48,0,52,134665.78,149087,416,86,0,0
636532,1,36,2755,46,0,52,134665.78,149087,416,86,0,0
636717,1,36,2758,32,0,52,134665.78,149087,416,86,0,0
636832,1,37,2775,23,0,52,134665.78,149087,416,86,0,0
636934,1,37,2774,21,0,52,134665.78,149087,416,86,0,0
637057,1,36,2743,22,0,52,134665.78,149087,416,86,0,0
637057,1,36,2743,22,0,52,134665.78,149087,416,86,0,0
637310,1,36,2797,40,0,52,134665.78,149087,416,86,0,0
637432,1,36,2827,42,0,52,134666.81,149087,416,86,0,0
637532,1,37,2720,44,0,52,134666.81,149087,416,86,0,0
637675,1,37,2787,44,0,52,134666.81,149087,416,86,0,0
637797,1,37,2787,56,0,52,134666.81,149087,416,86,0,0
637911,1,37,2806,62,0,52,134666.81,149087,416,86,0,0
638032,1,37,2816,63,0,52,134666.81,149087,416,86,0,0
638053,1,37,2816,63,0,52,134666.81,149087,416,86,0,0
638257,1,37,2855,73,0,52,134666.81,149087,416,86,0,0
638375,1,38,2891,75,0,52,134667.84,149087,416,86,0,0
638472,1,38,2899,76,0,52,134667.84,149087,416,86,0,0
638547,1,38,2888,77,0,52,134667.84,149087,416,86,0,0
638690,1,38,2920,77,0,52,134667.84,149087,416,86,0,0
638833,1,39,2974,77,0,52,134667.84,149087,416,86,0,0
638957,1,39,3007,77,0,52,134667.84,149087,416,86,0,0
639072,1,39,3038,73,0,52,134668.92,149087,416,86,0,0
639211,1,39,3038,66,0,52,134668.92,149087,416,86,0,0
639333,1,40,3063,63,0,52,134668.92,149087,416,86,0,0
639447,1,40,3068,63,0,52,134668.92,149087,416,86,0,0
639532,1,40,3046,63,0,52,134668.92,149087,416,86,0,0
639678,1,40,3072,63,0,52,134668.92,149087,416,86,0,0
639811,1,41,3101,50,0,52,134669.97,149087,416,86,0,0
639925,1,41,3086,42,0,52,134669.97,149087,416,86,0,0
640032,1,41,3074,33,0,52,134669.97,149087,416,86,0,0
640176,1,41,3074,33,0,52,134669.97,149087,416,86,0,0
640275,1,41,3067,22,0,52,134669.97,149087,416,86,0,0
640411,1,41,3043,12,0,52,134669.97,149087,416,86,0,0
640525,1,41,3096,7,0,52,134669.97,149087,416,86,0,0
640581,1,41,3064,7,0,52,134669.97,149087,416,86,0,0
640757,1,41,3056,7,0,52,134669.97,149087,416,86,0,0
640872,1,40,3058,6,0,52,134669.97,149087,416,86,0,0
640972,1,40,3059,2,0,52,134669.97,149087,416,86,0,0
641072,1,40,3054,0,0,52,134671.00,149087,416,86,0,0
641210,1,40,3054,0,0,52,134671.00,149087,416,86,0,0
641333,1,40,3012,0,0,52,134671.00,149087,416,86,0,0
641458,1,40,3011,0,0,52,134671.00,149087,416,86,0,0
641547,1,40,3012,0,0,52,134671.00,149087,416,86,0,0
641688,1,40,2980,0,0,52,134671.00,149087,416,86,0,0
641825,1,40,2947,0,0,52,134671.00,149087,416,86,0,0
641933,1,39,2920,0,0,52,134671.00,149087,416,86,0,0
642047,1,39,2922,0,0,52,134671.00,149087,416,86,0,0
642075,1,39,2922,0,0,52,134671.00,149087,416,86,0,0
642272,1,38,2894,0,0,52,134671.00,149087,416,86,0,0
642380,1,38,2875,0,0,52,134671.00,149087,416,86,0,0
642510,1,38,2861,0,0,52,134671.00,149087,416,86,0,0
642547,1,38,2848,0,0,52,134671.00,149087,416,86,0,0
642739,1,38,2848,0,0,52,134671.00,149087,416,86,0,0
642858,1,37,2784,0,0,52,134671.00,149087,416,86,0,0
642975,1,37,2784,0,0,52,134671.00,149087,416,86,0,0
643075,1,37,2752,0,0,52,134671.00,149087,416,86,0,0
643075,1,37,2752,0,0,52,134671.00,149087,416,86,0,0
643333,1,36,2775,13,0,52,134671.00,149087,416,86,0,0
643447,1,36,2733,14,0,52,134671.00,149087,416,86,0,0
643557,1,36,2778,14,0,52,134671.00,149087,416,86,0,0
643687,1,36,2746,16,0,52,134671.00,149087,416,86,0,0
643810,1,36,2744,16,0,52,134671.00,149087,416,86,0,0
643933,1,36,2721,16,0,52,134671.00,149087,416,86,0,0
644047,1,36,2723,16,0,52,134671.00,149087,416,86,0,0
644075,1,36,2723,16,0,52,134671.00,149087,416,86,0,0
644275,1,36,2723,16,0,52,134671.00,149087,416,86,0,0
644379,1,36,2723,18,0,52,134672.03,149087,416,86,0,0
644510,1,36,2724,19,0,52,134672.03,149087,416,86,0,0
644557,1,36,2724,19,0,52,134672.03,149087,416,86,0,0
644725,1,36,2730,20,0,52,134672.03,149087,416,86,0,0
644858,1,36,2732,29,0,52,134672.03,149087,416,86,0,0
644975,1,36,2744,33,0,52,134672.03,149087,416,86,0,0
645047,1,36,2733,36,0,52,134672.03,149087,416,86,0,0
645210,1,36,2765,39,0,52,134672.03,149087,416,86,0,0
645333,1,36,2720,43,0,52,134672.03,149087,416,86,0,0
645447,1,36,2775,46,0,52,134672.03,149087,416,86,0,0
645557,1,36,2761,47,0,52,134672.03,149087,416,86,0,0
645576,1,36,2761,47,0,52,134672.03,149087,416,86,0,0
645810,1,37,2785,50,0,52,134673.09,149087,416,86,0,0
645933,1,37,2785,50,0,52,134673.09,149087,416,86,0,0
646047,1,37,2815,50,0,52,134673.09,149087,416,86,0,0
646059,1,37,2815,50,0,52,134673.09,149087,416,86,0,0
646297,1,37,2817,50,0,52,134673.09,149087,416,86,0,0
646410,1,37,2821,50,0,52,134673.09,149087,416,86,0,0
646532,1,38,2854,50,0,52,134673.09,149087,416,86,0,0
646575,1,38,2854,50,0,52,134673.09,149087,416,86,0,0
646762,1,38,2873,50,0,52,134674.11,149087,416,86,0,0
646875,1,38,2878,39,0,52,134674.11,149087,416,86,0,0
646974,1,38,2878,34,0,52,134674.11,149087,416,86,0,0
647047,1,37,2857,34,0,52,134674.11,149087,416,86,0,0
647210,1,37,2889,40,0,52,134674.11,149087,416,86,0,0
647333,1,38,2882,39,0,52,134674.11,149087,416,86,0,0
647457,1,38,2891,36,0,52,134674.11,149087,416,86,0,0
647583,1,38,2878,36,0,52,134674.11,149087,416,86,0,0
647583,1,38,2878,36,0,52,134674.11,149087,416,86,0,0
647810,1,38,2895,46,0,52,134674.11,149087,416,86,0,0
647933,1,38,2917,46,0,52,134675.17,149087,416,86,0,0
648047,1,38,2913,46,0,52,134675.17,149087,416,86,0,0
648056,1,38,2913,46,0,52,134675.17,149087,416,86,0,0
648297,1,39,2939,46,0,52,134675.17,149087,416,86,0,0
648413,1,39,2938,46,0,52,134675.17,149087,416,86,0,0
648532,1,39,2971,46,0,52,134675.17,149087,416,86,0,0
648575,1,39,2971,46,0,52,134675.17,149087,416,86,0,0
648761,1,39,2964,46,0,52,134675.17,149087,416,86,0,0
648875,1,39,2932,32,0,52,134675.17,149087,416,86,0,0
648975,1,39,2944,26,0,52,134676.20,149087,416,86,0,0
649047,1,39,2937,21,0,52,134676.20,149087,416,86,0,0
649210,1,39,2969,10,0,52,134676.20,149087,416,86,0,0
649333,1,39,2959,0,0,52,134676.20,149087,416,86,0,0
649457,1,39,2924,0,0,52,134676.20,149087,416,86,0,0
649557,1,39,2922,0,0,52,134676.20,149087,416,86,0,0
649683,1,39,2922,0,0,52,134676.20,149087,416,86,0,0
649833,1,38,2888,0,0,52,134676.20,149087,416,86,0,0
649933,1,38,2888,0,4,52,134676.20,149087,416,86,0,0
650056,1,38,2874,0,6,52,134676.20,149087,416,86,0,0
650196,1,38,2874,0,6,52,134676.20,149087,416,86,0,0
650310,1,38,2818,0,10,52,134676.20,149087,416,86,0,0
650431,1,37,2845,0,10,52,134676.20,149087,416,86,0,0
650547,1,37,2814,0,10,52,134676.20,149087,416,86,0,0
650575,1,37,2814,0,10,52,134676.20,149087,416,86,0,0
650775,1,36,2781,0,10,52,134676.20,149087,416,86,0,0
650875,1,36,2781,0,12,52,134676.20,149087,416,86,0,0
651010,1,36,2720,0,12,52,134676.20,149087,416,86,0,0
651075,1,36,2688,0,12,52,134676.20,149087,416,86,0,0
651233,1,35,2688,0,12,52,134676.20,149087,416,86,0,0
651357,1,35,2656,0,18,52,134676.20,149087,416,86,0,0
651476,1,35,2624,0,20,52,134676.20,149087,413,86,0,0
651575,1,35,2592,0,22,52,134676.20,149087,413,86,0,0
651575,1,35,2592,0,22,52,134676.20,149087,413,86,0,0
651833,1,34,2528,0,28,52,134676.20,149087,413,86,0,0
651956,1,33,2496,0,34,52,134676.20,149087,413,86,0,0
652075,1,33,2464,0,34,52,134676.20,149087,413,86,0,0
652075,1,33,2464,0,34,52,134676.20,149087,413,86,0,0
652310,1,32,2400,0,36,52,134676.20,149087,413,86,0,0
652434,1,31,2368,0,36,52,134676.20,149087,413,86,0,0
652546,1,31,2336,0,36,52,134676.20,149087,413,86,0,0
652556,1,31,2336,0,36,52,134676.20,149087,413,86,0,0
652775,1,30,2240,0,38,52,134676.20,149087,413,86,0,0
652875,1,30,2208,0,42,52,134676.20,149087,413,86,0,0
653010,1,29,2176,0,50,52,134676.20,149087,413,86,0,0
653074,1,29,2144,0,50,52,134676.20,149087,413,86,0,0
653256,1,29,2144,0,48,52,134676.20,149087,413,86,0,0
653375,1,27,2048,0,52,52,134676.20,149087,413,86,0,0
653476,1,27,2016,0,52,52,134676.20,149087,413,86,0,0
653575,1,26,1952,0,52,52,134676.20,149087,413,86,0,0
653575,1,26,1952,0,52,52,134676.20,149087,413,86,0,0
653833,1,25,1888,0,50,52,134676.20,149087,413,86,0,0
653956,1,24,1824,0,44,52,134676.20,149087,413,86,0,0
654075,1,24,1792,0,44,52,134676.20,149087,413,86,0,0
654075,1,24,1792,0,44,52,134676.20,149087,413,86,0,0
654310,1,23,1728,0,44,52,134676.20,149087,413,86,0,0
654434,1,22,1664,0,52,52,134676.20,149087,413,86,0,0
654546,1,21,1632,0,58,52,134676.20,149087,413,86,0,0
654575,1,21,1600,0,54,52,134676.20,149087,413,86,0,0
654782,1,21,1422,0,58,52,134676.20,149087,413,86,0,0
654875,1,20,1331,0,58,52,134676.20,149087,413,86,0,0
655010,1,20,1362,0,60,52,134676.20,149087,413,86,0,0
655074,1,19,1363,0,58,52,134676.20,149087,413,86,0,0
655231,1,19,1291,0,58,52,134676.20,149087,413,86,0,0
655375,1,18,1266,0,58,52,134676.20,149087,413,86,0,0
655475,1,18,1262,0,62,52,134677.20,149087,413,86,0,0
655574,1,18,1230,0,64,52,134677.20,149087,413,86,0,0
655731,1,18,1230,0,64,52,134677.20,149087,413,86,0,0
655857,1,16,1201,0,84,52,134677.20,149087,413,86,0,0
655974,1,16,1201,0,86,52,134677.20,149087,413,86,0,0
656056,1,15,1200,0,84,52,134677.20,149087,413,86,0,0
656217,1,15,1168,0,84,52,134677.20,149087,413,86,0,0
656333,1,13,1169,0,84,52,134677.20,149087,413,86,0,0
656447,1,13,1138,0,86,52,134677.20,149087,413,86,0,0
656556,1,12,1138,0,84,52,134677.20,149087,413,86,0,0
656586,1,12,1138,0,84,52,134677.20,149087,413,86,0,0
656796,1,11,1108,0,84,52,134677.20,149087,413,86,0,0
656910,1,10,1109,0,86,52,134677.20,149087,413,86,0,0
657031,1,9,1111,0,86,52,134677.20,149087,413,86,0,0
657074,1,9,1111,0,88,52,134677.20,149087,413,86,0,0
657256,1,9,1111,0,84,52,134677.20,149087,413,86,0,0
657374,1,7,1112,0,84,52,134677.20,149087,413,86,0,0
657475,1,7,1081,0,82,52,134677.20,149087,413,86,0,0
657574,1,6,1080,0,80,52,134677.20,149087,413,86,0,0
657731,1,5,1080,0,80,52,134677.20,149087,413,86,0,0
657857,1,4,1078,0,78,52,134677.20,149087,413,86,0,0
657974,1,4,1045,0,76,52,134677.20,149087,413,86,0,0
658075,1,3,1045,0,68,52,134677.20,149087,413,86,0,0
658216,1,3,1045,0,68,52,134677.20,149087,413,86,0,0
658333,1,0,1012,0,34,52,134677.20,149087,413,86,0,0
658447,1,0,980,0,0,52,134677.20,149087,413,86,0,0
658556,1,0,913,0,0,52,134677.20,149087,413,86,0,0
658622,1,0,913,0,0,52,134677.20,149087,413,86,0,0
658796,1,0,846,0,0,52,134678.20,149087,413,86,0,0
658910,1,0,877,0,0,52,134678.20,149087,413,86,0,0
659031,1,0,993,0,0,52,134678.20,149087,413,86,0,0
659132,1,0,1207,0,0,52,134678.20,149087,413,86,0,0
659256,1,0,1239,0,0,52,134678.20,149087,413,86,0,0
659374,1,0,1270,0,0,52,134678.20,149087,413,86,0,0
659475,1,0,1309,5,0,52,134678.20,149087,413,86,0,0
659616,1,0,1344,12,0,52,134678.20,149087,413,86,0,0
659731,1,3,1501,12,0,52,134678.20,149087,413,86,0,0
659857,1,3,1657,12,0,52,134678.20,149087,413,86,0,0
659974,1,4,1668,12,0,52,134678.20,149087,413,86,0,0
660074,1,4,1669,12,0,52,134678.20,149087,413,86,0,0
660133,1,5,1656,12,0,52,134679.22,149087,413,86,0,0
660333,1,6,1531,13,0,52,134679.22,149087,413,86,0,0
660457,1,7,1462,13,0,52,134679.22,149087,413,86,0,0
660574,1,8,1436,13,0,52,134679.22,149087,413,86,0,0
660574,1,8,1436,13,0,52,134679.22,149087,413,86,0,0
660810,1,9,1424,14,0,52,134679.22,149087,413,86,0,0
660924,1,10,1501,14,0,52,134679.22,149087,413,86,0,0
661031,1,11,1570,15,0,52,134679.22,149087,413,86,0,0
661124,1,11,1646,16,0,52,134680.28,149087,413,86,0,0
661274,1,11,1704,16,0,52,134680.28,149087,413,86,0,0
661374,1,12,1785,20,0,52,134680.28,149087,413,86,0,0
661510,1,12,1797,40,0,52,134680.28,149087,413,86,0,0
661610,1,13,1841,46,0,52,134680.28,149087,413,86,0,0
661756,1,13,1859,46,0,52,134680.28,149087,413,86,0,0
661874,1,14,1974,64,0,52,134680.28,149087,413,86,0,0
661974,1,14,2020,69,0,52,134680.28,149087,413,86,0,0
662110,1,14,2086,74,0,52,134680.28,149087,413,86,0,0
662239,1,14,2109,74,0,52,134681.33,149087,413,86,0,0
662357,1,15,2210,75,0,52,134681.33,149087,413,86,0,0
662475,1,16,2318,78,0,52,134681.33,149087,413,86,0,0
662574,1,16,2391,80,0,52,134681.33,149087,413,86,0,0
662731,1,17,2391,81,0,52,134681.33,149087,413,86,0,0
662857,1,18,2565,82,0,52,134681.33,149087,413,86,0,0
662974,1,18,2671,82,0,52,134682.36,149087,413,86,0,0
663074,1,19,2741,82,0,52,134682.36,149087,413,86,0,0
663132,1,19,2782,82,0,52,134682.36,149087,413,86,0,0
663324,1,19,2917,76,0,52,134682.36,149087,413,86,0,0
663434,1,21,2956,72,0,52,134682.36,149087,413,86,0,0
663556,1,21,3035,66,0,52,134683.38,149087,413,86,0,0
663615,1,21,3067,64,0,52,134683.38,149087,413,86,0,0
663777,1,22,3073,64,0,52,134683.38,149087,413,86,0,0
663874,1,22,3091,31,0,52,134683.38,149087,413,86,0,0
664009,1,22,3036,0,0,52,134683.38,149087,413,86,0,0
664124,1,22,2851,0,0,52,134683.38,149087,413,86,0,0
664264,1,22,2723,0,0,52,134683.38,149087,413,86,0,0
664374,1,22,2400,0,0,52,134683.38,149087,413,86,0,0
664475,1,22,2300,0,0,52,134683.38,149087,413,86,0,0
664610,1,22,2173,0,0,52,134683.38,149087,413,86,0,0
664610,1,22,2173,0,0,52,134683.38,149087,413,86,0,0
664833,1,22,1950,16,0,52,134683.38,149087,413,86,0,0
664956,1,22,1843,27,0,52,134683.38,149087,413,86,0,0
665074,1,22,1725,32,0,52,134683.38,149087,413,86,0,0
665074,1,22,1725,32,0,52,134683.38,149087,413,86,0,0
665310,1,22,1758,64,0,52,134684.39,149087,413,86,0,0
665434,1,23,1774,72,0,52,134684.39,149087,413,86,0,0
665546,1,23,1793,79,0,52,134684.39,149087,413,86,0,0
665574,1,23,1793,79,0,52,134684.39,149087,413,86,0,0
665756,1,23,1793,81,0,52,134684.39,149087,413,86,0,0
665874,1,24,1864,82,0,52,134684.39,149087,413,86,0,0
666010,1,25,1905,83,0,52,134684.39,149087,413,86,0,0
666110,1,25,1944,83,0,52,134684.39,149087,413,86,0,0
666237,1,26,1978,83,0,52,134684.39,149087,413,86,0,0
666374,1,26,2046,84,0,52,134685.47,149087,413,86,0,0
666475,1,27,2079,84,0,52,134685.47,149087,413,86,0,0
666610,1,27,2107,86,0,52,134685.47,149087,413,86,0,0
666610,1,27,2107,86,0,52,134685.47,149087,413,86,0,0
666857,1,28,2159,87,0,52,134685.47,149087,413,86,0,0
666974,1,29,2222,88,0,52,134686.47,149087,413,86,0,0
667074,1,29,2229,88,0,52,134686.47,149087,413,86,0,0
667074,1,29,2229,88,0,52,134686.47,149087,413,86,0,0
667332,1,30,2327,88,0,52,134686.47,149087,413,86,0,0
667457,1,30,2362,88,0,52,134686.47,149087,413,86,0,0
667574,1,31,2397,88,0,52,134686.47,149087,413,86,0,0
667610,1,31,2397,89,0,52,134686.47,149087,413,86,0,0
667800,1,31,2454,89,0,52,134687.55,149087,413,86,0,0
667924,1,32,2473,87,0,52,134687.55,149087,413,86,0,0
668031,1,33,2511,87,0,52,134687.55,149087,413,86,0,0
668074,1,33,2511,87,0,52,134687.55,149087,413,86,0,0
668236,1,33,2511,87,0,52,134687.55,149087,413,86,0,0
668374,1,34,2617,83,0,52,134687.55,149087,413,86,0,0
668475,1,34,2653,82,0,52,134688.62,149087,413,86,0,0
668610,1,35,2650,80,0,52,134688.62,149087,413,86,0,0
668756,1,35,2676,80,0,52,134688.62,149087,413,86,0,0
668874,1,36,2701,70,0,52,134688.62,149087,413,86,0,0
668974,1,36,2746,70,0,52,134688.62,149087,413,86,0,0
669109,1,36,2744,65,0,52,134689.67,149087,413,86,0,0
669123,1,36,2772,65,0,52,134689.67,149087,413,86,0,0
669357,1,37,2759,61,0,52,134689.67,149087,413,86,0,0
669475,1,37,2808,60,0,52,134689.67,149087,413,86,0,0
669574,1,37,2806,60,0,52,134689.67,149087,413,87,0,0
669638,1,37,2832,54,0,52,134689.67,149087,413,87,0,0
669832,1,37,2786,47,0,52,134689.67,149087,413,87,0,0
669933,1,37,2837,47,0,52,134690.72,149087,413,87,0,0
670056,1,37,2858,44,0,52,134690.72,149087,413,87,0,0
670109,1,37,2826,39,0,52,134690.72,149087,413,87,0,0
670274,1,37,2825,39,0,52,134690.72,149087,413,87,0,0
670410,1,37,2834,36,0,52,134690.72,149087,413,87,0,0
670531,1,38,2859,38,0,52,134690.72,149087,413,87,0,0
670574,1,38,2859,38,0,52,134690.72,149087,413,87,0,0
670731,1,38,2872,38,0,52,134690.72,149087,413,87,0,0
670874,1,38,2851,38,0,52,134690.72,149087,413,87,0,0
670974,1,38,2851,38,0,52,134690.72,149087,413,87,0,0
671080,1,38,2879,38,0,52,134691.75,149087,413,87,0,0
671234,1,38,2879,38,0,52,134691.75,149087,413,87,0,0
671332,1,38,2906,49,0,52,134691.75,149087,413,87,0,0
671457,1,38,2870,51,0,52,134691.75,149087,413,87,0,0
671574,1,38,2921,55,0,52,134691.75,149087,413,87,0,0
671574,1,38,2921,55,0,52,134691.75,149087,413,87,0,0
671809,1,38,2922,59,0,52,134691.75,149087,413,87,0,0
671932,1,39,2967,59,0,52,134691.75,149087,413,87,0,0
672046,1,39,2960,61,0,52,134691.75,149087,413,87,0,0
672131,1,39,2957,62,0,52,134692.77,149087,413,87,0,0
672274,1,39,2990,62,0,52,134692.77,149087,413,87,0,0
672374,1,39,2997,62,0,52,134692.77,149087,413,87,0,0
672524,1,39,2983,62,0,52,134692.77,149087,413,87,0,0
672610,1,40,3015,62,0,52,134692.77,149087,413,87,0,0
672756,1,40,3019,62,0,52,134692.77,149087,413,87,0,0
672874,1,40,3047,62,0,52,134692.77,149087,413,87,0,0
672974,1,40,3099,61,0,52,134693.78,149087,413,87,0,0
673110,1,41,3097,60,0,52,134693.78,149087,413,87,0,0
673135,1,41,3086,60,0,52,134693.78,149087,413,87,0,0
673357,1,41,3110,60,0,52,134693.78,149087,413,87,0,0
673475,1,41,3112,60,0,52,134693.78,149087,413,87,0,0
673574,1,41,3117,58,0,52,134693.78,149087,413,87,0,0
673731,1,41,3149,57,0,52,134694.81,149087,413,87,0,0
673832,1,42,3142,55,0,52,134694.81,149087,413,87,0,0
673956,1,42,3198,53,0,52,134694.81,149087,413,87,0,0
674078,1,42,3187,51,0,52,134694.81,149087,413,87,0,0
674078,1,42,3187,51,0,52,134694.81,149087,413,87,0,0
674310,1,42,3172,51,0,52,134694.81,149087,413,87,0,0
674433,1,42,3221,51,0,52,134694.81,149087,413,87,0,0
674546,1,42,3225,49,0,52,134695.84,149087,413,87,0,0
674574,1,42,3225,49,0,52,134695.84,149087,413,87,0,0
674756,1,42,3225,49,0,52,134695.84,149087,413,87,0,0
674874,1,43,3238,46,0,52,134695.84,149087,413,87,0,0
675010,1,43,3261,45,0,52,134695.84,149087,413,87,0,0
675124,1,43,3239,45,0,52,134695.84,149087,413,87,0,0
675257,1,43,3239,45,0,52,134695.84,149087,413,87,0,0
675374,1,43,3263,45,0,52,134695.84,149087,413,87,0,0
675475,1,43,3272,45,0,52,134696.84,149087,413,87,0,0
675615,1,43,3246,45,0,52,134696.84,149087,413,87,0,0
675615,1,43,3246,45,0,52,134696.84,149087,413,87,0,0
675833,1,43,3267,45,0,52,134696.84,149087,413,87,0,0
675956,1,43,3267,45,0,52,134696.84,149087,413,87,0,0
676075,1,43,3265,45,0,52,134696.84,149087,413,87,0,0
676075,1,43,3265,45,0,52,134696.84,149087,413,87,0,0
676310,1,43,3265,15,0,52,134696.84,149087,413,87,0,0
676430,1,43,3217,1,0,52,134696.84,149087,413,87,0,0
676546,1,43,3257,0,0,52,134696.84,149087,413,87,0,0
676631,1,43,3042,0,0,52,134697.86,149087,413,87,0,0
676775,1,43,2812,0,0,52,134697.86,149087,413,87,0,0
676875,1,43,2627,0,0,52,134697.86,149087,413,87,0,0
677010,1,43,2517,0,0,52,134697.86,149087,413,87,0,0
677075,1,43,2393,0,0,52,134697.86,149087,413,87,0,0
677256,1,43,2342,0,0,52,134697.86,149087,413,87,0,0
677375,1,43,2099,0,0,52,134697.86,149087,413,87,0,0
677475,1,43,2048,4,0,52,134697.86,149087,413,87,0,0
677575,1,43,2245,13,0,52,134697.86,149087,413,87,0,0
677743,1,43,2358,31,0,52,134697.86,149087,413,87,0,0
677857,1,43,2264,56,0,52,134697.86,149087,413,87,0,0
677975,1,43,2328,72,0,52,134697.86,149087,413,87,0,0
678075,1,43,2305,82,0,52,134697.86,149087,413,87,0,0
678116,1,43,2305,85,0,52,134697.86,149087,413,87,0,0
678333,1,44,2363,93,0,52,134697.86,149087,413,87,0,0
678446,1,44,2385,94,0,52,134698.91,149087,413,87,0,0
678556,1,45,2368,95,0,52,134698.91,149087,413,87,0,0
678631,1,45,2402,95,0,52,134698.91,149087,413,87,0,0
678796,1,45,2440,95,0,52,134698.91,149087,413,87,0,0
678910,1,46,2437,96,0,52,134698.91,149087,413,87,0,0
679075,1,46,2490,96,0,52,134700.00,149087,413,87,0,0
679127,1,46,2491,96,0,52,134700.00,149087,413,87,0,0
679309,1,47,2500,99,0,52,134700.00,149087,413,87,0,0
679430,1,48,2540,99,0,52,134700.00,149087,413,87,0,0
679546,1,48,2551,92,0,52,134701.09,149087,413,87,0,0
679609,1,48,2551,90,0,52,134701.09,149087,413,87,0,0
679775,1,48,2622,90,0,52,134701.09,149087,413,87,0,0
679875,1,49,2611,83,0,52,134701.09,149087,413,87,0,0
680025,1,49,2615,81,0,52,134701.09,149087,413,87,0,0
680075,1,49,2647,81,0,52,134702.19,149087,413,87,0,0
680256,1,49,2646,77,0,52,134702.19,149087,413,87,0,0
680375,1,50,2626,74,0,52,134702.19,149087,413,87,0,0
680475,1,50,2657,72,0,52,134702.19,149087,413,87,0,0
680575,1,50,2687,72,0,52,134702.19,149087,413,87,0,0
680741,1,50,2687,71,0,52,134702.19,149087,413,87,0,0
680858,1,51,2719,53,0,52,134702.19,149087,413,87,0,0
680975,1,51,2705,53,0,52,134703.20,149087,413,87,0,0
681075,1,51,2711,56,0,52,134703.20,149087,413,87,0,0
681119,1,51,2711,56,0,52,134703.20,149087,413,87,0,0
681333,1,51,2713,57,0,52,134703.20,149087,413,87,0,0
681446,1,51,2721,57,0,52,134703.20,149088,410,87,0,0
681556,1,51,2729,57,0,52,134703.20,149088,410,87,0,0
681659,1,51,2722,57,0,52,134703.20,149088,410,87,0,0
681817,1,51,2751,57,0,52,134704.22,149088,410,87,0,0
681933,1,52,2743,57,0,52,134704.22,149088,410,87,0,0
682046,1,52,2738,57,0,52,134704.22,149088,410,87,0,0
682110,1,52,2770,57,0,52,134704.22,149088,410,87,0,0
682256,1,52,2777,57,0,52,134704.22,149088,410,87,0,0
682375,1,52,2781,51,0,52,134704.22,149088,410,87,0,0
682525,1,52,2754,48,0,52,134704.22,149088,410,87,0,0
682633,1,52,2772,46,0,52,134705.22,149088,410,87,0,0
682775,1,52,2770,46,0,52,134705.22,149088,410,87,0,0
682875,1,52,2800,45,0,52,134705.22,149088,410,87,0,0
683010,1,52,2791,45,0,52,134705.22,149088,410,87,0,0
683110,1,53,2790,45,0,52,134705.22,149088,410,87,0,0
683252,1,52,2792,45,0,52,134705.22,149088,410,87,0,0
683358,1,53,2800,42,0,52,134705.22,149088,410,87,0,0
683475,1,53,2795,39,0,52,134705.22,149088,410,87,0,0
683575,1,53,2787,34,0,52,134705.22,149088,410,87,0,0
683633,1,53,2799,31,0,52,134705.22,149088,410,87,0,0
683833,1,53,2804,23,0,52,134706.23,149088,410,87,0,0
683933,1,53,2801,12,0,52,134706.23,149088,410,87,0,0
684056,1,53,2753,0,0,52,134706.23,149088,410,87,0,0
684075,1,53,2753,0,0,52,134706.23,149088,410,87,0,0
684296,1,53,2762,0,0,52,134706.23,149088,410,87,0,0
684410,1,52,2792,0,0,52,134706.23,149088,410,87,0,0
684531,1,52,2761,0,0,52,134706.23,149088,410,87,0,0
684625,1,52,2762,0,0,52,134706.23,149088,410,87,0,0
684764,1,52,2762,0,0,52,134706.23,149088,410,87,0,0
684875,1,52,2758,0,0,52,134706.23,149088,410,87,0,0
684975,1,52,2758,0,0,52,134706.23,149088,410,87,0,0
685110,1,52,2771,0,0,52,134706.23,149088,410,87,0,0
685251,1,51,2748,0,0,52,134706.23,149088,410,87,0,0
685358,1,52,2748,0,0,52,134706.23,149088,410,87,0,0
685475,1,51,2748,0,0,52,134706.23,149088,410,87,0,0
685575,1,51,2716,0,0,52,134706.23,149088,410,87,0,0
685633,1,51,2699,0,0,52,134706.23,149088,410,87,0,0
685830,1,51,2688,0,0,52,134706.23,149088,410,87,0,0
685933,1,51,2656,0,0,52,134706.23,149088,410,87,0,0
686056,1,50,2656,0,0,52,134706.23,149088,410,87,0,0
686131,1,50,2656,0,0,52,134706.23,149088,410,87,0,0
686276,1,50,2656,0,0,52,134706.23,149088,410,87,0,0
686410,1,50,2624,0,0,52,134706.23,149088,410,87,0,0
686530,1,50,2624,0,0,52,134706.23,149088,410,87,0,0
686610,1,50,2624,2,0,52,134706.23,149088,410,87,0,0
686737,1,50,2624,2,0,52,134706.23,149088,410,87,0,0
686878,1,50,2620,2,0,52,134706.23,149088,410,87,0,0
686975,1,49,2629,3,0,52,134706.23,149088,410,87,0,0
687075,1,49,2641,3,0,52,134706.23,149088,410,87,0,0
687249,1,49,2641,4,0,52,134706.23,149088,410,87,0,0
687357,1,49,2599,6,0,52,134707.27,149088,410,87,0,0
687475,1,49,2599,6,0,52,134707.27,149088,410,87,0,0
687575,1,49,2599,6,0,52,134707.27,149088,410,87,0,0
687619,1,49,2599,6,0,52,134707.27,149088,410,87,0,0
687830,1,49,2600,8,0,52,134707.27,149088,410,87,0,0
687933,1,49,2600,8,0,52,134707.27,149088,410,87,0,0
688056,1,49,2599,9,0,52,134707.27,149088,410,87,0,0
688164,1,49,2598,9,0,52,134707.27,149088,410,87,0,0
688275,1,49,2598,9,0,52,134707.27,149088,410,87,0,0
688410,1,49,2564,9,0,52,134707.27,149088,410,87,0,0
688531,1,49,2563,9,0,52,134707.27,149088,410,87,0,0
688632,1,49,2563,9,0,52,134707.27,149088,410,87,0,0
688632,1,49,2563,9,0,52,134707.27,149088,410,87,0,0
688876,1,49,2563,9,0,52,134707.27,149088,410,87,0,0
689010,1,48,2563,9,0,52,134707.27,149088,410,87,0,0
689126,1,48,2559,11,0,52,134708.28,149088,410,87,0,0
689131,1,48,2559,11,0,52,134708.28,149088,410,87,0,0
689358,1,48,2558,14,0,52,134708.28,149088,410,87,0,0
689475,1,48,2559,15,0,52,134708.28,149088,410,87,0,0
689575,1,48,2559,15,0,52,134708.28,149088,410,87,0,0
689626,1,48,2529,15,0,52,134708.28,149088,410,87,0,0
689830,1,48,2531,15,0,52,134708.28,149088,410,87,0,0
689934,1,48,2531,16,0,52,134708.28,149088,410,87,0,0
690056,1,48,2535,23,0,52,134708.28,149088,410,87,0,0
690164,1,47,2541,26,0,52,134708.28,149088,410,87,0,0
690275,1,47,2532,26,0,52,134708.28,149088,410,87,0,0
690410,1,47,2541,44,0,52,134708.28,149088,410,87,0,0
690531,1,48,2540,44,0,52,134708.28,149088,410,87,0,0
690609,1,48,2540,44,0,52,134708.28,149088,410,87,0,0
690760,1,47,2515,44,0,52,134709.28,149088,410,87,0,0
690875,1,48,2540,44,0,52,134709.28,149088,410,87,0,0
691010,1,48,2535,45,0,52,134709.28,149088,410,87,0,0
691110,1,48,2529,45,0,52,134709.28,149088,410,87,0,0
691155,1,47,2532,45,0,52,134709.28,149088,410,87,0,0
691341,1,48,2537,45,0,52,134709.28,149088,410,87,0,0
691445,1,48,2539,45,0,52,134709.28,149088,410,87,0,0
691575,1,48,2542,45,0,52,134709.28,149088,410,87,0,0
691655,1,48,2542,45,0,52,134709.28,149088,410,87,0,0
691824,1,48,2508,45,0,52,134710.31,149088,410,87,0,0
691934,1,48,2531,41,0,52,134710.31,149088,410,87,0,0
692055,1,48,2525,41,0,52,134710.31,149088,410,87,0,0
692155,1,47,2524,41,0,52,134710.31,149088,410,87,0,0
692297,1,47,2524,41,0,52,134710.31,149088,410,87,0,0
692410,1,47,2521,49,0,52,134710.31,149088,410,87,0,0
692531,1,47,2510,52,0,52,134710.31,149088,410,87,0,0
692632,1,48,2549,57,0,52,134710.31,149088,410,87,0,0
692655,1,48,2549,57,0,52,134710.31,149088,410,87,0,0
692875,1,48,2552,57,0,52,134710.31,149088,410,87,0,0
692975,1,48,2530,58,0,52,134711.36,149088,410,87,0,0
693111,1,48,2500,48,0,52,134711.36,149088,410,87,0,0
693180,1,48,2528,48,0,52,134711.36,149088,410,87,0,0
693331,1,48,2548,46,0,52,134711.36,149088,410,87,0,0
693456,1,48,2535,39,0,52,134711.36,149088,410,87,0,0
693575,1,48,2518,32,0,52,134711.36,149088,410,87,0,0
693675,1,47,2507,30,0,52,134711.36,149088,410,87,0,0
693810,1,47,2507,30,0,52,134711.36,149088,410,87,0,0
693933,1,47,2501,30,0,52,134711.36,149088,410,87,0,0
694045,1,47,2509,29,0,52,134711.36,149088,410,87,0,0
694155,1,47,2515,29,0,52,134712.39,149088,410,87,0,0
694296,1,47,2515,29,0,52,134712.39,149088,410,87,0,0
694410,1,47,2518,46,0,52,134712.39,149088,410,87,0,0
694531,1,47,2510,52,0,52,134712.39,149088,410,86,0,0
694632,1,47,2531,52,0,52,134712.39,149088,410,86,0,0
694655,1,47,2531,52,0,52,134712.39,149088,410,86,0,0
694875,1,47,2515,52,0,52,134712.39,149088,410,86,0,0
695011,1,47,2512,55,0,52,134712.39,149088,410,86,0,0
695125,1,47,2536,57,0,52,134712.39,149088,410,86,0,0
695188,1,47,2536,57,0,52,134713.41,149088,410,86,0,0
695358,1,48,2545,71,0,52,134713.41,149088,410,86,0,0
695475,1,48,2554,74,0,52,134713.41,149088,410,86,0,0
695575,1,48,2587,74,0,52,134713.41,149088,410,86,0,0
695632,1,48,2537,72,0,52,134713.41,149088,410,86,0,0
695795,1,48,2537,72,0,52,134713.41,149088,410,86,0,0
695934,1,48,2533,18,0,52,134713.41,149088,410,86,0,0
696055,1,48,2564,4,0,52,134713.41,149088,410,86,0,0
696155,1,48,2540,0,0,52,134713.41,149088,410,86,0,0
696295,1,48,2540,0,0,52,134714.42,149088,410,86,0,0
696410,1,48,2519,0,0,52,134714.42,149088,410,86,0,0
696533,1,48,2549,0,0,52,134714.42,149088,410,86,0,0
696633,1,48,2517,0,0,52,134714.42,149088,410,86,0,0
696655,1,48,2517,0,0,52,134714.42,149088,410,86,0,0
696875,1,47,2515,0,0,52,134714.42,149088,410,86,0,0
696975,1,47,2508,0,0,52,134714.42,149088,410,86,0,0
697111,1,47,2471,0,0,52,134714.42,149088,410,86,0,0
697181,1,47,2489,0,0,52,134714.42,149088,410,86,0,0
697334,1,46,2492,0,0,52,134714.42,149088,410,86,0,0
697456,1,46,2476,13,0,52,134714.42,149088,410,86,0,0
697575,1,46,2474,14,0,52,134714.42,149088,410,86,0,0
697698,1,46,2472,20,0,52,134714.42,149088,410,86,0,0
697811,1,46,2472,30,0,52,134714.42,149088,410,86,0,0
697934,1,46,2462,37,0,52,134714.42,149088,410,86,0,0
698055,1,46,2441,37,0,52,134714.42,149088,410,86,0,0
698155,1,46,2460,40,0,52,134714.42,149088,410,86,0,0
698295,1,46,2460,40,0,52,134714.42,149088,410,86,0,0
698411,1,46,2433,43,0,52,134715.45,149088,410,86,0,0
698531,1,46,2443,43,0,52,134715.45,149088,410,86,0,0
698633,1,46,2444,44,0,52,134715.45,149088,410,86,0,0
698675,1,46,2444,44,0,52,134715.45,149088,410,86,0,0
698878,1,46,2447,45,0,52,134715.45,149088,410,86,0,0
698978,1,46,2451,46,0,52,134715.45,149088,410,86,0,0
699111,1,46,2453,46,0,52,134715.45,149088,410,86,0,0
699133,1,46,2457,46,0,52,134715.45,149088,410,86,0,0
699336,1,46,2459,49,0,52,134715.45,149088,410,86,0,0
699456,1,46,2453,50,0,52,134716.45,149088,410,86,0,0
699555,1,46,2440,50,0,52,134716.45,149088,410,86,0,0
699655,1,46,2444,50,0,52,134716.45,149088,410,86,0,0
699810,1,46,2444,50,0,52,134716.45,149088,410,86,0,0
699934,1,46,2492,50,0,52,134716.45,149088,410,86,0,0
700045,1,46,2493,50,0,52,134716.45,149088,410,86,0,0
700155,1,46,2487,50,0,52,134716.45,149088,410,86,0,0
700295,1,46,2487,50,0,52,134716.45,149088,410,86,0,0
700411,1,46,2478,45,0,52,134716.45,149088,410,86,0,0
700533,1,47,2480,45,0,52,134717.47,149088,410,86,0,0
700633,1,47,2493,44,0,52,134717.47,149088,410,86,0,0
700655,1,47,2493,44,0,52,134717.47,149088,410,86,0,0
700877,1,47,2492,44,0,52,134717.47,149088,410,86,0,0
701010,1,47,2494,44,0,52,134717.47,149088,410,86,0,0
701127,1,47,2465,44,0,52,134717.47,149088,410,86,0,0
701178,1,47,2465,44,0,52,134717.47,149088,410,86,0,0
701360,1,47,2498,44,0,52,134717.47,149088,410,86,0,0
701477,1,47,2499,44,0,52,134717.47,149088,410,86,0,0
701577,1,47,2499,44,0,52,134718.52,149088,410,86,0,0
701678,1,47,2499,44,0,52,134718.52,149088,410,86,0,0
701811,1,47,2499,44,0,52,134718.52,149088,410,86,0,0
701934,1,47,2502,44,0,52,134718.52,149088,410,86,0,0
702055,1,47,2503,44,0,52,134718.52,149088,410,86,0,0
702178,1,47,2503,44,0,52,134718.52,149088,410,86,0,0
702317,1,47,2503,44,0,52,134718.52,149088,410,86,0,0
702436,1,47,2527,44,0,52,134718.52,149088,410,86,0,0
702555,1,47,2556,44,0,52,134718.52,149088,410,86,0,0
702655,1,48,2553,45,0,52,134718.52,149088,410,86,0,0
702778,1,48,2521,45,0,52,134719.56,149088,410,86,0,0
702909,1,48,2522,0,134,52,134719.56,149088,410,86,0,0
703033,1,46,2367,0,242,52,134719.56,149088,410,86,0,0
703133,1,44,2333,0,298,52,134719.56,149088,410,86,0,0
703155,1,44,2333,0,322,52,134719.56,149088,410,86,0,0
703377,1,44,2046,0,414,52,134719.56,149088,410,86,0,0
703475,1,38,1947,0,458,52,134719.56,149088,410,86,0,0
703610,1,35,1781,0,484,52,134719.56,149088,410,86,0,0
703697,1,32,1711,0,512,52,134719.56,149088,410,86,0,0
703809,1,32,1711,0,512,52,134719.56,149088,410,86,0,0
703955,1,23,1557,0,602,52,134719.56,149088,410,86,0,0
704077,1,23,1490,0,586,52,134719.56,149088,410,86,0,0
704178,1,19,1453,0,618,52,134719.56,149088,410,86,0,0
704316,1,19,1453,0,618,52,134719.56,149088,410,86,0,0
704434,1,11,1347,0,638,52,134719.56,149088,410,86,0,0
704545,1,9,1316,0,626,52,134719.56,149088,410,86,0,0
704655,1,6,1284,0,554,52,134719.56,149088,410,86,0,0
704803,1,6,1284,0,554,52,134719.56,149088,410,86,0,0
704910,1,3,1252,0,282,52,134719.56,149088,410,86,0,0
705033,1,0,1228,0,174,52,134719.56,149088,410,86,0,0
705133,1,0,1163,0,164,52,134719.56,149088,410,86,0,0
705209,1,0,1099,0,168,52,134719.56,149088,410,86,0,0
705377,1,0,932,0,184,52,134719.56,149088,410,86,0,0
705477,1,0,925,0,190,52,134720.56,149088,410,86,0,0
705610,1,0,891,0,184,52,134720.56,149088,410,86,0,0
705655,1,0,890,0,154,52,134720.56,149088,410,86,0,0
705810,1,0,858,0,154,52,134720.56,149088,410,86,0,0
705955,1,0,858,0,128,52,134720.56,149088,410,86,0,0
706077,1,0,858,0,170,52,134720.56,149088,410,86,0,0
706178,1,0,858,0,190,52,134720.56,149088,410,86,0,0
706314,1,0,858,0,190,52,134720.56,149088,410,86,0,0
706445,1,0,858,0,208,52,134720.56,149088,410,86,0,0
706555,1,0,859,0,208,52,134720.56,149088,410,86,0,0
706675,1,0,859,0,210,52,134720.56,149088,410,86,0,0
706679,1,0,859,0,210,52,134720.56,149088,410,86,0,0
706910,1,0,858,0,210,52,134720.56,149088,410,86,0,0
707033,1,0,858,0,210,52,134720.56,149088,410,86,0,0
707133,1,0,858,0,208,52,134720.56,149088,410,86,0,0
707157,1,0,858,0,178,52,134720.56,149088,410,86,0,0
707377,1,0,859,0,44,52,134720.56,149088,410,86,0,0
707477,1,0,859,0,0,52,134720.56,149088,410,86,0,0
707612,1,0,859,0,0,52,134720.56,149088,410,86,0,0
707678,1,0,860,0,0,52,134720.56,149088,410,86,0,0
707833,1,0,895,0,0,52,134720.56,149088,410,86,0,0
707955,1,0,934,0,0,52,134720.56,149088,410,86,0,0
708077,1,0,1108,0,0,52,134720.56,149088,410,86,0,0
708178,1,0,1158,0,0,52,134720.56,149088,410,86,0,0
708328,1,0,1184,0,0,52,134720.56,149088,410,86,0,0
708456,1,0,1264,5,0,52,134720.56,149088,410,86,0,0
708555,1,0,1402,9,0,52,134720.56,149088,410,86,0,0
708678,1,0,1477,10,0,52,134720.56,149088,410,86,0,0
708678,1,0,1477,10,0,52,134720.56,149088,410,86,0,0
708933,1,0,1586,0,0,52,134721.61,149088,410,86,0,0
709045,1,0,1473,0,42,52,134721.61,149088,410,86,0,0
709155,1,0,1346,0,52,52,134721.61,149088,410,86,0,0
709178,1,0,1250,0,52,52,134721.61,149088,410,86,0,0
709381,1,0,1042,0,64,52,134721.61,149088,410,86,0,0
709477,1,0,976,0,46,52,134721.61,149088,410,86,0,0
709627,1,0,867,0,12,52,134721.61,149088,410,86,0,0
709655,1,0,867,0,22,52,134721.61,149088,410,86,0,0
709857,1,0,833,0,98,52,134721.61,149088,410,86,0,0
709977,1,0,833,0,136,52,134721.61,149088,410,86,0,0
710077,1,0,834,0,160,52,134721.61,149088,410,86,0,0
710178,1,0,833,0,172,52,134721.61,149088,410,86,0,0
710328,1,0,835,0,172,52,134721.61,149088,410,86,0,0
710445,1,0,833,0,174,52,134721.61,149088,410,86,0,0
710555,1,0,832,0,172,52,134721.61,149088,410,86,0,0
710678,1,0,863,0,172,52,134721.61,149088,410,86,0,0
710678,1,0,863,0,172,52,134721.61,149088,410,86,0,0
710933,1,0,862,0,170,52,134721.61,149088,410,86,0,0
711045,1,0,861,0,168,52,134721.61,149088,410,86,0,0
711155,1,0,861,0,166,52,134721.61,149088,410,86,0,0
711184,1,0,861,0,166,52,134721.61,149088,410,86,0,0
711410,1,0,861,0,162,52,134721.61,149088,410,87,0,0
711527,1,0,860,0,160,52,134721.61,149088,407,87,0,0
711633,1,0,860,0,160,52,134721.61,149088,407,87,0,0
711678,1,0,860,0,158,52,134721.61,149088,407,87,0,0
711877,1,0,860,0,156,52,134721.61,149088,407,87,0,0
711977,1,0,860,0,154,52,134721.61,149088,407,87,0,0
712110,1,0,860,0,154,52,134721.61,149088,407,87,0,0
712178,1,0,860,0,152,52,134722.61,149088,407,87,0,0
712311,1,0,860,0,152,52,134722.61,149088,407,87,0,0
712456,1,0,860,0,150,52,134722.61,149088,407,87,0,0
712577,1,0,860,0,148,52,134722.61,149088,407,87,0,0
712678,1,0,860,0,148,52,134722.61,149088,407,87,0,0
712827,1,0,861,0,146,52,134722.61,149088,407,87,0,0
712933,1,0,860,0,146,52,134722.61,149088,407,87,0,0
713056,1,0,860,0,146,52,134722.61,149088,407,87,0,0
713184,1,0,859,0,146,52,134722.61,149088,407,87,0,0
713184,1,0,859,0,146,52,134722.61,149088,407,87,0,0
713410,1,0,859,0,144,52,134722.61,149088,407,87,0,0
713533,1,0,859,0,144,52,134722.61,149088,407,87,0,0
713633,1,0,859,0,144,52,134722.61,149088,407,87,0,0
713656,1,0,859,0,142,52,134722.61,149088,407,87,0,0
713877,1,0,858,0,142,52,134722.61,149088,407,87,0,0
713977,1,0,858,0,142,52,134722.61,149088,407,87,0,0
714112,1,0,858,0,142,52,134722.61,149088,407,87,0,0
714224,1,0,857,0,142,52,134722.61,149088,407,87,0,0
714335,1,0,857,0,142,52,134722.61,149088,407,87,0,0
714456,1,0,858,0,142,52,134722.61,149088,407,87,0,0
714577,1,0,859,0,142,52,134722.61,149088,407,87,0,0
714678,1,0,859,0,142,52,134722.61,149088,407,87,0,0
714822,1,0,859,0,142,52,134722.61,149088,407,87,0,0
714933,1,0,860,0,142,52,134722.61,149088,407,87,0,0
715055,1,0,860,0,142,52,134722.61,149088,407,87,0,0
715175,1,0,860,0,142,52,134722.61,149088,407,87,0,0
715310,1,0,860,0,142,52,134722.61,149088,407,87,0,0
715433,1,0,860,0,142,52,134722.61,149088,407,87,0,0
715545,1,0,860,0,142,52,134722.61,149088,407,87,0,0
715655,1,0,860,0,140,52,134722.61,149088,407,87,0,0
715710,1,0,860,0,140,52,134722.61,149088,407,87,0,0
715877,1,0,860,0,140,52,134722.61,149088,407,87,0,0
716010,1,0,860,0,140,52,134722.61,149088,407,87,0,0
716110,1,0,860,0,140,52,134722.61,149088,407,87,0,0
716182,1,0,860,0,140,52,134722.61,149088,407,87,0,0
716334,1,0,860,0,140,52,134722.61,149088,407,87,0,0
716477,1,0,858,0,138,52,134723.61,149088,407,87,0,0
716577,1,0,857,0,136,52,134723.61,149088,407,87,0,0
716678,1,0,857,0,126,52,134723.61,149088,407,87,0,0
716678,1,0,857,0,126,52,134723.61,149088,407,87,0,0
716933,1,0,857,0,20,52,134723.61,149088,407,87,0,0
717055,1,0,857,0,0,52,134723.61,149088,407,87,0,0
717155,1,0,857,0,0,52,134723.61,149088,407,87,0,0
717308,1,0,857,0,0,52,134723.61,149088,407,87,0,0
717425,1,0,891,0,0,52,134723.61,149088,407,87,0,0
717533,1,0,1052,0,0,52,134723.61,149088,407,87,0,0
717655,1,0,1164,0,0,52,134723.61,149088,407,87,0,0
717713,1,0,1164,0,0,52,134723.61,149088,407,87,0,0
717877,1,0,1140,0,0,52,134723.61,149088,407,87,0,0
717999,1,0,1092,0,0,52,134723.61,149088,407,87,0,0
718110,1,0,1059,0,0,52,134723.61,149088,407,87,0,0
718215,1,0,1029,0,0,52,134723.61,149088,407,87,0,0
718333,1,0,1030,0,0,52,134723.61,149088,407,87,0,0
718477,1,0,1259,6,0,52,134723.61,149088,407,87,0,0
718577,1,0,1413,13,0,52,134723.61,149088,407,87,0,0
718678,1,0,1586,23,0,52,134723.61,149088,407,87,0,0
718833,1,0,1606,27,0,52,134724.62,149088,407,87,0,0
718955,1,3,1611,37,0,52,134724.62,149088,407,87,0,0
719055,1,4,1614,40,0,52,134724.62,149088,407,87,0,0
719155,1,5,1554,41,0,52,134724.62,149088,407,87,0,0
719309,1,5,1554,49,0,52,134724.62,149088,407,87,0,0
719427,1,6,1574,56,0,52,134724.62,149088,407,87,0,0
719533,1,8,1613,59,0,52,134725.62,149088,407,87,0,0
719655,1,9,1589,61,0,52,134725.62,149088,407,87,0,0
719679,1,9,1557,61,0,52,134725.62,149088,407,87,0,0
719877,1,11,1688,61,0,52,134725.62,149088,407,87,0,0
720009,1,12,1785,79,0,52,134725.62,149088,407,87,0,0
720127,1,13,1889,88,0,52,134725.62,149088,407,87,0,0
720178,1,13,1953,88,0,52,134726.67,149088,407,87,0,0
720357,1,15,2129,105,0,52,134726.67,149088,407,87,0,0
720455,1,15,2212,105,0,52,134726.67,149088,407,87,0,0
720577,1,16,2391,106,0,52,134726.67,149088,407,87,0,0
720691,1,17,2464,107,0,52,134726.67,149088,407,87,0,0
720818,1,17,2464,110,0,52,134726.67,149088,407,87,0,0
720933,1,19,2756,113,0,52,134727.70,149088,407,87,0,0
721055,1,20,2857,113,0,52,134727.70,149088,407,87,0,0
721177,1,21,3017,113,0,52,134727.70,149088,407,87,0,0
721213,1,21,3017,113,0,52,134727.70,149088,407,87,0,0
721455,1,23,3298,103,0,52,134728.84,149088,407,87,0,0
721577,1,24,3485,100,0,52,134728.84,149088,407,87,0,0
721655,1,25,3518,98,0,52,134728.84,149088,407,87,0,0
721827,1,25,3539,98,0,52,134729.86,149088,407,87,0,0
721933,1,26,3509,15,0,52,134729.86,149088,407,87,0,0
722055,1,26,3417,0,0,52,134729.86,149088,407,87,0,0
722177,1,26,3192,0,0,52,134729.86,149088,407,87,0,0
722177,1,26,3192,0,0,52,134729.86,149088,407,87,0,0
722427,1,26,2801,0,0,52,134729.86,149088,407,87,0,0
722545,1,26,2648,14,0,52,134729.86,149088,407,87,0,0
722655,1,26,2454,21,0,52,134729.86,149088,407,87,0,0
722680,1,26,2358,21,0,52,134729.86,149088,407,87,0,0
722886,1,26,1979,35,0,52,134729.86,149088,407,87,0,0
723010,1,26,2106,78,0,52,134729.86,149088,407,87,0,0
723127,1,27,2062,90,0,52,134730.88,149088,407,87,0,0
723219,1,27,2094,104,0,52,134730.88,149088,407,87,0,0
723333,1,28,2123,104,0,52,134730.88,149088,407,87,0,0
723477,1,28,2186,108,0,52,134730.88,149088,407,87,0,0
723577,1,29,2212,110,0,52,134730.88,149088,407,87,0,0
723715,1,29,2268,113,0,52,134731.92,149088,407,87,0,0
723827,1,30,2323,113,0,52,134731.92,149088,407,87,0,0
723955,1,31,2354,113,0,52,134731.92,149088,407,87,0,0
724055,1,31,2407,113,0,52,134731.92,149088,407,87,0,0
724177,1,32,2474,113,0,52,134732.95,149088,407,87,0,0
724177,1,32,2474,113,0,52,134732.95,149088,407,87,0,0
724433,1,34,2547,113,0,52,134732.95,149088,407,87,0,0
724545,1,34,2622,113,0,52,134732.95,149088,407,87,0,0
724655,1,35,2666,113,0,52,134734.05,149088,407,87,0,0
724677,1,35,2666,113,0,52,134734.05,149088,407,87,0,0
724909,1,36,2721,107,0,52,134734.05,149088,407,87,0,0
725033,1,37,2798,100,0,52,134734.05,149088,407,87,0,0
725155,1,37,2831,88,0,52,134735.09,149088,407,87,0,0
725177,1,37,2831,88,0,52,134735.09,149088,407,87,0,0
725379,1,38,2900,88,0,52,134735.09,149088,407,87,0,0
725477,1,39,2934,85,0,52,134735.09,149088,407,87,0,0
725610,1,39,2967,67,0,52,134735.09,149088,407,87,0,0
725689,1,39,2918,67,0,52,134736.11,149088,407,87,0,0
725857,1,39,2912,62,0,52,134736.11,149088,407,87,0,0
725977,1,39,2973,45,0,52,134736.11,149088,407,87,0,0
726077,1,39,2974,32,0,52,134736.11,149088,407,87,0,0
726177,1,39,2960,0,0,52,134736.11,149088,407,88,0,0
726333,1,39,2917,0,0,52,134736.11,149088,407,88,0,0
726455,1,39,2953,0,20,52,134736.11,149088,407,88,0,0
726555,1,39,2922,0,20,52,134736.11,149088,407,88,0,0
726677,1,39,2921,0,20,52,134736.11,149088,407,88,0,0
726814,1,39,2921,0,20,52,134736.11,149088,407,88,0,0
726933,1,38,2862,0,36,52,134737.12,149088,407,88,0,0
727054,1,37,2793,0,72,52,134737.12,149088,407,88,0,0
727155,1,37,2759,0,78,52,134737.12,149088,407,88,0,0
727310,1,37,2759,0,78,52,134737.12,149088,407,88,0,0
727433,1,35,2652,0,82,52,134737.12,149088,407,88,0,0
727544,1,34,2570,0,82,52,134737.12,149088,407,88,0,0
727654,1,33,2523,0,88,52,134737.12,149088,407,88,0,0
727654,1,33,2523,0,88,52,134737.12,149088,407,88,0,0
727910,1,32,2368,0,92,52,134737.12,149088,407,88,0,0
728033,1,30,2272,0,94,52,134737.12,149088,407,88,0,0
728133,1,30,2208,0,96,52,134737.12,149088,407,88,0,0
728177,1,30,2208,0,96,52,134737.12,149088,407,88,0,0
728377,1,28,2080,0,100,52,134737.12,149088,407,88,0,0
728477,1,27,2016,0,106,52,134737.12,149088,407,88,0,0
728610,1,26,1952,0,106,52,134737.12,149088,407,88,0,0
728686,1,25,1888,0,106,52,134737.12,149088,407,88,0,0
728827,1,25,1792,0,106,52,134737.12,149088,407,88,0,0
728954,1,23,1696,0,108,52,134737.12,149088,407,88,0,0
729077,1,22,1649,0,108,52,134737.12,149088,407,88,0,0
729177,1,21,1596,0,110,52,134737.12,149088,407,88,0,0
729310,1,21,1596,0,110,52,134737.12,149088,407,88,0,0
729433,1,19,1401,0,108,52,134737.12,149088,407,88,0,0
729554,1,18,1358,0,100,52,134737.12,149088,407,88,0,0
729654,1,18,1372,0,92,52,134737.12,149088,407,88,0,0
729694,1,18,1340,0,92,52,134737.12,149088,407,88,0,0
729881,1,18,1304,0,74,52,134737.12,149088,407,88,0,0
730017,1,16,1264,0,64,52,134737.12,149088,407,88,0,0
730133,1,15,1230,0,54,52,134737.12,149088,407,88,0,0
730177,1,15,1230,0,48,52,134737.12,149088,407,88,0,0
730333,1,15,1204,0,48,52,134737.12,149088,407,88,0,0
730477,1,15,1204,0,10,52,134737.12,149088,407,88,0,0
730577,1,14,1203,0,2,52,134737.12,149088,407,88,0,0
730654,1,14,1170,0,0,52,134737.12,149088,407,88,0,0
730827,1,14,1170,0,0,52,134737.12,149088,407,88,0,0
730954,1,14,1137,0,4,52,134737.12,149088,407,88,0,0
731054,1,14,1138,0,4,52,134737.12,149088,407,88,0,0
731177,1,14,1138,0,0,52,134737.12,149088,407,88,0,0
731310,1,14,1138,0,0,52,134737.12,149088,407,88,0,0
731433,1,14,1108,0,0,52,134737.12,149088,407,88,0,0
731544,1,14,1108,0,0,52,134737.12,149088,407,88,0,0
731654,1,14,1109,0,0,52,134737.12,149088,407,88,0,0
731677,1,14,1109,0,0,52,134737.12,149088,407,88,0,0
731910,1,14,1077,0,0,52,134737.12,149088,407,88,0,0
732033,1,14,1109,0,0,52,134738.12,149088,407,88,0,0
732133,1,14,1077,0,0,52,134738.12,149088,407,88,0,0
732177,1,14,1077,0,0,52,134738.12,149088,407,88,0,0
732377,1,14,1077,0,0,52,134738.12,149088,407,88,0,0
732477,1,14,1077,0,0,52,134738.12,149088,407,88,0,0
732610,1,14,1077,0,0,52,134738.12,149088,407,88,0,0
732654,1,14,1077,0,0,52,134738.12,149088,407,88,0,0
732854,1,14,1077,0,0,52,134738.12,149088,407,88,0,0
732954,1,14,1077,0,0,52,134738.12,149088,407,88,0,0
733077,1,14,1077,0,0,52,134738.12,149088,407,88,0,0
733177,1,14,1077,0,0,52,134738.12,149088,407,88,0,0
733323,1,14,1077,0,0,52,134738.12,149088,407,88,0,0
733433,1,14,1079,0,0,52,134738.12,149088,407,88,0,0
733554,1,13,1079,0,0,52,134738.12,149088,407,88,0,0
733654,1,14,1075,0,0,52,134738.12,149088,407,88,0,0
733696,1,14,1075,0,0,52,134738.12,149088,407,88,0,0
733879,1,14,1070,0,0,52,134738.12,149088,407,88,0,0
734015,1,14,1070,0,0,52,134738.12,149088,407,88,0,0
734133,1,13,1070,0,0,52,134738.12,149088,407,88,0,0
734177,1,13,1070,0,14,52,134738.12,149088,407,88,0,0
734333,1,13,1073,0,14,52,134738.12,149088,407,88,0,0
734477,1,13,1073,0,22,52,134738.12,149088,407,88,0,0
734577,1,13,1073,0,34,52,134738.12,149088,407,88,0,0
734682,1,13,1074,0,40,52,134738.12,149088,407,88,0,0
734810,1,13,1074,0,40,52,134738.12,149088,407,88,0,0
734954,1,12,1075,0,54,52,134738.12,149088,407,88,0,0
735077,1,12,1074,0,64,52,134739.12,149088,407,88,0,0
735177,1,11,1075,0,76,52,134739.12,149088,407,88,0,0
735322,1,11,1075,0,76,52,134739.12,149088,407,88,0,0
735433,1,9,1074,0,102,52,134739.12,149088,407,88,0,0
735557,1,9,1074,0,108,52,134739.12,149088,407,88,0,0
735654,1,8,1073,0,110,52,134739.12,149088,407,88,0,0
735810,1,8,1041,0,110,52,134739.12,149088,407,88,0,0
735927,1,6,1040,0,110,52,134739.12,149088,407,88,0,0
736044,1,5,1040,0,108,52,134739.12,149088,407,88,0,0
736154,1,4,1040,0,106,52,134739.12,149088,407,88,0,0
736213,1,4,1040,0,106,52,134739.12,149088,407,88,0,0
736378,1,2,1041,0,106,52,134739.12,149088,407,88,0,0
736510,1,0,1041,0,94,52,134739.12,149088,407,88,0,0
736627,1,0,974,0,52,52,134739.12,149088,407,88,0,0
736724,1,0,942,0,2,52,134739.12,149088,407,88,0,0
736834,1,0,908,0,12,52,134739.12,149088,407,88,0,0
736977,1,0,837,0,48,52,134739.12,149088,407,88,0,0
737077,1,0,837,0,48,52,134739.12,149088,407,88,0,0
737177,1,0,837,0,50,52,134739.12,149088,407,88,0,0
737333,1,0,840,0,50,52,134739.12,149088,407,88,0,0
737455,1,0,839,0,122,52,134739.12,149088,407,88,0,0
737577,1,0,838,0,130,52,134739.12,149088,407,88,0,0
737679,1,0,837,0,130,52,134739.12,149088,407,88,0,0
737833,1,0,837,0,130,52,134739.12,149088,407,88,0,0
737933,1,0,837,0,130,52,134739.12,149088,407,88,0,0
738054,1,0,837,0,130,52,134739.12,149088,407,88,0,0
738177,1,0,837,0,128,52,134739.12,149088,407,88,0,0
738177,1,0,837,0,128,52,134739.12,149088,407,88,0,0
738404,1,0,836,0,130,52,134739.12,149088,407,88,0,0
738533,1,0,835,0,130,52,134740.12,149088,407,88,0,0
738633,1,0,835,0,130,52,134740.12,149088,407,88,0,0
738677,1,0,835,0,130,52,134740.12,149088,407,88,0,0
738877,1,0,835,0,130,52,134740.12,149088,407,88,0,0
738978,1,0,833,0,130,52,134740.12,149088,407,88,0,0
739113,1,0,833,0,130,52,134740.12,149088,407,88,0,0
739204,1,0,833,0,130,52,134740.12,149088,407,88,0,0
739345,1,0,833,0,130,52,134740.12,149088,407,88,0,0
739455,1,0,863,0,128,52,134740.12,149088,407,88,0,0
739577,1,0,832,0,128,52,134740.12,149088,407,88,0,0
739704,1,0,863,0,128,52,134740.12,149088,407,88,0,0
739704,1,0,863,0,128,52,134740.12,149088,407,88,0,0
739933,1,0,863,0,128,52,134740.12,149088,407,88,0,0
740054,1,0,862,0,128,52,134740.12,149088,407,88,0,0
740179,1,0,863,0,128,52,134740.12,149088,407,88,0,0
740204,1,0,863,0,128,52,134740.12,149088,407,88,0,0
740404,1,0,832,0,128,52,134740.12,149088,407,88,0,0
740533,1,0,832,0,128,52,134740.12,149088,407,88,0,0
740633,1,0,833,0,128,52,134740.12,149088,407,88,0,0
740704,1,0,833,0,128,52,134740.12,149088,407,88,0,0
740877,1,0,833,0,128,52,134740.12,149088,407,88,0,0
740977,1,0,833,0,128,52,134740.12,149088,407,88,0,0
741113,1,0,833,0,128,52,134740.12,149088,407,88,0,0
741204,1,0,833,0,128,52,134740.12,149088,407,88,0,0
741333,1,0,833,0,128,52,134740.12,149088,407,88,0,0
741455,1,0,833,0,128,52,134740.12,149088,404,88,0,0
741577,1,0,833,0,128,52,134740.12,149088,404,88,0,0
741678,1,0,833,0,128,52,134740.12,149088,404,88,0,0
741831,1,0,833,0,128,52,134740.12,149088,404,88,0,0
741934,1,0,833,0,126,52,134740.12,149088,404,88,0,0
742054,1,0,863,0,122,52,134740.12,149088,404,88,0,0
742177,1,0,863,0,112,52,134740.12,149088,404,88,0,0
742177,1,0,863,0,112,52,134740.12,149088,404,88,0,0
742404,1,0,862,0,2,52,134740.12,149088,404,88,0,0
742528,1,0,863,0,0,52,134741.14,149088,404,88,0,0
742633,1,0,863,0,0,52,134741.14,149088,404,88,0,0
742678,1,0,863,0,0,52,134741.14,149088,404,88,0,0
742877,1,0,832,0,0,52,134741.14,149088,404,88,0,0
742977,1,0,832,0,0,52,134741.14,149088,404,89,0,0
743078,1,0,833,0,0,52,134741.14,149088,404,89,0,0
743204,1,0,833,0,0,52,134741.14,149088,404,89,0,0
743343,1,0,866,0,0,52,134741.14,149088,404,89,0,0
743455,1,0,1062,0,0,52,134741.14,149088,404,89,0,0
743578,1,0,1266,0,0,52,134741.14,149088,404,89,0,0
743678,1,0,1259,0,0,52,134741.14,149088,404,89,0,0
743829,1,0,1238,2,0,52,134741.14,149088,404,89,0,0
743934,1,0,1328,3,0,52,134741.14,149088,404,89,0,0
744054,1,0,1482,3,0,52,134741.14,149088,404,89,0,0
744178,1,0,1582,3,0,52,134741.14,149088,404,89,0,0
744178,1,0,1582,3,0,52,134741.14,149088,404,89,0,0
744404,1,0,1486,3,0,52,134741.14,149088,404,89,0,0
744504,1,0,1471,4,0,52,134741.14,149088,404,89,0,0
744633,1,3,1454,5,0,52,134742.14,149088,404,89,0,0
744678,1,3,1454,5,0,52,134742.14,149088,404,89,0,0
744873,1,5,1454,8,0,52,134742.14,149088,404,89,0,0
744978,1,6,1405,9,0,52,134742.14,149088,404,89,0,0
745078,1,6,1342,9,0,52,134742.14,149088,404,89,0,0
745204,1,7,1336,9,0,52,134742.14,149088,404,89,0,0
745341,1,7,1296,9,0,52,134742.14,149088,404,89,0,0
745457,1,10,1393,9,0,52,134742.14,149088,404,89,0,0
745578,1,10,1536,9,0,52,134743.20,149088,404,89,0,0
745678,1,11,1587,9,0,52,134743.20,149088,404,89,0,0
745828,1,11,1587,9,0,52,134743.20,149088,404,89,0,0
745934,1,12,1713,13,0,52,134743.20,149088,404,89,0,0
746054,1,12,1728,13,0,52,134743.20,149088,404,89,0,0
746174,1,12,1804,14,0,52,134743.20,149088,404,89,0,0
746204,1,12,1804,15,0,52,134743.20,149088,404,89,0,0
746403,1,13,1829,0,0,52,134743.20,149088,404,89,0,0
746528,1,13,1823,0,0,52,134743.20,149088,404,89,0,0
746634,1,13,1814,0,0,52,134743.20,149088,404,89,0,0
746678,1,13,1782,0,0,52,134743.20,149088,404,89,0,0
746870,1,12,1762,0,0,52,134743.20,149088,404,89,0,0
746978,1,12,1729,0,0,52,134744.22,149088,404,89,0,0
747080,1,12,1697,0,0,52,134744.22,149088,404,89,0,0
747204,1,12,1692,0,0,52,134744.22,149088,404,89,0,0
747340,1,12,1657,0,0,52,134744.22,149088,404,89,0,0
747455,1,11,1618,0,0,52,134744.22,149088,404,89,0,0
747580,1,11,1553,0,0,52,134744.22,149088,404,89,0,0
747704,1,11,1549,18,0,52,134744.22,149088,404,89,0,0
747836,1,10,1488,18,0,52,134744.22,149088,404,89,0,0
747954,1,10,1492,30,0,52,134744.22,149088,404,89,0,0
748054,1,10,1498,49,0,52,134744.22,149088,404,89,0,0
748178,1,10,1542,66,0,52,134744.22,149088,404,89,0,0
748204,1,10,1542,75,0,52,134744.22,149088,404,89,0,0
748435,1,11,1546,94,0,52,134744.22,149088,404,89,0,0
748554,1,11,1604,95,0,52,134744.22,149088,404,89,0,0
748674,1,11,1670,96,0,52,134744.22,149088,404,89,0,0
748680,1,11,1734,96,0,52,134744.22,149088,404,89,0,0
748904,1,11,1884,96,0,52,134744.22,149088,404,89,0,0
749028,1,13,2046,96,0,52,134745.25,149088,404,89,0,0
749134,1,15,2099,96,0,52,134745.25,149088,404,89,0,0
749183,1,15,2131,96,0,52,134745.25,149088,404,89,0,0
749339,1,15,2131,96,0,52,134745.25,149088,404,89,0,0
749478,1,16,2414,97,0,52,134745.25,149088,404,89,0,0
749578,1,17,2486,98,0,52,134745.25,149088,404,89,0,0
749704,1,18,2588,98,0,52,134746.31,149088,404,89,0,0
749857,1,18,2627,98,0,52,134746.31,149088,404,89,0,0
749979,1,19,2803,98,0,52,134746.31,149088,404,89,0,0
750079,1,20,2887,98,0,52,134746.31,149088,404,89,0,0
750204,1,20,2970,98,0,52,134747.34,149088,404,89,0,0
750338,1,21,3050,98,0,52,134747.34,149088,404,89,0,0
750455,1,22,3170,98,0,52,134747.34,149088,404,89,0,0
750578,1,23,3313,97,0,52,134748.39,149088,404,89,0,0
750704,1,24,3421,87,0,52,134748.39,149088,404,89,0,0
750704,1,24,3421,87,0,52,134748.39,149088,404,89,0,0
750934,1,25,3454,44,0,52,134748.39,149088,404,89,0,0
751054,1,25,3372,3,0,52,134748.39,149088,404,89,0,0
751154,1,25,3265,0,0,52,134749.42,149088,404,89,0,0
751180,1,25,3201,0,0,52,134749.42,149088,404,89,0,0
751389,1,25,2833,0,0,52,134749.42,149088,404,89,0,0
751504,1,25,2656,0,0,52,134749.42,149088,404,89,0,0
751634,1,25,2464,1,0,52,134749.42,149088,404,89,0,0
751743,1,25,2292,9,0,52,134749.42,149088,404,89,0,0
751857,1,25,2196,26,0,52,134749.42,149088,404,89,0,0
751978,1,25,1898,32,0,52,134749.42,149088,404,89,0,0
752079,1,25,1909,35,0,52,134749.42,149088,404,89,0,0
752204,1,25,1955,57,0,52,134749.42,149088,404,89,0,0
752204,1,25,1955,57,0,52,134749.42,149088,404,89,0,0
752455,1,25,1940,67,0,52,134749.42,149088,404,89,0,0
752578,1,26,1955,71,0,52,134749.42,149088,404,89,0,0
752704,1,26,2015,72,0,52,134749.42,149088,404,88,0,0
752704,1,26,2015,72,0,52,134749.42,149088,404,88,0,0
752931,1,27,2047,72,0,52,134750.45,149088,404,88,0,0
753054,1,27,2053,71,0,52,134750.45,149088,404,88,0,0
753180,1,27,2091,71,0,52,134750.45,149088,404,88,0,0
753254,1,27,2086,71,0,52,134750.45,149088,404,88,0,0
753413,1,27,2134,71,0,52,134750.45,149088,404,88,0,0
753534,1,28,2149,71,0,52,134750.45,149088,404,88,0,0
753631,1,28,2152,71,0,52,134751.45,149088,404,88,0,0
753679,1,28,2184,71,0,52,134751.45,149088,404,88,0,0
753857,1,28,2184,71,0,52,134751.45,149088,404,88,0,0
753979,1,29,2224,71,0,52,134751.45,149088,404,88,0,0
754112,1,29,2259,70,0,52,134751.45,149088,404,88,0,0
754229,1,30,2254,63,0,52,134751.45,149088,404,88,0,0
754361,1,30,2286,57,0,52,134751.45,149088,404,88,0,0
754479,1,30,2323,51,0,52,134752.47,149088,404,88,0,0
754578,1,30,2328,49,0,52,134752.47,149088,404,88,0,0
754681,1,30,2305,49,0,52,134752.47,149088,404,88,0,0
754848,1,30,2305,49,0,52,134752.47,149088,404,88,0,0
754954,1,31,2333,49,0,52,134752.47,149088,404,88,0,0
755078,1,31,2340,58,0,52,134752.47,149088,404,88,0,0
755182,1,31,2357,58,0,52,134752.47,149088,404,88,0,0
755229,1,31,2357,62,0,52,134752.47,149088,404,88,0,0
755429,1,31,2400,69,0,52,134752.47,149088,404,88,0,0
755544,1,32,2416,70,0,52,134753.52,149088,404,88,0,0
755654,1,32,2436,70,0,52,134753.52,149088,404,88,0,0
755681,1,32,2436,70,0,52,134753.52,149088,404,88,0,0
755904,1,32,2470,73,0,52,134753.52,149088,404,88,0,0
756004,1,33,2509,75,0,52,134753.52,149088,404,88,0,0
756134,1,33,2530,78,0,52,134753.52,149088,404,88,0,0
756229,1,33,2530,82,0,52,134753.52,149088,404,88,0,0
756360,1,33,2573,82,0,52,134753.52,149088,404,88,0,0
756479,1,34,2652,97,0,52,134754.61,149088,404,88,0,0
756612,1,35,2672,100,0,52,134754.61,149088,404,88,0,0
756704,1,35,2703,100,0,52,134754.61,149088,404,88,0,0
756749,1,36,2749,100,0,52,134754.61,149088,404,88,0,0
756982,1,37,2799,100,0,52,134755.66,149088,404,88,0,0
757079,1,37,2842,97,0,52,134755.66,149088,404,88,0,0
757204,1,38,2885,93,0,52,134755.66,149088,404,88,0,0
757249,1,38,2888,93,0,52,134755.66,149088,404,88,0,0
757444,1,39,2963,87,0,52,134756.72,149088,404,88,0,0
757554,1,39,3002,85,0,52,134756.72,149088,404,88,0,0
757678,1,40,3013,83,0,52,134756.72,149088,404,88,0,0
757678,1,40,3013,83,0,52,134756.72,149088,404,88,0,0
757904,1,40,3126,79,0,52,134756.72,149088,404,88,0,0
758028,1,41,3109,76,0,52,134757.81,149088,404,88,0,0
758131,1,41,3158,74,0,52,134757.81,149088,404,88,0,0
758204,1,41,3190,74,0,52,134757.81,149088,404,88,0,0
758359,1,42,3177,74,0,52,134757.81,149088,404,88,0,0
758478,1,42,3224,64,0,52,134757.81,149088,404,88,0,0
758612,1,42,3214,36,0,52,134758.88,149088,404,88,0,0
758704,1,43,3217,21,0,52,134758.88,149088,404,88,0,0
758846,1,43,3211,21,0,52,134758.88,149088,404,88,0,0
758954,1,42,3219,0,0,52,134758.88,149088,404,88,0,0
759079,1,43,3218,0,0,52,134758.88,149088,404,88,0,0
759179,1,43,3221,0,0,52,134758.88,149088,404,88,0,0
759228,1,43,3221,0,0,52,134758.88,149088,404,88,0,0
759431,1,42,3215,0,0,52,134758.88,149088,404,88,0,0
759544,1,42,3201,0,0,52,134758.88,149088,404,88,0,0
759654,1,42,3225,0,0,52,134758.88,149088,404,88,0,0
759728,1,42,3225,0,0,52,134758.88,149088,404,88,0,0
759881,1,42,3162,0,0,52,134758.88,149088,404,88,0,0
760004,1,42,3111,0,0,52,134758.88,149088,404,88,0,0
760131,1,42,2784,0,0,52,134758.88,149088,404,88,0,0
760204,1,42,2688,0,0,52,134758.88,149088,404,88,0,0
760358,1,42,2592,0,0,52,134758.88,149088,404,88,0,0
760478,1,42,2254,0,0,52,134758.88,149088,404,88,0,0
760582,1,42,2114,0,0,52,134758.88,149088,404,88,0,0
760704,1,42,2106,0,0,52,134758.88,149088,404,88,0,0
760754,1,42,2128,0,0,52,134758.88,149088,404,88,0,0
760954,1,42,2210,0,0,52,134758.88,149088,404,88,0,0
761044,1,42,2242,0,0,52,134759.89,149088,404,88,0,0
761181,1,42,2261,0,0,52,134759.89,149088,404,88,0,0
761234,1,42,2262,0,0,52,134759.89,149088,404,88,0,0
761383,1,42,2230,0,0,52,134759.89,149088,404,88,0,0
761531,1,42,2265,0,0,52,134759.89,149088,404,88,0,0
761653,1,42,2265,0,0,52,134759.89,149088,404,88,0,0
761734,1,42,2265,0,0,52,134759.89,149088,404,88,0,0
761881,1,42,2264,0,0,52,134759.89,149088,404,88,0,0
762003,1,42,2264,0,0,52,134759.89,149088,404,88,0,0
762112,1,42,2262,0,0,52,134759.89,149088,404,88,0,0
762234,1,42,2261,0,0,52,134759.89,149088,404,88,0,0
762234,1,42,2261,0,0,52,134759.89,149088,404,88,0,0
762481,1,42,2228,0,0,52,134759.89,149088,404,88,0,0
762581,1,42,2259,0,0,52,134759.89,149088,404,88,0,0
762703,1,42,2219,0,0,52,134759.89,149088,404,88,0,0
762734,1,42,2260,0,0,52,134759.89,149088,404,88,0,0
762953,1,42,2266,0,0,52,134759.89,149088,404,88,0,0
763053,1,42,2222,0,0,52,134759.89,149088,404,88,0,0
763181,1,42,2234,0,0,52,134759.89,149088,404,88,0,0
763243,1,42,2238,0,0,52,134759.89,149088,404,88,0,0
763407,1,42,2234,3,0,52,134759.89,149088,404,88,0,0
763531,1,42,2222,5,0,52,134759.89,149088,404,88,0,0
763631,1,42,2257,6,0,52,134759.89,149088,404,88,0,0
763753,1,42,2229,6,0,52,134759.89,149088,404,88,0,0
763753,1,42,2229,6,0,52,134759.89,149088,404,88,0,0
764003,1,42,2230,22,0,52,134760.92,149088,404,88,0,0
764112,1,42,2237,26,0,52,134760.92,149088,404,88,0,0
764234,1,42,2266,26,0,52,134760.92,149088,404,88,0,0
764381,1,42,2266,28,0,52,134760.92,149088,404,88,0,0
764528,1,42,2253,34,0,52,134760.92,149088,404,88,0,0
764631,1,43,2302,45,0,52,134760.92,149088,404,88,0,0
764703,1,43,2270,47,0,52,134760.92,149088,404,88,0,0
764881,1,43,2289,47,0,52,134760.92,149088,404,88,0,0
765003,1,43,2331,47,0,52,134760.92,149088,404,88,0,0
765112,1,43,2330,47,0,52,134760.92,149088,404,88,0,0
765228,1,44,2327,48,0,52,134760.92,149088,404,88,0,0
765356,1,44,2324,48,0,52,134761.94,149088,404,88,0,0
765454,1,44,2353,48,0,52,134761.94,149088,404,88,0,0
765581,1,44,2353,50,0,52,134761.94,149088,404,88,0,0
765703,1,44,2388,50,0,52,134761.94,149088,404,88,0,0
765731,1,45,2388,50,0,52,134761.94,149088,404,88,0,0
765931,1,45,2382,50,0,52,134761.94,149088,404,88,0,0
766053,1,45,2421,50,0,52,134761.94,149088,404,88,0,0
766173,1,45,2423,50,0,52,134761.94,149088,404,88,0,0
766234,1,46,2423,50,0,52,134762.94,149088,404,88,0,0
766381,1,46,2455,50,0,52,134762.94,149088,404,88,0,0
766531,1,46,2444,44,0,52,134762.94,149088,404,88,0,0
766631,1,46,2442,43,0,52,134762.94,149088,404,88,0,0
766703,1,46,2474,42,0,52,134762.94,149088,404,88,0,0
766881,1,46,2486,42,0,52,134762.94,149088,404,88,0,0
767003,1,47,2487,39,0,52,134762.94,149088,404,88,0,0
767112,1,47,2489,38,0,52,134762.94,149088,404,88,0,0
767228,1,47,2522,36,0,52,134762.94,149088,404,88,0,0
767228,1,47,2522,36,0,52,134762.94,149088,404,88,0,0
767481,1,47,2504,29,0,52,134763.97,149088,404,88,0,0
767581,1,47,2501,28,0,52,134763.97,149088,404,88,0,0
767703,1,48,2552,28,0,52,134763.97,149088,404,88,0,0
767703,1,48,2552,28,0,52,134763.97,149088,404,88,0,0
767953,1,48,2546,27,0,52,134763.97,149088,404,88,0,0
768081,1,48,2580,27,0,52,134763.97,149088,404,88,0,0
768181,1,48,2548,27,0,52,134763.97,149088,404,88,0,0
768234,1,48,2580,27,0,52,134763.97,149088,404,88,0,0
768431,1,48,2573,27,0,52,134763.97,149088,404,88,0,0
768543,1,48,2572,27,0,52,134763.97,149088,404,88,0,0
768653,1,49,2571,27,0,52,134763.97,149088,404,88,0,0
768703,1,49,2603,27,0,52,134763.97,149088,404,88,0,0
768881,1,49,2568,27,0,52,134764.98,149088,404,88,0,0
769003,1,49,2599,27,0,52,134764.98,149088,404,88,0,0
769131,1,49,2604,27,0,52,134764.98,149088,404,88,0,0
769234,1,49,2607,27,0,52,134764.98,149088,404,88,0,0
769381,1,49,2608,24,0,52,134764.98,149088,404,88,0,0
769481,1,49,2608,17,0,52,134764.98,149088,404,88,0,0
769612,1,49,2604,7,0,52,134764.98,149088,404,88,0,0
769733,1,49,2598,5,0,52,134764.98,149088,404,88,0,0
769864,1,49,2630,5,0,52,134764.98,149088,404,88,0,0
769981,1,49,2594,1,0,52,134764.98,149088,404,88,0,0
770081,1,50,2592,0,0,52,134764.98,149088,404,88,0,0
770203,1,50,2624,0,0,52,134764.98,149088,404,88,0,0
770233,1,49,2592,0,0,52,134764.98,149088,404,88,0,0
770445,1,49,2592,0,0,52,134766.00,149088,404,88,0,0
770553,1,49,2621,0,0,52,134766.00,149088,404,88,0,0
770681,1,49,2606,0,0,52,134766.00,149088,404,88,0,0
770753,1,49,2619,0,0,52,134766.00,149088,404,88,0,0
770903,1,49,2587,0,0,52,134766.00,149088,404,88,0,0
771031,1,49,2622,0,0,52,134766.00,149088,404,88,0,0
771153,1,49,2587,0,0,52,134766.00,149088,404,88,0,0
771234,1,49,2590,0,0,52,134766.00,149088,404,88,0,0
771381,1,49,2587,0,0,52,134766.00,149088,404,88,0,0
771503,1,48,2587,0,0,52,134766.00,149088,401,88,0,0
771612,1,48,2558,0,0,52,134766.00,149088,401,88,0,0
771728,1,48,2555,0,0,52,134766.00,149088,401,88,0,0
771863,1,48,2528,0,0,52,134766.00,149088,401,88,0,0
771981,1,48,2496,0,0,52,134766.00,149088,401,88,0,0
772081,1,47,2496,0,0,52,134766.00,149088,401,88,0,0
772203,1,47,2496,0,0,52,134766.00,149088,401,88,0,0
772233,1,47,2528,0,0,52,134766.00,149088,401,88,0,0
772454,1,47,2464,0,0,52,134766.00,149088,401,88,0,0
772553,1,47,2464,0,0,52,134766.00,149088,401,88,0,0
772681,1,47,2464,0,0,52,134766.00,149088,401,88,0,0
772734,1,47,2464,0,0,52,134766.00,149088,401,88,0,0
772903,1,47,2464,0,0,52,134766.00,149088,401,88,0,0
773043,1,46,2432,0,0,52,134766.00,149088,401,88,0,0
773153,1,46,2432,0,0,52,134766.00,149088,401,88,0,0
773253,1,46,2432,0,14,52,134766.00,149088,401,88,0,0
773403,1,46,2432,0,14,52,134766.00,149088,401,88,0,0
773503,1,46,2432,0,12,52,134766.00,149088,401,88,0,0
773631,1,46,2400,0,8,52,134766.00,149088,401,87,0,0
773733,1,45,2400,0,2,52,134766.00,149088,401,87,0,0
773733,1,45,2400,0,2,52,134766.00,149088,401,87,0,0
773981,1,45,2368,0,0,52,134766.00,149088,401,87,0,0
774112,1,45,2368,0,0,52,134766.00,149088,401,87,0,0
774233,1,45,2368,0,0,52,134766.00,149088,401,87,0,0
774233,1,45,2368,0,0,52,134766.00,149088,401,87,0,0
774454,1,45,2368,4,0,52,134766.00,149088,401,87,0,0
774553,1,45,2385,5,0,52,134766.00,149088,401,87,0,0
774681,1,45,2376,6,0,52,134766.00,149088,401,87,0,0
774753,1,45,2396,6,0,52,134766.00,149088,401,87,0,0
774928,1,45,2364,6,0,52,134766.00,149088,401,87,0,0
775043,1,45,2395,8,0,52,134766.00,149088,401,87,0,0
775153,1,45,2395,8,0,52,134766.00,149088,401,87,0,0
775253,1,45,2395,8,0,52,134766.00,149088,401,87,0,0
775381,1,45,2396,8,0,52,134766.00,149088,401,87,0,0
775503,1,45,2396,8,0,52,134766.00,149088,401,87,0,0
775631,1,45,2397,8,0,52,134766.00,149088,401,87,0,0
775753,1,45,2397,8,0,52,134766.00,149088,401,87,0,0
775886,1,45,2397,9,0,52,134766.00,149088,401,87,0,0
776003,1,45,2397,12,0,52,134767.02,149088,401,87,0,0
776111,1,45,2397,14,0,52,134767.02,149088,401,87,0,0
776233,1,45,2399,14,0,52,134767.02,149088,401,87,0,0
776290,1,45,2399,14,0,52,134767.02,149088,401,87,0,0
776454,1,45,2399,15,0,52,134767.02,149088,401,87,0,0
776581,1,45,2378,20,0,52,134767.02,149088,401,87,0,0
776703,1,45,2382,20,0,52,134767.02,149088,401,87,0,0
776733,1,45,2364,20,0,52,134767.02,149088,401,87,0,0
776931,1,45,2369,20,0,52,134767.02,149088,401,87,0,0
777043,1,45,2368,20,0,52,134767.02,149088,401,87,0,0
777153,1,45,2399,20,0,52,134767.02,149088,401,87,0,0
777253,1,45,2368,20,0,52,134767.02,149088,401,87,0,0
777398,1,45,2368,20,0,52,134767.02,149088,401,87,0,0
777503,1,45,2387,20,0,52,134767.02,149088,401,87,0,0
777631,1,45,2419,21,0,52,134767.02,149088,401,87,0,0
777753,1,45,2423,15,0,52,134768.05,149088,401,87,0,0
777885,1,45,2423,9,0,52,134768.05,149088,401,87,0,0
778003,1,45,2382,0,0,52,134768.05,149088,401,87,0,0
778111,1,45,2370,0,0,52,134768.05,149088,401,87,0,0
778233,1,45,2429,0,0,52,134768.05,149088,401,87,0,0
778256,1,45,2429,0,0,52,134768.05,149088,401,87,0,0
778454,1,45,2429,0,0,52,134768.05,149088,401,87,0,0
778581,1,45,2426,0,0,52,134768.05,149088,401,87,0,0
778703,1,45,2425,0,0,52,134768.05,149088,401,87,0,0
778753,1,45,2423,0,0,52,134768.05,149088,401,87,0,0
778923,1,45,2423,0,0,52,134768.05,149088,401,87,0,0
779055,1,45,2396,0,0,52,134768.05,149088,401,87,0,0
779173,1,45,2396,0,0,52,134768.05,149088,401,87,0,0
779233,1,45,2369,0,0,52,134768.05,149088,401,87,0,0
779381,1,45,2396,0,0,52,134768.05,149088,401,87,0,0
779528,1,44,2364,0,0,52,134768.05,149088,401,87,0,0
779631,1,44,2364,0,0,52,134768.05,149088,401,87,0,0
779733,1,44,2332,0,0,52,134768.05,149088,401,87,0,0
779884,1,44,2364,0,0,52,134768.05,149088,401,87,0,0
779981,1,44,2336,0,0,52,134768.05,149088,401,87,0,0
780111,1,44,2304,0,0,52,134768.05,149088,401,87,0,0
780233,1,43,2304,0,0,52,134768.05,149088,401,87,0,0
780233,1,43,2304,0,0,52,134768.05,149088,401,87,0,0
780454,1,43,2304,0,0,52,134768.05,149088,401,87,0,0
780554,1,43,2272,0,0,52,134768.05,149088,401,87,0,0
780681,1,43,2272,0,0,52,134768.05,149088,401,87,0,0
780733,1,43,2240,0,0,52,134768.05,149088,401,87,0,0
780927,1,43,2240,0,0,52,134768.05,149088,401,87,0,0
781031,1,42,2240,0,0,52,134768.05,149088,401,87,0,0
781153,1,42,2208,0,0,52,134768.05,149088,401,87,0,0
781253,1,42,2208,0,0,52,134768.05,149088,401,87,0,0
781403,1,42,2208,0,0,52,134768.05,149088,401,87,0,0
781503,1,42,2208,0,0,52,134768.05,149088,401,87,0,0
781631,1,41,2176,3,0,52,134768.05,149088,401,87,0,0
781733,1,41,2176,16,0,52,134768.05,149088,401,87,0,0
781882,1,41,2176,16,0,52,134768.05,149088,401,87,0,0
781981,1,41,2194,32,0,52,134768.05,149088,401,87,0,0
782111,1,41,2214,46,0,52,134768.05,149088,401,87,0,0
782233,1,41,2176,52,0,52,134768.05,149088,401,87,0,0
782253,1,41,2176,52,0,52,134768.05,149088,401,87,0,0
782454,1,41,2176,65,0,52,134768.05,149088,401,87,0,0
782581,1,41,2183,73,0,52,134769.06,149088,401,87,0,0
782680,1,41,2246,80,0,52,134769.06,149088,401,87,0,0
782756,1,42,2255,84,0,52,134769.06,149088,401,87,0,0
782923,1,42,2223,88,0,52,134769.06,149088,401,87,0,0
783053,1,42,2254,91,0,52,134769.06,149088,401,87,0,0
783153,1,42,2263,91,0,52,134769.06,149088,401,87,0,0
783233,1,43,2301,91,0,52,134770.08,149088,401,87,0,0
783403,1,43,2301,82,0,52,134770.08,149088,401,87,0,0
783531,1,43,2278,78,0,52,134770.08,149088,401,87,0,0
783631,1,43,2335,77,0,52,134770.08,149088,401,87,0,0
783755,1,44,2312,75,0,52,134770.08,149088,401,87,0,0
783800,1,44,2312,75,0,52,134770.08,149088,401,87,0,0
783980,1,44,2339,71,0,52,134771.08,149088,401,87,0,0
784086,1,44,2358,67,0,52,134771.08,149088,401,87,0,0
784203,1,44,2340,66,0,52,134771.08,149088,401,87,0,0
784253,1,44,2337,66,0,52,134771.08,149088,401,87,0,0
784454,1,44,2337,66,0,52,134771.08,149088,401,87,0,0
784553,1,45,2369,68,0,52,134771.08,149088,401,87,0,0
784681,1,45,2398,68,0,52,134771.08,149088,401,87,0,0
784796,1,44,2381,69,0,52,134772.09,149088,401,87,0,0
784906,1,44,2381,72,0,52,134772.09,149088,401,87,0,0
785043,1,45,2371,78,0,52,134772.09,149088,401,87,0,0
785153,1,45,2420,84,0,52,134772.09,149088,401,87,0,0
785253,1,45,2415,85,0,52,134772.09,149088,401,87,0,0
785393,1,45,2415,85,0,52,134772.09,149088,401,87,0,0
785503,1,46,2462,86,0,52,134772.09,149088,401,87,0,0
785628,1,46,2460,88,0,52,134772.09,149088,401,87,0,0
785733,1,46,2487,88,0,52,134773.16,149088,401,87,0,0
785733,1,46,2487,88,0,52,134773.16,149088,401,87,0,0
785953,1,47,2515,88,0,52,134773.16,149088,401,87,0,0
786085,1,47,2514,88,0,52,134773.16,149088,401,87,0,0
786203,1,47,2517,88,0,52,134773.16,149088,401,87,0,0
786255,1,47,2525,88,0,52,134773.16,149088,401,87,0,0
786403,1,47,2525,93,0,52,134774.25,149088,401,87,0,0
786553,1,48,2537,93,0,52,134774.25,149088,401,87,0,0
786653,1,48,2583,95,0,52,134774.25,149088,401,87,0,0
786755,1,48,2560,95,0,52,134774.25,149088,401,87,0,0
786905,1,48,2560,98,0,52,134774.25,149088,401,87,0,0
787031,1,49,2619,99,0,52,134775.34,149088,401,87,0,0
787153,1,49,2592,99,0,52,134775.34,149088,401,87,0,0
787255,1,49,2636,99,0,52,134775.34,149088,401,87,0,0
787392,1,49,2636,100,0,52,134775.34,149088,401,87,0,0
787503,1,49,2682,101,0,52,134775.34,149088,401,87,0,0
787630,1,50,2659,101,0,52,134776.44,149088,401,87,0,0
787733,1,50,2697,101,0,52,134776.44,149088,401,87,0,0
787793,1,50,2697,101,0,52,134776.44,149088,401,87,0,0
787980,1,50,2715,101,0,52,134776.44,149088,401,87,0,0
788084,1,51,2750,100,0,52,134776.44,149088,401,87,0,0
788203,1,52,2750,96,0,52,134777.48,149088,401,87,0,0
788256,1,52,2754,96,0,52,134777.48,149088,401,87,0,0
788453,1,52,2754,90,0,52,134777.48,149088,401,87,0,0
788553,1,52,2758,88,0,52,134777.48,149088,401,87,0,0
788680,1,53,2800,88,0,52,134778.52,149088,401,87,0,0
788755,1,53,2811,87,0,52,134778.52,149088,401,87,0,0
788904,1,53,2811,85,0,52,134778.52,149088,401,87,0,0
789043,1,53,2838,83,0,52,134778.52,149088,401,87,0,0
789153,1,53,2822,80,0,52,134778.52,149088,401,87,0,0
789255,1,53,2845,78,0,52,134778.52,149088,401,87,0,0
789391,1,53,2877,75,0,52,134779.59,149088,401,87,0,0
789503,1,53,2844,66,0,52,134779.59,149088,401,87,0,0
789628,1,54,2856,55,0,52,134779.59,149088,401,87,0,0
789728,1,54,2862,46,0,52,134779.59,149088,401,87,0,0
789762,1,54,2856,46,0,52,134779.59,149088,401,87,0,0
789953,1,54,2831,44,0,52,134779.59,149088,401,87,0,0
790082,1,54,2865,43,0,52,134779.59,149088,401,87,0,0
790203,1,53,2841,43,0,52,134779.59,149088,401,87,0,0
790281,1,53,2842,43,0,52,134779.59,149088,401,87,0,0
790430,1,53,2843,42,0,52,134780.64,149088,401,87,0,0
790553,1,53,2841,42,0,52,134780.64,149088,401,87,0,0
790673,1,53,2839,42,0,52,134780.64,149088,401,87,0,0
790755,1,53,2835,42,0,52,134780.64,149088,401,87,0,0
790902,1,53,2835,43,0,52,134780.64,149088,401,87,0,0
791031,1,53,2827,45,0,52,134780.64,149088,401,87,0,0
791133,1,53,2828,52,0,52,134780.64,149088,401,87,0,0
791255,1,53,2843,57,0,52,134780.64,149088,401,87,0,0
791281,1,53,2811,57,0,52,134780.64,149088,401,87,0,0
791503,1,53,2834,57,0,52,134780.64,149088,401,87,0,0
791631,1,53,2847,57,0,52,134781.67,149088,401,87,0,0
791733,1,53,2809,57,0,52,134781.67,149088,401,87,0,0
791752,1,53,2809,57,0,52,134781.67,149088,401,87,0,0
791953,1,53,2846,61,0,52,134781.67,149088,401,87,0,0
792081,1,53,2817,61,0,52,134781.67,149088,401,87,0,0
792202,1,53,2830,61,0,52,134781.67,149088,401,87,0,0
792255,1,53,2838,61,0,52,134781.67,149088,401,87,0,0
792443,1,53,2838,53,0,52,134781.67,149088,401,87,0,0
792552,1,53,2824,47,0,52,134781.67,149088,401,87,0,0
792673,1,53,2822,41,0,52,134782.69,149088,401,87,0,0
792755,1,53,2792,33,0,52,134782.69,149088,401,87,0,0
792902,1,53,2824,25,0,52,134782.69,149088,401,87,0,0
793031,1,53,2812,22,0,52,134782.69,149088,401,87,0,0
793131,1,53,2804,22,0,52,134782.69,149088,401,87,0,0
793255,1,53,2803,17,0,52,134782.69,149088,401,87,0,0
793388,1,53,2803,10,0,52,134782.69,149088,401,87,0,0
793503,1,53,2763,0,0,52,134782.69,149088,401,87,0,0
793630,1,52,2745,0,0,52,134782.69,149088,401,87,0,0
793733,1,52,2774,0,0,52,134782.69,149088,401,87,0,0
793795,1,52,2774,0,0,52,134782.69,149088,401,87,0,0
793981,1,52,2740,2,0,52,134782.69,149088,401,87,0,0
794081,1,52,2738,2,0,52,134782.69,149088,401,87,0,0
794203,1,52,2739,3,0,52,134782.69,149088,401,87,0,0
794281,1,51,2739,3,0,52,134782.69,149088,401,87,0,0
794427,1,51,2739,5,0,52,134782.69,149088,401,87,0,0
794552,1,51,2739,14,0,52,134782.69,149088,401,87,0,0
794681,1,51,2707,21,0,52,134783.70,149088,401,87,0,0
794781,1,51,2742,26,0,52,134783.70,149088,401,87,0,0
794926,1,51,2742,29,0,52,134783.70,149088,401,87,0,0
795043,1,51,2689,29,0,52,134783.70,149088,401,87,0,0
795152,1,51,2659,34,0,52,134783.70,149088,401,87,0,0
795252,1,51,2720,36,0,52,134783.70,149088,401,87,0,0
795387,1,51,2688,36,0,52,134783.70,149088,401,87,0,0
795502,1,51,2689,37,0,52,134783.70,149089,401,87,0,0
795631,1,51,2696,37,0,52,134783.70,149089,401,87,0,0
795733,1,51,2696,37,0,52,134783.70,149089,401,87,0,0
795754,1,51,2696,37,0,52,134783.70,149089,401,87,0,0
795981,1,51,2697,29,0,52,134783.70,149089,401,87,0,0
796081,1,51,2697,22,0,52,134783.70,149089,401,87,0,0
796202,1,51,2706,21,0,52,134784.70,149089,401,87,0,0
796252,1,51,2716,21,0,52,134784.70,149089,401,87,0,0
796427,1,51,2716,21,0,52,134784.70,149089,401,87,0,0
796552,1,51,2711,27,0,52,134784.70,149089,401,87,0,0
796681,1,51,2712,30,0,52,134784.70,149089,401,87,0,0
796752,1,51,2691,30,0,52,134784.70,149089,401,87,0,0
796902,1,51,2659,30,0,52,134784.70,149089,401,87,0,0
797042,1,51,2718,30,0,52,134784.70,149089,401,87,0,0
797152,1,51,2713,32,0,52,134784.70,149089,401,87,0,0
797281,1,51,2708,42,0,52,134784.70,149089,401,87,0,0
797411,1,51,2708,48,0,52,134784.70,149089,401,87,0,0
797531,1,51,2727,51,0,52,134784.70,149089,401,87,0,0
797631,1,51,2742,51,0,52,134785.73,149089,401,87,0,0
797752,1,51,2740,50,0,52,134785.73,149089,401,87,0,0
797786,1,51,2740,50,0,52,134785.73,149089,401,87,0,0
797981,1,52,2749,41,0,52,134785.73,149089,401,87,0,0
798111,1,52,2724,23,0,52,134785.73,149089,401,87,0,0
798233,1,52,2729,16,0,52,134785.73,149089,401,87,0,0
798252,1,52,2729,16,0,52,134785.73,149089,401,87,0,0
798453,1,52,2729,7,0,52,134785.73,149089,401,87,0,0
798581,1,52,2729,0,0,52,134785.73,149089,401,87,0,0
798681,1,52,2728,0,0,52,134785.73,149089,401,87,0,0
798788,1,52,2724,0,0,52,134785.73,149089,401,87,0,0
798902,1,52,2724,0,0,52,134785.73,149089,401,87,0,0
799052,1,52,2747,0,0,52,134785.73,149089,401,87,0,0
799152,1,52,2748,0,0,52,134786.75,149089,401,87,0,0
799281,1,51,2705,0,0,52,134786.75,149089,401,87,0,0
799410,1,51,2705,0,0,52,134786.75,149089,401,87,0,0
799531,1,51,2744,0,0,52,134786.75,149089,401,87,0,0
799631,1,51,2713,0,0,52,134786.75,149089,401,87,0,0
799752,1,51,2748,2,0,52,134786.75,149089,401,87,0,0
799795,1,51,2748,2,0,52,134786.75,149089,401,87,0,0
800002,1,51,2699,7,0,52,134786.75,149089,401,87,0,0
800111,1,51,2694,7,0,52,134786.75,149089,401,87,0,0
800233,1,51,2704,8,0,52,134786.75,149089,401,87,0,0
800292,1,51,2704,8,0,52,134786.75,149089,401,87,0,0
800446,1,51,2704,8,0,52,134786.75,149089,401,87,0,0
800581,1,51,2702,13,0,52,134786.75,149089,401,87,0,0
800702,1,51,2702,21,0,52,134786.75,149089,401,87,0,0
800752,1,51,2704,21,0,52,134786.75,149089,401,87,0,0
800932,1,51,2729,22,0,52,134786.75,149089,401,87,0,0
801052,1,51,2737,33,0,52,134786.75,149089,401,87,0,0
801172,1,51,2712,34,0,52,134786.75,149089,401,87,0,0
801281,1,51,2741,35,0,52,134786.75,149089,401,87,0,0
801422,1,51,2724,37,0,52,134787.80,149089,401,87,0,0
801542,1,51,2751,37,0,52,134787.80,149089,401,87,0,0
801652,1,52,2751,37,0,52,134787.80,149089,401,87,0,0
801752,1,52,2720,40,0,52,134787.80,149089,401,87,0,0
801814,1,52,2752,50,0,52,134787.80,149089,401,87,0,0
802027,1,52,2783,53,0,52,134787.80,149089,401,87,0,0
802132,1,52,2752,53,0,52,134787.80,149089,401,87,0,0
802252,1,52,2814,53,0,52,134787.80,149089,401,87,0,0
802298,1,52,2814,53,0,52,134788.81,149089,401,87,0,0
802481,1,53,2800,53,0,52,134788.81,149089,401,87,0,0
802582,1,53,2827,53,0,52,134788.81,149089,401,87,0,0
802727,1,53,2821,47,0,52,134788.81,149089,401,87,0,0
802781,1,53,2817,47,0,52,134788.81,149089,401,87,0,0
802932,1,54,2833,50,0,52,134788.81,149089,401,87,0,0
803052,1,54,2872,52,0,52,134788.81,149089,401,87,0,0
803181,1,54,2858,52,0,52,134788.81,149089,401,87,0,0
803281,1,54,2861,41,0,52,134789.83,149089,401,87,0,0
803281,1,54,2861,41,0,52,134789.83,149089,401,87,0,0
803542,1,54,2834,0,0,52,134789.83,149089,398,87,0,0
803652,1,54,2854,0,0,52,134789.83,149089,398,87,0,0
803752,1,54,2848,0,0,52,134789.83,149089,398,87,0,0
803752,1,54,2848,0,0,52,134789.83,149089,398,87,0,0
804002,1,54,2878,0,0,52,134789.83,149089,398,87,0,0
804132,1,54,2869,0,0,52,134789.83,149089,398,87,0,0
804252,1,54,2837,0,0,52,134789.83,149089,398,87,0,0
804252,1,54,2837,0,0,52,134789.83,149089,398,87,0,0
804481,1,53,2827,0,0,52,134789.83,149089,398,87,0,0
804581,1,53,2842,0,0,52,134789.83,149089,398,87,0,0
804702,1,53,2845,0,0,52,134789.83,149089,398,87,0,0
804781,1,53,2823,0,0,52,134789.83,149089,398,87,0,0
804931,1,53,2845,0,0,52,134789.83,149089,398,87,0,0
805052,1,53,2784,0,0,52,134789.83,149089,398,87,0,0
805181,1,53,2784,0,0,52,134789.83,149089,398,87,0,0
805252,1,53,2784,0,0,52,134789.83,149089,398,87,0,0
805422,1,53,2784,0,0,52,134789.83,149089,398,87,0,0
805542,1,52,2784,0,0,52,134789.83,149089,398,87,0,0
805652,1,52,2784,0,14,52,134789.83,149089,398,87,0,0
805752,1,52,2752,0,12,52,134789.83,149089,398,87,0,0
805919,1,52,2752,0,12,52,134789.83,149089,398,87,0,0
806034,1,51,2720,0,14,52,134789.83,149089,398,87,0,0
806153,1,51,2720,0,24,52,134789.83,149089,398,87,0,0
806252,1,52,2720,0,24,52,134789.83,149089,398,87,0,0
806302,1,52,2720,0,24,52,134789.83,149089,398,87,0,0
806502,1,51,2688,0,26,52,134789.83,149089,398,87,0,0
806611,1,51,2656,0,32,52,134789.83,149089,398,87,0,0
806732,1,50,2656,0,58,52,134789.83,149089,398,87,0,0
806837,1,49,2592,0,74,52,134789.83,149089,398,87,0,0
807002,1,49,2560,0,84,52,134789.83,149089,398,87,0,0
807132,1,48,2528,0,86,52,134789.83,149089,398,87,0,0
807252,1,47,2496,0,86,52,134789.83,149089,398,87,0,0
807348,1,47,2464,0,86,52,134789.83,149089,398,87,0,0
807456,1,47,2432,0,88,52,134789.83,149089,398,87,0,0
807611,1,45,2368,0,102,52,134789.83,149089,398,87,0,0
807727,1,44,2208,0,106,52,134789.83,149089,398,87,0,0
807827,1,44,2016,0,106,52,134789.83,149089,398,87,0,0
807952,1,44,1952,0,110,52,134789.83,149089,398,87,0,0
808081,1,42,1634,0,104,52,134789.83,149089,398,87,0,0
808181,1,41,1617,0,106,52,134789.83,149089,398,87,0,0
808302,1,41,1556,0,110,52,134789.83,149089,398,87,0,0
808456,1,40,1530,0,106,52,134789.83,149089,398,87,0,0
808552,1,39,1484,0,104,52,134789.83,149089,398,87,0,0
808681,1,38,1611,0,108,52,134789.83,149089,398,87,0,0
808802,1,37,1706,0,104,52,134789.83,149089,398,87,0,0
808860,1,36,1771,0,108,52,134789.83,149089,398,87,0,0
809033,1,34,2064,0,108,52,134789.83,149089,398,87,0,0
809152,1,34,2230,0,108,52,134789.83,149089,398,87,0,0
809252,1,33,2368,0,110,52,134789.83,149089,398,87,0,0
809346,1,32,2471,0,110,52,134789.83,149089,398,87,0,0
809455,1,32,2439,0,108,52,134789.83,149089,398,87,0,0
809611,1,31,2197,0,100,52,134790.84,149089,398,87,0,0
809732,1,29,2240,0,102,52,134790.84,149089,398,87,0,0
809831,1,28,2144,0,100,52,134790.84,149089,398,87,0,0
809967,1,28,2112,0,100,52,134790.84,149089,398,87,0,0
810082,1,27,2016,0,90,52,134790.84,149089,398,87,0,0
810202,1,27,1984,0,74,52,134790.84,149089,398,87,0,0
810302,1,26,1952,0,62,52,134790.84,149089,398,87,0,0
810332,1,26,1920,0,62,52,134790.84,149089,398,87,0,0
810552,1,25,1888,0,34,52,134790.84,149089,398,87,0,0
810672,1,25,1856,0,36,52,134790.84,149089,398,87,0,0
810792,1,24,1824,0,10,52,134790.84,149089,398,87,0,0
810832,1,24,1824,0,10,52,134790.84,149089,398,87,0,0
811002,1,24,1824,0,0,52,134790.84,149089,398,87,0,0
811135,1,24,1792,0,0,52,134790.84,149089,398,87,0,0
811252,1,23,1792,0,0,52,134790.84,149089,398,87,0,0
811302,1,23,1792,0,0,52,134790.84,149089,398,87,0,0
811454,1,23,1792,0,0,52,134790.84,149089,398,87,0,0
811611,1,23,1728,0,6,52,134790.84,149089,398,87,0,0
811727,1,23,1728,0,12,52,134790.84,149089,398,87,0,0
811832,1,23,1728,0,14,52,134790.84,149089,398,87,0,0
811966,1,23,1696,0,20,52,134790.84,149089,398,87,0,0
812081,1,22,1664,0,28,52,134790.84,149089,398,87,0,0
812202,1,22,1632,0,36,52,134790.84,149089,398,87,0,0
812302,1,21,1600,0,42,52,134790.84,149089,398,87,0,0
812453,1,21,1600,0,42,52,134790.84,149089,398,87,0,0
812552,1,20,1536,0,46,52,134790.84,149089,398,87,0,0
812682,1,20,1504,0,46,52,134790.84,149089,398,87,0,0
812792,1,19,1472,0,50,52,134790.84,149089,398,87,0,0
812812,1,19,1472,0,50,52,134790.84,149089,398,87,0,0
813042,1,18,1406,0,50,52,134790.84,149089,398,87,0,0
813152,1,17,1314,0,70,52,134790.84,149089,398,87,0,0
813252,1,17,1286,0,68,52,134790.84,149089,398,87,0,0
813302,1,17,1286,0,68,52,134790.84,149089,398,87,0,0
813504,1,16,1195,0,68,52,134790.84,149089,398,87,0,0
813610,1,15,1158,0,72,52,134790.84,149089,398,87,0,0
813732,1,14,1148,0,74,52,134790.84,149089,398,87,0,0
813832,1,14,1088,0,70,52,134790.84,149089,398,87,0,0
813965,1,14,1088,0,74,52,134790.84,149089,398,87,0,0
814085,1,13,1137,0,94,52,134790.84,149089,398,87,0,0
814202,1,12,1137,0,96,52,134790.84,149089,398,87,0,0
814302,1,11,1096,0,92,52,134790.84,149089,398,87,0,0
814453,1,11,1093,0,92,52,134790.84,149089,398,87,0,0
814582,1,10,1094,0,90,52,134790.84,149089,398,87,0,0
814682,1,9,1095,0,96,52,134790.84,149089,398,87,0,0
814802,1,8,1097,0,98,52,134790.84,149089,398,87,0,0
814834,1,8,1097,0,98,52,134790.84,149089,398,87,0,0
815042,1,6,1066,0,100,52,134790.84,149089,398,87,0,0
815152,1,6,1067,0,96,52,134790.84,149089,398,87,0,0
815282,1,5,1067,0,90,52,134790.84,149089,398,87,0,0
815335,1,4,1067,0,90,52,134790.84,149089,398,87,0,0
815502,1,4,1035,0,56,52,134790.84,149089,398,87,0,0
815627,1,3,1035,0,50,52,134790.84,149089,398,87,0,0
815735,1,3,1035,0,24,52,134790.84,149089,398,87,0,0
815810,1,3,1003,0,2,52,134790.84,149089,398,87,0,0
815964,1,3,1003,0,4,52,134790.84,149089,398,87,0,0
816082,1,3,971,0,8,52,134790.84,149089,398,87,0,0
816202,1,3,939,0,12,52,134790.84,149089,398,87,0,0
816302,1,3,907,0,14,52,134790.84,149089,398,87,0,0
816453,1,3,906,0,24,52,134791.86,149089,398,87,0,0
816582,1,3,873,0,30,52,134791.86,149089,398,87,0,0
816682,1,2,841,0,38,52,134791.86,149089,398,87,0,0
816802,1,2,842,0,40,52,134791.86,149089,398,87,0,0
816856,1,0,842,0,40,52,134791.86,149089,398,87,0,0
817042,1,0,843,0,40,52,134791.86,149089,398,87,0,0
817152,1,0,844,0,18,52,134791.86,149089,398,87,0,0
817252,1,0,844,0,28,52,134791.86,149089,398,87,0,0
817335,1,0,844,0,28,52,134791.86,149089,398,87,0,0
817485,1,0,843,0,32,52,134791.86,149089,398,87,0,0
817634,1,0,843,0,30,52,134791.86,149089,398,87,0,0
817735,1,0,843,0,32,52,134791.86,149089,398,87,0,0
817832,1,0,843,0,20,52,134791.86,149089,398,87,0,0
817962,1,0,843,0,4,52,134791.86,149089,398,87,0,0
818082,1,0,841,0,14,52,134791.86,149089,398,87,0,0
818202,1,0,841,0,14,52,134791.86,149089,398,87,0,0
818327,1,0,841,0,14,52,134791.86,149089,398,87,0,0
818327,1,0,841,0,14,52,134791.86,149089,398,87,0,0
818582,1,0,835,0,26,52,134791.86,149089,398,87,0,0
818682,1,0,835,0,34,52,134791.86,149089,398,87,0,0
818802,1,0,834,0,38,52,134791.86,149089,398,87,0,0
818835,1,0,833,0,38,52,134791.86,149089,398,87,0,0
819052,1,0,834,0,76,52,134791.86,149089,398,87,0,0
819182,1,0,833,0,100,52,134791.86,149089,398,87,0,0
819292,1,0,835,0,128,52,134791.86,149089,398,87,0,0
819334,1,0,835,0,128,52,134791.86,149089,398,87,0,0
819527,1,0,835,0,144,52,134791.86,149089,398,87,0,0
819634,1,0,836,0,176,52,134791.86,149089,398,87,0,0
819752,1,0,836,0,176,52,134792.88,149089,398,87,0,0
819802,1,0,836,0,176,52,134792.88,149089,398,87,0,0
819961,1,0,836,0,176,52,134792.88,149089,398,87,0,0
820110,1,0,836,0,170,52,134792.88,149089,398,87,0,0
820227,1,0,836,0,164,52,134792.88,149089,398,87,0,0
820334,1,0,835,0,156,52,134792.88,149089,398,87,0,0
820474,1,0,835,0,148,52,134792.88,149089,398,87,0,0
820585,1,0,834,0,142,52,134792.88,149089,398,87,0,0
820702,1,0,833,0,138,52,134792.88,149089,398,87,0,0
820827,1,0,833,0,136,52,134792.88,149089,398,87,0,0
820961,1,0,833,0,134,52,134792.88,149089,398,87,0,0
821084,1,0,832,0,132,52,134792.88,149089,398,87,0,0
821202,1,0,832,0,132,52,134792.88,149089,398,87,0,0
821302,1,0,833,0,130,52,134792.88,149089,398,87,0,0
821354,1,0,834,0,128,52,134792.88,149089,398,87,0,0
821552,1,0,835,0,126,52,134792.88,149089,398,87,0,0
821672,1,0,835,0,124,52,134792.88,149089,398,87,0,0
821784,1,0,835,0,122,52,134792.88,149089,398,87,0,0
821834,1,0,834,0,122,52,134792.88,149089,398,87,0,0
822002,1,0,834,0,122,52,134792.88,149089,398,87,0,0
822134,1,0,833,0,120,52,134792.88,149089,398,87,0,0
822252,1,0,832,0,118,52,134792.88,149089,398,87,0,0
822343,1,0,832,0,118,52,134792.88,149089,398,87,0,0
822453,1,0,832,0,116,52,134792.88,149089,398,87,0,0
822610,1,0,863,0,116,52,134792.88,149089,398,87,0,0
822727,1,0,863,0,114,52,134792.88,149089,398,87,0,0
822802,1,0,863,0,114,52,134792.88,149089,398,87,0,0
822959,1,0,833,0,114,52,134792.88,149089,398,87,0,0
823052,1,0,833,0,118,52,134792.88,149089,398,87,0,0
823184,1,0,833,0,116,52,134792.88,149089,398,87,0,0
823302,1,0,833,0,0,52,134792.88,149089,398,87,0,0
823328,1,0,833,0,0,52,134792.88,149089,398,87,0,0
823542,1,0,834,0,0,52,134793.89,149089,398,87,0,0
823652,1,0,870,0,0,52,134793.89,149089,398,87,0,0
823752,1,0,977,0,0,52,134793.89,149089,398,87,0,0
823855,1,0,1147,0,0,52,134793.89,149089,398,87,0,0
823984,1,0,1275,0,0,52,134793.89,149089,398,87,0,0
824127,1,0,1285,0,0,52,134793.89,149089,398,87,0,0
824234,1,0,1315,2,0,52,134793.89,149089,398,87,0,0
824334,1,0,1371,2,0,52,134793.89,149089,398,87,0,0
824484,1,0,1472,2,0,52,134793.89,149089,398,87,0,0
824584,1,0,1512,6,0,52,134793.89,149089,398,87,0,0
824702,1,3,1508,8,0,52,134793.89,149089,398,87,0,0
824834,1,4,1489,9,0,52,134794.95,149089,398,87,0,0
824834,1,4,1489,9,0,52,134794.95,149089,398,87,0,0
825084,1,4,1381,13,0,52,134794.95,149089,398,87,0,0
825202,1,7,1341,14,0,52,134794.95,149089,398,87,0,0
825302,1,8,1300,15,0,52,134794.95,149089,398,87,0,0
825453,1,9,1304,15,0,52,134794.95,149089,398,87,0,0
825552,1,10,1537,30,0,52,134794.95,149089,398,87,0,0
825684,1,11,1609,33,0,52,134794.95,149089,398,87,0,0
825804,1,12,1675,43,0,52,134795.97,149089,398,87,0,0
825832,1,12,1675,43,0,52,134795.97,149089,398,87,0,0
826042,1,13,1868,61,0,52,134795.97,149089,398,87,0,0
826152,1,13,1913,62,0,52,134795.97,149089,398,87,0,0
826252,1,14,1957,65,0,52,134795.97,149089,398,87,0,0
826327,1,14,1989,78,0,52,134795.97,149089,398,87,0,0
826484,1,14,2167,78,0,52,134795.97,149089,398,87,0,0
826627,1,16,2223,82,0,52,134796.98,149089,398,87,0,0
826734,1,16,2305,82,0,52,134796.98,149089,398,87,0,0
826834,1,17,2380,82,0,52,134796.98,149089,398,87,0,0
826957,1,17,2444,82,0,52,134796.98,149089,398,87,0,0
827084,1,18,2562,82,0,52,134796.98,149089,398,87,0,0
827202,1,18,2636,78,0,52,134796.98,149089,398,87,0,0
827327,1,19,2709,77,0,52,134798.08,149089,398,87,0,0
827336,1,19,2751,77,0,52,134798.08,149089,398,87,0,0
827584,1,20,2866,69,0,52,134798.08,149089,398,87,0,0
827684,1,20,2960,68,0,52,134798.08,149089,398,87,0,0
827802,1,21,2977,67,0,52,134798.08,149089,398,88,0,0
827827,1,21,2977,67,0,52,134798.08,149089,398,88,0,0
828052,1,22,3100,65,0,52,134799.11,149089,398,88,0,0
828187,1,22,3160,65,0,52,134799.11,149089,398,88,0,0
828301,1,22,3221,64,0,52,134799.11,149089,398,88,0,0
828354,1,23,3215,64,0,52,134799.11,149089,398,88,0,0
828502,1,23,3247,64,0,52,134799.11,149089,398,88,0,0
828651,1,24,3358,64,0,52,134799.11,149089,398,88,0,0
828751,1,24,3361,64,0,52,134800.17,149089,398,88,0,0
828834,1,24,3394,64,0,52,134800.17,149089,398,88,0,0
828984,1,24,3491,64,0,52,134800.17,149089,398,88,0,0
829126,1,25,3567,85,0,52,134800.17,149089,398,88,0,0
829234,1,26,3640,85,0,52,134800.17,149089,398,88,0,0
829334,1,26,3685,85,0,52,134801.17,149089,398,88,0,0
829484,1,26,3784,85,0,52,134801.17,149089,398,88,0,0
829610,1,27,3855,108,0,52,134801.17,149089,398,88,0,0
829734,1,28,3968,128,0,52,134801.17,149089,398,88,0,0
829834,1,29,4125,121,0,52,134802.27,149089,398,88,0,0
829834,1,29,4125,121,0,52,134802.27,149089,398,88,0,0
830084,1,30,4247,97,0,52,134802.27,149089,398,88,0,0
830201,1,31,4334,97,0,52,134803.33,149089,398,88,0,0
830301,1,31,4385,97,0,52,134803.33,149089,398,88,0,0
830327,1,31,4385,97,0,52,134803.33,149089,398,88,0,0
830552,1,32,4480,69,0,52,134803.33,149089,398,88,0,0
830684,1,32,4422,36,0,52,134804.44,149089,398,88,0,0
830801,1,32,4350,0,0,52,134804.44,149089,398,88,0,0
830826,1,32,4350,0,0,52,134804.44,149089,398,88,0,0
831034,1,32,3863,0,0,52,134804.44,149089,398,88,0,0
831134,1,32,3616,0,0,52,134804.44,149089,398,88,0,0
831251,1,32,3392,0,0,52,134804.44,149089,398,88,0,0
831334,1,32,3200,0,0,52,134804.44,149089,398,88,0,0
831501,1,32,3072,13,0,52,134804.44,149089,398,88,0,0
831626,1,33,2624,23,0,52,134804.44,149089,398,88,0,0
831734,1,32,2432,33,0,52,134804.44,149089,398,88,0,0
831834,1,33,2514,43,0,52,134804.44,149089,398,88,0,0
831979,1,33,2546,43,0,52,134804.44,149089,398,88,0,0
832084,1,33,2557,65,0,52,134804.44,149089,398,88,0,0
832201,1,33,2555,77,0,52,134805.48,149089,398,88,0,0
832301,1,33,2564,79,0,52,134805.48,149089,398,88,0,0
832364,1,34,2564,79,0,52,134805.48,149089,398,88,0,0
832551,1,34,2631,80,0,52,134805.48,149089,398,88,0,0
832652,1,35,2636,80,0,52,134805.48,149089,398,88,0,0
832784,1,35,2671,80,0,52,134806.56,149089,398,88,0,0
832834,1,35,2670,80,0,52,134806.56,149089,398,88,0,0
832984,1,35,2742,80,0,52,134806.56,149089,398,88,0,0
833134,1,36,2778,80,0,52,134806.56,149089,398,88,0,0
833251,1,36,2755,80,0,52,134806.56,149089,398,88,0,0
833338,1,37,2793,83,0,52,134807.58,149089,398,88,0,0
833466,1,37,2793,83,0,52,134807.58,149089,398,88,0,0
833610,1,37,2904,96,0,52,134807.58,149089,398,88,0,0
833701,1,38,2895,96,0,52,134807.58,149089,398,88,0,0
833801,1,38,2930,96,0,52,134807.58,149089,398,88,0,0
833952,1,39,2949,96,0,52,134808.64,149089,398,88,0,0
834084,1,40,3056,97,0,52,134808.64,149089,398,88,0,0
834201,1,40,3099,97,0,52,134808.64,149089,398,88,0,0
834301,1,41,3105,96,0,52,134808.64,149089,398,88,0,0
834335,1,41,3110,96,0,52,134809.75,149089,398,88,0,0
834551,1,42,3177,85,0,52,134809.75,149089,398,88,0,0
834651,1,42,3172,79,0,52,134809.75,149089,398,88,0,0
834784,1,42,3201,74,0,52,134809.75,149089,398,88,0,0
834834,1,43,3210,66,0,52,134810.78,149089,398,88,0,0
835020,1,43,3232,12,0,52,134810.78,149089,398,88,0,0
835134,1,43,3132,0,0,52,134810.78,149089,398,88,0,0
835251,1,43,2955,0,0,52,134810.78,149089,398,88,0,0
835354,1,43,2760,0,0,52,134810.78,149089,398,88,0,0
835465,1,43,2696,0,0,52,134810.78,149089,398,88,0,0
835584,1,43,2404,0,0,52,134810.78,149089,398,88,0,0
835701,1,43,2295,0,0,52,134810.78,149089,398,88,0,0
835834,1,42,2197,0,0,52,134810.78,149089,398,88,0,0
835834,1,42,2197,0,0,52,134810.78,149089,398,88,0,0
836084,1,42,2246,22,0,52,134810.78,149089,398,88,0,0
836201,1,42,2246,60,0,52,134810.78,149089,398,88,0,0
836301,1,42,2335,64,0,52,134810.78,149089,398,88,0,0
836333,1,43,2299,64,0,52,134810.78,149089,398,88,0,0
836551,1,43,2265,64,0,52,134811.84,149089,398,88,0,0
836671,1,43,2298,64,0,52,134811.84,149089,398,88,0,0
836784,1,43,2293,64,0,52,134811.84,149089,398,88,0,0
836833,1,43,2289,62,0,52,134811.84,149089,398,88,0,0
837019,1,43,2281,52,0,52,134811.84,149089,398,88,0,0
837134,1,43,2275,43,0,52,134811.84,149089,398,88,0,0
837234,1,43,2292,31,0,52,134811.84,149089,398,88,0,0
837334,1,43,2283,24,0,52,134812.89,149089,398,88,0,0
837463,1,43,2283,24,0,52,134812.89,149089,398,88,0,0
837610,1,43,2289,22,0,52,134812.89,149089,398,88,0,0
837726,1,43,2285,21,0,52,134812.89,149089,398,88,0,0
837834,1,43,2288,20,0,52,134812.89,149089,398,88,0,0
837834,1,43,2288,20,0,52,134812.89,149089,398,88,0,0
838083,1,43,2290,20,0,52,134812.89,149089,398,88,0,0
838201,1,43,2291,28,0,52,134812.89,149089,398,88,0,0
838301,1,43,2291,28,0,52,134812.89,149089,398,88,0,0
838354,1,43,2296,28,0,52,134812.89,149089,398,88,0,0
838551,1,43,2280,28,0,52,134812.89,149089,398,88,0,0
838651,1,43,2277,28,0,52,134812.89,149089,398,88,0,0
838784,1,43,2273,28,0,52,134812.89,149089,398,88,0,0
838826,1,43,2273,22,0,52,134812.89,149089,398,88,0,0
839018,1,43,2300,19,0,52,134813.91,149089,398,88,0,0
839134,1,43,2244,19,0,52,134813.91,149089,398,88,0,0
839251,1,43,2279,19,0,52,134813.91,149089,398,88,0,0
839333,1,43,2283,19,0,52,134813.91,149089,398,88,0,0
839462,1,43,2283,19,0,52,134813.91,149089,398,88,0,0
839607,1,43,2286,19,0,52,134813.91,149089,398,88,0,0
839701,1,43,2254,19,0,52,134813.91,149089,398,88,0,0
839834,1,43,2253,19,0,52,134813.91,149089,398,88,0,0
839974,1,43,2285,19,0,52,134813.91,149089,398,88,0,0
840084,1,43,2287,19,0,52,134813.91,149089,398,88,0,0
840201,1,43,2254,20,0,52,134813.91,149089,398,88,0,0
840301,1,43,2254,20,0,52,134813.91,149089,398,88,0,0
840342,1,43,2254,20,0,52,134813.91,149089,398,88,0,0
840551,1,43,2287,20,0,52,134813.91,149089,398,88,0,0
840684,1,43,2256,22,0,52,134814.94,149089,398,88,0,0
840801,1,43,2287,29,0,52,134814.94,149089,398,88,0,0
840834,1,43,2262,29,0,52,134814.94,149089,398,88,0,0
841041,1,43,2243,29,0,52,134814.94,149089,398,88,0,0
841151,1,43,2243,29,0,52,134814.94,149089,398,88,0,0
841251,1,43,2243,29,0,52,134814.94,149089,398,88,0,0
841334,1,43,2275,32,0,52,134814.94,149089,398,88,0,0
841501,1,43,2275,41,0,52,134814.94,149089,398,88,0,0
841626,1,43,2283,19,0,52,134814.94,149089,398,88,0,0
841734,1,43,2240,0,0,52,134814.94,149089,398,88,0,0
841854,1,43,2243,0,0,52,134814.94,149089,398,88,0,0
841984,1,43,2257,0,0,52,134814.94,149089,398,88,0,0
842084,1,43,2255,0,0,52,134814.94,149089,398,88,0,0
842204,1,43,2257,0,42,52,134814.94,149089,398,88,0,0
842334,1,42,2258,0,18,52,134815.97,149089,398,88,0,0
842356,1,42,2258,0,22,52,134815.97,149089,398,88,0,0
842551,1,42,2258,0,36,52,134815.97,149089,398,88,0,0
842684,1,42,2194,0,40,52,134815.97,149089,398,88,0,0
842801,1,41,2158,0,44,52,134815.97,149089,398,88,0,0
842834,1,41,2198,0,44,52,134815.97,149089,398,88,0,0
843034,1,40,2126,0,46,52,134815.97,149089,398,88,0,0
843135,1,40,2110,0,48,52,134815.97,149089,398,88,0,0
843251,1,39,2109,0,48,52,134815.97,149089,398,88,0,0
843347,1,39,2077,0,48,52,134815.97,149089,398,88,0,0
843460,1,39,2077,0,48,52,134815.97,149089,398,88,0,0
843610,1,38,2044,0,50,52,134815.97,149089,398,88,0,0
843726,1,37,2011,0,48,52,134815.97,149089,398,88,0,0
843801,1,37,1935,0,28,52,134815.97,149089,398,88,0,0
843951,1,37,1920,0,6,52,134815.97,149089,398,88,0,0
844084,1,37,1952,0,4,52,134815.97,149089,398,88,0,0
844201,1,36,1920,0,6,52,134815.97,149089,398,88,0,0
844301,1,36,1920,0,6,52,134815.97,149089,398,88,0,0
844333,1,36,1920,0,6,52,134815.97,149089,398,88,0,0
844551,1,36,1888,0,8,52,134815.97,149089,398,88,0,0
844671,1,36,1888,0,8,52,134815.97,149089,398,88,0,0
844784,1,35,1856,0,8,52,134815.97,149089,398,88,0,0
844833,1,35,1856,0,8,52,134815.97,149089,398,88,0,0
845014,1,35,1856,0,8,52,134815.97,149089,398,88,0,0
845126,1,35,1824,0,8,52,134815.97,149089,398,88,0,0
845234,1,35,1824,0,6,52,134815.97,149089,398,88,0,0
845346,1,34,1824,0,0,52,134815.97,149089,398,88,0,0
845458,1,34,1792,0,0,52,134815.97,149089,398,88,0,0
845583,1,34,1792,0,0,52,134815.97,149089,398,88,0,0
845701,1,34,1792,0,2,52,134815.97,149089,398,88,0,0
845826,1,33,1760,0,0,52,134815.97,149089,398,88,0,0
845826,1,33,1760,0,0,52,134815.97,149089,398,88,0,0
846051,1,33,1760,0,0,52,134815.97,149089,398,88,0,0
846183,1,33,1728,0,0,52,134815.97,149089,398,88,0,0
846301,1,33,1728,0,0,52,134815.97,149089,398,88,0,0
846334,1,33,1728,0,0,52,134815.97,149089,398,88,0,0
846541,1,32,1728,0,0,52,134815.97,149089,398,88,0,0
846651,1,32,1696,0,0,52,134815.97,149089,398,88,0,0
846752,1,32,1696,0,0,52,134815.97,149089,398,88,0,0
846801,1,32,1696,0,0,52,134815.97,149089,398,88,0,0
846984,1,32,1664,0,0,52,134815.97,149089,398,88,0,0
847110,1,31,1664,20,0,52,134815.97,149089,398,88,0,0
847234,1,31,1682,30,0,52,134815.97,149089,398,88,0,0
847301,1,31,1682,43,0,52,134815.97,149089,398,88,0,0
847457,1,31,1693,43,0,52,134815.97,149089,398,88,0,0
847584,1,31,1676,62,0,52,134815.97,149089,398,88,0,0
847701,1,31,1682,73,0,52,134815.97,149089,398,88,0,0
847826,1,31,1686,80,0,52,134815.97,149089,398,88,0,0
847826,1,31,1686,80,0,52,134815.97,149089,398,88,0,0
848051,1,32,1709,87,0,52,134815.97,149089,398,88,0,0
848186,1,32,1754,87,0,52,134817.00,149089,398,88,0,0
848301,1,32,1733,87,0,52,134817.00,149089,398,88,0,0
848327,1,32,1733,87,0,52,134817.00,149089,398,88,0,0
848534,1,33,1778,87,0,52,134817.00,149089,398,88,0,0
848651,1,33,1783,87,0,52,134817.00,149089,398,88,0,0
848751,1,33,1773,82,0,52,134817.00,149089,398,88,0,0
848859,1,34,1777,71,0,52,134817.00,149089,398,88,0,0
848984,1,34,1823,54,0,52,134818.03,149089,398,88,0,0
849126,1,34,1809,53,0,52,134818.03,149089,398,88,0,0
849284,1,34,1814,53,0,52,134818.03,149089,398,88,0,0
849334,1,34,1809,53,0,52,134818.03,149089,398,88,0,0
849484,1,34,1848,53,0,52,134818.03,149089,398,88,0,0
849634,1,34,1832,53,0,52,134818.03,149089,398,88,0,0
849751,1,34,1839,53,0,52,134818.03,149089,398,88,0,0
849834,1,34,1845,53,0,52,134818.03,149089,398,88,0,0
849968,1,34,1845,53,0,52,134818.03,149089,398,88,0,0
850109,1,35,1848,55,0,52,134818.03,149089,398,88,0,0
850226,1,35,1845,60,0,52,134819.08,149089,398,88,0,0
850336,1,35,1875,64,0,52,134819.08,149089,398,88,0,0
850336,1,35,1875,64,0,52,134819.08,149089,398,88,0,0
850584,1,35,1882,69,0,52,134819.08,149089,398,88,0,0
850701,1,35,1896,70,0,52,134819.08,149089,398,88,0,0
850826,1,36,1904,71,0,52,134819.08,149089,398,88,0,0
850852,1,36,1912,71,0,52,134819.08,149089,398,88,0,0
851051,1,36,1950,72,0,52,134819.08,149089,398,88,0,0
851184,1,36,1922,74,0,52,134820.14,149089,398,88,0,0
851301,1,36,1927,74,0,52,134820.14,149089,398,88,0,0
851334,1,36,1929,74,0,52,134820.14,149089,398,88,0,0
851541,1,37,1963,74,0,52,134820.14,149089,398,88,0,0
851651,1,37,1963,75,0,52,134820.14,149089,398,88,0,0
851751,1,37,1963,75,0,52,134820.14,149089,398,88,0,0
851836,1,37,1995,75,0,52,134820.14,149089,398,88,0,0
852010,1,37,1991,75,0,52,134821.16,149089,398,88,0,0
852126,1,38,1988,75,0,52,134821.16,149089,398,88,0,0
852234,1,38,2017,75,0,52,134821.16,149089,398,88,0,0
852336,1,38,2016,75,0,52,134821.16,149089,398,88,0,0
852484,1,38,2017,75,0,52,134821.16,149089,398,88,0,0
852586,1,39,2069,75,0,52,134821.16,149089,398,88,0,0
852701,1,39,2071,63,0,52,134822.17,149089,398,88,0,0
852834,1,39,2050,62,0,52,134822.17,149089,398,88,0,0
852834,1,39,2050,62,0,52,134822.17,149089,398,88,0,0
853051,1,39,2094,55,0,52,134822.17,149089,398,88,0,0
853186,1,39,2088,54,0,52,134822.17,149089,398,88,0,0
853301,1,39,2106,52,0,52,134822.17,149089,398,88,0,0
853334,1,39,2106,52,0,52,134822.17,149089,398,88,0,0
853542,1,39,2091,40,0,52,134822.17,149089,398,88,0,0
853651,1,39,2083,20,0,52,134822.17,149089,398,88,0,0
853751,1,39,2105,0,0,52,134823.20,149089,398,88,0,0
853834,1,39,2100,0,0,52,134823.20,149089,398,88,0,0
854009,1,39,2057,0,0,52,134823.20,149089,398,88,0,0
854109,1,39,2053,0,0,52,134823.20,149089,398,88,0,0
854236,1,39,2050,0,0,52,134823.20,149089,398,88,0,0
854345,1,39,2050,0,0,52,134823.20,149089,398,88,0,0
854453,1,39,2050,0,4,52,134823.20,149089,398,88,0,0
854589,1,38,2036,0,12,52,134823.20,149089,398,88,0,0
854701,1,38,2032,0,18,52,134823.20,149089,398,88,0,0
854826,1,38,2038,0,26,52,134823.20,149089,398,88,0,0
854965,1,38,2007,0,40,52,134823.20,149089,398,88,0,0
855084,1,37,1935,0,46,52,134823.20,149089,398,88,0,0
855201,1,37,1947,0,46,52,134823.20,149089,398,88,0,0
855301,1,36,1914,0,48,52,134823.20,149089,398,88,0,0
855336,1,36,1914,0,48,52,134823.20,149089,398,88,0,0
855550,1,35,1886,0,52,52,134823.20,149089,398,88,0,0
855651,1,35,1838,0,54,52,134823.20,149089,398,88,0,0
855784,1,34,1820,0,48,52,134823.20,149089,398,88,0,0
855834,1,34,1805,0,48,52,134823.20,149089,398,88,0,0
856001,1,34,1805,0,6,52,134823.20,149089,398,88,0,0
856134,1,33,1760,0,0,52,134823.20,149089,398,88,0,0
856251,1,33,1760,0,0,52,134823.20,149089,398,88,0,0
856301,1,33,1728,0,0,52,134823.20,149089,398,88,0,0
856453,1,33,1728,0,0,52,134823.20,149089,398,88,0,0
856607,1,33,1728,0,0,52,134823.20,149089,398,88,0,0
856701,1,32,1696,0,0,52,134823.20,149089,398,88,0,0
856837,1,32,1696,0,0,52,134823.20,149089,398,88,0,0
856964,1,32,1696,0,0,52,134823.20,149089,398,88,0,0
857089,1,32,1664,0,0,52,134823.20,149089,398,88,0,0
857201,1,31,1664,0,0,52,134823.20,149089,398,88,0,0
857301,1,31,1664,18,0,52,134823.20,149089,398,88,0,0
857452,1,31,1664,18,0,52,134823.20,149089,398,88,0,0
857551,1,31,1692,29,0,52,134823.20,149089,398,88,0,0
857684,1,31,1676,32,0,52,134823.20,149089,398,88,0,0
857788,1,31,1649,34,0,52,134823.20,149089,398,88,0,0
857854,1,31,1645,34,0,52,134823.20,149089,398,88,0,0
858026,1,31,1638,37,0,52,134823.20,149089,398,88,0,0
858142,1,31,1642,38,0,52,134823.20,149089,398,88,0,0
858251,1,31,1644,40,0,52,134824.22,149089,398,88,0,0
858326,1,31,1644,41,0,52,134824.22,149089,398,88,0,0
858452,1,31,1648,41,0,52,134824.22,149089,398,88,0,0
858606,1,31,1689,43,0,52,134824.22,149089,398,88,0,0
858726,1,31,1659,43,0,52,134824.22,149089,398,88,0,0
858839,1,31,1663,42,0,52,134824.22,149089,398,88,0,0
858839,1,31,1663,42,0,52,134824.22,149089,398,88,0,0
859089,1,31,1663,27,0,52,134824.22,149089,398,88,0,0
859201,1,31,1648,0,0,52,134824.22,149089,398,88,0,0
859301,1,31,1655,0,0,52,134824.22,149089,398,88,0,0
859342,1,31,1661,0,0,52,134824.22,149089,398,88,0,0
859551,1,31,1649,0,0,52,134824.22,149089,398,88,0,0
859671,1,31,1649,0,0,52,134824.22,149089,398,88,0,0
859784,1,31,1646,0,0,52,134824.22,149089,398,88,0,0
859854,1,31,1646,0,0,52,134824.22,149089,398,88,0,0
860001,1,31,1614,0,0,52,134824.22,149089,398,88,0,0
860138,1,30,1627,0,4,52,134824.22,149089,398,88,0,0
860251,1,30,1610,0,4,52,134824.22,149089,398,88,0,0
860354,1,30,1614,0,6,52,134824.22,149089,398,87,0,0
860501,1,30,1614,0,6,52,134824.22,149089,398,87,0,0
860606,1,30,1595,0,10,52,134825.22,149089,398,87,0,0
860726,1,29,1590,0,22,52,134825.22,149089,398,87,0,0
860854,1,29,1549,0,20,52,134825.22,149089,398,87,0,0
860854,1,29,1549,0,20,52,134825.22,149089,398,87,0,0
861084,1,29,1530,0,32,52,134825.22,149089,398,87,0,0
861201,1,29,1517,0,34,52,134825.22,149089,398,87,0,0
861301,1,28,1485,0,32,52,134825.22,149089,398,87,0,0
861354,1,28,1484,0,32,52,134825.22,149089,398,87,0,0
861551,1,27,1465,0,32,52,134825.22,149089,398,87,0,0
861651,1,27,1445,0,36,52,134825.22,149089,398,87,0,0
861751,1,27,1457,0,36,52,134825.22,149089,398,87,0,0
861853,1,26,1424,0,38,52,134825.22,149089,398,87,0,0
862001,1,26,1424,0,38,52,134825.22,149089,398,87,0,0
862126,1,26,1345,0,40,52,134825.22,149089,398,87,0,0
862250,1,25,1344,0,48,52,134825.22,149089,398,87,0,0
862353,1,25,1343,0,52,52,134825.22,149089,398,87,0,0
862501,1,25,1343,0,52,52,134825.22,149089,398,87,0,0
862606,1,24,1277,0,54,52,134825.22,149089,398,87,0,0
862726,1,23,1276,0,56,52,134825.22,149089,398,87,0,0
862838,1,23,1242,0,60,52,134825.22,149089,398,87,0,0
862986,1,23,1210,0,64,52,134825.22,149089,398,87,0,0
863088,1,22,1175,0,76,52,134825.22,149089,398,87,0,0
863201,1,21,1141,0,74,52,134825.22,149089,398,87,0,0
863326,1,20,1109,0,76,52,134825.22,149089,398,87,0,0
863353,1,20,1112,0,74,52,134825.22,149089,398,87,0,0
863551,1,19,1051,0,74,52,134825.22,149089,398,87,0,0
863671,1,19,1028,0,72,52,134825.22,149089,398,87,0,0
863794,1,18,1069,0,76,52,134825.22,149089,398,87,0,0
863859,1,18,1077,0,74,52,134825.22,149089,398,87,0,0
864026,1,17,1077,0,74,52,134825.22,149089,398,87,0,0
864151,1,16,1057,0,76,52,134825.22,149089,398,87,0,0
864251,1,16,1059,0,74,52,134825.22,149089,398,87,0,0
864353,1,16,1058,0,74,52,134825.22,149089,398,87,0,0
864501,1,16,1058,0,74,52,134825.22,149089,398,87,0,0
864606,1,15,1028,0,68,52,134825.22,149089,398,87,0,0
864726,1,14,1061,0,64,52,134825.22,149089,398,87,0,0
864853,1,14,1030,0,44,52,134825.22,149089,398,87,0,0
864989,1,14,1030,0,44,52,134825.22,149089,398,87,0,0
865106,1,13,1031,0,38,52,134825.22,149089,398,87,0,0
865226,1,13,1032,0,38,52,134826.22,149089,398,87,0,0
865339,1,12,1032,0,38,52,134826.22,149089,398,87,0,0
865339,1,12,1032,0,38,52,134826.22,149089,398,87,0,0
865588,1,12,1032,0,46,52,134826.22,149089,398,87,0,0
865701,1,12,1033,0,48,52,134826.22,149089,398,87,0,0
865801,1,11,1036,0,46,52,134826.22,149089,398,87,0,0
865826,1,11,1036,0,46,52,134826.22,149089,398,87,0,0
866050,1,11,1037,0,44,52,134826.22,149089,398,87,0,0
866171,1,10,1037,0,46,52,134826.22,149089,398,87,0,0
866251,1,10,1037,0,48,52,134826.22,149089,398,87,0,0
866340,1,10,1037,0,48,52,134826.22,149089,398,87,0,0
866522,1,10,1038,0,46,52,134826.22,149089,398,87,0,0
866638,1,9,1076,0,30,52,134826.22,149089,398,87,0,0
866750,1,9,1040,0,4,52,134826.22,149089,398,87,0,0
866840,1,9,1040,0,4,52,134826.22,149089,398,87,0,0
866989,1,9,1038,0,2,52,134826.22,149089,398,87,0,0
867106,1,9,1038,0,18,52,134826.22,149089,398,87,0,0
867200,1,9,1038,0,16,52,134826.22,149089,398,87,0,0
867340,1,8,1040,0,14,52,134826.22,149089,398,87,0,0
867340,1,8,1040,0,14,52,134826.22,149089,398,87,0,0
867550,1,8,1041,0,28,52,134826.22,149089,398,87,0,0
867689,1,8,1041,0,0,52,134826.22,149089,398,87,0,0
867800,1,8,1042,0,0,52,134826.22,149089,398,87,0,0
867856,1,8,1042,0,0,52,134826.22,149089,398,87,0,0
868008,1,8,1042,0,0,52,134826.22,149089,398,87,0,0
868150,1,8,1042,0,0,52,134826.22,149089,398,87,0,0
868250,1,8,1042,0,0,52,134826.22,149089,398,87,0,0
868340,1,8,1074,0,0,52,134827.22,149089,398,87,0,0
868470,1,8,1074,0,0,52,134827.22,149089,398,87,0,0
868625,1,8,1040,0,0,52,134827.22,149089,398,87,0,0
868738,1,8,1072,0,0,52,134827.22,149089,398,87,0,0
868856,1,8,1070,0,0,52,134827.22,149089,398,87,0,0
868856,1,8,1070,0,0,52,134827.22,149089,398,87,0,0
869106,1,8,1072,0,0,52,134827.22,149089,398,87,0,0
869200,1,8,1102,0,0,52,134827.22,149089,398,87,0,0
869325,1,7,1100,0,0,52,134827.22,149089,398,87,0,0
869345,1,7,1097,0,0,52,134827.22,149089,398,87,0,0
869550,1,7,1057,1,0,52,134827.22,149089,398,87,0,0
869688,1,7,1056,4,0,52,134827.22,149089,398,87,0,0
869800,1,7,1059,17,0,52,134827.22,149089,398,87,0,0
869897,1,7,1131,17,0,52,134827.22,149089,398,87,0,0
870007,1,7,1131,19,0,52,134827.22,149089,398,87,0,0
870150,1,8,1107,21,0,52,134827.22,149089,398,87,0,0
870250,1,8,1103,24,0,52,134827.22,149089,398,87,0,0
870340,1,8,1235,39,0,52,134827.22,149089,398,87,0,0
870468,1,8,1267,39,0,52,134827.22,149089,398,87,0,0
870625,1,9,1222,50,0,52,134827.22,149089,398,87,0,0
870738,1,9,1365,62,0,52,134827.22,149089,398,87,0,0
870853,1,9,1382,67,0,52,134828.22,149089,398,87,0,0
870988,1,9,1471,70,0,52,134828.22,149089,398,87,0,0
871106,1,10,1522,79,0,52,134828.22,149089,398,87,0,0
871225,1,11,1593,86,0,52,134828.22,149089,398,87,0,0
871340,1,12,1725,89,0,52,134828.22,149089,398,87,0,0
871353,1,12,1725,89,0,52,134828.22,149089,398,87,0,0
871550,1,13,1863,95,0,52,134828.22,149089,398,87,0,0
871688,1,13,2010,97,0,52,134828.22,149089,398,87,0,0
871800,1,14,2099,98,0,52,134828.22,149089,398,87,0,0
871855,1,15,2121,98,0,52,134829.31,149089,398,87,0,0
872006,1,15,2185,98,0,52,134829.31,149089,398,87,0,0
872150,1,17,2438,98,0,52,134829.31,149089,398,87,0,0
872250,1,18,2546,98,0,52,134829.31,149089,398,87,0,0
872355,1,18,2652,99,0,52,134829.31,149089,398,87,0,0
872500,1,18,2684,99,0,52,134829.31,149089,398,87,0,0
872625,1,20,2875,98,0,52,134830.34,149089,398,87,0,0
872751,1,21,3049,97,0,52,134830.34,149089,398,87,0,0
872838,1,22,3129,89,0,52,134830.34,149089,398,87,0,0
872888,1,22,3193,89,0,52,134830.34,149089,398,87,0,0
873088,1,22,3250,78,0,52,134831.47,149089,398,87,0,0
873200,1,23,3310,47,0,52,134831.47,149089,398,87,0,0
873325,1,24,3310,12,0,52,134831.47,149089,398,87,0,0
873355,1,24,3276,12,0,52,134831.47,149089,398,87,0,0
873550,1,24,3096,0,0,52,134831.47,149089,398,87,0,0
873670,1,24,2899,0,0,52,134831.47,149089,398,87,0,0
873794,1,24,2656,0,0,52,134831.47,149089,398,87,0,0
873895,1,24,2575,0,0,52,134831.47,149089,398,87,0,0
874004,1,24,2575,0,0,52,134831.47,149089,398,87,0,0
874150,1,24,2348,2,0,52,134831.47,149089,398,88,0,0
874250,1,24,2149,8,0,52,134831.47,149089,398,88,0,0
874355,1,24,1981,25,0,52,134831.47,149089,398,88,0,0
874500,1,24,1917,46,0,52,134831.47,149089,398,88,0,0
874625,1,25,1911,65,0,52,134831.47,149089,398,88,0,0
874738,1,25,1897,72,0,52,134831.47,149089,398,88,0,0
874855,1,25,1927,81,0,52,134832.52,149089,398,88,0,0
874855,1,25,1927,81,0,52,134832.52,149089,398,88,0,0
875106,1,26,2004,91,0,52,134832.52,149089,398,88,0,0
875225,1,27,2029,94,0,52,134832.52,149089,398,88,0,0
875338,1,27,2096,96,0,52,134832.52,149089,398,88,0,0
875364,1,27,2096,96,0,52,134832.52,149089,398,88,0,0
875567,1,28,2165,96,0,52,134832.52,149089,398,88,0,0
875688,1,28,2200,87,0,52,134833.58,149089,398,88,0,0
875800,1,29,2226,73,0,52,134833.58,149089,398,88,0,0
875855,1,29,2221,73,0,52,134833.58,149089,398,88,0,0
876003,1,29,2221,73,0,52,134833.58,149089,398,88,0,0
876150,1,30,2272,72,0,52,134833.58,149089,398,88,0,0
876250,1,30,2341,72,0,52,134833.58,149089,398,88,0,0
876388,1,31,2349,70,0,52,134834.66,149089,398,88,0,0
876525,1,31,2349,60,0,52,134834.66,149089,398,88,0,0
876650,1,31,2364,18,0,52,134834.66,149089,398,88,0,0
876750,1,31,2347,8,0,52,134834.66,149089,398,88,0,0
876855,1,31,2342,4,0,52,134834.66,149089,398,88,0,0
877002,1,31,2342,4,0,52,134834.66,149089,398,88,0,0
877125,1,31,2385,11,0,52,134834.66,149089,398,88,0,0
877250,1,31,2384,12,0,52,134834.66,149089,398,88,0,0
877355,1,31,2388,14,0,52,134834.66,149089,398,88,0,0
877400,1,31,2388,14,0,52,134834.66,149089,398,88,0,0
877606,1,31,2361,0,0,52,134834.66,149089,398,88,0,0
877727,1,31,2336,0,0,52,134834.66,149089,398,88,0,0
877838,1,31,2390,0,0,52,134834.66,149089,398,88,0,0
877861,1,31,2390,0,6,52,134834.66,149089,398,88,0,0
878088,1,31,2355,0,22,52,134835.67,149089,398,88,0,0
878188,1,31,2323,0,24,52,134835.67,149089,398,88,0,0
878300,1,30,2309,0,30,52,134835.67,149089,398,88,0,0
878355,1,30,2292,0,34,52,134835.67,149089,398,88,0,0
878550,1,30,2223,0,48,52,134835.67,149089,398,88,0,0
878670,1,29,2218,0,48,52,134835.67,149089,398,88,0,0
878750,1,29,2207,0,52,52,134835.67,149089,398,88,0,0
878891,1,28,2139,0,54,52,134835.67,149089,398,88,0,0
879001,1,28,2139,0,54,52,134835.67,149089,398,88,0,0
879138,1,27,2077,0,60,52,134835.67,149089,398,88,0,0
879250,1,26,2012,0,76,52,134835.67,149089,398,88,0,0
879355,1,26,1933,0,76,52,134835.67,149089,398,88,0,0
879407,1,26,1933,0,76,52,134835.67,149089,398,88,0,0
879625,1,24,1824,0,80,52,134835.67,149089,398,88,0,0
879738,1,23,1728,0,80,52,134835.67,149089,398,88,0,0
879855,1,23,1696,0,82,52,134835.67,149089,398,88,0,0
879855,1,23,1696,0,82,52,134835.67,149089,398,88,0,0
880106,1,21,1600,0,78,52,134835.67,149089,398,88,0,0
880225,1,20,1536,0,60,52,134835.67,149089,398,88,0,0
880338,1,20,1510,0,28,52,134835.67,149089,398,88,0,0
880406,1,20,1510,0,8,52,134835.67,149089,398,88,0,0
880564,1,19,1495,0,0,52,134835.67,149089,398,88,0,0
880688,1,19,1479,0,0,52,134835.67,149089,398,88,0,0
880800,1,19,1459,0,0,52,134835.67,149089,398,88,0,0
880855,1,19,1459,0,0,52,134835.67,149089,398,88,0,0
881000,1,19,1459,0,0,52,134835.67,149089,398,88,0,0
881150,1,18,1425,4,0,52,134835.67,149089,398,88,0,0
881250,1,18,1412,9,0,52,134835.67,149089,398,88,0,0
881355,1,18,1412,16,0,52,134835.67,149089,398,88,0,0
881513,1,18,1380,22,0,52,134835.67,149089,398,88,0,0
881638,1,18,1441,29,0,52,134835.67,149089,398,88,0,0
881750,1,18,1454,34,0,52,134835.67,149089,398,88,0,0
881856,1,18,1429,38,0,52,134835.67,149089,398,88,0,0
882000,1,18,1429,48,0,52,134835.67,149089,398,88,0,0
882106,1,18,1410,52,0,52,134835.67,149089,398,88,0,0
882238,1,19,1471,59,0,52,134835.67,149089,398,88,0,0
882355,1,19,1441,65,0,52,134835.67,149089,398,88,0,0
882355,1,19,1441,65,0,52,134835.67,149089,398,88,0,0
882563,1,19,1519,76,0,52,134836.69,149089,398,88,0,0
882700,1,20,1547,99,0,52,134836.69,149089,398,88,0,0
882800,1,20,1537,103,0,52,134836.69,149089,398,88,0,0
882855,1,20,1585,103,0,52,134836.69,149089,398,88,0,0
883050,1,21,1647,104,0,52,134836.69,149089,398,88,0,0
883150,1,22,1693,104,0,52,134836.69,149089,398,88,0,0
883250,1,22,1690,104,0,52,134836.69,149089,398,88,0,0
883355,1,22,1730,104,0,52,134837.70,149089,398,88,0,0
883511,1,22,1730,107,0,52,134837.70,149089,398,88,0,0
883638,1,24,1837,113,0,52,134837.70,149089,398,88,0,0
883750,1,25,1884,114,0,52,134837.70,149089,398,88,0,0
883872,1,25,1929,114,0,52,134837.70,149089,398,88,0,0
883888,1,25,1929,114,0,52,134837.70,149089,398,88,0,0
884125,1,27,2017,114,0,52,134838.72,149089,398,88,0,0
884238,1,27,2100,114,0,52,134838.72,149089,398,88,0,0
884355,1,28,2167,114,0,52,134838.72,149089,398,88,0,0
884400,1,28,2167,114,0,52,134838.72,149089,398,88,0,0
884588,1,29,2229,114,0,52,134838.72,149089,398,88,0,0
884700,1,29,2273,113,0,52,134839.81,149089,398,88,0,0
884800,1,30,2316,112,0,52,134839.81,149089,398,88,0,0
884916,1,31,2357,110,0,52,134839.81,149089,398,88,0,0
885038,1,32,2407,110,0,52,134839.81,149089,398,88,0,0
885170,1,32,2446,103,0,52,134839.81,149089,398,88,0,0
885294,1,33,2511,101,0,52,134840.94,149089,398,88,0,0
885355,1,33,2546,99,0,52,134840.94,149089,398,88,0,0
885525,1,34,2546,96,0,52,134840.94,149089,398,88,0,0
885650,1,34,2600,74,0,52,134840.94,149089,398,88,0,0
885750,1,35,2642,71,0,52,134841.95,149089,398,88,0,0
885855,1,35,2631,71,0,52,134841.95,149089,398,88,0,0
886000,1,35,2663,70,0,52,134841.95,149089,398,88,0,0
886125,1,36,2713,68,0,52,134841.95,149089,398,88,0,0
886250,1,36,2690,58,0,52,134841.95,149089,398,88,0,0
886355,1,36,2702,51,0,52,134841.95,149089,398,88,0,0
886355,1,36,2702,51,0,52,134841.95,149089,398,88,0,0
886606,1,36,2711,0,0,52,134842.98,149089,398,88,0,0
886725,1,36,2681,0,0,52,134842.98,149089,398,88,0,0
886838,1,35,2678,0,0,52,134842.98,149089,398,88,0,0
886861,1,35,2678,0,0,52,134842.98,149089,398,88,0,0
887050,1,35,2682,0,0,52,134842.98,149089,398,88,0,0
887201,1,35,2677,0,0,52,134842.98,149089,398,88,0,0
887300,1,35,2645,0,0,52,134842.98,149089,398,88,0,0
887355,1,35,2631,0,6,52,134842.98,149089,398,88,0,0
887550,1,34,2613,0,10,52,134842.98,149089,398,88,0,0
887650,1,34,2605,0,14,52,134842.98,149089,398,88,0,0
887750,1,34,2568,0,12,52,134842.98,149089,398,88,0,0
887888,1,34,2555,0,14,52,134842.98,149089,398,88,0,0
888025,1,33,2558,0,18,52,134842.98,149089,398,88,0,0
888150,1,33,2526,0,18,52,134842.98,149089,398,88,0,0
888250,1,33,2461,0,18,52,134842.98,149089,398,88,0,0
888355,1,32,2412,0,16,52,134842.98,149089,398,88,0,0
888488,1,32,2368,0,16,52,134842.98,149089,398,88,0,0
888625,1,31,2368,0,16,52,134842.98,149089,398,88,0,0
888738,1,31,2336,0,16,52,134842.98,149089,398,88,0,0
888855,1,31,2304,0,22,52,134842.98,149089,398,88,0,0
888995,1,31,2304,0,22,52,134842.98,149089,398,88,0,0
889106,1,30,2240,0,22,52,134842.98,149089,398,88,0,0
889225,1,29,2208,0,22,52,134842.98,149089,398,88,0,0
889338,1,29,2208,0,22,52,134842.98,149089,398,88,0,0
889365,1,29,2208,0,22,52,134842.98,149089,398,88,0,0
889559,1,28,2144,0,20,52,134842.98,149089,398,88,0,0
889688,1,28,2112,0,24,52,134842.98,149089,398,88,0,0
889800,1,28,2080,0,22,52,134842.98,149089,398,88,0,0
889855,1,27,2080,0,32,52,134842.98,149089,398,88,0,0
890025,1,26,2048,0,32,52,134842.98,149089,398,88,0,0
890150,1,26,1952,0,56,52,134842.98,149089,398,88,0,0
890250,1,26,1920,0,48,52,134842.98,149089,398,88,0,0
890355,1,25,1888,0,40,52,134842.98,149089,398,88,0,0
890507,1,25,1888,0,40,52,134842.98,149089,398,88,0,0
890638,1,24,1792,0,32,52,134842.98,149089,398,88,0,0
890750,1,24,1792,0,12,52,134842.98,149089,398,88,0,0
890852,1,23,1760,0,12,52,134842.98,149089,398,88,0,0
890852,1,23,1760,0,12,52,134842.98,149089,398,88,0,0
891125,1,22,1728,0,6,52,134842.98,149089,398,88,0,0
891238,1,22,1664,0,8,52,134842.98,149089,398,88,0,0
891355,1,22,1664,0,8,52,134842.98,149089,398,88,0,0
891355,1,22,1664,0,8,52,134842.98,149089,398,88,0,0
891588,1,21,1600,0,10,52,134842.98,149089,398,88,0,0
891700,1,21,1600,0,10,52,134842.98,149089,398,88,0,0
891825,1,21,1568,0,10,52,134842.98,149089,398,88,0,0
891910,1,21,1568,0,10,52,134842.98,149089,398,88,0,0
892106,1,20,1536,0,10,52,134842.98,149089,398,88,0,0
892238,1,20,1504,0,26,52,134842.98,149089,398,88,0,0
892338,1,19,1472,0,32,52,134842.98,149089,398,88,0,0
892357,1,19,1472,0,34,52,134842.98,149089,398,88,0,0
892588,1,18,1376,0,50,52,134842.98,149089,398,88,0,0
892700,1,18,1326,0,80,52,134842.98,149089,398,88,0,0
892800,1,17,1284,0,90,52,134842.98,149089,398,88,0,0
892909,1,16,1211,0,88,52,134842.98,149089,398,88,0,0
893025,1,15,1182,0,88,52,134842.98,149089,398,88,0,0
893170,1,15,1210,0,82,52,134842.98,149089,398,88,0,0
893288,1,14,1174,0,78,52,134842.98,149089,398,88,0,0
893388,1,14,1161,0,74,52,134842.98,149089,398,88,0,0
893531,1,14,1161,0,74,52,134842.98,149089,398,88,0,0
893650,1,12,1160,0,30,52,134842.98,149089,398,88,0,0
893750,1,12,1128,0,30,52,134842.98,149089,398,88,0,0
893855,1,12,1129,0,8,52,134843.98,149089,398,88,0,0
894017,1,12,1129,0,8,52,134843.98,149089,398,88,0,0
894125,1,12,1068,0,0,52,134843.98,149089,398,88,0,0
894250,1,12,1074,0,0,52,134843.98,149089,398,88,0,0
894355,1,12,1116,0,0,52,134843.98,149089,398,88,0,0
894400,1,12,1148,0,0,52,134843.98,149089,398,88,0,0
894588,1,12,1146,0,0,52,134843.98,149089,398,88,0,0
894700,1,11,1205,25,0,52,134843.98,149089,398,88,0,0
894825,1,10,1410,37,0,52,134843.98,149089,398,88,0,0
894901,1,10,1656,46,0,52,134843.98,149089,398,88,0,0
895050,1,10,1656,46,0,52,134843.98,149089,398,88,0,0
895188,1,11,1543,46,0,52,134843.98,149089,398,88,0,0
895300,1,11,1512,46,0,52,134843.98,149089,398,88,0,0
895393,1,11,1549,46,0,52,134843.98,149089,398,88,0,0
895537,1,11,1630,46,0,52,134843.98,149089,398,88,0,0
895650,1,11,1595,34,0,52,134843.98,149089,398,88,0,0
895750,1,11,1572,32,0,52,134843.98,149089,398,88,0,0
895855,1,11,1624,30,0,52,134843.98,149089,398,88,0,0
896000,1,11,1624,24,0,52,134845.00,149089,398,88,0,0
896138,1,11,1563,21,0,52,134845.00,149089,398,88,0,0
896250,1,11,1530,0,0,52,134845.00,149089,398,88,0,0
896355,1,11,1449,0,0,52,134845.00,149089,398,88,0,0
896503,1,11,1417,0,0,52,134845.00,149089,398,88,0,0
896625,1,9,1353,0,88,52,134845.00,149089,398,88,0,0
896738,1,8,1325,0,124,52,134845.00,149089,398,88,0,0
896855,1,8,1291,0,144,52,134845.00,149089,398,88,0,0
896908,1,8,1291,0,144,52,134845.00,149089,398,88,0,0
897087,1,5,1238,0,158,52,134845.00,149089,398,88,0,0
897200,1,4,1203,0,162,52,134845.00,149089,398,88,0,0
897325,1,0,1137,0,164,52,134845.00,149089,398,88,0,0
897352,1,0,1137,0,162,52,134845.00,149089,398,88,0,0
897550,1,0,1030,0,0,52,134845.00,149089,398,88,0,0
897670,1,0,984,0,0,52,134845.00,149089,398,88,0,0
897788,1,0,873,0,0,52,134845.00,149089,398,88,0,0
897855,1,0,875,0,0,52,134845.00,149089,398,88,0,1
898015,1,0,875,34,0,52,134845.00,149089,398,88,0,1
898138,1,0,1217,72,0,52,134845.00,149089,398,88,0,1
898250,1,0,1518,95,0,52,134845.00,149089,398,88,0,1
898352,1,0,1770,122,0,52,134846.03,149089,398,88,0,1
898502,1,0,1866,122,0,52,134846.03,149089,398,88,0,1
898605,1,0,2035,90,0,52,134846.03,149089,398,88,0,1
898725,1,0,2015,80,0,52,134846.03,149089,398,88,0,1
898838,1,3,1954,71,0,52,134846.03,149089,398,88,0,1
898853,1,3,1954,71,0,52,134846.03,149089,398,88,0,1
899066,1,5,1846,57,0,52,134847.08,149089,398,88,0,1
899188,1,6,1742,39,0,52,134847.08,149089,398,88,0,1
899300,1,6,1645,0,0,52,134847.08,149089,398,88,0,1
899352,1,6,1562,0,0,52,134847.08,149089,398,88,0,1
899544,1,6,1296,0,0,52,134847.08,149089,398,88,0,1
899650,1,6,1197,0,0,52,134847.08,149089,398,88,0,1
899750,1,6,1061,0,0,52,134847.08,149089,398,88,0,1
899853,1,5,1022,0,2,52,134847.08,149089,398,88,0,1
900014,1,5,956,0,2,52,134847.08,149089,398,88,0,1
900138,1,5,927,0,40,52,134848.08,149089,398,88,0,0
900250,1,4,976,0,56,52,134848.08,149089,398,88,0,0
900352,1,4,1092,0,70,52,134848.08,149089,398,88,0,0
900352,1,4,1092,0,70,52,134848.08,149089,398,88,0,0
900605,1,3,1076,0,92,52,134848.08,149089,398,88,0,0
900699,1,0,998,0,96,52,134848.08,149089,398,88,0,0
900838,1,0,930,0,80,52,134848.08,149089,398,88,0,0
900888,1,0,898,0,0,52,134848.08,149089,398,88,0,0
901050,1,0,898,0,0,52,134848.08,149089,398,88,0,0
901188,1,0,836,0,0,52,134848.08,149089,398,88,0,0
901299,1,0,804,54,0,52,134848.08,149089,398,88,0,0
901352,1,0,827,54,0,52,134848.08,149089,398,88,0,0
901537,1,0,1161,84,0,52,134848.08,149089,398,88,0,0
901649,1,0,1258,97,0,52,134848.08,149089,398,88,0,0
901749,1,0,1301,105,0,52,134848.08,149089,398,88,0,0
901852,1,0,1250,105,0,52,134848.08,149089,398,88,0,0
902013,1,0,1218,105,0,52,134848.08,149089,398,88,0,0
902124,1,4,1277,105,0,52,134848.08,149089,398,88,0,0
902238,1,5,1280,105,0,52,134849.12,149089,398,88,0,0
902352,1,6,1294,105,0,52,134849.12,149089,398,88,0,0
902387,1,6,1326,105,0,52,134849.12,149089,398,88,0,0
902587,1,6,1414,107,0,52,134849.12,149089,398,88,0,0
902704,1,9,1462,108,0,52,134849.12,149089,398,88,0,0
902824,1,11,1545,108,0,52,134849.12,149089,398,88,0,0
902900,1,11,1693,109,0,52,134849.12,149089,398,88,0,0
903063,1,13,1849,109,0,52,134850.17,149089,398,88,0,0
903169,1,13,1888,118,0,52,134850.17,149089,398,88,0,0
903299,1,14,2119,130,0,52,134850.17,149089,398,88,0,0
903417,1,15,2235,133,0,52,134850.17,149089,398,88,0,0
903524,1,16,2305,133,0,52,134850.17,149089,398,88,0,0
903649,1,18,2608,135,0,52,134851.31,149089,398,88,0,0
903749,1,19,2773,135,0,52,134851.31,149089,398,88,0,0
903852,1,20,2917,135,0,52,134852.47,149089,398,88,0,0
904011,1,20,3013,135,0,52,134852.47,149089,398,88,0,0
904124,1,24,3412,129,0,52,134852.47,149089,398,88,0,0
904237,1,25,3636,125,0,52,134853.69,149089,398,88,0,0
904352,1,27,3829,121,0,52,134853.69,149089,398,88,0,0
904499,1,27,3893,117,0,52,134854.75,149089,398,88,0,0
904605,1,29,4146,115,0,52,134854.75,149089,398,88,0,0
904724,1,30,4236,111,0,52,134854.75,149089,398,88,0,0
904837,1,31,4380,102,0,52,134855.95,149089,398,88,0,0
904854,1,31,4380,102,0,52,134855.95,149089,398,88,0,0
905062,1,32,4396,83,0,52,134855.95,149089,398,88,0,0
905199,1,32,4241,0,0,52,134857.02,149089,398,88,0,0
905299,1,32,4051,0,0,52,134857.02,149089,398,88,0,0
905416,1,32,3868,0,0,52,134857.02,149089,398,88,0,0
905537,1,32,3584,0,0,52,134857.02,149089,398,88,0,0
905669,1,32,3360,0,0,52,134857.02,149089,398,88,0,0
905787,1,32,3104,0,0,52,134857.02,149089,398,88,0,0
905852,1,32,3040,0,0,52,134857.02,149089,398,89,0,0
906010,1,32,2944,0,0,52,134857.02,149089,398,89,0,0
906138,1,32,2434,12,0,52,134857.02,149089,398,89,0,0
906249,1,32,2412,23,0,52,134857.02,149089,398,89,0,0
906352,1,32,2484,38,0,52,134857.02,149089,398,89,0,0
906399,1,32,2548,50,0,52,134857.02,149089,398,89,0,0
906605,1,32,2439,61,0,52,134857.02,149089,398,89,0,0
906699,1,33,2517,73,0,52,134857.02,149089,398,89,0,0
906837,1,33,2538,76,0,52,134857.02,149089,398,89,0,0
906887,1,33,2538,76,0,52,134857.02,149089,398,89,0,0
907061,1,34,2572,77,0,52,134858.06,149089,398,89,0,0
907187,1,34,2655,78,0,52,134858.06,149089,398,89,0,0
907299,1,35,2636,78,0,52,134858.06,149089,398,89,0,0
907414,1,35,2630,78,0,52,134858.06,149089,398,89,0,0
907537,1,35,2666,78,0,52,134858.06,149089,398,89,0,0
907649,1,36,2724,77,0,52,134859.06,149089,398,89,0,0
907749,1,36,2728,74,0,52,134859.06,149089,398,89,0,0
907887,1,36,2768,69,0,52,134859.06,149089,398,89,0,0
907887,1,36,2768,69,0,52,134859.06,149089,398,89,0,0
908149,1,37,2844,63,0,52,134859.06,149089,398,89,0,0
908249,1,37,2838,59,0,52,134859.06,149089,398,89,0,0
908352,1,37,2847,53,0,52,134860.14,149089,398,89,0,0
908352,1,37,2847,53,0,52,134860.14,149089,398,89,0,0
908624,1,38,2860,48,0,52,134860.14,149089,398,89,0,0
908749,1,38,2855,45,0,52,134860.14,149089,398,89,0,0
908852,1,38,2860,41,0,52,134860.14,149089,398,89,0,0
908899,1,38,2860,37,0,52,134860.14,149089,398,89,0,0
909087,1,38,2878,37,0,52,134860.14,149089,398,89,0,0
909199,1,38,2864,34,0,52,134860.14,149089,398,89,0,0
909324,1,38,2856,32,0,52,134860.14,149089,398,89,0,0
909387,1,38,2853,32,0,52,134860.14,149089,398,89,0,0
909537,1,38,2817,9,0,52,134861.16,149089,398,89,0,0
909669,1,38,2816,0,0,52,134861.16,149089,398,89,0,0
909793,1,37,2832,0,0,52,134861.16,149089,398,89,0,0
909899,1,37,2862,0,0,52,134861.16,149089,398,89,0,0
910033,1,37,2862,0,0,52,134861.16,149089,398,89,0,0
910149,1,37,2795,0,0,52,134861.16,149089,398,89,0,0
910249,1,37,2791,0,0,52,134861.16,149089,398,89,0,0
910352,1,37,2784,0,12,52,134861.16,149089,398,89,0,0
910402,1,37,2752,0,12,52,134861.16,149089,398,89,0,0
910624,1,36,2748,0,8,52,134861.16,149089,398,89,0,0
910738,1,36,2749,0,10,52,134861.16,149089,398,89,0,0
910852,1,36,2748,0,8,52,134861.16,149089,398,89,0,0
910899,1,36,2716,0,8,52,134861.16,149089,398,89,0,0
911088,1,36,2684,0,0,52,134861.16,149089,398,89,0,0
911201,1,35,2624,0,0,52,134861.16,149089,398,89,0,0
911324,1,35,2624,0,0,52,134861.16,149089,398,89,0,0
911387,1,35,2592,0,0,52,134861.16,149089,398,89,0,0
911524,1,34,2592,0,0,52,134861.16,149089,398,89,0,0
911669,1,34,2560,0,0,52,134861.16,149089,398,89,0,0
911788,1,34,2528,0,0,52,134861.16,149089,398,89,0,0
911905,1,34,2560,21,0,52,134861.16,149089,398,89,0,0
912032,1,34,2560,21,0,52,134861.16,149089,398,89,0,0
912149,1,33,2584,23,0,52,134861.16,149089,398,89,0,0
912249,1,34,2545,29,0,52,134861.16,149089,398,89,0,0
912352,1,33,2509,38,0,52,134861.16,149089,398,89,0,0
912519,1,33,2541,48,0,52,134861.16,149089,398,89,0,0
912624,1,34,2584,57,0,52,134862.19,149089,398,89,0,0
912749,1,34,2590,57,0,52,134862.19,149089,398,89,0,0
912852,1,34,2618,57,0,52,134862.19,149089,398,89,0,0
912899,1,34,2618,57,0,52,134862.19,149089,398,89,0,0
913088,1,34,2606,57,0,52,134862.19,149089,398,89,0,0
913199,1,35,2636,56,0,52,134862.19,149089,398,89,0,0
913324,1,35,2632,48,0,52,134862.19,149089,398,89,0,0
913352,1,35,2628,48,0,52,134862.19,149089,398,89,0,0
913561,1,35,2630,33,0,52,134863.22,149089,398,89,0,0
913669,1,35,2680,33,0,52,134863.22,149089,398,89,0,0
913793,1,35,2646,0,0,52,134863.22,149089,398,89,0,0
913887,1,35,2646,0,0,52,134863.22,149089,398,89,0,0
914031,1,35,2646,0,0,52,134863.22,149089,398,89,0,0
914149,1,35,2596,0,0,52,134863.22,149089,398,89,0,0
914249,1,35,2596,0,0,52,134863.22,149089,398,89,0,0
914352,1,35,2594,0,0,52,134863.22,149089,398,89,0,0
914401,1,35,2626,0,0,52,134863.22,149089,398,89,0,0
914624,1,34,2588,0,0,52,134863.22,149089,398,89,0,0
914738,1,34,2613,0,0,52,134863.22,149089,398,89,0,0
914852,1,34,2573,0,0,52,134863.22,149089,398,89,0,0
914852,1,34,2573,0,0,52,134863.22,149089,398,89,0,0
915088,1,34,2555,0,0,52,134863.22,149089,398,89,0,0
915199,1,33,2526,25,0,52,134863.22,149089,398,89,0,0
915324,1,33,2536,34,0,52,134863.22,149089,398,89,0,0
915399,1,33,2555,39,0,52,134863.22,149089,398,89,0,0
915549,1,33,2555,39,0,52,134863.22,149089,398,89,0,0
915669,1,33,2538,0,0,52,134863.22,149089,398,90,0,0
915799,1,33,2515,0,0,52,134864.27,149089,398,90,0,0
915902,1,33,2484,0,0,52,134864.27,149089,398,90,0,0
916030,1,33,2484,0,0,52,134864.27,149089,398,90,0,0
916149,1,33,2466,0,14,52,134864.27,149089,398,90,0,0
916249,1,33,2468,0,14,52,134864.27,149089,398,90,0,0
916352,1,32,2438,0,16,52,134864.27,149089,398,90,0,0
916403,1,32,2438,0,16,52,134864.27,149089,398,90,0,0
916637,1,32,2427,0,24,52,134864.27,149089,398,90,0,0
916749,1,31,2380,0,54,52,134864.27,149089,398,90,0,0
916852,1,31,2364,0,58,52,134864.27,149089,398,90,0,0
916922,1,31,2332,0,58,52,134864.27,149089,398,90,0,0
917088,1,31,2268,0,56,52,134864.27,149089,398,90,0,0
917199,1,29,2204,0,60,52,134864.27,149089,398,90,0,0
917324,1,28,2176,0,64,52,134864.27,149089,398,90,0,0
917432,1,28,2139,0,66,52,134864.27,149089,398,90,0,0
917549,1,28,2110,0,86,52,134864.27,149089,389,90,0,0
917688,1,26,1952,0,90,52,134864.27,149089,389,90,0,0
917799,1,26,1920,0,90,52,134864.27,149089,389,90,0,0
917852,1,25,1888,0,88,52,134864.27,149089,389,90,0,0
918043,1,25,1760,0,88,52,134864.27,149089,389,90,0,0
918149,1,23,1728,0,88,52,134864.27,149089,389,90,0,0
918249,1,22,1664,0,94,52,134864.27,149089,389,90,0,0
918352,1,21,1615,0,92,52,134864.27,149089,389,90,0,0
918524,1,20,1615,0,92,52,134864.27,149089,389,90,0,0
918638,1,19,1501,0,94,52,134864.27,149089,389,90,0,0
918749,1,19,1400,0,94,52,134864.27,149089,389,90,0,0
918852,1,18,1331,0,94,52,134864.27,149089,389,90,0,0
918901,1,18,1331,0,94,52,134864.27,149089,389,90,0,0
919105,1,18,1330,0,96,52,134864.27,149089,389,90,0,0
919224,1,15,1299,0,88,52,134864.27,149089,389,90,0,0
919338,1,15,1257,0,84,52,134864.27,149089,389,90,0,0
919399,1,15,1257,0,64,52,134864.27,149089,389,90,0,0
919549,1,15,1257,0,58,52,134864.27,149089,389,90,0,0
919688,1,14,1193,0,56,52,134864.27,149089,389,90,0,0
919799,1,13,1193,0,58,52,134864.27,149089,389,90,0,0
919888,1,13,1162,0,54,52,134864.27,149089,389,90,0,0
920038,1,13,1163,0,54,52,134865.28,149089,389,90,0,0
920169,1,12,1131,0,42,52,134865.28,149089,389,90,0,0
920249,1,11,1131,0,34,52,134865.28,149089,389,90,0,0
920399,1,11,1132,0,32,52,134865.28,149089,389,90,0,0
920399,1,11,1132,0,32,52,134865.28,149089,389,90,0,0
920649,1,10,1101,0,34,52,134865.28,149089,389,90,0,0
920749,1,10,1101,0,34,52,134865.28,149089,389,90,0,0
920852,1,10,1102,0,42,52,134865.28,149089,389,90,0,0
920900,1,10,1102,0,42,52,134865.28,149089,389,90,0,0
921105,1,10,1104,0,42,52,134865.28,149089,389,90,0,0
921224,1,9,1070,0,50,52,134865.28,149089,389,90,0,0
921338,1,8,1072,0,46,52,134865.28,149089,389,90,0,0
921399,1,8,1072,0,40,52,134865.28,149089,389,90,0,0
921549,1,8,1072,0,32,52,134865.28,149089,389,90,0,0
921688,1,8,1072,0,32,52,134865.28,149089,389,90,0,0
921799,1,7,1072,0,28,52,134865.28,149089,389,90,0,0
921919,1,7,1072,0,22,52,134865.28,149089,389,90,0,0
922051,1,7,1072,0,12,52,134865.28,149089,389,90,0,0
922169,1,7,1040,0,14,52,134865.28,149089,389,90,0,0
922249,1,7,1040,0,14,52,134865.28,149089,389,90,0,0
922399,1,7,1041,0,14,52,134865.28,149089,389,90,0,0
922399,1,7,1041,0,14,52,134865.28,149089,389,90,0,0
922649,1,6,1041,0,16,52,134865.28,149089,389,90,0,0
922749,1,6,1041,0,20,52,134865.28,149089,389,90,0,0
922852,1,6,1041,0,20,52,134865.28,149089,389,90,0,0
922900,1,6,1041,0,20,52,134865.28,149089,389,90,0,0
923105,1,6,1041,0,20,52,134865.28,149089,389,90,0,0
923224,1,5,1042,0,20,52,134865.28,149089,389,90,0,0
923338,1,5,1042,0,18,52,134865.28,149089,389,90,0,0
923389,1,5,1042,0,18,52,134866.30,149089,389,90,0,0
923549,1,5,1010,0,18,52,134866.30,149089,389,90,0,0
923691,1,5,1010,0,18,52,134866.30,149089,389,90,0,0
923799,1,5,1004,0,18,52,134866.30,149089,389,90,0,0
923914,1,4,1004,0,16,52,134866.30,149089,389,90,0,0
924038,1,4,1006,0,16,52,134866.30,149089,389,90,0,0
924149,1,4,1008,0,0,52,134866.30,149089,389,90,0,0
924249,1,4,1008,0,0,52,134866.30,149089,389,90,0,0
924389,1,4,1009,0,0,52,134866.30,149089,389,90,0,0
924400,1,4,1009,0,0,52,134866.30,149089,389,90,0,0
924649,1,4,1020,0,0,52,134866.30,149089,389,90,0,0
924749,1,4,1003,0,0,52,134866.30,149089,389,90,0,0
924852,1,4,1011,0,0,52,134866.30,149089,389,90,0,0
924900,1,4,1011,0,0,52,134866.30,149089,389,90,0,0
925104,1,4,1019,0,0,52,134866.30,149089,389,90,0,0
925224,1,4,1020,0,0,52,134866.30,149089,389,90,0,0
925338,1,4,1148,0,0,52,134866.30,149089,389,90,0,0
925399,1,4,1148,0,0,52,134866.30,149089,389,90,0,0
925549,1,4,1150,0,0,52,134866.30,149089,389,90,0,0
925689,1,5,1124,0,0,52,134866.30,149089,389,90,0,0
925799,1,5,1121,0,0,52,134867.33,149089,389,90,0,0
925889,1,6,1132,0,0,52,134867.33,149089,389,90,0,0
926038,1,6,1139,0,0,52,134867.33,149089,389,90,0,0
926149,1,7,1141,0,0,52,134867.33,149089,389,90,0,0
926249,1,7,1203,0,0,52,134867.33,149089,389,90,0,0
926389,1,7,1324,0,0,52,134867.33,149089,389,90,0,0
926417,1,7,1324,0,0,52,134867.33,149089,389,90,0,0
926649,1,7,1295,0,16,52,134867.33,149089,389,90,0,0
926749,1,7,1249,0,20,52,134867.33,149089,389,90,0,0
926852,1,6,1230,0,24,52,134867.33,149089,389,90,0,0
926900,1,6,1230,0,24,52,134867.33,149089,389,90,0,0
927105,1,6,1178,0,32,52,134867.33,149089,389,90,0,0
927224,1,6,1176,0,26,52,134867.33,149089,389,90,0,0
927339,1,6,1138,0,0,52,134867.33,149089,389,90,0,0
927399,1,6,1138,0,0,52,134867.33,149089,389,90,0,0
927549,1,6,1106,0,0,52,134867.33,149089,389,90,0,0
927688,1,6,1107,0,0,52,134867.33,149089,389,90,0,0
927799,1,6,1112,0,0,52,134867.33,149089,389,90,0,0
927899,1,6,1064,0,22,52,134867.33,149089,389,90,0,0
928049,1,6,1074,0,32,52,134867.33,149089,389,90,0,0
928169,1,5,1061,0,54,52,134868.34,149089,389,90,0,0
928294,1,5,1056,0,64,52,134868.34,149089,389,90,0,0
928399,1,5,1051,0,68,52,134868.34,149089,389,90,0,0
928549,1,5,1041,0,0,52,134868.34,149089,389,90,0,0
928669,1,4,1038,0,0,52,134868.34,149089,389,90,0,0
928749,1,4,1037,0,0,52,134868.34,149089,389,90,0,0
928899,1,4,1003,0,0,52,134868.34,149089,389,90,0,0
928899,1,4,1003,0,0,52,134868.34,149089,389,90,0,0
929141,1,4,981,0,0,52,134868.34,149089,389,90,0,0
929249,1,4,994,4,0,52,134868.34,149089,389,90,0,0
929352,1,4,1175,16,0,52,134868.34,149089,389,90,0,0
929424,1,4,1303,27,0,52,134868.34,149089,389,90,0,0
929604,1,4,1711,33,0,52,134868.34,149089,389,90,0,0
929724,1,6,1675,34,0,52,134868.34,149089,389,90,0,0
929839,1,7,1551,38,0,52,134868.34,149089,389,90,0,0
929899,1,7,1519,39,0,52,134869.42,149089,389,90,0,0
930072,1,9,1423,39,0,52,134869.42,149089,389,90,0,0
930189,1,10,1460,41,0,52,134869.42,149089,389,90,0,0
930299,1,11,1611,60,0,52,134869.42,149089,389,90,0,0
930399,1,11,1690,60,0,52,134869.42,149089,389,90,0,0
930541,1,12,1806,60,0,52,134869.42,149089,389,90,0,0
930649,1,13,1864,57,0,52,134869.42,149089,389,90,0,0
930749,1,14,1964,47,0,52,134870.47,149089,389,90,0,0
930889,1,14,1991,30,0,52,134870.47,149089,389,90,0,0
931024,1,14,1984,12,0,52,134870.47,149089,389,90,0,0
931149,1,15,2011,0,0,52,134870.47,149089,389,90,0,0
931249,1,14,1954,0,0,52,134870.47,149089,389,90,0,0
931352,1,14,1880,0,0,52,134870.47,149089,389,90,0,0
931420,1,14,1848,0,0,52,134870.47,149089,389,90,0,0
931604,1,14,1728,0,0,52,134870.47,149089,389,90,0,0
931699,1,15,1692,0,8,52,134870.47,149089,389,90,0,0
931851,1,15,1623,0,14,52,134870.47,149089,389,90,0,0
931923,1,15,1591,0,14,52,134870.47,149089,389,90,0,0
932071,1,15,1555,0,16,52,134870.47,149089,389,90,0,0
932199,1,15,1488,0,16,52,134870.47,149089,389,90,0,0
932299,1,15,1456,0,18,52,134871.47,149089,389,90,0,0
932424,1,14,1422,0,20,52,134871.47,149089,389,90,0,0
932424,1,14,1422,0,20,52,134871.47,149089,389,90,0,0
932669,1,14,1353,0,22,52,134871.47,149089,386,90,0,0
932749,1,14,1322,0,22,52,134871.47,149089,386,90,0,0
932899,1,14,1291,0,20,52,134871.47,149089,386,90,0,0
932921,1,14,1291,0,20,52,134871.47,149089,386,90,0,0
933124,1,14,1260,0,22,52,134871.47,149089,386,90,0,0
933249,1,14,1259,0,22,52,134871.47,149089,386,90,0,0
933351,1,14,1226,0,22,52,134871.47,149089,386,90,0,0
933442,1,13,1227,0,22,52,134871.47,149089,386,90,0,0
933589,1,13,1196,0,24,52,134871.47,149089,386,90,0,0
933724,1,13,1197,0,32,52,134871.47,149089,386,90,0,0
933824,1,13,1197,0,36,52,134871.47,149089,386,90,0,0
933941,1,12,1163,0,36,52,134871.47,149089,386,90,0,0
934070,1,12,1163,0,36,52,134871.47,149089,386,90,0,0
934191,1,12,1131,0,40,52,134871.47,149089,386,90,0,0
934351,1,11,1131,0,44,52,134871.47,149089,386,90,0,0
934420,1,11,1131,0,44,52,134871.47,149089,386,90,0,0
934556,1,11,1131,0,44,52,134871.47,149089,386,90,0,0
934698,1,11,1097,0,44,52,134871.47,149089,386,90,0,0
934824,1,10,1097,0,44,52,134871.47,149089,386,90,0,0
934941,1,10,1096,0,42,52,134871.47,149089,386,90,0,0
935069,1,10,1096,0,42,52,134871.47,149089,386,90,0,0
935199,1,9,1063,0,40,52,134871.47,149089,386,90,0,0
935299,1,9,1062,0,42,52,134871.47,149089,386,90,0,0
935423,1,8,1063,0,44,52,134871.47,149089,386,90,0,0
935556,1,8,1062,0,44,52,134871.47,149089,386,90,0,0
935669,1,8,1062,0,44,52,134871.47,149089,386,90,0,0
935789,1,7,1063,0,46,52,134872.48,149089,386,90,0,0
935899,1,7,1064,0,46,52,134872.48,149089,386,90,0,0
935923,1,7,1064,0,46,52,134872.48,149089,386,90,0,0
936123,1,6,1064,0,46,52,134872.48,149089,386,90,0,0
936248,1,6,1032,0,50,52,134872.48,149089,386,90,0,0
936351,1,5,1032,0,50,52,134872.48,149089,386,90,0,0
936442,1,5,1031,0,50,52,134872.48,149089,386,90,0,0
936591,1,5,1031,0,50,52,134872.48,149089,386,90,0,0
936698,1,5,1031,0,50,52,134872.48,149089,386,90,0,0
936824,1,4,1032,0,50,52,134872.48,149089,386,90,0,0
936941,1,3,999,0,48,52,134872.48,149089,386,90,0,0
937068,1,3,999,0,48,52,134872.48,149089,386,90,0,0
937191,1,3,965,0,38,52,134872.48,149089,386,90,0,0
937298,1,2,965,0,30,52,134872.48,149089,386,90,0,0
937423,1,0,932,0,22,52,134872.48,149089,386,90,0,0
937554,1,0,899,0,22,52,134872.48,149090,386,90,0,0
937669,1,0,894,0,22,52,134872.48,149090,386,90,0,0
937798,1,0,859,0,22,52,134872.48,149090,386,90,0,0
937898,1,0,860,0,22,52,134872.48,149090,386,90,0,0
937924,1,0,860,0,22,52,134872.48,149090,386,90,0,0
938148,1,0,861,0,24,52,134872.48,149090,386,90,0,0
938248,1,0,861,0,14,52,134872.48,149090,386,90,0,0
938351,1,0,859,0,14,52,134872.48,149090,386,90,0,0
938398,1,0,859,0,14,52,134872.48,149090,386,90,0,0
938604,1,0,859,0,14,52,134872.48,149090,386,90,0,0
938723,1,0,858,0,8,52,134872.48,149090,386,90,0,0
938841,1,0,857,0,0,52,134872.48,149090,386,90,0,0
938919,1,0,857,0,0,52,134872.48,149090,386,90,0,0
939066,1,0,856,0,0,52,134872.48,149090,386,90,0,0
939198,1,0,856,0,0,52,134872.48,149090,386,90,0,0
939298,1,0,923,0,0,52,134872.48,149090,386,90,0,0
939423,1,0,1067,0,0,52,134872.48,149090,386,90,0,0
939553,1,0,1195,0,0,52,134872.48,149090,386,90,0,0
939669,1,0,1381,0,0,52,134873.52,149090,386,90,0,0
939791,1,0,1377,0,0,52,134873.52,149090,386,90,0,0
939898,1,0,1311,0,0,52,134873.52,149090,386,90,0,0
939923,1,0,1311,0,0,52,134873.52,149090,386,90,0,0
940148,1,0,1070,0,0,52,134873.52,149090,386,90,0,0
940248,1,0,1112,0,0,52,134873.52,149090,386,90,0,0
940351,1,0,1153,0,0,52,134873.52,149090,386,90,0,0
940420,1,0,1153,0,0,52,134873.52,149090,386,90,0,0
940604,1,2,1194,0,0,52,134873.52,149090,386,90,0,0
940723,1,3,1284,0,0,52,134873.52,149090,386,90,0,0
940851,1,3,1334,0,14,52,134873.52,149090,386,90,0,0
940923,1,3,1334,0,14,52,134873.52,149090,386,90,0,0
941065,1,3,1259,0,14,52,134873.52,149090,386,90,0,0
941198,1,3,1147,0,16,52,134873.52,149090,386,90,0,0
941323,1,3,1073,0,18,52,134873.52,149090,386,90,0,0
941439,1,3,1042,0,22,52,134874.52,149090,386,90,0,0
941577,1,3,1005,0,22,52,134874.52,149090,386,90,0,0
941691,1,2,899,0,26,52,134874.52,149090,386,90,0,0
941798,1,0,865,0,28,52,134874.52,149090,386,90,0,0
941926,1,0,863,0,34,52,134874.52,149090,386,90,0,0
942048,1,0,859,0,38,52,134874.52,149090,386,90,0,0
942168,1,0,859,0,38,52,134874.52,149090,386,90,0,0
942291,1,0,826,0,38,52,134874.52,149090,386,90,0,0
942398,1,0,825,0,36,52,134874.52,149090,386,90,0,0
942444,1,0,857,0,36,52,134874.52,149090,386,90,0,0
942650,1,0,825,0,34,52,134874.52,149090,386,90,0,0
942748,1,0,857,0,34,52,134874.52,149090,386,90,0,0
942891,1,0,857,0,42,52,134874.52,149090,386,90,0,0
942925,1,0,857,0,42,52,134874.52,149090,386,90,0,0
943123,1,0,856,0,60,52,134874.52,149090,386,90,0,0
943241,1,0,856,0,98,52,134874.52,149090,386,90,0,0
943351,1,0,856,0,154,52,134874.52,149090,386,90,0,0
943449,1,0,857,0,154,52,134874.52,149090,386,90,0,0
943591,1,0,857,0,154,52,134874.52,149090,386,90,0,0
943698,1,0,857,0,154,52,134874.52,149090,386,90,0,0
943823,1,0,857,0,154,52,134874.52,149090,386,90,0,0
943941,1,0,856,0,154,52,134874.52,149090,386,90,0,0
943941,1,0,856,0,154,52,134874.52,149090,386,90,0,0
944191,1,0,855,0,152,52,134874.52,149090,386,90,0,0
944298,1,0,856,0,150,52,134874.52,149090,386,90,0,0
944425,1,0,855,0,146,52,134874.52,149090,386,90,0,0
944446,1,0,855,0,146,52,134874.52,149090,386,90,0,0
944649,1,0,856,0,138,52,134874.52,149090,386,90,0,0
944748,1,0,855,0,136,52,134874.52,149090,386,90,0,0
944891,1,0,856,0,134,52,134874.52,149090,386,91,0,0
944952,1,0,855,0,132,52,134874.52,149090,386,91,0,0
945123,1,0,855,0,132,52,134874.52,149090,386,91,0,0
945241,1,0,855,0,128,52,134874.52,149090,386,91,0,0
945351,1,0,855,0,126,52,134874.52,149090,386,91,0,0
945467,1,0,855,0,126,52,134874.52,149090,386,91,0,0
945575,1,0,855,0,126,52,134875.52,149090,386,91,0,0
945698,1,0,854,0,124,52,134875.52,149090,386,91,0,0
945823,1,0,854,0,124,52,134875.52,149090,386,91,0,0
945925,1,0,854,0,124,52,134875.52,149090,386,91,0,0
946062,1,0,854,0,122,52,134875.52,149090,386,91,0,0
946168,1,0,854,0,122,52,134875.52,149090,386,91,0,0
946298,1,0,854,0,122,52,134875.52,149090,386,91,0,0
946398,1,0,853,0,122,52,134875.52,149090,386,91,0,0
946450,1,0,853,0,120,52,134875.52,149090,386,91,0,0
946649,1,0,853,0,120,52,134875.52,149090,386,91,0,0
946748,1,0,853,0,120,52,134875.52,149090,386,91,0,0
946851,1,0,853,0,120,52,134875.52,149090,386,91,0,0
946948,1,0,853,0,120,52,134875.52,149090,386,91,0,0
947112,1,0,853,0,120,52,134875.52,149090,386,91,0,0
947223,1,0,853,0,120,52,134875.52,149090,386,91,0,0
947341,1,0,853,0,120,52,134875.52,149090,386,91,0,0
947462,1,0,853,0,118,52,134875.52,149090,386,91,0,0
947574,1,0,853,0,118,52,134875.52,149090,386,91,0,0
947698,1,0,853,0,118,52,134875.52,149090,386,91,0,0
947823,1,0,853,0,118,52,134875.52,149090,386,91,0,0
947925,1,0,853,0,118,52,134875.52,149090,386,91,0,0
948061,1,0,853,0,118,52,134875.52,149090,386,91,0,0
948168,1,0,853,0,118,52,134875.52,149090,386,91,0,0
948298,1,0,853,0,118,52,134875.52,149090,386,91,0,0
948398,1,0,852,0,118,52,134875.52,149090,386,91,0,0
948435,1,0,852,0,118,52,134875.52,149090,386,91,0,0
948649,1,0,853,0,116,52,134875.52,149090,386,91,0,0
948752,1,0,822,0,116,52,134875.52,149090,386,91,0,0
948851,1,0,854,0,116,52,134875.52,149090,386,91,0,0
948948,1,0,854,0,116,52,134875.52,149090,386,91,0,0
949091,1,0,855,0,116,52,134875.52,149090,386,91,0,0
949223,1,0,855,0,116,52,134875.52,149090,386,91,0,0
949351,1,0,855,0,116,52,134875.52,149090,386,91,0,0
949441,1,0,856,0,116,52,134875.52,149090,386,91,0,0
949572,1,0,856,0,116,52,134875.52,149090,386,91,0,0
949698,1,0,856,0,116,52,134875.52,149090,386,91,0,0
949823,1,0,856,0,116,52,134875.52,149090,386,91,0,0
949925,1,0,856,0,114,52,134875.52,149090,386,91,0,0
949948,1,0,856,0,108,52,134876.52,149090,386,91,0,0
950169,1,0,854,0,70,52,134876.52,149090,386,91,0,0
950298,1,0,854,0,64,52,134876.52,149090,386,91,0,0
950398,1,0,854,0,66,52,134876.52,149090,386,91,0,0
950440,1,0,854,0,66,52,134876.52,149090,386,91,0,0
950649,1,0,853,0,104,52,134876.52,149090,386,91,0,0
950748,1,0,853,0,108,52,134876.52,149090,386,91,0,0
950851,1,0,855,0,118,52,134876.52,149090,386,91,0,0
950926,1,0,855,0,118,52,134876.52,149090,386,91,0,0
951110,1,0,856,0,124,52,134876.52,149090,386,91,0,0
951223,1,0,856,0,120,52,134876.52,149090,386,91,0,0
951340,1,0,857,0,102,52,134876.52,149090,386,91,0,0
951462,1,0,857,0,54,52,134876.52,149090,383,91,0,0
951571,1,0,857,0,54,52,134876.52,149090,383,91,0,0
951698,1,0,858,0,28,52,134876.52,149090,383,91,0,0
951823,1,0,859,0,10,52,134876.52,149090,383,91,0,0
951923,1,0,859,0,0,52,134876.52,149090,383,91,0,0
952058,1,0,858,0,0,52,134876.52,149090,383,91,0,0
952190,1,0,859,0,0,52,134876.52,149090,383,91,0,0
952298,1,0,891,0,0,52,134876.52,149090,383,91,0,0
952426,1,0,928,0,0,52,134876.52,149090,383,91,0,0
952464,1,0,1013,0,0,52,134876.52,149090,383,91,0,0
952668,1,0,949,0,4,52,134876.52,149090,383,91,0,0
952791,1,0,921,0,6,52,134876.52,149090,383,91,0,0
952898,1,0,878,0,6,52,134876.52,149090,383,91,0,0
952948,1,0,876,0,6,52,134876.52,149090,383,91,0,0
953141,1,0,843,0,6,52,134876.52,149090,383,91,0,0
953248,1,0,843,0,6,52,134876.52,149090,383,91,0,0
953351,1,0,841,0,8,52,134876.52,149090,383,91,0,0
953449,1,0,835,0,8,52,134876.52,149090,383,91,0,0
953604,1,0,835,0,8,52,134877.52,149090,383,91,0,0
953723,1,0,863,0,8,52,134877.52,149090,383,91,0,0
953840,1,0,863,0,10,52,134877.52,149090,383,91,0,0
953940,1,0,862,0,14,52,134877.52,149090,383,91,0,0
954083,1,0,862,0,22,52,134877.52,149090,383,91,0,0
954198,1,0,861,0,92,52,134877.52,149090,383,91,0,0
954298,1,0,862,0,146,52,134877.52,149090,383,91,0,0
954424,1,0,863,0,192,52,134877.52,149090,383,91,0,0
954569,1,0,863,0,192,52,134877.52,149090,383,91,0,0
954668,1,0,863,0,236,52,134877.52,149090,383,91,0,0
954798,1,0,863,0,238,52,134877.52,149090,383,91,0,0
954918,1,0,862,0,240,52,134877.52,149090,383,91,0,0
954948,1,0,861,0,244,52,134877.52,149090,383,91,0,0
955148,1,0,860,0,250,52,134877.52,149090,383,91,0,0
955248,1,0,859,0,250,52,134877.52,149090,383,91,0,0
955351,1,0,859,0,252,52,134877.52,149090,383,91,0,0
955449,1,0,859,0,252,52,134877.52,149090,383,91,0,0
955604,1,0,859,0,252,52,134877.52,149090,383,91,0,0
955741,1,0,857,0,254,52,134877.52,149090,383,91,0,0
955851,1,0,857,0,252,52,134877.52,149090,383,91,0,0
955948,1,0,857,0,252,52,134877.52,149090,383,91,0,0
956090,1,0,857,0,252,52,134877.52,149090,383,91,0,0
956198,1,0,856,0,252,52,134877.52,149090,383,91,0,0
956323,1,0,856,0,252,52,134877.52,149090,383,91,0,0
956449,1,0,856,0,250,52,134877.52,149090,383,91,0,0
956449,1,0,856,0,250,52,134877.52,149090,383,91,0,0
956690,1,0,855,0,250,52,134877.52,149090,383,91,0,0
956798,1,0,855,0,250,52,134877.52,149090,383,91,0,0
956923,1,0,855,0,248,52,134877.52,149090,383,91,0,0
957055,1,0,854,0,248,52,134877.52,149090,383,91,0,0
957168,1,0,854,0,246,52,134877.52,149090,383,91,0,0
957291,1,0,853,0,246,52,134877.52,149090,383,91,0,0
957398,1,0,854,0,244,52,134877.52,149090,383,91,0,0
957449,1,0,854,0,244,52,134877.52,149090,383,91,0,0
957636,1,0,854,0,244,52,134877.52,149090,383,91,0,0
957748,1,0,853,0,238,52,134878.52,149090,383,91,0,0
957851,1,0,853,0,238,52,134878.52,149090,383,91,0,0
957940,1,0,853,0,238,52,134878.52,149090,383,91,0,0
958090,1,0,853,0,238,52,134878.52,149090,383,91,0,0
958223,1,0,853,0,238,52,134878.52,149090,383,91,0,0
958340,1,0,853,0,238,52,134878.52,149090,383,91,0,0
958449,1,0,853,0,238,52,134878.52,149090,383,91,0,0
958449,1,0,853,0,238,52,134878.52,149090,383,91,0,0
958698,1,0,853,0,238,52,134878.52,149090,383,91,0,0
958798,1,0,853,0,238,52,134878.52,149090,383,91,0,0
958923,1,0,853,0,238,52,134878.52,149090,383,91,0,0
958949,1,0,853,0,240,52,134878.52,149090,383,91,0,0
959168,1,0,854,0,238,52,134878.52,149090,383,91,0,0
959298,1,0,855,0,238,52,134878.52,149090,383,91,0,0
959418,1,0,856,0,238,52,134878.52,149090,383,91,0,0
959448,1,0,856,0,238,52,134878.52,149090,383,91,0,0
959649,1,0,857,0,238,52,134878.52,149090,383,91,0,0
959748,1,0,857,0,238,52,134878.52,149090,383,91,0,0
959851,1,0,857,0,238,52,134878.52,149090,383,91,0,0
959949,1,0,857,0,238,52,134878.52,149090,383,91,0,0
960104,1,0,857,0,238,52,134878.52,149090,383,91,0,0
960223,1,0,857,0,234,52,134878.52,149090,383,91,0,0
960341,1,0,856,0,230,52,134878.52,149090,383,91,0,0
960449,1,0,855,0,180,52,134878.52,149090,383,91,0,0
960591,1,0,855,0,180,52,134878.52,149090,383,91,0,0
960723,1,0,855,0,122,52,134878.52,149090,383,91,0,0
960840,1,0,855,0,148,52,134878.52,149090,383,91,0,0
960923,1,0,855,0,214,52,134878.52,149090,383,91,0,0
961053,1,0,856,0,258,52,134878.52,149090,383,91,0,0
961198,1,0,856,0,264,52,134878.52,149090,383,91,0,0
961298,1,0,856,0,264,52,134878.52,149090,383,91,0,0
961424,1,0,856,0,266,52,134878.52,149090,383,91,0,0
961565,1,0,856,0,268,52,134878.52,149090,383,91,0,0
961668,1,0,856,0,268,52,134878.52,149090,383,91,0,0
961798,1,0,856,0,270,52,134878.52,149090,383,91,0,0
961898,1,0,854,0,270,52,134878.52,149090,383,91,0,0
961923,1,0,854,0,270,52,134878.52,149090,383,91,0,0
962141,1,0,853,0,264,52,134879.53,149090,383,91,0,0
962248,1,0,856,0,192,52,134879.53,149090,383,91,0,0
962351,1,0,857,0,194,52,134879.53,149090,383,91,0,0
962448,1,0,857,0,206,52,134879.53,149090,383,91,0,0
962604,1,0,857,0,206,52,134879.53,149090,383,91,0,0
962723,1,0,859,0,232,52,134879.53,149090,383,91,0,0
962841,1,0,858,0,236,52,134879.53,149090,383,91,0,0
962923,1,0,858,0,236,52,134879.53,149090,383,91,0,0
963077,1,0,858,0,238,52,134879.53,149090,383,91,0,0
963198,1,0,856,0,204,52,134879.53,149090,383,91,0,0
963298,1,0,856,0,154,52,134879.53,149090,383,91,0,0
963436,1,0,856,0,126,52,134879.53,149090,383,91,0,0
963448,1,0,857,0,108,52,134879.53,149090,383,91,0,0
963668,1,0,857,0,90,52,134879.53,149090,383,91,0,0
963788,1,0,857,0,92,52,134879.53,149090,383,91,0,0
963898,1,0,856,0,120,52,134879.53,149090,383,91,0,0
963948,1,0,856,0,184,52,134879.53,149090,383,91,0,0
964104,1,0,856,0,184,52,134879.53,149090,383,91,0,0
964248,1,0,856,0,222,52,134879.53,149090,383,91,0,0
964351,1,0,856,0,172,52,134879.53,149090,383,91,0,0
964441,1,0,856,0,172,52,134879.53,149090,383,91,0,0
964604,1,0,856,0,128,52,134879.53,149090,383,91,0,0
964723,1,0,857,0,0,52,134879.53,149090,383,91,0,0
964841,1,0,858,0,0,52,134879.53,149090,383,91,0,0
964941,1,0,858,0,0,52,134879.53,149090,383,91,0,0
965076,1,0,858,0,0,52,134879.53,149090,383,91,0,0
965198,1,0,859,0,0,52,134879.53,149090,383,91,0,0
965298,1,0,925,0,0,52,134879.53,149090,383,91,0,0
965423,1,0,1066,0,0,52,134879.53,149090,383,91,0,0
965462,1,0,1135,0,0,52,134879.53,149090,383,91,0,0
965668,1,0,1089,0,0,52,134879.53,149090,383,91,0,0
965748,1,0,1096,0,0,52,134879.53,149090,383,91,0,0
965898,1,0,1061,0,0,52,134880.56,149090,383,91,0,0
965948,1,0,1060,0,0,52,134880.56,149090,383,91,0,0
966126,1,0,1030,0,0,52,134880.56,149090,383,91,0,0
966248,1,0,1033,0,0,52,134880.56,149090,383,91,0,0
966351,1,0,1106,0,0,52,134880.56,149090,383,91,0,0
966443,1,0,1176,0,0,52,134880.56,149090,383,91,0,0
966591,1,0,1193,0,0,52,134880.56,149090,383,91,0,0
966723,1,0,1125,0,0,52,134880.56,149090,383,91,0,0
966823,1,0,1143,0,0,52,134880.56,149090,383,91,0,0
966948,1,0,1106,0,0,52,134880.56,149090,383,91,0,0
967075,1,0,1106,0,0,52,134880.56,149090,383,91,0,0
967198,1,0,1147,0,0,52,134880.56,149090,383,91,0,0
967298,1,3,1125,0,0,52,134880.56,149090,383,91,0,0
967433,1,3,1125,0,0,52,134880.56,149090,383,91,0,0
967456,1,3,1130,0,0,52,134880.56,149090,383,91,0,0
967668,1,4,1089,0,0,52,134881.56,149090,383,91,0,0
967748,1,5,1062,0,0,52,134881.56,149090,383,91,0,0
967898,1,5,1064,0,0,52,134881.56,149090,383,91,0,0
967948,1,6,1071,0,0,52,134881.56,149090,383,91,0,0
968103,1,6,1071,0,0,52,134881.56,149090,383,91,0,0
968248,1,8,1106,0,0,52,134881.56,149090,383,91,0,0
968351,1,8,1141,0,0,52,134881.56,149090,383,91,0,0
968460,1,8,1149,0,0,52,134881.56,149090,383,91,0,0
968460,1,8,1149,0,0,52,134881.56,149090,383,91,0,0
968723,1,8,1270,12,0,52,134881.56,149090,383,91,0,0
968841,1,8,1305,22,0,52,134881.56,149090,383,91,0,0
968948,1,9,1278,28,0,52,134881.56,149090,383,91,0,0
968992,1,9,1310,28,0,52,134881.56,149090,383,91,0,0
969198,1,9,1356,33,0,52,134882.56,149090,383,91,0,0
969322,1,10,1400,33,0,52,134882.56,149090,383,91,0,0
969443,1,10,1449,33,0,52,134882.56,149090,383,91,0,0
969448,1,10,1449,33,0,52,134882.56,149090,383,91,0,0
969691,1,10,1511,19,0,52,134882.56,149090,383,91,0,0
969798,1,11,1528,0,0,52,134882.56,149090,383,91,0,0
969923,1,11,1530,0,0,52,134882.56,149090,383,91,0,0
969948,1,11,1532,0,0,52,134882.56,149090,383,91,0,0
970149,1,11,1521,0,0,52,134882.56,149090,383,91,0,0
970248,1,11,1520,0,0,52,134882.56,149090,383,91,0,0
970391,1,10,1484,0,0,52,134882.56,149090,383,91,0,0
970448,1,10,1483,0,0,52,134882.56,149090,383,91,0,0
970622,1,10,1483,0,0,52,134882.56,149090,383,91,0,0
970748,1,10,1380,0,0,52,134882.56,149090,383,91,0,0
970850,1,10,1379,5,0,52,134882.56,149090,383,91,0,0
970948,1,10,1376,11,0,52,134882.56,149090,383,91,0,0
971103,1,10,1376,24,0,52,134882.56,149090,383,91,0,0
971222,1,9,1349,26,0,52,134882.56,149090,383,91,0,0
971350,1,9,1390,28,0,52,134882.56,149090,383,91,0,0
971448,1,9,1428,29,0,52,134882.56,149090,383,91,0,0
971448,1,9,1428,29,0,52,134882.56,149090,383,91,0,0
971697,1,10,1387,30,0,52,134883.56,149090,383,91,0,0
971822,1,10,1357,30,0,52,134883.56,149090,383,91,0,0
971944,1,10,1420,30,0,52,134883.56,149090,383,91,0,0
972071,1,10,1452,30,0,52,134883.56,149090,383,91,0,0
972197,1,10,1457,30,0,52,134883.56,149090,383,91,0,0
972322,1,10,1487,29,0,52,134883.56,149090,383,91,0,0
972438,1,10,1520,25,0,52,134883.56,149090,383,91,0,0
972504,1,10,1521,21,0,52,134883.56,149090,383,91,0,0
972668,1,11,1519,21,0,52,134883.56,149090,383,91,0,0
972788,1,11,1511,2,0,52,134883.56,149090,383,91,0,0
972897,1,11,1463,0,0,52,134883.56,149090,383,91,0,0
972947,1,11,1443,0,0,52,134883.56,149090,383,91,0,0
973103,1,11,1443,0,0,52,134883.56,149090,383,91,0,0
973247,1,10,1500,0,0,52,134883.56,149090,383,91,0,0
973350,1,10,1467,0,0,52,134883.56,149090,383,91,0,0
973457,1,10,1434,0,0,52,134883.56,149090,383,91,0,0
973609,1,9,1401,0,0,52,134883.56,149090,383,91,0,0
973722,1,9,1368,0,0,52,134883.56,149090,383,91,0,0
973850,1,9,1333,0,0,52,134883.56,149090,383,91,0,0
973947,1,9,1299,0,0,52,134883.56,149090,383,91,0,0
973947,1,9,1299,0,0,52,134883.56,149090,383,91,0,0
974197,1,9,1233,0,0,52,134883.56,149090,383,91,0,0
974322,1,8,1231,0,0,52,134883.56,149090,383,91,0,0
974422,1,8,1196,0,0,52,134883.56,149090,383,91,0,0
974500,1,8,1164,0,0,52,134883.56,149090,383,91,0,0
974668,1,8,1162,0,0,52,134883.56,149090,383,90,0,0
974747,1,8,1130,0,0,52,134884.58,149090,383,90,0,0
974900,1,8,1066,0,0,52,134884.58,149090,383,90,0,0
974947,1,7,1098,0,0,52,134884.58,149090,383,90,0,0
975103,1,7,1098,0,0,52,134884.58,149090,383,90,0,0
975247,1,7,1004,1,0,52,134884.58,149090,383,90,0,0
975350,1,7,1038,5,0,52,134884.58,149090,383,90,0,0
975456,1,7,1038,13,0,52,134884.58,149090,383,90,0,0
975607,1,7,1038,17,0,52,134884.58,149090,383,90,0,0
975722,1,7,977,18,0,52,134884.58,149090,383,90,0,0
975841,1,7,982,18,0,52,134884.58,149090,383,90,0,0
975948,1,7,1020,18,0,52,134884.58,149090,383,90,0,0
975948,1,7,1020,18,0,52,134884.58,149090,383,90,0,0
976191,1,6,995,19,0,52,134884.58,149090,383,90,0,0
976297,1,7,933,23,0,52,134884.58,149090,383,90,0,0
976422,1,7,969,23,0,52,134884.58,149090,383,90,0,0
976492,1,7,1082,23,0,52,134884.58,149090,383,90,0,0
976644,1,7,1046,21,0,52,134884.58,149090,383,90,0,0
976747,1,7,1007,5,0,52,134884.58,149090,383,90,0,0
976892,1,7,1060,2,0,52,134884.58,149090,383,90,0,0
976947,1,7,1084,0,0,52,134884.58,149090,383,90,0,0
977103,1,7,1052,0,0,52,134884.58,149090,383,90,0,0
977247,1,7,1020,0,0,52,134884.58,149090,383,90,0,0
977422,1,7,984,0,0,52,134884.58,149090,383,90,0,0
977456,1,7,984,0,0,52,134884.58,149090,383,90,0,0
977667,1,6,984,0,0,52,134884.58,149090,383,90,0,0
977787,1,6,952,0,0,52,134884.58,149090,383,90,0,0
977901,1,6,917,3,0,52,134884.58,149090,383,90,0,0
977947,1,6,884,3,0,52,134884.58,149090,383,90,0,0
978122,1,6,884,7,0,52,134884.58,149090,383,90,0,0
978247,1,6,891,11,0,52,134884.58,149090,383,90,0,0
978347,1,6,908,12,0,52,134884.58,149090,383,90,0,0
978448,1,6,909,13,0,52,134884.58,149090,383,90,0,0
978606,1,6,909,14,0,52,134884.58,149090,383,90,0,0
978722,1,6,921,18,0,52,134885.58,149090,383,90,0,0
978850,1,7,1003,18,0,52,134885.58,149090,383,90,0,0
978948,1,7,1004,18,0,52,134885.58,149090,383,90,0,0
979093,1,7,1036,18,0,52,134885.58,149090,383,90,0,0
979200,1,7,1091,19,0,52,134885.58,149090,383,90,0,0
979322,1,8,1148,22,0,52,134885.58,149090,383,90,0,0
979439,1,8,1174,25,0,52,134885.58,149090,383,90,0,0
979454,1,8,1173,25,0,52,134885.58,149090,383,90,0,0
979667,1,8,1237,25,0,52,134885.58,149090,383,90,0,0
979792,1,9,1270,25,0,52,134885.58,149090,383,90,0,0
979903,1,9,1303,25,0,52,134885.58,149090,383,90,0,0
979948,1,9,1303,25,0,52,134885.58,149090,383,90,0,0
980103,1,9,1303,25,0,52,134885.58,149090,383,90,0,0
980247,1,9,1367,24,0,52,134885.58,149090,383,90,0,0
980348,1,9,1366,23,0,52,134885.58,149090,383,90,0,0
980451,1,9,1364,13,0,52,134885.58,149090,383,90,0,0
980604,1,9,1364,0,0,52,134885.58,149090,383,90,0,0
980722,1,9,1312,0,0,52,134885.58,149090,383,90,0,0
980847,1,9,1247,0,0,52,134886.59,149090,383,90,0,0
980948,1,10,1207,0,0,52,134886.59,149090,383,90,0,0
980948,1,10,1207,0,0,52,134886.59,149090,383,90,0,0
981200,1,9,1148,0,18,52,134886.59,149090,383,90,0,0
981322,1,9,1120,0,28,52,134886.59,149090,383,90,0,0
981442,1,9,1126,0,26,52,134886.59,149090,380,90,0,0
981450,1,9,1126,0,30,52,134886.59,149090,380,90,0,0
981667,1,8,1119,0,74,52,134886.59,149090,380,90,0,0
981787,1,7,1119,0,74,52,134886.59,149090,380,90,0,0
981902,1,7,1087,0,76,52,134886.59,149090,380,90,0,0
981948,1,6,1087,0,76,52,134886.59,149090,380,90,0,0
982142,1,5,1055,0,76,52,134886.59,149090,380,90,0,0
982247,1,5,1054,0,44,52,134886.59,149090,380,90,0,0
982348,1,4,1053,0,34,52,134886.59,149090,380,90,0,0
982449,1,4,1053,0,34,52,134886.59,149090,380,90,0,0
982603,1,4,1021,0,34,52,134886.59,149090,380,90,0,0
982722,1,4,1020,0,0,52,134886.59,149090,380,90,0,0
982847,1,4,987,0,0,51,134886.59,149090,380,90,0,0
982948,1,4,987,0,0,51,134886.59,149090,380,90,0,0
983092,1,4,987,0,0,51,134886.59,149090,380,90,0,0
983200,1,4,997,0,0,51,134886.59,149090,380,90,0,0
983322,1,4,1072,0,0,51,134886.59,149090,380,90,0,0
983442,1,4,1106,0,0,51,134886.59,149090,380,90,0,0
983474,1,4,1106,0,0,51,134886.59,149090,380,90,0,0
983671,1,4,1097,0,0,51,134886.59,149090,380,90,0,0
983748,1,4,1098,0,0,51,134886.59,149090,380,90,0,0
983901,1,4,1139,0,0,51,134886.59,149090,380,90,0,0
984000,1,4,1141,0,0,51,134886.59,149090,380,90,0,0
984141,1,5,1156,0,0,51,134887.62,149090,380,90,0,0
984248,1,5,1203,0,0,51,134887.62,149090,380,90,0,0
984348,1,5,1168,0,0,51,134887.62,149090,380,90,0,0
984448,1,6,1125,0,0,51,134887.62,149090,380,90,0,0
984627,1,6,1056,0,0,51,134887.62,149090,380,90,0,0
984722,1,6,1201,0,0,51,134887.62,149090,380,90,0,0
984848,1,6,1328,0,0,51,134887.62,149090,380,90,0,0
984948,1,6,1371,0,14,51,134887.62,149090,380,90,0,0
984992,1,6,1339,0,14,51,134887.62,149090,380,90,0,0
985201,1,6,1276,0,24,51,134887.62,149090,380,90,0,0
985322,1,5,1236,0,40,51,134887.62,149090,380,90,0,0
985438,1,5,1193,0,52,51,134887.62,149090,380,90,0,0
985501,1,5,1168,0,52,51,134887.62,149090,380,90,0,0
985667,1,5,1169,0,50,51,134887.62,149090,380,90,0,0
985792,1,4,1099,0,44,51,134887.62,149090,380,90,0,0
985901,1,4,1097,0,32,51,134887.62,149090,380,90,0,0
986001,1,3,1032,0,12,51,134887.62,149090,380,90,0,0
986142,1,3,995,0,2,51,134887.62,149090,380,90,0,0
986248,1,3,995,0,0,51,134888.64,149090,380,90,0,0
986348,1,3,961,0,0,51,134888.64,149090,380,90,0,0
986449,1,3,928,0,0,51,134888.64,149090,380,90,0,0
986626,1,3,928,0,0,51,134888.64,149090,380,90,0,0
986748,1,2,893,0,0,51,134888.64,149090,380,90,0,0
986848,1,2,893,0,0,51,134888.64,149090,380,90,0,0
986948,1,0,860,0,0,51,134888.64,149090,380,90,0,0
987113,1,0,892,0,0,51,134888.64,149090,380,90,0,0
987222,1,0,963,0,0,51,134888.64,149090,380,90,0,0
987348,1,0,1149,0,0,51,134888.64,149090,380,90,0,0
987449,1,0,1102,0,0,51,134888.64,149090,380,90,0,0
987449,1,0,1102,0,0,51,134888.64,149090,380,90,0,0
987695,1,0,1097,0,0,51,134888.64,149090,380,90,0,0
987805,1,0,1095,0,0,51,134888.64,149090,380,90,0,0
987922,1,0,1064,0,0,51,134888.64,149090,380,90,0,0
987947,1,0,1067,0,0,51,134888.64,149090,380,90,0,0
988121,1,0,1067,0,0,51,134888.64,149090,380,90,0,0
988248,1,0,1188,0,0,51,134888.64,149090,380,90,0,0
988347,1,2,1126,0,0,51,134888.64,149090,380,90,0,0
988495,1,2,1143,0,0,51,134888.64,149090,380,90,0,0
988625,1,3,1131,0,0,51,134888.64,149090,380,90,0,0
988747,1,3,1145,0,0,51,134889.66,149090,380,90,0,0
988847,1,3,1113,0,0,51,134889.66,149090,380,90,0,0
988948,1,3,1111,0,0,51,134889.66,149090,380,90,0,0
988948,1,3,1111,0,0,51,134889.66,149090,380,90,0,0
989201,1,3,1016,0,0,51,134889.66,149090,380,90,0,0
989322,1,4,976,0,0,51,134889.66,149090,380,90,0,0
989448,1,4,1138,0,0,51,134889.66,149090,380,90,0,0
989448,1,4,1138,0,0,51,134889.66,149090,380,90,0,0
989667,1,4,1128,0,0,51,134889.66,149090,380,90,0,0
989795,1,4,1116,0,0,51,134889.66,149090,380,90,0,0
989903,1,3,1076,0,0,51,134889.66,149090,380,90,0,0
989948,1,3,1028,0,0,51,134889.66,149090,380,90,0,0
990147,1,3,1028,0,0,51,134889.66,149090,380,90,0,0
990248,1,3,1142,0,0,51,134889.66,149090,380,90,0,0
990348,1,3,1337,4,0,51,134889.66,149090,380,90,0,0
990496,1,3,1625,8,0,51,134889.66,149090,380,90,0,0
990624,1,3,1625,11,0,51,134889.66,149090,380,90,0,0
990745,1,4,1542,13,0,51,134890.69,149090,380,90,0,0
990848,1,4,1469,13,0,51,134890.69,149090,380,90,0,0
990947,1,5,1379,13,0,51,134890.69,149090,380,90,0,0
991003,1,5,1411,13,0,51,134890.69,149090,380,90,0,0
991203,1,5,1460,13,0,51,134890.69,149090,380,90,0,0
991322,1,7,1408,13,0,51,134890.69,149090,380,90,0,0
991441,1,8,1413,12,0,51,134890.69,149090,380,90,0,0
991448,1,8,1380,12,0,51,134890.69,149090,380,90,0,0
991667,1,8,1404,10,0,51,134890.69,149090,380,90,0,0
991787,1,10,1501,10,0,51,134891.73,149090,380,90,0,0
991903,1,11,1613,10,0,51,134891.73,149090,380,90,0,0
992003,1,11,1655,9,0,51,134891.73,149090,380,90,0,0
992136,1,12,1663,9,0,51,134891.73,149090,380,90,0,0
992247,1,12,1708,0,0,51,134891.73,149090,380,90,0,0
992348,1,12,1686,0,0,51,134891.73,149090,380,90,0,0
992448,1,12,1675,0,0,51,134891.73,149090,380,90,0,0
992622,1,12,1643,0,0,51,134891.73,149090,380,90,0,0
992722,1,11,1632,0,0,51,134891.73,149090,380,90,0,0
992848,1,11,1651,0,0,51,134892.73,149090,380,90,0,0
992947,1,11,1613,0,0,51,134892.73,149090,380,90,0,0
992947,1,11,1613,0,0,51,134892.73,149090,380,90,0,0
993203,1,11,1515,0,0,51,134892.73,149090,380,90,0,0
993322,1,10,1481,0,0,51,134892.73,149090,380,90,0,0
993422,1,10,1479,0,0,51,134892.73,149090,380,90,0,0
993448,1,10,1444,0,0,51,134892.73,149090,380,90,0,0
993667,1,10,1408,0,0,51,134892.73,149090,380,90,0,0
993787,1,9,1407,0,0,51,134892.73,149090,380,90,0,0
993903,1,9,1373,0,0,51,134892.73,149090,380,90,0,0
994007,1,9,1338,0,0,51,134892.73,149090,380,90,0,0
994135,1,9,1305,0,0,51,134892.73,149090,380,90,0,0
994247,1,9,1270,0,0,51,134892.73,149090,380,90,0,0
994348,1,8,1237,0,0,51,134892.73,149090,380,90,0,0
994448,1,8,1237,0,0,51,134892.73,149090,380,90,0,0
994622,1,8,1206,0,0,51,134892.73,149090,380,90,0,0
994722,1,8,1171,0,0,51,134892.73,149090,380,90,0,0
994847,1,8,1141,0,0,51,134892.73,149090,380,90,0,0
994947,1,7,1112,0,0,51,134892.73,149090,380,90,0,0
994947,1,7,1112,0,0,51,134892.73,149090,380,90,0,0
995222,1,7,1079,0,0,51,134892.73,149090,380,90,0,0
995322,1,7,1085,0,0,51,134892.73,149090,380,90,0,0
995448,1,7,1052,0,0,51,134892.73,149090,380,90,0,0
995512,1,7,1052,0,0,51,134892.73,149090,380,90,0,0
995667,1,7,1051,0,0,51,134892.73,149090,380,90,0,0
995800,1,7,1023,0,0,51,134892.73,149090,380,90,0,0
995903,1,7,1022,0,0,51,134892.73,149090,380,90,0,0
996023,1,7,1023,0,0,51,134892.73,149090,380,90,0,0
996147,1,7,1019,0,0,51,134892.73,149090,380,90,0,0
996247,1,7,1018,0,0,51,134892.73,149090,380,90,0,0
996347,1,7,1017,0,0,51,134892.73,149090,380,90,0,0
996495,1,6,1020,0,0,51,134892.73,149090,380,90,0,0
996505,1,6,1020,0,0,51,134892.73,149090,380,90,0,0
996745,1,6,1021,0,0,51,134893.73,149090,380,90,0,0
996847,1,6,1021,0,0,51,134893.73,149090,380,90,0,0
996947,1,6,1021,0,0,51,134893.73,149090,380,90,0,0
996947,1,6,1021,0,0,51,134893.73,149090,380,90,0,0
997222,1,6,1021,0,8,51,134893.73,149090,380,90,0,0
997322,1,6,1021,0,24,51,134893.73,149090,380,90,0,0
997448,1,6,988,0,44,51,134893.73,149090,380,90,0,0
997448,1,6,988,0,44,51,134893.73,149090,380,90,0,0
997667,1,5,988,0,50,51,134893.73,149090,380,90,0,0
997799,1,5,988,0,8,51,134893.73,149090,380,90,0,0
997917,1,5,988,0,0,51,134893.73,149090,380,90,0,0
997995,1,5,989,0,0,51,134893.73,149090,380,90,0,0
998147,1,5,990,0,0,51,134893.73,149090,380,90,0,0
998247,1,4,991,0,0,51,134893.73,149090,380,90,0,0
998347,1,4,991,0,0,51,134893.73,149090,380,90,0,0
998448,1,4,960,0,0,51,134893.73,149090,380,90,0,0
998622,1,4,960,0,0,51,134893.73,149090,380,90,0,0
998744,1,4,1017,0,0,51,134893.73,149090,380,90,0,0
998847,1,4,1063,0,0,51,134893.73,149090,380,90,0,0
998947,1,5,1236,0,0,51,134893.73,149090,380,90,0,0
999003,1,5,1300,0,0,51,134893.73,149090,380,90,0,0
999203,1,5,1272,0,0,51,134893.73,149090,380,90,0,0
999303,1,6,1227,0,0,51,134893.73,149090,380,90,0,0
999422,1,7,1271,0,0,51,134894.73,149090,380,90,0,0
999503,1,7,1226,0,0,51,134894.73,149090,380,90,0,0
999647,1,7,1218,0,0,51,134894.73,149090,380,90,0,0
999787,1,8,1205,0,0,51,134894.73,149090,380,90,0,0
999903,1,8,1273,0,0,51,134894.73,149090,380,90,0,0
1000003,1,9,1305,1,0,51,134894.73,149090,380,90,0,0
1000003,1,9,1305,1,0,51,134894.73,149090,380,90,0,0
1000247,1,9,1415,5,0,51,134894.73,149090,380,90,0,0
1000347,1,10,1407,5,0,51,134894.73,149090,380,90,0,0
1000448,1,10,1435,5,0,51,134894.73,149090,380,90,0,0
1000502,1,10,1467,5,0,51,134894.73,149090,380,90,0,0
1000722,1,10,1465,5,0,51,134894.73,149090,380,90,0,0
1000844,1,10,1485,9,0,51,134895.77,149090,380,90,0,0
1000947,1,10,1511,10,0,51,134895.77,149090,380,90,0,0
1000947,1,10,1511,10,0,51,134895.77,149090,380,90,0,0
1001181,1,10,1472,12,0,51,134895.77,149090,380,90,0,0
1001303,1,10,1531,21,0,51,134895.77,149090,380,90,0,0
1001419,1,10,1528,21,0,51,134895.77,149090,380,90,0,0
1001494,1,11,1558,21,0,51,134895.77,149090,380,90,0,0
1001647,1,11,1560,21,0,51,134895.77,149090,380,90,0,0
1001747,1,11,1559,4,0,51,134895.77,149090,380,90,0,0
1001847,1,11,1517,0,0,51,134895.77,149090,380,90,0,0
1001947,1,11,1491,0,0,51,134895.77,149090,380,90,0,0
1002104,1,11,1459,0,0,51,134895.77,149090,380,90,0,0
1002247,1,10,1471,0,0,51,134895.77,149090,380,90,0,0
1002347,1,10,1470,0,0,51,134895.77,149090,380,90,0,0
1002448,1,10,1435,0,0,51,134895.77,149090,380,90,0,0
1002616,1,9,1401,0,0,51,134895.77,149090,380,90,0,0
1002722,1,9,1335,0,0,51,134895.77,149090,380,90,0,0
1002847,1,9,1300,0,0,51,134895.77,149090,380,90,0,0
1002947,1,9,1265,0,0,51,134895.77,149090,380,90,0,0
1003022,1,8,1233,0,0,51,134895.77,149090,380,90,0,0
1003203,1,8,1199,0,0,51,134895.77,149090,380,90,0,0
1003303,1,8,1166,0,0,51,134895.77,149090,380,90,0,0
1003422,1,8,1134,2,0,51,134895.77,149090,380,90,0,0
1003531,1,8,1102,6,0,51,134895.77,149090,380,90,0,0
1003647,1,8,1107,6,0,51,134895.77,149090,380,90,0,0
1003787,1,7,1076,10,0,51,134895.77,149090,380,90,0,0
1003903,1,7,1045,10,0,51,134896.77,149090,380,90,0,0
1003947,1,7,1048,10,0,51,134896.77,149090,380,90,0,0
1004128,1,7,1048,19,0,51,134896.77,149090,380,90,0,0
1004247,1,7,1057,20,0,51,134896.77,149090,380,90,0,0
1004347,1,7,1028,23,0,51,134896.77,149090,380,90,0,0
1004448,1,7,968,23,0,51,134896.77,149090,380,90,0,0
1004533,1,7,1000,23,0,51,134896.77,149090,380,90,0,0
1004721,1,7,1069,24,0,51,134896.77,149090,380,90,0,0
1004821,1,7,1084,24,0,51,134896.77,149090,380,90,0,0
1004947,1,7,1080,24,0,51,134896.77,149090,380,90,0,0
1004947,1,7,1080,24,0,51,134896.77,149090,380,90,0,0
1005179,1,7,1142,24,0,51,134896.77,149090,380,90,0,0
1005294,1,8,1078,0,0,51,134896.77,149090,380,90,0,0
1005419,1,8,1029,0,0,51,134896.77,149090,380,90,0,0
1005521,1,8,1034,0,0,51,134896.77,149090,380,90,0,0
1005521,1,8,1034,0,0,51,134896.77,149090,380,90,0,0
1005747,1,7,1023,0,0,51,134896.77,149090,380,90,0,0
1005847,1,7,993,0,0,51,134896.77,149090,380,90,0,0
1006003,1,7,994,0,0,51,134896.77,149090,380,90,0,0
1006127,1,7,993,0,0,51,134896.77,149090,380,90,0,0
1006247,1,7,1023,0,0,51,134896.77,149090,380,90,0,0
1006347,1,7,989,0,0,51,134896.77,149090,380,90,0,0
1006448,1,7,995,0,0,51,134896.77,149090,380,90,0,0
1006494,1,7,995,0,0,51,134896.77,149090,380,90,0,0
1006721,1,6,993,3,0,51,134896.77,149090,380,90,0,0
1006847,1,6,965,3,0,51,134897.78,149090,380,90,0,0
1006947,1,6,939,3,0,51,134897.78,149090,380,90,0,0
1007021,1,6,971,5,0,51,134897.78,149090,380,90,0,0
1007167,1,6,1005,5,0,51,134897.78,149090,380,90,0,0
1007303,1,7,1038,10,0,51,134897.78,149090,380,90,0,0
1007422,1,7,1068,10,0,51,134897.78,149090,380,90,0,0
1007503,1,7,1102,11,0,51,134897.78,149090,380,90,0,0
1007647,1,7,1138,11,0,51,134897.78,149090,380,90,0,0
1007787,1,8,1171,12,0,51,134897.78,149090,380,90,0,0
1007903,1,8,1205,12,0,51,134897.78,149090,380,90,0,0
1007994,1,8,1239,12,0,51,134897.78,149090,380,90,0,0
1008126,1,8,1239,13,0,51,134897.78,149090,380,90,0,0
1008247,1,9,1303,13,0,51,134897.78,149090,380,90,0,0
1008347,1,9,1300,13,0,51,134897.78,149090,380,90,0,0
1008448,1,9,1331,14,0,51,134897.78,149090,380,90,0,0
1008521,1,9,1331,14,0,51,134897.78,149090,380,90,0,0
1008721,1,10,1396,14,0,51,134898.81,149090,380,90,0,0
1008844,1,10,1395,14,0,51,134898.81,149090,380,90,0,0
1008947,1,10,1427,14,0,51,134898.81,149090,380,90,0,0
1009003,1,10,1427,14,0,51,134898.81,149090,380,90,0,0
1009167,1,10,1395,14,0,51,134898.81,149090,380,90,0,0
1009302,1,10,1419,3,0,51,134898.81,149090,380,90,0,0
1009422,1,10,1352,0,0,51,134898.81,149090,380,90,0,0
1009448,1,10,1370,0,0,51,134898.81,149090,380,90,0,0
1009647,1,10,1313,0,0,51,134898.81,149090,380,90,0,0
1009747,1,10,1289,0,0,51,134898.81,149090,380,90,0,0
1009894,1,10,1286,0,34,51,134898.81,149090,380,90,0,0
1009994,1,10,1278,0,16,51,134898.81,149090,380,90,0,0
1010125,1,9,1270,0,14,51,134898.81,149090,380,90,0,0
1010247,1,9,1229,0,12,51,134898.81,149090,380,90,0,0
1010347,1,9,1193,0,16,51,134898.81,149090,380,90,0,0
1010448,1,9,1193,0,28,51,134898.81,149090,380,90,0,0
1010505,1,9,1193,0,28,51,134898.81,149090,380,90,0,0
1010703,1,9,1160,0,28,51,134898.81,149090,380,90,0,0
1010821,1,8,1128,0,28,51,134898.81,149090,380,90,0,0
1010947,1,8,1127,0,0,51,134898.81,149090,380,90,0,0
1011003,1,8,1127,0,0,51,134899.81,149090,380,90,0,0
1011150,1,8,1093,0,0,51,134899.81,149090,380,90,0,0
1011303,1,8,1092,0,0,51,134899.81,149090,380,90,0,0
1011421,1,8,1060,0,0,51,134899.81,149090,380,90,0,0
1011534,1,8,1059,0,0,51,134899.81,149090,377,90,0,0
1011534,1,8,1059,0,0,51,134899.81,149090,377,90,0,0
1011747,1,8,1041,0,0,51,134899.81,149090,377,90,0,0
1011847,1,8,1082,0,0,51,134899.81,149090,377,90,0,0
1011994,1,8,1086,0,0,51,134899.81,149090,377,90,0,0
1012021,1,8,1086,0,0,51,134899.81,149090,377,90,0,0
1012221,1,7,1120,0,0,51,134899.81,149090,377,90,0,0
1012347,1,7,1069,0,0,51,134899.81,149090,377,90,0,0
1012448,1,7,1053,0,0,51,134899.81,149090,377,90,0,0
1012448,1,7,1053,0,0,51,134899.81,149090,377,90,0,0
1012694,1,7,1070,0,0,51,134899.81,149090,377,90,0,0
1012803,1,7,1116,6,0,51,134899.81,149090,377,90,0,0
1012921,1,7,1092,7,0,51,134899.81,149090,377,90,0,0
1013003,1,7,999,9,0,51,134899.81,149090,377,90,0,0
1013148,1,7,1003,9,0,51,134899.81,149090,377,90,0,0
1013247,1,7,1092,17,0,51,134899.81,149090,377,90,0,0
1013402,1,8,1104,21,0,51,134899.81,149090,377,90,0,0
1013502,1,8,1165,23,0,51,134899.81,149090,377,90,0,0
1013644,1,8,1204,23,0,51,134899.81,149090,377,90,0,0
1013747,1,8,1239,29,0,51,134900.81,149090,377,90,0,0
1013847,1,8,1272,30,0,51,134900.81,149090,377,90,0,0
1013994,1,9,1309,32,0,51,134900.81,149090,377,90,0,0
1014003,1,9,1309,32,0,51,134900.81,149090,377,90,0,0
1014221,1,9,1346,32,0,51,134900.81,149090,377,90,0,0
1014347,1,10,1382,32,0,51,134900.81,149090,377,90,0,0
1014448,1,10,1416,32,0,51,134900.81,149090,377,90,0,0
1014502,1,10,1448,32,0,51,134900.81,149090,377,90,0,0
1014694,1,10,1500,32,0,51,134900.81,149090,377,90,0,0
1014803,1,10,1522,32,0,51,134900.81,149090,377,90,0,0
1014921,1,11,1542,32,0,51,134900.81,149090,377,90,0,0
1015002,1,11,1597,32,0,51,134900.81,149090,377,90,0,0
1015147,1,11,1594,32,0,51,134900.81,149090,377,90,0,0
1015286,1,11,1630,31,0,51,134900.81,149090,377,90,0,0
1015403,1,11,1633,29,0,51,134901.83,149090,377,90,0,0
1015502,1,11,1661,24,0,51,134901.83,149090,377,90,0,0
1015634,1,11,1661,24,0,51,134901.83,149090,377,90,0,0
1015747,1,12,1678,21,0,51,134901.83,149090,377,90,0,0
1015847,1,12,1673,21,0,51,134901.83,149090,377,90,0,0
1015947,1,12,1671,21,0,51,134901.83,149090,377,90,0,0
1016121,1,12,1704,21,0,51,134901.83,149090,377,90,0,0
1016221,1,12,1705,21,0,51,134901.83,149090,377,90,0,0
1016347,1,12,1704,20,0,51,134901.83,149090,377,90,0,0
1016447,1,12,1704,20,0,51,134901.83,149090,377,90,0,0
1016524,1,12,1704,20,0,51,134901.83,149090,377,90,0,0
1016703,1,12,1702,18,0,51,134901.83,149090,377,90,0,0
1016821,1,12,1702,12,0,51,134901.83,149090,377,90,0,0
1016921,1,12,1701,4,0,51,134901.83,149090,377,90,0,0
1017003,1,12,1667,1,0,51,134901.83,149090,377,90,0,0
1017147,1,12,1682,1,0,51,134901.83,149090,377,90,0,0
1017294,1,12,1607,0,0,51,134901.83,149090,377,90,0,0
1017402,1,11,1604,0,0,51,134901.83,149090,377,90,0,0
1017494,1,11,1571,0,0,51,134901.83,149090,377,90,0,0
1017644,1,11,1533,0,0,51,134901.83,149090,377,90,0,0
1017747,1,10,1500,0,0,51,134901.83,149090,377,90,0,0
1017847,1,10,1469,0,0,51,134902.83,149090,377,90,0,0
1018002,1,10,1434,5,0,51,134902.83,149090,377,90,0,0
1018002,1,10,1434,5,0,51,134902.83,149090,377,90,0,0
1018247,1,9,1338,16,0,51,134902.83,149090,377,90,0,0
1018347,1,9,1307,21,0,51,134902.83,149090,377,90,0,0
1018447,1,9,1343,29,0,51,134902.83,149090,377,90,0,0
1018549,1,9,1316,32,0,51,134902.83,149090,377,90,0,0
1018702,1,9,1326,38,0,51,134902.83,149090,377,90,0,0
1018821,1,9,1367,38,0,51,134902.83,149090,377,90,0,0
1018947,1,9,1297,39,0,51,134902.83,149090,377,90,0,0
1019033,1,9,1297,44,0,51,134902.83,149090,377,90,0,0
1019147,1,9,1305,44,0,51,134902.83,149090,377,90,0,0
1019303,1,9,1376,70,0,51,134902.83,149090,377,90,0,0
1019419,1,9,1499,75,0,51,134902.83,149090,377,90,0,0
1019494,1,10,1482,75,0,51,134902.83,149090,377,90,0,0
1019703,1,10,1569,75,0,51,134902.83,149090,377,90,0,0
1019803,1,11,1633,75,0,51,134902.83,149090,377,90,0,0
1019921,1,12,1703,64,0,51,134902.83,149090,377,90,0,0
1020003,1,12,1738,62,0,51,134903.88,149090,377,90,0,0
1020147,1,12,1786,62,0,51,134903.88,149090,377,90,0,0
1020294,1,13,1875,62,0,51,134903.88,149090,377,90,0,0
1020403,1,13,1901,42,0,51,134903.88,149090,377,90,0,0
1020494,1,13,1869,42,0,51,134903.88,149090,377,90,0,0
1020644,1,13,1702,0,0,51,134903.88,149090,377,90,0,0
1020748,1,13,1658,0,0,51,134903.88,149090,377,90,0,0
1020847,1,14,1586,0,0,51,134903.88,149090,377,90,0,0
1020994,1,13,1518,0,0,51,134903.88,149090,377,90,0,0
1021021,1,13,1518,0,0,51,134903.88,149090,377,90,0,0
1021221,1,13,1448,0,0,51,134903.88,149090,377,90,0,0
1021348,1,13,1360,0,0,51,134903.88,149090,377,90,0,0
1021447,1,13,1300,0,0,51,134903.88,149090,377,90,0,0
1021504,1,13,1268,3,0,51,134903.88,149090,377,90,0,0
1021699,1,13,978,3,0,51,134903.88,149090,377,90,0,0
1021803,1,13,1008,3,0,51,134903.88,149090,377,90,0,0
1021921,1,13,1035,0,0,51,134903.88,149090,377,90,0,0
1022021,1,13,1135,0,0,51,134904.89,149090,377,90,0,0
1022147,1,13,1213,0,0,51,134904.89,149090,377,90,0,0
1022286,1,13,1202,0,38,51,134904.89,149090,377,90,0,0
1022403,1,13,1172,0,48,51,134904.89,149090,377,90,0,0
1022521,1,12,1120,0,56,51,134904.89,149090,377,90,0,0
1022655,1,12,1147,0,64,51,134904.89,149090,377,90,0,0
1022747,1,11,1141,0,98,51,134904.89,149090,377,90,0,0
1022894,1,10,1105,0,100,51,134904.89,149090,377,90,0,0
1023003,1,9,1104,0,100,51,134904.89,149090,377,90,0,0
1023121,1,8,1068,0,100,51,134904.89,149090,377,90,0,0
1023247,1,7,1066,0,102,51,134904.89,149090,377,90,0,0
1023348,1,6,1065,0,102,51,134904.89,149090,377,90,0,0
1023448,1,5,1065,0,100,51,134904.89,149090,377,90,0,0
1023448,1,5,1065,0,100,51,134904.89,149090,377,90,0,0
1023721,1,3,1032,0,100,51,134904.89,149090,377,90,0,0
1023821,1,3,1000,0,100,51,134904.89,149090,377,90,0,0
1023947,1,0,997,0,64,51,134904.89,149090,377,90,0,0
1023994,1,0,997,0,64,51,134904.89,149090,377,90,0,0
1024147,1,0,931,0,26,51,134904.89,149090,377,90,0,0
1024303,1,0,864,0,8,51,134904.89,149090,377,90,0,0
1024419,1,0,893,0,0,51,134904.89,149090,377,90,0,0
1024521,1,0,862,0,0,51,134904.89,149090,377,90,0,0
1024654,1,0,863,0,0,51,134904.89,149090,377,90,0,0
1024786,1,0,833,0,0,51,134904.89,149090,377,90,0,0
1024903,1,0,832,0,0,51,134905.89,149090,377,90,0,0
1025021,1,0,863,0,0,51,134905.89,149090,377,90,0,0
1025147,1,0,861,0,0,51,134905.89,149090,377,90,0,0
1025247,1,0,861,0,0,51,134905.89,149090,377,90,0,0
1025348,1,0,893,0,0,51,134905.89,149090,377,90,0,0
1025503,1,0,931,0,0,51,134905.89,149090,377,90,0,0
1025544,1,0,1042,0,0,51,134905.89,149090,377,90,0,0
1025721,1,0,1220,0,0,51,134905.89,149090,377,90,0,0
1025847,1,0,1208,0,0,51,134905.89,149090,377,90,0,0
1025947,1,0,1177,0,0,51,134905.89,149090,377,90,0,0
1026005,1,0,1209,0,0,51,134905.89,149090,377,90,0,0
1026203,1,0,1323,8,0,51,134905.89,149090,377,90,0,0
1026306,1,0,1391,10,0,51,134905.89,149090,377,90,0,0
1026422,1,3,1420,13,0,51,134905.89,149090,377,90,0,0
1026536,1,4,1437,14,0,51,134905.89,149090,377,90,0,0
1026678,1,4,1387,14,0,51,134906.92,149090,377,90,0,0
1026795,1,4,1357,16,0,51,134906.92,149090,377,90,0,0
1026903,1,7,1321,16,0,51,134906.92,149090,377,90,0,0
1027021,1,9,1217,16,0,51,134906.92,149090,377,90,0,0
1027021,1,9,1217,16,0,51,134906.92,149090,377,90,0,0
1027247,1,10,1457,0,0,51,134906.92,149090,377,90,0,0
1027348,1,10,1691,0,0,51,134906.92,149090,377,90,0,0
1027503,1,10,1810,0,0,51,134907.92,149090,377,90,0,0
1027503,1,10,1810,0,0,51,134907.92,149090,377,90,0,0
1027747,1,10,1706,0,0,51,134907.92,149090,377,90,0,0
1027847,1,10,1636,0,0,51,134907.92,149090,377,90,0,0
1027948,1,9,1626,0,0,51,134907.92,149090,377,90,0,0
1028006,1,9,1594,0,0,51,134907.92,149090,377,90,0,0
1028203,1,9,1497,0,0,51,134907.92,149090,377,90,0,0
1028321,1,9,1461,0,0,51,134907.92,149090,377,90,0,0
1028450,1,9,1389,0,0,51,134907.92,149090,377,90,0,0
1028541,1,9,1357,0,0,51,134907.92,149090,377,90,0,0
1028666,1,9,1323,0,0,51,134907.92,149090,377,90,0,0
1028803,1,9,1254,0,4,51,134907.92,149090,377,90,0,0
1028921,1,9,1221,0,8,51,134907.92,149090,377,90,0,0
1029003,1,9,1221,0,6,51,134907.92,149090,377,90,0,0
1029148,1,8,1194,0,12,51,134907.92,149090,377,90,0,0
1029248,1,8,1160,0,12,51,134907.92,149090,377,90,0,0
1029395,1,8,1123,0,14,51,134907.92,149090,377,90,0,0
1029503,1,8,1121,0,16,51,134907.92,149090,377,90,0,0
1029651,1,8,1090,0,18,51,134907.92,149090,377,90,0,0
1029748,1,7,1092,0,24,51,134907.92,149090,377,90,0,0
1029848,1,7,1093,0,32,51,134907.92,149090,377,90,0,0
1029995,1,7,1061,0,32,51,134907.92,149090,377,90,0,0
1030031,1,7,1061,0,32,51,134907.92,149090,377,90,0,0
1030221,1,6,1059,0,32,51,134908.94,149090,377,90,0,0
1030348,1,6,1033,0,58,51,134908.94,149090,377,90,0,0
1030448,1,5,1033,0,58,51,134908.94,149090,377,90,0,0
1030522,1,5,1033,0,58,51,134908.94,149090,377,90,0,0
1030695,1,5,997,0,60,51,134908.94,149090,377,90,0,0
1030803,1,4,995,0,70,51,134908.94,149090,377,90,0,0
1030923,1,3,993,0,68,51,134908.94,149090,377,90,0,0
1031021,1,2,992,0,68,51,134908.94,149090,377,90,0,0
1031166,1,2,992,0,64,51,134908.94,149090,377,90,0,0
1031286,1,0,959,0,22,51,134908.94,149090,377,90,0,0
1031395,1,0,895,0,14,51,134908.94,149090,377,90,0,0
1031503,1,0,893,0,16,51,134908.94,149090,377,90,0,0
1031538,1,0,893,0,16,51,134908.94,149090,377,90,0,0
1031748,1,0,862,0,0,51,134908.94,149090,377,90,0,0
1031854,1,0,833,0,0,51,134908.94,149090,377,90,0,0
1031948,1,0,833,0,0,51,134908.94,149090,377,90,0,0
1032021,1,0,833,0,0,51,134908.94,149090,377,90,0,0
1032213,1,0,863,0,0,51,134908.94,149090,377,90,0,0
1032321,1,0,861,0,0,51,134908.94,149090,377,90,0,0
1032449,1,0,861,0,0,51,134908.94,149090,377,90,0,0
1032521,1,0,861,0,0,51,134908.94,149090,377,90,0,0
1032649,1,0,830,0,0,51,134908.94,149090,377,90,0,0
1032803,1,0,863,0,0,51,134908.94,149090,377,90,0,0
1032921,1,0,863,0,0,51,134908.94,149090,377,90,0,0
1033021,1,0,863,0,0,51,134908.94,149090,377,90,0,0
1033161,1,0,863,0,0,51,134908.94,149090,377,90,0,0
1033248,1,0,862,0,0,51,134908.94,149090,377,90,0,0
1033395,1,0,895,0,0,51,134908.94,149090,377,90,0,0
1033495,1,0,1030,0,0,51,134908.94,149090,377,90,0,0
1033531,1,0,1030,0,0,51,134908.94,149090,377,90,0,0
1033745,1,0,1123,0,0,51,134908.94,149090,377,90,0,0
1033848,1,0,1091,0,0,51,134909.95,149090,377,90,0,0
1033949,1,0,1081,0,0,51,134909.95,149090,377,90,0,0
1034021,1,0,1049,0,0,51,134909.95,149090,377,90,0,0
1034203,1,0,1100,0,0,51,134909.95,149090,377,90,0,0
1034321,1,3,1079,0,0,51,134909.95,149090,377,90,0,0
1034438,1,4,1018,0,0,51,134909.95,149090,377,90,0,0
1034505,1,4,982,0,0,51,134909.95,149090,377,90,0,0
1034648,1,4,974,0,0,51,134909.95,149090,377,91,0,0
1034795,1,5,1213,0,0,51,134909.95,149090,377,91,0,0
1034904,1,5,1303,0,0,51,134909.95,149090,377,91,0,0
1035005,1,5,1371,0,44,51,134909.95,149090,377,91,0,0
1035005,1,5,1371,0,44,51,134909.95,149090,377,91,0,0
1035248,1,5,1265,0,16,51,134910.97,149090,377,91,0,0
1035349,1,4,1208,0,28,51,134910.97,149090,377,91,0,0
1035505,1,4,1186,0,28,51,134910.97,149090,377,91,0,0
1035520,1,4,1186,0,28,51,134910.97,149090,377,91,0,0
1035721,1,4,1120,0,28,51,134910.97,149090,377,91,0,0
1035852,1,4,1076,0,0,51,134910.97,149090,377,91,0,0
1035949,1,3,1040,0,0,51,134910.97,149090,377,91,0,0
1036021,1,3,1008,0,0,51,134910.97,149090,377,91,0,0
1036166,1,3,1004,0,0,51,134910.97,149090,377,91,0,0
1036304,1,3,1040,0,0,51,134910.97,149090,377,91,0,0
1036423,1,2,1113,0,0,51,134910.97,149090,377,91,0,0
1036505,1,2,1108,0,0,51,134910.97,149090,377,91,0,0
1036648,1,2,1091,0,0,51,134910.97,149090,377,91,0,0
1036786,1,3,1211,10,0,51,134910.97,149090,377,91,0,0
1036904,1,3,1370,11,0,51,134910.97,149090,377,91,0,0
1037021,1,4,1441,11,0,51,134910.97,149090,377,91,0,0
1037159,1,4,1493,10,0,51,134911.97,149090,377,91,0,0
1037248,1,5,1493,10,0,51,134911.97,149090,377,91,0,0
1037351,1,6,1483,10,0,51,134911.97,149090,377,91,0,0
1037495,1,7,1352,8,0,51,134911.97,149090,377,91,0,0
1037531,1,8,1352,0,0,51,134911.97,149090,377,91,0,0
1037721,1,8,1122,0,0,51,134911.97,149090,377,91,0,0
1037851,1,8,1448,0,0,51,134911.97,149090,377,91,0,0
1037948,1,8,1599,0,0,51,134911.97,149090,377,91,0,0
1038021,1,8,1631,0,0,51,134911.97,149090,377,91,0,0
1038166,1,8,1643,0,0,51,134912.98,149090,377,91,0,0
1038321,1,7,1562,0,6,51,134912.98,149090,377,91,0,0
1038438,1,7,1509,0,10,51,134912.98,149090,377,91,0,0
1038521,1,7,1440,0,10,51,134912.98,149090,377,91,0,0
1038648,1,7,1441,0,12,51,134912.98,149090,377,91,0,0
1038795,1,7,1337,0,14,51,134912.98,149090,377,91,0,0
1038904,1,6,1301,0,20,51,134912.98,149090,377,91,0,0
1039021,1,6,1266,0,22,51,134912.98,149090,377,91,0,0
1039158,1,6,1265,0,24,51,134912.98,149090,377,91,0,0
1039248,1,6,1193,0,22,51,134912.98,149090,377,91,0,0
1039350,1,6,1158,0,6,51,134912.98,149090,377,91,0,0
1039507,1,6,1124,0,4,51,134912.98,149090,377,91,0,0
1039645,1,6,1092,0,4,51,134912.98,149090,377,91,0,0
1039748,1,6,1093,0,2,51,134912.98,149090,377,91,0,0
1039849,1,6,1060,0,4,51,134912.98,149090,377,91,0,0
1039996,1,6,1059,0,4,51,134912.98,149090,377,91,0,0
1040018,1,6,1059,0,4,51,134912.98,149090,377,91,0,0
1040221,1,6,1025,0,4,51,134912.98,149090,377,91,0,0
1040349,1,6,1025,0,0,51,134912.98,149090,377,91,0,0
1040449,1,6,1025,0,0,51,134912.98,149090,377,91,0,0
1040560,1,6,993,0,0,51,134912.98,149090,377,91,0,0
1040669,1,6,993,0,0,51,134912.98,149090,377,91,0,0
1040804,1,5,994,0,0,51,134912.98,149090,377,91,0,0
1040921,1,6,995,0,0,51,134912.98,149090,377,91,0,0
1041001,1,6,1042,0,0,51,134912.98,149090,377,91,0,0
1041146,1,6,992,0,0,51,134912.98,149090,377,91,0,0
1041286,1,6,1025,0,0,51,134914.00,149090,377,91,0,0
1041404,1,6,1021,0,0,51,134914.00,149090,377,91,0,0
1041501,1,6,1022,0,0,51,134914.00,149090,374,91,0,0
1041648,1,6,1017,0,16,51,134914.00,149090,374,91,0,0
1041748,1,7,1013,0,16,51,134914.00,149090,374,91,0,0
1041848,1,7,1008,0,24,51,134914.00,149090,374,91,0,0
1042005,1,6,973,0,46,51,134914.00,149090,374,91,0,0
1042046,1,6,968,0,46,51,134914.00,149090,374,91,0,0
1042221,1,5,964,0,48,51,134914.00,149090,374,91,0,0
1042349,1,5,960,0,48,51,134914.00,149090,374,91,0,0
1042449,1,5,960,0,42,51,134914.00,149090,374,91,0,0
1042559,1,5,961,0,28,51,134914.00,149090,374,91,0,0
1042668,1,5,961,0,28,51,134914.00,149090,374,91,0,0
1042821,1,5,991,0,14,51,134914.00,149090,374,91,0,0
1042921,1,5,991,0,14,51,134914.00,149090,374,91,0,0
1043036,1,5,990,0,14,51,134914.00,149090,374,91,0,0
1043181,1,5,990,0,16,51,134914.00,149090,374,91,0,0
1043301,1,5,989,0,22,51,134914.00,149090,374,91,0,0
1043404,1,4,989,0,24,51,134914.00,149090,374,91,0,0
1043520,1,4,989,0,26,51,134914.00,149090,374,91,0,0
1043520,1,4,989,0,26,51,134914.00,149090,374,91,0,0
1043748,1,4,957,0,36,51,134914.00,149090,374,91,0,0
1043896,1,4,957,0,36,51,134914.00,149090,374,91,0,0
1044001,1,3,957,0,38,51,134914.00,149090,374,91,0,0
1044001,1,3,957,0,38,51,134914.00,149090,374,91,0,0
1044248,1,3,923,0,10,51,134914.00,149090,374,91,0,0
1044351,1,3,923,0,14,51,134914.00,149090,374,91,0,0
1044449,1,3,890,0,16,51,134914.00,149090,374,91,0,0
1044557,1,3,889,0,16,51,134914.00,149090,374,91,0,0
1044720,1,3,856,0,16,51,134915.02,149090,374,91,0,0
1044820,1,3,856,0,8,51,134915.02,149090,374,91,0,0
1044948,1,3,856,0,4,51,134915.02,149090,374,91,0,0
1045001,1,3,856,0,4,51,134915.02,149090,374,91,0,0
1045165,1,3,856,0,8,51,134915.02,149090,374,91,0,0
1045304,1,2,855,0,14,51,134915.02,149090,374,91,0,0
1045423,1,2,854,0,14,51,134915.02,149090,374,92,0,0
1045540,1,2,853,0,14,51,134915.02,149090,374,92,0,0
1045549,1,2,853,0,20,51,134915.02,149090,374,92,0,0
1045785,1,0,853,0,24,51,134915.02,149090,374,92,0,0
1045901,1,0,853,0,14,51,134915.02,149090,374,92,0,0
1046020,1,0,853,0,6,51,134915.02,149090,374,92,0,0
1046052,1,0,853,0,10,51,134915.02,149090,374,92,0,0
1046248,1,0,853,0,10,51,134915.02,149090,374,92,0,0
1046351,1,0,853,0,8,51,134915.02,149090,374,92,0,0
1046501,1,0,853,0,2,51,134915.02,149090,374,92,0,0
1046528,1,0,853,0,2,51,134915.02,149090,374,92,0,0
1046720,1,0,852,0,0,51,134915.02,149090,374,92,0,0
1046851,1,0,853,0,0,51,134915.02,149090,374,92,0,0
1046948,1,0,853,0,0,51,134915.02,149090,374,92,0,0
1047020,1,0,853,0,0,51,134915.02,149090,374,92,0,0
1047204,1,0,853,0,0,51,134915.02,149090,374,92,0,0
1047320,1,0,852,0,0,51,134915.02,149090,374,92,0,0
1047437,1,0,852,0,0,51,134915.02,149090,374,92,0,0
1047554,1,0,853,0,0,51,134915.02,149090,374,92,0,0
1047666,1,0,853,0,0,51,134915.02,149090,374,92,0,0
1047785,1,0,964,0,0,51,134915.02,149090,374,92,0,0
1047901,1,0,1164,0,0,51,134915.02,149090,374,92,0,0
1048020,1,0,1147,0,0,51,134915.02,149090,374,92,0,0
1048050,1,0,1140,0,0,51,134915.02,149090,374,92,0,0
1048248,1,0,1134,0,0,51,134915.02,149090,374,92,0,0
1048351,1,2,1181,0,0,51,134915.02,149090,374,92,0,0
1048501,1,3,1213,0,0,51,134916.02,149090,374,92,0,0
1048535,1,3,1213,0,0,51,134916.02,149090,374,92,0,0
1048733,1,4,1115,0,0,51,134916.02,149090,374,92,0,0
1048851,1,4,1107,0,0,51,134916.02,149090,374,92,0,0
1048948,1,4,1116,0,0,51,134916.02,149090,374,92,0,0
1049036,1,5,1116,0,0,51,134916.02,149090,374,92,0,0
1049177,1,5,1088,0,0,51,134916.02,149090,374,92,0,0
1049320,1,6,1114,0,0,51,134916.02,149090,374,92,0,0
1049441,1,6,1113,0,0,51,134916.02,149090,374,92,0,0
1049520,1,6,1175,0,0,51,134916.02,149090,374,92,0,0
1049666,1,6,1164,0,0,51,134916.02,149090,374,92,0,0
1049795,1,6,1203,0,0,51,134916.02,149090,374,92,0,0
1049915,1,6,1155,0,0,51,134916.02,149090,374,92,0,0
1050020,1,6,1144,0,0,51,134916.02,149090,374,92,0,0
1050050,1,6,1137,0,0,51,134916.02,149090,374,92,0,0
1050248,1,6,1097,0,0,51,134916.02,149090,374,92,0,0
1050351,1,6,1100,0,0,51,134916.02,149090,374,92,0,0
1050495,1,6,1101,0,0,51,134917.02,149090,374,92,0,0
1050502,1,6,1101,0,0,51,134917.02,149090,374,92,0,0
1050720,1,6,1101,0,0,51,134917.02,149090,374,92,0,0
1050820,1,6,1067,0,0,51,134917.02,149090,374,92,0,0
1050948,1,6,1067,0,0,51,134917.02,149090,374,92,0,0
1051020,1,6,1067,0,0,51,134917.02,149090,374,92,0,0
1051165,1,6,1066,0,0,51,134917.02,149090,374,92,0,0
1051301,1,6,1065,0,0,51,134917.02,149090,374,92,0,0
1051423,1,6,1064,0,0,51,134917.02,149090,374,92,0,0
1051548,1,6,1063,0,0,51,134917.02,149090,374,92,0,0
1051548,1,6,1063,0,0,51,134917.02,149090,374,92,0,0
1051801,1,6,1063,0,0,51,134917.02,149090,374,92,0,0
1051915,1,6,1031,0,0,51,134917.02,149090,374,92,0,0
1052020,1,6,1031,0,0,51,134917.02,149090,374,92,0,0
1052050,1,6,1032,0,0,51,134917.02,149090,374,92,0,0
1052252,1,6,1065,0,0,51,134917.02,149090,374,92,0,0
1052351,1,6,1001,0,0,51,134917.02,149090,374,92,0,0
1052501,1,6,1020,0,0,51,134917.02,149090,374,92,0,0
1052539,1,6,1020,0,0,51,134917.02,149090,374,92,0,0
1052730,1,6,963,0,0,51,134917.02,149090,374,92,0,0
1052851,1,6,963,0,0,51,134917.02,149090,374,92,0,0
1052948,1,6,961,0,0,51,134917.02,149090,374,92,0,0
1053048,1,6,960,0,0,51,134917.02,149090,374,92,0,0
1053175,1,6,960,0,0,51,134917.02,149090,374,92,0,0
1053320,1,6,960,0,0,51,134917.02,149090,374,92,0,0
1053437,1,6,991,0,0,51,134917.02,149090,374,92,0,0
1053548,1,6,991,0,0,51,134917.02,149090,374,92,0,0
1053687,1,6,991,0,0,51,134917.02,149090,374,92,0,0
1053801,1,6,990,0,0,51,134917.02,149090,374,92,0,0
1053920,1,6,989,0,0,51,134917.02,149090,374,92,0,0
1054037,1,6,989,0,0,51,134918.03,149090,374,92,0,0
1054048,1,6,989,0,0,51,134918.03,149090,374,92,0,0
1054251,1,6,1004,0,0,51,134918.03,149090,374,92,0,0
1054351,1,6,1042,0,0,51,134918.03,149090,374,92,0,0
1054501,1,6,1049,0,0,51,134918.03,149090,374,92,0,0
1054548,1,6,1049,0,0,51,134918.03,149090,374,92,0,0
1054720,1,6,1049,0,0,51,134918.03,149090,374,92,0,0
1054851,1,6,1047,0,0,51,134918.03,149090,374,92,0,0
1054948,1,6,1052,0,0,51,134918.03,149090,374,92,0,0
1055045,1,6,1052,0,0,51,134918.03,149090,374,92,0,0
1055173,1,6,1025,0,0,51,134918.03,149090,374,92,0,0
1055320,1,7,1002,0,0,51,134918.03,149090,374,92,0,0
1055439,1,7,1035,0,0,51,134918.03,149090,374,92,0,0
1055537,1,7,1039,0,0,51,134918.03,149090,374,92,0,0
1055537,1,7,1039,0,0,51,134918.03,149090,374,92,0,0
1055795,1,7,1061,0,0,51,134918.03,149090,374,92,0,0
1055901,1,7,1026,0,0,51,134918.03,149090,374,92,0,0
1056020,1,7,1024,0,0,51,134918.03,149090,374,92,0,0
1056050,1,7,1024,0,0,51,134918.03,149090,374,92,0,0
1056249,1,7,1059,0,0,51,134918.03,149090,374,92,0,0
1056351,1,7,1061,0,0,51,134918.03,149090,374,92,0,0
1056495,1,7,1057,0,0,51,134918.03,149090,374,92,0,0
1056559,1,7,1086,0,0,51,134918.03,149090,374,92,0,0
1056720,1,7,1086,0,0,51,134918.03,149090,374,92,0,0
1056848,1,7,1024,0,0,51,134919.05,149090,374,92,0,0
1056948,1,7,1057,0,0,51,134919.05,149090,374,92,0,0
1057048,1,7,1057,0,0,51,134919.05,149090,374,92,0,0
1057201,1,7,1057,0,0,51,134919.05,149090,374,92,0,0
1057320,1,7,1086,0,0,51,134919.05,149090,374,92,0,0
1057422,1,7,1048,0,0,51,134919.05,149090,374,92,0,0
1057548,1,7,1040,0,0,51,134919.05,149090,374,92,0,0
1057548,1,7,1040,0,0,51,134919.05,149090,374,92,0,0
1057753,1,7,1063,0,0,51,134919.05,149090,374,92,0,0
1057895,1,7,1025,0,0,51,134919.05,149090,374,92,0,0
1058001,1,7,1052,0,0,51,134919.05,149090,374,92,0,0
1058048,1,7,1052,0,0,51,134919.05,149090,374,92,0,0
1058201,1,7,1050,0,0,51,134919.05,149090,374,92,0,0
1058351,1,7,1052,0,0,51,134919.05,149090,374,92,0,0
1058448,1,7,1020,0,0,51,134919.05,149090,374,92,0,0
1058537,1,7,1020,0,0,51,134919.05,149090,374,92,0,0
1058695,1,7,1017,0,0,51,134919.05,149090,374,92,0,0
1058820,1,7,1018,0,0,51,134919.05,149090,374,92,0,0
1058948,1,7,1018,0,0,51,134919.05,149090,374,92,0,0
1059048,1,7,1017,0,0,51,134919.05,149090,374,92,0,0
1059196,1,7,985,0,0,51,134919.05,149090,374,92,0,0
1059301,1,6,985,0,0,51,134919.05,149090,374,92,0,0
1059422,1,6,984,0,0,51,134919.05,149090,374,92,0,0
1059548,1,6,952,0,0,51,134919.05,149090,374,92,0,0
1059683,1,6,952,0,0,51,134919.05,149090,374,92,0,0
1059795,1,6,952,0,0,51,134919.05,149090,374,92,0,0
1059915,1,6,953,0,0,51,134919.05,149090,374,92,0,0
1060020,1,6,953,0,0,51,134919.05,149090,374,92,0,0
1060048,1,6,953,0,0,51,134919.05,149090,374,92,0,0
1060248,1,6,954,0,0,51,134919.05,149090,374,92,0,0
1060351,1,6,953,6,0,51,134920.05,149090,374,92,0,0
1060448,1,6,954,10,0,51,134920.05,149090,374,92,0,0
1060548,1,6,987,12,0,51,134920.05,149090,374,92,0,0
1060720,1,6,987,12,0,51,134920.05,149090,374,92,0,0
1060851,1,6,898,19,0,51,134920.05,149090,374,92,0,0
1060948,1,6,1000,23,0,51,134920.05,149090,374,92,0,0
1061048,1,7,1041,24,0,51,134920.05,149090,374,92,0,0
1061170,1,7,1009,24,0,51,134920.05,149090,374,92,0,0
1061320,1,7,1010,25,0,51,134920.05,149090,374,92,0,0
1061437,1,7,1114,25,0,51,134920.05,149090,374,92,0,0
1061554,1,8,1118,25,0,51,134920.05,149090,374,92,0,0
1061554,1,8,1118,25,0,51,134920.05,149090,374,92,0,0
1061785,1,8,1215,25,0,51,134920.05,149090,374,92,0,0
1061900,1,8,1224,12,0,51,134920.05,149090,374,92,0,0
1062048,1,9,1240,7,0,51,134920.05,149090,374,92,0,0
1062048,1,9,1240,7,0,51,134920.05,149090,374,92,0,0
1062320,1,9,1267,5,0,51,134920.05,149090,374,92,0,0
1062437,1,9,1259,5,0,51,134920.05,149090,374,92,0,0
1062548,1,9,1256,6,0,51,134920.05,149090,374,92,0,0
1062548,1,9,1256,6,0,51,134920.05,149090,374,92,0,0
1062750,1,9,1262,6,0,51,134920.05,149090,374,92,0,0
1062895,1,9,1261,9,0,51,134920.05,149090,374,92,0,0
1063000,1,9,1294,9,0,51,134920.05,149090,374,92,0,0
1063048,1,9,1296,9,0,51,134920.05,149090,374,92,0,0
1063220,1,9,1296,9,0,51,134921.05,149090,374,92,0,0
1063351,1,9,1266,9,0,51,134921.05,149090,374,92,0,0
1063449,1,9,1267,9,0,51,134921.05,149090,374,92,0,0
1063548,1,9,1300,10,0,51,134921.05,149090,374,92,0,0
1063720,1,9,1300,10,0,51,134921.05,149090,374,92,0,0
1063820,1,9,1301,10,0,51,134921.05,149090,374,92,0,0
1063948,1,9,1300,10,0,51,134921.05,149090,374,92,0,0
1064048,1,9,1300,10,0,51,134921.05,149090,374,92,0,0
1064200,1,9,1332,10,0,51,134921.05,149090,374,92,0,0
1064320,1,9,1333,10,0,51,134921.05,149090,374,92,0,0
1064440,1,9,1333,10,0,51,134921.05,149090,374,92,0,0
1064548,1,9,1332,10,0,51,134921.05,149090,374,92,0,0
1064548,1,9,1332,10,0,51,134921.05,149090,374,92,0,0
1064800,1,9,1332,10,0,51,134921.05,149090,374,92,0,0
1064920,1,9,1364,8,0,51,134921.05,149090,374,92,0,0
1065035,1,9,1363,3,0,51,134921.05,149090,374,92,0,0
1065048,1,9,1329,3,0,51,134921.05,149090,374,92,0,0
1065269,1,9,1284,3,0,51,134921.05,149090,374,92,0,0
1065350,1,9,1279,0,0,51,134921.05,149090,374,92,0,0
1065501,1,9,1307,1,0,51,134921.05,149090,374,92,0,0
1065548,1,9,1303,1,0,51,134921.05,149090,374,92,0,0
1065720,1,9,1303,3,0,51,134921.05,149090,374,92,0,0
1065851,1,8,1239,4,0,51,134921.05,149090,374,92,0,0
1065948,1,8,1239,6,0,51,134921.05,149090,374,92,0,0
1066048,1,8,1240,9,0,51,134921.05,149090,374,92,0,0
1066048,1,8,1240,9,0,51,134921.05,149090,374,92,0,0
1066320,1,8,1211,13,0,51,134921.05,149090,374,92,0,0
1066437,1,8,1212,13,0,51,134921.05,149090,374,92,0,0
1066548,1,8,1185,14,0,51,134922.06,149090,374,92,0,0
1066548,1,8,1185,14,0,51,134922.06,149090,374,92,0,0
1066785,1,8,1224,16,0,51,134922.06,149090,374,92,0,0
1066909,1,8,1260,24,0,51,134922.06,149090,374,92,0,0
1067020,1,8,1236,24,0,51,134922.06,149090,374,92,0,0
1067048,1,8,1211,24,0,51,134922.06,149090,374,92,0,0
1067248,1,9,1250,24,0,51,134922.06,149090,374,92,0,0
1067350,1,9,1285,24,0,51,134922.06,149090,374,92,0,0
1067449,1,9,1286,24,0,51,134922.06,149090,374,92,0,0
1067550,1,9,1286,24,0,51,134922.06,149090,374,92,0,0
1067720,1,9,1318,24,0,51,134922.06,149090,374,92,0,0
1067820,1,9,1350,26,0,51,134922.06,149090,374,92,0,0
1067948,1,9,1382,32,0,51,134922.06,149090,374,92,0,0
1068048,1,10,1383,43,0,51,134922.06,149090,374,92,0,0
1068111,1,10,1415,57,0,51,134922.06,149090,374,92,0,0
1068320,1,10,1476,63,0,51,134922.06,149090,374,92,0,0
1068439,1,11,1536,64,0,51,134922.06,149090,374,92,0,0
1068548,1,11,1587,65,0,51,134922.06,149090,374,92,0,0
1068548,1,11,1587,65,0,51,134922.06,149090,374,92,0,0
1068800,1,12,1756,76,0,51,134923.11,149090,374,92,0,0
1068920,1,13,1799,77,0,51,134923.11,149090,374,92,0,0
1069035,1,13,1843,76,0,51,134923.11,149090,374,92,0,0
1069048,1,13,1915,76,0,51,134923.11,149090,374,92,0,0
1069267,1,14,1996,71,0,51,134923.11,149090,374,92,0,0
1069350,1,14,2025,59,0,51,134923.11,149090,374,92,0,0
1069500,1,15,2094,57,0,51,134923.11,149090,374,92,0,0
1069548,1,15,2126,57,0,51,134923.11,149090,374,92,0,0
1069728,1,15,2158,51,0,51,134923.11,149090,374,92,0,0
1069850,1,15,2202,45,0,51,134923.11,149090,374,92,0,0
1069948,1,16,2225,38,0,51,134924.12,149090,374,92,0,0
1070048,1,16,2214,28,0,51,134924.12,149090,374,92,0,0
1070220,1,16,2214,19,0,51,134924.12,149090,374,92,0,0
1070322,1,16,2235,1,0,51,134924.12,149090,374,92,0,0
1070449,1,16,2145,0,0,51,134924.12,149090,374,92,0,0
1070548,1,15,2176,0,0,51,134924.12,149090,374,92,0,0
1070702,1,15,2176,0,0,51,134924.12,149090,374,92,0,0
1070800,1,15,2173,0,0,51,134924.12,149090,374,92,0,0
1070920,1,15,2112,0,0,51,134924.12,149090,374,92,0,0
1071048,1,15,2093,0,0,51,134924.12,149090,374,92,0,0
1071048,1,15,2093,0,0,51,134924.12,149090,374,92,0,0
1071285,1,14,2008,0,0,51,134924.12,149090,374,92,0,0
1071400,1,14,1968,0,0,51,134924.12,149090,374,92,0,0
1071500,1,14,1944,0,0,51,134924.12,149090,371,92,0,0
1071548,1,13,1901,0,0,51,134924.12,149090,371,92,0,0
1071748,1,13,1806,0,0,51,134924.12,149090,371,92,0,0
1071850,1,13,1784,0,0,51,134924.12,149090,371,92,0,0
1071948,1,12,1755,0,0,51,134924.12,149090,371,92,0,0
1072048,1,12,1679,0,0,51,134924.12,149090,371,92,0,0
1072220,1,11,1679,0,0,51,134924.12,149090,371,92,0,0
1072322,1,11,1620,0,0,51,134924.12,149090,371,91,0,0
1072449,1,11,1582,0,0,51,134924.12,149090,371,91,0,0
1072548,1,11,1553,0,0,51,134924.12,149090,371,91,0,0
1072701,1,11,1521,0,0,51,134924.12,149090,371,91,0,0
1072800,1,10,1483,0,0,51,134924.12,149090,371,91,0,0
1072920,1,10,1449,0,0,51,134924.12,149090,371,91,0,0
1073048,1,10,1416,0,0,51,134924.12,149090,371,91,0,0
1073048,1,10,1416,0,0,51,134924.12,149090,371,91,0,0
1073264,1,9,1348,0,0,51,134924.12,149090,371,91,0,0
1073400,1,9,1315,0,10,51,134925.12,149090,371,91,0,0
1073500,1,9,1283,0,6,51,134925.12,149090,371,91,0,0
1073548,1,9,1283,0,14,51,134925.12,149090,371,91,0,0
1073726,1,9,1283,0,14,51,134925.12,149090,371,91,0,0
1073850,1,8,1245,0,8,51,134925.12,149090,371,91,0,0
1073948,1,8,1211,0,8,51,134925.12,149090,371,91,0,0
1074048,1,8,1177,0,8,51,134925.12,149090,371,91,0,0
1074220,1,8,1145,0,8,51,134925.12,149090,371,91,0,0
1074350,1,7,1114,0,0,51,134925.12,149090,371,91,0,0
1074449,1,7,1081,0,0,51,134925.12,149090,371,91,0,0
1074548,1,7,1049,0,0,51,134925.12,149090,371,91,0,0
1074700,1,7,1017,0,0,51,134925.12,149090,371,91,0,0
1074822,1,7,1017,0,0,51,134925.12,149090,371,91,0,0
1074920,1,7,1017,0,0,51,134925.12,149090,371,91,0,0
1075048,1,6,965,0,0,51,134925.12,149090,371,91,0,0
1075048,1,6,965,0,0,51,134925.12,149090,371,91,0,0
1075285,1,6,973,0,8,51,134925.12,149090,371,91,0,0
1075400,1,6,981,0,8,51,134925.12,149090,371,91,0,0
1075520,1,6,951,0,8,51,134925.12,149090,371,91,0,0
1075615,1,6,914,0,8,51,134925.12,149090,371,91,0,0
1075724,1,6,914,0,20,51,134925.12,149090,371,91,0,0
1075850,1,6,987,0,42,51,134925.12,149090,371,91,0,0
1075948,1,6,978,0,40,51,134925.12,149090,371,91,0,0
1076048,1,6,961,0,44,51,134925.12,149090,371,91,0,0
1076220,1,5,961,0,44,51,134925.12,149090,371,91,0,0
1076348,1,4,971,0,42,51,134925.12,149090,371,91,0,0
1076449,1,4,965,0,28,51,134925.12,149090,371,91,0,0
1076548,1,4,966,0,24,51,134925.12,149090,371,91,0,0
1076548,1,4,966,0,24,51,134925.12,149090,371,91,0,0
1076821,1,3,935,0,28,51,134925.12,149090,371,91,0,0
1076919,1,3,935,0,40,51,134926.14,149090,371,91,0,0
1077049,1,2,905,0,46,51,134926.14,149090,371,91,0,0
1077049,1,2,905,0,46,51,134926.14,149090,371,91,0,0
1077287,1,2,872,0,2,51,134926.14,149090,371,91,0,0
1077400,1,0,840,0,2,51,134926.14,149090,371,91,0,0
1077520,1,0,840,0,0,51,134926.14,149090,371,91,0,0
1077548,1,0,840,0,0,51,134926.14,149090,371,91,0,0
1077723,1,0,840,0,0,51,134926.14,149090,371,91,0,0
1077850,1,0,840,0,6,51,134926.14,149090,371,91,0,0
1077949,1,0,839,0,6,51,134926.14,149090,371,91,0,0
1078048,1,0,837,0,10,51,134926.14,149090,371,91,0,0
1078219,1,0,837,0,10,51,134926.14,149090,371,91,0,0
1078320,1,0,835,0,20,51,134926.14,149090,371,91,0,0
1078450,1,0,835,0,24,51,134926.14,149090,371,91,0,0
1078548,1,0,834,0,26,51,134926.14,149090,371,91,0,0
1078606,1,0,834,0,26,51,134926.14,149090,371,91,0,0
1078800,1,0,834,0,46,51,134926.14,149090,371,91,0,0
1078900,1,0,833,0,184,51,134926.14,149090,371,91,0,0
1079034,1,0,833,0,224,51,134926.14,149090,371,91,0,0
1079050,1,0,833,0,240,51,134926.14,149090,371,91,0,0
1079261,1,0,832,0,250,51,134926.14,149090,371,91,0,0
1079350,1,0,863,0,250,51,134926.14,149090,371,91,0,0
1079500,1,0,863,0,248,51,134926.14,149090,371,91,0,0
1079548,1,0,863,0,248,51,134926.14,149090,371,91,0,0
1079722,1,0,863,0,248,51,134926.14,149090,371,91,0,0
1079850,1,0,863,0,246,51,134926.14,149090,371,91,0,0
1079949,1,0,863,0,246,51,134926.14,149090,371,91,0,0
1080049,1,0,863,0,244,51,134926.14,149090,371,91,0,0
1080113,1,0,863,0,244,51,134926.14,149090,371,91,0,0
1080319,1,0,862,0,242,51,134926.14,149090,371,91,0,0
1080450,1,0,863,0,230,51,134926.14,149090,371,91,0,0
1080549,1,0,863,0,234,51,134926.14,149090,371,91,0,0
1080549,1,0,863,0,234,51,134926.14,149090,371,91,0,0
1080819,1,0,863,0,234,51,134927.16,149090,371,91,0,0
1080919,1,0,863,0,234,51,134927.16,149090,371,91,0,0
1081048,1,0,861,0,228,51,134927.16,149090,371,91,0,0
1081100,1,0,861,0,228,51,134927.16,149090,371,91,0,0
