timestamp,ignition,speed,rpm,throttle,brake,fuel_level,fuel_cons,distance,range,oil_temp,esp,rear_gear
3447,1,0,1294,0,0,28,20151.54,0,0,15,0,1
3679,1,0,1322,0,0,28,20151.54,0,0,15,0,1
3788,1,0,1319,0,0,28,20151.54,0,0,15,0,1
3902,1,0,1319,0,0,28,20151.54,0,0,15,0,1
4012,1,0,1319,0,0,28,20151.54,0,0,15,0,1
4112,1,2,1323,0,0,28,20151.54,146570,291,15,0,1
4236,1,3,1296,0,0,28,20151.54,146570,291,15,0,1
4340,1,3,1286,0,0,28,20151.54,146570,291,15,0,1
4437,1,3,1258,0,0,28,20152.61,146570,291,15,0,1
4561,1,3,1281,0,0,28,20152.61,146570,291,15,0,1
4679,1,3,1280,0,0,28,20152.61,146570,291,15,0,1
4788,1,3,1270,0,0,28,20152.61,146570,291,15,0,1
4879,1,4,1262,0,0,28,20152.61,146570,291,15,0,1
4979,1,4,1296,0,0,28,20152.61,146570,291,15,0,1
5111,1,4,1276,0,0,28,20153.63,146570,291,15,0,1
5218,1,4,1232,0,0,28,20153.63,146570,291,15,0,1
5311,1,4,1241,0,0,28,20153.63,146570,291,15,0,1
5437,1,4,1244,0,0,28,20153.63,146570,291,15,0,1
5538,1,4,1185,0,0,28,20153.63,146570,291,15,0,1
5652,1,4,1199,0,0,28,20153.63,146570,291,15,0,1
5761,1,4,1196,0,0,28,20153.63,146570,291,15,0,1
5861,1,5,1230,0,0,28,20153.63,146570,291,15,0,1
5964,1,5,1192,0,0,28,20154.66,146570,291,15,0,1
6079,1,5,1178,0,0,28,20154.66,146570,291,15,0,1
6179,1,5,1174,0,0,28,20154.66,146570,291,15,0,1
6288,1,5,1156,0,0,28,20154.66,146570,291,15,0,1
6412,1,4,1153,0,0,28,20154.66,146570,291,15,0,1
6511,1,4,1182,0,0,28,20154.66,146570,291,15,0,1
6629,1,4,1201,0,0,28,20154.66,146570,291,15,0,1
6736,1,4,1207,0,0,28,20154.66,146570,291,15,0,1
6840,1,4,1209,0,0,28,20154.66,146570,291,15,0,1
6957,1,4,1212,0,0,28,20154.66,146570,291,15,0,1
7063,1,4,1191,0,0,28,20154.66,146570,291,15,0,1
7161,1,4,1194,0,0,28,20155.69,146570,291,15,0,1
7279,1,4,1200,0,0,28,20155.69,146570,291,15,0,1
7379,1,4,1206,0,0,28,20155.69,146570,291,16,0,1
7495,1,4,1224,0,0,28,20155.69,146570,291,16,0,1
7579,1,3,1201,0,0,28,20155.69,146570,291,16,0,1
7679,1,3,1233,0,0,28,20155.69,146570,291,16,0,1
7811,1,3,1231,0,0,28,20155.69,146570,291,16,0,1
7911,1,3,1251,0,0,28,20155.69,146570,291,16,0,1
8037,1,3,1328,0,0,28,20156.73,146570,291,16,0,1
8151,1,3,1338,0,0,28,20156.73,146570,291,16,0,1
8261,1,3,1378,0,0,28,20156.73,146570,291,16,0,1
8361,1,3,1438,0,0,28,20156.73,146570,291,16,0,1
8469,1,3,1433,0,0,28,20156.73,146570,291,16,0,1
8579,1,3,1418,0,16,28,20156.73,146570,291,16,0,1
8679,1,2,1452,0,32,28,20156.73,146570,291,16,0,1
8788,1,0,1467,0,40,28,20156.73,146570,291,16,0,1
8901,1,0,1469,0,40,28,20156.73,146570,291,16,0,1
9011,1,0,1436,0,52,28,20156.73,146570,291,16,0,1
9129,1,0,1354,0,56,28,20156.73,146570,291,16,0,1
9236,1,0,1409,0,54,28,20156.73,146570,291,16,0,1
9340,1,0,1432,0,54,28,20157.78,146570,291,16,0,0
9437,1,0,1447,0,56,28,20157.78,146570,291,16,0,0
9561,1,0,1390,0,52,28,20157.78,146570,291,16,0,0
9661,1,0,1351,0,26,28,20157.78,146570,291,16,0,0
9780,1,0,1322,0,0,28,20157.78,146570,291,16,0,0
9879,1,0,1337,0,0,28,20157.78,146570,291,16,0,0
9979,1,0,1335,0,0,28,20157.78,146570,291,16,0,0
10083,1,0,1335,0,0,28,20157.78,146570,291,16,0,0
10179,1,0,1336,0,0,28,20157.78,146570,291,16,0,0
10311,1,0,1328,0,0,28,20158.79,146570,291,16,0,0
10401,1,0,1256,0,0,28,20158.79,146570,291,16,0,0
10537,1,0,1221,0,0,28,20158.79,146570,291,16,0,0
10636,1,0,1233,0,0,28,20158.79,146570,291,16,0,0
10736,1,0,1269,0,0,28,20158.79,146570,291,16,0,0
10861,1,0,1267,0,0,28,20158.79,146570,291,16,0,0
10964,1,0,1301,0,0,28,20158.79,146570,291,17,0,0
11079,1,0,1304,0,0,28,20158.79,146570,291,17,0,0
11179,1,0,1334,0,0,28,20158.79,146570,291,17,0,0
11287,1,0,1333,0,0,28,20159.82,146570,291,17,0,0
11401,1,0,1341,0,0,28,20159.82,146570,291,17,0,0
11511,1,0,1289,0,0,28,20159.82,146570,291,17,0,0
11611,1,2,1271,0,0,28,20159.82,146570,291,17,0,0
11729,1,3,1187,0,0,28,20159.82,146570,291,17,0,0
11840,1,3,1201,1,0,28,20159.82,146570,291,17,0,0
11911,1,3,1176,1,0,28,20159.82,146570,291,17,0,0
12046,1,4,1104,1,0,28,20159.82,146570,291,17,0,0
12161,1,5,1100,1,0,28,20160.88,146570,291,17,0,0
12261,1,5,1060,1,0,28,20160.88,146570,291,17,0,0
12380,1,6,1025,1,0,28,20160.88,146570,291,17,0,0
12479,1,6,995,1,0,28,20160.88,146570,291,17,0,0
12579,1,7,1013,1,0,28,20160.88,146570,291,17,0,0
12679,1,7,1062,1,0,28,20160.88,146570,291,17,0,0
12811,1,7,1134,0,0,28,20161.95,146570,291,17,0,0
12911,1,8,1134,0,0,28,20161.95,146570,291,17,0,0
13034,1,8,1207,0,0,28,20161.95,146570,291,17,0,0
13136,1,8,1179,0,0,28,20161.95,146570,291,17,0,0
13231,1,8,1189,0,0,28,20161.95,146570,291,17,0,0
13340,1,8,1195,0,0,28,20161.95,146570,291,17,0,0
13466,1,8,1192,0,0,28,20161.95,146570,291,17,0,0
13561,1,8,1194,0,0,28,20161.95,146570,291,18,0,0
13679,1,8,1198,0,0,28,20161.95,146570,291,18,0,0
13787,1,8,1194,0,0,28,20161.95,146570,291,18,0,0
13879,1,8,1172,0,0,28,20161.95,146570,291,18,0,0
13979,1,8,1142,0,0,28,20161.95,146570,291,18,0,0
14111,1,8,1150,0,0,28,20161.95,146570,291,18,0,0
14217,1,8,1150,0,0,28,20163.00,146570,291,18,0,0
14329,1,8,1116,0,0,28,20163.00,146570,291,18,0,0
14429,1,8,1114,0,0,28,20163.00,146570,291,18,0,0
14537,1,7,1144,0,0,28,20163.00,146570,291,18,0,0
14651,1,8,1141,0,0,28,20163.00,146570,291,18,0,0
14761,1,8,1138,0,0,28,20163.00,146570,291,18,0,0
14861,1,7,1104,0,0,28,20163.00,146570,291,18,0,0
14978,1,8,1135,0,0,28,20163.00,146570,291,18,0,0
15079,1,8,1140,0,0,28,20163.00,146570,291,18,0,0
15179,1,7,1174,0,0,28,20163.00,146570,291,18,0,0
15311,1,7,1172,0,0,28,20164.02,146570,291,18,0,0
15401,1,7,1171,0,0,28,20164.02,146570,291,18,0,0
15529,1,7,1170,0,0,28,20164.02,146570,291,18,0,0
15636,1,7,1168,0,0,28,20164.02,146570,291,18,0,0
15736,1,7,1135,0,0,28,20164.02,146570,291,18,0,0
15840,1,7,1137,0,0,28,20164.02,146570,291,18,0,0
15951,1,6,1133,0,0,28,20164.02,146570,291,18,0,0
16062,1,7,1133,0,0,28,20164.02,146570,291,18,0,0
16180,1,6,1131,0,0,28,20164.02,146570,291,18,0,0
16288,1,6,1129,0,0,28,20164.02,146570,291,18,0,0
16379,1,6,1129,0,0,28,20164.02,146570,291,18,0,0
16489,1,6,1127,0,0,28,20165.04,146570,291,18,0,0
16611,1,6,1126,0,0,28,20165.04,146570,291,18,0,0
16717,1,6,1124,0,0,28,20165.04,146570,291,18,0,0
16829,1,6,1123,0,0,28,20165.04,146570,291,18,0,0
16911,1,6,1151,0,0,28,20165.04,146570,291,18,0,0
17046,1,6,1147,0,0,28,20165.04,146570,291,18,0,0
17151,1,6,1179,0,0,28,20165.04,146570,291,18,0,0
17261,1,5,1176,0,0,28,20165.04,146570,291,18,0,0
17378,1,5,1142,0,0,28,20165.04,146570,291,18,0,0
17411,1,5,1142,0,0,28,20165.04,146570,291,18,0,0
17579,1,5,1180,0,0,28,20165.04,146570,291,18,0,0
17679,1,5,1149,0,0,28,20165.04,146570,291,18,0,0
17811,1,5,1149,0,0,28,20165.04,146570,291,19,0,0
17911,1,5,1145,0,0,28,20166.07,146570,291,19,0,0
18011,1,5,1141,0,0,28,20166.07,146570,291,19,0,0
18129,1,5,1136,0,0,28,20166.07,146570,291,19,0,0
18236,1,5,1139,0,0,28,20166.07,146570,291,19,0,0
18340,1,5,1139,0,0,28,20166.07,146570,291,19,0,0
18437,1,5,1134,0,0,28,20166.07,146570,291,19,0,0
18561,1,4,1133,0,0,28,20166.07,146570,291,19,0,0
18679,1,4,1134,0,0,28,20166.07,146570,291,19,0,0
18787,1,4,1134,0,0,28,20166.07,146570,291,19,0,0
18879,1,4,1133,0,0,28,20166.07,146570,291,19,0,0
18978,1,4,1133,0,0,28,20166.07,146570,291,19,0,0
19111,1,4,1166,0,0,28,20166.07,146570,291,19,0,0
19217,1,4,1198,0,0,28,20166.07,146570,291,19,0,0
19328,1,4,1230,0,0,28,20167.09,146570,291,19,0,0
19437,1,4,1230,0,0,28,20167.09,146570,291,19,0,0
19537,1,4,1266,0,0,28,20167.09,146570,291,19,0,0
19651,1,4,1268,0,0,28,20167.09,146570,291,19,0,0
19762,1,4,1304,0,0,28,20167.09,146570,291,19,0,0
19861,1,4,1305,0,0,28,20167.09,146570,291,19,0,0
19979,1,3,1341,0,0,28,20167.09,146570,291,19,0,0
20079,1,3,1341,0,0,28,20167.09,146570,291,19,0,0
20179,1,3,1312,0,0,28,20167.09,146570,291,20,0,0
20287,1,3,1314,0,0,28,20167.09,146570,291,20,0,0
20411,1,3,1316,0,0,28,20167.09,146570,291,20,0,0
20511,1,3,1318,0,0,28,20167.09,146570,291,20,0,0
20628,1,3,1350,0,0,28,20167.09,146570,291,20,0,0
20736,1,3,1352,0,0,28,20168.13,146570,291,20,0,0
20840,1,3,1319,0,0,28,20168.13,146570,291,20,0,0
20928,1,3,1319,0,0,28,20168.13,146570,291,20,0,0
21061,1,3,1317,0,0,28,20168.13,146570,291,20,0,0
21161,1,3,1348,0,0,28,20168.13,146570,291,20,0,0
21280,1,3,1478,13,0,28,20168.13,146570,291,20,0,0
21378,1,3,1561,13,0,28,20168.13,146570,291,20,0,0
21486,1,3,1480,13,0,28,20168.13,146570,291,20,0,0
21578,1,3,1275,10,0,28,20168.13,146570,291,20,0,0
21718,1,3,1184,9,0,28,20169.14,146570,291,20,0,0
21828,1,4,1064,9,0,28,20169.14,146570,291,20,0,0
21937,1,5,934,2,0,28,20169.14,146570,291,20,0,0
22046,1,6,952,1,0,28,20169.14,146570,291,20,0,0
22153,1,6,958,0,0,28,20169.14,146570,291,20,0,0
22261,1,7,1030,0,0,28,20169.14,146570,291,20,0,0
22361,1,7,1061,0,0,28,20170.19,146570,291,20,0,0
22437,1,8,1146,0,0,28,20170.19,146570,291,21,0,0
22578,1,8,1217,0,0,28,20170.19,146570,291,21,0,0
22679,1,8,1241,0,0,28,20170.19,146570,291,21,0,0
22793,1,8,1238,0,0,28,20170.19,146570,291,21,0,0
22911,1,8,1265,0,0,28,20170.19,146570,291,21,0,0
23011,1,8,1262,0,0,28,20170.19,146570,291,21,0,0
23128,1,8,1281,0,0,28,20170.19,146570,291,21,0,0
23238,1,8,1288,0,14,28,20170.19,146570,291,21,0,0
23340,1,8,1287,0,30,28,20170.19,146570,291,21,0,0
23411,1,8,1286,0,22,28,20170.19,146570,291,21,0,0
23561,1,8,1252,0,34,28,20170.19,146570,291,21,0,0
23661,1,8,1254,0,58,28,20170.19,146570,291,21,0,0
23778,1,8,1254,0,72,28,20170.19,146570,291,21,0,0
23878,1,7,1256,0,76,28,20171.20,146570,291,21,0,0
23978,1,7,1243,0,76,28,20171.20,146570,291,21,0,0
24111,1,7,1192,0,84,28,20171.20,146570,291,21,0,0
24217,1,6,1195,0,84,28,20171.20,146570,291,21,0,0
24311,1,6,1168,0,86,28,20171.20,146570,291,21,0,0
24428,1,5,1171,0,86,28,20171.20,146570,291,21,0,0
24537,1,5,1169,0,84,28,20171.20,146570,291,21,0,0
24651,1,4,1166,0,80,28,20171.20,146570,291,21,0,0
24736,1,4,1164,0,52,28,20171.20,146570,291,21,0,0
24861,1,4,1162,0,20,28,20171.20,146570,291,21,0,0
24971,1,4,1161,0,20,28,20171.20,146570,291,21,0,0
25078,1,4,1158,0,22,28,20171.20,146570,291,21,0,0
25179,1,4,1188,0,12,28,20171.20,146570,291,21,0,0
25287,1,3,1158,0,14,28,20172.21,146570,291,21,0,0
25411,1,3,1190,0,16,28,20172.21,146570,291,21,0,0
25511,1,3,1222,0,20,28,20172.21,146570,291,21,0,0
25611,1,3,1222,0,20,28,20172.21,146570,291,21,0,0
25736,1,3,1254,0,24,28,20172.21,146570,291,21,0,0
25839,1,3,1256,0,32,28,20172.21,146570,291,21,0,0
25928,1,3,1290,0,40,28,20172.21,146570,291,21,0,0
26062,1,3,1292,0,64,28,20172.21,146570,291,21,0,0
26161,1,2,1296,0,66,28,20172.21,146570,291,21,0,0
26278,1,2,1300,0,62,28,20172.21,146570,291,21,0,0
26378,1,0,1337,0,24,28,20172.21,146570,291,21,0,0
26437,1,0,1337,0,24,28,20172.21,146570,291,21,0,0
26578,1,0,1312,0,22,28,20172.21,146570,291,21,0,0
26679,1,0,1317,0,26,28,20172.21,146570,291,21,0,0
26811,1,0,1323,0,36,28,20173.23,146570,291,21,0,0
26911,1,0,1327,0,46,28,20173.23,146570,291,21,0,0
27038,1,0,1360,0,46,28,20173.23,146570,291,21,0,0
27136,1,0,1361,0,64,28,20173.23,146570,283,21,0,0
27237,1,0,1362,0,66,28,20173.23,146570,283,22,0,0
27361,1,0,1361,0,84,28,20173.23,146570,283,22,0,0
27428,1,0,1325,0,84,28,20173.23,146570,283,22,0,0
27578,1,0,1322,0,94,28,20173.23,146570,283,22,0,0
27679,1,0,1325,0,94,28,20173.23,146570,283,22,0,0
27787,1,0,1325,0,92,28,20173.23,146570,283,22,0,0
27901,1,0,1356,0,94,28,20173.23,146570,283,22,0,0
28011,1,0,1355,0,94,28,20174.25,146570,283,22,0,0
28111,1,0,1348,0,94,28,20174.25,146570,283,22,0,0
28229,1,0,1373,0,96,28,20174.25,146570,283,22,0,0
28339,1,0,1373,0,98,28,20174.25,146570,283,22,0,0
28428,1,0,1341,0,100,28,20174.25,146570,283,22,0,0
28562,1,0,1341,0,100,28,20174.25,146570,283,22,0,0
28661,1,0,1345,0,102,28,20174.25,146570,283,22,0,0
28778,1,0,1319,0,102,28,20174.25,146570,283,22,0,0
28879,1,0,1352,0,102,28,20174.25,146570,283,22,0,0
28978,1,0,1354,0,102,28,20174.25,146570,283,22,0,0
29078,1,0,1323,0,102,28,20174.25,146570,283,22,0,0
29179,1,0,1355,0,104,28,20174.25,146570,283,22,0,0
29311,1,0,1357,0,104,28,20175.26,146570,283,22,0,0
29428,1,0,1359,0,106,28,20175.26,146570,283,22,0,0
29537,1,0,1355,0,108,28,20175.26,146570,283,22,0,0
29636,1,0,1354,0,108,28,20175.26,146570,283,23,0,0
29736,1,0,1319,0,110,28,20175.26,146570,283,23,0,0
29861,1,0,1315,0,110,28,20175.26,146570,283,23,0,0
29969,1,0,1346,0,112,28,20175.26,146570,283,23,0,0
30078,1,0,1314,0,112,28,20175.26,146570,283,23,0,0
30179,1,0,1313,0,112,28,20175.26,146570,283,23,0,0
30287,1,0,1319,0,112,28,20175.26,146570,283,23,0,0
30401,1,0,1353,0,112,28,20175.26,146570,283,23,0,0
30511,1,0,1355,0,112,28,20176.28,146570,283,23,0,0
30611,1,0,1356,0,112,28,20176.28,146570,283,23,0,0
30729,1,0,1355,0,112,28,20176.28,146570,283,23,0,0
30839,1,0,1356,0,112,28,20176.28,146570,283,23,0,0
30928,1,0,1354,0,112,28,20176.28,146570,283,23,0,0
31045,1,0,1349,0,112,28,20176.28,146570,283,23,0,0
31161,1,0,1348,0,112,28,20176.28,146570,283,23,0,0
31261,1,0,1316,0,114,28,20176.28,146570,283,23,0,0
31379,1,0,1315,0,114,28,20176.28,146570,283,23,0,0
31480,1,0,1315,0,114,28,20176.28,146570,283,23,0,0
31578,1,0,1353,0,0,28,20176.28,146570,283,23,0,0
31678,1,0,1355,0,0,28,20176.28,146570,283,23,0,0
31811,1,0,1357,0,0,28,20177.31,146570,283,23,0,0
31911,1,0,1356,0,0,28,20177.31,146570,283,23,0,0
32037,1,0,1357,0,0,28,20177.31,146570,283,24,0,0
32136,1,0,1357,0,0,28,20177.31,146570,283,24,0,0
32236,1,0,1453,23,0,28,20177.31,146570,283,24,0,0
32360,1,0,1618,27,0,28,20177.31,146570,283,24,0,0
32437,1,0,1749,28,0,28,20177.31,146570,283,24,0,0
32578,1,0,1900,29,0,28,20177.31,146570,283,24,0,0
32679,1,0,1972,29,0,28,20178.39,146570,283,24,0,0
32787,1,0,1957,29,0,28,20178.39,146570,283,24,0,0
32901,1,0,2031,29,0,28,20178.39,146570,283,24,0,0
32992,1,0,2023,29,0,28,20178.39,146570,283,24,0,0
33111,1,0,2007,29,0,28,20179.44,146570,283,24,0,0
33229,1,0,1950,29,0,28,20179.44,146570,283,24,0,0
33328,1,0,1861,29,0,28,20179.44,146570,283,24,0,0
33437,1,2,1793,29,0,28,20179.44,146570,283,24,0,0
33537,1,3,1648,29,0,28,20179.44,146570,283,24,0,0
33661,1,3,1492,29,0,28,20179.44,146570,283,24,0,0
33760,1,4,1324,29,0,28,20180.49,146570,283,24,0,0
33878,1,5,1246,29,0,28,20180.49,146570,283,24,0,0
33992,1,5,1246,29,0,28,20180.49,146570,283,24,0,0
34078,1,6,1139,30,0,28,20180.49,146570,283,24,0,0
34178,1,7,1101,30,0,28,20180.49,146570,283,24,0,0
34310,1,7,1126,36,0,28,20180.49,146570,283,24,0,0
34411,1,8,1158,38,0,28,20181.49,146570,283,24,0,0
34528,1,8,1306,40,0,28,20181.49,146570,283,24,0,0
34636,1,9,1330,40,0,28,20181.49,146570,283,24,0,0
34736,1,9,1370,42,0,28,20181.49,146570,283,24,0,0
34842,1,10,1391,46,0,28,20181.49,146570,283,24,0,0
34910,1,10,1439,50,0,28,20181.49,146570,283,24,0,0
35062,1,10,1483,54,0,28,20181.49,146570,283,24,0,0
35178,1,10,1549,55,0,28,20181.49,146570,283,24,0,0
35287,1,11,1591,57,0,28,20182.55,146570,283,24,0,0
35400,1,11,1600,57,0,28,20182.55,146570,283,24,0,0
35478,1,11,1614,58,0,28,20182.55,146570,283,24,0,0
35610,1,11,1724,63,0,28,20182.55,146570,283,24,0,0
35716,1,12,1735,63,0,28,20182.55,146570,283,24,0,0
35829,1,12,1780,63,0,28,20182.55,146570,283,24,0,0
35910,1,12,1790,54,0,28,20183.57,146570,283,24,0,0
36045,1,13,1829,29,0,28,20183.57,146570,283,24,0,0
36160,1,13,1730,0,0,28,20183.57,146570,283,24,0,0
36261,1,13,1687,0,0,28,20183.57,146570,283,24,0,0
36360,1,13,1620,0,0,28,20183.57,146570,283,24,0,0
36478,1,13,1589,0,0,28,20183.57,146570,283,24,0,0
36578,1,13,1541,0,0,28,20183.57,146570,283,24,0,0
36679,1,13,1579,19,0,28,20183.57,146570,283,24,0,0
36810,1,13,1678,59,0,28,20183.57,146570,283,24,0,0
36910,1,13,1636,69,0,28,20183.57,146570,283,25,0,0
37028,1,14,1331,78,0,28,20184.61,146570,283,25,0,0
37137,1,15,1097,81,0,28,20184.61,146570,283,25,0,0
37235,1,15,1143,94,0,28,20184.61,146570,283,25,0,0
37342,1,15,1246,102,0,28,20184.61,146570,283,25,0,0
37437,1,16,1236,106,0,28,20184.61,146570,283,25,0,0
37560,1,16,1223,108,0,28,20185.63,146570,283,25,0,0
37678,1,16,1282,114,0,28,20185.63,146570,283,25,0,0
37788,1,17,1328,123,0,28,20185.63,146570,283,25,0,0
37878,1,17,1404,123,0,28,20185.63,146570,283,25,0,0
37988,1,18,1426,125,0,28,20185.63,146570,283,25,0,0
38110,1,18,1449,144,0,28,20186.70,146570,283,25,0,0
38216,1,19,1528,153,0,28,20186.70,146570,283,25,0,0
38329,1,20,1579,155,0,28,20186.70,146570,283,25,0,0
38437,1,21,1645,156,0,28,20186.70,146570,283,25,0,0
38537,1,22,1698,156,0,28,20187.79,146570,283,25,0,0
38660,1,23,1754,156,0,28,20187.79,146570,283,25,0,0
38760,1,23,1811,156,0,28,20187.79,146570,283,25,0,0
38860,1,24,1867,155,0,28,20188.79,146570,283,25,0,0
38910,1,24,1892,151,0,28,20188.79,146570,283,25,0,0
39078,1,26,2016,145,0,28,20188.79,146570,283,25,0,0
39179,1,27,2131,142,0,28,20188.79,146570,283,25,0,0
39310,1,28,2172,135,0,28,20189.97,146570,283,26,0,0
39410,1,28,2209,134,0,28,20189.97,146570,283,26,0,0
39537,1,30,2334,131,0,28,20191.04,146570,283,26,0,0
39650,1,31,2360,128,0,28,20191.04,146570,283,26,0,0
39760,1,32,2426,127,0,28,20191.04,146570,283,26,0,0
39860,1,32,2465,127,0,28,20192.12,146570,283,26,0,0
39937,1,33,2545,127,0,28,20192.12,146570,283,26,0,0
40078,1,34,2603,127,0,28,20192.12,146570,283,26,0,0
40179,1,34,2656,127,0,28,20193.26,146570,283,26,0,0
40310,1,35,2701,126,0,28,20193.26,146570,283,26,0,0
40410,1,36,2759,121,0,28,20194.29,146570,283,26,0,0
40529,1,36,2842,115,0,28,20194.29,146570,283,26,0,0
40635,1,38,2895,101,0,28,20195.38,146570,283,26,0,0
40735,1,38,2908,79,0,28,20195.38,146570,283,26,0,0
40839,1,39,2908,50,0,28,20195.38,146570,283,26,0,0
40937,1,39,2880,0,0,28,20196.44,146570,283,26,0,0
41061,1,39,2798,0,0,28,20196.44,146570,283,26,0,0
41179,1,38,2702,0,0,28,20196.44,146570,283,26,0,0
41287,1,39,2571,0,0,28,20196.44,146570,283,26,0,0
41400,1,39,2442,0,0,28,20196.44,146570,283,27,0,0
41479,1,39,2327,0,0,28,20196.44,146570,283,27,0,0
41610,1,39,2236,0,0,28,20196.44,146570,283,27,0,0
41728,1,39,2109,36,0,28,20196.44,146570,283,27,0,0
41832,1,39,2107,60,0,28,20196.44,146570,283,27,0,0
41937,1,39,2049,81,0,28,20196.44,146570,283,27,0,0
42045,1,39,2101,81,0,28,20197.55,146570,283,27,0,0
42150,1,39,2088,97,0,28,20197.55,146570,283,27,0,0
42260,1,40,2122,105,0,28,20197.55,146570,283,27,0,0
42379,1,40,2112,109,0,28,20198.72,146570,283,27,0,0
42479,1,40,2171,112,0,28,20198.72,146570,283,27,0,0
42580,1,40,2196,116,0,28,20198.72,146570,283,27,0,0
42679,1,41,2192,118,0,28,20199.79,146570,283,27,0,0
42810,1,41,2217,118,0,28,20199.79,146570,283,27,0,0
42928,1,42,2243,118,0,28,20199.79,146570,283,27,0,0
43036,1,43,2275,118,0,28,20200.84,146570,283,27,0,0
43139,1,43,2284,118,0,28,20200.84,146570,283,27,0,0
43235,1,43,2327,114,0,28,20200.84,146570,283,27,0,0
43361,1,44,2329,110,0,28,20200.84,146570,283,27,0,0
43429,1,44,2363,105,0,28,20201.92,146570,283,27,0,0
43580,1,44,2399,99,0,28,20201.92,146570,283,27,0,0
43679,1,45,2424,96,0,28,20201.92,146570,283,27,0,0
43787,1,45,2430,86,0,28,20203.01,146570,283,27,0,0
43900,1,45,2411,76,0,28,20203.01,146570,283,27,0,0
44010,1,46,2424,67,0,28,20203.01,146570,283,27,0,0
44128,1,46,2429,49,0,28,20203.01,146570,283,27,0,0
44235,1,46,2440,12,0,28,20204.07,146570,283,27,0,0
44341,1,46,2398,0,0,28,20204.07,146570,283,27,0,0
44410,1,46,2376,0,0,28,20204.07,146570,283,27,0,0
44560,1,46,2429,0,0,28,20204.07,146570,283,27,0,0
44660,1,46,2439,0,0,28,20204.07,146570,283,27,0,0
44779,1,45,2419,0,0,28,20204.07,146570,283,27,0,0
44879,1,45,2404,0,0,28,20204.07,146570,283,27,0,0
44984,1,45,2408,0,0,28,20205.14,146570,283,27,0,0
45110,1,45,2396,0,0,28,20205.14,146570,283,27,0,0
45216,1,45,2377,0,0,28,20205.14,146570,283,27,0,0
45329,1,45,2391,0,0,28,20205.14,146570,283,27,0,0
45429,1,45,2377,0,0,28,20205.14,146570,283,27,0,0
45537,1,45,2379,0,0,28,20205.14,146570,283,28,0,0
45650,1,44,2349,0,0,28,20205.14,146570,283,28,0,0
45760,1,44,2349,0,0,28,20205.14,146570,283,28,0,0
45860,1,44,2349,0,0,28,20205.14,146570,283,28,0,0
45937,1,44,2349,0,0,28,20205.14,146570,283,28,0,0
46081,1,44,2315,0,0,28,20205.14,146570,283,28,0,0
46179,1,44,2315,0,0,28,20205.14,146570,283,28,0,0
46310,1,43,2314,0,0,28,20205.14,146570,283,28,0,0
46410,1,43,2282,0,0,28,20205.14,146570,283,28,0,0
46528,1,43,2282,0,0,28,20205.14,146570,283,28,0,0
46635,1,43,2281,0,0,28,20205.14,146570,283,28,0,0
46735,1,43,2248,0,0,28,20205.14,146570,283,28,0,0
46840,1,42,2247,0,0,28,20206.15,146570,283,28,0,0
46910,1,42,2246,0,0,28,20206.15,146570,283,28,0,0
47061,1,42,2245,0,0,28,20206.15,146570,283,28,0,0
47178,1,42,2212,0,0,28,20206.15,146570,283,28,0,0
47287,1,42,2215,0,0,28,20206.15,146570,283,29,0,0
47400,1,42,2184,0,0,28,20206.15,146570,283,29,0,0
47478,1,41,2184,0,0,28,20206.15,146570,283,29,0,0
47610,1,41,2153,0,0,28,20206.15,146570,283,29,0,0
47716,1,41,2185,0,0,28,20206.15,146570,283,29,0,0
47828,1,41,2153,0,0,28,20206.15,146570,283,29,0,0
47937,1,41,2154,0,0,28,20206.15,146570,283,29,0,0
48045,1,40,2154,0,0,28,20206.15,146570,283,29,0,0
48160,1,40,2122,0,24,28,20206.15,146570,283,29,0,0
48260,1,40,2123,0,12,28,20206.15,146570,283,29,0,0
48379,1,40,2122,0,24,28,20206.15,146570,283,29,0,0
48478,1,40,2089,0,24,28,20206.15,146570,283,29,0,0
48578,1,39,2055,0,20,28,20206.15,146570,283,29,0,0
48679,1,39,2086,0,28,28,20206.15,146570,283,29,0,0
48810,1,39,2053,0,36,28,20206.15,146570,283,29,0,0
48910,1,39,2021,0,50,28,20207.17,146570,283,29,0,0
49032,1,38,1990,0,62,28,20207.17,146570,283,29,0,0
49135,1,37,1990,0,76,28,20207.17,146570,283,29,0,0
49235,1,37,1958,0,80,28,20207.17,146570,283,30,0,0
49360,1,37,1925,0,80,28,20207.17,146570,283,30,0,0
49437,1,36,1894,0,80,28,20207.17,146570,283,30,0,0
49579,1,36,1889,0,82,28,20207.17,146570,283,30,0,0
49679,1,35,1853,0,84,28,20207.17,146570,283,30,0,0
49787,1,35,1852,0,84,28,20207.17,146570,283,30,0,0
49900,1,34,1785,0,84,28,20207.17,146570,283,30,0,0
50010,1,34,1785,0,84,28,20207.17,146570,283,30,0,0
50110,1,33,1720,0,94,28,20207.17,146570,283,30,0,0
50228,1,32,1625,0,96,28,20207.17,146570,283,30,0,0
50340,1,31,1562,0,96,28,20207.17,146570,283,30,0,0
50428,1,31,1474,0,98,28,20207.17,146570,283,30,0,0
50560,1,30,1450,0,100,28,20207.17,146570,283,30,0,0
50662,1,30,1392,0,96,28,20207.17,146570,283,30,0,0
50779,1,29,1348,0,104,28,20207.17,146570,283,30,0,0
50879,1,29,1313,0,104,28,20207.17,146570,283,30,0,0
50937,1,28,1313,0,104,28,20208.20,146570,283,30,0,0
51079,1,28,1292,0,114,28,20208.20,146570,283,30,0,0
51216,1,27,1297,0,114,28,20208.20,146570,283,30,0,0
51310,1,27,1302,0,120,28,20208.20,146570,283,30,0,0
51428,1,26,1274,0,122,28,20208.20,146570,283,30,0,0
51538,1,25,1275,0,122,28,20208.20,146570,283,30,0,0
51635,1,24,1275,0,124,28,20208.20,146570,283,30,0,0
51735,1,23,1243,0,124,28,20208.20,146570,283,30,0,0
51860,1,23,1242,0,126,28,20208.20,146570,283,30,0,0
51928,1,23,1210,0,126,28,20208.20,146570,283,30,0,0
52079,1,22,1206,0,124,28,20208.20,146570,283,30,0,0
52178,1,21,1175,0,128,28,20208.20,146570,283,30,0,0
52287,1,20,1176,0,126,28,20208.20,146570,283,30,0,0
52400,1,20,1181,0,122,28,20208.20,146570,283,30,0,0
52510,1,19,1152,0,122,28,20208.20,146570,283,30,0,0
52628,1,18,1156,0,126,28,20208.20,146570,283,30,0,0
52736,1,17,1155,0,126,28,20209.21,146570,283,30,0,0
52840,1,16,1153,0,122,28,20209.21,146570,283,30,0,0
52937,1,16,1183,0,128,28,20209.21,146570,283,31,0,0
53060,1,15,1150,0,126,28,20209.21,146570,283,31,0,0
53160,1,15,1147,0,122,28,20209.21,146570,283,31,0,0
53279,1,14,1146,0,124,28,20209.21,146570,283,31,0,0
53379,1,13,1146,0,128,28,20209.21,146570,283,31,0,0
53491,1,13,1149,0,126,28,20209.21,146570,283,31,0,0
53610,1,12,1154,0,126,28,20209.21,146570,283,31,0,0
53716,1,11,1123,0,124,28,20209.21,146570,283,31,0,0
53829,1,11,1121,0,122,28,20209.21,146570,283,31,0,0
53938,1,9,1151,0,126,28,20209.21,146570,283,31,0,0
54045,1,9,1149,0,128,28,20209.21,146570,283,31,0,0
54150,1,8,1147,0,128,28,20209.21,146570,283,31,0,0
54260,1,7,1114,0,124,28,20209.21,146570,283,31,0,0
54360,1,7,1145,0,124,28,20210.22,146570,283,31,0,0
54479,1,6,1145,0,124,28,20210.22,146570,283,31,0,0
54578,1,6,1146,0,118,28,20210.22,146570,283,31,0,0
54679,1,5,1150,0,118,28,20210.22,146570,283,31,0,0
54810,1,4,1151,0,118,28,20210.22,146570,283,31,0,0
54910,1,4,1150,0,116,28,20210.22,146570,283,31,0,0
55030,1,3,1120,0,92,28,20210.22,146570,283,31,0,0
55135,1,2,1124,0,6,28,20210.22,146570,283,32,0,0
55235,1,0,1160,0,0,28,20210.22,146570,283,32,0,0
55359,1,0,1196,0,0,28,20210.22,146570,283,32,0,0
55466,1,0,1196,0,0,28,20210.22,146570,283,32,0,0
55560,1,0,1226,0,0,28,20210.22,146570,283,32,0,0
55679,1,0,1287,0,0,28,20210.22,146570,283,32,0,0
55787,1,0,1320,0,0,28,20210.22,146570,283,32,0,0
55900,1,0,1293,0,0,28,20210.22,146570,283,32,0,0
56010,1,0,1328,0,0,28,20211.25,146570,283,32,0,0
56110,1,0,1331,0,0,28,20211.25,146570,283,32,0,0
56228,1,0,1334,0,0,28,20211.25,146570,283,32,0,0
56328,1,0,1337,0,0,28,20211.25,146570,283,32,0,0
56437,1,0,1338,0,0,28,20211.25,146570,283,32,0,0
56537,1,0,1340,0,0,28,20211.25,146570,283,32,0,0
56660,1,0,1339,0,0,28,20211.25,146570,283,32,0,0
56760,1,0,1339,0,0,28,20211.25,146570,283,32,0,0
56879,1,0,1369,0,0,28,20211.25,146570,283,32,0,0
56979,1,0,1336,0,0,28,20211.25,146570,283,32,0,0
57079,1,0,1366,0,0,28,20211.25,146570,266,32,0,0
57179,1,0,1336,0,0,28,20211.25,146570,266,32,0,0
57310,1,0,1376,29,0,28,20211.25,146570,266,33,0,0
57429,1,0,1382,29,0,28,20212.26,146570,266,33,0,0
57537,1,0,1370,29,0,28,20212.26,146570,266,33,0,0
57643,1,0,1308,29,0,28,20212.26,146570,266,33,0,0
57735,1,0,1205,29,0,28,20212.26,146570,266,33,0,0
57861,1,3,1147,29,0,28,20212.26,146570,266,33,0,0
57937,1,4,1093,29,0,28,20213.27,146570,266,33,0,0
58079,1,5,1057,29,0,28,20213.27,146570,266,33,0,0
58179,1,5,1077,29,0,28,20213.27,146570,266,33,0,0
58287,1,6,1070,29,0,28,20213.27,146570,266,33,0,0
58400,1,7,1096,30,0,28,20213.27,146570,266,33,0,0
58510,1,8,1160,32,0,28,20213.27,146570,266,33,0,0
58610,1,8,1242,42,0,28,20214.33,146570,266,33,0,0
58734,1,9,1312,51,0,28,20214.33,146570,266,33,0,0
58841,1,9,1357,59,0,28,20214.33,146570,266,33,0,0
58937,1,10,1432,61,0,28,20214.33,146570,266,33,0,0
59060,1,10,1470,61,0,28,20214.33,146570,266,33,0,0
59160,1,10,1493,62,0,28,20214.33,146570,266,33,0,0
59280,1,10,1534,65,0,28,20214.33,146570,266,33,0,0
59379,1,11,1591,67,0,28,20215.39,146570,266,33,0,0
59488,1,11,1600,69,0,28,20215.39,146570,266,33,0,0
59610,1,11,1653,71,0,28,20215.39,146570,266,33,0,0
59715,1,11,1670,71,0,28,20215.39,146570,266,33,0,0
59810,1,12,1741,71,0,28,20215.39,146570,266,33,0,0
59938,1,12,1841,72,0,28,20216.39,146570,266,33,0,0
60045,1,13,1882,72,0,28,20216.39,146570,266,33,0,0
60155,1,13,1923,72,0,28,20216.39,146570,266,33,0,0
60260,1,14,1967,72,0,28,20216.39,146570,266,33,0,0
60360,1,14,2043,68,0,28,20216.39,146570,266,33,0,0
60438,1,14,2055,54,0,28,20217.43,146570,266,33,0,0
60579,1,15,2094,54,0,28,20217.43,146570,266,33,0,0
60679,1,15,1975,0,0,28,20217.43,146570,266,33,0,0
60810,1,15,1942,0,0,28,20217.43,146570,266,33,0,0
60910,1,14,1856,0,0,28,20217.43,146570,266,33,0,0
61010,1,14,1792,0,0,28,20217.43,146570,266,33,0,0
61135,1,14,1787,0,0,28,20217.43,146570,266,33,0,0
61235,1,14,1713,0,0,28,20217.43,146570,266,33,0,0
61340,1,14,1692,0,0,28,20217.43,146570,266,33,0,0
61410,1,14,1637,36,0,28,20217.43,146570,266,33,0,0
61560,1,14,1419,56,0,28,20217.43,146570,266,33,0,0
61679,1,15,1062,58,0,28,20218.49,146570,266,33,0,0
61787,1,15,1121,65,0,28,20218.49,146570,266,33,0,0
61879,1,15,1211,73,0,28,20218.49,146570,266,33,0,0
61979,1,15,1198,78,0,28,20218.49,146570,266,34,0,0
62110,1,15,1195,87,0,28,20218.49,146570,266,34,0,0
62215,1,16,1227,98,0,28,20218.49,146570,266,34,0,0
62329,1,16,1258,106,0,28,20219.53,146570,266,34,0,0
62435,1,16,1270,109,0,28,20219.53,146570,266,34,0,0
62537,1,17,1309,109,0,28,20219.53,146570,266,34,0,0
62660,1,17,1323,109,0,28,20219.53,146570,266,34,0,0
62760,1,17,1333,111,0,28,20219.53,146570,266,34,0,0
62860,1,17,1375,111,0,28,20219.53,146570,266,34,0,0
62935,1,18,1389,112,0,28,20220.59,146570,266,34,0,0
63079,1,18,1414,112,0,28,20220.59,146570,266,34,0,0
63179,1,18,1466,112,0,28,20220.59,146570,266,34,0,0
63311,1,19,1482,112,0,28,20220.59,146570,266,34,0,0
63410,1,19,1528,112,0,28,20221.64,146570,266,34,0,0
63529,1,20,1553,112,0,28,20221.64,146570,266,34,0,0
63635,1,21,1599,112,0,28,20221.64,146570,266,34,0,0
63735,1,21,1658,112,0,28,20221.64,146570,266,34,0,0
63837,1,21,1662,112,0,28,20221.64,146570,266,34,0,0
63929,1,21,1669,112,0,28,20222.67,146570,266,34,0,0
64061,1,22,1706,112,0,28,20222.67,146570,266,34,0,0
64179,1,23,1776,112,0,28,20222.67,146570,266,34,0,0
64288,1,23,1781,112,0,28,20222.67,146570,266,34,0,0
64380,1,23,1820,112,0,28,20223.73,146570,266,34,0,0
64435,1,24,1852,112,0,28,20223.73,146570,266,34,0,0
64610,1,24,1864,112,0,28,20223.73,146570,266,34,0,0
64715,1,24,1936,112,0,28,20223.73,146570,266,35,0,0
64829,1,25,1976,112,0,28,20224.73,146570,266,35,0,0
64937,1,26,1986,112,0,28,20224.73,146570,266,35,0,0
65044,1,26,2022,112,0,28,20224.73,146570,266,35,0,0
65161,1,27,2028,112,0,28,20224.73,146570,266,35,0,0
65260,1,27,2062,112,0,28,20224.73,146570,266,35,0,0
65379,1,27,2139,112,0,28,20225.81,146570,266,35,0,0
65484,1,28,2144,113,0,28,20225.81,146570,266,35,0,0
65580,1,28,2181,115,0,28,20225.81,146570,266,35,0,0
65679,1,29,2186,115,0,28,20225.81,146570,266,35,0,0
65809,1,29,2227,115,0,28,20226.94,146570,266,35,0,0
65909,1,29,2242,116,0,28,20226.94,146570,266,35,0,0
66035,1,30,2319,119,0,28,20226.94,146570,266,35,0,0
66135,1,30,2363,120,0,28,20228.02,146570,266,35,0,0
66234,1,31,2382,122,0,28,20228.02,146570,266,35,0,0
66359,1,31,2402,122,0,28,20228.02,146570,266,35,0,0
66434,1,32,2451,122,0,28,20228.02,146570,266,35,0,0
66579,1,32,2487,122,0,28,20229.06,146570,266,35,0,0
66679,1,33,2539,122,0,28,20229.06,146570,266,35,0,0
66788,1,33,2588,122,0,28,20229.06,146570,266,35,0,0
66900,1,34,2621,120,0,28,20230.22,146570,266,35,0,0
67009,1,34,2635,115,0,28,20230.22,146570,266,35,0,0
67109,1,35,2677,108,0,28,20231.22,146570,266,35,0,0
67234,1,36,2725,90,0,28,20231.22,146570,266,35,0,0
67337,1,36,2751,78,0,28,20232.25,146570,266,35,0,0
67435,1,36,2775,51,0,28,20232.25,146570,266,35,0,0
67561,1,36,2705,0,0,28,20232.25,146570,266,35,0,0
67660,1,36,2665,0,0,28,20232.25,146570,266,36,0,0
67779,1,36,2602,0,0,28,20233.30,146570,266,36,0,0
67879,1,36,2470,0,0,28,20233.30,146570,266,36,0,0
67979,1,36,2272,0,0,28,20233.30,146570,266,36,0,0
68079,1,36,2112,0,0,28,20233.30,146570,266,36,0,0
68215,1,36,2012,0,0,28,20233.30,146570,266,36,0,0
68309,1,35,1907,31,0,28,20233.30,146570,266,36,0,0
68429,1,35,1909,72,0,28,20233.30,146570,266,36,0,0
68538,1,35,1954,96,0,28,20233.30,146570,266,36,0,0
68635,1,35,1853,99,0,28,20233.30,146570,266,36,0,0
68735,1,35,1874,102,0,28,20233.30,146570,266,36,0,0
68859,1,35,1901,103,0,28,20233.30,146570,266,36,0,0
68969,1,35,1874,106,0,28,20234.38,146570,266,36,0,0
69079,1,35,1909,109,0,28,20234.38,146570,266,36,0,0
69179,1,36,1938,114,0,28,20234.38,146570,266,36,0,0
69288,1,36,1932,116,0,28,20235.43,146570,266,36,0,0
69409,1,37,1932,119,0,28,20235.43,146570,266,36,0,0
69509,1,36,1930,120,0,28,20235.43,146570,266,36,0,0
69629,1,37,1953,122,0,28,20236.49,146570,266,36,0,0
69735,1,37,1985,123,0,28,20236.49,146570,266,36,0,0
69837,1,37,1986,123,0,28,20236.49,146570,266,36,0,0
69938,1,38,2022,123,0,28,20236.49,146570,266,36,0,0
70061,1,38,1990,123,0,28,20237.50,146570,266,36,0,0
70159,1,38,2023,123,0,28,20237.50,146570,266,36,0,0
70282,1,38,2058,123,0,28,20237.50,146570,266,36,0,0
70379,1,39,2058,123,0,28,20237.50,146570,266,36,0,0
70483,1,39,2090,123,0,28,20238.52,146570,266,36,0,0
70609,1,39,2090,123,0,28,20238.52,146570,266,36,0,0
70715,1,40,2133,123,0,28,20238.52,146570,266,36,0,0
70830,1,40,2138,123,0,28,20239.55,146570,266,36,0,0
70935,1,40,2144,123,0,28,20239.55,146570,266,36,0,0
71044,1,41,2182,123,0,28,20239.55,146570,266,36,0,0
71159,1,41,2186,123,0,28,20239.55,146570,266,36,0,0
71259,1,41,2189,123,0,28,20240.63,146570,266,36,0,0
71359,1,41,2182,123,0,28,20240.63,146570,266,36,0,0
71484,1,42,2224,123,0,28,20240.63,146570,266,36,0,0
71582,1,42,2261,123,0,28,20240.63,146570,266,36,0,0
71682,1,42,2269,123,0,28,20241.71,146570,266,36,0,0
71810,1,42,2245,123,0,28,20241.71,146570,266,36,0,0
71916,1,43,2282,123,0,28,20241.71,146570,266,36,0,0
72030,1,43,2287,125,0,28,20242.85,146570,266,36,0,0
72136,1,43,2321,127,0,28,20242.85,146570,266,36,0,0
72235,1,44,2319,131,0,28,20242.85,146570,266,36,0,0
72337,1,44,2350,132,0,28,20242.85,146570,266,36,0,0
72435,1,44,2352,132,0,28,20243.87,146570,266,36,0,0
72559,1,44,2369,132,0,28,20243.87,146570,266,36,0,0
72679,1,45,2424,133,0,28,20243.87,146570,266,36,0,0
72788,1,45,2404,134,0,28,20244.92,146570,266,36,0,0
72900,1,45,2444,134,0,28,20244.92,146570,266,37,0,0
73010,1,46,2407,134,0,28,20244.92,146570,266,37,0,0
73109,1,46,2441,134,0,28,20246.03,146570,266,37,0,0
73215,1,46,2487,134,0,28,20246.03,146570,266,37,0,0
73337,1,47,2498,134,0,28,20246.03,146570,266,37,0,0
73410,1,47,2510,134,0,28,20246.03,146570,266,37,0,0
73559,1,47,2552,134,0,28,20247.17,146570,266,37,0,0
73659,1,48,2546,134,0,28,20247.17,146570,266,37,0,0
73759,1,48,2566,134,0,28,20248.24,146570,266,37,0,0
73882,1,48,2621,134,0,28,20248.24,146570,266,37,0,0
73935,1,49,2621,134,0,28,20248.24,146570,266,37,0,0
74082,1,49,2641,134,0,28,20249.25,146570,266,37,0,0
74179,1,49,2624,134,0,28,20249.25,146570,266,37,0,0
74329,1,50,2718,134,0,28,20250.44,146570,266,37,0,0
74429,1,50,2691,134,0,28,20250.44,146570,266,37,0,0
74559,1,51,2711,134,0,28,20250.44,146570,266,37,0,0
74659,1,51,2732,134,0,28,20251.63,146570,266,37,0,0
74780,1,52,2770,134,0,28,20251.63,146570,266,37,0,0
74882,1,52,2802,134,0,28,20252.67,146570,266,37,0,0
74935,1,52,2770,133,0,28,20252.67,146570,266,37,0,0
75109,1,53,2795,110,0,28,20253.70,146570,266,38,0,0
75229,1,53,2788,92,0,28,20253.70,146570,266,38,0,0
75337,1,53,2818,81,0,28,20253.70,146570,266,38,0,0
75429,1,53,2793,54,0,28,20254.85,146570,266,38,0,0
75559,1,53,2747,18,0,28,20254.85,146570,266,38,0,0
75659,1,53,2788,0,0,28,20254.85,146570,266,38,0,0
75781,1,53,2732,0,0,28,20254.85,146570,266,38,0,0
75899,1,53,2541,0,0,28,20254.85,146570,266,38,0,0
75990,1,53,2368,0,0,28,20254.85,146570,266,38,0,0
76109,1,52,2208,0,0,28,20254.85,146570,266,38,0,0
76229,1,52,1952,0,0,28,20254.85,146570,266,38,0,0
76337,1,52,1826,0,0,28,20254.85,146570,266,38,0,0
76435,1,51,1730,25,0,28,20254.85,146570,266,38,0,0
76562,1,50,2029,82,0,28,20254.85,146570,266,38,0,0
76659,1,50,2177,110,0,28,20254.85,146570,266,38,0,0
76786,1,51,1984,111,0,28,20254.85,146570,266,38,0,0
76899,1,50,2058,114,0,28,20255.91,146570,266,38,0,0
76935,1,51,2026,115,0,28,20255.91,146570,266,38,0,0
77109,1,51,2034,116,0,28,20255.91,146570,266,38,0,0
77215,1,51,2043,117,0,28,20255.91,146570,266,39,0,0
77338,1,51,2063,117,0,28,20256.98,146570,266,39,0,0
77429,1,51,2040,116,0,28,20256.98,146570,266,39,0,0
77561,1,51,2059,108,0,28,20256.98,146570,266,39,0,0
77659,1,52,2077,80,0,28,20257.99,146570,266,39,0,0
77782,1,52,2001,32,0,28,20257.99,146570,266,39,0,0
77882,1,51,2022,0,0,28,20257.99,146570,266,39,0,0
77989,1,51,2003,0,0,28,20257.99,146570,266,39,0,0
78109,1,51,1915,0,0,28,20257.99,146570,266,39,0,0
78215,1,51,1777,0,0,28,20257.99,146570,266,39,0,0
78340,1,50,1568,0,0,28,20257.99,146570,266,39,0,0
78435,1,50,1595,0,0,28,20257.99,146570,266,39,0,0
78562,1,50,1530,0,0,28,20257.99,146570,266,39,0,0
78659,1,50,1490,0,0,28,20257.99,146570,266,39,0,0
78782,1,49,1433,0,0,28,20257.99,146570,266,39,0,0
78882,1,49,1401,0,0,28,20257.99,146570,266,39,0,0
79009,1,49,1403,0,0,28,20257.99,146570,266,39,0,0
79109,1,48,1340,0,0,28,20257.99,146570,266,39,0,0
79215,1,48,1341,0,0,28,20257.99,146570,266,39,0,0
79338,1,47,1277,0,0,28,20258.99,146570,266,39,0,0
79560,1,47,1217,0,0,28,20258.99,146570,266,39,0,0
79659,1,47,1217,0,0,28,20258.99,146570,266,39,0,0
79782,1,47,1185,0,0,28,20258.99,146570,266,39,0,0
79899,1,46,1153,0,0,28,20258.99,146570,266,39,0,0
80009,1,46,1153,0,0,28,20258.99,146570,266,39,0,0
80109,1,46,1153,0,0,28,20258.99,146570,266,39,0,0
80229,1,46,1121,0,0,28,20258.99,146570,266,39,0,0
80337,1,45,1122,0,0,28,20258.99,146570,266,39,0,0
80435,1,45,1123,0,0,28,20258.99,146570,266,39,0,0
80560,1,45,1124,0,0,28,20258.99,146570,266,39,0,0
80659,1,44,1091,0,0,28,20258.99,146570,266,39,0,0
80782,1,44,1092,0,0,28,20258.99,146570,266,39,0,0
80899,1,44,1092,0,0,28,20258.99,146570,266,39,0,0
81009,1,44,1093,0,0,28,20258.99,146570,266,39,0,0
81109,1,44,1093,0,0,28,20258.99,146570,266,39,0,0
81232,1,43,1093,0,0,28,20258.99,146570,266,40,0,0
81340,1,43,1094,0,0,28,20258.99,146570,266,40,0,0
81432,1,43,1064,0,0,28,20258.99,146570,266,40,0,0
81559,1,42,1064,0,0,28,20258.99,146570,266,40,0,0
81659,1,42,1064,0,0,28,20258.99,146570,266,40,0,0
81782,1,42,1061,0,0,28,20258.99,146570,266,40,0,0
81899,1,42,1061,0,0,28,20258.99,146570,266,40,0,0
82009,1,41,1061,0,0,28,20258.99,146570,266,40,0,0
82109,1,41,1061,0,0,28,20258.99,146570,266,40,0,0
82232,1,41,1060,0,0,28,20258.99,146570,266,40,0,0
82340,1,41,1092,0,0,28,20260.00,146570,266,40,0,0
82432,1,41,1059,0,0,28,20260.00,146570,266,40,0,0
82559,1,40,1059,0,0,28,20260.00,146570,266,40,0,0
82659,1,40,1090,0,0,28,20260.00,146570,266,40,0,0
82782,1,39,1090,0,0,28,20260.00,146570,266,40,0,0
82899,1,39,1089,0,0,28,20260.00,146570,266,40,0,0
82986,1,39,1089,0,0,28,20260.00,146570,266,40,0,0
83109,1,39,1089,0,0,28,20260.00,146570,266,41,0,0
83231,1,38,1089,0,0,28,20260.00,146570,266,41,0,0
83332,1,38,1088,0,0,28,20260.00,146570,266,41,0,0
83432,1,38,1088,0,0,28,20260.00,146570,266,41,0,0
83559,1,37,1088,0,0,28,20260.00,146570,266,41,0,0
83659,1,37,1088,0,0,28,20260.00,146570,266,41,0,0
83782,1,37,1088,0,0,28,20260.00,146570,266,41,0,0
83899,1,37,1089,0,0,28,20260.00,146570,266,41,0,0
84008,1,37,1089,0,0,28,20260.00,146570,266,41,0,0
84109,1,36,1090,0,0,28,20260.00,146570,266,41,0,0
84215,1,36,1091,0,0,28,20260.00,146570,266,41,0,0
84340,1,36,1091,0,0,28,20260.00,146570,266,41,0,0
84437,1,35,1091,0,0,28,20260.00,146570,266,41,0,0
84559,1,35,1091,0,0,28,20260.00,146570,266,41,0,0
84659,1,35,1091,0,0,28,20260.00,146570,266,41,0,0
84782,1,35,1091,0,0,28,20260.00,146570,266,41,0,0
84882,1,34,1091,0,0,28,20260.00,146570,266,41,0,0
85009,1,34,1091,0,0,28,20260.00,146570,266,42,0,0
85109,1,33,1089,0,0,28,20260.00,146570,266,42,0,0
85215,1,34,1089,0,0,28,20260.00,146570,266,42,0,0
85339,1,33,1089,0,0,28,20260.00,146570,266,42,0,0
85432,1,33,1089,0,0,28,20261.00,146570,266,42,0,0
85560,1,33,1088,0,0,28,20261.00,146570,266,42,0,0
85659,1,32,1088,0,0,28,20261.00,146570,266,42,0,0
85783,1,32,1119,0,0,28,20261.00,146570,266,42,0,0
85882,1,32,1088,0,0,28,20261.00,146570,266,42,0,0
85984,1,32,1089,0,0,28,20261.00,146570,266,42,0,0
86109,1,31,1089,0,0,28,20261.00,146570,266,42,0,0
86215,1,31,1089,0,0,28,20261.00,146570,266,42,0,0
86332,1,31,1090,0,0,28,20261.00,146570,266,42,0,0
86432,1,31,1090,0,0,28,20261.00,146570,266,42,0,0
86559,1,30,1091,0,0,28,20261.00,146570,266,42,0,0
86659,1,30,1091,0,0,28,20261.00,146570,266,42,0,0
86782,1,30,1091,0,0,28,20261.00,146570,266,42,0,0
86881,1,30,1092,0,0,28,20261.00,146570,266,42,0,0
86940,1,29,1092,0,0,28,20261.00,146570,266,42,0,0
87109,1,29,1091,0,0,28,20261.00,146570,246,42,0,0
87215,1,29,1090,0,0,28,20261.00,146570,246,42,0,0
87331,1,29,1090,0,0,28,20261.00,146570,246,42,0,0
87437,1,28,1089,0,0,28,20261.00,146570,246,42,0,0
87559,1,28,1089,0,0,28,20261.00,146570,246,42,0,0
87659,1,28,1089,0,0,28,20261.00,146570,246,42,0,0
87781,1,28,1090,0,0,28,20261.00,146570,246,42,0,0
87882,1,28,1092,0,0,28,20261.00,146570,246,42,0,0
87983,1,27,1093,0,0,28,20261.00,146570,246,42,0,0
88109,1,27,1094,0,0,28,20261.00,146570,246,42,0,0
88215,1,27,1094,0,0,28,20261.00,146570,246,42,0,0
88332,1,27,1095,0,0,28,20261.00,146570,246,42,0,0
88438,1,26,1096,0,0,28,20261.00,146570,246,42,0,0
88559,1,26,1096,0,0,28,20261.00,146570,246,42,0,0
88659,1,26,1096,0,0,28,20262.02,146570,246,42,0,0
88781,1,25,1098,0,0,28,20262.02,146570,246,42,0,0
88881,1,25,1099,0,0,28,20262.02,146570,246,42,0,0
88982,1,25,1100,0,0,28,20262.02,146570,246,42,0,0
89109,1,25,1101,0,0,28,20262.02,146570,246,42,0,0
89215,1,25,1100,0,0,28,20262.02,146570,246,42,0,0
89339,1,24,1101,0,0,28,20262.02,146570,246,42,0,0
89437,1,24,1102,0,0,28,20262.02,146570,246,42,0,0
89560,1,24,1104,0,0,28,20262.02,146570,246,42,0,0
89659,1,24,1102,0,0,28,20262.02,146570,246,42,0,0
89782,1,23,1101,0,0,28,20262.02,146570,246,43,0,0
89882,1,23,1100,0,0,28,20262.02,146570,246,43,0,0
89982,1,23,1100,0,0,28,20262.02,146570,246,43,0,0
90109,1,23,1100,0,0,28,20262.02,146570,246,43,0,0
90214,1,23,1101,0,0,28,20262.02,146570,246,43,0,0
90332,1,22,1101,0,0,28,20262.02,146570,246,43,0,0
90437,1,22,1102,0,0,28,20262.02,146570,246,43,0,0
90537,1,22,1102,0,0,28,20262.02,146570,246,43,0,0
90659,1,22,1102,0,0,28,20262.02,146570,246,43,0,0
90782,1,21,1101,0,0,28,20262.02,146570,246,43,0,0
90881,1,21,1101,0,0,28,20262.02,146570,246,43,0,0
90981,1,21,1101,0,0,28,20262.02,146570,246,43,0,0
91110,1,21,1101,0,0,28,20262.02,146570,246,43,0,0
91214,1,21,1100,0,0,28,20262.02,146570,246,43,0,0
91331,1,20,1099,0,0,28,20263.04,146570,246,43,0,0
91438,1,20,1100,0,0,28,20263.04,146570,246,43,0,0
91539,1,20,1102,0,0,28,20263.04,146570,246,43,0,0
91659,1,20,1102,0,0,28,20263.04,146570,246,43,0,0
91759,1,19,1102,0,0,28,20263.04,146570,246,43,0,0
91882,1,19,1102,0,0,28,20263.04,146570,246,43,0,0
91982,1,19,1104,0,0,28,20263.04,146570,246,43,0,0
92109,1,19,1104,0,0,28,20263.04,146570,246,43,0,0
92214,1,19,1102,0,0,28,20263.04,146570,246,43,0,0
92331,1,18,1101,0,0,28,20263.04,146570,246,43,0,0
92432,1,18,1101,0,0,28,20263.04,146570,246,43,0,0
92558,1,18,1101,0,0,28,20263.04,146570,246,43,0,0
92659,1,18,1101,0,0,28,20263.04,146570,246,43,0,0
92779,1,18,1101,0,0,28,20263.04,146570,246,43,0,0
92881,1,17,1101,0,0,28,20263.04,146570,246,43,0,0
92981,1,17,1104,0,0,28,20263.04,146570,246,43,0,0
93109,1,16,1104,0,0,28,20263.04,146570,246,43,0,0
93214,1,16,1104,0,0,28,20263.04,146570,246,43,0,0
93331,1,16,1104,0,0,28,20263.04,146570,246,43,0,0
93437,1,16,1105,0,0,28,20263.04,146570,246,43,0,0
93558,1,16,1105,0,0,28,20263.04,146570,246,43,0,0
93659,1,15,1105,0,0,28,20263.04,146570,246,43,0,0
93781,1,15,1102,0,0,28,20263.04,146570,246,43,0,0
93881,1,15,1101,0,0,28,20263.04,146570,246,43,0,0
93981,1,15,1101,0,0,28,20264.04,146570,246,43,0,0
94109,1,15,1101,0,0,28,20264.04,146570,246,43,0,0
94214,1,15,1101,0,0,28,20264.04,146570,246,43,0,0
94331,1,14,1101,0,0,28,20264.04,146570,246,43,0,0
94438,1,14,1101,0,0,28,20264.04,146570,246,43,0,0
94558,1,14,1102,0,0,28,20264.04,146570,246,43,0,0
94659,1,13,1104,0,0,28,20264.04,146570,246,43,0,0
94779,1,13,1104,0,0,28,20264.04,146570,246,44,0,0
94881,1,13,1104,0,0,28,20264.04,146570,246,44,0,0
94981,1,13,1105,0,0,28,20264.04,146570,246,44,0,0
95109,1,13,1104,0,0,28,20264.04,146570,246,44,0,0
95214,1,13,1102,0,0,28,20264.04,146570,246,44,0,0
95332,1,12,1102,0,0,28,20264.04,146570,246,44,0,0
95437,1,12,1102,0,160,28,20264.04,146570,246,44,0,0
95537,1,11,1104,0,180,28,20264.04,146570,246,44,0,0
95659,1,10,1102,0,190,28,20264.04,146570,246,44,0,0
95759,1,8,1104,0,186,28,20264.04,146570,246,44,0,0
95881,1,7,1106,0,182,28,20264.04,146570,246,44,0,0
95937,1,6,1106,0,182,28,20264.04,146570,246,44,0,0
96109,1,5,1106,0,150,28,20264.04,146570,246,44,0,0
96214,1,4,1106,0,44,28,20264.04,146570,246,44,0,0
96331,1,4,1074,0,2,28,20264.04,146570,246,44,0,0
96437,1,3,1079,0,10,28,20264.04,146570,246,44,0,0
96537,1,2,1060,0,36,28,20265.05,146570,246,44,0,0
96659,1,0,1081,0,34,28,20265.05,146570,246,44,0,0
96758,1,0,1018,0,36,28,20265.05,146570,246,44,0,0
96881,1,0,928,0,34,28,20265.05,146570,246,44,0,0
96981,1,0,948,0,28,28,20265.05,146570,246,44,0,0
97108,1,0,913,0,18,28,20265.05,146570,246,44,0,0
97214,1,0,910,0,0,28,20265.05,146570,246,44,0,0
97331,1,0,908,0,0,28,20265.05,146570,246,44,0,0
97437,1,0,914,0,0,28,20265.05,146570,246,44,0,0
97537,1,0,922,0,0,28,20265.05,146570,246,44,0,0
97658,1,0,1057,97,0,28,20265.05,146570,246,44,0,0
97759,1,0,1553,97,0,28,20265.05,146570,246,44,0,0
97881,1,0,2315,125,0,28,20265.05,146570,246,44,0,0
97981,1,0,2652,130,0,28,20266.07,146570,246,44,0,0
98109,1,0,2858,90,0,28,20266.07,146570,246,44,0,0
98214,1,0,2856,76,0,28,20266.07,146570,246,44,0,0
98332,1,0,2588,74,0,28,20267.11,146570,246,44,0,0
98412,1,0,2486,73,0,28,20267.11,146570,246,44,0,0
98537,1,0,2177,69,0,28,20267.11,146570,246,44,0,0
98658,1,2,1868,46,0,28,20268.15,146570,246,44,0,0
98758,1,3,1621,43,0,28,20268.15,146570,246,44,0,0
98881,1,4,1141,43,0,28,20268.15,146570,246,44,0,0
98981,1,5,1060,43,0,28,20268.15,146570,246,44,0,0
99108,1,5,1029,51,0,28,20268.15,146570,246,44,0,0
99215,1,6,1026,56,0,28,20268.15,146570,246,44,0,0
99308,1,7,1061,62,0,28,20269.18,146570,246,44,0,0
99438,1,8,1188,67,0,28,20269.18,146570,246,44,0,0
99537,1,8,1261,67,0,28,20269.18,146570,246,44,0,0
99659,1,9,1313,73,0,28,20269.18,146570,246,44,0,0
99758,1,9,1430,73,0,28,20269.18,146570,246,44,0,0
99881,1,10,1524,73,0,28,20269.18,146570,246,44,0,0
99981,1,11,1597,73,0,28,20270.25,146570,246,44,0,0
100081,1,11,1679,73,0,28,20270.25,146570,246,44,0,0
100215,1,12,1730,75,0,28,20270.25,146570,246,44,0,0
100308,1,12,1806,75,0,28,20270.25,146570,246,44,0,0
100437,1,13,1884,75,0,28,20271.27,146570,246,44,0,0
100537,1,13,1928,75,0,28,20271.27,146570,246,44,0,0
100648,1,14,1999,67,0,28,20271.27,146570,246,44,0,0
100758,1,14,2019,33,0,28,20271.27,146570,246,44,0,0
100881,1,14,1795,0,0,28,20271.27,146570,246,44,0,0
100981,1,14,1794,0,0,28,20271.27,146570,246,44,0,0
101081,1,14,1762,0,0,28,20271.27,146570,246,44,0,0
101214,1,14,1757,0,0,28,20271.27,146570,246,44,0,0
101308,1,14,1707,21,0,28,20271.27,146570,246,44,0,0
101437,1,14,1581,94,0,28,20271.27,146570,246,44,0,0
101537,1,14,1248,117,0,28,20271.27,146570,246,44,0,0
101658,1,14,1035,117,0,28,20272.29,146570,246,44,0,0
101758,1,14,1160,117,0,28,20272.29,146570,246,44,0,0
101881,1,15,1155,117,0,28,20272.29,146570,246,44,0,0
101937,1,15,1155,123,0,28,20272.29,146570,246,44,0,0
102081,1,15,1200,129,0,28,20272.29,146570,246,44,0,0
102181,1,16,1238,136,0,28,20272.29,146570,246,44,0,0
102308,1,16,1278,148,0,28,20273.30,146570,246,44,0,0
102431,1,16,1320,150,0,28,20273.30,146570,246,44,0,0
102537,1,17,1334,150,0,28,20273.30,146570,246,44,0,0
102648,1,18,1349,151,0,28,20273.30,146570,246,44,0,0
102758,1,18,1428,151,0,28,20273.30,146570,246,44,0,0
102858,1,19,1444,151,0,28,20274.33,146570,246,44,0,0
102981,1,19,1519,151,0,28,20274.33,146570,246,44,0,0
103081,1,20,1548,151,0,28,20274.33,146570,246,44,0,0
103181,1,20,1578,149,0,28,20274.33,146570,246,45,0,0
103308,1,21,1662,148,0,28,20274.33,146570,246,45,0,0
103431,1,21,1722,146,0,28,20275.46,146570,246,45,0,0
103537,1,23,1776,145,0,28,20275.46,146570,246,45,0,0
103648,1,23,1797,144,0,28,20275.46,146570,246,45,0,0
103758,1,24,1886,142,0,28,20276.57,146570,246,45,0,0
103858,1,25,1906,141,0,28,20276.57,146570,246,45,0,0
103981,1,25,1988,141,0,28,20276.57,146570,246,45,0,0
104081,1,26,2022,141,0,28,20277.66,146570,246,45,0,0
104181,1,27,2088,138,0,28,20277.66,146570,246,45,0,0
104308,1,27,2128,132,0,28,20277.66,146570,246,45,0,0
104431,1,28,2232,131,0,28,20278.78,146570,246,45,0,0
104537,1,29,2271,131,0,28,20278.78,146570,246,45,0,0
104648,1,30,2303,130,0,28,20278.78,146570,246,45,0,0
104758,1,30,2313,130,0,28,20278.78,146570,246,45,0,0
104858,1,31,2397,129,0,28,20279.87,146570,246,45,0,0
104981,1,31,2454,129,0,28,20279.87,146570,246,45,0,0
105081,1,32,2494,129,0,28,20279.87,146570,246,45,0,0
105181,1,32,2505,129,0,28,20280.90,146570,246,45,0,0
105308,1,33,2556,129,0,28,20280.90,146570,246,45,0,0
105431,1,34,2607,129,0,28,20280.90,146570,246,45,0,0
105537,1,35,2625,129,0,28,20282.00,146570,246,45,0,0
105648,1,35,2707,129,0,28,20282.00,146570,246,45,0,0
105758,1,36,2724,129,0,28,20282.00,146570,246,45,0,0
105858,1,36,2772,129,0,28,20283.02,146570,246,45,0,0
105937,1,37,2786,129,0,28,20283.02,146570,246,45,0,0
106081,1,37,2855,129,0,28,20284.10,146570,246,45,0,0
106181,1,38,2941,129,0,28,20284.10,146570,246,45,0,0
106308,1,38,2957,129,0,28,20284.10,146570,246,45,0,0
106431,1,39,3005,129,0,28,20285.23,146570,246,45,0,0
106537,1,40,3055,129,0,28,20285.23,146570,246,45,0,0
106649,1,40,3102,129,0,28,20285.23,146570,246,45,0,0
106758,1,41,3124,128,0,28,20286.44,146570,246,45,0,0
106858,1,41,3177,118,0,28,20286.44,146570,246,45,0,0
106961,1,42,3226,101,0,28,20287.51,146570,246,45,0,0
107081,1,42,3214,80,0,28,20287.51,146570,246,45,0,0
107181,1,43,3183,60,0,28,20288.51,146570,246,45,0,0
107308,1,43,3180,0,0,28,20288.51,146570,246,45,0,0
107431,1,42,3140,0,0,28,20288.51,146570,246,45,0,0
107537,1,42,3131,0,0,28,20288.51,146570,246,45,0,0
107648,1,42,2940,0,0,28,20288.51,146570,246,45,0,0
107758,1,42,2720,0,0,28,20288.51,146570,246,45,0,0
107858,1,41,2592,0,0,28,20288.51,146570,246,45,0,0
107931,1,41,2447,0,0,28,20288.51,146570,246,45,0,0
108081,1,41,2236,0,0,28,20288.51,146571,246,45,0,0
108181,1,41,2083,0,0,28,20288.51,146571,246,45,0,0
108308,1,41,1928,0,0,28,20288.51,146571,246,45,0,0
108408,1,41,1828,0,0,28,20288.51,146571,246,45,0,0
108537,1,40,1695,0,0,28,20288.51,146571,246,45,0,0
108636,1,40,1667,2,0,28,20288.51,146571,246,45,0,0
108758,1,40,1722,41,0,28,20288.51,146571,246,45,0,0
108858,1,39,2076,54,0,28,20288.51,146571,246,45,0,0
108970,1,40,2214,56,0,28,20288.51,146571,246,45,0,0
109081,1,40,2127,56,0,28,20288.51,146571,246,45,0,0
109181,1,39,2109,56,0,28,20289.52,146571,246,45,0,0
109308,1,40,2127,56,0,28,20289.52,146571,246,45,0,0
109408,1,40,2098,56,0,28,20289.52,146571,246,45,0,0
109532,1,39,2130,60,0,28,20289.52,146571,246,45,0,0
109636,1,40,2137,63,0,28,20289.52,146571,246,45,0,0
109737,1,40,2137,63,0,28,20289.52,146571,246,45,0,0
109858,1,40,2120,63,0,28,20289.52,146571,246,45,0,0
109969,1,40,2131,63,0,28,20290.54,146571,246,45,0,0
110081,1,40,2133,63,0,28,20290.54,146571,246,45,0,0
110181,1,40,2133,63,0,28,20290.54,146571,246,45,0,0
110309,1,40,2113,63,0,28,20290.54,146571,246,45,0,0
110408,1,40,2143,63,0,28,20290.54,146571,246,45,0,0
110531,1,40,2141,63,0,28,20290.54,146571,246,45,0,0
110636,1,40,2170,63,0,28,20291.56,146571,246,45,0,0
110736,1,40,2166,63,0,28,20291.56,146571,246,45,0,0
110858,1,40,2164,63,0,28,20291.56,146571,246,45,0,0
110937,1,40,2169,63,0,28,20291.56,146571,246,45,0,0
111081,1,40,2172,63,0,28,20291.56,146571,246,46,0,0
111181,1,41,2164,63,0,28,20291.56,146571,246,46,0,0
111310,1,41,2161,63,0,28,20291.56,146571,246,46,0,0
111408,1,41,2164,63,0,28,20292.58,146571,246,46,0,0
111532,1,41,2170,63,0,28,20292.58,146571,246,46,0,0
111637,1,41,2204,63,0,28,20292.58,146571,246,46,0,0
111736,1,41,2207,63,0,28,20292.58,146571,246,46,0,0
111858,1,41,2176,67,0,28,20292.58,146571,246,46,0,0
111937,1,41,2200,68,0,28,20292.58,146571,246,46,0,0
112081,1,41,2184,68,0,28,20293.62,146571,246,46,0,0
112181,1,41,2198,70,0,28,20293.62,146571,246,46,0,0
112309,1,41,2176,71,0,28,20293.62,146571,246,46,0,0
112408,1,41,2217,71,0,28,20293.62,146571,246,46,0,0
112536,1,42,2217,74,0,28,20293.62,146571,246,46,0,0
112636,1,42,2209,74,0,28,20293.62,146571,246,46,0,0
112758,1,42,2212,74,0,28,20294.64,146571,246,46,0,0
112858,1,42,2252,74,0,28,20294.64,146571,246,46,0,0
112936,1,42,2262,74,0,28,20294.64,146571,246,46,0,0
113080,1,42,2270,74,0,28,20294.64,146571,246,46,0,0
113181,1,42,2263,74,0,28,20294.64,146571,246,46,0,0
113308,1,42,2288,74,0,28,20294.64,146571,246,46,0,0
113408,1,42,2280,74,0,28,20295.64,146571,246,46,0,0
113536,1,43,2275,74,0,28,20295.64,146571,246,46,0,0
113647,1,43,2274,71,0,28,20295.64,146571,246,46,0,0
113758,1,43,2283,63,0,28,20295.64,146571,246,46,0,0
113858,1,43,2284,52,0,28,20295.64,146571,246,46,0,0
113937,1,43,2273,46,0,28,20295.64,146571,246,46,0,0
114081,1,43,2301,46,0,28,20296.69,146571,246,46,0,0
114181,1,43,2278,20,0,28,20296.69,146571,246,47,0,0
114308,1,43,2260,0,0,28,20296.69,146571,246,47,0,0
114408,1,43,2234,0,0,28,20296.69,146571,246,47,0,0
114537,1,43,2212,0,0,28,20296.69,146571,246,47,0,0
114648,1,42,2125,0,0,28,20296.69,146571,246,47,0,0
114759,1,42,1920,0,0,28,20296.69,146571,246,47,0,0
114858,1,42,1760,0,0,28,20296.69,146571,246,47,0,0
114931,1,42,1664,0,0,28,20296.69,146571,246,47,0,0
115081,1,42,1645,0,0,28,20296.69,146571,246,47,0,0
115181,1,42,1573,0,0,28,20296.69,146571,246,47,0,0
115308,1,42,1526,0,0,28,20296.69,146571,246,47,0,0
115408,1,42,1489,0,0,28,20296.69,146571,246,47,0,0
115536,1,42,1422,0,0,28,20296.69,146571,246,47,0,0
115648,1,41,1421,0,0,28,20296.69,146571,246,47,0,0
115758,1,41,1355,0,0,28,20296.69,146571,246,47,0,0
115858,1,41,1355,0,0,28,20296.69,146571,246,47,0,0
115936,1,41,1323,0,0,28,20296.69,146571,246,47,0,0
116081,1,41,1292,0,0,28,20296.69,146571,246,47,0,0
116180,1,41,1259,0,0,28,20296.69,146571,246,47,0,0
116308,1,41,1227,0,0,28,20296.69,146571,246,47,0,0
116408,1,41,1227,0,0,28,20296.69,146571,246,47,0,0
116537,1,41,1194,0,0,28,20296.69,146571,246,47,0,0
116648,1,41,1193,0,0,28,20296.69,146571,246,47,0,0
116759,1,41,1161,0,0,28,20296.69,146571,246,47,0,0
116858,1,40,1161,0,0,28,20297.71,146571,246,47,0,0
116937,1,40,1161,0,0,28,20297.71,146571,246,47,0,0
117081,1,40,1128,0,0,28,20297.71,146571,228,47,0,0
117181,1,40,1128,0,0,28,20297.71,146571,228,48,0,0
117308,1,40,1128,0,0,28,20297.71,146571,228,48,0,0
117430,1,40,1096,0,0,28,20297.71,146571,228,48,0,0
117536,1,40,1096,0,0,28,20297.71,146571,228,48,0,0
117648,1,40,1095,0,0,28,20297.71,146571,228,48,0,0
117758,1,40,1095,0,0,28,20297.71,146571,228,48,0,0
117858,1,39,1094,0,0,28,20297.71,146571,228,48,0,0
117990,1,39,1061,0,0,28,20297.71,146571,228,48,0,0
118081,1,39,1061,0,0,28,20297.71,146571,228,48,0,0
118181,1,39,1061,0,0,28,20297.71,146571,228,48,0,0
118308,1,39,1061,0,0,28,20297.71,146571,228,48,0,0
118431,1,39,1061,0,0,28,20297.71,146571,228,48,0,0
118580,1,39,1061,0,0,28,20297.71,146571,228,48,0,0
118680,1,39,1061,0,0,28,20297.71,146571,228,48,0,0
118781,1,39,1061,0,0,28,20297.71,146571,228,48,0,0
118908,1,39,1061,0,0,28,20297.71,146571,228,48,0,0
119009,1,39,1061,0,0,28,20297.71,146571,228,48,0,0
119136,1,38,1061,0,0,28,20297.71,146571,228,48,0,0
119236,1,38,1061,0,0,28,20297.71,146571,228,48,0,0
119358,1,38,1061,0,0,28,20297.71,146571,228,48,0,0
119436,1,38,1061,0,0,28,20297.71,146571,228,48,0,0
119581,1,38,1087,0,0,28,20297.71,146571,228,48,0,0
119681,1,38,1087,0,0,28,20297.71,146571,228,48,0,0
119781,1,38,1087,0,0,28,20298.71,146571,228,48,0,0
119908,1,38,1087,8,0,28,20298.71,146571,228,48,0,0
120014,1,38,1151,16,0,28,20298.71,146571,228,48,0,0
120136,1,38,1256,19,0,28,20298.71,146571,228,48,0,0
120236,1,38,1184,20,0,28,20298.71,146571,228,48,0,0
120359,1,38,1241,28,0,28,20298.71,146571,228,48,0,0
120461,1,38,1206,28,0,28,20298.71,146571,228,48,0,0
120580,1,37,1198,29,0,28,20298.71,146571,228,48,0,0
120680,1,37,1199,30,0,28,20298.71,146571,228,48,0,0
120807,1,38,1202,30,0,28,20298.71,146571,228,48,0,0
120908,1,37,1205,30,0,28,20298.71,146571,228,48,0,0
121031,1,37,1206,32,0,28,20298.71,146571,228,48,0,0
121136,1,37,1206,37,0,28,20298.71,146571,228,48,0,0
121236,1,37,1205,38,0,28,20298.71,146571,228,48,0,0
121358,1,37,1206,39,0,28,20298.71,146571,228,48,0,0
121475,1,37,1211,41,0,28,20298.71,146571,228,48,0,0
121580,1,37,1184,42,0,28,20298.71,146571,228,48,0,0
121680,1,37,1185,46,0,28,20298.71,146571,228,48,0,0
121808,1,37,1188,48,0,28,20299.72,146571,228,48,0,0
121908,1,37,1195,50,0,28,20299.72,146571,228,48,0,0
122029,1,38,1201,50,0,28,20299.72,146571,228,48,0,0
122136,1,38,1236,52,0,28,20299.72,146571,228,48,0,0
122236,1,38,1240,54,0,28,20299.72,146571,228,48,0,0
122358,1,38,1212,54,0,28,20299.72,146571,228,48,0,0
122436,1,38,1243,55,0,28,20299.72,146571,228,48,0,0
122580,1,38,1243,56,0,28,20299.72,146571,228,48,0,0
122680,1,38,1243,58,0,28,20299.72,146571,228,48,0,0
122809,1,38,1244,65,0,28,20299.72,146571,228,48,0,0
122908,1,38,1221,67,0,28,20299.72,146571,228,48,0,0
123031,1,38,1233,70,0,28,20299.72,146571,228,48,0,0
123136,1,38,1245,73,0,28,20300.74,146571,228,48,0,0
123236,1,38,1218,74,0,28,20300.74,146571,228,48,0,0
123358,1,38,1228,75,0,28,20300.74,146571,228,48,0,0
123436,1,39,1265,77,0,28,20300.74,146571,228,48,0,0
123581,1,39,1264,77,0,28,20300.74,146571,228,48,0,0
123680,1,39,1264,78,0,28,20300.74,146571,228,49,0,0
123808,1,39,1269,78,0,28,20300.74,146571,228,49,0,0
123908,1,39,1273,78,0,28,20300.74,146571,228,49,0,0
124037,1,39,1273,75,0,28,20300.74,146571,228,49,0,0
124147,1,39,1274,74,0,28,20301.76,146571,228,49,0,0
124258,1,40,1271,69,0,28,20301.76,146571,228,49,0,0
124358,1,40,1263,66,0,28,20301.76,146571,228,49,0,0
124461,1,40,1256,62,0,28,20301.76,146571,228,49,0,0
124580,1,40,1293,61,0,28,20301.76,146571,228,49,0,0
124681,1,40,1281,60,0,28,20301.76,146571,228,49,0,0
124808,1,40,1309,59,0,28,20301.76,146571,228,49,0,0
124908,1,40,1280,58,0,28,20301.76,146571,228,49,0,0
125037,1,40,1284,58,0,28,20301.76,146571,228,49,0,0
125148,1,40,1286,58,0,28,20301.76,146571,228,49,0,0
125258,1,40,1288,58,0,28,20302.77,146571,228,49,0,0
125358,1,40,1289,58,0,28,20302.77,146571,228,49,0,0
125460,1,41,1289,58,0,28,20302.77,146571,228,49,0,0
125580,1,41,1284,58,0,28,20302.77,146571,228,49,0,0
125680,1,41,1283,58,0,28,20302.77,146571,228,49,0,0
125808,1,41,1315,58,0,28,20302.77,146571,228,49,0,0
125930,1,41,1313,58,0,28,20302.77,146571,228,49,0,0
126037,1,41,1283,58,0,28,20302.77,146571,228,49,0,0
126148,1,41,1319,58,0,28,20302.77,146571,228,49,0,0
126258,1,41,1320,58,0,28,20302.77,146571,228,49,0,0
126358,1,41,1321,58,0,28,20302.77,146571,228,49,0,0
126461,1,41,1321,60,0,28,20302.77,146571,228,49,0,0
126580,1,41,1318,63,0,28,20303.79,146571,228,49,0,0
126680,1,41,1324,76,0,28,20303.79,146571,228,49,0,0
126808,1,41,1326,89,0,28,20303.79,146571,228,49,0,0
126931,1,41,1360,92,0,28,20303.79,146571,228,49,0,0
127045,1,42,1342,94,0,28,20303.79,146571,228,49,0,0
127148,1,42,1354,94,0,28,20303.79,146571,228,49,0,0
127258,1,42,1361,95,0,28,20303.79,146571,228,49,0,0
127358,1,42,1361,95,0,28,20303.79,146571,228,49,0,0
127436,1,42,1360,96,0,28,20304.80,146571,228,49,0,0
127580,1,42,1365,96,0,28,20304.80,146571,228,49,0,0
127680,1,43,1367,96,0,28,20304.80,146571,228,49,0,0
127808,1,43,1402,96,0,28,20304.80,146571,228,49,0,0
127936,1,43,1405,97,0,28,20304.80,146571,228,49,0,0
128045,1,43,1406,97,0,28,20304.80,146571,228,49,0,0
128157,1,43,1407,97,0,28,20305.83,146571,228,49,0,0
128258,1,44,1434,97,0,28,20305.83,146571,228,49,0,0
128380,1,44,1427,92,0,28,20305.83,146571,228,50,0,0
128431,1,44,1427,92,0,28,20305.83,146571,228,50,0,0
128580,1,44,1415,91,0,28,20305.83,146571,228,50,0,0
128713,1,44,1409,91,0,28,20305.83,146571,228,50,0,0
128807,1,44,1435,91,0,28,20305.83,146571,228,50,0,0
128935,1,45,1464,91,0,28,20305.83,146571,228,50,0,0
129045,1,45,1462,90,0,28,20306.86,146571,228,50,0,0
129158,1,45,1461,90,0,28,20306.86,146571,228,50,0,0
129257,1,45,1464,90,0,28,20306.86,146571,228,50,0,0
129380,1,45,1469,90,0,28,20306.86,146571,228,50,0,0
129430,1,45,1469,88,0,28,20306.86,146571,228,50,0,0
129581,1,46,1440,87,0,28,20306.86,146571,228,50,0,0
129713,1,46,1443,83,0,28,20306.86,146571,228,50,0,0
129808,1,46,1472,80,0,28,20306.86,146571,228,50,0,0
129936,1,46,1498,80,0,28,20307.91,146571,228,50,0,0
130045,1,46,1487,80,0,28,20307.91,146571,228,50,0,0
130158,1,46,1480,77,0,28,20307.91,146571,228,50,0,0
130258,1,46,1476,69,0,28,20307.91,146571,228,50,0,0
130382,1,46,1479,66,0,28,20307.91,146571,228,50,0,0
130460,1,46,1479,59,0,28,20307.91,146571,228,50,0,0
130607,1,46,1473,20,0,28,20307.91,146571,228,50,0,0
130713,1,46,1503,0,0,28,20307.91,146571,228,50,0,0
130807,1,47,1378,0,0,28,20307.91,146571,228,50,0,0
130936,1,46,1471,0,0,28,20307.91,146571,228,50,0,0
131045,1,46,1356,0,0,28,20307.91,146571,228,50,0,0
131158,1,46,1327,0,0,28,20307.91,146571,228,50,0,0
131257,1,46,1297,0,0,28,20307.91,146571,228,50,0,0
131380,1,46,1273,0,0,28,20308.92,146571,228,50,0,0
131495,1,46,1241,0,0,28,20308.92,146571,228,50,0,0
131607,1,46,1242,0,0,28,20308.92,146571,228,50,0,0
131713,1,46,1209,0,0,28,20308.92,146571,228,50,0,0
131808,1,46,1209,0,0,28,20308.92,146571,228,50,0,0
131937,1,46,1177,0,0,28,20308.92,146571,228,50,0,0
132045,1,46,1177,0,0,28,20308.92,146571,228,50,0,0
132157,1,46,1145,0,0,28,20308.92,146571,228,50,0,0
132258,1,46,1145,0,0,28,20308.92,146571,228,50,0,0
132381,1,46,1145,0,0,28,20308.92,146571,228,50,0,0
132493,1,46,1113,0,0,28,20308.92,146571,228,50,0,0
132608,1,46,1113,0,0,28,20308.92,146571,228,50,0,0
132713,1,46,1113,0,0,28,20308.92,146571,228,50,0,0
132830,1,45,1081,0,0,28,20308.92,146571,228,50,0,0
132936,1,45,1082,0,0,28,20308.92,146571,228,50,0,0
133045,1,45,1082,0,0,28,20308.92,146571,228,50,0,0
133157,1,45,1082,0,0,28,20308.92,146571,228,50,0,0
133257,1,45,1082,0,0,28,20308.92,146571,228,50,0,0
133380,1,45,1081,0,0,28,20308.92,146571,228,50,0,0
133493,1,45,1081,0,0,28,20308.92,146571,228,50,0,0
133607,1,45,1081,0,0,28,20308.92,146571,228,51,0,0
133713,1,45,1081,0,0,28,20308.92,146571,228,51,0,0
133830,1,45,1081,0,0,28,20308.92,146571,228,51,0,0
133936,1,45,1048,0,0,28,20308.92,146571,228,51,0,0
134058,1,45,1048,0,0,28,20308.92,146571,228,51,0,0
134157,1,45,1048,0,0,28,20308.92,146571,228,51,0,0
134279,1,45,1048,0,0,28,20308.92,146571,228,51,0,0
134381,1,45,1048,0,0,28,20308.92,146571,228,51,0,0
134492,1,45,1049,0,0,28,20308.92,146571,228,51,0,0
134607,1,45,1049,0,0,28,20308.92,146571,228,51,0,0
134713,1,45,1050,0,0,28,20308.92,146571,228,51,0,0
134838,1,45,1050,0,0,28,20308.92,146571,228,51,0,0
134907,1,45,1050,0,0,28,20308.92,146571,228,51,0,0
135058,1,45,1051,0,0,28,20309.93,146571,228,51,0,0
135157,1,45,1051,0,0,28,20309.93,146571,228,51,0,0
135281,1,45,1051,0,0,28,20309.93,146571,228,51,0,0
135397,1,45,1051,0,0,28,20309.93,146571,228,51,0,0
135507,1,45,1051,0,0,28,20309.93,146571,228,51,0,0
135607,1,44,1052,0,0,28,20309.93,146571,228,51,0,0
135731,1,44,1051,0,0,28,20309.93,146571,228,51,0,0
135839,1,44,1052,0,0,28,20309.93,146571,228,51,0,0
135936,1,44,1084,0,0,28,20309.93,146571,228,51,0,0
136059,1,44,1052,0,0,28,20309.93,146571,228,51,0,0
136157,1,44,1052,0,0,28,20309.93,146571,228,51,0,0
136281,1,44,1084,0,0,28,20309.93,146571,228,51,0,0
136398,1,44,1084,0,0,28,20309.93,146571,228,51,0,0
136436,1,44,1084,0,0,28,20309.93,146571,228,51,0,0
136607,1,44,1085,0,0,28,20309.93,146571,228,51,0,0
136731,1,44,1085,0,0,28,20309.93,146571,228,51,0,0
136839,1,44,1085,0,0,28,20309.93,146571,228,51,0,0
136936,1,44,1085,0,0,28,20309.93,146571,228,51,0,0
137058,1,44,1085,0,0,28,20309.93,146571,228,51,0,0
137157,1,44,1085,0,0,28,20309.93,146571,228,51,0,0
137281,1,44,1084,0,0,28,20309.93,146571,228,51,0,0
137397,1,44,1084,0,0,28,20309.93,146571,228,51,0,0
137490,1,44,1084,0,0,28,20309.93,146571,228,51,0,0
137607,1,44,1083,0,0,28,20309.93,146571,228,51,0,0
137736,1,44,1083,0,0,28,20309.93,146571,228,51,0,0
137839,1,44,1083,0,0,28,20309.93,146571,228,51,0,0
137936,1,44,1083,0,0,28,20309.93,146571,228,51,0,0
138058,1,44,1083,0,0,28,20309.93,146571,228,51,0,0
138182,1,44,1084,0,0,28,20309.93,146571,228,51,0,0
138282,1,44,1084,0,0,28,20309.93,146571,228,51,0,0
138407,1,44,1084,0,0,28,20310.93,146571,228,51,0,0
138516,1,44,1085,0,0,28,20310.93,146571,228,51,0,0
138607,1,44,1085,0,0,28,20310.93,146571,228,51,0,0
138737,1,44,1085,0,0,28,20310.93,146571,228,51,0,0
138840,1,44,1085,0,0,28,20310.93,146571,228,51,0,0
138960,1,43,1085,0,0,28,20310.93,146571,228,51,0,0
139058,1,43,1085,0,0,28,20310.93,146571,228,51,0,0
139181,1,44,1086,0,0,28,20310.93,146571,228,51,0,0
139281,1,44,1086,0,0,28,20310.93,146571,228,51,0,0
139381,1,43,1085,0,0,28,20310.93,146571,228,51,0,0
139515,1,43,1084,0,0,28,20310.93,146571,228,51,0,0
139631,1,43,1084,0,0,28,20310.93,146571,228,51,0,0
139736,1,43,1084,0,0,28,20310.93,146571,228,51,0,0
139839,1,43,1084,0,0,28,20310.93,146571,228,51,0,0
139960,1,43,1084,0,0,28,20310.93,146571,228,51,0,0
140058,1,44,1084,0,0,28,20310.93,146571,228,51,0,0
140181,1,43,1083,0,0,28,20310.93,146571,228,51,0,0
140281,1,43,1084,0,0,28,20310.93,146571,228,51,0,0
140407,1,43,1085,0,0,28,20310.93,146571,228,51,0,0
140508,1,43,1085,0,0,28,20310.93,146571,228,51,0,0
140633,1,43,1085,0,0,28,20310.93,146571,228,51,0,0
140736,1,43,1085,0,0,28,20310.93,146571,228,51,0,0
140857,1,43,1085,0,0,28,20310.93,146571,228,51,0,0
140936,1,43,1086,0,0,28,20310.93,146571,228,51,0,0
141057,1,43,1086,0,0,28,20310.93,146571,228,51,0,0
141180,1,43,1086,0,0,28,20310.93,146571,228,51,0,0
141281,1,43,1086,0,0,28,20310.93,146571,228,51,0,0
141407,1,43,1086,0,0,28,20310.93,146571,228,51,0,0
141508,1,43,1086,0,0,28,20310.93,146571,228,51,0,0
141630,1,43,1085,0,0,28,20310.93,146571,228,51,0,0
141737,1,43,1085,0,0,28,20311.94,146571,228,51,0,0
141857,1,43,1084,0,0,28,20311.94,146571,228,51,0,0
141960,1,43,1084,0,0,28,20311.94,146571,228,51,0,0
142081,1,43,1084,0,0,28,20311.94,146571,228,51,0,0
142181,1,43,1084,0,0,28,20311.94,146571,228,51,0,0
142281,1,42,1084,0,0,28,20311.94,146571,228,51,0,0
142407,1,43,1084,0,0,28,20311.94,146571,228,51,0,0
142527,1,43,1084,0,0,28,20311.94,146571,228,51,0,0
142636,1,42,1085,0,0,28,20311.94,146571,228,51,0,0
142736,1,42,1086,0,0,28,20311.94,146571,228,51,0,0
142858,1,42,1087,0,0,28,20311.94,146571,228,51,0,0
142932,1,42,1087,0,0,28,20311.94,146571,228,51,0,0
143081,1,42,1087,0,0,28,20311.94,146571,228,51,0,0
143181,1,42,1087,0,0,28,20311.94,146571,228,51,0,0
143306,1,42,1087,0,0,28,20311.94,146571,228,51,0,0
143407,1,42,1087,0,0,28,20311.94,146571,228,51,0,0
143527,1,42,1056,0,0,28,20311.94,146571,228,52,0,0
143636,1,43,1087,0,0,28,20311.94,146571,228,52,0,0
143736,1,42,1087,0,0,28,20311.94,146571,228,52,0,0
143857,1,42,1086,0,0,28,20311.94,146571,228,52,0,0
143960,1,42,1085,0,0,28,20311.94,146571,228,52,0,0
144082,1,42,1085,0,0,28,20311.94,146571,228,52,0,0
144181,1,42,1085,0,0,28,20311.94,146571,228,52,0,0
144307,1,42,1084,0,0,28,20311.94,146571,228,52,0,0
144407,1,42,1084,0,0,28,20311.94,146571,228,52,0,0
144530,1,42,1084,0,0,28,20311.94,146571,228,52,0,0
144636,1,42,1084,0,0,28,20311.94,146571,228,52,0,0
144736,1,42,1084,0,0,28,20311.94,146571,228,52,0,0
144857,1,42,1085,0,0,28,20311.94,146571,228,52,0,0
144936,1,42,1086,0,0,28,20311.94,146571,228,52,0,0
145081,1,42,1085,0,0,28,20312.95,146571,228,52,0,0
145181,1,42,1086,0,0,28,20312.95,146571,228,52,0,0
145307,1,42,1086,0,0,28,20312.95,146571,228,52,0,0
145407,1,42,1086,0,0,28,20312.95,146571,228,52,0,0
145532,1,42,1087,0,0,28,20312.95,146571,228,52,0,0
145646,1,42,1087,0,0,28,20312.95,146571,228,52,0,0
145734,1,42,1086,0,0,28,20312.95,146571,228,52,0,0
145857,1,42,1085,0,0,28,20312.95,146571,228,52,0,0
145960,1,41,1085,0,0,28,20312.95,146571,228,52,0,0
146081,1,42,1149,0,0,28,20312.95,146571,228,52,0,0
146213,1,41,1373,0,0,28,20312.95,146571,228,52,0,0
146307,1,41,1789,0,0,28,20312.95,146571,228,52,0,0
146438,1,41,2228,0,0,28,20312.95,146571,228,52,0,0
146536,1,41,2108,0,0,28,20312.95,146571,228,52,0,0
146657,1,40,2157,0,0,28,20312.95,146571,228,52,0,0
146757,1,40,2168,0,0,28,20312.95,146571,228,52,0,0
146881,1,40,2113,0,0,28,20312.95,146571,228,52,0,0
146998,1,40,2132,0,0,28,20312.95,146571,228,52,0,0
147107,1,40,2115,0,0,28,20312.95,146571,220,52,0,0
147213,1,40,2134,0,0,28,20312.95,146571,220,52,0,0
147332,1,40,2103,0,0,28,20312.95,146571,220,52,0,0
147438,1,40,2103,0,0,28,20312.95,146571,220,52,0,0
147538,1,39,2093,0,0,28,20312.95,146571,220,52,0,0
147657,1,39,2076,0,0,28,20312.95,146571,220,52,0,0
147777,1,39,2081,0,0,28,20312.95,146571,220,52,0,0
147882,1,39,2076,0,0,28,20312.95,146571,220,52,0,0
147960,1,39,2108,0,0,28,20312.95,146571,220,52,0,0
148107,1,39,2076,0,0,28,20312.95,146571,220,52,0,0
148213,1,39,2029,0,0,28,20312.95,146571,220,52,0,0
148332,1,38,2029,0,0,28,20312.95,146571,220,52,0,0
148438,1,38,2016,0,0,28,20312.95,146571,220,52,0,0
148538,1,38,2016,0,0,28,20312.95,146571,220,52,0,0
148657,1,38,2016,0,0,28,20312.95,146571,220,52,0,0
148757,1,38,1984,0,0,28,20312.95,146571,220,52,0,0
148883,1,38,1984,0,0,28,20312.95,146571,220,52,0,0
148996,1,37,1984,0,0,28,20312.95,146571,220,52,0,0
149107,1,37,1952,0,0,28,20312.95,146571,220,52,0,0
149213,1,37,1984,0,0,28,20312.95,146571,220,52,0,0
149332,1,37,1952,0,0,28,20312.95,146571,220,52,0,0
149439,1,37,1952,0,0,28,20312.95,146571,220,52,0,0
149538,1,37,1952,0,0,28,20312.95,146571,220,52,0,0
149657,1,37,1920,0,0,28,20312.95,146571,220,52,0,0
149757,1,37,1952,0,0,28,20312.95,146571,220,52,0,0
149882,1,36,1920,0,0,28,20312.95,146571,220,52,0,0
149996,1,36,1920,0,0,28,20312.95,146571,220,52,0,0
150107,1,36,1920,0,0,28,20312.95,146571,220,52,0,0
150214,1,36,1888,0,0,28,20312.95,146571,220,52,0,0
150307,1,36,1888,0,0,28,20312.95,146571,220,52,0,0
150432,1,36,1888,0,0,28,20312.95,146571,220,52,0,0
150538,1,35,1856,0,0,28,20312.95,146571,220,52,0,0
150657,1,35,1856,0,0,28,20312.95,146571,220,52,0,0
150757,1,35,1856,0,0,28,20312.95,146571,220,52,0,0
150882,1,35,1856,0,0,28,20312.95,146571,220,52,0,0
150995,1,35,1824,0,0,28,20312.95,146571,220,52,0,0
151106,1,35,1824,0,0,28,20312.95,146571,220,52,0,0
151214,1,35,1824,0,0,28,20312.95,146571,220,52,0,0
151307,1,34,1824,0,0,28,20312.95,146571,220,52,0,0
151407,1,34,1792,0,0,28,20312.95,146571,220,52,0,0
151537,1,34,1792,0,0,28,20312.95,146571,220,52,0,0
151657,1,34,1792,0,0,28,20312.95,146571,220,52,0,0
151757,1,34,1792,0,0,28,20312.95,146571,220,52,0,0
151882,1,33,1792,0,0,28,20312.95,146571,220,52,0,0
151995,1,34,1760,0,0,28,20312.95,146571,220,52,0,0
152082,1,33,1760,0,0,28,20312.95,146571,220,52,0,0
152213,1,33,1728,0,0,28,20312.95,146571,220,52,0,0
152307,1,33,1760,0,0,28,20312.95,146571,220,52,0,0
152437,1,33,1728,0,0,28,20312.95,146571,220,52,0,0
152537,1,33,1728,0,0,28,20312.95,146571,220,52,0,0
152657,1,32,1728,0,0,28,20312.95,146571,220,52,0,0
152757,1,32,1696,0,0,28,20312.95,146571,220,52,0,0
152857,1,32,1696,0,14,28,20312.95,146571,220,52,0,0
152960,1,32,1696,0,12,28,20312.95,146571,220,52,0,0
153085,1,32,1664,0,26,28,20312.95,146571,220,52,0,0
153213,1,32,1664,0,16,28,20312.95,146571,220,52,0,0
153307,1,32,1664,0,20,28,20312.95,146571,220,52,0,0
153407,1,31,1664,0,20,28,20312.95,146571,220,52,0,0
153537,1,31,1632,0,26,28,20312.95,146571,220,52,0,0
153657,1,31,1632,0,24,28,20312.95,146571,220,52,0,0
153757,1,31,1600,0,26,28,20312.95,146571,220,52,0,0
153857,1,30,1600,0,26,28,20312.95,146571,220,52,0,0
153960,1,30,1600,0,28,28,20312.95,146571,220,52,0,0
154082,1,30,1568,0,30,28,20312.95,146571,220,52,0,0
154182,1,30,1568,0,38,28,20312.95,146571,220,52,0,0
154307,1,29,1568,0,38,28,20312.95,146571,220,52,0,0
154407,1,29,1536,0,38,28,20312.95,146571,220,52,0,0
154538,1,29,1504,0,42,28,20312.95,146571,220,52,0,0
154648,1,28,1504,0,46,28,20312.95,146571,220,52,0,0
154758,1,28,1472,0,46,28,20312.95,146571,220,52,0,0
154857,1,28,1472,0,48,28,20312.95,146571,220,52,0,0
154937,1,27,1440,0,48,28,20312.95,146571,220,52,0,0
155082,1,27,1408,0,68,28,20312.95,146571,220,52,0,0
155182,1,27,1408,0,76,28,20312.95,146571,220,52,0,0
155307,1,26,1376,0,78,28,20312.95,146571,220,52,0,0
155407,1,26,1344,0,76,28,20312.95,146571,220,52,0,0
155532,1,25,1312,0,80,28,20312.95,146571,220,52,0,0
155637,1,24,1293,0,80,28,20312.95,146571,220,52,0,0
155756,1,24,1297,0,78,28,20312.95,146571,220,52,0,0
155857,1,23,1252,0,62,28,20312.95,146571,220,52,0,0
155937,1,23,1244,0,62,28,20312.95,146571,220,52,0,0
156082,1,23,1222,0,8,28,20312.95,146571,220,52,0,0
156182,1,23,1188,0,2,28,20312.95,146571,220,52,0,0
156307,1,22,1188,0,0,28,20312.95,146571,220,52,0,0
156407,1,22,1188,0,0,28,20312.95,146571,220,52,0,0
156532,1,22,1187,0,0,28,20313.95,146571,220,52,0,0
156637,1,22,1201,0,0,28,20313.95,146571,220,52,0,0
156737,1,22,1172,0,0,28,20313.95,146571,220,52,0,0
156857,1,22,1204,0,0,28,20313.95,146571,220,52,0,0
156937,1,22,1171,0,0,28,20313.95,146571,220,52,0,0
157082,1,22,1169,0,0,28,20313.95,146571,220,52,0,0
157182,1,22,1172,11,0,28,20313.95,146571,220,52,0,0
157307,1,21,1183,23,0,28,20313.95,146571,220,52,0,0
157406,1,21,1156,29,0,28,20313.95,146571,220,52,0,0
157531,1,21,1133,32,0,28,20313.95,146571,220,52,0,0
157638,1,21,1154,32,0,28,20313.95,146571,220,52,0,0
157734,1,21,1207,35,0,28,20313.95,146571,220,52,0,0
157857,1,21,1153,41,0,28,20313.95,146571,220,52,0,0
157932,1,21,1152,50,0,28,20313.95,146571,220,52,0,0
158082,1,21,1128,53,0,28,20313.95,146571,220,52,0,0
158182,1,21,1170,58,0,28,20313.95,146571,220,52,0,0
158306,1,22,1169,79,0,28,20313.95,146571,220,52,0,0
158406,1,22,1188,79,0,28,20313.95,146571,220,52,0,0
158529,1,22,1155,79,0,28,20314.95,146571,220,52,0,0
158637,1,22,1159,79,0,28,20314.95,146571,220,52,0,0
158737,1,22,1159,79,0,28,20314.95,146571,220,52,0,0
158858,1,22,1156,81,0,28,20314.95,146571,220,52,0,0
159084,1,22,1185,85,0,28,20314.95,146571,220,52,0,0
159182,1,22,1209,90,0,28,20314.95,146571,220,52,0,0
159306,1,22,1212,98,0,28,20314.95,146571,220,52,0,0
159406,1,22,1194,100,0,28,20314.95,146571,220,52,0,0
159531,1,22,1207,102,0,28,20316.01,146571,220,52,0,0
159634,1,23,1216,104,0,28,20316.01,146571,220,52,0,0
159734,1,23,1223,107,0,28,20316.01,146571,220,52,0,0
159856,1,23,1229,110,0,28,20316.01,146571,220,52,0,0
159937,1,23,1238,114,0,28,20316.01,146571,220,52,0,0
160082,1,23,1252,117,0,28,20316.01,146571,220,52,0,0
160182,1,24,1259,118,0,28,20316.01,146571,220,52,0,0
160306,1,24,1302,121,0,28,20317.02,146571,220,52,0,0
160406,1,24,1310,123,0,28,20317.02,146571,220,52,0,0
160531,1,24,1313,125,0,28,20317.02,146571,220,52,0,0
160637,1,24,1320,128,0,28,20317.02,146571,220,52,0,0
160737,1,25,1332,134,0,28,20317.02,146571,220,52,0,0
160857,1,25,1371,137,0,28,20317.02,146571,220,52,0,0
160959,1,25,1381,138,0,28,20318.07,146571,220,52,0,0
161081,1,26,1390,138,0,28,20318.07,146571,220,52,0,0
161184,1,26,1413,143,0,28,20318.07,146571,220,52,0,0
161307,1,26,1426,154,0,28,20318.07,146571,220,52,0,0
161406,1,27,1471,156,0,28,20318.07,146571,220,52,0,0
161531,1,28,1484,159,0,28,20319.17,146571,220,52,0,0
161634,1,28,1520,161,0,28,20319.17,146571,220,52,0,0
161737,1,28,1531,163,0,28,20319.17,146571,220,52,0,0
161856,1,29,1540,167,0,28,20319.17,146571,220,52,0,0
161937,1,29,1583,170,0,28,20320.21,146571,220,52,0,0
162082,1,30,1603,172,0,28,20320.21,146571,220,52,0,0
162184,1,30,1648,175,0,28,20320.21,146571,220,52,0,0
162282,1,31,1658,175,0,28,20321.22,146571,220,52,0,0
162406,1,31,1670,176,0,28,20321.22,146571,220,52,0,0
162527,1,32,1713,177,0,28,20321.22,146571,220,52,0,0
162635,1,33,1728,177,0,28,20321.22,146571,220,52,0,0
162734,1,33,1772,177,0,28,20322.32,146571,220,52,0,0
162856,1,34,1814,177,0,28,20322.32,146571,220,52,0,0
162937,1,34,1835,178,0,28,20322.32,146571,220,52,0,0
163057,1,35,1884,178,0,28,20323.37,146571,220,52,0,0
163184,1,35,1914,178,0,28,20323.37,146571,220,52,0,0
163282,1,36,1928,178,0,28,20323.37,146571,220,52,0,0
163406,1,36,1969,178,0,28,20324.51,146571,220,52,0,0
163526,1,37,2012,178,0,28,20324.51,146571,220,52,0,0
163634,1,38,2030,178,0,28,20324.51,146571,220,52,0,0
163737,1,38,2077,178,0,28,20325.55,146571,220,52,0,0
163856,1,39,2095,178,0,28,20325.55,146571,220,52,0,0
163934,1,39,2117,178,0,28,20325.55,146571,220,52,0,0
164057,1,40,2166,177,0,28,20326.67,146571,220,52,0,0
164184,1,41,2189,177,0,28,20326.67,146571,220,52,0,0
164284,1,41,2229,176,0,28,20327.85,146571,220,52,0,0
164406,1,42,2267,175,0,28,20327.85,146571,220,52,0,0
164525,1,42,2274,175,0,28,20327.85,146571,220,52,0,0
164634,1,44,2315,174,0,28,20328.86,146571,220,52,0,0
164734,1,44,2354,173,0,28,20328.86,146571,220,52,0,0
164856,1,45,2396,170,0,28,20329.90,146571,220,52,0,0
164937,1,45,2422,168,0,28,20329.90,146571,220,52,0,0
165057,1,46,2447,163,0,28,20330.99,146571,220,52,0,0
165184,1,46,2488,161,0,28,20330.99,146571,220,52,0,0
165284,1,47,2528,160,0,28,20332.14,146571,220,52,0,0
165407,1,48,2563,156,0,28,20332.14,146571,220,52,0,0
165459,1,48,2563,156,0,28,20332.14,146571,220,52,0,0
165634,1,49,2636,151,0,28,20333.32,146571,220,52,0,0
165734,1,50,2668,149,0,28,20333.32,146571,220,52,0,0
165837,1,51,2696,143,0,28,20334.51,146571,220,52,0,0
165959,1,51,2723,127,0,28,20334.51,146571,220,52,0,0
166058,1,51,2734,109,0,28,20334.51,146571,220,52,0,0
166185,1,52,2781,88,0,28,20335.67,146571,220,52,0,0
166284,1,52,2744,57,0,28,20335.67,146571,220,52,0,0
166406,1,52,2689,0,0,28,20335.67,146571,220,52,0,0
166506,1,52,2663,0,0,28,20336.70,146571,220,52,0,0
166606,1,52,2535,0,0,28,20336.70,146571,220,52,0,0
166734,1,52,2272,0,0,28,20336.70,146571,220,52,0,0
166837,1,52,2112,0,0,28,20336.70,146571,220,52,0,0
166936,1,52,1952,0,0,28,20336.70,146571,220,52,0,0
167058,1,52,1841,0,0,28,20336.70,146571,220,52,0,0
167185,1,52,1679,0,0,28,20336.70,146571,220,52,0,0
167284,1,51,1608,0,0,28,20336.70,146571,220,52,0,0
167406,1,51,1579,0,0,28,20336.70,146571,220,52,0,0
167506,1,51,1512,0,0,28,20336.70,146571,220,52,0,0
167606,1,51,1475,0,0,28,20336.70,146571,220,52,0,0
167734,1,51,1439,0,0,28,20336.70,146571,220,52,0,0
167837,1,51,1406,0,0,28,20336.70,146571,220,52,0,0
167959,1,51,1312,0,0,28,20336.70,146571,220,52,0,0
168058,1,50,1282,0,0,28,20336.70,146571,220,52,0,0
168183,1,51,1250,0,0,28,20336.70,146571,220,52,0,0
168284,1,51,1219,0,0,28,20336.70,146571,220,52,0,0
168406,1,50,1187,0,0,28,20336.70,146571,220,52,0,0
168509,1,50,1186,0,0,28,20336.70,146571,220,52,0,0
168606,1,50,1155,0,0,28,20336.70,146571,220,52,0,0
168734,1,50,1122,0,0,28,20336.70,146571,220,52,0,0
168837,1,50,1121,0,0,28,20336.70,146571,220,52,0,0
168959,1,50,1089,0,0,28,20336.70,146571,220,52,0,0
169057,1,50,1089,0,0,28,20336.70,146571,220,52,0,0
169184,1,50,1057,0,0,28,20336.70,146571,220,52,0,0
169284,1,50,1057,0,0,28,20336.70,146571,220,52,0,0
169406,1,49,1057,0,0,28,20336.70,146571,220,52,0,0
169509,1,49,1025,0,0,28,20336.70,146571,220,52,0,0
169606,1,49,1025,0,0,28,20336.70,146571,220,52,0,0
169734,1,49,993,0,0,28,20336.70,146571,220,52,0,0
169837,1,49,994,0,0,28,20336.70,146571,220,52,0,0
169959,1,49,993,0,0,28,20336.70,146571,220,52,0,0
170060,1,49,993,0,0,28,20336.70,146571,220,53,0,0
170184,1,49,993,0,0,28,20337.70,146571,220,53,0,0
170284,1,49,993,0,0,28,20337.70,146571,220,53,0,0
170406,1,49,994,0,0,28,20337.70,146571,220,53,0,0
170436,1,48,994,0,0,28,20337.70,146571,220,53,0,0
170606,1,48,963,0,0,28,20337.70,146571,220,53,0,0
170734,1,48,995,0,0,28,20337.70,146571,220,53,0,0
170837,1,48,963,0,0,28,20337.70,146571,220,53,0,0
170936,1,48,963,0,0,28,20337.70,146571,220,53,0,0
171057,1,48,963,0,0,28,20337.70,146571,220,53,0,0
171185,1,48,963,0,0,28,20337.70,146571,220,53,0,0
171284,1,48,963,0,0,28,20337.70,146571,220,53,0,0
171406,1,48,963,0,0,28,20337.70,146571,220,53,0,0
171509,1,48,962,0,0,28,20337.70,146571,220,53,0,0
171606,1,48,962,0,0,28,20337.70,146571,220,53,0,0
171734,1,48,961,0,0,28,20337.70,146571,220,53,0,0
171837,1,48,960,0,0,28,20337.70,146571,220,53,0,0
171959,1,48,960,0,0,28,20337.70,146571,220,53,0,0
172057,1,48,960,0,0,28,20337.70,146571,220,53,0,0
172184,1,47,988,0,0,28,20337.70,146571,220,53,0,0
172284,1,48,988,0,0,28,20337.70,146571,220,53,0,0
172406,1,47,988,0,0,28,20337.70,146571,220,53,0,0
172508,1,47,988,0,0,28,20337.70,146571,220,53,0,0
172606,1,47,988,0,0,28,20337.70,146571,220,53,0,0
172734,1,47,988,0,0,28,20337.70,146571,220,54,0,0
172837,1,47,989,0,0,28,20337.70,146571,220,54,0,0
172936,1,47,989,0,0,28,20337.70,146571,220,54,0,0
173057,1,47,989,0,0,28,20337.70,146571,220,54,0,0
173156,1,47,989,0,0,28,20337.70,146571,220,54,0,0
173284,1,47,989,0,0,28,20338.71,146571,220,54,0,0
173396,1,47,989,0,0,28,20338.71,146571,220,54,0,0
173513,1,47,988,0,0,28,20338.71,146571,220,54,0,0
173606,1,47,988,0,0,28,20338.71,146571,220,54,0,0
173734,1,47,988,0,0,28,20338.71,146571,220,54,0,0
173836,1,47,987,0,0,28,20338.71,146571,220,54,0,0
173959,1,47,987,0,0,28,20338.71,146571,220,54,0,0
174057,1,47,986,0,0,28,20338.71,146571,220,54,0,0
174156,1,47,986,0,0,28,20338.71,146571,220,54,0,0
174284,1,47,985,0,0,28,20338.71,146571,220,54,0,0
174396,1,47,985,0,0,28,20338.71,146571,220,54,0,0
174511,1,47,1017,0,0,28,20338.71,146571,220,54,0,0
174606,1,47,986,0,0,28,20338.71,146571,220,54,0,0
174735,1,47,986,0,0,28,20338.71,146571,220,54,0,0
174836,1,47,986,0,0,28,20338.71,146571,220,54,0,0
174959,1,47,986,0,0,28,20338.71,146571,220,54,0,0
175057,1,47,1018,0,0,28,20338.71,146571,220,54,0,0
175184,1,47,1020,0,0,28,20338.71,146571,220,54,0,0
175284,1,46,988,0,0,28,20338.71,146571,220,54,0,0
175396,1,47,1020,0,0,28,20338.71,146571,220,54,0,0
175513,1,47,988,0,0,28,20338.71,146571,220,54,0,0
175606,1,46,1020,0,0,28,20338.71,146571,220,54,0,0
175734,1,46,1020,0,0,28,20338.71,146571,220,54,0,0
175836,1,46,1021,0,0,28,20338.71,146571,220,54,0,0
175936,1,46,1020,0,0,28,20338.71,146571,220,54,0,0
176057,1,46,1021,0,0,28,20338.71,146571,220,54,0,0
176183,1,46,1020,0,0,28,20338.71,146571,220,54,0,0
176284,1,46,1019,0,0,28,20338.71,146571,220,54,0,0
176396,1,46,1019,0,0,28,20338.71,146571,220,54,0,0
176512,1,46,1019,0,0,28,20338.71,146571,220,54,0,0
176606,1,46,1019,0,0,28,20338.71,146571,220,54,0,0
176734,1,46,1019,0,0,28,20339.71,146571,220,54,0,0
176836,1,46,1019,0,0,28,20339.71,146571,220,54,0,0
176936,1,46,1019,0,0,28,20339.71,146571,220,54,0,0
177057,1,46,1019,0,0,28,20339.71,146571,217,54,0,0
177156,1,46,1018,0,0,28,20339.71,146571,217,54,0,0
177284,1,46,1018,0,0,28,20339.71,146571,217,54,0,0
177396,1,46,1018,0,0,28,20339.71,146571,217,54,0,0
177506,1,46,1019,0,0,28,20339.71,146571,217,54,0,0
177606,1,46,1019,0,0,28,20339.71,146571,217,54,0,0
177731,1,46,1020,0,0,28,20339.71,146571,217,54,0,0
177836,1,46,1019,0,0,28,20339.71,146571,217,54,0,0
177936,1,46,1020,0,0,28,20339.71,146571,217,54,0,0
178057,1,46,1020,0,0,28,20339.71,146571,217,54,0,0
178156,1,46,1020,0,0,28,20339.71,146571,217,54,0,0
178286,1,45,1019,0,0,28,20339.71,146571,217,54,0,0
178396,1,46,1019,0,0,28,20339.71,146571,217,54,0,0
178436,1,45,1019,0,0,28,20339.71,146571,217,54,0,0
178606,1,45,1017,0,0,28,20339.71,146571,217,55,0,0
178731,1,45,1017,0,0,28,20339.71,146571,217,55,0,0
178836,1,45,1017,0,0,28,20339.71,146571,217,55,0,0
178936,1,45,1017,0,0,28,20339.71,146571,217,55,0,0
179057,1,45,1016,0,0,28,20339.71,146571,217,55,0,0
179156,1,45,1016,0,0,28,20339.71,146571,217,55,0,0
179285,1,45,1016,0,0,28,20339.71,146571,217,55,0,0
179396,1,45,1016,0,0,28,20339.71,146571,217,55,0,0
179508,1,45,1017,0,0,28,20339.71,146571,217,55,0,0
179606,1,45,1018,0,0,28,20339.71,146571,217,55,0,0
179731,1,45,1019,0,0,28,20339.71,146571,217,55,0,0
179836,1,45,1019,0,0,28,20339.71,146571,217,55,0,0
179936,1,45,1020,0,0,28,20339.71,146571,217,55,0,0
180057,1,45,1020,0,0,28,20339.71,146571,217,55,0,0
180156,1,45,1020,0,0,28,20339.71,146571,217,55,0,0
180283,1,45,1021,0,0,28,20340.72,146571,217,55,0,0
180397,1,45,1021,0,0,28,20340.72,146571,217,55,0,0
180436,1,45,1021,0,0,28,20340.72,146571,217,55,0,0
180606,1,45,1021,0,0,28,20340.72,146571,217,55,0,0
180731,1,45,1021,0,0,28,20340.72,146571,217,55,0,0
180836,1,45,1020,0,0,28,20340.72,146571,217,55,0,0
180936,1,45,1019,0,0,28,20340.72,146571,217,55,0,0
181057,1,45,1019,0,0,28,20340.72,146571,217,55,0,0
181156,1,45,1019,0,0,28,20340.72,146571,217,55,0,0
181284,1,45,1019,0,0,28,20340.72,146571,217,55,0,0
181396,1,45,1019,0,0,28,20340.72,146571,217,55,0,0
181509,1,45,1019,0,0,28,20340.72,146571,217,55,0,0
181606,1,45,1019,0,0,28,20340.72,146571,217,55,0,0
181733,1,45,1019,0,0,28,20340.72,146571,217,55,0,0
181836,1,44,1020,0,0,28,20340.72,146571,217,55,0,0
181936,1,44,1020,0,0,28,20340.72,146571,217,55,0,0
182057,1,44,1020,0,0,28,20340.72,146571,217,55,0,0
182156,1,45,1020,0,0,28,20340.72,146571,217,55,0,0
182283,1,44,1020,0,0,28,20340.72,146571,217,55,0,0
182396,1,44,1021,0,0,28,20340.72,146571,217,55,0,0
182508,1,44,1020,0,0,28,20340.72,146571,217,55,0,0
182606,1,44,1020,0,0,28,20340.72,146571,217,55,0,0
182734,1,44,1020,0,0,28,20340.72,146571,217,55,0,0
182836,1,44,1020,0,0,28,20340.72,146571,217,55,0,0
182936,1,44,1019,0,0,28,20340.72,146571,217,55,0,0
183057,1,44,1019,0,0,28,20340.72,146571,217,55,0,0
183156,1,44,1019,0,0,28,20340.72,146571,217,55,0,0
183276,1,44,1019,0,0,28,20340.72,146571,217,55,0,0
183396,1,44,1019,0,0,28,20340.72,146571,217,55,0,0
183507,1,44,1019,0,0,28,20340.72,146571,217,55,0,0
183615,1,44,1019,0,0,28,20340.72,146571,217,55,0,0
183734,1,44,1019,0,0,28,20341.73,146571,217,55,0,0
183836,1,44,1020,0,0,28,20341.73,146571,217,55,0,0
183933,1,44,1020,0,0,28,20341.73,146571,217,55,0,0
184057,1,44,1021,0,0,28,20341.73,146571,217,55,0,0
184156,1,44,1021,0,0,28,20341.73,146571,217,55,0,0
184283,1,44,1021,0,0,28,20341.73,146571,217,55,0,0
184396,1,44,1021,0,0,28,20341.73,146571,217,55,0,0
184513,1,44,1021,0,0,28,20341.73,146571,217,55,0,0
184606,1,44,1021,0,0,28,20341.73,146571,217,55,0,0
184734,1,44,1021,0,0,28,20341.73,146571,217,55,0,0
184836,1,44,1021,0,0,28,20341.73,146571,217,55,0,0
184959,1,44,1021,0,0,28,20341.73,146571,217,55,0,0
185057,1,44,1020,0,0,28,20341.73,146571,217,55,0,0
185183,1,44,1020,0,0,28,20341.73,146571,217,55,0,0
185284,1,44,1020,0,0,28,20341.73,146571,217,55,0,0
185405,1,43,1020,0,0,28,20341.73,146571,217,55,0,0
185513,1,43,1020,0,0,28,20341.73,146571,217,55,0,0
185606,1,43,1020,0,0,28,20341.73,146571,217,55,0,0
185735,1,43,1020,0,0,28,20341.73,146571,217,55,0,0
185836,1,43,1020,0,0,28,20341.73,146571,217,55,0,0
185959,1,43,1052,0,0,28,20341.73,146571,217,55,0,0
186056,1,43,1052,0,0,28,20341.73,146571,217,55,0,0
186156,1,43,1053,0,0,28,20341.73,146571,217,55,0,0
186283,1,43,1054,0,0,28,20341.73,146571,217,55,0,0
186396,1,43,1054,0,0,28,20341.73,146571,217,55,0,0
186506,1,43,1054,0,0,28,20341.73,146571,217,55,0,0
186606,1,43,1054,0,0,28,20341.73,146571,217,55,0,0
186733,1,43,1055,0,0,28,20341.73,146571,217,55,0,0
186836,1,43,1055,0,0,28,20341.73,146571,217,55,0,0
186936,1,43,1055,0,0,28,20341.73,146571,217,55,0,0
187057,1,43,1055,0,0,28,20342.74,146571,217,55,0,0
187183,1,43,1053,0,0,28,20342.74,146571,217,55,0,0
187283,1,43,1053,0,0,28,20342.74,146571,217,55,0,0
187405,1,43,1053,0,0,28,20342.74,146571,217,55,0,0
187506,1,42,1053,0,0,28,20342.74,146571,217,55,0,0
187606,1,42,1053,0,0,28,20342.74,146571,217,55,0,0
187735,1,42,1053,0,0,28,20342.74,146571,217,55,0,0
187836,1,42,1053,0,0,28,20342.74,146571,217,55,0,0
187933,1,42,1053,0,0,28,20342.74,146571,217,55,0,0
188057,1,42,1052,0,0,28,20342.74,146571,217,55,0,0
188183,1,42,1053,0,0,28,20342.74,146571,217,55,0,0
188276,1,42,1053,0,0,28,20342.74,146571,217,55,0,0
188406,1,42,1054,0,0,28,20342.74,146571,217,56,0,0
188506,1,42,1054,0,0,28,20342.74,146571,217,56,0,0
188630,1,42,1054,0,0,28,20342.74,146571,217,56,0,0
188733,1,42,1054,0,0,28,20342.74,146571,217,56,0,0
188836,1,42,1054,0,0,28,20342.74,146571,217,56,0,0
188958,1,42,1054,0,0,28,20342.74,146571,217,56,0,0
189056,1,42,1054,0,0,28,20342.74,146571,217,56,0,0
189183,1,41,1053,0,0,28,20342.74,146571,217,56,0,0
189283,1,41,1053,0,0,28,20342.74,146571,217,56,0,0
189406,1,41,1053,0,0,28,20342.74,146571,217,56,0,0
189509,1,41,1052,0,0,28,20342.74,146571,217,56,0,0
189633,1,41,1052,0,0,28,20342.74,146571,217,56,0,0
189733,1,41,1052,0,0,28,20342.74,146571,217,56,0,0
189856,1,41,1052,0,0,28,20342.74,146571,217,56,0,0
189958,1,41,1052,0,0,28,20342.74,146571,217,56,0,0
190056,1,41,1052,0,0,28,20342.74,146571,217,56,0,0
190183,1,41,1052,0,0,28,20342.74,146571,217,56,0,0
190283,1,41,1053,0,0,28,20342.74,146571,217,56,0,0
190406,1,41,1053,0,0,28,20343.74,146571,217,56,0,0
190525,1,41,1053,0,0,28,20343.74,146571,217,56,0,0
190635,1,41,1054,0,0,28,20343.74,146571,217,56,0,0
190733,1,40,1054,0,0,28,20343.74,146571,217,56,0,0
190855,1,40,1055,0,0,28,20343.74,146571,217,56,0,0
190958,1,40,1055,0,0,28,20343.74,146571,217,56,0,0
191083,1,40,1055,0,0,28,20343.74,146571,217,56,0,0
191183,1,40,1087,0,0,28,20343.74,146571,217,56,0,0
191305,1,40,1056,0,0,28,20343.74,146571,217,56,0,0
191405,1,40,1055,0,0,28,20343.74,146571,217,56,0,0
191530,1,40,1086,0,0,28,20343.74,146571,217,56,0,0
191633,1,40,1054,0,0,28,20343.74,146571,217,56,0,0
191733,1,40,1053,0,0,28,20343.74,146571,217,56,0,0
191855,1,40,1053,0,0,28,20343.74,146571,217,56,0,0
191933,1,40,1053,0,0,28,20343.74,146571,217,56,0,0
192083,1,40,1053,0,0,28,20343.74,146571,217,56,0,0
192183,1,40,1084,0,0,28,20343.74,146571,217,56,0,0
192305,1,40,1085,0,0,28,20343.74,146571,217,56,0,0
192405,1,40,1084,0,0,28,20343.74,146571,217,56,0,0
192530,1,40,1053,0,0,28,20343.74,146571,217,56,0,0
192633,1,40,1085,0,0,28,20343.74,146571,217,56,0,0
192733,1,40,1085,0,0,28,20343.74,146571,217,56,0,0
192855,1,40,1086,0,0,28,20343.74,146571,217,56,0,0
192933,1,40,1086,0,0,28,20343.74,146571,217,56,0,0
193083,1,39,1086,0,0,28,20343.74,146571,217,56,0,0
193183,1,39,1086,0,0,28,20343.74,146571,217,56,0,0
193305,1,39,1086,0,0,28,20343.74,146571,217,56,0,0
193405,1,39,1087,0,0,28,20343.74,146571,217,56,0,0
193533,1,39,1055,0,0,28,20343.74,146571,217,56,0,0
193645,1,39,1085,0,0,28,20343.74,146571,217,56,0,0
193755,1,39,1085,0,0,28,20344.75,146571,217,56,0,0
193855,1,39,1085,0,0,28,20344.75,146571,217,56,0,0
193933,1,39,1085,0,0,28,20344.75,146571,217,56,0,0
194083,1,39,1085,0,0,28,20344.75,146572,217,56,0,0
194183,1,39,1084,0,0,28,20344.75,146572,217,56,0,0
194305,1,39,1084,0,0,28,20344.75,146572,217,56,0,0
194405,1,39,1053,0,24,28,20344.75,146572,217,56,0,0
194533,1,39,1085,0,8,28,20344.75,146572,217,56,0,0
194645,1,39,1086,0,10,28,20344.75,146572,217,56,0,0
194756,1,39,1087,0,10,28,20344.75,146572,217,56,0,0
194855,1,38,1087,0,10,28,20344.75,146572,217,56,0,0
194933,1,38,1087,0,10,28,20344.75,146572,217,56,0,0
195083,1,38,1087,0,10,28,20344.75,146572,217,56,0,0
195183,1,38,1087,0,10,28,20344.75,146572,217,56,0,0
195305,1,38,1087,0,10,28,20344.75,146572,217,56,0,0
195405,1,38,1056,0,12,28,20344.75,146572,217,56,0,0
195533,1,38,1087,0,12,28,20344.75,146572,217,56,0,0
195646,1,38,1087,0,14,28,20344.75,146572,217,56,0,0
195755,1,38,1086,0,12,28,20344.75,146572,217,56,0,0
195855,1,38,1086,0,12,28,20344.75,146572,217,56,0,0
195958,1,38,1086,0,12,28,20344.75,146572,217,56,0,0
196083,1,38,1086,0,12,28,20344.75,146572,217,56,0,0
196183,1,38,1086,0,12,28,20344.75,146572,217,56,0,0
196305,1,37,1086,0,12,28,20344.75,146572,217,56,0,0
196405,1,37,1086,0,12,28,20344.75,146572,217,56,0,0
196533,1,37,1087,0,12,28,20344.75,146572,217,56,0,0
196645,1,37,1087,0,12,28,20344.75,146572,217,56,0,0
196755,1,37,1087,0,6,28,20344.75,146572,217,56,0,0
196855,1,37,1056,0,8,28,20344.75,146572,217,56,0,0
196933,1,37,1056,0,8,28,20344.75,146572,217,56,0,0
197083,1,37,1057,0,8,28,20345.76,146572,217,56,0,0
197183,1,37,1057,0,10,28,20345.76,146572,217,56,0,0
197305,1,37,1057,0,12,28,20345.76,146572,217,56,0,0
197405,1,37,1057,0,12,28,20345.76,146572,217,56,0,0
197533,1,37,1087,0,14,28,20345.76,146572,217,56,0,0
197645,1,36,1087,0,14,28,20345.76,146572,217,56,0,0
197755,1,36,1086,0,14,28,20345.76,146572,217,56,0,0
197855,1,36,1085,0,16,28,20345.76,146572,217,56,0,0
197958,1,36,1085,0,20,28,20345.76,146572,217,56,0,0
198134,1,36,1085,0,18,28,20345.76,146572,217,56,0,0
198233,1,36,1084,0,18,28,20345.76,146572,217,56,0,0
198356,1,36,1085,0,16,28,20345.76,146572,217,56,0,0
198433,1,36,1085,0,16,28,20345.76,146572,217,56,0,0
198555,1,35,1085,0,22,28,20345.76,146572,217,56,0,0
198683,1,35,1084,0,22,28,20345.76,146572,217,56,0,0
198783,1,35,1085,0,22,28,20345.76,146572,217,56,0,0
198905,1,35,1086,0,22,28,20345.76,146572,217,56,0,0
199026,1,35,1086,0,22,28,20345.76,146572,217,56,0,0
199133,1,35,1087,0,22,28,20345.76,146572,217,56,0,0
199233,1,35,1087,0,22,28,20345.76,146572,217,56,0,0
199355,1,34,1087,0,26,28,20345.76,146572,217,56,0,0
199458,1,34,1087,0,26,28,20345.76,146572,217,56,0,0
199583,1,34,1087,0,34,28,20345.76,146572,217,56,0,0
199683,1,34,1087,0,34,28,20345.76,146572,217,56,0,0
199806,1,34,1087,0,34,28,20345.76,146572,217,56,0,0
199905,1,34,1087,0,36,28,20345.76,146572,217,56,0,0
200026,1,33,1086,0,46,28,20345.76,146572,217,56,0,0
200133,1,33,1085,0,78,28,20345.76,146572,217,56,0,0
200255,1,32,1085,0,84,28,20345.76,146572,217,56,0,0
200355,1,32,1085,0,86,28,20346.77,146572,217,56,0,0
200458,1,31,1085,0,84,28,20346.77,146572,217,56,0,0
200583,1,31,1085,0,88,28,20346.77,146572,217,56,0,0
200683,1,31,1085,0,88,28,20346.77,146572,217,56,0,0
200805,1,30,1053,0,88,28,20346.77,146572,217,56,0,0
200905,1,30,1085,0,90,28,20346.77,146572,217,56,0,0
201026,1,29,1086,0,88,28,20346.77,146572,217,56,0,0
201145,1,28,1086,0,88,28,20346.77,146572,217,56,0,0
201255,1,27,1086,0,88,28,20346.77,146572,217,56,0,0
201355,1,27,1086,0,90,28,20346.77,146572,217,56,0,0
201458,1,27,1087,0,88,28,20346.77,146572,217,56,0,0
201583,1,26,1087,0,88,28,20346.77,146572,217,56,0,0
201683,1,26,1087,0,86,28,20346.77,146572,217,56,0,0
201805,1,25,1087,0,88,28,20346.77,146572,217,56,0,0
201905,1,25,1056,0,82,28,20346.77,146572,217,56,0,0
202035,1,24,1056,0,64,28,20346.77,146572,217,56,0,0
202146,1,24,1057,0,48,28,20346.77,146572,217,56,0,0
202255,1,23,1057,0,44,28,20346.77,146572,217,56,0,0
202355,1,23,1057,0,46,28,20346.77,146572,217,56,0,0
202458,1,23,1057,0,48,28,20346.77,146572,217,56,0,0
202583,1,23,1027,0,56,28,20346.77,146572,217,56,0,0
202683,1,22,1058,0,64,28,20346.77,146572,217,56,0,0
202805,1,22,1026,0,68,28,20346.77,146572,217,56,0,0
202930,1,21,1058,0,68,28,20346.77,146572,217,56,0,0
203041,1,21,1060,0,74,28,20346.77,146572,217,56,0,0
203145,1,20,1061,0,74,28,20346.77,146572,217,56,0,0
203255,1,20,1061,0,74,28,20346.77,146572,217,56,0,0
203355,1,20,1062,0,76,28,20346.77,146572,217,56,0,0
203458,1,19,1062,0,78,28,20346.77,146572,217,56,0,0
203583,1,19,1064,0,74,28,20347.78,146572,217,56,0,0
203711,1,18,1064,0,78,28,20347.78,146572,217,56,0,0
203808,1,18,1065,0,78,28,20347.78,146572,217,56,0,0
203933,1,17,1062,0,78,28,20347.78,146572,217,56,0,0
204041,1,17,1062,0,76,28,20347.78,146572,217,56,0,0
204155,1,16,1062,0,78,28,20347.78,146572,217,56,0,0
204255,1,16,1061,0,80,28,20347.78,146572,217,56,0,0
204355,1,15,1061,0,76,28,20347.78,146572,217,56,0,0
204458,1,15,1061,0,78,28,20347.78,146572,217,56,0,0
204605,1,14,1029,0,80,28,20347.78,146572,217,56,0,0
204711,1,14,1061,0,78,28,20347.78,146572,217,56,0,0
204805,1,14,1062,0,78,28,20347.78,146572,217,56,0,0
204934,1,13,1063,0,74,28,20347.78,146572,217,56,0,0
205041,1,12,1064,0,76,28,20347.78,146572,217,56,0,0
205156,1,12,1064,0,58,28,20347.78,146572,217,56,0,0
205255,1,12,1064,0,54,28,20347.78,146572,217,56,0,0
205355,1,11,1064,0,50,28,20347.78,146572,217,56,0,0
205458,1,11,1064,0,48,28,20347.78,146572,217,56,0,0
205583,1,11,1061,0,50,28,20347.78,146572,217,56,0,0
205711,1,10,1061,0,50,28,20347.78,146572,217,56,0,0
205805,1,10,1061,0,50,28,20347.78,146572,217,56,0,0
205934,1,9,1061,0,50,28,20347.78,146572,217,56,0,0
206041,1,9,1061,0,52,28,20347.78,146572,217,56,0,0
206156,1,9,1060,0,54,28,20347.78,146572,217,56,0,0
206255,1,8,1028,0,56,28,20347.78,146572,217,56,0,0
206355,1,8,1028,0,56,28,20347.78,146572,217,56,0,0
206433,1,8,1061,0,56,28,20347.78,146572,217,56,0,0
206583,1,7,1030,0,56,28,20348.80,146572,217,56,0,0
206712,1,7,1030,0,56,28,20348.80,146572,217,56,0,0
206805,1,7,1030,0,56,28,20348.80,146572,217,56,0,0
206933,1,6,1030,0,42,28,20348.80,146572,217,56,0,0
207041,1,6,1030,0,26,28,20348.80,146572,220,56,0,0
207155,1,6,1029,0,14,28,20348.80,146572,220,56,0,0
207255,1,6,1031,0,16,28,20348.80,146572,220,56,0,0
207382,1,6,1029,0,16,28,20348.80,146572,220,56,0,0
207458,1,5,1029,0,16,28,20348.80,146572,220,56,0,0
207605,1,5,1028,0,16,28,20348.80,146572,220,56,0,0
207711,1,5,1028,0,16,28,20348.80,146572,220,56,0,0
207805,1,5,1028,0,22,28,20348.80,146572,220,56,0,0
207933,1,5,995,0,38,28,20348.80,146572,220,56,0,0
208041,1,5,1027,0,56,28,20348.80,146572,220,56,0,0
208145,1,4,996,0,56,28,20348.80,146572,220,56,0,0
208255,1,4,996,0,68,28,20348.80,146572,220,56,0,0
208383,1,4,996,0,74,28,20348.80,146572,220,56,0,0
208458,1,3,996,0,76,28,20348.80,146572,220,56,0,0
208605,1,3,995,0,78,28,20348.80,146572,220,56,0,0
208711,1,2,961,0,78,28,20348.80,146572,220,56,0,0
208805,1,0,959,0,78,28,20348.80,146572,220,56,0,0
208933,1,0,925,0,80,28,20348.80,146572,220,56,0,0
209041,1,0,892,0,80,28,20348.80,146572,220,56,0,0
209155,1,0,890,0,80,28,20348.80,146572,220,56,0,0
209255,1,0,857,0,76,28,20348.80,146572,220,56,0,0
209382,1,0,857,0,48,28,20348.80,146572,220,56,0,0
209458,1,0,857,0,50,28,20348.80,146572,220,56,0,0
209606,1,0,858,0,50,28,20349.80,146572,220,56,0,0
209711,1,0,858,0,48,28,20349.80,146572,220,56,0,0
209830,1,0,857,0,48,28,20349.80,146572,220,56,0,0
209933,1,0,859,0,48,28,20349.80,146572,220,56,0,0
210041,1,0,859,0,48,28,20349.80,146572,220,56,0,0
210155,1,0,858,0,48,28,20349.80,146572,220,56,0,0
210275,1,0,858,0,48,28,20349.80,146572,220,56,0,0
210383,1,0,858,0,48,28,20349.80,146572,220,56,0,0
210497,1,0,858,0,48,28,20349.80,146572,220,56,0,0
210605,1,0,858,0,48,28,20349.80,146572,220,56,0,0
210711,1,0,858,0,48,28,20349.80,146572,220,56,0,0
210830,1,0,858,0,48,28,20349.80,146572,220,56,0,0
210933,1,0,857,0,48,28,20349.80,146572,220,56,0,0
211041,1,0,857,0,48,28,20349.80,146572,220,56,0,0
211155,1,0,856,0,48,28,20349.80,146572,220,56,0,0
211275,1,0,856,0,34,28,20349.80,146572,220,56,0,0
211383,1,0,856,0,12,28,20349.80,146572,220,56,0,0
211495,1,0,855,0,4,28,20349.80,146572,220,56,0,0
211605,1,0,855,0,2,28,20349.80,146572,220,56,0,0
211711,1,0,855,0,0,28,20349.80,146572,220,56,0,0
211831,1,0,854,0,0,28,20349.80,146572,220,56,0,0
211933,1,0,855,0,0,28,20349.80,146572,220,56,0,0
212056,1,0,856,0,0,28,20349.80,146572,220,56,0,0
212155,1,0,857,0,0,28,20349.80,146572,220,56,0,0
212275,1,0,872,0,0,28,20349.80,146572,220,56,0,0
212383,1,0,855,0,0,28,20349.80,146572,220,56,0,0
212504,1,0,887,0,0,28,20349.80,146572,220,56,0,0
212605,1,0,887,0,0,28,20349.80,146572,220,56,0,0
212711,1,0,887,0,0,28,20349.80,146572,220,56,0,0
212835,1,0,884,0,0,28,20349.80,146572,220,56,0,0
212933,1,0,852,0,0,28,20350.82,146572,220,56,0,0
213057,1,0,853,0,0,28,20350.82,146572,220,56,0,0
213155,1,0,885,0,0,28,20350.82,146572,220,56,0,0
213282,1,0,853,0,0,28,20350.82,146572,220,56,0,0
213385,1,0,853,0,0,28,20350.82,146572,220,56,0,0
213494,1,0,853,0,0,28,20350.82,146572,220,56,0,0
213605,1,0,853,0,0,28,20350.82,146572,220,56,0,0
213711,1,0,888,0,0,28,20350.82,146572,220,56,0,0
213835,1,0,889,0,0,28,20350.82,146572,220,56,0,0
213933,1,0,857,0,0,28,20350.82,146572,220,56,0,0
214056,1,0,889,0,0,28,20350.82,146572,220,56,0,0
214160,1,0,889,0,0,28,20350.82,146572,220,56,0,0
214285,1,0,855,0,0,28,20350.82,146572,220,56,0,0
214395,1,0,887,0,0,28,20350.82,146572,220,56,0,0
214504,1,0,887,0,0,28,20350.82,146572,220,56,0,0
214605,1,0,887,0,0,28,20350.82,146572,220,56,0,0
214711,1,0,887,0,0,28,20350.82,146572,220,56,0,0
214835,1,0,855,0,0,28,20350.82,146572,220,56,0,0
214933,1,0,889,0,0,28,20350.82,146572,220,56,0,0
215057,1,0,889,0,0,28,20350.82,146572,220,56,0,0
215155,1,0,892,0,0,28,20350.82,146572,220,56,0,0
215285,1,0,890,0,0,28,20351.83,146572,220,56,0,0
215395,1,0,888,0,0,28,20351.83,146572,220,56,0,0
215458,1,0,856,0,0,28,20351.83,146572,220,56,0,0
215605,1,0,887,0,0,28,20351.83,146572,220,56,0,0
215731,1,0,855,0,0,28,20351.83,146572,220,56,0,0
215835,1,0,887,0,0,28,20351.83,146572,220,56,0,0
215933,1,0,855,0,0,28,20351.83,146572,220,56,0,0
216056,1,0,855,0,0,28,20351.83,146572,220,56,0,0
216155,1,0,888,0,0,28,20351.83,146572,220,56,0,0
216286,1,0,890,0,0,28,20351.83,146572,220,56,0,0
216395,1,0,890,0,0,28,20351.83,146572,220,56,0,0
216505,1,0,890,0,0,28,20351.83,146572,220,56,0,0
216605,1,0,890,0,0,28,20351.83,146572,220,56,0,0
216734,1,0,890,0,0,28,20351.83,146572,220,56,0,0
216835,1,0,857,0,0,28,20351.83,146572,220,56,0,0
216933,1,0,888,0,0,28,20351.83,146572,220,56,0,0
217056,1,0,855,0,0,28,20351.83,146572,220,56,0,0
217185,1,0,855,0,0,28,20351.83,146572,220,56,0,0
217285,1,0,856,0,0,28,20351.83,146572,220,56,0,0
217405,1,0,890,0,0,28,20351.83,146572,220,56,0,0
217505,1,0,858,0,0,28,20351.83,146572,220,56,0,0
217633,1,0,889,0,0,28,20352.85,146572,220,56,0,0
217733,1,0,890,0,0,28,20352.85,146572,220,56,0,0
217854,1,0,889,0,0,28,20352.85,146572,220,56,0,0
217958,1,0,890,0,0,28,20352.85,146572,220,56,0,0
218056,1,0,887,0,0,28,20352.85,146572,220,56,0,0
218185,1,0,855,0,0,28,20352.85,146572,220,56,0,0
218304,1,0,853,0,0,28,20352.85,146572,220,56,0,0
218405,1,0,886,0,0,28,20352.85,146572,220,56,0,0
218530,1,0,854,0,0,28,20352.85,146572,220,56,0,0
218633,1,0,855,0,0,28,20352.85,146572,220,56,0,0
218733,1,0,889,0,0,28,20352.85,146572,220,56,0,0
218855,1,0,890,0,0,28,20352.85,146572,220,56,0,0
218958,1,0,891,0,0,28,20352.85,146572,220,56,0,0
219086,1,0,890,0,0,28,20352.85,146572,220,56,0,0
219185,1,0,889,0,0,28,20352.85,146572,220,56,0,0
219306,1,0,889,0,0,28,20352.85,146572,220,56,0,0
219405,1,0,855,0,0,28,20352.85,146572,220,56,0,0
219532,1,0,855,0,0,28,20352.85,146572,220,56,0,0
219644,1,0,855,0,0,28,20352.85,146572,220,56,0,0
219754,1,0,855,0,0,28,20352.85,146572,220,56,0,0
219855,1,0,821,0,0,28,20352.85,146572,220,56,0,0
219958,1,0,889,0,0,28,20353.86,146572,220,56,0,0
220085,1,0,833,0,0,28,20353.86,146572,220,56,0,0
220185,1,0,893,0,0,28,20353.86,146572,220,56,0,0
220305,1,0,992,16,0,28,20353.86,146572,220,56,0,0
220405,1,0,1231,18,0,28,20353.86,146572,220,56,0,0
220531,1,0,1416,19,0,28,20353.86,146572,220,56,0,0
220644,1,0,1559,20,0,28,20353.86,146572,220,56,0,0
220755,1,0,1483,20,0,28,20353.86,146572,220,56,0,0
220855,1,0,1453,20,0,28,20353.86,146572,220,56,0,0
220933,1,0,1465,20,0,28,20353.86,146572,220,56,0,0
221085,1,0,1574,20,0,28,20353.86,146572,220,56,0,0
221185,1,0,1603,20,0,28,20354.90,146572,220,56,0,0
221305,1,0,1607,20,0,28,20354.90,146572,220,56,0,0
221405,1,3,1569,20,0,28,20354.90,146572,220,56,0,0
221530,1,4,1559,20,0,28,20354.90,146572,220,56,0,0
221633,1,5,1522,19,0,28,20354.90,146572,220,56,0,0
221733,1,6,1450,18,0,28,20354.90,146572,220,56,0,0
221855,1,6,1437,18,0,28,20355.91,146572,220,56,0,0
221933,1,7,1391,18,0,28,20355.91,146572,220,56,0,0
222085,1,8,1370,18,0,28,20355.91,146572,220,56,0,0
222185,1,8,1372,15,0,28,20355.91,146572,220,56,0,0
222304,1,9,1373,10,0,28,20355.91,146572,220,56,0,0
222404,1,10,1410,9,0,28,20355.91,146572,220,56,0,0
222524,1,10,1512,1,0,28,20355.91,146572,220,56,0,0
222633,1,11,1474,0,0,28,20356.98,146572,220,56,0,0
222733,1,11,1443,0,0,28,20356.98,146572,220,56,0,0
222854,1,11,1387,0,0,28,20356.98,146572,220,56,0,0
222957,1,11,1384,0,0,28,20356.98,146572,220,56,0,0
223085,1,10,1371,0,0,28,20356.98,146572,220,56,0,0
223185,1,10,1317,0,0,28,20356.98,146572,220,56,0,0
223304,1,10,1301,0,0,28,20356.98,146572,220,56,0,0
223404,1,10,1266,0,0,28,20356.98,146572,220,56,0,0
223529,1,10,1267,0,0,28,20356.98,146572,220,56,0,0
223633,1,10,1236,0,0,28,20356.98,146572,220,56,0,0
223733,1,10,1233,0,0,28,20356.98,146572,220,56,0,0
223854,1,10,1198,0,0,28,20356.98,146572,220,56,0,0
223933,1,10,1170,0,0,28,20356.98,146572,220,56,0,0
224085,1,9,1161,0,0,28,20356.98,146572,220,56,0,0
224185,1,9,1163,0,0,28,20356.98,146572,220,56,0,0
224304,1,9,1133,0,0,28,20356.98,146572,220,56,0,0
224404,1,9,1132,0,0,28,20358.00,146572,220,56,0,0
224529,1,9,1133,0,0,28,20358.00,146572,220,56,0,0
224633,1,9,1132,0,0,28,20358.00,146572,220,56,0,0
224733,1,9,1100,0,0,28,20358.00,146572,220,56,0,0
224854,1,9,1099,0,0,28,20358.00,146572,220,56,0,0
224933,1,9,1066,0,0,28,20358.00,146572,220,56,0,0
225085,1,8,1067,0,0,28,20358.00,146572,220,56,0,0
225185,1,8,1069,0,0,28,20358.00,146572,220,56,0,0
225304,1,8,1071,0,0,28,20358.00,146572,220,56,0,0
225404,1,8,1042,0,0,28,20358.00,146572,220,56,0,0
225463,1,8,1042,0,0,28,20358.00,146572,220,56,0,0
225633,1,8,1041,0,0,28,20358.00,146572,220,56,0,0
225733,1,8,1042,0,0,28,20358.00,146572,220,56,0,0
225854,1,8,1039,0,0,28,20358.00,146572,220,56,0,0
225933,1,8,1038,0,0,28,20358.00,146572,220,56,0,0
226085,1,8,1036,0,0,28,20358.00,146572,220,56,0,0
226185,1,8,1003,0,0,28,20358.00,146572,220,56,0,0
226305,1,8,1002,0,0,28,20359.02,146572,220,56,0,0
226404,1,8,1001,0,0,28,20359.02,146572,220,56,0,0
226525,1,8,1001,4,0,28,20359.02,146572,220,56,0,0
226633,1,7,1097,13,0,28,20359.02,146572,220,56,0,0
226733,1,7,1067,16,0,28,20359.02,146572,220,56,0,0
226854,1,8,936,20,0,28,20359.02,146572,220,56,0,0
226957,1,8,801,25,0,28,20359.02,146572,220,56,0,0
227056,1,8,742,25,0,28,20359.02,146572,220,56,0,0
227185,1,9,722,27,0,28,20359.02,146572,220,56,0,0
227285,1,9,760,31,0,28,20359.02,146572,220,56,0,0
227404,1,10,794,40,0,28,20359.02,146572,220,56,0,0
227526,1,10,794,42,0,28,20359.02,146572,220,56,0,0
227633,1,11,858,43,0,28,20360.04,146572,220,56,0,0
227733,1,11,894,47,0,28,20360.04,146572,220,57,0,0
227854,1,12,900,49,0,28,20360.04,146572,220,57,0,0
227957,1,12,941,51,0,28,20360.04,146572,220,57,0,0
228056,1,12,981,55,0,28,20360.04,146572,220,57,0,0
228185,1,13,1032,60,0,28,20360.04,146572,220,57,0,0
228285,1,13,1076,63,0,28,20360.04,146572,220,57,0,0
228404,1,14,1089,64,0,28,20360.04,146572,220,57,0,0
228457,1,14,1121,64,0,28,20360.04,146572,220,57,0,0
228633,1,15,1208,64,0,28,20361.10,146572,220,57,0,0
228733,1,16,1224,64,0,28,20361.10,146572,220,57,0,0
228854,1,16,1234,64,0,28,20361.10,146572,220,57,0,0
228933,1,16,1249,64,0,28,20361.10,146572,220,57,0,0
229055,1,17,1309,64,0,28,20361.10,146572,220,57,0,0
229185,1,17,1361,64,0,28,20361.10,146572,220,57,0,0
229285,1,17,1370,64,0,28,20361.10,146572,220,57,0,0
229407,1,18,1390,65,0,28,20361.10,146572,220,57,0,0
229524,1,18,1418,70,0,28,20362.14,146572,220,57,0,0
229633,1,19,1441,75,0,28,20362.14,146572,220,57,0,0
229733,1,19,1496,75,0,28,20362.14,146572,220,57,0,0
229854,1,19,1527,75,0,28,20362.14,146572,220,57,0,0
229957,1,20,1542,75,0,28,20362.14,146572,220,57,0,0
230085,1,20,1592,75,0,28,20362.14,146572,220,57,0,0
230185,1,20,1601,75,0,28,20362.14,146572,220,57,0,0
230305,1,21,1609,75,0,28,20362.14,146572,220,57,0,0
230408,1,21,1640,75,0,28,20363.15,146572,220,57,0,0
230457,1,21,1640,75,0,28,20363.15,146572,220,57,0,0
230634,1,22,1707,69,0,28,20363.15,146572,220,57,0,0
230733,1,23,1739,51,0,28,20363.15,146572,220,57,0,0
230854,1,23,1698,30,0,28,20363.15,146572,220,57,0,0
230933,1,23,1697,3,0,28,20363.15,146572,220,57,0,0
231056,1,23,1620,0,0,28,20363.15,146572,220,57,0,0
231185,1,23,1567,0,0,28,20363.15,146572,220,57,0,0
231304,1,23,1511,0,0,28,20363.15,146572,220,57,0,0
231406,1,23,1449,0,0,28,20363.15,146572,220,57,0,0
231457,1,23,1449,0,0,28,20363.15,146572,220,57,0,0
231633,1,23,1386,0,0,28,20363.15,146572,220,57,0,0
231733,1,23,1354,0,0,28,20363.15,146572,220,57,0,0
231855,1,23,1323,0,0,28,20363.15,146572,220,57,0,0
231933,1,23,1291,0,0,28,20363.15,146572,220,57,0,0
232056,1,23,1290,0,0,28,20364.16,146572,220,57,0,0
232185,1,23,1257,0,0,28,20364.16,146572,220,57,0,0
232304,1,23,1256,0,0,28,20364.16,146572,220,57,0,0
232405,1,23,1223,0,0,28,20364.16,146572,220,57,0,0
232524,1,23,1222,0,0,28,20364.16,146572,220,57,0,0
232633,1,23,1189,0,0,28,20364.16,146572,220,57,0,0
232733,1,23,1189,0,0,28,20364.16,146572,220,57,0,0
232855,1,24,1158,0,0,28,20364.16,146572,220,57,0,0
232957,1,23,1160,0,0,28,20364.16,146572,220,57,0,0
233056,1,24,1160,0,0,28,20364.16,146572,220,57,0,0
233184,1,24,1128,0,0,28,20364.16,146572,220,57,0,0
233304,1,24,1127,0,0,28,20364.16,146572,220,57,0,0
233411,1,24,1127,0,8,28,20364.16,146572,220,57,0,0
233457,1,24,1127,0,6,28,20364.16,146572,220,57,0,0
233634,1,24,1097,0,6,28,20364.16,146572,220,57,0,0
233733,1,24,1096,0,4,28,20364.16,146572,220,57,0,0
233855,1,24,1096,0,4,28,20364.16,146572,220,57,0,0
233957,1,24,1096,0,4,28,20364.16,146572,220,57,0,0
234056,1,24,1095,0,4,28,20364.16,146572,220,57,0,0
234185,1,24,1096,0,6,28,20364.16,146572,220,57,0,0
234285,1,24,1095,0,6,28,20364.16,146572,220,57,0,0
234404,1,24,1096,0,8,28,20364.16,146572,220,57,0,0
234526,1,24,1063,0,10,28,20364.16,146572,220,57,0,0
234633,1,24,1061,0,8,28,20364.16,146572,220,57,0,0
234733,1,24,1061,0,12,28,20364.16,146572,220,57,0,0
234855,1,24,1061,0,12,28,20364.16,146572,220,57,0,0
234933,1,24,1063,0,12,28,20364.16,146572,220,57,0,0
235058,1,24,1063,0,16,28,20365.17,146572,220,57,0,0
235184,1,24,1062,0,20,28,20365.17,146572,220,57,0,0
235304,1,24,1093,0,26,28,20365.17,146572,220,57,0,0
235404,1,24,1061,0,20,28,20365.17,146572,220,57,0,0
235526,1,24,1061,0,26,28,20365.17,146572,220,57,0,0
235633,1,24,1060,0,32,28,20365.17,146572,220,57,0,0
235733,1,23,1060,0,48,28,20365.17,146572,220,57,0,0
235854,1,23,1060,0,64,28,20365.17,146572,220,57,0,0
235933,1,23,1061,0,64,28,20365.17,146572,220,57,0,0
236056,1,23,1060,0,76,28,20365.17,146572,220,57,0,0
236186,1,22,1060,0,78,28,20365.17,146572,220,57,0,0
236285,1,22,1060,0,80,28,20365.17,146572,220,57,0,0
236404,1,21,1060,0,80,28,20365.17,146572,220,57,0,0
236505,1,21,1059,0,82,28,20365.17,146572,220,57,0,0
236633,1,20,1059,0,86,28,20365.17,146572,220,57,0,0
236733,1,20,1059,0,102,28,20365.17,146572,220,57,0,0
236854,1,19,1059,0,104,28,20365.17,146572,220,57,0,0
236933,1,19,1058,0,104,28,20365.17,146572,220,57,0,0
237056,1,18,1058,0,108,28,20365.17,146572,217,57,0,0
237184,1,18,1057,0,106,28,20365.17,146572,217,57,0,0
237284,1,17,1057,0,104,28,20365.17,146572,217,57,0,0
237404,1,17,1059,0,106,28,20365.17,146572,217,57,0,0
237525,1,16,1060,0,108,28,20365.17,146572,217,57,0,0
237633,1,15,1060,0,106,28,20365.17,146572,217,57,0,0
237734,1,15,1060,0,104,28,20365.17,146572,217,57,0,0
237854,1,14,1060,0,60,28,20365.17,146572,217,57,0,0
237934,1,14,1061,0,60,28,20365.17,146572,217,57,0,0
238055,1,14,1061,0,4,28,20366.19,146572,217,57,0,0
238184,1,14,1063,0,0,28,20366.19,146572,217,57,0,0
238284,1,13,1064,0,0,28,20366.19,146572,217,57,0,0
238531,1,14,1065,0,0,28,20366.19,146572,217,57,0,0
238634,1,13,1065,0,0,28,20366.19,146572,217,57,0,0
238733,1,13,1065,0,0,28,20366.19,146572,217,57,0,0
238854,1,13,1065,0,0,28,20366.19,146572,217,57,0,0
238957,1,13,1062,0,0,28,20366.19,146572,217,57,0,0
239084,1,13,1059,0,0,28,20366.19,146572,217,57,0,0
239184,1,13,1028,0,0,28,20366.19,146572,217,57,0,0
239305,1,13,1027,0,0,28,20366.19,146572,217,57,0,0
239404,1,13,1059,0,0,28,20366.19,146572,217,57,0,0
239529,1,13,1059,0,0,28,20366.19,146572,217,57,0,0
239633,1,13,1059,0,0,28,20366.19,146572,217,57,0,0
239734,1,13,1059,0,0,28,20366.19,146572,217,57,0,0
239854,1,13,1059,0,0,28,20366.19,146572,217,57,0,0
239933,1,13,1058,0,0,28,20366.19,146572,217,57,0,0
240084,1,13,1025,0,0,28,20366.19,146572,217,57,0,0
240184,1,13,1025,0,0,28,20366.19,146572,217,57,0,0
240304,1,13,1025,0,0,28,20366.19,146572,217,57,0,0
240404,1,13,1025,0,0,28,20366.19,146572,217,57,0,0
240457,1,13,1025,0,0,28,20366.19,146572,217,57,0,0
240634,1,12,1025,0,0,28,20366.19,146572,217,57,0,0
240733,1,12,1059,0,0,28,20366.19,146572,217,57,0,0
240854,1,12,1059,0,0,28,20366.19,146572,217,57,0,0
240957,1,12,1060,0,0,28,20366.19,146572,217,57,0,0
241084,1,12,1059,0,0,28,20367.19,146572,217,57,0,0
241184,1,12,1059,0,0,28,20367.19,146572,217,57,0,0
241304,1,11,1059,0,0,28,20367.19,146572,217,57,0,0
241404,1,11,1057,0,0,28,20367.19,146572,217,57,0,0
241525,1,11,1057,0,0,28,20367.19,146572,217,57,0,0
241633,1,11,1056,0,0,28,20367.19,146572,217,57,0,0
241733,1,11,1024,0,0,28,20367.19,146572,217,57,0,0
241854,1,11,1055,0,0,28,20367.19,146572,217,57,0,0
241933,1,10,1053,0,0,28,20367.19,146572,217,57,0,0
242056,1,10,1085,0,0,28,20367.19,146572,217,57,0,0
242184,1,10,1053,0,0,28,20367.19,146572,217,57,0,0
242304,1,10,1053,0,0,28,20367.19,146572,217,57,0,0
242404,1,10,1085,0,0,28,20367.19,146572,217,57,0,0
242524,1,10,1086,0,0,28,20367.19,146572,217,57,0,0
242634,1,9,1056,0,0,28,20367.19,146572,217,57,0,0
242733,1,9,1057,0,0,28,20367.19,146572,217,57,0,0
242855,1,9,1057,0,0,28,20367.19,146572,217,57,0,0
242934,1,9,1057,0,0,28,20367.19,146572,217,57,0,0
243056,1,9,1057,0,0,28,20367.19,146572,217,57,0,0
243184,1,9,1058,0,0,28,20367.19,146572,217,57,0,0
243296,1,8,1153,2,0,28,20367.19,146572,217,57,0,0
243404,1,8,1316,16,0,28,20367.19,146572,217,57,0,0
243457,1,8,1316,16,0,28,20367.19,146572,217,57,0,0
243633,1,8,1144,16,0,28,20367.19,146572,217,57,0,0
243733,1,8,1178,18,0,28,20367.19,146572,217,57,0,0
243854,1,8,1217,19,0,28,20367.19,146572,217,57,0,0
243957,1,8,1194,19,0,28,20367.19,146572,217,57,0,0
244056,1,8,1195,19,0,28,20368.20,146572,217,57,0,0
244184,1,8,1254,24,0,28,20368.20,146572,217,57,0,0
244284,1,8,1226,27,0,28,20368.20,146572,217,57,0,0
244404,1,9,1227,34,0,28,20368.20,146572,217,57,0,0
244504,1,9,1291,36,0,28,20368.20,146572,217,57,0,0
244629,1,9,1303,36,0,28,20368.20,146572,217,57,0,0
244737,1,9,1311,36,0,28,20368.20,146572,217,57,0,0
244834,1,9,1343,36,0,28,20368.20,146572,217,58,0,0
244956,1,9,1345,36,0,28,20368.20,146572,217,58,0,0
245054,1,9,1347,33,0,28,20368.20,146572,217,58,0,0
245154,1,9,1348,30,0,28,20368.20,146572,217,58,0,0
245286,1,10,1382,28,0,28,20368.20,146572,217,58,0,0
245404,1,10,1408,27,0,28,20368.20,146572,217,58,0,0
245504,1,10,1403,26,0,28,20368.20,146572,217,58,0,0
245629,1,10,1433,26,0,28,20368.20,146572,217,58,0,0
245734,1,10,1496,26,0,28,20369.20,146572,217,58,0,0
245834,1,10,1464,24,0,28,20369.20,146572,217,58,0,0
245957,1,10,1461,24,0,28,20369.20,146572,217,58,0,0
246055,1,10,1490,24,0,28,20369.20,146572,217,58,0,0
246184,1,10,1494,20,0,28,20369.20,146572,217,58,0,0
246287,1,10,1488,18,0,28,20369.20,146572,217,58,0,0
246404,1,10,1513,18,0,28,20369.20,146572,217,58,0,0
246504,1,10,1510,18,0,28,20369.20,146572,217,58,0,0
246629,1,10,1479,18,0,28,20369.20,146572,217,58,0,0
246734,1,10,1513,18,0,28,20369.20,146572,217,58,0,0
246834,1,10,1515,18,0,28,20369.20,146572,217,58,0,0
246957,1,10,1519,18,0,28,20369.20,146572,217,58,0,0
247055,1,11,1519,18,0,28,20369.20,146572,217,58,0,0
247154,1,11,1518,18,0,28,20369.20,146572,217,58,0,0
247286,1,11,1514,18,0,28,20369.20,146572,217,58,0,0
247404,1,11,1513,18,0,28,20369.20,146572,217,58,0,0
247504,1,11,1513,19,0,28,20369.20,146572,217,58,0,0
247629,1,11,1545,21,0,28,20369.20,146572,217,58,0,0
247734,1,11,1545,22,0,28,20370.22,146572,217,58,0,0
247834,1,11,1545,23,0,28,20370.22,146572,217,58,0,0
247958,1,11,1545,23,0,28,20370.22,146572,217,58,0,0
248056,1,11,1549,23,0,28,20370.22,146572,217,58,0,0
248154,1,11,1553,23,0,28,20370.22,146572,217,58,0,0
248286,1,11,1589,23,0,28,20370.22,146572,217,58,0,0
248404,1,11,1590,23,0,28,20370.22,146572,217,58,0,0
248504,1,11,1558,22,0,28,20370.22,146572,217,58,0,0
248629,1,11,1590,21,0,28,20370.22,146572,217,58,0,0
248734,1,11,1589,20,0,28,20370.22,146572,217,58,0,0
248837,1,11,1587,19,0,28,20370.22,146572,217,58,0,0
248934,1,11,1551,10,0,28,20370.22,146572,217,58,0,0
249055,1,11,1515,10,0,28,20370.22,146572,217,58,0,0
249154,1,11,1442,0,0,28,20370.22,146572,217,58,0,0
249286,1,10,1411,0,0,28,20370.22,146572,217,58,0,0
249403,1,11,1348,0,0,28,20370.22,146572,217,58,0,0
249457,1,10,1348,0,0,28,20370.22,146572,217,58,0,0
249604,1,10,1314,0,0,28,20370.22,146572,217,58,0,0
249736,1,10,1251,0,0,28,20370.22,146572,217,58,0,0
249834,1,10,1253,0,0,28,20371.23,146572,217,58,0,0
249957,1,10,1221,0,0,28,20371.23,146572,217,58,0,0
250054,1,10,1222,0,0,28,20371.23,146572,217,58,0,0
250154,1,10,1189,0,0,28,20371.23,146572,217,58,0,0
250286,1,10,1191,0,6,28,20371.23,146572,217,58,0,0
250403,1,10,1157,0,8,28,20371.23,146572,217,58,0,0
250504,1,10,1158,0,8,28,20371.23,146572,217,58,0,0
250604,1,9,1158,0,10,28,20371.23,146572,217,58,0,0
250737,1,9,1126,0,14,28,20371.23,146572,217,58,0,0
250834,1,9,1127,0,12,28,20371.23,146572,217,58,0,0
250957,1,9,1127,0,14,28,20371.23,146572,217,58,0,0
251055,1,9,1096,0,14,28,20371.23,146572,217,58,0,0
251153,1,9,1096,0,18,28,20371.23,146572,217,58,0,0
251286,1,9,1093,0,18,28,20371.23,146572,217,58,0,0
251403,1,9,1060,0,28,28,20371.23,146572,217,58,0,0
251503,1,9,1059,0,30,28,20371.23,146572,217,58,0,0
251604,1,8,1059,0,30,28,20371.23,146572,217,58,0,0
251736,1,8,1059,0,30,28,20371.23,146572,217,58,0,0
251837,1,8,1027,0,30,28,20371.23,146572,217,58,0,0
251936,1,7,1026,0,30,28,20371.23,146572,217,58,0,0
252055,1,7,1025,0,28,28,20371.23,146572,217,58,0,0
252153,1,7,1025,0,28,28,20371.23,146572,217,58,0,0
252287,1,7,1025,0,26,28,20371.23,146572,217,58,0,0
252394,1,7,1024,0,20,28,20371.23,146572,217,58,0,0
252503,1,7,1025,0,14,28,20371.23,146572,217,58,0,0
252604,1,7,1026,0,16,28,20371.23,146572,217,58,0,0
252736,1,6,1026,0,16,28,20371.23,146572,217,58,0,0
252837,1,6,995,0,16,28,20372.24,146572,217,58,0,0
252956,1,6,995,0,20,28,20372.24,146572,217,58,0,0
253055,1,6,994,0,22,28,20372.24,146572,217,58,0,0
253153,1,6,995,0,22,28,20372.24,146572,217,58,0,0
253286,1,5,993,0,22,28,20372.24,146572,217,58,0,0
253403,1,5,992,0,22,28,20372.24,146572,217,58,0,0
253503,1,5,993,0,30,28,20372.24,146572,217,58,0,0
253603,1,5,993,0,30,28,20372.24,146572,217,58,0,0
253736,1,4,992,0,34,28,20372.24,146572,217,58,0,0
253837,1,4,1023,0,42,28,20372.24,146572,217,58,0,0
253956,1,4,1023,0,48,28,20372.24,146572,217,58,0,0
254054,1,4,991,0,12,28,20372.24,146572,217,58,0,0
254153,1,3,990,0,16,28,20372.24,146572,217,58,0,0
254286,1,3,930,0,14,28,20372.24,146572,217,58,0,0
254403,1,3,942,0,14,28,20372.24,146572,217,58,0,0
254503,1,3,945,0,14,28,20372.24,146572,217,58,0,0
254603,1,2,882,0,14,28,20372.24,146572,217,58,0,0
254736,1,0,841,0,14,28,20372.24,146572,217,58,0,0
254837,1,0,836,0,14,28,20372.24,146572,217,58,0,0
254936,1,0,835,0,14,28,20372.24,146572,217,58,0,0
255055,1,0,835,0,16,28,20372.24,146572,217,58,0,0
255153,1,0,863,0,24,28,20372.24,146572,217,58,0,0
255286,1,0,859,0,26,28,20372.24,146572,217,58,0,0
255403,1,0,858,0,30,28,20372.24,146572,217,58,0,0
255503,1,0,859,0,36,28,20372.24,146572,217,58,0,0
255628,1,0,859,0,38,28,20372.24,146572,217,58,0,0
255736,1,0,857,0,46,28,20372.24,146572,217,58,0,0
255837,1,0,857,0,60,28,20372.24,146572,217,58,0,0
255956,1,0,859,0,76,28,20373.24,146572,217,58,0,0
256055,1,0,859,0,76,28,20373.24,146572,217,58,0,0
256153,1,0,858,0,76,28,20373.24,146572,217,58,0,0
256286,1,0,857,0,80,28,20373.24,146572,217,58,0,0
256403,1,0,825,0,80,28,20373.24,146572,217,58,0,0
256503,1,0,856,0,80,28,20373.24,146572,217,58,0,0
256628,1,0,857,0,80,28,20373.24,146572,217,58,0,0
256736,1,0,857,0,80,28,20373.24,146572,217,58,0,0
256837,1,0,857,0,80,28,20373.24,146572,217,58,0,0
256956,1,0,857,0,4,28,20373.24,146572,217,58,0,0
257055,1,0,856,0,0,28,20373.24,146572,217,58,0,0
257186,1,0,857,0,0,28,20373.24,146572,217,58,0,0
257286,1,0,857,0,0,28,20373.24,146572,217,58,0,0
257403,1,0,833,0,0,28,20373.24,146572,217,58,0,1
257503,1,0,839,0,0,28,20373.24,146572,217,58,0,1
257629,1,0,846,0,0,28,20373.24,146572,217,58,0,1
257736,1,0,848,0,0,28,20373.24,146572,217,58,0,1
257853,1,0,853,0,0,28,20373.24,146572,217,58,0,1
257956,1,0,853,0,0,28,20373.24,146572,217,58,0,1
258056,1,0,955,0,0,28,20373.24,146572,217,58,0,1
258186,1,0,1154,6,0,28,20373.24,146572,217,58,0,1
258286,1,0,1407,8,0,28,20373.24,146572,217,58,0,1
258404,1,0,1502,10,0,28,20373.24,146572,217,58,0,1
258518,1,0,1566,10,0,28,20374.25,146572,217,58,0,1
258628,1,0,1569,10,0,28,20374.25,146572,217,58,0,1
258736,1,0,1595,10,0,28,20374.25,146572,217,58,0,1
258853,1,0,1606,10,0,28,20374.25,146572,217,58,0,1
258936,1,0,1644,10,0,28,20374.25,146572,217,58,0,1
259054,1,0,1688,10,0,28,20374.25,146572,217,58,0,1
259186,1,0,1669,8,0,28,20374.25,146572,217,58,0,1
259286,1,0,1697,8,0,28,20374.25,146572,217,58,0,1
259403,1,0,1727,8,0,28,20374.25,146572,217,58,0,1
259503,1,0,1726,5,0,28,20374.25,146572,217,58,0,1
259628,1,0,1726,2,0,28,20374.25,146572,217,58,0,1
259736,1,0,1473,0,0,28,20375.27,146572,217,58,0,1
259853,1,0,1357,0,0,28,20375.27,146572,217,58,0,1
259936,1,0,1228,0,0,28,20375.27,146572,217,58,0,1
260054,1,0,1085,0,0,28,20375.27,146572,217,58,0,1
260187,1,0,970,0,0,28,20375.27,146572,217,58,0,1
260273,1,0,970,0,0,28,20375.27,146572,217,58,0,1
260403,1,0,928,0,0,28,20375.27,146572,217,58,0,1
260503,1,0,951,0,0,28,20375.27,146572,217,58,0,1
260628,1,0,944,0,0,28,20375.27,146572,217,58,0,1
260736,1,0,973,0,0,28,20375.27,146572,217,58,0,1
260853,1,0,1041,0,0,28,20375.27,146572,217,58,0,1
260957,1,0,1081,0,0,28,20375.27,146572,217,58,0,1
261055,1,0,1068,0,0,28,20375.27,146572,217,58,0,1
261186,1,0,1024,0,0,28,20375.27,146572,217,58,0,1
261286,1,0,1049,0,0,28,20376.29,146572,217,58,0,1
261403,1,0,1054,0,0,28,20376.29,146572,217,58,0,1
261523,1,0,1045,0,0,28,20376.29,146572,217,58,0,1
261636,1,0,1049,0,0,28,20376.29,146572,217,58,0,1
261736,1,0,1043,0,0,28,20376.29,146572,217,58,0,1
261853,1,0,1041,0,0,28,20376.29,146572,217,58,0,1
261957,1,0,1032,0,0,28,20376.29,146572,217,58,0,1
262055,1,0,928,0,0,28,20376.29,146572,217,58,0,1
262186,1,0,899,0,0,28,20376.29,146572,217,58,0,1
262304,1,0,905,0,0,28,20376.29,146572,217,58,0,1
262403,1,0,996,0,0,28,20376.29,146572,217,58,0,1
262528,1,0,1031,0,0,28,20376.29,146572,217,58,0,1
262636,1,0,1018,0,0,28,20376.29,146572,217,58,0,1
262736,1,0,992,0,0,28,20376.29,146572,217,58,0,1
262853,1,0,960,0,0,28,20376.29,146572,217,58,0,1
262956,1,0,968,0,0,28,20377.30,146572,217,58,0,1
263086,1,0,1109,0,0,28,20377.30,146572,217,58,0,1
263186,1,0,1084,0,0,28,20377.30,146572,217,58,0,1
263303,1,0,1033,0,0,28,20377.30,146572,217,58,0,1
263403,1,0,1017,0,0,28,20377.30,146572,217,58,0,1
263528,1,0,1022,0,0,28,20377.30,146572,217,58,0,1
263644,1,0,1107,0,0,28,20377.30,146572,217,58,0,1
263753,1,0,1133,0,0,28,20377.30,146572,217,58,0,1
263853,1,2,1097,0,0,28,20377.30,146572,217,58,0,1
263956,1,2,1074,0,0,28,20377.30,146572,217,58,0,1
264087,1,2,976,0,0,28,20377.30,146572,217,58,0,1
264186,1,2,1011,0,0,28,20377.30,146572,217,58,0,1
264303,1,2,1078,0,0,28,20377.30,146572,217,58,0,1
264403,1,2,1119,0,0,28,20378.31,146572,217,58,0,1
264536,1,0,1096,0,0,28,20378.31,146572,217,58,0,1
264643,1,0,1002,0,0,28,20378.31,146572,217,59,0,1
264753,1,0,989,0,0,28,20378.31,146572,217,59,0,1
264853,1,0,945,0,0,28,20378.31,146572,217,59,0,1
264956,1,0,908,0,0,28,20378.31,146572,217,59,0,1
265087,1,0,933,0,0,28,20378.31,146572,217,59,0,1
265206,1,0,959,0,0,28,20378.31,146572,217,59,0,1
265303,1,0,954,0,0,28,20378.31,146572,217,59,0,1
265403,1,0,913,0,0,28,20378.31,146572,217,59,0,1
265536,1,0,877,0,0,28,20378.31,146572,217,59,0,1
265643,1,0,934,0,0,28,20378.31,146572,217,59,0,1
265753,1,0,1037,0,0,28,20378.31,146572,217,59,0,1
265853,1,0,1037,0,0,28,20378.31,146572,217,59,0,1
265956,1,0,1040,0,0,28,20378.31,146572,217,59,0,1
266087,1,0,976,0,0,28,20378.31,146572,217,59,0,1
266186,1,0,934,0,0,28,20378.31,146572,217,59,0,1
266303,1,0,1012,0,0,28,20379.33,146572,217,59,0,1
266428,1,0,1069,0,0,28,20379.33,146572,217,59,0,1
266537,1,0,1106,0,0,28,20379.33,146572,217,59,0,1
266643,1,0,1067,0,0,28,20379.33,146572,217,59,0,1
266753,1,0,1016,0,0,28,20379.33,146572,217,59,0,1
266853,1,0,971,0,0,28,20379.33,146572,217,59,0,1
266936,1,0,1002,0,0,28,20379.33,146572,217,59,0,1
267086,1,0,1111,0,0,28,20379.33,146572,214,59,0,1
267186,1,0,1113,0,0,28,20379.33,146572,214,59,0,1
267303,1,0,1105,0,0,28,20379.33,146572,214,59,0,1
267428,1,0,1083,0,0,28,20379.33,146572,214,59,0,1
267536,1,0,1005,0,0,28,20379.33,146572,214,59,0,1
267643,1,0,1002,0,0,28,20379.33,146572,214,59,0,1
267753,1,0,1112,0,0,28,20379.33,146572,214,59,0,1
267853,1,0,1142,0,0,28,20380.34,146572,214,59,0,1
267956,1,0,1117,0,0,28,20380.34,146572,214,59,0,1
268086,1,0,1020,0,0,28,20380.34,146572,214,59,0,1
268209,1,0,1044,0,0,28,20380.34,146572,214,59,0,1
268306,1,0,1030,0,0,28,20380.34,146572,214,59,0,1
268403,1,0,1109,0,0,28,20380.34,146572,214,59,0,1
268536,1,0,1076,0,0,28,20380.34,146572,214,59,0,1
268653,1,0,1033,0,0,28,20380.34,146572,214,59,0,1
268753,1,0,1018,0,0,28,20380.34,146572,214,59,0,1
268853,1,0,976,0,0,28,20380.34,146572,214,59,0,1
268956,1,0,1017,0,0,28,20380.34,146572,214,59,0,1
269086,1,0,1005,0,0,28,20380.34,146572,214,59,0,1
269209,1,0,989,0,0,28,20380.34,146572,214,59,0,1
269303,1,0,939,0,0,28,20380.34,146572,214,59,0,1
269428,1,0,958,0,0,28,20380.34,146572,214,59,0,1
269536,1,0,955,0,0,28,20381.35,146572,214,59,0,1
269653,1,0,954,0,0,28,20381.35,146572,214,59,0,1
269753,1,0,921,0,0,28,20381.35,146572,214,59,0,1
269853,1,0,917,0,0,28,20381.35,146572,214,59,0,1
269956,1,0,945,0,0,28,20381.35,146572,214,59,0,1
270086,1,0,960,0,0,28,20381.35,146572,214,59,0,1
270209,1,0,951,0,0,28,20381.35,146572,214,59,0,1
270303,1,0,937,0,0,28,20381.35,146572,214,59,0,1
270428,1,0,898,0,0,28,20381.35,146572,214,59,0,1
270536,1,0,901,0,0,28,20381.35,146572,214,59,0,1
270653,1,0,905,0,0,28,20381.35,146572,214,59,0,1
270753,1,0,903,0,0,28,20381.35,146572,214,59,0,1
270853,1,0,904,0,0,28,20381.35,146572,214,59,0,1
270956,1,0,907,0,0,28,20381.35,146572,214,59,0,1
271086,1,0,938,0,0,28,20381.35,146572,214,59,0,1
271209,1,0,906,0,0,28,20381.35,146572,214,59,0,1
271303,1,0,906,0,0,28,20381.35,146572,214,59,0,1
271436,1,0,905,0,0,28,20382.35,146572,214,59,0,1
271536,1,0,905,0,0,28,20382.35,146572,214,59,0,1
271653,1,0,905,0,0,28,20382.35,146572,214,59,0,1
271753,1,0,905,0,0,28,20382.35,146572,214,59,0,1
271853,1,0,906,0,0,28,20382.35,146572,214,59,0,1
271956,1,0,907,0,0,28,20382.35,146572,214,60,0,1
272103,1,0,911,0,0,28,20382.35,146572,214,60,0,1
272209,1,0,911,0,0,28,20382.35,146572,214,60,0,1
272303,1,0,911,0,0,28,20382.35,146572,214,60,0,1
272436,1,0,910,0,0,28,20382.35,146572,214,60,0,1
272536,1,0,875,0,0,28,20382.35,146572,214,60,0,1
272653,1,0,843,0,0,28,20382.35,146572,214,60,0,1
272753,1,0,842,0,0,28,20382.35,146572,214,60,0,1
272853,1,0,842,0,0,28,20382.35,146572,214,60,0,1
272956,1,0,842,0,0,28,20382.35,146572,214,60,0,1
273103,1,0,868,0,0,28,20382.35,146572,214,60,0,1
273209,1,0,860,0,0,28,20382.35,146572,214,60,0,1
273303,1,0,843,0,0,28,20382.35,146572,214,60,0,1
273436,1,0,837,0,0,28,20383.36,146572,214,60,0,1
273536,1,0,835,0,0,28,20383.36,146572,214,60,0,1
273643,1,0,897,0,0,28,20383.36,146572,214,60,0,1
273753,1,0,910,0,0,28,20383.36,146572,214,60,0,1
273853,1,0,897,0,0,28,20383.36,146572,214,60,0,1
273956,1,0,940,0,0,28,20383.36,146572,214,60,0,1
274103,1,0,941,0,0,28,20383.36,146572,214,60,0,1
274209,1,0,973,0,0,28,20383.36,146572,214,60,0,1
274327,1,0,973,0,0,28,20383.36,146572,214,60,0,1
274437,1,0,940,0,0,28,20383.36,146572,214,60,0,1
274536,1,0,939,0,0,28,20383.36,146572,214,60,0,1
274653,1,0,938,0,0,28,20383.36,146572,214,60,0,1
274772,1,0,905,0,0,28,20383.36,146572,214,60,0,1
274886,1,0,902,0,0,28,20383.36,146572,214,60,0,1
274956,1,0,902,0,0,28,20383.36,146572,214,60,0,1
275103,1,0,940,0,0,28,20383.36,146572,214,60,0,1
275209,1,0,909,0,0,28,20383.36,146572,214,60,0,1
275328,1,0,939,0,0,28,20383.36,146572,214,60,0,1
275436,1,0,909,0,0,28,20383.36,146572,214,60,0,1
275553,1,0,907,0,0,28,20384.38,146572,214,60,0,1
275653,1,0,936,0,0,28,20384.38,146572,214,60,0,1
275773,1,0,1011,0,0,28,20384.38,146572,214,60,0,1
275885,1,0,1030,0,0,28,20384.38,146572,214,60,0,1
275986,1,0,1058,0,0,28,20384.38,146572,214,60,0,1
276103,1,0,1111,0,0,28,20384.38,146572,214,60,0,1
276209,1,0,1033,0,0,28,20384.38,146572,214,60,0,1
276328,1,0,1018,0,0,28,20384.38,146572,214,60,0,1
276435,1,0,948,0,0,28,20384.38,146572,214,60,0,1
276553,1,0,979,0,14,28,20384.38,146572,214,60,0,1
276653,1,0,1007,0,10,28,20384.38,146572,214,60,0,1
276773,1,0,1043,0,18,28,20384.38,146572,214,60,0,1
276886,1,0,1021,0,18,28,20384.38,146572,214,60,0,1
276993,1,0,977,0,20,28,20384.38,146572,214,60,0,1
277103,1,0,929,0,24,28,20384.38,146572,214,60,0,1
277208,1,0,885,0,28,28,20384.38,146572,214,60,0,1
277336,1,0,892,0,42,28,20384.38,146572,214,60,0,1
277436,1,0,869,0,48,28,20385.38,146572,214,60,0,1
277586,1,0,836,0,76,28,20385.38,146572,214,60,0,1
277709,1,0,836,0,80,28,20385.38,146572,214,60,0,1
277803,1,0,869,0,82,28,20385.38,146572,214,60,0,1
277928,1,0,837,0,86,28,20385.38,146572,214,60,0,1
278044,1,0,837,0,88,28,20385.38,146572,214,60,0,1
278153,1,0,835,0,90,28,20385.38,146572,214,60,0,1
278253,1,0,833,0,92,28,20385.38,146572,214,60,0,1
278353,1,0,833,0,92,28,20385.38,146572,214,60,0,1
278456,1,0,833,0,94,28,20385.38,146572,214,60,0,1
278603,1,0,863,0,96,28,20385.38,146572,214,60,0,1
