timestamp,ignition,speed,rpm,throttle,brake,fuel_level,fuel_cons,distance,range,oil_temp,esp,rear_gear
12749,1,0,0,0,200,0,60014.82,147036,2225,0,0,0
12866,1,0,0,0,1,0,60014.82,147036,2225,61,0,0
12999,1,0,0,0,0,0,60014.82,147036,2225,61,0,0
13099,1,0,160,0,0,0,60014.82,147036,2225,61,0,0
13211,1,0,224,0,0,0,60014.82,147036,2225,61,0,0
13338,1,0,256,0,0,0,60014.82,147036,2225,61,0,0
13452,1,0,362,0,0,0,60014.82,147036,2225,61,0,0
13550,1,0,872,0,0,0,60014.82,147036,2225,61,0,0
13667,1,0,1257,0,0,0,60014.82,147036,2225,61,0,0
13767,1,0,1373,0,0,22,60014.82,147036,2225,61,0,0
13900,1,0,1307,0,0,22,60014.82,147036,2225,61,0,0
13999,1,0,1275,0,0,22,60014.82,147036,2225,61,0,0
14100,1,0,1222,0,0,22,60014.82,147036,2225,61,0,0
14211,1,0,1184,0,0,22,60014.82,147036,2225,61,0,0
14350,1,0,1190,0,0,22,60014.82,147036,2225,61,0,0
14463,1,0,1195,0,0,22,60014.82,147036,2225,61,0,0
14566,1,0,1195,0,0,22,60014.82,147036,177,61,0,0
14667,1,0,1195,0,0,22,60014.82,147036,177,61,0,0
14767,1,0,1196,0,0,22,60014.82,147036,177,61,0,0
14900,1,0,1195,0,0,22,60014.82,147036,177,61,0,0
15000,1,0,1195,0,0,22,60014.82,147036,177,61,0,0
15100,1,0,1194,0,0,22,60014.82,147036,177,61,0,0
15241,1,0,1194,0,0,22,60014.82,147036,177,61,0,0
15350,1,0,1197,0,0,22,60014.82,147036,177,61,0,0
15466,1,0,1165,0,0,22,60015.82,147036,177,61,0,0
15566,1,0,1201,0,0,22,60015.82,147036,177,61,0,0
15691,1,0,1170,0,0,22,60015.82,147036,177,61,0,0
15791,1,0,1170,0,0,22,60015.82,147036,177,61,0,0
15900,1,0,1170,0,0,22,60015.82,147036,177,61,0,0
16000,1,0,1171,0,0,22,60015.82,147036,177,61,0,0
16099,1,0,1172,0,0,22,60015.82,147036,177,61,0,0
16250,1,0,1178,0,0,22,60015.82,147036,177,61,0,0
16350,1,0,1178,0,0,22,60015.82,147036,177,61,0,0
16466,1,0,1178,0,0,22,60015.82,147036,177,61,0,0
16581,1,0,1179,0,0,22,60015.82,147036,177,61,0,0
16695,1,0,1179,0,0,22,60015.82,147036,177,61,0,0
16767,1,0,1179,0,0,22,60015.82,147036,177,61,0,0
16900,1,0,1181,0,0,22,60015.82,147036,177,61,0,0
17001,1,0,1183,0,0,22,60015.82,147036,177,61,0,0
17100,1,0,1153,0,0,22,60015.82,147036,177,61,0,0
17250,1,0,1153,0,0,22,60016.85,147036,177,61,0,0
17365,1,0,1183,0,0,22,60016.85,147036,177,61,0,0
17466,1,0,1180,0,0,22,60016.85,147036,177,61,0,0
17581,1,0,1179,0,0,22,60016.85,147036,177,61,0,0
17691,1,0,1179,0,0,22,60016.85,147036,177,61,0,0
17767,1,0,1179,0,0,22,60016.85,147036,177,61,0,0
17900,1,0,1179,0,0,22,60016.85,147036,177,61,0,0
18000,1,0,1178,0,0,22,60016.85,147036,177,61,0,0
18146,1,0,1178,0,0,22,60016.85,147036,177,61,0,0
18258,1,0,1178,0,0,22,60016.85,147036,177,62,0,0
18366,1,0,1178,0,0,22,60016.85,147036,177,62,0,0
18479,1,0,1177,0,0,22,60016.85,147036,177,62,0,0
18590,1,0,1175,0,0,22,60016.85,147036,177,62,0,0
18700,1,0,1173,0,0,22,60016.85,147036,177,62,0,0
18767,1,0,1174,0,0,22,60016.85,147036,177,62,0,0
18900,1,0,1175,0,0,22,60017.87,147036,177,62,0,0
19000,1,0,1175,0,0,22,60017.87,147036,177,62,0,0
19146,1,0,1176,0,0,22,60017.87,147036,177,62,0,0
19251,1,0,1177,0,0,22,60017.87,147036,177,62,0,0
19366,1,0,1177,0,0,22,60017.87,147036,177,62,0,0
19479,1,0,1175,0,0,22,60017.87,147036,177,62,0,0
19591,1,0,1209,0,0,22,60017.87,147036,177,62,0,0
19701,1,0,1175,0,0,22,60017.87,147036,177,62,0,0
19768,1,0,1174,0,0,22,60017.87,147036,177,62,0,0
19900,1,0,1173,0,0,22,60017.87,147036,177,62,0,0
20000,1,0,1173,0,0,22,60017.87,147036,177,62,0,0
20150,1,0,1172,0,0,22,60017.87,147036,177,62,0,0
20250,1,0,1171,0,0,22,60017.87,147036,177,62,0,0
20367,1,0,1170,0,0,22,60017.87,147036,177,62,0,0
20479,1,0,1171,0,0,22,60017.87,147036,177,62,0,0
20592,1,0,1170,0,0,22,60017.87,147036,177,62,0,0
20700,1,0,1170,0,0,22,60018.88,147036,177,62,0,0
20800,1,0,1170,0,0,22,60018.88,147036,177,62,0,0
20900,1,0,1170,0,0,22,60018.88,147036,177,62,0,0
21041,1,0,1170,0,0,22,60018.88,147036,177,62,0,0
21153,1,0,1170,0,0,22,60018.88,147036,177,62,0,0
21266,1,0,1170,0,0,22,60018.88,147036,177,62,0,0
21366,1,0,1170,0,0,22,60018.88,147036,177,62,0,0
21491,1,0,1169,0,0,22,60018.88,147036,177,62,0,0
21600,1,0,1169,0,0,22,60018.88,147036,177,62,0,0
21710,1,0,1169,0,0,22,60018.88,147036,177,62,0,0
21768,1,0,1170,0,0,22,60018.88,147036,177,62,0,0
21900,1,0,1170,0,0,22,60018.88,147036,177,62,0,0
22051,1,0,1139,0,0,22,60018.88,147036,177,62,0,0
22151,1,0,1171,0,0,22,60018.88,147036,177,62,0,0
22266,1,0,1173,0,0,22,60018.88,147036,177,62,0,0
22366,1,0,1173,0,0,22,60018.88,147036,177,62,0,0
22491,1,0,1174,0,0,22,60019.89,147036,177,62,0,0
22600,1,0,1174,0,0,22,60019.89,147036,177,62,0,0
22710,1,0,1175,0,0,22,60019.89,147036,177,62,0,0
22800,1,0,1175,0,0,22,60019.89,147036,177,62,0,0
22940,1,0,1176,0,0,22,60019.89,147036,177,62,0,0
23050,1,0,1176,0,0,22,60019.89,147036,177,62,0,0
23165,1,0,1176,0,0,22,60019.89,147036,177,62,0,0
23266,1,0,1175,0,0,22,60019.89,147036,177,61,0,0
23366,1,0,1175,0,0,22,60019.89,147036,177,61,0,0
23501,1,0,1177,0,0,22,60019.89,147036,177,61,0,0
23600,1,0,1176,0,0,22,60019.89,147036,177,61,0,0
23711,1,0,1178,0,0,22,60019.89,147036,177,61,0,0
23800,1,0,1177,0,0,22,60019.89,147036,177,61,0,0
23940,1,0,1177,0,0,22,60019.89,147036,177,61,0,0
24050,1,0,1177,0,0,22,60019.89,147036,177,61,0,0
24165,1,0,1177,0,0,22,60019.89,147036,177,61,0,0
24265,1,0,1177,0,0,22,60020.92,147036,177,61,0,0
24394,1,0,1177,0,0,22,60020.92,147036,177,61,0,0
24503,1,0,1177,0,0,22,60020.92,147036,177,61,0,0
24603,1,0,1177,0,0,22,60020.92,147036,177,61,0,0
24715,1,0,1178,0,0,22,60020.92,147036,177,60,0,0
24843,1,0,1178,0,0,22,60020.92,147036,177,60,0,0
24953,1,0,1177,0,0,22,60020.92,147036,177,60,0,0
25065,1,0,1178,0,0,22,60020.92,147036,177,60,0,0
25166,1,0,1178,0,0,22,60020.92,147036,177,60,0,0
25290,1,0,1178,0,0,22,60020.92,147036,177,60,0,0
25401,1,0,1178,0,0,22,60020.92,147036,177,60,0,0
25500,1,0,1178,0,0,22,60020.92,147036,177,60,0,0
25600,1,0,1178,0,0,22,60020.92,147036,177,60,0,0
25710,1,0,1178,0,0,22,60020.92,147036,177,60,0,0
25850,1,0,1179,0,0,22,60020.92,147036,177,60,0,0
25961,1,0,1179,0,0,22,60021.94,147036,177,60,0,0
26067,1,0,1149,0,0,22,60021.94,147036,177,60,0,0
26165,1,0,1147,0,0,22,60021.94,147036,177,60,0,0
26290,1,0,1114,0,0,22,60021.94,147036,177,60,0,0
26400,1,0,1084,0,0,22,60021.94,147036,177,60,0,0
26503,1,0,1064,3,0,22,60021.94,147036,177,60,0,0
26600,1,0,1114,4,0,22,60021.94,147036,177,60,0,0
26740,1,0,1079,4,0,22,60021.94,147036,177,60,0,0
26850,1,0,1106,4,0,22,60021.94,147036,177,60,0,0
26967,1,0,1098,4,0,22,60021.94,147036,177,60,0,0
27065,1,2,1096,4,0,22,60021.94,147036,177,60,0,0
27165,1,3,1112,4,0,22,60021.94,147036,177,60,0,0
27266,1,3,1110,4,0,22,60022.97,147036,177,60,0,0
27400,1,3,1109,4,0,22,60022.97,147036,177,60,0,0
27503,1,4,1109,4,0,22,60022.97,147036,177,60,0,0
27603,1,4,1106,3,0,22,60022.97,147036,177,59,0,0
27740,1,4,1138,3,0,22,60022.97,147036,177,59,0,0
27853,1,5,1175,3,0,22,60022.97,147036,177,59,0,0
27965,1,5,1119,3,0,22,60022.97,147036,177,59,0,0
28081,1,5,1077,3,0,22,60022.97,147036,177,59,0,0
28190,1,5,1044,3,0,22,60022.97,147036,177,59,0,0
28290,1,5,1053,3,0,22,60022.97,147036,177,59,0,0
28403,1,5,995,3,0,22,60022.97,147036,177,59,0,0
28507,1,6,966,3,0,22,60022.97,147036,177,59,0,0
28603,1,6,964,3,0,22,60022.97,147036,177,59,0,0
28753,1,6,963,3,0,22,60024.00,147036,177,59,0,0
28865,1,6,962,3,0,22,60024.00,147036,177,59,0,0
28965,1,6,959,6,0,22,60024.00,147036,177,59,0,0
29090,1,7,989,8,0,22,60024.00,147036,177,59,0,0
29190,1,7,993,9,0,22,60024.00,147036,177,59,0,0
29290,1,7,1039,10,0,22,60024.00,147036,177,59,0,0
29404,1,7,1079,11,0,22,60024.00,147036,177,58,0,0
29503,1,7,1111,14,0,22,60024.00,147036,177,58,0,0
29646,1,8,1111,22,0,22,60024.00,147036,177,58,0,0
29754,1,8,1148,27,0,22,60024.00,147036,177,58,0,0
30003,1,8,1224,49,0,22,60024.00,147036,177,58,0,0
30103,1,8,1195,56,0,22,60024.00,147036,177,58,0,0
30253,1,8,1257,64,0,22,60025.04,147036,177,58,0,0
30366,1,9,1306,69,0,22,60025.04,147036,177,58,0,0
30479,1,9,1354,71,0,22,60025.04,147036,177,58,0,0
30590,1,10,1400,71,0,22,60025.04,147036,177,58,0,0
30702,1,10,1447,71,0,22,60025.04,147036,177,58,0,0
30804,1,10,1528,71,0,22,60025.04,147036,177,58,0,0
30903,1,10,1575,71,0,22,60025.04,147036,177,58,0,0
31003,1,11,1624,68,0,22,60026.09,147036,177,58,0,0
31146,1,11,1669,23,0,22,60026.09,147036,177,58,0,0
31253,1,12,1629,0,0,22,60026.09,147036,177,58,0,0
31330,1,12,1565,0,0,22,60026.09,147036,177,58,0,0
31479,1,12,1417,0,0,22,60026.09,147036,177,58,0,0
31590,1,12,1395,0,0,22,60026.09,147036,177,58,0,0
31704,1,12,1315,0,0,22,60026.09,147036,177,58,0,0
31804,1,12,1301,4,0,22,60026.09,147036,177,58,0,0
31903,1,12,1188,30,0,22,60026.09,147036,177,58,0,0
32040,1,12,1064,45,0,22,60026.09,147036,177,58,0,0
32152,1,13,984,52,0,22,60026.09,147036,177,58,0,0
32265,1,13,1041,57,0,22,60027.09,147036,177,58,0,0
32377,1,13,1045,58,0,22,60027.09,147036,177,58,0,0
32479,1,14,1042,58,0,22,60027.09,147036,177,58,0,0
32602,1,14,1099,58,0,22,60027.09,147036,177,58,0,0
32710,1,14,1127,56,0,22,60027.09,147036,177,58,0,0
32804,1,14,1122,52,0,22,60027.09,147036,177,58,0,0
32903,1,15,1176,51,0,22,60027.09,147036,177,58,0,0
33040,1,15,1157,51,0,22,60027.09,147036,177,58,0,0
33153,1,15,1191,51,0,22,60027.09,147036,177,58,0,0
33267,1,16,1186,50,0,22,60028.10,147036,177,58,0,0
33340,1,16,1218,47,0,22,60028.10,147036,177,58,0,0
33491,1,16,1231,46,0,22,60028.10,147036,177,58,0,0
33603,1,16,1276,46,0,22,60028.10,147036,177,58,0,0
33710,1,16,1249,46,0,22,60028.10,147036,177,58,0,0
33804,1,17,1285,46,0,22,60028.10,147036,177,58,0,0
33940,1,17,1288,47,0,22,60028.10,147036,177,58,0,0
34053,1,17,1299,49,0,22,60028.10,147036,177,58,0,0
34153,1,17,1334,49,0,22,60028.10,147036,177,58,0,0
34265,1,18,1372,49,0,22,60028.10,147036,177,58,0,0
34375,1,18,1347,50,0,22,60029.14,147036,177,58,0,0
34491,1,18,1346,50,0,22,60029.14,147036,177,58,0,0
34603,1,18,1379,50,0,22,60029.14,147036,177,58,0,0
34710,1,18,1384,50,0,22,60029.14,147036,177,58,0,0
34804,1,18,1429,50,0,22,60029.14,147036,177,58,0,0
34940,1,18,1433,48,0,22,60029.14,147036,177,58,0,0
35052,1,19,1470,44,0,22,60029.14,147036,177,58,0,0
35168,1,19,1468,39,0,22,60029.14,147036,177,58,0,0
35265,1,19,1487,33,0,22,60030.20,147036,177,58,0,0
35396,1,19,1499,30,0,22,60030.20,147036,177,58,0,0
35502,1,19,1484,28,0,22,60030.20,147036,177,58,0,0
35603,1,19,1472,26,0,22,60030.20,147036,177,58,0,0
35710,1,20,1531,26,0,22,60030.20,147036,177,58,0,0
35804,1,20,1524,24,0,22,60030.20,147036,177,58,0,0
35952,1,20,1523,3,0,22,60030.20,147036,177,58,0,0
36065,1,20,1477,0,0,22,60030.20,147036,177,58,0,0
36167,1,20,1475,0,0,22,60030.20,147036,177,58,0,0
36265,1,19,1456,0,0,22,60030.20,147036,177,58,0,0
36394,1,19,1442,0,0,22,60030.20,147036,177,58,0,0
36503,1,19,1474,0,0,22,60031.22,147036,177,59,0,0
36602,1,19,1466,0,0,22,60031.22,147036,177,59,0,0
36710,1,19,1460,0,0,22,60031.22,147036,177,59,0,0
36804,1,19,1459,0,0,22,60031.22,147036,177,59,0,0
36954,1,19,1428,0,0,22,60031.22,147036,177,59,0,0
37065,1,18,1424,0,0,22,60031.22,147036,177,59,0,0
37167,1,18,1392,0,0,22,60031.22,147036,177,59,0,0
37290,1,18,1390,0,0,22,60031.22,147036,177,59,0,0
37402,1,18,1358,1,0,22,60031.22,147036,177,59,0,0
37502,1,18,1392,5,0,22,60031.22,147036,177,59,0,0
37603,1,18,1362,12,0,22,60031.22,147036,177,59,0,0
37740,1,18,1402,15,0,22,60031.22,147036,177,59,0,0
37804,1,18,1391,15,0,22,60031.22,147036,177,59,0,0
37961,1,18,1347,15,0,22,60031.22,147036,177,59,0,0
38065,1,18,1362,15,0,22,60031.22,147036,177,59,0,0
38167,1,18,1352,15,0,22,60031.22,147036,177,59,0,0
38290,1,18,1350,6,0,22,60031.22,147036,177,59,0,0
38402,1,18,1314,0,0,22,60032.23,147036,177,59,0,0
38503,1,18,1293,0,0,22,60032.23,147036,177,59,0,0
38602,1,18,1316,0,0,22,60032.23,147036,177,59,0,0
38741,1,17,1314,0,0,22,60032.23,147036,177,59,0,0
38804,1,17,1337,0,0,22,60032.23,147036,177,59,0,0
38965,1,17,1323,1,0,22,60032.23,147036,177,59,0,0
39080,1,17,1289,9,0,22,60032.23,147036,177,59,0,0
39190,1,17,1323,16,0,22,60032.23,147036,177,59,0,0
39290,1,17,1333,19,0,22,60032.23,147036,177,59,0,0
39402,1,17,1323,19,0,22,60032.23,147036,177,59,0,0
39502,1,17,1287,19,0,22,60032.23,147036,177,59,0,0
39602,1,17,1302,19,0,22,60032.23,147036,177,59,0,0
39740,1,17,1291,10,0,22,60032.23,147036,177,59,0,0
39804,1,17,1282,10,0,22,60032.23,147036,177,59,0,0
39965,1,17,1280,5,0,22,60032.23,147036,177,59,0,0
40080,1,17,1289,1,0,22,60032.23,147036,177,59,0,0
40190,1,17,1278,0,0,22,60032.23,147036,177,59,0,0
40290,1,17,1244,0,0,22,60032.23,147036,177,59,0,0
40402,1,17,1270,0,0,22,60033.25,147036,177,59,0,0
40502,1,16,1232,0,0,22,60033.25,147036,177,59,0,0
40602,1,16,1253,0,0,22,60033.25,147036,177,59,0,0
40752,1,16,1218,0,0,22,60033.25,147036,177,59,0,0
40859,1,16,1185,0,0,22,60033.25,147036,177,59,0,0
40965,1,16,1187,7,0,22,60033.25,147036,177,59,0,0
41080,1,16,1186,13,0,22,60033.25,147036,177,59,0,0
41190,1,15,1198,14,0,22,60033.25,147036,177,59,0,0
41308,1,15,1278,14,0,22,60033.25,147036,177,59,0,0
41402,1,15,1214,14,0,22,60033.25,147036,177,59,0,0
41502,1,16,1160,14,0,22,60033.25,147036,177,59,0,0
41602,1,16,1195,14,0,22,60033.25,147036,177,59,0,0
41752,1,16,1194,0,0,22,60033.25,147036,177,59,0,0
41865,1,16,1171,0,0,22,60033.25,147036,177,59,0,0
41965,1,15,1149,0,0,22,60033.25,147036,177,59,0,0
42090,1,15,1176,0,0,22,60033.25,147036,177,59,0,0
42202,1,15,1174,0,0,22,60033.25,147036,177,59,0,0
42304,1,15,1168,0,0,22,60033.25,147036,177,59,0,0
42402,1,15,1121,0,0,22,60033.25,147036,177,59,0,0
42502,1,15,1148,0,0,22,60033.25,147036,171,59,0,0
42646,1,15,1147,0,0,22,60034.26,147036,171,59,0,0
42752,1,14,1117,0,0,22,60034.26,147036,171,59,0,0
42865,1,14,1119,0,0,22,60034.26,147036,171,59,0,0
42965,1,14,1087,0,0,22,60034.26,147036,171,59,0,0
43090,1,14,1087,0,0,22,60034.26,147036,171,59,0,0
43203,1,14,1055,0,0,22,60034.26,147036,171,59,0,0
43304,1,13,1055,0,0,22,60034.26,147036,171,59,0,0
43402,1,13,1024,0,0,22,60034.26,147036,171,59,0,0
43540,1,13,1026,0,0,22,60034.26,147036,171,59,0,0
43652,1,13,998,0,0,22,60034.26,147036,171,59,0,0
43765,1,13,1003,0,0,22,60034.26,147036,171,59,0,0
43865,1,13,1003,0,0,22,60034.26,147036,171,59,0,0
43990,1,13,974,0,0,22,60034.26,147036,171,59,0,0
44102,1,13,1017,0,0,22,60034.26,147036,171,59,0,0
44210,1,12,985,0,0,22,60034.26,147036,171,59,0,0
44304,1,12,986,0,0,22,60034.26,147036,171,59,0,0
44402,1,12,978,0,0,22,60034.26,147036,171,60,0,0
44540,1,12,956,3,0,22,60034.26,147036,171,60,0,0
44652,1,12,944,14,0,22,60034.26,147036,171,60,0,0
44765,1,12,960,25,0,22,60034.26,147036,171,60,0,0
44804,1,12,960,25,0,22,60034.26,147036,171,60,0,0
44990,1,12,946,30,0,22,60034.26,147036,171,60,0,0
45102,1,12,960,31,0,22,60034.26,147036,171,60,0,0
45210,1,13,995,31,0,22,60035.27,147036,171,60,0,0
45330,1,13,999,42,0,22,60035.27,147036,171,60,0,0
45440,1,13,998,59,0,22,60035.27,147036,171,60,0,0
45552,1,13,1023,60,0,22,60035.27,147036,171,60,0,0
45652,1,13,1036,60,0,22,60035.27,147036,171,60,0,0
45765,1,13,1067,60,0,22,60035.27,147036,171,60,0,0
45865,1,14,1065,60,0,22,60035.27,147036,171,60,0,0
45990,1,14,1063,60,0,22,60035.27,147036,171,60,0,0
46102,1,14,1095,60,0,22,60035.27,147036,171,60,0,0
46214,1,14,1098,60,0,22,60035.27,147036,171,60,0,0
46304,1,15,1135,60,0,22,60035.27,147036,171,60,0,0
46440,1,15,1174,60,0,22,60035.27,147036,171,60,0,0
46552,1,15,1190,60,0,22,60036.29,147036,171,60,0,0
46670,1,16,1193,60,0,22,60036.29,147036,171,60,0,0
46765,1,16,1233,60,0,22,60036.29,147036,171,60,0,0
46893,1,16,1239,60,0,22,60036.29,147036,171,60,0,0
47002,1,16,1275,60,0,22,60036.29,147036,171,60,0,0
47102,1,17,1281,60,0,22,60036.29,147036,171,60,0,0
47210,1,17,1316,60,0,22,60036.29,147036,171,60,0,0
47330,1,17,1351,60,0,22,60036.29,147036,171,60,0,0
47453,1,17,1360,60,0,22,60037.30,147036,171,60,0,0
47552,1,18,1392,60,0,22,60037.30,147036,171,60,0,0
47670,1,18,1392,60,0,22,60037.30,147036,171,60,0,0
47765,1,19,1427,60,0,22,60037.30,147036,171,60,0,0
47892,1,19,1462,60,0,22,60037.30,147036,171,60,0,0
48002,1,19,1496,60,0,22,60037.30,147036,171,60,0,0
48102,1,19,1530,60,0,22,60037.30,147036,171,60,0,0
48210,1,20,1505,59,0,22,60037.30,147036,171,60,0,0
48304,1,20,1546,55,0,22,60038.32,147036,171,60,0,0
48454,1,20,1585,51,0,22,60038.32,147036,171,60,0,0
48565,1,21,1577,51,0,22,60038.32,147036,171,60,0,0
48667,1,21,1606,51,0,22,60038.32,147036,171,60,0,0
48790,1,21,1607,47,0,22,60038.32,147036,171,60,0,0
48904,1,21,1639,47,0,22,60038.32,147036,171,60,0,0
49002,1,22,1639,47,0,22,60038.32,147036,171,60,0,0
49102,1,22,1662,46,0,22,60039.36,147036,171,60,0,0
49240,1,22,1695,0,0,22,60039.36,147036,171,60,0,0
49304,1,22,1666,0,0,22,60039.36,147036,171,60,0,0
49465,1,22,1689,0,0,22,60039.36,147036,171,60,0,0
49565,1,22,1668,0,0,22,60039.36,147036,171,60,0,0
49690,1,22,1642,0,0,22,60039.36,147036,171,60,0,0
49790,1,22,1665,0,0,22,60039.36,147036,171,60,0,0
49904,1,22,1664,0,0,22,60039.36,147036,171,60,0,0
50002,1,22,1668,0,2,22,60039.36,147036,171,60,0,0
50102,1,22,1636,0,8,22,60039.36,147036,171,60,0,0
50241,1,21,1632,0,12,22,60039.36,147036,171,60,0,0
50304,1,21,1639,0,14,22,60039.36,147036,171,60,0,0
50465,1,21,1596,0,12,22,60039.36,147036,171,60,0,0
50580,1,21,1590,0,12,22,60039.36,147036,171,60,0,0
50691,1,20,1581,0,12,22,60039.36,147036,171,60,0,0
50802,1,20,1549,0,12,22,60039.36,147036,171,60,0,0
50903,1,20,1558,0,14,22,60039.36,147036,171,60,0,0
51002,1,20,1530,0,14,22,60039.36,147036,171,60,0,0
51102,1,20,1498,0,14,22,60039.36,147036,171,60,0,0
51252,1,19,1477,0,22,22,60039.36,147036,171,60,0,0
51365,1,19,1395,0,42,22,60039.36,147036,171,60,0,0
51478,1,19,1327,0,48,22,60040.37,147036,171,60,0,0
51589,1,18,1282,0,54,22,60040.37,147036,171,60,0,0
51702,1,18,1224,0,58,22,60040.37,147036,171,60,0,0
51802,1,18,1227,0,58,22,60040.37,147036,171,60,0,0
51903,1,18,1197,0,58,22,60040.37,147036,171,60,0,0
52040,1,17,1200,0,60,22,60040.37,147036,171,60,0,0
52152,1,17,1165,0,58,22,60040.37,147036,171,60,0,0
52264,1,16,1132,0,56,22,60040.37,147036,171,60,0,0
52365,1,16,1130,0,56,22,60040.37,147036,171,60,0,0
52478,1,15,1099,0,60,22,60040.37,147036,171,60,0,0
52590,1,15,1099,0,58,22,60040.37,147036,171,60,0,0
52710,1,14,1100,0,56,22,60040.37,147036,171,60,0,0
52802,1,14,1069,0,58,22,60040.37,147036,171,60,0,0
52902,1,14,1070,0,58,22,60040.37,147036,171,60,0,0
53040,1,14,1072,0,0,22,60040.37,147036,171,60,0,0
53152,1,13,1038,0,0,22,60040.37,147036,171,60,0,0
53267,1,13,1038,0,0,22,60040.37,147036,171,60,0,0
53365,1,13,1040,11,0,22,60040.37,147036,171,60,0,0
53490,1,13,1106,10,0,22,60040.37,147036,171,60,0,0
53602,1,13,1190,12,0,22,60040.37,147036,171,60,0,0
53710,1,13,1294,19,0,22,60040.37,147036,171,60,0,0
53830,1,13,1360,20,0,22,60040.37,147036,171,60,0,0
53940,1,13,1328,0,0,22,60041.37,147036,171,61,0,0
54052,1,13,1202,0,82,22,60041.37,147036,171,61,0,0
54152,1,12,1152,0,96,22,60041.37,147036,171,61,0,0
54265,1,11,1158,0,94,22,60041.37,147036,171,61,0,0
54392,1,10,1169,0,92,22,60041.37,147036,171,61,0,0
54502,1,10,1140,0,92,22,60041.37,147036,171,61,0,0
54602,1,9,1110,0,92,22,60041.37,147036,171,61,0,0
54710,1,9,1111,0,90,22,60041.37,147036,171,61,0,0
54802,1,8,1113,0,92,22,60041.37,147036,171,61,0,0
54952,1,8,1082,0,88,22,60041.37,147036,171,61,0,0
55064,1,6,1081,0,84,22,60041.37,147036,171,61,0,0
55164,1,6,1081,0,78,22,60041.37,147036,171,61,0,0
55289,1,5,1082,0,54,22,60041.37,147036,171,61,0,0
55402,1,5,1050,0,40,22,60041.37,147036,171,61,0,0
55502,1,5,1049,0,10,22,60041.37,147036,171,61,0,0
55602,1,5,1048,0,0,22,60041.37,147036,171,61,0,0
55739,1,5,1016,0,0,22,60041.37,147036,171,61,0,0
55802,1,4,1017,0,0,22,60041.37,147036,171,61,0,0
55964,1,4,983,0,0,22,60041.37,147036,171,61,0,0
56079,1,4,982,0,0,22,60041.37,147036,171,61,0,0
56189,1,4,981,0,0,22,60041.37,147036,171,61,0,0
56302,1,4,1012,2,0,22,60042.38,147036,171,61,0,0
56402,1,4,1077,3,0,22,60042.38,147036,171,61,0,0
56502,1,4,1092,5,0,22,60042.38,147036,171,61,0,0
56602,1,4,1151,8,0,22,60042.38,147036,171,61,0,0
56752,1,4,1130,15,0,22,60042.38,147036,171,61,0,0
56802,1,5,1130,15,0,22,60042.38,147036,171,61,0,0
56964,1,5,1113,20,0,22,60042.38,147036,171,61,0,0
57089,1,6,1058,20,0,22,60042.38,147036,171,61,0,0
57201,1,6,1023,20,0,22,60042.38,147036,171,61,0,0
57302,1,6,985,20,0,22,60042.38,147036,171,61,0,0
57402,1,7,1010,20,0,22,60042.38,147036,171,61,0,0
57539,1,7,1069,21,0,22,60042.38,147036,171,61,0,0
57646,1,7,1065,21,0,22,60043.38,147036,171,61,0,0
57752,1,7,1105,22,0,22,60043.38,147036,171,61,0,0
57839,1,8,1105,27,0,22,60043.38,147036,171,61,0,0
57964,1,8,1158,33,0,22,60043.38,147036,171,61,0,0
58089,1,8,1160,33,0,22,60043.38,147036,171,61,0,0
58209,1,8,1175,34,0,22,60043.38,147036,171,61,0,0
58302,1,8,1187,34,0,22,60043.38,147036,171,61,0,0
58402,1,8,1192,34,0,22,60043.38,147036,171,61,0,0
58540,1,8,1231,34,0,22,60043.38,147036,171,61,0,0
58653,1,8,1269,34,0,22,60043.38,147036,171,61,0,0
58764,1,9,1271,30,0,22,60043.38,147036,171,61,0,0
58839,1,9,1303,8,0,22,60043.38,147036,171,61,0,0
58989,1,9,1296,0,0,22,60044.41,147036,171,61,0,0
59102,1,9,1305,0,0,22,60044.41,147036,171,61,0,0
59209,1,9,1272,0,0,22,60044.41,147036,171,61,0,0
59302,1,9,1253,0,0,22,60044.41,147036,171,61,0,0
59440,1,9,1244,0,0,22,60044.41,147036,171,61,0,0
59552,1,8,1204,0,0,22,60044.41,147036,171,61,0,0
59666,1,8,1181,0,0,22,60044.41,147036,171,61,0,0
59764,1,8,1178,0,0,22,60044.41,147036,171,62,0,0
59893,1,8,1146,0,0,22,60044.41,147036,171,62,0,0
60002,1,8,1114,0,0,22,60044.41,147036,171,62,0,0
60102,1,7,1113,21,0,22,60044.41,147036,171,62,0,0
60209,1,7,1143,38,0,22,60044.41,147036,171,62,0,0
60302,1,7,1180,47,0,22,60044.41,147036,171,62,0,0
60453,1,7,1112,54,0,22,60044.41,147036,171,62,0,0
60564,1,8,1108,57,0,22,60044.41,147036,171,62,0,0
60667,1,8,1153,61,0,22,60044.41,147036,171,62,0,0
60789,1,8,1192,62,0,22,60045.43,147036,171,62,0,0
60901,1,8,1286,63,0,22,60045.43,147036,171,62,0,0
61002,1,9,1324,64,0,22,60045.43,147036,171,62,0,0
61102,1,9,1395,64,0,22,60045.43,147036,171,62,0,0
61239,1,10,1437,65,0,22,60045.43,147036,171,62,0,0
61302,1,10,1482,65,0,22,60045.43,147036,171,62,0,0
61464,1,11,1544,66,0,22,60045.43,147036,171,62,0,0
61564,1,11,1625,66,0,22,60045.43,147036,171,62,0,0
61666,1,12,1704,63,0,22,60046.44,147036,171,62,0,0
61789,1,12,1750,25,0,22,60046.44,147036,171,62,0,0
61902,1,12,1719,0,0,22,60046.44,147036,171,62,0,0
62002,1,13,1607,0,0,22,60046.44,147036,171,62,0,0
62102,1,13,1565,0,0,22,60046.44,147036,171,62,0,0
62251,1,13,1501,0,0,22,60046.44,147036,171,62,0,0
62339,1,13,1469,0,0,22,60046.44,147036,171,62,0,0
62465,1,13,1390,0,0,22,60046.44,147036,171,62,0,0
62579,1,13,1361,0,0,22,60046.44,147036,171,62,0,0
62691,1,13,1297,12,0,22,60046.44,147036,171,62,0,0
62802,1,13,1133,30,0,22,60046.44,147036,171,62,0,0
62902,1,13,1017,39,0,22,60046.44,147036,171,62,0,0
63002,1,14,1070,46,0,22,60046.44,147036,171,62,0,0
63145,1,14,1079,50,0,22,60047.47,147036,171,62,0,0
63252,1,14,1128,66,0,22,60047.47,147036,171,62,0,0
63306,1,14,1128,66,0,22,60047.47,147036,171,62,0,0
63478,1,15,1154,71,0,22,60047.47,147036,171,62,0,0
63589,1,15,1174,73,0,22,60047.47,147036,171,63,0,0
63702,1,16,1205,76,0,22,60047.47,147036,171,63,0,0
63802,1,16,1233,77,0,22,60047.47,147036,171,63,0,0
63902,1,16,1265,77,0,22,60047.47,147036,171,63,0,0
64039,1,17,1302,72,0,22,60048.50,147036,171,63,0,0
64152,1,17,1315,68,0,22,60048.50,147036,171,63,0,0
64264,1,18,1359,68,0,22,60048.50,147036,171,63,0,0
64364,1,18,1400,68,0,22,60048.50,147036,171,63,0,0
64489,1,18,1439,69,0,22,60048.50,147036,171,63,0,0
64602,1,19,1445,69,0,22,60048.50,147036,171,63,0,0
64709,1,19,1450,60,0,22,60048.50,147036,171,63,0,0
64802,1,19,1487,53,0,22,60048.50,147036,171,63,0,0
64939,1,19,1508,53,0,22,60049.53,147036,171,63,0,0
65052,1,20,1518,53,0,22,60049.53,147036,171,63,0,0
65164,1,20,1548,53,0,22,60049.53,147036,171,63,0,0
65264,1,20,1551,53,0,22,60049.53,147036,171,63,0,0
65339,1,20,1583,53,0,22,60049.53,147036,171,63,0,0
65502,1,21,1631,53,0,22,60049.53,147036,171,63,0,0
65602,1,21,1613,53,0,22,60049.53,147036,171,63,0,0
65709,1,21,1623,53,0,22,60049.53,147036,171,63,0,0
65802,1,21,1661,53,0,22,60050.59,147036,171,63,0,0
65939,1,21,1665,52,0,22,60050.59,147036,171,63,0,0
66052,1,22,1669,52,0,22,60050.59,147036,171,63,0,0
66164,1,22,1702,52,0,22,60050.59,147036,171,63,0,0
66264,1,22,1705,52,0,22,60050.59,147036,171,63,0,0
66392,1,23,1706,51,0,22,60050.59,147036,171,63,0,0
66502,1,23,1734,43,0,22,60051.59,147036,171,63,0,0
66602,1,23,1736,20,0,22,60051.59,147036,171,63,0,0
66709,1,23,1697,0,0,22,60051.59,147036,171,63,0,0
66829,1,23,1698,0,0,22,60051.59,147036,171,63,0,0
66961,1,23,1725,0,0,22,60051.59,147036,171,63,0,0
67064,1,22,1747,0,0,22,60051.59,147036,171,63,0,0
67175,1,22,1712,0,0,22,60051.59,147036,171,63,0,0
67289,1,22,1713,0,0,22,60051.59,147036,171,63,0,0
67407,1,22,1677,0,0,22,60051.59,147036,171,63,0,0
67502,1,22,1688,0,0,22,60051.59,147036,171,63,0,0
67602,1,22,1659,0,0,22,60051.59,147036,171,63,0,0
67739,1,21,1605,0,0,22,60051.59,147036,171,63,0,0
67802,1,21,1611,0,0,22,60051.59,147036,171,63,0,0
67965,1,21,1581,0,0,22,60051.59,147036,171,63,0,0
68079,1,21,1591,0,0,22,60051.59,147036,171,63,0,0
68189,1,20,1581,0,0,22,60051.59,147036,171,63,0,0
68302,1,20,1549,0,0,22,60051.59,147036,171,63,0,0
68405,1,20,1530,0,0,22,60051.59,147036,171,63,0,0
68503,1,20,1514,0,0,22,60051.59,147036,171,63,0,0
68603,1,20,1497,0,0,22,60051.59,147036,171,63,0,0
68739,1,19,1478,0,0,22,60051.59,147036,171,63,0,0
68802,1,19,1477,0,0,22,60051.59,147036,171,63,0,0
68964,1,19,1441,0,0,22,60052.60,147036,171,63,0,0
69089,1,19,1437,0,0,22,60052.60,147036,171,63,0,0
69252,1,19,1411,0,0,22,60052.60,147036,171,63,0,0
69302,1,18,1411,0,0,22,60052.60,147036,171,63,0,0
69479,1,18,1384,0,0,22,60052.60,147036,171,63,0,0
69589,1,18,1386,24,0,22,60052.60,147036,171,63,0,0
69709,1,18,1384,37,0,22,60052.60,147036,171,63,0,0
69802,1,18,1393,45,0,22,60052.60,147036,171,63,0,0
69902,1,18,1412,53,0,22,60052.60,147036,171,63,0,0
70039,1,18,1416,60,0,22,60052.60,147036,171,63,0,0
70153,1,18,1382,60,0,22,60052.60,147036,171,63,0,0
70264,1,18,1423,61,0,22,60052.60,147036,171,63,0,0
70339,1,18,1423,61,0,22,60052.60,147036,171,63,0,0
70490,1,19,1416,61,0,22,60052.60,147036,171,63,0,0
70603,1,19,1459,61,0,22,60053.64,147036,171,63,0,0
70709,1,19,1471,60,0,22,60053.64,147036,171,63,0,0
70829,1,19,1479,59,0,22,60053.64,147036,171,63,0,0
70939,1,19,1486,57,0,22,60053.64,147036,171,63,0,0
71052,1,20,1526,57,0,22,60053.64,147036,171,63,0,0
71164,1,20,1529,57,0,22,60053.64,147036,171,63,0,0
71264,1,20,1566,57,0,22,60053.64,147036,171,63,0,0
71393,1,20,1538,57,0,22,60054.64,147036,171,63,0,0
71502,1,21,1573,56,0,22,60054.64,147036,171,63,0,0
71608,1,21,1608,56,0,22,60054.64,147036,171,63,0,0
71709,1,21,1613,55,0,22,60054.64,147036,171,63,0,0
71829,1,21,1617,52,0,22,60054.64,147036,171,63,0,0
71953,1,21,1653,48,0,22,60054.64,147036,171,63,0,0
72064,1,22,1682,47,0,22,60055.68,147036,171,63,0,0
72164,1,22,1672,47,0,22,60055.68,147036,171,63,0,0
72289,1,22,1664,47,0,22,60055.68,147036,171,63,0,0
72402,1,22,1727,47,0,22,60055.68,147036,171,63,0,0
72502,1,22,1730,47,0,22,60055.68,147036,162,63,0,0
72603,1,23,1733,47,0,22,60055.68,147036,162,63,0,0
72709,1,23,1742,47,0,22,60055.68,147036,162,63,0,0
72802,1,23,1782,47,0,22,60056.68,147036,162,63,0,0
72961,1,23,1788,47,0,22,60056.68,147036,162,63,0,0
73064,1,24,1823,47,0,22,60056.68,147036,162,63,0,0
73164,1,24,1825,47,0,22,60056.68,147036,162,63,0,0
73289,1,24,1824,46,0,22,60056.68,147036,162,63,0,0
73403,1,24,1850,41,0,22,60057.69,147036,162,63,0,0
73502,1,24,1849,26,0,22,60057.69,147036,162,64,0,0
73602,1,24,1841,10,0,22,60057.69,147036,162,64,0,0
73739,1,24,1835,0,0,22,60057.69,147036,162,64,0,0
73830,1,24,1820,0,0,22,60057.69,147036,162,64,0,0
73964,1,24,1851,9,0,22,60057.69,147036,162,64,0,0
74088,1,24,1827,16,0,22,60057.69,147036,162,64,0,0
74189,1,24,1825,21,0,22,60057.69,147036,162,64,0,0
74303,1,24,1885,23,0,22,60057.69,147036,162,64,0,0
74402,1,24,1866,27,0,22,60057.69,147036,162,64,0,0
74502,1,24,1810,28,0,22,60057.69,147036,162,64,0,0
74644,1,24,1850,28,0,22,60058.74,147036,162,64,0,0
74753,1,24,1833,28,0,22,60058.74,147036,162,64,0,0
74864,1,24,1831,28,0,22,60058.74,147036,162,64,0,0
74965,1,24,1827,28,0,22,60058.74,147036,162,64,0,0
75089,1,24,1824,28,0,22,60058.74,147036,162,64,0,0
75202,1,24,1882,7,0,22,60058.74,147036,162,64,0,0
75302,1,24,1859,0,0,22,60058.74,147036,162,64,0,0
75403,1,24,1831,0,0,22,60059.75,147036,162,64,0,0
75539,1,24,1837,0,0,22,60059.75,147036,162,64,0,0
75652,1,24,1831,0,0,22,60059.75,147036,162,64,0,0
75764,1,24,1824,0,0,22,60059.75,147036,162,64,0,0
75864,1,24,1792,0,0,22,60059.75,147036,162,64,0,0
75989,1,23,1785,0,0,22,60059.75,147036,162,64,0,0
76102,1,23,1794,0,0,22,60059.75,147036,162,64,0,0
76209,1,23,1736,0,0,22,60059.75,147036,162,64,0,0
76303,1,23,1767,0,0,22,60059.75,147036,162,64,0,0
76439,1,23,1754,0,0,22,60059.75,147036,162,64,0,0
76539,1,22,1721,2,0,22,60059.75,147036,162,64,0,0
76653,1,22,1676,16,0,22,60059.75,147036,162,64,0,0
76764,1,22,1697,25,0,22,60059.75,147036,162,64,0,0
76864,1,22,1725,27,0,22,60059.75,147036,162,64,0,0
76990,1,22,1716,27,0,22,60059.75,147036,162,64,0,0
77103,1,22,1723,27,0,22,60059.75,147036,162,64,0,0
77209,1,22,1635,25,0,22,60059.75,147036,162,64,0,0
77330,1,22,1667,21,0,22,60059.75,147036,162,64,0,0
77439,1,22,1679,19,0,22,60060.79,147036,162,64,0,0
77553,1,22,1690,19,0,22,60060.79,147036,162,64,0,0
77665,1,22,1677,18,0,22,60060.79,147036,162,64,0,0
77764,1,22,1667,18,0,22,60060.79,147036,162,64,0,0
77892,1,22,1667,15,0,22,60060.79,147036,162,64,0,0
78003,1,22,1668,14,0,22,60060.79,147036,162,64,0,0
78103,1,22,1695,14,0,22,60060.79,147036,162,64,0,0
78209,1,22,1689,11,0,22,60060.79,147036,162,64,0,0
78329,1,22,1684,11,0,22,60060.79,147036,162,64,0,0
78453,1,22,1678,11,0,22,60060.79,147036,162,64,0,0
78564,1,22,1644,11,0,22,60060.79,147036,162,64,0,0
78665,1,22,1675,11,0,22,60061.81,147036,162,64,0,0
78789,1,22,1676,11,0,22,60061.81,147036,162,65,0,0
78902,1,22,1677,9,0,22,60061.81,147036,162,65,0,0
79003,1,22,1643,4,0,22,60061.81,147036,162,65,0,0
79103,1,22,1662,1,0,22,60061.81,147036,162,65,0,0
79209,1,22,1609,0,0,22,60061.81,147036,162,65,0,0
79303,1,21,1602,0,0,22,60061.81,147036,162,65,0,0
79464,1,21,1625,0,0,22,60061.81,147036,162,65,0,0
79565,1,21,1618,0,0,22,60061.81,147036,162,65,0,0
79688,1,21,1582,0,0,22,60061.81,147036,162,65,0,0
79789,1,21,1582,5,0,22,60061.81,147036,162,65,0,0
79911,1,21,1581,11,0,22,60061.81,147036,162,65,0,0
80003,1,20,1582,15,0,22,60061.81,147036,162,65,0,0
80103,1,20,1589,15,0,22,60061.81,147036,162,65,0,0
80239,1,20,1598,5,0,22,60061.81,147036,162,65,0,0
80329,1,20,1574,5,0,22,60061.81,147036,162,65,0,0
80464,1,20,1545,0,0,22,60061.81,147036,162,65,0,0
80579,1,20,1530,0,0,22,60061.81,147036,162,65,0,0
80689,1,20,1521,0,0,22,60061.81,147036,162,65,0,0
80763,1,20,1517,0,0,22,60062.82,147036,162,65,0,0
80905,1,20,1517,0,0,22,60062.82,147036,162,65,0,0
81003,1,20,1484,0,0,22,60062.82,147036,162,65,0,0
81103,1,19,1483,0,0,22,60062.82,147036,162,65,0,0
81253,1,19,1483,0,0,22,60062.82,147036,162,65,0,0
81329,1,19,1483,0,0,22,60062.82,147036,162,65,0,0
81478,1,19,1448,0,0,22,60062.82,147036,162,65,0,0
81589,1,19,1445,0,0,22,60062.82,147036,162,65,0,0
81703,1,19,1413,0,0,22,60062.82,147036,162,65,0,0
81803,1,18,1380,0,0,22,60062.82,147036,162,65,0,0
81904,1,18,1412,0,0,22,60062.82,147036,162,65,0,0
82038,1,18,1380,0,0,22,60062.82,147036,162,65,0,0
82144,1,18,1379,0,0,22,60062.82,147036,162,65,0,0
82263,1,17,1347,0,0,22,60062.82,147036,162,65,0,0
82329,1,17,1315,0,0,22,60062.82,147036,162,65,0,0
82478,1,17,1281,0,0,22,60062.82,147036,162,65,0,0
82589,1,16,1249,0,0,22,60062.82,147036,162,65,0,0
82709,1,16,1215,1,0,22,60062.82,147036,162,65,0,0
82803,1,16,1276,4,0,22,60062.82,147036,162,65,0,0
82903,1,16,1307,15,0,22,60062.82,147036,162,65,0,0
83039,1,17,1314,33,0,22,60062.82,147036,162,65,0,0
83153,1,17,1361,38,0,22,60062.82,147036,162,65,0,0
83263,1,17,1319,40,0,22,60062.82,147036,162,65,0,0
83370,1,17,1332,56,0,22,60062.82,147036,162,65,0,0
83491,1,17,1288,63,0,22,60062.82,147036,162,66,0,0
83603,1,17,1299,70,0,22,60063.86,147036,162,66,0,0
83709,1,17,1342,72,0,22,60063.86,147036,162,66,0,0
83803,1,17,1349,72,0,22,60063.86,147036,162,66,0,0
83939,1,17,1358,72,0,22,60063.86,147036,162,66,0,0
84053,1,18,1398,72,0,22,60063.86,147036,162,66,0,0
84164,1,18,1401,72,0,22,60063.86,147036,162,66,0,0
84264,1,18,1433,72,0,22,60063.86,147036,162,66,0,0
84370,1,18,1467,72,0,22,60063.86,147036,162,66,0,0
84503,1,19,1501,71,0,22,60064.88,147036,162,66,0,0
84603,1,19,1499,69,0,22,60064.88,147036,162,66,0,0
84709,1,20,1533,67,0,22,60064.88,147036,162,66,0,0
84839,1,20,1505,64,0,22,60064.88,147036,162,66,0,0
84953,1,20,1566,64,0,22,60064.88,147036,162,66,0,0
85065,1,20,1598,64,0,22,60064.88,147036,162,66,0,0
85165,1,21,1594,64,0,22,60064.88,147036,162,66,0,0
85288,1,21,1628,62,0,22,60064.88,147036,162,66,0,0
85403,1,21,1659,58,0,22,60064.88,147036,162,66,0,0
85504,1,21,1656,52,0,22,60065.90,147036,162,66,0,0
85603,1,22,1638,51,0,22,60065.90,147036,162,66,0,0
85738,1,22,1692,49,0,22,60065.90,147036,162,66,0,0
85828,1,22,1679,49,0,22,60065.90,147036,162,66,0,0
85965,1,22,1711,49,0,22,60065.90,147036,162,66,0,0
86088,1,22,1713,48,0,22,60065.90,147036,162,66,0,0
86209,1,22,1718,48,0,22,60065.90,147036,162,66,0,0
86303,1,23,1752,47,0,22,60065.90,147036,162,66,0,0
86438,1,23,1753,46,0,22,60065.90,147036,162,66,0,0
86554,1,23,1752,45,0,22,60065.90,147036,162,66,0,0
86665,1,23,1781,43,0,22,60065.90,147036,162,66,0,0
86767,1,23,1776,40,0,22,60066.93,147036,162,66,0,0
86828,1,23,1776,40,0,22,60066.93,147036,162,66,0,0
87003,1,23,1789,39,0,22,60066.93,147036,162,66,0,0
87103,1,23,1782,39,0,22,60066.93,147036,162,66,0,0
87238,1,23,1815,38,0,22,60066.93,147036,162,66,0,0
87328,1,23,1819,38,0,22,60066.93,147036,162,66,0,0
87464,1,24,1794,38,0,22,60066.93,147036,162,66,0,0
87579,1,24,1795,35,0,22,60066.93,147036,162,66,0,0
87688,1,24,1827,33,0,22,60066.93,147036,162,66,0,0
87803,1,24,1826,31,0,22,60066.93,147036,162,66,0,0
87903,1,24,1852,31,0,22,60066.93,147036,162,66,0,0
88038,1,24,1844,30,0,22,60066.93,147036,162,66,0,0
88153,1,24,1839,29,0,22,60067.93,147036,162,66,0,0
88263,1,24,1840,28,0,22,60067.93,147036,162,66,0,0
88367,1,24,1838,26,0,22,60067.93,147036,162,66,0,0
88490,1,24,1834,20,0,22,60067.93,147036,162,66,0,0
88603,1,24,1830,7,0,22,60067.93,147036,162,66,0,0
88709,1,24,1846,0,0,22,60067.93,147036,162,66,0,0
88839,1,24,1824,0,0,22,60067.93,147036,162,66,0,0
88953,1,24,1812,0,0,22,60067.93,147036,162,66,0,0
89064,1,24,1813,0,0,22,60067.93,147036,162,66,0,0
89165,1,24,1845,0,0,22,60067.93,147036,162,66,0,0
89288,1,24,1813,0,0,22,60067.93,147036,162,66,0,0
89405,1,24,1780,0,0,22,60067.93,147036,162,66,0,0
89503,1,23,1763,0,0,22,60067.93,147036,162,66,0,0
89603,1,23,1780,0,0,22,60067.93,147036,162,66,0,0
89753,1,23,1735,0,0,22,60067.93,147036,162,66,0,0
89838,1,23,1735,0,0,22,60067.93,147036,162,66,0,0
89965,1,22,1690,0,0,22,60067.93,147036,162,66,0,0
90088,1,22,1708,0,0,22,60067.93,147036,162,66,0,0
90209,1,22,1689,0,0,22,60067.93,147036,162,66,0,0
90303,1,22,1646,0,0,22,60067.93,147036,162,66,0,0
90438,1,22,1656,0,0,22,60067.93,147036,162,66,0,0
90538,1,21,1614,0,34,22,60067.93,147036,162,66,0,0
90665,1,20,1564,0,54,22,60067.93,147036,162,66,0,0
90763,1,20,1517,0,112,22,60067.93,147036,162,66,0,0
90890,1,20,1443,0,140,22,60067.93,147036,162,66,0,0
91003,1,18,1416,0,148,22,60067.93,147036,162,66,0,0
91106,1,17,1352,0,158,22,60068.94,147036,162,66,0,0
91238,1,16,1350,0,168,22,60068.94,147036,162,66,0,0
91328,1,15,1317,0,180,22,60068.94,147036,162,66,0,0
91465,1,13,1285,0,182,22,60068.94,147036,162,66,0,0
91578,1,12,1252,0,182,22,60068.94,147036,162,66,0,0
91688,1,10,1252,0,178,22,60068.94,147036,162,66,0,0
91804,1,9,1220,0,178,22,60068.94,147036,162,66,0,0
91903,1,8,1221,0,180,22,60068.94,147036,162,66,0,0
92003,1,7,1189,0,180,22,60068.94,147036,162,66,0,0
92144,1,6,1189,0,174,22,60068.94,147036,162,66,0,0
92263,1,4,1157,0,146,22,60068.94,147036,162,66,0,0
92328,1,4,1157,0,132,22,60068.94,147036,162,66,0,0
92488,1,3,1157,0,116,22,60068.94,147036,162,66,0,0
92588,1,0,1124,0,108,22,60068.94,147036,162,66,0,0
92709,1,0,1060,0,98,22,60068.94,147036,162,66,0,0
92828,1,0,996,0,90,22,60068.94,147036,162,66,0,0
92938,1,0,960,0,90,22,60068.94,147036,162,66,0,0
93053,1,0,890,0,64,22,60068.94,147036,162,66,0,0
93165,1,0,891,0,44,22,60068.94,147036,162,66,0,0
93288,1,0,859,0,42,22,60068.94,147036,162,66,0,0
93391,1,0,860,0,42,22,60068.94,147036,162,66,0,0
93503,1,0,860,0,42,22,60068.94,147036,162,66,0,0
93603,1,0,860,0,42,22,60068.94,147036,162,66,0,0
93738,1,0,861,0,42,22,60068.94,147036,162,66,0,0
93803,1,0,861,0,42,22,60068.94,147036,162,66,0,0
93968,1,0,860,0,42,22,60068.94,147036,162,66,0,0
94078,1,0,826,0,42,22,60068.94,147036,162,66,0,0
94188,1,0,859,0,42,22,60068.94,147036,162,66,0,0
94303,1,0,859,0,42,22,60068.94,147036,162,66,0,0
94406,1,0,859,0,44,22,60069.95,147036,162,66,0,0
94538,1,0,858,0,44,22,60069.95,147036,162,66,0,0
94644,1,0,858,0,44,22,60069.95,147036,162,66,0,0
94767,1,0,858,0,44,22,60069.95,147036,162,66,0,0
94838,1,0,858,0,44,22,60069.95,147036,162,66,0,0
94988,1,0,858,0,44,22,60069.95,147036,162,66,0,0
95103,1,0,857,0,42,22,60069.95,147036,162,66,0,0
95209,1,0,858,0,44,22,60069.95,147036,162,66,0,0
95328,1,0,858,0,38,22,60069.95,147036,162,66,0,0
95453,1,0,858,0,14,22,60069.95,147036,162,66,0,0
95565,1,0,857,0,14,22,60069.95,147036,162,66,0,0
95665,1,0,857,0,0,22,60069.95,147036,162,66,0,0
95767,1,0,857,0,0,22,60069.95,147036,162,66,0,0
95903,1,0,857,0,0,22,60069.95,147036,162,66,0,0
96006,1,0,857,0,0,22,60069.95,147036,162,66,0,0
96106,1,0,890,0,0,22,60069.95,147036,162,66,0,0
96238,1,0,931,0,0,22,60069.95,147036,162,66,0,0
96338,1,0,1126,0,0,22,60069.95,147036,162,66,0,0
96478,1,0,1286,2,0,22,60069.95,147036,162,66,0,0
96588,1,0,1306,3,0,22,60069.95,147036,162,66,0,0
96706,1,0,1276,3,0,22,60069.95,147036,162,66,0,0
96806,1,0,1337,3,0,22,60069.95,147036,162,66,0,0
96906,1,0,1439,3,0,22,60070.96,147036,162,66,0,0
97038,1,0,1485,3,0,22,60070.96,147036,162,66,0,0
97165,1,0,1462,3,0,22,60070.96,147036,162,66,0,0
97267,1,3,1375,3,0,22,60070.96,147036,162,66,0,0
97391,1,3,1355,3,0,22,60070.96,147036,162,66,0,0
97506,1,4,1323,3,0,22,60070.96,147036,162,66,0,0
97606,1,5,1371,3,0,22,60070.96,147036,162,66,0,0
97712,1,5,1313,3,0,22,60071.96,147036,162,66,0,0
97828,1,6,1343,3,0,22,60071.96,147036,162,66,0,0
97964,1,7,1306,0,0,22,60071.96,147036,162,66,0,0
98078,1,8,1240,0,0,22,60071.96,147036,162,67,0,0
98188,1,8,1183,0,0,22,60071.96,147036,162,67,0,0
98288,1,8,1175,0,0,22,60071.96,147036,162,67,0,0
98406,1,9,1241,0,0,22,60071.96,147036,162,67,0,0
98506,1,9,1231,0,0,22,60071.96,147036,162,67,0,0
98643,1,9,1172,0,0,22,60072.96,147036,162,67,0,0
98756,1,8,1189,0,0,22,60072.96,147036,162,67,0,0
98874,1,8,1235,3,0,22,60072.96,147036,162,67,0,0
98988,1,8,1233,10,0,22,60072.96,147036,162,67,0,0
99088,1,8,1225,13,0,22,60072.96,147036,162,67,0,0
99211,1,8,1227,16,0,22,60072.96,147036,162,67,0,0
99328,1,8,1206,18,0,22,60072.96,147036,162,67,0,0
99438,1,8,1180,20,0,22,60072.96,147036,162,67,0,0
99556,1,8,1247,22,0,22,60072.96,147036,162,67,0,0
99664,1,9,1252,23,0,22,60072.96,147036,162,67,0,0
99767,1,9,1250,24,0,22,60072.96,147036,162,67,0,0
99899,1,9,1274,27,0,22,60072.96,147036,162,67,0,0
100006,1,9,1338,30,0,22,60072.96,147036,162,67,0,0
100106,1,9,1341,30,0,22,60072.96,147036,162,67,0,0
100238,1,9,1347,31,0,22,60072.96,147036,162,67,0,0
100338,1,9,1383,31,0,22,60073.96,147036,162,67,0,0
100467,1,10,1423,31,0,22,60073.96,147036,162,67,0,0
100578,1,10,1458,31,0,22,60073.96,147036,162,67,0,0
100688,1,10,1460,31,0,22,60073.96,147036,162,67,0,0
100806,1,10,1527,31,0,22,60073.96,147036,162,67,0,0
100906,1,10,1528,31,0,22,60073.96,147036,162,67,0,0
101038,1,11,1557,31,0,22,60073.96,147036,162,67,0,0
101156,1,11,1588,31,0,22,60073.96,147036,162,67,0,0
101267,1,11,1620,31,0,22,60073.96,147036,162,67,0,0
101364,1,11,1620,31,0,22,60073.96,147036,162,67,0,0
101488,1,11,1651,31,0,22,60073.96,147036,162,67,0,0
101606,1,12,1684,30,0,22,60073.96,147036,162,67,0,0
101711,1,11,1685,30,0,22,60073.96,147036,162,67,0,0
101828,1,12,1716,30,0,22,60074.98,147036,162,67,0,0
101938,1,12,1714,30,0,22,60074.98,147036,162,67,0,0
102064,1,12,1680,27,0,22,60074.98,147036,162,67,0,0
102164,1,12,1678,26,0,22,60074.98,147036,162,67,0,0
102288,1,12,1674,26,0,22,60074.98,147036,162,67,0,0
102406,1,12,1735,26,0,22,60074.98,147036,162,67,0,0
102506,1,12,1702,26,0,22,60074.98,147036,153,67,0,0
102606,1,12,1668,26,0,22,60074.98,147036,153,67,0,0
102738,1,12,1635,26,0,22,60074.98,147036,153,67,0,0
102806,1,12,1728,26,0,22,60074.98,147036,153,67,0,0
102967,1,13,1832,27,0,22,60074.98,147036,153,67,0,0
103087,1,13,1864,28,0,22,60074.98,147036,153,67,0,0
103206,1,13,1801,28,0,22,60074.98,147036,153,67,0,0
103306,1,13,1870,28,0,22,60075.98,147036,153,67,0,0
103409,1,13,1908,30,0,22,60075.98,147036,153,67,0,0
103538,1,14,2007,45,0,22,60075.98,147036,153,67,0,0
103664,1,13,1936,48,0,22,60075.98,147036,153,67,0,0
103768,1,14,1978,49,0,22,60075.98,147036,153,67,0,0
103891,1,14,1992,49,0,22,60075.98,147036,153,67,0,0
104005,1,14,2050,49,0,22,60075.98,147036,153,67,0,0
104106,1,15,2106,49,0,22,60075.98,147036,153,67,0,0
104211,1,15,2136,49,0,22,60075.98,147036,153,67,0,0
104338,1,15,2166,28,0,22,60075.98,147036,153,67,0,0
104456,1,15,2194,0,0,22,60076.99,147036,153,67,0,0
104578,1,15,2081,0,0,22,60076.99,147036,153,67,0,0
104688,1,15,1968,0,0,22,60076.99,147036,153,67,0,0
104805,1,15,1734,0,0,22,60076.99,147036,153,67,0,0
104906,1,15,1756,0,0,22,60076.99,147036,153,67,0,0
105006,1,15,1670,0,0,22,60076.99,147036,153,67,0,0
105144,1,15,1630,33,0,22,60076.99,147036,153,67,0,0
105256,1,15,1373,50,0,22,60076.99,147036,153,67,0,0
105338,1,16,1245,62,0,22,60076.99,147036,153,67,0,0
105477,1,16,1248,66,0,22,60076.99,147036,153,67,0,0
105588,1,16,1274,67,0,22,60076.99,147036,153,67,0,0
105711,1,17,1294,67,0,22,60076.99,147036,153,67,0,0
105806,1,17,1286,67,0,22,60076.99,147036,153,67,0,0
105937,1,17,1316,67,0,22,60076.99,147036,153,67,0,0
106055,1,17,1346,67,0,22,60078.03,147036,153,67,0,0
106164,1,18,1353,67,0,22,60078.03,147036,153,67,0,0
106267,1,18,1390,67,0,22,60078.03,147036,153,67,0,0
106391,1,18,1425,61,0,22,60078.03,147036,153,67,0,0
106505,1,19,1429,50,0,22,60078.03,147036,153,67,0,0
106606,1,19,1419,29,0,22,60078.03,147036,153,67,0,0
106741,1,19,1409,0,0,22,60078.03,147036,153,67,0,0
106828,1,19,1451,0,0,22,60078.03,147036,153,67,0,0
106967,1,19,1413,0,0,22,60078.03,147036,153,67,0,0
107078,1,19,1406,0,0,22,60078.03,147036,153,67,0,0
107188,1,18,1377,0,0,22,60078.03,147036,153,67,0,0
107305,1,18,1411,0,0,22,60078.03,147036,153,67,0,0
107407,1,18,1411,0,0,22,60078.03,147036,153,67,0,0
107538,1,18,1378,0,0,22,60078.03,147036,153,67,0,0
107656,1,18,1345,0,0,22,60078.03,147036,153,67,0,0
107766,1,18,1344,0,0,22,60079.04,147036,153,68,0,0
107868,1,18,1375,0,0,22,60079.04,147036,153,68,0,0
107997,1,17,1343,0,0,22,60079.04,147036,153,68,0,0
108106,1,17,1341,0,0,22,60079.04,147036,153,68,0,0
108211,1,17,1341,0,0,22,60079.04,147036,153,68,0,0
108305,1,17,1308,0,0,22,60079.04,147036,153,68,0,0
108455,1,17,1307,0,0,22,60079.04,147036,153,68,0,0
108565,1,16,1273,0,0,22,60079.04,147036,153,68,0,0
108664,1,16,1272,0,0,22,60079.04,147036,153,68,0,0
108788,1,16,1238,0,0,22,60079.04,147036,153,68,0,0
108905,1,16,1237,0,0,22,60079.04,147036,153,68,0,0
109006,1,16,1236,0,0,22,60079.04,147036,153,68,0,0
109106,1,16,1204,0,0,22,60079.04,147036,153,68,0,0
109238,1,15,1203,0,0,22,60079.04,147036,153,68,0,0
109328,1,15,1203,0,0,22,60079.04,147036,153,68,0,0
109477,1,15,1169,0,0,22,60079.04,147036,153,68,0,0
109588,1,15,1168,2,0,22,60079.04,147036,153,68,0,0
109711,1,15,1168,4,0,22,60079.04,147036,153,68,0,0
109805,1,15,1138,4,0,22,60079.04,147036,153,68,0,0
110088,1,15,1146,0,0,22,60079.04,147036,153,68,0,0
110205,1,14,1110,0,0,22,60079.04,147036,153,68,0,0
110305,1,14,1107,0,0,22,60079.04,147036,153,68,0,0
110405,1,14,1134,0,0,22,60079.04,147036,153,68,0,0
110538,1,14,1102,0,0,22,60079.04,147036,153,68,0,0
110656,1,14,1069,0,0,22,60079.04,147036,153,68,0,0
110766,1,14,1069,0,0,22,60079.04,147036,153,68,0,0
110866,1,14,1070,0,0,22,60079.04,147036,153,68,0,0
110988,1,14,1071,0,0,22,60079.04,147036,153,68,0,0
111106,1,14,1041,0,0,22,60079.04,147036,153,68,0,0
111225,1,14,1042,0,0,22,60079.04,147036,153,68,0,0
111337,1,13,1043,0,0,22,60079.04,147036,153,68,0,0
111455,1,13,1046,0,0,22,60079.04,147036,153,68,0,0
111564,1,13,1046,0,0,22,60079.04,147036,153,68,0,0
111688,1,13,1050,0,0,22,60080.05,147036,153,68,0,0
111788,1,13,1054,0,0,22,60080.05,147036,153,68,0,0
111905,1,13,1023,0,0,22,60080.05,147036,153,68,0,0
112005,1,13,1022,0,0,22,60080.05,147036,153,68,0,0
112106,1,13,1023,0,0,22,60080.05,147036,153,68,0,0
112255,1,13,995,13,0,22,60080.05,147036,153,68,0,0
112338,1,13,995,30,0,22,60080.05,147036,153,68,0,0
112477,1,13,1027,46,0,22,60080.05,147036,153,68,0,0
112588,1,13,1004,59,0,22,60080.05,147036,153,68,0,0
112711,1,13,1052,66,0,22,60080.05,147036,153,68,0,0
112828,1,13,1030,69,0,22,60080.05,147036,153,68,0,0
112938,1,13,1045,69,0,22,60080.05,147036,153,68,0,0
113038,1,13,1027,69,0,22,60080.05,147036,153,68,0,0
113164,1,14,1087,69,0,22,60080.05,147036,153,68,0,0
113267,1,14,1117,69,0,22,60080.05,147036,153,68,0,0
113391,1,14,1146,69,0,22,60080.05,147036,153,68,0,0
113505,1,15,1147,69,0,22,60081.08,147036,153,68,0,0
113605,1,15,1174,69,0,22,60081.08,147036,153,68,0,0
113738,1,15,1172,69,0,22,60081.08,147036,153,68,0,0
113805,1,15,1206,69,0,22,60081.08,147036,153,68,0,0
113967,1,16,1240,69,0,22,60081.08,147036,153,68,0,0
114077,1,16,1272,69,0,22,60081.08,147036,153,68,0,0
114188,1,16,1274,69,0,22,60081.08,147036,153,68,0,0
114305,1,17,1308,69,0,22,60081.08,147036,153,68,0,0
114405,1,17,1312,69,0,22,60081.08,147036,153,68,0,0
114537,1,17,1313,68,0,22,60081.08,147036,153,68,0,0
114643,1,17,1349,64,0,22,60082.08,147036,153,68,0,0
114766,1,18,1393,62,0,22,60082.08,147036,153,68,0,0
114828,1,18,1393,62,0,22,60082.08,147036,153,68,0,0
114987,1,19,1412,62,0,22,60082.08,147036,153,68,0,0
115105,1,19,1469,62,0,22,60082.08,147036,153,68,0,0
115211,1,19,1469,60,0,22,60082.08,147036,153,68,0,0
115338,1,19,1501,54,0,22,60082.08,147036,153,68,0,0
115437,1,19,1494,53,0,22,60082.08,147036,153,69,0,0
115564,1,20,1512,52,0,22,60082.08,147036,153,69,0,0
115664,1,20,1548,50,0,22,60083.10,147036,153,69,0,0
115788,1,20,1548,48,0,22,60083.10,147036,153,69,0,0
115905,1,20,1548,44,0,22,60083.10,147036,153,69,0,0
116005,1,20,1545,42,0,22,60083.10,147036,153,69,0,0
116105,1,20,1568,41,0,22,60083.10,147036,153,69,0,0
116237,1,21,1592,39,0,22,60083.10,147036,153,69,0,0
116327,1,21,1592,39,0,22,60083.10,147036,153,69,0,0
116477,1,21,1589,35,0,22,60083.10,147036,153,69,0,0
116587,1,21,1615,23,0,22,60083.10,147036,153,69,0,0
116705,1,21,1576,8,0,22,60083.10,147036,153,69,0,0
116805,1,21,1578,4,0,22,60083.10,147036,153,69,0,0
116913,1,21,1581,1,0,22,60083.10,147036,153,69,0,0
117037,1,21,1540,1,0,22,60083.10,147036,153,69,0,0
117164,1,21,1541,1,0,22,60083.10,147036,153,69,0,0
117266,1,20,1572,5,0,22,60083.10,147036,153,69,0,0
117390,1,20,1572,13,0,22,60084.11,147036,153,69,0,0
117505,1,20,1540,23,0,22,60084.11,147036,153,69,0,0
117605,1,20,1589,30,0,22,60084.11,147036,153,69,0,0
117711,1,20,1613,33,0,22,60084.11,147036,153,69,0,0
117810,1,20,1539,34,0,22,60084.11,147036,153,69,0,0
117964,1,20,1546,34,0,22,60084.11,147036,153,69,0,0
118077,1,20,1547,34,0,22,60084.11,147036,153,69,0,0
118188,1,20,1546,19,0,22,60084.11,147036,153,69,0,0
118305,1,20,1543,0,0,22,60084.11,147036,153,69,0,0
118405,1,20,1542,0,0,22,60084.11,147036,153,69,0,0
118505,1,20,1517,0,0,22,60084.11,147036,153,69,0,0
118643,1,20,1509,0,0,22,60084.11,147036,153,69,0,0
118755,1,20,1539,0,0,22,60084.11,147036,153,69,0,0
118837,1,20,1507,0,0,22,60084.11,147036,153,69,0,0
118987,1,20,1535,0,0,22,60084.11,147036,153,69,0,0
119105,1,20,1473,0,0,22,60084.11,147036,153,69,0,0
119211,1,19,1472,0,0,22,60084.11,147036,153,69,0,0
119327,1,19,1473,0,0,22,60084.11,147036,153,69,0,0
119437,1,19,1441,0,0,22,60084.11,147036,153,69,0,0
119564,1,19,1440,0,0,22,60084.11,147036,153,69,0,0
119664,1,19,1440,0,0,22,60085.11,147036,153,69,0,0
119787,1,18,1439,0,0,22,60085.11,147036,153,69,0,0
119890,1,18,1439,0,0,22,60085.11,147036,153,69,0,0
120005,1,18,1406,0,0,22,60085.11,147036,153,69,0,0
120105,1,18,1406,0,0,22,60085.11,147036,153,69,0,0
120237,1,18,1405,0,0,22,60085.11,147036,153,69,0,0
120327,1,18,1373,0,0,22,60085.11,147036,153,69,0,0
120467,1,17,1372,0,0,22,60085.11,147036,153,69,0,0
120587,1,17,1340,0,0,22,60085.11,147036,153,69,0,0
120687,1,17,1340,0,0,22,60085.11,147036,153,69,0,0
120805,1,17,1305,0,0,22,60085.11,147036,153,69,0,0
120905,1,17,1305,0,0,22,60085.11,147036,153,69,0,0
121038,1,17,1305,0,0,22,60085.11,147036,153,69,0,0
121155,1,17,1272,0,0,22,60085.11,147036,153,69,0,0
121266,1,16,1272,0,0,22,60085.11,147036,153,69,0,0
121372,1,16,1272,0,0,22,60085.11,147036,153,69,0,0
121487,1,16,1271,0,0,22,60085.11,147036,153,69,0,0
121608,1,16,1239,0,0,22,60085.11,147036,153,69,0,0
121711,1,16,1239,0,0,22,60085.11,147036,153,69,0,0
121838,1,16,1205,0,0,22,60085.11,147036,153,69,0,0
121955,1,16,1205,0,0,22,60085.11,147036,153,69,0,0
122064,1,15,1205,0,0,22,60085.11,147036,153,69,0,0
122187,1,15,1173,0,0,22,60085.11,147036,153,69,0,0
122287,1,15,1173,0,0,22,60085.11,147036,153,69,0,0
122405,1,15,1173,0,0,22,60085.11,147036,153,69,0,0
122505,1,15,1173,0,0,22,60085.11,147036,153,69,0,0
122607,1,15,1140,2,0,22,60085.11,147036,153,69,0,0
122754,1,15,1142,5,0,22,60085.11,147036,153,69,0,0
122837,1,15,1174,6,0,22,60085.11,147036,153,69,0,0
122987,1,15,1150,8,0,22,60085.11,147036,153,69,0,0
123087,1,15,1153,14,0,22,60085.11,147036,153,69,0,0
123210,1,14,1091,19,0,22,60085.11,147036,153,69,0,0
123327,1,14,1128,21,0,22,60086.12,147036,153,69,0,0
123437,1,14,1138,22,0,22,60086.12,147036,153,69,0,0
123555,1,14,1122,23,0,22,60086.12,147036,153,69,0,0
123643,1,14,1122,23,0,22,60086.12,147036,153,69,0,0
123766,1,15,1126,23,0,22,60086.12,147036,153,69,0,0
123855,1,15,1127,23,0,22,60086.12,147036,153,69,0,0
124005,1,15,1127,23,0,22,60086.12,147036,153,69,0,0
124106,1,15,1127,23,0,22,60086.12,147036,153,69,0,0
124237,1,15,1128,23,0,22,60086.12,147036,153,69,0,0
124305,1,15,1128,23,0,22,60086.12,147036,153,69,0,0
124466,1,15,1159,23,0,22,60086.12,147036,153,69,0,0
124587,1,15,1160,23,0,22,60086.12,147036,153,69,0,0
124687,1,15,1161,23,0,22,60086.12,147036,153,69,0,0
124805,1,15,1163,23,0,22,60086.12,147036,153,69,0,0
124908,1,15,1166,23,0,22,60086.12,147036,153,69,0,0
125037,1,15,1167,23,0,22,60086.12,147036,153,69,0,0
125155,1,15,1201,23,0,22,60086.12,147036,153,69,0,0
125266,1,16,1202,26,0,22,60086.12,147036,153,69,0,0
125370,1,16,1234,27,0,22,60087.13,147036,153,69,0,0
125487,1,15,1174,27,0,22,60087.13,147036,153,69,0,0
125605,1,15,1173,27,0,22,60087.13,147036,153,69,0,0
125710,1,15,1174,27,0,22,60087.13,147036,153,69,0,0
125838,1,15,1176,29,0,22,60087.13,147036,153,69,0,0
125955,1,15,1146,30,0,22,60087.13,147036,153,69,0,0
126063,1,15,1151,31,0,22,60087.13,147036,153,69,0,0
126163,1,16,1241,40,0,22,60087.13,147036,153,69,0,0
126304,1,16,1277,49,0,22,60087.13,147036,153,69,0,0
126405,1,16,1220,49,0,22,60087.13,147036,153,69,0,0
126505,1,16,1264,49,0,22,60087.13,147036,153,69,0,0
126643,1,17,1309,58,0,22,60087.13,147036,153,69,0,0
126755,1,17,1281,64,0,22,60087.13,147036,153,69,0,0
126805,1,17,1281,64,0,22,60087.13,147036,153,69,0,0
126987,1,17,1284,66,0,22,60088.15,147036,153,69,0,0
127087,1,17,1321,66,0,22,60088.15,147036,153,69,0,0
127211,1,18,1354,66,0,22,60088.15,147036,153,69,0,0
127327,1,18,1352,66,0,22,60088.15,147036,153,69,0,0
127437,1,18,1384,66,0,22,60088.15,147036,153,69,0,0
127556,1,18,1417,66,0,22,60088.15,147036,153,69,0,0
127664,1,19,1418,66,0,22,60088.15,147036,153,69,0,0
127787,1,19,1450,65,0,22,60088.15,147036,153,69,0,0
127905,1,19,1481,65,0,22,60088.15,147036,153,69,0,0
128005,1,19,1513,61,0,22,60089.18,147036,153,69,0,0
128105,1,20,1511,53,0,22,60089.18,147036,153,69,0,0
128237,1,20,1504,49,0,22,60089.18,147036,153,69,0,0
128305,1,20,1544,49,0,22,60089.18,147036,153,69,0,0
128477,1,20,1564,49,0,22,60089.18,147036,153,69,0,0
128587,1,20,1569,49,0,22,60089.18,147036,153,69,0,0
128705,1,21,1576,49,0,22,60089.18,147036,153,69,0,0
128805,1,21,1579,49,0,22,60089.18,147036,153,69,0,0
128906,1,21,1613,50,0,22,60089.18,147036,153,69,0,0
129037,1,21,1616,50,0,22,60089.18,147036,153,69,0,0
129163,1,21,1656,50,0,22,60089.18,147036,153,69,0,0
129266,1,21,1658,50,0,22,60090.20,147036,153,69,0,0
129305,1,21,1658,50,0,22,60090.20,147036,153,69,0,0
129505,1,22,1690,50,0,22,60090.20,147036,153,69,0,0
129605,1,22,1686,50,0,22,60090.20,147036,153,69,0,0
129711,1,22,1686,50,0,22,60090.20,147036,153,69,0,0
129837,1,22,1718,48,0,22,60090.20,147036,153,69,0,0
129964,1,22,1717,45,0,22,60090.20,147036,153,69,0,0
130077,1,22,1715,45,0,22,60090.20,147036,153,69,0,0
130188,1,23,1740,45,0,22,60090.20,147036,153,69,0,0
130305,1,23,1732,41,0,22,60090.20,147036,153,69,0,0
130405,1,23,1731,18,0,22,60091.21,147036,153,69,0,0
130505,1,23,1717,0,0,22,60091.21,147036,153,69,0,0
130643,1,23,1733,0,0,22,60091.21,147036,153,69,0,0
130755,1,23,1707,0,0,22,60091.21,147036,153,69,0,0
130837,1,23,1707,2,0,22,60091.21,147036,153,69,0,0
130987,1,22,1707,30,0,22,60091.21,147036,153,69,0,0
131105,1,23,1741,39,0,22,60091.21,147036,153,69,0,0
131211,1,22,1792,41,0,22,60091.21,147036,153,69,0,0
131328,1,23,1710,42,0,22,60091.21,147036,153,69,0,0
131437,1,23,1748,42,0,22,60091.21,147036,153,69,0,0
131565,1,23,1753,42,0,22,60091.21,147036,153,69,0,0
131674,1,23,1732,42,0,22,60091.21,147036,153,69,0,0
131787,1,23,1756,42,0,22,60091.21,147036,153,69,0,0
131905,1,23,1757,42,0,22,60091.21,147036,153,69,0,0
132005,1,23,1789,42,0,22,60091.21,147036,153,69,0,0
132105,1,23,1762,42,0,22,60092.22,147036,153,69,0,0
132237,1,23,1764,42,0,22,60092.22,147036,153,69,0,0
132337,1,23,1800,42,0,22,60092.22,147036,153,69,0,0
132476,1,23,1804,42,0,22,60092.22,147037,146,69,0,0
132596,1,24,1805,42,0,22,60092.22,147037,146,69,0,0
132710,1,24,1809,42,0,22,60092.22,147037,146,69,0,0
132805,1,24,1844,42,0,22,60092.22,147037,146,69,0,0
132937,1,24,1846,42,0,22,60092.22,147037,146,69,0,0
133037,1,24,1849,31,0,22,60092.22,147037,146,69,0,0
133164,1,24,1850,20,0,22,60092.22,147037,146,69,0,0
133267,1,24,1855,16,0,22,60093.25,147037,146,69,0,0
133390,1,24,1852,9,0,22,60093.25,147037,146,69,0,0
133505,1,24,1843,0,0,22,60093.25,147037,146,69,0,0
133605,1,24,1830,0,0,22,60093.25,147037,146,69,0,0
133737,1,24,1820,0,0,22,60093.25,147037,146,69,0,0
133837,1,24,1819,0,0,22,60093.25,147037,146,69,0,0
133966,1,24,1820,0,0,22,60093.25,147037,146,69,0,0
134077,1,24,1821,0,0,22,60093.25,147037,146,69,0,0
134187,1,23,1821,0,0,22,60093.25,147037,146,69,0,0
134305,1,23,1768,0,0,22,60093.25,147037,146,69,0,0
134405,1,23,1780,0,0,22,60093.25,147037,146,69,0,0
134537,1,23,1748,0,0,22,60093.25,147037,146,69,0,0
134655,1,23,1735,0,0,22,60093.25,147037,146,69,0,0
134766,1,22,1722,0,0,22,60093.25,147037,146,69,0,0
134837,1,22,1722,0,0,22,60093.25,147037,146,69,0,0
134987,1,22,1694,0,0,22,60093.25,147037,146,69,0,0
135106,1,22,1676,0,0,22,60093.25,147037,146,69,0,0
135211,1,22,1657,0,0,22,60093.25,147037,146,69,0,0
135337,1,21,1646,0,0,22,60093.25,147037,146,69,0,0
135455,1,21,1628,0,0,22,60093.25,147037,146,69,0,0
135565,1,21,1611,0,0,22,60093.25,147037,146,69,0,0
135663,1,21,1581,0,0,22,60093.25,147037,146,69,0,0
135787,1,20,1595,0,0,22,60093.25,147037,146,69,0,0
135905,1,20,1547,0,0,22,60093.25,147037,146,69,0,0
136005,1,20,1504,0,0,22,60093.25,147037,146,69,0,0
136105,1,20,1504,0,0,22,60093.25,147037,146,69,0,0
136237,1,20,1504,0,0,22,60093.25,147037,146,69,0,0
136364,1,19,1472,0,0,22,60093.25,147037,146,69,0,0
136478,1,19,1440,0,0,22,60093.25,147037,146,69,0,0
136587,1,19,1440,0,0,22,60093.25,147037,146,69,0,0
136710,1,19,1408,0,0,22,60093.25,147037,146,69,0,0
136827,1,18,1408,0,0,22,60093.25,147037,146,69,0,0
136937,1,18,1376,0,0,22,60093.25,147037,146,69,0,0
137055,1,18,1344,0,0,22,60093.25,147037,146,69,0,0
137164,1,18,1344,0,0,22,60093.25,147037,146,69,0,0
137266,1,17,1312,1,0,22,60093.25,147037,146,69,0,0
137390,1,17,1312,5,0,22,60093.25,147037,146,69,0,0
137505,1,17,1333,9,0,22,60093.25,147037,146,69,0,0
137605,1,17,1322,11,0,22,60093.25,147037,146,69,0,0
137737,1,17,1321,13,0,22,60093.25,147037,146,70,0,0
137837,1,17,1322,14,0,22,60093.25,147037,146,70,0,0
137967,1,17,1292,14,0,22,60093.25,147037,146,70,0,0
138077,1,17,1288,14,0,22,60093.25,147037,146,70,0,0
138187,1,17,1323,14,0,22,60093.25,147037,146,70,0,0
138305,1,17,1260,14,0,22,60094.26,147037,146,70,0,0
138407,1,16,1261,14,0,22,60094.26,147037,146,70,0,0
138537,1,16,1294,21,0,22,60094.26,147037,146,70,0,0
138655,1,17,1268,19,0,22,60094.26,147037,146,70,0,0
138766,1,16,1239,19,0,22,60094.26,147037,146,70,0,0
138874,1,16,1241,19,0,22,60094.26,147037,146,70,0,0
138987,1,16,1242,19,0,22,60094.26,147037,146,70,0,0
139105,1,16,1210,20,0,22,60094.26,147037,146,70,0,0
139211,1,15,1178,21,0,22,60094.26,147037,146,70,0,0
139337,1,16,1241,50,0,22,60094.26,147037,146,70,0,0
139458,1,16,1321,70,0,22,60094.26,147037,146,70,0,0
139567,1,17,1421,71,0,22,60094.26,147037,146,70,0,0
139664,1,17,1289,71,0,22,60094.26,147037,146,70,0,0
139787,1,18,1371,71,0,22,60094.26,147037,146,70,0,0
139905,1,18,1369,71,0,22,60094.26,147037,146,70,0,0
140006,1,17,1335,71,0,22,60094.26,147037,146,70,0,0
140142,1,18,1393,71,0,22,60095.31,147037,146,70,0,0
140255,1,18,1418,69,0,22,60095.31,147037,146,70,0,0
140337,1,18,1418,64,0,22,60095.31,147037,146,70,0,0
140487,1,19,1449,60,0,22,60095.31,147037,146,70,0,0
140587,1,19,1462,53,0,22,60095.31,147037,146,70,0,0
140711,1,19,1487,49,0,22,60095.31,147037,146,70,0,0
140827,1,20,1504,49,0,22,60095.31,147037,146,70,0,0
140937,1,20,1524,49,0,22,60095.31,147037,146,70,0,0
141055,1,20,1561,49,0,22,60095.31,147037,146,70,0,0
141164,1,20,1565,49,0,22,60095.31,147037,146,70,0,0
141287,1,20,1539,49,0,22,60095.31,147037,146,70,0,0
141390,1,21,1574,49,0,22,60096.34,147037,146,70,0,0
141508,1,21,1576,49,0,22,60096.34,147037,146,70,0,0
141605,1,21,1611,49,0,22,60096.34,147037,146,70,0,0
141737,1,21,1613,49,0,22,60096.34,147037,146,70,0,0
141806,1,21,1615,49,0,22,60096.34,147037,146,70,0,0
141968,1,21,1644,47,0,22,60096.34,147037,146,70,0,0
142087,1,22,1676,46,0,22,60096.34,147037,146,70,0,0
142187,1,22,1673,46,0,22,60096.34,147037,146,70,0,0
142305,1,22,1670,44,0,22,60096.34,147037,146,70,0,0
142410,1,22,1665,37,0,22,60096.34,147037,146,70,0,0
142537,1,22,1724,37,0,22,60096.34,147037,146,70,0,0
142655,1,22,1702,37,0,22,60097.36,147037,146,70,0,0
142767,1,22,1704,37,0,22,60097.36,147037,146,70,0,0
142872,1,22,1736,37,0,22,60097.36,147037,146,70,0,0
143005,1,23,1740,37,0,22,60097.36,147037,146,70,0,0
143105,1,23,1742,37,0,22,60097.36,147037,146,70,0,0
143211,1,23,1746,37,0,22,60097.36,147037,146,70,0,0
143339,1,23,1779,41,0,22,60097.36,147037,146,70,0,0
143459,1,23,1780,43,0,22,60097.36,147037,146,70,0,0
143577,1,23,1781,44,0,22,60097.36,147037,146,70,0,0
143687,1,23,1793,44,0,22,60097.36,147037,146,70,0,0
143806,1,24,1798,44,0,22,60097.36,147037,146,70,0,0
143905,1,24,1833,44,0,22,60097.36,147037,146,70,0,0
144005,1,24,1836,44,0,22,60097.36,147037,146,70,0,0
144142,1,24,1839,35,0,22,60098.39,147037,146,70,0,0
144256,1,24,1842,21,0,22,60098.39,147037,146,70,0,0
144338,1,24,1842,20,0,22,60098.39,147037,146,70,0,0
144488,1,24,1838,22,0,22,60098.39,147037,146,70,0,0
144605,1,24,1866,31,0,22,60098.39,147037,146,70,0,0
144711,1,24,1877,36,0,22,60098.39,147037,146,70,0,0
144827,1,24,1873,37,0,22,60098.39,147037,146,70,0,0
144937,1,24,1865,46,0,22,60098.39,147037,146,70,0,0
145064,1,25,1897,48,0,22,60098.39,147037,146,70,0,0
145165,1,25,1913,49,0,22,60098.39,147037,146,70,0,0
145287,1,25,1902,49,0,22,60098.39,147037,146,70,0,0
145390,1,25,1942,50,0,22,60098.39,147037,146,70,0,0
145508,1,25,1943,50,0,22,60099.42,147037,146,70,0,0
145605,1,26,1970,47,0,22,60099.42,147037,146,70,0,0
145737,1,26,1970,47,0,22,60099.42,147037,146,70,0,0
145805,1,26,1968,47,0,22,60099.42,147037,146,70,0,0
145967,1,26,1985,47,0,22,60099.42,147037,146,70,0,0
146087,1,26,1986,47,0,22,60099.42,147037,146,70,0,0
146205,1,26,1991,47,0,22,60099.42,147037,146,70,0,0
146305,1,26,2026,47,0,22,60099.42,147037,146,70,0,0
146409,1,26,2029,47,0,22,60099.42,147037,146,70,0,0
146537,1,27,2033,47,0,22,60100.47,147037,146,70,0,0
146659,1,27,2071,47,0,22,60100.47,147037,146,70,0,0
146767,1,27,2073,47,0,22,60100.47,147037,146,70,0,0
146889,1,27,2074,47,0,22,60100.47,147037,146,70,0,0
146987,1,27,2073,47,0,22,60100.47,147037,146,70,0,0
147109,1,27,2099,47,0,22,60100.47,147037,146,70,0,0
147210,1,27,2097,47,0,22,60100.47,147037,146,70,0,0
147327,1,27,2097,47,0,22,60100.47,147037,146,70,0,0
147458,1,27,2138,47,0,22,60100.47,147037,146,70,0,0
147577,1,28,2141,47,0,22,60101.52,147037,146,70,0,0
147686,1,28,2112,47,0,22,60101.52,147037,146,70,0,0
147805,1,28,2115,47,0,22,60101.52,147037,146,70,0,0
147906,1,28,2148,47,0,22,60101.52,147037,146,70,0,0
148005,1,28,2146,48,0,22,60101.52,147037,146,70,0,0
148142,1,28,2173,48,0,22,60101.52,147037,146,70,0,0
148259,1,29,2176,49,0,22,60101.52,147037,146,70,0,0
148327,1,29,2176,49,0,22,60101.52,147037,146,70,0,0
148487,1,29,2186,49,0,22,60102.56,147037,146,70,0,0
148586,1,29,2190,49,0,22,60102.56,147037,146,70,0,0
148709,1,29,2223,49,0,22,60102.56,147037,146,70,0,0
148826,1,29,2226,49,0,22,60102.56,147037,146,70,0,0
148936,1,29,2258,18,0,22,60102.56,147037,146,70,0,0
149059,1,29,2177,0,0,22,60102.56,147037,146,70,0,0
149165,1,29,2130,0,0,22,60102.56,147037,146,70,0,0
149286,1,29,2043,0,0,22,60102.56,147037,146,70,0,0
149405,1,29,1824,0,0,22,60102.56,147037,146,70,0,0
149508,1,29,1664,0,0,22,60102.56,147037,146,70,0,0
149609,1,29,1691,0,0,22,60102.56,147037,146,70,0,0
149736,1,29,1630,0,0,22,60102.56,147037,146,70,0,0
149826,1,29,1593,0,0,22,60102.56,147037,146,70,0,0
150036,1,29,1481,0,0,22,60103.57,147037,146,70,0,0
150156,1,29,1474,2,0,22,60103.57,147037,146,70,0,0
150267,1,28,1537,16,0,22,60103.57,147037,146,70,0,0
150380,1,28,1537,22,0,22,60103.57,147037,146,70,0,0
150487,1,28,1531,26,0,22,60103.57,147037,146,70,0,0
150610,1,28,1515,27,0,22,60103.57,147037,146,70,0,0
150709,1,28,1523,28,0,22,60103.57,147037,146,70,0,0
150836,1,28,1525,28,0,22,60103.57,147037,146,70,0,0
150936,1,28,1526,28,0,22,60103.57,147037,146,70,0,0
151064,1,28,1526,28,0,22,60103.57,147037,146,70,0,0
151167,1,28,1527,19,0,22,60103.57,147037,146,70,0,0
151286,1,28,1526,3,0,22,60103.57,147037,146,70,0,0
151406,1,28,1474,0,0,22,60103.57,147037,146,70,0,0
151508,1,28,1493,0,0,22,60103.57,147037,146,70,0,0
151606,1,28,1448,0,0,22,60103.57,147037,146,70,0,0
151736,1,28,1475,0,0,22,60103.57,147037,146,70,0,0
151836,1,28,1475,0,0,22,60103.57,147037,146,70,0,0
151968,1,28,1474,0,0,22,60103.57,147037,146,70,0,0
152088,1,27,1442,0,0,22,60103.57,147037,146,70,0,0
152206,1,27,1473,5,0,22,60103.57,147037,146,70,0,0
152306,1,27,1442,8,0,22,60103.57,147037,146,70,0,0
152437,1,27,1444,15,0,22,60103.57,147037,146,70,0,0
152536,1,27,1485,18,0,22,60104.57,147037,146,70,0,0
152664,1,27,1499,19,0,22,60104.57,147037,146,70,0,0
152770,1,27,1441,19,0,22,60104.57,147037,146,70,0,0
152891,1,27,1446,19,0,22,60104.57,147037,146,70,0,0
152986,1,27,1447,19,0,22,60104.57,147037,146,70,0,0
153106,1,27,1444,19,0,22,60104.57,147037,146,70,0,0
153209,1,27,1445,20,0,22,60104.57,147037,146,70,0,0
153336,1,27,1446,20,0,22,60104.57,147037,146,70,0,0
153468,1,27,1449,20,0,22,60104.57,147037,146,70,0,0
153576,1,27,1450,20,0,22,60104.57,147037,146,70,0,0
153686,1,27,1450,20,0,22,60104.57,147037,146,70,0,0
153809,1,27,1451,21,0,22,60104.57,147037,146,70,0,0
153910,1,27,1451,22,0,22,60104.57,147037,146,70,0,0
154036,1,27,1451,22,0,22,60104.57,147037,146,70,0,0
154142,1,27,1421,22,0,22,60104.57,147037,146,70,0,0
154259,1,27,1451,22,0,22,60104.57,147037,146,70,0,0
154378,1,27,1420,23,0,22,60104.57,147037,146,70,0,0
154487,1,27,1451,23,0,22,60105.58,147037,146,70,0,0
154608,1,27,1419,24,0,22,60105.58,147037,146,70,0,0
154709,1,27,1419,25,0,22,60105.58,147037,146,70,0,0
154826,1,27,1456,26,0,22,60105.58,147037,146,70,0,0
154936,1,27,1430,8,0,22,60105.58,147037,146,70,0,0
155060,1,27,1424,0,0,22,60105.58,147037,146,71,0,0
155167,1,27,1428,0,0,22,60105.58,147037,146,71,0,0
155286,1,27,1413,0,0,22,60105.58,147037,146,71,0,0
155406,1,27,1416,0,0,22,60105.58,147037,146,71,0,0
155509,1,27,1414,0,0,22,60105.58,147037,146,71,0,0
155609,1,26,1411,0,0,22,60105.58,147037,146,71,0,0
155736,1,26,1376,0,0,22,60105.58,147037,146,71,0,0
155836,1,26,1437,0,0,22,60105.58,147037,146,71,0,0
155967,1,26,1405,0,0,22,60105.58,147037,146,71,0,0
156086,1,26,1372,0,0,22,60105.58,147037,146,71,0,0
156209,1,26,1372,0,0,22,60105.58,147037,146,71,0,0
156309,1,26,1403,0,0,22,60105.58,147037,146,71,0,0
156436,1,25,1371,0,0,22,60105.58,147037,146,71,0,0
156536,1,25,1372,0,0,22,60105.58,147037,146,71,0,0
156659,1,25,1347,0,0,22,60105.58,147037,146,71,0,0
156770,1,25,1317,0,6,22,60105.58,147037,146,71,0,0
156889,1,25,1312,0,16,22,60105.58,147037,146,71,0,0
157009,1,25,1338,0,22,22,60105.58,147037,146,71,0,0
157106,1,25,1305,0,22,22,60105.58,147037,146,71,0,0
157236,1,24,1306,0,26,22,60106.58,147037,146,71,0,0
157336,1,24,1274,0,32,22,60106.58,147037,146,71,0,0
157469,1,24,1210,0,32,22,60106.58,147037,146,71,0,0
157577,1,23,1211,0,40,22,60106.58,147037,146,71,0,0
157686,1,23,1181,0,42,22,60106.58,147037,146,71,0,0
157806,1,23,1180,0,42,22,60106.58,147037,146,71,0,0
157913,1,23,1148,0,42,22,60106.58,147037,146,71,0,0
158036,1,22,1148,0,42,22,60106.58,147037,146,71,0,0
158142,1,22,1147,0,42,22,60106.58,147037,146,71,0,0
158259,1,22,1115,0,42,22,60106.58,147037,146,71,0,0
158376,1,22,1115,0,42,22,60106.58,147037,146,71,0,0
158487,1,21,1116,0,42,22,60106.58,147037,146,71,0,0
158609,1,21,1117,0,42,22,60106.58,147037,146,71,0,0
158709,1,20,1117,0,40,22,60106.58,147037,146,71,0,0
158836,1,20,1117,0,38,22,60106.58,147037,146,71,0,0
158936,1,20,1086,0,38,22,60106.58,147037,146,71,0,0
159060,1,20,1087,0,38,22,60106.58,147037,146,71,0,0
159186,1,19,1087,0,32,22,60106.58,147037,146,71,0,0
159286,1,19,1087,0,28,22,60106.58,147037,146,71,0,0
159409,1,19,1088,0,18,22,60106.58,147037,146,71,0,0
159509,1,18,1121,0,2,22,60106.58,147037,146,71,0,0
159642,1,18,1184,0,0,22,60106.58,147037,146,71,0,0
159759,1,18,1397,0,0,22,60106.58,147037,146,71,0,0
159828,1,18,1429,0,0,22,60106.58,147037,146,71,0,0
159986,1,17,1335,0,0,22,60106.58,147037,146,71,0,0
160086,1,17,1369,0,0,22,60106.58,147037,146,71,0,0
160209,1,17,1341,0,0,22,60106.58,147037,146,71,0,0
160309,1,17,1341,0,0,22,60106.58,147037,146,71,0,0
160436,1,17,1307,0,0,22,60106.58,147037,146,71,0,0
160567,1,17,1307,1,0,22,60106.58,147037,146,71,0,0
160667,1,17,1305,2,0,22,60106.58,147037,146,71,0,0
160786,1,17,1304,4,0,22,60106.58,147037,146,71,0,0
160836,1,17,1304,6,0,22,60107.59,147037,146,71,0,0
161009,1,16,1273,7,0,22,60107.59,147037,146,71,0,0
161109,1,16,1277,8,0,22,60107.59,147037,146,71,0,0
161236,1,16,1248,8,0,22,60107.59,147037,146,71,0,0
161309,1,16,1250,8,0,22,60107.59,147037,146,71,0,0
161476,1,16,1220,13,0,22,60107.59,147037,146,71,0,0
161586,1,16,1221,18,0,22,60107.59,147037,146,71,0,0
161686,1,16,1224,18,0,22,60107.59,147037,146,71,0,0
161809,1,16,1264,18,0,22,60107.59,147037,146,71,0,0
161909,1,15,1175,20,0,22,60107.59,147037,146,71,0,0
162040,1,15,1207,40,0,22,60107.59,147037,146,71,0,0
162158,1,15,1161,42,0,22,60107.59,147037,146,71,0,0
162270,1,15,1150,45,0,22,60107.59,147037,146,71,0,0
162336,1,15,1214,64,0,22,60107.59,147037,146,71,0,0
162487,1,16,1301,71,0,22,60107.59,147037,143,71,0,0
162609,1,16,1271,72,0,22,60107.59,147037,143,71,0,0
162709,1,17,1286,72,0,22,60107.59,147037,143,71,0,0
162836,1,17,1326,72,0,22,60107.59,147037,143,71,0,0
162955,1,17,1361,75,0,22,60108.61,147037,143,71,0,0
163067,1,17,1326,75,0,22,60108.61,147037,143,71,0,0
163167,1,18,1362,75,0,22,60108.61,147037,143,71,0,0
163286,1,18,1394,75,0,22,60108.61,147037,143,71,0,0
163408,1,18,1430,75,0,22,60108.61,147037,143,71,0,0
163509,1,19,1432,75,0,22,60108.61,147037,143,71,0,0
163608,1,19,1464,75,0,22,60108.61,147037,143,71,0,0
163736,1,19,1496,75,0,22,60108.61,147037,143,71,0,0
163836,1,19,1531,75,0,22,60108.61,147037,143,72,0,0
163968,1,20,1542,75,0,22,60109.66,147037,143,72,0,0
164086,1,20,1544,75,0,22,60109.66,147037,143,72,0,0
164209,1,21,1579,75,0,22,60109.66,147037,143,72,0,0
164309,1,21,1616,75,0,22,60109.66,147037,143,72,0,0
164436,1,21,1653,75,0,22,60109.66,147037,143,72,0,0
164536,1,22,1655,73,0,22,60109.66,147037,143,72,0,0
164659,1,22,1718,73,0,22,60109.66,147037,143,72,0,0
164771,1,22,1723,73,0,22,60109.66,147037,143,72,0,0
164889,1,23,1730,72,0,22,60110.66,147037,143,72,0,0
164986,1,23,1735,71,0,22,60110.66,147037,143,72,0,0
165109,1,23,1801,69,0,22,60110.66,147037,143,72,0,0
165209,1,24,1804,67,0,22,60110.66,147037,143,72,0,0
165336,1,24,1836,65,0,22,60110.66,147037,143,72,0,0
165460,1,24,1882,64,0,22,60110.66,147037,143,72,0,0
165568,1,25,1883,62,0,22,60110.66,147037,143,72,0,0
165686,1,25,1918,62,0,22,60111.68,147037,143,72,0,0
165786,1,25,1914,62,0,22,60111.68,147037,143,72,0,0
165910,1,25,1942,61,0,22,60111.68,147037,143,72,0,0
166009,1,25,1944,61,0,22,60111.68,147037,143,72,0,0
166142,1,26,1980,59,0,22,60111.68,147037,143,72,0,0
166236,1,26,1983,58,0,22,60111.68,147037,143,72,0,0
166326,1,26,1985,58,0,22,60111.68,147037,143,72,0,0
166476,1,26,2045,55,0,22,60112.73,147037,143,72,0,0
166586,1,26,2038,54,0,22,60112.73,147037,143,72,0,0
166709,1,27,2032,53,0,22,60112.73,147037,143,72,0,0
166808,1,27,2056,53,0,22,60112.73,147037,143,72,0,0
166936,1,27,2049,51,0,22,60112.73,147037,143,72,0,0
167036,1,27,2079,49,0,22,60112.73,147037,143,72,0,0
167160,1,27,2087,44,0,22,60112.73,147037,143,72,0,0
167269,1,27,2083,44,0,22,60112.73,147037,143,72,0,0
167369,1,27,2094,44,0,22,60113.75,147037,143,72,0,0
167487,1,28,2119,44,0,22,60113.75,147037,143,72,0,0
167609,1,28,2120,44,0,22,60113.75,147037,143,72,0,0
167735,1,28,2121,44,0,22,60113.75,147037,143,72,0,0
167836,1,28,2123,42,0,22,60113.75,147037,143,72,0,0
167960,1,28,2165,40,0,22,60113.75,147037,143,72,0,0
168076,1,28,2167,40,0,22,60113.75,147037,143,72,0,0
168186,1,28,2161,40,0,22,60113.75,147037,143,72,0,0
168308,1,28,2154,39,0,22,60113.75,147037,143,72,0,0
168409,1,28,2148,39,0,22,60114.76,147037,143,72,0,0
168535,1,29,2177,37,0,22,60114.76,147037,143,72,0,0
168643,1,29,2176,37,0,22,60114.76,147037,143,72,0,0
168759,1,29,2177,37,0,22,60114.76,147037,143,72,0,0
168836,1,29,2177,37,0,22,60114.76,147037,143,72,0,0
168986,1,29,2177,37,0,22,60114.76,147037,143,72,0,0
169086,1,29,2180,37,0,22,60114.76,147037,143,72,0,0
169209,1,29,2216,37,0,22,60114.76,147037,143,72,0,0
169326,1,29,2214,34,0,22,60114.76,147037,143,72,0,0
169436,1,29,2211,27,0,22,60114.76,147037,143,72,0,0
169558,1,29,2193,18,0,22,60115.80,147037,143,72,0,0
169667,1,29,2213,0,0,22,60115.80,147037,143,72,0,0
169786,1,29,2221,0,0,22,60115.80,147037,143,72,0,0
169889,1,29,2198,0,0,22,60115.80,147037,143,72,0,0
170008,1,29,2193,0,0,22,60115.80,147037,143,72,0,0
170108,1,29,2159,0,0,22,60115.80,147037,143,72,0,0
170236,1,29,2191,0,0,22,60115.80,147037,143,72,0,0
170336,1,29,2192,0,0,22,60115.80,147037,143,72,0,0
170476,1,28,2162,0,0,22,60115.80,147037,143,72,0,0
170586,1,28,2155,0,0,22,60115.80,147037,143,72,0,0
170686,1,28,2121,0,0,22,60115.80,147037,143,72,0,0
170808,1,28,2124,0,0,22,60115.80,147037,143,72,0,0
170908,1,28,2107,0,0,22,60115.80,147037,143,72,0,0
171036,1,27,2074,0,0,22,60115.80,147037,143,72,0,0
171141,1,27,2062,0,0,22,60115.80,147037,143,72,0,0
171269,1,27,2045,0,0,22,60115.80,147037,143,72,0,0
171367,1,27,2030,0,0,22,60115.80,147037,143,72,0,0
171487,1,26,2012,0,0,22,60115.80,147037,143,72,0,0
171609,1,26,2012,0,0,22,60115.80,147037,143,72,0,0
171709,1,26,1980,0,0,22,60115.80,147037,143,72,0,0
171836,1,26,1967,0,0,22,60115.80,147037,143,72,0,0
171955,1,26,1952,0,0,22,60115.80,147037,143,72,0,0
172067,1,25,1920,0,0,22,60115.80,147037,143,72,0,0
172158,1,25,1920,0,0,22,60115.80,147037,143,72,0,0
172286,1,25,1888,0,0,22,60115.80,147037,143,72,0,0
172408,1,25,1856,0,0,22,60115.80,147037,143,72,0,0
172508,1,24,1856,0,0,22,60115.80,147037,143,72,0,0
172608,1,24,1824,0,0,22,60115.80,147037,143,72,0,0
172736,1,24,1824,0,0,22,60115.80,147037,143,72,0,0
172836,1,24,1792,0,0,22,60115.80,147037,143,72,0,0
172967,1,23,1792,0,0,22,60115.80,147037,143,72,0,0
173086,1,23,1760,0,0,22,60115.80,147037,143,72,0,0
173208,1,23,1728,0,0,22,60115.80,147037,143,72,0,0
173325,1,23,1728,0,0,22,60115.80,147037,143,72,0,0
173436,1,23,1696,0,0,22,60115.80,147037,143,72,0,0
173536,1,22,1696,0,0,22,60115.80,147037,143,72,0,0
173658,1,22,1664,0,0,22,60115.80,147037,143,72,0,0
173769,1,22,1664,0,0,22,60115.80,147037,143,72,0,0
173888,1,22,1632,0,0,22,60115.80,147037,143,72,0,0
174008,1,21,1632,0,0,22,60115.80,147037,143,72,0,0
174108,1,21,1600,0,0,22,60115.80,147037,143,72,0,0
174209,1,21,1600,0,0,22,60115.80,147037,143,72,0,0
174336,1,21,1568,0,0,22,60115.80,147037,143,72,0,0
174460,1,20,1536,0,0,22,60115.80,147037,143,72,0,0
174576,1,20,1536,0,0,22,60115.80,147037,143,72,0,0
174667,1,20,1504,0,0,22,60115.80,147037,143,72,0,0
174786,1,20,1504,0,0,22,60115.80,147037,143,72,0,0
174908,1,19,1472,0,0,22,60115.80,147037,143,72,0,0
175008,1,19,1472,0,0,22,60115.80,147037,143,72,0,0
175141,1,19,1440,0,0,22,60115.80,147037,143,72,0,0
175258,1,19,1440,0,0,22,60115.80,147037,143,72,0,0
175335,1,19,1408,0,0,22,60115.80,147037,143,72,0,0
175485,1,18,1376,0,0,22,60115.80,147037,143,72,0,0
175585,1,18,1376,0,0,22,60115.80,147037,143,72,0,0
175709,1,18,1344,0,0,22,60115.80,147037,143,72,0,0
175826,1,18,1344,0,0,22,60115.80,147037,143,72,0,0
175937,1,17,1312,0,0,22,60115.80,147037,143,72,0,0
176035,1,17,1312,0,0,22,60115.80,147037,143,72,0,0
176167,1,17,1329,0,0,22,60115.80,147037,143,72,0,0
176269,1,17,1286,0,0,22,60115.80,147037,143,72,0,0
176389,1,17,1258,0,0,22,60115.80,147037,143,72,0,0
176508,1,16,1256,0,0,22,60115.80,147037,143,72,0,0
176608,1,16,1254,0,0,22,60115.80,147037,143,72,0,0
176735,1,16,1268,0,0,22,60116.80,147037,143,72,0,0
176808,1,16,1238,0,0,22,60116.80,147037,143,72,0,0
176967,1,16,1205,0,0,22,60116.80,147037,143,72,0,0
177086,1,16,1236,0,0,22,60116.80,147037,143,72,0,0
177185,1,15,1205,0,0,22,60116.80,147037,143,72,0,0
177309,1,15,1173,0,0,22,60116.80,147037,143,72,0,0
177414,1,15,1176,0,0,22,60116.80,147037,143,72,0,0
177535,1,15,1149,0,0,22,60116.80,147037,143,72,0,0
177658,1,14,1096,16,0,22,60116.80,147037,143,72,0,0
177769,1,14,1100,20,0,22,60116.80,147037,143,72,0,0
177875,1,14,1095,20,0,22,60116.80,147037,143,72,0,0
177985,1,14,1102,21,0,22,60116.80,147037,143,72,0,0
178108,1,14,1175,25,0,22,60116.80,147037,143,72,0,0
178208,1,14,1117,28,0,22,60116.80,147037,143,72,0,0
178325,1,14,1090,29,0,22,60116.80,147037,143,72,0,0
178457,1,14,1101,29,0,22,60116.80,147037,143,72,0,0
178568,1,15,1113,29,0,22,60116.80,147037,143,72,0,0
178685,1,15,1137,38,0,22,60116.80,147037,143,72,0,0
178785,1,15,1169,46,0,22,60116.80,147037,143,72,0,0
178908,1,15,1207,48,0,22,60116.80,147037,143,72,0,0
179008,1,15,1184,48,0,22,60116.80,147037,143,72,0,0
179141,1,16,1224,49,0,22,60116.80,147037,143,72,0,0
179235,1,16,1226,49,0,22,60117.84,147037,143,72,0,0
179335,1,16,1227,52,0,22,60117.84,147037,143,72,0,0
179485,1,16,1228,57,0,22,60117.84,147037,143,72,0,0
179585,1,16,1269,63,0,22,60117.84,147037,143,72,0,0
179708,1,16,1285,66,0,22,60117.84,147037,143,72,0,0
179825,1,17,1298,68,0,22,60117.84,147037,143,72,0,0
179935,1,17,1337,69,0,22,60117.84,147037,143,72,0,0
180035,1,17,1316,69,0,22,60117.84,147037,143,72,0,0
180167,1,18,1356,69,0,22,60117.84,147037,143,72,0,0
180269,1,18,1390,69,0,22,60117.84,147037,143,72,0,0
180389,1,18,1388,69,0,22,60117.84,147037,143,72,0,0
180508,1,19,1455,69,0,22,60118.87,147037,143,72,0,0
180608,1,19,1455,69,0,22,60118.87,147037,143,72,0,0
180735,1,19,1489,69,0,22,60118.87,147037,143,72,0,0
180808,1,19,1490,69,0,22,60118.87,147037,143,72,0,0
180966,1,20,1555,69,0,22,60118.87,147037,143,72,0,0
181075,1,20,1555,69,0,22,60118.87,147037,143,72,0,0
181185,1,20,1594,69,0,22,60118.87,147037,143,72,0,0
181308,1,21,1629,69,0,22,60118.87,147037,143,72,0,0
181408,1,21,1601,69,0,22,60119.91,147037,143,72,0,0
181508,1,21,1636,67,0,22,60119.91,147037,143,72,0,0
181642,1,22,1640,60,0,22,60119.91,147037,143,72,0,0
181758,1,22,1693,57,0,22,60119.91,147037,143,72,0,0
181835,1,22,1693,53,0,22,60119.91,147037,143,72,0,0
181985,1,22,1701,52,0,22,60119.91,147037,143,72,0,0
182085,1,22,1723,51,0,22,60119.91,147037,143,72,0,0
182208,1,23,1745,50,0,22,60119.91,147037,143,72,0,0
182325,1,23,1747,47,0,22,60119.91,147037,143,72,0,0
182435,1,23,1748,43,0,22,60120.91,147037,143,72,0,0
182558,1,23,1772,43,0,22,60120.91,147037,143,72,0,0
182667,1,23,1768,42,0,22,60120.91,147037,143,72,0,0
182769,1,23,1767,40,0,22,60120.91,147037,143,72,0,0
182898,1,23,1800,37,0,22,60120.91,147037,143,72,0,0
183008,1,23,1796,35,0,22,60120.91,147037,143,72,0,0
183129,1,24,1819,33,0,22,60120.91,147037,143,72,0,0
183235,1,24,1820,27,0,22,60120.91,147037,143,72,0,0
183310,1,24,1819,27,0,22,60120.91,147037,143,72,0,0
183468,1,24,1802,19,0,22,60120.91,147037,143,72,0,0
183585,1,24,1792,16,0,22,60120.91,147037,143,72,0,0
183685,1,24,1816,13,0,22,60120.91,147037,143,72,0,0
183810,1,24,1808,11,0,22,60121.93,147037,143,72,0,0
183908,1,24,1807,11,0,22,60121.93,147037,143,72,0,0
184035,1,24,1803,10,0,22,60121.93,147037,143,72,0,0
184141,1,24,1802,8,0,22,60121.93,147037,143,72,0,0
184258,1,24,1801,7,0,22,60121.93,147037,143,72,0,0
184310,1,24,1801,7,0,22,60121.93,147037,143,72,0,0
184485,1,23,1821,4,0,22,60121.93,147037,143,72,0,0
184607,1,23,1821,4,0,22,60121.93,147037,143,72,0,0
184708,1,23,1789,3,0,22,60121.93,147037,143,72,0,0
184836,1,23,1788,2,0,22,60121.93,147037,143,72,0,0
184935,1,23,1756,2,0,22,60121.93,147037,143,72,0,0
185059,1,23,1751,2,0,22,60121.93,147037,143,72,0,0
185166,1,23,1782,2,0,22,60121.93,147037,143,72,0,0
185285,1,23,1781,2,0,22,60121.93,147037,143,72,0,0
185335,1,23,1749,2,0,22,60121.93,147037,143,72,0,0
185508,1,23,1747,2,0,22,60121.93,147037,143,72,0,0
185608,1,23,1717,2,0,22,60121.93,147037,143,72,0,0
185735,1,22,1718,2,0,22,60121.93,147037,143,72,0,0
185835,1,22,1717,2,0,22,60121.93,147037,143,72,0,0
185967,1,22,1717,2,0,22,60121.93,147037,143,72,0,0
186085,1,22,1717,2,0,22,60122.93,147037,143,72,0,0
186185,1,22,1685,2,0,22,60122.93,147037,143,72,0,0
186308,1,22,1685,2,0,22,60122.93,147037,143,72,0,0
186408,1,22,1682,2,0,22,60122.93,147037,143,72,0,0
186535,1,22,1681,2,0,22,60122.93,147037,143,72,0,0
186658,1,22,1646,2,0,22,60122.93,147037,143,72,0,0
186769,1,22,1646,2,0,22,60122.93,147037,143,72,0,0
186825,1,22,1646,2,0,22,60122.93,147037,143,72,0,0
186985,1,21,1644,2,0,22,60122.93,147037,143,72,0,0
187108,1,21,1611,2,0,22,60122.93,147037,143,72,0,0
187208,1,21,1611,2,0,22,60122.93,147037,143,72,0,0
187335,1,21,1610,0,0,22,60122.93,147037,143,72,0,0
187459,1,21,1578,0,0,22,60122.93,147037,143,72,0,0
187566,1,21,1609,0,0,22,60122.93,147037,143,72,0,0
187685,1,21,1577,0,0,22,60122.93,147037,143,72,0,0
187785,1,20,1542,0,0,22,60122.93,147037,143,72,0,0
187908,1,20,1541,0,0,22,60122.93,147037,143,72,0,0
188008,1,20,1540,0,0,22,60122.93,147037,143,72,0,0
188108,1,20,1507,0,0,22,60122.93,147037,143,72,0,0
188235,1,20,1507,0,0,22,60122.93,147037,143,72,0,0
188335,1,20,1507,0,0,22,60122.93,147037,143,72,0,0
188476,1,19,1475,0,0,22,60122.93,147037,143,72,0,0
188585,1,19,1475,0,0,22,60122.93,147037,143,72,0,0
188708,1,19,1443,0,0,22,60122.93,147037,143,72,0,0
188808,1,19,1442,0,0,22,60123.95,147037,143,72,0,0
188935,1,19,1409,0,0,22,60123.95,147037,143,72,0,0
189035,1,19,1409,0,0,22,60123.95,147037,143,72,0,0
189141,1,18,1409,0,0,22,60123.95,147037,143,72,0,0
189269,1,18,1376,0,0,22,60123.95,147037,143,72,0,0
189335,1,18,1376,0,4,22,60123.95,147037,143,72,0,0
189485,1,18,1407,0,12,22,60123.95,147037,143,72,0,0
189608,1,18,1374,0,10,22,60123.95,147037,143,72,0,0
189735,1,18,1373,0,12,22,60123.95,147037,143,72,0,0
189835,1,17,1374,0,12,22,60123.95,147037,143,72,0,0
189966,1,17,1341,0,12,22,60123.95,147037,143,72,0,0
190075,1,17,1340,0,12,22,60123.95,147037,143,72,0,0
190186,1,17,1308,0,20,22,60123.95,147037,143,72,0,0
190285,1,17,1307,0,20,22,60123.95,147037,143,72,0,0
190408,1,16,1275,0,20,22,60123.95,147037,143,72,0,0
190508,1,16,1242,0,22,22,60123.95,147037,143,72,0,0
190641,1,16,1241,0,28,22,60123.95,147037,143,72,0,0
190739,1,16,1208,0,32,22,60123.95,147037,143,72,0,0
191007,1,15,1172,0,32,22,60123.95,147037,143,72,0,0
191108,1,15,1139,0,26,22,60123.95,147037,143,72,0,0
191235,1,15,1138,0,18,22,60123.95,147037,143,72,0,0
191325,1,14,1105,0,18,22,60123.95,147037,143,72,0,0
191475,1,14,1109,0,18,22,60123.95,147037,143,72,0,0
191585,1,14,1079,0,18,22,60123.95,147037,143,72,0,0
191708,1,14,1080,0,18,22,60123.95,147037,143,72,0,0
191807,1,14,1080,0,18,22,60123.95,147037,143,72,0,0
191935,1,14,1080,0,18,22,60123.95,147037,143,72,0,0
192035,1,13,1080,0,32,22,60123.95,147037,143,72,0,0
192166,1,13,1080,0,42,22,60123.95,147037,143,72,0,0
192268,1,13,1080,0,42,22,60123.95,147037,143,72,0,0
192388,1,12,1080,0,38,22,60124.96,147037,143,72,0,0
192508,1,12,1080,0,40,22,60124.96,147037,140,72,0,0
192608,1,12,1080,0,48,22,60124.96,147037,140,72,0,0
192708,1,11,1081,0,54,22,60124.96,147037,140,72,0,0
192825,1,11,1080,0,60,22,60124.96,147037,140,72,0,0
192961,1,11,1080,0,60,22,60124.96,147037,140,72,0,0
193075,1,10,1080,0,58,22,60124.96,147037,140,73,0,0
193185,1,9,1048,0,58,22,60124.96,147037,140,73,0,0
193285,1,9,1081,0,24,22,60124.96,147037,140,73,0,0
193409,1,9,1050,0,24,22,60124.96,147037,140,73,0,0
193535,1,9,1051,0,22,22,60124.96,147037,140,73,0,0
193641,1,8,1051,0,18,22,60124.96,147037,140,73,0,0
193763,1,8,1052,0,18,22,60124.96,147037,140,73,0,0
193866,1,8,1052,0,14,22,60124.96,147037,140,73,0,0
193966,1,8,1053,0,12,22,60124.96,147037,140,73,0,0
194085,1,8,1053,0,10,22,60124.96,147037,140,73,0,0
194208,1,8,1053,0,10,22,60124.96,147037,140,73,0,0
194325,1,8,1055,0,12,22,60124.96,147037,140,73,0,0
194435,1,7,1055,0,12,22,60124.96,147037,140,73,0,0
194561,1,7,1055,0,12,22,60124.96,147037,140,73,0,0
194666,1,7,1055,0,18,22,60124.96,147037,140,73,0,0
194785,1,7,1055,0,18,22,60124.96,147037,140,73,0,0
194890,1,7,1055,0,18,22,60124.96,147037,140,73,0,0
195008,1,7,1055,0,36,22,60124.96,147037,140,73,0,0
195108,1,6,1055,0,40,22,60124.96,147037,140,73,0,0
195240,1,6,1055,0,38,22,60124.96,147037,140,73,0,0
195308,1,6,1025,0,38,22,60124.96,147037,140,73,0,0
195475,1,5,1024,0,40,22,60124.96,147037,140,73,0,0
195585,1,5,1025,0,0,22,60124.96,147037,140,73,0,0
195707,1,5,1025,0,0,22,60124.96,147037,140,73,0,0
195808,1,5,993,0,0,22,60125.98,147037,140,73,0,0
195935,1,5,1063,16,0,22,60125.98,147037,140,73,0,0
196035,1,4,1169,37,0,22,60125.98,147037,140,73,0,0
196160,1,5,1522,37,0,22,60125.98,147037,140,73,0,0
196268,1,5,1754,37,0,22,60125.98,147037,140,73,0,0
196390,1,5,1873,37,0,22,60125.98,147037,140,73,0,0
196485,1,5,1861,37,0,22,60125.98,147037,140,73,0,0
196608,1,6,1811,37,0,22,60125.98,147037,140,73,0,0
196735,1,6,1758,37,0,22,60125.98,147037,140,73,0,0
196835,1,7,1687,37,0,22,60127.03,147037,140,73,0,0
196966,1,8,1679,37,0,22,60127.03,147037,140,73,0,0
197076,1,9,1691,37,0,22,60127.03,147037,140,73,0,0
197185,1,9,1665,37,0,22,60127.03,147037,140,73,0,0
197308,1,10,1666,37,0,22,60127.03,147037,140,73,0,0
197410,1,10,1669,37,0,22,60127.03,147037,140,73,0,0
197535,1,11,1661,37,0,22,60127.03,147037,140,73,0,0
197641,1,12,1685,42,0,22,60128.09,147037,140,73,0,0
197763,1,12,1766,59,0,22,60128.09,147037,140,73,0,0
197825,1,12,1798,59,0,22,60128.09,147037,140,73,0,0
197985,1,13,1914,77,0,22,60128.09,147037,140,73,0,0
198108,1,14,1985,78,0,22,60128.09,147037,140,73,0,0
198210,1,14,2060,79,0,22,60128.09,147037,140,73,0,0
198336,1,15,2142,79,0,22,60129.11,147037,140,73,0,0
198435,1,15,2218,72,0,22,60129.11,147037,140,73,0,0
198565,1,16,2279,0,0,22,60129.11,147037,140,73,0,0
198666,1,16,2174,0,0,22,60129.11,147037,140,73,0,0
198785,1,16,2067,0,0,22,60129.11,147037,140,73,0,0
198888,1,16,1906,0,0,22,60129.11,147037,140,73,0,0
199008,1,16,1827,0,0,22,60129.11,147037,140,73,0,0
199108,1,16,1853,0,0,22,60129.11,147037,140,73,0,0
199235,1,16,1633,34,0,22,60129.11,147037,140,73,0,0
199335,1,16,1436,74,0,22,60129.11,147037,140,73,0,0
199475,1,17,1281,95,0,22,60129.11,147037,140,73,0,0
199585,1,17,1346,102,0,22,60130.15,147037,140,73,0,0
199708,1,17,1373,102,0,22,60130.15,147037,140,73,0,0
199825,1,18,1400,102,0,22,60130.15,147037,140,73,0,0
199934,1,18,1439,101,0,22,60130.15,147037,140,73,0,0
200035,1,19,1455,100,0,22,60130.15,147037,140,73,0,0
200166,1,20,1532,96,0,22,60130.15,147037,140,73,0,0
200268,1,20,1541,90,0,22,60131.16,147037,140,73,0,0
200388,1,20,1574,87,0,22,60131.16,147037,140,73,0,0
200508,1,21,1634,85,0,22,60131.16,147037,140,73,0,0
200608,1,22,1650,83,0,22,60131.16,147037,140,73,0,0
200734,1,22,1665,76,0,22,60131.16,147037,140,73,0,0
200808,1,22,1703,76,0,22,60131.16,147037,140,73,0,0
200966,1,23,1734,71,0,22,60131.16,147037,140,73,0,0
201075,1,23,1760,71,0,22,60132.20,147037,140,73,0,0
201185,1,23,1790,71,0,22,60132.20,147037,140,73,0,0
201308,1,23,1796,71,0,22,60132.20,147037,140,73,0,0
201410,1,24,1804,71,0,22,60132.20,147037,140,73,0,0
201535,1,24,1847,71,0,22,60132.20,147037,140,73,0,0
201640,1,24,1856,71,0,22,60132.20,147037,140,73,0,0
201768,1,25,1900,71,0,22,60132.20,147037,140,73,0,0
201840,1,25,1900,71,0,22,60132.20,147037,140,73,0,0
201985,1,25,1938,71,0,22,60133.23,147037,140,73,0,0
202108,1,26,1970,71,0,22,60133.23,147037,140,73,0,0
202208,1,26,2004,71,0,22,60133.23,147037,140,73,0,0
202325,1,26,2005,71,0,22,60133.23,147037,140,73,0,0
202459,1,26,2036,71,0,22,60133.23,147037,140,73,0,0
202574,1,27,2068,71,0,22,60133.23,147037,140,73,0,0
202685,1,27,2068,71,0,22,60133.23,147037,140,73,0,0
202785,1,27,2099,71,0,22,60134.24,147037,140,73,0,0
202910,1,27,2131,70,0,22,60134.24,147037,140,73,0,0
203008,1,28,2099,29,0,22,60134.24,147037,140,73,0,0
203140,1,28,2038,0,0,22,60134.24,147037,140,73,0,0
203235,1,28,1969,0,0,22,60134.24,147037,140,73,0,0
203335,1,28,1794,0,0,22,60134.24,147037,140,73,0,0
203485,1,28,1655,0,0,22,60134.24,147037,140,73,0,0
203585,1,28,1632,0,0,22,60134.24,147037,140,73,0,0
203709,1,28,1598,0,0,22,60134.24,147037,140,73,0,0
203808,1,28,1518,0,0,22,60134.24,147037,140,73,0,0
203935,1,28,1483,0,0,22,60134.24,147037,140,73,0,0
204035,1,27,1416,0,0,22,60134.24,147037,140,73,0,0
204166,1,27,1379,0,106,22,60134.24,147037,140,74,0,0
204284,1,26,1313,0,104,22,60134.24,147037,140,74,0,0
204388,1,26,1313,0,136,22,60134.24,147037,140,74,0,0
204508,1,25,1283,0,160,22,60134.24,147037,140,74,0,0
204608,1,24,1251,0,170,22,60134.24,147037,140,74,0,0
204735,1,23,1251,0,176,22,60135.25,147037,140,74,0,0
204835,1,22,1219,0,176,22,60135.25,147037,140,74,0,0
204966,1,20,1185,0,176,22,60135.25,147037,140,74,0,0
205084,1,19,1185,0,176,22,60135.25,147037,140,74,0,0
205185,1,18,1184,0,172,22,60135.25,147037,140,74,0,0
205309,1,17,1152,0,162,22,60135.25,147037,140,74,0,0
205410,1,16,1153,0,162,22,60135.25,147037,140,74,0,0
205535,1,15,1153,0,154,22,60135.25,147037,140,74,0,0
205640,1,14,1121,0,148,22,60135.25,147037,140,74,0,0
205768,1,12,1121,0,140,22,60135.25,147037,140,74,0,0
205835,1,12,1121,0,134,22,60135.25,147037,140,74,0,0
205985,1,11,1121,0,124,22,60135.25,147037,140,74,0,0
206110,1,10,1089,0,112,22,60135.25,147037,140,74,0,0
206208,1,10,1089,0,92,22,60135.25,147037,140,74,0,0
206335,1,9,1089,0,84,22,60135.25,147037,140,74,0,0
206458,1,8,1090,0,84,22,60135.25,147037,140,74,0,0
206566,1,7,1090,0,86,22,60135.25,147037,140,74,0,0
206684,1,7,1091,0,56,22,60135.25,147037,140,74,0,0
206784,1,7,1091,0,38,22,60135.25,147037,140,74,0,0
206910,1,7,1057,0,28,22,60135.25,147037,140,74,0,0
207008,1,6,1057,0,16,22,60135.25,147037,140,74,0,0
207140,1,6,1087,0,0,22,60135.25,147037,140,74,0,0
207235,1,6,1057,0,0,22,60135.25,147037,140,74,0,0
207370,1,6,1055,0,0,22,60135.25,147037,140,74,0,0
207475,1,6,1054,4,0,22,60135.25,147037,140,74,0,0
207584,1,6,1118,5,0,22,60135.25,147037,140,74,0,0
207708,1,6,1188,9,0,22,60135.25,147037,140,74,0,0
207824,1,6,1354,11,0,22,60136.26,147037,140,74,0,0
207934,1,6,1593,14,0,22,60136.26,147037,140,74,0,0
208035,1,7,1606,15,0,22,60136.26,147037,140,74,0,0
208160,1,7,1595,18,0,22,60136.26,147037,140,74,0,0
208284,1,8,1472,18,0,22,60136.26,147037,140,74,0,0
208389,1,8,1494,18,0,22,60136.26,147037,140,74,0,0
208509,1,10,1516,18,0,22,60136.26,147037,140,74,0,0
208608,1,10,1534,18,0,22,60136.26,147037,140,74,0,0
208734,1,11,1549,18,0,22,60137.29,147037,140,74,0,0
208834,1,11,1645,18,0,22,60137.29,147037,140,74,0,0
208966,1,12,1722,23,0,22,60137.29,147037,140,74,0,0
209084,1,12,1789,35,0,22,60137.29,147037,140,74,0,0
209184,1,13,1794,43,0,22,60137.29,147037,140,74,0,0
209309,1,13,1906,45,0,22,60137.29,147037,140,74,0,0
209410,1,13,1937,46,0,22,60137.29,147037,140,74,0,0
209535,1,14,1969,50,0,22,60138.34,147037,140,74,0,0
209640,1,14,2039,50,0,22,60138.34,147037,140,74,0,0
209768,1,15,2065,51,0,22,60138.34,147037,140,74,0,0
209881,1,15,2091,52,0,22,60138.34,147037,140,74,0,0
209984,1,15,2156,55,0,22,60138.34,147037,140,74,0,0
210109,1,15,2231,56,0,22,60138.34,147037,140,74,0,0
210208,1,16,2244,56,0,22,60138.34,147037,140,74,0,0
210335,1,16,2320,56,0,22,60138.34,147037,140,74,0,0
210455,1,16,2322,40,0,22,60138.34,147037,140,74,0,0
210565,1,17,2346,0,0,22,60139.36,147037,140,75,0,0
210666,1,17,2304,0,0,22,60139.36,147037,140,75,0,0
210784,1,17,2219,0,0,22,60139.36,147037,140,75,0,0
210910,1,17,1987,0,0,22,60139.36,147037,140,75,0,0
211008,1,17,1856,0,0,22,60139.36,147037,140,75,0,0
211108,1,17,1802,0,0,22,60139.36,147037,140,75,0,0
211234,1,17,1728,8,0,22,60139.36,147037,140,75,0,0
211324,1,17,1684,8,0,22,60139.36,147037,140,75,0,0
211484,1,17,1388,50,0,22,60139.36,147037,140,75,0,0
211584,1,18,1364,72,0,22,60139.36,147037,140,75,0,0
211708,1,18,1427,86,0,22,60139.36,147037,140,75,0,0
211824,1,18,1409,86,0,22,60139.36,147037,140,75,0,0
211934,1,18,1462,88,0,22,60139.36,147037,140,75,0,0
212034,1,19,1491,90,0,22,60139.36,147037,140,75,0,0
212165,1,20,1529,91,0,22,60140.41,147037,140,75,0,0
212268,1,20,1572,93,0,22,60140.41,147037,140,75,0,0
212393,1,20,1582,95,0,22,60140.41,147037,140,75,0,0
212509,1,21,1639,95,0,22,60140.41,147037,140,75,0,0
212608,1,22,1679,95,0,22,60140.41,147037,140,75,0,0
212735,1,22,1721,95,0,22,60140.41,147037,140,75,0,0
212834,1,23,1759,93,0,22,60141.43,147037,140,75,0,0
212965,1,23,1798,91,0,22,60141.43,147037,140,75,0,0
213084,1,24,1832,89,0,22,60141.43,147037,140,75,0,0
213184,1,24,1863,86,0,22,60141.43,147037,140,75,0,0
213309,1,25,1898,85,0,22,60141.43,147037,140,75,0,0
213411,1,25,1928,82,0,22,60142.46,147037,140,75,0,0
213534,1,26,1981,77,0,22,60142.46,147037,140,75,0,0
213640,1,26,2002,74,0,22,60142.46,147037,140,75,0,0
213768,1,27,2018,72,0,22,60142.46,147037,140,75,0,0
213834,1,27,2018,70,0,22,60142.46,147037,140,75,0,0
213984,1,27,2050,68,0,22,60142.46,147037,140,75,0,0
214108,1,27,2106,67,0,22,60143.48,147037,140,75,0,0
214208,1,28,2134,66,0,22,60143.48,147037,140,75,0,0
214334,1,28,2129,65,0,22,60143.48,147037,140,75,0,0
214436,1,28,2158,65,0,22,60143.48,147037,140,75,0,0
214565,1,29,2188,64,0,22,60143.48,147037,140,75,0,0
214666,1,29,2221,64,0,22,60143.48,147037,140,75,0,0
214784,1,29,2224,61,0,22,60143.48,147037,140,75,0,0
214910,1,29,2191,28,0,22,60143.48,147037,140,75,0,0
215009,1,29,2168,0,0,22,60144.54,147037,140,75,0,0
215140,1,29,2100,0,0,22,60144.54,147037,140,75,0,0
215234,1,29,1944,0,0,22,60144.54,147037,140,75,0,0
215334,1,29,1760,0,0,22,60144.54,147037,140,75,0,0
215484,1,29,1690,0,0,22,60144.54,147037,140,75,0,0
215584,1,29,1636,0,0,22,60144.54,147037,140,75,0,0
215708,1,29,1564,0,0,22,60144.54,147037,140,75,0,0
215808,1,29,1524,0,0,22,60144.54,147037,140,75,0,0
215934,1,29,1488,0,0,22,60144.54,147037,140,75,0,0
216034,1,29,1421,9,0,22,60144.54,147037,140,75,0,0
216165,1,29,1547,23,0,22,60144.54,147037,140,75,0,0
216268,1,29,1628,39,0,22,60144.54,147037,140,75,0,0
216390,1,29,1535,51,0,22,60144.54,147037,140,75,0,0
216509,1,29,1549,57,0,22,60144.54,147037,140,75,0,0
216609,1,29,1582,59,0,22,60144.54,147037,140,75,0,0
216735,1,29,1553,59,0,22,60144.54,147037,140,75,0,0
216834,1,29,1586,59,0,22,60144.54,147037,140,75,0,0
216965,1,30,1583,59,0,22,60145.54,147037,140,75,0,0
217084,1,30,1580,59,0,22,60145.54,147037,140,75,0,0
217184,1,30,1582,59,0,22,60145.54,147037,140,75,0,0
217310,1,30,1600,59,0,22,60145.54,147037,140,75,0,0
217415,1,30,1601,59,0,22,60145.54,147037,140,75,0,0
217536,1,30,1602,57,0,22,60145.54,147037,140,75,0,0
217640,1,30,1602,54,0,22,60145.54,147037,140,75,0,0
217768,1,31,1633,54,0,22,60145.54,147037,140,75,0,0
217888,1,31,1662,52,0,22,60145.54,147037,140,75,0,0
217984,1,31,1656,51,0,22,60146.55,147037,140,75,0,0
218109,1,31,1684,48,0,22,60146.55,147037,140,75,0,0
218234,1,31,1683,43,0,22,60146.55,147037,140,75,0,0
218334,1,31,1676,42,0,22,60146.55,147037,140,75,0,0
218461,1,31,1693,42,0,22,60146.55,147037,140,75,0,0
218574,1,32,1693,42,0,22,60146.55,147037,140,75,0,0
218666,1,32,1693,42,0,22,60146.55,147037,140,75,0,0
218785,1,32,1692,42,0,22,60146.55,147037,140,75,0,0
218910,1,32,1692,42,0,22,60146.55,147037,140,75,0,0
219008,1,32,1725,42,0,22,60146.55,147037,140,75,0,0
219140,1,32,1698,42,0,22,60146.55,147037,140,75,0,0
219234,1,32,1699,42,0,22,60147.57,147037,140,75,0,0
219324,1,32,1700,42,0,22,60147.57,147037,140,75,0,0
219485,1,32,1703,47,0,22,60147.57,147037,140,75,0,0
219584,1,32,1705,52,0,22,60147.57,147037,140,75,0,0
219710,1,32,1741,59,0,22,60147.57,147037,140,75,0,0
219824,1,32,1733,60,0,22,60147.57,147037,140,75,0,0
219934,1,32,1755,61,0,22,60147.57,147037,140,75,0,0
220034,1,33,1738,61,0,22,60147.57,147037,140,75,0,0
220165,1,33,1739,61,0,22,60147.57,147037,140,75,0,0
220284,1,33,1771,61,0,22,60148.58,147037,140,75,0,0
220387,1,33,1767,61,0,22,60148.58,147037,140,75,0,0
220509,1,34,1795,61,0,22,60148.58,147037,140,75,0,0
220609,1,34,1793,60,0,22,60148.58,147037,140,75,0,0
220734,1,34,1793,56,0,22,60148.58,147037,140,75,0,0
220834,1,34,1795,52,0,22,60148.58,147037,140,75,0,0
220963,1,34,1815,47,0,22,60148.58,147037,140,75,0,0
221084,1,34,1832,41,0,22,60148.58,147037,140,75,0,0
221204,1,34,1846,35,0,22,60148.58,147037,140,75,0,0
221311,1,34,1826,32,0,22,60149.62,147037,140,75,0,0
221434,1,34,1847,31,0,22,60149.62,147037,140,75,0,0
221534,1,35,1844,31,0,22,60149.62,147037,140,75,0,0
221640,1,35,1845,31,0,22,60149.62,147037,140,75,0,0
221768,1,35,1850,31,0,22,60149.62,147037,140,75,0,0
221860,1,35,1853,31,0,22,60149.62,147037,140,75,0,0
221984,1,35,1855,31,0,22,60149.62,147037,140,75,0,0
222110,1,35,1887,32,0,22,60149.62,147037,140,75,0,0
222209,1,35,1883,32,0,22,60149.62,147037,140,75,0,0
222334,1,35,1887,32,0,22,60149.62,147037,140,75,0,0
222455,1,35,1856,32,0,22,60149.62,147037,140,75,0,0
222567,1,35,1882,32,0,22,60149.62,147037,137,75,0,0
222684,1,35,1881,32,0,22,60149.62,147037,137,75,0,0
222784,1,35,1881,32,0,22,60150.64,147037,137,75,0,0
222912,1,35,1881,32,0,22,60150.64,147037,137,75,0,0
223009,1,35,1887,32,0,22,60150.64,147037,137,75,0,0
223140,1,35,1856,20,0,22,60150.64,147037,137,75,0,0
223234,1,35,1857,4,0,22,60150.64,147037,137,75,0,0
223334,1,35,1856,0,0,22,60150.64,147037,137,75,0,0
223484,1,35,1868,0,0,22,60150.64,147037,137,75,0,0
223584,1,35,1825,0,0,22,60150.64,147037,137,75,0,0
223709,1,35,1852,0,0,22,60150.64,147037,137,75,0,0
223826,1,35,1883,0,0,22,60150.64,147037,137,75,0,0
223934,1,35,1851,0,0,22,60150.64,147037,137,75,0,0
224060,1,35,1837,0,0,22,60150.64,147037,137,75,0,0
224163,1,34,1831,0,0,22,60150.64,147037,137,75,0,0
224284,1,34,1816,0,0,22,60150.64,147037,137,75,0,0
224387,1,34,1840,0,0,22,60150.64,147037,137,75,0,0
224509,1,34,1803,0,0,22,60150.64,147037,137,75,0,0
224615,1,34,1819,0,0,22,60150.64,147037,137,75,0,0
224734,1,34,1805,0,0,22,60150.64,147037,137,75,0,0
224834,1,34,1819,0,0,22,60150.64,147037,137,75,0,0
224963,1,33,1787,0,0,22,60150.64,147037,137,75,0,0
225084,1,33,1773,0,4,22,60150.64,147037,137,75,0,0
225204,1,33,1787,0,4,22,60150.64,147037,137,75,0,0
225309,1,33,1772,0,4,22,60150.64,147037,137,75,0,0
225434,1,33,1775,0,4,22,60150.64,147037,137,75,0,0
225534,1,33,1754,0,4,22,60150.64,147037,137,75,0,0
225663,1,32,1728,0,6,22,60150.64,147037,137,75,0,0
225768,1,32,1696,0,6,22,60150.64,147037,137,75,0,0
225825,1,32,1696,0,6,22,60150.64,147037,137,75,0,0
225984,1,32,1696,0,4,22,60150.64,147037,137,75,0,0
226109,1,32,1696,0,4,22,60150.64,147037,137,75,0,0
226234,1,32,1664,0,6,22,60150.64,147037,137,75,0,0
226334,1,32,1664,0,6,22,60150.64,147037,137,75,0,0
226464,1,31,1664,0,6,22,60150.64,147037,137,75,0,0
226574,1,31,1632,0,6,22,60150.64,147037,137,75,0,0
226684,1,31,1632,0,6,22,60150.64,147037,137,75,0,0
226784,1,31,1632,0,10,22,60150.64,147037,137,75,0,0
226912,1,31,1632,0,20,22,60150.64,147037,137,75,0,0
227034,1,31,1600,0,18,22,60150.64,147037,137,75,0,0
227140,1,30,1600,0,24,22,60150.64,147037,137,75,0,0
227262,1,30,1568,0,34,22,60150.64,147037,137,75,0,0
227334,1,30,1568,0,44,22,60150.64,147037,137,75,0,0
227484,1,29,1536,0,82,22,60150.64,147037,137,75,0,0
227584,1,28,1472,0,94,22,60150.64,147037,137,75,0,0
227712,1,28,1440,0,96,22,60150.64,147037,137,75,0,0
227834,1,27,1376,0,98,22,60150.64,147037,137,75,0,0
227934,1,26,1295,0,98,22,60150.64,147037,137,75,0,0
228062,1,25,1267,0,102,22,60151.65,147037,137,75,0,0
228163,1,24,1294,0,102,22,60151.65,147037,137,75,0,0
228284,1,24,1268,0,96,22,60151.65,147037,137,75,0,0
228387,1,23,1253,0,90,22,60151.65,147037,137,75,0,0
228512,1,23,1218,0,80,22,60151.65,147037,137,75,0,0
228612,1,22,1218,0,72,22,60151.65,147037,137,75,0,0
228734,1,22,1185,0,70,22,60151.65,147037,137,75,0,0
228834,1,21,1185,0,64,22,60151.65,147037,137,75,0,0
228963,1,20,1218,0,64,22,60151.65,147037,137,75,0,0
229084,1,20,1282,0,60,22,60151.65,147037,137,75,0,0
229204,1,19,1403,0,30,22,60151.65,147037,137,75,0,0
229312,1,19,1530,0,0,22,60151.65,147037,137,75,0,0
229412,1,19,1468,0,0,22,60151.65,147037,137,75,0,0
229534,1,19,1408,0,0,22,60151.65,147037,137,75,0,0
229660,1,19,1443,0,0,22,60151.65,147037,137,75,0,0
229769,1,18,1413,0,0,22,60151.65,147037,137,76,0,0
229863,1,19,1411,0,0,22,60151.65,147037,137,76,0,0
229984,1,18,1410,0,0,22,60151.65,147037,137,76,0,0
230112,1,18,1378,0,0,22,60151.65,147037,137,76,0,0
230212,1,18,1375,0,0,22,60151.65,147037,137,76,0,0
230334,1,18,1375,30,0,22,60151.65,147037,137,76,0,0
230463,1,18,1346,45,0,22,60151.65,147037,137,76,0,0
230574,1,18,1361,50,0,22,60151.65,147037,137,76,0,0
230684,1,18,1458,67,0,22,60151.65,147037,137,76,0,0
230784,1,18,1462,69,0,22,60151.65,147037,137,76,0,0
230913,1,18,1385,77,0,22,60152.69,147037,137,76,0,0
231084,1,19,1434,79,0,22,60152.69,147037,137,76,0,0
231212,1,19,1440,79,0,22,60152.69,147037,137,76,0,0
231311,1,19,1475,78,0,22,60152.69,147037,137,76,0,0
231434,1,20,1508,78,0,22,60152.69,147037,137,76,0,0
231534,1,20,1510,78,0,22,60152.69,147037,137,76,0,0
231663,1,20,1576,78,0,22,60152.69,147037,137,76,0,0
231783,1,21,1609,77,0,22,60152.69,147037,137,76,0,0
231863,1,21,1611,74,0,22,60153.75,147037,137,76,0,0
232011,1,21,1646,71,0,22,60153.75,147037,137,76,0,0
232111,1,22,1681,71,0,22,60153.75,147037,137,76,0,0
232234,1,22,1707,71,0,22,60153.75,147037,137,76,0,0
232334,1,22,1742,71,0,22,60153.75,147037,137,76,0,0
232472,1,23,1780,71,0,22,60153.75,147037,137,76,0,0
232584,1,23,1782,71,0,22,60153.75,147037,137,76,0,0
232712,1,23,1814,71,0,22,60153.75,147037,137,76,0,0
232812,1,24,1846,59,0,22,60154.80,147037,137,76,0,0
232934,1,24,1820,47,0,22,60154.80,147037,137,76,0,0
233060,1,24,1824,47,0,22,60154.80,147037,137,76,0,0
233163,1,25,1873,47,0,22,60154.80,147037,137,76,0,0
233284,1,25,1905,47,0,22,60154.80,147037,137,76,0,0
233387,1,25,1909,48,0,22,60154.80,147037,137,76,0,0
233511,1,25,1945,51,0,22,60154.80,147037,137,76,0,0
233612,1,25,1960,67,0,22,60154.80,147037,137,76,0,0
233735,1,25,1970,78,0,22,60154.80,147037,137,76,0,0
233834,1,26,1997,78,0,22,60155.83,147037,137,76,0,0
233964,1,27,2041,78,0,22,60155.83,147037,137,76,0,0
234083,1,27,2049,69,0,22,60155.83,147037,137,76,0,0
234184,1,27,1985,0,0,22,60155.83,147037,137,76,0,0
234311,1,27,1968,0,0,22,60155.83,147037,137,76,0,0
234411,1,27,1881,0,0,22,60155.83,147037,137,76,0,0
234535,1,27,1705,0,0,22,60155.83,147037,137,76,0,0
234639,1,27,1632,0,0,22,60155.83,147037,137,76,0,0
234768,1,27,1628,0,0,22,60155.83,147037,137,76,0,0
234825,1,27,1596,0,0,22,60155.83,147037,137,76,0,0
234984,1,27,1578,32,0,22,60155.83,147037,137,76,0,0
235084,1,27,1532,37,0,22,60156.84,147037,137,76,0,0
235212,1,27,1439,0,0,22,60156.84,147037,137,76,0,0
235325,1,27,1403,0,0,22,60156.84,147037,137,76,0,0
235411,1,27,1456,0,0,22,60156.84,147037,137,76,0,0
235563,1,27,1440,0,12,22,60156.84,147037,137,76,0,0
235663,1,27,1436,0,10,22,60156.84,147037,137,76,0,0
235784,1,27,1436,0,18,22,60156.84,147037,137,76,0,0
235890,1,27,1437,0,18,22,60156.84,147037,137,76,0,0
236012,1,26,1438,0,16,22,60156.84,147037,137,76,0,0
236112,1,26,1406,0,22,22,60156.84,147037,137,76,0,0
236234,1,26,1374,0,26,22,60156.84,147037,137,76,0,0
236334,1,26,1309,0,26,22,60156.84,147037,137,76,0,0
236475,1,26,1277,0,26,22,60156.84,147037,137,76,0,0
236584,1,25,1247,0,42,22,60156.84,147037,137,76,0,0
236704,1,25,1247,0,42,22,60156.84,147037,137,76,0,0
236811,1,25,1184,0,46,22,60156.84,147037,137,76,0,0
236933,1,25,1215,0,46,22,60156.84,147037,137,76,0,0
237034,1,24,1153,0,52,22,60156.84,147037,137,76,0,0
237163,1,24,1153,0,54,22,60156.84,147037,137,76,0,0
237268,1,23,1153,0,54,22,60156.84,147037,137,76,0,0
237386,1,23,1122,0,58,22,60156.84,147037,137,76,0,0
237484,1,22,1121,0,62,22,60156.84,147037,137,76,0,0
237612,1,22,1121,0,64,22,60156.84,147037,137,76,0,0
237734,1,22,1122,0,64,22,60156.84,147037,137,76,0,0
237833,1,21,1122,0,64,22,60156.84,147037,137,76,0,0
237960,1,20,1122,0,64,22,60156.84,147037,137,76,0,0
238074,1,20,1153,0,62,22,60156.84,147037,137,76,0,0
238183,1,20,1185,0,22,22,60157.85,147037,137,76,0,0
238283,1,20,1277,0,4,22,60157.85,147037,137,76,0,0
238411,1,19,1400,0,4,22,60157.85,147037,137,76,0,0
238511,1,19,1493,0,0,22,60157.85,147037,137,76,0,0
238639,1,19,1461,0,0,22,60157.85,147037,137,76,0,0
238733,1,19,1434,0,0,22,60157.85,147037,137,76,0,0
238833,1,19,1467,0,0,22,60157.85,147037,137,76,0,0
238983,1,19,1437,0,0,22,60157.85,147037,137,76,0,0
239083,1,18,1437,0,0,22,60157.85,147037,137,76,0,0
239211,1,19,1436,6,0,22,60157.85,147037,137,76,0,0
239323,1,19,1435,34,0,22,60157.85,147037,137,76,0,0
239433,1,18,1436,34,0,22,60157.85,147037,137,76,0,0
239533,1,18,1449,34,0,22,60157.85,147037,137,76,0,0
239664,1,18,1378,34,0,22,60157.85,147037,137,76,0,0
239783,1,18,1344,42,0,22,60157.85,147037,137,76,0,0
239888,1,18,1399,52,0,22,60157.85,147037,137,76,0,0
240011,1,18,1451,68,0,22,60157.85,147037,137,76,0,0
240111,1,19,1457,75,0,22,60157.85,147037,137,76,0,0
240233,1,19,1496,84,0,22,60157.85,147037,137,76,0,0
240333,1,19,1478,92,0,22,60158.85,147037,137,76,0,0
240472,1,20,1504,92,0,22,60158.85,147037,137,76,0,0
240583,1,20,1556,92,0,22,60158.85,147037,137,76,0,0
240683,1,21,1597,92,0,22,60158.85,147037,137,76,0,0
240811,1,21,1633,92,0,22,60158.85,147037,137,76,0,0
240913,1,22,1672,90,0,22,60158.85,147037,137,76,0,0
241033,1,22,1707,80,0,22,60158.85,147037,137,76,0,0
241139,1,23,1740,74,0,22,60159.88,147037,137,76,0,0
241268,1,23,1772,72,0,22,60159.88,147037,137,76,0,0
241333,1,23,1804,71,0,22,60159.88,147037,137,76,0,0
241483,1,24,1836,70,0,22,60159.88,147037,137,76,0,0
241611,1,24,1867,69,0,22,60159.88,147037,137,76,0,0
241711,1,24,1903,69,0,22,60159.88,147037,137,76,0,0
241833,1,25,1904,66,0,22,60159.88,147037,137,76,0,0
241953,1,25,1942,66,0,22,60159.88,147037,137,76,0,0
242074,1,26,1980,64,0,22,60160.92,147037,137,76,0,0
242183,1,26,1983,60,0,22,60160.92,147037,137,76,0,0
242283,1,26,2015,49,0,22,60160.92,147037,137,76,0,0
242333,1,26,1983,39,0,22,60160.92,147037,137,76,0,0
242511,1,26,2010,36,0,22,60160.92,147037,137,76,0,0
242639,1,26,2041,22,0,22,60160.92,147037,137,76,0,0
242733,1,27,2002,22,0,22,60160.92,147037,137,76,0,0
242833,1,26,2019,18,0,22,60160.92,147037,137,76,0,0
242983,1,27,2041,0,0,22,60160.92,147037,137,76,0,0
243083,1,27,2035,0,0,22,60160.92,147037,137,76,0,0
243211,1,27,2017,0,0,22,60161.93,147037,137,76,0,0
243323,1,27,2014,0,0,22,60161.93,147037,137,76,0,0
243433,1,27,1984,0,0,22,60161.93,147037,137,76,0,0
243533,1,26,1984,0,0,22,60161.93,147037,137,76,0,0
243664,1,26,1985,0,2,22,60161.93,147037,137,76,0,0
243783,1,26,1969,0,14,22,60161.93,147037,137,76,0,0
243886,1,26,2001,0,16,22,60161.93,147037,137,76,0,0
244011,1,26,1941,0,18,22,60161.93,147037,137,76,0,0
244111,1,26,1967,0,24,22,60161.93,147037,137,76,0,0
244233,1,25,1942,0,22,22,60161.93,147037,137,76,0,0
244333,1,25,1903,0,24,22,60161.93,147037,137,76,0,0
244463,1,25,1902,0,24,22,60161.93,147037,137,76,0,0
244583,1,24,1882,0,26,22,60161.93,147037,137,76,0,0
244683,1,24,1854,0,26,22,60161.93,147037,137,76,0,0
244783,1,24,1838,0,26,22,60161.93,147037,137,76,0,0
244911,1,24,1820,0,28,22,60161.93,147037,137,76,0,0
245033,1,23,1773,0,28,22,60161.93,147037,137,76,0,0
245139,1,23,1787,0,28,22,60161.93,147037,137,76,0,0
245262,1,23,1709,0,30,22,60161.93,147037,137,76,0,0
245363,1,22,1696,0,28,22,60161.93,147037,137,76,0,0
245485,1,22,1664,0,0,22,60161.93,147037,137,76,0,0
245583,1,22,1664,0,0,22,60161.93,147037,137,76,0,0
245711,1,22,1632,0,0,22,60161.93,147037,137,76,0,0
245833,1,21,1632,0,0,22,60161.93,147037,137,76,0,0
245933,1,21,1632,0,0,22,60161.93,147037,137,76,0,0
246060,1,21,1600,0,0,22,60161.93,147037,137,76,0,0
246163,1,21,1600,0,0,22,60161.93,147037,137,76,0,0
246283,1,21,1568,0,0,22,60161.93,147037,137,76,0,0
246397,1,22,1536,0,0,22,60161.93,147037,137,76,0,0
246511,1,21,1568,0,0,22,60161.93,147037,137,76,0,0
246628,1,20,1504,0,0,22,60161.93,147037,137,76,0,0
246733,1,20,1504,0,0,22,60161.93,147037,137,76,0,0
246833,1,20,1440,0,0,22,60161.93,147037,137,76,0,0
246963,1,19,1440,0,0,22,60161.93,147037,137,76,0,0
247083,1,19,1440,29,0,22,60161.93,147037,137,76,0,0
247183,1,19,1522,48,0,22,60161.93,147037,137,76,0,0
247310,1,19,1515,50,0,22,60161.93,147037,137,76,0,0
247411,1,19,1506,56,0,22,60161.93,147037,137,76,0,0
247533,1,19,1469,60,0,22,60161.93,147037,137,76,0,0
247639,1,19,1479,60,0,22,60161.93,147037,137,76,0,0
247768,1,19,1530,60,0,22,60161.93,147037,137,76,0,0
247884,1,20,1527,60,0,22,60162.96,147037,137,76,0,0
247983,1,20,1528,60,0,22,60162.96,147037,137,76,0,0
248083,1,20,1562,60,0,22,60162.96,147037,137,76,0,0
248211,1,20,1538,60,0,22,60162.96,147037,137,76,0,0
248323,1,21,1573,60,0,22,60162.96,147037,137,76,0,0
248433,1,21,1610,60,0,22,60162.96,147037,137,76,0,0
248563,1,21,1649,60,0,22,60162.96,147037,137,76,0,0
248663,1,22,1643,60,0,22,60162.96,147037,137,76,0,0
248783,1,22,1671,60,0,22,60162.96,147037,137,76,0,0
248886,1,22,1675,60,0,22,60162.96,147037,137,76,0,0
249013,1,22,1710,60,0,22,60163.98,147037,137,76,0,0
249111,1,23,1743,60,0,22,60163.98,147037,137,76,0,0
249233,1,23,1745,60,0,22,60163.98,147037,137,76,0,0
249333,1,23,1778,60,0,22,60163.98,147037,137,76,0,0
249473,1,23,1815,60,0,22,60163.98,147037,137,76,0,0
249583,1,24,1819,60,0,22,60163.98,147037,137,76,0,0
249703,1,24,1825,53,0,22,60163.98,147037,137,76,0,0
249811,1,24,1827,46,0,22,60163.98,147037,137,76,0,0
249933,1,24,1870,40,0,22,60163.98,147037,137,76,0,0
250033,1,24,1875,38,0,22,60165.01,147037,137,76,0,0
250162,1,25,1856,38,0,22,60165.01,147037,137,76,0,0
250268,1,25,1919,38,0,22,60165.01,147037,137,76,0,0
250333,1,25,1919,38,0,22,60165.01,147037,137,76,0,0
250484,1,25,1900,38,0,22,60165.01,147037,137,76,0,0
250611,1,25,1935,36,0,22,60165.01,147037,137,76,0,0
250711,1,25,1937,36,0,22,60165.01,147037,137,76,0,0
250833,1,25,1937,36,0,22,60165.01,147037,137,76,0,0
250960,1,26,1965,36,0,22,60165.01,147037,137,76,0,0
251074,1,26,1961,36,0,22,60165.01,147037,137,76,0,0
251184,1,26,1960,35,0,22,60165.01,147037,137,76,0,0
251283,1,26,1992,34,0,22,60166.05,147037,137,76,0,0
251360,1,26,1992,31,0,22,60166.05,147037,137,76,0,0
251513,1,26,1989,29,0,22,60166.05,147037,137,76,0,0
251639,1,26,2013,27,0,22,60166.05,147037,137,76,0,0
251733,1,26,2035,27,0,22,60166.05,147037,137,76,0,0
251823,1,26,2034,27,0,22,60166.05,147037,137,76,0,0
251983,1,27,2030,27,0,22,60166.05,147037,137,76,0,0
252083,1,27,2030,27,0,22,60166.05,147037,137,76,0,0
252211,1,27,2061,27,0,22,60166.05,147037,137,76,0,0
252323,1,27,2028,27,0,22,60166.05,147037,137,76,0,0
252433,1,27,2060,20,0,22,60166.05,147037,137,76,0,0
252533,1,27,2060,0,0,22,60166.05,147037,134,76,0,0
252663,1,27,2047,0,0,22,60166.05,147037,134,76,0,0
252783,1,27,2027,0,0,22,60166.05,147037,134,76,0,0
252886,1,27,2022,0,0,22,60167.07,147037,134,76,0,0
253013,1,27,2021,0,0,22,60167.07,147037,134,76,0,0
253111,1,27,2017,0,0,22,60167.07,147037,134,76,0,0
253233,1,27,2017,0,0,22,60167.07,147037,134,76,0,0
253333,1,26,1986,0,0,22,60167.07,147037,134,76,0,0
253472,1,26,2021,16,0,22,60167.07,147037,134,76,0,0
253583,1,26,2019,28,0,22,60167.07,147037,134,76,0,0
253683,1,26,2065,32,0,22,60167.07,147037,134,76,0,0
253812,1,27,2008,32,0,22,60167.07,147037,134,76,0,0
253911,1,26,2029,32,0,22,60167.07,147037,134,76,0,0
254033,1,27,2026,32,0,22,60167.07,147037,134,76,0,0
254139,1,27,2022,32,0,22,60167.07,147037,134,76,0,0
254264,1,27,2016,32,0,22,60167.07,147037,134,76,0,0
254333,1,27,2016,32,0,22,60167.07,147037,134,76,0,0
254483,1,27,2077,32,0,22,60167.07,147037,134,76,0,0
254583,1,27,2077,32,0,22,60168.10,147037,134,76,0,0
254711,1,27,2049,26,0,22,60168.10,147037,134,76,0,0
254833,1,27,2051,6,0,22,60168.10,147037,134,76,0,0
254933,1,27,2058,6,0,22,60168.10,147037,134,76,0,0
255063,1,27,2058,6,0,22,60168.10,147037,134,76,0,0
255160,1,27,2058,6,0,22,60168.10,147037,134,76,0,0
255284,1,27,2054,6,0,22,60168.10,147037,134,76,0,0
255360,1,27,2054,6,0,22,60168.10,147037,134,76,0,0
255511,1,27,2053,6,0,22,60168.10,147037,134,76,0,0
255611,1,27,2054,6,0,22,60168.10,147037,134,76,0,0
255733,1,27,2057,6,0,22,60168.10,147037,134,76,0,0
255862,1,27,2058,5,0,22,60168.10,147037,134,76,0,0
255963,1,27,2058,5,0,22,60168.10,147037,134,76,0,0
256084,1,27,2027,5,0,22,60168.10,147037,134,76,0,0
256203,1,27,2026,4,0,22,60168.10,147037,134,76,0,0
256311,1,27,2025,4,0,22,60168.10,147037,134,76,0,0
256416,1,27,2022,3,0,22,60169.11,147037,134,76,0,0
256533,1,27,2020,3,0,22,60169.11,147037,134,76,0,0
256639,1,27,2020,2,0,22,60169.11,147037,134,76,0,0
256733,1,27,2019,1,0,22,60169.11,147037,134,76,0,0
256833,1,27,2018,0,0,22,60169.11,147037,134,76,0,0
256983,1,26,2016,0,0,22,60169.11,147037,134,75,0,0
257111,1,26,2016,0,0,22,60169.11,147037,134,75,0,0
257211,1,26,2014,0,0,22,60169.11,147037,134,75,0,0
257333,1,26,2013,0,0,22,60169.11,147037,134,75,0,0
257454,1,26,2014,0,0,22,60169.11,147037,134,75,0,0
257563,1,26,2001,0,0,22,60169.11,147037,134,75,0,0
257683,1,26,1982,0,0,22,60169.11,147037,134,75,0,0
257783,1,26,1959,0,0,22,60169.11,147037,134,75,0,0
257910,1,26,1934,0,0,22,60169.11,147037,134,75,0,0
258011,1,25,1947,0,0,22,60169.11,147037,134,75,0,0
258138,1,25,1946,0,0,22,60169.11,147037,134,75,0,0
258233,1,25,1934,1,0,22,60169.11,147037,134,75,0,0
258359,1,25,1918,1,0,22,60169.11,147037,134,75,0,0
258472,1,25,1917,3,0,22,60169.11,147037,134,75,0,0
258583,1,25,1888,9,0,22,60169.11,147037,134,75,0,0
258703,1,25,1893,13,0,22,60169.11,147037,134,75,0,0
258811,1,25,1927,16,0,22,60169.11,147037,134,75,0,0
258933,1,25,1912,16,0,22,60169.11,147037,134,75,0,0
259033,1,25,1858,16,0,22,60169.11,147037,134,75,0,0
259160,1,25,1891,15,0,22,60170.13,147037,134,75,0,0
259269,1,25,1894,11,0,22,60170.13,147037,134,75,0,0
259389,1,25,1891,11,0,22,60170.13,147037,134,75,0,0
259484,1,25,1912,8,0,22,60170.13,147037,134,75,0,0
259611,1,25,1906,0,0,22,60170.13,147037,134,75,0,0
259711,1,25,1869,0,0,22,60170.13,147037,134,75,0,0
259833,1,25,1862,0,0,22,60170.13,147037,134,75,0,0
259953,1,25,1826,0,0,22,60170.13,147037,134,75,0,0
260064,1,25,1889,0,0,22,60170.13,147037,134,75,0,0
260183,1,25,1858,0,0,22,60170.13,147037,134,75,0,0
260283,1,24,1873,0,0,22,60170.13,147037,134,75,0,0
260411,1,24,1862,0,0,22,60170.13,147037,134,75,0,0
260511,1,24,1880,0,0,22,60170.13,147037,134,75,0,0
260638,1,24,1852,0,0,22,60170.13,147037,134,75,0,0
260733,1,24,1834,0,0,22,60170.13,147037,134,75,0,0
260863,1,24,1805,0,0,22,60170.13,147037,134,75,0,0
260963,1,24,1819,0,0,22,60170.13,147037,134,75,0,0
261083,1,23,1773,0,0,22,60170.13,147037,134,75,0,0
261183,1,23,1787,0,0,22,60170.13,147037,134,75,0,0
261323,1,23,1741,0,0,22,60170.13,147037,134,75,0,0
261433,1,23,1755,0,0,22,60170.13,147037,134,75,0,0
261533,1,23,1741,0,0,22,60170.13,147037,134,75,0,0
261662,1,22,1711,0,0,22,60170.13,147037,134,75,0,0
261768,1,22,1708,0,0,22,60170.13,147037,134,75,0,0
261833,1,22,1708,0,0,22,60170.13,147037,134,75,0,0
261983,1,22,1664,0,0,22,60170.13,147037,134,75,0,0
262112,1,22,1664,0,0,22,60170.13,147037,134,75,0,0
262211,1,22,1632,0,0,22,60170.13,147037,134,75,0,0
262333,1,22,1632,0,0,22,60170.13,147037,134,75,0,0
262463,1,21,1632,0,0,22,60170.13,147037,134,75,0,0
262574,1,21,1600,0,0,22,60170.13,147037,134,75,0,0
262683,1,21,1600,0,0,22,60170.13,147037,134,75,0,0
262783,1,21,1600,0,0,22,60170.13,147037,134,75,0,0
262913,1,21,1568,0,0,22,60170.13,147037,134,75,0,0
263033,1,20,1536,0,0,22,60170.13,147037,134,75,0,0
263138,1,20,1536,20,0,22,60170.13,147037,134,75,0,0
263233,1,20,1504,43,0,22,60170.13,147037,134,75,0,0
263333,1,20,1553,56,0,22,60170.13,147037,134,75,0,0
263483,1,20,1591,62,0,22,60170.13,147037,134,75,0,0
263583,1,20,1572,63,0,22,60171.16,147037,134,75,0,0
263711,1,20,1564,63,0,22,60171.16,147037,134,75,0,0
263823,1,20,1539,62,0,22,60171.16,147037,134,75,0,0
263933,1,20,1586,57,0,22,60171.16,147037,134,75,0,0
264060,1,21,1578,54,0,22,60171.16,147037,134,75,0,0
264163,1,21,1597,53,0,22,60171.16,147037,134,75,0,0
264283,1,21,1624,53,0,22,60171.16,147037,134,75,0,0
264385,1,21,1622,53,0,22,60171.16,147037,134,75,0,0
264512,1,21,1658,52,0,22,60172.17,147037,134,75,0,0
264611,1,22,1662,48,0,22,60172.17,147037,134,75,0,0
264733,1,22,1662,13,0,22,60172.17,147037,134,75,0,0
264833,1,22,1644,1,0,22,60172.17,147037,134,75,0,0
264963,1,22,1653,0,0,22,60172.17,147037,134,75,0,0
265083,1,22,1644,0,0,22,60172.17,147037,134,75,0,0
265203,1,21,1642,0,0,22,60172.17,147037,134,75,0,0
265311,1,21,1609,0,0,22,60172.17,147037,134,75,0,0
265411,1,21,1609,0,0,22,60172.17,147037,134,75,0,0
265532,1,21,1610,0,6,22,60172.17,147037,134,75,0,0
265638,1,21,1579,0,14,22,60172.17,147037,134,75,0,0
265768,1,20,1563,0,24,22,60172.17,147037,134,75,0,0
265832,1,20,1563,0,26,22,60172.17,147037,134,75,0,0
265983,1,20,1525,0,32,22,60172.17,147037,134,75,0,0
266111,1,20,1493,0,38,22,60172.17,147037,134,75,0,0
266211,1,19,1460,0,42,22,60172.17,147037,134,75,0,0
266332,1,19,1414,0,48,22,60172.17,147037,134,75,0,0
266455,1,18,1395,0,48,22,60172.17,147037,134,75,0,0
266563,1,18,1313,0,62,22,60172.17,147037,134,75,0,0
266663,1,17,1316,0,60,22,60172.17,147037,134,75,0,0
266783,1,17,1283,0,62,22,60172.17,147037,134,75,0,0
266863,1,16,1282,0,62,22,60172.17,147037,134,75,0,0
267011,1,16,1250,0,62,22,60172.17,147037,134,75,0,0
267138,1,15,1218,0,64,22,60173.18,147037,134,75,0,0
267232,1,15,1218,0,64,22,60173.18,147037,134,75,0,0
267332,1,15,1218,0,64,22,60173.18,147037,134,75,0,0
267482,1,14,1186,0,64,22,60173.18,147037,134,75,0,0
267582,1,13,1185,0,64,22,60173.18,147037,134,75,0,0
267702,1,13,1154,0,64,22,60173.18,147037,134,75,0,0
267811,1,12,1154,0,66,22,60173.18,147037,134,75,0,0
267932,1,12,1154,0,70,22,60173.18,147037,134,75,0,0
268033,1,11,1122,0,74,22,60173.18,147037,134,75,0,0
268162,1,10,1122,0,78,22,60173.18,147037,134,75,0,0
268268,1,10,1122,0,78,22,60173.18,147037,134,75,0,0
268385,1,9,1123,0,76,22,60173.18,147037,134,75,0,0
268482,1,8,1123,0,76,22,60173.18,147037,134,75,0,0
268611,1,8,1091,0,72,22,60173.18,147037,134,75,0,0
268732,1,7,1091,0,70,22,60173.18,147037,134,75,0,0
268833,1,7,1091,0,68,22,60173.18,147037,134,75,0,0
268963,1,6,1059,0,68,22,60173.18,147037,134,75,0,0
269074,1,5,1059,0,54,22,60173.18,147037,134,75,0,0
269163,1,5,1059,0,46,22,60173.18,147037,134,75,0,0
269282,1,5,1059,0,4,22,60173.18,147037,134,75,0,0
269411,1,4,1058,0,10,22,60173.18,147037,134,75,0,0
269532,1,4,1026,0,24,22,60173.18,147037,134,75,0,0
269638,1,4,1025,0,38,22,60173.18,147037,134,75,0,0
269763,1,4,1053,0,40,22,60173.18,147037,134,75,0,0
269832,1,3,1021,0,40,22,60173.18,147037,134,75,0,0
269982,1,3,1019,0,28,22,60173.18,147037,134,75,0,0
270082,1,2,987,0,28,22,60173.18,147037,134,75,0,0
270212,1,0,954,0,26,22,60173.18,147037,134,75,0,0
270322,1,0,921,0,20,22,60174.18,147037,134,75,0,0
270433,1,0,888,0,20,22,60174.18,147037,134,75,0,0
270560,1,0,854,0,20,22,60174.18,147037,134,75,0,0
270663,1,0,854,0,20,22,60174.18,147037,134,75,0,0
270782,1,0,853,0,22,22,60174.18,147037,134,75,0,0
270894,1,0,854,0,22,22,60174.18,147037,134,75,0,0
271011,1,0,854,0,24,22,60174.18,147037,134,75,0,0
271111,1,0,854,0,28,22,60174.18,147037,134,75,0,0
271232,1,0,853,0,42,22,60174.18,147037,134,75,0,0
271332,1,0,851,0,52,22,60174.18,147037,134,75,0,0
271475,1,0,851,0,52,22,60174.18,147037,134,75,0,0
271582,1,0,851,0,128,22,60174.18,147037,134,75,0,0
271711,1,0,851,0,140,22,60174.18,147037,134,75,0,0
271822,1,0,852,0,146,22,60174.18,147037,134,75,0,0
272082,1,0,852,0,158,22,60174.18,147037,134,75,0,0
272202,1,0,852,0,170,22,60174.18,147037,134,75,0,0
272312,1,0,820,0,182,22,60174.18,147037,134,75,0,0
272385,1,0,820,0,196,22,60174.18,147037,134,75,0,0
272532,1,0,857,0,206,22,60174.18,147037,134,75,0,0
272660,1,0,860,0,210,22,60174.18,147037,134,75,0,0
272769,1,0,853,0,210,22,60174.18,147037,134,75,0,0
272885,1,0,851,0,208,22,60174.18,147037,134,75,0,0
272982,1,0,850,0,208,22,60174.18,147037,134,75,0,0
273111,1,0,850,0,206,22,60174.18,147037,134,75,0,0
273232,1,0,850,0,204,22,60174.18,147037,134,75,0,0
273332,1,0,850,0,198,22,60174.18,147037,134,75,0,0
273461,1,0,849,0,190,22,60174.18,147037,134,75,0,0
273574,1,0,849,0,182,22,60174.18,147037,134,75,0,0
273682,1,0,849,0,178,22,60174.18,147037,134,75,0,0
273782,1,0,849,0,176,22,60174.18,147037,134,75,0,0
273885,1,0,849,0,176,23,60174.18,147037,134,75,0,0
274032,1,0,849,0,176,23,60174.18,147037,134,75,0,0
274138,1,0,849,0,174,23,60174.18,147037,134,75,0,0
274263,1,0,850,0,174,23,60174.18,147037,134,75,0,0
274363,1,0,818,0,172,23,60175.19,147037,134,75,0,0
274483,1,0,850,0,172,23,60175.19,147037,134,75,0,0
274582,1,0,849,0,170,23,60175.19,147037,134,75,0,0
274711,1,0,850,0,170,23,60175.19,147037,134,75,0,0
274832,1,0,851,0,170,23,60175.19,147037,134,75,0,0
274952,1,0,860,0,168,23,60175.19,147037,134,75,0,0
275063,1,0,821,0,168,23,60175.19,147037,134,75,0,0
275182,1,0,847,0,166,23,60175.19,147037,134,75,0,0
275282,1,0,847,0,166,23,60175.19,147037,134,75,0,0
275363,1,0,847,0,166,23,60175.19,147037,134,75,0,0
275511,1,0,847,0,166,23,60175.19,147037,134,75,0,0
275638,1,0,847,0,166,23,60175.19,147037,134,75,0,0
275732,1,0,847,0,166,23,60175.19,147037,134,75,0,0
275863,1,0,846,0,166,23,60175.19,147037,134,75,0,0
275982,1,0,846,0,166,23,60175.19,147037,134,75,0,0
276082,1,0,846,0,166,23,60175.19,147037,134,75,0,0
276202,1,0,846,0,166,23,60175.19,147037,134,75,0,0
276322,1,0,846,0,166,23,60175.19,147037,134,75,0,0
276432,1,0,846,0,166,23,60175.19,147037,134,75,0,0
276532,1,0,846,0,166,23,60175.19,147037,134,75,0,0
276664,1,0,846,0,166,23,60175.19,147037,134,75,0,0
276782,1,0,846,0,166,23,60175.19,147037,134,75,0,0
276885,1,0,846,0,166,23,60175.19,147037,134,75,0,0
277011,1,0,846,0,166,23,60175.19,147037,134,75,0,0
277111,1,0,846,0,166,23,60175.19,147037,134,75,0,0
277232,1,0,846,0,166,23,60175.19,147037,134,75,0,0
277332,1,0,846,0,166,23,60175.19,147037,134,75,0,0
277464,1,0,846,0,166,23,60175.19,147037,134,75,0,0
277582,1,0,846,0,164,23,60175.19,147037,134,75,0,0
277682,1,0,847,0,164,23,60175.19,147037,134,75,0,0
277812,1,0,847,0,164,23,60175.19,147037,134,75,0,0
277915,1,0,847,0,164,23,60175.19,147037,134,75,0,0
278032,1,0,848,0,164,23,60175.19,147037,134,75,0,0
278138,1,0,848,0,164,23,60175.19,147037,134,75,0,0
278263,1,0,848,0,164,23,60175.19,147037,134,75,0,0
278385,1,0,848,0,162,23,60175.19,147037,134,75,0,0
278484,1,0,849,0,162,23,60175.19,147037,134,75,0,0
278612,1,0,849,0,162,23,60176.20,147037,134,75,0,0
278711,1,0,849,0,162,23,60176.20,147037,134,75,0,0
278832,1,0,849,0,162,23,60176.20,147037,134,75,0,0
278952,1,0,849,0,162,23,60176.20,147037,134,75,0,0
279063,1,0,849,0,162,23,60176.20,147037,134,75,0,0
279182,1,0,850,0,160,23,60176.20,147037,134,75,0,0
279282,1,0,849,0,160,23,60176.20,147037,134,75,0,0
279365,1,0,850,0,160,23,60176.20,147037,134,75,0,0
279511,1,0,850,0,160,23,60176.20,147037,134,75,0,0
279638,1,0,850,0,160,23,60176.20,147037,134,75,0,0
279732,1,0,850,0,160,23,60176.20,147037,134,75,0,0
279866,1,0,851,0,158,23,60176.20,147037,134,75,0,0
279982,1,0,851,0,158,23,60176.20,147037,134,75,0,0
280082,1,0,851,0,158,23,60176.20,147037,134,75,0,0
280211,1,0,851,0,158,23,60176.20,147037,134,75,0,0
280322,1,0,851,0,158,23,60176.20,147037,134,75,0,0
280432,1,0,851,0,158,23,60176.20,147037,134,75,0,0
280532,1,0,851,0,158,23,60176.20,147037,134,75,0,0
280663,1,0,849,0,158,23,60176.20,147037,134,75,0,0
280786,1,0,849,0,158,23,60176.20,147037,134,75,0,0
280885,1,0,849,0,158,23,60176.20,147037,134,75,0,0
281011,1,0,849,0,158,23,60176.20,147037,134,75,0,0
281118,1,0,849,0,158,23,60176.20,147037,134,75,0,0
281232,1,0,849,0,158,23,60176.20,147037,134,75,0,0
281360,1,0,848,0,158,23,60176.20,147037,134,75,0,0
281475,1,0,848,0,158,23,60176.20,147037,134,75,0,0
281582,1,0,848,0,158,23,60176.20,147037,134,75,0,0
281702,1,0,848,0,158,23,60176.20,147037,134,75,0,0
281812,1,0,848,0,158,23,60176.20,147037,134,75,0,0
281885,1,0,848,0,158,23,60176.20,147037,134,75,0,0
282032,1,0,847,0,158,23,60176.20,147037,134,75,0,0
282163,1,0,847,0,158,23,60176.20,147037,134,75,0,0
282268,1,0,847,0,158,23,60176.20,147037,134,75,0,0
282364,1,0,847,0,158,23,60176.20,147037,134,75,0,0
282483,1,0,848,0,158,23,60176.20,147037,137,75,0,0
282615,1,0,849,0,158,23,60176.20,147037,137,75,0,0
282732,1,0,849,0,158,23,60176.20,147037,137,75,0,0
282832,1,0,849,0,158,23,60176.20,147037,137,75,0,0
282962,1,0,848,0,158,23,60177.20,147037,137,76,0,0
283074,1,0,849,0,158,23,60177.20,147037,137,76,0,0
283182,1,0,849,0,158,23,60177.20,147037,137,76,0,0
283282,1,0,849,0,158,23,60177.20,147037,137,76,0,0
283385,1,0,849,0,158,23,60177.20,147037,137,76,0,0
283532,1,0,849,0,158,23,60177.20,147037,137,76,0,0
283638,1,0,849,0,158,23,60177.20,147037,137,76,0,0
283762,1,0,849,0,158,23,60177.20,147037,137,76,0,0
283863,1,0,849,0,158,23,60177.20,147037,137,76,0,0
283989,1,0,849,0,156,23,60177.20,147037,137,76,0,0
284082,1,0,848,0,156,23,60177.20,147037,137,76,0,0
284212,1,0,847,0,158,23,60177.20,147037,137,76,0,0
284332,1,0,847,0,158,23,60177.20,147037,137,76,0,0
284432,1,0,847,0,158,23,60177.20,147037,137,76,0,0
284564,1,0,847,0,158,23,60177.20,147037,137,76,0,0
284663,1,0,847,0,158,23,60177.20,147037,137,76,0,0
284782,1,0,847,0,160,23,60177.20,147037,137,76,0,0
284863,1,0,847,0,160,23,60177.20,147037,137,76,0,0
285012,1,0,846,0,162,23,60177.20,147037,137,76,0,0
285112,1,0,846,0,162,23,60177.20,147037,137,76,0,0
285232,1,0,846,0,162,23,60177.20,147037,137,76,0,0
285365,1,0,847,0,162,23,60177.20,147037,137,76,0,0
285475,1,0,847,0,162,23,60177.20,147037,137,76,0,0
285582,1,0,847,0,162,23,60177.20,147037,137,76,0,0
285703,1,0,848,0,162,23,60177.20,147037,137,76,0,0
285822,1,0,848,0,162,23,60177.20,147037,137,76,0,0
285937,1,0,848,0,162,23,60177.20,147037,137,76,0,0
286032,1,0,848,0,162,23,60177.20,147037,137,76,0,0
286165,1,0,848,0,162,23,60177.20,147037,137,76,0,0
286262,1,0,848,0,162,23,60177.20,147037,137,76,0,0
286385,1,0,848,0,162,23,60177.20,147037,137,76,0,0
286483,1,0,849,0,162,23,60177.20,147037,137,76,0,0
286612,1,0,849,0,162,23,60177.20,147037,137,76,0,0
286733,1,0,849,0,162,23,60177.20,147037,137,76,0,0
286832,1,0,849,0,162,23,60177.20,147037,137,76,0,0
286964,1,0,849,0,162,23,60177.20,147037,137,76,0,0
287081,1,0,849,0,162,23,60177.20,147037,137,76,0,0
287182,1,0,849,0,162,23,60178.20,147037,137,76,0,0
287282,1,0,849,0,162,23,60178.20,147037,137,76,0,0
287422,1,0,849,0,162,23,60178.20,147037,137,76,0,0
287532,1,0,849,0,162,23,60178.20,147037,137,76,0,0
287638,1,0,849,0,160,23,60178.20,147037,137,76,0,0
287765,1,0,848,0,162,23,60178.20,147037,137,76,0,0
287864,1,0,847,0,162,23,60178.20,147037,137,76,0,0
287984,1,0,847,0,162,23,60178.20,147037,137,76,0,0
288082,1,0,847,0,162,23,60178.20,147037,137,76,0,0
288212,1,0,847,0,162,23,60178.20,147037,137,76,0,0
288332,1,0,847,0,166,23,60178.20,147037,137,76,0,0
288432,1,0,847,0,170,23,60178.20,147037,137,76,0,0
288564,1,0,849,0,174,23,60178.20,147037,137,76,0,0
288666,1,0,850,0,174,23,60178.20,147037,137,76,0,0
288782,1,0,850,0,174,23,60178.20,147037,137,76,0,0
288885,1,0,850,0,174,23,60178.20,147037,137,76,0,0
289012,1,0,849,0,174,23,60178.20,147037,137,76,0,0
289138,1,0,849,0,172,23,60178.20,147037,137,76,0,0
289234,1,0,850,0,170,23,60178.20,147037,137,76,0,0
289364,1,0,850,0,170,23,60178.20,147037,137,76,0,0
289474,1,0,849,0,34,23,60178.20,147037,137,76,0,0
289582,1,0,849,0,0,23,60178.20,147037,137,76,0,0
289702,1,0,850,15,0,23,60178.20,147037,137,76,0,0
289822,1,0,920,59,0,23,60178.20,147037,137,76,0,0
289885,1,0,1038,67,0,23,60178.20,147037,137,76,0,0
290056,1,0,1381,67,0,23,60178.20,147037,137,76,0,0
290165,1,0,1619,67,0,23,60178.20,147037,137,76,0,0
290282,1,0,1788,67,0,23,60179.27,147037,137,76,0,0
290385,1,0,1806,67,0,23,60179.27,147037,137,76,0,0
290486,1,0,1806,62,0,23,60179.27,147037,137,76,0,0
290614,1,3,1772,61,0,23,60179.27,147037,137,76,0,0
290714,1,4,1764,60,0,23,60179.27,147037,137,76,0,0
290832,1,5,1731,60,0,23,60180.29,147037,137,76,0,0
290964,1,7,1701,60,0,23,60180.29,147037,137,76,0,0
291082,1,8,1670,60,0,23,60180.29,147037,137,76,0,0
291182,1,9,1644,60,0,23,60180.29,147037,137,76,0,0
291282,1,10,1603,60,0,23,60180.29,147037,137,76,0,0
291385,1,11,1661,60,0,23,60181.37,147037,137,76,0,0
291532,1,11,1722,65,0,23,60181.37,147037,137,76,0,0
291657,1,12,1854,85,0,23,60181.37,147037,137,76,0,0
291765,1,13,1969,89,0,23,60181.37,147037,137,76,0,0
291884,1,14,2075,89,0,23,60181.37,147037,137,76,0,0
291984,1,14,2117,90,0,23,60182.42,147037,137,76,0,0
292114,1,15,2247,88,0,23,60182.42,147037,137,76,0,0
292214,1,16,2358,86,0,23,60182.42,147037,137,76,0,0
292332,1,16,2441,74,0,23,60182.42,147037,137,76,0,0
292457,1,17,2474,72,0,23,60182.42,147037,137,76,0,0
292574,1,18,2536,68,0,23,60183.50,147037,137,76,0,0
292682,1,18,2617,63,0,23,60183.50,147037,137,76,0,0
292782,1,18,2636,45,0,23,60183.50,147037,137,76,0,0
292885,1,19,2543,0,0,23,60183.50,147037,137,76,0,0
293032,1,18,2402,0,0,23,60183.50,147037,137,76,0,0
293137,1,18,2258,0,0,23,60183.50,147037,137,76,0,0
293257,1,18,2112,0,0,23,60183.50,147037,137,76,0,0
293364,1,18,1982,0,0,23,60183.50,147037,137,76,0,0
293485,1,18,1868,0,0,23,60183.50,147037,137,76,0,0
293582,1,18,1911,0,0,23,60183.50,147037,137,76,0,0
293714,1,17,1837,0,0,23,60183.50,147037,137,76,0,0
293832,1,17,1734,16,0,23,60183.50,147037,137,76,0,0
293885,1,17,1666,16,0,23,60183.50,147037,137,76,0,0
294064,1,17,1270,24,0,23,60184.52,147037,137,76,0,0
294165,1,17,1368,31,0,23,60184.52,147037,137,76,0,0
294282,1,17,1357,40,0,23,60184.52,147037,137,76,0,0
294364,1,17,1314,48,0,23,60184.52,147037,137,76,0,0
294514,1,17,1350,66,0,23,60184.52,147037,137,76,0,0
294637,1,17,1401,81,0,23,60184.52,147037,137,76,0,0
294732,1,18,1377,82,0,23,60184.52,147037,137,76,0,0
294864,1,18,1426,82,0,23,60184.52,147037,137,76,0,0
294982,1,18,1440,82,0,23,60184.52,147037,137,76,0,0
295082,1,19,1442,82,0,23,60185.59,147037,137,76,0,0
295203,1,19,1494,82,0,23,60185.59,147037,137,76,0,0
295322,1,19,1529,82,0,23,60185.59,147037,137,76,0,0
295385,1,20,1561,82,0,23,60185.59,147037,137,76,0,0
295532,1,20,1562,82,0,23,60185.59,147037,137,76,0,0
295665,1,21,1586,82,0,23,60185.59,147037,137,76,0,0
295781,1,21,1615,82,0,23,60185.59,147037,137,76,0,0
295885,1,21,1645,80,0,23,60186.62,147037,137,76,0,0
295982,1,21,1643,78,0,23,60186.62,147037,137,76,0,0
296114,1,22,1670,78,0,23,60186.62,147037,137,76,0,0
296232,1,22,1696,63,0,23,60186.62,147037,137,76,0,0
296332,1,22,1726,52,0,23,60186.62,147037,137,76,0,0
296385,1,22,1724,52,0,23,60186.62,147037,137,76,0,0
296572,1,22,1732,59,0,23,60186.62,147037,137,75,0,0
296682,1,23,1733,68,0,23,60186.62,147037,137,75,0,0
296782,1,23,1732,73,0,23,60187.64,147037,137,75,0,0
296864,1,23,1749,75,0,23,60187.64,147037,137,75,0,0
297033,1,23,1778,75,0,23,60187.64,147037,137,75,0,0
297137,1,23,1820,75,0,23,60187.64,147037,137,75,0,0
297265,1,24,1800,75,0,23,60187.64,147037,137,75,0,0
297365,1,24,1842,75,0,23,60187.64,147037,137,75,0,0
297485,1,24,1842,75,0,23,60187.64,147037,137,75,0,0
297582,1,24,1875,77,0,23,60188.66,147037,137,75,0,0
297714,1,24,1906,77,0,23,60188.66,147037,137,75,0,0
297833,1,25,1903,77,0,23,60188.66,147037,137,75,0,0
297951,1,25,1936,77,0,23,60188.66,147037,137,75,0,0
298064,1,25,1968,76,0,23,60188.66,147037,137,75,0,0
298182,1,26,1966,51,0,23,60188.66,147037,137,75,0,0
298282,1,26,1942,36,0,23,60189.71,147037,137,75,0,0
298384,1,26,1977,36,0,23,60189.71,147037,137,75,0,0
298514,1,26,1968,41,0,23,60189.71,147037,137,75,0,0
298637,1,26,2001,53,0,23,60189.71,147037,137,75,0,0
298756,1,26,2007,55,0,23,60189.71,147037,137,75,0,0
298864,1,26,2015,59,0,23,60189.71,147037,137,75,0,0
298982,1,26,2006,60,0,23,60189.71,147037,137,75,0,0
299082,1,26,1984,60,0,23,60189.71,147037,137,75,0,0
299213,1,26,2013,36,0,23,60190.71,147037,137,75,0,0
299322,1,26,1940,0,0,23,60190.71,147037,137,75,0,0
299384,1,26,1951,0,0,23,60190.71,147037,137,75,0,0
299556,1,26,1770,0,0,23,60190.71,147037,137,75,0,0
299665,1,26,1632,0,0,23,60190.71,147037,137,75,0,0
299781,1,26,1612,0,0,23,60190.71,147037,137,75,0,0
299884,1,25,1595,0,0,23,60190.71,147037,137,75,0,0
300014,1,25,1520,0,0,23,60190.71,147037,137,75,0,0
300114,1,25,1452,0,0,23,60190.71,147037,137,75,0,0
300232,1,25,1417,0,0,23,60190.71,147037,137,75,0,0
300357,1,25,1317,19,0,23,60190.71,147037,137,75,0,0
300470,1,24,1320,42,0,23,60190.71,147037,137,75,0,0
300582,1,25,1314,77,0,23,60190.71,147037,137,75,0,0
300702,1,25,1351,90,0,23,60190.71,147037,137,75,0,0
300814,1,25,1352,90,0,23,60190.71,147037,137,75,0,0
300927,1,25,1350,90,0,23,60190.71,147037,137,75,0,0
301031,1,25,1356,90,0,23,60191.73,147037,137,75,0,0
301157,1,26,1392,89,0,23,60191.73,147037,137,75,0,0
301266,1,26,1393,77,0,23,60191.73,147037,137,75,0,0
301384,1,26,1386,70,0,23,60191.73,147037,137,75,0,0
301485,1,26,1418,68,0,23,60191.73,147037,137,75,0,0
301614,1,26,1425,59,0,23,60191.73,147037,137,75,0,0
301731,1,27,1436,52,0,23,60191.73,147037,137,75,0,0
301831,1,27,1411,51,0,23,60191.73,147037,137,75,0,0
301957,1,27,1428,51,0,23,60191.73,147037,137,75,0,0
302071,1,27,1425,42,0,23,60192.75,147037,137,75,0,0
302181,1,27,1427,29,0,23,60192.75,147037,137,75,0,0
302281,1,27,1414,27,0,23,60192.75,147037,137,75,0,0
302385,1,27,1426,27,0,23,60192.75,147037,137,75,0,0
302531,1,27,1454,27,0,23,60192.75,147037,137,75,0,0
302637,1,27,1457,27,0,23,60192.75,147037,137,75,0,0
302757,1,27,1461,28,0,23,60192.75,147037,137,75,0,0
302864,1,27,1463,33,0,23,60192.75,147037,137,75,0,0
302981,1,27,1463,37,0,23,60192.75,147037,137,75,0,0
303081,1,27,1471,37,0,23,60192.75,147037,137,75,0,0
303214,1,27,1446,37,0,23,60192.75,147037,137,75,0,0
303331,1,27,1444,31,0,23,60192.75,147037,137,75,0,0
303438,1,27,1444,24,0,23,60192.75,147037,137,75,0,0
303556,1,27,1443,24,0,23,60192.75,147037,137,75,0,0
303665,1,27,1445,23,0,23,60193.77,147037,137,75,0,0
303781,1,27,1441,23,0,23,60193.77,147037,137,75,0,0
303864,1,27,1441,23,0,23,60193.77,147037,137,75,0,0
304015,1,27,1443,23,0,23,60193.77,147037,137,75,0,0
304114,1,27,1476,23,0,23,60193.77,147037,137,75,0,0
304231,1,28,1477,1,0,23,60193.77,147037,137,75,0,0
304356,1,28,1445,0,0,23,60193.77,147037,137,75,0,0
304465,1,28,1452,0,0,23,60193.77,147037,137,75,0,0
304581,1,28,1442,0,0,23,60193.77,147037,137,75,0,0
304701,1,28,1470,0,0,23,60193.77,147037,137,75,0,0
304821,1,28,1501,0,0,23,60193.77,147037,137,75,0,0
304884,1,27,1502,0,0,23,60193.77,147037,137,75,0,0
305056,1,27,1501,0,0,23,60193.77,147037,137,75,0,0
305165,1,28,1468,0,0,23,60193.77,147037,137,75,0,0
305281,1,27,1468,0,0,23,60193.77,147037,137,75,0,0
305384,1,27,1467,0,0,23,60193.77,147037,137,75,0,0
305515,1,27,1467,0,0,23,60193.77,147037,137,75,0,0
305614,1,27,1467,0,0,23,60193.77,147037,137,75,0,0
305731,1,27,1466,0,0,23,60193.77,147037,137,75,0,0
305863,1,27,1464,0,0,23,60193.77,147037,137,75,0,0
305964,1,27,1464,0,0,23,60193.77,147037,137,75,0,0
306081,1,27,1463,0,0,23,60193.77,147037,137,75,0,0
306201,1,27,1463,0,0,23,60193.77,147037,137,75,0,0
306314,1,27,1430,0,0,23,60193.77,147037,137,75,0,0
306384,1,27,1430,0,0,23,60193.77,147037,137,75,0,0
306531,1,27,1429,8,0,23,60193.77,147037,137,75,0,0
306656,1,27,1429,9,0,23,60194.79,147037,137,75,0,0
306764,1,27,1438,10,0,23,60194.79,147037,137,75,0,0
306884,1,27,1409,10,0,23,60194.79,147037,137,75,0,0
306981,1,27,1441,11,0,23,60194.79,147037,137,75,0,0
307114,1,26,1411,14,0,23,60194.79,147037,137,75,0,0
307231,1,27,1413,34,0,23,60194.79,147037,137,75,0,0
307331,1,27,1420,45,0,23,60194.79,147037,137,75,0,0
307456,1,27,1470,50,0,23,60194.79,147037,137,75,0,0
307571,1,27,1425,53,0,23,60194.79,147037,137,75,0,0
307681,1,27,1432,56,0,23,60194.79,147037,137,75,0,0
307781,1,27,1469,57,0,23,60194.79,147037,137,75,0,0
307864,1,27,1441,59,0,23,60194.79,147037,137,75,0,0
308014,1,27,1475,63,0,23,60194.79,147037,137,75,0,0
308137,1,27,1476,65,0,23,60194.79,147037,137,75,0,0
308256,1,28,1494,68,0,23,60194.79,147037,137,75,0,0
308364,1,28,1526,69,0,23,60195.82,147037,137,75,0,0
308481,1,28,1534,72,0,23,60195.82,147037,137,75,0,0
308581,1,28,1506,75,0,23,60195.82,147037,137,75,0,0
308701,1,29,1547,76,0,23,60195.82,147037,137,75,0,0
308821,1,29,1561,78,0,23,60195.82,147037,137,75,0,0
308884,1,29,1563,85,0,23,60195.82,147037,137,75,0,0
309031,1,29,1576,93,0,23,60195.82,147037,137,75,0,0
309165,1,30,1607,96,0,23,60195.82,147037,137,75,0,0
309281,1,30,1650,98,0,23,60195.82,147037,137,75,0,0
309384,1,31,1662,98,0,23,60196.87,147037,137,75,0,0
309513,1,31,1668,98,0,23,60196.87,147038,137,75,0,0
309614,1,31,1701,98,0,23,60196.87,147038,137,75,0,0
309731,1,32,1703,99,0,23,60196.87,147038,137,75,0,0
309831,1,32,1745,99,0,23,60196.87,147038,137,75,0,0
309964,1,32,1759,100,0,23,60196.87,147038,137,75,0,0
310081,1,33,1765,102,0,23,60197.91,147038,137,75,0,0
310181,1,33,1803,104,0,23,60197.91,147038,137,75,0,0
310281,1,34,1810,104,0,23,60197.91,147038,137,75,0,0
310384,1,34,1852,105,0,23,60197.91,147038,137,75,0,0
310531,1,34,1861,105,0,23,60197.91,147038,137,75,0,0
310637,1,35,1872,106,0,23,60197.91,147038,137,75,0,0
310764,1,35,1916,106,0,23,60198.93,147038,137,75,0,0
310864,1,36,1922,107,0,23,60198.93,147038,137,75,0,0
310981,1,36,1927,107,0,23,60198.93,147038,137,75,0,0
311081,1,36,1968,108,0,23,60198.93,147038,137,75,0,0
311214,1,37,2006,108,0,23,60199.98,147038,137,75,0,0
311331,1,37,2014,108,0,23,60199.98,147038,137,75,0,0
311433,1,38,2023,108,0,23,60199.98,147038,137,75,0,0
311564,1,38,2071,108,0,23,60199.98,147038,137,75,0,0
311681,1,39,2109,110,0,23,60199.98,147038,137,75,0,0
311856,1,40,2115,110,0,23,60201.04,147038,137,75,0,0
311965,1,40,2164,110,0,23,60201.04,147038,137,75,0,0
312081,1,40,2173,107,0,23,60201.04,147038,137,75,0,0
312181,1,41,2178,68,0,23,60202.06,147038,137,75,0,0
312281,1,41,2060,0,0,23,60202.06,147038,137,75,0,0
312364,1,41,2049,0,0,23,60202.06,147038,137,75,0,0
312531,1,41,1896,0,0,23,60202.06,147038,134,75,0,0
312637,1,41,1766,0,0,23,60202.06,147038,134,75,0,0
312764,1,41,1611,0,0,23,60202.06,147038,134,75,0,0
312864,1,41,1604,0,0,23,60202.06,147038,134,75,0,0
312982,1,41,1604,24,0,23,60202.06,147038,134,75,0,0
313081,1,41,1652,56,0,23,60202.06,147038,134,75,0,0
313217,1,41,1626,69,0,23,60202.06,147038,134,75,0,0
313331,1,41,1641,92,0,23,60202.06,147038,134,76,0,0
313432,1,41,1645,97,0,23,60202.06,147038,134,76,0,0
313563,1,41,1632,98,0,23,60203.10,147038,134,76,0,0
313665,1,41,1675,98,0,23,60203.10,147038,134,76,0,0
313781,1,42,1687,98,0,23,60203.10,147038,134,76,0,0
313863,1,42,1664,98,0,23,60203.10,147038,134,76,0,0
314014,1,42,1703,98,0,23,60203.10,147038,134,76,0,0
314137,1,42,1711,98,0,23,60204.11,147038,134,76,0,0
314231,1,43,1712,98,0,23,60204.11,147038,134,76,0,0
314364,1,43,1736,98,0,23,60204.11,147038,134,76,0,0
314478,1,43,1739,95,0,23,60204.11,147038,134,76,0,0
314581,1,44,1769,89,0,23,60204.11,147038,134,76,0,0
314701,1,44,1790,73,0,23,60204.11,147038,134,76,0,0
314813,1,44,1779,64,0,23,60205.16,147038,134,76,0,0
314884,1,44,1783,60,0,23,60205.16,147038,134,76,0,0
315031,1,44,1778,57,0,23,60205.16,147038,134,76,0,0
315157,1,44,1762,60,0,23,60205.16,147038,134,76,0,0
315264,1,45,1765,63,0,23,60205.16,147038,134,76,0,0
315384,1,45,1782,63,0,23,60205.16,147038,134,76,0,0
315483,1,45,1796,63,0,23,60205.16,147038,134,76,0,0
315613,1,45,1808,63,0,23,60205.16,147038,134,76,0,0
315731,1,45,1810,63,0,23,60206.16,147038,134,76,0,0
315831,1,45,1814,69,0,23,60206.16,147038,134,76,0,0
315956,1,45,1847,69,0,23,60206.16,147038,134,76,0,0
316071,1,46,1839,82,0,23,60206.16,147038,134,76,0,0
316181,1,46,1841,82,0,23,60206.16,147038,134,76,0,0
316281,1,46,1849,82,0,23,60206.16,147038,134,76,0,0
316364,1,46,1887,82,0,23,60206.16,147038,134,76,0,0
316531,1,46,1887,82,0,23,60207.18,147038,134,76,0,0
316637,1,46,1886,82,0,23,60207.18,147038,134,76,0,0
316756,1,47,1886,80,0,23,60207.18,147038,134,76,0,0
316863,1,47,1875,79,0,23,60207.18,147038,134,76,0,0
316981,1,47,1907,78,0,23,60207.18,147038,134,76,0,0
317081,1,47,1888,78,0,23,60207.18,147038,134,76,0,0
317214,1,48,1914,78,0,23,60208.23,147038,134,76,0,0
317331,1,48,1888,88,0,23,60208.23,147038,134,76,0,0
317431,1,48,1922,89,0,23,60208.23,147038,134,76,0,0
317556,1,48,1939,89,0,23,60208.23,147038,134,76,0,0
317664,1,48,1947,89,0,23,60208.23,147038,134,76,0,0
317781,1,49,1920,91,0,23,60208.23,147038,134,76,0,0
317884,1,49,1955,94,0,23,60209.23,147038,134,76,0,0
318013,1,49,1964,94,0,23,60209.23,147038,134,76,0,0
318113,1,49,2005,93,0,23,60209.23,147038,134,76,0,0
318231,1,50,2008,90,0,23,60209.23,147038,134,76,0,0
318356,1,50,2009,90,0,23,60209.23,147038,134,76,0,0
318464,1,50,2005,94,0,23,60210.32,147038,134,76,0,0
318582,1,50,2024,97,0,23,60210.32,147038,134,76,0,0
318701,1,50,2025,98,0,23,60210.32,147038,134,76,0,0
318813,1,51,2027,98,0,23,60210.32,147038,134,76,0,0
318884,1,51,2035,98,0,23,60210.32,147038,134,76,0,0
319031,1,51,2071,98,0,23,60210.32,147038,134,76,0,0
319156,1,52,2074,98,0,23,60211.40,147038,134,76,0,0
319265,1,52,2085,96,0,23,60211.40,147038,134,76,0,0
319364,1,52,2088,82,0,23,60211.40,147038,134,76,0,0
319483,1,53,2076,0,0,23,60211.40,147038,134,76,0,0
319613,1,53,1985,0,0,23,60211.40,147038,134,76,0,0
319731,1,52,1927,0,0,23,60211.40,147038,134,76,0,0
319831,1,52,1800,0,0,23,60211.40,147038,134,76,0,0
319956,1,53,1632,0,0,23,60211.40,147038,134,76,0,0
320071,1,52,1537,0,0,23,60211.40,147038,134,76,0,0
320182,1,52,1529,0,0,23,60211.40,147038,134,76,0,0
320281,1,52,1482,0,0,23,60212.41,147038,134,76,0,0
320384,1,52,1411,0,0,23,60212.41,147038,134,76,0,0
320513,1,52,1375,0,0,23,60212.41,147038,134,76,0,0
320636,1,52,1342,0,0,23,60212.41,147038,134,76,0,0
320756,1,52,1307,14,0,23,60212.41,147038,134,76,0,0
320863,1,51,1661,50,0,23,60212.41,147038,134,76,0,0
320981,1,51,1789,89,0,23,60212.41,147038,134,76,0,0
321081,1,52,1643,100,0,23,60212.41,147038,134,76,0,0
321214,1,51,1668,110,0,23,60212.41,147038,134,76,0,0
321321,1,52,1670,115,0,23,60212.41,147038,134,76,0,0
321431,1,52,1692,115,0,23,60212.41,147038,134,76,0,0
321556,1,52,1673,115,0,23,60212.41,147038,134,77,0,0
321664,1,53,1666,115,0,23,60213.48,147038,134,77,0,0
321781,1,53,1709,115,0,23,60213.48,147038,134,77,0,0
321864,1,53,1721,115,0,23,60213.48,147038,134,77,0,0
322013,1,53,1696,115,0,23,60213.48,147038,134,77,0,0
322114,1,53,1698,108,0,23,60214.56,147038,134,77,0,0
322231,1,54,1757,80,0,23,60214.56,147038,134,77,0,0
322356,1,54,1728,66,0,23,60214.56,147038,134,77,0,0
322465,1,54,1712,21,0,23,60214.56,147038,134,77,0,0
322581,1,54,1735,14,0,23,60214.56,147038,134,77,0,0
322681,1,54,1754,14,0,23,60214.56,147038,134,77,0,0
322781,1,54,1732,14,0,23,60214.56,147038,134,77,0,0
322884,1,54,1752,14,0,23,60214.56,147038,134,77,0,0
323031,1,54,1753,20,0,23,60214.56,147038,134,77,0,0
323156,1,54,1757,21,0,23,60214.56,147038,134,77,0,0
323265,1,54,1709,25,0,23,60215.58,147038,134,77,0,0
323364,1,54,1742,31,0,23,60215.58,147038,134,77,0,0
323482,1,54,1754,33,0,23,60215.58,147038,134,77,0,0
323614,1,54,1736,33,0,23,60215.58,147038,134,77,0,0
323714,1,54,1710,33,0,23,60215.58,147038,134,77,0,0
323831,1,54,1711,33,0,23,60215.58,147038,134,77,0,0
323884,1,54,1710,33,0,23,60215.58,147038,134,77,0,0
324071,1,54,1704,33,0,23,60215.58,147038,134,77,0,0
324180,1,54,1704,33,0,23,60215.58,147038,134,77,0,0
324281,1,54,1703,33,0,23,60215.58,147038,134,77,0,0
324384,1,54,1703,33,0,23,60215.58,147038,134,77,0,0
324514,1,54,1704,33,0,23,60215.58,147038,134,77,0,0
324636,1,54,1710,33,0,23,60215.58,147038,134,77,0,0
324731,1,53,1707,33,0,23,60215.58,147038,134,77,0,0
324864,1,54,1700,33,0,23,60216.58,147038,134,77,0,0
324980,1,53,1699,33,0,23,60216.58,147038,134,77,0,0
325081,1,53,1698,35,0,23,60216.58,147038,134,77,0,0
325201,1,53,1698,39,0,23,60216.58,147038,134,77,0,0
325321,1,53,1702,41,0,23,60216.58,147038,134,77,0,0
325383,1,53,1711,44,0,23,60216.58,147038,134,77,0,0
325530,1,53,1722,48,0,23,60216.58,147038,134,77,0,0
325664,1,53,1705,49,0,23,60216.58,147038,134,77,0,0
325764,1,53,1713,50,0,23,60216.58,147038,134,77,0,0
325883,1,53,1718,50,0,23,60216.58,147038,134,77,0,0
325981,1,53,1720,50,0,23,60216.58,147038,134,77,0,0
326114,1,53,1721,50,0,23,60216.58,147038,134,77,0,0
326231,1,53,1720,50,0,23,60217.61,147038,134,77,0,0
326330,1,53,1718,50,0,23,60217.61,147038,134,77,0,0
326457,1,53,1713,50,0,23,60217.61,147038,134,77,0,0
326572,1,53,1707,50,0,23,60217.61,147038,134,77,0,0
326681,1,53,1708,50,0,23,60217.61,147038,134,77,0,0
326781,1,53,1711,50,0,23,60217.61,147038,134,77,0,0
326883,1,53,1712,50,0,23,60217.61,147038,134,77,0,0
327030,1,53,1713,61,0,23,60217.61,147038,134,77,0,0
327136,1,53,1714,66,0,23,60217.61,147038,134,77,0,0
327256,1,53,1725,68,0,23,60217.61,147038,134,77,0,0
327364,1,53,1710,69,0,23,60218.63,147038,134,77,0,0
327482,1,53,1710,71,0,23,60218.63,147038,134,77,0,0
327581,1,53,1708,74,0,23,60218.63,147038,134,77,0,0
327715,1,54,1712,75,0,23,60218.63,147038,134,77,0,0
327830,1,54,1716,75,0,23,60218.63,147038,134,77,0,0
327935,1,54,1749,75,0,23,60218.63,147038,134,77,0,0
328064,1,54,1748,75,0,23,60218.63,147038,134,77,0,0
328164,1,54,1751,75,0,23,60218.63,147038,134,77,0,0
328280,1,54,1754,75,0,23,60219.64,147038,134,77,0,0
328383,1,54,1755,75,0,23,60219.64,147038,134,77,0,0
328514,1,54,1756,75,0,23,60219.64,147038,134,77,0,0
328636,1,54,1755,75,0,23,60219.64,147038,134,77,0,0
328730,1,55,1756,75,0,23,60219.64,147038,134,77,0,0
328864,1,55,1752,75,0,23,60219.64,147038,134,77,0,0
328964,1,55,1752,75,0,23,60219.64,147038,134,77,0,0
329080,1,55,1789,75,0,23,60220.68,147038,134,77,0,0
329200,1,55,1791,76,0,23,60220.68,147038,134,77,0,0
329320,1,55,1760,76,0,23,60220.68,147038,134,77,0,0
329383,1,55,1764,76,0,23,60220.68,147038,134,78,0,0
329530,1,55,1767,76,0,23,60220.68,147038,134,78,0,0
329664,1,55,1775,76,0,23,60220.68,147038,134,78,0,0
329764,1,56,1776,76,0,23,60220.68,147038,134,78,0,0
329883,1,56,1776,79,0,23,60221.71,147038,134,78,0,0
329980,1,56,1777,82,0,23,60221.71,147038,134,78,0,0
330115,1,56,1815,84,0,23,60221.71,147038,134,78,0,0
330230,1,56,1800,86,0,23,60221.71,147038,134,78,0,0
330330,1,56,1805,91,0,23,60221.71,147038,134,78,0,0
330383,1,56,1805,91,0,23,60221.71,147038,134,78,0,0
330570,1,56,1793,99,0,23,60221.71,147038,134,78,0,0
330681,1,57,1815,102,0,23,60222.72,147038,134,78,0,0
330780,1,57,1832,106,0,23,60222.72,147038,134,78,0,0
330864,1,57,1850,109,0,23,60222.72,147038,134,78,0,0
331014,1,57,1828,109,0,23,60222.72,147038,134,78,0,0
331137,1,58,1840,110,0,23,60222.72,147038,134,78,0,0
331255,1,58,1848,106,0,23,60223.73,147038,134,78,0,0
331370,1,58,1854,60,0,23,60223.73,147038,134,78,0,0
331482,1,58,1790,0,0,23,60223.73,147038,134,78,0,0
331580,1,58,1722,0,0,23,60223.73,147038,134,78,0,0
331702,1,58,1579,0,0,23,60223.73,147038,134,78,0,0
331820,1,58,1482,0,0,23,60223.73,147038,134,78,0,0
331933,1,58,1459,0,0,23,60223.73,147038,134,78,0,0
332030,1,58,1396,15,0,23,60223.73,147038,134,78,0,0
332164,1,58,1376,44,0,23,60223.73,147038,134,78,0,0
332264,1,58,1666,73,0,23,60223.73,147038,134,78,0,0
332383,1,58,1520,97,0,23,60224.77,147038,134,78,0,0
332481,1,57,1606,107,0,23,60224.77,147038,134,78,0,0
332614,1,58,1579,111,0,23,60224.77,147038,134,78,0,0
332730,1,58,1573,111,0,23,60224.77,147038,134,78,0,0
332830,1,58,1618,111,0,23,60224.77,147038,134,78,0,0
332959,1,58,1628,111,0,23,60224.77,147038,134,78,0,0
333071,1,59,1612,107,0,23,60225.84,147038,134,78,0,0
333180,1,59,1616,99,0,23,60225.84,147038,134,78,0,0
333280,1,59,1615,93,0,23,60225.84,147038,134,78,0,0
333383,1,59,1604,90,0,23,60225.84,147038,134,78,0,0
333530,1,59,1643,88,0,23,60225.84,147038,134,78,0,0
333636,1,59,1623,87,0,23,60225.84,147038,134,78,0,0
333755,1,59,1633,87,0,23,60225.84,147038,134,78,0,0
333864,1,60,1610,87,0,23,60226.91,147038,134,78,0,0
333980,1,60,1663,86,0,23,60226.91,147038,134,78,0,0
334080,1,60,1656,85,0,23,60226.91,147038,134,78,0,0
334214,1,60,1656,84,0,23,60226.91,147038,134,78,0,0
334330,1,60,1659,79,0,23,60226.91,147038,134,78,0,0
334445,1,60,1662,76,0,23,60226.91,147038,134,78,0,0
334555,1,60,1632,76,0,23,60226.91,147038,134,78,0,0
334664,1,60,1656,76,0,23,60227.97,147038,134,78,0,0
334780,1,60,1652,74,0,23,60227.97,147038,134,78,0,0
334883,1,60,1651,74,0,23,60227.97,147038,134,78,0,0
335014,1,61,1650,74,0,23,60227.97,147038,134,78,0,0
335114,1,61,1648,73,0,23,60227.97,147038,134,78,0,0
335230,1,60,1648,73,0,23,60227.97,147038,134,78,0,0
335355,1,61,1640,73,0,23,60227.97,147038,134,78,0,0
335469,1,61,1668,69,0,23,60227.97,147038,134,78,0,0
335580,1,61,1676,68,0,23,60229.02,147038,134,78,0,0
335680,1,61,1675,68,0,23,60229.02,147038,134,78,0,0
335780,1,61,1668,68,0,23,60229.02,147038,134,78,0,0
335883,1,61,1668,68,0,23,60229.02,147038,134,78,0,0
336030,1,61,1670,66,0,23,60229.02,147038,134,78,0,0
336136,1,61,1670,65,0,23,60229.02,147038,134,78,0,0
336264,1,61,1695,65,0,23,60229.02,147038,134,78,0,0
336364,1,61,1686,65,0,23,60229.02,147038,134,78,0,0
336481,1,61,1686,65,0,23,60229.02,147038,134,78,0,0
336580,1,61,1685,65,0,23,60230.07,147038,134,78,0,0
336716,1,61,1690,69,0,23,60230.07,147038,134,78,0,0
336830,1,61,1691,75,0,23,60230.07,147038,134,78,0,0
336930,1,61,1674,76,0,23,60230.07,147038,134,78,0,0
337064,1,61,1665,78,0,23,60230.07,147038,134,78,0,0
337164,1,61,1699,81,0,23,60230.07,147038,134,78,0,0
337280,1,62,1675,81,0,23,60230.07,147038,134,78,0,0
337383,1,62,1676,70,0,23,60230.07,147038,134,78,0,0
337516,1,62,1671,57,0,23,60231.09,147038,134,78,0,0
337635,1,62,1692,42,0,23,60231.09,147038,134,78,0,0
337730,1,62,1681,41,0,23,60231.09,147038,134,78,0,0
337855,1,62,1688,41,0,23,60231.09,147038,134,78,0,0
337964,1,62,1678,41,0,23,60231.09,147038,134,78,0,0
338080,1,62,1680,40,0,23,60231.09,147038,134,78,0,0
338200,1,61,1692,40,0,23,60231.09,147038,134,78,0,0
338314,1,61,1665,40,0,23,60231.09,147038,134,78,0,0
338383,1,61,1667,40,0,23,60231.09,147038,134,78,0,0
338530,1,61,1668,40,0,23,60231.09,147038,134,78,0,0
338656,1,61,1667,40,0,23,60231.09,147038,134,78,0,0
338765,1,61,1695,40,0,23,60232.10,147038,134,78,0,0
338883,1,61,1691,40,0,23,60232.10,147038,134,78,0,0
338980,1,61,1691,42,0,23,60232.10,147038,134,78,0,0
339114,1,61,1688,51,0,23,60232.10,147038,134,78,0,0
339230,1,61,1668,65,0,23,60232.10,147038,134,78,0,0
339330,1,61,1671,66,0,23,60232.10,147038,134,78,0,0
339454,1,61,1664,66,0,23,60232.10,147038,134,78,0,0
339571,1,61,1671,66,0,23,60232.10,147038,134,78,0,0
339680,1,61,1670,66,0,23,60232.10,147038,134,78,0,0
339780,1,61,1667,57,0,23,60232.10,147038,134,78,0,0
339883,1,61,1694,53,0,23,60233.12,147038,134,78,0,0
340030,1,61,1694,36,0,23,60233.12,147038,134,78,0,0
340136,1,61,1681,26,0,23,60233.12,147038,134,78,0,0
340255,1,61,1691,22,0,23,60233.12,147038,134,78,0,0
340365,1,61,1682,15,0,23,60233.12,147038,134,78,0,0
340481,1,61,1673,15,0,23,60233.12,147038,134,78,0,0
340580,1,61,1666,25,0,23,60233.12,147038,134,78,0,0
340714,1,61,1672,27,0,23,60233.12,147038,134,78,0,0
340830,1,61,1694,0,0,23,60233.12,147038,134,78,0,0
340914,1,61,1667,0,0,23,60233.12,147038,134,78,0,0
341055,1,61,1644,0,0,23,60233.12,147038,134,78,0,0
341164,1,61,1646,0,0,23,60233.12,147038,134,78,0,0
341280,1,61,1645,0,0,23,60233.12,147038,134,78,0,0
341383,1,60,1645,0,0,23,60233.12,147038,134,78,0,0
341514,1,60,1645,0,0,23,60233.12,147038,134,78,0,0
341615,1,60,1644,0,0,23,60233.12,147038,134,78,0,0
341730,1,60,1643,0,0,23,60234.12,147038,134,78,0,0
341855,1,60,1642,0,0,23,60234.12,147038,134,78,0,0
341965,1,60,1647,23,0,23,60234.12,147038,134,78,0,0
342080,1,60,1644,31,0,23,60234.12,147038,134,78,0,0
342200,1,60,1677,62,0,23,60234.12,147038,134,78,0,0
342314,1,59,1617,79,0,23,60234.12,147038,134,78,0,0
342383,1,60,1656,89,0,23,60234.12,147038,134,78,0,0
342530,1,60,1661,101,0,23,60234.12,147038,137,78,0,0
342655,1,60,1651,109,0,23,60234.12,147038,137,78,0,0
342765,1,60,1656,112,0,23,60234.12,147038,137,78,0,0
342883,1,60,1639,112,0,23,60235.14,147038,137,78,0,0
342980,1,60,1653,113,0,23,60235.14,147038,137,78,0,0
343114,1,60,1661,113,0,23,60235.14,147038,137,78,0,0
343230,1,60,1634,113,0,23,60235.14,147038,137,78,0,0
343330,1,61,1666,113,0,23,60235.14,147038,137,78,0,0
343459,1,61,1669,113,0,23,60236.15,147038,137,78,0,0
343571,1,61,1693,113,0,23,60236.15,147038,137,78,0,0
343680,1,61,1694,113,0,23,60236.15,147038,137,78,0,0
343780,1,61,1665,113,0,23,60236.15,147038,137,78,0,0
343883,1,62,1666,113,0,23,60236.15,147038,137,78,0,0
344030,1,62,1665,108,0,23,60237.19,147038,137,78,0,0
344136,1,62,1665,105,0,23,60237.19,147038,137,78,0,0
344255,1,62,1696,103,0,23,60237.19,147038,137,78,0,0
344365,1,62,1720,103,0,23,60237.19,147038,137,78,0,0
344481,1,63,1713,103,0,23,60238.21,147038,137,78,0,0
344580,1,63,1708,103,0,23,60238.21,147038,137,78,0,0
344714,1,63,1707,104,0,23,60238.21,147038,137,78,0,0
344830,1,63,1700,104,0,23,60238.21,147038,137,78,0,0
344914,1,63,1696,104,0,23,60238.21,147038,137,78,0,0
345055,1,63,1758,104,0,23,60238.21,147038,137,78,0,0
345165,1,64,1757,104,0,23,60239.26,147038,137,78,0,0
345280,1,64,1732,104,0,23,60239.26,147038,137,78,0,0
345383,1,64,1735,104,0,23,60239.26,147038,137,78,0,0
345515,1,64,1771,104,0,23,60239.26,147038,137,78,0,0
345636,1,64,1775,104,0,23,60239.26,147038,137,78,0,0
345730,1,64,1779,103,0,23,60240.32,147038,137,78,0,0
345865,1,65,1772,98,0,23,60240.32,147038,137,78,0,0
345980,1,65,1779,96,0,23,60240.32,147038,137,78,0,0
346080,1,65,1773,96,0,23,60240.32,147038,137,78,0,0
346200,1,65,1803,96,0,23,60240.32,147038,137,78,0,0
346321,1,65,1799,96,0,23,60241.39,147038,137,78,0,0
346438,1,66,1822,95,0,23,60241.39,147038,137,78,0,0
346530,1,66,1816,92,0,23,60241.39,147038,137,78,0,0
346655,1,66,1813,86,0,23,60241.39,147038,137,78,0,0
346781,1,67,1813,78,0,23,60241.39,147038,137,78,0,0
346883,1,67,1847,72,0,23,60241.39,147038,137,78,0,0
346980,1,67,1850,72,0,23,60242.45,147038,137,78,0,0
347115,1,67,1831,72,0,23,60242.45,147038,137,78,0,0
347231,1,67,1852,65,0,23,60242.45,147038,137,78,0,0
347330,1,67,1829,61,0,23,60242.45,147038,137,78,0,0
347459,1,67,1825,59,0,23,60242.45,147038,137,78,0,0
347580,1,68,1827,59,0,23,60242.45,147038,137,78,0,0
347680,1,68,1858,59,0,23,60242.45,147038,137,78,0,0
347780,1,68,1857,59,0,23,60242.45,147038,137,78,0,0
347865,1,68,1858,59,0,23,60243.47,147038,137,78,0,0
348030,1,68,1885,58,0,23,60243.47,147038,137,78,0,0
348135,1,68,1886,58,0,23,60243.47,147038,137,78,0,0
348255,1,68,1887,56,0,23,60243.47,147038,137,78,0,0
348368,1,68,1863,55,0,23,60243.47,147038,137,78,0,0
348481,1,68,1859,54,0,23,60243.47,147038,137,78,0,0
348580,1,69,1858,53,0,23,60243.47,147038,137,78,0,0
348715,1,69,1856,52,0,23,60243.47,147038,137,78,0,0
348831,1,69,1913,48,0,23,60244.52,147038,137,78,0,0
348883,1,69,1871,48,0,23,60244.52,147038,137,78,0,0
349055,1,69,1897,35,0,23,60244.52,147038,137,78,0,0
349179,1,69,1906,21,0,23,60244.52,147038,137,78,0,0
349280,1,69,1900,12,0,23,60244.52,147038,137,78,0,0
349365,1,69,1901,0,0,23,60244.52,147038,137,78,0,0
349515,1,69,1918,0,0,23,60244.52,147038,137,78,0,0
349617,1,69,1913,0,0,23,60244.52,147038,137,78,0,0
349754,1,69,1911,0,0,23,60244.52,147038,137,78,0,0
349865,1,69,1914,0,0,23,60244.52,147038,137,78,0,0
349980,1,69,1914,0,0,23,60244.52,147038,137,78,0,0
350080,1,70,1915,0,0,23,60244.52,147038,137,78,0,0
350200,1,69,1916,0,0,23,60244.52,147038,137,78,0,0
350323,1,69,1916,0,0,23,60244.52,147038,137,78,0,0
350383,1,70,1917,0,0,23,60244.52,147038,137,78,0,0
350555,1,70,1917,0,0,23,60244.52,147038,137,78,0,0
350665,1,70,1916,0,0,23,60245.52,147038,137,78,0,0
350780,1,70,1867,0,0,23,60245.52,147038,137,78,0,0
350883,1,70,1899,0,0,23,60245.52,147038,137,78,0,0
351014,1,70,1893,0,0,23,60245.52,147038,137,78,0,0
351115,1,70,1902,0,0,23,60245.52,147038,137,78,0,0
351230,1,70,1913,0,0,23,60245.52,147038,137,78,0,0
351355,1,70,1902,0,0,23,60245.52,147038,137,78,0,0
351467,1,70,1913,0,0,23,60245.52,147038,137,78,0,0
351580,1,70,1902,0,0,23,60245.52,147038,137,78,0,0
351680,1,70,1917,0,0,23,60245.52,147038,137,78,0,0
351780,1,70,1900,0,0,23,60245.52,147038,137,78,0,0
351883,1,70,1917,0,0,23,60245.52,147038,137,78,0,0
352030,1,70,1902,0,0,23,60245.52,147038,137,78,0,0
352155,1,70,1888,1,0,23,60245.52,147038,137,78,0,0
352268,1,70,1894,2,0,23,60245.52,147038,137,78,0,0
352367,1,70,1894,2,0,23,60245.52,147038,137,78,0,0
352480,1,70,1915,3,0,23,60245.52,147038,137,78,0,0
352615,1,70,1906,3,0,23,60245.52,147038,137,78,0,0
352729,1,70,1894,3,0,23,60245.52,147038,137,78,0,0
352830,1,70,1890,3,0,23,60245.52,147038,137,78,0,0
352956,1,70,1890,3,0,23,60245.52,147038,137,78,0,0
353230,1,70,1890,3,0,23,60245.52,147038,137,78,0,0
353330,1,70,1890,3,0,23,60245.52,147038,137,78,0,0
353458,1,70,1922,3,0,23,60245.52,147038,137,78,0,0
353575,1,70,1923,3,0,23,60245.52,147038,137,78,0,0
353680,1,70,1892,3,0,23,60245.52,147038,137,78,0,0
353780,1,70,1892,3,0,23,60245.52,147038,137,78,0,0
353883,1,70,1924,3,0,23,60245.52,147038,137,78,0,0
354030,1,70,1924,3,0,23,60246.53,147038,137,78,0,0
354135,1,70,1925,3,0,23,60246.53,147038,137,78,0,0
354256,1,70,1893,3,0,23,60246.53,147038,137,78,0,0
354368,1,70,1924,3,0,23,60246.53,147038,137,78,0,0
354480,1,70,1892,3,0,23,60246.53,147038,137,78,0,0
354580,1,70,1892,3,0,23,60246.53,147038,137,78,0,0
354718,1,70,1892,3,0,23,60246.53,147038,137,78,0,0
354830,1,70,1892,3,0,23,60246.53,147038,137,78,0,0
354949,1,70,1892,3,0,23,60246.53,147038,137,78,0,0
355055,1,70,1892,2,0,23,60246.53,147038,137,78,0,0
355168,1,70,1860,0,0,23,60246.53,147038,137,78,0,0
355280,1,70,1892,0,0,23,60246.53,147038,137,78,0,0
355383,1,70,1892,0,0,23,60246.53,147038,137,78,0,0
355517,1,70,1892,0,0,23,60246.53,147038,137,78,0,0
355617,1,69,1892,0,0,23,60246.53,147038,137,78,0,0
355738,1,69,1892,0,0,23,60246.53,147038,137,78,0,0
355855,1,69,1891,0,0,23,60246.53,147038,137,78,0,0
355969,1,69,1877,0,0,23,60246.53,147038,137,78,0,0
356080,1,69,1881,0,0,23,60246.53,147038,137,78,0,0
356200,1,68,1873,0,0,23,60247.54,147038,137,78,0,0
356317,1,68,1867,0,0,23,60247.54,147038,137,78,0,0
356382,1,68,1867,5,0,23,60247.54,147038,137,78,0,0
356530,1,68,1884,29,0,23,60247.54,147038,137,78,0,0
356654,1,68,1889,31,0,23,60247.54,147038,137,78,0,0
356768,1,68,1881,33,0,23,60247.54,147038,137,78,0,0
356882,1,68,1884,33,0,23,60247.54,147038,137,78,0,0
356980,1,68,1882,33,0,23,60247.54,147038,137,78,0,0
357117,1,68,1882,33,0,23,60247.54,147038,137,78,0,0
357229,1,68,1883,33,0,23,60247.54,147038,137,78,0,0
357330,1,68,1883,33,0,23,60247.54,147038,137,78,0,0
357457,1,68,1885,34,0,23,60247.54,147038,137,78,0,0
357575,1,68,1857,35,0,23,60247.54,147038,137,78,0,0
357680,1,68,1862,36,0,23,60247.54,147038,137,78,0,0
357779,1,68,1868,37,0,23,60247.54,147038,137,78,0,0
357882,1,68,1873,37,0,23,60248.57,147038,137,78,0,0
358029,1,68,1877,37,0,23,60248.57,147038,137,78,0,0
358135,1,68,1878,37,0,23,60248.57,147038,137,78,0,0
358254,1,68,1878,37,0,23,60248.57,147038,137,78,0,0
358367,1,68,1877,37,0,23,60248.57,147038,137,78,0,0
358480,1,68,1872,37,0,23,60248.57,147038,137,78,0,0
358579,1,68,1871,37,0,23,60248.57,147038,137,78,0,0
358717,1,68,1869,37,0,23,60248.57,147038,137,78,0,0
358829,1,68,1871,37,0,23,60248.57,147038,137,78,0,0
358943,1,68,1874,37,0,23,60248.57,147038,137,78,0,0
359054,1,68,1874,38,0,23,60249.57,147038,137,78,0,0
359168,1,68,1875,38,0,23,60249.57,147038,137,78,0,0
359279,1,68,1877,38,0,23,60249.57,147038,137,78,0,0
359382,1,68,1880,39,0,23,60249.57,147038,137,78,0,0
359517,1,68,1880,39,0,23,60249.57,147038,137,78,0,0
359635,1,68,1881,40,0,23,60249.57,147038,137,78,0,0
359729,1,68,1882,40,0,23,60249.57,147038,137,78,0,0
359854,1,68,1885,40,0,23,60249.57,147038,137,78,0,0
359979,1,68,1886,39,0,23,60249.57,147038,137,78,0,0
360079,1,68,1886,26,0,23,60249.57,147038,137,78,0,0
360181,1,68,1876,18,0,23,60250.61,147038,137,78,0,0
360323,1,68,1872,17,0,23,60250.61,147038,137,78,0,0
360382,1,68,1883,16,0,23,60250.61,147038,137,78,0,0
360529,1,68,1878,15,0,23,60250.61,147038,137,78,0,0
360654,1,68,1882,16,0,23,60250.61,147038,137,78,0,0
360767,1,68,1886,18,0,23,60250.61,147038,137,78,0,0
360882,1,68,1887,21,0,23,60250.61,147038,137,78,0,0
360979,1,68,1860,24,0,23,60250.61,147038,137,78,0,0
361117,1,68,1838,26,0,23,60250.61,147038,137,78,0,0
361229,1,68,1844,26,0,23,60250.61,147038,137,78,0,0
361329,1,68,1848,28,0,23,60250.61,147038,137,78,0,0
361457,1,68,1850,29,0,23,60250.61,147038,137,78,0,0
361579,1,68,1883,29,0,23,60250.61,147038,137,78,0,0
361682,1,68,1856,29,0,23,60251.64,147038,137,78,0,0
361779,1,68,1857,23,0,23,60251.64,147038,137,78,0,0
361882,1,68,1824,6,0,23,60251.64,147038,137,78,0,0
362030,1,68,1835,0,0,23,60251.64,147038,137,78,0,0
362135,1,68,1845,0,0,23,60251.64,147038,137,78,0,0
362254,1,68,1829,0,0,23,60251.64,147038,137,78,0,0
362368,1,68,1824,0,0,23,60251.64,147038,137,78,0,0
362480,1,68,1854,0,0,23,60251.64,147038,137,78,0,0
362579,1,68,1854,0,0,23,60251.64,147038,137,78,0,0
362699,1,67,1851,0,0,23,60251.64,147038,137,78,0,0
362829,1,67,1851,0,0,23,60251.64,147038,137,77,0,0
362882,1,67,1850,0,0,23,60251.64,147038,137,77,0,0
363054,1,67,1850,24,0,23,60251.64,147038,137,77,0,0
363167,1,67,1838,26,0,23,60251.64,147038,137,77,0,0
363279,1,67,1831,28,0,23,60251.64,147038,137,77,0,0
363382,1,67,1843,28,0,23,60251.64,147038,137,77,0,0
363517,1,67,1846,28,0,23,60252.65,147038,137,77,0,0
363635,1,67,1847,14,0,23,60252.65,147038,137,77,0,0
363729,1,67,1847,4,0,23,60252.65,147038,137,77,0,0
363854,1,66,1808,2,0,23,60252.65,147038,137,77,0,0
363967,1,66,1793,2,0,23,60252.65,147038,137,77,0,0
364079,1,66,1821,2,0,23,60252.65,147038,137,77,0,0
364199,1,66,1821,0,0,23,60252.65,147038,137,77,0,0
364279,1,66,1820,0,0,23,60252.65,147038,137,77,0,0
364417,1,66,1819,0,0,23,60252.65,147038,137,77,0,0
364529,1,66,1818,0,0,23,60252.65,147038,137,77,0,0
364655,1,66,1819,0,0,23,60252.65,147038,137,77,0,0
364767,1,66,1818,0,0,23,60252.65,147038,137,77,0,0
364882,1,66,1786,0,0,23,60252.65,147038,137,77,0,0
364979,1,66,1781,0,0,23,60252.65,147038,137,77,0,0
365117,1,65,1823,0,0,23,60252.65,147038,137,77,0,0
365229,1,65,1799,3,0,23,60252.65,147038,137,77,0,0
365329,1,65,1813,4,0,23,60252.65,147038,137,77,0,0
365417,1,65,1780,4,0,23,60252.65,147038,137,77,0,0
365574,1,65,1780,16,0,23,60252.65,147038,137,77,0,0
365681,1,65,1781,28,0,23,60253.65,147038,137,77,0,0
365779,1,65,1804,34,0,23,60253.65,147038,137,77,0,0
365882,1,65,1809,39,0,23,60253.65,147038,137,77,0,0
366029,1,65,1769,49,0,23,60253.65,147038,137,77,0,0
366135,1,65,1772,50,0,23,60253.65,147038,137,77,0,0
366255,1,65,1784,44,0,23,60253.65,147038,137,77,0,0
366368,1,65,1778,5,0,23,60253.65,147038,137,77,0,0
366480,1,65,1762,0,0,23,60253.65,147038,137,77,0,0
366579,1,65,1770,0,0,23,60253.65,147038,137,77,0,0
366699,1,65,1783,0,0,23,60253.65,147038,137,77,0,0
366829,1,65,1777,0,0,23,60253.65,147038,137,77,0,0
366938,1,65,1776,0,0,23,60253.65,147038,137,77,0,0
367055,1,65,1778,0,0,23,60253.65,147038,137,77,0,0
367168,1,65,1778,0,0,23,60253.65,147038,137,77,0,0
367279,1,64,1778,0,0,23,60254.66,147038,137,77,0,0
367382,1,64,1778,0,0,23,60254.66,147038,137,77,0,0
367517,1,64,1764,0,0,23,60254.66,147038,137,77,0,0
367617,1,64,1757,0,0,23,60254.66,147038,137,77,0,0
367729,1,64,1747,0,0,23,60254.66,147038,137,77,0,0
367854,1,64,1702,0,0,23,60254.66,147038,137,77,0,0
367967,1,64,1753,0,0,23,60254.66,147038,137,77,0,0
368079,1,64,1754,0,0,23,60254.66,147038,137,77,0,0
368200,1,64,1743,0,0,23,60254.66,147038,137,77,0,0
368317,1,64,1754,0,0,23,60254.66,147038,137,77,0,0
368382,1,64,1740,0,0,23,60254.66,147038,137,77,0,0
368529,1,64,1754,0,0,23,60254.66,147038,137,77,0,0
368654,1,63,1708,0,0,23,60254.66,147038,137,77,0,0
368767,1,63,1721,0,0,23,60254.66,147038,137,77,0,0
368882,1,63,1708,0,0,23,60254.66,147038,137,77,0,0
368979,1,63,1708,0,0,23,60254.66,147038,137,77,0,0
369117,1,63,1696,0,0,23,60254.66,147038,137,77,0,0
369230,1,62,1696,0,0,23,60254.66,147038,137,77,0,0
369329,1,62,1696,0,0,23,60254.66,147038,137,77,0,0
369455,1,62,1696,0,0,23,60254.66,147038,137,77,0,0
369579,1,62,1664,0,0,23,60254.66,147039,137,77,0,0
369680,1,62,1664,0,0,23,60254.66,147039,137,77,0,0
369779,1,61,1664,0,0,23,60254.66,147039,137,77,0,0
369918,1,61,1664,0,0,23,60254.66,147039,137,77,0,0
370029,1,61,1664,0,0,23,60254.66,147039,137,77,0,0
370154,1,61,1664,0,0,23,60254.66,147039,137,77,0,0
370267,1,61,1632,0,0,23,60254.66,147039,137,77,0,0
370367,1,61,1632,0,0,23,60254.66,147039,137,77,0,0
370480,1,60,1632,0,0,23,60254.66,147039,137,77,0,0
370579,1,60,1632,0,0,23,60254.66,147039,137,77,0,0
370717,1,60,1632,0,0,23,60254.66,147039,137,77,0,0
370829,1,60,1632,0,0,23,60254.66,147039,137,76,0,0
370955,1,60,1632,0,0,23,60254.66,147039,137,76,0,0
371067,1,60,1632,0,0,23,60254.66,147039,137,76,0,0
371179,1,60,1600,0,0,23,60254.66,147039,137,76,0,0
371279,1,59,1600,0,0,23,60254.66,147039,137,76,0,0
371382,1,59,1632,0,0,23,60254.66,147039,137,76,0,0
371517,1,59,1600,0,0,23,60254.66,147039,137,76,0,0
371635,1,59,1600,0,0,23,60254.66,147039,137,76,0,0
371754,1,59,1600,0,0,23,60254.66,147039,137,76,0,0
371867,1,59,1600,0,0,23,60254.66,147039,137,76,0,0
371979,1,59,1600,0,0,23,60254.66,147039,137,76,0,0
372079,1,59,1600,0,0,23,60254.66,147039,137,76,0,0
372199,1,59,1600,0,0,23,60254.66,147039,137,76,0,0
372322,1,59,1600,0,0,23,60254.66,147039,137,76,0,0
372382,1,59,1568,0,0,23,60254.66,147039,137,76,0,0
372554,1,58,1568,0,0,23,60254.66,147039,151,76,0,0
372667,1,58,1568,0,0,23,60254.66,147039,151,76,0,0
372779,1,58,1568,0,0,23,60254.66,147039,151,76,0,0
372882,1,58,1568,0,0,23,60254.66,147039,151,76,0,0
373017,1,58,1568,0,0,23,60254.66,147039,151,76,0,0
373117,1,58,1568,0,0,23,60254.66,147039,151,76,0,0
373229,1,57,1568,0,0,23,60254.66,147039,151,76,0,0
373355,1,57,1536,0,0,23,60254.66,147039,151,76,0,0
373475,1,57,1536,0,0,23,60254.66,147039,151,76,0,0
373579,1,57,1536,0,0,23,60254.66,147039,151,76,0,0
373699,1,57,1536,0,0,23,60254.66,147039,151,76,0,0
373817,1,57,1536,0,0,23,60254.66,147039,151,76,0,0
373933,1,57,1536,0,0,23,60254.66,147039,151,76,0,0
374029,1,57,1536,0,42,23,60254.66,147039,151,76,0,0
374155,1,56,1536,0,36,23,60254.66,147039,151,76,0,0
374267,1,56,1504,0,44,23,60254.66,147039,151,76,0,0
374383,1,56,1504,0,50,23,60254.66,147039,151,76,0,0
374480,1,55,1504,0,54,23,60254.66,147039,151,76,0,0
374579,1,55,1472,0,56,23,60254.66,147039,151,76,0,0
374729,1,55,1472,0,56,23,60254.66,147039,151,76,0,0
374829,1,54,1440,0,60,23,60254.66,147039,151,76,0,0
374954,1,53,1440,0,58,23,60254.66,147039,151,76,0,0
375074,1,53,1408,0,60,23,60254.66,147039,151,76,0,0
375179,1,52,1408,0,60,23,60254.66,147039,151,76,0,0
375279,1,52,1408,0,56,23,60254.66,147039,151,76,0,0
375382,1,51,1376,0,56,23,60254.66,147039,151,76,0,0
375529,1,51,1376,0,50,23,60254.66,147039,151,76,0,0
375635,1,51,1376,0,46,23,60254.66,147039,151,76,0,0
375755,1,50,1344,0,38,23,60254.66,147039,151,76,0,0
375867,1,50,1344,0,28,23,60254.66,147039,151,76,0,0
375979,1,50,1344,0,10,23,60254.66,147039,151,76,0,0
376079,1,49,1344,0,6,23,60254.66,147039,151,76,0,0
376217,1,49,1344,0,2,23,60254.66,147039,151,76,0,0
376329,1,49,1312,0,0,23,60254.66,147039,151,76,0,0
376444,1,49,1312,0,0,23,60254.66,147039,151,76,0,0
376554,1,49,1312,0,0,23,60254.66,147039,151,76,0,0
376668,1,48,1312,0,0,23,60254.66,147039,151,76,0,0
376779,1,48,1312,0,0,23,60254.66,147039,151,76,0,0
376882,1,48,1312,0,0,23,60254.66,147039,151,76,0,0
376979,1,48,1312,0,0,23,60254.66,147039,151,76,0,0
377117,1,48,1280,0,0,23,60254.66,147039,151,76,0,0
377229,1,48,1280,0,0,23,60254.66,147039,151,76,0,0
377354,1,47,1280,0,0,23,60254.66,147039,151,76,0,0
377479,1,47,1280,0,0,23,60254.66,147039,151,76,0,0
377579,1,47,1280,0,4,23,60254.66,147039,151,76,0,0
377699,1,47,1324,0,6,23,60254.66,147039,151,76,0,0
377829,1,47,1295,0,8,23,60254.66,147039,151,76,0,0
377930,1,47,1258,0,10,23,60254.66,147039,151,76,0,0
378058,1,47,1160,0,10,23,60254.66,147039,151,76,0,0
378167,1,47,1107,0,10,23,60254.66,147039,151,76,0,0
378279,1,47,1117,0,12,23,60254.66,147039,151,76,0,0
378382,1,47,1137,0,14,23,60254.66,147039,151,76,0,0
378517,1,47,1149,0,14,23,60254.66,147039,151,76,0,0
378634,1,46,1098,0,16,23,60254.66,147039,151,76,0,0
378754,1,47,1091,0,18,23,60254.66,147039,151,75,0,0
378867,1,46,1118,0,24,23,60254.66,147039,151,75,0,0
378917,1,46,1118,0,32,23,60254.66,147039,151,75,0,0
379079,1,46,1086,0,4,23,60254.66,147039,151,75,0,0
379200,1,46,1085,0,10,23,60254.66,147039,151,75,0,0
379317,1,46,1086,0,10,23,60254.66,147039,151,75,0,0
379382,1,46,1087,0,10,23,60254.66,147039,151,75,0,0
379529,1,46,1087,0,10,23,60254.66,147039,151,75,0,0
379653,1,46,1087,0,4,23,60254.66,147039,151,75,0,0
379767,1,45,1153,0,4,23,60254.66,147039,151,75,0,0
379882,1,45,1275,0,6,23,60254.66,147039,151,75,0,0
379980,1,45,1396,0,6,23,60254.66,147039,151,75,0,0
380117,1,45,1749,0,6,23,60254.66,147039,151,75,0,0
380229,1,45,1817,0,6,23,60255.67,147039,151,75,0,0
380329,1,45,1763,0,6,23,60255.67,147039,151,75,0,0
380454,1,45,1779,0,6,23,60255.67,147039,151,75,0,0
380574,1,44,1760,0,0,23,60255.67,147039,151,75,0,0
380681,1,44,1760,0,0,23,60255.67,147039,151,75,0,0
380779,1,44,1760,0,0,23,60255.67,147039,151,75,0,0
380882,1,44,1728,0,0,23,60255.67,147039,151,75,0,0
381029,1,44,1728,0,0,23,60255.67,147039,151,75,0,0
381134,1,44,1728,0,8,23,60255.67,147039,151,75,0,0
381254,1,44,1728,0,4,23,60255.67,147039,151,75,0,0
381367,1,44,1728,0,4,23,60255.67,147039,151,75,0,0
381479,1,43,1728,0,4,23,60255.67,147039,151,75,0,0
381579,1,43,1728,0,4,23,60255.67,147039,151,75,0,0
381699,1,43,1696,0,4,23,60255.67,147039,151,75,0,0
381822,1,43,1696,0,4,23,60255.67,147039,151,75,0,0
381917,1,43,1696,0,4,23,60255.67,147039,151,75,0,0
382054,1,43,1696,0,4,23,60255.67,147039,151,75,0,0
382167,1,43,1696,0,4,23,60255.67,147039,151,75,0,0
382279,1,42,1696,0,4,23,60255.67,147039,151,75,0,0
382382,1,42,1664,0,4,23,60255.67,147039,151,75,0,0
382480,1,42,1664,0,4,23,60255.67,147039,151,75,0,0
382617,1,42,1664,0,4,23,60255.67,147039,151,75,0,0
382729,1,42,1664,0,4,23,60255.67,147039,151,75,0,0
382853,1,42,1664,0,6,23,60255.67,147039,151,75,0,0
382968,1,42,1632,0,6,23,60255.67,147039,151,75,0,0
383079,1,41,1632,0,6,23,60255.67,147039,151,75,0,0
383199,1,41,1632,0,12,23,60255.67,147039,151,75,0,0
383279,1,41,1632,0,12,23,60255.67,147039,151,75,0,0
383382,1,41,1632,0,12,23,60255.67,147039,151,75,0,0
383529,1,41,1600,0,12,23,60255.67,147039,151,75,0,0
383654,1,41,1600,0,12,23,60255.67,147039,151,75,0,0
383767,1,40,1600,0,12,23,60255.67,147039,151,75,0,0
383867,1,40,1600,0,12,23,60255.67,147039,151,75,0,0
383979,1,40,1568,0,14,23,60255.67,147039,151,75,0,0
384079,1,40,1568,0,14,23,60255.67,147039,151,75,0,0
384217,1,40,1568,0,14,23,60255.67,147039,151,75,0,0
384329,1,39,1568,0,16,23,60255.67,147039,151,75,0,0
384382,1,39,1568,0,16,23,60255.67,147039,151,75,0,0
384554,1,39,1536,0,16,23,60255.67,147039,151,75,0,0
384680,1,39,1536,0,16,23,60255.67,147039,151,75,0,0
384779,1,39,1536,0,16,23,60255.67,147039,151,75,0,0
384882,1,38,1504,0,16,23,60255.67,147039,151,75,0,0
385017,1,38,1504,0,16,23,60255.67,147039,151,75,0,0
385134,1,38,1504,0,16,23,60255.67,147039,151,75,0,0
385229,1,38,1472,0,18,23,60255.67,147039,151,75,0,0
385354,1,37,1472,0,16,23,60255.67,147039,151,75,0,0
385475,1,37,1472,0,16,23,60255.67,147039,151,75,0,0
385579,1,37,1472,0,16,23,60255.67,147039,151,75,0,0
385700,1,37,1440,0,14,23,60255.67,147039,151,75,0,0
385779,1,37,1440,0,12,23,60255.67,147039,151,75,0,0
385882,1,36,1440,0,10,23,60255.67,147039,151,75,0,0
386029,1,36,1440,0,6,23,60255.67,147039,151,75,0,0
386154,1,36,1440,0,4,23,60255.67,147039,151,75,0,0
386267,1,36,1408,0,0,23,60255.67,147039,151,75,0,0
386382,1,36,1408,0,0,23,60255.67,147039,151,75,0,0
386480,1,35,1408,0,0,23,60255.67,147039,151,75,0,0
386617,1,35,1408,0,0,23,60255.67,147039,151,75,0,0
386730,1,35,1408,0,0,23,60255.67,147039,151,75,0,0
386829,1,35,1376,0,0,23,60255.67,147039,151,75,0,0
386917,1,35,1376,0,0,23,60255.67,147039,151,75,0,0
387074,1,35,1376,5,0,23,60255.67,147039,151,75,0,0
387179,1,35,1376,33,0,23,60255.67,147039,151,75,0,0
387279,1,35,1432,53,0,23,60255.67,147039,151,75,0,0
387382,1,35,1399,65,0,23,60255.67,147039,151,75,0,0
387529,1,34,1382,67,0,23,60255.67,147039,151,75,0,0
387634,1,34,1467,67,0,23,60255.67,147039,151,75,0,0
387753,1,35,1407,67,0,23,60255.67,147039,151,75,0,0
387867,1,35,1379,68,0,23,60255.67,147039,151,75,0,0
387978,1,35,1385,69,0,23,60255.67,147039,151,75,0,0
388079,1,35,1422,70,0,23,60255.67,147039,151,75,0,0
388199,1,35,1399,72,0,23,60255.67,147039,151,75,0,0
388329,1,35,1410,78,0,23,60256.67,147039,151,75,0,0
388382,1,35,1412,78,0,23,60256.67,147039,151,75,0,0
388553,1,36,1427,82,0,23,60256.67,147039,151,75,0,0
388667,1,36,1441,83,0,23,60256.67,147039,151,75,0,0
388778,1,36,1443,83,0,23,60256.67,147039,151,75,0,0
388882,1,36,1447,81,0,23,60256.67,147039,151,75,0,0
388978,1,36,1447,57,0,23,60256.67,147039,151,75,0,0
389117,1,37,1446,24,0,23,60257.69,147039,151,75,0,0
389228,1,37,1473,0,0,23,60257.69,147039,151,75,0,0
389353,1,37,1444,0,0,23,60257.69,147039,151,75,0,0
389467,1,37,1441,0,0,23,60257.69,147039,151,75,0,0
389578,1,37,1470,0,0,23,60257.69,147039,151,75,0,0
389680,1,37,1501,0,0,23,60257.69,147039,151,75,0,0
389778,1,37,1502,0,0,23,60257.69,147039,151,75,0,0
389881,1,37,1503,0,0,23,60257.69,147039,151,75,0,0
390028,1,37,1472,38,0,23,60257.69,147039,151,75,0,0
390153,1,37,1473,45,0,23,60257.69,147039,151,75,0,0
390253,1,37,1524,47,0,23,60257.69,147039,151,75,0,0
390367,1,37,1453,47,0,23,60257.69,147039,151,75,0,0
390480,1,37,1487,47,0,23,60257.69,147039,151,75,0,0
390578,1,37,1450,47,0,23,60257.69,147039,151,75,0,0
390717,1,37,1478,47,0,23,60257.69,147039,151,75,0,0
390828,1,37,1481,47,0,23,60257.69,147039,151,75,0,0
390881,1,37,1490,47,0,23,60257.69,147039,151,75,0,0
391054,1,37,1484,47,0,23,60258.73,147039,151,75,0,0
391168,1,37,1501,47,0,23,60258.73,147039,151,75,0,0
391278,1,37,1501,47,0,23,60258.73,147039,151,75,0,0
391381,1,37,1500,47,0,23,60258.73,147039,151,75,0,0
391480,1,37,1504,47,0,23,60258.73,147039,151,75,0,0
391617,1,38,1508,47,0,23,60258.73,147039,151,75,0,0
391728,1,38,1510,43,0,23,60258.73,147039,151,75,0,0
391853,1,38,1515,40,0,23,60258.73,147039,151,75,0,0
391967,1,38,1511,33,0,23,60258.73,147039,151,75,0,0
392079,1,38,1532,12,0,23,60258.73,147039,151,75,0,0
392198,1,38,1516,0,0,23,60258.73,147039,151,75,0,0
392278,1,38,1519,0,0,23,60259.75,147039,151,74,0,0
392381,1,38,1525,0,0,23,60259.75,147039,151,74,0,0
392528,1,38,1517,0,0,23,60259.75,147039,151,74,0,0
392653,1,38,1480,0,0,23,60259.75,147039,151,74,0,0
392828,1,38,1477,0,0,23,60259.75,147039,151,74,0,0
392881,1,37,1477,0,0,23,60259.75,147039,151,74,0,0
393053,1,37,1477,0,0,23,60259.75,147039,151,74,0,0
393167,1,37,1476,0,2,23,60259.75,147039,151,74,0,0
393278,1,37,1476,0,20,23,60259.75,147039,151,74,0,0
393381,1,37,1476,0,16,23,60259.75,147039,151,74,0,0
393484,1,37,1476,0,14,23,60259.75,147039,151,74,0,0
393617,1,37,1444,0,14,23,60259.75,147039,151,74,0,0
393728,1,37,1444,0,14,23,60259.75,147039,151,74,0,0
393853,1,36,1444,0,16,23,60259.75,147039,151,74,0,0
393967,1,36,1441,0,18,23,60259.75,147039,151,74,0,0
394078,1,36,1441,0,24,23,60259.75,147039,151,74,0,0
394178,1,36,1439,0,24,23,60259.75,147039,151,74,0,0
394278,1,36,1439,0,24,23,60259.75,147039,151,74,0,0
394381,1,36,1438,0,24,23,60259.75,147039,151,74,0,0
394529,1,36,1405,0,24,23,60259.75,147039,151,74,0,0
394655,1,35,1405,0,26,23,60259.75,147039,151,74,0,0
394767,1,35,1404,0,24,23,60259.75,147039,151,74,0,0
394881,1,35,1404,0,14,23,60259.75,147039,151,74,0,0
394978,1,34,1372,0,6,23,60259.75,147039,151,74,0,0
395078,1,34,1372,0,2,23,60259.75,147039,151,74,0,0
395217,1,34,1372,0,0,23,60259.75,147039,151,74,0,0
395328,1,34,1372,0,0,23,60259.75,147039,151,74,0,0
395417,1,34,1373,0,0,23,60260.76,147039,151,74,0,0
395553,1,34,1372,0,0,23,60260.76,147039,151,74,0,0
395667,1,33,1372,39,0,23,60260.76,147039,151,74,0,0
395778,1,33,1374,69,0,23,60260.76,147039,151,74,0,0
395881,1,33,1369,78,0,23,60260.76,147039,151,74,0,0
396017,1,33,1326,81,0,23,60260.76,147039,151,74,0,0
396134,1,33,1352,81,0,23,60260.76,147039,151,74,0,0
396228,1,33,1366,81,0,23,60260.76,147039,151,74,0,0
396353,1,34,1364,81,0,23,60260.76,147039,151,74,0,0
396477,1,34,1359,81,0,23,60260.76,147039,151,74,0,0
396578,1,34,1388,81,0,23,60260.76,147039,151,74,0,0
396698,1,34,1390,81,0,23,60260.76,147039,151,74,0,0
396817,1,34,1386,81,0,23,60261.79,147039,151,74,0,0
396881,1,34,1382,81,0,23,60261.79,147039,151,74,0,0
397028,1,34,1414,82,0,23,60261.79,147039,151,74,0,0
397153,1,35,1412,82,0,23,60261.79,147039,151,74,0,0
397267,1,35,1414,84,0,23,60261.79,147039,151,75,0,0
397381,1,35,1420,84,0,23,60261.79,147039,151,75,0,0
397480,1,35,1426,88,0,23,60261.79,147039,151,75,0,0
397617,1,36,1462,98,0,23,60261.79,147039,151,75,0,0
397728,1,36,1441,109,0,23,60262.83,147039,151,75,0,0
397828,1,36,1476,110,0,23,60262.83,147039,151,75,0,0
397953,1,37,1490,110,0,23,60262.83,147039,151,75,0,0
398074,1,37,1513,110,0,23,60262.83,147039,151,75,0,0
398178,1,38,1519,110,0,23,60262.83,147039,151,75,0,0
398278,1,38,1518,110,0,23,60262.83,147039,151,75,0,0
398381,1,38,1521,110,0,23,60263.91,147039,151,75,0,0
398528,1,38,1563,109,0,23,60263.91,147039,151,75,0,0
398634,1,39,1536,103,0,23,60263.91,147039,151,75,0,0
398754,1,39,1575,99,0,23,60263.91,147039,151,75,0,0
398868,1,40,1600,96,0,23,60263.91,147039,151,75,0,0
398978,1,40,1600,92,0,23,60263.91,147039,151,75,0,0
399078,1,40,1607,88,0,23,60264.94,147039,151,75,0,0
399198,1,40,1625,83,0,23,60264.94,147039,151,75,0,0
399328,1,41,1604,46,0,23,60264.94,147039,151,75,0,0
399418,1,41,1608,46,0,23,60264.94,147039,151,75,0,0
399554,1,41,1653,0,0,23,60264.94,147039,151,75,0,0
399668,1,41,1653,0,0,23,60264.94,147039,151,75,0,0
399778,1,41,1603,0,0,23,60264.94,147039,151,75,0,0
399881,1,41,1601,0,0,23,60264.94,147039,151,75,0,0
400018,1,41,1635,0,0,23,60264.94,147039,151,75,0,0
400118,1,41,1636,0,0,23,60264.94,147039,151,75,0,0
400228,1,41,1605,0,0,23,60264.94,147039,151,75,0,0
400354,1,41,1606,0,0,23,60264.94,147039,151,75,0,0
400470,1,41,1608,0,0,23,60264.94,147039,151,75,0,0
400578,1,41,1608,0,0,23,60265.95,147039,151,75,0,0
400698,1,41,1608,0,0,23,60265.95,147039,151,75,0,0
400778,1,40,1608,0,0,23,60265.95,147039,151,75,0,0
400881,1,40,1608,0,0,23,60265.95,147039,151,75,0,0
401028,1,40,1608,0,0,23,60265.95,147039,151,75,0,0
401153,1,40,1612,0,0,23,60265.95,147039,151,75,0,0
401268,1,40,1606,0,0,23,60265.95,147039,151,75,0,0
401381,1,40,1568,0,0,23,60265.95,147039,151,75,0,0
401480,1,40,1574,0,0,23,60265.95,147039,151,75,0,0
401616,1,40,1580,0,0,23,60265.95,147039,151,75,0,0
401698,1,40,1589,0,0,23,60265.95,147039,151,75,0,0
401828,1,39,1549,11,0,23,60265.95,147039,151,75,0,0
401881,1,39,1548,11,0,23,60265.95,147039,151,75,0,0
402067,1,39,1596,30,0,23,60265.95,147039,151,75,0,0
402178,1,39,1556,39,0,23,60265.95,147039,151,75,0,0
402278,1,39,1548,44,0,23,60265.95,147039,151,75,0,0
402381,1,39,1570,45,0,23,60265.95,147039,151,75,0,0
402528,1,39,1581,52,0,23,60265.95,147039,168,75,0,0
402634,1,39,1551,58,0,23,60265.95,147039,168,75,0,0
402753,1,39,1592,63,0,23,60265.95,147039,168,75,0,0
402867,1,39,1574,66,0,23,60265.95,147039,168,75,0,0
402980,1,39,1597,70,0,23,60266.99,147039,168,75,0,0
403078,1,39,1569,72,0,23,60266.99,147039,168,75,0,0
403198,1,39,1583,72,0,23,60266.99,147039,168,75,0,0
403324,1,39,1585,72,0,23,60266.99,147039,168,75,0,0
403381,1,39,1588,74,0,23,60266.99,147039,168,75,0,0
403553,1,40,1590,74,0,23,60266.99,147039,168,75,0,0
403668,1,40,1590,74,0,23,60266.99,147039,168,75,0,0
403778,1,40,1585,74,0,23,60266.99,147039,168,75,0,0
403881,1,40,1614,74,0,23,60268.04,147039,168,75,0,0
403978,1,40,1608,74,0,23,60268.04,147039,168,75,0,0
404118,1,40,1609,74,0,23,60268.04,147039,168,75,0,0
404228,1,40,1611,74,0,23,60268.04,147039,168,75,0,0
404353,1,40,1612,72,0,23,60268.04,147039,168,75,0,0
404467,1,40,1615,72,0,23,60268.04,147039,168,75,0,0
404578,1,40,1616,72,0,23,60268.04,147039,168,75,0,0
404698,1,41,1618,72,0,23,60268.04,147039,168,75,0,0
404778,1,41,1618,72,0,23,60269.09,147039,168,75,0,0
404881,1,41,1614,72,0,23,60269.09,147039,168,75,0,0
405028,1,41,1609,72,0,23,60269.09,147039,168,75,0,0
405153,1,41,1643,72,0,23,60269.09,147039,168,75,0,0
405253,1,41,1647,72,0,23,60269.09,147039,168,75,0,0
405381,1,41,1652,72,0,23,60269.09,147039,168,75,0,0
405480,1,41,1652,72,0,23,60269.09,147039,168,75,0,0
405578,1,41,1655,72,0,23,60269.09,147039,168,75,0,0
405718,1,41,1654,72,0,23,60270.14,147039,168,75,0,0
405828,1,41,1655,72,0,23,60270.14,147039,168,75,0,0
405953,1,41,1656,72,0,23,60270.14,147039,168,75,0,0
406068,1,41,1656,72,0,23,60270.14,147039,168,75,0,0
406178,1,41,1656,72,0,23,60270.14,147039,168,75,0,0
406268,1,41,1656,75,0,23,60270.14,147039,168,75,0,0
406381,1,41,1655,77,0,23,60270.14,147039,168,75,0,0
406518,1,41,1649,78,0,23,60270.14,147039,168,75,0,0
406634,1,41,1652,78,0,23,60271.17,147039,168,75,0,0
406753,1,41,1663,78,0,23,60271.17,147039,168,75,0,0
406868,1,41,1640,78,0,23,60271.17,147039,168,75,0,0
406978,1,41,1644,82,0,23,60271.17,147039,168,75,0,0
407078,1,41,1677,90,0,23,60271.17,147039,168,75,0,0
407198,1,41,1632,94,0,23,60271.17,147039,168,75,0,0
407321,1,41,1683,94,0,23,60271.17,147039,168,75,0,0
407418,1,42,1694,92,0,23,60272.24,147039,168,75,0,0
407553,1,42,1671,82,0,23,60272.24,147039,168,75,0,0
407667,1,42,1675,80,0,23,60272.24,147039,168,75,0,0
407778,1,42,1664,77,0,23,60272.24,147039,168,75,0,0
407881,1,42,1684,77,0,23,60272.24,147039,168,75,0,0
407978,1,42,1671,76,0,23,60272.24,147039,168,75,0,0
408118,1,42,1664,70,0,23,60272.24,147039,168,75,0,0
408228,1,42,1690,54,0,23,60273.29,147039,168,75,0,0
408328,1,42,1679,44,0,23,60273.29,147039,168,75,0,0
408453,1,42,1685,10,0,23,60273.29,147039,168,75,0,0
408578,1,42,1643,0,0,23,60273.29,147039,168,75,0,0
408680,1,42,1632,0,0,23,60273.29,147039,168,75,0,0
408778,1,41,1643,0,0,23,60273.29,147039,168,75,0,0
408881,1,41,1607,0,0,23,60273.29,147039,168,75,0,0
409028,1,41,1607,0,0,23,60273.29,147039,168,75,0,0
409153,1,41,1608,0,0,23,60273.29,147039,168,75,0,0
409253,1,41,1609,0,0,23,60273.29,147039,168,75,0,0
409381,1,40,1608,0,0,23,60273.29,147039,168,75,0,0
409479,1,40,1576,0,0,23,60273.29,147039,168,75,0,0
409578,1,40,1576,0,0,23,60273.29,147039,168,75,0,0
409717,1,40,1576,0,0,23,60273.29,147039,168,75,0,0
409829,1,39,1561,0,0,23,60273.29,147039,168,75,0,0
409917,1,39,1556,0,0,23,60273.29,147039,168,75,0,0
410053,1,39,1555,2,0,23,60273.29,147039,168,75,0,0
410178,1,39,1542,22,0,23,60273.29,147039,168,75,0,0
410278,1,38,1547,33,0,23,60273.29,147039,168,75,0,0
410381,1,38,1570,40,0,23,60274.30,147039,168,75,0,0
410517,1,38,1507,50,0,23,60274.30,147039,168,75,0,0
410633,1,38,1523,65,0,23,60274.30,147039,168,75,0,0
410728,1,38,1530,69,0,23,60274.30,147039,168,75,0,0
410853,1,37,1515,75,0,23,60274.30,147039,168,75,0,0
410967,1,37,1533,93,0,23,60274.30,147039,168,75,0,0
411078,1,37,1526,97,0,23,60274.30,147039,168,75,0,0
411198,1,38,1505,97,0,23,60274.30,147039,168,75,0,0
411323,1,38,1513,97,0,23,60274.30,147039,168,75,0,0
411381,1,38,1517,91,0,23,60275.30,147039,168,75,0,0
411528,1,38,1519,79,0,23,60275.30,147039,168,75,0,0
411653,1,38,1515,68,0,23,60275.30,147039,168,75,0,0
411778,1,38,1516,63,0,23,60275.30,147039,168,75,0,0
411881,1,38,1504,62,0,23,60275.30,147039,168,75,0,0
411980,1,38,1521,59,0,23,60275.30,147039,168,75,0,0
412117,1,38,1513,51,0,23,60275.30,147039,168,75,0,0
412228,1,38,1510,41,0,23,60275.30,147039,168,75,0,0
412328,1,38,1531,40,0,23,60276.31,147039,168,75,0,0
412381,1,38,1522,40,0,23,60276.31,147039,168,75,0,0
412575,1,38,1479,40,0,23,60276.31,147039,168,75,0,0
412680,1,37,1514,40,0,23,60276.31,147039,168,75,0,0
412778,1,37,1487,40,0,23,60276.31,147039,168,75,0,0
412881,1,37,1490,40,0,23,60276.31,147039,168,75,0,0
413027,1,37,1490,29,0,23,60276.31,147039,168,75,0,0
413133,1,37,1490,22,0,23,60276.31,147039,168,75,0,0
413253,1,37,1488,21,0,23,60276.31,147039,168,75,0,0
413368,1,37,1448,21,0,23,60276.31,147039,168,75,0,0
413479,1,37,1442,21,0,23,60276.31,147039,168,75,0,0
413578,1,36,1442,21,0,23,60276.31,147039,168,75,0,0
413698,1,36,1444,22,0,23,60276.31,147039,168,75,0,0
413827,1,36,1447,61,0,23,60276.31,147039,168,75,0,0
413878,1,36,1455,61,0,23,60276.31,147039,168,75,0,0
414053,1,36,1455,81,0,23,60277.34,147039,168,75,0,0
414168,1,36,1448,84,0,23,60277.34,147039,168,75,0,0
414278,1,36,1441,84,0,23,60277.34,147039,168,75,0,0
414381,1,36,1447,80,0,23,60277.34,147039,168,75,0,0
414478,1,36,1443,77,0,23,60277.34,147039,168,75,0,0
414617,1,36,1468,74,0,23,60277.34,147039,168,75,0,0
414728,1,36,1454,74,0,23,60277.34,147039,168,75,0,0
414853,1,36,1442,73,0,23,60277.34,147039,168,75,0,0
414968,1,36,1455,71,0,23,60278.37,147039,168,75,0,0
415078,1,36,1453,71,0,23,60278.37,147039,168,75,0,0
415198,1,36,1447,86,0,23,60278.37,147039,168,75,0,0
415318,1,36,1486,95,0,23,60278.37,147039,168,75,0,0
415381,1,36,1462,96,0,23,60278.37,147039,168,75,0,0
415528,1,37,1488,96,0,23,60278.37,147039,168,75,0,0
415653,1,37,1499,96,0,23,60278.37,147039,168,75,0,0
415778,1,37,1474,92,0,23,60279.42,147039,168,75,0,0
415880,1,37,1478,87,0,23,60279.42,147039,168,75,0,0
415983,1,37,1474,72,0,23,60279.42,147039,168,75,0,0
416118,1,37,1475,68,0,23,60279.42,147039,168,76,0,0
416229,1,37,1494,57,0,23,60279.42,147039,168,76,0,0
416328,1,37,1477,53,0,23,60279.42,147039,168,76,0,0
416452,1,37,1494,52,0,23,60279.42,147039,168,76,0,0
416578,1,37,1494,49,0,23,60279.42,147039,168,76,0,0
416680,1,37,1497,45,0,23,60279.42,147039,168,76,0,0
416778,1,37,1499,44,0,23,60280.46,147039,168,76,0,0
416880,1,37,1497,47,0,23,60280.46,147039,168,76,0,0
417027,1,37,1496,63,0,23,60280.46,147039,168,76,0,0
417152,1,37,1503,67,0,23,60280.46,147039,168,76,0,0
417252,1,37,1477,69,0,23,60280.46,147039,168,76,0,0
417380,1,37,1474,70,0,23,60280.46,147039,168,76,0,0
417479,1,37,1474,70,0,23,60280.46,147039,168,76,0,0
417578,1,37,1476,70,0,23,60280.46,147039,168,76,0,0
417717,1,37,1482,70,0,23,60280.46,147039,168,76,0,0
417827,1,37,1480,69,0,23,60280.46,147039,168,76,0,0
417917,1,37,1481,69,0,23,60281.51,147039,168,76,0,0
418067,1,37,1504,62,0,23,60281.51,147039,168,76,0,0
418177,1,38,1491,55,0,23,60281.51,147039,168,76,0,0
418277,1,38,1535,55,0,23,60281.51,147039,168,76,0,0
418378,1,38,1516,61,0,23,60281.51,147039,168,76,0,0
418520,1,38,1513,69,0,23,60281.51,147039,168,76,0,0
418634,1,38,1533,69,0,23,60281.51,147039,168,76,0,0
418752,1,38,1533,69,0,23,60281.51,147039,168,76,0,0
418867,1,38,1507,69,0,23,60281.51,147039,168,76,0,0
418977,1,38,1533,69,0,23,60282.52,147039,168,76,0,0
419078,1,38,1532,64,0,23,60282.52,147039,168,76,0,0
419198,1,38,1561,62,0,23,60282.52,147039,168,76,0,0
419323,1,38,1552,52,0,23,60282.52,147039,168,76,0,0
419380,1,38,1537,43,0,23,60282.52,147039,168,76,0,0
419552,1,38,1537,40,0,23,60282.52,147039,168,76,0,0
419653,1,38,1516,40,0,23,60282.52,147039,168,76,0,0
419777,1,38,1510,35,0,23,60282.52,147039,168,76,0,0
419877,1,38,1548,25,0,23,60282.52,147039,168,76,0,0
419978,1,38,1515,4,0,23,60282.52,147039,168,76,0,0
420078,1,38,1517,0,0,23,60282.52,147039,168,76,0,0
420227,1,38,1525,0,0,23,60283.52,147039,168,76,0,0
420352,1,38,1512,0,0,23,60283.52,147039,168,76,0,0
420468,1,38,1479,0,0,23,60283.52,147039,168,76,0,0
420577,1,38,1509,0,0,23,60283.52,147039,168,76,0,0
420677,1,38,1509,0,0,23,60283.52,147039,168,76,0,0
420777,1,38,1477,0,0,23,60283.52,147039,168,76,0,0
420917,1,38,1476,0,0,23,60283.52,147039,168,76,0,0
421027,1,37,1475,0,0,23,60283.52,147039,168,76,0,0
421152,1,37,1474,0,0,23,60283.52,147039,168,76,0,0
421252,1,37,1474,0,0,23,60283.52,147039,168,77,0,0
421370,1,37,1473,0,0,23,60283.52,147039,168,77,0,0
421478,1,37,1472,0,28,23,60283.52,147039,168,77,0,0
421578,1,37,1440,0,20,23,60283.52,147039,168,77,0,0
421720,1,37,1471,0,16,23,60283.52,147039,168,77,0,0
421827,1,37,1471,0,18,23,60283.52,147039,168,77,0,0
421920,1,37,1471,0,20,23,60283.52,147039,168,77,0,0
422052,1,36,1471,0,20,23,60283.52,147039,168,77,0,0
422177,1,36,1438,0,26,23,60283.52,147039,168,77,0,0
422277,1,36,1437,0,34,23,60283.52,147039,168,77,0,0
422378,1,36,1436,0,34,23,60283.52,147039,168,77,0,0
422520,1,36,1404,0,36,23,60283.52,147039,168,77,0,0
422633,1,35,1403,0,36,23,60283.52,147039,168,77,0,0
422752,1,34,1370,0,38,23,60283.52,147039,168,77,0,0
422870,1,34,1369,0,38,23,60283.52,147039,168,77,0,0
422979,1,34,1368,0,38,23,60283.52,147039,168,77,0,0
423078,1,34,1337,0,40,23,60283.52,147039,168,77,0,0
423197,1,33,1336,0,38,23,60283.52,147039,168,77,0,0
423320,1,33,1304,0,40,23,60283.52,147039,168,77,0,0
423380,1,33,1303,0,38,23,60283.52,147039,168,77,0,0
423552,1,32,1303,0,40,23,60284.53,147039,168,77,0,0
423652,1,32,1269,0,38,23,60284.53,147039,168,77,0,0
423777,1,32,1269,0,20,23,60284.53,147039,168,77,0,0
423877,1,31,1268,0,16,23,60284.53,147039,168,77,0,0
423978,1,31,1236,0,16,23,60284.53,147039,168,77,0,0
424120,1,31,1234,0,0,23,60284.53,147039,168,77,0,0
424227,1,31,1234,0,0,23,60284.53,147039,168,77,0,0
424352,1,31,1233,0,0,23,60284.53,147039,168,77,0,0
424466,1,31,1233,0,0,23,60284.53,147039,168,77,0,0
424577,1,31,1231,0,0,23,60284.53,147039,168,77,0,0
424677,1,30,1231,0,0,23,60284.53,147039,168,77,0,0
424777,1,30,1230,0,0,23,60284.53,147039,168,77,0,0
424919,1,30,1198,0,0,23,60284.53,147039,168,77,0,0
425027,1,30,1198,0,0,23,60284.53,147039,168,77,0,0
425152,1,30,1198,0,0,23,60284.53,147039,168,77,0,0
425252,1,30,1198,0,0,23,60284.53,147039,168,77,0,0
425377,1,30,1198,0,22,23,60284.53,147039,168,77,0,0
425480,1,30,1197,0,18,23,60284.53,147039,168,77,0,0
425577,1,30,1197,0,20,23,60284.53,147039,168,77,0,0
425720,1,30,1165,0,26,23,60284.53,147039,168,77,0,0
425827,1,29,1165,0,26,23,60284.53,147039,168,77,0,0
425880,1,29,1166,0,26,23,60284.53,147039,168,77,0,0
426052,1,29,1165,0,26,23,60284.53,147039,168,77,0,0
426177,1,29,1164,0,24,23,60284.53,147039,168,77,0,0
426277,1,29,1132,0,12,23,60284.53,147039,168,77,0,0
426380,1,28,1132,0,14,23,60284.53,147039,168,77,0,0
426520,1,28,1132,0,14,23,60284.53,147039,168,77,0,0
426633,1,28,1100,0,14,23,60284.53,147039,168,77,0,0
426752,1,28,1068,0,12,23,60284.53,147039,168,77,0,0
426852,1,28,1068,0,12,23,60284.53,147039,168,77,0,0
426977,1,28,1041,0,12,23,60284.53,147039,168,77,0,0
427077,1,28,1084,0,12,23,60284.53,147039,168,77,0,0
427197,1,28,1057,0,12,23,60284.53,147039,168,77,0,0
427320,1,27,1059,0,12,23,60284.53,147039,168,77,0,0
427377,1,27,1084,0,12,23,60284.53,147039,168,77,0,0
427552,1,27,1080,0,12,23,60284.53,147039,168,77,0,0
427652,1,27,1111,0,12,23,60284.53,147039,168,77,0,0
427777,1,27,1080,0,12,23,60284.53,147039,168,77,0,0
427880,1,27,1112,0,12,23,60285.54,147039,168,77,0,0
427977,1,27,1112,0,12,23,60285.54,147039,168,77,0,0
428120,1,27,1113,0,12,23,60285.54,147039,168,77,0,0
428227,1,27,1113,0,12,23,60285.54,147039,168,77,0,0
428352,1,27,1145,0,12,23,60285.54,147039,168,77,0,0
428466,1,27,1146,0,12,23,60285.54,147039,168,77,0,0
428577,1,26,1269,0,12,23,60285.54,147039,168,77,0,0
428677,1,26,1390,0,12,23,60285.54,147039,168,77,0,0
428777,1,26,1358,0,12,23,60285.54,147039,168,77,0,0
428877,1,26,1361,0,0,23,60285.54,147039,168,77,0,0
429027,1,25,1365,0,0,23,60285.54,147039,168,77,0,0
429152,1,25,1366,0,0,23,60285.54,147039,168,77,0,0
429252,1,25,1333,0,0,23,60285.54,147039,168,77,0,0
429370,1,25,1333,0,0,23,60285.54,147039,168,77,0,0
429481,1,25,1365,8,0,23,60285.54,147039,168,77,0,0
429577,1,25,1366,11,0,23,60285.54,147039,168,77,0,0
429697,1,25,1316,11,0,23,60285.54,147039,168,77,0,0
429827,1,25,1322,11,0,23,60285.54,147039,168,77,0,0
429919,1,25,1321,11,0,23,60285.54,147039,168,77,0,0
430052,1,25,1321,0,0,23,60285.54,147039,168,77,0,0
430177,1,25,1284,0,0,23,60285.54,147039,168,78,0,0
430277,1,25,1307,0,0,23,60285.54,147039,168,78,0,0
430383,1,24,1302,0,0,23,60285.54,147039,168,78,0,0
430520,1,24,1331,0,0,23,60285.54,147039,168,78,0,0
430634,1,24,1299,0,0,23,60285.54,147039,168,78,0,0
430752,1,24,1298,0,0,23,60285.54,147039,168,78,0,0
430852,1,24,1298,0,0,23,60285.54,147039,168,78,0,0
430977,1,24,1266,0,0,23,60285.54,147039,168,78,0,0
431077,1,24,1265,0,0,23,60285.54,147039,168,78,0,0
431197,1,24,1265,0,0,23,60285.54,147039,168,78,0,0
431320,1,24,1264,0,0,23,60285.54,147039,168,78,0,0
431377,1,24,1263,0,0,23,60285.54,147039,168,78,0,0
431552,1,23,1264,0,0,23,60285.54,147039,168,78,0,0
431669,1,23,1263,0,0,23,60286.54,147039,168,78,0,0
431777,1,23,1262,12,0,23,60286.54,147039,168,78,0,0
431883,1,23,1233,22,0,23,60286.54,147039,168,78,0,0
431977,1,23,1233,26,0,23,60286.54,147039,168,78,0,0
432119,1,23,1266,28,0,23,60286.54,147039,168,78,0,0
432227,1,23,1308,40,0,23,60286.54,147039,168,78,0,0
432352,1,23,1278,51,0,23,60286.54,147039,168,78,0,0
432466,1,23,1217,57,0,23,60286.54,147039,179,78,0,0
432577,1,23,1276,59,0,23,60286.54,147039,179,78,0,0
432677,1,23,1251,59,0,23,60286.54,147039,179,78,0,0
432777,1,23,1254,60,0,23,60286.54,147039,179,78,0,0
432883,1,24,1253,61,0,23,60286.54,147039,179,78,0,0
433027,1,24,1256,61,0,23,60286.54,147039,179,78,0,0
433152,1,24,1291,61,0,23,60286.54,147039,179,78,0,0
433252,1,24,1291,61,0,23,60286.54,147039,179,78,0,0
433382,1,24,1325,61,0,23,60287.54,147039,179,78,0,0
433485,1,25,1325,61,0,23,60287.54,147039,179,78,0,0
433577,1,25,1329,61,0,23,60287.54,147039,179,78,0,0
433720,1,25,1364,61,0,23,60287.54,147039,179,78,0,0
433827,1,25,1364,62,0,23,60287.54,147039,179,78,0,0
434119,1,25,1393,62,0,23,60287.54,147039,179,78,0,0
434227,1,26,1394,63,0,23,60287.54,147039,179,78,0,0
434327,1,26,1394,66,0,23,60287.54,147039,179,78,0,0
434428,1,26,1427,68,0,23,60287.54,147039,179,78,0,0
434577,1,26,1431,70,0,23,60287.54,147039,179,78,0,0
434677,1,27,1448,71,0,23,60288.55,147039,179,78,0,0
434777,1,27,1457,71,0,23,60288.55,147039,179,78,0,0
434882,1,27,1461,71,0,23,60288.55,147039,179,78,0,0
435027,1,27,1495,72,0,23,60288.55,147039,179,78,0,0
435152,1,28,1493,72,0,23,60288.55,147039,179,78,0,0
435252,1,28,1493,72,0,23,60288.55,147039,179,78,0,0
435382,1,28,1523,74,0,23,60288.55,147039,179,78,0,0
435483,1,28,1523,74,0,23,60288.55,147039,179,78,0,0
435577,1,29,1555,75,0,23,60288.55,147039,179,78,0,0
435727,1,29,1559,75,0,23,60288.55,147039,179,78,0,0
435827,1,29,1563,75,0,23,60289.59,147039,179,78,0,0
435927,1,29,1599,75,0,23,60289.59,147039,179,78,0,0
436070,1,30,1571,75,0,23,60289.59,147039,179,78,0,0
436178,1,30,1604,75,0,23,60289.59,147039,179,78,0,0
436277,1,30,1607,75,0,23,60289.59,147039,179,78,0,0
436380,1,30,1607,75,0,23,60289.59,147039,179,78,0,0
436527,1,30,1640,79,0,23,60289.59,147039,179,78,0,0
436634,1,31,1642,79,0,23,60289.59,147039,179,78,0,0
436752,1,31,1680,79,0,23,60290.60,147039,179,78,0,0
436869,1,31,1669,77,0,23,60290.60,147039,179,78,0,0
436978,1,31,1701,71,0,23,60290.60,147039,179,78,0,0
437077,1,32,1711,69,0,23,60290.60,147039,179,78,0,0
437197,1,32,1699,63,0,23,60290.60,147039,179,78,0,0
437329,1,32,1708,0,0,23,60290.60,147039,179,78,0,0
437419,1,32,1632,0,0,23,60290.60,147039,179,78,0,0
437553,1,32,1626,0,0,23,60290.60,147039,179,78,0,0
437676,1,32,1509,0,0,23,60290.60,147039,179,78,0,0
437777,1,32,1444,0,0,23,60290.60,147039,179,78,0,0
437883,1,32,1410,0,0,23,60290.60,147039,179,78,0,0
437977,1,32,1377,0,0,23,60290.60,147039,179,78,0,0
438119,1,32,1345,0,0,23,60291.61,147039,179,78,0,0
438227,1,32,1311,16,0,23,60291.61,147039,179,78,0,0
438353,1,32,1277,42,0,23,60291.61,147039,179,78,0,0
438428,1,32,1284,76,0,23,60291.61,147039,179,78,0,0
438577,1,32,1300,87,0,23,60291.61,147039,179,78,0,0
438697,1,32,1306,91,0,23,60291.61,147039,179,78,0,0
438817,1,32,1294,95,0,23,60291.61,147039,179,78,0,0
438919,1,32,1338,95,0,23,60291.61,147039,179,78,0,0
439027,1,32,1343,95,0,23,60291.61,147039,179,78,0,0
439152,1,33,1315,93,0,23,60291.61,147039,179,78,0,0
439276,1,33,1317,89,0,23,60291.61,147039,179,78,0,0
439378,1,33,1348,87,0,23,60292.65,147039,179,78,0,0
439428,1,33,1316,83,0,23,60292.65,147039,179,78,0,0
439577,1,34,1370,82,0,23,60292.65,147039,179,78,0,0
439727,1,34,1354,72,0,23,60292.65,147039,179,78,0,0
439827,1,34,1372,59,0,23,60292.65,147039,179,78,0,0
439919,1,34,1356,59,0,23,60292.65,147039,179,78,0,0
440070,1,35,1404,49,0,23,60292.65,147039,179,78,0,0
440177,1,35,1396,49,0,23,60292.65,147039,179,78,0,0
440277,1,35,1392,49,0,23,60292.65,147039,179,78,0,0
440378,1,35,1396,53,0,23,60292.65,147039,179,78,0,0
440531,1,35,1402,65,0,23,60293.66,147039,179,78,0,0
440632,1,35,1394,68,0,23,60293.66,147039,179,78,0,0
440753,1,35,1382,69,0,23,60293.66,147039,179,78,0,0
440870,1,35,1435,69,0,23,60293.66,147039,179,78,0,0
440977,1,35,1435,69,0,23,60293.66,147039,179,78,0,0
441077,1,35,1434,69,0,23,60293.66,147039,179,78,0,0
441197,1,35,1433,69,0,23,60293.66,147039,179,78,0,0
441327,1,36,1433,62,0,23,60293.66,147039,179,78,0,0
441428,1,36,1429,60,0,23,60293.66,147039,179,78,0,0
441552,1,36,1413,57,0,23,60294.67,147039,179,78,0,0
441676,1,36,1465,49,0,23,60294.67,147039,179,78,0,0
441777,1,36,1423,34,0,23,60294.67,147039,179,78,0,0
441877,1,36,1462,27,0,23,60294.67,147039,179,78,0,0
442019,1,36,1437,24,0,23,60294.67,147039,179,78,0,0
442132,1,36,1452,22,0,23,60294.67,147039,179,78,0,0
442227,1,36,1444,22,0,23,60294.67,147039,179,78,0,0
442352,1,36,1443,21,0,23,60294.67,147039,179,78,0,0
442380,1,36,1443,21,0,23,60294.67,147039,179,78,0,0
442577,1,36,1450,20,0,23,60294.67,147039,179,78,0,0
442697,1,36,1450,20,0,23,60294.67,147039,179,78,0,0
442819,1,36,1449,15,0,23,60294.67,147039,179,78,0,0
442919,1,36,1414,12,0,23,60294.67,147039,179,78,0,0
443027,1,36,1409,7,0,23,60294.67,147039,179,78,0,0
443152,1,36,1434,2,0,23,60294.67,147039,179,78,0,0
443277,1,36,1419,0,0,23,60294.67,147039,179,78,0,0
443380,1,36,1413,0,0,23,60295.67,147039,179,78,0,0
443505,1,36,1413,0,0,23,60295.67,147039,179,78,0,0
443619,1,36,1410,0,0,23,60295.67,147039,179,78,0,0
443727,1,36,1409,0,0,23,60295.67,147039,179,78,0,0
443851,1,35,1408,0,0,23,60295.67,147039,179,78,0,0
443919,1,35,1439,0,0,23,60295.67,147039,179,78,0,0
444077,1,35,1437,0,0,23,60295.67,147039,179,78,0,0
444177,1,35,1436,0,0,23,60295.67,147039,179,78,0,0
444277,1,35,1436,18,0,23,60295.67,147039,179,78,0,0
444421,1,35,1437,33,0,23,60295.67,147039,179,78,0,0
444527,1,35,1469,42,0,23,60295.67,147039,179,78,0,0
444632,1,35,1382,43,0,23,60295.67,147039,179,78,0,0
444752,1,35,1420,46,0,23,60295.67,147039,179,78,0,0
444876,1,35,1419,47,0,23,60295.67,147039,179,78,0,0
444977,1,35,1422,48,0,23,60295.67,147039,179,78,0,0
445077,1,35,1426,49,0,23,60295.67,147039,179,78,0,0
445197,1,36,1428,49,0,23,60295.67,147039,179,78,0,0
445327,1,36,1431,66,0,23,60295.67,147039,179,78,0,0
445427,1,36,1468,76,0,23,60295.67,147039,179,78,0,0
445552,1,36,1464,79,0,23,60296.68,147039,179,78,0,0
445677,1,36,1452,79,0,23,60296.68,147039,179,78,0,0
445777,1,36,1460,79,0,23,60296.68,147039,179,78,0,0
445879,1,36,1462,79,0,23,60296.68,147039,179,78,0,0
446019,1,36,1493,79,0,23,60296.68,147039,179,78,0,0
446132,1,37,1494,79,0,23,60296.68,147039,179,78,0,0
446227,1,37,1494,79,0,23,60296.68,147039,179,78,0,0
446352,1,37,1494,73,0,23,60296.68,147039,179,78,0,0
446427,1,37,1494,72,0,23,60297.68,147039,179,78,0,0
446577,1,38,1511,72,0,23,60297.68,147039,179,78,0,0
446697,1,38,1530,71,0,23,60297.68,147039,179,78,0,0
446819,1,38,1527,71,0,23,60297.68,147039,179,78,0,0
446919,1,38,1558,71,0,23,60297.68,147039,179,78,0,0
447027,1,38,1546,68,0,23,60297.68,147039,179,78,0,0
447152,1,39,1546,61,0,23,60297.68,147039,179,78,0,0
447276,1,39,1566,51,0,23,60297.68,147039,179,78,0,0
447380,1,39,1537,49,0,23,60298.73,147039,179,78,0,0
447479,1,39,1537,39,0,23,60298.73,147039,179,78,0,0
447619,1,39,1554,4,0,23,60298.73,147039,179,78,0,0
447728,1,39,1563,0,0,23,60298.73,147039,179,78,0,0
447827,1,39,1564,0,0,23,60298.73,147039,179,78,0,0
447919,1,39,1545,0,0,23,60298.73,147039,179,78,0,0
448070,1,39,1505,0,0,23,60298.73,147039,179,78,0,0
448177,1,39,1538,0,0,23,60298.73,147039,179,78,0,0
448277,1,39,1539,0,0,23,60298.73,147039,179,78,0,0
448379,1,39,1539,0,0,23,60298.73,147039,179,78,0,0
448527,1,39,1508,0,0,23,60298.73,147039,179,78,0,0
448632,1,38,1508,0,0,23,60298.73,147039,179,78,0,0
448751,1,38,1508,0,0,23,60298.73,147039,179,78,0,0
448869,1,38,1512,0,0,23,60298.73,147039,179,78,0,0
448977,1,38,1521,0,2,23,60298.73,147039,179,78,0,0
449077,1,38,1508,0,0,23,60298.73,147039,179,78,0,0
449197,1,38,1528,0,2,23,60298.73,147039,179,78,0,0
449327,1,38,1528,0,0,23,60298.73,147039,179,78,0,0
449427,1,38,1483,0,0,23,60298.73,147039,179,78,0,0
449551,1,37,1477,0,0,23,60298.73,147039,179,78,0,0
449669,1,37,1491,0,0,23,60298.73,147039,179,78,0,0
449777,1,37,1489,0,0,23,60298.73,147039,179,78,0,0
449879,1,37,1488,0,0,23,60298.73,147039,179,78,0,0
450019,1,37,1490,6,0,23,60298.73,147039,179,78,0,0
450132,1,37,1477,23,0,23,60298.73,147039,179,78,0,0
450251,1,37,1485,28,0,23,60298.73,147039,179,78,0,0
450351,1,37,1502,29,0,23,60298.73,147039,179,78,0,0
450479,1,37,1455,30,0,23,60298.73,147039,179,78,0,0
450577,1,37,1475,30,0,23,60299.73,147039,179,78,0,0
450697,1,37,1475,30,0,23,60299.73,147039,179,78,0,0
450776,1,37,1471,27,0,23,60299.73,147039,179,78,0,0
450926,1,37,1501,18,0,23,60299.73,147039,179,78,0,0
451051,1,37,1467,9,0,23,60299.73,147039,179,78,0,0
451176,1,37,1442,0,0,23,60299.73,147039,179,78,0,0
451276,1,37,1456,0,0,23,60299.73,147039,179,78,0,0
451377,1,37,1448,0,0,23,60299.73,147039,179,78,0,0
451520,1,37,1413,0,0,23,60299.73,147039,179,78,0,0
451632,1,36,1444,0,0,23,60299.73,147039,179,78,0,0
451726,1,36,1443,0,0,23,60299.73,147039,179,78,0,0
451851,1,36,1443,0,0,23,60299.73,147039,179,78,0,0
451969,1,36,1441,0,0,23,60299.73,147039,179,78,0,0
452069,1,36,1409,0,0,23,60299.73,147039,179,78,0,0
452196,1,36,1440,0,0,23,60299.73,147039,179,78,0,0
452317,1,36,1408,0,0,23,60299.73,147039,179,78,0,0
452426,1,36,1439,0,0,23,60299.73,147039,179,78,0,0
452526,1,36,1439,0,0,23,60299.73,147039,179,78,0,0
452652,1,35,1439,0,0,23,60299.73,147039,179,78,0,0
452769,1,35,1436,0,0,23,60299.73,147039,179,78,0,0
452879,1,35,1436,0,0,23,60299.73,147039,179,78,0,0
452985,1,35,1404,0,0,23,60299.73,147039,179,78,0,0
453077,1,35,1404,0,0,23,60299.73,147039,179,78,0,0
453226,1,35,1403,0,0,23,60299.73,147039,179,78,0,0
453326,1,35,1403,0,0,23,60300.74,147039,179,78,0,0
453426,1,35,1403,0,0,23,60300.74,147039,179,78,0,0
453569,1,34,1370,0,0,23,60300.74,147039,179,78,0,0
453676,1,34,1369,0,0,23,60300.74,147039,179,78,0,0
453777,1,34,1369,0,0,23,60300.74,147039,179,78,0,0
453877,1,34,1369,0,0,23,60300.74,147039,179,78,0,0
454019,1,34,1368,0,0,23,60300.74,147039,179,78,0,0
454132,1,34,1368,0,0,23,60300.74,147039,179,78,0,0
454226,1,34,1368,0,0,23,60300.74,147039,179,78,0,0
454351,1,34,1368,0,0,23,60300.74,147039,179,78,0,0
454426,1,34,1335,0,0,23,60300.74,147039,179,78,0,0
454577,1,33,1334,0,0,23,60300.74,147039,179,78,0,0
454696,1,33,1334,0,0,23,60300.74,147039,179,78,0,0
454819,1,33,1333,0,0,23,60300.74,147039,179,78,0,0
454927,1,33,1333,0,0,23,60300.74,147039,179,78,0,0
455026,1,33,1333,0,0,23,60300.74,147039,179,78,0,0
455151,1,33,1301,0,0,23,60300.74,147039,179,78,0,0
455269,1,33,1333,0,0,23,60300.74,147039,179,78,0,0
455377,1,33,1301,0,0,23,60300.74,147039,179,78,0,0
455479,1,32,1301,0,0,23,60300.74,147039,179,78,0,0
455577,1,32,1302,0,0,23,60300.74,147039,179,78,0,0
455726,1,32,1301,0,0,23,60300.74,147039,179,78,0,0
455830,1,32,1301,0,0,23,60300.74,147039,179,78,0,0
455926,1,32,1301,0,0,23,60300.74,147039,179,78,0,0
456069,1,32,1269,0,0,23,60300.74,147039,179,78,0,0
456177,1,32,1269,0,0,23,60300.74,147039,179,78,0,0
456277,1,32,1269,0,0,23,60300.74,147039,179,78,0,0
456377,1,32,1269,0,0,23,60300.74,147039,179,78,0,0
456519,1,32,1269,0,0,23,60300.74,147039,179,78,0,0
456631,1,32,1269,0,0,23,60300.74,147039,179,78,0,0
456726,1,31,1269,0,0,23,60300.74,147039,179,78,0,0
456851,1,31,1268,0,0,23,60300.74,147039,179,78,0,0
456876,1,31,1236,0,0,23,60300.74,147039,179,78,0,0
457077,1,31,1236,0,0,23,60300.74,147039,179,78,0,0
457196,1,31,1236,0,0,23,60300.74,147039,179,78,0,0
457319,1,31,1236,0,0,23,60301.74,147039,179,78,0,0
457426,1,31,1235,0,0,23,60301.74,147039,179,78,0,0
457526,1,31,1234,0,0,23,60301.74,147039,179,78,0,0
457651,1,30,1233,0,0,23,60301.74,147039,179,78,0,0
457776,1,30,1232,0,0,23,60301.74,147039,179,78,0,0
457877,1,30,1199,0,0,23,60301.74,147039,179,78,0,0
457982,1,30,1199,0,0,23,60301.74,147039,179,78,0,0
458119,1,30,1199,0,0,23,60301.74,147039,179,78,0,0
458227,1,30,1199,0,0,23,60301.74,147039,179,78,0,0
458326,1,30,1198,0,0,23,60301.74,147039,179,78,0,0
458426,1,30,1198,0,0,23,60301.74,147039,179,78,0,0
458570,1,29,1166,0,0,23,60301.74,147039,179,78,0,0
458677,1,29,1166,0,0,23,60301.74,147039,179,78,0,0
458777,1,29,1165,0,0,23,60301.74,147039,179,78,0,0
458877,1,29,1165,0,0,23,60301.74,147039,179,78,0,0
459026,1,29,1165,0,0,23,60301.74,147039,179,78,0,0
459132,1,29,1164,0,0,23,60301.74,147039,179,78,0,0
459226,1,29,1164,0,0,23,60301.74,147039,179,78,0,0
459369,1,29,1133,0,0,23,60301.74,147039,179,78,0,0
459426,1,29,1165,0,0,23,60301.74,147039,179,78,0,0
459577,1,29,1135,0,6,23,60301.74,147039,179,78,0,0
459696,1,28,1135,0,6,23,60301.74,147039,179,78,0,0
459826,1,28,1135,0,4,23,60301.74,147039,179,78,0,0
459926,1,28,1137,0,10,23,60301.74,147039,179,78,0,0
460051,1,28,1137,0,10,23,60301.74,147039,179,78,0,0
460169,1,28,1139,0,18,23,60301.74,147039,179,78,0,0
460277,1,28,1139,0,20,23,60301.74,147039,179,78,0,0
460377,1,28,1107,0,22,23,60301.74,147039,179,78,0,0
460479,1,28,1105,0,24,23,60301.74,147039,179,78,0,0
460619,1,28,1105,0,24,23,60301.74,147039,179,78,0,0
460726,1,27,1103,0,24,23,60301.74,147039,179,78,0,0
460851,1,27,1070,0,24,23,60301.74,147039,179,78,0,0
460951,1,27,1069,0,24,23,60301.74,147039,179,78,0,0
461077,1,26,1073,0,24,23,60301.74,147039,179,78,0,0
461196,1,26,1073,0,24,23,60301.74,147039,179,78,0,0
461277,1,26,1042,0,24,23,60301.74,147039,179,78,0,0
461420,1,26,1042,0,24,23,60301.74,147039,179,78,0,0
461526,1,26,1078,0,24,23,60301.74,147039,179,78,0,0
461651,1,25,1084,0,26,23,60302.74,147039,179,78,0,0
461751,1,25,1085,0,28,23,60302.74,147039,179,78,0,0
461877,1,25,1081,0,28,23,60302.74,147039,179,78,0,0
461980,1,25,1081,0,28,23,60302.74,147039,179,78,0,0
462077,1,25,1080,0,36,23,60302.74,147039,179,78,0,0
462226,1,24,1080,0,36,23,60302.74,147039,179,78,0,0
462326,1,24,1112,0,40,23,60302.74,147039,179,78,0,0
462426,1,24,1113,0,44,23,60302.74,147039,179,78,0,0
462569,1,23,1113,0,48,23,60302.74,147039,179,78,0,0
462678,1,23,1113,0,62,23,60302.74,147039,179,78,0,0
462777,1,22,1113,0,70,23,60302.74,147039,179,78,0,0
462877,1,22,1113,0,82,23,60302.74,147039,179,78,0,0
463019,1,21,1113,0,82,23,60302.74,147039,179,78,0,0
463133,1,21,1113,0,102,23,60302.74,147039,179,78,0,0
463226,1,20,1113,0,108,23,60302.74,147039,179,78,0,0
463353,1,19,1113,0,110,23,60302.74,147039,179,78,0,0
463471,1,18,1112,0,114,23,60302.74,147039,179,78,0,0
463577,1,17,1113,0,120,23,60302.74,147039,179,78,0,0
463696,1,16,1114,0,118,23,60302.74,147039,179,78,0,0
463820,1,16,1082,0,116,23,60302.74,147039,179,78,0,0
463877,1,15,1114,0,114,23,60302.74,147039,179,78,0,0
464051,1,13,1113,0,114,23,60302.74,147039,179,78,0,0
464151,1,12,1114,0,118,23,60302.74,147039,179,78,0,0
464277,1,12,1115,0,114,23,60302.74,147039,179,78,0,0
464377,1,11,1116,0,108,23,60302.74,147039,179,78,0,0
464478,1,10,1116,0,106,23,60302.74,147039,179,78,0,0
464619,1,9,1116,0,108,23,60302.74,147039,179,78,0,0
464726,1,9,1117,0,104,23,60302.74,147039,179,78,0,0
464826,1,8,1117,0,96,23,60302.74,147039,179,78,0,0
464946,1,7,1117,0,82,23,60302.74,147039,179,78,0,0
465078,1,6,1117,0,72,23,60302.74,147039,179,78,0,0
465177,1,6,1117,0,70,23,60302.74,147039,179,78,0,0
465277,1,5,1085,0,66,23,60303.74,147039,179,78,0,0
465419,1,5,1085,0,62,23,60303.74,147039,179,78,0,0
465526,1,4,1085,0,62,23,60303.74,147039,179,78,0,0
465632,1,4,1085,0,52,23,60303.74,147039,179,78,0,0
465751,1,3,1085,0,50,23,60303.74,147039,179,78,0,0
465870,1,3,1052,0,48,23,60303.74,147039,179,78,0,0
465977,1,2,1020,0,42,23,60303.74,147039,179,78,0,0
466078,1,2,1018,0,34,23,60303.74,147039,179,78,0,0
466220,1,0,953,0,30,23,60303.74,147039,179,78,0,0
466327,1,0,919,0,24,23,60303.74,147039,179,78,0,0
466377,1,0,884,0,20,23,60303.74,147039,179,78,0,0
466551,1,0,851,0,20,23,60303.74,147040,188,78,0,0
466677,1,0,851,0,18,23,60303.74,147040,188,78,0,0
466777,1,0,851,0,16,23,60303.74,147040,188,78,0,0
466877,1,0,851,0,16,23,60303.74,147040,188,78,0,0
467002,1,0,851,0,16,23,60303.74,147040,188,78,0,0
467132,1,0,851,0,14,23,60303.74,147040,188,78,0,0
467226,1,0,850,0,12,23,60303.74,147040,188,78,0,0
467352,1,0,849,0,14,23,60303.74,147040,188,78,0,0
467471,1,0,850,0,12,23,60303.74,147040,188,78,0,0
467571,1,0,850,0,12,23,60303.74,147040,188,78,0,0
467696,1,0,849,0,12,23,60303.74,147040,188,78,0,0
467815,1,0,849,0,12,23,60303.74,147040,188,78,0,0
467877,1,0,849,0,12,23,60303.74,147040,188,78,0,0
468026,1,0,818,0,12,23,60303.74,147040,188,78,0,0
468151,1,0,851,0,12,23,60303.74,147040,188,78,0,0
468277,1,0,851,0,32,23,60303.74,147040,188,78,0,0
468377,1,0,852,0,40,23,60303.74,147040,188,78,0,0
468478,1,0,851,0,56,23,60303.74,147040,188,78,0,0
468578,1,0,851,0,84,23,60303.74,147040,188,78,0,0
468726,1,0,850,0,108,23,60303.74,147040,188,78,0,0
468826,1,0,849,0,134,23,60303.74,147040,188,78,0,0
468926,1,0,849,0,154,23,60303.74,147040,188,78,0,0
469070,1,0,849,0,154,23,60303.74,147040,188,78,0,0
469177,1,0,849,0,180,23,60304.74,147040,188,78,0,0
469277,1,0,751,0,186,23,60304.74,147040,188,78,0,0
469377,1,0,608,0,196,23,60304.74,147040,188,78,0,0
469526,1,0,480,0,196,23,60304.74,147040,188,78,0,0
469632,1,0,352,0,196,23,60304.74,147040,188,78,0,0
469752,1,0,352,0,194,23,60304.74,147040,188,78,0,0
469871,1,0,256,0,186,23,60304.74,147040,188,78,0,0
469977,1,0,256,0,158,23,60304.74,147040,188,78,0,0
470078,1,0,256,0,144,23,60304.74,147040,188,78,0,0
470196,1,0,256,0,136,23,60304.74,147040,188,78,0,0
470326,1,0,0,0,126,23,60304.74,147040,188,78,0,0
470377,1,0,0,0,122,23,60304.74,147040,188,78,0,0
470551,1,0,0,0,116,23,60304.74,147040,188,78,0,0
470670,1,0,0,0,112,23,60304.74,147040,188,78,0,0
470786,1,0,0,0,106,23,60304.74,147040,188,78,0,0
470877,1,0,0,0,104,23,60304.74,147040,188,78,0,0
471000,1,0,0,0,104,23,60304.74,147040,188,78,0,0
471120,1,0,0,0,100,23,60304.74,147040,188,78,0,0
471226,1,0,0,0,98,23,60304.74,147040,188,78,0,0
471351,1,0,0,0,98,23,60304.74,147040,188,78,0,0
471447,1,0,0,0,96,23,60304.74,147040,188,78,0,0
471579,1,0,0,0,96,23,60304.74,147040,188,78,0,0
471696,1,0,0,0,94,23,60304.74,147040,188,78,0,0
471777,1,0,0,0,94,23,60304.74,147040,188,78,0,0
471927,1,0,0,0,92,23,60304.74,147040,188,78,0,0
472026,1,0,0,0,92,23,60304.74,147040,188,78,0,0
472151,1,0,0,0,92,23,60304.74,147040,188,78,0,0
472251,1,0,0,0,92,23,60304.74,147040,188,78,0,0
472377,1,0,0,0,90,23,60304.74,147040,188,78,0,0
472480,1,0,0,0,90,23,60304.74,147040,188,78,0,0
472577,1,0,0,0,90,23,60304.74,147040,188,78,0,0
472720,1,0,0,0,90,23,60304.74,147040,188,78,0,0
472827,1,0,0,0,90,23,60304.74,147040,188,78,0,0
472926,1,0,0,0,88,23,60304.74,147040,188,78,0,0
473051,1,0,0,0,88,23,60304.74,147040,188,78,0,0
473177,1,0,0,0,88,23,60304.74,147040,188,78,0,0
473277,1,0,0,0,88,23,60304.74,147040,188,78,0,0
473377,1,0,0,0,88,23,60304.74,147040,188,78,0,0
473678,1,0,0,0,90,23,60304.74,147040,188,78,0,0
473777,1,0,0,0,100,23,60304.74,147040,188,78,0,0
473877,1,0,0,0,114,23,60304.74,147040,188,78,0,0
474024,1,0,0,0,138,23,60304.74,147040,188,78,0,0
474133,1,0,0,0,152,23,60304.74,147040,188,78,0,0
474251,1,0,0,0,152,23,60304.74,147040,188,78,0,0
474356,1,0,0,0,154,23,60304.74,147040,188,78,0,0
474426,1,0,0,0,154,23,60304.74,147040,188,78,0,0
474577,1,0,0,0,154,23,60304.74,147040,188,78,0,0
474696,1,0,0,0,154,23,60304.74,147040,188,78,0,0
474820,1,0,0,0,154,23,60304.74,147040,188,78,0,0
474926,1,0,0,0,154,23,60304.74,147040,188,78,0,0
475026,1,0,0,0,154,23,60304.74,147040,188,78,0,0
475151,1,0,0,0,154,23,60304.74,147040,188,78,0,0
475271,1,0,0,0,154,23,60304.74,147040,188,78,0,0
475451,1,0,0,0,162,23,60304.74,147040,188,78,0,0
475577,1,0,0,0,196,23,60304.74,147040,188,78,0,0
475720,1,0,0,0,204,23,60304.74,147040,188,78,0,0
475826,1,0,0,0,204,23,60304.74,147040,188,78,0,0
475946,1,0,0,0,204,23,60304.74,147040,188,78,0,0
476051,1,0,0,0,202,23,60304.74,147040,188,78,0,0
476171,1,0,0,0,202,23,60304.74,147040,188,78,0,0
476277,1,0,0,0,202,23,60304.74,147040,188,78,0,0
476377,1,0,0,0,202,23,60304.74,147040,188,78,0,0
476510,1,0,0,0,202,23,60304.74,147040,188,78,0,0
476620,1,0,0,0,198,23,60304.74,147040,188,78,0,0
476726,1,0,0,0,196,23,60304.74,147040,188,78,0,0
476851,1,0,0,0,194,23,60304.74,147040,188,78,0,0
476951,1,0,0,0,190,23,60304.74,147040,188,78,0,0
477077,1,0,0,0,184,23,60304.74,147040,188,78,0,0
477277,1,0,0,0,180,23,60304.74,147040,188,78,0,0
477377,1,0,0,0,176,23,60304.74,147040,188,78,0,0
477509,1,0,0,0,176,23,60304.74,147040,188,78,0,0
477620,1,0,0,0,174,23,60304.74,147040,188,78,0,0
477726,1,0,0,0,172,23,60304.74,147040,188,78,0,0
477826,1,0,0,0,172,23,60304.74,147040,188,78,0,0
477951,1,0,0,0,170,23,60304.74,147040,188,78,0,0
478077,1,0,0,0,170,23,60304.74,147040,188,78,0,0
478196,1,0,0,0,168,23,60304.74,147040,188,78,0,0
478277,1,0,0,0,168,23,60304.74,147040,188,78,0,0
478420,1,0,0,0,168,23,60304.74,147040,188,78,0,0
478526,1,0,0,0,168,23,60304.74,147040,188,78,0,0
478650,1,0,0,0,168,23,60304.74,147040,188,78,0,0
478751,1,0,0,0,168,23,60304.74,147040,188,78,0,0
478877,1,0,0,0,168,23,60304.74,147040,188,78,0,0
478951,1,0,0,0,168,23,60304.74,147040,188,78,0,0
479177,1,0,0,0,168,23,60304.74,147040,188,78,0,0
479277,1,0,0,0,168,23,60304.74,147040,188,78,0,0
479377,1,0,0,0,168,23,60304.74,147040,188,78,0,0
479528,1,0,0,0,168,23,60304.74,147040,188,78,0,0
479632,1,0,0,0,168,23,60304.74,147040,188,78,0,0
479751,1,0,0,0,168,23,60304.74,147040,188,78,0,0
479871,1,0,0,0,166,23,60304.74,147040,188,78,0,0
479926,1,0,0,0,168,23,60304.74,147040,188,78,0,0
480077,1,0,0,0,166,23,60304.74,147040,188,78,0,0
480196,1,0,0,0,166,23,60304.74,147040,188,78,0,0
480326,1,0,0,0,166,23,60304.74,147040,188,78,0,0
480429,1,0,0,0,164,23,60304.74,147040,188,78,0,0
480550,1,0,0,0,164,23,60304.74,147040,188,78,0,0
480671,1,0,0,0,164,23,60304.74,147040,188,78,0,0
480777,1,0,0,0,162,23,60304.74,147040,188,78,0,0
480929,1,0,0,0,160,23,60304.74,147040,188,78,0,0
481077,1,0,0,0,160,23,60304.74,147040,188,78,0,0
481196,1,0,0,0,160,23,60304.74,147040,188,78,0,0
481320,1,0,0,0,160,23,60304.74,147040,188,78,0,0
481429,1,0,0,0,158,23,60304.74,147040,188,78,0,0
481551,1,0,0,0,158,23,60304.74,147040,188,78,0,0
481650,1,0,0,0,156,23,60304.74,147040,188,78,0,0
481777,1,0,0,0,154,23,60304.74,147040,188,78,0,0
481877,1,0,0,0,154,23,60304.74,147040,188,78,0,0
481950,1,0,0,0,154,23,60304.74,147040,188,78,0,0
482120,1,0,0,0,152,23,60304.74,147040,188,78,0,0
482230,1,0,0,0,150,23,60304.74,147040,188,78,0,0
482350,1,0,0,0,150,23,60304.74,147040,188,78,0,0
482450,1,0,0,0,148,23,60304.74,147040,188,78,0,0
482577,1,0,0,0,148,23,60304.74,147040,188,78,0,0
482777,1,0,0,0,146,23,60304.74,147040,188,78,0,0
482877,1,0,0,0,146,23,60304.74,147040,188,78,0,0
482992,1,0,0,0,146,23,60304.74,147040,188,78,0,0
483120,1,0,0,0,146,23,60304.74,147040,188,78,0,0
483229,1,0,0,0,146,23,60304.74,147040,188,78,0,0
483350,1,0,0,0,146,23,60304.74,147040,188,78,0,0
483429,1,0,0,0,146,23,60304.74,147040,188,78,0,0
483577,1,0,0,0,144,23,60304.74,147040,188,78,0,0
483677,1,0,128,0,144,23,60304.74,147040,188,78,0,0
483777,1,0,147,0,144,23,60304.74,147040,188,78,0,0
483920,1,0,320,0,146,23,60304.74,147040,188,78,0,0
484032,1,0,1063,0,146,23,60304.74,147040,188,78,0,0
484132,1,0,1184,0,144,23,60304.74,147040,188,78,0,0
484250,1,0,1198,0,144,23,60304.74,147040,188,78,0,0
484376,1,0,1127,0,146,23,60304.74,147040,188,78,0,0
484573,1,0,1049,0,148,23,60304.74,147040,188,78,0,0
484676,1,0,920,0,150,23,60304.74,147040,188,78,0,0
484776,1,0,887,0,142,23,60304.74,147040,188,78,0,0
484877,1,0,891,0,92,23,60304.74,147040,188,78,0,0
485020,1,0,865,0,2,23,60304.74,147040,188,78,0,0
485129,1,0,869,0,0,23,60304.74,147040,188,78,0,0
485250,1,0,870,0,0,23,60304.74,147040,188,78,0,0
485350,1,0,869,0,0,23,60304.74,147040,188,78,0,0
485479,1,0,871,0,0,23,60304.74,147040,188,78,0,0
485576,1,0,900,5,0,23,60304.74,147040,188,78,0,0
485695,1,0,968,14,0,23,60304.74,147040,188,78,0,0
485823,1,0,1217,20,0,23,60304.74,147040,188,78,0,0
485932,1,0,1463,27,0,23,60304.74,147040,188,78,0,0
486050,1,0,1512,27,0,23,60304.74,147040,188,78,0,0
486150,1,0,1531,27,0,23,60304.74,147040,188,78,0,0
486276,1,0,1545,27,0,23,60305.76,147040,188,78,0,0
486429,1,0,1538,27,0,23,60305.76,147040,188,78,0,0
486576,1,3,1534,27,0,23,60305.76,147040,188,78,0,0
486695,1,3,1443,27,0,23,60305.76,147040,188,78,0,0
486815,1,4,1409,27,0,23,60305.76,147040,188,78,0,0
486931,1,5,1407,27,0,23,60306.79,147040,188,78,0,0
487035,1,6,1371,27,0,23,60306.79,147040,188,78,0,0
487150,1,7,1368,27,0,23,60306.79,147040,188,78,0,0
487273,1,8,1338,27,0,23,60306.79,147040,188,78,0,0
487376,1,9,1404,27,0,23,60306.79,147040,188,78,0,0
487477,1,10,1436,28,0,23,60306.79,147040,188,78,0,0
487576,1,10,1547,43,0,23,60306.79,147040,188,78,0,0
487731,1,11,1671,70,0,23,60307.80,147040,188,78,0,0
487835,1,11,1697,75,0,23,60307.80,147040,188,78,0,0
487950,1,12,1822,78,0,23,60307.80,147040,188,78,0,0
488076,1,13,1902,79,0,23,60307.80,147040,188,78,0,0
488250,1,14,2005,79,0,23,60307.80,147040,188,78,0,0
488376,1,14,2118,79,0,23,60308.84,147040,188,78,0,0
488503,1,15,2150,75,0,23,60308.84,147040,188,78,0,0
488576,1,15,2224,36,0,23,60308.84,147040,188,78,0,0
488724,1,16,2104,0,0,23,60308.84,147040,188,78,0,0
488832,1,16,2015,0,0,23,60308.84,147040,188,78,0,0
488950,1,16,1894,0,0,23,60308.84,147040,188,78,0,0
489076,1,16,1862,0,0,23,60308.84,147040,188,78,0,0
489176,1,16,1798,0,0,23,60308.84,147040,188,78,0,0
489276,1,16,1761,0,0,23,60308.84,147040,188,78,0,0
489376,1,16,1726,9,0,23,60308.84,147040,188,78,0,0
489531,1,16,1660,37,0,23,60308.84,147040,188,78,0,0
489632,1,16,1349,42,0,23,60309.86,147040,188,78,0,0
489750,1,16,1183,51,0,23,60309.86,147040,188,78,0,0
489873,1,16,1280,72,0,23,60309.86,147040,188,78,0,0
490065,1,17,1282,77,0,23,60309.86,147040,188,78,0,0
490176,1,17,1320,77,0,23,60309.86,147040,188,78,0,0
490276,1,17,1355,77,0,23,60309.86,147040,188,78,0,0
490376,1,18,1387,67,0,23,60309.86,147040,188,78,0,0
490523,1,18,1384,57,0,23,60309.86,147040,188,78,0,0
490631,1,18,1418,52,0,23,60309.86,147040,188,78,0,0
490750,1,19,1417,49,0,23,60310.90,147040,188,78,0,0
490850,1,19,1466,48,0,23,60310.90,147040,188,78,0,0
490931,1,19,1459,48,0,23,60310.90,147040,188,78,0,0
491076,1,19,1484,53,0,23,60310.90,147040,188,78,0,0
491195,1,19,1488,58,0,23,60310.90,147040,188,78,0,0
491323,1,19,1521,58,0,23,60310.90,147040,188,78,0,0
491431,1,20,1529,0,0,23,60310.90,147040,188,78,0,0
491550,1,20,1484,0,0,23,60310.90,147040,188,78,0,0
491653,1,20,1533,0,0,23,60310.90,147040,188,78,0,0
491850,1,20,1497,0,0,23,60310.90,147040,188,78,0,0
491950,1,20,1523,0,0,23,60310.90,147040,188,78,0,0
492076,1,20,1510,0,0,23,60310.90,147040,188,78,0,0
492195,1,20,1477,0,2,23,60310.90,147040,188,78,0,0
492323,1,19,1477,0,4,23,60310.90,147040,188,78,0,0
492432,1,19,1477,0,4,23,60310.90,147040,188,78,0,0
492550,1,19,1445,0,4,23,60311.90,147040,188,78,0,0
492650,1,19,1445,0,6,23,60311.90,147040,188,78,0,0
492776,1,19,1411,0,4,23,60311.90,147040,188,78,0,0
492876,1,19,1411,0,6,23,60311.90,147040,188,78,0,0
492986,1,18,1377,0,6,23,60311.90,147040,188,78,0,0
493123,1,18,1376,0,0,23,60311.90,147040,188,78,0,0
493232,1,18,1376,0,0,23,60311.90,147040,188,78,0,0
493350,1,18,1375,0,0,23,60311.90,147040,188,78,0,0
493464,1,18,1375,0,0,23,60311.90,147040,191,78,0,0
493577,1,17,1373,0,0,23,60311.90,147040,191,78,0,0
493775,1,17,1340,0,0,23,60311.90,147040,191,78,0,0
493883,1,17,1340,0,0,23,60311.90,147040,191,78,0,0
493950,1,17,1308,0,0,23,60311.90,147040,191,78,0,0
494123,1,17,1307,0,0,23,60311.90,147040,191,78,0,0
494231,1,17,1273,0,0,23,60311.90,147040,191,78,0,0
494350,1,16,1273,0,0,23,60311.90,147040,191,78,0,0
494431,1,16,1272,0,0,23,60311.90,147040,191,78,0,0
494576,1,16,1239,0,0,23,60311.90,147040,191,78,0,0
494695,1,16,1238,0,0,23,60311.90,147040,191,78,0,0
494776,1,16,1204,0,0,23,60311.90,147040,191,78,0,0
494923,1,16,1203,0,0,23,60311.90,147040,191,78,0,0
495031,1,16,1202,0,0,23,60311.90,147040,191,78,0,0
495131,1,15,1202,0,0,23,60311.90,147040,191,78,0,0
495250,1,15,1169,0,0,23,60311.90,147040,191,78,0,0
495376,1,15,1167,0,0,23,60311.90,147040,191,78,0,0
495576,1,15,1135,0,0,23,60311.90,147040,191,78,0,0
495676,1,15,1134,0,0,23,60311.90,147040,191,78,0,0
495775,1,15,1134,0,0,23,60311.90,147040,191,78,0,0
495875,1,15,1103,0,0,23,60311.90,147040,191,78,0,0
496031,1,14,1105,0,0,23,60311.90,147040,191,78,0,0
496131,1,14,1106,0,0,23,60311.90,147040,191,78,0,0
496250,1,14,1105,2,0,23,60311.90,147040,191,78,0,0
496376,1,14,1108,5,0,23,60312.91,147040,191,78,0,0
496447,1,14,1108,6,0,23,60312.91,147040,191,78,0,0
496575,1,14,1075,6,0,23,60312.91,147040,191,78,0,0
496695,1,14,1077,8,0,23,60312.91,147040,191,78,0,0
496831,1,14,1078,0,0,23,60312.91,147040,191,78,0,0
496931,1,14,1080,0,0,23,60312.91,147040,191,78,0,0
497065,1,14,1051,0,0,23,60312.91,147040,191,78,0,0
497175,1,14,1079,0,36,23,60312.91,147040,191,78,0,0
497276,1,14,1047,0,48,23,60312.91,147040,191,78,0,0
497650,1,12,1012,0,68,23,60312.91,147040,191,78,0,0
497775,1,12,994,0,70,23,60312.91,147040,191,78,0,0
497875,1,12,1074,0,70,23,60312.91,147040,191,78,0,0
497945,1,12,1074,0,70,23,60312.91,147040,191,78,0,0
498076,1,11,1024,0,68,23,60312.91,147040,191,78,0,0
498231,1,10,1048,0,64,23,60312.91,147040,191,78,0,0
498331,1,10,1047,0,60,23,60312.91,147040,191,78,0,0
498450,1,9,1047,0,52,23,60312.91,147040,191,78,0,0
498575,1,9,1050,0,34,23,60312.91,147040,191,78,0,0
498675,1,8,1051,0,32,23,60312.91,147040,191,78,0,0
498776,1,8,1051,0,34,23,60312.91,147040,191,78,0,0
498922,1,8,1051,0,32,23,60312.91,147040,191,78,0,0
499031,1,8,1051,0,32,23,60312.91,147040,191,78,0,0
499150,1,7,1052,0,32,23,60312.91,147040,191,78,0,0
499250,1,7,1052,0,32,23,60312.91,147040,191,78,0,0
499495,1,7,1052,0,28,23,60312.91,147040,191,78,0,0
499623,1,7,1053,0,6,23,60312.91,147040,191,78,0,0
499731,1,7,1053,0,8,23,60312.91,147040,191,78,0,0
499850,1,6,1053,0,8,23,60312.91,147040,191,78,0,0
499950,1,6,1053,0,6,23,60312.91,147040,191,78,0,0
500078,1,6,1053,0,4,23,60313.91,147040,191,78,0,0
500195,1,6,1054,0,4,23,60313.91,147040,191,78,0,0
500315,1,6,1054,0,0,23,60313.91,147040,191,78,0,0
500424,1,6,1053,0,0,23,60313.91,147040,191,78,0,0
500531,1,6,1054,0,0,23,60313.91,147040,191,78,0,0
500650,1,6,1054,0,0,23,60313.91,147040,191,78,0,0
500772,1,6,1054,0,0,23,60313.91,147040,191,78,0,0
500875,1,6,1053,0,0,23,60313.91,147040,191,78,0,0
500981,1,6,1053,0,0,23,60313.91,147040,191,78,0,0
501077,1,6,1051,0,0,23,60313.91,147040,191,78,0,0
501333,1,6,1049,0,0,23,60313.91,147040,191,78,0,0
501446,1,6,1016,0,0,23,60313.91,147040,191,78,0,0
501577,1,6,1016,0,0,23,60313.91,147040,191,78,0,0
501695,1,6,1048,0,0,23,60313.91,147040,191,78,0,0
501815,1,6,1016,0,0,23,60313.91,147040,191,78,0,0
501923,1,6,1016,0,0,23,60313.91,147040,191,78,0,0
502031,1,6,1016,0,0,23,60313.91,147040,191,78,0,0
502151,1,5,1016,0,0,23,60313.91,147040,191,78,0,0
502250,1,5,1016,0,0,23,60313.91,147040,191,78,0,0
502375,1,5,1048,0,0,23,60313.91,147040,191,78,0,0
502493,1,5,1016,0,0,23,60313.91,147040,191,78,0,0
502577,1,5,1016,0,0,23,60313.91,147040,191,78,0,0
502730,1,5,1016,0,0,23,60313.91,147040,191,78,0,0
502831,1,5,1016,0,0,23,60313.91,147040,191,78,0,0
502923,1,5,1016,0,0,23,60313.91,147040,191,78,0,0
503175,1,5,1016,0,0,23,60313.91,147040,191,78,0,0
503275,1,5,1016,0,0,23,60313.91,147040,191,78,0,0
503423,1,5,1016,0,0,23,60313.91,147040,191,78,0,0
503531,1,5,1017,0,0,23,60313.91,147040,191,78,0,0
503650,1,5,1016,0,0,23,60313.91,147040,191,78,0,0
503750,1,5,1016,0,0,23,60313.91,147040,191,78,0,0
503875,1,5,1017,0,0,23,60314.92,147040,191,78,0,0
503979,1,5,1016,0,0,23,60314.92,147040,191,78,0,0
504077,1,5,1017,0,0,23,60314.92,147040,191,78,0,0
504222,1,5,1017,0,0,23,60314.92,147040,191,78,0,0
504331,1,5,1017,0,0,23,60314.92,147040,191,78,0,0
504446,1,5,1016,0,0,23,60314.92,147040,191,78,0,0
504566,1,5,1016,0,0,23,60314.92,147040,191,78,0,0
504675,1,5,1015,0,0,23,60314.92,147040,191,78,0,0
504800,1,5,1014,0,0,23,60314.92,147040,191,78,0,0
504875,1,4,1014,0,16,23,60314.92,147040,191,78,0,0
505150,1,4,1014,0,10,23,60314.92,147040,191,78,0,0
505272,1,4,1014,0,10,23,60314.92,147040,191,78,0,0
505375,1,4,1014,0,10,23,60314.92,147040,191,78,0,0
505450,1,4,1014,0,10,23,60314.92,147040,191,78,0,0
505576,1,4,982,0,10,23,60314.92,147040,191,78,0,0
505722,1,4,982,0,12,23,60314.92,147040,191,78,0,0
505831,1,4,981,0,16,23,60314.92,147040,191,78,0,0
505932,1,4,981,0,26,23,60314.92,147040,191,78,0,0
506072,1,4,981,0,26,23,60314.92,147040,191,78,0,0
506175,1,3,949,0,50,23,60314.92,147040,191,78,0,0
506275,1,3,949,0,50,23,60314.92,147040,191,78,0,0
506375,1,3,949,0,50,23,60314.92,147040,191,78,0,0
506524,1,3,917,0,50,23,60314.92,147040,191,78,0,0
506631,1,0,884,0,50,23,60314.92,147040,191,78,0,0
506751,1,0,882,0,48,23,60314.92,147040,191,78,0,0
507004,1,0,850,0,16,23,60314.92,147040,191,78,0,0
507075,1,0,849,0,16,23,60314.92,147040,191,78,0,0
507231,1,0,850,0,14,23,60314.92,147040,191,78,0,0
507331,1,0,850,0,12,23,60314.92,147040,191,78,0,0
507450,1,0,850,0,12,23,60314.92,147040,191,78,0,0
507575,1,0,851,0,12,23,60314.92,147040,191,78,0,0
507675,1,0,851,0,12,23,60314.92,147040,191,78,0,0
507775,1,0,851,0,12,23,60315.93,147040,191,78,0,0
507875,1,0,851,0,12,23,60315.93,147040,191,78,0,0
508031,1,0,852,0,12,23,60315.93,147040,191,78,0,0
508131,1,0,820,0,12,23,60315.93,147040,191,78,0,0
508250,1,0,852,0,12,23,60315.93,147040,191,78,0,0
508372,1,0,856,0,12,23,60315.93,147040,191,78,0,0
508432,1,0,856,0,12,23,60315.93,147040,191,78,0,0
508575,1,0,854,0,12,23,60315.93,147040,191,78,0,0
508823,1,0,849,0,2,23,60315.93,147040,191,78,0,0
509003,1,0,849,0,0,23,60315.93,147040,191,78,0,0
509175,1,0,849,0,0,23,60315.93,147040,191,78,0,0
509331,1,0,915,0,0,23,60315.93,147040,191,78,0,0
509522,1,0,1188,0,0,23,60315.93,147040,191,78,0,0
509694,1,0,1407,0,0,23,60315.93,147040,191,78,0,0
509814,1,0,1394,0,0,23,60315.93,147040,191,78,0,0
509922,1,0,1259,0,0,23,60315.93,147040,191,78,0,0
510031,1,0,1196,0,0,23,60315.93,147040,191,78,0,0
510149,1,0,1191,0,0,23,60315.93,147040,191,78,0,0
510275,1,0,1209,0,0,23,60316.93,147040,191,78,0,0
510375,1,0,1203,0,0,23,60316.93,147040,191,78,0,0
510488,1,0,1203,0,0,23,60316.93,147040,191,78,0,0
510575,1,2,1196,0,0,23,60316.93,147040,191,78,0,0
510731,1,3,1195,0,0,23,60316.93,147040,191,78,0,0
510849,1,4,1195,0,0,23,60316.93,147040,191,78,0,0
510949,1,4,1196,0,0,23,60316.93,147040,191,78,0,0
511075,1,4,1193,0,0,23,60316.93,147040,191,78,0,0
511175,1,5,1192,0,0,23,60316.93,147040,191,78,0,0
511275,1,5,1195,0,0,23,60316.93,147040,191,78,0,0
511375,1,6,1197,0,0,23,60316.93,147040,191,78,0,0
511531,1,6,1169,0,0,23,60316.93,147040,191,78,0,0
511649,1,7,1172,0,0,23,60317.95,147040,191,78,0,0
511749,1,8,1157,0,0,23,60317.95,147040,191,78,0,0
511875,1,8,1195,0,0,23,60317.95,147040,191,78,0,0
511949,1,8,1195,4,0,23,60317.95,147040,191,78,0,0
512075,1,9,1280,16,0,23,60317.95,147040,191,78,0,0
512194,1,9,1365,24,0,23,60317.95,147040,191,78,0,0
512331,1,9,1396,31,0,23,60317.95,147040,191,78,0,0
512446,1,9,1435,36,0,23,60317.95,147040,191,78,0,0
512549,1,10,1481,40,0,23,60317.95,147040,191,78,0,0
512675,1,10,1537,40,0,23,60317.95,147040,191,78,0,0
512775,1,11,1613,40,0,23,60318.96,147040,191,78,0,0
512875,1,11,1653,40,0,23,60318.96,147040,191,78,0,0
513022,1,11,1756,38,0,23,60318.96,147040,191,78,0,0
513131,1,12,1791,0,0,23,60318.96,147040,191,78,0,0
513249,1,12,1712,0,0,23,60318.96,147040,191,78,0,0
513349,1,12,1724,0,0,23,60318.96,147040,191,78,0,0
513449,1,13,1639,0,0,23,60318.96,147040,191,78,0,0
513575,1,13,1611,0,0,23,60318.96,147040,191,78,0,0
513694,1,13,1548,0,0,23,60318.96,147040,191,78,0,0
513822,1,13,1485,0,0,23,60318.96,147040,191,78,0,0
513935,1,13,1357,13,0,23,60318.96,147040,191,78,0,0
514049,1,13,1177,25,0,23,60318.96,147040,191,78,0,0
514152,1,13,958,43,0,23,60318.96,147040,191,78,0,0
514275,1,13,1060,60,0,23,60318.96,147040,191,78,0,0
514375,1,13,1058,61,0,23,60320.00,147040,191,78,0,0
514446,1,13,1058,61,0,23,60320.00,147040,191,78,0,0
514622,1,14,1105,61,0,23,60320.00,147040,191,78,0,0
514730,1,14,1133,61,0,23,60320.00,147040,191,78,0,0
514849,1,15,1132,61,0,23,60320.00,147040,191,78,0,0
514949,1,15,1163,61,0,23,60320.00,147040,191,78,0,0
515075,1,15,1190,61,0,23,60320.00,147040,191,78,0,0
515194,1,16,1223,61,0,23,60320.00,147040,191,78,0,0
515275,1,16,1253,60,0,23,60320.00,147040,191,78,0,0
515422,1,16,1281,58,0,23,60320.00,147040,191,78,0,0
515530,1,16,1311,55,0,23,60320.00,147040,191,78,0,0
515649,1,17,1341,55,0,23,60320.00,147040,191,78,0,0
515749,1,17,1339,55,0,23,60321.03,147040,191,78,0,0
515875,1,18,1401,55,0,23,60321.03,147040,191,78,0,0
515944,1,18,1401,55,0,23,60321.03,147040,191,78,0,0
516075,1,18,1410,54,0,23,60321.03,147040,191,78,0,0
516222,1,18,1412,54,0,23,60321.03,147040,191,78,0,0
516331,1,18,1444,48,0,23,60321.03,147040,191,78,0,0
516446,1,19,1446,46,0,23,60321.03,147040,191,78,0,0
516565,1,19,1476,45,0,23,60321.03,147040,191,78,0,0
516675,1,19,1495,44,0,23,60321.03,147040,191,78,0,0
516775,1,19,1522,43,0,23,60321.03,147040,191,78,0,0
516875,1,20,1518,42,0,23,60321.03,147040,191,78,0,0
517023,1,20,1547,42,0,23,60321.03,147040,191,78,0,0
517321,1,20,1583,41,0,23,60322.05,147040,191,78,0,0
517430,1,20,1580,42,0,23,60322.05,147040,191,78,0,0
517549,1,21,1580,43,0,23,60322.05,147040,191,78,0,0
517649,1,21,1579,47,0,23,60322.05,147040,191,78,0,0
517775,1,21,1613,52,0,23,60322.05,147040,191,78,0,0
517875,1,21,1624,57,0,23,60322.05,147040,191,78,0,0
517996,1,21,1640,58,0,23,60322.05,147040,191,78,0,0
518122,1,21,1652,58,0,23,60322.05,147040,191,78,0,0
518230,1,22,1689,58,0,23,60322.05,147040,191,78,0,0
518349,1,22,1690,58,0,23,60322.05,147040,191,78,0,0
518449,1,22,1722,58,0,23,60323.09,147040,191,78,0,0
518575,1,22,1726,58,0,23,60323.09,147040,191,78,0,0
518694,1,22,1729,62,0,23,60323.09,147040,191,78,0,0
518775,1,23,1764,67,0,23,60323.09,147040,191,78,0,0
518922,1,23,1817,69,0,23,60323.09,147040,191,78,0,0
519031,1,23,1803,71,0,23,60323.09,147040,191,78,0,0
519149,1,24,1850,71,0,23,60323.09,147040,191,78,0,0
519249,1,24,1852,71,0,23,60323.09,147040,191,78,0,0
519376,1,24,1893,71,0,23,60323.09,147040,191,78,0,0
519482,1,25,1893,68,0,23,60324.14,147040,191,78,0,0
519575,1,25,1939,54,0,23,60324.14,147040,191,78,0,0
519723,1,25,1892,2,0,23,60324.14,147040,191,78,0,0
519841,1,26,1876,0,0,23,60324.14,147040,191,78,0,0
519949,1,25,1808,0,0,23,60324.14,147040,191,78,0,0
520072,1,25,1601,0,0,23,60324.14,147040,191,78,0,0
520175,1,25,1611,0,0,23,60324.14,147040,191,78,0,0
520275,1,25,1577,0,0,23,60324.14,147040,191,78,0,0
520375,1,25,1524,0,0,23,60324.14,147040,191,78,0,0
520522,1,25,1451,0,0,23,60324.14,147040,191,78,0,0
520631,1,25,1320,35,0,23,60324.14,147040,191,78,0,0
520730,1,25,1387,69,0,23,60324.14,147040,191,78,0,0
520849,1,25,1378,78,0,23,60324.14,147040,191,78,0,0
520949,1,25,1394,79,0,23,60324.14,147040,191,78,0,0
521075,1,26,1392,79,0,23,60324.14,147040,191,78,0,0
521194,1,26,1431,79,0,23,60325.18,147040,191,78,0,0
521322,1,26,1424,79,0,23,60325.18,147040,191,78,0,0
521430,1,26,1418,79,0,23,60325.18,147040,191,78,0,0
521550,1,27,1417,79,0,23,60325.18,147040,191,78,0,0
521649,1,27,1448,79,0,23,60325.18,147040,191,78,0,0
521775,1,27,1443,78,0,23,60325.18,147040,191,78,0,0
521875,1,27,1474,72,0,23,60325.18,147040,191,78,0,0
521949,1,28,1474,67,0,23,60325.18,147040,191,78,0,0
522122,1,28,1486,57,0,23,60326.20,147040,191,78,0,0
522230,1,28,1501,39,0,23,60326.20,147040,191,78,0,0
522350,1,28,1529,32,0,23,60326.20,147040,191,78,0,0
522430,1,28,1510,2,0,23,60326.20,147040,191,78,0,0
522575,1,28,1521,0,0,23,60326.20,147040,191,78,0,0
522695,1,28,1525,0,0,23,60326.20,147040,191,78,0,0
522814,1,28,1481,0,0,23,60326.20,147040,191,78,0,0
522923,1,28,1479,0,0,23,60326.20,147040,191,78,0,0
523030,1,28,1478,0,0,23,60326.20,147040,191,78,0,0
523149,1,28,1479,0,0,23,60326.20,147040,191,78,0,0
523272,1,28,1478,0,0,23,60326.20,147040,191,78,0,0
523375,1,28,1477,0,0,23,60326.20,147040,191,78,0,0
523430,1,28,1477,0,0,23,60326.20,147040,191,78,0,0
523575,1,28,1474,0,0,23,60326.20,147040,191,78,0,0
523723,1,28,1473,9,0,23,60326.20,147040,191,78,0,0
523831,1,28,1474,25,0,23,60326.20,147040,191,78,0,0
523930,1,28,1490,26,0,23,60326.20,147040,191,78,0,0
524072,1,27,1525,29,0,23,60326.20,147040,191,78,0,0
524175,1,28,1490,31,0,23,60326.20,147040,191,78,0,0
524275,1,28,1492,33,0,23,60327.22,147040,191,78,0,0
524375,1,28,1499,39,0,23,60327.22,147040,191,78,0,0
524531,1,28,1479,43,0,23,60327.22,147040,188,78,0,0
524631,1,28,1485,56,0,23,60327.22,147040,188,78,0,0
524749,1,28,1496,61,0,23,60327.22,147040,188,78,0,0
524872,1,28,1528,62,0,23,60327.22,147040,188,78,0,0
524949,1,28,1528,65,0,23,60327.22,147040,188,78,0,0
525075,1,28,1509,68,0,23,60327.22,147040,188,78,0,0
525194,1,28,1513,71,0,23,60327.22,147040,188,78,0,0
525331,1,28,1554,79,0,23,60327.22,147040,188,78,0,0
525446,1,29,1567,83,0,23,60327.22,147040,188,78,0,0
525549,1,29,1539,105,0,23,60328.25,147040,188,78,0,0
525675,1,29,1607,115,0,23,60328.25,147040,188,78,0,0
525775,1,30,1631,115,0,23,60328.25,147040,188,78,0,0
525875,1,30,1629,108,0,23,60328.25,147040,188,78,0,0
525991,1,30,1641,108,0,23,60328.25,147040,188,78,0,0
526131,1,31,1685,103,0,23,60328.25,147040,188,78,0,0
526231,1,31,1723,102,0,23,60329.32,147040,188,78,0,0
526350,1,32,1696,102,0,23,60329.32,147040,188,78,0,0
526463,1,32,1759,102,0,23,60329.32,147040,188,78,0,0
526575,1,33,1775,102,0,23,60329.32,147040,188,78,0,0
526694,1,33,1765,102,0,23,60329.32,147040,188,78,0,0
526830,1,33,1855,100,0,23,60330.41,147040,188,78,0,0
526943,1,34,1853,88,0,23,60330.41,147040,188,78,0,0
527064,1,35,1884,66,0,23,60330.41,147040,188,78,0,0
527175,1,35,1775,0,0,23,60330.41,147040,188,78,0,0
527275,1,35,1732,0,0,23,60330.41,147040,188,78,0,0
527375,1,35,1689,0,0,23,60330.41,147040,188,78,0,0
527463,1,35,1657,0,0,23,60330.41,147040,188,78,0,0
527631,1,35,1507,0,0,23,60330.41,147040,188,78,0,0
527749,1,35,1476,36,0,23,60330.41,147040,188,78,0,0
527849,1,35,1413,81,0,23,60330.41,147040,188,78,0,0
527949,1,35,1451,107,0,23,60330.41,147040,188,78,0,0
528075,1,35,1391,113,0,23,60331.43,147040,188,78,0,0
528194,1,35,1425,123,0,23,60331.43,147040,188,78,0,0
528322,1,36,1463,127,0,23,60331.43,147040,188,78,0,0
528422,1,36,1441,127,0,23,60331.43,147040,188,78,0,0
528549,1,36,1469,127,0,23,60331.43,147040,188,78,0,0
528649,1,37,1484,125,0,23,60331.43,147040,188,78,0,0
528775,1,37,1506,117,0,23,60332.46,147040,188,78,0,0
528875,1,37,1516,110,0,23,60332.46,147040,188,78,0,0
528989,1,38,1508,106,0,23,60332.46,147040,188,78,0,0
529122,1,38,1566,101,0,23,60332.46,147040,188,78,0,0
529231,1,38,1557,92,0,23,60332.46,147040,188,78,0,0
529349,1,39,1597,92,0,23,60333.49,147040,188,78,0,0
529463,1,39,1573,92,0,23,60333.49,147040,188,78,0,0
529575,1,39,1572,91,0,23,60333.49,147040,188,78,0,0
529681,1,39,1597,91,0,23,60333.49,147040,188,78,0,0
529775,1,40,1593,91,0,23,60333.49,147040,188,78,0,0
529922,1,40,1622,91,0,23,60333.49,147040,188,78,0,0
530030,1,40,1620,96,0,23,60334.50,147040,188,78,0,0
530149,1,41,1615,100,0,23,60334.50,147040,188,78,0,0
530249,1,41,1643,105,0,23,60334.50,147040,188,78,0,0
530375,1,41,1661,107,0,23,60334.50,147040,188,78,0,0
530449,1,41,1661,107,0,23,60334.50,147040,188,78,0,0
530575,1,41,1663,107,0,23,60334.50,147040,188,78,0,0
530694,1,42,1674,107,0,23,60334.50,147040,188,78,0,0
530830,1,42,1683,107,0,23,60335.51,147040,188,78,0,0
530943,1,42,1721,107,0,23,60335.51,147040,188,78,0,0
531064,1,43,1724,107,0,23,60335.51,147040,188,78,0,0
531175,1,43,1727,107,0,23,60335.51,147040,188,78,0,0
531275,1,43,1729,107,0,23,60335.51,147040,188,78,0,0
531375,1,43,1730,105,0,23,60336.53,147040,188,78,0,0
531500,1,43,1730,102,0,23,60336.53,147040,188,78,0,0
531631,1,44,1764,85,0,23,60336.53,147040,188,78,0,0
531731,1,44,1765,7,0,23,60336.53,147040,188,78,0,0
531849,1,45,1726,0,0,23,60336.53,147040,188,78,0,0
531949,1,44,1645,0,0,23,60336.53,147040,188,78,0,0
532075,1,45,1542,0,0,23,60336.53,147040,188,78,0,0
532194,1,44,1467,0,0,23,60336.53,147040,188,78,0,0
532314,1,44,1467,0,0,23,60336.53,147040,188,78,0,0
532422,1,44,1380,0,0,23,60336.53,147040,188,78,0,0
532531,1,44,1380,0,0,23,60336.53,147040,188,78,0,0
532649,1,44,1340,0,0,23,60337.53,147040,188,78,0,0
532772,1,44,1305,0,0,23,60337.53,147040,188,78,0,0
532876,1,44,1305,8,0,23,60337.53,147040,188,78,0,0
532987,1,44,1307,54,0,23,60337.53,147040,188,78,0,0
533076,1,44,1402,71,0,23,60337.53,147040,188,78,0,0
533231,1,44,1489,106,0,23,60337.53,147040,188,78,0,0
533331,1,44,1416,119,0,23,60337.53,147040,188,78,0,0
533449,1,44,1422,123,0,23,60337.53,147040,188,78,0,0
533576,1,44,1432,124,0,23,60337.53,147040,188,78,0,0
533678,1,45,1451,127,0,23,60337.53,147040,188,78,0,0
533776,1,45,1463,132,0,23,60337.53,147040,188,78,0,0
533875,1,45,1449,134,0,23,60338.58,147040,188,78,0,0
533973,1,45,1492,134,0,23,60338.58,147040,188,78,0,0
534131,1,46,1500,123,0,23,60338.58,147040,188,78,0,0
534249,1,46,1477,115,0,23,60338.58,147040,188,78,0,0
534373,1,47,1521,114,0,23,60338.58,147040,188,78,0,0
534449,1,47,1521,114,0,23,60339.61,147040,188,78,0,0
534576,1,47,1527,112,0,23,60339.61,147040,188,78,0,0
534694,1,47,1516,110,0,23,60339.61,147040,188,78,0,0
534831,1,47,1504,96,0,23,60339.61,147040,188,78,0,0
534944,1,48,1556,88,0,23,60339.61,147040,188,78,0,0
535049,1,48,1539,81,0,23,60339.61,147040,188,78,0,0
535149,1,48,1549,77,0,23,60340.62,147040,188,78,0,0
535276,1,48,1557,72,0,23,60340.62,147040,188,78,0,0
535376,1,49,1546,65,0,23,60340.62,147040,188,78,0,0
535498,1,49,1543,54,0,23,60340.62,147040,188,78,0,0
535623,1,49,1564,51,0,23,60340.62,147040,188,78,0,0
535731,1,49,1539,40,0,23,60340.62,147040,188,78,0,0
535850,1,49,1560,40,0,23,60340.62,147040,188,78,0,0
535933,1,49,1574,40,0,23,60340.62,147040,188,78,0,0
536076,1,49,1542,40,0,23,60340.62,147040,188,78,0,0
536194,1,49,1578,54,0,23,60340.62,147040,188,78,0,0
536276,1,49,1587,69,0,23,60340.62,147040,188,78,0,0
536423,1,49,1579,74,0,23,60341.64,147040,188,78,0,0
536531,1,49,1579,80,0,23,60341.64,147040,188,78,0,0
536650,1,49,1571,81,0,23,60341.64,147040,188,78,0,0
536749,1,50,1612,81,0,23,60341.64,147040,188,78,0,0
536876,1,50,1622,82,0,23,60341.64,147040,188,78,0,0
536949,1,50,1590,82,0,23,60341.64,147040,188,78,0,0
537076,1,50,1622,82,0,23,60341.64,147040,188,78,0,0
537194,1,50,1619,82,0,23,60341.64,147040,188,78,0,0
537331,1,50,1615,82,0,23,60342.68,147040,188,78,0,0
537445,1,50,1612,82,0,23,60342.68,147040,188,78,0,0
537564,1,51,1610,82,0,23,60342.68,147040,188,78,0,0
537676,1,51,1639,81,0,23,60342.68,147040,188,78,0,0
537776,1,51,1654,81,0,23,60342.68,147040,188,78,0,0
537876,1,51,1657,80,0,23,60342.68,147040,188,78,0,0
538009,1,51,1654,80,0,23,60342.68,147040,188,78,0,0
538131,1,51,1647,72,0,23,60343.73,147040,188,78,0,0
538231,1,51,1640,71,0,23,60343.73,147040,188,78,0,0
538349,1,51,1633,71,0,23,60343.73,147040,188,78,0,0
538448,1,51,1649,71,0,23,60343.73,147040,188,78,0,0
538576,1,52,1636,70,0,23,60343.73,147040,188,78,0,0
538694,1,52,1640,70,0,23,60343.73,147040,188,78,0,0
538814,1,52,1674,69,0,23,60343.73,147040,188,78,0,0
538923,1,52,1676,63,0,23,60344.75,147040,188,78,0,0
539034,1,52,1675,54,0,23,60344.75,147040,188,78,0,0
539148,1,52,1693,53,0,23,60344.75,147040,188,78,0,0
539273,1,52,1680,53,0,23,60344.75,147040,188,78,0,0
539376,1,52,1665,0,0,23,60344.75,147040,188,78,0,0
539496,1,52,1665,0,0,23,60344.75,147040,188,78,0,0
539576,1,52,1675,0,0,23,60344.75,147040,188,78,0,0
539723,1,52,1684,0,0,23,60344.75,147040,188,78,0,0
539831,1,52,1677,0,0,23,60344.75,147040,188,78,0,0
539948,1,52,1675,0,0,23,60344.75,147040,188,78,0,0
540063,1,52,1643,0,0,23,60344.75,147040,188,78,0,0
540176,1,52,1675,0,0,23,60344.75,147040,188,78,0,0
540290,1,52,1642,0,0,23,60344.75,147040,188,78,0,0
540376,1,52,1641,0,0,23,60344.75,147040,188,78,0,0
540523,1,52,1641,0,0,23,60344.75,147040,188,78,0,0
540632,1,52,1641,0,0,23,60344.75,147040,188,78,0,0
540749,1,51,1657,0,0,23,60345.76,147040,188,78,0,0
540849,1,51,1646,0,0,23,60345.76,147040,188,78,0,0
540948,1,51,1656,0,0,23,60345.76,147040,188,78,0,0
541076,1,51,1660,0,0,23,60345.76,147040,188,78,0,0
541193,1,51,1655,0,0,23,60345.76,147040,188,78,0,0
541322,1,51,1628,0,0,23,60345.76,147040,188,78,0,0
541433,1,51,1643,5,0,23,60345.76,147040,188,78,0,0
541549,1,50,1613,27,0,23,60345.76,147040,188,78,0,0
541649,1,51,1655,40,0,23,60345.76,147040,188,78,0,0
541776,1,50,1633,50,0,23,60345.76,147040,188,78,0,0
541876,1,51,1611,56,0,23,60345.76,147040,188,78,0,0
542007,1,50,1610,61,0,23,60345.76,147040,188,78,0,0
542123,1,51,1615,66,0,23,60345.76,147040,188,78,0,0
542232,1,51,1632,76,0,23,60345.76,147040,188,78,0,0
542348,1,51,1611,80,0,23,60345.76,147040,188,78,0,0
542448,1,51,1661,81,0,23,60345.76,147040,188,78,0,0
542576,1,51,1621,81,0,23,60345.76,147040,188,78,0,0
542693,1,51,1657,81,0,23,60346.83,147040,188,78,0,0
542801,1,51,1651,81,0,23,60346.83,147040,188,78,0,0
542876,1,51,1652,81,0,23,60346.83,147040,188,78,0,0
543031,1,51,1652,78,0,23,60346.83,147040,188,78,0,0
543148,1,51,1655,69,0,23,60346.83,147040,188,78,0,0
543248,1,52,1684,47,0,23,60346.83,147040,188,78,0,0
543376,1,52,1637,36,0,23,60346.83,147040,188,78,0,0
543462,1,52,1653,32,0,23,60347.88,147040,188,78,0,0
543576,1,52,1633,31,0,23,60347.88,147040,188,78,0,0
543693,1,52,1660,31,0,23,60347.88,147040,188,78,0,0
543830,1,52,1659,15,0,23,60347.88,147040,188,78,0,0
543948,1,52,1660,5,0,23,60347.88,147040,188,78,0,0
544063,1,52,1654,1,0,23,60347.88,147040,188,78,0,0
544176,1,51,1650,1,0,23,60347.88,147040,188,78,0,0
544276,1,51,1645,1,0,23,60347.88,147040,188,78,0,0
544379,1,51,1644,1,0,23,60347.88,147040,188,78,0,0
544519,1,51,1644,1,0,23,60347.88,147040,188,78,0,0
544631,1,51,1645,1,0,23,60347.88,147040,188,79,0,0
544731,1,51,1611,2,0,23,60347.88,147040,188,79,0,0
544848,1,51,1642,9,0,23,60347.88,147040,188,79,0,0
544948,1,51,1641,14,0,23,60347.88,147040,188,79,0,0
545076,1,51,1650,18,0,23,60347.88,147040,188,79,0,0
545193,1,51,1655,20,0,23,60347.88,147040,188,79,0,0
545313,1,51,1604,23,0,23,60347.88,147040,188,79,0,0
545423,1,51,1614,30,0,23,60347.88,147040,188,79,0,0
545532,1,51,1620,45,0,23,60347.88,147040,188,79,0,0
545648,1,51,1601,51,0,23,60347.88,147040,188,79,0,0
545773,1,51,1608,52,0,23,60348.91,147040,188,79,0,0
545876,1,51,1624,56,0,23,60348.91,147040,188,79,0,0
545943,1,51,1656,61,0,23,60348.91,147040,188,79,0,0
546076,1,51,1639,65,0,23,60348.91,147040,188,79,0,0
546223,1,51,1655,67,0,23,60348.91,147040,188,79,0,0
546332,1,51,1661,68,0,23,60348.91,147040,188,79,0,0
546448,1,51,1604,68,0,23,60348.91,147040,188,79,0,0
546563,1,51,1636,66,0,23,60348.91,147040,188,79,0,0
546676,1,51,1634,61,0,23,60348.91,147040,188,79,0,0
546776,1,51,1659,57,0,23,60349.91,147040,188,79,0,0
546876,1,51,1641,54,0,23,60349.91,147040,188,79,0,0
547024,1,51,1634,53,0,23,60349.91,147040,188,79,0,0
547134,1,51,1661,42,0,23,60349.91,147040,188,79,0,0
547248,1,51,1659,31,0,23,60349.91,147040,188,79,0,0
547348,1,51,1657,24,0,23,60349.91,147040,188,79,0,0
547448,1,51,1660,15,0,23,60349.91,147040,188,79,0,0
547576,1,51,1641,15,0,23,60349.91,147040,188,79,0,0
547693,1,51,1632,14,0,23,60349.91,147040,188,79,0,0
547823,1,51,1632,7,0,23,60349.91,147040,188,79,0,0
547934,1,51,1602,0,0,23,60349.91,147040,188,79,0,0
548048,1,51,1624,0,0,23,60349.91,147040,188,79,0,0
548148,1,51,1612,0,0,23,60349.91,147040,188,79,0,0
548276,1,51,1612,0,0,23,60350.92,147040,188,79,0,0
548376,1,51,1612,0,0,23,60350.92,147040,188,79,0,0
548490,1,50,1612,0,0,23,60350.92,147040,188,79,0,0
548623,1,51,1612,0,0,23,60350.92,147040,188,79,0,0
548729,1,50,1611,0,0,23,60350.92,147040,188,79,0,0
548849,1,50,1610,0,0,23,60350.92,147040,188,79,0,0
548948,1,50,1595,15,0,23,60350.92,147040,188,79,0,0
549076,1,50,1611,15,0,23,60350.92,147040,188,79,0,0
549193,1,50,1600,45,0,23,60350.92,147040,188,79,0,0
549276,1,50,1607,53,0,23,60350.92,147040,188,79,0,0
549423,1,50,1583,66,0,23,60350.92,147040,188,79,0,0
549529,1,50,1580,68,0,23,60350.92,147040,188,79,0,0
549648,1,50,1590,68,0,23,60350.92,147040,188,79,0,0
549748,1,50,1631,68,0,23,60350.92,147040,188,79,0,0
549876,1,50,1602,67,0,23,60350.92,147040,188,79,0,0
549948,1,50,1602,55,0,23,60350.92,147040,188,79,0,0
550076,1,50,1614,55,0,23,60351.94,147040,188,79,0,0
550193,1,50,1615,50,0,23,60351.94,147040,188,79,0,0
550331,1,50,1601,49,0,23,60351.94,147040,188,79,0,0
550447,1,50,1631,49,0,23,60351.94,147040,188,79,0,0
550563,1,50,1601,49,0,23,60351.94,147040,188,79,0,0
550679,1,50,1606,48,0,23,60351.94,147040,188,79,0,0
550776,1,50,1608,48,0,23,60351.94,147040,188,79,0,0
550879,1,50,1610,48,0,23,60351.94,147040,188,79,0,0
551001,1,50,1615,44,0,23,60351.94,147040,188,79,0,0
551134,1,50,1612,32,0,23,60351.94,147040,188,79,0,0
551248,1,50,1600,31,0,23,60352.95,147040,188,79,0,0
551348,1,50,1614,30,0,23,60352.95,147040,188,79,0,0
551429,1,50,1602,27,0,23,60352.95,147040,188,79,0,0
551576,1,51,1631,27,0,23,60352.95,147040,188,79,0,0
551693,1,50,1629,27,0,23,60352.95,147040,188,79,0,0
551813,1,50,1627,26,0,23,60352.95,147040,188,79,0,0
551929,1,50,1627,26,0,23,60352.95,147040,188,79,0,0
552029,1,50,1627,26,0,23,60352.95,147040,188,79,0,0
552148,1,50,1627,26,0,23,60352.95,147040,188,79,0,0
552276,1,50,1625,26,0,23,60352.95,147040,188,79,0,0
552379,1,50,1625,26,0,23,60352.95,147040,188,79,0,0
552487,1,50,1625,26,0,23,60352.95,147040,187,79,0,0
552576,1,50,1627,26,0,23,60352.95,147040,187,79,0,0
552728,1,50,1627,26,0,23,60352.95,147040,187,79,0,0
552829,1,50,1629,26,0,23,60352.95,147040,187,79,0,0
552948,1,50,1629,26,0,23,60352.95,147040,187,79,0,0
553076,1,50,1628,26,0,23,60353.96,147040,187,79,0,0
553179,1,50,1628,26,0,23,60353.96,147040,187,79,0,0
553276,1,50,1626,26,0,23,60353.96,147040,187,79,0,0
553379,1,50,1625,26,0,23,60353.96,147040,187,79,0,0
553529,1,50,1625,26,0,23,60353.96,147040,187,79,0,0
553648,1,50,1624,26,0,23,60353.96,147040,187,79,0,0
553748,1,50,1623,26,0,23,60353.96,147040,187,79,0,0
553848,1,50,1626,26,0,23,60353.96,147040,187,79,0,0
553948,1,50,1627,26,0,23,60353.96,147040,187,79,0,0
554076,1,50,1628,26,0,23,60353.96,147040,187,79,0,0
554193,1,50,1596,26,0,23,60353.96,147040,187,79,0,0
554328,1,50,1594,26,0,23,60353.96,147040,187,80,0,0
554428,1,50,1593,26,0,23,60353.96,147040,187,79,0,0
554548,1,50,1624,26,0,23,60353.96,147040,187,79,0,0
554648,1,50,1622,26,0,23,60353.96,147040,187,79,0,0
554776,1,50,1622,30,0,23,60354.97,147040,187,79,0,0
554879,1,50,1623,32,0,23,60354.97,147040,187,79,0,0
554998,1,50,1628,32,0,23,60354.97,147040,187,79,0,0
555129,1,50,1600,32,0,23,60354.97,147040,187,79,0,0
555228,1,50,1604,32,0,23,60354.97,147040,187,79,0,0
555348,1,50,1607,33,0,23,60354.97,147040,187,79,0,0
555445,1,50,1608,33,0,23,60354.97,147040,187,79,0,0
555576,1,50,1608,32,0,23,60354.97,147040,187,79,0,0
555693,1,50,1608,31,0,23,60354.97,147040,187,79,0,0
555813,1,50,1604,30,0,23,60354.97,147040,187,79,0,0
555928,1,50,1603,23,0,23,60354.97,147040,187,79,0,0
556028,1,50,1601,20,0,23,60354.97,147040,187,79,0,0
556148,1,50,1625,15,0,23,60354.97,147040,187,79,0,0
556248,1,50,1585,8,0,23,60354.97,147040,187,79,0,0
556383,1,50,1569,8,0,23,60354.97,147040,187,79,0,0
556462,1,50,1601,8,0,23,60354.97,147040,187,79,0,0
556576,1,50,1623,8,0,23,60355.98,147040,187,79,0,0
556723,1,50,1589,8,0,23,60355.98,147040,187,79,0,0
556879,1,50,1621,8,0,23,60355.98,147040,187,79,0,0
556997,1,50,1590,9,0,23,60355.98,147040,187,79,0,0
557128,1,50,1591,9,0,23,60355.98,147040,187,79,0,0
557228,1,50,1592,13,0,23,60355.98,147040,187,79,0,0
557348,1,50,1591,13,0,23,60355.98,147040,187,79,0,0
557462,1,50,1593,14,0,23,60355.98,147040,187,79,0,0
557576,1,49,1598,14,0,23,60355.98,147040,187,79,0,0
557694,1,49,1572,24,0,23,60355.98,147040,187,79,0,0
557813,1,49,1578,28,0,23,60355.98,147040,187,79,0,0
557923,1,49,1591,34,0,23,60355.98,147040,187,79,0,0
558028,1,49,1570,39,0,23,60355.98,147040,187,79,0,0
558147,1,49,1576,43,0,23,60355.98,147040,187,79,0,0
558248,1,49,1587,45,0,23,60355.98,147040,187,79,0,0
558378,1,49,1569,48,0,23,60355.98,147040,187,79,0,0
558462,1,49,1569,49,0,23,60355.98,147040,187,79,0,0
558576,1,49,1581,49,0,23,60357.00,147040,187,79,0,0
558723,1,49,1579,49,0,23,60357.00,147040,187,79,0,0
558828,1,49,1584,49,0,23,60357.00,147040,187,79,0,0
558928,1,49,1586,49,0,23,60357.00,147040,187,79,0,0
559064,1,50,1586,50,0,23,60357.00,147040,187,79,0,0
559177,1,50,1588,50,0,23,60357.00,147040,187,79,0,0
559276,1,50,1590,50,0,23,60357.00,147040,187,79,0,0
559378,1,50,1587,50,0,23,60357.00,147040,187,79,0,0
559522,1,50,1586,49,0,23,60357.00,147040,187,79,0,0
559634,1,50,1598,45,0,23,60357.00,147040,187,79,0,0
559748,1,50,1598,42,0,23,60358.02,147040,187,79,0,0
559848,1,50,1625,40,0,23,60358.02,147040,187,79,0,0
559948,1,50,1581,36,0,23,60358.02,147040,187,79,0,0
560076,1,50,1596,34,0,23,60358.02,147040,187,79,0,0
560193,1,50,1584,31,0,23,60358.02,147040,187,79,0,0
560323,1,50,1574,21,0,23,60358.02,147040,187,79,0,0
560428,1,50,1597,18,0,23,60358.02,147040,187,79,0,0
560548,1,50,1589,14,0,23,60358.02,147040,187,79,0,0
560648,1,50,1579,13,0,23,60358.02,147040,187,79,0,0
560775,1,50,1572,13,0,23,60358.02,147040,187,79,0,0
560878,1,50,1569,13,0,23,60358.02,147040,187,79,0,0
560995,1,50,1570,13,0,23,60358.02,147040,187,79,0,0
561075,1,49,1571,13,0,23,60358.02,147040,187,79,0,0
561228,1,49,1571,13,0,23,60358.02,147040,187,79,0,0
561348,1,49,1572,13,0,23,60358.02,147040,187,79,0,0
561448,1,49,1573,22,0,23,60359.02,147040,187,79,0,0
561575,1,49,1579,33,0,23,60359.02,147040,187,79,0,0
561693,1,49,1578,43,0,23,60359.02,147040,187,79,0,0
561776,1,49,1569,47,0,23,60359.02,147040,187,79,0,0
561878,1,49,1585,52,0,23,60359.02,147040,187,79,0,0
562029,1,49,1595,54,0,23,60359.02,147040,187,79,0,0
562148,1,49,1573,54,0,23,60359.02,147040,187,79,0,0
562248,1,50,1578,54,0,23,60359.02,147040,187,79,0,0
562375,1,50,1572,54,0,23,60359.02,147040,187,79,0,0
562445,1,50,1570,54,0,23,60359.02,147040,187,79,0,0
562576,1,50,1600,54,0,23,60359.02,147040,187,79,0,0
562693,1,50,1599,56,0,23,60359.02,147040,187,79,0,0
562828,1,50,1598,56,0,23,60360.04,147040,187,79,0,0
562947,1,50,1630,56,0,23,60360.04,147040,187,79,0,0
563048,1,50,1600,56,0,23,60360.04,147040,187,79,0,0
563175,1,50,1611,56,0,23,60360.04,147040,187,79,0,0
563275,1,50,1612,56,0,23,60360.04,147040,187,79,0,0
563378,1,50,1613,57,0,23,60360.04,147040,187,79,0,0
563506,1,50,1613,62,0,23,60360.04,147040,187,79,0,0
563634,1,50,1617,72,0,23,60360.04,147040,187,79,0,0
563748,1,50,1638,74,0,23,60360.04,147040,187,79,0,0
563848,1,51,1600,74,0,23,60361.06,147040,187,79,0,0
563948,1,51,1609,74,0,23,60361.06,147040,187,79,0,0
564076,1,51,1643,72,0,23,60361.06,147040,187,79,0,0
564193,1,51,1640,67,0,23,60361.06,147040,187,79,0,0
564313,1,51,1638,65,0,23,60361.06,147040,187,79,0,0
564428,1,51,1654,62,0,23,60361.06,147040,187,79,0,0
564547,1,51,1654,62,0,23,60361.06,147040,187,79,0,0
564648,1,51,1659,58,0,23,60361.06,147040,187,79,0,0
564775,1,51,1646,57,0,23,60362.09,147040,187,79,0,0
564878,1,52,1646,57,0,23,60362.09,147040,187,79,0,0
564948,1,52,1646,57,0,23,60362.09,147040,187,79,0,0
565075,1,52,1643,57,0,23,60362.09,147040,187,79,0,0
565228,1,52,1646,57,0,23,60362.09,147040,187,79,0,0
565348,1,52,1678,57,0,23,60362.09,147040,187,79,0,0
565444,1,52,1646,57,0,23,60362.09,147040,187,79,0,0
565575,1,52,1680,57,0,23,60362.09,147040,187,79,0,0
565693,1,52,1681,57,0,23,60362.09,147040,187,79,0,0
565778,1,52,1681,57,0,23,60362.09,147040,187,79,0,0
565922,1,52,1682,51,0,23,60363.10,147040,187,79,0,0
566031,1,52,1682,48,0,23,60363.10,147040,187,79,0,0
566148,1,52,1678,48,0,23,60363.10,147040,187,79,0,0
566248,1,52,1693,47,0,23,60363.10,147040,187,79,0,0
566381,1,52,1679,45,0,23,60363.10,147040,187,79,0,0
566462,1,52,1679,43,0,23,60363.10,147040,187,79,0,0
566575,1,52,1676,43,0,23,60363.10,147040,187,79,0,0
566722,1,52,1670,35,0,23,60363.10,147040,187,79,0,0
566828,1,52,1695,35,0,23,60363.10,147040,187,79,0,0
566943,1,52,1688,35,0,23,60363.10,147040,187,79,0,0
567063,1,52,1678,35,0,23,60364.10,147040,187,79,0,0
567175,1,52,1677,34,0,23,60364.10,147040,187,79,0,0
567278,1,52,1679,34,0,23,60364.10,147040,187,78,0,0
567381,1,52,1679,34,0,23,60364.10,147040,187,78,0,0
567524,1,52,1678,34,0,23,60364.10,147040,187,78,0,0
567634,1,52,1677,34,0,23,60364.10,147040,187,78,0,0
567748,1,52,1676,34,0,23,60364.10,147040,187,78,0,0
567848,1,52,1676,30,0,23,60364.10,147040,187,78,0,0
567948,1,52,1675,28,0,23,60364.10,147040,187,78,0,0
568075,1,52,1670,28,0,23,60364.10,147040,187,78,0,0
568193,1,53,1695,27,0,23,60364.10,147040,187,78,0,0
568328,1,52,1691,27,0,23,60364.10,147040,187,78,0,0
568428,1,52,1690,27,0,23,60364.10,147040,187,78,0,0
568548,1,52,1691,27,0,23,60364.10,147040,187,78,0,0
568648,1,52,1694,29,0,23,60365.13,147040,187,78,0,0
568777,1,52,1695,32,0,23,60365.13,147040,187,78,0,0
568878,1,52,1666,38,0,23,60365.13,147040,187,78,0,0
568948,1,52,1666,44,0,23,60365.13,147040,187,78,0,0
569075,1,52,1693,48,0,23,60365.13,147040,187,78,0,0
569228,1,52,1682,59,0,23,60365.13,147040,187,78,0,0
569348,1,53,1666,60,0,23,60365.13,147040,187,78,0,0
569464,1,52,1683,61,0,23,60365.13,147040,187,78,0,0
569575,1,52,1666,61,0,23,60365.13,147040,187,78,0,0
569692,1,52,1666,61,0,23,60365.13,147040,187,78,0,0
569812,1,53,1691,61,0,23,60365.13,147040,187,78,0,0
569928,1,53,1690,61,0,23,60366.13,147040,187,78,0,0
570028,1,53,1687,58,0,23,60366.13,147040,187,78,0,0
570147,1,53,1686,49,0,23,60366.13,147040,187,78,0,0
570247,1,53,1682,48,0,23,60366.13,147040,187,78,0,0
570381,1,53,1686,47,0,23,60366.13,147040,187,78,0,0
570448,1,53,1686,47,0,23,60366.13,147040,187,78,0,0
570575,1,53,1684,47,0,23,60366.13,147040,187,78,0,0
570728,1,53,1716,47,0,23,60366.13,147040,187,78,0,0
570828,1,53,1685,47,0,23,60366.13,147040,187,78,0,0
570947,1,53,1687,47,0,23,60366.13,147040,187,78,0,0
571072,1,53,1688,47,0,23,60367.17,147040,187,78,0,0
571175,1,53,1689,47,0,23,60367.17,147040,187,78,0,0
571276,1,53,1721,47,0,23,60367.17,147040,187,78,0,0
571381,1,53,1719,47,0,23,60367.17,147040,187,78,0,0
571528,1,53,1718,47,0,23,60367.17,147040,187,78,0,0
571635,1,53,1718,47,0,23,60367.17,147040,187,78,0,0
571747,1,53,1718,47,0,23,60367.17,147040,187,78,0,0
571847,1,53,1718,47,0,23,60367.17,147040,187,78,0,0
571948,1,53,1718,47,0,23,60367.17,147040,187,78,0,0
572075,1,53,1717,38,0,23,60367.17,147040,187,78,0,0
572192,1,53,1711,23,0,23,60368.20,147040,187,78,0,0
572328,1,53,1676,0,0,23,60368.20,147040,187,78,0,0
572428,1,53,1673,0,0,23,60368.20,147040,187,78,0,0
572547,1,53,1685,0,0,23,60368.20,147040,187,78,0,0
572647,1,53,1680,0,0,23,60368.20,147040,187,78,0,0
572775,1,53,1678,0,0,23,60368.20,147040,187,78,0,0
572878,1,53,1678,0,0,23,60368.20,147040,187,78,0,0
572987,1,53,1677,0,0,23,60368.20,147040,187,78,0,0
573075,1,52,1677,0,0,23,60368.20,147040,187,78,0,0
573228,1,53,1676,0,0,23,60368.20,147040,187,78,0,0
573347,1,52,1675,0,0,23,60368.20,147040,187,78,0,0
573447,1,52,1643,0,0,23,60368.20,147040,187,78,0,0
573575,1,52,1659,1,0,23,60368.20,147040,187,78,0,0
573692,1,52,1674,8,0,23,60368.20,147040,187,78,0,0
573812,1,52,1642,12,0,23,60368.20,147040,187,78,0,0
573928,1,52,1676,17,0,23,60368.20,147040,187,78,0,0
574028,1,52,1683,19,0,23,60368.20,147040,187,78,0,0
574147,1,51,1660,28,0,23,60368.20,147040,187,78,0,0
574247,1,51,1636,33,0,23,60368.20,147040,187,78,0,0
574377,1,51,1632,39,0,23,60368.20,147040,187,78,0,0
574461,1,51,1632,56,0,23,60368.20,147040,187,78,0,0
574576,1,51,1635,56,0,23,60369.20,147040,187,78,0,0
574728,1,51,1639,68,0,23,60369.20,147040,187,78,0,0
574828,1,52,1686,69,0,23,60369.20,147040,187,78,0,0
574947,1,52,1655,69,0,23,60369.20,147040,187,78,0,0
575072,1,52,1655,70,0,23,60369.20,147040,187,78,0,0
575175,1,52,1690,70,0,23,60369.20,147040,187,78,0,0
575275,1,52,1687,70,0,23,60369.20,147040,187,78,0,0
575377,1,52,1683,70,0,23,60369.20,147040,187,78,0,0
575528,1,52,1681,70,0,23,60370.24,147040,187,78,0,0
575634,1,52,1679,70,0,23,60370.24,147040,187,78,0,0
575747,1,52,1678,70,0,23,60370.24,147040,187,78,0,0
575847,1,52,1674,70,0,23,60370.24,147040,187,78,0,0
575947,1,53,1672,70,0,23,60370.24,147040,187,78,0,0
576075,1,53,1682,63,0,23,60370.24,147040,187,78,0,0
576192,1,53,1688,50,0,23,60370.24,147040,187,78,0,0
576328,1,53,1675,42,0,23,60370.24,147040,187,78,0,0
576444,1,53,1680,25,0,23,60371.26,147040,187,78,0,0
576547,1,53,1664,25,0,23,60371.26,147040,187,78,0,0
576675,1,53,1674,0,0,23,60371.26,147040,187,78,0,0
576775,1,53,1684,0,0,23,60371.26,147040,187,78,0,0
576878,1,53,1675,0,0,23,60371.26,147040,187,78,0,0
577011,1,53,1675,0,0,23,60371.26,147040,187,78,0,0
577133,1,52,1675,0,0,23,60371.26,147040,187,78,0,0
577247,1,52,1644,0,0,23,60371.26,147040,187,78,0,0
577347,1,52,1675,0,0,23,60371.26,147040,187,78,0,0
577463,1,52,1674,0,0,23,60371.26,147040,187,78,0,0
577575,1,52,1674,0,0,23,60371.26,147040,187,78,0,0
577692,1,52,1641,0,0,23,60371.26,147040,187,78,0,0
577812,1,52,1660,0,0,23,60371.26,147040,187,78,0,0
577928,1,52,1656,0,0,23,60371.26,147040,187,78,0,0
578047,1,52,1646,0,0,23,60371.26,147040,187,78,0,0
578147,1,52,1642,0,0,23,60371.26,147040,187,78,0,0
578275,1,52,1659,12,0,23,60371.26,147040,187,78,0,0
578376,1,51,1676,25,0,23,60371.26,147040,187,78,0,0
578497,1,52,1676,32,0,23,60371.26,147040,187,78,0,0
578575,1,51,1686,44,0,23,60371.26,147040,187,78,0,0
578728,1,51,1642,56,0,23,60371.26,147040,187,78,0,0
578847,1,51,1643,63,0,23,60371.26,147040,187,78,0,0
578947,1,51,1658,66,0,23,60372.27,147040,187,78,0,0
579075,1,51,1657,68,0,23,60372.27,147040,187,78,0,0
579192,1,52,1634,68,0,23,60372.27,147040,187,78,0,0
579275,1,52,1635,68,0,23,60372.27,147040,187,78,0,0
579422,1,52,1633,69,0,23,60372.27,147040,187,78,0,0
579528,1,52,1633,69,0,23,60372.27,147040,187,78,0,0
579647,1,52,1664,69,0,23,60372.27,147040,187,78,0,0
579747,1,52,1665,66,0,23,60372.27,147040,187,78,0,0
579877,1,52,1672,57,0,23,60373.30,147040,187,78,0,0
579947,1,52,1640,42,0,23,60373.30,147040,187,78,0,0
580075,1,52,1676,33,0,23,60373.30,147040,187,78,0,0
580192,1,52,1644,28,0,23,60373.30,147040,187,78,0,0
580328,1,52,1663,3,0,23,60373.30,147040,187,78,0,0
580428,1,52,1649,0,0,23,60373.30,147040,187,78,0,0
580562,1,52,1659,0,0,23,60373.30,147040,187,78,0,0
580675,1,52,1644,0,0,23,60373.30,147040,187,78,0,0
580775,1,52,1644,0,0,23,60373.30,147040,187,78,0,0
580878,1,52,1645,0,0,23,60373.30,147040,187,78,0,0
581008,1,52,1645,0,0,23,60373.30,147040,187,78,0,0
581133,1,51,1645,0,0,23,60373.30,147040,187,78,0,0
581247,1,51,1644,0,0,23,60373.30,147040,187,78,0,0
581347,1,51,1643,0,0,23,60373.30,147040,187,78,0,0
581444,1,51,1642,0,0,23,60373.30,147040,187,78,0,0
581575,1,51,1614,0,0,23,60373.30,147040,187,78,0,0
581692,1,51,1654,0,0,23,60373.30,147040,187,78,0,0
581828,1,51,1613,0,0,23,60373.30,147040,187,78,0,0
581942,1,51,1627,0,0,23,60373.30,147040,187,78,0,0
582047,1,51,1610,0,0,23,60373.30,147040,187,78,0,0
582172,1,50,1622,0,0,23,60373.30,147040,187,78,0,0
582275,1,50,1611,0,0,23,60373.30,147040,187,78,0,0
582378,1,50,1627,0,0,23,60373.30,147040,187,78,0,0
582494,1,50,1627,0,0,23,60373.30,147040,190,78,0,0
582628,1,50,1579,0,0,23,60373.30,147040,190,78,0,0
582728,1,50,1595,0,0,23,60373.30,147040,190,78,0,0
582853,1,50,1581,0,0,23,60373.30,147040,190,78,0,0
582973,1,49,1579,0,0,23,60373.30,147040,190,78,0,0
583075,1,49,1568,0,0,23,60373.30,147040,190,78,0,0
583192,1,49,1568,0,0,23,60373.30,147040,190,78,0,0
583312,1,49,1568,0,0,23,60373.30,147040,190,78,0,0
583427,1,49,1536,0,0,23,60373.30,147040,190,78,0,0
583528,1,49,1536,0,0,23,60373.30,147040,190,78,0,0
583647,1,49,1536,0,0,23,60373.30,147040,190,78,0,0
583747,1,49,1536,0,0,23,60373.30,147040,190,78,0,0
583879,1,48,1536,0,0,23,60373.30,147040,190,78,0,0
583975,1,48,1536,0,0,23,60373.30,147040,190,78,0,0
584075,1,48,1536,0,0,23,60373.30,147040,190,78,0,0
584227,1,48,1536,0,0,23,60373.30,147040,190,78,0,0
584328,1,48,1536,0,0,23,60373.30,147040,190,78,0,0
584447,1,48,1504,20,0,23,60373.30,147040,190,78,0,0
584575,1,48,1549,32,0,23,60374.31,147040,190,78,0,0
584675,1,48,1504,42,0,23,60374.31,147040,190,78,0,0
584775,1,48,1506,47,0,23,60374.31,147040,190,78,0,0
584878,1,48,1558,52,0,23,60374.31,147040,190,78,0,0
584972,1,47,1558,53,0,23,60374.31,147040,190,78,0,0
585133,1,48,1522,53,0,23,60374.31,147040,190,78,0,0
585247,1,48,1524,53,0,23,60374.31,147040,190,78,0,0
585374,1,48,1557,53,0,23,60374.31,147040,190,78,0,0
585447,1,48,1556,53,0,23,60374.31,147040,190,78,0,0
585575,1,48,1558,53,0,23,60374.31,147040,190,78,0,0
585692,1,48,1527,52,0,23,60374.31,147040,190,78,0,0
585827,1,48,1560,53,0,23,60374.31,147040,190,78,0,0
585942,1,48,1558,60,0,23,60375.32,147040,190,78,0,0
586047,1,48,1556,65,0,23,60375.32,147040,190,78,0,0
586172,1,48,1562,67,0,23,60375.32,147040,190,78,0,0
586275,1,48,1543,67,0,23,60375.32,147040,190,78,0,0
586378,1,48,1542,67,0,23,60375.32,147040,190,78,0,0
586492,1,48,1542,67,0,23,60375.32,147041,190,78,0,0
586627,1,48,1539,67,0,23,60375.32,147041,190,78,0,0
586727,1,48,1538,67,0,23,60375.32,147041,190,78,0,0
586850,1,48,1538,67,0,23,60375.32,147041,190,78,0,0
586947,1,49,1538,67,0,23,60376.37,147041,190,78,0,0
587075,1,49,1566,67,0,23,60376.37,147041,190,78,0,0
587192,1,49,1590,67,0,23,60376.37,147041,190,78,0,0
587312,1,49,1591,67,0,23,60376.37,147041,190,78,0,0
587427,1,49,1591,67,0,23,60376.37,147041,190,78,0,0
587547,1,49,1592,67,0,23,60376.37,147041,190,78,0,0
587647,1,49,1593,68,0,23,60376.37,147041,190,78,0,0
587775,1,49,1591,70,0,23,60376.37,147041,190,78,0,0
587878,1,49,1592,71,0,23,60376.37,147041,190,78,0,0
587947,1,49,1592,73,0,23,60377.38,147041,190,78,0,0
588075,1,50,1571,73,0,23,60377.38,147041,190,78,0,0
588227,1,50,1603,73,0,23,60377.38,147041,190,78,0,0
588327,1,50,1603,70,0,23,60377.38,147041,190,78,0,0
588447,1,50,1603,61,0,23,60377.38,147041,190,78,0,0
588575,1,50,1603,56,0,23,60377.38,147041,190,78,0,0
588691,1,50,1602,53,0,23,60377.38,147041,190,78,0,0
588775,1,50,1626,52,0,23,60377.38,147041,190,78,0,0
588878,1,50,1621,49,0,23,60377.38,147041,190,78,0,0
589029,1,50,1612,45,0,23,60378.41,147041,190,78,0,0
589147,1,50,1609,44,0,23,60378.41,147041,190,78,0,0
589247,1,50,1609,44,0,23,60378.41,147041,190,78,0,0
589374,1,50,1606,44,0,23,60378.41,147041,190,78,0,0
589444,1,50,1604,44,0,23,60378.41,147041,190,78,0,0
589575,1,50,1603,42,0,23,60378.41,147041,190,78,0,0
589692,1,50,1604,34,0,23,60378.41,147041,190,78,0,0
589827,1,50,1601,18,0,23,60378.41,147041,190,78,0,0
589947,1,50,1611,7,0,23,60378.41,147041,190,78,0,0
590047,1,50,1580,3,0,23,60378.41,147041,190,78,0,0
590172,1,50,1591,0,0,23,60378.41,147041,190,78,0,0
590275,1,50,1608,0,0,23,60378.41,147041,190,78,0,0
590377,1,50,1576,0,0,23,60378.41,147041,190,78,0,0
590489,1,50,1608,0,0,23,60378.41,147041,190,78,0,0
590627,1,50,1607,0,0,23,60378.41,147041,190,78,0,0
590747,1,50,1575,0,0,23,60379.42,147041,190,78,0,0
590847,1,50,1575,0,0,23,60379.42,147041,190,78,0,0
590947,1,49,1574,0,0,23,60379.42,147041,190,78,0,0
591075,1,49,1573,0,0,23,60379.42,147041,190,78,0,0
591192,1,49,1575,0,0,23,60379.42,147041,190,78,0,0
591313,1,49,1588,0,0,23,60379.42,147041,190,78,0,0
591427,1,49,1543,0,0,23,60379.42,147041,190,78,0,0
591547,1,49,1568,0,0,23,60379.42,147041,190,78,0,0
591647,1,49,1543,0,0,23,60379.42,147041,190,78,0,0
591775,1,48,1562,0,0,23,60379.42,147041,190,78,0,0
591877,1,48,1546,0,0,23,60379.42,147041,190,78,0,0
591972,1,48,1546,0,0,23,60379.42,147041,190,78,0,0
592075,1,48,1562,0,0,23,60379.42,147041,190,78,0,0
592232,1,48,1516,0,0,23,60379.42,147041,190,78,0,0
592347,1,48,1516,0,0,23,60379.42,147041,190,78,0,0
592463,1,47,1516,0,0,23,60379.42,147041,190,78,0,0
592575,1,47,1516,0,0,23,60379.42,147041,190,78,0,0
592692,1,47,1514,0,0,23,60379.42,147041,190,78,0,0
592775,1,47,1504,0,0,23,60379.42,147041,190,78,0,0
592877,1,47,1472,0,0,23,60379.42,147041,190,78,0,0
593027,1,47,1472,0,0,23,60379.42,147041,190,78,0,0
593136,1,47,1472,0,0,23,60379.42,147041,190,78,0,0
593247,1,46,1472,0,0,23,60379.42,147041,190,78,0,0
593347,1,46,1472,0,0,23,60379.42,147041,190,78,0,0
593447,1,46,1472,0,0,23,60379.42,147041,190,78,0,0
593575,1,46,1472,0,6,23,60379.42,147041,190,78,0,0
593692,1,46,1472,0,12,23,60379.42,147041,190,78,0,0
593827,1,46,1440,0,12,23,60379.42,147041,190,78,0,0
593942,1,46,1440,0,16,23,60379.42,147041,190,78,0,0
594047,1,45,1440,0,18,23,60379.42,147041,190,78,0,0
594171,1,45,1440,0,22,23,60379.42,147041,190,78,0,0
594274,1,45,1408,0,24,23,60379.42,147041,190,78,0,0
594377,1,45,1408,0,28,23,60379.42,147041,190,78,0,0
594487,1,44,1408,0,28,23,60379.42,147041,190,78,0,0
594627,1,44,1376,0,32,23,60379.42,147041,190,78,0,0
594727,1,44,1376,0,34,23,60379.42,147041,190,78,0,0
594847,1,43,1376,0,32,23,60379.42,147041,190,78,0,0
594946,1,43,1376,0,36,23,60379.42,147041,190,78,0,0
595075,1,42,1344,0,38,23,60379.42,147041,190,78,0,0
595192,1,42,1344,0,48,23,60379.42,147041,190,78,0,0
595312,1,42,1312,0,52,23,60379.42,147041,190,78,0,0
595427,1,41,1280,0,58,23,60379.42,147041,190,78,0,0
595527,1,41,1280,0,58,23,60379.42,147041,190,78,0,0
595647,1,40,1263,0,70,23,60379.42,147041,190,78,0,0
595746,1,39,1274,0,78,23,60379.42,147041,190,78,0,0
595877,1,39,1192,0,92,23,60379.42,147041,190,78,0,0
595947,1,38,1224,0,92,23,60379.42,147041,190,78,0,0
596075,1,37,1155,0,106,23,60379.42,147041,190,78,0,0
596227,1,37,1155,0,108,23,60379.42,147041,190,78,0,0
596327,1,36,1124,0,110,23,60379.42,147041,190,78,0,0
596447,1,34,1121,0,110,23,60379.42,147041,190,78,0,0
596571,1,34,1102,0,108,23,60379.42,147041,190,78,0,0
596677,1,33,1047,0,108,23,60379.42,147041,190,78,0,0
596777,1,32,1052,0,104,23,60379.42,147041,190,78,0,0
596877,1,31,1102,0,96,23,60379.42,147041,190,78,0,0
597027,1,31,1110,0,82,23,60379.42,147041,190,78,0,0
597133,1,30,1096,0,84,23,60379.42,147041,190,78,0,0
597247,1,29,1119,0,80,23,60379.42,147041,190,78,0,0
597347,1,29,1117,0,84,23,60379.42,147041,190,78,0,0
597475,1,28,1118,0,80,23,60379.42,147041,190,78,0,0
597577,1,27,1118,0,70,23,60379.42,147041,190,78,0,0
597692,1,27,1118,0,44,23,60379.42,147041,190,78,0,0
597827,1,27,1118,0,44,23,60379.42,147041,190,78,0,0
597941,1,26,1118,0,44,23,60379.42,147041,190,78,0,0
598192,1,26,1088,0,12,23,60379.42,147041,190,78,0,0
598313,1,25,1088,0,14,23,60380.42,147041,190,78,0,0
598427,1,25,1119,0,14,23,60380.42,147041,190,78,0,0
598546,1,25,1089,0,14,23,60380.42,147041,190,78,0,0
598646,1,25,1089,0,6,23,60380.42,147041,190,78,0,0
598771,1,25,1089,0,6,23,60380.42,147041,190,78,0,0
598877,1,25,1089,0,6,23,60380.42,147041,190,78,0,0
598997,1,25,1089,0,6,23,60380.42,147041,190,78,0,0
599127,1,25,1090,0,6,23,60380.42,147041,190,78,0,0
599227,1,24,1091,0,6,23,60380.42,147041,190,78,0,0
599346,1,24,1091,0,6,23,60380.42,147041,190,78,0,0
599446,1,24,1092,0,6,23,60380.42,147041,190,78,0,0
599577,1,24,1093,0,6,23,60380.42,147041,190,78,0,0
599692,1,24,1093,0,6,23,60380.42,147041,190,78,0,0
599941,1,24,1093,0,6,23,60380.42,147041,190,78,0,0
600075,1,24,1093,0,6,23,60380.42,147041,190,78,0,0
600192,1,24,1093,0,6,23,60380.42,147041,190,78,0,0
600327,1,24,1093,0,6,23,60380.42,147041,190,78,0,0
600427,1,24,1093,0,6,23,60380.42,147041,190,78,0,0
600546,1,23,1093,0,6,23,60380.42,147041,190,78,0,0
600671,1,23,1093,0,8,23,60380.42,147041,190,78,0,0
600776,1,23,1093,0,10,23,60380.42,147041,190,78,0,0
600877,1,23,1093,0,14,23,60380.42,147041,190,78,0,0
600995,1,23,1093,0,14,23,60380.42,147041,190,77,0,0
601127,1,23,1061,0,12,23,60380.42,147041,190,77,0,0
601227,1,23,1093,0,14,23,60380.42,147041,190,77,0,0
601346,1,23,1093,0,12,23,60380.42,147041,190,77,0,0
601446,1,23,1095,0,12,23,60381.42,147041,190,77,0,0
601576,1,23,1095,0,14,23,60381.42,147041,190,77,0,0
601691,1,23,1096,0,12,23,60381.42,147041,190,77,0,0
601811,1,22,1063,0,14,23,60381.42,147041,190,77,0,0
601927,1,22,1062,0,12,23,60381.42,147041,190,77,0,0
602027,1,22,1061,0,12,23,60381.42,147041,190,77,0,0
602146,1,22,1061,0,14,23,60381.42,147041,190,77,0,0
602247,1,22,1029,0,14,23,60381.42,147041,190,77,0,0
602379,1,22,996,0,20,23,60381.42,147041,190,77,0,0
602446,1,22,1028,0,20,23,60381.42,147041,190,77,0,0
602579,1,22,995,0,24,23,60381.42,147041,190,77,0,0
602721,1,21,995,0,26,23,60381.42,147041,190,77,0,0
602827,1,21,994,0,28,23,60381.42,147041,190,77,0,0
602941,1,21,993,0,32,23,60381.42,147041,190,77,0,0
603063,1,21,961,0,36,23,60381.42,147041,190,77,0,0
603179,1,20,961,0,58,23,60381.42,147041,190,77,0,0
603277,1,20,993,0,60,23,60381.42,147041,190,77,0,0
603377,1,20,961,0,64,23,60381.42,147041,190,77,0,0
603522,1,19,961,0,64,23,60381.42,147041,190,77,0,0
603633,1,19,961,0,62,23,60381.42,147041,190,77,0,0
603746,1,18,961,0,62,23,60381.42,147041,190,77,0,0
603846,1,17,991,0,66,23,60381.42,147041,190,77,0,0
603946,1,17,991,0,64,23,60381.42,147041,190,77,0,0
604076,1,17,991,0,66,23,60381.42,147041,190,77,0,0
604191,1,16,960,0,70,23,60381.42,147041,190,77,0,0
604321,1,16,960,0,68,23,60381.42,147041,190,77,0,0
604427,1,15,960,0,68,23,60381.42,147041,190,77,0,0
604546,1,14,960,0,68,23,60381.42,147041,190,77,0,0
604646,1,14,961,0,70,23,60381.42,147041,190,77,0,0
604779,1,13,991,0,70,23,60382.43,147041,190,77,0,0
604877,1,13,991,0,70,23,60382.43,147041,190,77,0,0
604993,1,12,991,0,64,23,60382.43,147041,190,77,0,0
605076,1,12,991,0,68,23,60382.43,147041,190,77,0,0
605227,1,11,991,0,68,23,60382.43,147041,190,77,0,0
605346,1,10,959,0,68,23,60382.43,147041,190,77,0,0
605446,1,10,991,0,64,23,60382.43,147041,190,77,0,0
605579,1,9,991,0,58,23,60382.43,147041,190,77,0,0
605691,1,9,959,0,54,23,60382.43,147041,190,77,0,0
605779,1,8,991,0,54,23,60382.43,147041,190,77,0,0
605921,1,8,991,0,54,23,60382.43,147041,190,77,0,0
606029,1,8,991,0,56,23,60382.43,147041,190,77,0,0
606146,1,7,958,0,56,23,60382.43,147041,190,77,0,0
606246,1,6,957,0,54,23,60382.43,147041,190,77,0,0
606377,1,6,957,0,48,23,60382.43,147041,190,77,0,0
606473,1,6,957,0,46,23,60382.43,147041,190,77,0,0
606579,1,5,924,0,42,23,60382.43,147041,190,77,0,0
606691,1,5,956,0,42,23,60382.43,147041,190,77,0,0
606827,1,5,923,0,42,23,60382.43,147041,190,77,0,0
606927,1,5,923,0,42,23,60382.43,147041,190,77,0,0
607061,1,4,955,0,42,23,60382.43,147041,190,77,0,0
607171,1,4,955,0,44,23,60382.43,147041,190,77,0,0
607276,1,3,923,0,44,23,60382.43,147041,190,77,0,0
607379,1,3,922,0,44,23,60382.43,147041,190,77,0,0
607504,1,3,890,0,44,23,60382.43,147041,190,77,0,0
607630,1,3,890,0,44,23,60382.43,147041,190,77,0,0
607746,1,0,888,0,42,23,60382.43,147041,190,77,0,0
607846,1,0,888,0,40,23,60382.43,147041,190,77,0,0
607946,1,0,855,0,38,23,60382.43,147041,190,77,0,0
608079,1,0,854,0,30,23,60382.43,147041,190,77,0,0
608191,1,0,821,0,26,23,60382.43,147041,190,77,0,0
608311,1,0,753,0,26,23,60383.43,147041,190,77,0,0
608429,1,0,544,0,28,23,60383.43,147041,190,77,0,0
608546,1,0,480,0,28,23,60383.43,147041,190,77,0,0
608646,1,0,320,0,30,23,60383.43,147041,190,77,0,0
608771,1,0,320,0,34,23,60383.43,147041,190,77,0,0
608879,1,0,224,0,36,23,60383.43,147041,190,77,0,0
608971,1,0,224,0,38,23,60383.43,147041,190,77,0,0
609079,1,0,224,0,74,23,60383.43,147041,190,77,0,0
609230,1,0,0,0,88,23,60383.43,147041,190,77,0,0
609346,1,0,0,0,92,23,60383.43,147041,190,77,0,0
609446,1,0,0,0,92,23,60383.43,147041,190,77,0,0
609572,1,0,0,0,90,23,60383.43,147041,190,77,0,0
609691,1,0,0,0,90,23,60383.43,147041,190,77,0,0
609779,1,0,0,0,88,23,60383.43,147041,190,77,0,0
609879,1,0,0,0,88,23,60383.43,147041,190,77,0,0
610029,1,0,0,0,86,23,60383.43,147041,190,77,0,0
610146,1,0,0,0,84,23,60383.43,147041,190,77,0,0
610246,1,0,0,0,84,23,60383.43,147041,190,77,0,0
610374,1,0,0,0,82,23,60383.43,147041,190,77,0,0
610462,1,0,0,0,82,23,60383.43,147041,190,77,0,0
610579,1,0,0,0,82,23,60383.43,147041,190,77,0,0
610691,1,0,0,0,80,23,60383.43,147041,190,77,0,0
610829,1,0,0,0,80,23,60383.43,147041,190,77,0,0
610946,1,0,0,0,80,23,60383.43,147041,190,77,0,0
611046,1,0,0,0,80,23,60383.43,147041,190,77,0,0
611171,1,0,0,0,80,23,60383.43,147041,190,77,0,0
611279,1,0,0,0,80,23,60383.43,147041,190,77,0,0
611379,1,0,0,0,78,23,60383.43,147041,190,77,0,0
611502,1,0,0,0,78,23,60383.43,147041,190,77,0,0
611627,1,0,0,0,78,23,60383.43,147041,190,77,0,0
611730,1,0,0,0,78,23,60383.43,147041,190,77,0,0
611829,1,0,0,0,78,23,60383.43,147041,190,77,0,0
611971,1,0,0,0,76,23,60383.43,147041,190,77,0,0
612079,1,0,0,0,76,23,60383.43,147041,190,77,0,0
612191,1,0,0,0,76,23,60383.43,147041,190,77,0,0
612311,1,0,0,0,76,23,60383.43,147041,190,77,0,0
612421,1,0,0,0,76,23,60383.43,147041,190,77,0,0
612529,1,0,0,0,76,23,60383.43,147041,190,77,0,0
612646,1,0,0,0,76,23,60383.43,147041,190,77,0,0
612746,1,0,0,0,74,23,60383.43,147041,190,77,0,0
612879,1,0,0,0,74,23,60383.43,147041,190,77,0,0
612988,1,0,0,0,74,23,60383.43,147041,190,77,0,0
613079,1,0,0,0,74,23,60383.43,147041,190,77,0,0
613221,1,0,0,0,74,23,60383.43,147041,190,77,0,0
613329,1,0,0,0,74,23,60383.43,147041,190,77,0,0
613446,1,0,0,0,74,23,60383.43,147041,190,77,0,0
613562,1,0,0,0,74,23,60383.43,147041,190,77,0,0
613671,1,0,0,0,74,23,60383.43,147041,190,77,0,0
613779,1,0,0,0,72,23,60383.43,147041,190,78,0,0
613879,1,0,0,0,74,23,60383.43,147041,190,78,0,0
613979,1,0,0,0,72,23,60383.43,147041,190,78,0,0
614130,1,0,0,0,72,23,60383.43,147041,190,78,0,0
614246,1,0,0,0,72,23,60383.43,147041,190,78,0,0
614346,1,0,0,0,72,23,60383.43,147041,190,78,0,0
614446,1,0,0,0,72,23,60383.43,147041,190,78,0,0
614579,1,0,0,0,72,23,60383.43,147041,190,78,0,0
614691,1,0,0,0,72,23,60383.43,147041,190,78,0,0
614820,1,0,0,0,72,23,60383.43,147041,190,78,0,0
614879,1,0,0,0,72,23,60383.43,147041,190,78,0,0
615046,1,0,0,0,72,23,60383.43,147041,190,78,0,0
615146,1,0,0,0,72,23,60383.43,147041,190,78,0,0
615271,1,0,0,0,72,23,60383.43,147041,190,78,0,0
615379,1,0,0,0,72,23,60383.43,147041,190,78,0,0
615500,1,0,0,0,72,23,60383.43,147041,190,78,0,0
615579,1,0,0,0,70,23,60383.43,147041,190,78,0,0
615730,1,0,0,0,70,23,60383.43,147041,190,78,0,0
615829,1,0,0,0,70,23,60383.43,147041,190,78,0,0
615946,1,0,0,0,70,23,60383.43,147041,190,78,0,0
616071,1,0,0,0,70,23,60383.43,147041,190,78,0,0
616171,1,0,0,0,70,23,60383.43,147041,190,78,0,0
616279,1,0,0,0,70,23,60383.43,147041,190,78,0,0
616379,1,0,0,0,70,23,60383.43,147041,190,78,0,0
616524,1,0,0,0,70,23,60383.43,147041,190,78,0,0
616630,1,0,0,0,70,23,60383.43,147041,190,78,0,0
616746,1,0,0,0,70,23,60383.43,147041,190,78,0,0
616846,1,0,0,0,70,23,60383.43,147041,190,78,0,0
616979,1,0,0,0,70,23,60383.43,147041,190,78,0,0
617079,1,0,0,0,70,23,60383.43,147041,190,78,0,0
617191,1,0,0,0,70,23,60383.43,147041,190,78,0,0
617321,1,0,0,0,70,23,60383.43,147041,190,78,0,0
617429,1,0,0,0,70,23,60383.43,147041,190,78,0,0
617546,1,0,0,0,70,23,60383.43,147041,190,78,0,0
617646,1,0,0,0,70,23,60383.43,147041,190,78,0,0
617779,1,0,0,0,70,23,60383.43,147041,190,78,0,0
617879,1,0,0,0,70,23,60383.43,147041,190,78,0,0
617979,1,0,0,0,70,23,60383.43,147041,190,78,0,0
618079,1,0,0,0,70,23,60383.43,147041,190,78,0,0
618230,1,0,0,0,70,23,60383.43,147041,190,78,0,0
618346,1,0,0,0,68,23,60383.43,147041,190,78,0,0
618446,1,0,0,0,68,23,60383.43,147041,190,78,0,0
618579,1,0,0,0,68,23,60383.43,147041,190,78,0,0
618691,1,0,0,0,70,23,60383.43,147041,190,78,0,0
618779,1,0,0,0,68,23,60383.43,147041,190,78,0,0
618921,1,0,0,0,68,23,60383.43,147041,190,78,0,0
619030,1,0,0,0,68,23,60383.43,147041,190,78,0,0
619147,1,0,0,0,68,23,60383.43,147041,190,78,0,0
619246,1,0,0,0,68,23,60383.43,147041,190,78,0,0
619379,1,0,0,0,68,23,60383.43,147041,190,78,0,0
619446,1,0,0,0,68,23,60383.43,147041,190,78,0,0
619579,1,0,0,0,68,23,60383.43,147041,190,78,0,0
619720,1,0,0,0,68,23,60383.43,147041,190,78,0,0
619829,1,0,0,0,68,23,60383.43,147041,190,78,0,0
619929,1,0,0,0,68,23,60383.43,147041,190,78,0,0
620046,1,0,0,0,68,23,60383.43,147041,190,78,0,0
620170,1,0,0,0,68,23,60383.43,147041,190,78,0,0
620279,1,0,0,0,68,23,60383.43,147041,190,78,0,0
620379,1,0,0,0,68,23,60383.43,147041,190,78,0,0
620496,1,0,0,0,68,23,60383.43,147041,190,78,0,0
620630,1,0,0,0,68,23,60383.43,147041,190,78,0,0
620746,1,0,0,0,68,23,60383.43,147041,190,78,0,0
620846,1,0,0,0,68,23,60383.43,147041,190,78,0,0
620946,1,0,0,0,68,23,60383.43,147041,190,78,0,0
621079,1,0,0,0,68,23,60383.43,147041,190,78,0,0
621191,1,0,0,0,68,23,60383.43,147041,190,78,0,0
621311,1,0,0,0,68,23,60383.43,147041,190,78,0,0
621429,1,0,0,0,68,23,60383.43,147041,190,78,0,0
621529,1,0,0,0,68,23,60383.43,147041,190,78,0,0
621646,1,0,0,0,68,23,60383.43,147041,190,78,0,0
621771,1,0,0,0,68,23,60383.43,147041,190,78,0,0
621879,1,0,0,0,68,23,60383.43,147041,190,78,0,0
621946,1,0,0,0,68,23,60383.43,147041,190,78,0,0
622079,1,0,0,0,66,23,60383.43,147041,190,78,0,0
622220,1,0,0,0,68,23,60383.43,147041,190,78,0,0
622329,1,0,0,0,68,23,60383.43,147041,190,78,0,0
622446,1,0,0,0,68,23,60383.43,147041,190,78,0,0
622562,1,0,0,0,68,23,60383.43,147041,190,78,0,0
622679,1,0,0,0,66,23,60383.43,147041,190,78,0,0
622779,1,0,0,0,68,23,60383.43,147041,190,78,0,0
622879,1,0,0,0,68,23,60383.43,147041,190,78,0,0
623021,1,0,0,0,68,23,60383.43,147041,190,78,0,0
623130,1,0,0,0,68,23,60383.43,147041,190,78,0,0
623247,1,0,0,0,68,23,60383.43,147041,190,78,0,0
623346,1,0,0,0,68,23,60383.43,147041,190,78,0,0
623446,1,0,0,0,68,23,60383.43,147041,190,78,0,0
623579,1,0,0,0,68,23,60383.43,147041,190,78,0,0
623691,1,0,0,0,68,23,60383.43,147041,190,78,0,0
623821,1,0,0,0,68,23,60383.43,147041,190,78,0,0
623929,1,0,0,0,68,23,60383.43,147041,190,78,0,0
624046,1,0,0,0,68,23,60383.43,147041,190,78,0,0
624146,1,0,0,0,68,23,60383.43,147041,190,78,0,0
624272,1,0,0,0,66,23,60383.43,147041,190,78,0,0
624379,1,0,0,0,68,23,60383.43,147041,190,78,0,0
624446,1,0,0,0,68,23,60383.43,147041,190,78,0,0
624579,1,0,0,0,68,23,60383.43,147041,190,78,0,0
624729,1,0,0,0,66,23,60383.43,147041,190,78,0,0
624846,1,0,0,0,68,23,60383.43,147041,190,78,0,0
624946,1,0,0,0,66,23,60383.43,147041,190,78,0,0
625071,1,0,0,0,66,23,60383.43,147041,190,78,0,0
625179,1,0,0,0,66,23,60383.43,147041,190,78,0,0
625279,1,0,0,0,66,23,60383.43,147041,190,78,0,0
625379,1,0,0,0,68,23,60383.43,147041,190,78,0,0
625529,1,0,0,0,68,23,60383.43,147041,190,78,0,0
625629,1,0,0,0,66,23,60383.43,147041,190,78,0,0
625746,1,0,0,0,66,23,60383.43,147041,190,78,0,0
625851,1,0,0,0,66,23,60383.43,147041,190,78,0,0
625971,1,0,0,0,66,23,60383.43,147041,190,78,0,0
626078,1,0,0,0,66,23,60383.43,147041,190,78,0,0
626191,1,0,0,0,66,23,60383.43,147041,190,78,0,0
626321,1,0,0,0,66,23,60383.43,147041,190,78,0,0
626428,1,0,0,0,66,23,60383.43,147041,190,78,0,0
626546,1,0,0,0,66,23,60383.43,147041,190,78,0,0
626670,1,0,0,0,66,23,60383.43,147041,190,78,0,0
626779,1,0,0,0,66,23,60383.43,147041,190,78,0,0
626879,1,0,0,0,66,23,60383.43,147041,190,78,0,0
627005,1,0,0,0,66,23,60383.43,147041,190,78,0,0
627129,1,0,0,0,66,23,60383.43,147041,190,78,0,0
627232,1,0,0,0,66,23,60383.43,147041,190,78,0,0
627346,1,0,0,0,66,23,60383.43,147041,190,78,0,0
627446,1,0,0,0,66,23,60383.43,147041,190,78,0,0
627579,1,0,0,0,66,23,60383.43,147041,190,78,0,0
627697,1,0,0,0,66,23,60383.43,147041,190,78,0,0
627810,1,0,0,0,66,23,60383.43,147041,190,78,0,0
627928,1,0,0,0,66,23,60383.43,147041,190,78,0,0
628030,1,0,0,0,66,23,60383.43,147041,190,78,0,0
628146,1,0,0,0,66,23,60383.43,147041,190,78,0,0
628246,1,0,0,0,66,23,60383.43,147041,190,78,0,0
628379,1,0,0,0,66,23,60383.43,147041,190,78,0,0
628479,1,0,0,0,66,23,60383.43,147041,190,78,0,0
628579,1,0,0,0,66,23,60383.43,147041,190,78,0,0
628720,1,0,0,0,66,23,60383.43,147041,190,78,0,0
628829,1,0,0,0,66,23,60383.43,147041,190,78,0,0
628946,1,0,0,0,66,23,60383.43,147041,190,78,0,0
629070,1,0,0,0,66,23,60383.43,147041,190,78,0,0
629179,1,0,0,0,66,23,60383.43,147041,190,78,0,0
629279,1,0,0,0,66,23,60383.43,147041,190,78,0,0
629378,1,0,0,0,66,23,60383.43,147041,190,78,0,0
629520,1,0,0,0,66,23,60383.43,147041,190,78,0,0
629629,1,0,0,0,66,23,60383.43,147041,190,78,0,0
629745,1,0,0,0,66,23,60383.43,147041,190,78,0,0
629846,1,0,0,0,66,23,60383.43,147041,190,78,0,0
629945,1,0,0,0,66,23,60383.43,147041,190,78,0,0
630079,1,0,0,0,66,23,60383.43,147041,190,78,0,0
630190,1,0,0,0,66,23,60383.43,147041,190,78,0,0
630320,1,0,0,0,66,23,60383.43,147041,190,78,0,0
630430,1,0,0,0,66,23,60383.43,147041,190,78,0,0
630545,1,0,0,0,66,23,60383.43,147041,190,78,0,0
630645,1,0,0,0,66,23,60383.43,147041,190,78,0,0
630771,1,0,0,0,66,23,60383.43,147041,190,78,0,0
630879,1,0,0,0,66,23,60383.43,147041,190,78,0,0
631003,1,0,0,0,64,23,60383.43,147041,190,78,0,0
631079,1,0,0,0,66,23,60383.43,147041,190,78,0,0
631232,1,0,0,0,64,23,60383.43,147041,190,78,0,0
631346,1,0,0,0,66,23,60383.43,147041,190,78,0,0
631446,1,0,0,0,64,23,60383.43,147041,190,78,0,0
631570,1,0,0,0,64,23,60383.43,147041,190,78,0,0
631680,1,0,0,0,64,23,60383.43,147041,190,78,0,0
631778,1,0,0,0,64,23,60383.43,147041,190,78,0,0
631879,1,0,0,0,64,23,60383.43,147041,190,78,0,0
632022,1,0,0,0,64,23,60383.43,147041,190,78,0,0
632129,1,0,0,0,64,23,60383.43,147041,190,78,0,0
632245,1,0,0,0,64,23,60383.43,147041,190,78,0,0
632345,1,0,0,0,64,23,60383.43,147041,190,78,0,0
632479,1,0,0,0,64,23,60383.43,147041,190,78,0,0
632578,1,0,0,0,64,23,60383.43,147041,190,78,0,0
632690,1,0,0,0,64,23,60383.43,147041,190,78,0,0
632820,1,0,0,0,64,23,60383.43,147041,190,78,0,0
632928,1,0,0,0,64,23,60383.43,147041,190,78,0,0
633045,1,0,0,0,64,23,60383.43,147041,190,78,0,0
633145,1,0,0,0,64,23,60383.43,147041,190,78,0,0
633278,1,0,0,0,64,23,60383.43,147041,190,78,0,0
633379,1,0,0,0,64,23,60383.43,147041,190,78,0,0
633461,1,0,0,0,64,23,60383.43,147041,190,78,0,0
633578,1,0,0,0,64,23,60383.43,147041,190,78,0,0
633732,1,0,0,0,64,23,60383.43,147041,190,78,0,0
633845,1,0,0,0,64,23,60383.43,147041,190,78,0,0
633945,1,0,0,0,64,23,60383.43,147041,190,78,0,0
634079,1,0,0,0,64,23,60383.43,147041,190,78,0,0
634190,1,0,0,0,64,23,60383.43,147041,190,78,0,0
634279,1,0,0,0,64,23,60383.43,147041,190,78,0,0
634420,1,0,0,0,64,23,60383.43,147041,190,78,0,0
634479,1,0,0,0,64,23,60383.43,147041,190,78,0,0
634645,1,0,0,0,64,23,60383.43,147041,190,78,0,0
634745,1,0,0,0,64,23,60383.43,147041,190,78,0,0
634873,1,0,0,0,64,23,60383.43,147041,190,78,0,0
634945,1,0,0,0,64,23,60383.43,147041,190,78,0,0
635078,1,0,0,0,64,23,60383.43,147041,190,78,0,0
635190,1,0,0,0,64,23,60383.43,147041,190,78,0,0
635328,1,0,0,0,64,23,60383.43,147041,190,78,0,0
635435,1,0,0,0,64,23,60383.43,147041,190,78,0,0
635545,1,0,0,0,64,23,60383.43,147041,190,78,0,0
635670,1,0,0,0,64,23,60383.43,147041,190,78,0,0
635779,1,0,0,0,62,23,60383.43,147041,190,78,0,0
635878,1,0,0,0,62,23,60383.43,147041,190,78,0,0
635999,1,0,0,0,62,23,60383.43,147041,190,78,0,0
636129,1,0,0,0,62,23,60383.43,147041,190,78,0,0
636230,1,0,0,0,62,23,60383.43,147041,190,78,0,0
636345,1,0,0,0,62,23,60383.43,147041,190,78,0,0
636461,1,0,0,0,62,23,60383.43,147041,190,78,0,0
636579,1,0,0,0,62,23,60383.43,147041,190,78,0,0
636692,1,0,0,0,62,23,60383.43,147041,190,78,0,0
636810,1,0,0,0,62,23,60383.43,147041,190,78,0,0
636920,1,0,0,0,62,23,60383.43,147041,190,78,0,0
637028,1,0,0,0,62,23,60383.43,147041,190,78,0,0
637146,1,0,0,0,62,23,60383.43,147041,190,78,0,0
637245,1,0,0,0,62,23,60383.43,147041,190,78,0,0
637378,1,0,0,0,62,23,60383.43,147041,190,78,0,0
637461,1,0,0,0,62,23,60383.43,147041,190,78,0,0
637578,1,0,0,0,62,23,60383.43,147041,190,78,0,0
637720,1,0,0,0,62,23,60383.43,147041,190,78,0,0
637878,1,0,0,0,62,23,60383.43,147041,190,78,0,0
637998,1,0,0,0,62,23,60383.43,147041,190,78,0,0
638129,1,0,0,0,62,23,60383.43,147041,190,78,0,0
638229,1,0,0,0,62,23,60383.43,147041,190,78,0,0
638345,1,0,0,0,62,23,60383.43,147041,190,78,0,0
638461,1,0,0,0,62,23,60383.43,147041,190,78,0,0
638578,1,0,0,0,62,23,60383.43,147041,190,78,0,0
638690,1,0,0,0,62,23,60383.43,147041,190,78,0,0
638811,1,0,0,0,62,23,60383.43,147041,190,78,0,0
638928,1,0,0,0,62,23,60383.43,147041,190,78,0,0
639045,1,0,0,0,62,23,60383.43,147041,190,78,0,0
639145,1,0,0,0,62,23,60383.43,147041,190,78,0,0
639270,1,0,0,0,62,23,60383.43,147041,190,78,0,0
639378,1,0,0,0,62,23,60383.43,147041,190,78,0,0
639471,1,0,0,0,62,23,60383.43,147041,190,78,0,0
639578,1,0,0,0,62,23,60383.43,147041,190,78,0,0
639729,1,0,0,0,62,23,60383.43,147041,190,78,0,0
639845,1,0,0,0,62,23,60383.43,147041,190,78,0,0
639945,1,0,0,0,62,23,60383.43,147041,190,78,0,0
640070,1,0,0,0,62,23,60383.43,147041,190,78,0,0
640190,1,0,0,0,62,23,60383.43,147041,190,78,0,0
640278,1,0,0,0,62,23,60383.43,147041,190,78,0,0
640378,1,0,0,0,62,23,60383.43,147041,190,78,0,0
640471,1,0,0,0,62,23,60383.43,147041,190,78,0,0
640629,1,0,0,0,62,23,60383.43,147041,190,78,0,0
640745,1,0,0,0,62,23,60383.43,147041,190,78,0,0
640845,1,0,0,0,62,23,60383.43,147041,190,78,0,0
640970,1,0,0,0,62,23,60383.43,147041,190,78,0,0
641078,1,0,0,0,62,23,60383.43,147041,190,78,0,0
641190,1,0,0,0,62,23,60383.43,147041,190,78,0,0
641328,1,0,0,0,62,23,60383.43,147041,190,78,0,0
641428,1,0,0,0,62,23,60383.43,147041,190,78,0,0
641560,1,0,0,0,62,23,60383.43,147041,190,78,0,0
641670,1,0,0,0,60,23,60383.43,147041,190,78,0,0
641778,1,0,0,0,62,23,60383.43,147041,190,78,0,0
641878,1,0,0,0,62,23,60383.43,147041,190,78,0,0
641995,1,0,0,0,62,23,60383.43,147041,190,78,0,0
642129,1,0,0,0,62,23,60383.43,147041,190,78,0,0
642245,1,0,0,0,62,23,60383.43,147041,190,78,0,0
642347,1,0,0,0,62,23,60383.43,147041,190,78,0,0
642461,1,0,0,0,62,23,60383.43,147041,190,78,0,0
642578,1,0,0,0,60,23,60383.43,147041,190,78,0,0
642690,1,0,0,0,62,23,60383.43,147041,190,78,0,0
642811,1,0,0,0,62,23,60383.43,147041,190,78,0,0
642928,1,0,0,0,60,23,60383.43,147041,190,78,0,0
643045,1,0,0,0,60,23,60383.43,147041,190,78,0,0
643145,1,0,0,0,60,23,60383.43,147041,190,78,0,0
643270,1,0,0,0,60,23,60383.43,147041,190,78,0,0
643378,1,0,0,0,60,23,60383.43,147041,190,78,0,0
643461,1,0,0,0,60,23,60383.43,147041,190,78,0,0
643578,1,0,0,0,60,23,60383.43,147041,190,78,0,0
643729,1,0,0,0,60,23,60383.43,147041,190,78,0,0
643845,1,0,0,0,60,23,60383.43,147041,190,78,0,0
643945,1,0,0,0,60,23,60383.43,147041,190,78,0,0
644070,1,0,0,0,60,23,60383.43,147041,190,78,0,0
644190,1,0,0,0,60,23,60383.43,147041,190,78,0,0
644278,1,0,0,0,60,23,60383.43,147041,190,78,0,0
644378,1,0,0,0,60,23,60383.43,147041,190,78,0,0
644471,1,0,0,0,60,23,60383.43,147041,190,78,0,0
644645,1,0,0,0,60,23,60383.43,147041,190,78,0,0
644745,1,0,0,0,60,23,60383.43,147041,190,78,0,0
644873,1,0,0,0,60,23,60383.43,147041,190,78,0,0
644945,1,0,0,0,60,23,60383.43,147041,190,78,0,0
645078,1,0,0,0,60,23,60383.43,147041,190,78,0,0
645219,1,0,0,0,60,23,60383.43,147041,190,78,0,0
645328,1,0,0,0,60,23,60383.43,147041,190,78,0,0
645442,1,0,0,0,60,23,60383.43,147041,190,78,0,0
645561,1,0,0,0,60,23,60383.43,147041,190,78,0,0
645670,1,0,0,0,60,23,60383.43,147041,190,78,0,0
645778,1,0,0,0,60,23,60383.43,147041,190,78,0,0
645878,1,0,0,0,60,23,60383.43,147041,190,78,0,0
646019,1,0,0,0,60,23,60383.43,147041,190,78,0,0
646129,1,0,0,0,60,23,60383.43,147041,190,78,0,0
646245,1,0,0,0,60,23,60383.43,147041,190,78,0,0
646346,1,0,0,0,60,23,60383.43,147041,190,78,0,0
646464,1,0,0,0,58,23,60383.43,147041,190,78,0,0
646578,1,0,0,0,58,23,60383.43,147041,190,78,0,0
646690,1,0,0,0,58,23,60383.43,147041,190,78,0,0
646819,1,0,0,0,58,23,60383.43,147041,190,78,0,0
646928,1,0,0,0,70,23,60383.43,147041,190,78,0,0
647045,1,0,0,0,84,23,60383.43,147041,190,78,0,0
647145,1,0,0,0,96,23,60383.43,147041,190,78,0,0
647278,1,0,0,0,106,23,60383.43,147041,190,78,0,0
647378,1,0,0,0,108,23,60383.43,147041,190,78,0,0
647480,1,0,0,0,108,23,60383.43,147041,190,78,0,0
647578,1,0,0,0,110,23,60383.43,147041,190,78,0,0
647730,1,0,0,0,110,23,60383.43,147041,190,78,0,0
647845,1,0,0,0,112,23,60383.43,147041,190,78,0,0
647945,1,0,0,0,112,23,60383.43,147041,190,78,0,0
648078,1,0,0,0,112,23,60383.43,147041,190,78,0,0
648190,1,0,0,0,112,23,60383.43,147041,190,78,0,0
648278,1,0,0,0,110,23,60383.43,147041,190,78,0,0
648420,1,0,0,0,110,23,60383.43,147041,190,78,0,0
648531,1,0,0,0,110,23,60383.43,147041,190,78,0,0
648645,1,0,0,0,108,23,60383.43,147041,190,78,0,0
648745,1,0,0,0,108,23,60383.43,147041,190,78,0,0
648872,1,0,0,0,106,23,60383.43,147041,190,78,0,0
648978,1,0,0,0,106,23,60383.43,147041,190,78,0,0
649078,1,0,0,0,106,23,60383.43,147041,190,78,0,0
649220,1,0,0,0,104,23,60383.43,147041,190,78,0,0
649329,1,0,0,0,104,23,60383.43,147041,190,78,0,0
649443,1,0,0,0,104,23,60383.43,147041,190,78,0,0
649561,1,0,0,0,102,23,60383.43,147041,190,78,0,0
649677,1,0,0,0,102,23,60383.43,147041,190,78,0,0
649778,1,0,0,0,100,23,60383.43,147041,190,78,0,0
649878,1,0,0,0,100,23,60383.43,147041,190,78,0,0
650020,1,0,0,0,100,23,60383.43,147041,190,78,0,0
650129,1,0,0,0,98,23,60383.43,147041,190,78,0,0
650245,1,0,0,0,98,23,60383.43,147041,190,78,0,0
650346,1,0,0,0,98,23,60383.43,147041,190,78,0,0
650446,1,0,0,0,96,23,60383.43,147041,190,78,0,0
650578,1,0,0,0,96,23,60383.43,147041,190,78,0,0
650690,1,0,0,0,96,23,60383.43,147041,190,78,0,0
650820,1,0,0,0,96,23,60383.43,147041,190,78,0,0
650928,1,0,0,0,94,23,60383.43,147041,190,78,0,0
651045,1,0,0,0,94,23,60383.43,147041,190,78,0,0
651145,1,0,0,0,94,23,60383.43,147041,190,78,0,0
651277,1,0,0,0,94,23,60383.43,147041,190,78,0,0
651378,1,0,0,0,94,23,60383.43,147041,190,78,0,0
651503,1,0,0,0,94,23,60383.43,147041,190,78,0,0
651578,1,0,0,0,92,23,60383.43,147041,190,78,0,0
651728,1,0,0,0,92,23,60383.43,147041,190,78,0,0
651845,1,0,0,0,92,23,60383.43,147041,190,78,0,0
651947,1,0,0,0,92,23,60383.43,147041,190,78,0,0
652078,1,0,0,0,92,23,60383.43,147041,190,78,0,0
652190,1,0,0,0,92,23,60383.43,147041,190,78,0,0
652278,1,0,0,0,92,23,60383.43,147041,190,78,0,0
652420,1,0,0,0,92,23,60383.43,147041,190,78,0,0
652528,1,0,0,0,92,23,60383.43,147041,190,78,0,0
652645,1,0,0,0,92,23,60383.43,147041,190,78,0,0
652745,1,0,0,0,90,23,60383.43,147041,190,78,0,0
652873,1,0,0,0,90,23,60383.43,147041,190,78,0,0
652978,1,0,0,0,90,23,60383.43,147041,190,78,0,0
653078,1,0,0,0,90,23,60383.43,147041,190,78,0,0
653220,1,0,0,0,90,23,60383.43,147041,190,78,0,0
653329,1,0,0,0,90,23,60383.43,147041,190,78,0,0
653443,1,0,0,0,90,23,60383.43,147041,190,78,0,0
653560,1,0,0,0,90,23,60383.43,147041,190,78,0,0
653677,1,0,0,0,90,23,60383.43,147041,190,78,0,0
653778,1,0,0,0,88,23,60383.43,147041,190,78,0,0
653878,1,0,0,0,88,23,60383.43,147041,190,78,0,0
654019,1,0,0,0,88,23,60383.43,147041,190,78,0,0
654128,1,0,0,0,88,23,60383.43,147041,190,78,0,0
654245,1,0,0,0,88,23,60383.43,147041,190,78,0,0
654345,1,0,0,0,88,23,60383.43,147041,190,78,0,0
654460,1,0,0,0,88,23,60383.43,147041,190,78,0,0
654578,1,0,0,0,88,23,60383.43,147041,190,78,0,0
654690,1,0,0,0,88,23,60383.43,147041,190,78,0,0
654820,1,0,0,0,88,23,60383.43,147041,190,78,0,0
654929,1,0,0,0,88,23,60383.43,147041,190,78,0,0
655045,1,0,0,0,88,23,60383.43,147041,190,78,0,0
655145,1,0,0,0,86,23,60383.43,147041,190,78,0,0
655278,1,0,0,0,86,23,60383.43,147041,190,78,0,0
655378,1,0,0,0,86,23,60383.43,147041,190,78,0,0
655501,1,0,0,0,86,23,60383.43,147041,190,78,0,0
655578,1,0,0,0,86,23,60383.43,147041,190,78,0,0
655728,1,0,0,0,86,23,60383.43,147041,190,78,0,0
655845,1,0,0,0,86,23,60383.43,147041,190,78,0,0
655947,1,0,0,0,86,23,60383.43,147041,190,78,0,0
656077,1,0,0,0,86,23,60383.43,147041,190,78,0,0
656190,1,0,0,0,86,23,60383.43,147041,190,78,0,0
656278,1,0,0,0,86,23,60383.43,147041,190,78,0,0
656419,1,0,0,0,86,23,60383.43,147041,190,78,0,0
656528,1,0,0,0,86,23,60383.43,147041,190,78,0,0
656645,1,0,0,0,86,23,60383.43,147041,190,78,0,0
656745,1,0,0,0,86,23,60383.43,147041,190,78,0,0
656877,1,0,0,0,86,23,60383.43,147041,190,78,0,0
656978,1,0,0,0,86,23,60383.43,147041,190,78,0,0
657078,1,0,0,0,86,23,60383.43,147041,190,78,0,0
657220,1,0,0,0,86,23,60383.43,147041,190,78,0,0
657327,1,0,0,0,86,23,60383.43,147041,190,78,0,0
657448,1,0,0,0,86,23,60383.43,147041,190,78,0,0
657561,1,0,0,0,86,23,60383.43,147041,190,78,0,0
657678,1,0,0,0,86,23,60383.43,147041,190,78,0,0
657778,1,0,0,0,86,23,60383.43,147041,190,78,0,0
657878,1,0,0,0,86,23,60383.43,147041,190,78,0,0
658020,1,0,0,0,86,23,60383.43,147041,190,78,0,0
658128,1,0,0,0,86,23,60383.43,147041,190,78,0,0
658244,1,0,0,0,86,23,60383.43,147041,190,78,0,0
658344,1,0,0,0,86,23,60383.43,147041,190,78,0,0
658447,1,0,0,0,86,23,60383.43,147041,190,78,0,0
658578,1,0,0,0,86,23,60383.43,147041,190,78,0,0
658690,1,0,0,0,86,23,60383.43,147041,190,78,0,0
658827,1,0,0,0,86,23,60383.43,147041,190,78,0,0
658940,1,0,0,0,86,23,60383.43,147041,190,78,0,0
659044,1,0,0,0,86,23,60383.43,147041,190,78,0,0
659169,1,0,0,0,86,23,60383.43,147041,190,78,0,0
659279,1,0,0,0,86,23,60383.43,147041,190,78,0,0
659378,1,0,0,0,86,23,60383.43,147041,190,78,0,0
659497,1,0,0,0,86,23,60383.43,147041,190,78,0,0
659628,1,0,0,0,86,23,60383.43,147041,190,78,0,0
659728,1,0,0,0,86,23,60383.43,147041,190,78,0,0
659844,1,0,0,0,86,23,60383.43,147041,190,78,0,0
659944,1,0,0,0,86,23,60383.43,147041,190,78,0,0
660078,1,0,0,0,86,23,60383.43,147041,190,78,0,0
660189,1,0,0,0,86,23,60383.43,147041,190,78,0,0
660309,1,0,0,0,86,23,60383.43,147041,190,78,0,0
660428,1,0,0,0,86,23,60383.43,147041,190,78,0,0
660544,1,0,0,0,86,23,60383.43,147041,190,78,0,0
660644,1,0,0,0,86,23,60383.43,147041,190,78,0,0
660769,1,0,0,0,86,23,60383.43,147041,190,78,0,0
660878,1,0,0,0,86,23,60383.43,147041,190,78,0,0
660944,1,0,0,0,86,23,60383.43,147041,190,78,0,0
661078,1,0,0,0,86,23,60383.43,147041,190,78,0,0
661228,1,0,0,0,84,23,60383.43,147041,190,78,0,0
661328,1,0,0,0,86,23,60383.43,147041,190,78,0,0
661447,1,0,0,0,86,23,60383.43,147041,190,78,0,0
661569,1,0,0,0,86,23,60383.43,147041,190,78,0,0
661678,1,0,0,0,86,23,60383.43,147041,190,78,0,0
661778,1,0,0,0,86,23,60383.43,147041,190,78,0,0
661878,1,0,0,0,86,23,60383.43,147041,190,78,0,0
661978,1,0,0,0,86,23,60383.43,147041,190,78,0,0
662144,1,0,0,0,86,23,60383.43,147041,190,78,0,0
662244,1,0,0,0,86,23,60383.43,147041,190,78,0,0
662373,1,0,0,0,86,23,60383.43,147041,190,78,0,0
662447,1,0,0,0,86,23,60383.43,147041,190,78,0,0
662578,1,0,0,0,86,23,60383.43,147041,190,78,0,0
662689,1,0,0,0,86,23,60383.43,147041,190,78,0,0
662827,1,0,0,0,86,23,60383.43,147041,190,78,0,0
662944,1,0,0,0,86,23,60383.43,147041,190,78,0,0
663060,1,0,0,0,86,23,60383.43,147041,190,78,0,0
663170,1,0,0,0,84,23,60383.43,147041,190,78,0,0
663278,1,0,0,0,86,23,60383.43,147041,190,78,0,0
663378,1,0,0,0,86,23,60383.43,147041,190,78,0,0
663447,1,0,0,0,86,23,60383.43,147041,190,78,0,0
663628,1,0,0,0,84,23,60383.43,147041,190,78,0,0
663744,1,0,0,0,84,23,60383.43,147041,190,78,0,0
663844,1,0,0,0,84,23,60383.43,147041,190,78,0,0
663969,1,0,0,0,86,23,60383.43,147041,190,78,0,0
664077,1,0,0,0,86,23,60383.43,147041,190,78,0,0
664189,1,0,0,0,86,23,60383.43,147041,190,78,0,0
664319,1,0,0,0,84,23,60383.43,147041,190,78,0,0
664427,1,0,0,0,84,23,60383.43,147041,190,78,0,0
664544,1,0,0,0,86,23,60383.43,147041,190,78,0,0
664644,1,0,0,0,84,23,60383.43,147041,190,78,0,0
664769,1,0,0,0,84,23,60383.43,147041,190,78,0,0
664878,1,0,0,0,84,23,60383.43,147041,190,78,0,0
664944,1,0,0,0,84,23,60383.43,147041,190,78,0,0
665078,1,0,0,0,84,23,60383.43,147041,190,78,0,0
665228,1,0,0,0,84,23,60383.43,147041,190,78,0,0
665344,1,0,0,0,84,23,60383.43,147041,190,78,0,0
665460,1,0,0,0,84,23,60383.43,147041,190,78,0,0
665569,1,0,0,0,84,23,60383.43,147041,190,78,0,0
665689,1,0,0,0,84,23,60383.43,147041,190,78,0,0
665778,1,0,0,0,86,23,60383.43,147041,190,78,0,0
665878,1,0,0,0,84,23,60383.43,147041,190,78,0,0
666032,1,0,0,0,84,23,60383.43,147041,190,78,0,0
666144,1,0,0,0,84,23,60383.43,147041,190,78,0,0
666244,1,0,0,0,84,23,60383.43,147041,190,78,0,0
666372,1,0,0,0,84,23,60383.43,147041,190,78,0,0
666471,1,0,0,0,84,23,60383.43,147041,190,78,0,0
666578,1,0,0,0,86,23,60383.43,147041,190,78,0,0
666719,1,0,0,0,84,23,60383.43,147041,190,78,0,0
666829,1,0,0,0,84,23,60383.43,147041,190,78,0,0
666944,1,0,0,0,84,23,60383.43,147041,190,78,0,0
667060,1,0,0,0,84,23,60383.43,147041,190,78,0,0
667178,1,0,0,0,84,23,60383.43,147041,190,78,0,0
667278,1,0,0,0,84,23,60383.43,147041,190,78,0,0
667390,1,0,0,0,84,23,60383.43,147041,190,78,0,0
667519,1,0,0,0,84,23,60383.43,147041,190,78,0,0
667628,1,0,0,0,84,23,60383.43,147041,190,78,0,0
667744,1,0,0,0,84,23,60383.43,147041,190,78,0,0
667844,1,0,0,0,84,23,60383.43,147041,190,78,0,0
667947,1,0,0,0,84,23,60383.43,147041,190,78,0,0
668078,1,0,0,0,84,23,60383.43,147041,190,78,0,0
668189,1,0,0,0,84,23,60383.43,147041,190,78,0,0
668319,1,0,0,0,84,23,60383.43,147041,190,78,0,0
668428,1,0,0,0,84,23,60383.43,147041,190,78,0,0
668545,1,0,0,0,84,23,60383.43,147041,190,78,0,0
668644,1,0,0,0,84,23,60383.43,147041,190,78,0,0
668778,1,0,0,0,84,23,60383.43,147041,190,78,0,0
668878,1,0,0,0,84,23,60383.43,147041,190,78,0,0
669005,1,0,0,0,84,23,60383.43,147041,190,78,0,0
669078,1,0,0,0,84,23,60383.43,147041,190,78,0,0
669228,1,0,0,0,84,23,60383.43,147041,190,78,0,0
669344,1,0,0,0,84,23,60383.43,147041,190,78,0,0
669460,1,0,0,0,84,23,60383.43,147041,190,78,0,0
669578,1,0,0,0,84,23,60383.43,147041,190,78,0,0
669689,1,0,0,0,84,23,60383.43,147041,190,78,0,0
669778,1,0,0,0,84,23,60383.43,147041,190,78,0,0
669919,1,0,0,0,84,23,60383.43,147041,190,78,0,0
670028,1,0,0,0,84,23,60383.43,147041,190,78,0,0
670143,1,0,0,0,84,23,60383.43,147041,190,78,0,0
670244,1,0,0,0,84,23,60383.43,147041,190,78,0,0
670378,1,0,0,0,84,23,60383.43,147041,190,78,0,0
670478,1,0,0,0,84,23,60383.43,147041,190,78,0,0
670578,1,0,0,0,84,23,60383.43,147041,190,78,0,0
670719,1,0,0,0,84,23,60383.43,147041,190,78,0,0
670828,1,0,0,0,84,23,60383.43,147041,190,78,0,0
670945,1,0,0,0,84,23,60383.43,147041,190,78,0,0
671060,1,0,0,0,84,23,60383.43,147041,190,78,0,0
671178,1,0,0,0,84,23,60383.43,147041,190,78,0,0
671278,1,0,0,0,84,23,60383.43,147041,190,78,0,0
671378,1,0,0,0,84,23,60383.43,147041,190,78,0,0
671519,1,0,0,0,84,23,60383.43,147041,190,78,0,0
671628,1,0,0,0,84,23,60383.43,147041,190,78,0,0
671745,1,0,0,0,84,23,60383.43,147041,190,78,0,0
671844,1,0,0,0,84,23,60383.43,147041,190,78,0,0
671978,1,0,0,0,84,23,60383.43,147041,190,78,0,0
672078,1,0,0,0,84,23,60383.43,147041,190,78,0,0
672189,1,0,0,0,84,23,60383.43,147041,190,78,0,0
672319,1,0,0,0,84,23,60383.43,147041,190,78,0,0
672428,1,0,0,0,84,23,60383.43,147041,190,78,0,0
672545,1,0,0,0,84,23,60383.43,147041,190,78,0,0
672644,1,0,0,0,84,23,60383.43,147041,190,78,0,0
672778,1,0,0,0,84,23,60383.43,147041,190,78,0,0
672878,1,0,0,0,84,23,60383.43,147041,190,78,0,0
673003,1,0,0,0,84,23,60383.43,147041,190,78,0,0
673078,1,0,0,0,84,23,60383.43,147041,190,78,0,0
673228,1,0,0,0,84,23,60383.43,147041,190,78,0,0
673345,1,0,0,0,84,23,60383.43,147041,190,78,0,0
673460,1,0,0,0,84,23,60383.43,147041,190,78,0,0
673578,1,0,0,0,84,23,60383.43,147041,190,78,0,0
673689,1,0,0,0,84,23,60383.43,147041,190,78,0,0
673778,1,0,0,0,84,23,60383.43,147041,190,78,0,0
673919,1,0,0,0,84,23,60383.43,147041,190,78,0,0
674028,1,0,0,0,84,23,60383.43,147041,190,78,0,0
674145,1,0,0,0,84,23,60383.43,147041,190,78,0,0
674244,1,0,0,0,84,23,60383.43,147041,190,78,0,0
674369,1,0,0,0,84,23,60383.43,147041,190,78,0,0
674460,1,0,0,0,84,23,60383.43,147041,190,78,0,0
674578,1,0,0,0,84,23,60383.43,147041,190,78,0,0
674719,1,0,0,0,84,23,60383.43,147041,190,78,0,0
674829,1,0,0,0,84,23,60383.43,147041,190,78,0,0
674944,1,0,0,0,84,23,60383.43,147041,190,78,0,0
675060,1,0,0,0,84,23,60383.43,147041,190,78,0,0
675178,1,0,0,0,84,23,60383.43,147041,190,78,0,0
675278,1,0,0,0,84,23,60383.43,147041,190,78,0,0
675378,1,0,0,0,84,23,60383.43,147041,190,78,0,0
675519,1,0,0,0,84,23,60383.43,147041,190,78,0,0
675629,1,0,0,0,84,23,60383.43,147041,190,78,0,0
675744,1,0,0,0,84,23,60383.43,147041,190,78,0,0
675844,1,0,0,0,84,23,60383.43,147041,190,78,0,0
675970,1,0,0,0,84,23,60383.43,147041,190,78,0,0
676078,1,0,0,0,84,23,60383.43,147041,190,78,0,0
676191,1,0,0,0,84,23,60383.43,147041,190,78,0,0
676319,1,0,0,0,84,23,60383.43,147041,190,78,0,0
676445,1,0,0,0,84,23,60383.43,147041,190,78,0,0
676560,1,0,0,0,84,23,60383.43,147041,190,78,0,0
676678,1,0,0,0,84,23,60383.43,147041,190,78,0,0
676778,1,0,0,0,84,23,60383.43,147041,190,78,0,0
676878,1,0,0,0,84,23,60383.43,147041,190,78,0,0
677019,1,0,0,0,82,23,60383.43,147041,190,78,0,0
677132,1,0,0,0,82,23,60383.43,147041,190,78,0,0
677244,1,0,0,0,82,23,60383.43,147041,190,78,0,0
677344,1,0,0,0,84,23,60383.43,147041,190,78,0,0
677460,1,0,0,0,82,23,60383.43,147041,190,78,0,0
677578,1,0,0,0,82,23,60383.43,147041,190,78,0,0
677719,1,0,0,0,82,23,60383.43,147041,190,78,0,0
677828,1,0,0,0,82,23,60383.43,147041,190,78,0,0
677944,1,0,64,0,82,23,60383.43,147041,190,78,0,0
678059,1,0,128,0,82,23,60383.43,147041,190,78,0,0
678169,1,0,245,0,82,23,60383.43,147041,190,78,0,0
678278,1,0,851,0,82,23,60383.43,147041,190,78,0,0
678381,1,0,1197,0,82,23,60383.43,147041,190,78,0,0
678512,1,0,1309,0,82,23,60383.43,147041,190,78,0,0
678628,1,0,1253,0,82,23,60383.43,147041,190,78,0,0
678728,1,0,1195,0,0,23,60383.43,147041,190,78,0,0
678844,1,0,1083,0,0,23,60383.43,147041,190,78,0,0
679079,1,0,823,0,0,23,60383.43,147041,190,78,0,0
679231,1,0,890,19,0,23,60383.43,147041,190,78,0,0
679344,1,0,1116,26,0,23,60383.43,147041,190,78,0,0
679460,1,0,1313,27,0,23,60383.43,147041,190,78,0,0
679569,1,0,1519,27,0,23,60383.43,147041,190,78,0,0
679683,1,0,1596,27,0,23,60383.43,147041,190,78,0,0
679779,1,0,1547,27,0,23,60383.43,147041,190,78,0,0
679895,1,2,1491,27,0,23,60384.48,147041,190,78,0,0
680023,1,3,1494,27,0,23,60384.48,147041,190,78,0,0
680143,1,5,1462,27,0,23,60384.48,147041,190,78,0,0
680244,1,6,1429,27,0,23,60384.48,147041,190,78,0,0
680369,1,7,1427,27,0,23,60384.48,147041,190,78,0,0
680469,1,8,1438,27,0,23,60385.48,147041,190,78,0,0
680581,1,9,1414,27,0,23,60385.48,147041,190,78,0,0
680690,1,10,1481,27,0,23,60385.48,147041,190,78,0,0
680945,1,11,1676,27,0,23,60386.54,147041,190,78,0,0
681059,1,12,1715,27,0,23,60386.54,147041,190,78,0,0
681179,1,12,1784,27,0,23,60386.54,147041,190,78,0,0
681279,1,12,1835,27,0,23,60386.54,147041,190,78,0,0
681381,1,13,1840,27,0,23,60386.54,147041,190,78,0,0
681519,1,13,1843,27,0,23,60386.54,147041,190,78,0,0
681629,1,13,1879,29,0,23,60387.54,147041,190,78,0,0
681744,1,13,1896,30,0,23,60387.54,147041,190,78,0,0
681844,1,13,1888,31,0,23,60387.54,147041,190,78,0,0
681944,1,13,1906,31,0,23,60387.54,147041,190,78,0,0
682079,1,13,1917,31,0,23,60387.54,147041,190,78,0,0
682190,1,13,1915,14,0,23,60387.54,147041,190,78,0,0
682318,1,13,1814,0,0,23,60387.54,147041,190,78,0,0
682430,1,13,1715,0,0,23,60387.54,147041,190,78,0,0
682544,1,13,1688,0,0,23,60387.54,147041,190,78,0,0
682782,1,13,1520,0,0,23,60387.54,147041,190,78,0,0
682893,1,13,1456,4,0,23,60387.54,147041,190,78,0,0
682969,1,13,1360,23,0,23,60387.54,147041,190,78,0,0
683124,1,13,1099,61,0,23,60387.54,147041,190,78,0,0
683231,1,13,1094,73,0,23,60387.54,147041,190,78,0,0
683344,1,14,1099,75,0,23,60388.58,147041,190,78,0,0
683445,1,14,1066,75,0,23,60388.58,147041,190,78,0,0
683581,1,14,1122,76,0,23,60388.58,147041,190,78,0,0
683692,1,15,1165,77,0,23,60388.58,147041,190,78,0,0
683809,1,15,1167,81,0,23,60388.58,147041,190,78,0,0
683918,1,15,1233,94,0,23,60388.58,147041,190,78,0,0
684031,1,16,1273,100,0,23,60388.58,147041,190,78,0,0
684144,1,16,1282,102,0,23,60389.61,147041,190,78,0,0
684244,1,17,1327,103,0,23,60389.61,147041,190,78,0,0
684369,1,17,1337,103,0,23,60389.61,147041,190,79,0,0
684459,1,18,1381,103,0,23,60389.61,147041,190,79,0,0
684731,1,19,1502,103,0,23,60389.61,147041,190,79,0,0
684843,1,20,1504,103,0,23,60390.66,147041,190,79,0,0
684944,1,20,1542,102,0,23,60390.66,147041,190,79,0,0
685081,1,21,1613,102,0,23,60390.66,147041,190,79,0,0
685190,1,21,1644,101,0,23,60390.66,147041,190,79,0,0
685309,1,22,1707,98,0,23,60390.66,147041,190,79,0,0
685418,1,22,1739,89,0,23,60390.66,147041,190,79,0,0
685531,1,23,1767,88,0,23,60391.72,147041,190,79,0,0
685643,1,24,1820,88,0,23,60391.72,147041,190,79,0,0
685743,1,24,1870,88,0,23,60391.72,147041,190,79,0,0
685870,1,24,1864,88,0,23,60391.72,147041,190,79,0,0
685944,1,25,1923,88,0,23,60391.72,147041,190,79,0,0
686081,1,25,1981,88,0,23,60391.72,147041,190,79,0,0
686218,1,26,1984,88,0,23,60392.77,147041,190,79,0,0
686331,1,26,2023,86,0,23,60392.77,147041,190,79,0,0
686569,1,27,2081,83,0,23,60392.77,147041,190,79,0,0
686689,1,27,2138,78,0,23,60392.77,147041,190,79,0,0
686781,1,28,2160,64,0,23,60393.85,147041,190,79,0,0
686918,1,28,2070,0,0,23,60393.85,147041,190,79,0,0
687032,1,28,2029,0,0,23,60393.85,147041,190,79,0,0
687143,1,28,1948,0,0,23,60393.85,147041,190,78,0,0
687243,1,28,1803,0,0,23,60393.85,147041,190,78,0,0
687344,1,28,1696,0,0,23,60393.85,147041,190,78,0,0
687445,1,28,1683,0,0,23,60393.85,147041,190,78,0,0
687581,1,28,1591,0,0,23,60393.85,147041,190,78,0,0
687718,1,27,1549,0,0,23,60393.85,147041,190,78,0,0
687831,1,28,1481,9,0,23,60393.85,147041,190,78,0,0
687943,1,27,1479,34,0,23,60393.85,147041,190,78,0,0
688059,1,27,1509,59,0,23,60393.85,147041,190,78,0,0
688169,1,27,1464,73,0,23,60393.85,147041,190,78,0,0
688281,1,27,1483,78,0,23,60393.85,147041,190,78,0,0
688505,1,28,1483,69,0,23,60393.85,147041,190,78,0,0
688719,1,28,1477,13,0,23,60394.91,147041,190,78,0,0
688881,1,28,1472,3,0,23,60394.91,147041,190,78,0,0
689069,1,27,1458,0,0,23,60394.91,147041,190,78,0,0
689243,1,27,1439,0,0,23,60394.91,147041,190,78,0,0
689381,1,27,1408,0,0,23,60394.91,147041,190,78,0,0
689481,1,27,1439,0,0,23,60394.91,147041,190,78,0,0
689581,1,27,1437,0,0,23,60394.91,147041,190,78,0,0
689731,1,26,1405,0,0,23,60394.91,147041,190,78,0,0
689844,1,26,1404,0,0,23,60394.91,147041,190,78,0,0
689943,1,26,1373,0,0,23,60394.91,147041,190,78,0,0
690069,1,25,1373,0,0,23,60394.91,147041,190,78,0,0
690188,1,25,1339,0,0,23,60394.91,147041,190,78,0,0
690281,1,25,1339,16,0,23,60394.91,147041,190,78,0,0
690418,1,25,1340,68,0,23,60394.91,147041,190,78,0,0
690530,1,25,1405,95,0,23,60394.91,147041,190,77,0,0
690643,1,24,1339,107,0,23,60394.91,147041,190,77,0,0
690743,1,24,1288,111,0,23,60394.91,147041,190,77,0,0
690869,1,24,1326,113,0,23,60395.93,147041,190,77,0,0
690969,1,24,1325,114,0,23,60395.93,147041,190,77,0,0
691081,1,24,1313,114,0,23,60395.93,147041,190,77,0,0
691218,1,25,1359,109,0,23,60395.93,147041,190,77,0,0
691331,1,25,1371,95,0,23,60395.93,147041,190,77,0,0
691446,1,25,1347,59,0,23,60395.93,147041,190,77,0,0
691559,1,25,1350,56,0,23,60396.95,147041,190,77,0,0
691670,1,26,1349,56,0,23,60396.95,147041,190,77,0,0
691781,1,26,1356,38,0,23,60396.95,147041,190,77,0,0
691881,1,26,1364,28,0,23,60396.95,147041,190,77,0,0
691969,1,26,1364,34,0,23,60396.95,147041,190,77,0,0
692124,1,26,1385,74,0,23,60396.95,147041,190,77,0,0
692231,1,26,1403,76,0,23,60396.95,147041,190,77,0,0
692343,1,26,1398,76,0,23,60396.95,147041,190,76,0,0
692465,1,26,1394,76,0,23,60396.95,147041,190,76,0,0
692580,1,26,1388,76,0,23,60396.95,147041,190,76,0,0
692690,1,26,1386,76,0,23,60396.95,147041,190,76,0,0
692781,1,26,1400,80,0,23,60397.99,147041,190,76,0,0
692919,1,26,1395,88,0,23,60397.99,147041,190,76,0,0
693031,1,26,1408,89,0,23,60397.99,147041,190,76,0,0
693144,1,26,1417,90,0,23,60397.99,147041,190,76,0,0
693243,1,27,1428,91,0,23,60397.99,147041,190,76,0,0
693369,1,27,1470,91,0,23,60397.99,147041,190,76,0,0
693481,1,27,1445,91,0,23,60397.99,147041,190,76,0,0
693581,1,27,1448,78,0,23,60397.99,147041,190,76,0,0
693718,1,27,1471,76,0,23,60399.05,147041,190,76,0,0
693830,1,27,1480,76,0,23,60399.05,147041,190,76,0,0
693943,1,28,1499,76,0,23,60399.05,147041,190,76,0,0
694059,1,28,1497,76,0,23,60399.05,147041,190,76,0,0
694170,1,28,1497,69,0,23,60399.05,147041,190,76,0,0
694281,1,28,1493,51,0,23,60399.05,147041,190,76,0,0
694381,1,28,1496,34,0,23,60399.05,147041,190,76,0,0
694469,1,28,1496,33,0,23,60399.05,147041,190,76,0,0
694630,1,28,1490,37,0,23,60399.05,147041,190,76,0,0
694743,1,28,1487,43,0,23,60399.05,147041,190,76,0,0
694843,1,28,1494,48,0,23,60400.05,147041,190,76,0,0
694969,1,28,1476,51,0,23,60400.05,147041,190,76,0,0
695080,1,28,1473,59,0,23,60400.05,147041,190,76,0,0
695188,1,28,1525,63,0,23,60400.05,147041,190,76,0,0
695309,1,28,1521,64,0,23,60400.05,147041,190,76,0,0
695418,1,28,1522,67,0,23,60400.05,147041,190,76,0,0
695531,1,28,1525,70,0,23,60400.05,147041,190,76,0,0
695643,1,28,1531,71,0,23,60400.05,147041,190,76,0,0
695769,1,28,1564,72,0,23,60400.05,147041,190,76,0,0
695880,1,29,1542,72,0,23,60400.05,147041,190,76,0,0
695943,1,29,1542,72,0,23,60401.10,147041,190,76,0,0
696081,1,29,1545,74,0,23,60401.10,147041,190,76,0,0
696230,1,29,1544,85,0,23,60401.10,147041,190,76,0,0
696343,1,29,1543,92,0,23,60401.10,147041,190,76,0,0
696444,1,29,1585,98,0,23,60401.10,147041,190,76,0,0
696572,1,29,1586,100,0,23,60401.10,147041,190,76,0,0
696683,1,30,1626,100,0,23,60401.10,147041,190,76,0,0
696781,1,30,1600,100,0,23,60402.10,147041,190,76,0,0
696881,1,30,1606,100,0,23,60402.10,147041,190,76,0,0
696981,1,30,1639,100,0,23,60402.10,147041,190,76,0,0
697143,1,31,1673,100,0,23,60402.10,147041,190,76,0,0
697243,1,31,1673,100,0,23,60402.10,147041,190,76,0,0
697368,1,31,1674,100,0,23,60402.10,147041,190,76,0,0
697481,1,31,1679,100,0,23,60403.14,147041,190,76,0,0
697581,1,31,1716,100,0,23,60403.14,147041,190,76,0,0
697690,1,32,1713,100,0,23,60403.14,147041,190,76,0,0
697818,1,32,1710,100,0,23,60403.14,147041,190,76,0,0
697943,1,32,1738,100,0,23,60403.14,147041,190,76,0,0
698059,1,33,1736,100,0,23,60404.20,147041,190,76,0,0
698169,1,33,1774,100,0,23,60404.20,147041,190,76,0,0
698280,1,33,1783,100,0,23,60404.20,147041,190,76,0,0
698381,1,33,1810,100,0,23,60404.20,147041,190,76,0,0
698469,1,33,1810,101,0,23,60404.20,147041,190,76,0,0
698624,1,33,1792,101,0,23,60404.20,147041,190,76,0,0
698730,1,34,1831,101,0,23,60405.20,147041,190,76,0,0
698843,1,34,1839,100,0,23,60405.20,147041,190,76,0,0
698943,1,35,1846,96,0,23,60405.20,147041,190,76,0,0
699080,1,35,1885,93,0,23,60405.20,147041,190,76,0,0
699188,1,35,1884,88,0,23,60405.20,147041,190,76,0,0
699308,1,35,1895,84,0,23,60406.21,147041,190,76,0,0
699418,1,35,1859,80,0,23,60406.21,147041,190,76,0,0
699531,1,35,1903,80,0,23,60406.21,147041,190,76,0,0
699643,1,36,1888,68,0,23,60406.21,147041,190,76,0,0
699743,1,36,1914,62,0,23,60406.21,147041,190,76,0,0
699869,1,36,1892,51,0,23,60406.21,147041,190,76,0,0
699943,1,36,1919,42,0,23,60407.24,147041,190,76,0,0
700081,1,36,1901,41,0,23,60407.24,147041,190,76,0,0
700219,1,36,1891,43,0,23,60407.24,147041,190,76,0,0
700330,1,36,1888,51,0,23,60407.24,147041,190,76,0,0
700444,1,36,1894,61,0,23,60407.24,147041,190,76,0,0
700559,1,36,1918,65,0,23,60407.24,147041,190,76,0,0
700669,1,36,1912,65,0,23,60407.24,147041,190,76,0,0
700780,1,36,1895,63,0,23,60407.24,147041,190,76,0,0
700881,1,36,1893,57,0,23,60408.27,147041,190,76,0,0
701018,1,36,1912,57,0,23,60408.27,147041,190,76,0,0
701080,1,36,1898,57,0,23,60408.27,147041,190,76,0,0
701243,1,36,1898,57,0,23,60408.27,147041,190,76,0,0
701343,1,36,1900,57,0,23,60408.27,147041,190,76,0,0
701469,1,36,1903,57,0,23,60408.27,147041,190,76,0,0
701580,1,36,1902,57,0,23,60408.27,147041,190,76,0,0
701690,1,36,1903,57,0,23,60408.27,147041,190,76,0,0
701818,1,36,1900,57,0,23,60409.32,147041,190,76,0,0
701930,1,36,1896,57,0,23,60409.32,147041,190,76,0,0
702044,1,36,1909,62,0,23,60409.32,147041,190,76,0,0
702143,1,36,1911,63,0,23,60409.32,147041,190,76,0,0
702280,1,36,1931,63,0,23,60409.32,147041,190,76,0,0
702380,1,36,1936,63,0,23,60409.32,147041,190,76,0,0
702481,1,36,1908,58,0,23,60409.32,147041,187,76,0,0
702624,1,36,1905,42,0,23,60409.32,147041,187,76,0,0
702730,1,36,1904,30,0,23,60410.39,147041,187,76,0,0
702843,1,36,1902,23,0,23,60410.39,147041,187,76,0,0
702943,1,36,1895,15,0,23,60410.39,147041,187,76,0,0
703081,1,36,1856,2,0,23,60410.39,147041,187,76,0,0
703189,1,35,1871,2,0,23,60410.39,147041,187,76,0,0
703308,1,35,1858,2,0,23,60410.39,147041,187,76,0,0
703419,1,35,1882,12,0,23,60410.39,147041,187,76,0,0
703530,1,35,1882,23,0,23,60410.39,147041,187,76,0,0
703650,1,35,1853,29,0,23,60410.39,147041,187,76,0,0
703743,1,35,1846,33,0,23,60410.39,147041,187,76,0,0
703880,1,35,1832,36,0,23,60410.39,147041,187,76,0,0
703969,1,35,1832,38,0,23,60410.39,147041,187,76,0,0
704080,1,34,1841,42,0,23,60410.39,147041,187,76,0,0
704219,1,34,1848,50,0,23,60411.40,147041,187,76,0,0
704330,1,34,1835,51,0,23,60411.40,147041,187,76,0,0
704444,1,34,1853,52,0,23,60411.40,147041,187,76,0,0
704568,1,34,1854,52,0,23,60411.40,147041,187,76,0,0
704682,1,34,1850,52,0,23,60411.40,147041,187,76,0,0
704780,1,34,1848,52,0,23,60411.40,147041,187,76,0,0
704880,1,34,1846,52,0,23,60411.40,147041,187,76,0,0
704943,1,34,1846,52,0,23,60411.40,147041,187,76,0,0
705130,1,34,1853,50,0,23,60411.40,147041,187,76,0,0
705243,1,34,1826,49,0,23,60412.45,147041,187,76,0,0
705343,1,34,1851,49,0,23,60412.45,147041,187,76,0,0
705461,1,34,1846,49,0,23,60412.45,147041,187,76,0,0
705580,1,34,1846,49,0,23,60412.45,147041,187,76,0,0
705690,1,34,1847,49,0,23,60412.45,147041,187,76,0,0
705818,1,34,1849,49,0,23,60412.45,147041,187,76,0,0
705930,1,34,1849,49,0,23,60412.45,147041,187,76,0,0
706042,1,34,1849,49,0,23,60412.45,147041,187,76,0,0
706143,1,34,1851,49,0,23,60412.45,147041,187,76,0,0
706270,1,34,1851,49,0,23,60413.46,147041,187,76,0,0
706380,1,34,1850,49,0,23,60413.46,147041,187,76,0,0
706480,1,34,1851,49,0,23,60413.46,147041,187,76,0,0
706580,1,34,1851,49,0,23,60413.46,147041,187,76,0,0
706730,1,34,1850,49,0,23,60413.46,147041,187,76,0,0
706843,1,35,1850,49,0,23,60413.46,147041,187,76,0,0
706943,1,34,1851,52,0,23,60413.46,147041,187,76,0,0
707069,1,34,1851,57,0,23,60413.46,147041,187,76,0,0
707188,1,34,1827,58,0,23,60414.48,147041,187,76,0,0
707280,1,34,1844,58,0,23,60414.48,147041,187,76,0,0
707417,1,35,1851,58,0,23,60414.48,147041,187,76,0,0
707481,1,35,1852,58,0,23,60414.48,147041,187,76,0,0
707643,1,35,1853,58,0,23,60414.48,147041,187,76,0,0
707743,1,35,1852,58,0,23,60414.48,147041,187,76,0,0
707869,1,35,1870,56,0,23,60414.48,147041,187,76,0,0
707980,1,35,1824,35,0,23,60414.48,147041,187,76,0,0
708080,1,34,1853,28,0,23,60415.48,147041,187,76,0,0
708188,1,34,1808,23,0,23,60415.48,147041,187,76,0,0
708330,1,34,1796,19,0,23,60415.48,147041,187,76,0,0
708438,1,34,1820,19,0,23,60415.48,147041,187,76,0,0
708543,1,34,1783,19,0,23,60415.48,147041,187,76,0,0
708669,1,33,1786,19,0,23,60415.48,147041,187,76,0,0
708780,1,33,1760,19,0,23,60415.48,147041,187,76,0,0
708880,1,33,1760,31,0,23,60415.48,147041,187,76,0,0
708980,1,33,1770,44,0,23,60415.48,147041,187,76,0,0
709130,1,33,1752,53,0,23,60415.48,147041,187,76,0,0
709243,1,33,1772,55,0,23,60415.48,147041,187,76,0,0
709343,1,33,1745,55,0,23,60415.48,147041,187,76,0,0
709469,1,33,1775,55,0,23,60416.52,147041,187,76,0,0
709580,1,33,1736,55,0,23,60416.52,147041,187,76,0,0
709689,1,33,1759,52,0,23,60416.52,147041,187,76,0,0
709808,1,33,1753,46,0,23,60416.52,147041,187,76,0,0
709918,1,33,1730,34,0,23,60416.52,147041,187,76,0,0
710031,1,33,1743,29,0,23,60416.52,147041,187,76,0,0
710143,1,33,1755,21,0,23,60416.52,147041,187,76,0,0
710243,1,33,1738,14,0,23,60416.52,147041,187,76,0,0
710380,1,33,1745,14,0,23,60416.52,147041,187,76,0,0
710461,1,32,1745,8,0,23,60416.52,147041,187,76,0,0
710580,1,32,1702,0,0,23,60416.52,147041,187,76,0,0
710718,1,32,1723,0,0,23,60417.54,147041,187,76,0,0
710830,1,32,1686,0,0,23,60417.54,147041,187,76,0,0
710944,1,32,1650,0,0,23,60417.54,147041,187,76,0,0
711059,1,31,1681,2,0,23,60417.54,147041,187,76,0,0
711170,1,31,1680,8,0,23,60417.54,147041,187,76,0,0
711280,1,31,1680,22,0,23,60417.54,147041,187,76,0,0
711380,1,31,1689,28,0,23,60417.54,147041,187,76,0,0
711518,1,31,1651,31,0,23,60417.54,147041,187,76,0,0
711630,1,31,1642,32,0,23,60417.54,147041,187,76,0,0
711743,1,31,1644,33,0,23,60417.54,147041,187,76,0,0
711843,1,31,1643,33,0,23,60417.54,147041,187,76,0,0
711969,1,30,1611,34,0,23,60417.54,147041,187,76,0,0
712080,1,30,1612,34,0,23,60417.54,147041,187,76,0,0
712188,1,30,1616,36,0,23,60417.54,147041,187,76,0,0
712308,1,30,1615,36,0,23,60417.54,147041,187,76,0,0
712419,1,30,1614,40,0,23,60417.54,147041,187,76,0,0
712530,1,30,1616,44,0,23,60418.54,147041,187,76,0,0
712643,1,30,1622,46,0,23,60418.54,147041,187,76,0,0
712768,1,30,1603,48,0,23,60418.54,147041,187,76,0,0
712880,1,30,1618,51,0,23,60418.54,147041,187,76,0,0
712980,1,30,1656,57,0,23,60418.54,147041,187,76,0,0
713080,1,30,1633,64,0,23,60418.54,147041,187,76,0,0
713218,1,31,1657,69,0,23,60418.54,147041,187,76,0,0
713331,1,31,1638,71,0,23,60418.54,147041,187,76,0,0
713445,1,31,1644,73,0,23,60418.54,147041,187,76,0,0
713560,1,31,1680,73,0,23,60419.57,147041,187,76,0,0
713669,1,31,1685,74,0,23,60419.57,147041,187,76,0,0
713780,1,31,1686,77,0,23,60419.57,147041,187,76,0,0
713880,1,32,1718,84,0,23,60419.57,147041,187,76,0,0
713980,1,32,1709,87,0,23,60419.57,147041,187,76,0,0
714130,1,32,1727,91,0,23,60419.57,147041,187,76,0,0
714243,1,32,1740,93,0,23,60419.57,147041,187,76,0,0
714343,1,32,1745,97,0,23,60420.62,147041,187,76,0,0
714469,1,33,1785,103,0,23,60420.62,147041,187,76,0,0
714580,1,33,1780,103,0,23,60420.62,147041,187,76,0,0
714689,1,33,1799,107,0,23,60420.62,147041,187,76,0,0
714819,1,34,1816,108,0,23,60420.62,147041,187,76,0,0
714937,1,34,1826,108,0,23,60420.62,147041,187,76,0,0
715043,1,35,1867,106,0,23,60421.68,147041,187,76,0,0
715143,1,35,1874,83,0,23,60421.68,147041,187,76,0,0
715280,1,35,1825,8,0,23,60421.68,147041,187,76,0,0
715380,1,35,1752,0,0,23,60421.68,147041,187,76,0,0
715471,1,35,1752,0,0,23,60421.68,147041,187,76,0,0
715623,1,35,1632,0,0,23,60421.68,147041,187,76,0,0
715730,1,35,1542,0,0,23,60421.68,147041,187,76,0,0
715842,1,34,1472,0,0,23,60421.68,147041,187,76,0,0
715968,1,34,1444,0,0,23,60421.68,147041,187,76,0,0
716080,1,34,1410,46,0,23,60421.68,147041,187,76,0,0
716188,1,34,1410,99,0,23,60421.68,147041,187,76,0,0
716307,1,34,1382,134,0,23,60421.68,147041,187,76,0,0
716418,1,34,1400,148,0,23,60422.73,147041,187,76,0,0
716539,1,35,1382,143,0,23,60422.73,147041,187,76,0,0
716643,1,35,1398,121,0,23,60422.73,147041,187,76,0,0
716742,1,35,1427,101,0,23,60422.73,147041,187,76,0,0
716881,1,35,1413,71,0,23,60422.73,147041,187,76,0,0
716969,1,35,1413,39,0,23,60422.73,147041,187,76,0,0
717080,1,35,1407,0,0,23,60423.80,147041,187,76,0,0
717218,1,36,1413,0,0,23,60423.80,147041,187,76,0,0
717342,1,35,1419,0,0,23,60423.80,147041,187,76,0,0
717444,1,35,1428,0,0,23,60423.80,147041,187,76,0,0
717568,1,35,1378,0,0,23,60423.80,147041,187,76,0,0
717683,1,35,1370,0,0,23,60423.80,147041,187,76,0,0
717780,1,35,1401,0,0,23,60423.80,147041,187,76,0,0
717880,1,35,1401,0,0,23,60423.80,147041,187,76,0,0
718025,1,35,1400,0,0,23,60423.80,147041,187,76,0,0
718130,1,35,1368,0,0,23,60423.80,147041,187,76,0,0
718242,1,34,1368,0,0,23,60423.80,147041,187,76,0,0
718368,1,34,1368,0,0,23,60423.80,147041,187,76,0,0
718470,1,34,1367,0,0,23,60423.80,147041,187,76,0,0
718581,1,34,1334,0,0,23,60423.80,147041,187,76,0,0
718689,1,34,1334,0,0,23,60423.80,147041,187,76,0,0
718817,1,33,1334,0,0,23,60423.80,147041,187,76,0,0
718942,1,33,1333,0,0,23,60423.80,147041,187,76,0,0
719044,1,33,1333,0,0,23,60423.80,147041,187,76,0,0
719168,1,33,1300,0,0,23,60423.80,147041,187,77,0,0
719280,1,32,1301,0,0,23,60423.80,147041,187,77,0,0
719381,1,32,1300,0,0,23,60423.80,147041,187,77,0,0
719481,1,32,1300,20,0,23,60423.80,147041,187,77,0,0
719630,1,32,1301,109,0,23,60423.80,147041,187,77,0,0
719742,1,32,1344,118,0,23,60423.80,147041,187,77,0,0
719842,1,32,1261,126,0,23,60423.80,147041,187,77,0,0
719968,1,32,1285,129,0,23,60424.87,147041,187,77,0,0
720080,1,32,1310,130,0,23,60424.87,147041,187,77,0,0
720187,1,32,1297,130,0,23,60424.87,147041,187,77,0,0
720307,1,32,1298,127,0,23,60424.87,147041,187,77,0,0
720432,1,32,1337,104,0,23,60424.87,147041,187,77,0,0
720542,1,33,1341,81,0,23,60424.87,147041,187,77,0,0
720642,1,33,1315,70,0,23,60425.89,147041,187,77,0,0
720768,1,33,1329,60,0,23,60425.89,147041,187,77,0,0
720881,1,33,1327,45,0,23,60425.89,147041,187,77,0,0
720980,1,33,1323,41,0,23,60425.89,147041,187,77,0,0
721080,1,33,1318,41,0,23,60425.89,147041,187,77,0,0
721230,1,33,1341,89,0,23,60425.89,147041,187,77,0,0
721342,1,33,1371,145,0,23,60425.89,147041,187,77,0,0
721459,1,33,1372,158,0,23,60425.89,147041,187,77,0,0
721568,1,33,1324,158,0,23,60425.89,147041,187,77,0,0
721689,1,34,1364,142,0,23,60426.94,147041,187,77,0,0
721868,1,34,1368,125,0,23,60426.94,147041,187,77,0,0
721981,1,34,1383,123,0,23,60426.94,147041,187,77,0,0
722080,1,34,1391,123,0,23,60426.94,147041,187,77,0,0
722217,1,35,1431,119,0,23,60426.94,147041,187,77,0,0
722330,1,35,1437,115,0,23,60427.98,147041,187,77,0,0
722443,1,36,1412,111,0,23,60427.98,147041,187,77,0,0
722559,1,36,1417,105,0,23,60427.98,147041,187,77,0,0
722671,1,36,1468,99,0,23,60427.98,147041,187,77,0,0
722781,1,36,1467,95,0,23,60429.00,147041,187,77,0,0
722881,1,36,1449,93,0,23,60429.00,147041,187,77,0,0
722981,1,37,1468,91,0,23,60429.00,147041,187,77,0,0
723130,1,37,1489,87,0,23,60429.00,147041,187,77,0,0
723242,1,37,1476,85,0,23,60429.00,147041,187,77,0,0
723342,1,37,1492,84,0,23,60429.00,147041,187,77,0,0
723469,1,37,1484,83,0,23,60429.00,147041,187,77,0,0
723582,1,37,1499,83,0,23,60430.02,147041,187,77,0,0
723689,1,37,1524,83,0,23,60430.02,147041,187,77,0,0
723817,1,38,1482,83,0,23,60430.02,147041,187,77,0,0
723930,1,38,1506,83,0,23,60430.02,147041,187,77,0,0
723981,1,38,1506,83,0,23,60430.02,147041,187,77,0,0
724142,1,38,1512,41,0,23,60430.02,147041,187,77,0,0
724268,1,38,1482,0,0,23,60430.02,147041,187,77,0,0
724381,1,38,1533,0,0,23,60430.02,147041,187,77,0,0
724481,1,38,1491,0,0,23,60431.05,147041,187,77,0,0
724581,1,37,1477,0,0,23,60431.05,147041,187,77,0,0
724730,1,37,1473,0,0,23,60431.05,147041,187,77,0,0
724842,1,37,1440,0,0,23,60431.05,147041,187,77,0,0
724942,1,37,1440,0,0,23,60431.05,147041,187,77,0,0
725069,1,37,1473,0,6,23,60431.05,147041,187,77,0,0
725187,1,37,1440,0,14,23,60431.05,147041,187,77,0,0
725281,1,36,1439,0,12,23,60431.05,147041,187,77,0,0
725381,1,36,1376,0,10,23,60431.05,147041,187,77,0,0
725481,1,36,1343,0,10,23,60431.05,147041,187,77,0,0
725642,1,35,1310,0,14,23,60431.05,147041,187,77,0,0
725742,1,35,1277,0,20,23,60431.05,147041,187,77,0,0
725868,1,35,1276,0,18,23,60431.05,147041,187,77,0,0
725981,1,35,1241,0,22,23,60431.05,147041,187,77,0,0
726081,1,35,1240,0,22,23,60431.05,147041,187,77,0,0
726217,1,34,1207,0,36,23,60431.05,147041,187,77,0,0
726331,1,34,1206,0,36,23,60431.05,147041,187,77,0,0
726444,1,33,1174,0,42,23,60431.05,147041,187,77,0,0
726559,1,33,1173,0,44,23,60431.05,147041,187,77,0,0
726668,1,32,1141,0,46,23,60431.05,147041,187,77,0,0
726781,1,32,1141,0,44,23,60431.05,147041,187,77,0,0
726881,1,31,1141,0,46,23,60431.05,147041,187,77,0,0
726981,1,31,1141,0,46,23,60431.05,147041,187,77,0,0
727130,1,31,1109,0,44,23,60431.05,147041,187,77,0,0
727242,1,30,1109,0,44,23,60431.05,147041,187,78,0,0
727342,1,29,1109,0,42,23,60431.05,147041,187,78,0,0
727468,1,29,1110,0,40,23,60431.05,147041,187,78,0,0
727581,1,28,1112,0,42,23,60431.05,147041,187,78,0,0
727689,1,28,1112,0,42,23,60431.05,147041,187,78,0,0
727814,1,28,1112,0,38,23,60431.05,147041,187,78,0,0
727917,1,27,1112,0,40,23,60431.05,147041,187,78,0,0
727981,1,27,1112,0,38,23,60432.06,147041,187,78,0,0
728142,1,26,1112,0,40,23,60432.06,147041,187,78,0,0
728268,1,26,1112,0,38,23,60432.06,147041,187,78,0,0
728381,1,25,1112,0,40,23,60432.06,147041,187,78,0,0
728468,1,25,1112,0,40,23,60432.06,147041,187,78,0,0
728581,1,25,1113,0,36,23,60432.06,147041,187,78,0,0
728717,1,24,1145,0,24,23,60432.06,147041,187,78,0,0
728842,1,23,1210,0,12,23,60432.06,147041,187,78,0,0
728943,1,23,1244,0,6,23,60432.06,147041,187,78,0,0
729068,1,23,1305,0,4,23,60432.06,147041,187,78,0,0
729181,1,23,1491,0,6,23,60432.06,147041,187,78,0,0
729281,1,22,1685,0,8,23,60432.06,147041,187,78,0,0
729381,1,22,1722,0,6,23,60432.06,147041,187,78,0,0
729481,1,22,1631,0,2,23,60432.06,147041,187,78,0,0
729642,1,21,1642,0,4,23,60432.06,147041,187,78,0,0
729742,1,21,1536,0,4,23,60432.06,147041,187,78,0,0
729868,1,20,1472,0,4,23,60432.06,147041,187,78,0,0
729980,1,20,1472,0,4,23,60432.06,147041,187,78,0,0
730081,1,20,1448,0,4,23,60432.06,147041,187,78,0,0
730187,1,19,1443,0,4,23,60432.06,147041,187,78,0,0
730317,1,19,1448,0,6,23,60432.06,147041,187,78,0,0
730443,1,18,1424,0,4,23,60432.06,147041,187,78,0,0
730559,1,18,1422,0,4,23,60432.06,147041,187,78,0,0
730668,1,18,1358,0,0,23,60432.06,147041,187,78,0,0
730781,1,18,1312,0,0,23,60432.06,147041,187,78,0,0
730881,1,17,1343,0,0,23,60432.06,147041,187,78,0,0
730981,1,17,1341,0,0,23,60432.06,147041,187,78,0,0
731130,1,17,1276,0,0,23,60432.06,147041,187,78,0,0
731241,1,16,1276,0,0,23,60432.06,147041,187,78,0,0
731342,1,16,1275,0,0,23,60432.06,147041,187,78,0,0
731470,1,16,1245,0,0,23,60432.06,147041,187,78,0,0
731581,1,16,1217,0,0,23,60432.06,147041,187,78,0,0
731689,1,16,1185,0,0,23,60432.06,147041,187,78,0,0
731807,1,16,1186,0,0,23,60432.06,147041,187,78,0,0
731917,1,15,1154,0,0,23,60432.06,147041,187,78,0,0
732042,1,15,1154,0,0,23,60432.06,147041,187,78,0,0
732142,1,15,1124,4,0,23,60433.07,147041,187,78,0,0
732268,1,15,1093,23,0,23,60433.07,147041,187,78,0,0
732381,1,15,1124,51,0,23,60433.07,147041,187,78,0,0
732481,1,14,1168,67,0,23,60433.07,147041,184,78,0,0
732581,1,14,1156,78,0,23,60433.07,147041,184,78,0,0
732730,1,14,1145,81,0,23,60433.07,147041,184,78,0,0
732842,1,15,1160,84,0,23,60433.07,147041,184,78,0,0
732942,1,15,1182,85,0,23,60433.07,147041,184,78,0,0
733068,1,15,1155,85,0,23,60433.07,147041,184,78,0,0
733187,1,15,1223,85,0,23,60433.07,147041,184,78,0,0
733281,1,16,1217,86,0,23,60433.07,147041,184,78,0,0
733416,1,16,1249,87,0,23,60433.07,147041,184,78,0,0
733528,1,16,1286,87,0,23,60434.11,147041,184,78,0,0
733642,1,17,1319,87,0,23,60434.11,147041,184,78,0,0
733731,1,17,1352,87,0,23,60434.11,147041,184,78,0,0
733868,1,18,1384,87,0,23,60434.11,147041,184,78,0,0
733982,1,18,1412,87,0,23,60434.11,147041,184,78,0,0
734081,1,19,1444,87,0,23,60434.11,147041,184,78,0,0
734187,1,19,1476,87,0,23,60434.11,147041,184,78,0,0
734317,1,19,1510,88,0,23,60434.11,147041,184,78,0,0
734443,1,20,1543,88,0,23,60435.12,147041,184,78,0,0
734558,1,20,1578,93,0,23,60435.12,147041,184,78,0,0
734668,1,21,1614,96,0,23,60435.12,147041,184,78,0,0
734781,1,21,1672,99,0,23,60435.12,147041,184,78,0,0
734881,1,22,1726,101,0,23,60435.12,147041,184,78,0,0
734968,1,22,1726,104,0,23,60435.12,147041,184,78,0,0
735131,1,23,1798,107,0,23,60435.12,147041,184,78,0,0
735242,1,24,1816,107,0,23,60436.20,147041,184,78,0,0
735342,1,24,1863,108,0,23,60436.20,147041,184,78,0,0
735459,1,25,1909,108,0,23,60436.20,147041,184,78,0,0
735581,1,25,1970,108,0,23,60436.20,147041,184,78,0,0
735689,1,26,2037,108,0,23,60436.20,147041,184,78,0,0
735807,1,26,2075,108,0,23,60437.24,147041,184,78,0,0
735917,1,27,2111,106,0,23,60437.24,147041,184,78,0,0
736041,1,28,2122,104,0,23,60437.24,147041,184,78,0,0
736144,1,28,2234,102,0,23,60437.24,147041,184,78,0,0
736268,1,29,2210,97,0,23,60437.24,147041,184,78,0,0
736382,1,30,2277,90,0,23,60438.30,147041,184,78,0,0
736481,1,30,2283,49,0,23,60438.30,147041,184,78,0,0
736581,1,30,2145,0,0,23,60438.30,147041,184,78,0,0
736731,1,30,2143,0,0,23,60438.30,147041,184,78,0,0
736842,1,30,1990,0,0,23,60438.30,147041,184,78,0,0
736942,1,30,1857,0,0,23,60438.30,147041,184,78,0,0
737068,1,30,1792,0,0,23,60438.30,147041,184,78,0,0
737187,1,30,1644,0,0,23,60438.30,147041,184,78,0,0
737281,1,30,1685,16,0,23,60438.30,147041,184,78,0,0
737417,1,30,1658,62,0,23,60438.30,147041,184,78,0,0
737531,1,30,1649,86,0,23,60438.30,147041,184,78,0,0
737643,1,30,1645,98,0,23,60438.30,147041,184,78,0,0
737742,1,31,1638,100,0,23,60439.36,147041,184,78,0,0
737869,1,31,1691,100,0,23,60439.36,147041,184,78,0,0
737968,1,31,1675,100,0,23,60439.36,147041,184,78,0,0
738081,1,32,1697,100,0,23,60439.36,147041,184,78,0,0
738217,1,32,1739,100,0,23,60439.36,147041,184,78,0,0
738331,1,32,1771,99,0,23,60439.36,147041,184,78,0,0
738443,1,33,1785,97,0,23,60440.38,147041,184,78,0,0
738559,1,33,1796,92,0,23,60440.38,147041,184,78,0,0
738668,1,34,1801,90,0,23,60440.38,147041,184,78,0,0
738782,1,34,1847,88,0,23,60440.38,147041,184,78,0,0
738881,1,34,1859,87,0,23,60440.38,147041,184,78,0,0
738981,1,35,1876,85,0,23,60441.40,147041,184,78,0,0
739131,1,35,1860,83,0,23,60441.40,147041,184,78,0,0
739242,1,35,1902,82,0,23,60441.40,147041,184,78,0,0
739342,1,36,1922,82,0,23,60441.40,147041,184,78,0,0
739468,1,36,1925,81,0,23,60441.40,147041,184,78,0,0
739581,1,36,1939,80,0,23,60441.40,147041,184,78,0,0
739689,1,37,1980,80,0,23,60442.45,147041,184,78,0,0
739817,1,37,1957,80,0,23,60442.45,147041,184,78,0,0
739931,1,37,1992,80,0,23,60442.45,147041,184,78,0,0
740042,1,38,1998,79,0,23,60442.45,147041,184,78,0,0
740142,1,38,2032,78,0,23,60442.45,147041,184,78,0,0
740280,1,38,2040,72,0,23,60442.45,147041,184,78,0,0
740381,1,38,2059,69,0,23,60443.51,147041,184,78,0,0
740482,1,39,2069,44,0,23,60443.51,147041,184,78,0,0
740622,1,39,1957,0,0,23,60443.51,147041,184,78,0,0
740741,1,38,1991,0,0,23,60443.51,147041,184,78,0,0
740842,1,38,1857,0,0,23,60443.51,147041,184,78,0,0
740942,1,38,1741,0,0,23,60443.51,147041,184,78,0,0
741080,1,38,1644,0,0,23,60443.51,147041,184,78,0,0
741188,1,38,1600,0,0,23,60443.51,147041,184,78,0,0
741307,1,38,1561,0,0,23,60443.51,147041,184,78,0,0
741417,1,38,1482,0,0,23,60443.51,147041,184,78,0,0
741531,1,38,1509,6,0,23,60443.51,147041,184,78,0,0
741642,1,38,1540,23,0,23,60443.51,147041,184,78,0,0
741768,1,38,1544,37,0,23,60443.51,147041,184,78,0,0
741882,1,38,1511,45,0,23,60443.51,147041,184,78,0,0
741982,1,38,1512,48,0,23,60443.51,147041,184,78,0,0
742081,1,38,1523,49,0,23,60444.54,147041,184,78,0,0
742231,1,38,1521,49,0,23,60444.54,147041,184,78,0,0
742342,1,38,1547,49,0,23,60444.54,147041,184,78,0,0
742459,1,38,1555,49,0,23,60444.54,147041,184,78,0,0
742569,1,38,1562,49,0,23,60444.54,147041,184,78,0,0
742683,1,39,1551,49,0,23,60444.54,147041,184,78,0,0
742782,1,39,1545,49,0,23,60444.54,147041,184,78,0,0
742916,1,39,1544,49,0,23,60444.54,147041,184,78,0,0
742982,1,39,1544,49,0,23,60444.54,147041,184,78,0,0
743142,1,39,1549,49,0,23,60444.54,147041,184,78,0,0
743242,1,39,1551,49,0,23,60444.54,147041,184,78,0,0
743370,1,39,1585,49,0,23,60445.57,147041,184,78,0,0
743468,1,39,1586,49,0,23,60445.57,147041,184,78,0,0
743582,1,39,1587,49,0,23,60445.57,147041,184,78,0,0
743717,1,39,1584,49,0,23,60445.57,147041,184,78,0,0
743831,1,40,1584,49,0,23,60445.57,147041,184,78,0,0
743941,1,40,1585,49,0,23,60445.57,147041,184,78,0,0
744060,1,40,1589,49,0,23,60445.57,147041,184,78,0,0
744167,1,40,1622,46,0,23,60445.57,147041,184,78,0,0
744282,1,40,1624,41,0,23,60445.57,147041,184,78,0,0
744382,1,40,1611,32,0,23,60445.57,147041,184,78,0,0
744481,1,40,1616,26,0,23,60446.58,147041,184,78,0,0
744632,1,40,1602,17,0,23,60446.58,147041,184,78,0,0
744742,1,40,1620,1,0,23,60446.58,147041,184,78,0,0
744842,1,40,1613,0,0,23,60446.58,147041,184,78,0,0
744967,1,40,1572,0,0,23,60446.58,147041,184,78,0,0
745081,1,40,1578,0,0,23,60446.58,147041,184,78,0,0
745187,1,40,1609,0,0,23,60446.58,147041,184,78,0,0
745317,1,40,1608,0,0,23,60446.58,147041,184,78,0,0
745431,1,40,1577,0,0,23,60446.58,147041,184,78,0,0
745541,1,40,1576,0,0,23,60446.58,147041,184,78,0,0
745648,1,40,1576,0,0,23,60446.58,147041,184,78,0,0
745767,1,40,1576,0,0,23,60446.58,147041,184,78,0,0
745883,1,40,1580,0,0,23,60446.58,147041,184,78,0,0
745967,1,40,1580,0,0,23,60446.58,147041,184,78,0,0
746082,1,40,1575,0,0,23,60446.58,147041,184,78,0,0
746231,1,40,1575,0,0,23,60446.58,147041,184,78,0,0
746341,1,39,1537,0,0,23,60446.58,147041,184,78,0,0
746457,1,39,1581,0,0,23,60446.58,147041,184,78,0,0
746572,1,39,1594,0,0,23,60446.58,147041,184,78,0,0
746689,1,39,1549,0,0,23,60446.58,147041,184,78,0,0
746782,1,39,1562,0,0,23,60446.58,147041,184,78,0,0
746916,1,39,1581,0,0,23,60446.58,147041,184,78,0,0
746982,1,39,1549,0,0,23,60446.58,147041,184,78,0,0
747141,1,39,1557,0,0,23,60446.58,147041,184,78,0,0
747241,1,39,1548,0,0,23,60446.58,147041,184,78,0,0
747369,1,39,1548,0,0,23,60446.58,147041,184,78,0,0
747468,1,39,1548,0,0,23,60446.58,147041,184,78,0,0
747584,1,39,1536,0,0,23,60446.58,147041,184,78,0,0
747716,1,39,1598,44,0,23,60446.58,147041,184,78,0,0
747831,1,39,1577,51,0,23,60446.58,147041,184,78,0,0
747943,1,39,1552,59,0,23,60446.58,147041,184,78,0,0
748059,1,39,1562,62,0,23,60446.58,147041,184,78,0,0
748167,1,39,1547,62,0,23,60447.62,147041,184,78,0,0
748281,1,39,1597,62,0,23,60447.62,147041,184,78,0,0
748384,1,39,1594,59,0,23,60447.62,147041,184,78,0,0
748467,1,40,1594,18,0,23,60447.62,147041,184,78,0,0
748631,1,40,1579,0,0,23,60447.62,147041,184,78,0,0
748741,1,40,1591,0,0,23,60447.62,147041,184,78,0,0
748841,1,40,1588,0,0,23,60447.62,147041,184,78,0,0
748967,1,40,1547,0,0,23,60447.62,147041,184,78,0,0
749082,1,40,1578,0,0,23,60447.62,147041,184,78,0,0
749187,1,40,1609,0,0,23,60447.62,147041,184,78,0,0
749317,1,40,1576,0,0,23,60447.62,147041,184,78,0,0
749431,1,40,1575,0,0,23,60447.62,147041,184,78,0,0
749544,1,40,1607,0,0,23,60447.62,147041,184,78,0,0
749642,1,40,1625,0,0,23,60447.62,147041,184,78,0,0
749766,1,40,1620,0,0,23,60447.62,147041,184,78,0,0
749884,1,40,1607,0,0,23,60447.62,147041,184,78,0,0
749967,1,40,1607,0,0,23,60447.62,147041,184,78,0,0
750122,1,40,1601,1,0,23,60447.62,147041,184,78,0,0
750241,1,40,1626,7,0,23,60448.62,147041,184,78,0,0
750341,1,40,1626,15,0,23,60448.62,147041,184,78,0,0
750467,1,40,1608,22,0,23,60448.62,147041,184,78,0,0
750584,1,40,1629,29,0,23,60448.62,147041,184,78,0,0
750690,1,40,1650,32,0,23,60448.62,147041,184,78,0,0
750817,1,40,1601,32,0,23,60448.62,147041,184,78,0,0
750941,1,40,1604,32,0,23,60448.62,147041,184,78,0,0
751056,1,40,1607,32,0,23,60448.62,147041,184,78,0,0
751166,1,41,1639,32,0,23,60448.62,147041,184,78,0,0
751284,1,41,1641,32,0,23,60448.62,147041,184,78,0,0
751388,1,41,1639,32,0,23,60448.62,147041,184,78,0,0
751517,1,41,1639,32,0,23,60448.62,147041,184,78,0,0
751635,1,41,1639,32,0,23,60448.62,147041,184,78,0,0
751741,1,41,1671,32,0,23,60448.62,147041,184,78,0,0
751842,1,42,1674,32,0,23,60448.62,147041,184,78,0,0
751968,1,42,1676,32,0,23,60448.62,147041,184,78,0,0
752084,1,42,1682,32,0,23,60449.66,147041,184,78,0,0
752190,1,42,1682,32,0,23,60449.66,147041,184,78,0,0
752306,1,42,1714,32,0,23,60449.66,147041,184,78,0,0
752440,1,43,1714,27,0,23,60449.66,147041,184,78,0,0
752541,1,43,1713,21,0,23,60449.66,147041,184,78,0,0
752666,1,43,1710,15,0,23,60449.66,147041,184,78,0,0
752766,1,43,1698,8,0,23,60449.66,147041,184,78,0,0
752884,1,43,1697,0,0,23,60449.66,147041,184,78,0,0
752984,1,43,1717,0,0,23,60449.66,147041,184,78,0,0
753123,1,43,1714,0,0,23,60449.66,147041,184,78,0,0
753241,1,43,1712,0,0,23,60449.66,147041,184,78,0,0
753342,1,43,1742,0,0,23,60449.66,147041,184,78,0,0
753467,1,43,1740,0,0,23,60449.66,147041,184,78,0,0
753584,1,43,1707,0,0,23,60449.66,147041,184,78,0,0
753690,1,43,1739,0,0,23,60449.66,147041,184,78,0,0
753816,1,43,1740,0,0,23,60449.66,147041,184,78,0,0
753916,1,43,1759,0,0,23,60449.66,147041,184,78,0,0
754041,1,43,1757,0,0,23,60449.66,147041,184,78,0,0
754141,1,43,1745,0,0,23,60450.67,147041,184,78,0,0
754267,1,43,1757,0,0,23,60450.67,147041,184,78,0,0
754384,1,43,1740,0,0,23,60450.67,147041,184,78,0,0
754484,1,43,1721,0,0,23,60450.67,147041,184,78,0,0
754622,1,43,1742,0,0,23,60450.67,147041,184,78,0,0
754734,1,43,1754,0,0,23,60450.67,147041,184,78,0,0
754842,1,43,1708,0,0,23,60450.67,147041,184,78,0,0
754943,1,43,1753,0,0,23,60450.67,147041,184,78,0,0
755066,1,43,1710,0,22,23,60450.67,147041,184,78,0,0
755190,1,43,1721,0,22,23,60450.67,147041,184,78,0,0
755306,1,43,1707,0,16,23,60450.67,147041,184,78,0,0
755416,1,43,1696,0,18,23,60450.67,147041,184,78,0,0
755484,1,43,1696,0,28,23,60450.67,147041,184,78,0,0
755641,1,42,1696,0,30,23,60450.67,147041,184,78,0,0
755768,1,43,1664,0,2,23,60450.67,147041,184,78,0,0
755884,1,42,1664,0,10,23,60450.67,147041,184,78,0,0
755984,1,42,1664,0,10,23,60450.67,147041,184,78,0,0
756084,1,42,1664,0,16,23,60450.67,147041,184,78,0,0
756216,1,42,1664,0,14,23,60450.67,147041,184,78,0,0
756342,1,42,1664,0,16,23,60450.67,147041,184,78,0,0
756443,1,42,1664,0,10,23,60450.67,147041,184,78,0,0
756569,1,42,1664,0,10,23,60450.67,147041,184,78,0,0
756690,1,42,1664,0,10,23,60450.67,147041,184,78,0,0
756806,1,42,1664,0,10,23,60450.67,147041,184,78,0,0
756916,1,42,1664,0,10,23,60450.67,147041,184,78,0,0
757034,1,42,1632,0,10,23,60450.67,147041,184,78,0,0
757141,1,42,1632,0,12,23,60450.67,147041,184,78,0,0
757241,1,42,1632,0,16,23,60450.67,147041,184,78,0,0
757368,1,41,1632,0,30,23,60450.67,147041,184,78,0,0
757484,1,41,1632,0,46,23,60450.67,147041,184,78,0,0
757584,1,41,1600,0,62,23,60450.67,147041,184,78,0,0
757717,1,41,1600,0,74,23,60450.67,147041,184,78,0,0
757834,1,40,1568,0,82,23,60450.67,147041,184,78,0,0
757943,1,39,1536,0,92,23,60450.67,147041,184,78,0,0
758066,1,38,1504,0,102,23,60450.67,147041,184,78,0,0
758184,1,38,1472,0,100,23,60450.67,147041,184,78,0,0
758284,1,37,1440,0,102,23,60450.67,147041,184,78,0,0
758384,1,36,1440,0,102,23,60450.67,147041,184,78,0,0
758468,1,36,1408,0,104,23,60450.67,147041,184,78,0,0
758641,1,35,1290,0,102,23,60450.67,147041,184,78,0,0
758741,1,34,1264,0,102,23,60450.67,147041,184,78,0,0
758869,1,33,1263,0,102,23,60450.67,147041,184,78,0,0
758983,1,33,1253,0,100,23,60450.67,147041,184,78,0,0
759084,1,32,1217,0,100,23,60450.67,147041,184,78,0,0
759216,1,32,1245,0,96,23,60450.67,147041,184,78,0,0
759316,1,31,1245,0,88,23,60450.67,147041,184,78,0,0
759443,1,30,1213,0,68,23,60450.67,147041,184,78,0,0
759559,1,30,1212,0,64,23,60450.67,147041,184,78,0,0
759666,1,29,1180,0,32,23,60450.67,147041,184,78,0,0
759784,1,29,1179,0,0,23,60450.67,147041,184,78,0,0
759884,1,29,1212,0,0,23,60450.67,147041,184,78,0,0
759984,1,29,1212,0,0,23,60450.67,147041,184,78,0,0
760134,1,29,1305,0,0,23,60450.67,147041,184,78,0,0
760241,1,29,1526,1,0,23,60450.67,147041,184,78,0,0
760342,1,29,1622,20,0,23,60450.67,147041,184,78,0,0
760469,1,29,1598,27,0,23,60450.67,147041,184,78,0,0
760584,1,29,1536,30,0,23,60450.67,147041,184,78,0,0
760689,1,29,1580,47,0,23,60450.67,147041,184,78,0,0
760816,1,29,1596,61,0,23,60450.67,147041,184,78,0,0
760934,1,29,1616,65,0,23,60451.70,147041,184,78,0,0
761043,1,30,1606,69,0,23,60451.70,147041,184,78,0,0
761166,1,30,1635,69,0,23,60451.70,147041,184,78,0,0
761266,1,31,1648,70,0,23,60451.70,147041,184,78,0,0
761384,1,31,1682,75,0,23,60451.70,147041,184,78,0,0
761484,1,31,1724,76,0,23,60451.70,147041,184,78,0,0
761622,1,31,1704,76,0,23,60451.70,147041,184,78,0,0
761741,1,33,1748,76,0,23,60451.70,147041,184,78,0,0
761842,1,33,1784,76,0,23,60452.73,147041,184,78,0,0
761942,1,33,1818,76,0,23,60452.73,147041,184,78,0,0
762084,1,33,1792,76,0,23,60452.73,147041,184,78,0,0
762189,1,34,1826,76,0,23,60452.73,147041,184,78,0,0
762316,1,34,1826,76,0,23,60452.73,147041,184,78,0,0
762416,1,35,1858,76,0,23,60452.73,147041,184,78,0,0
762541,1,35,1890,76,0,23,60452.73,147041,184,78,0,0
762641,1,35,1893,76,0,23,60453.79,147041,184,78,0,0
762784,1,36,1929,76,0,23,60453.79,147041,184,78,0,0
762883,1,36,1965,76,0,23,60453.79,147041,184,78,0,0
763023,1,36,1967,32,0,23,60453.79,147041,184,77,0,0
763141,1,37,1873,0,0,23,60453.79,147041,184,77,0,0
763241,1,37,1902,0,0,23,60453.79,147041,184,77,0,0
763369,1,37,1844,0,0,23,60453.79,147041,184,77,0,0
763483,1,37,1568,0,0,23,60453.79,147041,184,77,0,0
763584,1,37,1568,0,0,23,60454.79,147041,184,77,0,0
763689,1,37,1536,0,0,23,60454.79,147041,184,77,0,0
763816,1,37,1562,31,0,23,60454.79,147041,184,77,0,0
763942,1,37,1488,59,0,23,60454.79,147041,184,77,0,0
764059,1,37,1517,78,0,23,60454.79,147041,184,77,0,0
764166,1,37,1487,86,0,23,60454.79,147041,184,77,0,0
764284,1,37,1524,87,0,23,60454.79,147041,184,77,0,0
764384,1,38,1529,88,0,23,60454.79,147041,184,77,0,0
764484,1,38,1506,88,0,23,60454.79,147041,184,77,0,0
764634,1,38,1516,88,0,23,60454.79,147041,184,77,0,0
764741,1,38,1550,88,0,23,60455.82,147041,184,77,0,0
764842,1,39,1548,87,0,23,60455.82,147041,184,77,0,0
764968,1,39,1577,83,0,23,60455.82,147041,184,77,0,0
765084,1,39,1592,81,0,23,60455.82,147041,184,77,0,0
765189,1,39,1576,78,0,23,60455.82,147041,184,77,0,0
765316,1,40,1624,76,0,23,60455.82,147041,184,77,0,0
765439,1,40,1608,72,0,23,60456.84,147041,184,77,0,0
765555,1,40,1603,70,0,23,60456.84,147041,184,77,0,0
765666,1,40,1601,66,0,23,60456.84,147041,184,77,0,0
765783,1,41,1601,61,0,23,60456.84,147041,184,77,0,0
765884,1,41,1626,52,0,23,60456.84,147041,184,77,0,0
765968,1,41,1626,47,0,23,60456.84,147041,184,77,0,0
766122,1,41,1647,38,0,23,60456.84,147041,184,77,0,0
766241,1,41,1639,36,0,23,60456.84,147041,184,77,0,0
766342,1,41,1661,33,0,23,60456.84,147041,184,77,0,0
766469,1,41,1651,25,0,23,60456.84,147041,184,77,0,0
766584,1,41,1632,22,0,23,60457.86,147041,184,77,0,0
766689,1,41,1653,19,0,23,60457.86,147041,184,77,0,0
766816,1,41,1649,14,0,23,60457.86,147041,184,77,0,0
766934,1,41,1644,7,0,23,60457.86,147041,184,77,0,0
767046,1,41,1639,2,0,23,60457.86,147041,184,77,0,0
767141,1,41,1632,0,0,23,60457.86,147041,184,77,0,0
767266,1,41,1651,0,0,23,60457.86,147041,184,77,0,0
767383,1,41,1612,0,0,23,60457.86,147041,184,77,0,0
767484,1,41,1612,0,0,23,60457.86,147042,184,77,0,0
767621,1,41,1613,0,0,23,60457.86,147042,184,77,0,0
767741,1,41,1613,0,0,23,60457.86,147042,184,77,0,0
767842,1,41,1609,0,0,23,60457.86,147042,184,77,0,0
767942,1,40,1609,0,0,23,60457.86,147042,184,77,0,0
768084,1,40,1627,0,0,23,60457.86,147042,184,77,0,0
768189,1,40,1622,0,0,23,60457.86,147042,184,77,0,0
768283,1,40,1608,0,0,23,60457.86,147042,184,77,0,0
768416,1,40,1602,0,0,23,60457.86,147042,184,77,0,0
768541,1,40,1576,0,0,23,60457.86,147042,184,77,0,0
768641,1,40,1595,0,0,23,60457.86,147042,184,77,0,0
768766,1,40,1578,0,0,23,60457.86,147042,184,77,0,0
768884,1,39,1581,0,0,23,60457.86,147042,184,77,0,0
768968,1,39,1581,0,0,23,60457.86,147042,184,77,0,0
769124,1,39,1562,0,0,23,60457.86,147042,184,77,0,0
769241,1,39,1549,0,0,23,60457.86,147042,184,77,0,0
769342,1,39,1549,0,0,23,60457.86,147042,184,77,0,0
769455,1,39,1549,0,0,23,60457.86,147042,184,77,0,0
769583,1,39,1516,0,0,23,60457.86,147042,184,77,0,0
769689,1,39,1536,0,2,23,60457.86,147042,184,77,0,0
769806,1,39,1504,0,8,23,60457.86,147042,184,77,0,0
769916,1,38,1504,0,18,23,60457.86,147042,184,77,0,0
770040,1,38,1504,0,12,23,60457.86,147042,184,77,0,0
770141,1,38,1504,0,10,23,60457.86,147042,184,77,0,0
770265,1,38,1504,0,10,23,60457.86,147042,184,77,0,0
770384,1,37,1472,0,14,23,60457.86,147042,184,77,0,0
770484,1,37,1472,0,18,23,60457.86,147042,184,77,0,0
770584,1,37,1472,0,20,23,60457.86,147042,184,77,0,0
770733,1,37,1440,0,20,23,60457.86,147042,184,77,0,0
770842,1,36,1440,0,22,23,60457.86,147042,184,77,0,0
770942,1,36,1440,0,20,23,60457.86,147042,184,77,0,0
771066,1,36,1408,0,24,23,60457.86,147042,184,77,0,0
771189,1,36,1408,0,26,23,60457.86,147042,184,77,0,0
771306,1,35,1376,0,30,23,60457.86,147042,184,77,0,0
771416,1,35,1376,0,30,23,60457.86,147042,184,77,0,0
771483,1,35,1344,0,30,23,60457.86,147042,184,77,0,0
771641,1,34,1344,0,30,23,60457.86,147042,184,77,0,0
771766,1,34,1312,0,32,23,60457.86,147042,184,77,0,0
771883,1,33,1312,0,32,23,60457.86,147042,184,77,0,0
771984,1,33,1280,0,30,23,60457.86,147042,184,77,0,0
772084,1,33,1280,0,30,23,60457.86,147042,184,77,0,0
772216,1,32,1249,0,32,23,60457.86,147042,184,77,0,0
772342,1,32,1164,0,32,23,60457.86,147042,184,77,0,0
772455,1,31,1131,0,46,23,60457.86,147042,184,77,0,0
772566,1,31,1127,0,114,23,60457.86,147042,184,77,0,0
772689,1,30,1160,0,124,23,60457.86,147042,184,77,0,0
772783,1,29,1156,0,134,23,60458.88,147042,184,77,0,0
772916,1,28,1183,0,138,23,60458.88,147042,184,77,0,0
772983,1,27,1148,0,140,23,60458.88,147042,184,77,0,0
773141,1,25,1147,0,140,23,60458.88,147042,184,77,0,0
773241,1,24,1147,0,146,23,60458.88,147042,184,77,0,0
773369,1,23,1147,0,132,23,60458.88,147042,184,77,0,0
773483,1,22,1148,0,68,23,60458.88,147042,184,77,0,0
773583,1,21,1148,0,10,23,60458.88,147042,184,77,0,0
773716,1,21,1117,0,16,23,60458.88,147042,184,77,0,0
773842,1,20,1117,0,2,23,60458.88,147042,184,77,0,0
773942,1,20,1119,0,4,23,60458.88,147042,184,77,0,0
774066,1,20,1089,0,0,23,60458.88,147042,184,77,0,0
774183,1,20,1090,0,0,23,60458.88,147042,184,77,0,0
774283,1,20,1090,0,0,23,60458.88,147042,184,77,0,0
774416,1,20,1091,4,0,23,60458.88,147042,184,77,0,0
774529,1,19,1091,36,0,23,60458.88,147042,184,77,0,0
774641,1,19,1067,59,0,23,60458.88,147042,184,77,0,0
774741,1,19,1137,68,0,23,60458.88,147042,184,77,0,0
774868,1,19,1254,72,0,23,60458.88,147042,184,77,0,0
774983,1,19,1365,72,0,23,60458.88,147042,184,77,0,0
775083,1,19,1329,73,0,23,60458.88,147042,184,77,0,0
775215,1,19,1294,73,0,23,60459.91,147042,184,77,0,0
775333,1,19,1239,72,0,23,60459.91,147042,184,77,0,0
775442,1,20,1174,69,0,23,60459.91,147042,184,77,0,0
775556,1,20,1077,67,0,23,60459.91,147042,184,77,0,0
775666,1,20,1102,67,0,23,60459.91,147042,184,77,0,0
775783,1,20,1109,67,0,23,60459.91,147042,184,77,0,0
775883,1,20,1114,67,0,23,60459.91,147042,184,77,0,0
776015,1,21,1145,67,0,23,60459.91,147042,184,77,0,0
776121,1,21,1113,76,0,23,60459.91,147042,184,77,0,0
776241,1,21,1102,80,0,23,60460.95,147042,184,77,0,0
776368,1,21,1129,84,0,23,60460.95,147042,184,77,0,0
776483,1,21,1135,86,0,23,60460.95,147042,184,77,0,0
776583,1,21,1176,87,0,23,60460.95,147042,184,77,0,0
776715,1,21,1183,93,0,23,60460.95,147042,184,77,0,0
776816,1,21,1155,96,0,23,60460.95,147042,184,77,0,0
776942,1,22,1160,97,0,23,60460.95,147042,184,77,0,0
777055,1,22,1164,99,0,23,60460.95,147042,184,77,0,0
777166,1,22,1203,103,0,23,60461.96,147042,184,77,0,0
777283,1,22,1214,106,0,23,60461.96,147042,184,77,0,0
777383,1,22,1189,108,0,23,60461.96,147042,184,77,0,0
777483,1,23,1226,109,0,23,60461.96,147042,184,77,0,0
777633,1,23,1264,109,0,23,60461.96,147042,184,77,0,0
777740,1,23,1270,109,0,23,60461.96,147042,184,77,0,0
777842,1,24,1276,109,0,23,60461.96,147042,184,77,0,0
777965,1,24,1281,109,0,23,60463.00,147042,184,77,0,0
778084,1,24,1288,109,0,23,60463.00,147042,184,77,0,0
778189,1,24,1323,109,0,23,60463.00,147042,184,77,0,0
778315,1,25,1342,109,0,23,60463.00,147042,184,77,0,0
778433,1,25,1346,109,0,23,60463.00,147042,184,77,0,0
778540,1,26,1383,109,0,23,60463.00,147042,184,77,0,0
778665,1,26,1418,109,0,23,60464.00,147042,184,77,0,0
778765,1,26,1389,109,0,23,60464.00,147042,184,77,0,0
778883,1,26,1423,109,0,23,60464.00,147042,184,77,0,0
778965,1,27,1455,110,0,23,60464.00,147042,184,77,0,0
779122,1,28,1526,105,0,23,60464.00,147042,184,77,0,0
779240,1,28,1534,102,0,23,60464.00,147042,184,77,0,0
779342,1,28,1502,102,0,23,60465.06,147042,184,77,0,0
779465,1,28,1495,101,0,23,60465.06,147042,184,77,0,0
779583,1,28,1554,98,0,23,60465.06,147042,184,77,0,0
779689,1,28,1558,98,0,23,60465.06,147042,184,77,0,0
779815,1,29,1589,98,0,23,60465.06,147042,184,77,0,0
779933,1,29,1587,98,0,23,60465.06,147042,184,77,0,0
780040,1,30,1589,86,0,23,60466.11,147042,184,77,0,0
780165,1,30,1590,81,0,23,60466.11,147042,184,77,0,0
780265,1,30,1582,80,0,23,60466.11,147042,184,77,0,0
780383,1,30,1626,80,0,23,60466.11,147042,184,77,0,0
780483,1,30,1642,78,0,23,60466.11,147042,184,77,0,0
780621,1,31,1607,76,0,23,60466.11,147042,184,77,0,0
780740,1,31,1604,76,0,23,60466.11,147042,184,77,0,0
780841,1,31,1640,76,0,23,60467.12,147042,184,77,0,0
780966,1,31,1612,76,0,23,60467.12,147042,184,77,0,0
781083,1,31,1685,76,0,23,60467.12,147042,184,77,0,0
781189,1,31,1690,76,0,23,60467.12,147042,184,77,0,0
781315,1,31,1692,68,0,23,60467.12,147042,184,77,0,0
781415,1,31,1661,61,0,23,60467.12,147042,184,77,0,0
781541,1,31,1652,59,0,23,60467.12,147042,184,77,0,0
781665,1,31,1663,59,0,23,60467.12,147042,184,77,0,0
781765,1,31,1682,59,0,23,60468.12,147042,184,77,0,0
781883,1,31,1674,59,0,23,60468.12,147042,184,77,0,0
781983,1,32,1679,59,0,23,60468.12,147042,184,77,0,0
782121,1,31,1686,59,0,23,60468.12,147042,184,77,0,0
782240,1,31,1688,59,0,23,60468.12,147042,184,77,0,0
782342,1,31,1689,58,0,23,60468.12,147042,184,77,0,0
782465,1,31,1689,56,0,23,60468.12,147042,184,77,0,0
782583,1,31,1686,56,0,23,60468.12,147042,184,77,0,0
782689,1,31,1683,56,0,23,60468.12,147042,184,77,0,0
782815,1,31,1682,56,0,23,60469.16,147042,184,77,0,0
782915,1,32,1679,55,0,23,60469.16,147042,184,77,0,0
783040,1,32,1679,55,0,23,60469.16,147042,184,77,0,0
783140,1,32,1678,55,0,23,60469.16,147042,184,77,0,0
783265,1,31,1678,54,0,23,60469.16,147042,184,77,0,0
783383,1,31,1675,54,0,23,60469.16,147042,184,77,0,0
783483,1,31,1673,54,0,23,60469.16,147042,184,77,0,0
783621,1,32,1673,54,0,23,60469.16,147042,184,77,0,0
783733,1,32,1672,55,0,23,60470.16,147042,184,77,0,0
783842,1,32,1672,55,0,23,60470.16,147042,184,77,0,0
783965,1,31,1672,55,0,23,60470.16,147042,184,77,0,0
784083,1,32,1674,55,0,23,60470.16,147042,184,77,0,0
784189,1,31,1676,55,0,23,60470.16,147042,184,77,0,0
784305,1,31,1678,58,0,23,60470.16,147042,184,77,0,0
784415,1,32,1680,58,0,23,60470.16,147042,184,77,0,0
784483,1,32,1677,58,0,23,60470.16,147042,184,77,0,0
784640,1,32,1694,58,0,23,60470.16,147042,184,77,0,0
784765,1,31,1673,58,0,23,60470.16,147042,184,77,0,0
784883,1,32,1673,58,0,23,60471.19,147042,184,77,0,0
784983,1,32,1702,58,0,23,60471.19,147042,184,77,0,0
785083,1,32,1668,56,0,23,60471.19,147042,184,77,0,0
785233,1,32,1667,55,0,23,60471.19,147042,184,77,0,0
785342,1,31,1666,55,0,23,60471.19,147042,184,77,0,0
785456,1,32,1696,54,0,23,60471.19,147042,184,77,0,0
785565,1,32,1694,54,0,23,60471.19,147042,184,77,0,0
785689,1,32,1725,54,0,23,60471.19,147042,184,77,0,0
785805,1,32,1694,54,0,23,60471.19,147042,184,77,0,0
785915,1,32,1693,54,0,23,60471.19,147042,184,77,0,0
785983,1,32,1693,54,0,23,60472.23,147042,184,77,0,0
786140,1,32,1691,54,0,23,60472.23,147042,184,77,0,0
786265,1,32,1692,54,0,23,60472.23,147042,184,77,0,0
786382,1,32,1693,54,0,23,60472.23,147042,184,77,0,0
786483,1,32,1693,54,0,23,60472.23,147042,184,77,0,0
786583,1,32,1693,54,0,23,60472.23,147042,184,77,0,0
786715,1,32,1693,54,0,23,60472.23,147042,184,77,0,0
786841,1,31,1693,60,0,23,60472.23,147042,184,77,0,0
786957,1,32,1726,62,0,23,60472.23,147042,184,77,0,0
787065,1,32,1702,62,0,23,60472.23,147042,184,77,0,0
787189,1,32,1687,63,0,23,60473.25,147042,184,77,0,0
787305,1,31,1694,63,0,23,60473.25,147042,184,77,0,0
787415,1,32,1725,63,0,23,60473.25,147042,184,77,0,0
787483,1,32,1693,63,0,23,60473.25,147042,184,77,0,0
787640,1,32,1690,63,0,23,60473.25,147042,184,77,0,0
787765,1,31,1722,63,0,23,60473.25,147042,184,77,0,0
787883,1,32,1719,63,0,23,60473.25,147042,184,77,0,0
787983,1,32,1714,63,0,23,60473.25,147042,184,77,0,0
788083,1,32,1746,61,0,23,60474.26,147042,184,77,0,0
788215,1,32,1712,60,0,23,60474.26,147042,184,77,0,0
788342,1,33,1704,56,0,23,60474.26,147042,184,77,0,0
788456,1,32,1699,55,0,23,60474.26,147042,184,77,0,0
788571,1,32,1704,55,0,23,60474.26,147042,184,77,0,0
788689,1,32,1697,55,0,23,60474.26,147042,184,77,0,0
788805,1,32,1698,55,0,23,60474.26,147042,184,77,0,0
788915,1,32,1702,55,0,23,60474.26,147042,184,77,0,0
788983,1,32,1706,55,0,23,60474.26,147042,184,77,0,0
789140,1,32,1709,55,0,23,60475.29,147042,184,77,0,0
789265,1,32,1710,55,0,23,60475.29,147042,184,77,0,0
789383,1,32,1707,55,0,23,60475.29,147042,184,77,0,0
789483,1,32,1707,56,0,23,60475.29,147042,184,77,0,0
789583,1,32,1706,56,0,23,60475.29,147042,184,77,0,0
789733,1,32,1705,56,0,23,60475.29,147042,184,77,0,0
789842,1,32,1710,56,0,23,60475.29,147042,184,77,0,0
789942,1,32,1712,56,0,23,60475.29,147042,184,77,0,0
790065,1,32,1713,56,0,23,60475.29,147042,184,77,0,0
790189,1,32,1714,56,0,23,60476.29,147042,184,77,0,0
790305,1,32,1715,56,0,23,60476.29,147042,184,77,0,0
790416,1,32,1715,56,0,23,60476.29,147042,184,77,0,0
790484,1,32,1715,56,0,23,60476.29,147042,184,77,0,0
790640,1,32,1715,56,0,23,60476.29,147042,184,77,0,0
790765,1,32,1714,56,0,23,60476.29,147042,184,77,0,0
790883,1,32,1714,56,0,23,60476.29,147042,184,77,0,0
790984,1,32,1715,56,0,23,60476.29,147042,184,77,0,0
791083,1,32,1746,61,0,23,60477.32,147042,184,77,0,0
791233,1,33,1717,63,0,23,60477.32,147042,184,77,0,0
791342,1,32,1723,66,0,23,60477.32,147042,184,77,0,0
791442,1,32,1700,67,0,23,60477.32,147042,184,77,0,0
791565,1,32,1735,67,0,23,60477.32,147042,184,77,0,0
791689,1,33,1745,69,0,23,60477.32,147042,184,77,0,0
791805,1,32,1743,69,0,23,60477.32,147042,184,77,0,0
791915,1,33,1746,69,0,23,60477.32,147042,184,77,0,0
792040,1,33,1753,69,0,23,60478.34,147042,184,77,0,0
792140,1,33,1756,69,0,23,60478.34,147042,184,77,0,0
792266,1,33,1759,69,0,23,60478.34,147042,184,77,0,0
792383,1,33,1760,69,0,23,60478.34,147042,184,77,0,0
792483,1,33,1790,69,0,23,60478.34,147042,181,77,0,0
792583,1,33,1788,69,0,23,60478.34,147042,181,77,0,0
792733,1,33,1787,69,0,23,60478.34,147042,181,77,0,0
792842,1,33,1784,68,0,23,60478.34,147042,181,77,0,0
792942,1,33,1784,68,0,23,60479.39,147042,181,77,0,0
793065,1,33,1784,67,0,23,60479.39,147042,181,77,0,0
793190,1,33,1818,67,0,23,60479.39,147042,181,77,0,0
793305,1,33,1820,67,0,23,60479.39,147042,181,77,0,0
793415,1,34,1823,66,0,23,60479.39,147042,181,77,0,0
793465,1,34,1823,66,0,23,60479.39,147042,181,77,0,0
793640,1,34,1794,66,0,23,60479.39,147042,181,77,0,0
793765,1,34,1794,66,0,23,60479.39,147042,181,77,0,0
793868,1,34,1827,66,0,23,60480.45,147042,181,77,0,0
793983,1,34,1826,66,0,23,60480.45,147042,181,77,0,0
794083,1,34,1825,65,0,23,60480.45,147042,181,77,0,0
794215,1,34,1826,65,0,23,60480.45,147042,181,77,0,0
794342,1,34,1825,65,0,23,60480.45,147042,181,77,0,0
794454,1,35,1825,64,0,23,60480.45,147042,181,77,0,0
794567,1,34,1825,55,0,23,60480.45,147042,181,77,0,0
794689,1,34,1832,48,0,23,60481.45,147042,181,77,0,0
794783,1,34,1853,47,0,23,60481.45,147042,181,77,0,0
794915,1,35,1842,46,0,23,60481.45,147042,181,77,0,0
795033,1,34,1839,46,0,23,60481.45,147042,181,77,0,0
795141,1,34,1843,44,0,23,60481.45,147042,181,77,0,0
795265,1,34,1848,43,0,23,60481.45,147042,181,77,0,0
795368,1,34,1848,43,0,23,60481.45,147042,181,77,0,0
795484,1,34,1843,43,0,23,60481.45,147042,181,77,0,0
795586,1,34,1843,43,0,23,60481.45,147042,181,77,0,0
795720,1,34,1812,42,0,23,60482.47,147042,181,77,0,0
795841,1,34,1812,38,0,23,60482.47,147042,181,77,0,0
795942,1,34,1846,32,0,23,60482.47,147042,181,77,0,0
796065,1,34,1811,22,0,23,60482.47,147042,181,77,0,0
796183,1,34,1835,19,0,23,60482.47,147042,181,77,0,0
796284,1,34,1820,18,0,23,60482.47,147042,181,77,0,0
796415,1,34,1817,15,0,23,60482.47,147042,181,77,0,0
796483,1,34,1785,15,0,23,60482.47,147042,181,77,0,0
796641,1,33,1782,15,0,23,60482.47,147042,181,77,0,0
796740,1,33,1779,13,0,23,60482.47,147042,181,77,0,0
796868,1,33,1779,13,0,23,60482.47,147042,181,77,0,0
796965,1,33,1745,13,0,23,60482.47,147042,181,77,0,0
797084,1,33,1735,13,0,23,60482.47,147042,181,77,0,0
797215,1,33,1736,13,0,23,60482.47,147042,181,77,0,0
797333,1,32,1737,13,0,23,60483.48,147042,181,77,0,0
797454,1,33,1735,13,0,23,60483.48,147042,181,77,0,0
797566,1,33,1736,13,0,23,60483.48,147042,181,77,0,0
797684,1,33,1704,13,0,23,60483.48,147042,181,77,0,0
797784,1,32,1704,13,0,23,60483.48,147042,181,77,0,0
797915,1,32,1672,13,0,23,60483.48,147042,181,77,0,0
798015,1,32,1673,13,0,23,60483.48,147042,181,77,0,0
798140,1,32,1705,13,0,23,60483.48,147042,181,77,0,0
798265,1,32,1706,13,0,23,60483.48,147042,181,77,0,0
798368,1,32,1674,13,0,23,60483.48,147042,181,77,0,0
798483,1,32,1640,13,0,23,60483.48,147042,181,77,0,0
798584,1,31,1638,13,0,23,60483.48,147042,181,77,0,0
798715,1,31,1638,13,0,23,60483.48,147042,181,77,0,0
798842,1,31,1638,13,0,23,60483.48,147042,181,77,0,0
798942,1,31,1638,13,0,23,60483.48,147042,181,77,0,0
799065,1,31,1637,13,0,23,60483.48,147042,181,77,0,0
799183,1,31,1634,13,0,23,60483.48,147042,181,77,0,0
799284,1,30,1635,13,0,23,60484.50,147042,181,77,0,0
799415,1,30,1602,13,0,23,60484.50,147042,181,77,0,0
799484,1,31,1601,13,0,23,60484.50,147042,181,77,0,0
799640,1,30,1629,13,0,23,60484.50,147042,181,77,0,0
799740,1,30,1597,13,0,23,60484.50,147042,181,77,0,0
799868,1,30,1597,13,0,23,60484.50,147042,181,77,0,0
799984,1,30,1597,13,0,23,60484.50,147042,181,77,0,0
800083,1,30,1597,13,0,23,60484.50,147042,181,77,0,0
800216,1,30,1568,13,0,23,60484.50,147042,181,77,0,0
800334,1,29,1598,13,0,23,60484.50,147042,181,77,0,0
800442,1,29,1598,13,0,23,60484.50,147042,181,77,0,0
800565,1,29,1566,13,0,23,60484.50,147042,181,77,0,0
800665,1,29,1566,12,0,23,60484.50,147042,181,77,0,0
800784,1,29,1564,12,0,23,60484.50,147042,181,77,0,0
800915,1,29,1530,12,0,23,60484.50,147042,181,77,0,0
801025,1,29,1562,12,0,23,60484.50,147042,181,77,0,0
801140,1,29,1531,12,0,23,60484.50,147042,181,77,0,0
801243,1,29,1532,12,0,23,60484.50,147042,181,77,0,0
801368,1,28,1530,12,0,23,60484.50,147042,181,77,0,0
801483,1,28,1530,12,0,23,60485.50,147042,181,77,0,0
801584,1,28,1530,12,0,23,60485.50,147042,181,77,0,0
801715,1,28,1530,14,0,23,60485.50,147042,181,77,0,0
801815,1,28,1530,20,0,23,60485.50,147042,181,77,0,0
801943,1,28,1532,33,0,23,60485.50,147042,181,77,0,0
802065,1,29,1509,38,0,23,60485.50,147042,181,77,0,0
802165,1,28,1526,34,0,23,60485.50,147042,181,77,0,0
802286,1,28,1486,28,0,23,60485.50,147042,181,77,0,0
802384,1,28,1475,24,0,23,60485.50,147042,181,77,0,0
802484,1,28,1493,14,0,23,60485.50,147042,181,77,0,0
802640,1,28,1474,0,0,23,60485.50,147042,181,77,0,0
802741,1,28,1495,0,0,23,60485.50,147042,181,77,0,0
802868,1,28,1453,0,0,23,60485.50,147042,181,77,0,0
802984,1,27,1444,0,0,23,60485.50,147042,181,77,0,0
803083,1,27,1412,0,0,23,60485.50,147042,181,77,0,0
803214,1,27,1411,0,0,23,60485.50,147042,181,77,0,0
803333,1,28,1443,0,0,23,60485.50,147042,181,77,0,0
803442,1,27,1441,0,0,23,60485.50,147042,181,77,0,0
803564,1,27,1409,0,0,23,60485.50,147042,181,77,0,0
803665,1,27,1408,0,0,23,60485.50,147042,181,77,0,0
803784,1,27,1438,0,0,23,60486.52,147042,181,77,0,0
803884,1,26,1437,0,0,23,60486.52,147042,181,77,0,0
803965,1,27,1469,0,0,23,60486.52,147042,181,77,0,0
804133,1,26,1404,0,0,23,60486.52,147042,181,77,0,0
804241,1,26,1403,0,0,23,60486.52,147042,181,77,0,0
804367,1,26,1370,0,0,23,60486.52,147042,181,77,0,0
804483,1,26,1369,0,0,23,60486.52,147042,181,77,0,0
804584,1,25,1370,0,0,23,60486.52,147042,181,77,0,0
804715,1,25,1369,1,0,23,60486.52,147042,181,77,0,0
804815,1,25,1369,4,0,23,60486.52,147042,181,77,0,0
804965,1,25,1369,6,0,23,60486.52,147042,181,77,0,0
805134,1,25,1347,7,0,23,60486.52,147042,181,77,0,0
805241,1,25,1350,7,0,23,60486.52,147042,181,77,0,0
805367,1,25,1319,7,0,23,60486.52,147042,181,77,0,0
805465,1,24,1287,7,0,23,60486.52,147042,181,77,0,0
805584,1,24,1286,11,0,23,60486.52,147042,181,77,0,0
805714,1,24,1324,48,0,23,60486.52,147042,181,77,0,0
805815,1,25,1404,49,0,23,60486.52,147042,181,77,0,0
805945,1,24,1294,49,0,23,60486.52,147042,181,77,0,0
806055,1,24,1303,49,0,23,60486.52,147042,181,77,0,0
806165,1,24,1311,49,0,23,60486.52,147042,181,77,0,0
806285,1,24,1296,50,0,23,60486.52,147042,181,77,0,0
806384,1,24,1327,50,0,23,60487.55,147042,181,77,0,0
806487,1,25,1296,50,0,23,60487.55,147042,181,77,0,0
806634,1,25,1328,50,0,23,60487.55,147042,181,77,0,0
806742,1,24,1334,50,0,23,60487.55,147042,181,77,0,0
806868,1,25,1369,50,0,23,60487.55,147042,181,77,0,0
806984,1,25,1372,49,0,23,60487.55,147042,181,77,0,0
807084,1,25,1372,49,0,23,60487.55,147042,181,77,0,0
807215,1,25,1373,49,0,23,60487.55,147042,181,77,0,0
807315,1,25,1373,48,0,23,60487.55,147042,181,77,0,0
807445,1,26,1341,47,0,23,60487.55,147042,181,77,0,0
807559,1,25,1373,44,0,23,60487.55,147042,181,77,0,0
807665,1,26,1369,43,0,23,60487.55,147042,181,77,0,0
807784,1,25,1369,43,0,23,60488.55,147042,181,77,0,0
807884,1,25,1399,43,0,23,60488.55,147042,181,77,0,0
808020,1,26,1400,37,0,23,60488.55,147042,181,77,0,0
808120,1,26,1401,29,0,23,60488.55,147042,181,77,0,0
808241,1,26,1399,23,0,23,60488.55,147042,181,77,0,0
808367,1,26,1387,23,0,23,60488.55,147042,181,77,0,0
808465,1,26,1400,23,0,23,60488.55,147042,181,77,0,0
808584,1,26,1388,23,0,23,60488.55,147042,181,77,0,0
808690,1,26,1389,17,0,23,60488.55,147042,181,77,0,0
808815,1,26,1388,7,0,23,60488.55,147042,181,77,0,0
808942,1,26,1379,3,0,23,60488.55,147042,181,77,0,0
809054,1,26,1405,3,0,23,60488.55,147042,181,77,0,0
809165,1,26,1399,3,0,23,60488.55,147042,181,77,0,0
809287,1,26,1383,3,0,23,60488.55,147042,181,77,0,0
809404,1,26,1346,2,0,23,60488.55,147042,181,77,0,0
809466,1,26,1346,2,0,23,60488.55,147042,181,77,0,0
809637,1,26,1345,2,0,23,60489.56,147042,181,77,0,0
809745,1,26,1344,2,0,23,60489.56,147042,181,77,0,0
809867,1,25,1345,2,0,23,60489.56,147042,181,77,0,0
809965,1,25,1345,5,0,23,60489.56,147042,181,77,0,0
810086,1,25,1345,14,0,23,60489.56,147042,181,77,0,0
810187,1,25,1365,16,0,23,60489.56,147042,181,77,0,0
810314,1,26,1404,27,0,23,60489.56,147042,181,77,0,0
810444,1,25,1320,28,0,23,60489.56,147042,181,77,0,0
810554,1,25,1371,38,0,23,60489.56,147042,181,77,0,0
810665,1,25,1372,47,0,23,60489.56,147042,181,77,0,0
810784,1,25,1369,47,0,23,60489.56,147042,181,77,0,0
810884,1,26,1345,47,0,23,60489.56,147042,181,77,0,0
810966,1,25,1313,47,0,23,60489.56,147042,181,77,0,0
811134,1,25,1367,48,0,23,60489.56,147042,181,77,0,0
811242,1,25,1366,50,0,23,60489.56,147042,181,77,0,0
811367,1,25,1365,51,0,23,60489.56,147042,181,77,0,0
811466,1,25,1365,51,0,23,60490.57,147042,181,77,0,0
811586,1,25,1378,51,0,23,60490.57,147042,181,77,0,0
811714,1,26,1348,61,0,23,60490.57,147042,181,77,0,0
811814,1,26,1387,61,0,23,60490.57,147042,181,77,0,0
811943,1,26,1401,61,0,23,60490.57,147042,181,77,0,0
812054,1,26,1413,61,0,23,60490.57,147042,181,77,0,0
812164,1,26,1380,61,0,23,60490.57,147042,181,77,0,0
812287,1,26,1380,59,0,23,60490.57,147042,181,77,0,0
812387,1,26,1410,53,0,23,60490.57,147042,181,77,0,0
812488,1,27,1436,52,0,23,60490.57,147042,181,77,0,0
812634,1,26,1421,50,0,23,60491.60,147042,181,77,0,0
812742,1,27,1420,50,0,23,60491.60,147042,181,77,0,0
812867,1,27,1449,49,0,23,60491.60,147042,181,77,0,0
812964,1,27,1448,49,0,23,60491.60,147042,181,77,0,0
813085,1,27,1443,49,0,23,60491.60,147042,181,77,0,0
813214,1,27,1446,49,0,23,60491.60,147042,181,77,0,0
813314,1,27,1450,49,0,23,60491.60,147042,181,77,0,0
813442,1,27,1452,53,0,23,60491.60,147042,181,77,0,0
813555,1,27,1485,58,0,23,60491.60,147042,181,77,0,0
813664,1,27,1489,59,0,23,60491.60,147042,181,77,0,0
813784,1,28,1480,59,0,23,60492.61,147042,181,77,0,0
813888,1,28,1482,60,0,23,60492.61,147042,181,77,0,0
813984,1,28,1480,60,0,23,60492.61,147042,181,77,0,0
814134,1,28,1509,76,0,23,60492.61,147042,181,77,0,0
814246,1,28,1541,84,0,23,60492.61,147042,181,77,0,0
814367,1,28,1529,84,0,23,60492.61,147042,181,77,0,0
814464,1,29,1543,84,0,23,60492.61,147042,181,77,0,0
814587,1,29,1554,84,0,23,60492.61,147042,181,77,0,0
814714,1,29,1585,84,0,23,60493.62,147042,181,77,0,0
814814,1,29,1585,84,0,23,60493.62,147042,181,77,0,0
814943,1,30,1617,84,0,23,60493.62,147042,181,77,0,0
814984,1,30,1616,84,0,23,60493.62,147042,181,77,0,0
815164,1,31,1645,85,0,23,60493.62,147042,181,77,0,0
815287,1,31,1674,85,0,23,60493.62,147042,181,77,0,0
815387,1,31,1706,80,0,23,60493.62,147042,181,77,0,0
815486,1,32,1709,73,0,23,60494.68,147042,181,77,0,0
815634,1,32,1724,72,0,23,60494.68,147042,181,77,0,0
815742,1,32,1718,70,0,23,60494.68,147042,181,77,0,0
815867,1,32,1743,42,0,23,60494.68,147042,181,77,0,0
815964,1,33,1648,0,0,23,60494.68,147042,181,77,0,0
816087,1,33,1606,0,0,23,60494.68,147042,181,77,0,0
816214,1,33,1512,0,0,23,60494.68,147042,181,77,0,0
816314,1,33,1476,0,0,23,60494.68,147042,181,77,0,0
816442,1,33,1410,0,0,23,60494.68,147042,181,77,0,0
816554,1,32,1344,1,0,23,60494.68,147042,181,77,0,0
816664,1,32,1375,21,0,23,60494.68,147042,181,77,0,0
816787,1,32,1269,50,0,23,60494.68,147042,181,77,0,0
816887,1,32,1345,81,0,23,60494.68,147042,181,77,0,0
816987,1,33,1330,98,0,23,60495.73,147042,181,77,0,0
817137,1,33,1323,101,0,23,60495.73,147042,181,77,0,0
817242,1,33,1332,101,0,23,60495.73,147042,181,77,0,0
817343,1,33,1335,101,0,23,60495.73,147042,181,77,0,0
817464,1,33,1373,104,0,23,60495.73,147042,181,77,0,0
817587,1,34,1348,104,0,23,60495.73,147042,181,77,0,0
817687,1,34,1384,104,0,23,60495.73,147042,181,77,0,0
817814,1,34,1387,104,0,23,60496.75,147042,181,77,0,0
817937,1,35,1417,104,0,23,60496.75,147042,181,77,0,0
817987,1,35,1419,104,0,23,60496.75,147042,181,77,0,0
818165,1,35,1419,104,0,23,60496.75,147042,181,77,0,0
818287,1,36,1447,104,0,23,60496.75,147042,181,77,0,0
818386,1,36,1445,102,0,23,60496.75,147042,181,77,0,0
818464,1,36,1445,100,0,23,60497.76,147042,181,77,0,0
818620,1,36,1501,96,0,23,60497.76,147042,181,77,0,0
818745,1,37,1502,96,0,23,60497.76,147042,181,77,0,0
818843,1,37,1501,93,0,23,60497.76,147042,181,77,0,0
818964,1,37,1496,91,0,23,60497.76,147042,181,77,0,0
819087,1,38,1515,89,0,23,60497.76,147042,181,77,0,0
819187,1,38,1505,86,0,23,60498.79,147042,181,77,0,0
819314,1,38,1528,81,0,23,60498.79,147042,181,77,0,0
819439,1,38,1552,80,0,23,60498.79,147042,181,77,0,0
819554,1,39,1547,68,0,23,60498.79,147042,181,77,0,0
819664,1,38,1515,67,0,23,60498.79,147042,181,77,0,0
819764,1,38,1565,64,0,23,60498.79,147042,181,77,0,0
819887,1,39,1581,63,0,23,60498.79,147042,181,77,0,0
819986,1,39,1546,62,0,23,60498.79,147042,181,77,0,0
820120,1,39,1545,55,0,23,60498.79,147042,181,77,0,0
820245,1,39,1544,51,0,23,60499.82,147042,181,77,0,0
820342,1,39,1542,50,0,23,60499.82,147042,181,77,0,0
820464,1,40,1585,49,0,23,60499.82,147042,181,77,0,0
820587,1,40,1568,49,0,23,60499.82,147042,181,77,0,0
820687,1,40,1569,48,0,23,60499.82,147042,181,78,0,0
820814,1,39,1539,39,0,23,60499.82,147042,181,78,0,0
820937,1,39,1597,39,0,23,60499.82,147042,181,78,0,0
821053,1,40,1588,38,0,23,60499.82,147042,181,78,0,0
821164,1,40,1582,35,0,23,60499.82,147042,181,78,0,0
821264,1,40,1586,35,0,23,60499.82,147042,181,78,0,0
821387,1,39,1582,33,0,23,60499.82,147042,181,78,0,0
821464,1,40,1582,33,0,23,60499.82,147042,181,78,0,0
821620,1,40,1610,33,0,23,60500.85,147042,181,78,0,0
821744,1,40,1576,32,0,23,60500.85,147042,181,78,0,0
821842,1,40,1574,32,0,23,60500.85,147042,181,78,0,0
821964,1,40,1572,29,0,23,60500.85,147042,181,78,0,0
822086,1,40,1597,22,0,23,60500.85,147042,181,78,0,0
822187,1,40,1583,22,0,23,60500.85,147042,181,78,0,0
822314,1,40,1577,15,0,23,60500.85,147042,181,78,0,0
822414,1,40,1577,11,0,23,60500.85,147042,181,78,0,0
822550,1,40,1577,11,0,23,60500.85,147042,178,78,0,0
822664,1,40,1594,9,0,23,60500.85,147042,178,78,0,0
822786,1,40,1587,7,0,23,60500.85,147042,178,78,0,0
822886,1,39,1586,7,0,23,60500.85,147042,178,78,0,0
822987,1,39,1554,3,0,23,60500.85,147042,178,78,0,0
823142,1,39,1552,1,0,23,60500.85,147042,178,78,0,0
823245,1,39,1546,1,0,23,60500.85,147042,178,78,0,0
823367,1,39,1545,1,0,23,60500.85,147042,178,78,0,0
823487,1,39,1541,1,0,23,60501.85,147042,178,78,0,0
823587,1,39,1541,1,0,23,60501.85,147042,178,78,0,0
823714,1,39,1540,0,0,23,60501.85,147042,178,78,0,0
823837,1,39,1539,0,0,23,60501.85,147042,178,78,0,0
823942,1,39,1539,0,0,23,60501.85,147042,178,78,0,0
824064,1,38,1505,0,0,23,60501.85,147042,178,78,0,0
824164,1,38,1505,0,0,23,60501.85,147042,178,78,0,0
824288,1,38,1535,0,0,23,60501.85,147042,178,78,0,0
824387,1,38,1535,0,0,23,60501.85,147042,178,78,0,0
824523,1,38,1522,0,0,23,60501.85,147042,178,78,0,0
824636,1,38,1508,0,0,23,60501.85,147042,178,78,0,0
824745,1,38,1521,0,0,23,60501.85,147042,178,78,0,0
824867,1,38,1534,0,0,23,60501.85,147042,178,78,0,0
824964,1,38,1496,0,0,23,60501.85,147042,178,78,0,0
825087,1,38,1483,2,0,23,60501.85,147042,178,78,0,0
825214,1,37,1523,18,0,23,60501.85,147042,178,78,0,0
825314,1,37,1513,25,0,23,60501.85,147042,178,78,0,0
825439,1,37,1525,25,0,23,60501.85,147042,178,78,0,0
825554,1,37,1444,25,0,23,60501.85,147042,178,78,0,0
825664,1,37,1462,25,0,23,60501.85,147042,178,78,0,0
825764,1,36,1465,26,0,23,60501.85,147042,178,78,0,0
825886,1,37,1493,26,0,23,60501.85,147042,178,78,0,0
825986,1,37,1494,26,0,23,60501.85,147042,178,78,0,0
826120,1,37,1462,26,0,23,60501.85,147042,178,78,0,0
826245,1,37,1465,22,0,23,60501.85,147042,178,78,0,0
826342,1,37,1466,15,0,23,60502.86,147042,178,78,0,0
826464,1,37,1465,7,0,23,60502.86,147042,178,78,0,0
826586,1,37,1465,3,0,23,60502.86,147042,178,78,0,0
826687,1,36,1452,1,0,23,60502.86,147042,178,78,0,0
826814,1,36,1448,0,0,23,60502.86,147042,178,78,0,0
826934,1,36,1446,0,0,23,60502.86,147042,178,78,0,0
826986,1,37,1477,0,0,23,60502.86,147042,178,78,0,0
827164,1,36,1445,0,0,23,60502.86,147042,178,78,0,0
827264,1,36,1444,0,0,23,60502.86,147042,178,78,0,0
827386,1,36,1443,0,0,23,60502.86,147042,178,78,0,0
827486,1,36,1442,0,0,23,60502.86,147042,178,78,0,0
827619,1,36,1442,0,0,23,60502.86,147042,178,78,0,0
827736,1,36,1441,0,0,23,60502.86,147042,178,78,0,0
827842,1,36,1409,0,0,23,60502.86,147042,178,78,0,0
827964,1,36,1441,0,0,23,60502.86,147042,178,78,0,0
828064,1,36,1409,0,0,23,60502.86,147042,178,78,0,0
828187,1,36,1408,0,0,23,60502.86,147042,178,78,0,0
828305,1,36,1439,0,0,23,60502.86,147042,178,78,0,0
828414,1,36,1439,0,0,23,60502.86,147042,178,78,0,0
828465,1,36,1439,0,0,23,60502.86,147042,178,78,0,0
828642,1,35,1407,0,0,23,60502.86,147042,178,78,0,0
828764,1,35,1437,0,0,23,60502.86,147042,178,78,0,0
828886,1,35,1404,0,0,23,60502.86,147042,178,78,0,0
828964,1,35,1436,9,0,23,60502.86,147042,178,78,0,0
829086,1,35,1378,19,0,23,60502.86,147042,178,78,0,0
829214,1,35,1395,25,0,23,60502.86,147042,178,78,0,0
829342,1,35,1414,27,0,23,60503.87,147042,178,78,0,0
829453,1,35,1389,28,0,23,60503.87,147042,178,78,0,0
829565,1,35,1393,30,0,23,60503.87,147042,178,78,0,0
829687,1,35,1432,31,0,23,60503.87,147042,178,78,0,0
829803,1,35,1435,32,0,23,60503.87,147042,178,78,0,0
829914,1,35,1439,32,0,23,60503.87,147042,178,78,0,0
830032,1,35,1407,31,0,23,60503.87,147042,178,78,0,0
830143,1,35,1376,23,0,23,60503.87,147042,178,78,0,0
830264,1,35,1408,22,0,23,60503.87,147042,178,78,0,0
830367,1,35,1397,22,0,23,60503.87,147042,178,78,0,0
830487,1,35,1418,22,0,23,60503.87,147042,178,78,0,0
830586,1,35,1415,22,0,23,60503.87,147042,178,78,0,0
830714,1,35,1382,22,0,23,60503.87,147042,178,78,0,0
830842,1,35,1414,22,0,23,60503.87,147042,178,78,0,0
830942,1,35,1415,22,0,23,60503.87,147042,178,78,0,0
831063,1,35,1387,21,0,23,60503.87,147042,178,78,0,0
831186,1,35,1386,21,0,23,60504.89,147042,178,78,0,0
831286,1,35,1386,15,0,23,60504.89,147042,178,78,0,0
831413,1,35,1382,2,0,23,60504.89,147042,178,78,0,0
831486,1,35,1399,2,0,23,60504.89,147042,178,78,0,0
831642,1,35,1355,0,0,23,60504.89,147042,178,78,0,0
831744,1,35,1348,0,0,23,60504.89,147042,178,78,0,0
831867,1,35,1378,0,0,23,60504.89,147042,178,78,0,0
831986,1,35,1438,0,0,23,60504.89,147042,178,78,0,0
832086,1,35,1405,0,0,23,60504.89,147042,178,78,0,0
832214,1,35,1372,0,0,23,60504.89,147042,178,78,0,0
832336,1,34,1404,0,0,23,60504.89,147042,178,78,0,0
832453,1,34,1372,0,0,23,60504.89,147042,178,78,0,0
832568,1,34,1372,0,0,23,60504.89,147042,178,78,0,0
832684,1,34,1370,0,0,23,60504.89,147042,178,78,0,0
832786,1,34,1400,0,0,23,60504.89,147042,178,78,0,0
832886,1,34,1401,0,0,23,60504.89,147042,178,78,0,0
832986,1,34,1368,0,0,23,60504.89,147042,178,78,0,0
833142,1,34,1368,0,0,23,60504.89,147042,178,78,0,0
833245,1,34,1336,0,0,23,60504.89,147042,178,78,0,0
833366,1,33,1368,0,0,23,60504.89,147042,178,78,0,0
833486,1,34,1367,0,0,23,60504.89,147042,178,78,0,0
833588,1,34,1367,0,0,23,60504.89,147042,178,78,0,0
833713,1,33,1336,0,0,23,60504.89,147042,178,78,0,0
833814,1,33,1304,0,0,23,60504.89,147042,178,78,0,0
833942,1,32,1272,0,0,23,60504.89,147042,178,78,0,0
834054,1,32,1304,0,0,23,60504.89,147042,178,78,0,0
834164,1,32,1304,0,0,23,60504.89,147042,178,78,0,0
834286,1,32,1303,0,0,23,60504.89,147042,178,78,0,0
834386,1,32,1303,0,0,23,60505.90,147042,178,78,0,0
834465,1,32,1303,9,0,23,60505.90,147042,178,78,0,0
834636,1,32,1309,34,0,23,60505.90,147042,178,78,0,0
834744,1,32,1329,45,0,23,60505.90,147042,178,78,0,0
834842,1,33,1296,50,0,23,60505.90,147042,178,78,0,0
834964,1,32,1301,50,0,23,60505.90,147042,178,78,0,0
835086,1,33,1312,56,0,23,60505.90,147042,178,78,0,0
835186,1,33,1313,57,0,23,60505.90,147042,178,78,0,0
835314,1,33,1286,57,0,23,60505.90,147042,178,78,0,0
835414,1,33,1318,57,0,23,60505.90,147042,178,78,0,0
835554,1,33,1320,57,0,23,60505.90,147042,178,78,0,0
835664,1,33,1316,58,0,23,60505.90,147042,178,78,0,0
835764,1,33,1316,58,0,23,60505.90,147042,178,78,0,0
835886,1,33,1352,58,0,23,60506.90,147042,178,78,0,0
835986,1,34,1319,53,0,23,60506.90,147042,178,78,0,0
836119,1,34,1348,39,0,23,60506.90,147042,178,78,0,0
836244,1,33,1357,36,0,23,60506.90,147042,178,78,0,0
836342,1,34,1343,32,0,23,60506.90,147042,178,78,0,0
836464,1,34,1375,32,0,23,60506.90,147042,178,78,0,0
836585,1,34,1370,32,0,23,60506.90,147042,178,78,0,0
836687,1,34,1371,32,0,23,60506.90,147042,178,78,0,0
836816,1,34,1372,32,0,23,60506.90,147042,178,78,0,0
836936,1,34,1373,32,0,23,60506.90,147042,178,78,0,0
837053,1,34,1373,32,0,23,60506.90,147042,178,78,0,0
837163,1,34,1374,15,0,23,60506.90,147042,178,78,0,0
837263,1,34,1374,12,0,23,60506.90,147042,178,78,0,0
837386,1,34,1372,6,0,23,60506.90,147042,178,78,0,0
837486,1,34,1358,0,0,23,60506.90,147042,178,78,0,0
837619,1,34,1315,0,0,23,60507.91,147042,178,78,0,0
837744,1,34,1341,0,0,23,60507.91,147042,178,78,0,0
837842,1,34,1372,0,0,23,60507.91,147042,178,78,0,0
837963,1,33,1371,0,0,23,60507.91,147042,178,78,0,0
838086,1,33,1336,0,0,23,60507.91,147042,178,78,0,0
838186,1,33,1368,0,0,23,60507.91,147042,178,78,0,0
838315,1,33,1336,0,0,23,60507.91,147042,178,78,0,0
838413,1,33,1336,0,0,23,60507.91,147042,178,78,0,0
838542,1,33,1334,0,0,23,60507.91,147042,178,78,0,0
838642,1,33,1334,0,2,23,60507.91,147042,178,78,0,0
838763,1,33,1333,0,6,23,60507.91,147042,178,78,0,0
838886,1,33,1303,0,8,23,60507.91,147042,178,78,0,0
838963,1,33,1271,0,14,23,60507.91,147042,178,78,0,0
839119,1,33,1206,0,8,23,60507.91,147042,178,78,0,0
839236,1,32,1174,0,8,23,60507.91,147042,178,78,0,0
839342,1,33,1172,0,12,23,60507.91,147042,178,78,0,0
839463,1,33,1172,0,22,23,60507.91,147042,178,78,0,0
839564,1,32,1139,0,20,23,60507.91,147042,178,78,0,0
839693,1,32,1139,0,22,23,60507.91,147042,178,78,0,0
839814,1,32,1139,0,22,23,60507.91,147042,178,78,0,0
839913,1,32,1108,0,22,23,60507.91,147042,178,78,0,0
840042,1,32,1142,0,22,23,60507.91,147042,178,78,0,0
840142,1,32,1143,0,22,23,60507.91,147042,178,78,0,0
840263,1,32,1175,0,18,23,60507.91,147042,178,78,0,0
840386,1,31,1299,0,20,23,60507.91,147042,178,78,0,0
840463,1,31,1363,0,20,23,60507.91,147042,178,78,0,0
840619,1,31,1585,0,20,23,60507.91,147042,178,78,0,0
840713,1,30,1654,0,20,23,60507.91,147042,178,78,0,0
840842,1,30,1533,0,2,23,60507.91,147042,178,78,0,0
840963,1,29,1592,0,0,23,60507.91,147042,178,78,0,0
841063,1,29,1554,0,0,23,60507.91,147042,178,78,0,0
841186,1,29,1540,0,0,23,60507.91,147042,178,78,0,0
841303,1,29,1539,0,0,23,60507.91,147042,178,78,0,0
841414,1,29,1539,0,0,23,60508.92,147042,178,78,0,0
841486,1,29,1538,0,0,23,60508.92,147042,178,78,0,0
841642,1,29,1537,18,0,23,60508.92,147042,178,78,0,0
841763,1,29,1543,20,0,23,60508.92,147042,178,78,0,0
841866,1,29,1594,22,0,23,60508.92,147042,178,78,0,0
841963,1,29,1576,27,0,23,60508.92,147042,178,78,0,0
842086,1,29,1551,32,0,23,60508.92,147042,178,78,0,0
842213,1,29,1562,43,0,23,60508.92,147042,178,78,0,0
842342,1,29,1540,53,0,23,60508.92,147042,178,78,0,0
842453,1,29,1587,56,0,23,60508.92,147042,178,78,0,0
842563,1,29,1588,56,0,23,60508.92,147042,178,78,0,0
842684,1,29,1541,57,0,23,60508.92,147042,178,78,0,0
842786,1,29,1599,58,0,23,60508.92,147042,178,78,0,0
842886,1,30,1629,65,0,23,60508.92,147042,178,78,0,0
843024,1,30,1576,68,0,23,60509.92,147042,178,78,0,0
843141,1,30,1602,68,0,23,60509.92,147042,178,78,0,0
843244,1,30,1601,70,0,23,60509.92,147042,178,78,0,0
843366,1,30,1633,70,0,23,60509.92,147042,178,78,0,0
843486,1,30,1640,70,0,23,60509.92,147042,178,78,0,0
843586,1,31,1679,70,0,23,60509.92,147042,178,78,0,0
843713,1,31,1681,70,0,23,60509.92,147042,178,78,0,0
843813,1,31,1684,70,0,23,60509.92,147042,178,78,0,0
843942,1,32,1716,70,0,23,60510.94,147042,178,78,0,0
844053,1,32,1748,70,0,23,60510.94,147042,178,78,0,0
844163,1,33,1748,69,0,23,60510.94,147042,178,78,0,0
844286,1,32,1740,69,0,23,60510.94,147042,178,78,0,0
844386,1,32,1738,69,0,23,60510.94,147042,178,78,0,0
844486,1,33,1776,69,0,23,60510.94,147042,178,78,0,0
844636,1,33,1781,69,0,23,60510.94,147042,178,78,0,0
844744,1,33,1816,72,0,23,60511.94,147042,178,78,0,0
844842,1,34,1852,73,0,23,60511.94,147042,178,78,0,0
844963,1,35,1868,73,0,23,60511.94,147042,178,78,0,0
845086,1,35,1854,72,0,23,60511.94,147042,178,78,0,0
845186,1,34,1860,72,0,23,60511.94,147042,178,78,0,0
845313,1,34,1829,53,0,23,60511.94,147042,178,78,0,0
845438,1,35,1822,0,0,23,60511.94,147042,178,78,0,0
845555,1,35,1812,0,0,23,60512.95,147042,178,78,0,0
845664,1,36,1756,0,0,23,60512.95,147042,178,78,0,0
845786,1,35,1536,0,0,23,60512.95,147042,178,78,0,0
845886,1,35,1502,0,0,23,60512.95,147042,178,78,0,0
845963,1,35,1502,0,0,23,60512.95,147042,178,78,0,0
846142,1,35,1461,27,0,23,60512.95,147042,178,78,0,0
846263,1,35,1415,40,0,23,60512.95,147042,178,78,0,0
846366,1,35,1410,49,0,23,60512.95,147042,178,78,0,0
846486,1,35,1437,61,0,23,60512.95,147042,178,78,0,0
846586,1,35,1439,65,0,23,60512.95,147042,178,78,0,0
846713,1,36,1453,67,0,23,60512.95,147042,178,78,0,0
846836,1,36,1449,68,0,23,60512.95,147042,178,78,0,0
846942,1,36,1448,68,0,23,60512.95,147042,178,78,0,0
847063,1,36,1467,68,0,23,60512.95,147042,178,78,0,0
847183,1,36,1457,68,0,23,60512.95,147042,178,78,0,0
847286,1,36,1489,68,0,23,60513.99,147042,178,78,0,0
847386,1,37,1490,68,0,23,60513.99,147042,178,78,0,0
847486,1,37,1484,68,0,23,60513.99,147042,178,78,0,0
847641,1,37,1480,68,0,23,60513.99,147042,178,78,0,0
847744,1,37,1510,67,0,23,60513.99,147042,178,78,0,0
847866,1,38,1482,67,0,23,60513.99,147042,178,78,0,0
847986,1,38,1515,67,0,23,60513.99,147042,178,78,0,0
848086,1,38,1518,67,0,23,60513.99,147042,178,78,0,0
848213,1,38,1519,64,0,23,60513.99,147042,178,78,0,0
848328,1,38,1553,23,0,23,60515.04,147042,178,78,0,0
848444,1,39,1516,0,0,23,60515.04,147042,178,78,0,0
848559,1,39,1559,0,0,23,60515.04,147042,178,78,0,0
848663,1,39,1540,0,0,23,60515.04,147042,178,78,0,0
848786,1,39,1506,0,0,23,60515.04,147042,178,78,0,0
848886,1,38,1506,0,0,23,60515.04,147042,178,78,0,0
848986,1,38,1539,0,0,23,60515.04,147042,178,77,0,0
849136,1,38,1539,0,0,23,60515.04,147042,178,77,0,0
849244,1,38,1508,0,0,23,60515.04,147042,178,77,0,0
849366,1,38,1508,0,0,23,60515.04,147042,178,77,0,0
849465,1,38,1508,0,0,23,60515.04,147042,178,77,0,0
849586,1,38,1508,0,0,23,60515.04,147042,178,77,0,0
849687,1,38,1492,0,0,23,60515.04,147042,178,77,0,0
849813,1,38,1512,0,0,23,60515.04,147042,178,77,0,0
849941,1,38,1521,0,0,23,60515.04,147042,178,77,0,0
850055,1,38,1521,0,0,23,60515.04,147042,178,77,0,0
850163,1,38,1521,0,0,23,60515.04,147042,178,77,0,0
850286,1,37,1473,0,0,23,60515.04,147042,178,77,0,0
850386,1,37,1522,0,0,23,60515.04,147042,178,77,0,0
850465,1,38,1490,0,0,23,60515.04,147042,178,77,0,0
850619,1,38,1473,0,0,23,60515.04,147042,178,77,0,0
850744,1,37,1472,0,0,23,60515.04,147042,178,77,0,0
850841,1,37,1503,0,0,23,60515.04,147042,178,77,0,0
850963,1,37,1503,0,0,23,60516.05,147042,178,77,0,0
851086,1,37,1503,0,0,23,60516.05,147042,178,77,0,0
851186,1,37,1503,0,0,23,60516.05,147042,178,77,0,0
851313,1,37,1503,7,0,23,60516.05,147042,178,77,0,0
851438,1,37,1503,8,0,23,60516.05,147042,178,77,0,0
851541,1,37,1476,10,0,23,60516.05,147042,178,77,0,0
851663,1,37,1481,15,0,23,60516.05,147042,178,77,0,0
851763,1,37,1484,16,0,23,60516.05,147042,178,77,0,0
851886,1,37,1464,16,0,23,60516.05,147042,178,77,0,0
851963,1,37,1464,21,0,23,60516.05,147042,178,77,0,0
852119,1,37,1478,23,0,23,60516.05,147042,178,77,0,0
852236,1,37,1485,27,0,23,60516.05,147042,178,77,0,0
852342,1,37,1485,28,0,23,60516.05,147042,178,77,0,0
852465,1,37,1490,31,0,23,60516.05,147042,181,77,0,0
852586,1,37,1501,34,0,23,60516.05,147042,181,77,0,0
852687,1,37,1447,34,0,23,60516.05,147042,181,77,0,0
852813,1,37,1450,36,0,23,60516.05,147042,181,77,0,0
852913,1,36,1483,37,0,23,60516.05,147042,181,77,0,0
852986,1,37,1450,37,0,23,60516.05,147042,181,77,0,0
853141,1,37,1449,37,0,23,60517.06,147042,181,77,0,0
853263,1,36,1450,37,0,23,60517.06,147042,181,77,0,0
853386,1,36,1448,37,0,23,60517.06,147042,181,77,0,0
853486,1,37,1481,42,0,23,60517.06,147042,181,77,0,0
853618,1,37,1453,49,0,23,60517.06,147042,181,77,0,0
853736,1,37,1469,55,0,23,60517.06,147042,181,77,0,0
853842,1,36,1478,58,0,23,60517.06,147042,181,77,0,0
853966,1,37,1487,60,0,23,60517.06,147042,181,77,0,0
854063,1,37,1500,62,0,23,60517.06,147042,181,77,0,0
854186,1,37,1514,62,0,23,60517.06,147042,181,77,0,0
854303,1,37,1521,66,0,23,60517.06,147042,181,77,0,0
854413,1,37,1531,66,0,23,60518.07,147042,181,77,0,0
854536,1,38,1475,66,0,23,60518.07,147042,181,77,0,0
854641,1,37,1530,66,0,23,60518.07,147042,181,77,0,0
854763,1,38,1495,49,0,23,60518.07,147042,181,77,0,0
854886,1,38,1491,31,0,23,60518.07,147042,181,77,0,0
854986,1,37,1510,26,0,23,60518.07,147042,181,77,0,0
855118,1,38,1483,26,0,23,60518.07,147042,181,77,0,0
855213,1,38,1512,26,0,23,60518.07,147042,181,77,0,0
855341,1,38,1518,22,0,23,60518.07,147042,181,77,0,0
855452,1,38,1491,15,0,23,60518.07,147042,181,77,0,0
855563,1,38,1494,15,0,23,60518.07,147042,181,77,0,0
855687,1,37,1506,10,0,23,60518.07,147042,181,77,0,0
855803,1,38,1502,1,0,23,60519.07,147042,181,77,0,0
855913,1,37,1496,0,0,23,60519.07,147042,181,77,0,0
855986,1,37,1481,0,0,23,60519.07,147042,181,77,0,0
856141,1,37,1447,0,0,23,60519.07,147042,181,77,0,0
856263,1,37,1446,0,0,23,60519.07,147042,181,77,0,0
856366,1,37,1477,0,0,23,60519.07,147042,181,77,0,0
856464,1,37,1445,0,0,23,60519.07,147042,181,77,0,0
856586,1,37,1443,0,0,23,60519.07,147042,181,77,0,0
856713,1,37,1442,0,0,23,60519.07,147042,181,77,0,0
856842,1,36,1441,0,0,23,60519.07,147042,181,77,0,0
856942,1,36,1441,0,0,23,60519.07,147042,181,77,0,0
857063,1,36,1440,0,0,23,60519.07,147042,181,77,0,0
857183,1,36,1471,0,8,23,60519.07,147042,181,77,0,0
857303,1,36,1470,0,14,23,60519.07,147042,181,77,0,0
857413,1,36,1437,0,14,23,60519.07,147042,181,77,0,0
857528,1,36,1437,0,16,23,60519.07,147042,181,77,0,0
857642,1,35,1437,0,12,23,60519.07,147042,181,77,0,0
857744,1,35,1404,0,24,23,60519.07,147042,181,77,0,0
857866,1,35,1436,0,24,23,60519.07,147042,181,77,0,0
857986,1,35,1403,0,34,23,60519.07,147042,181,77,0,0
858086,1,35,1370,0,36,23,60519.07,147042,181,77,0,0
858214,1,34,1369,0,36,23,60519.07,147042,181,77,0,0
858313,1,34,1338,0,42,23,60519.07,147042,181,77,0,0
858444,1,33,1338,0,46,23,60519.07,147042,181,77,0,0
858563,1,33,1305,0,50,23,60519.07,147042,181,77,0,0
858663,1,32,1304,0,50,23,60519.07,147042,181,77,0,0
858786,1,32,1271,0,52,23,60519.07,147042,181,77,0,0
858886,1,32,1238,0,50,23,60519.07,147042,181,77,0,0
858986,1,31,1205,0,54,23,60520.08,147042,181,77,0,0
859136,1,31,1171,0,54,23,60520.08,147042,181,77,0,0
859244,1,30,1171,0,54,23,60520.08,147042,181,77,0,0
859366,1,29,1139,0,50,23,60520.08,147042,181,77,0,0
859464,1,29,1138,0,48,23,60520.08,147042,181,77,0,0
859586,1,28,1106,0,44,23,60520.08,147042,181,77,0,0
859713,1,28,1110,0,46,23,60520.08,147042,181,77,0,0
859813,1,27,1146,0,42,23,60520.08,147042,181,77,0,0
859942,1,27,1146,0,42,23,60520.08,147042,181,77,0,0
860053,1,26,1142,0,36,23,60520.08,147042,181,77,0,0
860163,1,26,1108,0,34,23,60520.08,147042,181,77,0,0
860286,1,25,1108,0,32,23,60520.08,147042,181,77,0,0
860397,1,25,1108,0,32,23,60520.08,147042,181,77,0,0
860486,1,25,1109,0,34,23,60520.08,147042,181,77,0,0
860636,1,25,1108,0,34,23,60520.08,147042,181,77,0,0
860744,1,24,1109,0,32,23,60520.08,147042,181,77,0,0
860866,1,23,1109,0,28,23,60520.08,147042,181,77,0,0
860963,1,23,1109,0,28,23,60520.08,147042,181,77,0,0
861086,1,23,1111,0,30,23,60520.08,147042,181,77,0,0
861213,1,23,1110,0,40,23,60520.08,147042,181,77,0,0
861321,1,22,1111,0,56,23,60520.08,147042,181,77,0,0
861443,1,21,1110,0,62,23,60520.08,147042,181,77,0,0
861553,1,21,1110,0,62,23,60520.08,147042,181,77,0,0
861663,1,20,1110,0,66,23,60520.08,147042,181,77,0,0
861786,1,19,1113,0,64,23,60520.08,147042,181,77,0,0
861886,1,19,1113,0,62,23,60520.08,147042,181,77,0,0
861986,1,18,1115,0,62,23,60520.08,147042,181,77,0,0
862136,1,17,1115,0,66,23,60520.08,147042,181,77,0,0
862244,1,16,1115,0,76,23,60520.08,147042,181,77,0,0
862365,1,16,1115,0,80,23,60520.08,147042,181,77,0,0
862464,1,15,1116,0,80,23,60520.08,147042,181,77,0,0
862586,1,14,1116,0,80,23,60520.08,147042,181,77,0,0
862713,1,13,1116,0,80,23,60521.09,147042,181,77,0,0
862813,1,13,1116,0,80,23,60521.09,147042,181,77,0,0
862942,1,11,1117,0,78,23,60521.09,147042,181,77,0,0
863062,1,11,1117,0,80,23,60521.09,147042,181,77,0,0
863163,1,10,1117,0,80,23,60521.09,147042,181,77,0,0
863286,1,9,1117,0,78,23,60521.09,147042,181,77,0,0
863386,1,8,1117,0,78,23,60521.09,147042,181,77,0,0
863486,1,8,1117,0,76,23,60521.09,147042,181,77,0,0
863636,1,7,1117,0,68,23,60521.09,147042,181,77,0,0
863744,1,7,1117,0,0,23,60521.09,147042,181,77,0,0
863865,1,6,1117,0,0,23,60521.09,147042,181,77,0,0
863963,1,6,1117,8,0,23,60521.09,147042,181,77,0,0
864086,1,6,1120,38,0,23,60521.09,147042,181,77,0,0
864212,1,6,1184,55,0,23,60521.09,147042,181,77,0,0
864313,1,6,1496,57,0,23,60521.09,147042,181,77,0,0
864443,1,6,1700,59,0,23,60521.09,147042,181,77,0,0
864553,1,6,1729,62,0,23,60521.09,147042,181,77,0,0
864663,1,7,1781,66,0,23,60522.15,147042,181,77,0,0
864786,1,8,1737,66,0,23,60522.15,147042,181,77,0,0
864887,1,9,1714,66,0,23,60522.15,147042,181,77,0,0
864987,1,10,1717,66,0,23,60522.15,147042,181,77,0,0
865136,1,11,1750,66,0,23,60522.15,147042,181,77,0,0
865244,1,12,1847,62,0,23,60523.22,147042,181,77,0,0
865365,1,13,1906,62,0,23,60523.22,147042,181,77,0,0
865464,1,13,1920,62,0,23,60523.22,147042,181,77,0,0
865586,1,14,2056,62,0,23,60523.22,147042,181,77,0,0
865713,1,14,2135,62,0,23,60523.22,147042,181,77,0,0
865812,1,15,2152,53,0,23,60524.26,147042,181,77,0,0
865942,1,15,2185,0,0,23,60524.26,147042,181,77,0,0
866062,1,16,2108,0,0,23,60524.26,147042,181,77,0,0
866163,1,16,2034,0,0,23,60524.26,147042,181,77,0,0
866286,1,16,1899,0,0,23,60524.26,147042,181,77,0,0
866387,1,16,1839,0,0,23,60524.26,147042,181,77,0,0
866486,1,15,1821,0,0,23,60524.26,147042,181,77,0,0
866636,1,16,1758,0,0,23,60524.26,147042,181,77,0,0
866744,1,16,1719,8,0,23,60524.26,147042,181,77,0,0
866865,1,16,1556,20,0,23,60524.26,147042,181,77,0,0
866962,1,16,1364,23,0,23,60524.26,147042,181,77,0,0
867087,1,16,1227,26,0,23,60524.26,147042,181,77,0,0
867212,1,16,1298,38,0,23,60524.26,147042,181,77,0,0
867312,1,16,1279,42,0,23,60524.26,147042,181,77,0,0
867445,1,17,1308,50,0,23,60525.27,147042,181,77,0,0
867552,1,17,1312,50,0,23,60525.27,147042,181,77,0,0
867662,1,17,1364,51,0,23,60525.27,147042,181,77,0,0
867786,1,17,1345,51,0,23,60525.27,147042,181,77,0,0
867886,1,18,1407,45,0,23,60525.27,147042,181,77,0,0
867986,1,18,1400,34,0,23,60525.27,147042,181,77,0,0
868136,1,18,1414,27,0,23,60525.27,147042,181,77,0,0
868244,1,19,1430,27,0,23,60525.27,147042,181,77,0,0
868365,1,19,1418,26,0,23,60525.27,147042,181,77,0,0
868464,1,19,1421,26,0,23,60525.27,147042,181,77,0,0
868587,1,19,1454,26,0,23,60525.27,147042,181,77,0,0
868712,1,19,1457,30,0,23,60525.27,147042,181,77,0,0
868812,1,19,1458,38,0,23,60525.27,147042,181,77,0,0
868942,1,19,1499,39,0,23,60525.27,147042,181,77,0,0
869062,1,19,1483,39,0,23,60526.27,147042,181,77,0,0
869162,1,19,1493,39,0,23,60526.27,147042,181,77,0,0
869286,1,20,1527,28,0,23,60526.27,147042,181,77,0,0
869391,1,20,1518,12,0,23,60526.27,147042,181,77,0,0
869512,1,20,1519,6,0,23,60526.27,147042,181,77,0,0
869637,1,20,1538,5,0,23,60526.27,147042,181,77,0,0
869744,1,20,1562,5,0,23,60526.27,147042,181,77,0,0
869865,1,20,1557,5,0,23,60526.27,147042,181,77,0,0
869986,1,20,1543,5,0,23,60526.27,147042,181,77,0,0
870086,1,20,1512,0,0,23,60526.27,147042,181,77,0,0
870212,1,20,1511,0,0,23,60526.27,147042,181,77,0,0
870312,1,20,1541,0,0,23,60526.27,147042,181,77,0,0
870443,1,20,1541,0,0,23,60526.27,147042,181,77,0,0
870512,1,20,1539,0,0,23,60526.27,147042,181,77,0,0
870662,1,20,1507,0,0,23,60526.27,147042,181,77,0,0
870789,1,20,1506,0,0,23,60526.27,147042,181,77,0,0
870886,1,20,1505,0,0,23,60526.27,147042,181,77,0,0
870986,1,20,1477,0,0,23,60526.27,147042,181,77,0,0
871136,1,20,1490,0,0,23,60526.27,147042,181,77,0,0
871244,1,19,1489,0,0,23,60526.27,147042,181,77,0,0
871365,1,19,1489,0,0,23,60526.27,147042,181,77,0,0
871464,1,19,1444,0,0,23,60526.27,147042,181,77,0,0
871587,1,19,1471,0,0,23,60526.27,147042,181,77,0,0
871712,1,19,1440,0,0,23,60527.29,147042,181,77,0,0
871812,1,19,1471,0,0,23,60527.29,147042,181,77,0,0
871942,1,19,1470,0,0,23,60527.29,147042,181,77,0,0
872053,1,19,1438,0,0,23,60527.29,147042,181,77,0,0
872162,1,19,1437,0,0,23,60527.29,147042,181,77,0,0
872287,1,19,1437,0,0,23,60527.29,147042,181,77,0,0
872387,1,19,1437,0,2,23,60527.29,147042,181,77,0,0
872486,1,18,1436,0,0,23,60527.29,147042,181,77,0,0
872636,1,18,1436,0,0,23,60527.29,147042,181,77,0,0
872744,1,18,1403,0,0,23,60527.29,147042,181,77,0,0
872865,1,18,1403,0,16,23,60527.29,147042,181,77,0,0
872962,1,18,1403,0,10,23,60527.29,147042,181,77,0,0
873087,1,18,1403,0,8,23,60527.29,147042,181,77,0,0
873212,1,18,1403,0,8,23,60527.29,147042,181,77,0,0
873312,1,18,1371,0,8,23,60527.29,147042,181,77,0,0
873443,1,18,1371,0,18,23,60527.29,147042,181,77,0,0
873486,1,18,1370,0,14,23,60527.29,147042,181,77,0,0
873662,1,18,1273,0,32,23,60527.29,147042,181,77,0,0
873787,1,17,1238,0,32,23,60527.29,147042,181,77,0,0
873886,1,17,1209,0,32,23,60527.29,147042,181,77,0,0
873986,1,17,1209,0,36,23,60527.29,147042,181,77,0,0
874136,1,17,1209,0,34,23,60527.29,147042,181,77,0,0
874245,1,16,1178,0,34,23,60527.29,147042,181,77,0,0
874365,1,16,1178,0,0,23,60527.29,147042,181,77,0,0
874464,1,16,1178,0,0,23,60527.29,147042,181,77,0,0
874586,1,16,1147,0,0,23,60527.29,147042,181,77,0,0
874712,1,16,1148,0,0,23,60527.29,147042,181,77,0,0
874812,1,16,1148,0,0,23,60527.29,147042,181,77,0,0
874942,1,16,1148,0,0,23,60527.29,147042,181,77,0,0
875052,1,16,1180,0,0,23,60527.29,147042,181,77,0,0
875162,1,15,1245,2,0,23,60528.29,147042,181,77,0,0
875286,1,15,1243,3,0,23,60528.29,147042,181,77,0,0
875387,1,15,1182,5,0,23,60528.29,147042,181,77,0,0
875487,1,15,1154,6,0,23,60528.29,147042,181,77,0,0
875618,1,15,1192,11,0,23,60528.29,147042,181,77,0,0
875745,1,15,1164,11,0,23,60528.29,147042,181,77,0,0
875865,1,15,1200,9,0,23,60528.29,147042,181,77,0,0
875962,1,15,1137,0,0,23,60528.29,147042,181,77,0,0
876086,1,15,1180,0,0,23,60528.29,147042,181,77,0,0
876187,1,15,1180,0,0,23,60528.29,147042,181,77,0,0
876312,1,15,1173,0,0,23,60528.29,147042,181,77,0,0
876443,1,15,1137,0,18,23,60528.29,147042,181,77,0,0
876552,1,15,1105,0,18,23,60528.29,147042,181,77,0,0
876662,1,15,1075,0,30,23,60528.29,147042,181,77,0,0
876787,1,15,1079,0,44,23,60528.29,147042,181,77,0,0
876886,1,15,1081,0,70,23,60528.29,147042,181,77,0,0
876962,1,14,1081,0,76,23,60528.29,147042,181,77,0,0
877136,1,14,1080,0,80,23,60528.29,147042,181,77,0,0
877245,1,13,1079,0,84,23,60528.29,147042,181,77,0,0
877365,1,12,1076,0,84,23,60528.29,147042,181,77,0,0
877464,1,11,1076,0,86,23,60528.29,147042,181,77,0,0
877587,1,11,1076,0,86,23,60528.29,147042,181,77,0,0
877712,1,10,1076,0,90,23,60528.29,147042,181,77,0,0
877812,1,10,1076,0,90,23,60528.29,147042,181,77,0,0
877943,1,8,1076,0,90,23,60528.29,147042,181,77,0,0
878053,1,7,1075,0,90,23,60528.29,147042,181,77,0,0
878162,1,7,1075,0,90,23,60528.29,147042,181,77,0,0
878287,1,6,1075,0,86,23,60528.29,147042,181,77,0,0
878387,1,5,1043,0,80,23,60528.29,147042,181,77,0,0
878487,1,5,1044,0,76,23,60528.29,147042,181,77,0,0
878636,1,5,1044,0,76,23,60528.29,147042,181,77,0,0
878745,1,3,1044,0,74,23,60529.30,147042,181,77,0,0
878865,1,3,1044,0,72,23,60529.30,147042,181,77,0,0
878962,1,0,1012,0,54,23,60529.30,147042,181,77,0,0
879086,1,0,947,0,26,23,60529.30,147042,181,77,0,0
879212,1,0,915,0,12,23,60529.30,147042,181,77,0,0
879312,1,0,881,0,14,23,60529.30,147042,181,77,0,0
879443,1,0,848,0,8,23,60529.30,147042,181,77,0,0
879552,1,0,848,0,2,23,60529.30,147042,181,77,0,0
879662,1,0,848,0,0,23,60529.30,147042,181,77,0,0
879787,1,0,849,0,0,23,60529.30,147042,181,77,0,0
879886,1,0,849,0,0,23,60529.30,147042,181,77,0,0
879987,1,0,885,0,0,23,60529.30,147042,181,77,0,0
880137,1,0,1026,0,0,23,60529.30,147042,181,77,0,0
880245,1,0,1160,0,0,23,60529.30,147042,181,77,0,0
880365,1,0,1169,0,0,23,60529.30,147042,181,77,0,0
880464,1,0,1133,0,0,23,60529.30,147042,181,77,0,0
880587,1,0,1213,0,0,23,60529.30,147042,181,77,0,0
880692,1,0,1243,0,0,23,60529.30,147042,181,77,0,0
880812,1,0,1215,0,0,23,60529.30,147042,181,77,0,0
880937,1,2,1091,0,0,23,60529.30,147042,181,77,0,0
881052,1,3,1105,0,0,23,60530.31,147042,181,77,0,0
881165,1,4,1108,0,0,23,60530.31,147042,181,77,0,0
881262,1,4,1094,0,0,23,60530.31,147042,181,77,0,0
881387,1,5,1085,0,0,23,60530.31,147042,181,77,0,0
881489,1,5,1059,0,0,23,60530.31,147042,181,77,0,0
881618,1,6,1029,0,0,23,60530.31,147042,181,77,0,0
881745,1,7,1060,0,0,23,60530.31,147042,181,77,0,0
881842,1,8,1092,0,0,23,60530.31,147042,181,77,0,0
881962,1,8,1127,0,0,23,60530.31,147042,181,77,0,0
882090,1,8,1163,0,0,23,60530.31,147042,181,77,0,0
882187,1,8,1175,0,0,23,60530.31,147042,181,77,0,0
882312,1,8,1160,4,0,23,60530.31,147042,181,77,0,0
882437,1,8,1250,12,0,23,60531.32,147042,181,77,0,0
882552,1,8,1387,16,0,23,60531.32,147042,180,77,0,0
882662,1,9,1319,18,0,23,60531.32,147042,180,77,0,0
882787,1,9,1283,18,0,23,60531.32,147042,180,77,0,0
882887,1,9,1354,21,0,23,60531.32,147042,180,77,0,0
882962,1,9,1418,24,0,23,60531.32,147042,180,77,0,0
883118,1,9,1448,26,0,23,60531.32,147042,180,77,0,0
883242,1,10,1477,28,0,23,60531.32,147042,180,77,0,0
883340,1,10,1479,29,0,23,60531.32,147042,180,77,0,0
883463,1,10,1548,32,0,23,60531.32,147042,180,77,0,0
883590,1,11,1599,35,0,23,60531.32,147042,180,77,0,0
883690,1,11,1625,35,0,23,60531.32,147042,180,77,0,0
883812,1,11,1651,36,0,23,60532.34,147042,180,77,0,0
883937,1,11,1676,19,0,23,60532.34,147042,180,77,0,0
884052,1,12,1674,0,0,23,60532.34,147042,180,77,0,0
884162,1,12,1663,0,0,23,60532.34,147042,180,77,0,0
884262,1,12,1570,0,0,23,60532.34,147042,180,77,0,0
884390,1,12,1513,0,0,23,60532.34,147042,180,77,0,0
884487,1,12,1449,0,0,23,60532.34,147042,180,77,0,0
884618,1,12,1414,0,0,23,60532.34,147042,180,77,0,0
884742,1,12,1412,22,0,23,60532.34,147042,180,77,0,0
884843,1,12,1383,34,0,23,60532.34,147042,180,77,0,0
884962,1,12,1354,40,0,23,60532.34,147042,180,77,0,0
885087,1,12,1139,40,0,23,60532.34,147042,180,77,0,0
885190,1,13,1033,40,0,23,60532.34,147042,180,77,0,0
885312,1,14,1025,40,0,23,60532.34,147042,180,77,0,0
885437,1,14,1084,40,0,23,60533.37,147042,180,77,0,0
885552,1,14,1057,40,0,23,60533.37,147042,180,77,0,0
885662,1,14,1112,40,0,23,60533.37,147042,180,77,0,0
885762,1,14,1138,40,0,23,60533.37,147042,180,77,0,0
885887,1,15,1126,40,0,23,60533.37,147042,180,77,0,0
885962,1,15,1126,40,0,23,60533.37,147042,180,77,0,0
886118,1,15,1207,40,0,23,60533.37,147042,180,77,0,0
886245,1,16,1202,40,0,23,60533.37,147042,180,77,0,0
886340,1,16,1227,40,0,23,60533.37,147042,180,77,0,0
886463,1,16,1251,37,0,23,60533.37,147042,180,77,0,0
886589,1,16,1249,35,0,23,60533.37,147042,180,77,0,0
886690,1,16,1279,35,0,23,60533.37,147042,180,77,0,0
886812,1,17,1310,35,0,23,60533.37,147042,180,77,0,0
886936,1,17,1314,33,0,23,60534.37,147042,180,77,0,0
887052,1,17,1314,29,0,23,60534.37,147042,180,77,0,0
887162,1,17,1315,23,0,23,60534.37,147042,180,77,0,0
887262,1,17,1343,20,0,23,60534.37,147042,180,77,0,0
887391,1,18,1354,15,0,23,60534.37,147042,180,77,0,0
887463,1,18,1354,3,0,23,60534.37,147042,180,77,0,0
887617,1,18,1356,0,0,23,60534.37,147042,180,77,0,0
887742,1,18,1374,0,0,23,60534.37,147042,180,77,0,0
887840,1,18,1338,0,0,23,60534.37,147042,180,77,0,0
887962,1,18,1369,0,0,23,60534.37,147042,180,77,0,0
888163,1,18,1371,0,0,23,60534.37,147042,180,77,0,0
888262,1,17,1369,1,0,23,60534.37,147042,180,77,0,0
888389,1,17,1369,1,0,23,60534.37,147042,180,77,0,0
888490,1,17,1368,1,0,23,60534.37,147042,180,77,0,0
888617,1,18,1368,1,0,23,60534.37,147042,180,77,0,0
888742,1,17,1336,0,0,23,60534.37,147042,180,77,0,0
888840,1,17,1335,0,0,23,60534.37,147042,180,77,0,0
888962,1,17,1334,0,0,23,60534.37,147042,180,77,0,0
889090,1,17,1300,0,0,23,60534.37,147042,180,77,0,0
889189,1,17,1300,0,0,23,60534.37,147042,180,77,0,0
889312,1,17,1299,0,0,23,60534.37,147042,180,77,0,0
889437,1,17,1299,0,0,23,60534.37,147042,180,77,0,0
889554,1,17,1265,0,0,23,60534.37,147042,180,77,0,0
889662,1,16,1297,0,0,23,60534.37,147042,180,77,0,0
889762,1,17,1265,0,0,23,60535.38,147042,180,77,0,0
889889,1,16,1263,0,0,23,60535.38,147042,180,77,0,0
890011,1,16,1262,7,0,23,60535.38,147042,180,77,0,0
890117,1,16,1263,10,0,23,60535.38,147042,180,77,0,0
890242,1,16,1265,14,0,23,60535.38,147042,180,77,0,0
890340,1,16,1272,21,0,23,60535.38,147042,180,77,0,0
890463,1,16,1277,23,0,23,60535.38,147042,180,77,0,0
890589,1,16,1266,23,0,23,60535.38,147042,180,77,0,0
890689,1,16,1269,23,0,23,60535.38,147042,180,77,0,0
890812,1,16,1271,23,0,23,60535.38,147042,180,77,0,0
890931,1,16,1272,23,0,23,60535.38,147042,180,77,0,0
891045,1,16,1274,19,0,23,60535.38,147042,180,77,0,0
891161,1,16,1306,13,0,23,60535.38,147042,180,77,0,0
891262,1,17,1305,8,0,23,60535.38,147042,180,77,0,0
891389,1,17,1293,8,0,23,60535.38,147042,180,77,0,0
891463,1,17,1293,8,0,23,60535.38,147042,180,77,0,0
891617,1,17,1289,12,0,23,60535.38,147042,180,77,0,0
891742,1,17,1290,16,0,23,60535.38,147042,180,77,0,0
891839,1,17,1294,19,0,23,60535.38,147042,180,77,0,0
891962,1,17,1297,20,0,23,60535.38,147042,180,77,0,0
892064,1,17,1300,23,0,23,60535.38,147042,180,77,0,0
892189,1,17,1334,28,0,23,60535.38,147042,180,77,0,0
892302,1,17,1312,27,0,23,60535.38,147042,180,77,0,0
892412,1,17,1319,20,0,23,60535.38,147042,180,77,0,0
892489,1,17,1314,20,0,23,60536.38,147042,180,77,0,0
892662,1,17,1313,25,0,23,60536.38,147042,180,77,0,0
892762,1,17,1313,28,0,23,60536.38,147042,180,77,0,0
892889,1,17,1346,28,0,23,60536.38,147042,180,77,0,0
892962,1,17,1346,28,0,23,60536.38,147042,180,77,0,0
893117,1,17,1356,20,0,23,60536.38,147042,180,77,0,0
893212,1,18,1358,10,0,23,60536.38,147042,180,77,0,0
893339,1,18,1353,4,0,23,60536.38,147042,180,77,0,0
893463,1,18,1335,0,0,23,60536.38,147042,180,77,0,0
893562,1,18,1358,0,0,23,60536.38,147042,180,77,0,0
893689,1,17,1339,0,0,23,60536.38,147042,180,77,0,0
893812,1,18,1336,0,0,23,60536.38,147042,180,77,0,0
893912,1,17,1365,0,0,23,60536.38,147042,180,77,0,0
894043,1,17,1332,0,0,23,60536.38,147042,180,77,0,0
894139,1,17,1332,0,0,23,60536.38,147042,180,77,0,0
894262,1,17,1299,0,0,23,60536.38,147042,180,77,0,0
894388,1,17,1299,0,0,23,60536.38,147042,180,77,0,0
894489,1,17,1299,0,0,23,60536.38,147042,180,77,0,0
894617,1,17,1298,0,0,23,60536.38,147042,180,77,0,0
894736,1,16,1265,0,0,23,60536.38,147042,180,77,0,0
894839,1,16,1264,0,0,23,60536.38,147042,180,77,0,0
894961,1,17,1264,0,0,23,60536.38,147042,180,77,0,0
895062,1,16,1263,0,0,23,60536.38,147042,180,77,0,0
895196,1,16,1263,0,0,23,60536.38,147042,180,77,0,0
895301,1,16,1231,0,0,23,60536.38,147042,180,77,0,0
895411,1,16,1231,0,0,23,60536.38,147042,180,77,0,0
895539,1,16,1198,0,0,23,60536.38,147042,180,77,0,0
895639,1,16,1230,0,0,23,60537.38,147042,180,77,0,0
895761,1,16,1197,0,0,23,60537.38,147042,180,77,0,0
895864,1,16,1196,0,0,23,60537.38,147042,180,77,0,0
895961,1,16,1195,0,0,23,60537.38,147042,180,77,0,0
896117,1,16,1195,0,0,23,60537.38,147042,180,77,0,0
896241,1,16,1194,0,0,23,60537.38,147042,180,77,0,0
896339,1,16,1194,0,0,23,60537.38,147042,180,77,0,0
896462,1,16,1194,0,0,23,60537.38,147043,180,77,0,0
896589,1,16,1162,0,0,23,60537.38,147043,180,77,0,0
896689,1,15,1160,0,0,23,60537.38,147043,180,77,0,0
896811,1,15,1160,0,0,23,60537.38,147043,180,77,0,0
896936,1,15,1128,0,0,23,60537.38,147043,180,77,0,0
896989,1,15,1127,0,0,23,60537.38,147043,180,77,0,0
897161,1,14,1128,0,0,23,60537.38,147043,180,77,0,0
897261,1,15,1127,0,0,23,60537.38,147043,180,77,0,0
897389,1,15,1094,0,0,23,60537.38,147043,180,77,0,0
897512,1,14,1094,0,0,23,60537.38,147043,180,77,0,0
897617,1,15,1094,0,0,23,60537.38,147043,180,77,0,0
897743,1,14,1094,0,0,23,60537.38,147043,180,77,0,0
897864,1,14,1093,0,0,23,60537.38,147043,180,77,0,0
897961,1,14,1060,0,0,23,60537.38,147043,180,77,0,0
898089,1,14,1092,3,0,23,60537.38,147043,180,77,0,0
898189,1,14,1062,12,0,23,60537.38,147043,180,77,0,0
898311,1,14,1066,16,0,23,60537.38,147043,180,77,0,0
898439,1,14,1035,16,0,23,60537.38,147043,180,77,0,0
898551,1,13,1073,21,0,23,60537.38,147043,180,77,0,0
898661,1,13,1081,26,0,23,60537.38,147043,180,77,0,0
898764,1,14,1090,28,0,23,60537.38,147043,180,77,0,0
898890,1,13,1044,40,0,23,60537.38,147043,180,77,0,0
898989,1,13,1052,53,0,23,60537.38,147043,180,77,0,0
899117,1,14,1115,60,0,23,60537.38,147043,180,77,0,0
899242,1,14,1058,60,0,23,60537.38,147043,180,77,0,0
899347,1,14,1126,60,0,23,60537.38,147043,180,77,0,0
899463,1,14,1095,60,0,23,60538.40,147043,180,77,0,0
899561,1,14,1129,60,0,23,60538.40,147043,180,77,0,0
899689,1,15,1159,60,0,23,60538.40,147043,180,77,0,0
899811,1,15,1187,43,0,23,60538.40,147043,180,77,0,0
899911,1,15,1185,36,0,23,60538.40,147043,180,77,0,0
900011,1,16,1236,35,0,23,60538.40,147043,180,77,0,0
900161,1,16,1254,35,0,23,60538.40,147043,180,77,0,0
900261,1,16,1274,35,0,23,60538.40,147043,180,77,0,0
900389,1,17,1338,35,0,23,60538.40,147043,180,77,0,0
900489,1,17,1312,35,0,23,60538.40,147043,180,77,0,0
900617,1,17,1346,40,0,23,60538.40,147043,180,77,0,0
900736,1,17,1351,41,0,23,60538.40,147043,180,77,0,0
900839,1,17,1352,43,0,23,60539.42,147043,180,77,0,0
900961,1,18,1388,48,0,23,60539.42,147043,180,77,0,0
901064,1,18,1392,49,0,23,60539.42,147043,180,77,0,0
901189,1,18,1439,49,0,23,60539.42,147043,180,77,0,0
901301,1,18,1408,49,0,23,60539.42,147043,180,77,0,0
901411,1,18,1409,49,0,23,60539.42,147043,180,77,0,0
901511,1,18,1409,50,0,23,60539.42,147043,180,77,0,0
901639,1,19,1468,50,0,23,60539.42,147043,180,77,0,0
901761,1,19,1467,50,0,23,60539.42,147043,180,77,0,0
901864,1,19,1467,50,0,23,60539.42,147043,180,77,0,0
901989,1,19,1497,50,0,23,60539.42,147043,180,77,0,0
902117,1,19,1472,50,0,23,60539.42,147043,180,77,0,0
902211,1,19,1474,50,0,23,60540.44,147043,180,77,0,0
902339,1,19,1476,50,0,23,60540.44,147043,180,77,0,0
902451,1,20,1510,50,0,23,60540.44,147043,180,77,0,0
902561,1,20,1511,50,0,23,60540.44,147043,180,77,0,0
902689,1,20,1510,50,0,23,60540.44,147043,180,77,0,0
902801,1,20,1540,57,0,23,60540.44,147043,180,77,0,0
902911,1,20,1549,68,0,23,60540.44,147043,180,77,0,0
902989,1,20,1570,68,0,23,60540.44,147043,180,77,0,0
903139,1,21,1625,80,0,23,60540.44,147043,180,77,0,0
903264,1,21,1619,80,0,23,60540.44,147043,180,77,0,0
903364,1,21,1633,80,0,23,60541.50,147043,180,77,0,0
903463,1,22,1672,80,0,23,60541.50,147043,180,77,0,0
903589,1,22,1707,80,0,23,60541.50,147043,180,77,0,0
903711,1,22,1741,21,0,23,60541.50,147043,180,77,0,0
903839,1,23,1638,0,0,23,60541.50,147043,180,77,0,0
903939,1,23,1653,0,0,23,60541.50,147043,180,77,0,0
904063,1,23,1569,0,0,23,60541.50,147043,180,77,0,0
904181,1,23,1509,0,0,23,60541.50,147043,180,77,0,0
904289,1,23,1443,0,0,23,60541.50,147043,180,77,0,0
904411,1,23,1411,0,0,23,60541.50,147043,180,77,0,0
904513,1,23,1377,7,0,23,60541.50,147043,180,77,0,0
904639,1,23,1407,37,0,23,60541.50,147043,180,77,0,0
904742,1,22,1412,57,0,23,60541.50,147043,180,77,0,0
904864,1,23,1325,61,0,23,60542.50,147043,180,77,0,0
904961,1,23,1201,61,0,23,60542.50,147043,180,77,0,0
905089,1,23,1248,62,0,23,60542.50,147043,180,77,0,0
905211,1,23,1245,62,0,23,60542.50,147043,180,77,0,0
905311,1,23,1265,62,0,23,60542.50,147043,180,77,0,0
905439,1,24,1249,62,0,23,60542.50,147043,180,77,0,0
905561,1,24,1309,62,0,23,60542.50,147043,180,77,0,0
905661,1,24,1297,63,0,23,60542.50,147043,180,77,0,0
905789,1,24,1320,63,0,23,60542.50,147043,180,77,0,0
905889,1,25,1322,63,0,23,60542.50,147043,180,77,0,0
905989,1,25,1321,63,0,23,60543.52,147043,180,77,0,0
906139,1,25,1355,64,0,23,60543.52,147043,180,77,0,0
906241,1,25,1355,64,0,23,60543.52,147043,180,77,0,0
906364,1,25,1357,68,0,23,60543.52,147043,180,77,0,0
906463,1,26,1392,69,0,23,60543.52,147043,180,77,0,0
906589,1,26,1402,69,0,23,60543.52,147043,180,77,0,0
906711,1,26,1437,69,0,23,60543.52,147043,180,77,0,0
906811,1,26,1412,62,0,23,60543.52,147043,180,77,0,0
906939,1,27,1415,54,0,23,60543.52,147043,180,77,0,0
907052,1,27,1469,52,0,23,60543.52,147043,180,77,0,0
907161,1,27,1448,48,0,23,60544.54,147043,180,77,0,0
907288,1,27,1463,42,0,23,60544.54,147043,180,77,0,0
907389,1,27,1454,37,0,23,60544.54,147043,180,77,0,0
907489,1,27,1471,37,0,23,60544.54,147043,180,77,0,0
907636,1,28,1469,14,0,23,60544.54,147043,180,77,0,0
907741,1,27,1459,5,0,23,60544.54,147043,180,77,0,0
907864,1,27,1468,3,0,23,60544.54,147043,180,77,0,0
907961,1,27,1450,3,0,23,60544.54,147043,180,77,0,0
908089,1,27,1471,3,0,23,60544.54,147043,180,77,0,0
908189,1,28,1470,3,0,23,60544.54,147043,180,77,0,0
908311,1,27,1469,7,0,23,60544.54,147043,180,77,0,0
908439,1,27,1471,9,0,23,60544.54,147043,180,77,0,0
908551,1,27,1476,9,0,23,60544.54,147043,180,77,0,0
908661,1,27,1478,9,0,23,60544.54,147043,180,77,0,0
908761,1,27,1448,9,0,23,60544.54,147043,180,77,0,0
908889,1,27,1448,3,0,23,60544.54,147043,180,77,0,0
908989,1,27,1412,3,0,23,60544.54,147043,180,77,0,0
909117,1,27,1438,3,0,23,60544.54,147043,180,77,0,0
909241,1,27,1437,1,0,23,60544.54,147043,180,77,0,0
909341,1,27,1435,1,0,23,60544.54,147043,180,77,0,0
909462,1,27,1435,0,0,23,60544.54,147043,180,77,0,0
909593,1,27,1434,0,0,23,60545.54,147043,180,77,0,0
909689,1,27,1433,0,0,23,60545.54,147043,180,77,0,0
909811,1,26,1433,0,0,23,60545.54,147043,180,77,0,0
909939,1,26,1432,0,0,23,60545.54,147043,180,77,0,0
910053,1,26,1400,0,0,23,60545.54,147043,180,77,0,0
910162,1,26,1399,0,0,23,60545.54,147043,180,77,0,0
910263,1,26,1398,0,0,23,60545.54,147043,180,77,0,0
910390,1,26,1396,0,0,23,60545.54,147043,180,77,0,0
910489,1,26,1396,9,0,23,60545.54,147043,180,77,0,0
910617,1,26,1401,29,0,23,60545.54,147043,180,77,0,0
910741,1,26,1397,36,0,23,60545.54,147043,180,77,0,0
910839,1,26,1381,42,0,23,60545.54,147043,180,77,0,0
910961,1,26,1361,42,0,23,60545.54,147043,180,77,0,0
911061,1,26,1404,43,0,23,60545.54,147043,180,77,0,0
911189,1,26,1376,43,0,23,60545.54,147043,180,77,0,0
911311,1,26,1375,22,0,23,60545.54,147043,180,77,0,0
911411,1,26,1368,9,0,23,60545.54,147043,180,77,0,0
911511,1,26,1345,0,0,23,60545.54,147043,180,77,0,0
911661,1,26,1358,0,0,23,60545.54,147043,180,77,0,0
911761,1,26,1348,0,0,23,60545.54,147043,180,77,0,0
911889,1,26,1364,0,0,23,60545.54,147043,180,77,0,0
911989,1,26,1364,0,0,23,60545.54,147043,180,77,0,0
912117,1,25,1332,0,0,23,60545.54,147043,180,77,0,0
912236,1,25,1332,0,0,23,60545.54,147043,180,77,0,0
912339,1,25,1331,0,0,23,60546.54,147043,180,77,0,0
912461,1,24,1331,0,0,23,60546.54,147043,177,77,0,0
912564,1,24,1298,0,0,23,60546.54,147043,177,77,0,0
912689,1,24,1297,0,0,23,60546.54,147043,177,77,0,0
912801,1,24,1296,0,0,23,60546.54,147043,177,77,0,0
912911,1,24,1263,0,66,23,60546.54,147043,177,77,0,0
912989,1,24,1263,0,48,23,60546.54,147043,177,77,0,0
913139,1,23,1230,0,60,23,60546.54,147043,177,77,0,0
913261,1,23,1198,0,66,23,60546.54,147043,177,77,0,0
913364,1,22,1166,0,72,23,60546.54,147043,177,78,0,0
913489,1,21,1133,0,70,23,60546.54,147043,177,78,0,0
913616,1,21,1134,0,68,23,60546.54,147043,177,78,0,0
913711,1,20,1102,0,74,23,60546.54,147043,177,78,0,0
913839,1,19,1103,0,72,23,60546.54,147043,177,78,0,0
913939,1,18,1103,0,70,23,60546.54,147043,177,78,0,0
914061,1,18,1070,0,2,23,60546.54,147043,177,78,0,0
914188,1,18,1073,0,6,23,60546.54,147043,177,78,0,0
914301,1,18,1073,0,6,23,60546.54,147043,177,78,0,0
914411,1,17,1074,0,8,23,60546.54,147043,177,78,0,0
914462,1,17,1074,0,6,23,60546.54,147043,177,78,0,0
914639,1,17,1073,0,0,23,60546.54,147043,177,78,0,0
914761,1,17,1073,0,0,23,60546.54,147043,177,78,0,0
914864,1,17,1073,0,0,23,60546.54,147043,177,78,0,0
914961,1,17,1074,0,0,23,60546.54,147043,177,78,0,0
915088,1,17,1074,0,0,23,60546.54,147043,177,78,0,0
915211,1,16,1074,0,0,23,60546.54,147043,177,78,0,0
915339,1,16,1042,6,0,23,60546.54,147043,177,78,0,0
915450,1,16,1106,14,0,23,60546.54,147043,177,78,0,0
915568,1,16,1274,20,0,23,60546.54,147043,177,78,0,0
915681,1,16,1319,28,0,23,60546.54,147043,177,78,0,0
915801,1,16,1177,30,0,23,60546.54,147043,177,78,0,0
915914,1,16,1286,50,0,23,60546.54,147043,177,78,0,0
916011,1,16,1235,60,0,23,60546.54,147043,177,78,0,0
916139,1,16,1309,73,0,23,60547.56,147043,177,78,0,0
916261,1,16,1305,76,0,23,60547.56,147043,177,78,0,0
916364,1,16,1306,76,0,23,60547.56,147043,177,78,0,0
916489,1,17,1321,72,0,23,60547.56,147043,177,78,0,0
916589,1,17,1318,63,0,23,60547.56,147043,177,78,0,0
916711,1,17,1373,48,0,23,60547.56,147043,177,78,0,0
916838,1,18,1361,40,0,23,60547.56,147043,177,78,0,0
916939,1,18,1373,29,0,23,60547.56,147043,177,78,0,0
917061,1,18,1379,8,0,23,60547.56,147043,177,78,0,0
917181,1,18,1359,0,0,23,60547.56,147043,177,78,0,0
917289,1,18,1382,0,0,23,60547.56,147043,177,78,0,0
917414,1,18,1373,0,0,23,60547.56,147043,177,78,0,0
917488,1,18,1371,0,0,23,60547.56,147043,177,78,0,0
917639,1,18,1340,0,0,23,60548.57,147043,177,78,0,0
917741,1,18,1340,0,0,23,60548.57,147043,177,78,0,0
917864,1,17,1341,0,0,23,60548.57,147043,177,78,0,0
917961,1,17,1340,0,0,23,60548.57,147043,177,78,0,0
918088,1,17,1338,0,0,23,60548.57,147043,177,78,0,0
918211,1,17,1306,0,0,23,60548.57,147043,177,78,0,0
918335,1,17,1305,0,0,23,60548.57,147043,177,78,0,0
918450,1,16,1272,0,0,23,60548.57,147043,177,78,0,0
918567,1,16,1271,0,0,23,60548.57,147043,177,78,0,0
918681,1,16,1237,0,0,23,60548.57,147043,177,78,0,0
918789,1,16,1237,0,0,23,60548.57,147043,177,78,0,0
918888,1,16,1205,0,0,23,60548.57,147043,177,78,0,0
918989,1,16,1205,0,0,23,60548.57,147043,177,78,0,0
919138,1,16,1204,0,0,23,60548.57,147043,177,78,0,0
919241,1,15,1204,0,0,23,60548.57,147043,177,78,0,0
919361,1,15,1171,0,0,23,60548.57,147043,177,78,0,0
919463,1,15,1171,0,0,23,60548.57,147043,177,78,0,0
919589,1,15,1170,0,0,23,60548.57,147043,177,78,0,0
919711,1,15,1137,0,0,23,60548.57,147043,177,78,0,0
919811,1,15,1137,0,0,23,60548.57,147043,177,78,0,0
919938,1,14,1137,0,0,23,60548.57,147043,177,78,0,0
920053,1,14,1105,0,0,23,60548.57,147043,177,78,0,0
920161,1,14,1104,0,0,23,60548.57,147043,177,78,0,0
920289,1,14,1104,0,0,23,60548.57,147043,177,78,0,0
920389,1,14,1072,2,0,23,60548.57,147043,177,78,0,0
920489,1,14,1073,10,0,23,60548.57,147043,177,78,0,0
920636,1,14,1076,30,0,23,60548.57,147043,177,78,0,0
920741,1,14,1112,37,0,23,60548.57,147043,177,78,0,0
920863,1,14,1093,40,0,23,60548.57,147043,177,78,0,0
920961,1,14,1079,42,0,23,60548.57,147043,177,78,0,0
921089,1,14,1066,46,0,23,60548.57,147043,177,78,0,0
921189,1,14,1097,49,0,23,60548.57,147043,177,78,0,0
921311,1,14,1102,51,0,23,60549.60,147043,177,78,0,0
921438,1,14,1137,53,0,23,60549.60,147043,177,78,0,0
921551,1,15,1137,55,0,23,60549.60,147043,177,78,0,0
921661,1,15,1169,58,0,23,60549.60,147043,177,78,0,0
921761,1,15,1170,61,0,23,60549.60,147043,177,78,0,0
921889,1,15,1210,64,0,23,60549.60,147043,177,78,0,0
922010,1,15,1216,65,0,23,60549.60,147043,177,78,0,0
922116,1,16,1221,65,0,23,60549.60,147043,177,78,0,0
922241,1,16,1256,65,0,23,60549.60,147043,177,78,0,0
922363,1,16,1288,65,0,23,60549.60,147043,177,78,0,0
922462,1,17,1289,67,0,23,60549.60,147043,177,78,0,0
922590,1,17,1324,67,0,23,60550.64,147043,177,78,0,0
922689,1,17,1359,71,0,23,60550.64,147043,177,78,0,0
922811,1,17,1397,76,0,23,60550.64,147043,177,78,0,0
922936,1,18,1381,76,0,23,60550.64,147043,177,78,0,0
923011,1,18,1425,77,0,23,60550.64,147043,177,78,0,0
923162,1,19,1467,77,0,23,60550.64,147043,177,78,0,0
923261,1,19,1501,77,0,23,60550.64,147043,177,78,0,0
923389,1,19,1510,77,0,23,60550.64,147043,177,78,0,0
923489,1,20,1544,77,0,23,60550.64,147043,177,78,0,0
923616,1,20,1582,77,0,23,60551.66,147043,177,78,0,0
923743,1,21,1615,77,0,23,60551.66,147043,177,78,0,0
923839,1,21,1646,77,0,23,60551.66,147043,177,78,0,0
923961,1,21,1682,77,0,23,60551.66,147043,177,78,0,0
924089,1,22,1696,77,0,23,60551.66,147043,177,78,0,0
924189,1,22,1733,77,0,23,60551.66,147043,177,78,0,0
924312,1,22,1737,77,0,23,60551.66,147043,177,78,0,0
924433,1,23,1772,77,0,23,60551.66,147043,177,78,0,0
924539,1,23,1808,77,0,23,60552.70,147043,177,78,0,0
924661,1,24,1845,77,0,23,60552.70,147043,177,78,0,0
924761,1,24,1876,77,0,23,60552.70,147043,177,78,0,0
924889,1,24,1858,65,0,23,60552.70,147043,177,78,0,0
925010,1,25,1778,0,0,23,60552.70,147043,177,78,0,0
925116,1,25,1781,0,0,23,60552.70,147043,177,78,0,0
925235,1,25,1757,0,0,23,60552.70,147043,177,78,0,0
925311,1,25,1569,0,0,23,60552.70,147043,177,78,0,0
925462,1,25,1473,0,0,23,60552.70,147043,177,78,0,0
925561,1,25,1488,0,0,23,60552.70,147043,177,78,0,0
925690,1,24,1449,11,0,23,60553.71,147043,177,78,0,0
925810,1,24,1419,69,0,23,60553.71,147043,177,78,0,0
925914,1,24,1291,80,0,23,60553.71,147043,177,78,0,0
925989,1,24,1366,80,0,23,60553.71,147043,177,78,0,0
926139,1,25,1354,83,0,23,60553.71,147043,177,78,0,0
926260,1,25,1361,83,0,23,60553.71,147043,177,78,0,0
926363,1,25,1360,79,0,23,60553.71,147043,177,78,0,0
926462,1,26,1394,71,0,23,60553.71,147043,177,78,0,0
926616,1,26,1383,62,0,23,60553.71,147043,177,78,0,0
926710,1,26,1391,61,0,23,60553.71,147043,177,78,0,0
926839,1,26,1433,61,0,23,60554.73,147043,177,78,0,0
926960,1,27,1420,60,0,23,60554.73,147043,177,78,0,0
927060,1,27,1416,60,0,23,60554.73,147043,177,78,0,0
927189,1,27,1451,60,0,23,60554.73,147043,177,78,0,0
927300,1,27,1455,60,0,23,60554.73,147043,177,78,0,0
927414,1,27,1458,59,0,23,60554.73,147043,177,78,0,0
927462,1,27,1458,59,0,23,60554.73,147043,177,78,0,0
927639,1,27,1464,49,0,23,60554.73,147043,177,78,0,0
927760,1,28,1495,49,0,23,60554.73,147043,177,78,0,0
927863,1,28,1488,45,0,23,60554.73,147043,177,78,0,0
927960,1,28,1472,44,0,23,60555.75,147043,177,78,0,0
928089,1,28,1495,44,0,23,60555.75,147043,177,78,0,0
928210,1,28,1492,44,0,23,60555.75,147043,177,78,0,0
928339,1,28,1526,44,0,23,60555.75,147043,177,78,0,0
928450,1,28,1527,44,0,23,60555.75,147043,177,78,0,0
928560,1,28,1530,44,0,23,60555.75,147043,177,78,0,0
928680,1,28,1533,43,0,23,60555.75,147043,177,78,0,0
928801,1,28,1535,31,0,23,60555.75,147043,177,78,0,0
928914,1,28,1522,18,0,23,60555.75,147043,177,78,0,0
928960,1,28,1522,18,0,23,60555.75,147043,177,78,0,0
929161,1,29,1506,14,0,23,60555.75,147043,177,78,0,0
929260,1,29,1504,10,0,23,60555.75,147043,177,78,0,0
929389,1,29,1527,0,0,23,60555.75,147043,177,78,0,0
929460,1,29,1527,0,0,23,60555.75,147043,177,78,0,0
929616,1,29,1511,0,0,23,60555.75,147043,177,78,0,0
929740,1,28,1509,0,0,23,60556.77,147043,177,78,0,0
929839,1,28,1508,0,0,23,60556.77,147043,177,78,0,0
929960,1,28,1508,0,0,23,60556.77,147043,177,78,0,0
930060,1,28,1508,0,0,23,60556.77,147043,177,78,0,0
930189,1,28,1475,0,0,23,60556.77,147043,177,78,0,0
930310,1,28,1473,0,0,23,60556.77,147043,177,78,0,0
930414,1,28,1473,0,0,23,60556.77,147043,177,78,0,0
930540,1,28,1473,0,0,23,60556.77,147043,177,78,0,0
930661,1,28,1472,0,0,23,60556.77,147043,177,78,0,0
930760,1,28,1503,0,0,23,60556.77,147043,177,78,0,0
930889,1,28,1503,0,0,23,60556.77,147043,177,78,0,0
930989,1,28,1470,0,0,23,60556.77,147043,177,78,0,0
931116,1,27,1501,0,0,23,60556.77,147043,177,78,0,0
931237,1,27,1469,0,0,23,60556.77,147043,177,78,0,0
931310,1,27,1469,0,0,23,60556.77,147043,177,78,0,0
931462,1,28,1469,0,0,23,60556.77,147043,177,78,0,0
931560,1,27,1500,0,0,23,60556.77,147043,177,78,0,0
931689,1,27,1438,2,0,23,60556.77,147043,177,78,0,0
931810,1,27,1406,27,0,23,60556.77,147043,177,78,0,0
931914,1,26,1385,43,0,23,60556.77,147043,177,78,0,0
931968,1,26,1417,43,0,23,60556.77,147043,177,78,0,0
932139,1,27,1454,50,0,23,60556.77,147043,177,78,0,0
932261,1,27,1376,51,0,23,60556.77,147043,177,78,0,0
932361,1,27,1437,51,0,23,60556.77,147043,177,78,0,0
932462,1,27,1408,53,0,23,60557.77,147043,177,78,0,0
932589,1,27,1414,53,0,23,60557.77,147043,177,78,0,0
932710,1,27,1446,56,0,23,60557.77,147043,177,78,0,0
932839,1,27,1446,56,0,23,60557.77,147043,177,78,0,0
932960,1,27,1446,56,0,23,60557.77,147043,177,78,0,0
933070,1,27,1446,56,0,23,60557.77,147043,177,78,0,0
933189,1,27,1452,56,0,23,60557.77,147043,177,78,0,0
933300,1,27,1455,56,0,23,60557.77,147043,177,78,0,0
933414,1,27,1487,57,0,23,60557.77,147043,177,78,0,0
933510,1,27,1457,57,0,23,60557.77,147043,177,78,0,0
933639,1,28,1489,56,0,23,60558.80,147043,177,78,0,0
933760,1,28,1490,51,0,23,60558.80,147043,177,78,0,0
933864,1,28,1492,48,0,23,60558.80,147043,177,78,0,0
933991,1,28,1475,40,0,23,60558.80,147043,177,78,0,0
934116,1,28,1490,33,0,23,60558.80,147043,177,78,0,0
934210,1,28,1474,31,0,23,60558.80,147043,177,78,0,0
934339,1,28,1533,31,0,23,60558.80,147043,177,78,0,0
934462,1,28,1531,30,0,23,60558.80,147043,177,78,0,0
934560,1,28,1529,27,0,23,60558.80,147043,177,78,0,0
934689,1,28,1529,18,0,23,60558.80,147043,177,78,0,0
934800,1,28,1482,11,0,23,60558.80,147043,177,78,0,0
934914,1,28,1499,2,0,23,60558.80,147043,177,78,0,0
934991,1,28,1483,2,0,23,60558.80,147043,177,78,0,0
935139,1,28,1477,0,0,23,60558.80,147043,177,78,0,0
935261,1,28,1445,0,0,23,60558.80,147043,177,78,0,0
935363,1,28,1477,0,0,23,60559.81,147043,177,78,0,0
935491,1,28,1441,0,0,23,60559.81,147043,177,78,0,0
935616,1,28,1440,0,0,23,60559.81,147043,177,78,0,0
935710,1,27,1471,0,0,23,60559.81,147043,177,78,0,0
935839,1,27,1470,0,0,23,60559.81,147043,177,78,0,0
935961,1,27,1469,0,0,23,60559.81,147043,177,78,0,0
936068,1,27,1437,0,0,23,60559.81,147043,177,78,0,0
936189,1,27,1435,0,0,23,60559.81,147043,177,78,0,0
936300,1,26,1435,0,0,23,60559.81,147043,177,78,0,0
936414,1,26,1435,0,0,23,60559.81,147043,177,78,0,0
936540,1,26,1403,0,0,23,60559.81,147043,177,78,0,0
936639,1,26,1402,0,0,23,60559.81,147043,177,78,0,0
936761,1,26,1370,0,0,23,60559.81,147043,177,78,0,0
936861,1,26,1370,0,0,23,60559.81,147043,177,78,0,0
936990,1,26,1402,0,0,23,60559.81,147043,177,78,0,0
937116,1,25,1402,0,0,23,60559.81,147043,177,78,0,0
937235,1,26,1401,0,0,23,60559.81,147043,177,78,0,0
937339,1,25,1338,0,0,23,60559.81,147043,177,78,0,0
937461,1,25,1337,0,0,23,60559.81,147043,177,78,0,0
937561,1,24,1305,0,0,23,60559.81,147043,177,78,0,0
937689,1,24,1334,0,0,23,60559.81,147043,177,78,0,0
937810,1,25,1333,0,0,23,60559.81,147043,177,78,0,0
937913,1,25,1300,0,0,23,60559.81,147043,177,78,0,0
937990,1,25,1300,0,0,23,60559.81,147043,177,78,0,0
938139,1,24,1300,0,0,23,60559.81,147043,177,78,0,0
938260,1,24,1300,0,0,23,60559.81,147043,177,78,0,0
938361,1,24,1299,0,0,23,60559.81,147043,177,78,0,0
938489,1,24,1267,0,0,23,60559.81,147043,177,78,0,0
938616,1,24,1266,0,4,23,60559.81,147043,177,78,0,0
938710,1,23,1266,0,10,23,60559.81,147043,177,78,0,0
938840,1,23,1233,0,18,23,60559.81,147043,177,78,0,0
938961,1,23,1233,0,26,23,60560.82,147043,177,78,0,0
939061,1,23,1201,0,26,23,60560.82,147043,177,78,0,0
939189,1,23,1199,0,28,23,60560.82,147043,177,78,0,0
939301,1,23,1200,0,28,23,60560.82,147043,177,78,0,0
939414,1,22,1166,0,32,23,60560.82,147043,177,78,0,0
939540,1,22,1166,0,36,23,60560.82,147043,177,78,0,0
939639,1,21,1133,0,52,23,60560.82,147043,177,78,0,0
939761,1,21,1102,0,54,23,60560.82,147043,177,78,0,0
939861,1,20,1102,0,54,23,60560.82,147043,177,78,0,0
939990,1,20,1069,0,54,23,60560.82,147043,177,78,0,0
940116,1,19,1070,0,54,23,60560.82,147043,177,78,0,0
940236,1,19,1072,0,54,23,60560.82,147043,177,78,0,0
940340,1,18,1076,0,52,23,60560.82,147043,177,78,0,0
940461,1,18,1076,0,64,23,60560.82,147043,177,78,0,0
940578,1,17,1073,0,64,23,60560.82,147043,177,78,0,0
940689,1,17,1073,0,68,23,60560.82,147043,177,78,0,0
940810,1,16,1071,0,74,23,60560.82,147043,177,78,0,0
940914,1,16,1071,0,76,23,60560.82,147043,177,78,0,0
941040,1,15,1071,0,82,23,60560.82,147043,177,78,0,0
941139,1,14,1071,0,94,23,60560.82,147043,177,78,0,0
941261,1,13,1071,0,94,23,60560.82,147043,177,78,0,0
941361,1,12,1071,0,88,23,60560.82,147043,177,78,0,0
941489,1,12,1072,0,84,23,60560.82,147043,177,78,0,0
941616,1,11,1073,0,84,23,60560.82,147043,177,78,0,0
941735,1,10,1074,0,80,23,60560.82,147043,177,78,0,0
941839,1,9,1074,0,78,23,60560.82,147043,177,78,0,0
941961,1,8,1075,0,78,23,60560.82,147043,177,78,0,0
942061,1,8,1075,0,68,23,60560.82,147043,177,78,0,0
942190,1,7,1075,0,54,23,60560.82,147043,177,78,0,0
942310,1,7,1043,0,50,23,60560.82,147043,177,78,0,0
942414,1,7,1043,0,48,23,60560.82,147043,177,78,0,0
942510,1,6,1043,0,48,23,60560.82,147043,174,78,0,0
942639,1,5,1043,0,48,23,60560.82,147043,174,78,0,0
942760,1,5,1044,0,46,23,60560.82,147043,174,78,0,0
942861,1,5,1044,0,96,23,60560.82,147043,174,78,0,0
942990,1,4,1033,0,108,23,60560.82,147043,174,78,0,0
943116,1,4,1038,0,108,23,60561.84,147043,174,78,0,0
943235,1,2,1005,0,82,23,60561.84,147043,174,78,0,0
943340,1,0,1003,0,76,23,60561.84,147043,174,78,0,0
943461,1,0,933,0,66,23,60561.84,147043,174,78,0,0
943561,1,0,897,0,56,23,60561.84,147043,174,78,0,0
943689,1,0,884,0,50,23,60561.84,147043,174,78,0,0
943810,1,0,851,0,48,23,60561.84,147043,174,78,0,0
943914,1,0,850,0,42,23,60561.84,147043,174,78,0,0
944039,1,0,849,0,40,23,60561.84,147043,174,78,0,0
944140,1,0,849,0,40,23,60561.84,147043,174,78,0,0
944261,1,0,849,0,38,23,60561.84,147043,174,78,0,0
944361,1,0,849,0,40,23,60561.84,147043,174,78,0,0
944461,1,0,849,0,40,23,60561.84,147043,174,78,0,0
944616,1,0,849,0,38,23,60561.84,147043,174,78,0,0
944735,1,0,849,0,40,23,60561.84,147043,174,78,0,0
944840,1,0,849,0,40,23,60561.84,147043,174,78,0,0
944961,1,0,849,0,40,23,60561.84,147043,174,78,0,0
945062,1,0,849,0,40,23,60561.84,147043,174,78,0,0
945192,1,0,849,0,40,23,60561.84,147043,174,78,0,0
945310,1,0,849,0,38,23,60561.84,147043,174,78,0,0
945414,1,0,849,0,38,23,60561.84,147043,174,78,0,0
945510,1,0,849,0,40,23,60561.84,147043,174,78,0,0
945640,1,0,849,0,40,23,60561.84,147043,174,78,0,0
945761,1,0,849,0,40,23,60561.84,147043,174,78,0,0
945861,1,0,848,0,40,23,60561.84,147043,174,78,0,0
945992,1,0,847,0,40,23,60561.84,147043,174,78,0,0
946115,1,0,847,0,40,23,60561.84,147043,174,78,0,0
946235,1,0,846,0,46,23,60561.84,147043,174,78,0,0
946344,1,0,846,0,48,23,60561.84,147043,174,78,0,0
946462,1,0,846,0,52,23,60561.84,147043,174,78,0,0
946574,1,0,846,0,52,23,60561.84,147043,174,78,0,0
946690,1,0,846,0,54,23,60561.84,147043,174,78,0,0
946809,1,0,846,0,54,23,60561.84,147043,174,78,0,0
946914,1,0,846,0,54,23,60561.84,147043,174,78,0,0
947040,1,0,846,0,54,23,60561.84,147043,174,78,0,0
947142,1,0,846,0,56,23,60562.84,147043,174,78,0,0
947260,1,0,846,0,56,23,60562.84,147043,174,78,0,0
947361,1,0,814,0,56,23,60562.84,147043,174,78,0,0
947490,1,0,846,0,56,23,60562.84,147043,174,78,0,0
947615,1,0,846,0,56,23,60562.84,147043,174,78,0,0
947734,1,0,846,0,56,23,60562.84,147043,174,78,0,0
947840,1,0,847,0,56,23,60562.84,147043,174,78,0,0
947960,1,0,846,0,58,23,60562.84,147043,174,78,0,0
948060,1,0,847,0,56,23,60562.84,147043,174,78,0,0
948192,1,0,847,0,58,23,60562.84,147043,174,78,0,0
948310,1,0,847,0,58,23,60562.84,147043,174,78,0,0
948413,1,0,847,0,58,23,60562.84,147043,174,78,0,0
948490,1,0,847,0,0,23,60562.84,147043,174,78,0,0
948642,1,0,847,0,0,23,60562.84,147043,174,78,0,0
948760,1,0,852,0,0,23,60562.84,147043,174,78,0,0
948860,1,0,929,9,0,23,60562.84,147043,174,78,0,0
948992,1,0,1115,20,0,23,60562.84,147043,174,78,0,0
949116,1,0,1437,26,0,23,60562.84,147043,174,78,0,0
949234,1,0,1577,26,0,23,60562.84,147043,174,78,0,0
949342,1,0,1635,26,0,23,60562.84,147043,174,78,0,0
949449,1,0,1641,26,0,23,60563.88,147043,174,78,0,0
949560,1,2,1640,26,0,23,60563.88,147043,174,78,0,0
949692,1,3,1499,26,0,23,60563.88,147043,174,78,0,0
949809,1,4,1426,28,0,23,60563.88,147043,174,78,0,0
949913,1,5,1386,32,0,23,60563.88,147043,174,78,0,0
950042,1,7,1284,36,0,23,60563.88,147043,174,78,0,0
950160,1,8,1281,45,0,23,60563.88,147043,174,78,0,0
950260,1,9,1471,66,0,23,60564.91,147043,174,78,0,0
950360,1,10,1607,77,0,23,60564.91,147043,174,78,0,0
950492,1,11,1696,77,0,23,60564.91,147043,174,78,0,0
950615,1,12,1818,84,0,23,60564.91,147043,174,78,0,0
950734,1,13,1898,84,0,23,60564.91,147043,174,78,0,0
950842,1,14,2022,84,0,23,60565.99,147043,174,78,0,0
950960,1,14,2129,57,0,23,60565.99,147043,174,78,0,0
951060,1,15,2111,0,0,23,60565.99,147043,174,78,0,0
951192,1,15,1896,0,0,23,60565.99,147043,174,78,0,0
951311,1,15,1866,0,0,23,60565.99,147043,174,78,0,0
951432,1,15,1813,0,0,23,60565.99,147043,174,78,0,0
951492,1,15,1780,0,0,23,60565.99,147043,174,78,0,0
951660,1,16,1524,63,0,23,60565.99,147043,174,78,0,0
951760,1,16,1221,89,0,23,60565.99,147043,174,78,0,0
951892,1,16,1345,107,0,23,60567.03,147043,174,78,0,0
951992,1,17,1340,121,0,23,60567.03,147043,174,78,0,0
952115,1,17,1349,125,0,23,60567.03,147043,174,78,0,0
952235,1,19,1417,136,0,23,60567.03,147043,174,78,0,0
952342,1,19,1525,136,0,23,60567.03,147043,174,78,0,0
952461,1,20,1552,134,0,23,60567.03,147043,174,78,0,0
952560,1,20,1612,126,0,23,60568.06,147043,174,78,0,0
952692,1,21,1634,123,0,23,60568.06,147043,174,78,0,0
952810,1,21,1652,123,0,23,60568.06,147043,174,78,0,0
952930,1,22,1712,123,0,23,60568.06,147043,174,78,0,0
953042,1,23,1811,123,0,23,60569.15,147043,174,78,0,0
953160,1,24,1885,123,0,23,60569.15,147043,174,78,0,0
953260,1,24,1899,123,0,23,60569.15,147043,174,78,0,0
953392,1,25,1971,123,0,23,60569.15,147043,174,78,0,0
953492,1,26,2027,123,0,23,60570.24,147043,174,78,0,0
953615,1,26,2082,119,0,23,60570.24,147043,174,78,0,0
953741,1,28,2161,119,0,23,60570.24,147043,174,78,0,0
953842,1,28,2180,119,0,23,60571.37,147043,174,78,0,0
953960,1,29,2270,118,0,23,60571.37,147043,174,78,0,0
954060,1,30,2298,118,0,23,60571.37,147043,174,78,0,0
954192,1,30,2373,118,0,23,60571.37,147043,174,78,0,0
954309,1,31,2419,64,0,23,60572.49,147043,174,78,0,0
954413,1,31,2394,0,0,23,60572.49,147043,174,78,0,0
954492,1,32,2213,0,0,23,60572.49,147043,174,78,0,0
954660,1,32,2106,0,0,23,60572.49,147043,174,78,0,0
954760,1,32,1976,0,0,23,60572.49,147043,174,78,0,0
954891,1,31,1820,0,0,23,60572.49,147043,174,78,0,0
954992,1,31,1731,19,0,23,60572.49,147043,174,79,0,0
955115,1,31,1705,105,0,23,60572.49,147043,174,79,0,0
955235,1,31,1711,116,0,23,60573.51,147043,174,79,0,0
955342,1,31,1704,122,0,23,60573.51,147043,174,79,0,0
955461,1,32,1722,124,0,23,60573.51,147043,174,79,0,0
955568,1,32,1713,124,0,23,60573.51,147043,174,79,0,0
955693,1,32,1773,125,0,23,60573.51,147043,174,79,0,0
955809,1,33,1773,125,0,23,60574.52,147043,174,79,0,0
955929,1,33,1822,125,0,23,60574.52,147043,174,79,0,0
955992,1,34,1823,125,0,23,60574.52,147043,174,79,0,0
956142,1,34,1855,124,0,23,60574.52,147043,174,79,0,0
956260,1,35,1857,120,0,23,60575.63,147043,174,79,0,0
956360,1,35,1897,115,0,23,60575.63,147043,174,79,0,0
956492,1,35,1897,111,0,23,60575.63,147043,174,79,0,0
956615,1,36,1934,108,0,23,60576.64,147043,174,79,0,0
956734,1,37,1980,108,0,23,60576.64,147043,174,79,0,0
956842,1,37,2005,105,0,23,60576.64,147043,174,79,0,0
956961,1,37,2004,105,0,23,60576.64,147043,174,79,0,0
957060,1,37,2006,104,0,23,60577.68,147043,174,79,0,0
957192,1,38,2024,103,0,23,60577.68,147043,174,79,0,0
957309,1,38,2048,101,0,23,60577.68,147043,174,79,0,0
957413,1,38,2051,100,0,23,60577.68,147043,174,79,0,0
957509,1,39,2082,99,0,23,60578.68,147043,174,79,0,0
957642,1,39,2108,97,0,23,60578.68,147043,174,79,0,0
957760,1,39,2134,96,0,23,60578.68,147043,174,79,0,0
957860,1,40,2128,93,0,23,60578.68,147043,174,79,0,0
957992,1,40,2134,92,0,23,60579.74,147043,174,79,0,0
958115,1,40,2159,89,0,23,60579.74,147043,174,79,0,0
958234,1,40,2150,77,0,23,60579.74,147043,174,79,0,0
958342,1,41,2141,7,0,23,60579.74,147043,174,79,0,0
958460,1,41,2090,0,0,23,60579.74,147043,174,79,0,0
958561,1,40,2036,0,0,23,60579.74,147043,174,79,0,0
958692,1,40,1761,0,0,23,60579.74,147043,174,79,0,0
958809,1,40,1675,0,0,23,60579.74,147043,174,79,0,0
958913,1,40,1641,14,0,23,60580.74,147043,174,79,0,0
959009,1,40,1655,61,0,23,60580.74,147043,174,79,0,0
959160,1,39,1591,85,0,23,60580.74,147043,174,79,0,0
959260,1,39,1581,90,0,23,60580.74,147043,174,79,0,0
959392,1,39,1622,90,0,23,60580.74,147043,174,79,0,0
959492,1,40,1626,93,0,23,60580.74,147043,174,79,0,0
959615,1,40,1602,99,0,23,60580.74,147043,174,79,0,0
959734,1,40,1611,99,0,23,60580.74,147043,174,79,0,0
959842,1,40,1620,99,0,23,60581.78,147043,174,79,0,0
959960,1,40,1629,96,0,23,60581.78,147043,174,79,0,0
960060,1,40,1631,95,0,23,60581.78,147043,174,79,0,0
960192,1,41,1654,91,0,23,60581.78,147043,174,79,0,0
960310,1,41,1642,88,0,23,60581.78,147043,174,79,0,0
960431,1,41,1660,86,0,23,60582.78,147043,174,79,0,0
960542,1,41,1644,83,0,23,60582.78,147043,174,79,0,0
960660,1,41,1662,81,0,23,60582.78,147043,174,79,0,0
960760,1,42,1680,78,0,23,60582.78,147043,174,79,0,0
960891,1,42,1676,77,0,23,60582.78,147043,174,79,0,0
960992,1,42,1675,76,0,23,60582.78,147043,174,79,0,0
961115,1,42,1672,73,0,23,60582.78,147043,174,79,0,0
961234,1,42,1674,72,0,23,60583.80,147043,174,79,0,0
961334,1,42,1676,72,0,23,60583.80,147043,174,79,0,0
961461,1,42,1679,72,0,23,60583.80,147043,174,79,0,0
961560,1,42,1679,71,0,23,60583.80,147043,174,79,0,0
961692,1,42,1680,69,0,23,60583.80,147043,174,79,0,0
961809,1,42,1681,68,0,23,60583.80,147043,174,79,0,0
961913,1,42,1705,67,0,23,60583.80,147043,174,79,0,0
961975,1,42,1705,67,0,23,60583.80,147043,174,79,0,0
962142,1,42,1704,65,0,23,60584.84,147043,174,79,0,0
962260,1,43,1670,62,0,23,60584.84,147043,174,79,0,0
962360,1,43,1696,52,0,23,60584.84,147043,174,79,0,0
962492,1,43,1726,38,0,23,60584.84,147043,174,79,0,0
962615,1,43,1720,24,0,23,60584.84,147043,174,79,0,0
962734,1,43,1672,11,0,23,60584.84,147043,174,79,0,0
962842,1,42,1686,0,0,23,60584.84,147043,174,79,0,0
962960,1,42,1672,0,0,23,60584.84,147043,174,79,0,0
963060,1,42,1688,0,0,23,60584.84,147043,174,79,0,0
963191,1,42,1681,0,0,23,60584.84,147043,174,79,0,0
963309,1,42,1681,0,0,23,60584.84,147043,174,79,0,0
963413,1,42,1678,0,0,23,60584.84,147043,174,79,0,0
963541,1,42,1646,0,0,23,60584.84,147043,174,79,0,0
963642,1,42,1645,0,0,23,60584.84,147043,174,79,0,0
963760,1,41,1645,0,0,23,60584.84,147043,174,79,0,0
963860,1,41,1644,0,0,23,60585.85,147043,174,79,0,0
963991,1,41,1641,0,0,23,60585.85,147043,174,79,0,0
964115,1,41,1615,0,0,23,60585.85,147043,174,79,0,0
964233,1,41,1656,0,0,23,60585.85,147043,174,79,0,0
964341,1,41,1614,0,0,23,60585.85,147043,174,79,0,0
964460,1,41,1627,0,0,23,60585.85,147043,174,79,0,0
964563,1,40,1570,0,0,23,60585.85,147043,174,79,0,0
964691,1,40,1613,13,0,23,60585.85,147043,174,79,0,0
964809,1,40,1619,19,0,23,60585.85,147043,174,79,0,0
964913,1,40,1600,19,0,23,60585.85,147043,174,79,0,0
965009,1,40,1574,19,0,23,60585.85,147043,174,79,0,0
965141,1,40,1583,19,0,23,60585.85,147043,174,79,0,0
965260,1,40,1585,19,0,23,60585.85,147043,174,79,0,0
965360,1,40,1586,19,0,23,60585.85,147043,174,79,0,0
965491,1,40,1585,19,0,23,60585.85,147043,174,79,0,0
965615,1,39,1585,19,0,23,60585.85,147043,174,79,0,0
965734,1,39,1585,15,0,23,60585.85,147043,174,79,0,0
965843,1,39,1585,15,0,23,60585.85,147043,174,79,0,0
965960,1,39,1553,15,0,23,60585.85,147043,174,79,0,0
966060,1,39,1583,15,0,23,60585.85,147043,174,79,0,0
966192,1,39,1547,15,0,23,60585.85,147043,174,79,0,0
966309,1,39,1546,0,0,23,60586.86,147043,174,79,0,0
966413,1,39,1542,0,0,23,60586.86,147043,174,79,0,0
966537,1,39,1557,0,0,23,60586.86,147043,174,79,0,0
966641,1,39,1516,0,0,23,60586.86,147043,174,79,0,0
966759,1,39,1546,0,0,23,60586.86,147043,174,79,0,0
966860,1,39,1545,0,0,23,60586.86,147043,174,79,0,0
966960,1,39,1544,0,0,23,60586.86,147043,174,79,0,0
967116,1,38,1511,0,0,23,60586.86,147043,174,79,0,0
967234,1,38,1510,0,0,23,60586.86,147043,174,79,0,0
967342,1,38,1510,0,0,23,60586.86,147043,174,79,0,0
967461,1,38,1510,0,0,23,60586.86,147043,174,79,0,0
967561,1,38,1477,0,0,23,60586.86,147043,174,79,0,0
967692,1,38,1490,0,0,23,60586.86,147043,174,79,0,0
967809,1,37,1477,0,0,23,60586.86,147043,174,79,0,0
967913,1,37,1489,0,0,23,60586.86,147043,174,79,0,0
968009,1,37,1473,0,0,23,60586.86,147043,174,79,0,0
968160,1,37,1472,0,0,23,60586.86,147043,174,79,0,0
968260,1,37,1440,0,0,23,60586.86,147043,174,79,0,0
968391,1,37,1471,0,0,23,60586.86,147043,174,79,0,0
968491,1,36,1471,0,0,23,60586.86,147043,174,79,0,0
968616,1,36,1469,30,0,23,60586.86,147043,174,79,0,0
968734,1,36,1503,38,0,23,60586.86,147043,174,79,0,0
968841,1,36,1466,39,0,23,60586.86,147043,174,79,0,0
968960,1,36,1437,39,0,23,60586.86,147043,174,79,0,0
969060,1,36,1453,39,0,23,60586.86,147043,174,79,0,0
969191,1,36,1446,39,0,23,60587.86,147043,174,79,0,0
969309,1,36,1411,39,0,23,60587.86,147043,174,79,0,0
969434,1,36,1442,39,0,23,60587.86,147043,174,79,0,0
969549,1,36,1441,39,0,23,60587.86,147043,174,79,0,0
969660,1,36,1442,39,0,23,60587.86,147043,174,79,0,0
969760,1,36,1446,36,0,23,60587.86,147043,174,79,0,0
969891,1,36,1448,23,0,23,60587.86,147043,174,79,0,0
969991,1,36,1434,14,0,23,60587.86,147043,174,79,0,0
970134,1,36,1470,13,0,23,60587.86,147043,174,79,0,0
970241,1,36,1431,13,0,23,60587.86,147043,174,79,0,0
970361,1,36,1430,13,0,23,60587.86,147043,174,79,0,0
970460,1,36,1429,13,0,23,60587.86,147043,174,79,0,0
970591,1,36,1430,16,0,23,60587.86,147043,174,79,0,0
970711,1,35,1431,20,0,23,60587.86,147043,174,79,0,0
970810,1,36,1436,25,0,23,60587.86,147043,174,79,0,0
970941,1,36,1408,25,0,23,60588.86,147043,174,79,0,0
971060,1,36,1421,28,0,23,60588.86,147043,174,79,0,0
971242,1,36,1431,34,0,23,60588.86,147043,174,79,0,0
971360,1,36,1435,34,0,23,60588.86,147043,174,79,0,0
971460,1,35,1414,34,0,23,60588.86,147043,174,79,0,0
971591,1,35,1416,34,0,23,60588.86,147043,174,79,0,0
971691,1,36,1416,34,0,23,60588.86,147043,174,79,0,0
971810,1,36,1414,34,0,23,60588.86,147043,174,79,0,0
971934,1,36,1411,34,0,23,60588.86,147043,174,79,0,0
972049,1,36,1409,36,0,23,60588.86,147043,174,79,0,0
972160,1,36,1408,39,0,23,60588.86,147043,174,79,0,0
972260,1,36,1440,48,0,23,60588.86,147043,174,79,0,0
972391,1,36,1460,53,0,23,60588.86,147043,174,79,0,0
972491,1,36,1420,53,0,23,60588.86,147043,171,79,0,0
972615,1,36,1423,23,0,23,60589.89,147043,171,79,0,0
972741,1,36,1447,0,0,23,60589.89,147043,171,79,0,0
972859,1,36,1410,0,0,23,60589.89,147043,171,79,0,0
972962,1,36,1437,0,0,23,60589.89,147043,171,79,0,0
973060,1,36,1417,0,0,23,60589.89,147043,171,79,0,0
973191,1,36,1408,0,0,23,60589.89,147043,171,79,0,0
973309,1,36,1438,1,0,23,60589.89,147043,171,79,0,0
973413,1,36,1438,1,0,23,60589.89,147043,171,79,0,0
973541,1,35,1437,1,0,23,60589.89,147043,171,79,0,0
973659,1,35,1437,1,0,23,60589.89,147043,171,79,0,0
973760,1,35,1437,1,0,23,60589.89,147043,171,79,0,0
973860,1,35,1436,1,0,23,60589.89,147043,171,79,0,0
974008,1,35,1403,1,0,23,60589.89,147043,171,79,0,0
974115,1,35,1402,1,0,23,60589.89,147043,171,79,0,0
974234,1,35,1402,9,0,23,60589.89,147043,171,79,0,0
974341,1,35,1402,26,0,23,60589.89,147043,171,79,0,0
974460,1,35,1377,40,0,23,60589.89,147043,171,79,0,0
974559,1,35,1466,43,0,23,60589.89,147043,171,79,0,0
974691,1,35,1379,43,0,23,60589.89,147043,171,79,0,0
974809,1,35,1376,43,0,23,60589.89,147043,171,79,0,0
974915,1,35,1391,43,0,23,60590.93,147043,171,79,0,0
974960,1,35,1391,43,0,23,60590.93,147043,171,79,0,0
975159,1,35,1384,39,0,23,60590.93,147043,171,79,0,0
975260,1,35,1384,33,0,23,60590.93,147043,171,79,0,0
975359,1,35,1382,33,0,23,60590.93,147043,171,79,0,0
975462,1,35,1407,33,0,23,60590.93,147043,171,79,0,0
975614,1,35,1402,33,0,23,60590.93,147043,171,79,0,0
975734,1,35,1403,33,0,23,60590.93,147043,171,79,0,0
975842,1,35,1403,33,0,23,60590.93,147043,171,79,0,0
975960,1,35,1405,33,0,23,60590.93,147043,171,79,0,0
976063,1,35,1407,33,0,23,60590.93,147043,171,79,0,0
976191,1,35,1378,33,0,23,60590.93,147043,171,79,0,0
976309,1,35,1379,33,0,23,60590.93,147043,171,79,0,0
976412,1,35,1379,33,0,23,60590.93,147043,171,79,0,0
976509,1,35,1379,33,0,23,60590.93,147043,171,79,0,0
976641,1,35,1379,38,0,23,60591.94,147043,171,80,0,0
976759,1,35,1379,45,0,23,60591.94,147043,171,80,0,0
976863,1,35,1414,50,0,23,60591.94,147043,171,80,0,0
976992,1,35,1416,50,0,23,60591.94,147043,171,80,0,0
977114,1,35,1414,50,0,23,60591.94,147043,171,80,0,0
977209,1,35,1411,50,0,23,60591.94,147043,171,80,0,0
977341,1,35,1439,50,0,23,60591.94,147043,171,80,0,0
977460,1,35,1437,50,0,23,60591.94,147043,171,80,0,0
977559,1,36,1437,50,0,23,60591.94,147043,171,80,0,0
977691,1,35,1410,50,0,23,60591.94,147043,171,80,0,0
977799,1,36,1413,50,0,23,60591.94,147043,171,80,0,0
977912,1,36,1413,50,0,23,60592.96,147043,171,80,0,0
977991,1,36,1415,50,0,23,60592.96,147043,171,80,0,0
978141,1,36,1417,50,0,23,60592.96,147043,171,80,0,0
978259,1,36,1450,50,0,23,60592.96,147043,171,80,0,0
978359,1,36,1452,50,0,23,60592.96,147043,171,80,0,0
978491,1,36,1452,51,0,23,60592.96,147043,171,80,0,0
978614,1,36,1452,51,0,23,60592.96,147043,171,80,0,0
978709,1,36,1452,51,0,23,60592.96,147043,171,80,0,0
978841,1,36,1452,51,0,23,60592.96,147043,171,80,0,0
978941,1,36,1453,51,0,23,60592.96,147043,171,80,0,0
979067,1,37,1455,51,0,23,60592.96,147043,171,80,0,0
979179,1,37,1455,46,0,23,60593.96,147043,171,80,0,0
979298,1,37,1444,44,0,23,60593.96,147043,171,80,0,0
979412,1,37,1463,43,0,23,60593.96,147043,171,80,0,0
979509,1,37,1494,43,0,23,60593.96,147043,171,80,0,0
979641,1,37,1495,43,0,23,60593.96,147043,171,80,0,0
979759,1,37,1496,42,0,23,60593.96,147043,171,80,0,0
979859,1,37,1497,27,0,23,60593.96,147043,171,80,0,0
979993,1,37,1447,22,0,23,60593.96,147043,171,80,0,0
980091,1,37,1487,21,0,23,60593.96,147043,171,80,0,0
980209,1,37,1481,21,0,23,60593.96,147043,171,80,0,0
980334,1,37,1480,22,0,23,60593.96,147043,171,80,0,0
980448,1,37,1485,23,0,23,60593.96,147043,171,80,0,0
980559,1,37,1486,32,0,23,60593.96,147043,171,80,0,0
980678,1,37,1490,33,0,23,60594.97,147043,171,80,0,0
980798,1,37,1458,33,0,23,60594.97,147043,171,80,0,0
980912,1,37,1490,33,0,23,60594.97,147043,171,80,0,0
980991,1,37,1488,33,0,23,60594.97,147043,171,80,0,0
981142,1,37,1483,34,0,23,60594.97,147043,171,80,0,0
981259,1,37,1483,34,0,23,60594.97,147043,171,80,0,0
981359,1,37,1483,34,0,23,60594.97,147043,171,80,0,0
981459,1,37,1483,34,0,23,60594.97,147043,171,80,0,0
981591,1,37,1486,34,0,23,60594.97,147043,171,80,0,0
981709,1,37,1486,34,0,23,60594.97,147043,171,80,0,0
981834,1,37,1488,34,0,23,60594.97,147043,171,80,0,0
981941,1,37,1488,28,0,23,60594.97,147043,171,80,0,0
982060,1,37,1486,26,0,23,60594.97,147043,171,80,0,0
982178,1,37,1479,24,0,23,60596.00,147043,171,80,0,0
982291,1,37,1490,24,0,23,60596.00,147043,171,80,0,0
982391,1,37,1487,23,0,23,60596.00,147043,171,80,0,0
982509,1,37,1488,11,0,23,60596.00,147043,171,80,0,0
982634,1,37,1482,10,0,23,60596.00,147043,171,80,0,0
982742,1,37,1501,9,0,23,60596.00,147043,171,80,0,0
982859,1,37,1461,9,0,23,60596.00,147043,171,80,0,0
982959,1,37,1489,9,0,23,60596.00,147043,171,80,0,0
983091,1,36,1458,8,0,23,60596.00,147043,171,80,0,0
983209,1,36,1490,8,0,23,60596.00,147043,171,80,0,0
983309,1,37,1457,3,0,23,60596.00,147043,171,80,0,0
983442,1,36,1457,0,0,23,60596.00,147043,171,80,0,0
983559,1,36,1420,0,0,23,60596.00,147043,171,80,0,0
983659,1,36,1415,0,0,23,60596.00,147043,171,80,0,0
983759,1,36,1445,0,0,23,60596.00,147043,171,80,0,0
983891,1,36,1443,0,0,23,60596.00,147043,171,80,0,0
983991,1,36,1441,0,0,23,60596.00,147043,171,80,0,0
984134,1,36,1441,0,0,23,60596.00,147043,171,80,0,0
984241,1,36,1409,0,0,23,60596.00,147043,171,80,0,0
984360,1,36,1409,0,0,23,60596.00,147043,171,80,0,0
984460,1,36,1439,0,0,23,60596.00,147043,171,80,0,0
984592,1,36,1438,0,0,23,60597.02,147043,171,80,0,0
984709,1,35,1437,0,0,23,60597.02,147043,171,80,0,0
984809,1,35,1437,0,0,23,60597.02,147043,171,80,0,0
984941,1,35,1405,0,0,23,60597.02,147043,171,80,0,0
985049,1,35,1404,0,0,23,60597.02,147043,171,80,0,0
985166,1,35,1404,0,0,23,60597.02,147043,171,80,0,0
985259,1,35,1403,0,0,23,60597.02,147043,171,80,0,0
985391,1,35,1403,0,0,23,60597.02,147043,171,80,0,0
985492,1,35,1402,0,0,23,60597.02,147043,171,80,0,0
985633,1,34,1402,0,0,23,60597.02,147043,171,80,0,0
985741,1,34,1369,0,0,23,60597.02,147043,171,80,0,0
985859,1,34,1369,0,0,23,60597.02,147043,171,80,0,0
985959,1,34,1370,0,0,23,60597.02,147043,171,80,0,0
986091,1,34,1369,0,0,23,60597.02,147043,171,80,0,0
986192,1,34,1369,0,0,23,60597.02,147043,171,80,0,0
986309,1,34,1370,0,0,23,60597.02,147043,171,80,0,0
986434,1,34,1338,0,0,23,60597.02,147043,171,80,0,0
986510,1,34,1338,0,0,23,60597.02,147043,171,80,0,0
986659,1,33,1338,0,4,23,60597.02,147043,171,80,0,0
986759,1,33,1337,0,8,23,60597.02,147043,171,80,0,0
986892,1,33,1337,0,10,23,60597.02,147043,171,80,0,0
986992,1,33,1337,0,10,23,60597.02,147043,171,80,0,0
987114,1,33,1337,0,12,23,60597.02,147043,171,80,0,0
987241,1,33,1305,0,12,23,60597.02,147043,171,80,0,0
987342,1,32,1305,0,14,23,60597.02,147043,171,80,0,0
987460,1,32,1305,0,14,23,60597.02,147043,171,80,0,0
987559,1,32,1304,0,14,23,60597.02,147043,171,80,0,0
987692,1,32,1272,0,14,23,60597.02,147043,171,80,0,0
987808,1,32,1271,0,14,23,60597.02,147043,171,79,0,0
987933,1,32,1271,0,14,23,60597.02,147043,171,79,0,0
988041,1,31,1270,0,14,23,60597.02,147043,171,79,0,0
988159,1,31,1269,0,14,23,60598.02,147043,171,79,0,0
988259,1,31,1269,0,22,23,60598.02,147043,171,79,0,0
988392,1,31,1236,0,26,23,60598.02,147043,171,79,0,0
988492,1,31,1235,0,28,23,60598.02,147043,171,79,0,0
988615,1,30,1203,0,28,23,60598.02,147043,171,79,0,0
988734,1,30,1234,0,30,23,60598.02,147043,171,79,0,0
988841,1,30,1169,0,32,23,60598.02,147043,171,79,0,0
988959,1,30,1170,0,32,23,60598.02,147043,171,79,0,0
989059,1,29,1137,0,32,23,60598.02,147043,171,79,0,0
989192,1,29,1103,0,2,23,60598.02,147043,171,79,0,0
989308,1,29,1071,0,8,23,60598.02,147043,171,79,0,0
989412,1,29,1073,0,2,23,60598.02,147043,171,79,0,0
989509,1,29,1077,0,0,23,60598.02,147043,171,79,0,0
989642,1,28,1115,0,0,23,60598.02,147043,171,79,0,0
989759,1,28,1118,0,0,23,60598.02,147043,171,79,0,0
989859,1,28,1115,0,0,23,60598.02,147043,171,79,0,0
989959,1,28,1109,0,0,23,60598.02,147043,171,79,0,0
990114,1,28,1107,8,0,23,60598.02,147043,171,79,0,0
990208,1,28,1140,18,0,23,60598.02,147043,171,79,0,0
990342,1,28,1567,27,0,23,60598.02,147043,171,79,0,0
990460,1,28,1556,29,0,23,60598.02,147043,171,79,0,0
990559,1,27,1416,31,0,23,60598.02,147043,171,79,0,0
990678,1,28,1489,60,0,23,60598.02,147043,171,79,0,0
990798,1,28,1524,73,0,23,60598.02,147043,171,79,0,0
990913,1,28,1532,76,0,23,60598.02,147043,171,79,0,0
991034,1,28,1531,76,0,23,60599.06,147043,171,79,0,0
991142,1,28,1562,76,0,23,60599.06,147043,171,79,0,0
991259,1,29,1560,74,0,23,60599.06,147043,171,79,0,0
991359,1,29,1594,73,0,23,60599.06,147043,171,79,0,0
991492,1,29,1558,73,0,23,60599.06,147043,171,79,0,0
991592,1,29,1584,73,0,23,60599.06,147043,171,79,0,0
991708,1,29,1579,73,0,23,60599.06,147043,171,79,0,0
991833,1,30,1580,73,0,23,60599.06,147043,171,79,0,0
991944,1,31,1610,73,0,23,60600.07,147043,171,79,0,0
992060,1,30,1611,73,0,23,60600.07,147043,171,79,0,0
992178,1,30,1640,73,0,23,60600.07,147043,171,79,0,0
992298,1,30,1609,73,0,23,60600.07,147043,171,79,0,0
992412,1,30,1639,73,0,23,60600.07,147043,171,79,0,0
992508,1,31,1643,73,0,23,60600.07,147043,171,79,0,0
992642,1,31,1680,73,0,23,60600.07,147043,171,79,0,0
992759,1,31,1684,73,0,23,60601.11,147043,171,79,0,0
992859,1,32,1718,73,0,23,60601.11,147043,171,79,0,0
992959,1,32,1719,48,0,23,60601.11,147043,171,79,0,0
993092,1,32,1631,0,0,23,60601.11,147043,171,79,0,0
993208,1,32,1626,0,0,23,60601.11,147043,171,79,0,0
993333,1,32,1549,0,0,23,60601.11,147043,171,79,0,0
993449,1,32,1446,0,0,23,60601.11,147043,171,79,0,0
993560,1,32,1411,0,0,23,60601.11,147043,171,79,0,0
993678,1,32,1378,0,0,23,60601.11,147043,171,79,0,0
993792,1,32,1375,9,0,23,60601.11,147043,171,79,0,0
993892,1,32,1322,23,0,23,60601.11,147043,171,79,0,0
993993,1,32,1284,32,0,23,60601.11,147043,171,79,0,0
994142,1,32,1299,59,0,23,60601.11,147043,171,79,0,0
994242,1,32,1292,66,0,23,60601.11,147043,171,79,0,0
994359,1,32,1321,76,0,23,60602.14,147043,171,79,0,0
994459,1,32,1305,80,0,23,60602.14,147043,171,79,0,0
994593,1,33,1302,81,0,23,60602.14,147043,171,79,0,0
994708,1,33,1341,81,0,23,60602.14,147043,171,79,0,0
994808,1,33,1341,81,0,23,60602.14,147043,171,79,0,0
994942,1,33,1341,79,0,23,60602.14,147043,171,79,0,0
995059,1,33,1340,77,0,23,60602.14,147043,171,79,0,0
995159,1,33,1371,71,0,23,60602.14,147043,171,79,0,0
995259,1,34,1331,69,0,23,60602.14,147043,171,79,0,0
995392,1,34,1368,65,0,23,60603.18,147043,171,79,0,0
995492,1,34,1355,61,0,23,60603.18,147043,171,79,0,0
995633,1,34,1348,58,0,23,60603.18,147043,171,79,0,0
995742,1,34,1344,55,0,23,60603.18,147043,171,79,0,0
995859,1,34,1345,52,0,23,60603.18,147043,171,79,0,0
995959,1,34,1377,47,0,23,60603.18,147043,171,79,0,0
996092,1,34,1399,44,0,23,60603.18,147043,171,79,0,0
996208,1,34,1391,39,0,23,60603.18,147043,171,79,0,0
996308,1,34,1387,38,0,23,60603.18,147043,171,79,0,0
996433,1,35,1379,34,0,23,60603.18,147043,171,79,0,0
996548,1,35,1378,34,0,23,60603.18,147043,171,79,0,0
996659,1,35,1377,33,0,23,60603.18,147043,171,79,0,0
996759,1,34,1403,31,0,23,60604.18,147043,171,79,0,0
996892,1,34,1403,30,0,23,60604.18,147043,171,79,0,0
996992,1,35,1400,30,0,23,60604.18,147043,171,79,0,0
997133,1,35,1398,27,0,23,60604.18,147043,171,79,0,0
997242,1,35,1398,27,0,23,60604.18,147043,171,79,0,0
997359,1,35,1394,27,0,23,60604.18,147043,171,79,0,0
997459,1,34,1392,26,0,23,60604.18,147043,171,79,0,0
997592,1,35,1388,25,0,23,60604.18,147043,171,79,0,0
997708,1,35,1387,9,0,23,60604.18,147043,171,79,0,0
997808,1,34,1383,4,0,23,60604.18,147043,171,79,0,0
997933,1,35,1396,4,0,23,60604.18,147043,171,79,0,0
998049,1,34,1348,3,0,23,60604.18,147043,171,79,0,0
998159,1,34,1375,2,0,23,60604.18,147043,171,79,0,0
998259,1,34,1373,2,0,23,60604.18,147043,171,79,0,0
998392,1,34,1372,2,0,23,60604.18,147043,171,79,0,0
998507,1,34,1371,2,0,23,60604.18,147043,171,79,0,0
998614,1,34,1369,2,0,23,60604.18,147043,171,79,0,0
998742,1,34,1369,2,0,23,60604.18,147043,171,79,0,0
998842,1,34,1336,2,0,23,60604.18,147043,171,79,0,0
998959,1,34,1368,2,0,23,60604.18,147043,171,79,0,0
999059,1,34,1368,2,0,23,60605.19,147043,171,79,0,0
999192,1,34,1368,3,0,23,60605.19,147043,171,79,0,0
999308,1,34,1368,3,0,23,60605.19,147043,171,79,0,0
999431,1,34,1369,3,0,23,60605.19,147043,171,79,0,0
999508,1,33,1369,3,0,23,60605.19,147043,171,79,0,0
999659,1,33,1336,3,0,23,60605.19,147043,171,79,0,0
999759,1,33,1336,6,0,23,60605.19,147043,171,79,0,0
999859,1,33,1336,17,0,23,60605.19,147043,171,79,0,0
999993,1,33,1321,21,0,23,60605.19,147043,171,79,0,0
1000114,1,33,1330,22,0,23,60605.19,147043,171,79,0,0
1000241,1,33,1335,34,0,23,60605.19,147043,171,79,0,0
1000342,1,33,1370,35,0,23,60605.19,147043,171,79,0,0
1000462,1,33,1323,37,0,23,60605.19,147043,171,79,0,0
1000560,1,33,1304,37,0,23,60605.19,147043,171,79,0,0
1000692,1,32,1333,41,0,23,60605.19,147043,171,79,0,0
1000809,1,33,1368,43,0,23,60605.19,147043,171,79,0,0
1000928,1,33,1313,43,0,23,60605.19,147043,171,79,0,0
1001008,1,33,1315,43,0,23,60605.19,147043,171,79,0,0
1001159,1,33,1314,42,0,23,60605.19,147043,171,79,0,0
1001259,1,33,1318,38,0,23,60605.19,147043,171,79,0,0
1001392,1,33,1316,35,0,23,60606.21,147043,171,79,0,0
1001492,1,33,1341,35,0,23,60606.21,147043,171,79,0,0
1001614,1,33,1307,29,0,23,60606.21,147043,171,79,0,0
1001733,1,33,1338,28,0,23,60606.21,147043,171,79,0,0
1001842,1,33,1329,27,0,23,60606.21,147043,171,79,0,0
1001959,1,33,1320,27,0,23,60606.21,147043,171,79,0,0
1002059,1,33,1319,25,0,23,60606.21,147043,171,79,0,0
1002192,1,33,1318,25,0,23,60606.21,147043,171,79,0,0
1002307,1,33,1314,25,0,23,60606.21,147043,171,79,0,0
1002412,1,33,1315,23,0,23,60606.21,147043,171,79,0,0
1002540,1,33,1314,23,0,23,60606.21,147043,172,79,0,0
1002642,1,33,1315,22,0,23,60606.21,147043,172,79,0,0
1002759,1,33,1314,22,0,23,60606.21,147043,172,79,0,0
1002859,1,33,1314,22,0,23,60606.21,147043,172,79,0,0
1002992,1,33,1312,21,0,23,60606.21,147043,172,79,0,0
1003114,1,33,1312,20,0,23,60606.21,147043,172,79,0,0
1003210,1,33,1341,20,0,23,60606.21,147043,172,79,0,0
1003342,1,33,1340,20,0,23,60607.21,147043,172,79,0,0
1003448,1,33,1340,17,0,23,60607.21,147043,172,79,0,0
1003564,1,33,1342,15,0,23,60607.21,147043,172,79,0,0
1003678,1,33,1341,14,0,23,60607.21,147043,172,79,0,0
1003798,1,33,1334,14,0,23,60607.21,147043,172,79,0,0
1003912,1,33,1301,14,0,23,60607.21,147043,172,79,0,0
1004008,1,33,1333,18,0,23,60607.21,147043,172,79,0,0
1004143,1,33,1333,18,0,23,60607.21,147043,172,79,0,0
1004259,1,33,1306,19,0,23,60607.21,147043,172,79,0,0
1004359,1,33,1341,25,0,23,60607.21,147043,172,79,0,0
1004492,1,33,1316,25,0,23,60607.21,147043,172,79,0,0
1004593,1,32,1288,25,0,23,60607.21,147043,172,79,0,0
1004708,1,33,1290,24,0,23,60607.21,147043,172,79,0,0
1004833,1,33,1292,24,0,23,60607.21,147043,172,79,0,0
1004942,1,32,1289,23,0,23,60607.21,147043,172,79,0,0
1005058,1,32,1288,23,0,23,60607.21,147043,172,79,0,0
1005178,1,33,1286,22,0,23,60607.21,147043,172,79,0,0
1005297,1,33,1282,22,0,23,60607.21,147043,172,79,0,0
1005411,1,33,1282,22,0,23,60607.21,147043,172,79,0,0
1005492,1,32,1281,22,0,23,60608.21,147043,172,79,0,0
1005642,1,32,1281,22,0,23,60608.21,147043,172,79,0,0
1005758,1,32,1282,22,0,23,60608.21,147043,172,79,0,0
1005858,1,32,1284,23,0,23,60608.21,147043,172,79,0,0
1005959,1,33,1284,25,0,23,60608.21,147043,172,79,0,0
1006095,1,33,1286,25,0,23,60608.21,147043,172,79,0,0
1006209,1,33,1289,27,0,23,60608.21,147043,172,79,0,0
1006333,1,33,1325,29,0,23,60608.21,147043,172,79,0,0
1006447,1,33,1327,31,0,23,60608.21,147043,172,79,0,0
1006558,1,33,1326,31,0,23,60608.21,147043,172,79,0,0
1006678,1,33,1330,32,0,23,60608.21,147043,172,79,0,0
1006793,1,33,1332,32,0,23,60608.21,147043,172,79,0,0
1006911,1,33,1333,32,0,23,60608.21,147043,172,79,0,0
1007008,1,33,1333,32,0,23,60608.21,147043,172,79,0,0
1007142,1,33,1333,32,0,23,60608.21,147043,172,79,0,0
1007258,1,33,1332,33,0,23,60608.21,147043,172,79,0,0
1007358,1,33,1333,34,0,23,60609.22,147043,172,79,0,0
1007460,1,33,1335,35,0,23,60609.22,147043,172,79,0,0
1007593,1,33,1339,37,0,23,60609.22,147043,172,79,0,0
1007708,1,33,1314,40,0,23,60609.22,147043,172,79,0,0
1007833,1,33,1314,41,0,23,60609.22,147043,172,79,0,0
1007942,1,33,1314,41,0,23,60609.22,147043,172,79,0,0
1008058,1,33,1314,41,0,23,60609.22,147043,172,79,0,0
1008179,1,34,1347,44,0,23,60609.22,147043,172,79,0,0
1008294,1,34,1354,44,0,23,60609.22,147043,172,79,0,0
1008411,1,34,1325,44,0,23,60609.22,147043,172,78,0,0
1008508,1,34,1358,44,0,23,60609.22,147043,172,78,0,0
1008642,1,34,1360,44,0,23,60609.22,147043,172,78,0,0
1008758,1,34,1362,44,0,23,60609.22,147043,172,78,0,0
1008858,1,34,1363,44,0,23,60609.22,147043,172,78,0,0
1008958,1,34,1362,44,0,23,60610.24,147043,172,78,0,0
1009092,1,34,1358,44,0,23,60610.24,147043,172,78,0,0
1009208,1,34,1356,44,0,23,60610.24,147043,172,78,0,0
1009333,1,34,1389,44,0,23,60610.24,147043,172,78,0,0
1009451,1,34,1388,44,0,23,60610.24,147043,172,78,0,0
1009558,1,34,1392,44,0,23,60610.24,147043,172,78,0,0
1009678,1,35,1392,44,0,23,60610.24,147043,172,78,0,0
1009798,1,35,1394,44,0,23,60610.24,147043,172,78,0,0
1009911,1,35,1394,44,0,23,60610.24,147043,172,78,0,0
1010008,1,35,1394,44,0,23,60610.24,147043,172,78,0,0
1010143,1,35,1422,37,0,23,60610.24,147043,172,78,0,0
1010259,1,35,1420,37,0,23,60610.24,147043,172,78,0,0
1010358,1,35,1385,30,0,23,60611.25,147043,172,78,0,0
1010460,1,35,1407,26,0,23,60611.25,147043,172,78,0,0
1010593,1,35,1393,26,0,23,60611.25,147043,172,78,0,0
1010708,1,35,1389,24,0,23,60611.25,147043,172,78,0,0
1010833,1,35,1388,23,0,23,60611.25,147043,172,78,0,0
1010944,1,35,1418,18,0,23,60611.25,147043,172,78,0,0
1011059,1,35,1384,12,0,23,60611.25,147043,172,78,0,0
1011179,1,35,1380,4,0,23,60611.25,147043,172,78,0,0
1011293,1,35,1384,0,0,23,60611.25,147043,172,78,0,0
1011411,1,35,1404,0,0,23,60611.25,147043,172,78,0,0
1011459,1,35,1404,0,0,23,60611.25,147043,172,78,0,0
1011643,1,35,1404,0,0,23,60611.25,147043,172,78,0,0
1011758,1,35,1405,0,0,23,60611.25,147043,172,78,0,0
1011858,1,35,1405,0,0,23,60611.25,147043,172,78,0,0
1011958,1,35,1403,0,0,23,60611.25,147043,172,78,0,0
1012093,1,35,1402,0,0,23,60611.25,147043,172,78,0,0
1012208,1,35,1400,0,0,23,60611.25,147043,172,78,0,0
1012332,1,35,1400,0,0,23,60611.25,147043,172,78,0,0
1012459,1,34,1368,0,0,23,60611.25,147043,172,78,0,0
1012594,1,34,1367,0,0,23,60611.25,147043,172,78,0,0
1012707,1,34,1366,0,0,23,60611.25,147043,172,78,0,0
1012808,1,34,1366,0,0,23,60611.25,147043,172,78,0,0
1012942,1,34,1365,0,0,23,60611.25,147043,172,78,0,0
1013058,1,34,1365,0,0,23,60611.25,147043,172,78,0,0
1013158,1,34,1365,0,0,23,60612.25,147043,172,78,0,0
1013258,1,33,1334,0,0,23,60612.25,147043,172,78,0,0
1013393,1,33,1366,0,0,23,60612.25,147043,172,78,0,0
1013492,1,33,1334,3,0,23,60612.25,147043,172,78,0,0
1013632,1,34,1337,9,0,23,60612.25,147043,172,78,0,0
1013743,1,33,1347,10,0,23,60612.25,147043,172,78,0,0
1013858,1,33,1352,10,0,23,60612.25,147043,172,78,0,0
1013958,1,33,1323,10,0,23,60612.25,147043,172,78,0,0
1014092,1,33,1324,10,0,23,60612.25,147043,172,78,0,0
1014207,1,33,1325,9,0,23,60612.25,147043,172,78,0,0
1014307,1,33,1324,9,0,23,60612.25,147043,172,78,0,0
1014433,1,33,1324,8,0,23,60612.25,147043,172,78,0,0
1014558,1,33,1324,8,0,23,60612.25,147043,172,78,0,0
1014658,1,33,1321,7,0,23,60612.25,147043,172,78,0,0
1014758,1,33,1320,5,0,23,60612.25,147043,172,78,0,0
1014895,1,33,1314,4,0,23,60612.25,147043,172,78,0,0
1014995,1,33,1311,0,0,23,60612.25,147043,172,78,0,0
1015132,1,33,1304,0,0,23,60612.25,147043,172,78,0,0
1015243,1,33,1333,0,0,23,60612.25,147043,172,78,0,0
1015359,1,33,1300,0,0,23,60612.25,147043,172,78,0,0
1015459,1,33,1300,0,0,23,60612.25,147043,172,78,0,0
1015595,1,33,1299,0,0,23,60612.25,147043,172,78,0,0
1015707,1,32,1299,6,0,23,60612.25,147043,172,78,0,0
1015807,1,32,1298,8,0,23,60612.25,147043,172,78,0,0
1015932,1,32,1305,8,0,23,60612.25,147043,172,78,0,0
1016058,1,32,1281,8,0,23,60612.25,147043,172,78,0,0
1016158,1,32,1283,8,0,23,60612.25,147043,172,78,0,0
1016258,1,32,1253,8,0,23,60612.25,147043,172,78,0,0
1016395,1,32,1252,8,0,23,60613.27,147043,172,78,0,0
1016507,1,31,1286,19,0,23,60613.27,147043,172,78,0,0
1016632,1,32,1260,24,0,23,60613.27,147043,172,78,0,0
1016746,1,31,1268,33,0,23,60613.27,147043,172,78,0,0
1016858,1,31,1277,37,0,23,60613.27,147043,172,78,0,0
1016958,1,31,1258,39,0,23,60613.27,147043,172,78,0,0
1017095,1,31,1250,39,0,23,60613.27,147043,172,78,0,0
1017208,1,32,1279,45,0,23,60613.27,147043,172,78,0,0
1017307,1,32,1249,45,0,23,60613.27,147043,172,78,0,0
1017445,1,31,1252,45,0,23,60613.27,147043,172,78,0,0
1017558,1,31,1260,51,0,23,60613.27,147043,172,78,0,0
1017658,1,31,1259,57,0,23,60613.27,147043,172,78,0,0
1017758,1,31,1267,57,0,23,60613.27,147043,172,78,0,0
1017895,1,31,1254,63,0,23,60613.27,147043,172,78,0,0
1017995,1,31,1297,76,0,23,60613.27,147043,172,78,0,0
1018132,1,32,1292,77,0,23,60614.30,147043,172,78,0,0
1018245,1,32,1267,77,0,23,60614.30,147043,172,78,0,0
1018358,1,32,1294,77,0,23,60614.30,147043,172,78,0,0
1018459,1,32,1295,76,0,23,60614.30,147043,172,78,0,0
1018595,1,32,1295,75,0,23,60614.30,147043,172,78,0,0
1018708,1,32,1295,68,0,23,60614.30,147043,172,78,0,0
1018807,1,32,1289,68,0,23,60614.30,147043,172,78,0,0
1018932,1,33,1280,68,0,23,60614.30,147043,172,78,0,0
1019059,1,33,1337,68,0,23,60614.30,147043,172,78,0,0
1019170,1,33,1335,68,0,23,60615.33,147043,172,78,0,0
1019258,1,33,1332,68,0,23,60615.33,147043,172,78,0,0
1019395,1,33,1338,69,0,23,60615.33,147043,172,78,0,0
1019477,1,33,1338,69,0,23,60615.33,147043,172,78,0,0
1019632,1,34,1373,75,0,23,60615.33,147043,172,78,0,0
1019746,1,33,1348,75,0,23,60615.33,147043,172,78,0,0
1019858,1,34,1333,75,0,23,60615.33,147043,172,78,0,0
1019958,1,34,1365,75,0,23,60615.33,147043,172,78,0,0
1020095,1,34,1366,69,0,23,60615.33,147043,172,78,0,0
1020207,1,34,1362,66,0,23,60615.33,147043,172,78,0,0
1020307,1,34,1352,48,0,23,60616.35,147043,172,78,0,0
1020445,1,34,1344,0,0,23,60616.35,147043,172,78,0,0
1020507,1,34,1375,0,0,23,60616.35,147043,172,78,0,0
1020658,1,34,1354,0,0,23,60616.35,147043,172,78,0,0
1020758,1,34,1353,0,38,23,60616.35,147043,172,78,0,0
1020895,1,34,1368,0,24,23,60616.35,147043,172,78,0,0
1020995,1,34,1336,0,32,23,60616.35,147043,172,78,0,0
1021132,1,33,1336,0,38,23,60616.35,147043,172,78,0,0
1021245,1,33,1336,0,46,23,60616.35,147043,172,78,0,0
1021358,1,33,1305,0,60,23,60616.35,147043,172,78,0,0
1021459,1,32,1272,0,60,23,60616.35,147043,172,78,0,0
1021595,1,32,1270,0,64,23,60616.35,147043,172,78,0,0
1021707,1,31,1238,0,64,23,60616.35,147043,172,78,0,0
1021807,1,31,1205,0,68,23,60616.35,147043,172,78,0,0
1021932,1,30,1172,0,68,23,60616.35,147043,172,78,0,0
1022052,1,29,1171,0,68,23,60616.35,147043,172,78,0,0
1022158,1,29,1137,0,68,23,60616.35,147043,172,78,0,0
1022258,1,28,1136,0,74,23,60616.35,147043,172,78,0,0
1022399,1,28,1103,0,74,23,60616.35,147043,172,78,0,0
1022507,1,27,1070,0,74,23,60616.35,147043,172,78,0,0
1022632,1,26,1071,0,74,23,60616.35,147043,172,78,0,0
1022745,1,25,1076,0,72,23,60616.35,147043,172,78,0,0
1022858,1,25,1113,0,74,23,60616.35,147043,172,78,0,0
1022958,1,24,1088,0,70,23,60616.35,147043,172,78,0,0
1023095,1,24,1110,0,74,23,60616.35,147043,172,78,0,0
1023208,1,23,1107,0,74,23,60617.36,147043,172,78,0,0
1023307,1,22,1107,0,70,23,60617.36,147043,172,78,0,0
1023445,1,21,1107,0,74,23,60617.36,147043,172,78,0,0
1023558,1,21,1107,0,72,23,60617.36,147043,172,78,0,0
1023658,1,20,1107,0,72,23,60617.36,147043,172,78,0,0
1023758,1,20,1108,0,74,23,60617.36,147043,172,78,0,0
1023895,1,19,1108,0,74,23,60617.36,147043,172,78,0,0
1023995,1,19,1108,0,70,23,60617.36,147043,172,78,0,0
1024132,1,17,1108,0,70,23,60617.36,147043,172,78,0,0
1024245,1,17,1108,0,72,23,60617.36,147043,172,78,0,0
1024358,1,16,1108,0,70,23,60617.36,147043,172,78,0,0
1024459,1,16,1109,0,72,23,60617.36,147044,172,78,0,0
1024598,1,15,1109,0,72,23,60617.36,147044,172,78,0,0
1024707,1,15,1109,0,72,23,60617.36,147044,172,78,0,0
1024807,1,14,1110,0,68,23,60617.36,147044,172,78,0,0
1024945,1,13,1110,0,66,23,60617.36,147044,172,78,0,0
1025059,1,12,1112,0,64,23,60617.36,147044,172,78,0,0
1025177,1,12,1112,0,60,23,60617.36,147044,172,78,0,0
1025258,1,11,1113,0,46,23,60617.36,147044,172,78,0,0
1025395,1,11,1113,0,30,23,60617.36,147044,172,78,0,0
1025495,1,11,1115,0,12,23,60617.36,147044,172,78,0,0
1025632,1,10,1115,0,6,23,60617.36,147044,172,78,0,0
1025745,1,10,1115,0,4,23,60617.36,147044,172,78,0,0
1025858,1,10,1115,0,2,23,60617.36,147044,172,78,0,0
1025958,1,10,1116,0,2,23,60617.36,147044,172,78,0,0
1026095,1,10,1115,0,2,23,60617.36,147044,172,78,0,0
1026207,1,9,1116,0,4,23,60617.36,147044,172,78,0,0
1026333,1,9,1116,0,4,23,60617.36,147044,172,78,0,0
1026445,1,9,1115,0,4,23,60617.36,147044,172,78,0,0
1026558,1,9,1116,0,4,23,60617.36,147044,172,78,0,0
1026677,1,9,1115,0,4,23,60617.36,147044,172,78,0,0
1026795,1,9,1113,0,6,23,60617.36,147044,172,78,0,0
1026895,1,8,1112,0,4,23,60618.37,147044,172,78,0,0
1027007,1,7,1081,0,6,23,60618.37,147044,172,78,0,0
1027132,1,8,1113,0,6,23,60618.37,147044,172,78,0,0
1027257,1,8,1081,0,6,23,60618.37,147044,172,78,0,0
1027358,1,8,1081,0,6,23,60618.37,147044,172,78,0,0
1027459,1,8,1080,0,6,23,60618.37,147044,172,78,0,0
1027596,1,8,1081,0,6,23,60618.37,147044,172,78,0,0
1027707,1,8,1080,0,6,23,60618.37,147044,172,78,0,0
1027807,1,8,1081,0,6,23,60618.37,147044,172,78,0,0
1027945,1,7,1082,0,4,23,60618.37,147044,172,78,0,0
1028062,1,8,1083,0,6,23,60618.37,147044,172,78,0,0
1028177,1,8,1083,0,6,23,60618.37,147044,172,78,0,0
1028295,1,7,1083,0,6,23,60618.37,147044,172,78,0,0
1028395,1,7,1083,0,6,23,60618.37,147044,172,78,0,0
1028495,1,7,1084,0,10,23,60618.37,147044,172,78,0,0
1028632,1,7,1084,0,14,23,60618.37,147044,172,78,0,0
1028758,1,7,1084,0,18,23,60618.37,147044,172,78,0,0
1028858,1,7,1084,0,20,23,60618.37,147044,172,78,0,0
1028958,1,7,1084,0,22,23,60618.37,147044,172,78,0,0
1029095,1,7,1084,0,22,23,60618.37,147044,172,78,0,0
1029207,1,7,1084,0,28,23,60618.37,147044,172,78,0,0
1029331,1,6,1084,0,30,23,60618.37,147044,172,78,0,0
1029445,1,6,1083,0,32,23,60618.37,147044,172,78,0,0
1029558,1,6,1083,0,32,23,60618.37,147044,172,78,0,0
1029677,1,6,1083,0,32,23,60618.37,147044,172,78,0,0
1029758,1,5,1083,0,36,23,60618.37,147044,172,78,0,0
1029895,1,5,1083,0,38,23,60618.37,147044,172,78,0,0
1029995,1,5,1081,0,40,23,60618.37,147044,172,78,0,0
1030133,1,4,1081,0,40,23,60618.37,147044,172,78,0,0
1030245,1,4,1080,0,42,23,60618.37,147044,172,78,0,0
1030358,1,4,1078,0,38,23,60618.37,147044,172,78,0,0
1030459,1,3,1046,0,32,23,60618.37,147044,172,78,0,0
1030595,1,3,1046,0,28,23,60619.38,147044,172,78,0,0
1030707,1,3,1014,0,10,23,60619.38,147044,172,78,0,0
1030831,1,3,981,0,0,23,60619.38,147044,172,78,0,0
1030944,1,2,951,0,0,23,60619.38,147044,172,78,0,0
1031057,1,2,929,0,0,23,60619.38,147044,172,78,0,0
1031176,1,2,904,0,0,23,60619.38,147044,172,78,0,0
1031258,1,0,940,0,0,23,60619.38,147044,172,78,0,0
1031395,1,0,1042,0,0,23,60619.38,147044,172,78,0,0
1031459,1,0,1074,0,0,23,60619.38,147044,172,78,0,0
1031632,1,0,1053,0,0,23,60619.38,147044,172,78,0,0
1031746,1,2,1054,0,0,23,60619.38,147044,172,78,0,0
1031858,1,3,1073,0,0,23,60619.38,147044,172,78,0,0
1031958,1,3,1117,0,0,23,60619.38,147044,172,78,0,0
1032095,1,3,1036,0,0,23,60619.38,147044,172,78,0,0
1032195,1,4,1024,0,0,23,60619.38,147044,172,78,0,0
1032307,1,4,1072,0,0,23,60619.38,147044,172,78,0,0
1032432,1,6,1032,0,0,23,60619.38,147044,172,78,0,0
1032507,1,6,1008,0,0,23,60619.38,147044,175,78,0,0
1032658,1,7,1063,0,0,23,60620.42,147044,175,78,0,0
1032758,1,7,1092,0,0,23,60620.42,147044,175,78,0,0
1032896,1,8,1185,4,0,23,60620.42,147044,175,78,0,0
1032995,1,8,1222,21,0,23,60620.42,147044,175,78,0,0
1033132,1,9,1276,35,0,23,60620.42,147044,175,78,0,0
1033245,1,9,1350,40,0,23,60620.42,147044,175,78,0,0
1033359,1,9,1425,47,0,23,60620.42,147044,175,78,0,0
1033459,1,10,1444,50,0,23,60620.42,147044,175,78,0,0
1033595,1,10,1554,51,0,23,60620.42,147044,175,78,0,0
1033707,1,11,1629,53,0,23,60621.45,147044,175,78,0,0
1033807,1,11,1703,55,0,23,60621.45,147044,175,78,0,0
1033931,1,12,1775,55,0,23,60621.45,147044,175,78,0,0
1033995,1,12,1845,55,0,23,60621.45,147044,175,78,0,0
1034158,1,13,1874,0,0,23,60621.45,147044,175,78,0,0
1034258,1,13,1788,0,0,23,60621.45,147044,175,78,0,0
1034395,1,13,1681,0,0,23,60621.45,147044,175,78,0,0
1034495,1,13,1628,0,0,23,60621.45,147044,175,78,0,0
1034632,1,13,1614,0,0,23,60621.45,147044,175,78,0,0
1034745,1,13,1552,0,0,23,60621.45,147044,175,78,0,0
1034857,1,13,1484,0,0,23,60622.46,147044,175,78,0,0
1034958,1,13,1418,0,0,23,60622.46,147044,175,78,0,0
1035058,1,13,1264,0,0,23,60622.46,147044,175,78,0,0
1035207,1,14,1087,10,0,23,60622.46,147044,175,78,0,0
1035307,1,14,1028,12,0,23,60622.46,147044,175,78,0,0
1035432,1,14,1113,17,0,23,60622.46,147044,175,78,0,0
1035550,1,14,1062,19,0,23,60622.46,147044,175,78,0,0
1035658,1,14,1088,22,0,23,60622.46,147044,175,78,0,0
1035758,1,14,1097,22,0,23,60622.46,147044,175,78,0,0
1035895,1,14,1103,23,0,23,60622.46,147044,175,78,0,0
1035958,1,14,1103,23,0,23,60622.46,147044,175,78,0,0
1036112,1,14,1125,23,0,23,60622.46,147044,175,78,0,0
1036232,1,15,1124,23,0,23,60622.46,147044,175,78,0,0
1036358,1,15,1124,22,0,23,60622.46,147044,175,78,0,0
1036459,1,15,1124,21,0,23,60622.46,147044,175,78,0,0
1036569,1,15,1158,20,0,23,60622.46,147044,175,78,0,0
1036706,1,15,1161,7,0,23,60622.46,147044,175,78,0,0
1036807,1,15,1160,0,0,23,60623.48,147044,175,78,0,0
1036932,1,15,1182,0,0,23,60623.48,147044,175,78,0,0
1037007,1,15,1172,0,0,23,60623.48,147044,175,78,0,0
1037158,1,15,1164,0,0,23,60623.48,147044,175,78,0,0
1037261,1,15,1156,0,0,23,60623.48,147044,175,78,0,0
1037395,1,15,1140,0,0,23,60623.48,147044,175,78,0,0
1037507,1,15,1139,0,0,23,60623.48,147044,175,78,0,0
1037631,1,15,1140,0,0,23,60623.48,147044,175,78,0,0
1037745,1,15,1141,0,0,23,60623.48,147044,175,78,0,0
1037858,1,15,1140,0,0,23,60623.48,147044,175,78,0,0
1037958,1,14,1107,4,0,23,60623.48,147044,175,78,0,0
1038058,1,14,1107,7,0,23,60623.48,147044,175,78,0,0
1038196,1,14,1108,8,0,23,60623.48,147044,175,78,0,0
1038307,1,14,1144,9,0,23,60623.48,147044,175,78,0,0
1038432,1,14,1150,9,0,23,60623.48,147044,175,78,0,0
1038495,1,14,1090,9,0,23,60623.48,147044,175,78,0,0
1038660,1,14,1094,9,0,23,60623.48,147044,175,78,0,0
1038758,1,14,1095,9,0,23,60623.48,147044,175,78,0,0
1038895,1,14,1096,9,0,23,60623.48,147044,175,78,0,0
1038995,1,14,1096,9,0,23,60623.48,147044,175,78,0,0
1039112,1,14,1064,12,0,23,60623.48,147044,175,78,0,0
1039245,1,14,1096,12,0,23,60623.48,147044,175,78,0,0
1039358,1,14,1065,12,0,23,60623.48,147044,175,78,0,0
1039458,1,14,1067,12,0,23,60623.48,147044,175,78,0,0
1039558,1,14,1070,12,0,23,60623.48,147044,175,78,0,0
1039707,1,14,1072,12,0,23,60623.48,147044,175,78,0,0
1039807,1,14,1072,12,0,23,60623.48,147044,175,78,0,0
1039932,1,13,1044,16,0,23,60624.49,147044,175,78,0,0
1040007,1,13,1076,19,0,23,60624.49,147044,175,78,0,0
1040159,1,14,1079,21,0,23,60624.49,147044,175,78,0,0
1040258,1,14,1083,22,0,23,60624.49,147044,175,78,0,0
1040395,1,14,1089,29,0,23,60624.49,147044,175,78,0,0
1040494,1,14,1103,32,0,23,60624.49,147044,175,78,0,0
1040612,1,14,1178,40,0,23,60624.49,147044,175,78,0,0
1040732,1,15,1110,42,0,23,60624.49,147044,175,78,0,0
1040857,1,14,1144,43,0,23,60624.49,147044,175,78,0,0
1040958,1,15,1148,44,0,23,60624.49,147044,175,78,0,0
1041058,1,15,1155,46,0,23,60624.49,147044,175,78,0,0
1041195,1,15,1158,49,0,23,60624.49,147044,175,78,0,0
1041307,1,15,1161,52,0,23,60624.49,147044,175,78,0,0
1041432,1,15,1203,55,0,23,60624.49,147044,175,78,0,0
1041545,1,16,1240,58,0,23,60624.49,147044,175,78,0,0
1041658,1,16,1244,67,0,23,60625.51,147044,175,78,0,0
1041758,1,16,1251,72,0,23,60625.51,147044,175,78,0,0
1041896,1,16,1282,77,0,23,60625.51,147044,175,78,0,0
1042007,1,17,1324,80,0,23,60625.51,147044,175,78,0,0
1042132,1,17,1335,81,0,23,60625.51,147044,175,78,0,0
1042245,1,17,1373,81,0,23,60625.51,147044,175,78,0,0
1042361,1,18,1382,82,0,23,60625.51,147044,175,78,0,0
1042460,1,18,1415,82,0,23,60625.51,147044,175,78,0,0
1042595,1,19,1483,82,0,23,60625.51,147044,175,78,0,0
1042706,1,19,1484,82,0,23,60626.54,147044,175,78,0,0
1042831,1,20,1519,82,0,23,60626.54,147044,175,78,0,0
1042945,1,20,1556,81,0,23,60626.54,147044,175,78,0,0
1043059,1,20,1592,77,0,23,60626.54,147044,175,78,0,0
1043177,1,21,1627,50,0,23,60626.54,147044,175,78,0,0
1043295,1,21,1534,3,0,23,60626.54,147044,175,78,0,0
1043410,1,21,1557,0,0,23,60626.54,147044,175,78,0,0
1043459,1,21,1525,0,0,23,60626.54,147044,175,78,0,0
1043631,1,21,1439,0,0,23,60626.54,147044,175,78,0,0
1043745,1,21,1373,0,0,23,60626.54,147044,175,78,0,0
1043858,1,21,1372,0,0,23,60626.54,147044,175,78,0,0
1043958,1,21,1341,0,0,23,60626.54,147044,175,78,0,0
1044095,1,21,1340,19,0,23,60627.54,147044,175,78,0,0
1044206,1,21,1232,65,0,23,60627.54,147044,175,78,0,0
1044331,1,21,1087,77,0,23,60627.54,147044,175,78,0,0
1044447,1,21,1162,91,0,23,60627.54,147044,175,78,0,0
1044565,1,21,1131,92,0,23,60627.54,147044,175,78,0,0
1044676,1,21,1180,92,0,23,60627.54,147044,175,78,0,0
1044758,1,22,1183,92,0,23,60627.54,147044,175,78,0,0
1044897,1,22,1200,92,0,23,60627.54,147044,175,78,0,0
1044995,1,22,1207,81,0,23,60627.54,147044,175,78,0,0
1045131,1,23,1204,62,0,23,60627.54,147044,175,78,0,0
1045245,1,23,1220,61,0,23,60628.58,147044,175,78,0,0
1045358,1,23,1221,61,0,23,60628.58,147044,175,78,0,0
1045460,1,23,1264,59,0,23,60628.58,147044,175,78,0,0
1045595,1,24,1275,54,0,23,60628.58,147044,175,78,0,0
1045707,1,24,1304,50,0,23,60628.58,147044,175,78,0,0
1045806,1,24,1304,49,0,23,60628.58,147044,175,78,0,0
1045931,1,24,1301,48,0,23,60628.58,147044,175,78,0,0
1046051,1,24,1298,47,0,23,60628.58,147044,175,78,0,0
1046158,1,24,1327,45,0,23,60628.58,147044,175,78,0,0
1046258,1,24,1296,43,0,23,60628.58,147044,175,78,0,0
1046395,1,24,1324,40,0,23,60628.58,147044,175,78,0,0
1046459,1,25,1324,36,0,23,60628.58,147044,175,78,0,0
1046631,1,25,1313,34,0,23,60629.61,147044,175,78,0,0
1046745,1,25,1312,33,0,23,60629.61,147044,175,78,0,0
1046858,1,25,1341,31,0,23,60629.61,147044,175,78,0,0
1046957,1,25,1339,27,0,23,60629.61,147044,175,78,0,0
1047058,1,25,1339,15,0,23,60629.61,147044,175,78,0,0
1047206,1,25,1312,1,0,23,60629.61,147044,175,78,0,0
1047306,1,25,1323,0,0,23,60629.61,147044,175,78,0,0
1047432,1,25,1341,0,0,23,60629.61,147044,175,78,0,0
1047550,1,25,1305,0,0,23,60629.61,147044,175,78,0,0
1047658,1,24,1336,0,0,23,60629.61,147044,175,78,0,0
1047758,1,24,1304,0,0,23,60629.61,147044,175,78,0,0
1047894,1,24,1304,0,0,23,60629.61,147044,175,78,0,0
1047995,1,25,1303,0,0,23,60629.61,147044,175,78,0,0
1048112,1,24,1302,0,0,23,60629.61,147044,175,78,0,0
1048231,1,24,1300,0,0,23,60629.61,147044,175,78,0,0
1048345,1,24,1268,0,0,23,60629.61,147044,175,78,0,0
1048458,1,24,1268,0,0,23,60629.61,147044,175,78,0,0
1048557,1,24,1267,0,0,23,60629.61,147044,175,78,0,0
1048695,1,23,1266,0,0,23,60629.61,147044,175,78,0,0
1048806,1,23,1266,3,0,23,60629.61,147044,175,78,0,0
1048931,1,23,1269,3,0,23,60629.61,147044,175,78,0,0
1049006,1,23,1274,4,0,23,60629.61,147044,175,78,0,0
1049157,1,23,1274,4,0,23,60629.61,147044,175,78,0,0
1049258,1,23,1275,4,0,23,60629.61,147044,175,78,0,0
1049357,1,23,1243,0,0,23,60629.61,147044,175,78,0,0
1049458,1,23,1211,0,0,23,60629.61,147044,175,78,0,0
1049612,1,23,1237,0,0,23,60630.62,147044,175,78,0,0
1049741,1,23,1235,0,0,23,60630.62,147044,175,78,0,0
1049845,1,23,1201,0,0,23,60630.62,147044,175,78,0,0
1049957,1,23,1199,0,0,23,60630.62,147044,175,78,0,0
1050058,1,23,1231,0,0,23,60630.62,147044,175,78,0,0
1050194,1,23,1199,0,0,23,60630.62,147044,175,78,0,0
1050306,1,22,1199,0,0,23,60630.62,147044,175,78,0,0
1050411,1,22,1166,0,0,23,60630.62,147044,175,78,0,0
1050535,1,22,1198,0,0,23,60630.62,147044,175,78,0,0
1050645,1,22,1198,0,0,23,60630.62,147044,175,78,0,0
1050758,1,22,1166,0,0,23,60630.62,147044,175,78,0,0
1050858,1,22,1165,0,0,23,60630.62,147044,175,78,0,0
1050994,1,22,1164,0,0,23,60630.62,147044,175,78,0,0
1051112,1,22,1164,0,0,23,60630.62,147044,175,78,0,0
1051206,1,22,1164,0,0,23,60630.62,147044,175,78,0,0
1051331,1,21,1131,0,0,23,60630.62,147044,175,78,0,0
1051458,1,21,1131,0,0,23,60630.62,147044,175,78,0,0
1051560,1,21,1131,0,0,23,60630.62,147044,175,78,0,0
1051676,1,21,1098,0,0,23,60630.62,147044,175,78,0,0
1051800,1,21,1098,0,0,23,60630.62,147044,175,78,0,0
1051911,1,21,1130,0,0,23,60630.62,147044,175,78,0,0
1052006,1,21,1096,0,0,23,60630.62,147044,175,78,0,0
1052147,1,21,1098,0,0,23,60630.62,147044,175,78,0,0
1052257,1,21,1096,0,0,23,60630.62,147044,175,78,0,0
1052357,1,20,1096,0,0,23,60630.62,147044,175,78,0,0
1052496,1,20,1064,0,0,23,60630.62,147044,175,78,0,0
1052612,1,20,1096,0,0,23,60630.62,147044,175,78,0,0
1052706,1,20,1063,0,0,23,60630.62,147044,175,78,0,0
1052831,1,20,1063,0,0,23,60630.62,147044,175,78,0,0
1052945,1,20,1063,0,0,23,60630.62,147044,175,78,0,0
1053057,1,20,1063,0,0,23,60630.62,147044,175,78,0,0
1053176,1,20,1063,0,0,23,60630.62,147044,175,78,0,0
1053296,1,20,1063,0,0,23,60630.62,147044,175,78,0,0
1053411,1,20,1063,0,0,23,60630.62,147044,175,78,0,0
1053494,1,20,1063,0,0,23,60630.62,147044,175,78,0,0
1053646,1,20,1031,0,0,23,60630.62,147044,175,78,0,0
1053757,1,20,1031,0,4,23,60630.62,147044,175,78,0,0
1053857,1,19,1032,0,6,23,60630.62,147044,175,78,0,0
1053957,1,19,1032,0,6,23,60630.62,147044,175,78,0,0
1054095,1,19,1032,0,8,23,60630.62,147044,175,78,0,0
1054294,1,19,1034,0,6,23,60630.62,147044,175,78,0,0
1054411,1,19,1034,0,6,23,60631.63,147044,175,78,0,0
1054494,1,19,1032,0,8,23,60631.63,147044,175,78,0,0
1054631,1,19,1002,0,8,23,60631.63,147044,175,78,0,0
1054757,1,19,1000,0,8,23,60631.63,147044,175,78,0,0
1054857,1,19,1002,0,12,23,60631.63,147044,175,78,0,0
1054957,1,19,1002,0,10,23,60631.63,147044,175,78,0,0
1055094,1,19,1007,0,10,23,60631.63,147044,175,78,0,0
1055211,1,19,1011,0,14,23,60631.63,147044,175,78,0,0
1055306,1,19,1016,0,16,23,60631.63,147044,175,78,0,0
1055432,1,18,1017,0,16,23,60631.63,147044,175,78,0,0
1055558,1,18,1048,0,18,23,60631.63,147044,175,78,0,0
1055657,1,18,1045,0,24,23,60631.63,147044,175,78,0,0
1055757,1,18,1045,0,24,23,60631.63,147044,175,78,0,0
1055895,1,18,1041,0,24,23,60631.63,147044,175,78,0,0
1056006,1,18,1042,0,26,23,60631.63,147044,175,78,0,0
1056131,1,17,1042,0,24,23,60631.63,147044,175,78,0,0
1056244,1,17,1041,0,24,23,60631.63,147044,175,78,0,0
1056357,1,17,1042,0,28,23,60631.63,147044,175,78,0,0
1056458,1,17,1041,0,28,23,60631.63,147044,175,78,0,0
1056594,1,17,1042,0,28,23,60631.63,147044,175,78,0,0
1056706,1,16,1042,0,32,23,60631.63,147044,175,78,0,0
1056806,1,16,1042,0,34,23,60631.63,147044,175,78,0,0
1056931,1,16,1043,0,36,23,60631.63,147044,175,78,0,0
1057050,1,15,1043,0,38,23,60631.63,147044,175,78,0,0
1057157,1,15,1043,0,40,23,60631.63,147044,175,78,0,0
1057257,1,15,1043,0,40,23,60631.63,147044,175,78,0,0
1057395,1,15,1075,0,42,23,60631.63,147044,175,78,0,0
1057507,1,14,1076,0,42,23,60631.63,147044,175,78,0,0
1057631,1,14,1077,0,42,23,60631.63,147044,175,78,0,0
1057745,1,14,1079,0,0,23,60631.63,147044,175,78,0,0
1057831,1,14,1080,0,0,23,60631.63,147044,175,78,0,0
1057957,1,14,1048,0,0,23,60631.63,147044,175,78,0,0
1058057,1,14,1080,0,0,23,60631.63,147044,175,78,0,0
1058206,1,13,1116,40,0,23,60631.63,147044,175,78,0,0
1058306,1,13,1116,57,0,23,60631.63,147044,175,78,0,0
1058431,1,14,1026,62,0,23,60632.66,147044,175,78,0,0
1058494,1,14,1113,62,0,23,60632.66,147044,175,78,0,0
1058657,1,14,1103,69,0,23,60632.66,147044,175,78,0,0
1058757,1,14,1138,69,0,23,60632.66,147044,175,78,0,0
1058857,1,15,1170,69,0,23,60632.66,147044,175,78,0,0
1059006,1,15,1172,69,0,23,60632.66,147044,175,78,0,0
1059112,1,15,1204,69,0,23,60632.66,147044,175,78,0,0
1059231,1,16,1204,69,0,23,60632.66,147044,175,78,0,0
1059345,1,16,1236,69,0,23,60632.66,147044,175,78,0,0
1059458,1,16,1267,69,0,23,60632.66,147044,175,78,0,0
1059557,1,16,1270,69,0,23,60632.66,147044,175,78,0,0
1059695,1,17,1305,69,0,23,60633.69,147044,175,78,0,0
1059806,1,17,1341,69,0,23,60633.69,147044,175,78,0,0
1059926,1,17,1343,69,0,23,60633.69,147044,175,78,0,0
1060044,1,17,1344,69,0,23,60633.69,147044,175,78,0,0
1060145,1,18,1377,69,0,23,60633.69,147044,175,78,0,0
1060257,1,18,1377,69,0,23,60633.69,147044,175,78,0,0
1060357,1,18,1378,69,0,23,60633.69,147044,175,78,0,0
1060495,1,18,1413,69,0,23,60633.69,147044,175,78,0,0
1060612,1,19,1444,69,0,23,60633.69,147044,175,78,0,0
1060731,1,19,1476,70,0,23,60633.69,147044,175,78,0,0
1060845,1,19,1509,70,0,23,60634.73,147044,175,78,0,0
1060957,1,20,1514,70,0,23,60634.73,147044,175,78,0,0
1061057,1,20,1552,70,0,23,60634.73,147044,175,78,0,0
1061176,1,20,1587,70,0,23,60634.73,147044,175,78,0,0
1061295,1,20,1569,70,0,23,60634.73,147044,175,78,0,0
1061412,1,21,1606,74,0,23,60634.73,147044,175,78,0,0
1061495,1,21,1640,74,0,23,60634.73,147044,175,78,0,0
1061645,1,22,1672,81,0,23,60634.73,147044,175,78,0,0
1061757,1,22,1716,83,0,23,60635.75,147044,175,78,0,0
1061857,1,22,1733,85,0,23,60635.75,147044,175,78,0,0
1061994,1,23,1767,87,0,23,60635.75,147044,175,78,0,0
1062111,1,23,1813,95,0,23,60635.75,147044,175,78,0,0
1062206,1,23,1828,97,0,23,60635.75,147044,175,78,0,0
1062331,1,24,1880,97,0,23,60635.75,147044,175,78,0,0
1062450,1,25,1920,97,0,23,60636.78,147044,172,78,0,0
1062557,1,25,1967,97,0,23,60636.78,147044,172,78,0,0
1062676,1,26,2005,97,0,23,60636.78,147044,172,78,0,0
1062801,1,26,2079,95,0,23,60636.78,147044,172,78,0,0
1062912,1,27,2085,94,0,23,60636.78,147044,172,78,0,0
1062957,1,27,2117,94,0,23,60637.79,147044,172,78,0,0
1063145,1,28,2178,94,0,23,60637.79,147044,172,78,0,0
1063258,1,29,2178,90,0,23,60637.79,147044,172,78,0,0
1063357,1,29,2204,28,0,23,60637.79,147044,172,78,0,0
1063458,1,29,2097,0,0,23,60637.79,147044,172,78,0,0
1063598,1,29,2055,0,0,23,60637.79,147044,172,78,0,0
1063706,1,30,1901,0,0,23,60637.79,147044,172,78,0,0
1063831,1,29,1761,0,0,23,60637.79,147044,172,78,0,0
1063945,1,29,1679,0,0,23,60637.79,147044,172,78,0,0
1064059,1,29,1674,14,0,23,60638.79,147044,172,78,0,0
1064176,1,29,1723,53,0,23,60638.79,147044,172,78,0,0
1064295,1,29,1729,75,0,23,60638.79,147044,172,78,0,0
1064410,1,29,1615,78,0,23,60638.79,147044,172,78,0,0
1064456,1,29,1519,78,0,23,60638.79,147044,172,78,0,0
1064631,1,29,1593,96,0,23,60638.79,147044,172,78,0,0
1064757,1,30,1625,107,0,23,60638.79,147044,172,78,0,0
1064857,1,30,1616,107,0,23,60638.79,147044,172,78,0,0
1064957,1,30,1658,107,0,23,60638.79,147044,172,78,0,0
1065095,1,31,1645,106,0,23,60639.85,147044,172,78,0,0
1065206,1,31,1681,106,0,23,60639.85,147044,172,78,0,0
1065306,1,31,1724,103,0,23,60639.85,147044,172,78,0,0
1065431,1,32,1700,100,0,23,60639.85,147044,172,78,0,0
1065557,1,32,1737,95,0,23,60640.86,147044,172,78,0,0
1065676,1,33,1734,90,0,23,60640.86,147044,172,78,0,0
1065757,1,33,1780,86,0,23,60640.86,147044,172,78,0,0
1065895,1,33,1768,80,0,23,60640.86,147044,172,78,0,0
1065995,1,34,1798,75,0,23,60640.86,147044,172,78,0,0
1066131,1,34,1811,66,0,23,60640.86,147044,172,78,0,0
1066245,1,34,1840,66,0,23,60641.91,147044,172,78,0,0
1066357,1,34,1831,65,0,23,60641.91,147044,172,78,0,0
1066458,1,34,1826,65,0,23,60641.91,147044,172,78,0,0
1066595,1,34,1840,64,0,23,60641.91,147044,172,78,0,0
1066706,1,35,1847,63,0,23,60641.91,147044,172,78,0,0
1066806,1,35,1882,63,0,23,60641.91,147044,172,78,0,0
1066931,1,35,1883,62,0,23,60641.91,147044,172,78,0,0
1067051,1,35,1884,62,0,23,60642.91,147044,172,78,0,0
1067157,1,35,1879,62,0,23,60642.91,147044,172,78,0,0
1067257,1,35,1909,62,0,23,60642.91,147044,172,78,0,0
1067396,1,35,1903,62,0,23,60642.91,147044,172,78,0,0
1067506,1,37,1902,61,0,23,60642.91,147044,172,78,0,0
1067631,1,36,1900,60,0,23,60642.91,147044,172,78,0,0
1067745,1,36,1903,60,0,23,60642.91,147044,172,78,0,0
1067857,1,36,1938,60,0,23,60642.91,147044,172,78,0,0
1067957,1,36,1938,60,0,23,60643.91,147044,172,78,0,0
1068057,1,36,1907,60,0,23,60643.91,147044,172,78,0,0
1068206,1,36,1930,60,0,23,60643.91,147044,172,78,0,0
1068319,1,36,1927,60,0,23,60643.91,147044,172,78,0,0
1068431,1,36,1926,60,0,23,60643.91,147044,172,78,0,0
1068506,1,36,1930,0,0,23,60643.91,147044,172,78,0,0
1068657,1,36,1830,0,0,23,60643.91,147044,172,78,0,0
1068757,1,36,1872,0,0,23,60643.91,147044,172,78,0,0
1068895,1,36,1675,0,0,23,60643.91,147044,172,78,0,0
1069006,1,36,1536,0,0,23,60643.91,147044,172,78,0,0
1069111,1,36,1587,0,0,23,60643.91,147044,172,78,0,0
1069231,1,36,1529,0,0,23,60644.93,147044,172,78,0,0
1069357,1,36,1454,0,0,23,60644.93,147044,172,78,0,0
1069456,1,35,1445,16,0,23,60644.93,147044,172,78,0,0
1069574,1,35,1412,34,0,23,60644.93,147044,172,78,0,0
1069696,1,35,1467,54,0,23,60644.93,147044,172,78,0,0
1069806,1,35,1433,71,0,23,60644.93,147044,172,78,0,0
1069934,1,36,1437,71,0,23,60644.93,147044,172,78,0,0
1070050,1,36,1420,71,0,23,60644.93,147044,172,78,0,0
1070157,1,36,1438,58,0,23,60644.93,147044,172,78,0,0
1070257,1,36,1431,40,0,23,60644.93,147044,172,78,0,0
1070395,1,36,1422,40,0,23,60644.93,147044,172,78,0,0
1070495,1,36,1409,31,0,23,60644.93,147044,172,78,0,0
1070611,1,36,1426,0,0,23,60645.94,147044,172,78,0,0
1070730,1,36,1425,0,0,23,60645.94,147044,172,78,0,0
1070845,1,36,1412,0,0,23,60645.94,147044,172,78,0,0
1070957,1,36,1439,0,36,23,60645.94,147044,172,78,0,0
1071057,1,35,1439,0,24,23,60645.94,147044,172,78,0,0
1071196,1,35,1376,0,26,23,60645.94,147044,172,78,0,0
1071307,1,35,1377,0,30,23,60645.94,147044,172,78,0,0
1071428,1,35,1376,0,38,23,60645.94,147044,172,78,0,0
1071506,1,35,1375,0,54,23,60645.94,147044,172,78,0,0
1071657,1,34,1341,0,70,23,60645.94,147044,172,78,0,0
1071757,1,33,1340,0,74,23,60645.94,147044,172,78,0,0
1071857,1,32,1307,0,78,23,60645.94,147044,172,78,0,0
1071996,1,32,1270,0,78,23,60645.94,147044,172,78,0,0
1072111,1,31,1238,0,78,23,60645.94,147044,172,78,0,0
1072231,1,30,1205,0,84,23,60645.94,147044,172,78,0,0
1072346,1,29,1172,0,90,23,60645.94,147044,172,78,0,0
1072450,1,29,1139,0,88,23,60645.94,147044,172,78,0,0
1072572,1,28,1105,0,90,23,60645.94,147044,172,78,0,0
1072695,1,27,1108,0,88,23,60645.94,147044,172,78,0,0
1072806,1,26,1116,0,92,23,60645.94,147044,172,78,0,0
1072925,1,26,1123,0,90,23,60645.94,147044,172,78,0,0
1073005,1,25,1123,0,86,23,60645.94,147044,172,78,0,0
1073157,1,24,1114,0,90,23,60645.94,147044,172,78,0,0
1073257,1,23,1109,0,86,23,60645.94,147044,172,78,0,0
1073357,1,22,1108,0,92,23,60645.94,147044,172,78,0,0
1073496,1,21,1108,0,90,23,60645.94,147044,172,78,0,0
1073611,1,21,1108,0,90,23,60645.94,147044,172,78,0,0
1073730,1,19,1108,0,92,23,60645.94,147044,172,78,0,0
1073845,1,19,1108,0,90,23,60645.94,147044,172,78,0,0
1073957,1,18,1108,0,86,23,60645.94,147044,172,78,0,0
1074059,1,17,1108,0,86,23,60645.94,147044,172,78,0,0
1074176,1,16,1110,0,90,23,60646.95,147044,172,78,0,0
1074305,1,16,1110,0,92,23,60646.95,147044,172,78,0,0
1074410,1,15,1110,0,86,23,60646.95,147044,172,78,0,0
1074505,1,14,1110,0,90,23,60646.95,147044,172,78,0,0
1074645,1,13,1109,0,92,23,60646.95,147044,172,78,0,0
1074757,1,12,1111,0,90,23,60646.95,147044,172,78,0,0
1074857,1,11,1112,0,86,23,60646.95,147044,172,78,0,0
1074957,1,11,1112,0,82,23,60646.95,147044,172,78,0,0
1075111,1,10,1112,0,82,23,60646.95,147044,172,78,0,0
1075205,1,9,1112,0,68,23,60646.95,147044,172,78,0,0
1075330,1,8,1112,0,58,23,60646.95,147044,172,78,0,0
1075451,1,8,1113,0,56,23,60646.95,147044,172,78,0,0
1075557,1,7,1113,0,54,23,60646.95,147044,172,78,0,0
1075676,1,7,1114,0,52,23,60646.95,147044,172,78,0,0
1075795,1,6,1114,0,48,23,60646.95,147044,172,78,0,0
1075910,1,6,1114,0,46,23,60646.95,147044,172,78,0,0
1075995,1,5,1083,0,42,23,60646.95,147044,172,78,0,0
1076145,1,5,1083,0,42,23,60646.95,147044,172,78,0,0
1076257,1,4,1083,0,32,23,60646.95,147044,172,78,0,0
1076357,1,4,1083,0,30,23,60646.95,147044,172,78,0,0
1076456,1,4,1083,0,30,23,60646.95,147044,172,78,0,0
1076598,1,4,1083,0,30,23,60646.95,147044,172,78,0,0
1076705,1,3,1051,0,30,23,60646.95,147044,172,78,0,0
1076830,1,3,1051,0,30,23,60646.95,147044,172,78,0,0
1076945,1,2,1018,0,30,23,60646.95,147044,172,78,0,0
1077058,1,0,985,0,30,23,60646.95,147044,172,78,0,0
1077175,1,0,952,0,30,23,60646.95,147044,172,78,0,0
1077261,1,0,919,0,32,23,60646.95,147044,172,78,0,0
1077395,1,0,884,0,30,23,60646.95,147044,172,78,0,0
1077456,1,0,852,0,30,23,60646.95,147044,172,78,0,0
1077630,1,0,851,0,30,23,60646.95,147044,172,78,0,0
1077745,1,0,849,0,30,23,60647.95,147044,172,78,0,0
1077857,1,0,849,0,30,23,60647.95,147044,172,78,0,0
1077957,1,0,849,0,32,23,60647.95,147044,172,78,0,0
1078095,1,0,849,0,34,23,60647.95,147044,172,78,0,0
1078210,1,0,849,0,48,23,60647.95,147044,172,78,0,0
1078330,1,0,849,0,62,23,60647.95,147044,172,78,0,0
1078431,1,0,849,0,72,23,60647.95,147044,172,78,0,0
1078557,1,0,849,0,74,23,60647.95,147044,172,78,0,0
1078675,1,0,849,0,74,23,60647.95,147044,172,78,0,0
1078757,1,0,849,0,74,23,60647.95,147044,172,78,0,0
1078895,1,0,848,0,74,23,60647.95,147044,172,78,0,0
1078995,1,0,847,0,74,23,60647.95,147044,172,78,0,0
1079130,1,0,847,0,72,23,60647.95,147044,172,78,0,0
1079245,1,0,847,0,58,23,60647.95,147044,172,78,0,0
1079358,1,0,847,0,8,23,60647.95,147044,172,78,0,0
1079456,1,0,847,0,2,23,60647.95,147044,172,78,0,0
1079597,1,0,846,0,2,23,60647.95,147044,172,78,0,0
1079706,1,0,847,0,0,23,60647.95,147044,172,78,0,0
1079805,1,0,847,0,0,23,60647.95,147044,172,78,0,0
1079930,1,0,846,0,0,23,60647.95,147044,172,78,0,0
1080057,1,0,879,0,0,23,60647.95,147044,172,78,0,0
1080175,1,0,955,0,0,23,60647.95,147044,172,78,0,0
1080258,1,0,1032,8,0,23,60647.95,147044,172,78,0,0
1080398,1,0,1525,10,0,23,60647.95,147044,172,78,0,0
1080505,1,0,1723,10,0,23,60647.95,147044,172,78,0,0
1080630,1,0,1761,10,0,23,60647.95,147044,172,78,0,0
1080747,1,0,1666,10,0,23,60649.02,147044,172,78,0,0
1080859,1,0,1597,10,0,23,60649.02,147044,172,78,0,0
1080958,1,0,1490,10,0,23,60649.02,147044,172,78,0,0
1081058,1,3,1440,10,0,23,60649.02,147044,172,78,0,0
1081205,1,4,1417,10,0,23,60649.02,147044,172,78,0,0
1081305,1,4,1392,10,0,23,60649.02,147044,172,78,0,0
1081431,1,6,1393,10,0,23,60650.04,147044,172,78,0,0
1081497,1,6,1360,10,0,23,60650.04,147044,172,78,0,0
1081658,1,8,1324,10,0,23,60650.04,147044,172,78,0,0
1081758,1,9,1312,12,0,23,60650.04,147044,172,78,0,0
1081897,1,10,1494,27,0,23,60650.04,147044,172,78,0,0
1082005,1,10,1593,60,0,23,60650.04,147044,172,78,0,0
1082130,1,11,1661,63,0,23,60650.04,147044,172,78,0,0
1082247,1,12,1764,63,0,23,60651.09,147044,172,78,0,0
1082359,1,12,1828,67,0,23,60651.09,147044,172,78,0,0
1082456,1,13,1914,72,0,23,60651.09,147044,172,78,0,0
1082566,1,13,1976,76,0,23,60651.09,147044,172,78,0,0
1082705,1,14,2094,63,0,23,60651.09,147044,172,78,0,0
1082805,1,14,2133,0,0,23,60651.09,147044,172,78,0,0
1082930,1,15,2033,0,0,23,60652.16,147044,172,78,0,0
1083054,1,15,1898,0,0,23,60652.16,147044,172,78,0,0
1083158,1,15,1800,0,0,23,60652.16,147044,172,78,0,0
1083258,1,15,1788,0,0,23,60652.16,147044,172,78,0,0
1083397,1,15,1722,0,0,23,60652.16,147044,172,78,0,0
1083497,1,15,1591,0,0,23,60652.16,147044,172,78,0,0
1083630,1,15,1364,51,0,23,60652.16,147044,172,78,0,0
1083747,1,15,1186,67,0,23,60652.16,147044,172,78,0,0
1083859,1,15,1305,84,0,23,60652.16,147044,172,78,0,0
1083958,1,16,1234,89,0,23,60652.16,147044,172,78,0,0
1084078,1,16,1294,89,0,23,60652.16,147044,172,78,0,0
1084205,1,17,1343,89,0,23,60652.16,147044,172,78,0,0
1084305,1,17,1355,89,0,23,60652.16,147044,172,78,0,0
1084431,1,18,1393,89,0,23,60653.21,147044,172,78,0,0
1084505,1,18,1432,89,0,23,60653.21,147044,172,78,0,0
1084657,1,19,1501,89,0,23,60653.21,147044,172,78,0,0
1084757,1,19,1504,89,0,23,60653.21,147044,172,78,0,0
1084897,1,20,1536,89,0,23,60653.21,147044,172,78,0,0
1085005,1,20,1597,89,0,23,60653.21,147044,172,78,0,0
1085130,1,21,1624,88,0,23,60654.25,147044,172,78,0,0
1085247,1,21,1652,86,0,23,60654.25,147044,172,78,0,0
1085359,1,22,1680,86,0,23,60654.25,147044,172,78,0,0
1085456,1,22,1720,85,0,23,60654.25,147044,172,78,0,0
1085564,1,22,1757,83,0,23,60654.25,147044,172,78,0,0
1085705,1,23,1760,83,0,23,60654.25,147044,172,79,0,0
1085805,1,23,1794,83,0,23,60654.25,147044,172,79,0,0
1085930,1,24,1826,83,0,23,60655.29,147044,172,79,0,0
1086056,1,24,1862,84,0,23,60655.29,147044,172,79,0,0
1086158,1,24,1890,83,0,23,60655.29,147044,172,79,0,0
1086257,1,25,1902,83,0,23,60655.29,147044,172,79,0,0
1086398,1,25,1982,84,0,23,60655.29,147044,172,79,0,0
1086456,1,25,1982,83,0,23,60655.29,147044,172,79,0,0
1086630,1,26,2031,77,0,23,60656.33,147044,172,79,0,0
1086747,1,27,2035,50,0,23,60656.33,147044,172,79,0,0
1086858,1,27,1984,0,0,23,60656.33,147044,172,79,0,0
1086957,1,27,2001,0,0,23,60656.33,147044,172,79,0,0
1087076,1,27,1903,0,0,23,60656.33,147044,172,79,0,0
1087205,1,27,1729,0,0,23,60656.33,147044,172,79,0,0
1087305,1,27,1646,0,0,23,60656.33,147044,172,79,0,0
1087431,1,26,1622,0,0,23,60656.33,147044,172,79,0,0
1087557,1,26,1556,1,0,23,60656.33,147044,172,79,0,0
1087666,1,26,1548,27,0,23,60656.33,147044,172,79,0,0
1087757,1,26,1418,50,0,23,60656.33,147044,172,79,0,0
1087897,1,26,1443,64,0,23,60656.33,147044,172,79,0,0
1087997,1,26,1427,75,0,23,60657.34,147044,172,79,0,0
1088130,1,27,1450,92,0,23,60657.34,147044,172,79,0,0
1088247,1,27,1466,98,0,23,60657.34,147044,172,79,0,0
1088358,1,27,1476,98,0,23,60657.34,147044,172,79,0,0
1088456,1,28,1491,98,0,23,60657.34,147044,172,79,0,0
1088557,1,28,1530,98,0,23,60657.34,147044,172,79,0,0
1088705,1,28,1550,98,0,23,60657.34,147044,172,79,0,0
1088805,1,28,1556,98,0,23,60658.40,147044,172,79,0,0
1088931,1,29,1595,96,0,23,60658.40,147044,172,79,0,0
1088997,1,29,1569,96,0,23,60658.40,147044,172,79,0,0
1089157,1,30,1600,86,0,23,60658.40,147044,172,79,0,0
1089255,1,30,1621,82,0,23,60658.40,147044,172,79,0,0
1089397,1,31,1650,80,0,23,60659.40,147044,172,79,0,0
1089505,1,31,1668,77,0,23,60659.40,147044,172,79,0,0
1089630,1,31,1684,77,0,23,60659.40,147044,172,79,0,0
1089730,1,31,1671,77,0,23,60659.40,147044,172,79,0,0
1089857,1,32,1720,77,0,23,60659.40,147044,172,79,0,0
1089957,1,32,1715,76,0,23,60659.40,147044,172,79,0,0
1090057,1,32,1718,76,0,23,60659.40,147044,172,79,0,0
1090205,1,32,1730,71,0,23,60660.44,147044,172,79,0,0
1090305,1,32,1735,62,0,23,60660.44,147044,172,79,0,0
1090431,1,33,1735,61,0,23,60660.44,147044,172,79,0,0
1090530,1,33,1744,61,0,23,60660.44,147044,172,79,0,0
1090657,1,33,1762,61,0,23,60660.44,147044,172,79,0,0
1090757,1,33,1788,60,0,23,60660.44,147044,172,79,0,0
1090897,1,33,1786,59,0,23,60660.44,147044,172,79,0,0
1090997,1,33,1786,55,0,23,60660.44,147044,172,79,0,0
1091130,1,33,1783,51,0,23,60661.48,147044,172,79,0,0
1091230,1,34,1802,47,0,23,60661.48,147044,172,79,0,0
1091357,1,34,1795,44,0,23,60661.48,147044,172,79,0,0
1091456,1,34,1818,42,0,23,60661.48,147044,172,79,0,0
1091560,1,34,1807,42,0,23,60661.48,147044,172,79,0,0
1091705,1,34,1801,35,0,23,60661.48,147044,172,79,0,0
1091805,1,34,1800,32,0,23,60661.48,147044,172,79,0,0
1091930,1,34,1793,13,0,23,60661.48,147044,172,79,0,0
1092048,1,34,1783,0,0,23,60661.48,147044,172,79,0,0
1092158,1,34,1819,0,0,23,60661.48,147044,172,79,0,0
1092257,1,34,1761,0,0,23,60661.48,147044,172,79,0,0
1092357,1,34,1783,0,0,23,60662.48,147044,172,79,0,0
1092505,1,33,1780,0,0,23,60662.48,147044,169,79,0,0
1092611,1,33,1781,0,0,23,60662.48,147044,169,79,0,0
1092740,1,33,1784,0,0,23,60662.48,147044,169,79,0,0
1092848,1,33,1751,0,0,23,60662.48,147044,169,79,0,0
1092957,1,33,1733,0,0,23,60662.48,147044,169,79,0,0
1093072,1,33,1747,0,0,23,60662.48,147044,169,79,0,0
1093197,1,32,1702,0,0,23,60662.48,147044,169,79,0,0
1093305,1,32,1726,0,0,23,60662.48,147044,169,79,0,0
1093431,1,32,1689,0,0,23,60662.48,147044,169,79,0,0
1093505,1,32,1707,0,0,23,60662.48,147044,169,79,0,0
1093659,1,31,1694,0,0,23,60662.48,147044,169,79,0,0
1093758,1,31,1675,0,0,23,60662.48,147044,169,79,0,0
1093857,1,31,1655,0,0,23,60662.48,147044,169,79,0,0
1093997,1,31,1643,0,0,23,60662.48,147044,169,79,0,0
1094111,1,31,1628,0,0,23,60662.48,147044,169,79,0,0
1094230,1,30,1611,0,0,23,60662.48,147044,169,79,0,0
1094357,1,30,1613,0,0,23,60662.48,147044,169,79,0,0
1094456,1,30,1595,0,0,23,60662.48,147044,169,79,0,0
1094585,1,30,1568,0,0,23,60662.48,147044,169,79,0,0
1094705,1,30,1536,0,0,23,60662.48,147044,169,79,0,0
1094805,1,29,1536,0,0,23,60662.48,147044,169,79,0,0
1094930,1,29,1536,0,0,23,60662.48,147044,169,79,0,0
1095047,1,29,1504,0,0,23,60662.48,147044,169,79,0,0
1095158,1,29,1504,0,0,23,60662.48,147044,169,79,0,0
1095257,1,28,1504,0,0,23,60662.48,147044,169,79,0,0
1095358,1,28,1504,0,0,23,60662.48,147044,169,79,0,0
1095505,1,28,1472,0,0,23,60662.48,147044,169,79,0,0
1095657,1,28,1440,0,0,23,60662.48,147044,169,79,0,0
1095757,1,27,1440,0,0,23,60662.48,147044,169,79,0,0
1095897,1,27,1440,0,0,23,60662.48,147044,169,79,0,0
1095997,1,27,1408,0,0,23,60662.48,147044,169,79,0,0
1096110,1,27,1408,0,0,23,60662.48,147044,169,79,0,0
1096230,1,26,1408,0,0,23,60662.48,147044,169,79,0,0
1096357,1,26,1376,0,0,23,60662.48,147044,169,79,0,0
1096455,1,26,1376,0,0,23,60662.48,147044,169,79,0,0
1096557,1,26,1376,0,0,23,60662.48,147044,169,79,0,0
1096697,1,26,1344,0,0,23,60662.48,147044,169,79,0,0
1096805,1,26,1344,0,10,23,60662.48,147044,169,79,0,0
1096929,1,25,1344,0,14,23,60662.48,147044,169,79,0,0
1097005,1,25,1312,0,22,23,60662.48,147044,169,79,0,0
1097158,1,25,1280,0,28,23,60662.48,147044,169,79,0,0
1097257,1,24,1280,0,30,23,60662.48,147044,169,79,0,0
1097358,1,24,1261,0,30,23,60662.48,147044,169,79,0,0
1097505,1,24,1246,0,30,23,60662.48,147044,169,79,0,0
1097610,1,24,1147,0,30,23,60662.48,147044,169,79,0,0
1097730,1,23,1063,0,32,23,60662.48,147044,169,79,0,0
1097847,1,23,1150,0,34,23,60662.48,147044,169,79,0,0
1097966,1,22,1166,0,36,23,60662.48,147044,169,79,0,0
1098069,1,22,1144,0,36,23,60662.48,147044,169,79,0,0
1098197,1,22,1121,0,44,23,60662.48,147044,169,79,0,0
1098305,1,21,1151,0,48,23,60662.48,147044,169,79,0,0
1098430,1,20,1119,0,50,23,60662.48,147044,169,79,0,0
1098505,1,20,1118,0,52,23,60662.48,147044,169,79,0,0
1098657,1,20,1119,0,58,23,60662.48,147044,169,79,0,0
1098757,1,19,1119,0,58,23,60662.48,147044,169,79,0,0
1098857,1,19,1088,0,58,23,60662.48,147044,169,79,0,0
1099005,1,18,1057,0,64,23,60662.48,147044,169,79,0,0
1099110,1,18,1057,0,64,23,60662.48,147044,169,79,0,0
1099230,1,16,1057,0,62,23,60662.48,147044,169,79,0,0
1099347,1,16,1056,0,58,23,60663.50,147044,169,79,0,0
1099456,1,15,1056,0,56,23,60663.50,147044,169,79,0,0
1099557,1,15,1056,0,42,23,60663.50,147044,169,79,0,0
1099697,1,15,1089,0,28,23,60663.50,147044,169,79,0,0
1099805,1,14,1089,0,22,23,60663.50,147044,169,79,0,0
1099925,1,14,1058,0,22,23,60663.50,147044,169,79,0,0
1099997,1,14,1087,0,20,23,60663.50,147044,169,79,0,0
1100157,1,13,1087,0,18,23,60663.50,147044,169,79,0,0
1100257,1,13,1055,0,14,23,60663.50,147044,169,79,0,0
1100357,1,13,1023,0,12,23,60663.50,147044,169,79,0,0
1100504,1,13,996,0,12,23,60663.50,147044,169,79,0,0
1100610,1,13,1002,0,10,23,60663.50,147044,169,79,0,0
1100730,1,13,1035,0,12,23,60663.50,147044,169,79,0,0
1100847,1,13,1068,0,10,23,60663.50,147044,169,79,0,0
1100957,1,12,1069,0,10,23,60663.50,147044,169,79,0,0
1101057,1,12,1063,0,10,23,60663.50,147044,169,79,0,0
1101175,1,12,1059,0,12,23,60663.50,147044,169,79,0,0
1101305,1,12,1056,0,10,23,60663.50,147044,169,79,0,0
1101410,1,12,1056,0,10,23,60663.50,147044,169,79,0,0
1101505,1,12,1087,0,0,23,60663.50,147044,169,79,0,0
1101657,1,11,1087,0,0,23,60663.50,147044,169,79,0,0
1101758,1,11,1087,0,0,23,60663.50,147044,169,79,0,0
1101861,1,11,1087,0,0,23,60663.50,147044,169,79,0,0
1101998,1,11,1024,0,0,23,60663.50,147044,169,79,0,0
1102113,1,11,1025,0,0,23,60663.50,147044,169,79,0,0
1102230,1,11,1025,4,0,23,60663.50,147044,169,79,0,0
1102347,1,12,897,8,0,23,60664.50,147044,169,79,0,0
1102455,1,11,872,17,0,23,60664.50,147044,169,79,0,0
1102557,1,11,989,30,0,23,60664.50,147044,169,79,0,0
1102697,1,11,1178,31,0,23,60664.50,147044,169,79,0,0
1102805,1,11,1202,31,0,23,60664.50,147044,169,79,0,0
1102925,1,12,1162,33,0,23,60664.50,147044,169,79,0,0
1103041,1,12,1110,35,0,23,60664.50,147044,169,79,0,0
1103157,1,12,949,36,0,23,60664.50,147044,169,79,0,0
1103257,1,12,1052,37,0,23,60664.50,147044,169,79,0,0
1103359,1,13,1048,38,0,23,60664.50,147044,169,79,0,0
1103497,1,13,1025,42,0,23,60664.50,147044,169,79,0,0
1103612,1,13,1072,67,0,23,60664.50,147044,169,79,0,0
1103729,1,14,1087,68,0,23,60664.50,147044,169,79,0,0
1103847,1,14,1091,68,0,23,60665.53,147044,169,79,0,0
1103957,1,14,1126,68,0,23,60665.53,147044,169,79,0,0
1104065,1,15,1121,69,0,23,60665.53,147044,169,79,0,0
1104175,1,15,1186,69,0,23,60665.53,147044,169,79,0,0
1104304,1,15,1205,69,0,23,60665.53,147044,169,79,0,0
1104410,1,15,1229,69,0,23,60665.53,147044,169,79,0,0
1104504,1,16,1261,69,0,23,60665.53,147044,169,79,0,0
1104646,1,16,1260,64,0,23,60665.53,147044,169,79,0,0
1104757,1,17,1293,58,0,23,60665.53,147044,169,79,0,0
1104858,1,17,1296,32,0,23,60665.53,147044,169,79,0,0
1104957,1,17,1292,0,0,23,60666.56,147044,169,79,0,0
1105112,1,17,1329,0,0,23,60666.56,147044,169,79,0,0
1105229,1,17,1332,0,0,23,60666.56,147044,169,79,0,0
1105347,1,17,1285,0,0,23,60666.56,147044,169,79,0,0
1105456,1,17,1279,0,0,23,60666.56,147044,169,79,0,0
1105557,1,17,1305,0,0,23,60666.56,147044,169,79,0,0
1105674,1,17,1304,0,0,23,60666.56,147044,169,79,0,0
1105804,1,17,1303,0,0,23,60666.56,147044,169,79,0,0
1105910,1,17,1271,0,0,23,60666.56,147044,169,79,0,0
1106039,1,16,1270,0,0,23,60666.56,147044,169,79,0,0
1106148,1,16,1237,0,0,23,60666.56,147044,169,79,0,0
1106254,1,16,1238,0,0,23,60666.56,147044,169,79,0,0
1106358,1,16,1206,0,4,23,60666.56,147044,169,79,0,0
1106455,1,16,1205,0,4,23,60666.56,147044,169,79,0,0
1106611,1,16,1204,0,6,23,60666.56,147044,169,79,0,0
1106729,1,15,1203,0,8,23,60666.56,147044,169,79,0,0
1106847,1,15,1171,0,8,23,60666.56,147044,169,79,0,0
1106957,1,15,1138,0,10,23,60666.56,147044,169,79,0,0
1107058,1,15,1137,0,12,23,60666.56,147044,169,79,0,0
1107174,1,15,1137,0,14,23,60666.56,147044,169,79,0,0
1107304,1,14,1103,0,14,23,60666.56,147044,169,79,0,0
1107410,1,14,1103,0,16,23,60666.56,147044,169,79,0,0
1107455,1,14,1071,0,18,23,60666.56,147044,169,79,0,0
1107647,1,14,1070,0,18,23,60666.56,147044,169,79,0,0
1107757,1,14,1036,0,24,23,60666.56,147044,169,79,0,0
1107858,1,13,1036,0,28,23,60666.56,147044,169,79,0,0
1107997,1,13,1005,0,30,23,60666.56,147044,169,79,0,0
1108111,1,13,1007,0,30,23,60666.56,147044,169,79,0,0
1108229,1,12,1045,0,40,23,60666.56,147044,169,79,0,0
1108329,1,12,1050,0,42,23,60666.56,147044,169,79,0,0
1108455,1,12,1051,0,40,23,60667.56,147044,169,79,0,0
1108557,1,11,1045,0,40,23,60667.56,147044,169,79,0,0
1108674,1,11,1043,0,42,23,60667.56,147044,169,79,0,0
1108804,1,11,1042,0,40,23,60667.56,147044,169,79,0,0
1108908,1,10,1042,0,38,23,60667.56,147044,169,79,0,0
1109004,1,10,1042,0,40,23,60667.56,147044,169,79,0,0
1109147,1,9,1042,0,40,23,60667.56,147044,169,79,0,0
1109254,1,9,1042,0,40,23,60667.56,147044,169,79,0,0
1109358,1,9,1043,0,42,23,60667.56,147044,169,79,0,0
1109497,1,9,1044,0,42,23,60667.56,147044,169,79,0,0
1109611,1,8,1044,0,40,23,60667.56,147044,169,79,0,0
1109729,1,8,1044,0,38,23,60667.56,147044,169,79,0,0
1109829,1,7,1044,0,40,23,60667.56,147044,169,79,0,0
1109954,1,7,1044,0,0,23,60667.56,147044,169,79,0,0
1110056,1,7,1044,0,0,23,60667.56,147044,169,79,0,0
1110174,1,7,1044,0,0,23,60667.56,147044,169,79,0,0
1110304,1,7,1044,1,0,23,60667.56,147044,169,79,0,0
1110404,1,7,1043,4,0,23,60667.56,147044,169,79,0,0
1110504,1,7,1045,5,0,23,60667.56,147044,169,79,0,0
1110654,1,7,1055,8,0,23,60667.56,147044,169,79,0,0
1110754,1,7,1031,12,0,23,60667.56,147044,169,79,0,0
1110858,1,7,1067,33,0,23,60667.56,147044,169,79,0,0
1110997,1,7,1124,46,0,23,60667.56,147044,169,79,0,0
1111111,1,7,1158,59,0,23,60667.56,147044,169,79,0,0
1111229,1,8,1165,64,0,23,60667.56,147044,169,79,0,0
1111329,1,8,1241,70,0,23,60667.56,147044,169,79,0,0
1111455,1,9,1351,71,0,23,60667.56,147044,169,79,0,0
1111554,1,9,1394,71,0,23,60668.58,147044,169,79,0,0
1111674,1,10,1469,72,0,23,60668.58,147044,169,79,0,0
1111804,1,10,1552,72,0,23,60668.58,147044,169,79,0,0
1111904,1,11,1619,72,0,23,60668.58,147044,169,79,0,0
1111997,1,11,1690,72,0,23,60668.58,147044,169,79,0,0
1112147,1,12,1793,72,0,23,60668.58,147044,169,79,0,0
1112254,1,12,1832,71,0,23,60668.58,147044,169,79,0,0
1112355,1,13,1902,44,0,23,60668.58,147044,169,79,0,0
1112455,1,13,1914,0,0,23,60669.58,147044,169,79,0,0
1112607,1,14,1782,0,0,23,60669.58,147044,169,79,0,0
1112704,1,14,1665,0,0,23,60669.58,147044,169,79,0,0
1112830,1,14,1583,0,0,23,60669.58,147044,169,79,0,0
1112947,1,14,1569,0,0,23,60669.58,147044,169,79,0,0
1113061,1,14,1554,0,0,23,60669.58,147044,169,79,0,0
1113175,1,14,1484,23,0,23,60669.58,147044,169,79,0,0
1113294,1,14,1225,38,0,23,60669.58,147044,169,79,0,0
1113404,1,14,1050,67,0,23,60669.58,147044,169,79,0,0
1113504,1,14,1160,78,0,23,60669.58,147044,169,79,0,0
1113629,1,15,1126,78,0,23,60669.58,147044,169,79,0,0
1113754,1,15,1153,79,0,23,60669.58,147044,169,79,0,0
1113857,1,15,1195,81,0,23,60669.58,147044,169,79,0,0
1113997,1,15,1230,82,0,23,60669.58,147044,169,79,0,0
1114110,1,16,1265,82,0,23,60670.62,147044,169,79,0,0
1114229,1,16,1302,82,0,23,60670.62,147044,169,79,0,0
1114329,1,17,1303,82,0,23,60670.62,147044,169,79,0,0
1114455,1,17,1370,82,0,23,60670.62,147044,169,79,0,0
1114554,1,18,1404,82,0,23,60670.62,147044,169,79,0,0
1114674,1,18,1406,79,0,23,60670.62,147044,169,79,0,0
1114804,1,18,1465,73,0,23,60670.62,147044,169,79,0,0
1114904,1,19,1458,72,0,23,60670.62,147044,169,79,0,0
1114997,1,19,1480,72,0,23,60670.62,147044,169,79,0,0
1115154,1,20,1511,71,0,23,60671.66,147044,169,79,0,0
1115254,1,20,1545,70,0,23,60671.66,147044,169,79,0,0
1115357,1,20,1579,70,0,23,60671.66,147044,169,79,0,0
1115497,1,20,1586,70,0,23,60671.66,147044,169,79,0,0
1115610,1,21,1622,70,0,23,60671.66,147044,169,79,0,0
1115728,1,21,1662,70,0,23,60671.66,147044,169,79,0,0
1115829,1,21,1636,70,0,23,60671.66,147044,169,79,0,0
1115954,1,22,1679,70,0,23,60671.66,147044,169,80,0,0
1116058,1,22,1714,70,0,23,60671.66,147044,169,80,0,0
1116174,1,22,1742,70,0,23,60672.68,147044,169,80,0,0
1116304,1,23,1782,70,0,23,60672.68,147044,169,80,0,0
1116404,1,23,1789,69,0,23,60672.68,147044,169,80,0,0
1116504,1,23,1795,68,0,23,60672.68,147044,169,80,0,0
1116647,1,24,1831,67,0,23,60672.68,147044,169,80,0,0
1116754,1,24,1865,66,0,23,60672.68,147044,169,80,0,0
1116857,1,24,1870,65,0,23,60672.68,147044,169,80,0,0
1116954,1,25,1901,63,0,23,60673.69,147044,169,80,0,0
1117109,1,25,1920,60,0,23,60673.69,147044,169,80,0,0
1117204,1,25,1945,60,0,23,60673.69,147044,169,80,0,0
1117329,1,25,1936,59,0,23,60673.69,147044,169,80,0,0
1117455,1,26,1966,54,0,23,60673.69,147044,169,80,0,0
1117554,1,26,2003,53,0,23,60673.69,147044,169,80,0,0
1117674,1,26,2000,52,0,23,60673.69,147044,169,80,0,0
1117797,1,26,2045,52,0,23,60674.71,147044,169,80,0,0
1117904,1,26,2044,52,0,23,60674.71,147044,169,80,0,0
1118004,1,26,2044,51,0,23,60674.71,147044,169,80,0,0
1118129,1,27,2079,49,0,23,60674.71,147044,169,80,0,0
1118254,1,27,2050,49,0,23,60674.71,147044,169,80,0,0
1118357,1,27,2079,48,0,23,60674.71,147044,169,80,0,0
1118455,1,27,2094,46,0,23,60674.71,147044,169,80,0,0
1118597,1,27,2088,42,0,23,60674.71,147044,169,80,0,0
1118704,1,27,2082,32,0,23,60674.71,147044,169,80,0,0
1118829,1,28,2105,28,0,23,60675.75,147044,169,80,0,0
1118947,1,28,2086,12,0,23,60675.75,147044,169,80,0,0
1119004,1,28,2104,0,0,23,60675.75,147044,169,80,0,0
1119174,1,28,2084,0,0,23,60675.75,147044,169,80,0,0
1119294,1,28,2091,0,0,23,60675.75,147044,169,80,0,0
1119404,1,28,2090,0,0,23,60675.75,147044,169,80,0,0
1119497,1,28,2091,0,0,23,60675.75,147044,169,80,0,0
1119629,1,27,2059,0,0,23,60675.75,147044,169,80,0,0
1119755,1,27,2091,0,0,23,60675.75,147044,169,80,0,0
1119857,1,27,2059,0,0,23,60675.75,147044,169,80,0,0
1119954,1,27,2074,0,0,23,60675.75,147044,169,80,0,0
1120097,1,27,2040,0,0,23,60675.75,147044,169,80,0,0
1120204,1,27,2026,0,0,23,60675.75,147044,169,80,0,0
1120329,1,26,1994,0,0,23,60675.75,147044,169,80,0,0
1120443,1,26,1999,0,0,23,60675.75,147044,169,80,0,0
1120556,1,26,1980,0,0,23,60675.75,147044,169,80,0,0
1120674,1,26,1980,0,0,23,60675.75,147044,169,80,0,0
1120754,1,26,1967,0,0,23,60675.75,147044,169,80,0,0
1120904,1,26,1935,0,0,23,60675.75,147044,169,80,0,0
1121004,1,25,1946,0,0,23,60675.75,147044,169,80,0,0
1121129,1,25,1918,0,0,23,60675.75,147044,169,80,0,0
1121254,1,25,1868,0,0,23,60675.75,147044,169,80,0,0
1121357,1,25,1856,0,0,23,60675.75,147044,169,80,0,0
1121455,1,24,1856,0,0,23,60675.75,147044,169,80,0,0
1121598,1,24,1824,0,0,23,60675.75,147044,169,80,0,0
1121704,1,24,1792,0,0,23,60675.75,147044,169,80,0,0
1121829,1,24,1792,0,0,23,60675.75,147044,169,80,0,0
1121929,1,24,1792,0,0,23,60675.75,147044,169,80,0,0
1122055,1,23,1760,0,0,23,60675.75,147044,169,80,0,0
1122154,1,23,1760,0,6,23,60675.75,147044,169,79,0,0
1122254,1,23,1728,0,2,23,60675.75,147044,169,79,0,0
1122404,1,23,1728,0,2,23,60675.75,147044,169,79,0,0
1122504,1,23,1696,0,2,23,60675.75,147044,166,79,0,0
1122629,1,22,1696,0,2,23,60675.75,147044,166,79,0,0
1122747,1,22,1664,0,4,23,60675.75,147044,166,79,0,0
1122857,1,22,1632,0,12,23,60675.75,147044,166,79,0,0
1122954,1,22,1632,0,10,23,60675.75,147044,166,79,0,0
1123079,1,21,1632,0,8,23,60675.75,147044,166,79,0,0
1123205,1,21,1600,0,14,23,60675.75,147044,166,79,0,0
1123304,1,21,1568,0,20,23,60675.75,147044,166,79,0,0
1123430,1,21,1568,0,18,23,60675.75,147044,166,79,0,0
1123504,1,21,1536,0,14,23,60675.75,147044,166,79,0,0
1123654,1,20,1504,0,0,23,60675.75,147044,166,79,0,0
1123754,1,20,1504,0,0,23,60675.75,147044,166,79,0,0
1123898,1,20,1472,0,0,23,60675.75,147044,166,79,0,0
1124004,1,19,1440,0,0,23,60675.75,147044,166,79,0,0
1124129,1,19,1440,0,0,23,60675.75,147044,166,79,0,0
1124247,1,19,1408,0,0,23,60675.75,147044,166,79,0,0
1124357,1,18,1408,0,0,23,60675.75,147044,166,79,0,0
1124455,1,18,1344,0,0,23,60675.75,147044,166,79,0,0
1124565,1,18,1376,0,0,23,60675.75,147044,166,79,0,0
1124704,1,18,1401,19,0,23,60675.75,147044,166,79,0,0
1124804,1,17,1369,30,0,23,60675.75,147044,166,79,0,0
1124929,1,17,1350,37,0,23,60676.77,147044,166,79,0,0
1125004,1,17,1402,49,0,23,60676.77,147044,166,79,0,0
1125154,1,18,1395,57,0,23,60676.77,147044,166,79,0,0
1125254,1,18,1373,59,0,23,60676.77,147044,166,79,0,0
1125356,1,18,1400,59,0,23,60676.77,147044,166,79,0,0
1125504,1,18,1401,70,0,23,60676.77,147044,166,79,0,0
1125609,1,18,1385,70,0,23,60676.77,147044,166,79,0,0
1125729,1,18,1429,70,0,23,60676.77,147044,166,79,0,0
1125848,1,19,1465,70,0,23,60676.77,147044,166,79,0,0
1125954,1,19,1465,70,0,23,60676.77,147044,166,79,0,0
1126054,1,19,1495,70,0,23,60677.79,147044,166,79,0,0
1126198,1,19,1522,70,0,23,60677.79,147044,166,79,0,0
1126304,1,20,1559,70,0,23,60677.79,147044,166,79,0,0
1126429,1,20,1561,70,0,23,60677.79,147044,166,79,0,0
1126504,1,20,1596,70,0,23,60677.79,147044,166,79,0,0
1126653,1,21,1630,70,0,23,60677.79,147044,166,79,0,0
1126754,1,21,1632,70,0,23,60677.79,147044,166,79,0,0
1126857,1,21,1634,70,0,23,60677.79,147044,166,79,0,0
1127004,1,22,1671,70,0,23,60678.82,147044,166,79,0,0
1127109,1,22,1705,70,0,23,60678.82,147044,166,79,0,0
1127229,1,22,1706,70,0,23,60678.82,147044,166,79,0,0
1127347,1,23,1772,70,0,23,60678.82,147044,166,79,0,0
1127455,1,23,1780,70,0,23,60678.82,147044,166,79,0,0
1127563,1,23,1817,69,0,23,60678.82,147044,166,79,0,0
1127697,1,24,1824,68,0,23,60678.82,147044,166,79,0,0
1127805,1,24,1826,68,0,23,60678.82,147044,166,79,0,0
1127924,1,24,1859,67,0,23,60679.83,147044,166,79,0,0
1128007,1,24,1891,67,0,23,60679.83,147044,166,79,0,0
1128154,1,25,1891,67,0,23,60679.83,147044,166,79,0,0
1128254,1,25,1923,67,0,23,60679.83,147044,166,79,0,0
1128358,1,25,1957,67,0,23,60679.83,147044,166,79,0,0
1128503,1,26,1992,65,0,23,60679.83,147044,166,79,0,0
1128608,1,26,1996,63,0,23,60679.83,147044,166,79,0,0
1128728,1,26,2029,60,0,23,60680.86,147044,166,79,0,0
1128829,1,27,2028,54,0,23,60680.86,147044,166,79,0,0
1128955,1,27,2052,42,0,23,60680.86,147044,166,79,0,0
1129054,1,27,2058,42,0,23,60680.86,147044,166,79,0,0
1129174,1,27,2074,42,0,23,60680.86,147044,166,79,0,0
1129254,1,27,2061,42,0,23,60680.86,147044,166,79,0,0
1129404,1,27,2070,42,0,23,60680.86,147044,166,79,0,0
1129498,1,27,2102,42,0,23,60680.86,147044,166,79,0,0
1129653,1,27,2105,42,0,23,60681.89,147044,166,79,0,0
1129754,1,28,2112,42,0,23,60681.89,147044,166,79,0,0
1129857,1,28,2114,42,0,23,60681.89,147044,166,79,0,0
1129954,1,28,2116,42,0,23,60681.89,147044,166,79,0,0
1130109,1,28,2119,42,0,23,60681.89,147044,166,79,0,0
1130204,1,28,2153,42,0,23,60681.89,147044,166,79,0,0
1130329,1,28,2153,42,0,23,60681.89,147044,166,79,0,0
1130454,1,28,2186,42,0,23,60681.89,147044,166,79,0,0
1130528,1,28,2186,42,0,23,60681.89,147044,166,79,0,0
1130674,1,29,2186,45,0,23,60681.89,147044,166,79,0,0
1130798,1,29,2193,48,0,23,60682.91,147044,166,79,0,0
1130904,1,29,2239,48,0,23,60682.91,147044,166,79,0,0
1131028,1,29,2217,48,0,23,60682.91,147044,166,79,0,0
1131147,1,29,2219,48,0,23,60682.91,147044,166,79,0,0
1131254,1,29,2247,48,0,23,60682.91,147044,166,79,0,0
1131357,1,29,2242,48,0,23,60682.91,147044,166,79,0,0
1131455,1,30,2303,48,0,23,60682.91,147044,166,79,0,0
1131598,1,30,2243,40,0,23,60682.91,147044,166,79,0,0
1131704,1,30,2255,0,0,23,60683.96,147044,166,79,0,0
1131829,1,30,2214,0,0,23,60683.96,147044,166,79,0,0
1131947,1,29,2029,0,0,23,60683.96,147044,166,79,0,0
1132054,1,30,1952,0,0,23,60683.96,147044,166,79,0,0
1132175,1,30,1760,0,0,23,60683.96,147044,166,79,0,0
1132294,1,30,1678,0,0,23,60683.96,147044,166,79,0,0
1132404,1,30,1600,0,0,23,60683.96,147044,166,79,0,0
1132504,1,29,1598,0,0,23,60683.96,147044,166,79,0,0
1132629,1,29,1526,0,0,23,60683.96,147044,166,79,0,0
1132753,1,29,1457,0,0,23,60683.96,147044,166,79,0,0
1132857,1,29,1421,0,0,23,60683.96,147044,166,79,0,0
1132954,1,29,1386,0,0,23,60683.96,147044,166,79,0,0
1133099,1,29,1381,11,0,23,60683.96,147044,166,79,0,0
1133207,1,29,1587,45,0,23,60683.96,147044,166,79,0,0
1133329,1,29,1654,56,0,23,60683.96,147044,166,79,0,0
1133443,1,29,1522,59,0,23,60683.96,147044,166,79,0,0
1133560,1,29,1574,65,0,23,60683.96,147044,166,79,0,0
1133674,1,29,1567,65,0,23,60683.96,147044,166,79,0,0
1133754,1,29,1570,65,0,23,60685.00,147044,166,79,0,0
1133904,1,30,1598,59,0,23,60685.00,147044,166,79,0,0
1134004,1,30,1595,54,0,23,60685.00,147044,166,79,0,0
1134128,1,30,1614,53,0,23,60685.00,147044,166,79,0,0
1134254,1,30,1629,52,0,23,60685.00,147044,166,79,0,0
1134354,1,30,1622,52,0,23,60685.00,147044,166,79,0,0
1134455,1,30,1616,52,0,23,60685.00,147044,166,79,0,0
1134600,1,30,1616,52,0,23,60685.00,147044,166,79,0,0
1134707,1,30,1650,52,0,23,60685.00,147044,166,79,0,0
1134831,1,31,1655,52,0,23,60685.00,147044,166,79,0,0
1134928,1,31,1658,52,0,23,60686.05,147044,166,79,0,0
1135028,1,31,1661,52,0,23,60686.05,147044,166,79,0,0
1135174,1,31,1661,52,0,23,60686.05,147044,166,79,0,0
1135293,1,31,1694,52,0,23,60686.05,147044,166,79,0,0
1135407,1,31,1689,52,0,23,60686.05,147044,166,79,0,0
1135503,1,31,1689,52,0,23,60686.05,147044,166,79,0,0
1135628,1,32,1720,52,0,23,60686.05,147044,166,79,0,0
1135753,1,32,1720,52,0,23,60686.05,147044,166,79,0,0
1135856,1,32,1720,52,0,23,60686.05,147044,166,79,0,0
1135968,1,32,1725,52,0,23,60687.05,147044,166,79,0,0
1136098,1,32,1729,52,0,23,60687.05,147044,166,79,0,0
1136207,1,32,1730,52,0,23,60687.05,147044,166,79,0,0
1136306,1,33,1731,52,0,23,60687.05,147044,166,79,0,0
1136429,1,33,1733,52,0,23,60687.05,147044,166,79,0,0
1136504,1,33,1765,52,0,23,60687.05,147044,166,79,0,0
1136654,1,33,1766,52,0,23,60687.05,147044,166,79,0,0
1136754,1,33,1766,52,0,23,60687.05,147044,166,79,0,0
1136898,1,33,1799,52,0,23,60687.05,147044,166,79,0,0
1136998,1,33,1800,52,0,23,60688.06,147044,166,79,0,0
1137128,1,34,1800,52,0,23,60688.06,147044,166,79,0,0
1137306,1,34,1801,51,0,23,60688.06,147044,166,79,0,0
1137429,1,34,1801,49,0,23,60688.06,147044,166,79,0,0
1137498,1,34,1829,49,0,23,60688.06,147044,166,79,0,0
1137654,1,34,1829,43,0,23,60688.06,147044,166,79,0,0
1137754,1,34,1852,43,0,23,60688.06,147044,166,79,0,0
1137854,1,34,1842,41,0,23,60688.06,147044,166,79,0,0
1137953,1,35,1836,40,0,23,60688.06,147044,166,79,0,0
1138107,1,35,1835,38,0,23,60688.06,147044,166,79,0,0
1138228,1,35,1834,38,0,23,60689.08,147044,166,79,0,0
1138354,1,35,1861,38,0,23,60689.08,147044,166,79,0,0
1138454,1,35,1861,34,0,23,60689.08,147044,166,79,0,0
1138557,1,35,1863,26,0,23,60689.08,147044,166,79,0,0
1138698,1,35,1877,19,0,23,60689.08,147044,166,79,0,0
1138809,1,35,1882,0,0,23,60689.08,147044,166,79,0,0
1138928,1,35,1860,0,0,23,60689.08,147044,166,79,0,0
1139007,1,35,1886,0,0,23,60689.08,147044,166,79,0,0
1139154,1,35,1853,0,0,23,60689.08,147044,166,79,0,0
1139253,1,35,1852,0,0,23,60689.08,147044,166,79,0,0
1139354,1,35,1849,0,0,23,60689.08,147044,166,79,0,0
1139498,1,35,1847,0,0,23,60689.08,147044,166,79,0,0
1139607,1,34,1847,0,0,23,60689.08,147044,166,79,0,0
1139729,1,34,1847,0,0,23,60689.08,147044,166,79,0,0
1139848,1,34,1796,0,0,23,60689.08,147044,166,79,0,0
1139954,1,34,1806,0,0,23,60689.08,147044,166,79,0,0
1140054,1,34,1800,0,0,23,60690.09,147044,166,79,0,0
1140173,1,34,1787,0,0,23,60690.09,147044,166,79,0,0
1140307,1,34,1773,0,0,23,60690.09,147044,166,79,0,0
1140407,1,33,1787,0,0,23,60690.09,147044,166,79,0,0
1140506,1,33,1743,0,0,23,60690.09,147044,166,79,0,0
1140653,1,33,1741,0,0,23,60690.09,147044,166,79,0,0
1140754,1,33,1755,0,0,23,60690.09,147044,166,79,0,0
1140854,1,33,1740,0,0,23,60690.09,147044,166,79,0,0
1140954,1,32,1754,0,0,23,60690.09,147044,166,79,0,0
1141107,1,32,1710,0,0,23,60690.09,147044,166,79,0,0
1141228,1,32,1696,0,0,23,60690.09,147044,166,79,0,0
1141329,1,32,1696,0,0,23,60690.09,147044,166,79,0,0
1141454,1,32,1664,0,0,23,60690.09,147044,166,79,0,0
1141555,1,31,1664,0,0,23,60690.09,147044,166,79,0,0
1141673,1,31,1664,0,0,23,60690.09,147044,166,79,0,0
1141798,1,31,1632,0,0,23,60690.09,147044,166,79,0,0
1141907,1,31,1632,0,0,23,60690.09,147044,166,79,0,0
1142028,1,31,1632,0,0,23,60690.09,147044,166,79,0,0
1142148,1,30,1600,0,0,23,60690.09,147044,166,79,0,0
1142254,1,30,1600,0,0,23,60690.09,147044,166,79,0,0
1142354,1,30,1600,0,0,23,60690.09,147044,166,79,0,0
1142454,1,30,1568,0,0,23,60690.09,147044,166,79,0,0
1142607,1,30,1568,0,0,23,60690.09,147044,166,79,0,0
1142707,1,30,1568,0,0,23,60690.09,147044,166,79,0,0
1142828,1,29,1536,0,0,23,60690.09,147044,166,79,0,0
1142954,1,29,1536,0,0,23,60690.09,147044,166,79,0,0
1143067,1,29,1536,0,0,23,60690.09,147044,166,79,0,0
1143173,1,29,1504,0,0,23,60690.09,147044,166,79,0,0
1143301,1,29,1504,0,0,23,60690.09,147044,166,79,0,0
1143409,1,28,1504,0,0,23,60690.09,147044,166,79,0,0
1143498,1,28,1472,0,0,23,60690.09,147044,166,79,0,0
1143648,1,28,1472,0,0,23,60690.09,147044,166,79,0,0
1143754,1,28,1472,0,0,23,60690.09,147044,166,79,0,0
1143854,1,28,1472,0,0,23,60690.09,147044,166,79,0,0
1143954,1,27,1440,0,0,23,60690.09,147044,166,79,0,0
1144106,1,27,1440,0,0,23,60690.09,147044,166,79,0,0
1144210,1,27,1440,0,0,23,60690.09,147044,166,79,0,0
1144328,1,27,1408,0,0,23,60690.09,147044,166,79,0,0
1144448,1,27,1408,0,0,23,60690.09,147044,166,79,0,0
1144507,1,27,1408,0,0,23,60690.09,147044,166,79,0,0
1144673,1,26,1376,0,0,23,60690.09,147044,166,79,0,0
1144793,1,26,1376,0,2,23,60690.09,147044,166,79,0,0
1144909,1,26,1376,0,2,23,60690.09,147044,166,79,0,0
1145009,1,26,1376,0,2,23,60690.09,147044,166,79,0,0
1145128,1,26,1344,0,2,23,60690.09,147044,166,79,0,0
1145253,1,25,1344,0,10,23,60690.09,147044,166,79,0,0
1145354,1,25,1312,0,12,23,60690.09,147044,166,79,0,0
1145454,1,25,1312,0,10,23,60690.09,147044,166,79,0,0
1145578,1,25,1312,0,14,23,60690.09,147044,166,79,0,0
1145707,1,25,1280,0,14,23,60690.09,147044,166,79,0,0
1145828,1,24,1280,0,14,23,60690.09,147044,166,79,0,0
1145928,1,24,1248,0,16,23,60690.09,147044,166,79,0,0
1146028,1,24,1248,0,18,23,60690.09,147044,166,79,0,0
1146173,1,24,1245,0,26,23,60690.09,147044,166,79,0,0
1146254,1,23,1256,0,28,23,60690.09,147044,166,79,0,0
1146409,1,23,1220,0,28,23,60690.09,147044,166,79,0,0
1146501,1,23,1219,0,28,23,60690.09,147044,166,79,0,0
1146628,1,22,1187,0,30,23,60690.09,147044,166,79,0,0
1146753,1,22,1154,0,30,23,60690.09,147044,166,79,0,0
1146854,1,22,1090,0,30,23,60690.09,147044,166,79,0,0
1146954,1,22,1092,0,30,23,60690.09,147044,166,79,0,0
1147064,1,21,1112,0,30,23,60690.09,147044,166,79,0,0
1147209,1,21,1116,0,30,23,60690.09,147044,166,79,0,0
1147309,1,21,1116,0,30,23,60690.09,147044,166,79,0,0
1147429,1,20,1116,0,32,23,60690.09,147044,166,79,0,0
1147553,1,20,1084,0,32,23,60690.09,147044,166,79,0,0
1147673,1,20,1084,0,30,23,60690.09,147044,166,79,0,0
1147754,1,20,1084,0,16,23,60690.09,147044,166,79,0,0
1147900,1,19,1084,0,2,23,60690.09,147044,166,79,0,0
1148009,1,19,1084,0,6,23,60690.09,147044,166,80,0,0
1148128,1,19,1084,0,8,23,60690.09,147044,166,80,0,0
1148228,1,19,1084,0,8,23,60690.09,147044,166,80,0,0
1148353,1,19,1084,0,8,23,60690.09,147044,166,80,0,0
1148454,1,19,1084,0,8,23,60690.09,147044,166,80,0,0
1148554,1,19,1085,0,8,23,60690.09,147044,166,80,0,0
1148701,1,19,1085,0,8,23,60690.09,147044,166,80,0,0
1148809,1,19,1085,0,2,23,60690.09,147044,166,80,0,0
1148928,1,18,1118,0,4,23,60690.09,147044,166,80,0,0
1149001,1,18,1118,0,4,23,60690.09,147044,166,80,0,0
1149153,1,18,1117,0,4,23,60690.09,147044,166,80,0,0
1149254,1,18,1145,0,6,23,60690.09,147044,166,80,0,0
1149354,1,17,1144,0,4,23,60690.09,147044,166,80,0,0
1149500,1,17,1232,0,0,23,60690.09,147044,166,80,0,0
1149609,1,17,1329,0,0,23,60691.09,147044,166,80,0,0
1149728,1,17,1299,0,0,23,60691.09,147044,166,80,0,0
1149853,1,17,1300,0,0,23,60691.09,147044,166,80,0,0
1149953,1,17,1269,0,0,23,60691.09,147044,166,80,0,0
1150028,1,16,1273,0,0,23,60691.09,147044,166,80,0,0
1150173,1,16,1272,3,0,23,60691.09,147044,166,80,0,0
1150309,1,16,1273,8,0,23,60691.09,147044,166,80,0,0
1150423,1,16,1278,14,0,23,60691.09,147044,166,80,0,0
1150501,1,16,1252,14,0,23,60691.09,147044,166,80,0,0
1150653,1,16,1260,26,0,23,60691.09,147044,166,80,0,0
1150753,1,16,1270,28,0,23,60691.09,147044,166,80,0,0
1150853,1,16,1251,30,0,23,60691.09,147044,166,80,0,0
1151001,1,16,1266,37,0,23,60691.09,147044,166,80,0,0
1151109,1,16,1277,43,0,23,60691.09,147044,166,80,0,0
1151228,1,16,1251,47,0,23,60691.09,147044,166,80,0,0
1151328,1,16,1248,50,0,23,60691.09,147044,166,80,0,0
1151457,1,17,1288,61,0,23,60691.09,147044,166,80,0,0
1151575,1,17,1298,63,0,23,60691.09,147044,166,80,0,0
1151673,1,17,1316,65,0,23,60691.09,147044,166,80,0,0
1151801,1,17,1342,67,0,23,60692.13,147044,166,80,0,0
1151923,1,17,1349,71,0,23,60692.13,147044,166,80,0,0
1152009,1,17,1355,72,0,23,60692.13,147044,166,80,0,0
1152155,1,18,1395,72,0,23,60692.13,147044,166,80,0,0
1152254,1,18,1434,72,0,23,60692.13,147044,166,80,0,0
1152353,1,18,1463,72,0,23,60692.13,147044,166,80,0,0
1152455,1,19,1463,72,0,23,60692.13,147044,163,80,0,0
1152609,1,19,1496,72,0,23,60692.13,147044,163,80,0,0
1152728,1,20,1527,72,0,23,60692.13,147044,163,80,0,0
1152828,1,20,1559,72,0,23,60693.16,147044,163,80,0,0
1152953,1,20,1591,71,0,23,60693.16,147044,163,80,0,0
1153061,1,21,1593,69,0,23,60693.16,147044,163,80,0,0
1153173,1,21,1625,60,0,23,60693.16,147044,163,80,0,0
1153309,1,21,1640,50,0,23,60693.16,147044,163,80,0,0
1153422,1,21,1656,48,0,23,60693.16,147044,163,80,0,0
1153528,1,22,1672,48,0,23,60693.16,147044,163,80,0,0
1153653,1,22,1665,48,0,23,60693.16,147044,163,80,0,0
1153753,1,22,1668,53,0,23,60693.16,147044,163,80,0,0
1153853,1,22,1707,59,0,23,60693.16,147044,163,80,0,0
1153953,1,22,1753,66,0,23,60694.20,147044,163,80,0,0
1154110,1,22,1750,68,0,23,60694.20,147044,163,80,0,0
1154228,1,23,1760,68,0,23,60694.20,147044,163,80,0,0
1154328,1,23,1797,68,0,23,60694.20,147044,163,80,0,0
1154456,1,23,1799,68,0,23,60694.20,147044,163,80,0,0
1154553,1,24,1800,68,0,23,60694.20,147044,163,80,0,0
1154673,1,24,1833,68,0,23,60694.20,147044,163,80,0,0
1154800,1,24,1868,71,0,23,60695.24,147044,163,80,0,0
1154909,1,24,1899,84,0,23,60695.24,147044,163,80,0,0
1155009,1,25,1940,88,0,23,60695.24,147044,163,80,0,0
1155154,1,25,1953,88,0,23,60695.24,147044,163,80,0,0
1155253,1,26,2016,88,0,23,60695.24,147044,163,80,0,0
1155353,1,26,2056,88,0,23,60695.24,147044,163,80,0,0
1155455,1,27,2062,87,0,23,60696.32,147044,163,80,0,0
1155609,1,27,2100,0,0,23,60696.32,147044,163,80,0,0
1155728,1,28,2026,0,0,23,60696.32,147044,163,80,0,0
1155828,1,28,2018,0,0,23,60696.32,147044,163,80,0,0
1155954,1,28,1908,0,0,23,60696.32,147044,163,80,0,0
1156058,1,28,1792,0,0,23,60696.32,147044,163,80,0,0
1156173,1,28,1664,0,0,23,60696.32,147044,163,80,0,0
1156308,1,28,1640,0,0,23,60696.32,147044,163,80,0,0
1156423,1,28,1626,10,0,23,60696.32,147044,163,80,0,0
1156509,1,28,1652,41,0,23,60696.32,147044,163,80,0,0
1156653,1,28,1593,57,0,23,60696.32,147044,163,80,0,0
1156753,1,28,1485,61,0,23,60696.32,147044,163,80,0,0
1156853,1,28,1515,72,0,23,60696.32,147044,163,80,0,0
1156955,1,28,1560,80,0,23,60697.37,147044,163,80,0,0
1157110,1,29,1545,89,0,23,60697.37,147044,163,80,0,0
1157228,1,29,1589,94,0,23,60697.37,147044,163,80,0,0
1157328,1,29,1586,94,0,23,60697.37,147044,163,80,0,0
1157455,1,30,1630,94,0,23,60697.37,147044,163,80,0,0
1157553,1,30,1630,94,0,23,60697.37,147044,163,80,0,0
1157673,1,30,1662,94,0,23,60698.37,147044,163,80,0,0
1157801,1,31,1642,90,0,23,60698.37,147044,163,80,0,0
1157922,1,31,1674,85,0,23,60698.37,147044,163,80,0,0
1158009,1,31,1665,81,0,23,60698.37,147044,163,80,0,0
1158153,1,32,1710,78,0,23,60698.37,147044,163,80,0,0
1158253,1,32,1718,72,0,23,60698.37,147044,163,80,0,0
1158353,1,32,1735,67,0,23,60699.42,147044,163,80,0,0
1158455,1,33,1748,64,0,23,60699.42,147044,163,80,0,0
1158609,1,33,1747,31,0,23,60699.42,147044,163,80,0,0
1158728,1,33,1750,22,0,23,60699.42,147044,163,80,0,0
1158828,1,33,1767,20,0,23,60699.42,147044,163,80,0,0
1158953,1,33,1739,17,0,23,60699.42,147044,163,80,0,0
1159009,1,33,1769,16,0,23,60699.42,147044,163,80,0,0
1159173,1,33,1773,16,0,23,60699.42,147044,163,80,0,0
1159300,1,33,1778,16,0,23,60699.42,147044,163,80,0,0
1159409,1,33,1778,16,0,23,60699.42,147044,163,80,0,0
1159528,1,33,1748,16,0,23,60699.42,147044,163,80,0,0
1159653,1,33,1781,16,0,23,60699.42,147044,163,80,0,0
1159753,1,33,1782,16,0,23,60699.42,147044,163,80,0,0
1159853,1,33,1782,16,0,23,60700.43,147044,163,80,0,0
1159953,1,33,1781,16,0,23,60700.43,147044,163,80,0,0
1160109,1,33,1746,16,0,23,60700.43,147044,163,80,0,0
1160228,1,33,1777,16,0,23,60700.43,147044,163,80,0,0
1160328,1,33,1744,16,0,23,60700.43,147044,163,80,0,0
1160453,1,33,1743,16,0,23,60700.43,147044,163,80,0,0
1160569,1,33,1743,7,0,23,60700.43,147044,163,80,0,0
1160673,1,33,1741,0,0,23,60700.43,147044,163,80,0,0
1160800,1,33,1755,0,0,23,60700.43,147044,163,80,0,0
1160909,1,33,1719,0,0,23,60700.43,147044,163,80,0,0
1161001,1,33,1748,0,0,23,60700.43,147044,163,80,0,0
1161153,1,33,1746,0,0,23,60700.43,147044,163,80,0,0
1161253,1,32,1715,0,0,23,60700.43,147044,163,80,0,0
1161353,1,32,1745,0,0,23,60700.43,147044,163,80,0,0
1161453,1,32,1713,0,0,23,60700.43,147044,163,80,0,0
1161609,1,32,1723,0,0,23,60700.43,147044,163,80,0,0
1161728,1,32,1700,0,0,23,60700.43,147044,163,80,0,0
1161828,1,32,1668,0,0,23,60700.43,147044,163,80,0,0
1161953,1,32,1676,0,0,23,60700.43,147044,163,80,0,0
1162009,1,32,1675,0,0,23,60700.43,147044,163,80,0,0
1162173,1,31,1688,0,0,23,60700.43,147044,163,80,0,0
1162300,1,31,1675,0,0,23,60700.43,147044,163,80,0,0
1162409,1,31,1659,0,0,23,60700.43,147044,163,80,0,0
1162529,1,31,1643,0,0,23,60700.43,147044,163,80,0,0
1162653,1,31,1645,0,0,23,60700.43,147044,163,80,0,0
1162753,1,30,1655,0,0,23,60700.43,147044,163,80,0,0
1162853,1,31,1613,0,0,23,60700.43,147044,163,80,0,0
1162953,1,30,1623,0,0,23,60701.43,147044,163,80,0,0
1163109,1,30,1600,0,0,23,60701.43,147044,163,80,0,0
1163227,1,30,1568,0,0,23,60701.43,147044,163,80,0,0
1163328,1,30,1568,0,0,23,60701.43,147044,163,80,0,0
1163453,1,30,1568,0,0,23,60701.43,147044,163,80,0,0
1163568,1,30,1568,0,0,23,60701.43,147044,163,80,0,0
1163673,1,29,1536,0,0,23,60701.43,147044,163,80,0,0
1163800,1,29,1536,0,0,23,60701.43,147044,163,80,0,0
1163909,1,29,1536,1,0,23,60701.43,147044,163,80,0,0
1164009,1,29,1536,6,0,23,60701.43,147044,163,80,0,0
1164150,1,29,1504,16,0,23,60701.43,147044,163,80,0,0
1164253,1,29,1542,23,0,23,60701.43,147044,163,80,0,0
1164353,1,29,1546,29,0,23,60701.43,147044,163,80,0,0
1164453,1,29,1561,32,0,23,60701.43,147044,163,80,0,0
1164610,1,28,1549,33,0,23,60701.43,147044,163,80,0,0
1164727,1,29,1508,33,0,23,60701.43,147044,163,80,0,0
1164827,1,29,1543,34,0,23,60701.43,147044,163,80,0,0
1164954,1,29,1544,34,0,23,60701.43,147044,163,80,0,0
1165053,1,29,1545,34,0,23,60701.43,147044,163,80,0,0
1165181,1,29,1546,34,0,23,60701.43,147044,163,80,0,0
1165300,1,29,1551,34,0,23,60701.43,147044,163,80,0,0
1165408,1,29,1582,36,0,23,60701.43,147044,163,80,0,0
1165500,1,29,1584,36,0,23,60701.43,147044,163,80,0,0
1165653,1,29,1585,36,0,23,60701.43,147044,163,80,0,0
1165753,1,29,1586,38,0,23,60702.44,147044,163,80,0,0
1165853,1,29,1587,40,0,23,60702.44,147044,163,80,0,0
1165953,1,30,1589,42,0,23,60702.44,147044,163,80,0,0
1166109,1,30,1570,43,0,23,60702.44,147044,163,80,0,0
1166227,1,30,1572,43,0,23,60702.44,147044,163,80,0,0
1166327,1,30,1608,43,0,23,60702.44,147044,163,80,0,0
1166453,1,30,1602,19,0,23,60702.44,147044,163,80,0,0
1166566,1,30,1626,13,0,23,60702.44,147044,163,80,0,0
1166672,1,30,1625,13,0,23,60702.44,147044,163,80,0,0
1166800,1,30,1627,21,0,23,60702.44,147044,163,80,0,0
1166909,1,30,1609,27,0,23,60702.44,147044,163,80,0,0
1167009,1,30,1622,28,0,23,60702.44,147044,163,80,0,0
1167150,1,30,1628,29,0,23,60702.44,147044,163,80,0,0
1167253,1,30,1604,30,0,23,60703.45,147044,163,80,0,0
1167353,1,30,1606,32,0,23,60703.45,147044,163,80,0,0
1167453,1,30,1607,34,0,23,60703.45,147044,163,80,0,0
1167612,1,31,1646,40,0,23,60703.45,147044,163,80,0,0
1167727,1,31,1653,41,0,23,60703.45,147044,163,80,0,0
1167827,1,31,1658,41,0,23,60703.45,147044,163,80,0,0
1167953,1,31,1660,41,0,23,60703.45,147044,163,80,0,0
1168027,1,31,1661,41,0,23,60703.45,147044,163,80,0,0
1168172,1,31,1661,41,0,23,60703.45,147044,163,80,0,0
1168300,1,31,1689,41,0,23,60703.45,147044,163,80,0,0
1168409,1,31,1687,38,0,23,60703.45,147044,163,80,0,0
1168528,1,31,1684,38,0,23,60703.45,147044,163,80,0,0
1168650,1,31,1679,38,0,23,60704.46,147044,163,80,0,0
1168753,1,31,1678,37,0,23,60704.46,147044,163,80,0,0
1168853,1,32,1678,37,0,23,60704.46,147044,163,80,0,0
1168953,1,32,1680,37,0,23,60704.46,147044,163,80,0,0
1169109,1,32,1715,37,0,23,60704.46,147044,163,80,0,0
1169227,1,32,1716,37,0,23,60704.46,147044,163,80,0,0
1169327,1,32,1716,37,0,23,60704.46,147044,163,80,0,0
1169453,1,32,1719,37,0,23,60704.46,147044,163,80,0,0
1169564,1,32,1719,37,0,23,60704.46,147044,163,80,0,0
1169672,1,32,1719,37,0,23,60704.46,147044,163,80,0,0
1169800,1,32,1719,37,0,23,60704.46,147044,163,80,0,0
1169908,1,32,1751,37,0,23,60704.46,147044,163,80,0,0
1170009,1,32,1751,37,0,23,60705.47,147044,163,80,0,0
1170153,1,33,1752,37,0,23,60705.47,147044,163,80,0,0
1170255,1,33,1753,37,0,23,60705.47,147044,163,80,0,0
1170353,1,33,1753,37,0,23,60705.47,147044,163,80,0,0
1170454,1,33,1754,37,0,23,60705.47,147044,163,80,0,0
1170614,1,33,1755,36,0,23,60705.47,147044,163,80,0,0
1170727,1,33,1787,29,0,23,60705.47,147044,163,80,0,0
1170827,1,33,1750,23,0,23,60705.47,147044,163,80,0,0
1170953,1,33,1772,23,0,23,60705.47,147044,163,80,0,0
1171075,1,33,1788,23,0,23,60705.47,147044,163,80,0,0
1171172,1,33,1782,29,0,23,60705.47,147044,163,80,0,0
1171302,1,33,1768,32,0,23,60705.47,147044,163,80,0,0
1171408,1,33,1778,36,0,23,60705.47,147044,163,80,0,0
1171508,1,33,1786,36,0,23,60706.49,147044,163,80,0,0
1171650,1,33,1760,37,0,23,60706.49,147044,163,80,0,0
1171753,1,33,1761,37,0,23,60706.49,147044,163,80,0,0
1171853,1,34,1763,37,0,23,60706.49,147044,163,80,0,0
1171953,1,34,1795,37,0,23,60706.49,147044,163,80,0,0
1172108,1,34,1798,37,0,23,60706.49,147044,163,80,0,0
1172227,1,34,1798,37,0,23,60706.49,147044,163,80,0,0
1172327,1,34,1798,37,0,23,60706.49,147044,163,80,0,0
1172454,1,34,1798,37,0,23,60706.49,147044,163,80,0,0
1172561,1,34,1830,37,0,23,60706.49,147044,163,80,0,0
1172672,1,34,1830,37,0,23,60706.49,147044,163,80,0,0
1172801,1,34,1830,37,0,23,60707.53,147044,163,80,0,0
1172908,1,34,1830,37,0,23,60707.53,147044,163,80,0,0
1173008,1,34,1830,37,0,23,60707.53,147044,163,80,0,0
1173127,1,34,1828,37,0,23,60707.53,147044,163,80,0,0
1173253,1,35,1827,37,0,23,60707.53,147044,163,80,0,0
1173353,1,35,1859,37,0,23,60707.53,147044,163,80,0,0
1173454,1,35,1862,37,0,23,60707.53,147044,163,80,0,0
1173608,1,35,1866,34,0,23,60707.53,147044,163,80,0,0
1173708,1,35,1868,27,0,23,60707.53,147044,163,80,0,0
1173827,1,35,1865,23,0,23,60707.53,147044,163,80,0,0
1173953,1,35,1878,14,0,23,60707.53,147044,163,80,0,0
1174053,1,35,1867,4,0,23,60708.54,147044,163,80,0,0
1174175,1,35,1881,0,0,23,60708.54,147044,163,80,0,0
1174300,1,35,1853,0,0,23,60708.54,147044,163,80,0,0
1174408,1,35,1853,0,0,23,60708.54,147044,163,80,0,0
1174527,1,35,1819,0,0,23,60708.54,147044,163,80,0,0
1174652,1,35,1852,0,0,23,60708.54,147044,163,80,0,0
1174753,1,35,1852,0,0,23,60708.54,147044,163,80,0,0
1174853,1,35,1853,0,0,23,60708.54,147044,163,80,0,0
1174953,1,34,1836,0,0,23,60708.54,147044,163,80,0,0
1175108,1,34,1815,0,0,23,60708.54,147044,163,80,0,0
1175208,1,34,1795,0,0,23,60708.54,147044,163,80,0,0
1175327,1,34,1800,0,0,23,60708.54,147044,163,80,0,0
1175452,1,34,1819,0,0,23,60708.54,147044,163,80,0,0
1175559,1,34,1773,0,0,23,60708.54,147044,163,80,0,0
1175672,1,33,1787,0,0,23,60708.54,147044,163,80,0,0
1175800,1,33,1787,0,0,23,60708.54,147044,163,80,0,0
1175908,1,33,1775,0,0,23,60708.54,147044,163,80,0,0
1176008,1,33,1754,0,0,23,60708.54,147044,163,80,0,0
1176153,1,33,1741,0,0,23,60708.54,147044,163,80,0,0
1176253,1,33,1754,0,0,23,60708.54,147044,163,80,0,0
1176353,1,32,1740,0,0,23,60708.54,147044,163,80,0,0
1176453,1,32,1696,0,0,23,60708.54,147044,163,80,0,0
1176608,1,32,1696,2,0,23,60708.54,147044,163,80,0,0
1176727,1,32,1696,10,0,23,60708.54,147044,163,80,0,0
1176827,1,32,1703,14,0,23,60708.54,147044,163,80,0,0
1176953,1,32,1669,14,0,23,60708.54,147044,163,80,0,0
1177072,1,32,1683,14,0,23,60708.54,147044,163,80,0,0
1177172,1,32,1716,6,0,23,60708.54,147044,163,80,0,0
1177300,1,32,1665,0,0,23,60708.54,147044,163,80,0,0
1177408,1,31,1656,0,0,23,60708.54,147044,163,80,0,0
1177508,1,31,1652,0,0,23,60708.54,147044,163,80,0,0
1177652,1,31,1681,0,0,23,60709.54,147044,163,80,0,0
1177753,1,31,1646,0,0,23,60709.54,147044,163,80,0,0
1177853,1,31,1646,0,0,23,60709.54,147044,163,80,0,0
1177952,1,31,1646,0,0,23,60709.54,147044,163,80,0,0
1178109,1,31,1642,0,0,23,60709.54,147044,163,80,0,0
1178227,1,31,1614,0,0,23,60709.54,147044,163,80,0,0
1178327,1,31,1642,0,0,23,60709.54,147044,163,80,0,0
1178456,1,30,1603,0,0,23,60709.54,147044,163,80,0,0
1178609,1,30,1595,0,0,23,60709.54,147044,163,80,0,0
1178727,1,30,1611,0,0,23,60709.54,147044,163,80,0,0
1178827,1,30,1581,0,0,23,60709.54,147044,163,80,0,0
1178953,1,30,1595,0,0,23,60709.54,147044,163,80,0,0
1179070,1,29,1546,0,0,23,60709.54,147044,163,80,0,0
1179172,1,29,1549,0,0,23,60709.54,147044,163,80,0,0
1179309,1,29,1549,0,0,23,60709.54,147044,163,80,0,0
1179422,1,29,1514,0,0,23,60709.54,147044,163,80,0,0
1179500,1,29,1529,0,2,23,60709.54,147044,163,80,0,0
1179653,1,28,1504,0,10,23,60709.54,147044,163,80,0,0
1179753,1,28,1504,0,8,23,60709.54,147044,163,80,0,0
1179853,1,28,1472,0,14,23,60709.54,147044,163,80,0,0
1179952,1,28,1472,0,18,23,60709.54,147044,163,80,0,0
1180109,1,28,1440,0,18,23,60709.54,147044,163,80,0,0
1180227,1,27,1440,0,16,23,60709.54,147044,163,80,0,0
1180327,1,27,1440,0,16,23,60709.54,147044,163,80,0,0
1180456,1,27,1408,0,20,23,60709.54,147044,163,80,0,0
1180556,1,27,1408,0,20,23,60709.54,147044,163,80,0,0
1180672,1,26,1408,0,20,23,60709.54,147044,163,80,0,0
1180808,1,26,1362,0,20,23,60709.54,147044,163,80,0,0
1180922,1,26,1351,0,22,23,60709.54,147044,163,80,0,0
1181009,1,26,1271,0,24,23,60709.54,147044,163,80,0,0
1181153,1,25,1226,0,26,23,60709.54,147044,163,80,0,0
1181252,1,25,1244,0,32,23,60709.54,147044,163,80,0,0
1181353,1,25,1184,0,48,23,60709.54,147044,163,80,0,0
1181502,1,24,1211,0,58,23,60709.54,147044,163,80,0,0
1181609,1,24,1179,0,58,23,60709.54,147044,163,80,0,0
1181727,1,23,1179,0,56,23,60709.54,147044,163,80,0,0
1181849,1,22,1147,0,60,23,60709.54,147044,163,80,0,0
1181953,1,22,1148,0,62,23,60709.54,147044,163,80,0,0
1182068,1,21,1148,0,66,23,60709.54,147044,163,80,0,0
1182172,1,21,1116,0,64,23,60709.54,147044,163,80,0,0
1182308,1,20,1116,0,64,23,60709.54,147044,163,80,0,0
1182428,1,19,1117,0,70,23,60709.54,147044,163,80,0,0
1182508,1,19,1117,0,68,23,60709.54,147045,166,80,0,0
1182653,1,18,1085,0,70,23,60709.54,147045,166,80,0,0
1182753,1,17,1086,0,74,23,60709.54,147045,166,80,0,0
1182862,1,17,1087,0,74,23,60709.54,147045,166,80,0,0
1183000,1,16,1086,0,74,23,60709.54,147045,166,80,0,0
1183109,1,15,1086,0,74,23,60710.54,147045,166,80,0,0
1183227,1,14,1086,0,76,23,60710.54,147045,166,80,0,0
1183350,1,13,1087,0,78,23,60710.54,147045,166,80,0,0
1183454,1,13,1087,0,80,23,60710.54,147045,166,80,0,0
1183554,1,12,1087,0,78,23,60710.54,147045,166,80,0,0
1183672,1,11,1087,0,82,23,60710.54,147045,166,80,0,0
1183810,1,11,1057,0,84,23,60710.54,147045,166,80,0,0
1183927,1,9,1057,0,82,23,60710.54,147045,166,80,0,0
1184000,1,9,1057,0,82,23,60710.54,147045,166,80,0,0
1184153,1,8,1057,0,82,23,60710.54,147045,166,80,0,0
1184252,1,7,1057,0,76,23,60710.54,147045,166,80,0,0
1184353,1,7,1057,0,72,23,60710.54,147045,166,80,0,0
1184454,1,6,1025,0,68,23,60710.54,147045,166,80,0,0
1184609,1,5,1025,0,58,23,60710.54,147045,166,80,0,0
1184727,1,4,1025,0,54,23,60710.54,147045,166,80,0,0
1184850,1,4,1025,0,52,23,60710.54,147045,166,80,0,0
1184953,1,4,1025,0,36,23,60710.54,147045,166,80,0,0
1185066,1,3,1025,0,34,23,60710.54,147045,166,80,0,0
1185172,1,3,993,0,34,23,60710.54,147045,166,80,0,0
1185309,1,3,960,0,30,23,60710.54,147045,166,80,0,0
1185427,1,0,959,0,22,23,60710.54,147045,166,80,0,0
1185500,1,0,925,0,18,23,60710.54,147045,166,80,0,0
1185653,1,0,893,0,18,23,60710.54,147045,166,80,0,0
1185753,1,0,860,0,20,23,60710.54,147045,166,80,0,0
1185853,1,0,859,0,20,23,60710.54,147045,166,80,0,0
1186009,1,0,858,0,20,23,60710.54,147045,166,80,0,0
1186127,1,0,858,0,20,23,60710.54,147045,166,80,0,0
1186227,1,0,857,0,20,23,60710.54,147045,166,80,0,0
1186353,1,0,857,0,24,23,60710.54,147045,166,80,0,0
1186454,1,0,857,0,24,23,60711.55,147045,166,80,0,0
1186578,1,0,857,0,36,23,60711.55,147045,166,80,0,0
1186708,1,0,857,0,42,23,60711.55,147045,166,80,0,0
1186826,1,0,824,0,54,23,60711.55,147045,166,80,0,0
1186927,1,0,856,0,72,23,60711.55,147045,166,80,0,0
1187027,1,0,856,0,96,23,60711.55,147045,166,80,0,0
1187171,1,0,854,0,116,23,60711.55,147045,166,80,0,0
1187253,1,0,853,0,124,23,60711.55,147045,166,80,0,0
1187401,1,0,852,0,130,23,60711.55,147045,166,80,0,0
1187510,1,0,852,0,134,23,60711.55,147045,166,80,0,0
1187627,1,0,820,0,138,23,60711.55,147045,166,80,0,0
1187727,1,0,736,0,142,23,60711.55,147045,166,80,0,0
1187853,1,0,544,0,156,23,60711.55,147045,166,80,0,0
1187953,1,0,416,0,162,23,60711.55,147045,166,80,0,0
1188064,1,0,416,0,162,23,60711.55,147045,166,80,0,0
1188200,1,0,224,0,168,23,60711.55,147045,166,80,0,0
1188309,1,0,224,0,168,23,60711.55,147045,166,80,0,0
1188427,1,0,224,0,168,23,60711.55,147045,166,80,0,0
1188509,1,0,224,0,166,23,60711.55,147045,166,80,0,0
1188653,1,0,224,0,164,23,60711.55,147045,166,80,0,0
1188753,1,0,0,0,164,23,60711.55,147045,166,80,0,0
1188853,1,0,0,0,162,23,60711.55,147045,166,80,0,0
1189009,1,0,0,0,160,23,60711.55,147045,166,80,0,0
1189126,1,0,0,0,158,23,60711.55,147045,166,80,0,0
1189227,1,0,0,0,156,23,60711.55,147045,166,80,0,0
1189353,1,0,0,0,152,23,60711.55,147045,166,80,0,0
1189453,1,0,0,0,150,23,60711.55,147045,166,80,0,0
1189553,1,0,0,0,148,23,60711.55,147045,166,80,0,0
1189700,1,0,0,0,146,23,60711.55,147045,166,80,0,0
1189809,1,0,0,0,146,23,60711.55,147045,166,80,0,0
1189926,1,0,0,0,146,23,60711.55,147045,166,80,0,0
1190027,1,0,0,0,146,23,60711.55,147045,166,80,0,0
1190154,1,0,0,0,144,23,60711.55,147045,166,80,0,0
1190253,1,0,0,0,144,23,60711.55,147045,166,80,0,0
1190353,1,0,0,0,144,23,60711.55,147045,166,80,0,0
1190500,1,0,0,0,144,23,60711.55,147045,166,80,0,0
1190609,1,0,0,0,144,23,60711.55,147045,166,80,0,0
1190728,1,0,0,0,144,23,60711.55,147045,166,80,0,0
1190827,1,0,0,0,144,23,60711.55,147045,166,80,0,0
1190953,1,0,0,0,142,23,60711.55,147045,166,80,0,0
1191009,1,0,0,0,142,23,60711.55,147045,166,80,0,0
1191172,1,0,0,0,142,23,60711.55,147045,166,80,0,0
1191300,1,0,0,0,140,23,60711.55,147045,166,80,0,0
1191409,1,0,0,0,140,23,60711.55,147045,166,80,0,0
1191527,1,0,0,0,140,23,60711.55,147045,166,80,0,0
1191653,1,0,0,0,138,23,60711.55,147045,166,80,0,0
1191753,1,0,0,0,134,23,60711.55,147045,166,80,0,0
1191853,1,0,0,0,132,23,60711.55,147045,166,80,0,0
1191953,1,0,0,0,130,23,60711.55,147045,166,80,0,0
1192109,1,0,0,0,128,23,60711.55,147045,166,80,0,0
1192226,1,0,0,0,126,23,60711.55,147045,166,80,0,0
1192327,1,0,0,0,124,23,60711.55,147045,166,80,0,0
1192453,1,0,0,0,122,23,60711.55,147045,166,80,0,0
1192553,1,0,0,0,118,23,60711.55,147045,166,80,0,0
1192672,1,0,0,0,116,23,60711.55,147045,166,80,0,0
1192801,1,0,0,0,114,23,60711.55,147045,166,80,0,0
1192910,1,0,0,0,112,23,60711.55,147045,166,80,0,0
1193026,1,0,0,0,110,23,60711.55,147045,166,80,0,0
1193127,1,0,0,0,108,23,60711.55,147045,166,80,0,0
1193253,1,0,0,0,102,23,60711.55,147045,166,80,0,0
1193353,1,0,0,0,100,23,60711.55,147045,166,80,0,0
1193456,1,0,0,0,98,23,60711.55,147045,166,80,0,0
1193600,1,0,0,0,96,23,60711.55,147045,166,80,0,0
1193709,1,0,0,0,94,23,60711.55,147045,166,80,0,0
1193826,1,0,0,0,92,23,60711.55,147045,166,80,0,0
1193950,1,0,0,0,92,23,60711.55,147045,166,80,0,0
1194027,1,0,0,0,90,23,60711.55,147045,166,80,0,0
1194171,1,0,0,0,88,23,60711.55,147045,166,80,0,0
1194291,1,0,0,0,88,23,60711.55,147045,166,80,0,0
1194409,1,0,0,0,88,23,60711.55,147045,166,80,0,0
1194509,1,0,0,0,86,23,60711.55,147045,166,80,0,0
1194626,1,0,0,0,86,23,60711.55,147045,166,80,0,0
1194753,1,0,0,0,84,23,60711.55,147045,166,80,0,0
1194853,1,0,0,0,84,23,60711.55,147045,166,80,0,0
1194953,1,0,0,0,84,23,60711.55,147045,166,80,0,0
1195100,1,0,0,0,84,23,60711.55,147045,166,80,0,0
1195209,1,0,0,0,84,23,60711.55,147045,166,80,0,0
1195326,1,0,0,0,82,23,60711.55,147045,166,80,0,0
1195442,1,0,0,0,82,23,60711.55,147045,166,80,0,0
1195509,1,0,0,0,82,23,60711.55,147045,166,80,0,0
1195672,1,0,0,0,82,23,60711.55,147045,166,80,0,0
1195791,1,0,0,0,82,23,60711.55,147045,166,80,0,0
1195901,1,0,0,0,80,23,60711.55,147045,166,80,0,0
1196009,1,0,0,0,80,23,60711.55,147045,166,80,0,0
1196126,1,0,0,0,80,23,60711.55,147045,166,80,0,0
1196250,1,0,0,0,80,23,60711.55,147045,166,80,0,0
1196353,1,0,0,0,80,23,60711.55,147045,166,80,0,0
1196454,1,0,0,0,80,23,60711.55,147045,166,80,0,0
1196572,1,0,0,0,80,23,60711.55,147045,166,80,0,0
1196709,1,0,0,0,80,23,60711.55,147045,166,80,0,0
1196826,1,0,0,0,80,23,60711.55,147045,166,80,0,0
1196926,1,0,0,0,78,23,60711.55,147045,166,80,0,0
1197009,1,0,0,0,78,23,60711.55,147045,166,80,0,0
1197171,1,0,0,0,78,23,60711.55,147045,166,80,0,0
1197253,1,0,0,0,78,23,60711.55,147045,166,80,0,0
1197401,1,0,0,0,78,23,60711.55,147045,166,80,0,0
1197509,1,0,0,0,78,23,60711.55,147045,166,80,0,0
1197626,1,0,0,0,78,23,60711.55,147045,166,80,0,0
1197726,1,0,0,0,78,23,60711.55,147045,166,80,0,0
1197853,1,0,0,0,78,23,60711.55,147045,166,80,0,0
1197953,1,0,0,0,78,23,60711.55,147045,166,80,0,0
1198058,1,0,0,0,78,23,60711.55,147045,166,80,0,0
1198200,1,0,0,0,78,23,60711.55,147045,166,80,0,0
1198309,1,0,0,0,78,23,60711.55,147045,166,80,0,0
1198427,1,0,0,0,78,23,60711.55,147045,166,80,0,0
1198526,1,0,0,0,78,23,60711.55,147045,166,80,0,0
1198653,1,0,0,0,78,23,60711.55,147045,166,80,0,0
1198753,1,0,0,0,78,23,60711.55,147045,166,80,0,0
1198853,1,0,0,0,78,23,60711.55,147045,166,80,0,0
1199010,1,0,0,0,76,23,60711.55,147045,166,80,0,0
1199126,1,0,0,0,76,23,60711.55,147045,166,80,0,0
1199226,1,0,0,0,76,23,60711.55,147045,166,80,0,0
1199353,1,0,0,0,76,23,60711.55,147045,166,80,0,0
1199453,1,0,0,0,76,23,60711.55,147045,166,80,0,0
1199570,1,0,0,0,76,23,60711.55,147045,166,80,0,0
1199700,1,0,0,0,76,23,60711.55,147045,166,80,0,0
1199809,1,0,0,0,76,23,60711.55,147045,166,80,0,0
1199926,1,0,0,0,74,23,60711.55,147045,166,80,0,0
1200009,1,0,0,0,76,23,60711.55,147045,166,80,0,0
1200153,1,0,0,0,74,23,60711.55,147045,166,80,0,0
1200253,1,0,0,0,74,23,60711.55,147045,166,80,0,0
1200353,1,0,0,0,74,23,60711.55,147045,166,80,0,0
1200509,1,0,0,0,74,23,60711.55,147045,166,80,0,0
1200627,1,0,0,0,74,23,60711.55,147045,166,80,0,0
1200726,1,0,0,0,74,23,60711.55,147045,166,80,0,0
1200853,1,0,0,0,74,23,60711.55,147045,166,80,0,0
1200953,1,0,0,0,74,23,60711.55,147045,166,80,0,0
1201056,1,0,0,0,74,23,60711.55,147045,166,80,0,0
1201200,1,0,0,0,74,23,60711.55,147045,166,80,0,0
1201309,1,0,0,0,74,23,60711.55,147045,166,80,0,0
1201428,1,0,0,0,74,23,60711.55,147045,166,80,0,0
1201528,1,0,0,0,74,23,60711.55,147045,166,80,0,0
1201654,1,0,0,0,74,23,60711.55,147045,166,80,0,0
1201753,1,0,0,0,74,23,60711.55,147045,166,80,0,0
1201853,1,0,0,0,74,23,60711.55,147045,166,80,0,0
1201953,1,0,0,0,74,23,60711.55,147045,166,80,0,0
1202109,1,0,0,0,74,23,60711.55,147045,166,80,0,0
1202226,1,0,0,0,74,23,60711.55,147045,166,80,0,0
1202326,1,0,0,0,74,23,60711.55,147045,166,80,0,0
1202453,1,0,0,0,74,23,60711.55,147045,166,80,0,0
1202528,1,0,0,0,74,23,60711.55,147045,166,80,0,0
1202671,1,0,0,0,74,23,60711.55,147045,166,80,0,0
1202801,1,0,0,0,74,23,60711.55,147045,166,80,0,0
1202921,1,0,0,0,74,23,60711.55,147045,166,80,0,0
1203009,1,0,0,0,74,23,60711.55,147045,166,80,0,0
1203153,1,0,0,0,74,23,60711.55,147045,166,80,0,0
1203261,1,0,0,0,74,23,60711.55,147045,166,80,0,0
1203353,1,0,0,0,74,23,60711.55,147045,166,80,0,0
1203455,1,0,0,0,74,23,60711.55,147045,166,80,0,0
1203609,1,0,0,0,74,23,60711.55,147045,166,80,0,0
1203726,1,0,0,0,74,23,60711.55,147045,166,80,0,0
1203826,1,0,0,0,74,23,60711.55,147045,166,80,0,0
1203953,1,0,0,0,74,23,60711.55,147045,166,80,0,0
1204054,1,0,0,0,74,23,60711.55,147045,166,80,0,0
1204171,1,0,0,0,74,23,60711.55,147045,166,80,0,0
1204301,1,0,0,0,74,23,60711.55,147045,166,80,0,0
1204409,1,0,0,0,74,23,60711.55,147045,166,80,0,0
1204526,1,0,0,0,74,23,60711.55,147045,166,80,0,0
1204626,1,0,0,0,74,23,60711.55,147045,166,80,0,0
1204754,1,0,0,0,74,23,60711.55,147045,166,80,0,0
1204853,1,0,0,0,74,23,60711.55,147045,166,80,0,0
1204953,1,0,0,0,74,23,60711.55,147045,166,80,0,0
1205101,1,0,0,0,74,23,60711.55,147045,166,80,0,0
1205209,1,0,0,0,74,23,60711.55,147045,166,80,0,0
1205326,1,0,0,0,74,23,60711.55,147045,166,80,0,0
1205451,1,0,0,0,74,23,60711.55,147045,166,80,0,0
1205526,1,0,0,0,74,23,60711.55,147045,166,80,0,0
1205671,1,0,0,0,74,23,60711.55,147045,166,80,0,0
1205791,1,0,0,0,74,23,60711.55,147045,166,80,0,0
1205909,1,0,0,0,74,23,60711.55,147045,166,80,0,0
1206010,1,0,0,0,74,23,60711.55,147045,166,80,0,0
1206126,1,0,0,0,74,23,60711.55,147045,166,80,0,0
1206253,1,0,0,0,74,23,60711.55,147045,166,80,0,0
1206354,1,0,0,0,74,23,60711.55,147045,166,80,0,0
1206454,1,0,0,0,74,23,60711.55,147045,166,80,0,0
1206592,1,0,0,0,74,23,60711.55,147045,166,80,0,0
1206709,1,0,0,0,74,23,60711.55,147045,166,80,0,0
1206826,1,0,0,0,74,23,60711.55,147045,166,80,0,0
1206926,1,0,0,0,74,23,60711.55,147045,166,80,0,0
1207053,1,0,0,0,74,23,60711.55,147045,166,80,0,0
1207171,1,0,0,0,74,23,60711.55,147045,166,80,0,0
1207291,1,0,0,0,74,23,60711.55,147045,166,80,0,0
1207401,1,0,0,0,74,23,60711.55,147045,166,80,0,0
1207509,1,0,0,0,74,23,60711.55,147045,166,80,0,0
1207626,1,0,0,0,74,23,60711.55,147045,166,80,0,0
1207751,1,0,0,0,74,23,60711.55,147045,166,80,0,0
1207853,1,0,0,0,74,23,60711.55,147045,166,80,0,0
1207954,1,0,0,0,74,23,60711.55,147045,166,80,0,0
1208053,1,0,0,0,74,23,60711.55,147045,166,80,0,0
1208210,1,0,0,0,74,23,60711.55,147045,166,80,0,0
1208301,1,0,0,0,74,23,60711.55,147045,166,80,0,0
1208441,1,0,0,0,72,23,60711.55,147045,166,80,0,0
1208526,1,0,0,0,72,23,60711.55,147045,166,80,0,0
1208671,1,0,0,0,74,23,60711.55,147045,166,80,0,0
1208754,1,0,0,0,74,23,60711.55,147045,166,80,0,0
1208901,1,0,0,0,74,23,60711.55,147045,166,80,0,0
1209010,1,0,0,0,72,23,60711.55,147045,166,80,0,0
1209126,1,0,0,0,74,23,60711.55,147045,166,80,0,0
1209226,1,0,0,0,72,23,60711.55,147045,166,80,0,0
1209354,1,0,0,0,72,23,60711.55,147045,166,80,0,0
1209454,1,0,0,0,72,23,60711.55,147045,166,80,0,0
1209590,1,0,0,0,74,23,60711.55,147045,166,80,0,0
1209701,1,0,0,0,72,23,60711.55,147045,166,80,0,0
1209811,1,0,0,0,72,23,60711.55,147045,166,80,0,0
1209926,1,0,0,0,72,23,60711.55,147045,166,80,0,0
1210026,1,0,0,0,72,23,60711.55,147045,166,80,0,0
1210154,1,0,0,0,72,23,60711.55,147045,166,80,0,0
1210255,1,0,0,0,72,23,60711.55,147045,166,80,0,0
1210354,1,0,0,0,72,23,60711.55,147045,166,80,0,0
1210501,1,0,0,0,72,23,60711.55,147045,166,80,0,0
1210613,1,0,0,0,72,23,60711.55,147045,166,80,0,0
1210726,1,0,0,0,72,23,60711.55,147045,166,80,0,0
1210853,1,0,0,0,72,23,60711.55,147045,166,80,0,0
1210954,1,0,0,0,72,23,60711.55,147045,166,80,0,0
1211054,1,0,0,0,72,23,60711.55,147045,166,80,0,0
1211171,1,0,0,0,72,23,60711.55,147045,166,80,0,0
1211310,1,0,0,0,72,23,60711.55,147045,166,80,0,0
1211426,1,0,0,0,72,23,60711.55,147045,166,80,0,0
1211526,1,0,0,0,72,23,60711.55,147045,166,80,0,0
1211654,1,0,0,0,72,23,60711.55,147045,166,80,0,0
1211754,1,0,0,0,72,23,60711.55,147045,166,80,0,0
1211854,1,0,0,0,72,23,60711.55,147045,166,80,0,0
1211954,1,0,0,0,72,23,60711.55,147045,166,80,0,0
1212111,1,0,0,0,72,23,60711.55,147045,166,80,0,0
1212226,1,0,0,0,72,23,60711.55,147045,166,80,0,0
1212326,1,0,0,0,72,23,60711.55,147045,166,80,0,0
1212455,1,0,0,0,72,23,60711.55,147045,166,80,0,0
1212562,1,0,0,0,72,23,60711.55,147045,166,80,0,0
1212671,1,0,0,0,72,23,60711.55,147045,166,80,0,0
1212806,1,0,0,0,72,23,60711.55,147045,166,80,0,0
1212921,1,0,0,0,72,23,60711.55,147045,166,80,0,0
1213026,1,0,0,0,72,23,60711.55,147045,166,80,0,0
1213154,1,0,0,0,72,23,60711.55,147045,166,80,0,0
1213254,1,0,0,0,72,23,60711.55,147045,166,80,0,0
1213354,1,0,0,0,72,23,60711.55,147045,166,80,0,0
1213454,1,0,0,0,72,23,60711.55,147045,166,80,0,0
1213612,1,0,0,0,72,23,60711.55,147045,166,80,0,0
1213726,1,0,0,0,72,23,60711.55,147045,166,80,0,0
1213826,1,0,0,0,72,23,60711.55,147045,166,80,0,0
1213954,1,0,0,0,72,23,60711.55,147045,166,80,0,0
1214073,1,0,0,0,72,23,60711.55,147045,166,80,0,0
1214171,1,0,0,0,72,23,60711.55,147045,166,80,0,0
1214300,1,0,0,0,72,23,60711.55,147045,166,80,0,0
1214407,1,0,0,0,72,23,60711.55,147045,166,80,0,0
1214507,1,0,0,0,72,23,60711.55,147045,166,80,0,0
1214626,1,0,0,0,72,23,60711.55,147045,166,80,0,0
1214754,1,0,0,0,72,23,60711.55,147045,166,80,0,0
1214868,1,0,0,0,72,23,60711.55,147045,166,80,0,0
1214954,1,0,0,0,72,23,60711.55,147045,166,80,0,0
1215107,1,0,0,0,72,23,60711.55,147045,166,80,0,0
1215207,1,0,0,0,72,23,60711.55,147045,166,80,0,0
1215326,1,0,0,0,72,23,60711.55,147045,166,80,0,0
1215442,1,0,0,0,72,23,60711.55,147045,166,80,0,0
1215560,1,0,0,0,72,23,60711.55,147045,166,80,0,0
1215671,1,0,0,0,72,23,60711.55,147045,166,80,0,0
1215791,1,0,0,0,72,23,60711.55,147045,166,80,0,0
1215907,1,0,0,0,72,23,60711.55,147045,166,80,0,0
1216007,1,0,0,0,72,23,60711.55,147045,166,80,0,0
1216128,1,0,0,0,72,23,60711.55,147045,166,80,0,0
1216254,1,0,0,0,72,23,60711.55,147045,166,80,0,0
1216357,1,0,0,0,72,23,60711.55,147045,166,80,0,0
1216454,1,0,0,0,72,23,60711.55,147045,166,80,0,0
1216559,1,0,0,0,72,23,60711.55,147045,166,80,0,0
1216706,1,0,0,0,72,23,60711.55,147045,166,80,0,0
1216826,1,0,0,0,72,23,60711.55,147045,166,80,0,0
1216926,1,0,0,0,72,23,60711.55,147045,166,80,0,0
1217007,1,0,0,0,72,23,60711.55,147045,166,80,0,0
1217170,1,0,0,0,72,23,60711.55,147045,166,80,0,0
1217254,1,0,0,0,72,23,60711.55,147045,166,80,0,0
1217401,1,0,0,0,72,23,60711.55,147045,166,80,0,0
1217507,1,0,0,0,72,23,60711.55,147045,166,80,0,0
1217625,1,0,0,0,70,23,60711.55,147045,166,80,0,0
1217726,1,0,0,0,72,23,60711.55,147045,166,80,0,0
1217857,1,0,0,0,72,23,60711.55,147045,166,80,0,0
1217954,1,0,0,0,72,23,60711.55,147045,166,80,0,0
1218071,1,0,0,0,72,23,60711.55,147045,166,80,0,0
1218206,1,0,0,0,72,23,60711.55,147045,166,80,0,0
1218307,1,0,0,0,72,23,60711.55,147045,166,80,0,0
1218426,1,0,0,0,70,23,60711.55,147045,166,80,0,0
1218507,1,0,0,0,72,23,60711.55,147045,166,80,0,0
1218654,1,0,0,0,72,23,60711.55,147045,166,80,0,0
1218754,1,0,0,0,70,23,60711.55,147045,166,80,0,0
1218857,1,0,0,0,72,23,60711.55,147045,166,80,0,0
1219007,1,0,0,0,72,23,60711.55,147045,166,80,0,0
1219127,1,0,0,0,70,23,60711.55,147045,166,80,0,0
1219226,1,0,0,0,70,23,60711.55,147045,166,80,0,0
1219356,1,0,0,0,70,23,60711.55,147045,166,80,0,0
1219454,1,0,0,0,70,23,60711.55,147045,166,80,0,0
1219584,1,0,0,0,70,23,60711.55,147045,166,80,0,0
1219701,1,0,0,0,70,23,60711.55,147045,166,80,0,0
1219806,1,0,0,0,72,23,60711.55,147045,166,80,0,0
1219925,1,0,0,0,70,23,60711.55,147045,166,80,0,0
1220044,1,0,0,0,70,23,60711.55,147045,166,80,0,0
1220156,1,0,0,0,70,23,60711.55,147045,166,80,0,0
1220326,1,0,0,0,70,23,60711.55,147045,166,80,0,0
1220456,1,0,0,0,70,23,60711.55,147045,166,80,0,0
1220557,1,0,0,0,72,23,60711.55,147045,166,80,0,0
1220671,1,0,0,0,70,23,60711.55,147045,166,80,0,0
1220807,1,0,0,0,70,23,60711.55,147045,166,80,0,0
1220921,1,0,0,0,70,23,60711.55,147045,166,80,0,0
1221007,1,0,0,0,70,23,60711.55,147045,166,80,0,0
1221154,1,0,0,0,70,23,60711.55,147045,166,80,0,0
1221254,1,0,0,0,70,23,60711.55,147045,166,80,0,0
1221357,1,0,0,0,70,23,60711.55,147045,166,80,0,0
1221454,1,0,0,0,70,23,60711.55,147045,166,80,0,0
1221612,1,0,0,0,70,23,60711.55,147045,166,80,0,0
1221725,1,0,0,0,70,23,60711.55,147045,166,80,0,0
1221838,1,0,0,0,70,23,60711.55,147045,166,80,0,0
1221953,1,0,0,0,70,23,60711.55,147045,166,80,0,0
1222053,1,0,0,0,70,23,60711.55,147045,166,80,0,0
1222171,1,0,0,0,70,23,60711.55,147045,166,80,0,0
1222291,1,0,0,0,70,23,60711.55,147045,166,80,0,0
1222407,1,0,0,0,70,23,60711.55,147045,166,80,0,0
1222506,1,0,0,0,70,23,60711.55,147045,166,80,0,0
1222625,1,0,0,0,70,23,60711.55,147045,166,80,0,0
1222754,1,0,0,0,70,23,60711.55,147045,166,80,0,0
1222856,1,0,0,0,70,23,60711.55,147045,166,80,0,0
1222953,1,0,0,0,70,23,60711.55,147045,166,80,0,0
1223107,1,0,0,0,70,23,60711.55,147045,166,80,0,0
1223206,1,0,0,0,70,23,60711.55,147045,166,80,0,0
1223325,1,0,0,0,70,23,60711.55,147045,166,80,0,0
1223442,1,0,0,0,70,23,60711.55,147045,166,80,0,0
1223556,1,0,0,0,70,23,60711.55,147045,166,80,0,0
1223671,1,0,0,0,70,23,60711.55,147045,166,80,0,0
1223790,1,0,0,0,70,23,60711.55,147045,166,80,0,0
1223906,1,0,0,0,70,23,60711.55,147045,166,80,0,0
1224006,1,0,0,0,70,23,60711.55,147045,166,80,0,0
1224125,1,0,0,0,70,23,60711.55,147045,166,80,0,0
1224253,1,0,0,0,70,23,60711.55,147045,166,80,0,0
1224326,1,0,0,0,70,23,60711.55,147045,166,80,0,0
1224453,1,0,0,0,70,23,60711.55,147045,166,80,0,0
1224554,1,0,0,0,70,23,60711.55,147045,166,80,0,0
1224706,1,0,0,0,70,23,60711.55,147045,166,80,0,0
1224825,1,0,0,0,70,23,60711.55,147045,166,80,0,0
1224925,1,0,0,0,70,23,60711.55,147045,166,80,0,0
1225006,1,0,0,0,70,23,60711.55,147045,166,80,0,0
1225171,1,0,0,0,70,23,60711.55,147045,166,80,0,0
1225253,1,0,0,0,70,23,60711.55,147045,166,80,0,0
1225400,1,0,0,0,70,23,60711.55,147045,166,80,0,0
1225506,1,0,0,0,70,23,60711.55,147045,166,80,0,0
1225625,1,0,0,0,70,23,60711.55,147045,166,80,0,0
1225750,1,0,0,0,70,23,60711.55,147045,166,80,0,0
1225856,1,0,0,0,70,23,60711.55,147045,166,80,0,0
1225953,1,0,0,0,70,23,60711.55,147045,166,80,0,0
1226066,1,0,0,0,70,23,60711.55,147045,166,80,0,0
1226206,1,0,0,0,70,23,60711.55,147045,166,80,0,0
1226306,1,0,0,0,70,23,60711.55,147045,166,80,0,0
1226440,1,0,0,0,70,23,60711.55,147045,166,80,0,0
1226554,1,0,0,0,70,23,60711.55,147045,166,80,0,0
1226670,1,0,0,0,70,23,60711.55,147045,166,80,0,0
1226753,1,0,0,0,70,23,60711.55,147045,166,80,0,0
1226900,1,0,0,0,70,23,60711.55,147045,166,80,0,0
1227000,1,0,0,0,70,23,60711.55,147045,166,80,0,0
1227126,1,0,0,0,70,23,60711.55,147045,166,80,0,0
1227225,1,0,0,0,70,23,60711.55,147045,166,80,0,0
1227356,1,0,0,0,70,23,60711.55,147045,166,80,0,0
1227455,1,0,0,0,70,23,60711.55,147045,166,80,0,0
1227553,1,0,0,0,70,23,60711.55,147045,166,80,0,0
1227706,1,0,0,0,70,23,60711.55,147045,166,80,0,0
1227825,1,0,0,0,70,23,60711.55,147045,166,80,0,0
1227925,1,0,0,0,70,23,60711.55,147045,166,80,0,0
1228025,1,0,0,0,70,23,60711.55,147045,166,80,0,0
1228170,1,0,0,0,70,23,60711.55,147045,166,80,0,0
1228253,1,0,0,0,70,23,60711.55,147045,166,80,0,0
1228400,1,0,0,0,70,23,60711.55,147045,166,80,0,0
1228506,1,0,0,0,70,23,60711.55,147045,166,80,0,0
1228625,1,0,0,0,68,23,60711.55,147045,166,80,0,0
1228725,1,0,0,0,70,23,60711.55,147045,166,80,0,0
1228856,1,0,0,0,70,23,60711.55,147045,166,80,0,0
1228953,1,0,0,0,70,23,60711.55,147045,166,80,0,0
1229090,1,0,0,0,70,23,60711.55,147045,166,80,0,0
1229206,1,0,0,0,70,23,60711.55,147045,166,80,0,0
1229306,1,0,0,0,70,23,60711.55,147045,166,80,0,0
1229425,1,0,0,0,70,23,60711.55,147045,166,80,0,0
1229525,1,0,0,0,68,23,60711.55,147045,166,80,0,0
1229670,1,0,0,0,70,23,60711.55,147045,166,80,0,0
1229753,1,0,0,0,70,23,60711.55,147045,166,80,0,0
1229900,1,0,0,0,70,23,60711.55,147045,166,80,0,0
1230006,1,0,0,0,70,23,60711.55,147045,166,80,0,0
1230125,1,0,0,0,70,23,60711.55,147045,166,80,0,0
1230250,1,0,0,0,68,23,60711.55,147045,166,80,0,0
1230356,1,0,0,0,70,23,60711.55,147045,166,80,0,0
1230454,1,0,0,0,70,23,60711.55,147045,166,80,0,0
1230576,1,0,0,0,70,23,60711.55,147045,166,80,0,0
1230706,1,0,0,0,70,23,60711.55,147045,166,80,0,0
1230825,1,0,0,0,70,23,60711.55,147045,166,80,0,0
1230925,1,0,0,0,70,23,60711.55,147045,166,80,0,0
1231006,1,0,0,0,68,23,60711.55,147045,166,80,0,0
1231170,1,0,0,0,68,23,60711.55,147045,166,80,0,0
1231290,1,0,0,0,70,23,60711.55,147045,166,80,0,0
1231400,1,0,0,0,68,23,60711.55,147045,166,80,0,0
1231506,1,0,0,0,68,23,60711.55,147045,166,80,0,0
1231625,1,0,128,0,68,23,60711.55,147045,166,80,0,0
1231750,1,0,128,0,68,23,60711.55,147045,166,80,0,0
1231857,1,0,346,0,68,23,60711.55,147045,166,80,0,0
1231953,1,0,908,0,68,23,60711.55,147045,166,80,0,0
1232062,1,0,1156,0,54,23,60711.55,147045,166,80,0,0
1232206,1,0,1123,0,0,23,60711.55,147045,166,80,0,0
1232306,1,0,1062,0,0,23,60711.55,147045,166,80,0,0
1232428,1,0,1049,0,0,23,60711.55,147045,166,80,0,0
1232506,1,0,946,0,0,23,60711.55,147045,166,80,0,0
1232670,1,0,881,0,0,23,60711.55,147045,166,80,0,0
1232754,1,0,881,14,0,23,60711.55,147045,166,80,0,0
1232856,1,0,962,23,0,23,60711.55,147045,166,80,0,0
1233006,1,0,1369,25,0,23,60711.55,147045,166,80,0,0
1233125,1,0,1486,25,0,23,60711.55,147045,166,80,0,0
1233225,1,0,1520,25,0,23,60711.55,147045,166,80,0,0
1233356,1,0,1454,25,0,23,60712.59,147045,166,80,0,0
1233455,1,0,1440,25,0,23,60712.59,147045,166,80,0,0
1233574,1,0,1418,25,0,23,60712.59,147045,166,80,0,0
1233706,1,3,1392,25,0,23,60712.59,147045,166,80,0,0
1233806,1,4,1407,25,0,23,60712.59,147045,166,80,0,0
1233925,1,6,1365,25,0,23,60712.59,147045,166,80,0,0
1234008,1,6,1338,25,0,23,60713.65,147045,166,80,0,0
1234156,1,8,1343,25,0,23,60713.65,147045,166,80,0,0
1234255,1,9,1350,28,0,23,60713.65,147045,166,80,0,0
1234356,1,10,1447,41,0,23,60713.65,147045,166,80,0,0
1234508,1,10,1593,59,0,23,60714.69,147045,166,80,0,0
1234625,1,11,1665,65,0,23,60714.69,147045,166,80,0,0
1234725,1,12,1755,67,0,23,60714.69,147045,166,80,0,0
1234856,1,12,1833,68,0,23,60714.69,147045,166,80,0,0
1234953,1,13,1908,68,0,23,60714.69,147045,166,80,0,0
1235060,1,13,1927,68,0,23,60715.75,147045,166,80,0,0
1235200,1,14,2013,27,0,23,60715.75,147045,166,80,0,0
1235306,1,14,1928,0,0,23,60715.75,147045,166,80,0,0
1235427,1,14,1847,0,0,23,60715.75,147045,166,80,0,0
1235525,1,14,1802,0,0,23,60715.75,147045,166,80,0,0
1235656,1,14,1719,0,0,23,60715.75,147045,166,80,0,0
1235754,1,14,1683,0,0,23,60715.75,147045,166,80,0,0
1235856,1,14,1652,0,0,23,60715.75,147045,166,81,0,0
1236009,1,14,1489,30,0,23,60715.75,147045,166,81,0,0
1236111,1,14,1298,48,0,23,60715.75,147045,166,81,0,0
1236225,1,15,1062,60,0,23,60715.75,147045,166,81,0,0
1236353,1,15,1262,84,0,23,60715.75,147045,166,81,0,0
1236454,1,15,1206,87,0,23,60716.79,147045,166,81,0,0
1236525,1,16,1235,87,0,23,60716.79,147045,166,81,0,0
1236670,1,16,1273,87,0,23,60716.79,147045,166,81,0,0
1236805,1,16,1334,88,0,23,60716.79,147045,166,81,0,0
1236925,1,17,1342,88,0,23,60716.79,147045,166,81,0,0
1237006,1,17,1374,83,0,23,60716.79,147045,166,81,0,0
1237155,1,18,1408,81,0,23,60716.79,147045,166,81,0,0
1237253,1,19,1466,79,0,23,60717.83,147045,166,81,0,0
1237356,1,19,1488,79,0,23,60717.83,147045,166,81,0,0
1237454,1,19,1530,78,0,23,60717.83,147045,166,81,0,0
1237611,1,20,1563,77,0,23,60717.83,147045,166,81,0,0
1237725,1,20,1558,76,0,23,60717.83,147045,166,81,0,0
1237825,1,21,1625,76,0,23,60717.83,147045,166,81,0,0
1237954,1,21,1631,76,0,23,60717.83,147045,166,81,0,0
1238059,1,21,1638,74,0,23,60717.83,147045,166,81,0,0
1238170,1,21,1644,73,0,23,60718.87,147045,166,81,0,0
1238307,1,22,1656,73,0,23,60718.87,147045,166,81,0,0
1238427,1,22,1690,73,0,23,60718.87,147045,166,81,0,0
1238525,1,22,1723,73,0,23,60718.87,147045,166,81,0,0
1238656,1,22,1724,73,0,23,60718.87,147045,166,81,0,0
1238754,1,22,1758,73,0,23,60718.87,147045,166,81,0,0
1238856,1,23,1752,72,0,23,60718.87,147045,166,81,0,0
1238954,1,23,1784,72,0,23,60719.90,147045,166,81,0,0
1239112,1,23,1789,68,0,23,60719.90,147045,166,81,0,0
1239225,1,24,1792,67,0,23,60719.90,147045,166,81,0,0
1239325,1,24,1820,67,0,23,60719.90,147045,166,81,0,0
1239454,1,24,1874,67,0,23,60719.90,147045,166,81,0,0
1239570,1,25,1927,67,0,23,60719.90,147045,166,81,0,0
1239670,1,25,1928,67,0,23,60719.90,147045,166,81,0,0
1239805,1,25,1966,67,0,23,60720.91,147045,166,81,0,0
1239924,1,26,1970,67,0,23,60720.91,147045,166,81,0,0
1240005,1,26,2006,72,0,23,60720.91,147045,166,81,0,0
1240155,1,27,2079,77,0,23,60720.91,147045,166,81,0,0
1240253,1,27,2080,77,0,23,60720.91,147045,166,81,0,0
1240356,1,27,2105,77,0,23,60720.91,147045,166,81,0,0
1240453,1,28,2149,77,0,23,60720.91,147045,166,81,0,0
1240612,1,28,2183,77,0,23,60721.95,147045,166,81,0,0
1240725,1,29,2216,77,0,23,60721.95,147045,166,81,0,0
1240825,1,29,2215,76,0,23,60721.95,147045,166,81,0,0
1240953,1,29,2250,75,0,23,60721.95,147045,166,81,0,0
1241005,1,29,2253,67,0,23,60721.95,147045,166,81,0,0
1241173,1,30,2241,0,0,23,60721.95,147045,166,81,0,0
1241306,1,30,2157,0,0,23,60722.97,147045,166,81,0,0
1241421,1,30,2027,0,0,23,60722.97,147045,166,81,0,0
1241525,1,30,1888,0,0,23,60722.97,147045,166,81,0,0
1241655,1,30,1781,0,0,23,60722.97,147045,166,81,0,0
1241753,1,30,1684,0,0,23,60722.97,147045,166,81,0,0
1241876,1,30,1663,7,0,23,60722.97,147045,166,81,0,0
1241953,1,30,1665,44,0,23,60722.97,147045,166,81,0,0
1242111,1,30,1568,63,0,23,60722.97,147045,166,81,0,0
1242226,1,30,1628,73,0,23,60722.97,147045,166,81,0,0
1242325,1,30,1612,82,0,23,60722.97,147045,166,81,0,0
1242456,1,30,1606,84,0,23,60722.97,147045,163,81,0,0
1242568,1,31,1640,84,0,23,60722.97,147045,163,81,0,0
1242670,1,31,1672,85,0,23,60723.98,147045,163,81,0,0
1242805,1,31,1677,85,0,23,60723.98,147045,163,81,0,0
1242925,1,32,1711,85,0,23,60723.98,147045,163,81,0,0
1243005,1,32,1712,85,0,23,60723.98,147045,163,80,0,0
1243155,1,32,1712,85,0,23,60723.98,147045,163,80,0,0
1243253,1,32,1729,82,0,23,60723.98,147045,163,80,0,0
1243355,1,33,1730,80,0,23,60725.00,147045,163,80,0,0
1243454,1,33,1789,78,0,23,60725.00,147045,163,80,0,0
1243614,1,33,1775,74,0,23,60725.00,147045,163,80,0,0
1243725,1,33,1767,73,0,23,60725.00,147045,163,80,0,0
1243825,1,34,1819,71,0,23,60725.00,147045,163,80,0,0
1243953,1,34,1816,63,0,23,60725.00,147045,163,80,0,0
1244040,1,34,1816,54,0,23,60725.00,147045,163,80,0,0
1244170,1,34,1813,47,0,23,60726.03,147045,163,80,0,0
1244305,1,34,1798,7,0,23,60726.03,147045,163,80,0,0
1244421,1,34,1792,0,0,23,60726.03,147045,163,80,0,0
1244525,1,34,1820,0,0,23,60726.03,147045,163,80,0,0
1244655,1,34,1810,0,0,23,60726.03,147045,163,80,0,0
1244753,1,34,1778,0,0,23,60726.03,147045,163,80,0,0
1244856,1,34,1779,0,0,23,60726.03,147045,163,79,0,0
1244999,1,34,1810,0,0,23,60726.03,147045,163,79,0,0
1245111,1,34,1778,0,0,23,60726.03,147045,163,79,0,0
1245225,1,33,1777,0,0,23,60726.03,147045,163,79,0,0
1245325,1,33,1777,0,0,23,60726.03,147045,163,79,0,0
1245454,1,33,1777,0,0,23,60726.03,147045,163,79,0,0
1245568,1,33,1746,0,0,23,60726.03,147045,163,79,0,0
1245670,1,33,1746,0,0,23,60726.03,147045,163,79,0,0
1245805,1,33,1728,0,2,23,60726.03,147045,163,79,0,0
1245920,1,33,1742,0,4,23,60726.03,147045,163,79,0,0
1246005,1,32,1702,0,6,23,60726.03,147045,163,79,0,0
1246155,1,32,1702,0,10,23,60726.03,147045,163,79,0,0
1246253,1,32,1708,0,12,23,60726.03,147045,163,79,0,0
1246355,1,32,1678,0,16,23,60726.03,147045,163,79,0,0
1246499,1,31,1689,0,16,23,60726.03,147045,163,79,0,0
1246611,1,31,1661,0,20,23,60726.03,147045,163,78,0,0
1246725,1,31,1643,0,26,23,60726.03,147045,163,78,0,0
1246825,1,30,1614,0,28,23,60726.03,147045,163,78,0,0
1246953,1,30,1572,0,42,23,60726.03,147045,163,78,0,0
1247005,1,30,1547,0,42,23,60726.03,147045,163,78,0,0
1247171,1,29,1546,0,66,23,60727.03,147045,163,78,0,0
1247299,1,29,1485,0,72,23,60727.03,147045,163,78,0,0
1247405,1,28,1362,0,72,23,60727.03,147045,163,78,0,0
1247508,1,28,1347,0,70,23,60727.03,147045,163,78,0,0
1247650,1,26,1317,0,74,23,60727.03,147045,163,78,0,0
1247753,1,26,1283,0,74,23,60727.03,147045,163,78,0,0
1247855,1,25,1279,0,74,23,60727.03,147045,163,78,0,0
1247953,1,25,1277,0,72,23,60727.03,147045,163,78,0,0
1248111,1,24,1243,0,42,23,60727.03,147045,163,78,0,0
1248224,1,23,1212,0,36,23,60727.03,147045,163,78,0,0
1248325,1,23,1212,0,38,23,60727.03,147045,163,78,0,0
1248454,1,22,1180,0,38,23,60727.03,147045,163,78,0,0
1248566,1,22,1180,0,38,23,60727.03,147045,163,78,0,0
1248670,1,22,1180,0,40,23,60727.03,147045,163,78,0,0
1248799,1,22,1148,0,36,23,60727.03,147045,163,78,0,0
1248905,1,21,1148,0,40,23,60727.03,147045,163,78,0,0
1249005,1,21,1117,0,44,23,60727.03,147045,163,78,0,0
1249124,1,20,1117,0,46,23,60727.03,147045,163,78,0,0
1249253,1,20,1117,0,40,23,60727.03,147045,163,78,0,0
1249355,1,19,1119,0,24,23,60727.03,147045,163,78,0,0
1249454,1,19,1088,0,20,23,60727.03,147045,163,78,0,0
1249605,1,19,1057,0,20,23,60727.03,147045,163,78,0,0
1249724,1,18,1057,0,20,23,60727.03,147045,163,78,0,0
1249825,1,18,1057,0,22,23,60727.03,147045,163,78,0,0
1249953,1,18,1058,0,20,23,60727.03,147045,163,78,0,0
1250053,1,18,1059,0,18,23,60727.03,147045,163,78,0,0
1250180,1,17,1059,0,18,23,60727.03,147045,163,78,0,0
1250299,1,17,1060,0,2,23,60727.03,147045,163,78,0,0
1250405,1,17,1092,0,0,23,60728.03,147045,163,78,0,0
1250505,1,17,1125,0,0,23,60728.03,147045,163,78,0,0
1250625,1,16,1189,0,0,23,60728.03,147045,163,78,0,0
1250753,1,16,1247,0,0,23,60728.03,147045,163,78,0,0
1250855,1,16,1208,0,0,23,60728.03,147045,163,78,0,0
1250953,1,15,1206,0,0,23,60728.03,147045,163,78,0,0
1251105,1,15,1212,14,0,23,60728.03,147045,163,78,0,0
1251205,1,15,1205,47,0,23,60728.03,147045,163,78,0,0
1251324,1,15,1218,53,0,23,60728.03,147045,163,78,0,0
1251454,1,15,1160,56,0,23,60728.03,147045,163,78,0,0
1251563,1,15,1155,59,0,23,60728.03,147045,163,78,0,0
1251670,1,15,1215,60,0,23,60728.03,147045,163,78,0,0
1251799,1,15,1210,61,0,23,60728.03,147045,163,78,0,0
1251906,1,15,1185,61,0,23,60728.03,147045,163,78,0,0
1252005,1,15,1217,61,0,23,60728.03,147045,163,78,0,0
1252124,1,16,1221,61,0,23,60728.03,147045,163,78,0,0
1252253,1,16,1222,61,0,23,60729.03,147045,163,78,0,0
1252355,1,16,1253,61,0,23,60729.03,147045,163,78,0,0
1252454,1,16,1252,61,0,23,60729.03,147045,163,78,0,0
1252605,1,16,1284,61,0,23,60729.03,147045,163,78,0,0
1252705,1,17,1284,61,0,23,60729.03,147045,163,78,0,0
1252824,1,17,1320,61,0,23,60729.03,147045,163,78,0,0
1252949,1,17,1324,61,0,23,60729.03,147045,163,78,0,0
1253039,1,18,1359,61,0,23,60729.03,147045,163,78,0,0
1253170,1,18,1394,61,0,23,60729.03,147045,163,78,0,0
1253290,1,18,1430,61,0,23,60729.03,147045,163,78,0,0
1253405,1,18,1465,61,0,23,60730.03,147045,163,78,0,0
1253525,1,19,1461,61,0,23,60730.03,147045,163,78,0,0
1253624,1,19,1491,61,0,23,60730.03,147045,163,78,0,0
1253753,1,19,1523,61,0,23,60730.03,147045,163,78,0,0
1253855,1,20,1555,61,0,23,60730.03,147045,163,78,0,0
1253953,1,20,1562,61,0,23,60730.03,147045,163,78,0,0
1254074,1,20,1570,61,0,23,60730.03,147045,163,78,0,0
1254205,1,20,1613,61,0,23,60730.03,147045,163,78,0,0
1254324,1,21,1618,59,0,23,60730.03,147045,163,78,0,0
1254449,1,21,1655,57,0,23,60730.03,147045,163,78,0,0
1254505,1,21,1658,52,0,23,60731.07,147045,163,78,0,0
1254669,1,22,1688,46,0,23,60731.07,147045,163,78,0,0
1254799,1,22,1675,35,0,23,60731.07,147045,163,78,0,0
1254906,1,22,1719,35,0,23,60731.07,147045,163,78,0,0
1255024,1,22,1709,35,0,23,60731.07,147045,163,78,0,0
1255124,1,23,1741,35,0,23,60731.07,147045,163,78,0,0
1255254,1,23,1746,35,0,23,60731.07,147045,163,78,0,0
1255355,1,23,1751,35,0,23,60731.07,147045,163,78,0,0
1255454,1,23,1785,35,0,23,60731.07,147045,163,78,0,0
1255605,1,23,1788,35,0,23,60731.07,147045,163,78,0,0
1255705,1,23,1816,35,0,23,60731.07,147045,163,78,0,0
1255824,1,23,1816,35,0,23,60732.08,147045,163,78,0,0
1255953,1,24,1816,35,0,23,60732.08,147045,163,78,0,0
1256039,1,24,1849,35,0,23,60732.08,147045,163,78,0,0
1256169,1,24,1849,35,0,23,60732.08,147045,163,78,0,0
1256299,1,24,1849,35,0,23,60732.08,147045,163,78,0,0
1256405,1,24,1884,38,0,23,60732.08,147045,163,78,0,0
1256505,1,24,1857,40,0,23,60732.08,147045,163,78,0,0
1256624,1,25,1864,41,0,23,60732.08,147045,163,78,0,0
1256753,1,25,1904,42,0,23,60732.08,147045,163,78,0,0
1256855,1,25,1911,43,0,23,60732.08,147045,163,78,0,0
1256953,1,25,1917,43,0,23,60732.08,147045,163,78,0,0
1257105,1,25,1922,44,0,23,60733.08,147045,163,78,0,0
1257224,1,26,1960,46,0,23,60733.08,147045,163,78,0,0
1257324,1,26,1967,47,0,23,60733.08,147045,163,78,0,0
1257454,1,26,2002,48,0,23,60733.08,147045,163,78,0,0
1257559,1,26,2005,48,0,23,60733.08,147045,163,78,0,0
1257669,1,26,2041,39,0,23,60733.08,147045,163,78,0,0
1257799,1,27,1946,0,0,23,60733.08,147045,163,78,0,0
1257905,1,26,1861,0,0,23,60733.08,147045,163,78,0,0
1258005,1,27,1740,0,0,23,60733.08,147045,163,78,0,0
1258149,1,27,1660,0,0,23,60733.08,147045,163,78,0,0
1258253,1,27,1594,0,0,23,60733.08,147045,163,78,0,0
1258355,1,27,1624,24,0,23,60734.09,147045,163,78,0,0
1258454,1,27,1554,42,0,23,60734.09,147045,163,78,0,0
1258611,1,27,1466,58,0,23,60734.09,147045,163,78,0,0
1258724,1,27,1454,62,0,23,60734.09,147045,163,78,0,0
1258824,1,27,1456,63,0,23,60734.09,147045,163,78,0,0
1258953,1,28,1483,63,0,23,60734.09,147045,163,78,0,0
1259039,1,28,1486,63,0,23,60734.09,147045,163,78,0,0
1259169,1,28,1516,63,0,23,60734.09,147045,163,78,0,0
1259299,1,28,1519,63,0,23,60734.09,147045,163,78,0,0
1259405,1,28,1552,63,0,23,60734.09,147045,163,78,0,0
1259505,1,29,1557,63,0,23,60735.12,147045,163,78,0,0
1259649,1,29,1558,63,0,23,60735.12,147045,163,78,0,0
1259753,1,29,1592,63,0,23,60735.12,147045,163,78,0,0
1259855,1,30,1593,56,0,23,60735.12,147045,163,78,0,0
1259953,1,30,1594,35,0,23,60735.12,147045,163,78,0,0
1260105,1,30,1629,32,0,23,60735.12,147045,163,78,0,0
1260205,1,30,1602,32,0,23,60735.12,147045,163,78,0,0
1260324,1,30,1631,22,0,23,60735.12,147045,163,78,0,0
1260456,1,30,1600,17,0,23,60735.12,147045,163,78,0,0
1260557,1,30,1626,9,0,23,60735.12,147045,163,78,0,0
1260669,1,30,1613,1,0,23,60735.12,147045,163,78,0,0
1260805,1,30,1614,0,0,23,60736.12,147045,163,78,0,0
1260926,1,30,1611,0,0,23,60736.12,147045,163,78,0,0
1261024,1,30,1611,0,0,23,60736.12,147045,163,78,0,0
1261155,1,30,1612,0,0,23,60736.12,147045,163,78,0,0
1261253,1,30,1612,0,0,23,60736.12,147045,163,78,0,0
1261355,1,30,1611,0,0,23,60736.12,147045,163,78,0,0
1261524,1,30,1593,0,0,23,60736.12,147045,163,78,0,0
1261655,1,30,1622,0,0,23,60736.12,147045,163,78,0,0
1261756,1,30,1581,0,0,23,60736.12,147045,163,78,0,0
1261855,1,30,1627,0,0,23,60736.12,147045,163,78,0,0
1261999,1,30,1576,0,0,23,60736.12,147045,163,78,0,0
1262111,1,30,1581,0,0,23,60736.12,147045,163,78,0,0
1262224,1,29,1595,0,0,23,60736.12,147045,163,78,0,0
1262351,1,29,1546,0,0,23,60736.12,147045,163,78,0,0
1262455,1,29,1549,0,0,23,60736.12,147045,163,78,0,0
1262556,1,29,1562,0,0,23,60736.12,147045,163,78,0,0
1262699,1,29,1549,0,0,23,60736.12,147045,163,78,0,0
1262805,1,29,1557,0,0,23,60736.12,147045,163,78,0,0
1262924,1,29,1516,0,0,23,60736.12,147045,163,78,0,0
1263024,1,29,1516,0,0,23,60736.12,147045,163,78,0,0
1263155,1,28,1504,0,0,23,60736.12,147045,163,78,0,0
1263253,1,28,1504,0,0,23,60736.12,147045,163,78,0,0
1263355,1,28,1504,0,0,23,60736.12,147045,163,78,0,0
1263499,1,28,1504,0,0,23,60736.12,147045,163,78,0,0
1263611,1,28,1472,0,0,23,60736.12,147045,163,78,0,0
1263725,1,28,1472,0,0,23,60736.12,147045,163,78,0,0
1263824,1,28,1472,0,0,23,60736.12,147045,163,78,0,0
1263953,1,28,1440,0,0,23,60736.12,147045,163,78,0,0
1264039,1,27,1440,0,0,23,60736.12,147045,163,78,0,0
1264169,1,27,1440,0,0,23,60736.12,147045,163,78,0,0
1264305,1,27,1440,0,0,23,60736.12,147045,163,78,0,0
1264419,1,27,1440,0,0,23,60736.12,147045,163,78,0,0
1264524,1,27,1440,0,0,23,60736.12,147045,163,78,0,0
1264649,1,27,1408,0,0,23,60736.12,147045,163,78,0,0
1264753,1,27,1408,0,0,23,60736.12,147045,163,78,0,0
1264855,1,27,1408,0,0,23,60736.12,147045,163,78,0,0
1264953,1,26,1408,0,0,23,60736.12,147045,163,78,0,0
1265110,1,26,1408,0,0,23,60736.12,147045,163,78,0,0
1265224,1,26,1376,0,0,23,60736.12,147045,163,78,0,0
1265324,1,26,1376,0,0,23,60736.12,147045,163,78,0,0
1265450,1,26,1376,0,0,23,60736.12,147045,163,78,0,0
1265554,1,26,1376,0,0,23,60736.12,147045,163,78,0,0
1265669,1,26,1344,0,0,23,60736.12,147045,163,78,0,0
1265799,1,26,1344,0,0,23,60736.12,147045,163,78,0,0
1265905,1,25,1344,0,0,23,60736.12,147045,163,78,0,0
1266024,1,25,1344,0,0,23,60736.12,147045,163,78,0,0
1266149,1,25,1344,0,0,23,60736.12,147045,163,78,0,0
1266253,1,25,1312,0,0,23,60736.12,147045,163,78,0,0
1266355,1,25,1312,0,10,23,60736.12,147045,163,78,0,0
1266455,1,25,1312,0,4,23,60736.12,147045,163,78,0,0
1266605,1,25,1312,0,4,23,60736.12,147045,163,78,0,0
1266705,1,25,1312,0,14,23,60736.12,147045,163,78,0,0
1266824,1,24,1280,0,18,23,60736.12,147045,163,78,0,0
1266949,1,24,1280,0,12,23,60736.12,147045,163,78,0,0
1267066,1,24,1292,0,12,23,60736.12,147045,163,78,0,0
1267169,1,24,1248,0,18,23,60736.12,147045,163,78,0,0
1267299,1,24,1258,0,16,23,60736.12,147045,163,78,0,0
1267405,1,24,1254,0,16,23,60736.12,147045,163,78,0,0
1267506,1,23,1252,0,18,23,60736.12,147045,163,78,0,0
1267624,1,23,1155,0,18,23,60736.12,147045,163,78,0,0
1267753,1,23,1091,0,20,23,60736.12,147045,163,78,0,0
1267855,1,23,1061,0,32,23,60736.12,147045,163,78,0,0
1267956,1,23,1148,0,40,23,60736.12,147045,163,78,0,0
1268065,1,22,1099,0,42,23,60736.12,147045,163,78,0,0
1268204,1,22,1123,0,40,23,60736.12,147045,163,78,0,0
1268324,1,22,1089,0,26,23,60736.12,147045,163,78,0,0
1268439,1,22,1088,0,22,23,60736.12,147045,163,78,0,0
1268539,1,21,1088,0,22,23,60736.12,147045,163,78,0,0
1268669,1,21,1088,0,16,23,60736.12,147045,163,78,0,0
1268789,1,21,1087,0,18,23,60736.12,147045,163,78,0,0
1268904,1,21,1087,0,18,23,60736.12,147045,163,78,0,0
1269024,1,21,1056,0,18,23,60736.12,147045,163,78,0,0
1269124,1,21,1057,0,18,23,60737.12,147045,163,78,0,0
1269253,1,21,1057,0,22,23,60737.12,147045,163,78,0,0
1269355,1,20,1058,0,20,23,60737.12,147045,163,78,0,0
1269455,1,20,1058,0,14,23,60737.12,147045,163,78,0,0
1269577,1,20,1059,0,12,23,60737.12,147045,163,78,0,0
1269704,1,20,1059,0,10,23,60737.12,147045,163,78,0,0
1269824,1,20,1059,0,10,23,60737.12,147045,163,78,0,0
1269924,1,20,1059,0,10,23,60737.12,147045,163,78,0,0
1270024,1,20,1059,0,10,23,60737.12,147045,163,78,0,0
1270169,1,20,1060,0,10,23,60737.12,147045,163,78,0,0
1270253,1,20,1060,0,6,23,60737.12,147045,163,78,0,0
1270399,1,20,1060,0,0,23,60737.12,147045,163,78,0,0
1270506,1,20,1061,0,0,23,60737.12,147045,163,78,0,0
1270625,1,19,1060,0,0,23,60737.12,147045,163,78,0,0
1270724,1,19,1061,0,0,23,60737.12,147045,163,78,0,0
1270854,1,19,1061,0,0,23,60737.12,147045,163,78,0,0
1270956,1,19,1061,0,0,23,60737.12,147045,163,78,0,0
1271064,1,19,1061,0,0,23,60737.12,147045,163,78,0,0
1271204,1,19,1061,0,0,23,60737.12,147045,163,78,0,0
1271304,1,19,1029,0,0,23,60737.12,147045,163,78,0,0
1271425,1,19,1061,0,0,23,60737.12,147045,163,78,0,0
1271524,1,19,1029,0,0,23,60737.12,147045,163,78,0,0
1271654,1,19,1061,0,0,23,60737.12,147045,163,78,0,0
1271756,1,19,1061,0,0,23,60737.12,147045,163,78,0,0
1271855,1,19,1061,0,0,23,60737.12,147045,163,78,0,0
1271999,1,19,1029,0,0,23,60737.12,147045,163,78,0,0
1272124,1,19,1062,0,2,23,60738.12,147045,163,78,0,0
1272224,1,19,1059,0,4,23,60738.12,147045,163,78,0,0
1272354,1,19,1058,0,14,23,60738.12,147045,163,78,0,0
1272456,1,19,1057,0,10,23,60738.12,147045,164,78,0,0
1272576,1,19,1056,0,12,23,60738.12,147045,164,78,0,0
1272669,1,19,1056,0,12,23,60738.12,147045,164,78,0,0
1272804,1,19,1057,0,12,23,60738.12,147045,164,78,0,0
1272924,1,18,1058,0,12,23,60738.12,147045,164,78,0,0
1273038,1,18,1060,0,16,23,60738.12,147045,164,78,0,0
1273154,1,18,1060,0,24,23,60738.12,147045,164,78,0,0
1273256,1,18,1060,0,26,23,60738.12,147045,164,78,0,0
1273354,1,18,1059,0,26,23,60738.12,147045,164,78,0,0
1273499,1,18,1059,0,24,23,60738.12,147045,164,78,0,0
1273611,1,18,1059,0,26,23,60738.12,147045,164,78,0,0
1273725,1,17,1059,0,26,23,60738.12,147045,164,78,0,0
1273824,1,17,1059,0,26,23,60738.12,147045,164,78,0,0
1273957,1,17,1059,0,16,23,60738.12,147045,164,78,0,0
1274062,1,17,1059,0,16,23,60738.12,147045,164,78,0,0
1274169,1,17,1059,0,16,23,60738.12,147045,164,78,0,0
1274304,1,17,1059,0,24,23,60738.12,147045,164,78,0,0
1274424,1,16,1058,0,30,23,60738.12,147045,164,78,0,0
1274539,1,16,1058,0,34,23,60738.12,147045,164,78,0,0
1274654,1,16,1058,0,36,23,60738.12,147045,164,78,0,0
1274756,1,16,1057,0,36,23,60738.12,147045,164,78,0,0
1274854,1,15,1056,0,22,23,60738.12,147045,164,78,0,0
1274998,1,15,1087,0,16,23,60738.12,147045,164,78,0,0
1275110,1,15,1055,0,16,23,60738.12,147045,164,78,0,0
1275226,1,15,1087,0,16,23,60739.12,147045,164,78,0,0
1275324,1,15,1087,0,14,23,60739.12,147045,164,78,0,0
1275457,1,15,1087,0,2,23,60739.12,147045,164,78,0,0
1275507,1,15,1087,0,2,23,60739.12,147045,164,78,0,0
1275669,1,15,1087,0,8,23,60739.12,147045,164,78,0,0
1275798,1,16,1056,0,4,23,60739.12,147045,164,78,0,0
1275907,1,15,1057,0,4,23,60739.12,147045,164,78,0,0
1276006,1,14,1057,0,4,23,60739.12,147045,164,78,0,0
1276149,1,14,1057,0,4,23,60739.12,147045,164,78,0,0
1276257,1,14,1057,0,4,23,60739.12,147045,164,78,0,0
1276357,1,14,1056,0,6,23,60739.12,147045,164,78,0,0
1276457,1,13,1056,0,4,23,60739.12,147045,164,78,0,0
1276607,1,13,1056,0,6,23,60739.12,147045,164,78,0,0
1276723,1,13,1056,0,6,23,60739.12,147045,164,78,0,0
1276824,1,13,1056,0,6,23,60739.12,147045,164,78,0,0
1276949,1,13,1056,0,8,23,60739.12,147045,164,78,0,0
1277061,1,13,1056,0,8,23,60739.12,147045,164,78,0,0
1277169,1,13,1056,0,8,23,60739.12,147045,164,78,0,0
1277299,1,13,1087,0,8,23,60739.12,147045,164,78,0,0
1277408,1,13,1087,0,8,23,60739.12,147045,164,78,0,0
1277524,1,14,1055,0,8,23,60739.12,147045,164,78,0,0
1277624,1,13,1086,0,12,23,60739.12,147045,164,78,0,0
1277756,1,13,1085,0,16,23,60739.12,147045,164,78,0,0
1277857,1,13,1085,0,16,23,60739.12,147045,164,78,0,0
1277956,1,13,1053,0,16,23,60739.12,147045,164,78,0,0
1278104,1,13,1084,0,16,23,60739.12,147045,164,78,0,0
1278207,1,13,1052,0,16,23,60739.12,147045,164,78,0,0
1278325,1,13,1052,0,18,23,60739.12,147045,164,78,0,0
1278439,1,13,1084,0,18,23,60739.12,147045,164,78,0,0
1278539,1,13,1053,0,16,23,60740.13,147045,164,78,0,0
1278669,1,13,1085,0,16,23,60740.13,147045,164,78,0,0
1278788,1,12,1087,0,18,23,60740.13,147045,164,78,0,0
1278907,1,12,1087,0,18,23,60740.13,147045,164,78,0,0
1279006,1,12,1087,0,24,23,60740.13,147045,164,78,0,0
1279124,1,12,1057,0,22,23,60740.13,147045,164,78,0,0
1279256,1,12,1057,0,22,23,60740.13,147045,164,78,0,0
1279354,1,12,1057,0,24,23,60740.13,147045,164,78,0,0
1279458,1,12,1025,0,26,23,60740.13,147045,164,78,0,0
1279571,1,11,1025,0,28,23,60740.13,147045,164,78,0,0
1279707,1,11,1059,0,22,23,60740.13,147045,164,78,0,0
1279825,1,11,1059,0,14,23,60740.13,147045,164,78,0,0
1279924,1,10,1059,0,8,23,60740.13,147045,164,78,0,0
1280007,1,10,1059,0,2,23,60740.13,147045,164,78,0,0
1280169,1,10,1058,0,12,23,60740.13,147045,164,78,0,0
1280288,1,9,1057,0,12,23,60740.13,147045,164,78,0,0
1280398,1,9,1057,0,18,23,60740.13,147045,164,78,0,0
1280507,1,9,1025,0,20,23,60740.13,147045,164,78,0,0
1280624,1,8,1056,0,28,23,60740.13,147045,164,78,0,0
1280748,1,8,1087,0,32,23,60740.13,147045,164,78,0,0
1280857,1,7,1024,0,30,23,60740.13,147045,164,78,0,0
1280957,1,7,1055,0,30,23,60740.13,147045,164,78,0,0
1281083,1,6,1054,0,30,23,60740.13,147045,164,78,0,0
1281207,1,6,1053,0,30,23,60740.13,147045,164,78,0,0
1281323,1,5,1053,0,32,23,60740.13,147045,164,78,0,0
1281439,1,4,1053,0,32,23,60740.13,147045,164,78,0,0
1281523,1,4,1052,0,32,23,60740.13,147045,164,78,0,0
1281668,1,3,1020,0,30,23,60741.14,147045,164,78,0,0
1281788,1,3,1020,0,16,23,60741.14,147045,164,78,0,0
1281898,1,0,987,0,4,23,60741.14,147045,164,78,0,0
1282006,1,0,955,0,8,23,60741.14,147045,164,78,0,0
1282123,1,0,922,0,8,23,60741.14,147045,164,78,0,0
1282248,1,0,888,0,8,23,60741.14,147045,164,79,0,0
1282357,1,0,855,0,8,23,60741.14,147045,164,79,0,0
1282458,1,0,854,0,10,23,60741.14,147045,164,79,0,0
1282595,1,0,852,0,10,23,60741.14,147045,164,79,0,0
1282707,1,0,853,0,10,23,60741.14,147045,164,79,0,0
1282823,1,0,854,0,10,23,60741.14,147045,164,79,0,0
1282923,1,0,856,0,10,23,60741.14,147045,164,79,0,0
1283038,1,0,855,0,10,23,60741.14,147045,164,79,0,0
1283168,1,0,854,0,8,23,60741.14,147045,164,79,0,0
1283288,1,0,854,0,8,23,60741.14,147045,164,79,0,0
1283398,1,0,854,0,8,23,60741.14,147045,164,79,0,0
1283506,1,0,857,0,8,23,60741.14,147045,164,79,0,0
1283623,1,0,857,0,8,23,60741.14,147045,164,79,0,1
1283723,1,0,857,0,8,23,60741.14,147045,164,79,0,1
1283857,1,0,857,0,8,23,60741.14,147045,164,79,0,1
1283956,1,0,825,0,8,23,60741.14,147045,164,79,0,1
1284057,1,0,826,0,8,23,60741.14,147045,164,79,0,1
1284207,1,0,828,0,8,23,60741.14,147045,164,79,0,1
1284306,1,0,861,0,8,23,60741.14,147045,164,79,0,1
1284424,1,0,861,0,0,23,60741.14,147045,164,79,0,1
1284538,1,0,861,0,0,23,60741.14,147045,164,79,0,1
1284668,1,0,861,0,0,23,60741.14,147045,164,79,0,1
1284757,1,0,860,0,24,23,60741.14,147045,164,79,0,1
1284857,1,0,860,0,30,23,60741.14,147045,164,79,0,1
1284998,1,0,858,0,28,23,60741.14,147045,164,79,0,1
1285123,1,0,854,0,0,23,60741.14,147045,164,79,0,1
1285223,1,0,821,0,0,23,60741.14,147045,164,79,0,1
1285323,1,0,853,0,0,23,60742.14,147045,164,79,0,1
1285457,1,0,855,0,0,23,60742.14,147045,164,79,0,1
1285523,1,0,856,0,0,23,60742.14,147045,164,79,0,1
1285698,1,0,929,0,0,23,60742.14,147045,164,79,0,1
1285806,1,0,1188,0,0,23,60742.14,147045,164,79,0,1
1285923,1,0,1206,0,0,23,60742.14,147045,164,79,0,1
1286039,1,0,1174,0,0,23,60742.14,147045,164,79,0,1
1286157,1,0,1105,0,0,23,60742.14,147045,164,79,0,1
1286256,1,0,1105,0,0,23,60742.14,147045,164,79,0,1
1286357,1,2,1169,0,0,23,60742.14,147045,164,79,0,1
1286498,1,3,1222,0,0,23,60742.14,147045,164,79,0,1
1286607,1,3,1222,0,0,23,60742.14,147045,164,79,0,1
1286723,1,3,1241,0,0,23,60742.14,147045,164,79,0,1
1286823,1,3,1198,0,0,23,60742.14,147045,164,79,0,1
1286956,1,3,1154,0,0,23,60742.14,147045,164,79,0,1
1287079,1,3,1111,0,0,23,60742.14,147045,164,79,0,1
1287168,1,3,1068,0,0,23,60742.14,147045,164,79,0,1
1287306,1,3,1106,0,0,23,60743.15,147045,164,79,0,1
1287418,1,3,1106,0,0,23,60743.15,147045,164,79,0,1
1287523,1,4,1096,0,0,23,60743.15,147045,164,79,0,1
1287657,1,4,1080,0,0,23,60743.15,147045,164,79,0,1
1287756,1,4,1078,0,0,23,60743.15,147045,164,79,0,1
1287873,1,4,1056,0,0,23,60743.15,147045,164,79,0,1
1287998,1,4,1106,0,0,23,60743.15,147045,164,79,0,1
1288109,1,5,1143,0,0,23,60743.15,147045,164,79,0,1
1288224,1,5,1139,0,0,23,60743.15,147045,164,79,0,1
1288323,1,6,1132,0,0,23,60743.15,147045,164,79,0,1
1288457,1,6,1131,0,0,23,60743.15,147045,164,79,0,1
1288523,1,6,1124,0,0,23,60743.15,147045,164,79,0,1
1288668,1,6,1142,0,0,23,60743.15,147045,164,79,0,1
1288806,1,6,1150,0,0,23,60743.15,147045,164,79,0,1
1288918,1,6,1140,0,0,23,60744.16,147045,164,79,0,1
1289023,1,6,1136,0,0,23,60744.16,147045,164,79,0,1
1289148,1,6,1132,0,0,23,60744.16,147045,164,79,0,1
1289256,1,6,1130,0,0,23,60744.16,147045,164,79,0,1
1289357,1,6,1126,0,0,23,60744.16,147045,164,79,0,1
1289457,1,5,1124,0,0,23,60744.16,147045,164,79,0,1
1289607,1,5,1137,0,0,23,60744.16,147045,164,79,0,1
1289723,1,5,1142,0,0,23,60744.16,147045,164,79,0,1
1289823,1,5,1127,0,0,23,60744.16,147045,164,79,0,1
1289948,1,5,1131,0,10,23,60744.16,147045,164,79,0,1
1290023,1,5,1125,0,10,23,60744.16,147045,164,79,0,1
1290168,1,4,1088,0,22,23,60744.16,147045,164,79,0,1
1290298,1,4,1081,0,16,23,60744.16,147045,164,79,0,1
1290407,1,4,1035,0,14,23,60744.16,147045,164,79,0,1
1290523,1,4,1004,0,16,23,60744.16,147045,164,79,0,1
1290623,1,4,1000,0,16,23,60744.16,147045,164,79,0,1
1290756,1,3,964,0,0,23,60744.16,147045,164,79,0,1
1290856,1,3,960,0,0,23,60744.16,147045,164,79,0,1
1290959,1,3,929,0,0,23,60744.16,147045,164,79,0,1
1291105,1,3,938,0,0,23,60744.16,147045,164,79,0,1
1291207,1,3,913,0,0,23,60744.16,147045,164,79,0,0
1291323,1,3,913,0,0,23,60744.16,147045,164,79,0,0
1291449,1,3,880,0,0,23,60745.16,147045,164,79,0,0
1291564,1,2,842,0,0,23,60745.16,147045,164,79,0,0
1291668,1,2,837,0,0,23,60745.16,147045,164,79,0,0
1291788,1,2,832,0,0,23,60745.16,147045,164,79,0,0
1291907,1,2,932,43,0,23,60745.16,147045,164,79,0,0
1292023,1,2,1233,44,0,23,60745.16,147045,164,79,0,0
1292123,1,2,1671,44,0,23,60745.16,147045,164,79,0,0
1292248,1,0,1978,44,0,23,60745.16,147045,164,79,0,0
1292357,1,0,2148,42,0,23,60745.16,147045,164,79,0,0
1292457,1,0,2158,39,0,23,60745.16,147045,164,79,0,0
1292563,1,0,2116,38,0,23,60746.22,147045,164,79,0,0
1292709,1,0,1976,38,0,23,60746.22,147045,164,79,0,0
1292823,1,0,1876,38,0,23,60746.22,147045,164,79,0,0
1292923,1,0,1829,38,0,23,60746.22,147045,164,79,0,0
1293006,1,0,1808,38,0,23,60746.22,147045,164,79,0,0
1293168,1,0,1760,38,0,23,60746.22,147045,164,79,0,0
1293256,1,3,1697,38,0,23,60747.29,147045,164,79,0,0
1293398,1,4,1699,38,0,23,60747.29,147045,164,79,0,0
1293506,1,5,1679,38,0,23,60747.29,147045,164,79,0,0
1293623,1,6,1679,36,0,23,60747.29,147045,164,79,0,0
1293723,1,7,1606,33,0,23,60747.29,147045,164,79,0,0
1293856,1,8,1525,31,0,23,60748.34,147045,164,79,0,0
1293957,1,9,1477,26,0,23,60748.34,147045,164,79,0,0
1294075,1,10,1462,22,0,23,60748.34,147045,164,79,0,0
1294198,1,10,1544,22,0,23,60748.34,147045,164,79,0,0
1294306,1,11,1632,22,0,23,60748.34,147045,164,79,0,0
1294424,1,12,1711,22,0,23,60748.34,147045,164,79,0,0
1294523,1,12,1751,22,0,23,60748.34,147045,164,79,0,0
1294668,1,12,1802,12,0,23,60749.39,147045,164,79,0,0
1294756,1,13,1792,0,0,23,60749.39,147045,164,79,0,0
1294856,1,13,1794,0,0,23,60749.39,147045,164,79,0,0
1294998,1,13,1810,0,0,23,60749.39,147045,164,79,0,0
1295122,1,13,1793,0,0,23,60749.39,147045,164,79,0,0
1295223,1,13,1821,0,0,23,60749.39,147045,164,79,0,0
1295356,1,13,1786,0,0,23,60749.39,147045,164,79,0,0
1295457,1,12,1785,0,0,23,60749.39,147045,164,79,0,0
1295561,1,12,1736,0,0,23,60749.39,147045,164,79,0,0
1295698,1,12,1717,0,0,23,60749.39,147045,164,79,0,0
1295806,1,12,1679,0,0,23,60749.39,147045,164,79,0,0
1295923,1,11,1652,0,0,23,60749.39,147045,164,79,0,0
1296007,1,11,1627,0,0,23,60749.39,147045,164,79,0,0
1296156,1,11,1583,0,0,23,60749.39,147045,164,78,0,0
1296256,1,11,1547,0,0,23,60749.39,147045,164,78,0,0
1296357,1,11,1520,0,0,23,60749.39,147045,164,78,0,0
1296498,1,11,1485,0,0,23,60749.39,147045,164,78,0,0
1296606,1,10,1450,0,0,23,60749.39,147045,164,78,0,0
1296723,1,10,1417,0,0,23,60749.39,147045,164,78,0,0
1296823,1,10,1414,0,0,23,60749.39,147045,164,78,0,0
1296957,1,10,1348,0,0,23,60750.41,147045,164,78,0,0
1297073,1,9,1315,0,0,23,60750.41,147045,164,78,0,0
1297168,1,9,1281,0,0,23,60750.41,147045,164,78,0,0
1297306,1,9,1278,0,0,23,60750.41,147045,164,78,0,0
1297423,1,9,1247,1,0,23,60750.41,147045,164,78,0,0
1297523,1,9,1216,4,0,23,60750.41,147045,164,78,0,0
1297656,1,8,1279,5,0,23,60750.41,147045,164,78,0,0
1297756,1,8,1279,12,0,23,60750.41,147045,164,78,0,0
1297856,1,8,1152,15,0,23,60750.41,147045,164,78,0,0
1297998,1,8,1059,24,0,23,60750.41,147045,164,78,0,0
1298106,1,8,1098,25,0,23,60750.41,147045,164,78,0,0
1298223,1,8,1169,26,0,23,60750.41,147045,164,78,0,0
1298323,1,8,1206,26,0,23,60750.41,147045,164,78,0,0
1298456,1,8,1276,28,0,23,60750.41,147045,164,78,0,0
1298559,1,8,1284,40,0,23,60750.41,147045,164,78,0,0
1298668,1,9,1267,42,0,23,60750.41,147045,164,78,0,0
1298806,1,9,1363,51,0,23,60750.41,147045,164,78,0,0
1298923,1,9,1381,51,0,23,60750.41,147045,164,78,0,0
1299023,1,10,1423,52,0,23,60750.41,147045,164,78,0,0
1299156,1,10,1492,55,0,23,60751.45,147045,164,78,0,0
1299256,1,10,1585,56,0,23,60751.45,147045,164,78,0,0
1299356,1,11,1674,60,0,23,60751.45,147045,164,78,0,0
1299498,1,11,1748,65,0,23,60751.45,147045,164,78,0,0
1299606,1,12,1712,67,0,23,60751.45,147045,164,78,0,0
1299723,1,12,1763,71,0,23,60751.45,147045,164,78,0,0
1299823,1,13,1872,75,0,23,60751.45,147045,164,78,0,0
1299956,1,13,1979,75,0,23,60751.45,147045,164,78,0,0
1300048,1,14,2000,75,0,23,60751.45,147045,164,78,0,0
1300168,1,14,2109,75,0,23,60752.46,147045,164,78,0,0
1300306,1,15,2186,71,0,23,60752.46,147045,164,78,0,0
1300423,1,16,2257,40,0,23,60752.46,147045,164,78,0,0
1300538,1,16,2249,0,0,23,60752.46,147045,164,78,0,0
1300656,1,16,2149,0,0,23,60752.46,147045,164,78,0,0
1300756,1,16,2066,0,0,23,60752.46,147045,164,78,0,0
1300856,1,16,1963,0,0,23,60752.46,147045,164,78,0,0
1300998,1,16,1896,8,0,23,60752.46,147045,164,78,0,0
1301106,1,16,1764,34,0,23,60752.46,147045,164,78,0,0
1301224,1,17,1478,72,0,23,60752.46,147045,164,78,0,0
1301323,1,17,1190,97,0,23,60752.46,147045,164,78,0,0
1301456,1,17,1356,113,0,23,60753.46,147045,164,78,0,0
1301557,1,17,1395,113,0,23,60753.46,147045,164,78,0,0
1301669,1,18,1422,113,0,23,60753.46,147045,164,78,0,0
1301805,1,18,1488,113,0,23,60753.46,147045,164,78,0,0
1301923,1,19,1535,113,0,23,60753.46,147045,164,78,0,0
1302023,1,20,1543,110,0,23,60753.46,147045,164,78,0,0
1302156,1,20,1614,105,0,23,60754.51,147045,164,78,0,0
1302255,1,21,1662,102,0,23,60754.51,147045,164,78,0,0
1302356,1,22,1702,99,0,23,60754.51,147045,164,78,0,0
1302498,1,22,1740,91,0,23,60754.51,147045,161,78,0,0
1302608,1,23,1805,88,0,23,60755.54,147045,161,78,0,0
1302723,1,24,1851,88,0,23,60755.54,147045,161,78,0,0
1302823,1,24,1866,87,0,23,60755.54,147045,161,78,0,0
1302956,1,25,1919,87,0,23,60755.54,147045,161,78,0,0
1303070,1,25,1946,87,0,23,60755.54,147045,161,78,0,0
1303169,1,25,1970,87,0,23,60755.54,147045,161,78,0,0
1303305,1,26,2032,87,0,23,60756.57,147045,161,78,0,0
1303498,1,27,2079,87,0,23,60756.57,147045,161,78,0,0
1303607,1,27,2102,87,0,23,60756.57,147045,161,78,0,0
1303723,1,28,2142,86,0,23,60756.57,147045,161,78,0,0
1303851,1,28,2149,70,0,23,60756.57,147045,161,78,0,0
1303955,1,28,2121,0,0,23,60757.63,147045,161,78,0,0
1304068,1,28,2093,0,0,23,60757.63,147045,161,78,0,0
1304198,1,28,2077,0,0,23,60757.63,147045,161,78,0,0
1304305,1,29,1867,0,0,23,60757.63,147045,161,78,0,0
1304423,1,28,1728,0,0,23,60757.63,147045,161,78,0,0
1304506,1,28,1660,0,0,23,60757.63,147045,161,78,0,0
1304655,1,28,1611,0,0,23,60757.63,147045,161,78,0,0
1304756,1,28,1557,3,0,23,60757.63,147045,161,78,0,0
1304856,1,28,1548,23,0,23,60757.63,147045,161,78,0,0
1305005,1,28,1529,59,0,23,60757.63,147045,161,78,0,0
1305106,1,28,1539,66,0,23,60757.63,147045,161,78,0,0
1305223,1,28,1534,66,0,23,60757.63,147045,161,78,0,0
1305350,1,28,1535,66,0,23,60757.63,147045,161,78,0,0
1305457,1,29,1537,66,0,23,60757.63,147045,161,78,0,0
1305548,1,29,1565,66,0,23,60757.63,147045,161,78,0,0
1305697,1,29,1540,66,0,23,60758.66,147045,161,78,0,0
1305807,1,29,1571,64,0,23,60758.66,147045,161,78,0,0
1305923,1,29,1572,64,0,23,60758.66,147045,161,78,0,0
1306005,1,29,1572,59,0,23,60758.66,147045,161,78,0,0
1306155,1,30,1570,50,0,23,60758.66,147045,161,78,0,0
1306256,1,30,1621,45,0,23,60758.66,147045,161,78,0,0
1306355,1,30,1617,42,0,23,60758.66,147045,161,78,0,0
1306503,1,30,1626,21,0,23,60758.66,147045,161,78,0,0
1306606,1,30,1629,15,0,23,60758.66,147045,161,78,0,0
1306723,1,30,1611,13,0,23,60759.67,147045,161,78,0,0
1306823,1,30,1630,12,0,23,60759.67,147045,161,78,0,0
1306956,1,30,1629,10,0,23,60759.67,147045,161,78,0,0
1307067,1,30,1630,9,0,23,60759.67,147045,161,78,0,0
1307198,1,30,1602,7,0,23,60759.67,147045,161,78,0,0
1307306,1,30,1598,6,0,23,60759.67,147045,161,78,0,0
1307423,1,30,1597,6,0,23,60759.67,147045,161,78,0,0
1307537,1,30,1594,6,0,23,60759.67,147045,161,78,0,0
1307655,1,30,1593,6,0,23,60759.67,147045,161,78,0,0
1307756,1,30,1593,6,0,23,60759.67,147045,161,78,0,0
1307858,1,29,1594,6,0,23,60759.67,147045,161,78,0,0
1307998,1,29,1594,12,0,23,60759.67,147045,161,78,0,0
1308106,1,29,1590,16,0,23,60759.67,147045,161,78,0,0
1308223,1,29,1562,19,0,23,60759.67,147045,161,78,0,0
1308323,1,29,1545,20,0,23,60759.67,147045,161,78,0,0
1308457,1,29,1553,20,0,23,60759.67,147045,161,78,0,0
1308579,1,29,1553,20,0,23,60759.67,147045,161,78,0,0
1308669,1,29,1553,20,0,23,60759.67,147045,161,78,0,0
1308805,1,29,1553,20,0,23,60760.70,147045,161,78,0,0
1308922,1,29,1553,20,0,23,60760.70,147045,161,78,0,0
1309005,1,29,1553,20,0,23,60760.70,147045,161,78,0,0
1309155,1,29,1549,15,0,23,60760.70,147045,161,78,0,0
1309256,1,29,1548,8,0,23,60760.70,147045,161,78,0,0
1309355,1,29,1545,7,0,23,60760.70,147045,161,78,0,0
1309498,1,29,1561,7,0,23,60760.70,147045,161,78,0,0
1309606,1,29,1518,7,0,23,60760.70,147045,161,78,0,0
1309732,1,29,1517,7,0,23,60760.70,147045,161,78,0,0
1309823,1,28,1517,7,0,23,60760.70,147045,161,78,0,0
1309956,1,28,1517,8,0,23,60760.70,147045,161,78,0,0
1310023,1,28,1517,8,0,23,60760.70,147045,161,78,0,0
1310169,1,28,1518,9,0,23,60760.70,147045,161,78,0,0
1310306,1,28,1523,9,0,23,60760.70,147045,161,78,0,0
1310420,1,28,1492,10,0,23,60760.70,147045,161,78,0,0
1310537,1,28,1492,11,0,23,60760.70,147045,161,78,0,0
1310647,1,28,1490,11,0,23,60760.70,147045,161,78,0,0
1310756,1,28,1490,13,0,23,60760.70,147045,161,78,0,0
1310855,1,28,1490,16,0,23,60760.70,147045,161,78,0,0
1310997,1,28,1492,21,0,23,60760.70,147045,161,78,0,0
1311107,1,28,1478,22,0,23,60761.70,147045,161,78,0,0
1311222,1,28,1482,22,0,23,60761.70,147045,161,78,0,0
1311323,1,28,1483,22,0,23,60761.70,147045,161,78,0,0
1311456,1,28,1484,22,0,23,60761.70,147045,161,78,0,0
1311537,1,28,1453,19,0,23,60761.70,147045,161,78,0,0
1311669,1,27,1453,13,0,23,60761.70,147045,161,78,0,0
1311806,1,27,1470,6,0,23,60761.70,147045,161,78,0,0
1311917,1,27,1460,5,0,23,60761.70,147045,161,78,0,0
1312006,1,27,1452,5,0,23,60761.70,147045,161,78,0,0
1312147,1,27,1448,3,0,23,60761.70,147045,161,78,0,0
1312255,1,27,1446,1,0,23,60761.70,147045,161,78,0,0
1312358,1,27,1410,1,0,23,60761.70,147045,161,78,0,0
1312497,1,27,1409,0,0,23,60761.70,147045,161,78,0,0
1312607,1,27,1439,0,0,23,60761.70,147045,161,78,0,0
1312722,1,26,1437,0,0,23,60761.70,147045,161,78,0,0
1312822,1,26,1436,0,0,23,60761.70,147045,161,78,0,0
1312958,1,26,1404,0,0,23,60761.70,147045,161,78,0,0
1313063,1,26,1402,0,0,23,60761.70,147045,161,78,0,0
1313169,1,26,1401,0,0,23,60761.70,147045,161,78,0,0
1313298,1,26,1369,0,0,23,60761.70,147045,161,78,0,0
1313419,1,26,1368,0,0,23,60761.70,147045,161,78,0,0
1313522,1,25,1368,0,0,23,60761.70,147045,161,78,0,0
1313648,1,25,1368,0,0,23,60761.70,147045,161,78,0,0
1313755,1,25,1335,0,0,23,60761.70,147045,161,78,0,0
1313884,1,25,1334,0,0,23,60761.70,147045,161,78,0,0
1313997,1,25,1335,0,0,23,60762.71,147045,161,78,0,0
1314106,1,25,1333,0,0,23,60762.71,147045,161,78,0,0
1314222,1,24,1301,0,0,23,60762.71,147045,161,78,0,0
1314322,1,24,1301,0,0,23,60762.71,147045,161,78,0,0
1314448,1,24,1269,0,0,23,60762.71,147045,161,78,0,0
1314537,1,24,1268,0,0,23,60762.71,147045,161,78,0,0
1314668,1,24,1268,0,0,23,60762.71,147045,161,78,0,0
1314805,1,24,1268,0,0,23,60762.71,147045,161,78,0,0
1314922,1,23,1235,0,0,23,60762.71,147045,161,78,0,0
1315038,1,23,1235,0,0,23,60762.71,147045,161,78,0,0
1315147,1,23,1234,0,0,23,60762.71,147045,161,78,0,0
1315255,1,23,1232,0,0,23,60762.71,147045,161,78,0,0
1315358,1,23,1199,0,0,23,60762.71,147045,161,78,0,0
1315497,1,22,1199,0,0,23,60762.71,147045,161,78,0,0
1315607,1,22,1199,0,0,23,60762.71,147045,161,78,0,0
1315722,1,22,1166,0,0,23,60762.71,147045,161,78,0,0
1315822,1,22,1166,0,0,23,60762.71,147045,161,78,0,0
1315958,1,22,1165,0,0,23,60762.71,147045,161,78,0,0
1316061,1,22,1165,0,0,23,60762.71,147045,161,78,0,0
1316169,1,21,1132,0,12,23,60762.71,147045,161,78,0,0
1316305,1,21,1132,0,12,23,60762.71,147045,161,78,0,0
1316423,1,21,1132,0,8,23,60762.71,147045,161,78,0,0
1316537,1,21,1102,0,6,23,60762.71,147045,161,78,0,0
1316647,1,21,1102,0,6,23,60762.71,147045,161,78,0,0
1316758,1,21,1103,0,6,23,60762.71,147045,161,78,0,0
1316858,1,20,1073,0,8,23,60762.71,147045,161,78,0,0
1316997,1,20,1073,0,10,23,60762.71,147045,161,78,0,0
1317106,1,20,1039,0,10,23,60762.71,147045,161,78,0,0
1317222,1,20,1046,0,10,23,60762.71,147045,161,78,0,0
1317322,1,20,1054,0,10,23,60762.71,147045,161,78,0,0
1317458,1,20,1059,0,10,23,60762.71,147045,161,78,0,0
1317573,1,20,1055,0,10,23,60762.71,147045,161,78,0,0
1317669,1,20,1048,0,10,23,60762.71,147045,161,78,0,0
1317805,1,19,1045,0,10,23,60762.71,147045,161,78,0,0
1317917,1,19,1045,0,12,23,60762.71,147045,161,78,0,0
1318022,1,19,1078,0,14,23,60763.71,147045,161,78,0,0
1318147,1,19,1046,0,24,23,60763.71,147045,161,78,0,0
1318258,1,19,1047,0,26,23,60763.71,147045,161,78,0,0
1318358,1,19,1078,0,26,23,60763.71,147045,161,78,0,0
1318497,1,19,1078,0,30,23,60763.71,147045,161,78,0,0
1318607,1,18,1045,0,34,23,60763.71,147045,161,78,0,0
1318722,1,18,1045,0,38,23,60763.71,147045,161,79,0,0
1318822,1,17,1077,0,42,23,60763.71,147045,161,79,0,0
1318958,1,17,1045,0,56,23,60763.71,147045,161,79,0,0
1319059,1,17,1077,0,60,23,60763.71,147045,161,79,0,0
1319168,1,16,1077,0,64,23,60763.71,147045,161,79,0,0
1319306,1,16,1048,0,64,23,60763.71,147045,161,79,0,0
1319422,1,14,1080,0,68,23,60763.71,147045,161,79,0,0
1319537,1,14,1080,0,70,23,60763.71,147045,161,79,0,0
1319647,1,13,1080,0,70,23,60763.71,147045,161,79,0,0
1319758,1,13,1081,0,70,23,60763.71,147045,161,79,0,0
1319858,1,12,1080,0,74,23,60763.71,147045,161,79,0,0
1319997,1,11,1081,0,74,23,60763.71,147045,161,79,0,0
1320106,1,11,1049,0,74,23,60763.71,147045,161,79,0,0
1320222,1,10,1049,0,74,23,60763.71,147045,161,79,0,0
1320322,1,9,1081,0,74,23,60763.71,147045,161,79,0,0
1320458,1,8,1049,0,74,23,60763.71,147045,161,79,0,0
1320547,1,8,1081,0,74,23,60763.71,147045,161,79,0,0
1320669,1,7,1049,0,74,23,60763.71,147045,161,79,0,0
1320806,1,7,1048,0,74,23,60763.71,147045,161,79,0,0
1320922,1,6,1048,0,72,23,60763.71,147045,161,79,0,0
1321006,1,6,1047,0,68,23,60763.71,147045,161,79,0,0
1321148,1,4,1047,0,64,23,60763.71,147045,161,79,0,0
1321258,1,4,1047,0,60,23,60763.71,147045,161,79,0,0
1321358,1,3,1046,0,48,23,60763.71,147045,161,79,0,0
1321497,1,3,1046,0,32,23,60763.71,147045,161,79,0,0
1321606,1,3,1013,0,30,23,60763.71,147045,161,79,0,0
1321722,1,0,981,0,30,23,60764.72,147045,161,79,0,0
1321822,1,0,949,0,28,23,60764.72,147045,161,79,0,0
1321959,1,0,915,0,14,23,60764.72,147045,161,79,0,0
1322047,1,0,883,0,4,23,60764.72,147045,161,79,0,0
1322169,1,0,849,0,8,23,60764.72,147045,161,79,0,0
1322306,1,0,849,0,8,23,60764.72,147045,161,79,0,0
1322422,1,0,848,0,8,23,60764.72,147045,161,79,0,0
1322522,1,0,849,0,10,23,60764.72,147045,161,79,0,0
1322648,1,0,848,0,10,23,60764.72,147045,161,79,0,0
1322758,1,0,847,0,8,23,60764.72,147045,161,79,0,0
1322858,1,0,847,0,10,23,60764.72,147045,161,79,0,0
1322958,1,0,847,0,0,23,60764.72,147045,161,79,0,0
1323106,1,0,847,0,0,23,60764.72,147045,161,79,0,0
1323222,1,0,847,7,0,23,60764.72,147045,161,79,0,0
1323322,1,0,882,16,0,23,60764.72,147045,161,79,0,0
1323458,1,0,1136,20,0,23,60764.72,147045,161,79,0,0
1323570,1,0,1360,22,0,23,60764.72,147045,161,79,0,0
1323668,1,0,1454,23,0,23,60764.72,147045,161,79,0,0
1323798,1,0,1532,23,0,23,60764.72,147045,161,79,0,0
1323922,1,0,1556,23,0,23,60764.72,147045,161,79,0,0
1324007,1,0,1585,23,0,23,60765.79,147045,161,79,0,0
1324148,1,4,1566,23,0,23,60765.79,147045,161,79,0,0
1324258,1,4,1541,22,0,23,60765.79,147045,161,79,0,0
1324358,1,5,1510,21,0,23,60765.79,147045,161,79,0,0
1324497,1,6,1475,21,0,23,60765.79,147045,161,79,0,0
1324606,1,7,1487,21,0,23,60765.79,147045,161,79,0,0
1324722,1,9,1448,21,0,23,60766.79,147045,161,79,0,0
1324822,1,10,1470,21,0,23,60766.79,147045,161,79,0,0
1324957,1,10,1523,23,0,23,60766.79,147045,161,79,0,0
1325047,1,11,1547,32,0,23,60766.79,147045,161,79,0,0
1325168,1,11,1674,32,0,23,60766.79,147045,161,79,0,0
1325306,1,12,1778,53,0,23,60766.79,147045,161,79,0,0
1325419,1,12,1807,59,0,23,60766.79,147045,161,79,0,0
1325522,1,13,1873,60,0,23,60767.82,147045,161,79,0,0
1325647,1,13,1944,60,0,23,60767.82,147045,161,79,0,0
1325758,1,14,1987,60,0,23,60767.82,147045,161,79,0,0
1325858,1,14,2051,60,0,23,60767.82,147045,161,79,0,0
1325997,1,14,2106,60,0,23,60767.82,147045,161,80,0,0
1326106,1,15,2193,60,0,23,60767.82,147045,161,80,0,0
1326223,1,15,2209,55,0,23,60767.82,147045,161,80,0,0
1326322,1,16,2248,23,0,23,60767.82,147045,161,80,0,0
1326459,1,16,2161,0,0,23,60768.87,147045,161,80,0,0
1326568,1,16,2106,0,0,23,60768.87,147045,161,80,0,0
1326668,1,16,2043,0,0,23,60768.87,147045,161,80,0,0
1326797,1,16,1915,0,0,23,60768.87,147045,161,80,0,0
1326917,1,16,1809,0,0,23,60768.87,147045,161,80,0,0
1327022,1,16,1763,0,0,23,60768.87,147045,161,80,0,0
1327147,1,16,1753,0,0,23,60768.87,147045,161,80,0,0
1327258,1,16,1653,3,0,23,60768.87,147045,161,80,0,0
1327357,1,16,1522,20,0,23,60768.87,147045,161,80,0,0
1327497,1,16,1297,33,0,23,60768.87,147045,161,80,0,0
1327606,1,16,1266,43,0,23,60768.87,147045,161,80,0,0
1327722,1,16,1300,45,0,23,60768.87,147045,161,80,0,0
1327822,1,16,1235,46,0,23,60768.87,147045,161,80,0,0
1327947,1,16,1300,47,0,23,60768.87,147045,161,80,0,0
1328047,1,17,1304,48,0,23,60768.87,147045,161,80,0,0
1328168,1,17,1336,48,0,23,60768.87,147045,161,80,0,0
1328297,1,17,1339,28,0,23,60769.90,147045,161,80,0,0
1328408,1,17,1331,26,0,23,60769.90,147045,161,80,0,0
1328506,1,17,1344,26,0,23,60769.90,147045,161,80,0,0
1328647,1,18,1373,26,0,23,60769.90,147045,161,80,0,0
1328759,1,18,1371,26,0,23,60769.90,147045,161,80,0,0
1328858,1,18,1398,26,0,23,60769.90,147045,161,80,0,0
1328997,1,18,1398,26,0,23,60769.90,147045,161,80,0,0
1329107,1,18,1398,26,0,23,60769.90,147045,161,80,0,0
1329222,1,18,1399,26,0,23,60769.90,147045,161,80,0,0
1329322,1,18,1399,26,0,23,60769.90,147045,161,80,0,0
1329448,1,18,1400,26,0,23,60769.90,147045,161,80,0,0
1329566,1,18,1432,22,0,23,60769.90,147045,161,80,0,0
1329668,1,18,1396,0,0,23,60769.90,147045,161,80,0,0
1329797,1,18,1378,0,0,23,60769.90,147045,161,80,0,0
1329917,1,18,1316,0,16,23,60769.90,147045,161,80,0,0
1330022,1,18,1343,0,52,23,60769.90,147045,161,80,0,0
1330147,1,18,1308,0,68,23,60770.90,147045,161,80,0,0
1330258,1,17,1245,0,90,23,60770.90,147045,161,80,0,0
1330358,1,17,1244,0,108,23,60770.90,147045,161,80,0,0
1330460,1,16,1211,0,112,23,60770.90,147045,161,80,0,0
1330606,1,15,1208,0,114,23,60770.90,147045,161,80,0,0
1330722,1,14,1176,0,114,23,60770.90,147045,161,80,0,0
1330822,1,13,1176,0,122,23,60770.90,147045,161,80,0,0
1330948,1,12,1175,0,124,23,60770.90,147045,161,80,0,0
1331007,1,12,1175,0,124,23,60770.90,147045,161,80,0,0
1331168,1,10,1143,0,124,23,60770.90,147045,161,80,0,0
1331296,1,9,1142,0,122,23,60770.90,147045,161,80,0,0
1331410,1,8,1142,0,126,23,60770.90,147045,161,80,0,0
1331507,1,8,1109,0,128,23,60770.90,147045,161,80,0,0
1331647,1,6,1109,0,128,23,60770.90,147045,161,80,0,0
1331758,1,5,1077,0,122,23,60770.90,147045,161,80,0,0
1331857,1,4,1077,0,112,23,60770.90,147045,161,80,0,0
1331957,1,3,1077,0,104,23,60770.90,147045,161,80,0,0
1332106,1,2,1045,0,96,23,60770.90,147045,161,80,0,0
1332222,1,0,981,0,92,23,60770.90,147045,161,80,0,0
1332322,1,0,948,0,86,23,60770.90,147045,161,80,0,0
1332447,1,0,913,0,74,23,60770.90,147045,158,80,0,0
1332547,1,0,881,0,66,23,60770.90,147045,158,80,0,0
1332668,1,0,849,0,66,23,60770.90,147045,158,80,0,0
1332797,1,0,848,0,64,23,60770.90,147045,158,80,0,0
1332923,1,0,847,0,64,23,60770.90,147045,158,80,0,0
1333036,1,0,847,0,64,23,60770.90,147045,158,80,0,0
1333157,1,0,815,0,64,23,60770.90,147045,158,80,0,0
1333258,1,0,847,0,64,23,60770.90,147045,158,80,0,0
1333358,1,0,847,0,64,23,60770.90,147045,158,80,0,0
1333498,1,0,847,0,64,23,60770.90,147045,158,80,0,0
1333615,1,0,848,0,64,23,60770.90,147045,158,80,0,0
1333722,1,0,847,0,64,23,60770.90,147045,158,80,0,0
1333850,1,0,847,0,64,23,60770.90,147045,158,80,0,0
1333959,1,0,847,0,64,23,60770.90,147045,158,80,0,0
1334075,1,0,847,0,64,23,60771.91,147045,158,80,0,0
1334197,1,0,847,0,64,23,60771.91,147045,158,80,0,0
1334308,1,0,847,0,64,23,60771.91,147045,158,80,0,0
1334421,1,0,848,0,64,23,60771.91,147045,158,80,0,0
1334537,1,0,847,0,64,23,60771.91,147045,158,80,0,0
1334658,1,0,848,0,64,23,60771.91,147045,158,80,0,0
1334758,1,0,817,0,62,23,60771.91,147045,158,80,0,0
1334858,1,0,849,0,64,23,60771.91,147045,158,80,0,0
1334997,1,0,848,0,62,23,60771.91,147045,158,80,0,0
1335110,1,0,848,0,62,23,60771.91,147045,158,80,0,0
1335222,1,0,847,0,64,23,60771.91,147045,158,80,0,0
1335322,1,0,847,0,62,23,60771.91,147045,158,80,0,0
1335459,1,0,816,0,62,23,60771.91,147045,158,80,0,0
1335562,1,0,848,0,62,23,60771.91,147045,158,80,0,0
1335668,1,0,848,0,62,23,60771.91,147045,158,80,0,0
1335807,1,0,849,0,62,23,60771.91,147045,158,80,0,0
1335922,1,0,849,0,62,23,60771.91,147045,158,80,0,0
1336022,1,0,849,0,62,23,60771.91,147045,158,80,0,0
1336147,1,0,849,0,62,23,60771.91,147045,158,80,0,0
1336259,1,0,849,0,62,23,60771.91,147045,158,80,0,0
1336357,1,0,849,0,62,23,60771.91,147045,158,80,0,0
1336496,1,0,849,0,62,23,60771.91,147045,158,80,0,0
1336609,1,0,849,0,62,23,60771.91,147045,158,80,0,0
1336722,1,0,849,0,62,23,60771.91,147045,158,80,0,0
1336822,1,0,849,0,62,23,60771.91,147045,158,80,0,0
1336957,1,0,850,0,62,23,60771.91,147045,158,80,0,0
1337009,1,0,851,0,62,23,60771.91,147045,158,80,0,0
1337171,1,0,851,0,62,23,60771.91,147045,158,80,0,0
1337296,1,0,851,0,62,23,60771.91,147045,158,80,0,0
1337410,1,0,851,0,62,23,60771.91,147045,158,80,0,0
1337522,1,0,852,0,62,23,60771.91,147045,158,80,0,0
1337622,1,0,852,0,62,23,60771.91,147045,158,80,0,0
1337758,1,0,853,0,62,23,60771.91,147045,158,80,0,0
1337859,1,0,852,0,62,23,60771.91,147045,158,80,0,0
1337958,1,0,852,0,62,23,60771.91,147045,158,80,0,0
1338102,1,0,852,0,62,23,60771.91,147045,158,81,0,0
1338209,1,0,852,0,62,23,60772.92,147045,158,81,0,0
1338322,1,0,852,0,62,23,60772.92,147045,158,81,0,0
1338446,1,0,852,0,62,23,60772.92,147045,158,81,0,0
1338560,1,0,851,0,60,23,60772.92,147045,158,81,0,0
1338672,1,0,851,0,0,23,60772.92,147045,158,81,0,0
1338787,1,0,851,0,0,23,60772.92,147045,158,81,0,0
1338897,1,0,849,0,0,23,60772.92,147045,158,81,0,0
1339022,1,0,849,0,0,23,60772.92,147045,158,81,0,0
1339122,1,0,889,8,0,23,60772.92,147045,158,81,0,0
1339247,1,0,910,11,0,23,60772.92,147045,158,81,0,0
1339359,1,0,1274,13,0,23,60772.92,147045,158,81,0,0
1339461,1,0,1505,13,0,23,60772.92,147045,158,81,0,0
1339585,1,0,1633,13,0,23,60772.92,147045,158,81,0,0
1339709,1,0,1643,13,0,23,60772.92,147045,158,81,0,0
1339822,1,3,1606,13,0,23,60773.97,147045,158,81,0,0
1339922,1,3,1573,13,0,23,60773.97,147045,158,81,0,0
1340022,1,4,1590,14,0,23,60773.97,147045,158,81,0,0
1340171,1,5,1545,14,0,23,60773.97,147045,158,81,0,0
1340286,1,6,1522,14,0,23,60773.97,147045,158,81,0,0
1340396,1,7,1501,15,0,23,60773.97,147045,158,81,0,0
1340509,1,8,1411,19,0,23,60774.98,147045,158,81,0,0
1340622,1,10,1411,19,0,23,60774.98,147045,158,81,0,0
1340746,1,10,1464,30,0,23,60774.98,147045,158,81,0,0
1340859,1,11,1601,41,0,23,60774.98,147045,158,81,0,0
1340959,1,11,1711,48,0,23,60774.98,147045,158,81,0,0
1341071,1,12,1782,53,0,23,60774.98,147045,158,81,0,0
1341209,1,12,1863,56,0,23,60774.98,147045,158,81,0,0
1341321,1,13,1920,56,0,23,60776.01,147045,158,81,0,0
1341437,1,14,2013,39,0,23,60776.01,147045,158,81,0,0
1341522,1,14,2004,0,0,23,60776.01,147045,158,81,0,0
1341671,1,14,1911,0,0,23,60776.01,147045,158,81,0,0
1341786,1,14,1813,0,0,23,60776.01,147045,158,81,0,0
1341897,1,14,1710,0,0,23,60776.01,147045,158,81,0,0
1342009,1,14,1687,0,0,23,60776.01,147045,158,81,0,0
1342122,1,14,1623,0,0,23,60776.01,147045,158,81,0,0
1342246,1,14,1549,7,0,23,60776.01,147045,158,81,0,0
1342359,1,15,1196,29,0,23,60776.01,147045,158,81,0,0
1342460,1,15,1074,57,0,23,60776.01,147045,158,81,0,0
1342583,1,15,1263,71,0,23,60776.01,147045,158,81,0,0
1342696,1,15,1195,76,0,23,60776.01,147045,158,81,0,0
1342810,1,16,1279,75,0,23,60776.01,147045,158,81,0,0
1342922,1,16,1252,72,0,23,60777.04,147045,158,81,0,0
1343009,1,16,1290,61,0,23,60777.04,147045,158,81,0,0
1343160,1,17,1315,52,0,23,60777.04,147045,158,81,0,0
1343259,1,17,1349,49,0,23,60777.04,147045,158,81,0,0
1343359,1,18,1356,45,0,23,60777.04,147045,158,81,0,0
1343496,1,18,1401,44,0,23,60777.04,147045,158,81,0,0
1343621,1,18,1391,43,0,23,60777.04,147045,158,81,0,0
1343722,1,18,1424,43,0,23,60777.04,147045,158,81,0,0
1343849,1,19,1428,43,0,23,60777.04,147045,158,81,0,0
1343959,1,19,1464,43,0,23,60777.04,147045,158,81,0,0
1344069,1,19,1466,43,0,23,60778.07,147045,158,81,0,0
1344196,1,19,1501,43,0,23,60778.07,147045,158,81,0,0
1344321,1,19,1533,43,0,23,60778.07,147045,158,81,0,0
1344459,1,20,1532,43,0,23,60778.07,147045,158,81,0,0
1344509,1,20,1530,43,0,23,60778.07,147045,158,81,0,0
1344670,1,20,1563,43,0,23,60778.07,147045,158,81,0,0
1344796,1,20,1563,43,0,23,60778.07,147045,158,81,0,0
1344919,1,20,1568,41,0,23,60778.07,147045,158,81,0,0
1345021,1,21,1575,39,0,23,60778.07,147045,158,81,0,0
1345146,1,21,1576,33,0,23,60778.07,147045,158,81,0,0
1345259,1,21,1574,25,0,23,60778.07,147045,158,81,0,0
1345359,1,21,1586,15,0,23,60779.07,147045,158,81,0,0
1345496,1,21,1625,0,0,23,60779.07,147045,158,81,0,0
1345609,1,21,1617,0,0,23,60779.07,147045,158,81,0,0
1345721,1,21,1576,0,0,23,60779.07,147045,158,81,0,0
1345821,1,21,1577,0,0,23,60779.07,147045,158,81,0,0
1345946,1,21,1577,0,0,23,60779.07,147045,158,81,0,0
1346068,1,21,1577,0,0,23,60779.07,147045,158,81,0,0
1346171,1,21,1576,0,0,23,60779.07,147045,158,81,0,0
1346296,1,21,1574,0,0,23,60779.07,147045,158,81,0,0
1346410,1,20,1557,0,0,23,60779.07,147045,158,81,0,0
1346521,1,20,1548,0,0,23,60779.07,147045,158,81,0,0
1346621,1,20,1530,0,0,23,60779.07,147045,158,81,0,0
1346759,1,20,1511,0,0,23,60779.07,147045,158,81,0,0
1346859,1,20,1498,0,0,23,60779.07,147045,158,81,0,0
1346959,1,20,1524,0,0,23,60779.07,147045,158,81,0,0
1347102,1,19,1492,0,0,23,60779.07,147045,158,81,0,0
1347209,1,19,1476,0,0,23,60779.07,147045,158,81,0,0
1347321,1,19,1457,0,0,23,60779.07,147045,158,81,0,0
1347437,1,19,1457,0,0,23,60779.07,147045,158,81,0,0
1347521,1,19,1444,0,0,23,60779.07,147045,158,81,0,0
1347671,1,19,1413,0,0,23,60779.07,147045,158,81,0,0
1347787,1,19,1444,0,0,23,60779.07,147045,158,81,0,0
1347896,1,19,1412,0,0,23,60779.07,147045,158,81,0,0
1348022,1,18,1411,0,0,23,60779.07,147045,158,81,0,0
1348121,1,18,1410,0,0,23,60779.07,147045,158,81,0,0
1348247,1,18,1377,0,0,23,60779.07,147045,158,81,0,0
1348358,1,18,1377,0,0,23,60779.07,147045,158,81,0,0
1348459,1,17,1408,0,0,23,60779.07,147045,158,81,0,0
1348546,1,18,1439,0,0,23,60779.07,147045,158,81,0,0
1348708,1,18,1311,0,0,23,60780.09,147045,158,81,0,0
1348821,1,17,1341,0,0,23,60780.09,147045,158,81,0,0
1348921,1,17,1309,18,0,23,60780.09,147045,158,81,0,0
1349046,1,16,1308,21,0,23,60780.09,147045,158,81,0,0
1349170,1,16,1250,21,0,23,60780.09,147045,158,81,0,0
1349286,1,17,1357,40,0,23,60780.09,147045,158,81,0,0
1349396,1,17,1403,59,0,23,60780.09,147045,158,81,0,0
1349509,1,17,1377,59,0,23,60780.09,147045,158,81,0,0
1349621,1,18,1365,58,0,23,60780.09,147045,158,81,0,0
1349721,1,18,1345,58,0,23,60780.09,147045,158,81,0,0
1349858,1,18,1402,58,0,23,60780.09,147045,158,81,0,0
1349959,1,18,1395,58,0,23,60780.09,147045,158,81,0,0
1350091,1,18,1426,58,0,23,60780.09,147045,158,81,0,0
1350196,1,19,1458,57,0,23,60780.09,147045,158,81,0,0
1350308,1,19,1491,57,0,23,60781.11,147045,158,81,0,0
1350421,1,19,1492,57,0,23,60781.11,147045,158,81,0,0
1350536,1,19,1492,56,0,23,60781.11,147045,158,81,0,0
1350663,1,20,1524,56,0,23,60781.11,147045,158,81,0,0
1350758,1,20,1522,54,0,23,60781.11,147045,158,81,0,0
1350896,1,20,1553,54,0,23,60781.11,147045,158,81,0,0
1351009,1,20,1553,53,0,23,60781.11,147045,158,81,0,0
1351121,1,20,1589,53,0,23,60781.11,147045,158,81,0,0
1351221,1,21,1592,53,0,23,60781.11,147045,158,81,0,0
1351349,1,21,1626,53,0,23,60781.11,147045,158,81,0,0
1351459,1,21,1628,53,0,23,60782.12,147045,158,81,0,0
1351578,1,21,1662,53,0,23,60782.12,147045,158,81,0,0
1351696,1,21,1661,52,0,23,60782.12,147045,158,81,0,0
1351808,1,22,1688,52,0,23,60782.12,147045,158,81,0,0
1351922,1,22,1687,51,0,23,60782.12,147045,158,81,0,0
1352037,1,22,1717,51,0,23,60782.12,147045,158,81,0,0
1352162,1,22,1716,49,0,23,60782.12,147045,158,81,0,0
1352259,1,22,1719,49,0,23,60782.12,147045,158,81,0,0
1352358,1,22,1750,49,0,23,60782.12,147045,158,81,0,0
1352496,1,23,1749,46,0,23,60782.12,147045,158,81,0,0
1352609,1,23,1750,46,0,23,60783.15,147045,158,81,0,0
1352721,1,23,1780,46,0,23,60783.15,147045,158,81,0,0
1352821,1,23,1772,46,0,23,60783.15,147045,158,81,0,0
1352958,1,23,1769,45,0,23,60783.15,147045,158,81,0,0
1353021,1,23,1801,45,0,23,60783.15,147045,158,81,0,0
1353170,1,23,1803,45,0,23,60783.15,147045,158,81,0,0
1353308,1,24,1808,44,0,23,60783.15,147045,158,81,0,0
1353424,1,24,1841,43,0,23,60783.15,147045,158,81,0,0
1353536,1,24,1841,43,0,23,60783.15,147045,158,81,0,0
1353646,1,24,1842,42,0,23,60783.15,147045,158,81,0,0
1353759,1,24,1842,41,0,23,60784.18,147045,158,81,0,0
1353858,1,24,1869,38,0,23,60784.18,147045,158,81,0,0
1353996,1,24,1861,35,0,23,60784.18,147045,158,81,0,0
1354115,1,24,1857,35,0,23,60784.18,147045,158,81,0,0
1354221,1,24,1878,31,0,23,60784.18,147045,158,81,0,0
1354321,1,24,1879,31,0,23,60784.18,147045,158,81,0,0
1354459,1,25,1877,29,0,23,60784.18,147045,158,81,0,0
1354576,1,25,1907,24,0,23,60784.18,147045,158,81,0,0
1354669,1,25,1875,8,0,23,60784.18,147045,158,81,0,0
1354796,1,25,1868,0,0,23,60784.18,147045,158,81,0,0
1354917,1,25,1857,0,0,23,60784.18,147045,158,81,0,0
1355021,1,24,1884,0,0,23,60784.18,147045,158,81,0,0
1355146,1,24,1849,0,0,23,60784.18,147045,158,81,0,0
1355258,1,24,1847,0,0,23,60784.18,147045,158,81,0,0
1355358,1,24,1845,0,0,23,60784.18,147045,158,81,0,0
1355496,1,24,1847,0,0,23,60785.19,147045,158,81,0,0
1355608,1,24,1814,0,0,23,60785.19,147045,158,81,0,0
1355721,1,24,1795,0,0,23,60785.19,147045,158,81,0,0
1355821,1,23,1768,0,0,23,60785.19,147045,158,81,0,0
1355946,1,23,1768,0,0,23,60785.19,147045,158,81,0,0
1356046,1,23,1755,0,0,23,60785.19,147045,158,81,0,0
1356168,1,23,1787,0,0,23,60785.19,147045,158,81,0,0
1356297,1,23,1741,0,0,23,60785.19,147045,158,81,0,0
1356411,1,23,1711,0,0,23,60785.19,147045,158,81,0,0
1356521,1,22,1709,0,0,23,60785.19,147045,158,81,0,0
1356621,1,22,1690,0,0,23,60785.19,147045,158,81,0,0
1356758,1,22,1678,0,0,23,60785.19,147045,158,81,0,0
1356858,1,22,1689,0,0,23,60785.19,147045,158,81,0,0
1356958,1,22,1643,0,0,23,60785.19,147045,158,81,0,0
1357101,1,22,1646,0,0,23,60785.19,147045,158,81,0,0
1357208,1,21,1600,0,0,23,60785.19,147045,158,81,0,0
1357321,1,21,1600,0,0,23,60785.19,147045,158,81,0,0
1357446,1,21,1568,0,0,23,60785.19,147045,158,81,0,0
1357521,1,21,1568,0,0,23,60785.19,147045,158,81,0,0
1357667,1,21,1568,0,0,23,60785.19,147045,158,81,0,0
1357795,1,20,1536,0,0,23,60785.19,147045,158,81,0,0
1357910,1,20,1536,0,0,23,60785.19,147045,158,81,0,0
1358023,1,20,1504,2,0,23,60785.19,147045,158,81,0,0
1358121,1,20,1538,5,0,23,60785.19,147045,158,81,0,0
1358246,1,20,1508,8,0,23,60785.19,147045,158,81,0,0
1358358,1,20,1533,10,0,23,60785.19,147045,158,81,0,0
1358459,1,20,1527,12,0,23,60785.19,147045,158,81,0,0
1358573,1,20,1525,13,0,23,60785.19,147045,158,81,0,0
1358708,1,20,1560,14,0,23,60785.19,147045,158,81,0,0
1358822,1,20,1530,14,0,23,60785.19,147045,158,81,0,0
1358921,1,20,1533,14,0,23,60785.19,147045,158,81,0,0
1359036,1,20,1534,14,0,23,60785.19,147045,158,81,0,0
1359169,1,20,1505,14,0,23,60785.19,147045,158,81,0,0
1359286,1,20,1505,14,0,23,60785.19,147045,158,81,0,0
1359396,1,20,1505,14,0,23,60785.19,147045,158,81,0,0
1359508,1,20,1506,14,0,23,60785.19,147045,158,81,0,0
1359621,1,20,1506,14,0,23,60785.19,147045,158,81,0,0
1359745,1,20,1506,14,0,23,60785.19,147045,158,81,0,0
1359858,1,20,1506,14,0,23,60786.20,147045,158,81,0,0
1359958,1,20,1506,14,0,23,60786.20,147045,158,81,0,0
1360046,1,20,1506,14,0,23,60786.20,147045,158,81,0,0
1360196,1,20,1508,14,0,23,60786.20,147045,158,81,0,0
1360320,1,20,1509,14,0,23,60786.20,147045,158,81,0,0
1360436,1,20,1542,14,0,23,60786.20,147045,158,81,0,0
1360546,1,20,1510,14,0,23,60786.20,147045,158,81,0,0
1360660,1,20,1541,14,0,23,60786.20,147045,158,81,0,0
1360758,1,20,1540,14,0,23,60786.20,147045,158,81,0,0
1360895,1,20,1540,14,0,23,60786.20,147045,158,81,0,0
1361008,1,20,1541,14,0,23,60786.20,147045,158,81,0,0
1361121,1,20,1542,14,0,23,60786.20,147045,158,81,0,0
1361221,1,20,1542,14,0,23,60786.20,147045,158,81,0,0
1361349,1,20,1537,14,0,23,60786.20,147045,158,81,0,0
1361459,1,20,1537,14,0,23,60786.20,147045,158,81,0,0
1361536,1,20,1536,14,0,23,60786.20,147045,158,81,0,0
1361696,1,20,1566,14,0,23,60786.20,147045,158,81,0,0
1361808,1,20,1565,14,0,23,60786.20,147045,158,81,0,0
1361921,1,20,1564,14,0,23,60786.20,147045,158,81,0,0
1362036,1,20,1564,14,0,23,60787.22,147045,158,81,0,0
1362146,1,20,1564,14,0,23,60787.22,147045,158,81,0,0
1362258,1,20,1564,14,0,23,60787.22,147045,158,81,0,0
1362358,1,20,1564,14,0,23,60787.22,147045,158,81,0,0
1362496,1,20,1564,14,0,23,60787.22,147045,155,81,0,0
1362620,1,20,1564,15,0,23,60787.22,147045,155,81,0,0
1362721,1,20,1564,16,0,23,60787.22,147045,155,81,0,0
1362849,1,20,1596,17,0,23,60787.22,147045,155,81,0,0
1362958,1,20,1597,16,0,23,60787.22,147045,155,81,0,0
1363046,1,20,1538,0,0,23,60787.22,147045,155,81,0,0
1363196,1,20,1566,0,0,23,60787.22,147045,155,81,0,0
1363308,1,20,1513,0,0,23,60787.22,147045,155,81,0,0
1363422,1,20,1477,0,0,23,60787.22,147045,155,81,0,0
1363521,1,20,1509,0,0,23,60787.22,147045,155,81,0,0
1363660,1,20,1508,0,0,23,60787.22,147045,155,81,0,0
1363758,1,20,1476,0,0,23,60787.22,147045,155,81,0,0
1363858,1,19,1475,0,0,23,60787.22,147045,155,81,0,0
1363996,1,19,1472,0,0,23,60787.22,147045,155,81,0,0
1364108,1,19,1471,0,0,23,60787.22,147045,155,81,0,0
1364221,1,19,1470,0,0,23,60787.22,147045,155,81,0,0
1364348,1,19,1469,0,0,23,60787.22,147045,155,81,0,0
1364459,1,19,1437,0,0,23,60787.22,147045,155,81,0,0
1364569,1,19,1436,0,0,23,60787.22,147045,155,81,0,0
1364696,1,18,1436,0,0,23,60788.23,147045,155,81,0,0
1364808,1,18,1404,0,0,23,60788.23,147045,155,81,0,0
1364921,1,18,1403,0,0,23,60788.23,147045,155,81,0,0
1365021,1,18,1404,0,0,23,60788.23,147045,155,81,0,0
1365148,1,18,1371,0,28,23,60788.23,147045,155,81,0,0
1365258,1,18,1371,0,22,23,60788.23,147045,155,81,0,0
1365358,1,17,1338,0,24,23,60788.23,147045,155,81,0,0
1365496,1,17,1307,0,30,23,60788.23,147045,155,81,0,0
1365558,1,17,1307,0,30,23,60788.23,147045,155,81,0,0
1365721,1,16,1273,0,32,23,60788.23,147045,155,81,0,0
1365821,1,16,1240,0,32,23,60788.23,147045,155,81,0,0
1365958,1,16,1206,0,0,23,60788.23,147045,155,81,0,0
1366021,1,16,1205,0,0,23,60788.23,147045,155,81,0,0
1366167,1,15,1173,0,0,23,60788.23,147045,155,81,0,0
1366296,1,15,1172,0,0,23,60788.23,147045,155,81,0,0
1366418,1,15,1171,2,0,23,60788.23,147045,155,81,0,0
1366521,1,15,1170,23,0,23,60788.23,147045,155,81,0,0
1366646,1,15,1172,51,0,23,60788.23,147045,155,81,0,0
1366759,1,15,1212,63,0,23,60788.23,147045,155,81,0,0
1366858,1,15,1165,69,0,23,60788.23,147045,155,81,0,0
1366959,1,15,1173,69,0,23,60788.23,147045,155,81,0,0
1367108,1,15,1205,69,0,23,60788.23,147045,155,81,0,0
1367221,1,15,1204,69,0,23,60788.23,147045,155,81,0,0
1367321,1,16,1202,69,0,23,60788.23,147045,155,81,0,0
1367446,1,16,1231,69,0,23,60789.25,147045,155,81,0,0
1367568,1,16,1264,69,0,23,60789.25,147045,155,81,0,0
1367667,1,16,1297,69,0,23,60789.25,147045,155,81,0,0
1367795,1,17,1298,67,0,23,60789.25,147045,155,81,0,0
1367909,1,17,1333,67,0,23,60789.25,147045,155,81,0,0
1368020,1,17,1364,67,0,23,60789.25,147045,155,81,0,0
1368121,1,18,1366,65,0,23,60789.25,147045,155,81,0,0
1368246,1,18,1401,64,0,23,60789.25,147045,155,81,0,0
1368358,1,18,1434,64,0,23,60789.25,147045,155,81,0,0
1368459,1,19,1466,63,0,23,60789.25,147045,155,81,0,0
1368559,1,19,1463,62,0,23,60790.26,147045,155,81,0,0
1368708,1,19,1498,61,0,23,60790.26,147045,155,81,0,0
1368822,1,19,1497,61,0,23,60790.26,147045,155,81,0,0
1368945,1,20,1528,61,0,23,60790.26,147045,155,81,0,0
1369036,1,20,1562,61,0,23,60790.26,147045,155,81,0,0
1369167,1,20,1595,61,0,23,60790.26,147045,155,81,0,0
1369286,1,20,1572,60,0,23,60790.26,147045,155,81,0,0
1369395,1,21,1606,59,0,23,60790.26,147045,155,81,0,0
1369508,1,21,1642,59,0,23,60790.26,147045,155,81,0,0
1369620,1,21,1642,59,0,23,60791.29,147045,155,81,0,0
1369746,1,22,1674,59,0,23,60791.29,147045,155,81,0,0
1369858,1,22,1674,59,0,23,60791.29,147045,155,81,0,0
1369958,1,22,1706,58,0,23,60791.29,147045,155,81,0,0
1370101,1,22,1707,53,0,23,60791.29,147045,155,81,0,0
1370209,1,22,1742,52,0,23,60791.29,147045,155,81,0,0
1370320,1,23,1736,51,0,23,60791.29,147045,155,81,0,0
1370436,1,23,1790,50,0,23,60791.29,147045,155,81,0,0
1370545,1,23,1782,50,0,23,60791.29,147045,155,81,0,0
1370667,1,23,1814,48,0,23,60792.30,147045,155,81,0,0
1370786,1,23,1811,47,0,23,60792.30,147045,155,81,0,0
1370895,1,24,1808,44,0,23,60792.30,147045,155,81,0,0
1371008,1,24,1842,42,0,23,60792.30,147045,155,81,0,0
1371123,1,24,1836,42,0,23,60792.30,147045,155,81,0,0
1371245,1,24,1832,30,0,23,60792.30,147045,155,81,0,0
1371358,1,24,1849,14,0,23,60792.30,147045,155,81,0,0
1371459,1,24,1834,0,0,23,60792.30,147045,155,81,0,0
1371545,1,24,1838,0,0,23,60792.30,147045,155,81,0,0
1371708,1,24,1850,0,0,23,60792.30,147045,155,81,0,0
1371820,1,24,1849,0,0,23,60792.30,147045,155,81,0,0
1371920,1,24,1849,0,0,23,60792.30,147045,155,81,0,0
1372036,1,24,1848,0,0,23,60792.30,147045,155,81,0,0
1372166,1,24,1849,0,0,23,60792.30,147045,155,81,0,0
1372285,1,24,1816,0,0,23,60792.30,147045,155,81,0,0
1372409,1,24,1813,0,0,23,60793.32,147045,155,81,0,0
1372513,1,24,1781,0,0,23,60793.32,147045,155,81,0,0
1372620,1,23,1768,0,0,23,60793.32,147045,155,81,0,0
1372746,1,23,1768,0,0,23,60793.32,147045,155,81,0,0
1372858,1,23,1741,0,0,23,60793.32,147045,155,81,0,0
1372958,1,23,1755,0,0,23,60793.32,147045,155,81,0,0
1373077,1,23,1711,0,0,23,60793.32,147045,155,81,0,0
1373208,1,23,1722,0,0,23,60793.32,147045,155,81,0,0
1373321,1,22,1708,0,0,23,60793.32,147045,155,81,0,0
1373446,1,22,1722,0,4,23,60793.32,147045,155,81,0,0
1373558,1,22,1678,0,6,23,60793.32,147045,155,81,0,0
1373667,1,22,1688,0,4,23,60793.32,147045,155,81,0,0
1373785,1,22,1646,0,4,23,60793.32,147045,155,81,0,0
1373909,1,22,1643,0,6,23,60793.32,147045,155,81,0,0
1374008,1,21,1600,0,6,23,60793.32,147045,155,81,0,0
1374120,1,21,1600,0,6,23,60793.32,147045,155,81,0,0
1374245,1,21,1600,0,6,23,60793.32,147045,155,81,0,0
1374359,1,21,1568,0,6,23,60793.32,147045,155,81,0,0
1374460,1,21,1568,0,6,23,60793.32,147045,155,81,0,0
1374601,1,20,1536,0,6,23,60793.32,147045,155,81,0,0
1374708,1,20,1504,0,6,23,60793.32,147045,155,81,0,0
1374820,1,20,1504,0,6,23,60793.32,147045,155,81,0,0
1374945,1,20,1504,0,0,23,60793.32,147045,155,81,0,0
1375035,1,19,1472,0,0,23,60793.32,147045,155,81,0,0
1375167,1,19,1472,0,0,23,60793.32,147045,155,81,0,0
1375285,1,19,1440,0,0,23,60793.32,147045,155,81,0,0
1375409,1,19,1440,0,0,23,60793.32,147045,155,81,0,0
1375508,1,19,1408,0,0,23,60793.32,147045,155,81,0,0
1375620,1,18,1408,0,0,23,60793.32,147045,155,81,0,0
1375745,1,18,1376,5,0,23,60793.32,147045,155,81,0,0
1375858,1,18,1408,14,0,23,60793.32,147045,155,81,0,0
1375958,1,18,1424,16,0,23,60793.32,147045,155,81,0,0
1376101,1,18,1436,18,0,23,60793.32,147045,155,81,0,0
1376209,1,18,1379,18,0,23,60793.32,147045,155,81,0,0
1376320,1,18,1380,18,0,23,60793.32,147045,155,81,0,0
1376445,1,18,1404,18,0,23,60793.32,147045,155,81,0,0
1376520,1,18,1438,18,0,23,60793.32,147045,155,81,0,0
1376666,1,18,1376,11,0,23,60793.32,147045,155,81,0,0
1376795,1,18,1376,0,0,23,60793.32,147045,155,81,0,0
1376909,1,18,1392,0,0,23,60793.32,147045,155,81,0,0
1377009,1,18,1351,0,0,23,60793.32,147045,155,81,0,0
1377120,1,18,1347,0,0,23,60793.32,147045,155,81,0,0
1377245,1,18,1375,0,0,23,60793.32,147045,155,81,0,0
1377358,1,18,1406,0,0,23,60793.32,147045,155,81,0,0
1377458,1,18,1373,0,0,23,60793.32,147045,155,81,0,0
1377601,1,18,1372,0,0,23,60793.32,147045,155,81,0,0
1377709,1,18,1372,0,0,23,60793.32,147045,155,81,0,0
1377820,1,17,1340,0,0,23,60793.32,147045,155,81,0,0
1377946,1,17,1339,0,10,23,60793.32,147045,155,81,0,0
1378035,1,17,1339,0,10,23,60794.33,147045,155,81,0,0
1378166,1,17,1307,0,10,23,60794.33,147045,155,81,0,0
1378295,1,17,1306,0,14,23,60794.33,147045,155,81,0,0
1378409,1,17,1305,0,16,23,60794.33,147045,155,81,0,0
1378509,1,17,1272,0,18,23,60794.33,147045,155,81,0,0
1378620,1,16,1272,0,16,23,60794.33,147045,155,81,0,0
1378745,1,16,1272,0,16,23,60794.33,147045,155,81,0,0
1378869,1,16,1240,0,18,23,60794.33,147045,155,81,0,0
1378958,1,16,1206,0,18,23,60794.33,147045,155,81,0,0
1379101,1,16,1173,0,18,23,60794.33,147045,155,81,0,0
1379209,1,16,1139,0,18,23,60794.33,147045,155,81,0,0
1379320,1,15,1109,0,24,23,60794.33,147045,155,81,0,0
1379445,1,15,1111,0,32,23,60794.33,147045,155,81,0,0
1379545,1,15,1117,0,32,23,60794.33,147045,155,81,0,0
1379666,1,15,1090,0,32,23,60794.33,147045,155,81,0,0
1379795,1,14,1058,0,34,23,60794.33,147045,155,81,0,0
1379909,1,14,1085,0,32,23,60794.33,147045,155,81,0,0
1380009,1,14,1084,0,32,23,60794.33,147045,155,81,0,0
1380123,1,14,1080,0,32,23,60794.33,147045,155,81,0,0
1380258,1,13,1080,0,32,23,60794.33,147045,155,81,0,0
1380358,1,13,1081,0,32,23,60794.33,147045,155,81,0,0
1380459,1,13,1082,0,32,23,60794.33,147045,155,81,0,0
1380601,1,13,1083,0,30,23,60794.33,147045,155,81,0,0
1380720,1,12,1084,0,30,23,60794.33,147045,155,81,0,0
1380820,1,12,1084,0,32,23,60794.33,147045,155,81,0,0
1380945,1,12,1053,0,32,23,60794.33,147045,155,81,0,0
1381022,1,12,1086,0,32,23,60794.33,147045,155,81,0,0
1381166,1,12,1087,0,16,23,60794.33,147045,155,81,0,0
1381295,1,11,1087,0,2,23,60794.33,147045,155,81,0,0
1381412,1,11,1087,0,0,23,60794.33,147045,155,81,0,0
1381509,1,11,1056,0,2,23,60795.34,147045,155,81,0,0
1381620,1,11,1056,0,0,23,60795.34,147045,155,81,0,0
1381745,1,11,1057,0,2,23,60795.34,147045,155,81,0,0
1381859,1,11,1057,0,12,23,60795.34,147045,155,81,0,0
1381959,1,10,1057,0,10,23,60795.34,147045,155,81,0,0
1382101,1,10,1057,0,10,23,60795.34,147045,155,81,0,0
1382209,1,10,1056,0,10,23,60795.34,147045,155,81,0,0
1382320,1,9,1087,0,10,23,60795.34,147045,155,81,0,0
1382445,1,9,1087,0,26,23,60795.34,147045,155,81,0,0
1382545,1,9,1087,0,32,23,60795.34,147045,155,81,0,0
1382666,1,8,1087,0,44,23,60795.34,147045,155,81,0,0
1382795,1,8,1087,0,58,23,60795.34,147045,155,81,0,0
1382909,1,7,1053,0,56,23,60795.34,147045,155,81,0,0
1383028,1,6,1053,0,2,23,60795.34,147045,155,81,0,0
1383120,1,5,1052,0,14,23,60795.34,147045,155,81,0,0
1383259,1,5,1052,0,54,23,60795.34,147045,155,81,0,0
1383359,1,4,1052,0,66,23,60795.34,147045,155,81,0,0
1383460,1,4,1052,0,64,23,60795.34,147045,155,81,0,0
1383583,1,3,1052,0,34,23,60795.34,147045,155,81,0,0
1383720,1,0,1019,0,8,23,60795.34,147045,155,81,0,0
1383820,1,0,987,0,16,23,60795.34,147045,155,81,0,0
1383945,1,0,955,0,32,23,60795.34,147045,155,81,0,0
1384045,1,0,921,0,32,23,60795.34,147045,155,81,0,0
1384167,1,0,856,0,32,23,60795.34,147045,155,81,0,0
1384295,1,0,855,0,32,23,60795.34,147045,155,81,0,0
1384412,1,0,853,0,0,23,60795.34,147045,155,81,0,0
1384523,1,0,853,0,0,23,60795.34,147045,155,81,0,0
1384645,1,0,853,0,0,23,60795.34,147045,155,81,0,1
1384759,1,0,853,0,0,23,60795.34,147045,155,81,0,1
1384864,1,0,887,0,0,23,60795.34,147045,155,81,0,1
1384959,1,0,967,0,0,23,60796.34,147045,155,81,0,1
1385101,1,0,1159,0,0,23,60796.34,147045,155,81,0,1
1385220,1,0,1153,0,0,23,60796.34,147045,155,81,0,1
1385320,1,0,1138,0,0,23,60796.34,147045,155,81,0,1
1385445,1,0,1212,0,0,23,60796.34,147045,155,81,0,1
1385545,1,0,1234,0,0,23,60796.34,147045,155,81,0,1
1385667,1,0,1183,0,0,23,60796.34,147045,155,81,0,1
1385795,1,0,1096,0,0,23,60796.34,147045,155,81,0,1
1385915,1,0,1028,0,0,23,60796.34,147045,155,81,0,1
1386026,1,2,1069,0,0,23,60796.34,147045,155,81,0,1
1386220,1,3,1179,0,0,23,60796.34,147045,155,81,0,1
1386320,1,3,1165,0,0,23,60796.34,147045,155,81,0,1
1386459,1,3,1181,0,0,23,60797.36,147045,155,81,0,1
1386545,1,3,1138,0,0,23,60797.36,147045,155,81,0,1
1386667,1,3,1065,0,0,23,60797.36,147045,155,81,0,1
1386795,1,3,993,0,0,23,60797.36,147045,155,81,0,1
1386920,1,3,986,0,0,23,60797.36,147045,155,81,0,1
1387036,1,3,991,0,0,23,60797.36,147045,155,81,0,1
1387145,1,3,995,0,0,23,60797.36,147045,155,81,0,1
1387259,1,4,999,0,0,23,60797.36,147045,155,81,0,1
1387359,1,4,1085,0,0,23,60797.36,147045,155,81,0,1
1387495,1,4,1071,0,0,23,60797.36,147045,155,81,0,1
1387609,1,4,1069,0,0,23,60797.36,147045,155,81,0,1
1387720,1,4,1061,0,0,23,60797.36,147045,155,81,0,1
1387820,1,4,1025,0,0,23,60797.36,147045,155,81,0,1
1387959,1,4,1054,0,0,23,60797.36,147045,155,81,0,1
1388045,1,4,1054,0,0,23,60797.36,147045,155,81,0,1
1388167,1,3,993,0,0,23,60797.36,147045,155,81,0,1
1388309,1,3,994,0,0,23,60797.36,147045,155,81,0,1
1388420,1,3,1029,0,0,23,60797.36,147045,155,81,0,1
1388534,1,3,1033,0,0,23,60797.36,147045,155,81,0,1
1388645,1,3,1039,0,0,23,60797.36,147045,155,81,0,1
1388759,1,3,1069,0,0,23,60798.37,147045,155,81,0,1
1388859,1,3,1064,0,0,23,60798.37,147045,155,81,0,1
1388995,1,3,1064,0,0,23,60798.37,147045,155,81,0,1
1389062,1,3,1064,0,0,23,60798.37,147045,155,81,0,1
1389220,1,3,1063,0,0,23,60798.37,147045,155,81,0,1
1389320,1,3,1065,0,0,23,60798.37,147045,155,81,0,1
1389460,1,3,1067,0,0,23,60798.37,147045,155,81,0,1
1389535,1,3,1075,0,0,23,60798.37,147045,155,81,0,1
1389666,1,3,1042,0,0,23,60798.37,147045,155,81,0,1
1389795,1,3,1006,0,0,23,60798.37,147045,155,81,0,1
1389920,1,3,998,0,0,23,60798.37,147045,155,81,0,1
1390022,1,3,997,0,0,23,60798.37,147045,155,81,0,1
1390145,1,3,966,0,0,23,60798.37,147045,155,81,0,1
1390259,1,3,973,0,0,23,60798.37,147045,155,81,0,1
1390359,1,3,971,0,0,23,60798.37,147045,155,81,0,1
1390460,1,3,965,0,0,23,60798.37,147045,155,81,0,1
1390609,1,3,949,0,0,23,60798.37,147045,155,81,0,1
1390720,1,2,913,0,0,23,60798.37,147045,155,81,0,1
1390820,1,2,871,0,0,23,60799.38,147045,155,81,0,1
1390945,1,0,868,0,0,23,60799.38,147045,155,81,0,1
1391045,1,0,931,0,0,23,60799.38,147045,155,81,0,1
1391166,1,0,1105,0,0,23,60799.38,147045,155,81,0,1
1391295,1,0,1182,0,0,23,60799.38,147045,155,81,0,1
1391412,1,0,1113,0,0,23,60799.38,147045,155,81,0,1
1391525,1,0,1097,0,0,23,60799.38,147045,155,81,0,1
1391644,1,0,1062,0,0,23,60799.38,147045,155,81,0,1
1391759,1,0,1034,0,0,23,60799.38,147045,155,81,0,1
1391859,1,0,1034,0,0,23,60799.38,147045,155,81,0,1
1391959,1,0,1034,0,0,23,60799.38,147045,155,81,0,1
1392101,1,0,1002,0,0,23,60799.38,147045,155,81,0,1
1392220,1,0,1004,0,0,23,60799.38,147045,155,81,0,1
1392320,1,0,1010,0,0,23,60799.38,147045,155,81,0,1
1392450,1,0,1009,0,0,23,60799.38,147045,152,81,0,1
1392535,1,0,973,0,0,23,60799.38,147045,152,81,0,1
1392667,1,0,973,0,0,23,60799.38,147045,152,81,0,1
1392795,1,0,971,0,0,23,60800.38,147045,152,81,0,1
1392914,1,0,1003,0,0,23,60800.38,147045,152,81,0,1
1393022,1,0,1003,0,0,23,60800.38,147045,152,81,0,1
1393145,1,0,1003,0,0,23,60800.38,147045,152,81,0,1
1393259,1,0,938,0,0,23,60800.38,147045,152,81,0,1
1393371,1,0,896,0,0,23,60800.38,147045,152,81,0,1
1393459,1,0,882,0,0,23,60800.38,147045,152,81,0,1
1393601,1,0,909,0,0,23,60800.38,147045,152,81,0,1
1393709,1,0,867,0,0,23,60800.38,147045,152,81,0,1
1393820,1,0,890,0,0,23,60800.38,147045,152,81,0,0
1393945,1,0,859,0,0,23,60800.38,147045,152,81,0,0
1394045,1,0,856,0,0,23,60800.38,147045,152,81,0,0
1394167,1,0,854,0,0,23,60800.38,147045,152,81,0,0
1394295,1,0,854,0,0,23,60800.38,147045,152,81,0,0
1394411,1,0,924,0,0,23,60800.38,147045,152,81,0,0
1394520,1,0,1014,0,0,23,60800.38,147045,152,81,0,0
1394627,1,0,1255,0,0,23,60800.38,147045,152,81,0,0
1394745,1,0,1401,0,0,23,60800.38,147045,152,81,0,0
1394859,1,0,1340,0,0,23,60800.38,147045,152,81,0,0
1394960,1,0,1200,0,0,23,60801.41,147045,152,81,0,0
1395101,1,0,1064,0,0,23,60801.41,147045,152,81,0,0
1395210,1,0,1050,0,0,23,60801.41,147045,152,81,0,0
1395320,1,3,1055,0,0,23,60801.41,147045,152,81,0,0
1395445,1,3,1036,0,0,23,60801.41,147045,152,81,0,0
1395535,1,4,1038,0,0,23,60801.41,147045,152,81,0,0
1395667,1,5,975,0,0,23,60801.41,147045,152,81,0,0
1395795,1,5,969,0,0,23,60801.41,147045,152,81,0,0
1395909,1,6,997,0,0,23,60801.41,147045,152,81,0,0
1396021,1,7,1064,6,0,23,60802.42,147045,152,81,0,0
1396120,1,8,1128,6,0,23,60802.42,147045,152,81,0,0
1396245,1,8,1276,29,0,23,60802.42,147045,152,81,0,0
1396360,1,9,1347,41,0,23,60802.42,147045,152,81,0,0
1396460,1,9,1448,59,0,23,60802.42,147045,152,81,0,0
1396560,1,10,1516,67,0,23,60802.42,147045,152,81,0,0
1396719,1,11,1654,68,0,23,60802.42,147045,152,81,0,0
1396820,1,12,1754,60,0,23,60802.42,147045,152,81,0,0
1396945,1,12,1801,51,0,23,60802.42,147045,152,81,0,0
1397035,1,13,1862,42,0,23,60803.48,147045,152,81,0,0
1397167,1,13,1914,42,0,23,60803.48,147045,152,81,0,0
1397295,1,14,1818,0,0,23,60803.48,147045,152,81,0,0
1397412,1,14,1722,0,0,23,60803.48,147045,152,81,0,0
1397523,1,14,1649,0,0,23,60803.48,147045,152,81,0,0
1397644,1,13,1617,0,0,23,60803.48,147045,152,81,0,0
1397759,1,13,1522,0,0,23,60803.48,147045,152,81,0,0
1397859,1,13,1389,0,0,23,60803.48,147045,152,81,0,0
1397960,1,14,1198,0,0,23,60803.48,147045,152,81,0,0
1398100,1,14,1044,20,0,23,60803.48,147045,152,81,0,0
1398219,1,14,1092,34,0,23,60803.48,147045,152,81,0,0
1398321,1,14,1094,39,0,23,60803.48,147045,152,81,0,0
1398445,1,14,1089,43,0,23,60803.48,147045,152,81,0,0
1398535,1,14,1123,43,0,23,60803.48,147045,152,81,0,0
1398667,1,15,1144,43,0,23,60804.49,147045,152,81,0,0
1398794,1,15,1170,49,0,23,60804.49,147045,152,81,0,0
1398910,1,15,1167,51,0,23,60804.49,147045,152,82,0,0
1399019,1,15,1201,52,0,23,60804.49,147045,152,82,0,0
1399121,1,15,1209,52,0,23,60804.49,147045,152,82,0,0
1399244,1,16,1243,56,0,23,60804.49,147045,152,82,0,0
1399362,1,16,1244,56,0,23,60804.49,147045,152,82,0,0
1399459,1,16,1277,56,0,23,60804.49,147045,152,82,0,0
1399600,1,16,1280,57,0,23,60804.49,147045,152,82,0,0
1399710,1,17,1282,57,0,23,60804.49,147045,152,82,0,0
1399821,1,17,1314,57,0,23,60804.49,147045,152,82,0,0
1399944,1,17,1316,57,0,23,60805.51,147045,152,82,0,0
1400034,1,17,1347,57,0,23,60805.51,147045,152,82,0,0
1400170,1,18,1380,57,0,23,60805.51,147045,152,82,0,0
1400294,1,18,1382,56,0,23,60805.51,147045,152,82,0,0
1400394,1,18,1418,55,0,23,60805.51,147045,152,82,0,0
1400519,1,19,1420,55,0,23,60805.51,147045,152,82,0,0
1400621,1,19,1451,55,0,23,60805.51,147045,152,82,0,0
1400744,1,19,1449,55,0,23,60805.51,147045,152,82,0,0
1400863,1,19,1480,55,0,23,60805.51,147045,152,82,0,0
1400962,1,19,1512,53,0,23,60805.51,147045,152,82,0,0
1401100,1,20,1515,53,0,23,60805.51,147045,152,82,0,0
1401219,1,20,1548,53,0,23,60806.54,147045,152,82,0,0
1401321,1,20,1548,53,0,23,60806.54,147045,152,82,0,0
1401446,1,20,1581,51,0,23,60806.54,147045,152,82,0,0
1401544,1,21,1581,50,0,23,60806.54,147045,152,82,0,0
1401667,1,21,1611,50,0,23,60806.54,147045,152,82,0,0
1401794,1,21,1611,47,0,23,60806.54,147045,152,82,0,0
1401894,1,21,1643,46,0,23,60806.54,147045,152,82,0,0
1402019,1,21,1640,45,0,23,60806.54,147045,152,82,0,0
1402119,1,22,1672,44,0,23,60806.54,147045,152,82,0,0
1402244,1,22,1672,43,0,23,60806.54,147045,152,82,0,0
1402363,1,22,1664,41,0,23,60806.54,147045,152,82,0,0
1402462,1,22,1692,39,0,23,60807.57,147045,152,82,0,0
1402600,1,22,1719,39,0,23,60807.57,147045,152,82,0,0
1402712,1,22,1709,38,0,23,60807.57,147045,152,82,0,0
1402821,1,22,1708,37,0,23,60807.57,147045,152,82,0,0
1402944,1,22,1710,34,0,23,60807.57,147045,152,82,0,0
1403044,1,23,1709,31,0,23,60807.57,147045,152,82,0,0
1403170,1,23,1740,30,0,23,60807.57,147045,152,82,0,0
1403294,1,23,1732,19,0,23,60807.57,147045,152,82,0,0
1403412,1,23,1758,7,0,23,60807.57,147045,152,82,0,0
1403519,1,23,1706,0,0,23,60807.57,147045,152,82,0,0
1403644,1,23,1713,0,0,23,60807.57,147045,152,82,0,0
1403744,1,23,1709,0,0,23,60807.57,147045,152,82,0,0
1403847,1,23,1677,0,0,23,60807.57,147045,152,82,0,0
1403962,1,22,1708,0,0,23,60807.57,147045,152,82,0,0
1404034,1,22,1708,0,0,23,60807.57,147045,152,82,0,0
1404212,1,22,1677,0,0,23,60807.57,147045,152,82,0,0
1404321,1,22,1663,0,0,23,60808.59,147045,152,82,0,0
1404445,1,22,1659,1,0,23,60808.59,147045,152,82,0,0
1404544,1,21,1649,2,0,23,60808.59,147045,152,82,0,0
1404670,1,21,1657,3,0,23,60808.59,147045,152,82,0,0
1404784,1,21,1610,3,0,23,60808.59,147045,152,82,0,0
1404894,1,21,1609,4,0,23,60808.59,147045,152,82,0,0
1405019,1,21,1610,4,0,23,60808.59,147045,152,82,0,0
1405121,1,21,1578,4,0,23,60808.59,147045,152,82,0,0
1405244,1,21,1609,4,0,23,60808.59,147045,152,82,0,0
1405362,1,21,1577,4,0,23,60808.59,147045,152,82,0,0
1405494,1,21,1576,5,0,23,60808.59,147045,152,82,0,0
1405562,1,21,1573,5,0,23,60808.59,147045,152,82,0,0
1405719,1,20,1540,5,0,23,60808.59,147045,152,82,0,0
1405821,1,20,1540,5,0,23,60808.59,147045,152,82,0,0
1405944,1,20,1539,5,0,23,60808.59,147045,152,82,0,0
1406034,1,20,1538,6,0,23,60808.59,147045,152,82,0,0
1406170,1,20,1537,6,0,23,60808.59,147045,152,82,0,0
1406294,1,20,1505,6,0,23,60808.59,147045,152,82,0,0
1406421,1,20,1506,6,0,23,60808.59,147045,152,82,0,0
1406534,1,20,1505,6,0,23,60808.59,147045,152,82,0,0
1406644,1,20,1506,6,0,23,60808.59,147045,152,82,0,0
1406762,1,20,1507,6,0,23,60808.59,147045,152,82,0,0
1406864,1,20,1507,6,0,23,60808.59,147045,152,82,0,0
1406994,1,20,1506,6,0,23,60808.59,147045,152,82,0,0
1407114,1,20,1507,6,0,23,60808.59,147045,152,82,0,0
1407219,1,20,1475,6,0,23,60808.59,147045,152,82,0,0
1407321,1,20,1506,6,0,23,60808.59,147045,152,82,0,0
1407446,1,20,1473,7,0,23,60809.59,147045,152,82,0,0
1407534,1,20,1473,7,0,23,60809.59,147045,152,82,0,0
1407670,1,19,1472,8,0,23,60809.59,147045,152,82,0,0
1407794,1,19,1473,8,0,23,60809.59,147045,152,82,0,0
1407917,1,19,1507,8,0,23,60809.59,147045,152,82,0,0
1408034,1,19,1507,8,0,23,60809.59,147045,152,82,0,0
1408144,1,19,1507,8,0,23,60809.59,147045,152,82,0,0
1408262,1,19,1475,8,0,23,60809.59,147045,152,82,0,0
1408363,1,19,1475,8,0,23,60809.59,147045,152,82,0,0
1408462,1,19,1475,8,0,23,60809.59,147045,152,82,0,0
1408601,1,19,1477,8,0,23,60809.59,147045,152,82,0,0
1408719,1,19,1477,9,0,23,60809.59,147045,152,82,0,0
1408820,1,19,1477,9,0,23,60809.59,147045,152,82,0,0
1408952,1,19,1479,9,0,23,60809.59,147045,152,82,0,0
1409062,1,19,1480,9,0,23,60809.59,147045,152,82,0,0
1409170,1,19,1480,9,0,23,60809.59,147045,152,82,0,0
1409294,1,19,1481,9,0,23,60809.59,147045,152,82,0,0
1409412,1,19,1481,9,0,23,60809.59,147045,152,82,0,0
1409519,1,19,1481,9,0,23,60809.59,147045,152,82,0,0
1409644,1,19,1481,9,0,23,60809.59,147045,152,82,0,0
1409744,1,19,1482,9,0,23,60809.59,147045,152,82,0,0
1409875,1,19,1480,9,0,23,60809.59,147045,152,82,0,0
1409962,1,19,1480,9,0,23,60809.59,147045,152,82,0,0
1410105,1,19,1479,9,0,23,60809.59,147045,152,82,0,0
1410219,1,19,1479,9,0,23,60809.59,147045,152,82,0,0
1410321,1,19,1480,9,0,23,60809.59,147045,152,82,0,0
1410444,1,19,1481,9,0,23,60810.60,147045,152,82,0,0
1410544,1,19,1482,9,0,23,60810.60,147045,152,82,0,0
1410670,1,19,1483,9,0,23,60810.60,147045,152,82,0,0
1410784,1,19,1484,9,0,23,60810.60,147045,152,82,0,0
1410894,1,19,1483,9,0,23,60810.60,147045,152,82,0,0
1411019,1,19,1483,9,0,23,60810.60,147045,152,82,0,0
1411119,1,19,1482,9,0,23,60810.60,147045,152,82,0,0
1411245,1,19,1480,9,0,23,60810.60,147045,152,82,0,0
1411362,1,19,1480,9,0,23,60810.60,147045,152,82,0,0
1411462,1,19,1480,9,0,23,60810.60,147045,152,82,0,0
1411591,1,19,1479,9,0,23,60810.60,147045,152,82,0,0
1411712,1,19,1479,9,0,23,60810.60,147045,152,82,0,0
1411821,1,19,1479,9,0,23,60810.60,147045,152,82,0,0
1411921,1,19,1478,9,0,23,60810.60,147045,152,82,0,0
1412019,1,19,1448,9,0,23,60810.60,147045,152,82,0,0
1412170,1,19,1481,9,0,23,60810.60,147045,152,82,0,0
1412284,1,19,1482,9,0,23,60810.60,147045,152,82,0,0
1412394,1,19,1482,9,0,23,60810.60,147045,152,82,0,0
1412512,1,19,1482,9,0,23,60810.60,147045,152,82,0,0
1412619,1,19,1482,9,0,23,60810.60,147045,152,82,0,0
1412744,1,19,1481,9,0,23,60810.60,147045,152,82,0,0
1412862,1,19,1480,9,0,23,60810.60,147045,152,82,0,0
1412962,1,19,1479,9,0,23,60810.60,147045,152,82,0,0
1413062,1,19,1479,9,0,23,60810.60,147045,152,82,0,0
1413194,1,19,1479,9,0,23,60810.60,147045,152,82,0,0
1413320,1,19,1478,9,0,23,60810.60,147045,152,82,0,0
1413434,1,19,1478,9,0,23,60811.61,147045,152,82,0,0
1413544,1,19,1446,9,0,23,60811.61,147045,152,82,0,0
1413669,1,19,1478,9,0,23,60811.61,147045,152,82,0,0
1413784,1,19,1448,9,0,23,60811.61,147045,152,82,0,0
1413895,1,19,1448,9,0,23,60811.61,147045,152,82,0,0
1414012,1,19,1481,9,0,23,60811.61,147045,152,82,0,0
1414122,1,19,1449,9,0,23,60811.61,147045,152,82,0,0
1414244,1,19,1449,9,0,23,60811.61,147045,152,82,0,0
1414347,1,19,1482,9,0,23,60811.61,147045,152,82,0,0
1414462,1,19,1482,9,0,23,60811.61,147045,152,82,0,0
1414589,1,19,1451,11,0,23,60811.61,147045,152,82,0,0
1414694,1,19,1451,12,0,23,60811.61,147045,152,82,0,0
1414820,1,19,1456,12,0,23,60811.61,147045,152,82,0,0
1414920,1,19,1456,13,0,23,60811.61,147045,152,82,0,0
1415044,1,19,1486,14,0,23,60811.61,147045,152,82,0,0
1415162,1,19,1458,14,0,23,60811.61,147045,152,82,0,0
1415262,1,19,1459,20,0,23,60811.61,147045,152,82,0,0
1415362,1,19,1461,23,0,23,60811.61,147045,152,82,0,0
1415494,1,19,1501,25,0,23,60811.61,147045,152,82,0,0
1415619,1,19,1451,26,0,23,60811.61,147045,152,82,0,0
1415719,1,19,1453,26,0,23,60811.61,147045,152,82,0,0
1415847,1,19,1453,26,0,23,60811.61,147045,152,82,0,0
1415962,1,19,1487,26,0,23,60812.62,147045,152,82,0,0
1416062,1,19,1487,26,0,23,60812.62,147045,152,82,0,0
1416194,1,19,1487,26,0,23,60812.62,147045,152,82,0,0
1416312,1,19,1488,27,0,23,60812.62,147045,152,82,0,0
1416420,1,19,1488,27,0,23,60812.62,147045,152,82,0,0
1416534,1,19,1490,27,0,23,60812.62,147045,152,82,0,0
1416644,1,19,1490,27,0,23,60812.62,147045,152,82,0,0
1416762,1,20,1523,27,0,23,60812.62,147045,152,82,0,0
1416862,1,20,1525,27,0,23,60812.62,147045,152,82,0,0
1416994,1,20,1523,27,0,23,60812.62,147045,152,82,0,0
1417111,1,20,1521,27,0,23,60812.62,147045,152,82,0,0
1417219,1,20,1520,27,0,23,60812.62,147045,152,82,0,0
1417347,1,20,1520,27,0,23,60812.62,147045,152,82,0,0
1417462,1,20,1519,27,0,23,60812.62,147045,152,82,0,0
1417544,1,20,1519,27,0,23,60812.62,147045,152,82,0,0
1417669,1,20,1555,27,0,23,60812.62,147045,152,82,0,0
1417794,1,20,1525,27,0,23,60813.64,147045,152,82,0,0
1417920,1,20,1560,27,0,23,60813.64,147045,152,82,0,0
1418034,1,20,1561,27,0,23,60813.64,147045,152,82,0,0
1418144,1,20,1561,27,0,23,60813.64,147045,152,82,0,0
1418262,1,20,1561,27,0,23,60813.64,147045,152,82,0,0
1418362,1,20,1561,27,0,23,60813.64,147045,152,82,0,0
1418495,1,20,1557,27,0,23,60813.64,147045,152,82,0,0
1418611,1,20,1555,27,0,23,60813.64,147045,152,82,0,0
1418720,1,20,1586,27,0,23,60813.64,147045,152,82,0,0
1418820,1,21,1587,27,0,23,60813.64,147045,152,82,0,0
1418944,1,20,1589,27,0,23,60813.64,147045,152,82,0,0
1419034,1,21,1589,27,0,23,60813.64,147045,152,82,0,0
1419169,1,21,1589,27,0,23,60813.64,147045,152,82,0,0
1419294,1,21,1591,27,0,23,60813.64,147045,152,82,0,0
1419417,1,21,1593,27,0,23,60813.64,147045,152,82,0,0
1419519,1,21,1594,27,0,23,60814.65,147045,152,82,0,0
1419644,1,21,1593,23,0,23,60814.65,147045,152,82,0,0
1419744,1,21,1622,18,0,23,60814.65,147045,152,82,0,0
1419862,1,21,1587,11,0,23,60814.65,147045,152,82,0,0
1419962,1,21,1574,8,0,23,60814.65,147045,152,82,0,0
1420100,1,21,1591,8,0,23,60814.65,147045,152,82,0,0
1420218,1,21,1581,8,0,23,60814.65,147045,152,82,0,0
1420320,1,21,1582,8,0,23,60814.65,147045,152,82,0,0
1420444,1,21,1580,8,0,23,60814.65,147045,152,82,0,0
1420544,1,21,1581,8,0,23,60814.65,147045,152,82,0,0
1420669,1,21,1580,8,0,23,60814.65,147045,152,82,0,0
1420794,1,20,1548,8,0,23,60814.65,147045,152,82,0,0
1420894,1,20,1547,8,0,23,60814.65,147045,152,82,0,0
1421019,1,20,1545,8,0,23,60814.65,147045,152,82,0,0
1421123,1,20,1545,8,0,23,60814.65,147045,152,82,0,0
1421244,1,20,1544,8,0,23,60814.65,147045,152,82,0,0
1421362,1,20,1543,8,0,23,60814.65,147045,152,82,0,0
1421462,1,20,1511,8,0,23,60814.65,147045,152,82,0,0
1421599,1,20,1512,8,0,23,60814.65,147045,152,82,0,0
1421719,1,20,1512,8,0,23,60814.65,147045,152,82,0,0
1421820,1,20,1512,8,0,23,60814.65,147045,152,82,0,0
1421944,1,20,1511,8,0,23,60814.65,147045,152,82,0,0
1422034,1,20,1511,8,0,23,60815.66,147045,152,82,0,0
1422169,1,20,1512,8,0,23,60815.66,147045,152,82,0,0
1422294,1,20,1479,9,0,23,60815.66,147045,152,82,0,0
1422394,1,20,1479,9,0,23,60815.66,147045,152,82,0,0
1422519,1,19,1477,9,0,23,60815.66,147045,149,82,0,0
1422619,1,19,1477,9,0,23,60815.66,147045,149,82,0,0
1422744,1,19,1477,9,0,23,60815.66,147045,149,82,0,0
1422862,1,19,1477,9,0,23,60815.66,147045,149,82,0,0
1422962,1,19,1477,9,0,23,60815.66,147045,149,82,0,0
1423062,1,19,1478,9,0,23,60815.66,147045,149,82,0,0
1423212,1,19,1478,9,0,23,60815.66,147045,149,82,0,0
1423320,1,19,1478,9,0,23,60815.66,147045,149,82,0,0
1423443,1,19,1478,9,0,23,60815.66,147045,149,82,0,0
1423544,1,19,1479,9,0,23,60815.66,147045,149,82,0,0
1423669,1,19,1479,9,0,23,60815.66,147045,149,82,0,0
1423784,1,19,1480,9,0,23,60815.66,147045,149,82,0,0
1423894,1,19,1480,9,0,23,60815.66,147045,149,82,0,0
1424019,1,19,1480,9,0,23,60815.66,147045,149,82,0,0
1424122,1,19,1480,9,0,23,60815.66,147045,149,82,0,0
1424244,1,19,1480,9,0,23,60815.66,147045,149,82,0,0
1424363,1,19,1478,9,0,23,60815.66,147045,149,82,0,0
1424462,1,19,1478,9,0,23,60815.66,147045,149,82,0,0
1424599,1,19,1478,9,0,23,60815.66,147045,149,82,0,0
1424711,1,19,1478,9,0,23,60815.66,147045,149,82,0,0
1424820,1,19,1480,9,0,23,60815.66,147045,149,82,0,0
1424944,1,19,1480,9,0,23,60816.66,147045,149,82,0,0
1425044,1,19,1480,9,0,23,60816.66,147045,149,82,0,0
1425169,1,19,1480,9,0,23,60816.66,147045,149,82,0,0
1425284,1,19,1480,9,0,23,60816.66,147045,149,82,0,0
1425394,1,19,1480,9,0,23,60816.66,147045,149,82,0,0
1425519,1,19,1480,9,0,23,60816.66,147045,149,82,0,0
1425619,1,19,1480,9,0,23,60816.66,147045,149,82,0,0
1425744,1,19,1480,9,0,23,60816.66,147045,149,82,0,0
1425862,1,19,1481,9,0,23,60816.66,147045,149,82,0,0
1425961,1,19,1481,9,0,23,60816.66,147045,149,82,0,0
1426061,1,19,1481,9,0,23,60816.66,147045,149,82,0,0
1426194,1,19,1482,9,0,23,60816.66,147045,149,82,0,0
1426321,1,19,1484,9,0,23,60816.66,147045,149,82,0,0
1426434,1,19,1484,0,0,23,60816.66,147045,149,82,0,0
1426545,1,19,1450,0,0,23,60816.66,147045,149,82,0,0
1426662,1,19,1441,0,0,23,60816.66,147045,149,82,0,0
1426761,1,19,1469,0,0,23,60816.66,147045,149,82,0,0
1426894,1,19,1501,0,0,23,60816.66,147045,149,82,0,0
1427034,1,19,1499,0,0,23,60816.66,147045,149,82,0,0
1427161,1,19,1466,0,0,23,60816.66,147045,149,82,0,0
1427261,1,19,1466,0,0,23,60816.66,147045,149,82,0,0
1427393,1,19,1467,0,0,23,60816.66,147045,149,82,0,0
1427512,1,19,1434,0,0,23,60816.66,147045,149,82,0,0
1427620,1,19,1434,0,14,23,60816.66,147045,149,82,0,0
1427718,1,19,1434,0,12,23,60816.66,147045,149,82,0,0
1427846,1,18,1433,0,10,23,60816.66,147045,149,82,0,0
1427961,1,18,1433,0,10,23,60816.66,147045,149,82,0,0
1428046,1,18,1433,0,10,23,60816.66,147045,149,82,0,0
1428195,1,18,1400,0,10,23,60817.67,147045,149,82,0,0
1428311,1,18,1398,0,12,23,60817.67,147045,149,82,0,0
1428420,1,18,1366,0,12,23,60817.67,147045,149,82,0,0
1428543,1,18,1365,0,16,23,60817.67,147045,149,82,0,0
1428661,1,18,1364,0,18,23,60817.67,147045,149,82,0,0
1428761,1,17,1332,0,18,23,60817.67,147045,149,82,0,0
1428861,1,17,1332,0,20,23,60817.67,147045,149,82,0,0
1428994,1,17,1299,0,26,23,60817.67,147045,149,82,0,0
1429119,1,17,1298,0,32,23,60817.67,147045,149,82,0,0
1429219,1,17,1264,0,36,23,60817.67,147045,149,82,0,0
1429346,1,16,1231,0,36,23,60817.67,147045,149,82,0,0
1429461,1,16,1199,0,38,23,60817.67,147045,149,82,0,0
1429561,1,16,1166,0,36,23,60817.67,147045,149,82,0,0
1429693,1,15,1164,0,36,23,60817.67,147045,149,82,0,0
1429811,1,15,1133,0,36,23,60817.67,147045,149,82,0,0
1429921,1,14,1134,0,36,23,60817.67,147045,149,82,0,0
1430033,1,14,1101,0,36,23,60817.67,147045,149,82,0,0
1430143,1,14,1102,0,36,23,60817.67,147045,149,82,0,0
1430261,1,14,1102,0,36,23,60817.67,147045,149,82,0,0
1430361,1,13,1070,0,36,23,60817.67,147045,149,82,0,0
1430493,1,13,1070,0,36,23,60817.67,147045,149,82,0,0
1430612,1,13,1073,0,34,23,60817.67,147045,149,82,0,0
1430718,1,12,1073,0,34,23,60817.67,147045,149,82,0,0
1430821,1,12,1075,0,30,23,60817.67,147045,149,82,0,0
1430943,1,12,1073,0,6,23,60817.67,147045,149,82,0,0
1431045,1,11,1075,0,8,23,60817.67,147045,149,82,0,0
1431169,1,11,1075,0,10,23,60817.67,147045,149,82,0,0
1431293,1,11,1075,0,10,23,60817.67,147045,149,82,0,0
1431423,1,11,1075,0,10,23,60817.67,147045,149,82,0,0
1431533,1,10,1075,0,12,23,60817.67,147045,149,82,0,0
1431643,1,10,1076,0,12,23,60817.67,147045,149,82,0,0
1431761,1,10,1044,0,12,23,60817.67,147045,149,82,0,0
1431847,1,10,1077,0,14,23,60817.67,147045,149,82,0,0
1431993,1,10,1077,0,12,23,60817.67,147045,149,82,0,0
1432045,1,10,1078,0,12,23,60817.67,147045,149,82,0,0
1432218,1,10,1046,0,12,23,60817.67,147045,149,82,0,0
1432320,1,10,1079,0,12,23,60818.68,147045,149,82,0,0
1432445,1,10,1081,0,10,23,60818.68,147045,149,82,0,0
1432533,1,10,1081,0,10,23,60818.68,147045,149,82,0,0
1432669,1,10,1049,0,12,23,60818.68,147045,149,82,0,0
1432793,1,10,1049,0,12,23,60818.68,147045,149,82,0,0
1432912,1,9,1081,0,12,23,60818.68,147045,149,82,0,0
1433018,1,9,1049,0,12,23,60818.68,147045,149,82,0,0
1433143,1,9,1051,0,10,23,60818.68,147045,149,82,0,0
1433243,1,9,1050,0,10,23,60818.68,147045,149,82,0,0
1433361,1,9,1051,0,10,23,60818.68,147045,149,82,0,0
1433475,1,9,1051,0,10,23,60818.68,147045,149,82,0,0
1433603,1,9,1051,0,10,23,60818.68,147045,149,82,0,0
1433718,1,8,1051,0,10,23,60818.68,147045,149,82,0,0
1433821,1,8,1051,0,10,23,60818.68,147045,149,82,0,0
1433943,1,8,1051,0,12,23,60818.68,147045,149,82,0,0
1434033,1,8,1052,0,12,23,60818.68,147045,149,82,0,0
1434169,1,8,1052,0,12,23,60818.68,147045,149,82,0,0
1434293,1,8,1052,0,12,23,60818.68,147045,149,82,0,0
1434393,1,8,1053,0,12,23,60818.68,147045,149,82,0,0
1434519,1,8,1053,0,12,23,60818.68,147045,149,82,0,0
1434618,1,7,1053,0,14,23,60818.68,147045,149,82,0,0
1434743,1,7,1053,0,14,23,60818.68,147045,149,82,0,0
1434863,1,7,1053,0,16,23,60818.68,147045,149,82,0,0
1434963,1,7,1053,0,16,23,60818.68,147045,149,82,0,0
1435099,1,7,1053,0,18,23,60818.68,147045,149,82,0,0
1435212,1,7,1053,0,20,23,60818.68,147045,149,82,0,0
1435321,1,6,1053,0,24,23,60818.68,147045,149,82,0,0
1435434,1,6,1053,0,28,23,60818.68,147045,149,82,0,0
1435543,1,6,1053,0,36,23,60818.68,147045,149,82,0,0
1435670,1,6,1052,0,36,23,60818.68,147045,149,82,0,0
1435783,1,5,1052,0,36,23,60818.68,147045,149,82,0,0
1435893,1,5,1052,0,36,23,60819.68,147045,149,82,0,0
1436018,1,4,1052,0,36,23,60819.68,147045,149,82,0,0
1436118,1,4,1052,0,38,23,60819.68,147045,149,82,0,0
1436243,1,4,1019,0,38,23,60819.68,147045,149,82,0,0
1436363,1,4,1019,0,38,23,60819.68,147045,149,82,0,0
1436463,1,3,1017,0,36,23,60819.68,147045,149,82,0,0
1436563,1,3,984,0,36,23,60819.68,147045,149,82,0,0
1436693,1,3,982,0,36,23,60819.68,147045,149,82,0,0
1436821,1,0,949,0,36,23,60819.68,147045,149,82,0,0
1436921,1,0,916,0,36,23,60819.68,147045,149,82,0,0
1437043,1,0,884,0,34,23,60819.68,147045,149,82,0,0
1437169,1,0,851,0,34,23,60819.68,147045,149,82,0,0
1437283,1,0,850,0,30,23,60819.68,147045,149,82,0,0
1437393,1,0,851,0,26,23,60819.68,147045,149,82,0,0
1437518,1,0,851,0,26,23,60819.68,147045,149,82,0,0
1437620,1,0,851,0,26,23,60819.68,147045,149,82,0,0
1437743,1,0,852,0,28,23,60819.68,147045,149,82,0,0
1437846,1,0,852,0,28,23,60819.68,147045,149,82,0,0
1437963,1,0,852,0,28,23,60819.68,147045,149,82,0,0
1438087,1,0,852,0,30,23,60819.68,147045,149,82,0,0
1438193,1,0,852,0,36,23,60819.68,147045,149,82,0,0
1438320,1,0,851,0,36,23,60819.68,147045,149,82,0,0
1438434,1,0,851,0,44,23,60819.68,147045,149,82,0,0
1438536,1,0,851,0,52,23,60819.68,147045,149,82,0,0
1438663,1,0,851,0,66,23,60819.68,147045,149,82,0,0
1438763,1,0,851,0,70,23,60819.68,147045,149,82,0,0
1438893,1,0,850,0,72,23,60819.68,147045,149,82,0,0
1438993,1,0,850,0,72,23,60819.68,147045,149,82,0,0
1439118,1,0,850,0,72,23,60819.68,147045,149,82,0,0
1439218,1,0,850,0,72,23,60819.68,147045,149,82,0,0
1439347,1,0,849,0,72,23,60819.68,147045,149,82,0,0
1439463,1,0,849,0,70,23,60819.68,147045,149,82,0,0
1439563,1,0,849,0,70,23,60819.68,147045,149,82,0,0
1439693,1,0,849,0,70,23,60819.68,147045,149,82,0,0
1439812,1,0,849,0,70,23,60820.69,147045,149,82,0,0
1439921,1,0,849,0,70,23,60820.69,147045,149,82,0,0
1440043,1,0,849,0,70,23,60820.69,147045,149,82,0,0
1440143,1,0,849,0,70,23,60820.69,147045,149,82,0,0
1440263,1,0,850,0,70,23,60820.69,147045,149,82,0,0
1440363,1,0,851,0,70,23,60820.69,147045,149,82,0,0
1440493,1,0,851,0,70,23,60820.69,147045,149,82,0,0
1440612,1,0,851,0,70,23,60820.69,147045,149,82,0,0
1440718,1,0,851,0,70,23,60820.69,147045,149,82,0,0
1440846,1,0,851,0,70,23,60820.69,147045,149,82,0,0
1440963,1,0,852,0,70,23,60820.69,147045,149,82,0,0
1441043,1,0,851,0,70,23,60820.69,147045,149,82,0,0
1441193,1,0,851,0,70,23,60820.69,147045,149,82,0,0
1441293,1,0,851,0,70,23,60820.69,147045,149,82,0,0
1441421,1,0,818,0,70,23,60820.69,147045,149,82,0,0
1441533,1,0,850,0,70,23,60820.69,147045,149,82,0,0
1441643,1,0,850,0,70,23,60820.69,147045,149,82,0,0
1441763,1,0,850,0,70,23,60820.69,147045,149,82,0,0
1441863,1,0,851,0,70,23,60820.69,147045,149,82,0,0
1441993,1,0,818,0,70,23,60820.69,147045,149,82,0,0
1442112,1,0,849,0,70,23,60820.69,147045,149,82,0,0
1442218,1,0,850,0,70,23,60820.69,147045,149,82,0,0
1442321,1,0,850,0,70,23,60820.69,147045,149,82,0,0
1442443,1,0,850,0,70,23,60820.69,147045,149,82,0,0
1442533,1,0,850,0,70,23,60820.69,147045,149,82,0,0
1442668,1,0,818,0,68,23,60820.69,147045,149,82,0,0
1442793,1,0,818,0,68,23,60820.69,147045,149,82,0,0
1442918,1,0,850,0,68,23,60820.69,147045,149,82,0,0
1443018,1,0,851,0,70,23,60820.69,147045,149,82,0,0
1443143,1,0,851,0,70,23,60820.69,147045,149,82,0,0
1443262,1,0,820,0,70,23,60820.69,147045,149,82,0,0
1443363,1,0,852,0,68,23,60820.69,147045,149,82,0,0
1443493,1,0,852,0,68,23,60820.69,147045,149,82,0,0
1443599,1,0,852,0,68,23,60820.69,147045,149,82,0,0
1443719,1,0,853,0,68,23,60820.69,147045,149,82,0,0
1443820,1,0,853,0,68,23,60820.69,147045,149,82,0,0
1443943,1,0,853,0,68,23,60821.70,147045,149,82,0,0
1444018,1,0,852,0,68,23,60821.70,147045,149,82,0,0
1444168,1,0,852,0,68,23,60821.70,147045,149,82,0,0
1444293,1,0,853,0,68,23,60821.70,147045,149,82,0,0
1444418,1,0,852,0,68,23,60821.70,147045,149,82,0,0
1444518,1,0,852,0,68,23,60821.70,147045,149,82,0,0
1444643,1,0,851,0,68,23,60821.70,147045,149,82,0,0
1444762,1,0,851,0,68,23,60821.70,147045,149,82,0,0
1444863,1,0,850,0,68,23,60821.70,147045,149,82,0,0
1444994,1,0,851,0,68,23,60821.70,147045,149,82,0,0
1445111,1,0,852,0,68,23,60821.70,147045,149,82,0,0
1445219,1,0,851,0,68,23,60821.70,147045,149,82,0,0
1445321,1,0,851,0,68,23,60821.70,147045,149,82,0,0
1445443,1,0,851,0,68,23,60821.70,147045,149,82,0,0
1445563,1,0,852,0,68,23,60821.70,147045,149,82,0,0
1445668,1,0,851,0,68,23,60821.70,147045,149,82,0,0
1445798,1,0,851,0,68,23,60821.70,147045,149,82,0,0
1445912,1,0,851,0,68,23,60821.70,147045,149,82,0,0
1446018,1,0,851,0,68,23,60821.70,147045,149,82,0,0
1446143,1,0,849,0,68,23,60821.70,147045,149,82,0,0
1446262,1,0,850,0,68,23,60821.70,147045,149,82,0,0
1446363,1,0,850,0,70,23,60821.70,147045,149,82,0,0
1446463,1,0,849,0,72,23,60821.70,147045,149,82,0,0
1446563,1,0,817,0,74,23,60821.70,147045,149,82,0,0
1446718,1,0,849,0,74,23,60821.70,147045,149,82,0,0
1446821,1,0,849,0,76,23,60821.70,147045,149,82,0,0
1446943,1,0,818,0,78,23,60821.70,147045,149,82,0,0
1447062,1,0,851,0,78,23,60821.70,147045,149,82,0,0
1447168,1,0,851,0,78,23,60821.70,147045,149,82,0,0
1447293,1,0,820,0,80,23,60821.70,147045,149,82,0,0
1447412,1,0,852,0,82,23,60821.70,147045,149,82,0,0
1447518,1,0,853,0,84,23,60821.70,147045,149,82,0,0
1447643,1,0,853,0,90,23,60821.70,147045,149,82,0,0
1447743,1,0,853,0,90,23,60821.70,147045,149,82,0,0
1447863,1,0,852,0,92,23,60821.70,147045,149,82,0,0
1447962,1,0,850,0,92,23,60821.70,147045,149,82,0,0
1448103,1,0,848,0,92,23,60822.70,147045,149,82,0,0
1448218,1,0,848,0,92,23,60822.70,147045,149,82,0,0
1448321,1,0,849,0,92,23,60822.70,147045,149,82,0,0
1448443,1,0,848,0,90,23,60822.70,147045,149,82,0,0
1448563,1,0,847,0,90,23,60822.70,147045,149,82,0,0
1448668,1,0,815,0,90,23,60822.70,147045,149,82,0,0
1448793,1,0,847,0,90,23,60822.70,147045,149,82,0,0
1448917,1,0,847,0,90,23,60822.70,147045,149,82,0,0
1449018,1,0,847,0,90,23,60822.70,147045,149,82,0,0
1449143,1,0,848,0,90,23,60822.70,147045,149,82,0,0
1449262,1,0,847,0,90,23,60822.70,147045,149,82,0,0
1449362,1,0,815,0,90,23,60822.70,147045,149,82,0,0
1449493,1,0,815,0,90,23,60822.70,147045,149,82,0,0
1449599,1,0,815,0,90,23,60822.70,147045,149,82,0,0
1449718,1,0,818,0,90,23,60822.70,147045,149,82,0,0
1449821,1,0,851,0,90,23,60822.70,147045,149,82,0,0
1449943,1,0,818,0,90,23,60822.70,147045,149,82,0,0
1450033,1,0,817,0,90,23,60822.70,147045,149,82,0,0
1450168,1,0,817,0,88,23,60822.70,147045,149,82,0,0
1450293,1,0,817,0,88,23,60822.70,147045,149,82,0,0
1450412,1,0,824,0,88,23,60822.70,147045,149,82,0,0
1450518,1,0,857,0,88,23,60822.70,147045,149,82,0,0
1450642,1,0,855,0,88,23,60822.70,147045,149,82,0,0
1450762,1,0,852,0,88,23,60822.70,147045,149,82,0,0
1450862,1,0,852,0,88,23,60822.70,147045,149,82,0,0
1450992,1,0,852,0,88,23,60822.70,147045,149,82,0,0
1451105,1,0,852,0,88,23,60822.70,147045,149,82,0,0
1451219,1,0,852,0,88,23,60822.70,147045,149,82,0,0
1451321,1,0,819,0,88,23,60822.70,147045,149,82,0,0
1451443,1,0,819,0,88,23,60822.70,147045,149,82,0,0
1451543,1,0,851,0,88,23,60822.70,147045,149,82,0,0
1451668,1,0,851,0,88,23,60822.70,147045,149,82,0,0
1451793,1,0,851,0,88,23,60822.70,147045,149,82,0,0
1451912,1,0,851,0,88,23,60822.70,147045,149,82,0,0
1452018,1,0,851,0,88,23,60822.70,147045,149,82,0,0
1452143,1,0,851,0,88,23,60822.70,147045,149,82,0,0
1452262,1,0,851,0,88,23,60823.71,147045,149,82,0,0
1452346,1,0,851,0,88,23,60823.71,147045,149,82,0,0
1452492,1,0,851,0,88,23,60823.71,147045,149,82,0,0
1452562,1,0,851,0,86,23,60823.71,147045,149,82,0,0
1452718,1,0,851,0,86,23,60823.71,147045,149,82,0,0
1452818,1,0,852,0,86,23,60823.71,147045,149,82,0,0
1452943,1,0,852,0,86,23,60823.71,147045,149,82,0,0
1453063,1,0,853,0,86,23,60823.71,147045,149,82,0,0
1453168,1,0,853,0,86,23,60823.71,147045,149,82,0,0
1453294,1,0,853,0,86,23,60823.71,147045,149,82,0,0
1453412,1,0,853,0,86,23,60823.71,147045,149,82,0,0
1453518,1,0,853,0,86,23,60823.71,147045,149,82,0,0
1453643,1,0,853,0,86,23,60823.71,147045,149,82,0,0
1453743,1,0,853,0,86,23,60823.71,147045,149,82,0,0
1453862,1,0,853,0,86,23,60823.71,147045,149,82,0,0
1453975,1,0,853,0,86,23,60823.71,147045,149,82,0,0
1454104,1,0,853,0,86,23,60823.71,147045,149,82,0,0
1454220,1,0,854,0,86,23,60823.71,147045,149,82,0,0
1454318,1,0,854,0,86,23,60823.71,147045,149,82,0,0
1454443,1,0,852,0,86,23,60823.71,147045,149,82,0,0
1454533,1,0,852,0,86,23,60823.71,147045,149,82,0,0
1454668,1,0,852,0,86,23,60823.71,147045,149,82,0,0
1454793,1,0,851,0,86,23,60823.71,147045,149,82,0,0
1454912,1,0,851,0,86,23,60823.71,147045,149,82,0,0
1455018,1,0,851,0,86,23,60823.71,147045,149,82,0,0
1455143,1,0,851,0,84,23,60823.71,147045,149,82,0,0
1455243,1,0,851,0,84,23,60823.71,147045,149,82,0,0
1455362,1,0,850,0,86,23,60823.71,147045,149,82,0,0
1455462,1,0,851,0,84,23,60823.71,147045,149,82,0,0
1455598,1,0,851,0,86,23,60823.71,147045,149,82,0,0
1455720,1,0,851,0,84,23,60823.71,147045,149,82,0,0
1455818,1,0,851,0,84,23,60823.71,147045,149,82,0,0
1455944,1,0,850,0,84,23,60823.71,147045,149,82,0,0
1456033,1,0,849,0,84,23,60823.71,147045,149,82,0,0
1456168,1,0,850,0,84,23,60823.71,147045,149,82,0,0
1456292,1,0,850,0,84,23,60824.72,147045,149,82,0,0
1456412,1,0,850,0,84,23,60824.72,147045,149,82,0,0
1456518,1,0,850,0,84,23,60824.72,147045,149,82,0,0
1456643,1,0,850,0,84,23,60824.72,147045,149,82,0,0
1456743,1,0,849,0,84,23,60824.72,147045,149,82,0,0
1456863,1,0,849,0,84,23,60824.72,147045,149,82,0,0
1456962,1,0,850,0,84,23,60824.72,147045,149,82,0,0
1457098,1,0,850,0,84,23,60824.72,147045,149,82,0,0
1457212,1,0,849,0,84,23,60824.72,147045,149,82,0,0
1457318,1,0,848,0,84,23,60824.72,147045,149,81,0,0
1457443,1,0,848,0,84,23,60824.72,147045,149,81,0,0
1457533,1,0,849,0,84,23,60824.72,147045,149,81,0,0
1457668,1,0,849,0,84,23,60824.72,147045,149,81,0,0
1457792,1,0,849,0,84,23,60824.72,147045,149,81,0,0
1457912,1,0,849,0,84,23,60824.72,147045,149,81,0,0
1458018,1,0,849,0,84,23,60824.72,147045,149,81,0,0
1458142,1,0,849,0,84,23,60824.72,147045,149,81,0,0
1458242,1,0,848,0,84,23,60824.72,147045,149,81,0,0
1458362,1,0,848,0,84,23,60824.72,147045,149,81,0,0
1458463,1,0,847,0,84,23,60824.72,147045,149,81,0,0
1458599,1,0,847,0,84,23,60824.72,147045,149,81,0,0
1458712,1,0,847,0,84,23,60824.72,147045,149,81,0,0
1458818,1,0,847,0,84,23,60824.72,147045,149,81,0,0
1458942,1,0,847,0,84,23,60824.72,147045,149,81,0,0
1459042,1,0,847,0,84,23,60824.72,147045,149,81,0,0
1459168,1,0,815,0,84,23,60824.72,147045,149,81,0,0
1459292,1,0,815,0,84,23,60824.72,147045,149,81,0,0
1459412,1,0,815,0,84,23,60824.72,147045,149,81,0,0
1459518,1,0,815,0,84,23,60824.72,147045,149,81,0,0
1459642,1,0,815,0,84,23,60824.72,147045,149,81,0,0
1459742,1,0,815,0,84,23,60824.72,147045,149,81,0,0
1459862,1,0,815,0,84,23,60824.72,147045,149,81,0,0
1459962,1,0,815,0,84,23,60824.72,147045,149,81,0,0
1460100,1,0,815,0,82,23,60824.72,147045,149,81,0,0
1460220,1,0,819,0,84,23,60824.72,147045,149,81,0,0
1460326,1,0,857,0,84,23,60824.72,147045,149,81,0,0
1460444,1,0,856,0,84,23,60824.72,147045,149,81,0,0
1460542,1,0,851,0,82,23,60824.72,147045,149,81,0,0
1460668,1,0,851,0,82,23,60825.73,147045,149,81,0,0
1460793,1,0,851,0,82,23,60825.73,147045,149,81,0,0
1460912,1,0,852,0,82,23,60825.73,147045,149,81,0,0
1461021,1,0,853,0,82,23,60825.73,147045,149,81,0,0
1461142,1,0,821,0,82,23,60825.73,147045,149,81,0,0
1461242,1,0,820,0,82,23,60825.73,147045,149,81,0,0
1461362,1,0,820,0,82,23,60825.73,147045,149,81,0,0
1461466,1,0,820,0,82,23,60825.73,147045,149,81,0,0
1461599,1,0,853,0,82,23,60825.73,147045,149,81,0,0
1461720,1,0,852,0,82,23,60825.73,147045,149,81,0,0
1461818,1,0,852,0,82,23,60825.73,147045,149,81,0,0
1461945,1,0,819,0,82,23,60825.73,147045,149,81,0,0
1462033,1,0,819,0,82,23,60825.73,147045,149,81,0,0
1462168,1,0,851,0,82,23,60825.73,147045,149,81,0,0
1462298,1,0,851,0,82,23,60825.73,147045,149,81,0,0
1462412,1,0,819,0,82,23,60825.73,147045,149,81,0,0
1462518,1,0,820,0,82,23,60825.73,147045,149,81,0,0
1462642,1,0,820,0,82,23,60825.73,147045,149,81,0,0
1462742,1,0,853,0,82,23,60825.73,147045,149,81,0,0
1462862,1,0,853,0,82,23,60825.73,147045,149,81,0,0
1462962,1,0,854,0,82,23,60825.73,147045,149,81,0,0
1463042,1,0,823,0,82,23,60825.73,147045,149,81,0,0
1463215,1,0,856,0,82,23,60825.73,147045,149,81,0,0
1463318,1,0,856,0,82,23,60825.73,147045,149,81,0,0
1463442,1,0,856,0,82,23,60825.73,147045,149,81,0,0
1463532,1,0,856,0,82,23,60825.73,147045,149,81,0,0
1463668,1,0,856,0,82,23,60825.73,147045,149,81,0,0
1463792,1,0,856,0,82,23,60825.73,147045,149,81,0,0
1463912,1,0,856,0,82,23,60825.73,147045,149,81,0,0
1464020,1,0,856,0,82,23,60825.73,147045,149,81,0,0
1464121,1,0,856,0,82,23,60825.73,147045,149,81,0,0
1464251,1,0,857,0,82,23,60825.73,147045,149,81,0,0
1464362,1,0,856,0,82,23,60825.73,147045,149,81,0,0
1464462,1,0,854,0,82,23,60826.74,147045,149,81,0,0
1464598,1,0,853,0,82,23,60826.74,147045,149,81,0,0
1464715,1,0,854,0,82,23,60826.74,147045,149,81,0,0
1464821,1,0,855,0,82,23,60826.74,147045,149,81,0,0
1464942,1,0,855,0,82,23,60826.74,147045,149,81,0,0
1465042,1,0,855,0,82,23,60826.74,147045,149,81,0,0
1465168,1,0,855,0,82,23,60826.74,147045,149,81,0,0
1465292,1,0,852,0,82,23,60826.74,147045,149,81,0,0
1465392,1,0,851,0,82,23,60826.74,147045,149,81,0,0
1465520,1,0,852,0,82,23,60826.74,147045,149,81,0,0
1465621,1,0,852,0,82,23,60826.74,147045,149,81,0,0
1465742,1,0,851,0,82,23,60826.74,147045,149,81,0,0
1465864,1,0,850,0,82,23,60826.74,147045,149,81,0,0
1465962,1,0,850,0,82,23,60826.74,147045,149,81,0,0
1466098,1,0,849,0,82,23,60826.74,147045,149,81,0,0
1466215,1,0,849,0,82,23,60826.74,147045,149,81,0,0
1466321,1,0,848,0,82,23,60826.74,147045,149,81,0,0
1466442,1,0,847,0,82,23,60826.74,147045,149,81,0,0
1466542,1,0,848,0,82,23,60826.74,147045,149,81,0,0
1466665,1,0,847,0,82,23,60826.74,147045,149,81,0,0
1466791,1,0,847,0,82,23,60826.74,147045,149,81,0,0
1466892,1,0,847,0,82,23,60826.74,147045,149,81,0,0
1467020,1,0,848,0,82,23,60826.74,147045,149,81,0,0
1467142,1,0,848,0,82,23,60826.74,147045,149,81,0,0
1467245,1,0,848,0,82,23,60826.74,147045,149,81,0,0
1467365,1,0,849,0,82,23,60826.74,147045,149,81,0,0
1467466,1,0,849,0,82,23,60826.74,147045,149,81,0,0
1467598,1,0,847,0,82,23,60826.74,147045,149,81,0,0
1467715,1,0,847,0,82,23,60826.74,147045,149,81,0,0
1467821,1,0,847,0,82,23,60826.74,147045,149,81,0,0
1467942,1,0,847,0,82,23,60826.74,147045,149,81,0,0
1468042,1,0,847,0,82,23,60826.74,147045,149,81,0,0
1468165,1,0,848,0,82,23,60826.74,147045,149,81,0,0
1468292,1,0,849,0,82,23,60826.74,147045,149,81,0,0
1468392,1,0,849,0,82,23,60826.74,147045,149,81,0,0
1468520,1,0,849,0,82,23,60826.74,147045,149,81,0,0
1468620,1,0,849,0,82,23,60827.74,147045,149,81,0,0
1468742,1,0,848,0,82,23,60827.74,147045,149,81,0,0
1468864,1,0,849,0,82,23,60827.74,147045,149,81,0,0
1469065,1,0,816,0,82,23,60827.74,147045,149,81,0,0
1469165,1,0,815,0,80,23,60827.74,147045,149,81,0,0
1469292,1,0,816,0,82,23,60827.74,147045,149,81,0,0
1469420,1,0,817,0,82,23,60827.74,147045,149,81,0,0
1469520,1,0,821,0,82,23,60827.74,147045,149,81,0,0
1469642,1,0,856,0,82,23,60827.74,147045,149,81,0,0
1469765,1,0,856,0,80,23,60827.74,147045,149,81,0,0
1469865,1,0,819,0,82,23,60827.74,147045,149,81,0,0
1469992,1,0,820,0,80,23,60827.74,147045,149,81,0,0
1470098,1,0,819,0,80,23,60827.74,147045,149,81,0,0
1470223,1,0,852,0,80,23,60827.74,147045,149,81,0,0
1470322,1,0,853,0,82,23,60827.74,147045,149,81,0,0
1470442,1,0,853,0,82,23,60827.74,147045,149,81,0,0
1470545,1,0,853,0,82,23,60827.74,147045,149,81,0,0
1470665,1,0,853,0,82,23,60827.74,147045,149,81,0,0
1470792,1,0,853,0,82,23,60827.74,147045,149,81,0,0
1470915,1,0,853,0,82,23,60827.74,147045,149,81,0,0
1471020,1,0,853,0,82,23,60827.74,147045,149,81,0,0
1471142,1,0,853,0,82,23,60827.74,147045,149,81,0,0
1471242,1,0,853,0,82,23,60827.74,147045,149,81,0,0
1471364,1,0,852,0,82,23,60827.74,147045,149,81,0,0
1471492,1,0,852,0,82,23,60827.74,147045,149,81,0,0
1471605,1,0,852,0,82,23,60827.74,147045,149,81,0,0
1471723,1,0,852,0,82,23,60827.74,147045,149,81,0,0
1471821,1,0,852,0,82,23,60827.74,147045,149,81,0,0
1471942,1,0,854,0,82,23,60827.74,147045,149,81,0,0
1472033,1,0,854,0,82,23,60827.74,147045,149,81,0,0
1472165,1,0,855,0,84,23,60827.74,147045,149,81,0,0
1472292,1,0,855,0,84,23,60827.74,147045,149,81,0,0
1472415,1,0,856,0,84,23,60827.74,147045,149,81,0,0
1472520,1,0,856,0,84,23,60827.74,147045,149,81,0,0
1472642,1,0,856,0,84,23,60828.75,147045,149,81,0,0
1472742,1,0,856,0,84,23,60828.75,147045,149,81,0,0
1472864,1,0,857,0,84,23,60828.75,147045,149,81,0,0
1472992,1,0,857,0,86,23,60828.75,147045,149,81,0,0
1473098,1,0,857,0,84,23,60828.75,147045,149,81,0,0
1473223,1,0,856,0,86,23,60828.75,147045,149,81,0,0
1473320,1,0,856,0,86,23,60828.75,147045,149,81,0,0
1473442,1,0,856,0,86,23,60828.75,147045,149,81,0,0
1473564,1,0,856,0,86,23,60828.75,147045,149,81,0,0
1473665,1,0,856,0,86,23,60828.75,147045,149,81,0,0
1473792,1,0,854,0,86,23,60828.75,147045,149,81,0,0
1473915,1,0,853,0,86,23,60828.75,147045,149,81,0,0
1474020,1,0,853,0,86,23,60828.75,147045,149,81,0,0
1474142,1,0,853,0,86,23,60828.75,147045,149,81,0,0
1474264,1,0,853,0,86,23,60828.75,147045,149,81,0,0
1474364,1,0,853,0,86,23,60828.75,147045,149,81,0,0
1474492,1,0,852,0,86,23,60828.75,147045,149,81,0,0
1474603,1,0,853,0,86,23,60828.75,147045,149,81,0,0
1474723,1,0,852,0,86,23,60828.75,147045,149,81,0,0
1474820,1,0,852,0,86,23,60828.75,147045,149,81,0,0
1474942,1,0,852,0,86,23,60828.75,147045,149,81,0,0
1475033,1,0,851,0,86,23,60828.75,147045,149,81,0,0
1475170,1,0,851,0,86,23,60828.75,147045,149,81,0,0
1475292,1,0,852,0,86,23,60828.75,147045,149,81,0,0
1475415,1,0,852,0,86,23,60828.75,147045,149,81,0,0
1475520,1,0,852,0,86,23,60828.75,147045,149,81,0,0
1475642,1,0,851,0,86,23,60828.75,147045,149,81,0,0
1475742,1,0,851,0,86,23,60828.75,147045,149,81,0,0
1475864,1,0,850,0,86,23,60828.75,147045,149,81,0,0
1475964,1,0,851,0,86,23,60828.75,147045,149,81,0,0
1476098,1,0,851,0,86,23,60828.75,147045,149,81,0,0
1476214,1,0,851,0,88,23,60828.75,147045,149,81,0,0
1476320,1,0,849,0,86,23,60828.75,147045,149,81,0,0
1476442,1,0,847,0,88,23,60828.75,147045,149,81,0,0
1476533,1,0,847,0,88,23,60829.75,147045,149,81,0,0
1476665,1,0,847,0,88,23,60829.75,147045,149,81,0,0
1476793,1,0,847,0,88,23,60829.75,147045,149,81,0,0
1476915,1,0,847,0,88,23,60829.75,147045,149,81,0,0
1477020,1,0,847,0,88,23,60829.75,147045,149,81,0,0
1477144,1,0,847,0,88,23,60829.75,147045,149,81,0,0
1477242,1,0,847,0,88,23,60829.75,147045,149,81,0,0
1477364,1,0,848,0,88,23,60829.75,147045,149,81,0,0
1477466,1,0,849,0,88,23,60829.75,147045,149,81,0,0
1477602,1,0,849,0,88,23,60829.75,147045,149,81,0,0
1477714,1,0,849,0,88,23,60829.75,147045,149,81,0,0
1477820,1,0,849,0,88,23,60829.75,147045,149,81,0,0
1477943,1,0,849,0,88,23,60829.75,147045,149,81,0,0
1478042,1,0,849,0,88,23,60829.75,147045,149,81,0,0
1478165,1,0,849,0,88,23,60829.75,147045,149,81,0,0
1478292,1,0,817,0,88,23,60829.75,147045,149,81,0,0
1478392,1,0,817,0,88,23,60829.75,147045,149,81,0,0
1478520,1,0,817,0,88,23,60829.75,147045,149,81,0,0
1478620,1,0,849,0,88,23,60829.75,147045,149,81,0,0
1478764,1,0,849,0,88,23,60829.75,147045,149,81,0,0
1478864,1,0,850,0,88,23,60829.75,147045,149,81,0,0
1478992,1,0,818,0,88,23,60829.75,147045,149,81,0,0
1479098,1,0,817,0,88,23,60829.75,147045,149,81,0,0
1479222,1,0,850,0,88,23,60829.75,147045,149,81,0,0
1479320,1,0,850,0,88,23,60829.75,147045,149,81,0,0
1479442,1,0,851,0,88,23,60829.75,147045,149,81,0,0
1479542,1,0,851,0,88,23,60829.75,147045,149,81,0,0
1479691,1,0,851,0,88,23,60829.75,147045,149,81,0,0
1479792,1,0,850,0,88,23,60829.75,147045,149,81,0,0
1479920,1,0,850,0,88,23,60829.75,147045,149,81,0,0
1480033,1,0,850,0,88,23,60829.75,147045,149,81,0,0
1480142,1,0,850,0,88,23,60829.75,147045,149,81,0,0
1480264,1,0,850,0,88,23,60829.75,147045,149,81,0,0
1480364,1,0,851,0,88,23,60829.75,147045,149,81,0,0
1480492,1,0,851,0,88,23,60829.75,147045,149,81,0,0
1480599,1,0,851,0,88,23,60829.75,147045,149,81,0,0
1480722,1,0,852,0,88,23,60829.75,147045,149,81,0,0
1480845,1,0,852,0,88,23,60829.75,147045,149,81,0,0
1480942,1,0,852,0,88,23,60830.75,147045,149,81,0,0
1481042,1,0,852,0,88,23,60830.75,147045,149,81,0,0
1481192,1,0,852,0,88,23,60830.75,147045,149,81,0,0
1481292,1,0,852,0,88,23,60830.75,147045,149,81,0,0
1481420,1,0,853,0,88,23,60830.75,147045,149,81,0,0
1481520,1,0,853,0,88,23,60830.75,147045,149,81,0,0
1481643,1,0,821,0,88,23,60830.75,147045,149,81,0,0
1481764,1,0,852,0,88,23,60830.75,147045,149,81,0,0
1481864,1,0,852,0,88,23,60830.75,147045,149,81,0,0
1481992,1,0,853,0,88,23,60830.75,147045,149,81,0,0
1482064,1,0,853,0,88,23,60830.75,147045,149,81,0,0
1482222,1,0,853,0,88,23,60830.75,147045,149,81,0,0
1482320,1,0,853,0,88,23,60830.75,147045,149,81,0,0
1482443,1,0,852,0,88,23,60830.75,147045,149,81,0,0
1482542,1,0,852,0,88,23,60830.75,147045,149,81,0,0
1482665,1,0,852,0,88,23,60830.75,147045,149,81,0,0
1482792,1,0,852,0,88,23,60830.75,147045,149,81,0,0
1482914,1,0,851,0,88,23,60830.75,147045,149,81,0,0
1483031,1,0,851,0,88,23,60830.75,147045,149,81,0,0
1483142,1,0,851,0,88,23,60830.75,147045,149,81,0,0
1483242,1,0,851,0,88,23,60830.75,147045,149,81,0,0
1483364,1,0,851,0,88,23,60830.75,147045,149,81,0,0
1483492,1,0,851,0,88,23,60830.75,147045,149,81,0,0
1483597,1,0,851,0,88,23,60830.75,147045,149,81,0,0
1483722,1,0,851,0,88,23,60830.75,147045,149,81,0,0
1483820,1,0,851,0,88,23,60830.75,147045,149,81,0,0
1483942,1,0,851,0,88,23,60830.75,147045,149,81,0,0
1484042,1,0,851,0,88,23,60830.75,147045,149,81,0,0
1484165,1,0,851,0,88,23,60830.75,147045,149,81,0,0
1484292,1,0,819,0,88,23,60830.75,147045,149,81,0,0
1484413,1,0,851,0,88,23,60830.75,147045,149,81,0,0
1484520,1,0,852,0,88,23,60830.75,147045,149,81,0,0
1484622,1,0,852,0,88,23,60830.75,147045,149,81,0,0
1484742,1,0,852,0,88,23,60830.75,147045,149,81,0,0
1484864,1,0,852,0,88,23,60831.76,147045,149,81,0,0
1484964,1,0,852,0,88,23,60831.76,147045,149,81,0,0
1485064,1,0,852,0,88,23,60831.76,147045,149,81,0,0
1485214,1,0,853,0,88,23,60831.76,147045,149,81,0,0
1485320,1,0,854,0,88,23,60831.76,147045,149,81,0,0
1485443,1,0,853,0,88,23,60831.76,147045,149,81,0,0
1485542,1,0,853,0,88,23,60831.76,147045,149,81,0,0
1485665,1,0,852,0,88,23,60831.76,147045,149,81,0,0
1485792,1,0,852,0,88,23,60831.76,147045,149,81,0,0
1485892,1,0,853,0,88,23,60831.76,147045,149,81,0,0
1486020,1,0,856,0,86,23,60831.76,147045,149,81,0,0
1486120,1,0,855,0,0,23,60831.76,147045,149,81,0,0
1486242,1,0,856,0,0,23,60831.76,147045,149,81,0,0
1486364,1,0,857,0,0,23,60831.76,147045,149,81,0,0
1486465,1,0,889,18,0,23,60831.76,147045,149,81,0,0
1486542,1,0,926,19,0,23,60831.76,147045,149,81,0,0
1486692,1,0,1293,26,0,23,60831.76,147045,149,81,0,0
1486820,1,0,1563,26,0,23,60831.76,147045,149,81,0,0
1486942,1,0,1614,26,0,23,60831.76,147045,149,81,0,0
1487044,1,0,1631,26,0,23,60831.76,147045,149,81,0,0
1487165,1,0,1655,26,0,23,60831.76,147045,149,82,0,0
1487282,1,0,1646,26,0,23,60832.80,147045,149,82,0,0
1487393,1,0,1650,26,0,23,60832.80,147045,149,82,0,0
1487492,1,3,1661,26,0,23,60832.80,147045,149,82,0,0
1487620,1,3,1637,26,0,23,60832.80,147045,149,82,0,0
1487742,1,5,1607,26,0,23,60832.80,147045,149,82,0,0
1487844,1,6,1602,26,0,23,60832.80,147045,149,82,0,0
1487964,1,7,1591,26,0,23,60833.80,147045,149,82,0,0
1488042,1,7,1582,26,0,23,60833.80,147045,149,82,0,0
1488192,1,8,1598,26,0,23,60833.80,147045,149,82,0,0
1488314,1,9,1579,26,0,23,60833.80,147045,149,82,0,0
1488432,1,10,1574,26,0,23,60833.80,147045,149,82,0,0
1488542,1,11,1578,27,0,23,60833.80,147045,149,82,0,0
1488664,1,11,1709,30,0,23,60834.83,147045,149,82,0,0
1488764,1,12,1777,32,0,23,60834.83,147045,149,82,0,0
1488891,1,12,1810,32,0,23,60834.83,147045,149,82,0,0
1488992,1,13,1864,32,0,23,60834.83,147045,149,82,0,0
1489064,1,13,1888,32,0,23,60834.83,147045,149,82,0,0
1489222,1,14,1963,32,0,23,60834.83,147045,149,82,0,0
1489346,1,14,1987,33,0,23,60834.83,147045,149,82,0,0
1489465,1,14,2050,33,0,23,60834.83,147045,149,82,0,0
1489541,1,14,2076,33,0,23,60835.88,147045,149,82,0,0
1489691,1,14,2063,33,0,23,60835.88,147045,149,82,0,0
1489792,1,15,2089,33,0,23,60835.88,147045,149,82,0,0
1489921,1,15,2130,33,0,23,60835.88,147045,149,82,0,0
1490032,1,15,2153,33,0,23,60835.88,147045,149,82,0,0
1490141,1,15,2148,33,0,23,60835.88,147045,149,82,0,0
1490264,1,15,2181,33,0,23,60835.88,147045,149,82,0,0
1490364,1,15,2214,33,0,23,60835.88,147045,149,82,0,0
1490491,1,15,2223,4,0,23,60835.88,147045,149,82,0,0
1490614,1,16,2226,0,0,23,60835.88,147045,149,82,0,0
1490722,1,16,2219,0,0,23,60835.88,147045,149,82,0,0
1490844,1,16,2163,0,0,23,60836.90,147045,149,82,0,0
1490941,1,16,2062,0,0,23,60836.90,147045,149,82,0,0
1491064,1,15,1954,0,0,23,60836.90,147045,149,82,0,0
1491191,1,15,1825,0,0,23,60836.90,147045,149,82,0,0
1491291,1,15,1792,0,0,23,60836.90,147045,149,82,0,0
1491420,1,15,1753,0,8,23,60836.90,147045,149,82,0,0
1491532,1,15,1670,0,6,23,60836.90,147045,149,82,0,0
1491641,1,15,1632,0,16,23,60836.90,147045,149,82,0,0
1491764,1,15,1597,0,16,23,60836.90,147045,149,82,0,0
1491864,1,15,1530,0,20,23,60836.90,147045,149,82,0,0
1491991,1,15,1493,0,24,23,60836.90,147045,149,82,0,0
1492105,1,14,1457,0,26,23,60836.90,147045,149,82,0,0
1492222,1,14,1387,0,28,23,60836.90,147045,149,82,0,0
1492320,1,14,1353,0,30,23,60836.90,147045,149,82,0,0
1492441,1,14,1319,0,32,23,60836.90,147045,149,82,0,0
1492541,1,13,1316,0,32,23,60836.90,147045,149,82,0,0
1492664,1,13,1281,0,34,23,60836.90,147045,149,82,0,0
1492792,1,13,1279,0,32,23,60836.90,147045,149,82,0,0
1492914,1,13,1245,0,32,23,60836.90,147045,149,82,0,0
1493032,1,12,1212,0,32,23,60836.90,147045,149,82,0,0
1493142,1,12,1211,0,36,23,60836.90,147045,149,82,0,0
1493264,1,12,1178,0,36,23,60836.90,147045,149,82,0,0
1493364,1,11,1142,0,40,23,60836.90,147045,149,82,0,0
1493491,1,11,1143,0,46,23,60836.90,147045,149,82,0,0
1493597,1,11,1143,0,54,23,60836.90,147045,149,82,0,0
1493722,1,10,1112,0,66,23,60836.90,147045,149,82,0,0
1493821,1,9,1112,0,74,23,60836.90,147045,149,82,0,0
1493941,1,9,1112,0,74,23,60836.90,147045,149,82,0,0
1494041,1,8,1080,0,74,23,60837.90,147045,149,82,0,0
1494164,1,8,1080,0,84,23,60837.90,147045,149,82,0,0
1494294,1,7,1080,0,86,23,60837.90,147045,149,82,0,0
1494414,1,6,1048,0,84,23,60837.90,147045,149,82,0,0
1494520,1,5,1048,0,84,23,60837.90,147045,149,82,0,0
1494641,1,4,1048,0,86,23,60837.90,147045,149,82,0,0
1494741,1,3,1017,0,86,23,60837.90,147045,149,82,0,0
1494864,1,3,1017,0,84,23,60837.90,147045,149,82,0,0
1494964,1,0,985,0,80,23,60837.90,147045,149,82,0,0
1495064,1,0,953,0,74,23,60837.90,147045,149,82,0,0
1495214,1,0,920,0,64,23,60837.90,147045,149,82,0,0
1495320,1,0,886,0,58,23,60837.90,147045,149,82,0,0
1495442,1,0,853,0,54,23,60837.90,147045,149,82,0,0
1495543,1,0,854,0,54,23,60837.90,147045,149,82,0,0
1495664,1,0,855,0,52,23,60837.90,147045,149,82,0,0
1495792,1,0,855,0,52,23,60837.90,147045,149,82,0,0
1495891,1,0,854,0,54,23,60837.90,147045,149,82,0,0
1496020,1,0,853,0,54,23,60837.90,147045,149,82,0,0
1496128,1,0,853,0,54,23,60837.90,147045,149,82,0,0
1496241,1,0,853,0,54,23,60837.90,147045,149,82,0,0
1496364,1,0,853,0,54,23,60837.90,147045,149,82,0,0
1496465,1,0,853,0,54,23,60837.90,147045,149,82,0,0
1496590,1,0,853,0,54,23,60837.90,147045,149,82,0,0
1496691,1,0,854,0,54,23,60837.90,147045,149,82,0,0
1496820,1,0,853,0,54,23,60837.90,147045,149,82,0,0
1496920,1,0,852,0,54,23,60837.90,147045,149,82,0,0
1497031,1,0,851,0,54,23,60837.90,147045,149,82,0,0
1497164,1,0,851,0,54,23,60837.90,147045,149,82,0,0
1497282,1,0,851,0,52,23,60837.90,147045,149,82,0,0
1497391,1,0,851,0,54,23,60837.90,147045,149,82,0,0
1497515,1,0,851,0,54,23,60837.90,147045,149,82,0,0
1497620,1,0,851,0,54,23,60837.90,147045,149,82,0,0
1497741,1,0,851,0,52,23,60837.90,147045,149,82,0,0
1497844,1,0,851,0,52,23,60838.91,147045,149,82,0,0
1497964,1,0,851,0,52,23,60838.91,147045,149,82,0,0
1498041,1,0,851,0,52,23,60838.91,147045,149,82,0,0
1498191,1,0,850,0,52,23,60838.91,147045,149,82,0,0
1498320,1,0,852,0,52,23,60838.91,147045,149,82,0,0
1498432,1,0,852,0,52,23,60838.91,147045,149,82,0,0
1498541,1,0,852,0,52,23,60838.91,147045,149,82,0,0
1498664,1,0,852,0,52,23,60838.91,147045,149,82,0,0
1498781,1,0,852,0,52,23,60838.91,147045,149,82,0,0
1498891,1,0,852,0,52,23,60838.91,147045,149,82,0,0
1498991,1,0,852,0,50,23,60838.91,147045,149,82,0,0
1499121,1,0,852,0,46,23,60838.91,147045,149,82,0,0
1499222,1,0,852,0,0,23,60838.91,147045,149,82,0,0
1499344,1,0,852,0,6,23,60838.91,147045,149,82,0,0
1499465,1,0,852,0,2,23,60838.91,147045,149,82,0,0
1499531,1,0,852,0,2,23,60838.91,147045,149,82,0,0
1499691,1,0,852,0,0,23,60838.91,147045,149,82,0,0
1499814,1,0,852,0,0,23,60838.91,147045,149,82,0,0
1499920,1,0,852,0,0,23,60838.91,147045,149,82,0,0
1500041,1,0,852,0,0,23,60838.91,147045,149,82,0,0
1500141,1,0,889,0,0,23,60838.91,147045,149,82,0,0
1500265,1,0,1109,13,0,23,60838.91,147045,149,82,0,0
1500364,1,0,1452,14,0,23,60838.91,147045,149,82,0,0
1500491,1,0,1656,14,0,23,60838.91,147045,149,82,0,0
1500614,1,0,1689,14,0,23,60839.91,147045,149,82,0,0
1500722,1,0,1641,14,0,23,60839.91,147045,149,82,0,0
1500844,1,0,1615,14,0,23,60839.91,147045,149,82,0,0
1500941,1,0,1619,14,0,23,60839.91,147045,149,82,0,0
1501041,1,3,1626,14,0,23,60839.91,147045,149,82,0,0
1501191,1,3,1568,14,0,23,60839.91,147045,149,82,0,0
1501291,1,4,1573,14,0,23,60839.91,147045,149,82,0,0
1501417,1,5,1536,14,0,23,60840.95,147045,149,82,0,0
1501531,1,6,1561,14,0,23,60840.95,147045,149,82,0,0
1501641,1,7,1520,14,0,23,60840.95,147045,149,82,0,0
1501764,1,8,1447,16,0,23,60840.95,147045,149,82,0,0
1501865,1,9,1442,18,0,23,60840.95,147045,149,82,0,0
1501991,1,9,1411,33,0,23,60840.95,147045,149,82,0,0
1502041,1,10,1443,33,0,23,60840.95,147045,149,82,0,0
1502222,1,11,1656,59,0,23,60840.95,147045,149,82,0,0
1502320,1,12,1737,61,0,23,60842.00,147045,149,82,0,0
1502441,1,12,1778,62,0,23,60842.00,147045,149,82,0,0
1502564,1,13,1867,63,0,23,60842.00,147045,149,82,0,0
1502665,1,13,1957,64,0,23,60842.00,147045,149,82,0,0
1502791,1,14,1985,0,0,23,60842.00,147045,149,82,0,0
1502911,1,14,1981,0,0,23,60842.00,147045,149,82,0,0
1503020,1,14,1826,0,0,23,60843.00,147045,149,82,0,0
1503123,1,15,1723,0,0,23,60843.00,147045,149,83,0,0
1503241,1,14,1684,0,0,23,60843.00,147045,149,83,0,0
1503364,1,14,1623,0,0,23,60843.00,147045,149,83,0,0
1503465,1,14,1622,16,0,23,60843.00,147045,149,83,0,0
1503598,1,15,1424,52,0,23,60843.00,147045,149,83,0,0
1503691,1,14,1190,70,0,23,60843.00,147045,149,83,0,0
1503820,1,15,1174,89,0,23,60843.00,147045,149,83,0,0
1503941,1,15,1233,97,0,23,60843.00,147045,149,83,0,0
1504041,1,16,1238,97,0,23,60843.00,147045,149,83,0,0
1504164,1,16,1253,97,0,23,60843.00,147045,149,83,0,0
1504291,1,16,1325,89,0,23,60843.00,147045,149,83,0,0
1504391,1,17,1346,85,0,23,60843.00,147045,149,83,0,0
1504521,1,18,1407,85,0,23,60844.04,147045,149,83,0,0
1504621,1,19,1434,81,0,23,60844.04,147045,149,83,0,0
1504741,1,19,1473,71,0,23,60844.04,147045,149,83,0,0
1504865,1,19,1531,61,0,23,60844.04,147045,149,83,0,0
1504965,1,20,1517,10,0,23,60844.04,147045,149,83,0,0
1505064,1,20,1514,0,0,23,60844.04,147045,149,83,0,0
1505214,1,20,1513,0,0,23,60845.06,147045,149,83,0,0
1505321,1,20,1417,0,18,23,60845.06,147045,149,83,0,0
1505441,1,20,1503,0,24,23,60845.06,147045,149,83,0,0
1505541,1,20,1442,0,26,23,60845.06,147045,149,83,0,0
1505665,1,20,1345,0,40,23,60845.06,147045,149,83,0,0
1505781,1,19,1312,0,52,23,60845.06,147045,149,83,0,0
1505891,1,19,1310,0,60,23,60845.06,147045,149,83,0,0
1505991,1,19,1308,0,66,23,60845.06,147045,149,83,0,0
1506120,1,18,1272,0,72,23,60845.06,147045,149,83,0,0
1506241,1,17,1238,0,74,23,60845.06,147045,149,83,0,0
1506344,1,17,1237,0,76,23,60845.06,147045,149,83,0,0
1506465,1,16,1203,0,78,23,60845.06,147046,149,83,0,0
1506584,1,16,1171,0,74,23,60845.06,147046,149,83,0,0
1506691,1,15,1171,0,76,23,60845.06,147046,149,83,0,0
1506815,1,15,1141,0,74,23,60845.06,147046,149,83,0,0
1506920,1,13,1144,0,76,23,60845.06,147046,149,83,0,0
1507041,1,13,1145,0,74,23,60845.06,147046,149,83,0,0
1507164,1,12,1146,0,74,23,60845.06,147046,149,83,0,0
1507264,1,12,1113,0,72,23,60845.06,147046,149,83,0,0
1507391,1,11,1113,0,74,23,60845.06,147046,149,83,0,0
1507491,1,11,1113,0,80,23,60845.06,147046,149,83,0,0
1507621,1,9,1113,0,82,23,60845.06,147046,149,83,0,0
1507723,1,9,1114,0,82,23,60845.06,147046,149,83,0,0
1507844,1,8,1083,0,82,23,60845.06,147046,149,83,0,0
1507964,1,7,1084,0,80,23,60845.06,147046,149,83,0,0
1508041,1,7,1084,0,80,23,60845.06,147046,149,83,0,0
1508191,1,7,1085,0,78,23,60845.06,147046,149,83,0,0
1508314,1,6,1086,0,74,23,60845.06,147046,149,83,0,0
1508432,1,4,1055,0,70,23,60845.06,147046,149,83,0,0
1508541,1,4,1055,0,54,23,60845.06,147046,149,83,0,0
1508661,1,4,1055,0,46,23,60845.06,147046,149,83,0,0
1508765,1,3,1024,0,38,23,60846.07,147046,149,83,0,0
1508891,1,3,992,0,38,23,60846.07,147046,149,83,0,0
1508991,1,3,960,0,38,23,60846.07,147046,149,83,0,0
1509041,1,0,991,0,38,23,60846.07,147046,149,83,0,0
1509223,1,0,925,0,36,23,60846.07,147046,149,83,0,0
1509344,1,0,892,0,36,23,60846.07,147046,149,83,0,0
1509464,1,0,858,0,36,23,60846.07,147046,149,83,0,0
1509564,1,0,857,0,34,23,60846.07,147046,149,83,0,0
1509691,1,0,857,0,34,23,60846.07,147046,149,83,0,0
1509844,1,0,857,0,34,23,60846.07,147046,149,83,0,0
1509941,1,0,857,0,32,23,60846.07,147046,149,83,0,0
1510041,1,0,856,0,32,23,60846.07,147046,149,83,0,0
1510191,1,0,855,0,32,23,60846.07,147046,149,83,0,0
1510291,1,0,853,0,30,23,60846.07,147046,149,83,0,0
1510422,1,0,853,0,28,23,60846.07,147046,149,83,0,0
1510531,1,0,853,0,28,23,60846.07,147046,149,83,0,0
1510641,1,0,853,0,26,23,60846.07,147046,149,83,0,0
1510765,1,0,853,0,0,23,60846.07,147046,149,83,0,0
1510864,1,0,852,0,0,23,60846.07,147046,149,83,0,0
1510991,1,0,851,0,0,23,60846.07,147046,149,83,0,0
1511041,1,0,851,0,0,23,60846.07,147046,149,83,0,0
1511223,1,0,850,0,0,23,60846.07,147046,149,83,0,0
1511320,1,0,850,0,0,23,60846.07,147046,149,83,0,0
1511442,1,0,849,0,0,23,60846.07,147046,149,83,0,0
1511541,1,0,888,0,0,23,60846.07,147046,149,83,0,0
1511665,1,0,1028,0,0,23,60846.07,147046,149,83,0,0
1511791,1,0,1229,2,0,23,60846.07,147046,149,83,0,0
1511915,1,0,1301,10,0,23,60846.07,147046,149,83,0,0
1512031,1,0,1366,10,0,23,60847.08,147046,149,83,0,0
1512141,1,0,1443,10,0,23,60847.08,147046,149,83,0,0
1512241,1,0,1480,10,0,23,60847.08,147046,149,83,0,0
1512365,1,2,1495,10,0,23,60847.08,147046,149,83,0,0
1512465,1,3,1467,10,0,23,60847.08,147046,146,83,0,0
1512565,1,4,1433,10,0,23,60847.08,147046,146,83,0,0
1512715,1,4,1395,11,0,23,60848.12,147046,146,83,0,0
1512821,1,7,1357,14,0,23,60848.12,147046,146,84,0,0
1512941,1,8,1346,18,0,23,60848.12,147046,146,84,0,0
1513041,1,9,1339,23,0,23,60848.12,147046,146,84,0,0
1513165,1,10,1494,30,0,23,60848.12,147046,146,84,0,0
1513297,1,10,1558,51,0,23,60848.12,147046,146,84,0,0
1513411,1,11,1634,61,0,23,60848.12,147046,146,84,0,0
1513520,1,12,1760,61,0,23,60849.18,147046,146,84,0,0
1513641,1,12,1853,61,0,23,60849.18,147046,146,84,0,0
1513741,1,13,1872,61,0,23,60849.18,147046,146,84,0,0
1513865,1,13,1988,61,0,23,60849.18,147046,146,84,0,0
1513965,1,14,2050,61,0,23,60849.18,147046,146,84,0,0
1514096,1,14,2109,61,0,23,60849.18,147046,146,84,0,0
1514215,1,15,2200,57,0,23,60849.18,147046,146,84,0,0
1514320,1,15,2208,0,0,23,60850.21,147046,146,84,0,0
1514442,1,16,2114,0,0,23,60850.21,147046,146,84,0,0
1514531,1,16,2016,0,0,23,60850.21,147046,146,84,0,0
1514665,1,16,1884,0,0,23,60850.21,147046,146,84,0,0
1514791,1,16,1850,0,0,23,60850.21,147046,146,84,0,0
1514891,1,16,1793,0,0,23,60850.21,147046,146,84,0,0
1515015,1,16,1623,10,0,23,60850.21,147046,146,84,0,0
1515121,1,16,1428,40,0,23,60850.21,147046,146,84,0,0
1515241,1,16,1184,56,0,23,60850.21,147046,146,84,0,0
1515365,1,16,1350,82,0,23,60850.21,147046,146,84,0,0
1515465,1,17,1342,91,0,23,60850.21,147046,146,84,0,0
1515565,1,17,1359,92,0,23,60850.21,147046,146,84,0,0
1515691,1,17,1387,94,0,23,60850.21,147046,146,84,0,0
1515821,1,18,1418,94,0,23,60851.24,147046,146,84,0,0
1515941,1,19,1459,86,0,23,60851.24,147046,146,84,0,0
1516041,1,19,1500,79,0,23,60851.24,147046,146,84,0,0
1516165,1,20,1565,79,0,23,60851.24,147046,146,84,0,0
1516291,1,20,1585,74,0,23,60851.24,147046,146,84,0,0
1516391,1,21,1630,73,0,23,60851.24,147046,146,84,0,0
1516491,1,21,1647,73,0,23,60852.26,147046,146,84,0,0
1516622,1,22,1666,73,0,23,60852.26,147046,146,84,0,0
1516741,1,22,1723,73,0,23,60852.26,147046,146,84,0,0
1516865,1,22,1759,73,0,23,60852.26,147046,146,84,0,0
1516965,1,23,1739,72,0,23,60852.26,147046,146,84,0,0
1517090,1,23,1780,72,0,23,60852.26,147046,146,84,0,0
1517191,1,23,1820,71,0,23,60852.26,147046,146,84,0,0
1517318,1,24,1831,70,0,23,60852.26,147046,146,84,0,0
1517441,1,24,1866,69,0,23,60853.32,147046,146,84,0,0
1517541,1,24,1871,66,0,23,60853.32,147046,146,84,0,0
1517666,1,25,1936,66,0,23,60853.32,147046,146,84,0,0
1517782,1,25,1921,56,0,23,60853.32,147046,146,84,0,0
1517891,1,25,1923,51,0,23,60853.32,147046,146,84,0,0
1518018,1,26,1973,50,0,23,60853.32,147046,146,84,0,0
1518121,1,26,1992,49,0,23,60853.32,147046,146,84,0,0
1518241,1,26,1988,49,0,23,60853.32,147046,146,84,0,0
1518343,1,26,1989,49,0,23,60854.35,147046,146,84,0,0
1518466,1,26,2022,49,0,23,60854.35,147046,146,84,0,0
1518565,1,27,2025,49,0,23,60854.35,147046,146,84,0,0
1518691,1,27,2061,49,0,23,60854.35,147046,146,84,0,0
1518821,1,27,2060,49,0,23,60854.35,147046,146,84,0,0
1518940,1,27,2094,49,0,23,60854.35,147046,146,84,0,0
1519041,1,27,2093,49,0,23,60854.35,147046,146,84,0,0
1519166,1,28,2130,49,0,23,60854.35,147046,146,84,0,0
1519281,1,28,2133,49,0,23,60854.35,147046,146,84,0,0
1519391,1,28,2166,49,0,23,60855.40,147046,146,84,0,0
1519518,1,28,2162,49,0,23,60855.40,147046,146,84,0,0
1519621,1,28,2195,48,0,23,60855.40,147046,146,84,0,0
1519740,1,29,2197,36,0,23,60855.40,147046,146,84,0,0
1519865,1,29,2169,0,0,23,60855.40,147046,146,84,0,0
1519965,1,29,2124,0,0,23,60855.40,147046,146,84,0,0
1520041,1,29,2085,0,0,23,60855.40,147046,146,84,0,0
1520191,1,29,1948,0,0,23,60855.40,147046,146,84,0,0
1520321,1,29,1745,0,0,23,60855.40,147046,146,84,0,0
1520431,1,29,1664,0,0,23,60855.40,147046,146,84,0,0
1520540,1,29,1646,0,0,23,60855.40,147046,146,84,0,0
1520665,1,29,1536,0,0,23,60855.40,147046,146,84,0,0
1520780,1,29,1560,1,0,23,60855.40,147046,146,84,0,0
1520890,1,29,1585,64,0,23,60855.40,147046,146,84,0,0
1521018,1,29,1556,73,0,23,60855.40,147046,146,84,0,0
1521121,1,29,1599,75,0,23,60856.41,147046,146,84,0,0
1521243,1,29,1594,75,0,23,60856.41,147046,146,84,0,0
1521343,1,30,1575,75,0,23,60856.41,147046,146,84,0,0
1521472,1,30,1609,75,0,23,60856.41,147046,146,84,0,0
1521540,1,30,1641,75,0,23,60856.41,147046,146,84,0,0
1521690,1,30,1641,75,0,23,60856.41,147046,146,84,0,0
1521818,1,31,1669,75,0,23,60856.41,147046,146,84,0,0
1521940,1,31,1668,72,0,23,60857.45,147046,146,84,0,0
1522040,1,32,1699,67,0,23,60857.45,147046,146,84,0,0
1522168,1,32,1724,63,0,23,60857.45,147046,146,84,0,0
1522280,1,32,1739,62,0,23,60857.45,147046,146,84,0,0
1522390,1,32,1753,61,0,23,60857.45,147046,146,84,0,0
1522515,1,33,1745,60,0,23,60857.45,147046,146,84,0,0
1522618,1,33,1777,60,0,23,60857.45,147046,146,84,0,0
1522740,1,33,1779,60,0,23,60857.45,147046,146,84,0,0
1522843,1,33,1782,59,0,23,60857.45,147046,146,84,0,0
1522968,1,34,1815,58,0,23,60858.49,147046,146,84,0,0
1523068,1,34,1816,58,0,23,60858.49,147046,146,84,0,0
1523190,1,34,1814,50,0,23,60858.49,147046,146,84,0,0
1523318,1,34,1842,48,0,23,60858.49,147046,146,84,0,0
1523431,1,34,1851,47,0,23,60858.49,147046,146,84,0,0
1523541,1,35,1845,46,0,23,60858.49,147046,146,84,0,0
1523665,1,35,1874,46,0,23,60858.49,147046,146,84,0,0
1523780,1,35,1875,45,0,23,60858.49,147046,146,84,0,0
1523890,1,35,1877,43,0,23,60858.49,147046,146,84,0,0
1524015,1,35,1878,41,0,23,60859.50,147046,146,84,0,0
1524118,1,35,1876,40,0,23,60859.50,147046,146,84,0,0
1524241,1,35,1904,39,0,23,60859.50,147046,146,84,0,0
1524343,1,35,1897,37,0,23,60859.50,147046,146,84,0,0
1524468,1,35,1897,35,0,23,60859.50,147046,146,84,0,0
1524540,1,36,1894,34,0,23,60859.50,147046,146,84,0,0
1524690,1,36,1889,33,0,23,60859.50,147046,146,84,0,0
1524818,1,36,1915,32,0,23,60859.50,147046,146,84,0,0
1524918,1,36,1910,32,0,23,60859.50,147046,146,84,0,0
1525040,1,36,1909,31,0,23,60859.50,147046,146,84,0,0
1525161,1,36,1941,21,0,23,60859.50,147046,146,84,0,0
1525280,1,36,1912,0,0,23,60860.54,147046,146,84,0,0
1525390,1,36,1888,0,0,23,60860.54,147046,146,84,0,0
1525515,1,36,1895,0,0,23,60860.54,147046,146,84,0,0
1525618,1,36,1885,0,0,23,60860.54,147046,146,84,0,0
1525740,1,36,1949,0,0,23,60860.54,147046,146,84,0,0
1525843,1,36,1950,0,0,23,60860.54,147046,146,84,0,0
1525968,1,36,1888,0,46,23,60860.54,147046,146,84,0,0
1526040,1,36,1888,0,56,23,60860.54,147046,146,84,0,0
1526190,1,35,1885,0,72,23,60860.54,147046,146,84,0,0
1526318,1,34,1806,0,80,23,60860.54,147046,146,84,0,0
1526431,1,34,1696,0,104,23,60860.54,147046,146,84,0,0
1526540,1,33,1568,0,118,23,60860.54,147046,146,84,0,0
1526661,1,32,1504,0,116,23,60860.54,147046,146,84,0,0
1526780,1,31,1489,0,124,23,60860.54,147046,146,84,0,0
1526890,1,30,1449,0,124,23,60860.54,147046,146,84,0,0
1526990,1,29,1394,0,128,23,60860.54,147046,146,84,0,0
1527068,1,28,1356,0,130,23,60860.54,147046,146,84,0,0
1527240,1,27,1319,0,138,23,60860.54,147046,146,84,0,0
1527343,1,26,1284,0,138,23,60860.54,147046,146,84,0,0
1527468,1,25,1249,0,132,23,60860.54,147046,146,84,0,0
1527540,1,24,1248,0,138,23,60860.54,147046,146,84,0,0
1527690,1,23,1247,0,136,23,60860.54,147046,146,84,0,0
1527818,1,21,1214,0,124,23,60860.54,147046,146,84,0,0
1527918,1,20,1213,0,120,23,60860.54,147046,146,84,0,0
1528040,1,19,1180,0,110,23,60860.54,147046,146,84,0,0
1528161,1,18,1180,0,108,23,60860.54,147046,146,84,0,0
1528280,1,18,1148,0,100,23,60861.55,147046,146,84,0,0
1528390,1,17,1147,0,96,23,60861.55,147046,146,84,0,0
1528490,1,16,1147,0,88,23,60861.55,147046,146,84,0,0
1528618,1,15,1147,0,84,23,60861.55,147046,146,84,0,0
1528740,1,15,1115,0,74,23,60861.55,147046,146,84,0,0
1528843,1,14,1115,0,70,23,60861.55,147046,146,84,0,0
1528968,1,14,1116,0,66,23,60861.55,147046,146,84,0,0
1529082,1,13,1116,0,70,23,60861.55,147046,146,84,0,0
1529190,1,13,1116,0,70,23,60861.55,147046,146,84,0,0
1529315,1,12,1116,0,68,23,60861.55,147046,146,84,0,0
1529431,1,11,1084,0,70,23,60861.55,147046,146,84,0,0
1529540,1,11,1084,0,66,23,60861.55,147046,146,84,0,0
1529661,1,11,1084,0,70,23,60861.55,147046,146,84,0,0
1529774,1,10,1084,0,70,23,60861.55,147046,146,84,0,0
1529890,1,9,1084,0,68,23,60861.55,147046,146,84,0,0
1529990,1,9,1085,0,68,23,60861.55,147046,146,84,0,0
1530118,1,8,1085,0,70,23,60861.55,147046,146,84,0,0
1530220,1,7,1085,0,66,23,60861.55,147046,146,84,0,0
1530343,1,7,1082,0,68,23,60861.55,147046,146,84,0,0
1530468,1,7,1081,0,70,23,60861.55,147046,146,84,0,0
1530540,1,6,1081,0,70,23,60861.55,147046,146,84,0,0
1530690,1,6,1049,0,68,23,60861.55,147046,146,84,0,0
1530815,1,5,1049,0,64,23,60861.55,147046,146,84,0,0
1530918,1,4,1049,0,54,23,60861.55,147046,146,84,0,0
1531030,1,4,1049,0,50,23,60861.55,147046,146,84,0,0
1531161,1,4,1049,0,38,23,60861.55,147046,146,84,0,0
1531268,1,3,1017,0,34,23,60861.55,147046,146,84,0,0
1531390,1,3,985,0,32,23,60861.55,147046,146,84,0,0
1531490,1,3,985,0,22,23,60861.55,147046,146,84,0,0
1531618,1,2,953,0,16,23,60861.55,147046,146,84,0,0
1531720,1,0,920,0,16,23,60861.55,147046,146,84,0,0
1531843,1,0,918,0,16,23,60862.55,147046,146,84,0,0
1531940,1,0,885,0,16,23,60862.55,147046,146,84,0,0
1532040,1,0,885,0,16,23,60862.55,147046,146,84,0,0
1532190,1,0,851,0,16,23,60862.55,147046,146,84,0,0
1532290,1,0,852,0,16,23,60862.55,147046,146,84,0,0
1532419,1,0,852,0,18,23,60862.55,147046,146,84,0,0
1532530,1,0,852,0,18,23,60862.55,147046,146,84,0,0
1532640,1,0,851,0,18,23,60862.55,147046,146,84,0,0
1532768,1,0,850,0,16,23,60862.55,147046,146,84,0,0
1532890,1,0,849,0,16,23,60862.55,147046,146,84,0,0
1532990,1,0,849,0,16,23,60862.55,147046,146,84,0,0
1533117,1,0,849,0,16,23,60862.55,147046,146,84,0,0
1533239,1,0,849,0,0,23,60862.55,147046,146,84,0,0
1533343,1,0,849,0,0,23,60862.55,147046,146,84,0,0
1533468,1,0,819,0,0,23,60862.55,147046,146,84,0,0
1533540,1,0,862,0,0,23,60862.55,147046,146,84,0,0
1533691,1,0,996,0,0,23,60862.55,147046,146,84,0,0
1533814,1,0,1137,0,0,23,60862.55,147046,146,84,0,0
1533918,1,0,1215,0,0,23,60862.55,147046,146,84,0,0
1534040,1,0,1128,0,0,23,60862.55,147046,146,84,0,0
1534161,1,0,1095,0,0,23,60862.55,147046,146,84,0,0
1534268,1,0,1179,0,0,23,60862.55,147046,146,84,0,0
1534390,1,0,1206,0,0,23,60862.55,147046,146,84,0,0
1534490,1,0,1146,0,0,23,60863.59,147046,146,84,0,0
1534618,1,0,1086,0,0,23,60863.59,147046,146,84,0,0
1534720,1,3,1035,0,0,23,60863.59,147046,146,84,0,0
1534843,1,4,1045,0,0,23,60863.59,147046,146,84,0,0
1534968,1,4,1047,0,0,23,60863.59,147046,146,84,0,0
1535040,1,5,1026,0,0,23,60863.59,147046,146,84,0,0
1535190,1,6,997,0,0,23,60863.59,147046,146,84,0,0
1535315,1,7,995,0,0,23,60863.59,147046,146,84,0,0
1535430,1,7,1058,0,0,23,60863.59,147046,146,84,0,0
1535540,1,8,1122,0,0,23,60863.59,147046,146,84,0,0
1535661,1,8,1203,13,0,23,60864.62,147046,146,84,0,0
1535780,1,8,1267,23,0,23,60864.62,147046,146,84,0,0
1535890,1,9,1280,23,0,23,60864.62,147046,146,84,0,0
1535990,1,9,1360,23,0,23,60864.62,147046,146,84,0,0
1536068,1,9,1432,23,0,23,60864.62,147046,146,84,0,0
1536240,1,10,1523,18,0,23,60864.62,147046,146,84,0,0
1536343,1,11,1559,18,0,23,60864.62,147046,146,84,0,0
1536468,1,11,1619,18,0,23,60864.62,147046,146,84,0,0
1536540,1,11,1651,18,0,23,60864.62,147046,146,84,0,0
1536691,1,12,1717,18,0,23,60865.66,147046,146,84,0,0
1536818,1,12,1745,0,0,23,60865.66,147046,146,84,0,0
1536918,1,12,1728,0,0,23,60865.66,147046,146,84,0,0
1537041,1,12,1780,0,0,23,60865.66,147046,146,84,0,0
1537161,1,12,1774,0,0,23,60865.66,147046,146,84,0,0
1537279,1,12,1754,0,0,23,60865.66,147046,146,84,0,0
1537390,1,12,1747,9,0,23,60865.66,147046,146,84,0,0
1537490,1,12,1778,11,0,23,60865.66,147046,146,84,0,0
1537618,1,12,1780,11,0,23,60865.66,147046,146,84,0,0
1537740,1,12,1783,11,0,23,60865.66,147046,146,84,0,0
1537843,1,12,1788,11,0,23,60865.66,147046,146,84,0,0
1537967,1,12,1728,11,0,23,60865.66,147046,146,84,0,0
1538040,1,12,1728,11,0,23,60865.66,147046,146,84,0,0
1538190,1,12,1760,11,0,23,60865.66,147046,146,84,0,0
1538318,1,12,1762,11,0,23,60865.66,147046,146,84,0,0
1538431,1,12,1763,0,0,23,60865.66,147046,146,84,0,0
1538530,1,12,1764,0,0,23,60866.66,147046,146,84,0,0
1538661,1,12,1760,0,0,23,60866.66,147046,146,84,0,0
1538780,1,12,1754,0,0,23,60866.66,147046,146,84,0,0
1538891,1,12,1720,0,0,23,60866.66,147046,146,84,0,0
1538990,1,12,1719,0,0,23,60866.66,147046,146,84,0,0
1539127,1,12,1714,0,0,23,60866.66,147046,146,84,0,0
1539240,1,12,1716,0,0,23,60866.66,147046,146,84,0,0
1539343,1,12,1692,0,0,23,60866.66,147046,146,84,0,0
1539468,1,11,1617,0,0,23,60866.66,147046,146,84,0,0
1539568,1,11,1629,0,2,23,60866.66,147046,146,84,0,0
1539691,1,11,1604,0,2,23,60866.66,147046,146,84,0,0
1539817,1,11,1547,0,2,23,60866.66,147046,146,84,0,0
1539921,1,11,1530,0,2,23,60866.66,147046,146,84,0,0
1540040,1,10,1525,0,2,23,60866.66,147046,146,84,0,0
1540161,1,10,1479,0,2,23,60866.66,147046,146,84,0,0
1540279,1,10,1459,0,2,23,60866.66,147046,146,84,0,0
1540390,1,10,1444,0,2,23,60866.66,147046,146,84,0,0
1540490,1,10,1416,0,2,23,60866.66,147046,146,84,0,0
1540617,1,10,1381,0,0,23,60866.66,147046,146,84,0,0
1540739,1,10,1380,0,0,23,60866.66,147046,146,84,0,0
1540843,1,9,1379,0,0,23,60866.66,147046,146,84,0,0
1540967,1,9,1346,0,0,23,60866.66,147046,146,84,0,0
1541040,1,9,1313,0,0,23,60866.66,147046,146,84,0,0
1541190,1,9,1312,0,0,23,60866.66,147046,146,83,0,0
1541317,1,9,1309,0,0,23,60866.66,147046,146,83,0,0
1541431,1,9,1276,0,0,23,60866.66,147046,146,83,0,0
1541540,1,9,1275,0,0,23,60866.66,147046,146,83,0,0
1541660,1,9,1243,0,0,23,60866.66,147046,146,83,0,0
1541779,1,8,1241,0,0,23,60867.68,147046,146,83,0,0
1541890,1,8,1208,0,0,23,60867.68,147046,146,83,0,0
1541990,1,8,1208,0,0,23,60867.68,147046,146,83,0,0
1542125,1,8,1172,0,0,23,60867.68,147046,146,83,0,0
1542240,1,8,1172,18,0,23,60867.68,147046,146,83,0,0
1542343,1,8,1175,32,0,23,60867.68,147046,146,83,0,0
1542467,1,8,1180,45,0,23,60867.68,147046,143,83,0,0
1542587,1,8,1215,50,0,23,60867.68,147046,143,83,0,0
1542691,1,8,1224,52,0,23,60867.68,147046,143,83,0,0
1542817,1,8,1190,52,0,23,60867.68,147046,143,83,0,0
1542917,1,8,1216,52,0,23,60867.68,147046,143,83,0,0
1543040,1,9,1300,52,0,23,60867.68,147046,143,83,0,0
1543160,1,9,1300,52,0,23,60867.68,147046,143,83,0,0
1543267,1,9,1400,52,0,23,60867.68,147046,143,83,0,0
1543390,1,9,1427,52,0,23,60867.68,147046,143,83,0,0
1543490,1,10,1458,52,0,23,60867.68,147046,143,83,0,0
1543617,1,10,1533,52,0,23,60867.68,147046,143,83,0,0
1543740,1,11,1537,52,0,23,60867.68,147046,143,83,0,0
1543843,1,11,1604,52,0,23,60868.68,147046,143,83,0,0
1543968,1,11,1673,52,0,23,60868.68,147046,143,83,0,0
1544040,1,12,1709,52,0,23,60868.68,147046,143,83,0,0
1544190,1,12,1775,49,0,23,60868.68,147046,143,83,0,0
1544315,1,13,1808,49,0,23,60868.68,147046,143,83,0,0
1544430,1,14,1839,49,0,23,60868.68,147046,143,83,0,0
1544540,1,13,1935,47,0,23,60868.68,147046,143,83,0,0
1544661,1,13,1937,47,0,23,60868.68,147046,143,83,0,0
1544767,1,13,1869,34,0,23,60868.68,147046,143,83,0,0
1544890,1,13,1917,33,0,23,60868.68,147046,143,83,0,0
1544990,1,13,1975,33,0,23,60868.68,147046,143,83,0,0
1545117,1,13,1940,33,0,23,60869.71,147046,143,83,0,0
1545220,1,13,1876,33,0,23,60869.71,147046,143,83,0,0
1545343,1,13,1908,33,0,23,60869.71,147046,143,83,0,0
1545467,1,14,2040,32,0,23,60869.71,147046,143,83,0,0
1545540,1,14,2075,32,0,23,60869.71,147046,143,83,0,0
1545691,1,14,2073,35,0,23,60869.71,147046,143,83,0,0
1545817,1,15,2080,35,0,23,60869.71,147046,143,83,0,0
1545917,1,15,2112,36,0,23,60869.71,147046,143,83,0,0
1546040,1,15,2162,36,0,23,60869.71,147046,143,83,0,0
1546161,1,15,2231,36,0,23,60869.71,147046,143,83,0,0
1546267,1,16,2271,38,0,23,60869.71,147046,143,83,0,0
1546390,1,16,2211,36,0,23,60869.71,147046,143,83,0,0
1546490,1,16,2244,0,0,23,60870.73,147046,143,83,0,0
1546617,1,16,2266,0,0,23,60870.73,147046,143,83,0,0
1546740,1,16,2128,0,0,23,60870.73,147046,143,83,0,0
1546843,1,16,1998,0,0,23,60870.73,147046,143,83,0,0
1546967,1,16,1775,0,0,23,60870.73,147046,143,83,0,0
1547040,1,16,1757,0,0,23,60870.73,147046,143,83,0,0
1547190,1,16,1679,9,0,23,60870.73,147046,143,83,0,0
1547317,1,16,1568,30,0,23,60870.73,147046,143,83,0,0
1547431,1,17,1384,42,0,23,60870.73,147046,143,83,0,0
1547540,1,17,1224,54,0,23,60870.73,147046,143,83,0,0
1547661,1,17,1288,71,0,23,60870.73,147046,143,83,0,0
1547779,1,17,1353,76,0,23,60870.73,147046,143,83,0,0
1547889,1,18,1384,76,0,23,60870.73,147046,143,83,0,0
1547989,1,18,1422,76,0,23,60870.73,147046,143,83,0,0
1548121,1,19,1450,76,0,23,60871.77,147046,143,83,0,0
1548239,1,19,1480,76,0,23,60871.77,147046,143,83,0,0
1548342,1,19,1476,76,0,23,60871.77,147046,143,83,0,0
1548467,1,20,1543,76,0,23,60871.77,147046,143,83,0,0
1548567,1,20,1578,76,0,23,60871.77,147046,143,83,0,0
1548691,1,20,1612,67,0,23,60871.77,147046,143,83,0,0
1548817,1,21,1641,66,0,23,60871.77,147046,143,83,0,0
1548917,1,22,1662,65,0,23,60871.77,147046,143,83,0,0
1549040,1,22,1685,65,0,23,60871.77,147046,143,83,0,0
1549167,1,22,1711,65,0,23,60872.79,147046,143,83,0,0
1549280,1,22,1742,62,0,23,60872.79,147046,143,83,0,0
1549390,1,23,1776,60,0,23,60872.79,147046,143,83,0,0
1549489,1,23,1775,59,0,23,60872.79,147046,143,83,0,0
1549617,1,24,1810,55,0,23,60872.79,147046,143,83,0,0
1549740,1,24,1847,49,0,23,60872.79,147046,143,83,0,0
1549842,1,24,1843,46,0,23,60872.79,147046,143,83,0,0
1549968,1,24,1882,41,0,23,60872.79,147046,143,83,0,0
1550039,1,25,1864,39,0,23,60872.79,147046,143,83,0,0
1550189,1,25,1916,25,0,23,60873.81,147046,143,83,0,0
1550317,1,25,1907,17,0,23,60873.81,147046,143,83,0,0
1550430,1,25,1890,5,0,23,60873.81,147046,143,83,0,0
1550539,1,25,1907,0,0,23,60873.81,147046,143,83,0,0
1550667,1,25,1888,0,0,23,60873.81,147046,143,83,0,0
1550779,1,25,1881,0,0,23,60873.81,147046,143,83,0,0
1550889,1,25,1880,0,0,23,60873.81,147046,143,83,0,0
1550989,1,25,1911,0,0,23,60873.81,147046,143,83,0,0
1551120,1,25,1912,0,0,23,60873.81,147046,143,83,0,0
1551239,1,25,1911,0,0,23,60873.81,147046,143,83,0,0
1551367,1,25,1864,0,0,23,60873.81,147046,143,83,0,0
1551467,1,25,1880,0,0,23,60873.81,147046,143,83,0,0
1551667,1,24,1840,0,2,23,60873.81,147046,143,83,0,0
1551789,1,24,1834,0,4,23,60873.81,147046,143,83,0,0
1551914,1,24,1837,0,8,23,60873.81,147046,143,83,0,0
1552029,1,24,1837,0,10,23,60873.81,147046,143,83,0,0
1552140,1,24,1805,0,16,23,60873.81,147046,143,83,0,0
1552239,1,24,1803,0,18,23,60873.81,147046,143,83,0,0
1552367,1,23,1787,0,20,23,60873.81,147046,143,83,0,0
1552490,1,23,1741,0,18,23,60873.81,147046,143,83,0,0
1552606,1,23,1728,0,20,23,60873.81,147046,143,83,0,0
1552720,1,23,1709,0,30,23,60873.81,147046,143,83,0,0
1552817,1,22,1664,0,36,23,60873.81,147046,143,83,0,0
1552939,1,22,1632,0,38,23,60873.81,147046,143,83,0,0
1553039,1,21,1600,0,38,23,60873.81,147046,143,83,0,0
1553167,1,21,1568,0,38,23,60873.81,147046,143,83,0,0
1553289,1,21,1536,0,40,23,60873.81,147046,143,83,0,0
1553415,1,20,1536,0,40,23,60873.81,147046,143,83,0,0
1553529,1,19,1472,0,40,23,60873.81,147046,143,83,0,0
1553639,1,19,1472,0,40,23,60873.81,147046,143,83,0,0
1553739,1,19,1408,0,38,23,60873.81,147046,143,83,0,0
1553867,1,18,1384,0,32,23,60873.81,147046,143,83,0,0
1553967,1,18,1372,0,14,23,60873.81,147046,143,83,0,0
1554039,1,18,1365,0,16,23,60873.81,147046,143,83,0,0
1554220,1,17,1315,0,18,23,60873.81,147046,143,83,0,0
1554317,1,17,1290,0,16,23,60873.81,147046,143,83,0,0
1554440,1,17,1255,0,16,23,60873.81,147046,143,83,0,0
1554539,1,16,1258,0,16,23,60873.81,147046,143,83,0,0
1554667,1,16,1254,0,14,23,60873.81,147046,143,83,0,0
1554789,1,16,1222,0,14,23,60873.81,147046,143,83,0,0
1554914,1,16,1208,0,12,23,60873.81,147046,143,83,0,0
1555029,1,16,1208,0,12,23,60874.82,147046,143,83,0,0
1555143,1,16,1208,0,12,23,60874.82,147046,143,83,0,0
1555239,1,15,1172,0,12,23,60874.82,147046,143,83,0,0
1555367,1,15,1172,0,14,23,60874.82,147046,143,83,0,0
1555467,1,15,1171,0,12,23,60874.82,147046,143,83,0,0
1555567,1,15,1139,0,18,23,60874.82,147046,143,83,0,0
1555714,1,15,1139,0,18,23,60874.82,147046,143,83,0,0
1555817,1,15,1137,0,20,23,60874.82,147046,143,83,0,0
1555939,1,14,1105,0,20,23,60874.82,147046,143,83,0,0
1556039,1,14,1073,0,28,23,60874.82,147046,143,83,0,0
1556167,1,14,1077,0,30,23,60874.82,147046,143,83,0,0
1556289,1,14,1079,0,30,23,60874.82,147046,143,83,0,0
1556409,1,13,1080,0,40,23,60874.82,147046,143,83,0,0
1556517,1,12,1081,0,42,23,60874.82,147046,143,83,0,0
1556640,1,12,1081,0,42,23,60874.82,147046,143,83,0,0
1556739,1,11,1083,0,40,23,60874.82,147046,143,83,0,0
1556867,1,11,1050,0,38,23,60874.82,147046,143,83,0,0
1556967,1,11,1049,0,38,23,60874.82,147046,143,83,0,0
1557067,1,10,1050,0,40,23,60874.82,147046,143,83,0,0
1557214,1,9,1081,0,40,23,60874.82,147046,143,83,0,0
1557317,1,9,1051,0,40,23,60874.82,147046,143,83,0,0
1557440,1,9,1051,0,40,23,60874.82,147046,143,83,0,0
1557539,1,8,1051,0,36,23,60874.82,147046,143,83,0,0
1557667,1,8,1051,0,38,23,60874.82,147046,143,83,0,0
1557789,1,8,1052,0,40,23,60874.82,147046,143,83,0,0
1557889,1,7,1052,0,40,23,60874.82,147046,143,83,0,0
1558017,1,7,1052,0,42,23,60874.82,147046,143,83,0,0
1558117,1,6,1052,0,42,23,60874.82,147046,143,83,0,0
1558239,1,6,1053,0,42,23,60874.82,147046,143,83,0,0
1558342,1,6,1053,0,44,23,60874.82,147046,143,83,0,0
1558467,1,5,1053,0,52,23,60874.82,147046,143,83,0,0
1558539,1,5,1054,0,56,23,60874.82,147046,143,83,0,0
1558691,1,4,1055,0,74,23,60874.82,147046,143,83,0,0
1558817,1,3,1023,0,86,23,60875.82,147046,143,83,0,0
1558917,1,3,1023,0,88,23,60875.82,147046,143,83,0,0
1559039,1,0,1023,0,20,23,60875.82,147046,143,83,0,0
1559167,1,0,959,0,0,23,60875.82,147046,143,83,0,0
1559279,1,0,925,0,0,23,60875.82,147046,143,83,0,0
1559389,1,0,892,0,0,23,60875.82,147046,143,83,0,0
1559517,1,0,896,0,0,23,60875.82,147046,143,83,0,0
1559627,1,0,928,0,0,23,60875.82,147046,143,83,0,0
1559741,1,0,1096,0,0,23,60875.82,147046,143,83,0,0
1559842,1,0,1422,0,0,23,60875.82,147046,143,83,0,0
1559967,1,0,1650,0,0,23,60875.82,147046,143,83,0,0
1560088,1,0,1715,0,0,23,60875.82,147046,143,83,0,0
1560189,1,0,1709,0,0,23,60875.82,147046,143,83,0,0
1560317,1,0,1522,0,0,23,60875.82,147046,143,83,0,0
1560430,1,0,1290,0,0,23,60875.82,147046,143,83,0,0
1560539,1,3,1152,0,0,23,60875.82,147046,143,83,0,0
1560660,1,3,1120,0,0,23,60875.82,147046,143,83,0,0
1560767,1,4,1210,0,0,23,60876.82,147046,143,83,0,0
1560889,1,4,1138,0,0,23,60876.82,147046,143,83,0,0
1560990,1,5,1132,0,0,23,60876.82,147046,143,83,0,0
1561117,1,6,1134,0,0,23,60876.82,147046,143,83,0,0
1561219,1,7,1105,0,0,23,60876.82,147046,143,83,0,0
1561343,1,7,1105,0,0,23,60876.82,147046,143,83,0,0
1561439,1,8,1202,0,0,23,60876.82,147046,143,83,0,0
1561542,1,8,1270,0,0,23,60876.82,147046,143,83,0,0
1561691,1,9,1326,3,0,23,60877.82,147046,143,83,0,0
1561789,1,9,1383,5,0,23,60877.82,147046,143,83,0,0
1561918,1,10,1410,5,0,23,60877.82,147046,143,83,0,0
1562028,1,10,1470,5,0,23,60877.82,147046,143,83,0,0
1562139,1,10,1533,5,0,23,60877.82,147046,143,83,0,0
1562267,1,11,1530,0,0,23,60877.82,147046,143,83,0,0
1562367,1,11,1510,0,0,23,60877.82,147046,143,83,0,0
1562489,1,11,1524,0,0,23,60877.82,147046,143,83,0,0
1562615,1,11,1576,0,0,23,60877.82,147046,143,83,0,0
1562719,1,11,1640,0,0,23,60877.82,147046,143,83,0,0
1562842,1,11,1641,0,0,23,60877.82,147046,143,83,0,0
1562939,1,11,1674,0,0,23,60877.82,147046,143,83,0,0
1563039,1,12,1676,0,0,23,60877.82,147046,143,83,0,0
1563189,1,12,1741,0,2,23,60877.82,147046,143,83,0,0
1563289,1,12,1791,0,2,23,60877.82,147046,143,83,0,0
1563418,1,13,1828,0,2,23,60877.82,147046,143,83,0,0
1563529,1,13,1860,0,4,23,60877.82,147046,143,83,0,0
1563639,1,13,1913,0,6,23,60877.82,147046,143,83,0,0
1563766,1,13,1978,0,4,23,60877.82,147046,143,83,0,0
1563867,1,14,2007,0,4,23,60877.82,147046,143,83,0,0
1563989,1,14,2029,0,4,23,60877.82,147046,143,83,0,0
1564095,1,14,2104,0,6,23,60877.82,147046,143,83,0,0
1564220,1,15,2125,0,6,23,60877.82,147046,143,83,0,0
1564342,1,15,2203,0,8,23,60877.82,147046,143,83,0,0
1564444,1,15,2236,0,10,23,60877.82,147046,143,83,0,0
1564539,1,16,2272,0,24,23,60877.82,147046,143,83,0,0
1564667,1,16,2304,0,28,23,60877.82,147046,143,83,0,0
1564789,1,16,2336,0,26,23,60877.82,147046,143,83,0,0
1564917,1,17,2336,0,26,23,60877.82,147046,143,83,0,0
1565029,1,17,2368,0,30,23,60877.82,147046,143,83,0,0
1565139,1,17,2368,0,36,23,60877.82,147046,143,83,0,0
1565239,1,17,2336,0,40,23,60877.82,147046,143,83,0,0
1565367,1,16,2336,0,44,23,60877.82,147046,143,83,0,0
1565489,1,16,2336,0,48,23,60877.82,147046,143,83,0,0
1565597,1,16,2304,0,48,23,60877.82,147046,143,83,0,0
1565719,1,16,2240,0,44,23,60877.82,147046,143,83,0,0
1565817,1,16,2240,0,42,23,60877.82,147046,143,83,0,0
1565939,1,16,2208,0,46,23,60877.82,147046,143,83,0,0
1566039,1,15,2144,0,44,23,60877.82,147046,143,83,0,0
1566167,1,15,2080,0,46,23,60877.82,147046,143,83,0,0
1566289,1,15,2048,0,46,23,60877.82,147046,143,83,0,0
1566414,1,14,2016,0,50,23,60877.82,147046,143,83,0,0
1566517,1,14,1952,0,48,23,60877.82,147046,143,83,0,0
1566639,1,14,1888,0,0,23,60877.82,147046,143,83,0,0
1566739,1,14,1920,0,0,23,60877.82,147046,143,83,0,0
1566868,1,13,1920,0,0,23,60877.82,147046,143,83,0,0
1566967,1,13,1824,0,0,23,60877.82,147046,143,83,0,0
1567067,1,13,1760,0,0,23,60877.82,147046,143,83,0,0
1567219,1,12,1760,0,0,23,60877.82,147046,143,83,0,0
1567317,1,12,1728,0,0,23,60877.82,147046,143,83,0,0
1567441,1,12,1664,0,0,23,60877.82,147046,143,83,0,0
1567539,1,11,1568,0,0,23,60877.82,147046,143,83,0,0
1567667,1,11,1536,0,0,23,60877.82,147046,143,83,0,0
1567789,1,11,1546,6,0,23,60878.84,147046,143,83,0,0
1567889,1,10,1518,11,0,23,60878.84,147046,143,83,0,0
1568018,1,10,1530,14,0,23,60878.84,147046,143,83,0,0
1568118,1,10,1528,18,0,23,60878.84,147046,143,83,0,0
1568239,1,10,1562,19,0,23,60878.84,147046,143,83,0,0
1568367,1,10,1472,24,0,23,60878.84,147046,143,83,0,0
1568467,1,10,1514,29,0,23,60878.84,147046,143,83,0,0
1568596,1,10,1562,42,0,23,60878.84,147046,143,83,0,0
1568691,1,11,1572,51,0,23,60878.84,147046,143,83,0,0
1568817,1,11,1628,51,0,23,60878.84,147046,143,83,0,0
1568939,1,11,1635,53,0,23,60878.84,147046,143,83,0,0
1569039,1,12,1699,60,0,23,60878.84,147046,143,83,0,0
1569168,1,12,1776,65,0,23,60878.84,147046,143,83,0,0
1569267,1,12,1832,70,0,23,60878.84,147046,143,83,0,0
1569389,1,13,1903,71,0,23,60879.89,147046,143,83,0,0
1569514,1,14,1965,71,0,23,60879.89,147046,143,83,0,0
1569620,1,14,2071,71,0,23,60879.89,147046,143,83,0,0
1569738,1,14,2138,71,0,23,60879.89,147046,143,83,0,0
1569842,1,15,2183,62,0,23,60879.89,147046,143,83,0,0
1569967,1,15,2154,0,0,23,60879.89,147046,143,83,0,0
1570067,1,16,2111,0,0,23,60879.89,147046,143,83,0,0
1570189,1,16,2015,0,0,23,60880.92,147046,143,83,0,0
1570318,1,16,1836,0,0,23,60880.92,147046,143,83,0,0
1570430,1,16,1742,0,0,23,60880.92,147046,143,83,0,0
1570539,1,15,1691,7,0,23,60880.92,147046,143,83,0,0
1570661,1,15,1595,7,0,23,60880.92,147046,143,83,0,0
1570767,1,16,1221,74,0,23,60880.92,147046,143,83,0,0
1570889,1,16,1337,109,0,23,60880.92,147046,143,83,0,0
1570991,1,16,1296,109,0,23,60880.92,147046,143,83,0,0
1571119,1,17,1375,109,0,23,60880.92,147046,143,83,0,0
1571219,1,18,1384,109,0,23,60880.92,147046,143,83,0,0
1571342,1,18,1429,108,0,23,60880.92,147046,143,83,0,0
1571439,1,19,1465,106,0,23,60881.93,147046,143,83,0,0
1571539,1,19,1501,103,0,23,60881.93,147046,143,83,0,0
1571691,1,19,1567,90,0,23,60881.93,147046,143,83,0,0
1571813,1,21,1571,89,0,23,60881.93,147046,143,83,0,0
1571918,1,21,1618,89,0,23,60881.93,147046,143,83,0,0
1572029,1,21,1637,88,0,23,60881.93,147046,143,83,0,0
1572139,1,22,1688,88,0,23,60881.93,147046,143,83,0,0
1572267,1,22,1744,87,0,23,60882.98,147046,143,83,0,0
1572368,1,23,1771,87,0,23,60882.98,147046,143,83,0,0
1572489,1,23,1772,83,0,23,60882.98,147046,140,83,0,0
1572594,1,23,1808,82,0,23,60882.98,147046,140,83,0,0
1572719,1,24,1849,82,0,23,60882.98,147046,140,83,0,0
1572841,1,24,1887,80,0,23,60882.98,147046,140,83,0,0
1572939,1,25,1893,77,0,23,60883.99,147046,140,83,0,0
1573039,1,25,1928,74,0,23,60883.99,147046,140,83,0,0
1573188,1,25,1958,67,0,23,60883.99,147046,140,83,0,0
1573289,1,26,2014,61,0,23,60883.99,147046,140,83,0,0
1573418,1,26,1991,52,0,23,60883.99,147046,140,83,0,0
1573529,1,26,2010,48,0,23,60883.99,147046,140,83,0,0
1573643,1,26,2045,48,0,23,60883.99,147046,140,83,0,0
1573768,1,26,2007,19,0,23,60883.99,147046,140,83,0,0
1573868,1,27,2008,0,0,23,60885.01,147046,140,83,0,0
1573990,1,27,1962,0,0,23,60885.01,147046,140,83,0,0
1574105,1,26,2046,0,0,23,60885.01,147046,140,83,0,0
1574219,1,26,1986,0,0,23,60885.01,147046,140,83,0,0
1574342,1,26,1986,0,0,23,60885.01,147046,140,83,0,0
1574440,1,26,1953,0,0,23,60885.01,147046,140,83,0,0
1574540,1,26,1954,0,0,23,60885.01,147046,140,83,0,0
1574668,1,26,1973,0,0,23,60885.01,147046,140,83,0,0
1574789,1,26,1933,0,0,23,60885.01,147046,140,83,0,0
1574918,1,25,1933,0,0,23,60885.01,147046,140,83,0,0
1575029,1,25,1908,0,0,23,60885.01,147046,140,83,0,0
1575139,1,25,1902,0,0,23,60885.01,147046,140,83,0,0
1575239,1,25,1913,0,0,23,60885.01,147046,140,83,0,0
1575368,1,25,1870,0,0,23,60885.01,147046,140,83,0,0
1575489,1,24,1852,0,0,23,60885.01,147046,140,83,0,0
1575568,1,24,1837,0,0,23,60885.01,147046,140,83,0,0
1575719,1,24,1820,0,0,23,60885.01,147046,140,83,0,0
1575818,1,24,1805,0,4,23,60885.01,147046,140,83,0,0
1575939,1,23,1819,0,10,23,60885.01,147046,140,83,0,0
1576039,1,23,1773,0,12,23,60885.01,147046,140,83,0,0
1576189,1,23,1773,0,16,23,60885.01,147046,140,83,0,0
1576289,1,23,1728,0,14,23,60885.01,147046,140,83,0,0
1576414,1,22,1696,0,16,23,60885.01,147046,140,83,0,0
1576518,1,22,1696,0,16,23,60885.01,147046,140,83,0,0
1576638,1,22,1664,0,22,23,60885.01,147046,140,83,0,0
1576739,1,22,1632,0,24,23,60885.01,147046,140,83,0,0
1576869,1,21,1600,0,28,23,60885.01,147046,140,83,0,0
1576988,1,21,1568,0,30,23,60885.01,147046,140,83,0,0
1577103,1,21,1536,0,32,23,60885.01,147046,140,83,0,0
1577219,1,20,1504,0,40,23,60885.01,147046,140,83,0,0
1577318,1,20,1472,0,44,23,60885.01,147046,140,83,0,0
1577439,1,19,1440,0,52,23,60885.01,147046,140,83,0,0
1577539,1,19,1408,0,54,23,60885.01,147046,140,83,0,0
1577668,1,18,1359,0,54,23,60885.01,147046,140,83,0,0
1577788,1,18,1324,0,54,23,60885.01,147046,140,83,0,0
1577908,1,17,1280,0,60,23,60885.01,147046,140,83,0,0
1578018,1,16,1224,0,62,23,60885.01,147046,140,83,0,0
1578128,1,16,1242,0,64,23,60885.01,147046,140,83,0,0
1578239,1,15,1185,0,66,23,60885.01,147046,140,83,0,0
1578341,1,15,1187,0,68,23,60885.01,147046,140,83,0,0
1578469,1,14,1154,0,74,23,60885.01,147046,140,83,0,0
1578594,1,14,1153,0,78,23,60885.01,147046,140,83,0,0
1578691,1,13,1153,0,84,23,60885.01,147046,140,83,0,0
1578819,1,12,1154,0,92,23,60885.01,147046,140,83,0,0
1578938,1,11,1123,0,106,23,60885.01,147046,140,83,0,0
1579038,1,10,1124,0,108,23,60886.01,147046,140,83,0,0
1579160,1,9,1124,0,108,23,60886.01,147046,140,83,0,0
1579278,1,9,1091,0,106,23,60886.01,147046,140,83,0,0
1579368,1,8,1091,0,104,23,60886.01,147046,140,83,0,0
1579513,1,6,1091,0,106,23,60886.01,147046,140,83,0,0
1579618,1,5,1091,0,108,23,60886.01,147046,140,83,0,0
1579738,1,4,1057,0,110,23,60886.01,147046,140,83,0,0
1579841,1,3,1057,0,110,23,60886.01,147046,140,83,0,0
1579971,1,2,1056,0,104,23,60886.01,147046,140,83,0,0
1580038,1,0,1024,0,90,23,60886.01,147046,140,83,0,0
1580188,1,0,991,0,72,23,60886.01,147046,140,83,0,0
1580313,1,0,927,0,32,23,60886.01,147046,140,83,0,0
1580429,1,0,891,0,0,23,60886.01,147046,140,83,0,0
1580539,1,0,859,0,0,23,60886.01,147046,140,83,0,0
1580660,1,0,857,0,0,23,60886.01,147046,140,83,0,1
1580778,1,0,857,0,0,23,60886.01,147046,140,83,0,1
1580888,1,0,860,0,0,23,60886.01,147046,140,83,0,1
1580998,1,0,805,0,0,23,60886.01,147046,140,83,0,1
1581068,1,0,759,0,0,23,60886.01,147046,140,83,0,1
1581219,1,0,814,0,0,23,60886.01,147046,140,83,0,1
1581342,1,0,1017,0,0,23,60886.01,147046,140,83,0,1
1581439,1,0,1247,0,0,23,60886.01,147046,140,83,0,1
1581568,1,0,1416,0,0,23,60887.06,147046,140,83,0,1
1581691,1,0,1265,0,0,23,60887.06,147046,140,83,0,1
1581788,1,0,1135,0,0,23,60887.06,147046,140,83,0,1
1581921,1,0,1002,0,0,23,60887.06,147046,140,83,0,1
1582038,1,2,908,0,0,23,60887.06,147046,140,83,0,1
1582138,1,2,844,0,0,23,60887.06,147046,140,83,0,1
1582268,1,2,790,0,0,23,60887.06,147046,140,83,0,1
1582368,1,2,756,0,0,23,60887.06,147046,140,83,0,1
1582488,1,2,798,0,0,23,60887.06,147046,140,83,0,1
1582613,1,2,852,0,0,23,60887.06,147046,140,83,0,1
1582719,1,3,960,0,0,23,60887.06,147046,140,83,0,1
1582841,1,3,1049,0,0,23,60887.06,147046,140,83,0,1
1582938,1,3,1041,0,0,23,60887.06,147046,140,83,0,1
1583038,1,3,1015,0,0,23,60887.06,147046,140,83,0,1
1583188,1,3,969,0,0,23,60888.08,147046,140,83,0,1
1583288,1,3,969,0,0,23,60888.08,147046,140,83,0,1
1583414,1,3,982,0,0,23,60888.08,147046,140,83,0,1
1583529,1,3,966,0,0,23,60888.08,147046,140,83,0,1
1583638,1,3,991,0,0,23,60888.08,147046,140,83,0,1
1583738,1,3,956,0,0,23,60888.08,147046,140,83,0,1
1583841,1,3,955,0,0,23,60888.08,147046,140,83,0,1
1583988,1,3,890,0,0,23,60888.08,147046,140,83,0,1
1584068,1,3,851,0,0,23,60888.08,147046,140,83,0,1
1584221,1,3,820,0,0,23,60888.08,147046,140,83,0,1
1584318,1,3,817,0,0,23,60888.08,147046,140,83,0,1
1584440,1,3,813,0,0,23,60888.08,147046,140,83,0,1
1584568,1,3,977,0,0,23,60888.08,147046,140,83,0,1
1584668,1,3,1008,0,0,23,60888.08,147046,140,83,0,1
1584788,1,3,1003,0,0,23,60888.08,147046,140,83,0,1
1584908,1,3,1016,0,0,23,60888.08,147046,140,83,0,1
1585021,1,3,989,0,0,23,60888.08,147046,140,83,0,1
1585138,1,3,962,0,0,23,60889.11,147046,140,83,0,1
1585238,1,3,973,0,0,23,60889.11,147046,140,83,0,1
1585371,1,3,987,0,0,23,60889.11,147046,140,83,0,1
1585471,1,3,989,0,0,23,60889.11,147046,140,83,0,1
1585594,1,3,986,0,0,23,60889.11,147046,140,83,0,1
1585713,1,2,1017,0,0,23,60889.11,147046,140,83,0,1
1585821,1,2,1003,0,0,23,60889.11,147046,140,83,0,1
1585939,1,2,970,0,0,23,60889.11,147046,140,83,0,1
1586038,1,2,972,0,0,23,60889.11,147046,140,83,0,1
1586168,1,0,1017,0,0,23,60889.11,147046,140,83,0,1
1586288,1,0,1055,0,0,23,60889.11,147046,140,83,0,1
1586408,1,0,1020,0,0,23,60889.11,147046,140,84,0,1
1586521,1,0,1001,0,0,23,60889.11,147046,140,84,0,1
1586638,1,0,1001,0,0,23,60889.11,147046,140,84,0,1
1586738,1,0,1004,0,0,23,60889.11,147046,140,84,0,1
1586841,1,0,1005,0,0,23,60889.11,147046,140,84,0,1
1586971,1,0,1007,0,0,23,60890.11,147046,140,84,0,1
1587098,1,0,1007,0,0,23,60890.11,147046,140,84,0,1
1587188,1,0,944,0,0,23,60890.11,147046,140,84,0,1
1587321,1,0,898,0,0,23,60890.11,147046,140,84,0,1
1587438,1,0,892,0,0,23,60890.11,147046,140,84,0,1
1587538,1,0,882,0,0,23,60890.11,147046,140,84,0,1
1587671,1,0,877,0,0,23,60890.11,147046,140,84,0,0
1587788,1,0,875,0,0,23,60890.11,147046,140,84,0,0
1587888,1,0,837,0,0,23,60890.11,147046,140,84,0,0
1588013,1,0,835,0,0,23,60890.11,147046,140,84,0,0
1588121,1,0,860,0,0,23,60890.11,147046,140,84,0,0
1588238,1,0,860,0,0,23,60890.11,147046,140,84,0,0
1588341,1,0,860,0,0,23,60890.11,147046,140,84,0,0
1588471,1,0,892,0,0,23,60890.11,147046,140,84,0,0
1588538,1,0,868,0,0,23,60890.11,147046,140,84,0,0
1588688,1,0,942,0,0,23,60890.11,147046,140,84,0,0
1588821,1,0,1088,0,0,23,60890.11,147046,140,84,0,0
1588921,1,0,1175,0,0,23,60890.11,147046,140,84,0,0
1589038,1,0,1209,0,0,23,60890.11,147046,140,84,0,0
1589158,1,0,1163,0,0,23,60890.11,147046,140,84,0,0
1589278,1,0,1127,0,0,23,60890.11,147046,140,84,0,0
1589388,1,0,1131,0,0,23,60891.13,147046,140,84,0,0
1589513,1,0,1205,0,0,23,60891.13,147046,140,84,0,0
1589620,1,0,1200,0,0,23,60891.13,147046,140,84,0,0
1589738,1,0,1153,0,0,23,60891.13,147046,140,84,0,0
1589841,1,0,1134,0,0,23,60891.13,147046,140,84,0,0
1589971,1,0,1127,0,0,23,60891.13,147046,140,84,0,0
1590071,1,0,1140,0,0,23,60891.13,147046,140,84,0,0
1590188,1,0,1148,0,0,23,60891.13,147046,140,84,0,0
1590321,1,0,1147,0,0,23,60891.13,147046,140,84,0,0
1590438,1,0,1146,0,0,23,60891.13,147046,140,84,0,0
1590538,1,0,1144,0,0,23,60891.13,147046,140,84,0,0
1590671,1,3,1144,0,0,23,60891.13,147046,140,84,0,0
1590779,1,3,1143,0,0,23,60892.15,147046,140,84,0,0
1590888,1,3,1140,0,0,23,60892.15,147046,140,84,0,0
1591013,1,3,1108,0,0,23,60892.15,147046,140,84,0,0
1591121,1,3,1087,0,0,23,60892.15,147046,140,84,0,0
1591239,1,4,1040,0,0,23,60892.15,147046,140,84,0,0
1591341,1,4,1025,0,0,23,60892.15,147046,140,84,0,0
1591471,1,4,1016,0,0,23,60892.15,147046,140,84,0,0
1591538,1,4,1012,0,0,23,60892.15,147046,140,84,0,0
1591688,1,3,969,0,0,23,60892.15,147046,140,84,0,0
1591813,1,3,1026,0,0,23,60892.15,147046,140,84,0,0
1591921,1,3,1078,0,0,23,60892.15,147046,140,84,0,0
1592038,1,3,1094,0,0,23,60892.15,147046,140,84,0,0
1592158,1,3,1106,0,0,23,60892.15,147046,140,84,0,0
1592278,1,3,1099,0,0,23,60892.15,147046,140,84,0,0
1592388,1,3,1093,0,0,23,60892.15,147046,140,84,0,0
1592513,1,3,1059,0,0,23,60892.15,147046,140,84,0,0
1592670,1,3,1030,0,0,23,60892.15,147046,140,84,0,0
1592788,1,3,1062,0,0,23,60893.18,147046,140,84,0,0
1592888,1,3,1073,0,0,23,60893.18,147046,140,84,0,0
1593020,1,3,1078,0,0,23,60893.18,147046,140,84,0,0
1593120,1,3,1078,0,0,23,60893.18,147046,140,84,0,0
1593238,1,3,1115,0,0,23,60893.18,147046,140,84,0,0
1593341,1,3,1088,0,0,23,60893.18,147046,140,84,0,0
1593471,1,4,1032,0,0,23,60893.18,147046,140,84,0,0
1593571,1,4,1055,0,0,23,60893.18,147046,140,84,0,0
1593714,1,4,1020,0,0,23,60893.18,147046,140,84,0,0
1593821,1,4,1017,0,0,23,60893.18,147046,140,84,0,0
1593938,1,4,977,0,0,23,60893.18,147046,140,84,0,0
1594038,1,4,975,0,4,23,60893.18,147046,140,84,0,0
1594170,1,5,975,0,6,23,60893.18,147046,140,84,0,0
1594287,1,5,976,0,4,23,60893.18,147046,140,84,0,0
1594388,1,5,1005,0,6,23,60893.18,147046,140,84,0,0
1594513,1,4,990,0,8,23,60893.18,147046,140,84,0,0
1594620,1,4,976,0,8,23,60894.19,147046,140,84,0,0
1594738,1,4,971,0,6,23,60894.19,147046,140,84,0,0
1594841,1,4,963,0,6,23,60894.19,147046,140,84,0,0
1594971,1,4,929,0,6,23,60894.19,147046,140,84,0,0
1595092,1,4,991,0,6,23,60894.19,147046,140,84,0,0
1595188,1,4,958,0,6,23,60894.19,147046,140,84,0,0
1595320,1,4,957,0,6,23,60894.19,147046,140,84,0,0
1595429,1,4,957,0,6,23,60894.19,147046,140,84,0,0
1595538,1,4,956,0,14,23,60894.19,147046,140,84,0,0
1595658,1,3,956,0,14,23,60894.19,147046,140,84,0,0
1595778,1,3,923,0,14,23,60894.19,147046,140,84,0,0
1595888,1,3,923,0,14,23,60894.19,147046,140,84,0,0
1596013,1,3,891,0,14,23,60894.19,147046,140,84,0,0
1596121,1,3,890,0,18,23,60894.19,147046,140,84,0,0
1596238,1,3,889,0,22,23,60894.19,147046,140,84,0,0
1596341,1,2,888,0,30,23,60894.19,147046,140,84,0,0
1596471,1,0,856,0,32,23,60894.19,147046,140,84,0,0
1596538,1,0,854,0,32,23,60894.19,147046,140,84,0,0
1596688,1,0,855,0,36,23,60894.19,147046,140,84,0,0
1596820,1,0,853,0,38,23,60894.19,147046,140,84,0,0
1596938,1,0,853,0,38,23,60894.19,147046,140,84,0,0
1597038,1,0,853,0,38,23,60894.19,147046,140,84,0,0
1597158,1,0,852,0,36,23,60894.19,147046,140,84,0,0
1597278,1,0,853,0,38,23,60894.19,147046,140,84,0,0
1597388,1,0,853,0,68,23,60894.19,147046,140,84,0,0
1597488,1,0,853,0,92,23,60894.19,147046,140,84,0,0
1597538,1,0,852,0,110,23,60894.19,147046,140,84,0,0
1597738,1,0,852,0,136,23,60894.19,147046,140,84,0,0
1597841,1,0,851,0,132,23,60894.19,147046,140,84,0,0
1597970,1,0,851,0,132,23,60894.19,147046,140,84,0,0
1598070,1,0,851,0,132,23,60894.19,147046,140,84,0,0
1598188,1,0,851,0,132,23,60894.19,147046,140,84,0,0
1598313,1,0,850,0,132,23,60894.19,147046,140,84,0,0
1598429,1,0,850,0,132,23,60895.20,147046,140,84,0,0
1598538,1,0,850,0,128,23,60895.20,147046,140,84,0,0
1598659,1,0,849,0,126,23,60895.20,147046,140,84,0,0
1598778,1,0,849,0,124,23,60895.20,147046,140,84,0,0
1598889,1,0,849,0,120,23,60895.20,147046,140,84,0,0
1598988,1,0,849,0,116,23,60895.20,147046,140,84,0,0
1599121,1,0,848,0,114,23,60895.20,147046,140,84,0,0
1599241,1,0,847,0,106,23,60895.20,147046,140,84,0,0
